year,"last_name, first_name",pitcher_id,team_name,team_name_abbrev,pitch_hand,avg_speed,pitches_thrown,total_pitches,pitches_per_game,pitch_per,pitch_type,pitch_type_name,pitcher_break_z,league_break_z,diff_z,rise,pitcher_break_z_induced,pitcher_break_x,league_break_x,diff_x,tail,percent_rank_diff_z,percent_rank_diff_x,pt
2026,"Misiorowski, Jacob",694819,Brewers,MIL,R,100.6,1549,2453,16.574324324324323,0.6314716673461068,FF,4-Seam Fastball,11.7,-11.9,0.2,1,15.4,11.1,-10.4,0.7,6,0.5704225352112676,0.5774647887323944,FF
2026,"Gausman, Kevin",592332,Cubs,CHC,R,93.9,1442,2808,18.97297297297297,0.5135327635327636,FF,4-Seam Fastball,14.2,-14.9,0.7,4,16.9,10.6,-7.3,3.3,46,0.687793427230047,0.8849765258215962,FF
2026,"Peralta, Freddy",642547,Rays,TB,R,94.2,1417,2683,18.25170068027211,0.5281401416325009,FF,4-Seam Fastball,14.4,-15.9,1.5,10,16.6,7.0,-8.7,-1.7,-20,0.8427230046948356,0.2605633802816901,FF
2026,"Burns, Chase",695505,Reds,CIN,R,97.6,1361,2446,16.639455782312925,0.5564186426819296,FF,4-Seam Fastball,10.2,-11.9,1.7,14,18.6,3.3,-6.0,-2.7,-45,0.8732394366197183,0.1737089201877934,FF
2026,"Gore, MacKenzie",669022,Rangers,TEX,L,95.2,1312,2791,18.85810810810811,0.4700824077391616,FF,4-Seam Fastball,14.0,-14.4,0.4,3,16.2,6.8,-7.8,-0.9,-12,0.6291079812206573,0.3591549295774648,FF
2026,"Bradley, Taj",671737,Twins,MIN,R,97.2,1306,2795,19.01360544217687,0.4672629695885509,FF,4-Seam Fastball,10.8,-12.9,2.1,16,18.2,5.8,-7.0,-1.2,-17,0.9248826291079812,0.3262910798122065,FF
2026,"Schlittler, Cam",693645,Yankees,NYY,R,98.0,1227,2778,18.897959183673468,0.4416846652267818,FF,4-Seam Fastball,11.7,-12.4,0.7,6,16.8,5.2,-7.0,-1.8,-26,0.687793427230047,0.2558685446009389,FF
2026,"Detmers, Reid",672282,Angels,LAA,L,94.1,1225,2695,18.33333333333333,0.4545454545454545,FF,4-Seam Fastball,14.2,-14.7,0.5,4,17.0,9.3,-7.1,2.1,29,0.647887323943662,0.7652582159624414,FF
2026,"Abbott, Andrew",671096,Reds,CIN,L,92.4,1194,2660,18.09523809523809,0.4488721804511278,FF,4-Seam Fastball,15.5,-15.4,-0.1,-1,16.6,6.7,-6.9,-0.2,-3,0.5070422535211268,0.4530516431924882,FF
2026,"Chandler, Bubba",696149,Pirates,PIT,R,98.4,1173,2428,16.405405405405407,0.4831136738056013,FF,4-Seam Fastball,10.9,-12.9,1.9,15,17.3,8.4,-7.8,0.7,8,0.8943661971830986,0.5774647887323944,FF
2026,"Rogers, Trevor",669432,Orioles,BAL,L,93.8,1130,2440,16.486486486486488,0.4631147540983606,FF,4-Seam Fastball,15.9,-15.0,-0.9,-6,15.3,10.7,-7.3,3.3,46,0.3333333333333333,0.8849765258215962,FF
2026,"Harrison, Kyle",690986,Brewers,MIL,L,94.7,1125,1976,13.35135135135135,0.569331983805668,FF,4-Seam Fastball,15.9,-16.3,0.4,2,14.7,12.9,-9.6,3.3,34,0.6291079812206573,0.8849765258215962,FF
2026,"Woo, Bryan",693433,Mariners,SEA,R,96.1,1118,2395,16.18243243243243,0.4668058455114822,FF,4-Seam Fastball,15.2,-15.6,0.4,3,14.5,10.8,-9.6,1.2,13,0.6291079812206573,0.6338028169014085,FF
2026,"Messick, Parker",800048,Guardians,CLE,L,94.3,1115,2702,18.25675675675676,0.4126572908956328,FF,4-Seam Fastball,14.3,-15.4,1.2,8,16.5,5.3,-8.3,-3.0,-36,0.7746478873239436,0.1408450704225352,FF
2026,"Gilbert, Logan",669302,Mariners,SEA,R,96.3,1100,2745,18.5472972972973,0.4007285974499089,FF,4-Seam Fastball,12.4,-13.3,0.9,7,17.2,6.9,-6.9,0.0,0,0.7206572769953051,0.4812206572769953,FF
2026,"Rodriguez, Eduardo",593958,D-backs,AZ,L,92.0,1097,2772,18.72972972972973,0.3957431457431457,FF,4-Seam Fastball,16.4,-15.7,-0.6,-4,15.9,6.4,-6.9,-0.6,-9,0.3873239436619718,0.4014084507042254,FF
2026,"Skenes, Paul",694973,Pirates,PIT,R,96.9,1071,2623,17.722972972972972,0.4083110941669843,FF,4-Seam Fastball,16.2,-13.7,-2.5,-18,13.0,12.6,-8.0,4.6,58,0.1338028169014084,0.9624413145539906,FF
2026,"Imanaga, Shota",684007,Cubs,CHC,L,91.6,1060,2607,17.614864864864863,0.4065976217874952,FF,4-Seam Fastball,15.0,-17.0,2.0,12,17.7,11.2,-7.9,3.3,42,0.9107981220657276,0.8849765258215962,FF
2026,"deGrom, Jacob",594798,Rangers,TEX,R,97.4,1036,2472,16.7027027027027,0.4190938511326861,FF,4-Seam Fastball,12.2,-13.5,1.3,10,16.8,8.4,-8.0,0.4,5,0.7981220657276995,0.5352112676056338,FF
2026,"Mahle, Tyler",641816,Braves,ATL,R,92.8,1026,2116,14.297297297297296,0.4848771266540643,FF,4-Seam Fastball,14.4,-16.1,1.7,10,17.4,11.2,-7.9,3.4,43,0.8732394366197183,0.903755868544601,FF
2026,"Sale, Chris",519242,Braves,ATL,L,96.1,1013,2477,16.736486486486488,0.4089624545821558,FF,4-Seam Fastball,19.8,-16.0,-3.8,-24,9.9,14.6,-10.1,4.5,44,0.0516431924882629,0.9577464788732394,FF
2026,"Springs, Jeffrey",605488,Athletics,ATH,L,91.3,1007,2314,15.635135135135137,0.4351771823681936,FF,4-Seam Fastball,16.2,-15.9,-0.3,-2,16.7,9.8,-6.7,3.1,46,0.4530516431924882,0.8685446009389671,FF
2026,"Cease, Dylan",656302,Blue Jays,TOR,R,97.0,1004,2727,18.42567567567568,0.3681701503483682,FF,4-Seam Fastball,10.7,-12.9,2.2,17,18.5,3.1,-6.8,-3.7,-54,0.9366197183098592,0.0892018779342723,FF
2026,"Wrobleski, Justin",680736,Dodgers,LAD,L,94.6,991,2009,13.666666666666666,0.4932802389248382,FF,4-Seam Fastball,14.4,-15.9,1.5,9,16.1,6.3,-9.3,-3.0,-33,0.8427230046948356,0.1408450704225352,FF
2026,"Ryan, Joe",657746,Twins,MIN,R,93.5,977,2155,14.65986394557823,0.4533642691415313,FF,4-Seam Fastball,18.0,-18.1,0.1,0,13.4,13.3,-11.5,1.8,16,0.5516431924882629,0.7136150234741784,FF
2026,"Burke, Sean",680732,White Sox,CWS,R,94.8,959,2598,17.6734693877551,0.3691301000769822,FF,4-Seam Fastball,11.9,-13.8,1.8,13,18.6,4.3,-6.6,-2.3,-35,0.8849765258215962,0.2136150234741784,FF
2026,"Castillo, Luis",622491,White Sox,CWS,R,95.3,948,2273,15.462585034013603,0.4170699516058073,FF,4-Seam Fastball,17.7,-16.7,-1.0,-6,12.4,12.1,-10.4,1.7,17,0.3192488262910798,0.6948356807511737,FF
2026,"Baz, Shane",669358,Orioles,BAL,R,95.9,946,2751,18.58783783783784,0.3438749545619775,FF,4-Seam Fastball,13.4,-14.0,0.7,5,16.5,9.4,-7.6,1.8,23,0.687793427230047,0.7136150234741784,FF
2026,"Tolle, Payton",801139,Red Sox,BOS,L,96.1,940,2095,14.155405405405403,0.4486873508353222,FF,4-Seam Fastball,14.2,-14.2,0.0,0,15.5,9.7,-8.5,1.2,14,0.5234741784037559,0.6338028169014085,FF
2026,"Rea, Colin",607067,Cubs,CHC,R,93.8,925,2185,14.763513513513514,0.4233409610983982,FF,4-Seam Fastball,17.5,-15.6,-1.9,-12,13.4,8.6,-8.2,0.4,5,0.1995305164319248,0.5352112676056338,FF
2026,"Young, Brandon",687064,Orioles,BAL,R,94.4,917,2258,15.256756756756756,0.4061116031886625,FF,4-Seam Fastball,13.1,-14.5,1.4,9,17.7,5.8,-7.2,-1.4,-19,0.8169014084507042,0.3004694835680751,FF
2026,"Pérez, Eury",691587,Marlins,MIA,R,98.2,894,2361,15.952702702702704,0.3786531130876747,FF,4-Seam Fastball,10.6,-12.5,1.9,15,18.1,11.3,-7.2,4.1,58,0.8943661971830986,0.9507042253521126,FF
2026,"Cavalli, Cade",676917,Nationals,WSH,R,96.8,879,2703,18.14093959731544,0.3251942286348501,FF,4-Seam Fastball,14.5,-13.3,-1.3,-9,14.6,6.2,-7.2,-1.0,-14,0.2746478873239437,0.352112676056338,FF
2026,"Warren, Will",701542,Yankees,NYY,R,93.7,874,2413,16.41496598639456,0.3622047244094488,FF,4-Seam Fastball,16.1,-15.7,-0.4,-3,15.1,7.3,-8.1,-0.8,-10,0.431924882629108,0.3732394366197183,FF
2026,"Ray, Robbie",592662,Padres,SD,L,93.1,866,2682,18.244897959183675,0.3228933631618195,FF,4-Seam Fastball,14.2,-15.0,0.8,5,17.5,9.3,-6.8,2.4,36,0.7065727699530516,0.7934272300469484,FF
2026,"Scott, Christian",681035,Mets,NYM,R,95.5,862,1803,12.26530612244898,0.4780920687742651,FF,4-Seam Fastball,15.0,-15.1,0.1,1,15.2,9.5,-8.9,0.6,7,0.5516431924882629,0.5586854460093896,FF
2026,"Sasaki, Roki",808963,Dodgers,LAD,R,97.8,860,2052,13.959183673469388,0.4191033138401559,FF,4-Seam Fastball,12.5,-12.2,-0.3,-2,16.1,9.7,-6.8,2.9,43,0.4530516431924882,0.852112676056338,FF
2026,"Hancock, Emerson",676106,Mariners,SEA,R,95.4,857,2171,14.66891891891892,0.394748963611239,FF,4-Seam Fastball,21.1,-16.3,-4.8,-30,9.0,12.1,-9.9,2.2,22,0.0093896713615023,0.7793427230046949,FF
2026,"Manaea, Sean",640455,Mets,NYM,L,91.3,845,2227,15.149659863945578,0.3794342164346654,FF,4-Seam Fastball,22.2,-18.5,-3.7,-20,10.7,13.2,-9.1,4.0,44,0.0633802816901408,0.9413145539906104,FF
2026,"Cantillo, Joey",676282,Guardians,CLE,L,92.2,843,2531,17.10135135135135,0.3330699328328724,FF,4-Seam Fastball,15.8,-16.0,0.3,2,16.4,6.6,-6.8,-0.2,-3,0.596244131455399,0.4530516431924882,FF
2026,"Wheeler, Zack",554430,Phillies,PHI,R,95.2,840,2360,15.945945945945946,0.3559322033898305,FF,4-Seam Fastball,16.1,-16.1,0.0,0,14.1,11.5,-10.2,1.3,12,0.5234741784037559,0.6455399061032864,FF
2026,"Cole, Gerrit",543037,Yankees,NYY,R,96.9,814,1651,11.231292517006803,0.4930345245305875,FF,4-Seam Fastball,12.6,-13.6,1.0,8,16.8,9.8,-7.6,2.2,29,0.744131455399061,0.7793427230046949,FF
2026,"Flaherty, Jack",656427,Tigers,DET,R,92.7,806,1639,11.149659863945578,0.4917632702867602,FF,4-Seam Fastball,15.7,-16.6,0.9,5,16.1,5.8,-8.3,-2.5,-30,0.7206572769953051,0.1971830985915492,FF
2026,"Jump, Gage",695611,Athletics,ATH,L,96.3,797,1712,11.567567567567568,0.4655373831775701,FF,4-Seam Fastball,13.0,-14.2,1.2,9,16.5,8.2,-8.1,0.1,1,0.7746478873239436,0.4953051643192488,FF
2026,"Rodriguez, Grayson",680570,Angels,LAA,R,96.2,788,1483,10.08843537414966,0.5313553607552259,FF,4-Seam Fastball,14.4,-13.9,-0.5,-3,15.5,11.7,-7.8,3.8,49,0.4061032863849765,0.9272300469483568,FF
2026,"Pallante, Andre",669467,Cardinals,STL,R,95.2,779,2363,15.966216216216216,0.3296656792213288,FF,4-Seam Fastball,18.2,-14.0,-4.2,-30,11.8,0.8,-7.2,-6.4,-89,0.0352112676056338,0.0164319248826291,FF
2026,"Skubal, Tarik",669373,Dodgers,LAD,L,96.8,775,2105,14.319727891156464,0.3681710213776722,FF,4-Seam Fastball,12.2,-12.9,0.7,5,17.0,3.3,-6.7,-3.4,-51,0.687793427230047,0.1197183098591549,FF
2026,"Blubaugh, AJ",805123,Astros,HOU,R,95.8,772,1518,10.256756756756756,0.5085638998682477,FF,4-Seam Fastball,13.0,-13.6,0.6,4,17.0,10.7,-7.0,3.7,54,0.6643192488262911,0.9248826291079812,FF
2026,"Fuentes, Didier",800311,Braves,ATL,R,97.2,764,1110,7.5,0.6882882882882883,FF,4-Seam Fastball,14.3,-15.1,0.7,5,14.7,10.2,-9.9,0.3,3,0.687793427230047,0.5187793427230047,FF
2026,"Sheehan, Emmet",686218,Dodgers,LAD,R,94.4,760,1780,12.108843537414966,0.4269662921348314,FF,4-Seam Fastball,12.4,-15.3,2.9,19,18.3,9.0,-8.2,0.8,10,0.976525821596244,0.5915492957746479,FF
2026,"Lauer, Eric",641778,Dodgers,LAD,L,91.1,759,1814,12.34013605442177,0.418412348401323,FF,4-Seam Fastball,17.6,-16.3,-1.4,-9,15.3,8.8,-6.7,2.1,31,0.2605633802816901,0.7652582159624414,FF
2026,"Luzardo, Jesús",666200,Phillies,PHI,L,96.8,749,2860,19.324324324324323,0.2618881118881119,FF,4-Seam Fastball,15.8,-14.4,-1.3,-9,13.6,12.0,-8.7,3.3,38,0.2746478873239437,0.8849765258215962,FF
2026,"Boyd, Matthew",571510,Cubs,CHC,L,92.7,746,1708,11.54054054054054,0.4367681498829039,FF,4-Seam Fastball,20.3,-16.4,-3.8,-23,11.6,13.9,-8.2,5.7,69,0.0516431924882629,0.9812206572769951,FF
2026,"Wacha, Michael",608379,Royals,KC,R,93.1,746,2726,18.41891891891892,0.2736610418195158,FF,4-Seam Fastball,13.5,-14.2,0.6,4,18.0,5.5,-5.8,-0.3,-5,0.6643192488262911,0.4342723004694835,FF
2026,"Harris, Hogan",663687,Athletics,ATH,L,95.2,745,1229,8.304054054054054,0.6061838893409276,FF,4-Seam Fastball,12.6,-14.0,1.3,10,17.7,8.6,-7.1,1.6,22,0.7981220657276995,0.687793427230047,FF
2026,"Ashcraft, Braxton",677952,Pirates,PIT,R,97.3,739,2413,16.304054054054053,0.3062577704102777,FF,4-Seam Fastball,13.6,-13.0,-0.6,-4,15.3,9.4,-7.1,2.3,32,0.3873239436619718,0.784037558685446,FF
2026,"Liberatore, Matthew",669461,Cardinals,STL,L,94.3,736,2448,16.54054054054054,0.3006535947712418,FF,4-Seam Fastball,14.2,-13.7,-0.5,-4,16.5,6.3,-6.0,0.3,5,0.4061032863849765,0.5187793427230047,FF
2026,"Lambert, Peter",663567,Astros,HOU,R,93.9,735,2367,15.993243243243244,0.3105196451204056,FF,4-Seam Fastball,13.6,-14.7,1.1,7,17.6,8.0,-7.0,1.0,14,0.7605633802816901,0.6126760563380281,FF
2026,"Nelson, Ryne",669194,D-backs,AZ,R,96.3,734,1292,8.72972972972973,0.5681114551083591,FF,4-Seam Fastball,10.5,-12.9,2.5,19,19.1,2.8,-6.5,-3.7,-57,0.955399061032864,0.0892018779342723,FF
2026,"Kirby, George",669923,Mariners,SEA,R,96.7,733,2569,17.35810810810811,0.285325029194239,FF,4-Seam Fastball,15.7,-13.6,-2.1,-15,13.6,9.2,-7.6,1.6,20,0.1713615023474178,0.687793427230047,FF
2026,"Smith, Cade",671922,Guardians,CLE,R,97.5,725,1125,7.601351351351352,0.6444444444444445,FF,4-Seam Fastball,12.2,-13.1,0.9,7,16.7,7.7,-7.9,-0.2,-2,0.7206572769953051,0.4530516431924882,FF
2026,"Yesavage, Trey",702056,Blue Jays,TOR,R,94.3,722,1549,10.466216216216216,0.4661071659134925,FF,4-Seam Fastball,11.3,-12.7,1.4,11,19.5,4.2,-4.9,-0.7,-14,0.8169014084507042,0.3873239436619718,FF
2026,"Williams, Gavin",668909,Guardians,CLE,R,97.6,722,2684,18.135135135135137,0.2690014903129657,FF,4-Seam Fastball,14.4,-12.8,-1.6,-13,14.4,10.7,-7.4,3.3,45,0.2230046948356807,0.8849765258215962,FF
2026,"Richards, Trevor",670950,White Sox,CWS,R,91.9,717,1141,7.761904761904762,0.628396143733567,FF,4-Seam Fastball,12.9,-15.2,2.2,15,19.5,7.3,-6.4,0.9,14,0.9366197183098592,0.6032863849765259,FF
2026,"López, Reynaldo",625643,Braves,ATL,R,94.2,708,1306,8.824324324324325,0.5421133231240429,FF,4-Seam Fastball,14.2,-15.0,0.8,6,16.6,7.0,-7.7,-0.7,-9,0.7065727699530516,0.3873239436619718,FF
2026,"McClanahan, Shane",663556,Rays,TB,L,95.6,704,1830,12.448979591836734,0.3846994535519126,FF,4-Seam Fastball,14.1,-13.4,-0.7,-5,16.0,9.7,-6.5,3.1,48,0.380281690140845,0.8685446009389671,FF
2026,"Rasmussen, Drew",656876,Rays,TB,R,95.9,699,2470,16.802721088435373,0.282995951417004,FF,4-Seam Fastball,12.0,-13.7,1.7,12,17.8,4.5,-7.2,-2.7,-37,0.8732394366197183,0.1737089201877934,FF
2026,"Matthews, Zebby",805673,Twins,MIN,R,95.2,692,1920,13.06122448979592,0.3604166666666666,FF,4-Seam Fastball,14.2,-14.2,0.0,0,16.0,8.9,-7.3,1.5,21,0.5234741784037559,0.676056338028169,FF
2026,"Yamamoto, Yoshinobu",808967,Dodgers,LAD,R,96.1,690,2555,17.38095238095238,0.2700587084148728,FF,4-Seam Fastball,13.5,-14.6,1.1,8,16.1,8.3,-8.5,-0.2,-2,0.7605633802816901,0.4530516431924882,FF
2026,"Kelly, Merrill",518876,D-backs,AZ,R,92.1,679,2448,16.54054054054054,0.2773692810457516,FF,4-Seam Fastball,17.8,-17.1,-0.8,-5,14.5,9.5,-8.4,1.1,13,0.3544600938967136,0.6220657276995305,FF
2026,"Lopez, Jacob",682052,Athletics,ATH,L,90.4,677,1984,13.405405405405403,0.3412298387096774,FF,4-Seam Fastball,21.1,-19.0,-2.1,-11,12.6,13.7,-8.8,4.8,55,0.1713615023474178,0.9694835680751174,FF
2026,"Montero, Keider",672456,Tigers,DET,R,94.3,663,2157,14.673469387755102,0.3073713490959666,FF,4-Seam Fastball,14.5,-14.7,0.3,2,16.3,6.0,-7.4,-1.4,-19,0.596244131455399,0.3004694835680751,FF
2026,"Nola, Aaron",605400,Phillies,PHI,R,92.3,661,2756,18.62162162162162,0.2398403483309143,FF,4-Seam Fastball,17.6,-18.2,0.6,3,14.5,12.9,-10.0,2.9,30,0.6643192488262911,0.852112676056338,FF
2026,"Anderson, Drew",623454,Tigers,DET,R,95.4,650,1611,10.959183673469388,0.4034761018001241,FF,4-Seam Fastball,14.7,-14.5,-0.2,-2,15.3,6.5,-7.9,-1.4,-18,0.4859154929577465,0.3004694835680751,FF
2026,"Jones, Jared",683003,Pirates,PIT,R,98.3,648,1402,9.472972972972974,0.4621968616262482,FF,4-Seam Fastball,12.7,-13.5,0.8,6,15.6,9.1,-8.4,0.7,9,0.7065727699530516,0.5774647887323944,FF
2026,"Hudson, Bryan",663542,White Sox,CWS,L,92.0,648,964,6.557823129251701,0.6721991701244814,FF,4-Seam Fastball,20.2,-18.3,-1.9,-10,12.2,10.2,-9.7,0.5,5,0.1995305164319248,0.5492957746478874,FF
2026,"Miller, Bryce",682243,Mariners,SEA,R,96.0,645,1612,10.891891891891891,0.4001240694789081,FF,4-Seam Fastball,10.8,-14.1,3.3,24,18.8,4.8,-7.8,-3.0,-38,0.988262910798122,0.1408450704225352,FF
2026,"Mize, Casey",663554,Padres,SD,R,93.4,644,1863,12.673469387755102,0.345679012345679,FF,4-Seam Fastball,13.6,-15.0,1.4,9,17.9,9.5,-7.1,2.3,33,0.8169014084507042,0.784037558685446,FF
2026,"Vásquez, Randy",681190,Padres,SD,R,95.1,641,2055,13.979591836734691,0.3119221411192214,FF,4-Seam Fastball,14.3,-14.4,0.1,0,16.0,9.4,-7.4,2.0,27,0.5516431924882629,0.7511737089201878,FF
2026,"Cameron, Noah",702070,Royals,KC,L,92.5,635,2613,17.655405405405407,0.2430156907768848,FF,4-Seam Fastball,15.0,-15.1,0.1,1,17.0,6.0,-6.6,-0.6,-9,0.5516431924882629,0.4014084507042254,FF
2026,"Holmes, Grant",656550,Braves,ATL,R,94.2,629,2170,14.66216216216216,0.2898617511520737,FF,4-Seam Fastball,15.4,-15.1,-0.3,-2,15.4,7.2,-7.6,-0.5,-6,0.4530516431924882,0.4131455399061033,FF
2026,"Bibee, Tanner",676440,Guardians,CLE,R,94.0,628,2683,18.12837837837838,0.2340663436451733,FF,4-Seam Fastball,15.4,-14.1,-1.3,-9,15.6,4.8,-6.4,-1.6,-25,0.2746478873239437,0.2793427230046948,FF
2026,"Mejia, Juan",675848,Rockies,COL,R,97.0,624,1165,7.925170068027211,0.5356223175965665,FF,4-Seam Fastball,18.1,-13.7,-4.4,-32,10.7,4.8,-7.7,-2.9,-37,0.0211267605633802,0.1619718309859155,FF
2026,"Imai, Tatsuya",837227,Astros,HOU,R,94.8,615,1399,9.452702702702704,0.4395997140814868,FF,4-Seam Fastball,19.7,-16.3,-3.4,-21,10.8,12.7,-9.5,3.1,33,0.0774647887323943,0.8685446009389671,FF
2026,"Gallen, Zac",668678,D-backs,AZ,R,93.4,614,1704,11.513513513513514,0.3603286384976525,FF,4-Seam Fastball,15.0,-14.9,-0.1,-1,16.5,3.3,-6.9,-3.7,-53,0.5070422535211268,0.0892018779342723,FF
2026,"McGreevy, Michael",700241,Cardinals,STL,R,91.8,612,2504,16.91891891891892,0.2444089456869009,FF,4-Seam Fastball,19.9,-16.1,-3.9,-24,12.4,8.4,-7.1,1.3,18,0.0446009389671361,0.6455399061032864,FF
2026,"Henderson, Logan",701656,Brewers,MIL,R,93.1,611,1331,8.993243243243244,0.459053343350864,FF,4-Seam Fastball,14.7,-16.8,2.1,12,16.9,11.4,-8.8,2.5,29,0.9248826291079812,0.8145539906103286,FF
2026,"Gordon, Tanner",685299,Rockies,COL,R,92.8,610,1423,9.680272108843536,0.4286718200983836,FF,4-Seam Fastball,16.4,-14.9,-1.5,-10,15.1,9.5,-6.5,3.0,46,0.2417840375586854,0.8591549295774648,FF
2026,"Ober, Bailey",641927,Twins,MIN,R,88.0,604,1881,12.79591836734694,0.3211057947900053,FF,4-Seam Fastball,19.1,-19.0,0.0,0,16.2,6.9,-5.5,1.3,24,0.5234741784037559,0.6455399061032864,FF
2026,"Keller, Mitch",656605,Pirates,PIT,R,93.3,603,1887,12.75,0.3195548489666137,FF,4-Seam Fastball,16.2,-15.4,-0.8,-5,15.1,8.6,-7.5,1.1,15,0.3544600938967136,0.6220657276995305,FF
2026,"Ohtani, Shohei",660271,Dodgers,LAD,R,98.1,602,1335,9.081632653061224,0.450936329588015,FF,4-Seam Fastball,14.3,-13.3,-1.1,-8,14.0,5.0,-8.1,-3.0,-38,0.3028169014084507,0.1408450704225352,FF
2026,"Petersen, Michael",656848,Marlins,MIA,R,97.9,600,987,6.668918918918919,0.60790273556231,FF,4-Seam Fastball,9.3,-11.5,2.2,19,19.4,7.7,-5.7,2.0,35,0.9366197183098592,0.7511737089201878,FF
2026,"Painter, Andrew",691725,Phillies,PHI,R,96.5,596,1861,12.574324324324325,0.3202579258463192,FF,4-Seam Fastball,12.9,-12.5,-0.3,-3,16.5,2.3,-6.0,-3.7,-61,0.4530516431924882,0.0892018779342723,FF
2026,"Junk, Janson",676083,Marlins,MIA,R,94.0,595,1761,11.89864864864865,0.3378762067007382,FF,4-Seam Fastball,12.6,-15.1,2.5,17,18.6,6.0,-7.7,-1.7,-22,0.955399061032864,0.2605633802816901,FF
2026,"Soriano, José",667755,Blue Jays,TOR,R,97.1,585,2698,18.22972972972973,0.2168272794662713,FF,4-Seam Fastball,15.7,-13.4,-2.2,-17,13.5,9.6,-7.8,1.9,24,0.1596244131455399,0.7300469483568075,FF
2026,"Headrick, Brent",687396,Yankees,NYY,L,94.2,582,1194,8.122448979591837,0.4874371859296482,FF,4-Seam Fastball,13.6,-13.9,0.3,2,17.4,8.2,-6.3,1.9,30,0.596244131455399,0.7300469483568075,FF
2026,"Kay, Anthony",641743,White Sox,CWS,L,95.8,578,2583,17.571428571428573,0.2237708091366628,FF,4-Seam Fastball,14.9,-14.4,-0.6,-4,14.9,7.2,-7.9,-0.7,-9,0.3873239436619718,0.3873239436619718,FF
2026,"Martin, Davis",663436,White Sox,CWS,R,93.9,576,2151,14.63265306122449,0.2677824267782426,FF,4-Seam Fastball,17.1,-15.0,-2.1,-14,14.0,5.3,-7.4,-2.0,-27,0.1713615023474178,0.2276995305164319,FF
2026,"Leahy, Kyle",681517,Cardinals,STL,R,94.2,572,2191,14.804054054054054,0.2610680054769511,FF,4-Seam Fastball,16.2,-15.1,-1.1,-7,14.5,4.4,-7.8,-3.4,-44,0.3028169014084507,0.1197183098591549,FF
2026,"Rodón, Carlos",607074,Yankees,NYY,L,94.4,569,1240,8.435374149659864,0.4588709677419355,FF,4-Seam Fastball,12.6,-14.0,1.4,10,18.3,8.5,-6.5,2.0,31,0.8169014084507042,0.7511737089201878,FF
2026,"Perkins, Jack",678022,Athletics,ATH,R,95.7,561,1809,12.222972972972974,0.3101160862354892,FF,4-Seam Fastball,15.4,-14.9,-0.5,-3,14.5,10.0,-8.6,1.4,16,0.4061032863849765,0.6572769953051644,FF
2026,"May, Dustin",669160,Brewers,MIL,R,96.9,559,2234,15.094594594594597,0.2502238137869292,FF,4-Seam Fastball,14.2,-13.8,-0.4,-3,15.1,9.7,-8.1,1.7,20,0.431924882629108,0.6948356807511737,FF
2026,"Latz, Jacob",656641,Rangers,TEX,L,94.7,558,1001,6.763513513513513,0.5574425574425574,FF,4-Seam Fastball,11.6,-14.2,2.6,19,19.1,8.8,-7.1,1.7,24,0.9671361502347418,0.6948356807511737,FF
2026,"Scherzer, Max",453286,Blue Jays,TOR,R,93.1,555,1181,7.97972972972973,0.4699407281964436,FF,4-Seam Fastball,15.4,-15.8,0.3,2,16.4,9.0,-7.7,1.3,17,0.596244131455399,0.6455399061032864,FF
2026,"Alcantara, Sandy",645261,Marlins,MIA,R,97.4,552,3060,20.67567567567568,0.1803921568627451,FF,4-Seam Fastball,15.6,-13.5,-2.1,-15,13.4,12.6,-7.8,4.8,62,0.1713615023474178,0.9694835680751174,FF
2026,"McLean, Nolan",690997,Mets,NYM,R,96.0,550,2750,18.70748299319728,0.2,FF,4-Seam Fastball,15.8,-14.8,-1.0,-7,14.0,11.5,-8.7,2.8,33,0.3192488262910798,0.8450704225352113,FF
2026,"Taylor, Grant",691799,White Sox,CWS,R,98.1,543,1193,8.115646258503402,0.4551550712489522,FF,4-Seam Fastball,11.7,-12.6,0.9,7,16.7,1.8,-7.5,-5.7,-76,0.7206572769953051,0.0305164319248826,FF
2026,"Feltner, Ryan",663372,Rockies,COL,R,94.7,540,1863,12.673469387755102,0.2898550724637681,FF,4-Seam Fastball,17.3,-15.0,-2.2,-15,12.9,3.9,-8.1,-4.1,-51,0.1596244131455399,0.0727699530516431,FF
2026,"King, Bryan",687911,Astros,HOU,L,92.0,539,960,6.486486486486487,0.5614583333333333,FF,4-Seam Fastball,19.0,-16.4,-2.7,-16,13.3,3.1,-7.6,-4.5,-59,0.1173708920187793,0.0610328638497652,FF
2026,"Leiter, Jack",683004,Rangers,TEX,R,96.7,538,1397,9.43918918918919,0.3851109520400859,FF,4-Seam Fastball,12.0,-13.8,1.8,13,17.4,8.1,-7.9,0.2,3,0.8849765258215962,0.5070422535211268,FF
2026,"King, Michael",650633,Padres,SD,R,94.2,536,2700,18.367346938775512,0.1985185185185185,FF,4-Seam Fastball,15.9,-15.4,-0.4,-3,15.0,7.7,-8.2,-0.5,-6,0.431924882629108,0.4131455399061033,FF
2026,"Early, Connelly",813349,Red Sox,BOS,L,94.0,536,1528,10.324324324324325,0.3507853403141361,FF,4-Seam Fastball,15.2,-15.4,0.2,1,16.0,10.5,-8.0,2.5,31,0.5704225352112676,0.8145539906103286,FF
2026,"Morris, Andrew",702193,Twins,MIN,R,97.3,527,1151,7.829931972789115,0.4578627280625543,FF,4-Seam Fastball,12.1,-12.4,0.3,2,16.8,4.4,-6.4,-2.0,-31,0.596244131455399,0.2276995305164319,FF
2026,"Mlodzinski, Carmen",669387,Pirates,PIT,R,95.1,526,1920,12.972972972972974,0.2739583333333333,FF,4-Seam Fastball,18.2,-15.2,-3.1,-20,12.0,10.0,-8.5,1.6,18,0.0915492957746478,0.687793427230047,FF
2026,"Peterson, David",656849,Cubs,CHC,L,92.5,524,2217,14.97972972972973,0.2363554352728913,FF,4-Seam Fastball,19.9,-15.3,-4.6,-30,11.9,2.4,-6.8,-4.4,-65,0.0164319248826291,0.0657276995305164,FF
2026,"Melton, Troy",675512,Tigers,DET,R,96.4,524,1614,10.979591836734691,0.3246592317224288,FF,4-Seam Fastball,14.2,-14.0,-0.3,-2,15.2,6.5,-7.9,-1.5,-18,0.4530516431924882,0.284037558685446,FF
2026,"Stanek, Ryne",592773,Cardinals,STL,R,98.1,521,1008,6.8108108108108105,0.5168650793650794,FF,4-Seam Fastball,10.9,-12.3,1.3,11,17.6,8.6,-6.8,1.8,27,0.7981220657276995,0.7136150234741784,FF
2026,"Finnegan, Kyle",640448,Tigers,DET,R,96.3,520,1016,6.91156462585034,0.5118110236220472,FF,4-Seam Fastball,11.9,-13.9,2.0,15,17.7,8.5,-7.8,0.7,9,0.9107981220657276,0.5774647887323944,FF
2026,"Lord, Brad",695418,Nationals,WSH,R,94.6,519,1363,9.14765100671141,0.3807776962582538,FF,4-Seam Fastball,20.3,-16.6,-3.8,-23,10.4,15.8,-10.0,5.8,58,0.0516431924882629,0.9859154929577464,FF
2026,"Seymour, Ian",693855,Rays,TB,L,91.4,517,1897,12.904761904761903,0.2725355824986821,FF,4-Seam Fastball,16.1,-16.8,0.7,4,16.8,6.9,-7.6,-0.7,-9,0.687793427230047,0.3873239436619718,FF
2026,"Cecconi, Slade",677944,Guardians,CLE,R,93.5,516,1939,13.10135135135135,0.2661165549252192,FF,4-Seam Fastball,15.3,-15.0,-0.3,-2,16.2,11.1,-7.2,3.9,54,0.4530516431924882,0.9366197183098592,FF
2026,"Bennett, Jake",687562,Red Sox,BOS,L,92.9,516,1462,9.87837837837838,0.3529411764705882,FF,4-Seam Fastball,19.9,-16.1,-3.9,-24,11.8,11.9,-7.9,4.0,51,0.0446009389671361,0.9413145539906104,FF
2026,"Arrighetti, Spencer",681293,Blue Jays,TOR,R,92.4,515,1797,12.141891891891891,0.2865887590428492,FF,4-Seam Fastball,18.3,-18.6,0.2,1,13.8,11.4,-10.8,0.6,6,0.5704225352112676,0.5586854460093896,FF
2026,"Mattson, Isaac",676755,Pirates,PIT,R,94.2,513,728,4.918918918918919,0.7046703296703297,FF,4-Seam Fastball,12.8,-14.7,1.9,13,18.1,9.3,-7.3,2.1,28,0.8943661971830986,0.7652582159624414,FF
2026,"Soroka, Michael",647336,D-backs,AZ,R,93.6,513,1588,10.72972972972973,0.3230478589420655,FF,4-Seam Fastball,17.3,-16.0,-1.3,-8,14.0,8.1,-8.3,-0.2,-3,0.2746478873239437,0.4530516431924882,FF
2026,"Montgomery, Mason",682254,Pirates,PIT,L,98.5,511,1050,7.094594594594595,0.4866666666666667,FF,4-Seam Fastball,10.3,-12.8,2.5,19,17.9,4.3,-7.8,-3.5,-45,0.955399061032864,0.107981220657277,FF
2026,"Megill, Trevor",656730,Brewers,MIL,R,98.0,510,801,5.412162162162162,0.6367041198501873,FF,4-Seam Fastball,9.6,-11.6,2.0,17,18.9,4.1,-5.8,-1.7,-29,0.9107981220657276,0.2605633802816901,FF
2026,"Drohan, Shane",675660,Brewers,MIL,L,94.9,508,1839,12.425675675675675,0.276237085372485,FF,4-Seam Fastball,16.3,-15.4,-1.0,-6,14.1,11.6,-8.5,3.1,36,0.3192488262910798,0.8685446009389671,FF
2026,"Brown, Hunter",686613,Astros,HOU,R,96.2,507,1592,10.756756756756756,0.3184673366834171,FF,4-Seam Fastball,13.0,-13.2,0.2,2,16.6,8.0,-6.9,1.1,16,0.5704225352112676,0.6220657276995305,FF
2026,"Hughes, Gabriel",687312,Rockies,COL,R,92.4,506,977,6.64625850340136,0.5179119754350051,FF,4-Seam Fastball,21.1,-16.6,-4.5,-27,10.5,1.2,-8.1,-9.3,-115,0.0187793427230046,0.0023474178403755,FF
2026,"Weathers, Ryan",677960,Yankees,NYY,L,95.8,506,2280,15.510204081632653,0.2219298245614035,FF,4-Seam Fastball,14.7,-15.2,0.5,4,15.4,10.8,-8.9,1.9,22,0.647887323943662,0.7300469483568075,FF
2026,"Alvarado, Elvis",665660,Athletics,ATH,R,98.8,506,846,5.716216216216216,0.5981087470449172,FF,4-Seam Fastball,13.5,-13.7,0.2,1,14.6,12.5,-9.0,3.6,40,0.5704225352112676,0.9154929577464788,FF
2026,"Newcomb, Sean",656794,White Sox,CWS,L,94.7,504,1322,8.993197278911564,0.3812405446293495,FF,4-Seam Fastball,16.3,-14.8,-1.5,-10,14.3,10.5,-7.9,2.7,34,0.2417840375586854,0.8403755868544601,FF
2026,"Elder, Bryce",693821,Braves,ATL,R,92.4,504,2245,15.16891891891892,0.2244988864142539,FF,4-Seam Fastball,16.5,-15.2,-1.2,-8,15.4,4.2,-6.7,-2.5,-38,0.2910798122065727,0.1971830985915492,FF
2026,"Woods Richardson, Simeon",680573,Blue Jays,TOR,R,92.6,504,1161,7.844594594594595,0.4341085271317829,FF,4-Seam Fastball,13.7,-14.6,0.9,6,18.4,5.7,-6.0,-0.3,-5,0.7206572769953051,0.4342723004694835,FF
2026,"Littell, Zack",641793,D-backs,AZ,R,91.7,503,1975,13.344594594594597,0.2546835443037974,FF,4-Seam Fastball,16.1,-15.6,-0.5,-3,16.4,6.5,-6.6,-0.1,-2,0.4061032863849765,0.4741784037558685,FF
2026,"Irvin, Jake",663623,Nationals,WSH,R,93.1,496,1665,11.174496644295305,0.2978978978978979,FF,4-Seam Fastball,17.3,-16.4,-0.9,-6,14.2,9.1,-8.4,0.8,9,0.3333333333333333,0.5915492957746479,FF
2026,"Prielipp, Connor",687570,Twins,MIN,L,95.6,495,1821,12.387755102040815,0.271828665568369,FF,4-Seam Fastball,14.8,-14.3,-0.5,-3,15.2,8.3,-7.7,0.6,8,0.4061032863849765,0.5586854460093896,FF
2026,"Festa, Matt",670036,Guardians,CLE,R,92.6,494,1016,6.864864864864865,0.4862204724409449,FF,4-Seam Fastball,20.1,-17.3,-2.8,-16,11.6,0.9,-9.2,-10.1,-110,0.107981220657277,0.0,FF
2026,"Vesia, Alex",681911,Dodgers,LAD,L,92.1,493,910,6.190476190476191,0.5417582417582417,FF,4-Seam Fastball,11.1,-15.6,4.5,29,21.2,4.2,-6.9,-2.7,-40,1.0,0.1737089201877934,FF
2026,"Kimbrel, Craig",518886,Royals,KC,R,93.6,490,743,5.02027027027027,0.6594885598923284,FF,4-Seam Fastball,16.5,-17.9,1.5,8,15.0,11.7,-11.2,0.4,4,0.8427230046948356,0.5352112676056338,FF
2026,"Suárez, Albert",544150,Orioles,BAL,R,93.7,489,912,6.162162162162162,0.5361842105263158,FF,4-Seam Fastball,14.5,-14.2,-0.3,-2,16.8,5.6,-6.1,-0.5,-8,0.4530516431924882,0.4131455399061033,FF
2026,"Miller, Mason",695243,Padres,SD,R,101.5,488,1026,6.979591836734694,0.4756335282651072,FF,4-Seam Fastball,10.2,-10.7,0.5,4,16.4,5.9,-7.1,-1.2,-17,0.647887323943662,0.3262910798122065,FF
2026,"Cruz, Steven",674444,Royals,KC,R,98.4,484,878,5.9324324324324325,0.55125284738041,FF,4-Seam Fastball,14.0,-13.4,-0.6,-5,14.3,10.8,-8.4,2.4,28,0.3873239436619718,0.7934272300469484,FF
2026,"Suarez, Ranger",624133,Red Sox,BOS,L,91.5,480,2104,14.216216216216216,0.2281368821292775,FF,4-Seam Fastball,20.5,-16.2,-4.3,-26,12.0,4.5,-7.0,-2.6,-36,0.028169014084507,0.1854460093896713,FF
2026,"Sabrowski, Erik",681870,Guardians,CLE,L,94.2,475,724,4.891891891891892,0.6560773480662984,FF,4-Seam Fastball,11.9,-14.6,2.7,19,19.2,9.8,-7.1,2.7,38,0.971830985915493,0.8403755868544601,FF
2026,"Varland, Louis",686973,Blue Jays,TOR,R,98.8,473,1150,7.77027027027027,0.4113043478260869,FF,4-Seam Fastball,11.9,-13.2,1.3,10,16.3,7.7,-8.5,-0.8,-10,0.7981220657276995,0.3732394366197183,FF
2026,"Freeland, Kyle",607536,Rockies,COL,L,91.4,473,2006,13.64625850340136,0.2357926221335992,FF,4-Seam Fastball,18.4,-16.2,-2.2,-14,14.1,7.2,-7.0,0.2,2,0.1596244131455399,0.5070422535211268,FF
2026,"Gómez, Yoendrys",672782,Twins,MIN,R,95.9,470,1014,6.8979591836734695,0.4635108481262327,FF,4-Seam Fastball,13.7,-14.6,0.9,6,16.1,7.0,-8.6,-1.5,-18,0.7206572769953051,0.284037558685446,FF
2026,"Sugano, Tomoyuki",608372,Rockies,COL,R,92.5,468,2272,15.45578231292517,0.2059859154929577,FF,4-Seam Fastball,17.1,-15.6,-1.5,-10,14.7,5.7,-7.1,-1.4,-19,0.2417840375586854,0.3004694835680751,FF
2026,"Baker, Bryan",641329,Rays,TB,R,96.5,467,899,6.115646258503402,0.5194660734149055,FF,4-Seam Fastball,10.3,-12.4,2.1,17,19.3,3.8,-5.8,-2.0,-34,0.9248826291079812,0.2276995305164319,FF
2026,"De Los Santos, Enyel",660853,Astros,HOU,R,95.1,467,1071,7.236486486486487,0.4360410830999066,FF,4-Seam Fastball,16.7,-15.3,-1.4,-9,13.6,11.0,-8.6,2.4,27,0.2605633802816901,0.7934272300469484,FF
2026,"Ginkel, Kevin",656464,D-backs,AZ,R,95.7,465,988,6.675675675675675,0.4706477732793522,FF,4-Seam Fastball,14.5,-13.0,-1.5,-12,15.5,8.8,-6.0,2.8,46,0.2417840375586854,0.8450704225352113,FF
2026,"Pfaadt, Brandon",694297,D-backs,AZ,R,93.2,464,1764,11.91891891891892,0.2630385487528344,FF,4-Seam Fastball,16.8,-15.7,-1.0,-6,14.7,6.2,-7.8,-1.5,-20,0.3192488262910798,0.284037558685446,FF
2026,"Natera Jr., Samy",696519,Angels,LAA,L,94.9,463,580,3.945578231292517,0.7982758620689655,FF,4-Seam Fastball,11.0,-14.0,2.9,21,19.5,5.0,-6.9,-1.9,-27,0.976525821596244,0.2464788732394366,FF
2026,"Abreu, Bryan",650556,Astros,HOU,R,95.6,462,1034,6.986486486486487,0.4468085106382978,FF,4-Seam Fastball,13.5,-14.4,0.9,7,16.6,6.0,-7.9,-1.9,-24,0.7206572769953051,0.2464788732394366,FF
2026,"Buehler, Walker",621111,Padres,SD,R,94.1,462,2352,16.0,0.1964285714285714,FF,4-Seam Fastball,14.9,-15.2,0.2,1,16.0,4.8,-7.8,-2.9,-38,0.5704225352112676,0.1619718309859155,FF
2026,"Javier, Cristian",664299,Astros,HOU,R,93.2,461,978,6.608108108108108,0.4713701431492842,FF,4-Seam Fastball,13.9,-16.0,2.1,13,17.7,4.9,-8.0,-3.1,-39,0.9248826291079812,0.136150234741784,FF
2026,"Morillo, Juan",666661,D-backs,AZ,R,98.7,458,949,6.412162162162162,0.482613277133825,FF,4-Seam Fastball,11.7,-12.9,1.2,10,16.4,4.7,-7.9,-3.2,-41,0.7746478873239436,0.1338028169014084,FF
2026,"Burke, Brock",656271,Reds,CIN,L,96.2,453,1116,7.591836734693878,0.4059139784946236,FF,4-Seam Fastball,14.4,-12.9,-1.5,-11,15.2,8.5,-6.4,2.1,33,0.2417840375586854,0.7652582159624414,FF
2026,"Webb, Jacob",657097,Cubs,CHC,R,94.2,451,1050,7.094594594594595,0.4295238095238095,FF,4-Seam Fastball,14.7,-15.6,0.9,5,16.3,9.5,-8.4,1.1,13,0.7206572769953051,0.6220657276995305,FF
2026,"Yates, Kirby",489446,Pirates,PIT,R,90.8,450,684,4.621621621621622,0.6578947368421053,FF,4-Seam Fastball,20.1,-18.2,-1.9,-10,13.2,14.4,-9.3,5.2,56,0.1995305164319248,0.9788732394366196,FF
2026,"Mikolas, Miles",571945,Nationals,WSH,R,93.2,450,1826,12.25503355704698,0.2464403066812705,FF,4-Seam Fastball,16.1,-14.4,-1.7,-12,15.3,7.6,-6.1,1.5,25,0.2183098591549295,0.676056338028169,FF
2026,"Burrows, Mike",681347,Astros,HOU,R,95.0,447,1567,10.58783783783784,0.2852584556477345,FF,4-Seam Fastball,14.0,-14.3,0.3,2,16.5,8.7,-7.3,1.4,19,0.596244131455399,0.6572769953051644,FF
2026,"Bowlan, Jonathan",680742,Phillies,PHI,R,97.1,446,934,6.3108108108108105,0.4775160599571734,FF,4-Seam Fastball,11.0,-12.6,1.6,12,18.1,7.9,-6.6,1.3,20,0.8591549295774648,0.6455399061032864,FF
2026,"Lorenzen, Michael",547179,Blue Jays,TOR,R,94.0,446,2331,15.75,0.1913341913341913,FF,4-Seam Fastball,17.0,-15.6,-1.4,-9,13.8,10.2,-8.3,1.9,23,0.2605633802816901,0.7300469483568075,FF
2026,"Ureña, Walbert",700712,Angels,LAA,R,97.9,445,2207,15.013605442176871,0.2016311735387403,FF,4-Seam Fastball,16.1,-12.5,-3.6,-29,12.6,9.3,-6.9,2.4,35,0.0704225352112676,0.7934272300469484,FF
2026,"Marinaccio, Ron",676760,Reds,CIN,R,93.7,444,1042,7.08843537414966,0.4261036468330134,FF,4-Seam Fastball,18.2,-16.8,-1.3,-8,13.1,14.1,-9.6,4.5,47,0.2746478873239437,0.9577464788732394,FF
2026,"Senga, Kodai",673540,Mets,NYM,R,96.3,442,1043,7.095238095238095,0.423777564717162,FF,4-Seam Fastball,13.4,-13.6,0.3,2,16.2,6.8,-7.3,-0.5,-7,0.596244131455399,0.4131455399061033,FF
2026,"Lugo, Seth",607625,Royals,KC,R,91.6,441,2710,18.31081081081081,0.162730627306273,FF,4-Seam Fastball,17.4,-17.0,-0.3,-2,15.2,8.8,-8.2,0.6,8,0.4530516431924882,0.5586854460093896,FF
2026,"Sewald, Paul",623149,Blue Jays,TOR,R,91.4,438,779,5.263513513513513,0.5622593068035944,FF,4-Seam Fastball,20.5,-20.7,0.2,1,12.4,10.8,-11.5,-0.7,-6,0.5704225352112676,0.3873239436619718,FF
2026,"Lowder, Rhett",695076,Reds,CIN,R,93.6,438,2066,14.054421768707485,0.2120038722168441,FF,4-Seam Fastball,17.9,-15.3,-2.6,-17,13.4,10.5,-7.5,3.0,39,0.1244131455399061,0.8591549295774648,FF
2026,"Griffin, Foster",656492,Guardians,CLE,L,91.5,436,2667,18.02027027027027,0.1634795650543682,FF,4-Seam Fastball,16.7,-16.3,-0.4,-3,15.9,4.5,-7.2,-2.7,-38,0.431924882629108,0.1737089201877934,FF
2026,"Bradish, Kyle",680694,Orioles,BAL,R,94.2,435,2573,17.385135135135137,0.1690633501748931,FF,4-Seam Fastball,17.4,-14.1,-3.3,-23,13.3,1.8,-6.6,-8.4,-128,0.0821596244131455,0.0070422535211267,FF
2026,"Dreyer, Jack",676263,Dodgers,LAD,L,94.1,434,925,6.292517006802721,0.4691891891891891,FF,4-Seam Fastball,11.5,-14.6,3.1,21,19.5,6.1,-7.1,-0.9,-13,0.9835680751173708,0.3591549295774648,FF
2026,"Lodolo, Nick",666157,Reds,CIN,L,93.9,433,1613,10.97278911564626,0.268443893366398,FF,4-Seam Fastball,22.8,-16.0,-6.8,-43,8.5,16.7,-8.5,8.1,95,0.0023474178403755,1.0,FF
2026,"Alvarez, Andrew",674841,Nationals,WSH,L,92.3,433,1567,10.516778523489933,0.2763241863433312,FF,4-Seam Fastball,18.2,-14.9,-3.3,-22,13.7,2.9,-6.3,-3.4,-54,0.0821596244131455,0.1197183098591549,FF
2026,"Bednar, David",670280,Yankees,NYY,R,96.1,431,1055,7.17687074829932,0.4085308056872038,FF,4-Seam Fastball,11.9,-13.7,1.8,13,17.9,8.7,-7.3,1.4,19,0.8849765258215962,0.6572769953051644,FF
2026,"Domínguez, Seranthony",622554,Mariners,SEA,R,97.2,430,1011,6.831081081081081,0.4253214638971315,FF,4-Seam Fastball,14.7,-13.9,-0.8,-6,14.2,5.3,-8.3,-3.0,-36,0.3544600938967136,0.1408450704225352,FF
2026,"Meyer, Max",676974,Marlins,MIA,R,95.1,430,1789,12.08783783783784,0.2403577417551705,FF,4-Seam Fastball,13.0,-14.3,1.4,10,17.4,9.2,-7.4,1.8,24,0.8169014084507042,0.7136150234741784,FF
2026,"Sproat, Brandon",687075,Brewers,MIL,R,96.8,430,1727,11.66891891891892,0.2489866821077012,FF,4-Seam Fastball,16.5,-14.0,-2.5,-18,12.7,7.2,-8.1,-0.9,-11,0.1338028169014084,0.3591549295774648,FF
2026,"Legumina, Casey",668984,Rays,TB,R,93.1,428,1012,6.884353741496598,0.4229249011857707,FF,4-Seam Fastball,18.3,-18.6,0.3,2,13.5,14.3,-11.8,2.5,21,0.596244131455399,0.8145539906103286,FF
2026,"Weaver, Luke",596133,Pirates,PIT,R,95.4,420,832,5.621621621621622,0.5048076923076923,FF,4-Seam Fastball,11.5,-14.9,3.4,23,18.8,6.2,-8.2,-2.0,-25,0.9953051643192488,0.2276995305164319,FF
2026,"Graceffo, Gordon",700669,Cardinals,STL,R,95.4,420,1104,7.45945945945946,0.3804347826086957,FF,4-Seam Fastball,14.7,-14.0,-0.8,-6,15.3,7.0,-7.2,-0.2,-2,0.3544600938967136,0.4530516431924882,FF
2026,"Scott, Tanner",656945,Dodgers,LAD,L,96.8,414,871,5.925170068027211,0.4753157290470723,FF,4-Seam Fastball,13.0,-15.1,2.1,14,16.2,6.8,-9.2,-2.5,-27,0.9248826291079812,0.1971830985915492,FF
2026,"Vodnik, Victor",680767,Marlins,MIA,R,98.5,414,897,6.0608108108108105,0.4615384615384615,FF,4-Seam Fastball,15.0,-13.4,-1.6,-12,13.0,5.4,-8.4,-3.0,-36,0.2230046948356807,0.1408450704225352,FF
2026,"Patrick, Chad",694477,Brewers,MIL,R,95.6,413,1621,10.952702702702704,0.2547809993830968,FF,4-Seam Fastball,14.7,-14.9,0.2,2,15.3,7.3,-8.3,-1.0,-12,0.5704225352112676,0.352112676056338,FF
2026,"Silseth, Chase",681217,Rangers,TEX,R,95.9,412,993,6.70945945945946,0.4149043303121853,FF,4-Seam Fastball,13.8,-14.4,0.5,4,16.0,6.7,-7.9,-1.2,-15,0.647887323943662,0.3262910798122065,FF
2026,"Santillan, Tony",663574,Reds,CIN,R,94.6,406,646,4.394557823129252,0.628482972136223,FF,4-Seam Fastball,16.8,-16.1,-0.8,-5,13.9,11.5,-9.1,2.5,27,0.3544600938967136,0.8145539906103286,FF
2026,"Hurt, Kyle",669165,Dodgers,LAD,R,96.6,398,718,4.884353741496598,0.5543175487465181,FF,4-Seam Fastball,12.8,-13.9,1.0,8,16.4,8.7,-7.9,0.8,10,0.744131455399061,0.5915492957746479,FF
2026,"Taillon, Jameson",592791,Blue Jays,TOR,R,91.8,395,1443,9.75,0.2737352737352737,FF,4-Seam Fastball,14.1,-15.7,1.6,10,18.4,5.5,-6.9,-1.4,-20,0.8591549295774648,0.3004694835680751,FF
2026,"Morán, Jovani",663558,Red Sox,BOS,L,92.8,395,1005,6.79054054054054,0.3930348258706467,FF,4-Seam Fastball,14.7,-15.6,0.9,6,17.1,3.5,-7.3,-3.8,-52,0.7206572769953051,0.0845070422535211,FF
2026,"Zeferjahn, Ryan",666171,Cubs,CHC,R,97.4,395,1173,7.925675675675675,0.3367433930093776,FF,4-Seam Fastball,13.0,-13.3,0.3,2,15.9,3.0,-7.8,-4.8,-61,0.596244131455399,0.0539906103286385,FF
2026,"Gray, Sonny",543243,Red Sox,BOS,R,91.6,395,2295,15.506756756756756,0.1721132897603486,FF,4-Seam Fastball,21.1,-16.7,-4.3,-26,11.2,0.8,-7.7,-8.4,-110,0.028169014084507,0.0070422535211267,FF
2026,"Beeter, Clayton",690925,Nationals,WSH,R,95.7,394,796,5.342281879194631,0.4949748743718593,FF,4-Seam Fastball,12.1,-14.2,2.0,14,17.7,3.5,-7.6,-4.1,-54,0.9107981220657276,0.0727699530516431,FF
2026,"Kilian, Caleb",668873,Phillies,PHI,R,96.8,392,786,5.3108108108108105,0.4987277353689567,FF,4-Seam Fastball,13.5,-13.3,-0.1,-1,15.7,1.8,-7.4,-5.5,-75,0.5070422535211268,0.0352112676056338,FF
2026,"Farris, Mitch",815083,Angels,LAA,L,91.7,391,817,5.557823129251701,0.4785801713586291,FF,4-Seam Fastball,15.3,-15.5,0.2,1,17.3,9.0,-6.6,2.4,37,0.5704225352112676,0.7934272300469484,FF
2026,"Suarez, José",660761,Athletics,ATH,L,92.7,388,1068,7.216216216216216,0.3632958801498127,FF,4-Seam Fastball,15.3,-16.0,0.6,4,16.5,7.9,-7.7,0.2,3,0.6643192488262911,0.5070422535211268,FF
2026,"Klein, Will",694361,Dodgers,LAD,R,97.5,388,762,5.183673469387755,0.5091863517060368,FF,4-Seam Fastball,13.1,-13.5,0.4,3,15.6,9.2,-8.1,1.1,13,0.6291079812206573,0.6220657276995305,FF
2026,"Bachar, Lake",669199,Pirates,PIT,R,94.4,387,1305,8.817567567567568,0.296551724137931,FF,4-Seam Fastball,12.5,-14.8,2.3,16,18.3,9.2,-7.6,1.7,22,0.9483568075117372,0.6948356807511737,FF
2026,"Gray, Peyton",682608,Rangers,TEX,R,93.1,385,929,6.277027027027027,0.4144241119483315,FF,4-Seam Fastball,15.1,-15.8,0.7,4,16.6,11.5,-7.7,3.8,49,0.687793427230047,0.9272300469483568,FF
2026,"Williams, Devin",642207,Mets,NYM,R,93.9,382,728,4.9523809523809526,0.5247252747252747,FF,4-Seam Fastball,16.2,-16.4,0.3,2,15.1,12.7,-9.2,3.6,39,0.596244131455399,0.9154929577464788,FF
2026,"Kikuchi, Yusei",579328,Angels,LAA,L,95.7,378,925,6.292517006802721,0.4086486486486486,FF,4-Seam Fastball,14.8,-14.3,-0.5,-4,15.2,6.4,-7.9,-1.5,-19,0.4061032863849765,0.284037558685446,FF
2026,"Muñoz, Andrés",662253,Mariners,SEA,R,99.7,378,903,6.101351351351352,0.4186046511627907,FF,4-Seam Fastball,13.8,-12.8,-1.0,-8,13.6,8.0,-8.3,-0.3,-3,0.3192488262910798,0.4342723004694835,FF
2026,"Houser, Adrian",605288,Giants,SF,R,95.7,375,1731,11.695945945945946,0.2166377816291161,FF,4-Seam Fastball,15.2,-13.9,-1.3,-10,14.6,8.8,-7.4,1.5,20,0.2746478873239437,0.676056338028169,FF
2026,"Pagán, Emilio",641941,Reds,CIN,R,94.9,371,581,3.952380952380953,0.6385542168674698,FF,4-Seam Fastball,12.6,-14.9,2.3,15,18.0,8.4,-8.1,0.3,4,0.9483568075117372,0.5187793427230047,FF
2026,"Brown, Ben",676962,Cubs,CHC,R,96.4,371,1004,6.783783783783784,0.3695219123505976,FF,4-Seam Fastball,13.5,-13.0,-0.6,-4,16.0,8.4,-6.5,1.8,28,0.3873239436619718,0.7136150234741784,FF
2026,"Sulser, Cole",642121,Rays,TB,R,92.3,370,821,5.585034013605442,0.4506699147381242,FF,4-Seam Fastball,13.5,-15.9,2.4,15,18.8,9.0,-7.3,1.7,24,0.9530516431924884,0.6948356807511737,FF
2026,"Quantrill, Cal",615698,Rangers,TEX,R,93.8,370,1587,10.722972972972974,0.2331442974165091,FF,4-Seam Fastball,15.2,-14.3,-0.9,-6,16.0,9.5,-6.5,3.0,46,0.3333333333333333,0.8591549295774648,FF
2026,"Suter, Brent",608718,Braves,ATL,L,87.8,368,1436,9.702702702702704,0.2562674094707521,FF,4-Seam Fastball,20.3,-19.2,-1.1,-6,15.3,0.8,-4.2,-5.1,-120,0.3028169014084507,0.0399061032863849,FF
2026,"Fairbanks, Pete",664126,Marlins,MIA,R,97.3,363,738,4.986486486486487,0.491869918699187,FF,4-Seam Fastball,10.8,-11.5,0.6,5,18.1,1.7,-5.2,-3.5,-68,0.6643192488262911,0.107981220657277,FF
2026,"Barnett, Mason",686930,Athletics,ATH,R,95.0,362,743,5.02027027027027,0.4872139973082099,FF,4-Seam Fastball,15.4,-14.3,-1.1,-8,14.9,1.0,-7.3,-6.3,-86,0.3028169014084507,0.0211267605633802,FF
2026,"Gasser, Robert",688107,Brewers,MIL,L,92.9,362,1534,10.364864864864863,0.2359843546284224,FF,4-Seam Fastball,17.4,-17.1,-0.3,-2,14.3,7.6,-8.9,-1.3,-15,0.4530516431924882,0.3145539906103286,FF
2026,"Matsui, Yuki",673513,Padres,SD,L,91.9,359,966,6.571428571428571,0.3716356107660455,FF,4-Seam Fastball,13.2,-15.8,2.6,16,19.4,4.7,-6.8,-2.1,-30,0.9671361502347418,0.2183098591549295,FF
2026,"Ragans, Cole",666142,Royals,KC,L,94.9,358,638,4.3108108108108105,0.5611285266457681,FF,4-Seam Fastball,12.8,-14.0,1.2,8,17.8,12.8,-6.8,6.0,88,0.7746478873239436,0.9929577464788732,FF
2026,"Gusto, Ryan",687473,Marlins,MIA,R,94.6,356,1267,8.56081081081081,0.2809786898184688,FF,4-Seam Fastball,13.8,-14.6,0.8,6,16.8,4.6,-7.5,-2.8,-38,0.7065727699530516,0.1713615023474178,FF
2026,"Rolison, Ryan",669020,Cubs,CHC,L,94.7,356,870,5.878378378378378,0.4091954022988506,FF,4-Seam Fastball,15.9,-14.4,-1.6,-11,14.3,2.5,-7.3,-4.8,-66,0.2230046948356807,0.0539906103286385,FF
2026,"Paddack, Chris",663978,Rangers,TEX,R,92.9,350,1015,6.858108108108108,0.3448275862068966,FF,4-Seam Fastball,13.1,-14.7,1.7,11,18.9,7.2,-6.6,0.6,9,0.8732394366197183,0.5586854460093896,FF
2026,"Myers, Tobias",668964,Mets,NYM,R,92.7,350,744,5.061224489795919,0.4704301075268817,FF,4-Seam Fastball,11.9,-15.4,3.4,22,20.1,4.3,-6.9,-2.6,-37,0.9953051643192488,0.1854460093896713,FF
2026,"Márquez, Germán",608566,Padres,SD,R,94.6,350,918,6.244897959183674,0.3812636165577342,FF,4-Seam Fastball,16.1,-15.2,-0.9,-6,14.7,12.7,-8.7,4.0,45,0.3333333333333333,0.9413145539906104,FF
2026,"Medina, Luis",665622,Athletics,ATH,R,97.7,349,1175,7.939189189189189,0.2970212765957447,FF,4-Seam Fastball,13.1,-12.9,-0.2,-1,15.6,7.3,-7.3,0.0,0,0.4859154929577465,0.4812206572769953,FF
2026,"Pomeranz, Drew",519141,Cubs,CHC,L,92.1,349,478,3.22972972972973,0.7301255230125523,FF,4-Seam Fastball,13.7,-15.7,2.0,13,18.6,3.4,-7.0,-3.6,-51,0.9107981220657276,0.1032863849765258,FF
2026,"Hoffman, Jeff",656546,Twins,MIN,R,96.4,348,1118,7.605442176870748,0.3112701252236136,FF,4-Seam Fastball,13.5,-14.0,0.5,4,16.2,13.8,-7.9,5.8,73,0.647887323943662,0.9859154929577464,FF
2026,"Agnos, Zach",688642,Rockies,COL,R,94.4,346,1356,9.224489795918368,0.2551622418879056,FF,4-Seam Fastball,15.9,-14.8,-1.1,-7,14.5,6.9,-7.5,-0.6,-8,0.3028169014084507,0.4014084507042254,FF
2026,"Teng, Kai-Wei",678906,Astros,HOU,R,93.3,345,1266,8.554054054054054,0.2725118483412322,FF,4-Seam Fastball,18.2,-15.8,-2.4,-15,13.3,9.9,-7.9,1.9,25,0.1408450704225352,0.7300469483568075,FF
2026,"Senzatela, Antonio",622608,Brewers,MIL,R,97.3,342,1070,7.22972972972973,0.319626168224299,FF,4-Seam Fastball,15.4,-13.4,-2.0,-15,13.3,5.6,-7.6,-2.0,-27,0.1830985915492957,0.2276995305164319,FF
2026,"Bieber, Shane",669456,Blue Jays,TOR,R,92.3,340,930,6.283783783783784,0.3655913978494624,FF,4-Seam Fastball,14.8,-16.1,1.4,8,17.5,11.2,-7.6,3.6,48,0.8169014084507042,0.9154929577464788,FF
2026,"Canning, Griffin",656288,Padres,SD,R,94.5,340,1402,9.537414965986397,0.2425106990014265,FF,4-Seam Fastball,15.2,-15.3,0.1,1,15.4,9.3,-8.2,1.2,15,0.5516431924882629,0.6338028169014085,FF
2026,"Kerkering, Orion",689147,Phillies,PHI,R,97.3,338,1000,6.756756756756757,0.338,FF,4-Seam Fastball,13.1,-13.3,0.3,2,15.9,11.4,-7.5,3.8,51,0.596244131455399,0.9272300469483568,FF
2026,"Bratt, Mitch",683352,D-backs,AZ,L,91.0,338,726,4.905405405405405,0.465564738292011,FF,4-Seam Fastball,17.7,-17.2,-0.5,-3,15.3,5.2,-7.7,-2.5,-32,0.4061032863849765,0.1971830985915492,FF
2026,"Avila, Luinder",679883,Royals,KC,R,96.1,336,1293,8.736486486486486,0.259860788863109,FF,4-Seam Fastball,15.0,-13.2,-1.8,-14,14.5,0.8,-6.7,-6.0,-88,0.2089201877934272,0.028169014084507,FF
2026,"Bubic, Kris",663460,Royals,KC,L,91.8,334,811,5.47972972972973,0.4118372379778052,FF,4-Seam Fastball,15.3,-16.5,1.2,7,17.2,2.5,-7.5,-5.0,-67,0.7746478873239436,0.0446009389671361,FF
2026,"Smith, Dylan",681916,Giants,SF,R,95.6,333,590,3.9864864864864864,0.5644067796610169,FF,4-Seam Fastball,11.7,-13.6,1.9,14,18.2,3.8,-6.9,-3.0,-44,0.8943661971830986,0.1408450704225352,FF
2026,"Strider, Spencer",675911,Braves,ATL,R,95.1,329,691,4.668918918918919,0.4761215629522431,FF,4-Seam Fastball,12.8,-14.3,1.4,10,17.4,8.9,-7.4,1.5,20,0.8169014084507042,0.676056338028169,FF
2026,"Varland, Gus",681402,Nationals,WSH,R,95.1,328,565,3.791946308724832,0.5805309734513274,FF,4-Seam Fastball,11.9,-15.2,3.3,22,18.3,9.3,-8.7,0.6,7,0.988262910798122,0.5586854460093896,FF
2026,"Webb, Logan",657277,Giants,SF,R,92.3,327,2396,16.18918918918919,0.1364774624373956,FF,4-Seam Fastball,22.1,-17.9,-4.2,-24,9.8,7.6,-9.4,-1.9,-20,0.0352112676056338,0.2464788732394366,FF
2026,"Kremer, Dean",665152,Twins,MIN,R,92.8,325,1201,8.170068027210885,0.2706078268109908,FF,4-Seam Fastball,13.5,-15.1,1.6,10,18.3,6.3,-6.7,-0.4,-6,0.8591549295774648,0.4272300469483568,FF
2026,"Henriquez, Edgardo",683618,Dodgers,LAD,R,100.7,325,946,6.435374149659864,0.3435517970401691,FF,4-Seam Fastball,11.5,-11.5,0.0,0,15.5,8.5,-7.5,1.0,13,0.5234741784037559,0.6126760563380281,FF
2026,"Anderson, Grant",681982,Brewers,MIL,R,93.5,324,915,6.1824324324324325,0.3540983606557377,FF,4-Seam Fastball,18.8,-18.4,-0.4,-2,12.5,11.3,-11.5,-0.2,-2,0.431924882629108,0.4530516431924882,FF
2026,"Lee, Dylan",669276,Braves,ATL,L,93.3,318,991,6.695945945945946,0.3208879919273461,FF,4-Seam Fastball,11.6,-14.3,2.7,19,19.9,7.6,-6.1,1.4,23,0.971830985915493,0.6572769953051644,FF
2026,"Iglesias, Raisel",628452,Braves,ATL,R,94.3,317,848,5.72972972972973,0.3738207547169811,FF,4-Seam Fastball,15.9,-15.8,-0.2,-1,14.8,8.9,-8.6,0.3,3,0.4859154929577465,0.5187793427230047,FF
2026,"Snell, Blake",605483,Dodgers,LAD,L,96.0,315,645,4.387755102040816,0.4883720930232558,FF,4-Seam Fastball,11.1,-12.7,1.6,13,18.6,5.6,-5.9,-0.3,-5,0.8591549295774648,0.4342723004694835,FF
2026,"Soriano, George",666277,Cardinals,STL,R,96.6,313,1067,7.20945945945946,0.2933458294283037,FF,4-Seam Fastball,16.9,-14.1,-2.8,-20,12.4,8.5,-8.2,0.3,4,0.107981220657277,0.5187793427230047,FF
2026,"Garcia, Rico",670329,Orioles,BAL,R,95.4,312,928,6.27027027027027,0.3362068965517241,FF,4-Seam Fastball,12.6,-14.4,1.8,12,17.6,11.9,-7.6,4.3,57,0.8849765258215962,0.9530516431924884,FF
2026,"Thielbar, Caleb",573204,Cubs,CHC,L,93.3,311,789,5.331081081081081,0.394169835234474,FF,4-Seam Fastball,12.7,-14.9,2.2,15,18.8,4.3,-6.9,-2.6,-38,0.9366197183098592,0.1854460093896713,FF
2026,"Rocker, Kumar",677958,Rangers,TEX,R,94.5,308,2281,15.41216216216216,0.1350284962735642,FF,4-Seam Fastball,18.6,-14.8,-3.8,-26,12.1,10.4,-7.6,2.9,38,0.0516431924882629,0.852112676056338,FF
2026,"Cruz, Fernando",518585,Yankees,NYY,R,93.2,301,944,6.421768707482993,0.3188559322033898,FF,4-Seam Fastball,14.5,-15.1,0.6,4,17.1,5.4,-7.1,-1.7,-24,0.6643192488262911,0.2605633802816901,FF
2026,"Dobbins, Hunter",690928,Cardinals,STL,R,94.6,300,932,6.297297297297297,0.3218884120171674,FF,4-Seam Fastball,17.4,-14.2,-3.2,-22,13.0,0.2,-7.0,-7.2,-103,0.0868544600938967,0.0117370892018779,FF
2026,"Estrada, Jeremiah",669093,Padres,SD,R,95.9,299,512,3.4829931972789114,0.583984375,FF,4-Seam Fastball,10.5,-13.8,3.3,24,19.3,1.2,-7.4,-6.2,-84,0.988262910798122,0.0234741784037558,FF
2026,"Wells, Tyler",669330,Rays,TB,R,93.4,296,1053,7.163265306122449,0.2811016144349477,FF,4-Seam Fastball,12.7,-13.3,0.5,4,18.6,3.3,-5.1,-1.8,-35,0.647887323943662,0.2558685446009389,FF
2026,"Davis, Tyler",699823,White Sox,CWS,R,96.3,292,470,3.197278911564626,0.6212765957446809,FF,4-Seam Fastball,11.1,-13.6,2.5,19,18.5,7.8,-7.4,0.4,6,0.955399061032864,0.5352112676056338,FF
2026,"Martinez, Nick",607259,Rays,TB,R,92.7,291,2306,15.687074829931973,0.1261925411968777,FF,4-Seam Fastball,15.2,-15.5,0.4,2,16.7,5.9,-7.1,-1.1,-16,0.6291079812206573,0.3450704225352112,FF
2026,"Chapman, Aroldis",547973,Red Sox,BOS,L,97.0,289,788,5.324324324324325,0.366751269035533,FF,4-Seam Fastball,11.3,-12.7,1.5,11,17.8,2.1,-6.8,-4.7,-69,0.8427230046948356,0.0586854460093896,FF
2026,"Okert, Steven",595345,Astros,HOU,L,91.2,289,1050,7.094594594594595,0.2752380952380952,FF,4-Seam Fastball,17.2,-16.3,-0.9,-5,15.9,7.0,-6.9,0.1,1,0.3333333333333333,0.4953051643192488,FF
2026,"Bradford, Cody",674003,Rangers,TEX,L,88.5,289,555,3.75,0.5207207207207207,FF,4-Seam Fastball,18.1,-18.1,-0.1,0,16.8,3.6,-4.7,-1.1,-23,0.5070422535211268,0.3450704225352112,FF
2026,"Halvorsen, Seth",678020,Dodgers,LAD,R,98.9,289,464,3.1564625850340136,0.6228448275862069,FF,4-Seam Fastball,13.5,-12.0,-1.5,-13,14.4,9.0,-7.1,1.8,26,0.2417840375586854,0.7136150234741784,FF
2026,"Glasnow, Tyler",607192,Dodgers,LAD,R,95.4,288,869,5.91156462585034,0.3314154200230149,FF,4-Seam Fastball,14.1,-13.7,-0.3,-3,15.8,0.4,-6.6,-6.1,-93,0.4530516431924882,0.0258215962441314,FF
2026,"Aldegheri, Sam",691951,Angels,LAA,L,92.1,288,610,4.149659863945578,0.4721311475409836,FF,4-Seam Fastball,16.5,-15.6,-0.8,-5,16.0,5.5,-7.0,-1.5,-22,0.3544600938967136,0.284037558685446,FF
2026,"Sterner, Justin",686993,Athletics,ATH,R,93.5,287,726,4.905405405405405,0.3953168044077135,FF,4-Seam Fastball,14.0,-15.8,1.9,12,17.5,8.0,-8.1,-0.2,-2,0.8943661971830986,0.4530516431924882,FF
2026,"Ramírez, Yohan",670990,Pirates,PIT,R,96.6,287,1297,8.763513513513514,0.2212798766383963,FF,4-Seam Fastball,16.3,-15.1,-1.2,-8,13.1,10.7,-9.7,1.0,10,0.2910798122065727,0.6126760563380281,FF
2026,"De Jesus, Enmanuel",646241,Tigers,DET,L,94.2,282,669,4.551020408163265,0.42152466367713,FF,4-Seam Fastball,13.9,-14.9,1.0,7,17.1,9.8,-7.4,2.4,33,0.744131455399061,0.7934272300469484,FF
2026,"Woodruff, Brandon",605540,Brewers,MIL,R,91.8,281,639,4.317567567567568,0.4397496087636933,FF,4-Seam Fastball,14.6,-15.9,1.3,8,18.0,4.5,-7.0,-2.5,-36,0.7981220657276995,0.1971830985915492,FF
2026,"Dollander, Chase",801403,Rockies,COL,R,98.9,280,743,5.054421768707483,0.3768506056527591,FF,4-Seam Fastball,15.1,-14.0,-1.1,-8,13.0,11.6,-9.0,2.5,28,0.3028169014084507,0.8145539906103286,FF
2026,"Pearson, Nate",663878,Royals,KC,R,97.7,276,649,4.385135135135135,0.4252696456086287,FF,4-Seam Fastball,12.2,-13.2,1.0,7,16.4,6.1,-7.8,-1.7,-22,0.744131455399061,0.2605633802816901,FF
2026,"Eovaldi, Nathan",543135,Rangers,TEX,R,94.5,275,2007,13.56081081081081,0.1370204285002491,FF,4-Seam Fastball,17.3,-14.9,-2.4,-16,13.5,11.8,-7.8,4.0,51,0.1408450704225352,0.9413145539906104,FF
2026,"Dotel, Wilber",696062,Pirates,PIT,R,98.3,275,587,3.966216216216216,0.4684838160136286,FF,4-Seam Fastball,12.1,-12.7,0.6,5,16.3,9.0,-7.6,1.4,19,0.6643192488262911,0.6572769953051644,FF
2026,"Eisert, Brandon",685126,Pirates,PIT,L,90.1,273,704,4.756756756756757,0.3877840909090909,FF,4-Seam Fastball,18.5,-19.9,1.4,7,15.2,7.2,-9.7,-2.5,-26,0.8169014084507042,0.1971830985915492,FF
2026,"Jax, Griffin",643377,Rays,TB,R,96.0,273,1531,10.414965986394558,0.178314826910516,FF,4-Seam Fastball,12.0,-14.5,2.5,17,17.8,7.9,-8.3,-0.3,-4,0.955399061032864,0.4342723004694835,FF
2026,"Fried, Max",608331,Yankees,NYY,L,94.9,272,1511,10.27891156462585,0.1800132362673726,FF,4-Seam Fastball,14.2,-14.1,-0.1,-1,16.2,3.5,-7.0,-3.5,-50,0.5070422535211268,0.107981220657277,FF
2026,"Rodriguez, Bradgley",699134,Padres,SD,R,98.2,271,1066,7.2517006802721085,0.2542213883677298,FF,4-Seam Fastball,11.2,-12.8,1.5,12,17.2,6.1,-7.5,-1.3,-18,0.8427230046948356,0.3145539906103286,FF
2026,"Palencia, Daniel",694037,Cubs,CHC,R,99.2,271,411,2.777027027027027,0.6593673965936739,FF,4-Seam Fastball,11.6,-12.7,1.1,9,16.2,8.9,-8.2,0.7,9,,,FF
2026,"Hoppe, Alex",695380,Orioles,BAL,R,98.3,269,688,4.648648648648648,0.3909883720930232,FF,4-Seam Fastball,13.5,-13.0,-0.5,-4,14.7,2.9,-7.8,-5.0,-64,0.4061032863849765,0.0446009389671361,FF
2026,"Phillips, Connor",683175,Reds,CIN,R,98.3,267,546,3.7142857142857135,0.489010989010989,FF,4-Seam Fastball,12.2,-13.3,1.1,9,16.4,10.1,-8.1,2.0,24,0.7605633802816901,0.7511737089201878,FF
2026,"Tidwell, Blade",694918,Giants,SF,R,95.3,266,807,5.452702702702703,0.3296158612143742,FF,4-Seam Fastball,13.6,-13.8,0.2,1,16.6,7.4,-6.9,0.6,8,0.5704225352112676,0.5586854460093896,FF
2026,"Schreiber, John",670167,Yankees,NYY,R,93.8,266,923,6.27891156462585,0.2881906825568797,FF,4-Seam Fastball,20.9,-18.0,-2.9,-16,10.1,10.5,-11.2,-0.7,-6,0.1032863849765258,0.3873239436619718,FF
2026,"Nunez, Anthony",689296,Orioles,BAL,R,96.1,265,896,6.054054054054054,0.2957589285714285,FF,4-Seam Fastball,12.9,-14.0,1.1,8,16.7,4.0,-7.7,-3.7,-48,0.7605633802816901,0.0892018779342723,FF
2026,"Assad, Javier",665871,Cubs,CHC,R,93.5,263,1405,9.493243243243244,0.1871886120996441,FF,4-Seam Fastball,15.3,-15.1,-0.2,-1,16.0,5.3,-7.3,-2.0,-28,0.4859154929577465,0.2276995305164319,FF
2026,"Aleman, Franco",680916,Guardians,CLE,R,96.1,263,394,2.6621621621621623,0.6675126903553299,FF,4-Seam Fastball,17.3,-14.2,-3.1,-22,12.5,14.6,-8.1,6.5,79,,,FF
2026,"Weissert, Greg",669711,Red Sox,BOS,R,94.1,263,916,6.1891891891891895,0.287117903930131,FF,4-Seam Fastball,19.5,-17.2,-2.3,-13,11.4,9.7,-10.0,-0.3,-3,0.1502347417840375,0.4342723004694835,FF
2026,"Johnson, Pierce",572955,Reds,CIN,R,95.7,262,736,5.006802721088436,0.3559782608695652,FF,4-Seam Fastball,14.3,-14.3,0.0,0,15.7,9.8,-7.9,1.9,24,0.5234741784037559,0.7300469483568075,FF
2026,"Dion, Will",702021,Nationals,WSH,L,91.2,260,620,4.161073825503356,0.4193548387096774,FF,4-Seam Fastball,12.9,-16.2,3.2,20,20.0,0.4,-6.8,-6.4,-94,0.9859154929577464,0.0164319248826291,FF
2026,"Schultz, Noah",702273,White Sox,CWS,L,95.2,259,1147,7.802721088435374,0.2258064516129032,FF,4-Seam Fastball,18.7,-14.4,-4.3,-30,11.4,11.0,-7.6,3.4,44,0.028169014084507,0.903755868544601,FF
2026,"Basso, Brady",669620,Athletics,ATH,L,92.7,253,573,3.8716216216216215,0.4415357766143106,FF,4-Seam Fastball,17.0,-14.7,-2.3,-16,14.8,3.4,-6.3,-2.9,-46,0.1502347417840375,0.1619718309859155,FF
2026,"Seabold, Connor",657756,Royals,KC,R,93.6,252,476,3.216216216216216,0.5294117647058824,FF,4-Seam Fastball,15.0,-16.1,1.1,7,16.3,10.0,-8.3,1.7,20,0.7605633802816901,0.6948356807511737,FF
2026,"Thornton, Zac",804267,Mets,NYM,L,92.1,251,1006,6.843537414965986,0.2495029821073558,FF,4-Seam Fastball,14.7,-15.0,0.4,2,17.8,6.0,-6.3,-0.3,-5,0.6291079812206573,0.4342723004694835,FF
2026,"Winn, Cole",668390,Rangers,TEX,R,95.4,249,787,5.317567567567568,0.3163913595933926,FF,4-Seam Fastball,13.0,-14.5,1.5,10,17.2,5.6,-8.2,-2.6,-32,0.8427230046948356,0.1854460093896713,FF
2026,"Waguespack, Jacob",621097,Tigers,DET,R,92.9,247,555,3.7755102040816326,0.445045045045045,FF,4-Seam Fastball,13.3,-14.6,1.3,9,18.3,2.9,-6.4,-3.5,-55,0.7981220657276995,0.107981220657277,FF
2026,"Strahm, Matt",621381,Royals,KC,L,91.3,246,633,4.277027027027027,0.3886255924170616,FF,4-Seam Fastball,16.2,-17.7,1.4,8,16.8,13.0,-8.4,4.6,55,0.8169014084507042,0.9624413145539906,FF
2026,"Ginn, J.T.",669372,Athletics,ATH,R,93.5,246,2185,14.763513513513514,0.1125858123569794,FF,4-Seam Fastball,19.9,-15.5,-4.4,-29,11.3,4.7,-7.7,-3.0,-39,0.0211267605633802,0.1408450704225352,FF
2026,"Kochanowicz, Jack",686799,Angels,LAA,R,96.2,245,1106,7.523809523809524,0.2215189873417721,FF,4-Seam Fastball,15.9,-13.2,-2.7,-20,13.8,6.8,-6.7,0.1,1,0.1173708920187793,0.4953051643192488,FF
2026,"Povich, Cade",700249,Orioles,BAL,L,91.8,243,540,3.6486486486486487,0.45,FF,4-Seam Fastball,14.2,-15.8,1.6,10,18.3,6.8,-6.9,0.0,0,0.8591549295774648,0.4812206572769953,FF
2026,"Gaddis, Hunter",683769,Guardians,CLE,R,95.2,242,861,5.817567567567568,0.281068524970964,FF,4-Seam Fastball,13.6,-13.7,0.1,0,16.7,6.7,-6.7,0.0,0,0.5516431924882629,0.4812206572769953,FF
2026,"Booser, Cam",592155,Rays,TB,L,95.7,241,511,3.4761904761904763,0.471624266144814,FF,4-Seam Fastball,14.3,-14.3,0.0,0,15.6,8.9,-7.9,1.0,13,0.5234741784037559,0.6126760563380281,FF
2026,"Speier, Gabe",642100,Mariners,SEA,L,95.4,238,613,4.141891891891892,0.3882544861337683,FF,4-Seam Fastball,15.3,-15.2,-0.1,-1,14.9,9.3,-8.6,0.7,8,0.5070422535211268,0.5774647887323944,FF
2026,"Erceg, Lucas",668674,Royals,KC,R,97.1,238,824,5.567567567567568,0.2888349514563106,FF,4-Seam Fastball,15.0,-13.2,-1.8,-14,14.0,10.4,-7.3,3.1,43,0.2089201877934272,0.8685446009389671,FF
2026,"Mathews, Quinn",687273,Cardinals,STL,L,93.6,238,591,3.993243243243243,0.4027072758037225,FF,4-Seam Fastball,14.7,-16.1,1.5,9,16.6,5.0,-8.4,-3.4,-40,0.8427230046948356,0.1197183098591549,FF
2026,"Greene, Hunter",668881,Reds,CIN,R,98.3,237,456,3.1020408163265305,0.5197368421052632,FF,4-Seam Fastball,11.8,-12.3,0.6,5,16.6,7.0,-7.1,0.0,-1,0.6643192488262911,0.4812206572769953,FF
2026,"Santana, Dennis",642701,D-backs,AZ,R,94.1,237,846,5.716216216216216,0.2801418439716312,FF,4-Seam Fastball,16.0,-15.4,-0.6,-4,15.1,11.9,-8.0,3.9,49,0.3873239436619718,0.9366197183098592,FF
2026,"Kolek, Stephen",663568,Royals,KC,R,94.2,237,837,5.655405405405405,0.2831541218637993,FF,4-Seam Fastball,17.5,-15.4,-2.1,-13,13.2,6.4,-8.1,-1.7,-21,0.1713615023474178,0.2605633802816901,FF
2026,"Zuber, Tyler",676604,Marlins,MIA,R,95.4,232,601,4.0608108108108105,0.3860232945091514,FF,4-Seam Fastball,14.3,-16.3,2.0,12,15.9,9.2,-9.8,-0.6,-6,0.9107981220657276,0.4014084507042254,FF
2026,"Pallette, Peyton",688883,Guardians,CLE,R,95.4,231,442,2.9864864864864864,0.5226244343891403,FF,4-Seam Fastball,14.1,-14.6,0.6,4,16.3,12.0,-8.2,3.8,47,,,FF
2026,"Severino, Luis",622663,Athletics,ATH,R,96.9,230,1086,7.337837837837838,0.2117863720073664,FF,4-Seam Fastball,13.1,-13.4,0.3,2,16.2,7.7,-7.4,0.2,3,0.596244131455399,0.5070422535211268,FF
2026,"Giolito, Lucas",608337,Padres,SD,R,90.8,229,551,3.748299319727891,0.4156079854809437,FF,4-Seam Fastball,15.4,-15.8,0.4,2,17.8,6.6,-6.1,0.5,7,0.6291079812206573,0.5492957746478874,FF
2026,"Duran, Jhoan",661395,Phillies,PHI,R,100.4,228,861,5.817567567567568,0.2648083623693379,FF,4-Seam Fastball,13.9,-11.9,-2.0,-16,13.3,12.9,-8.1,4.8,60,0.1830985915492957,0.9694835680751174,FF
2026,"Romano, Jordan",605447,Rockies,COL,R,93.9,227,531,3.612244897959184,0.4274952919020716,FF,4-Seam Fastball,13.5,-14.7,1.2,8,17.5,2.8,-6.4,-3.5,-55,0.7746478873239436,0.107981220657277,FF
2026,"Rojas, Kendry",696070,Twins,MIN,L,96.0,226,521,3.54421768707483,0.4337811900191938,FF,4-Seam Fastball,13.7,-13.7,0.0,0,16.0,6.4,-7.3,-0.9,-12,0.5234741784037559,0.3591549295774648,FF
2026,"Thornton, Trent",663423,Cubs,CHC,R,95.1,226,708,4.783783783783784,0.3192090395480226,FF,4-Seam Fastball,14.0,-14.9,1.0,7,16.2,4.1,-8.2,-4.0,-49,0.744131455399061,0.0798122065727699,FF
2026,"Parker, Mitchell",680730,Nationals,WSH,L,93.6,225,663,4.449664429530201,0.3393665158371041,FF,4-Seam Fastball,13.2,-14.2,1.0,7,18.0,5.4,-6.3,-0.8,-13,0.744131455399061,0.3732394366197183,FF
2026,"Macko, Adam",671936,Rangers,TEX,L,94.5,222,544,3.675675675675676,0.4080882352941176,FF,4-Seam Fastball,14.8,-15.1,0.3,2,15.9,6.8,-8.0,-1.2,-15,0.596244131455399,0.3262910798122065,FF
2026,"Ekness, Josh",694795,Marlins,MIA,R,97.7,222,432,2.918918918918919,0.5138888888888888,FF,4-Seam Fastball,14.2,-14.2,0.0,0,14.6,7.4,-8.9,-1.6,-17,,,FF
2026,"Sanders, Cam",676742,Orioles,BAL,R,95.9,222,479,3.2364864864864864,0.4634655532359081,FF,4-Seam Fastball,14.0,-14.0,0.0,0,15.7,5.5,-7.5,-2.0,-26,0.5234741784037559,0.2276995305164319,FF
2026,"Fisher, Braydon",680755,Blue Jays,TOR,R,94.5,221,1182,7.986486486486487,0.1869712351945854,FF,4-Seam Fastball,13.2,-14.3,1.2,8,17.5,4.7,-7.0,-2.4,-33,0.7746478873239436,0.2112676056338028,FF
2026,"Suarez, Robert",663158,Braves,ATL,R,98.8,221,466,3.1486486486486487,0.4742489270386266,FF,4-Seam Fastball,10.9,-11.9,1.0,8,17.2,5.7,-6.9,-1.2,-18,0.744131455399061,0.3262910798122065,FF
2026,"Akin, Keegan",669211,Orioles,BAL,L,93.7,219,443,2.9932432432432434,0.4943566591422121,FF,4-Seam Fastball,14.1,-15.3,1.2,8,17.2,10.5,-7.9,2.5,32,,,FF
2026,"Schweitzer, Tyler",805326,White Sox,CWS,L,94.0,217,566,3.8503401360544216,0.3833922261484099,FF,4-Seam Fastball,15.6,-14.9,-0.6,-4,15.3,3.4,-7.4,-4.0,-54,0.3873239436619718,0.0798122065727699,FF
2026,"Cabrera, Edward",665795,Cubs,CHC,R,96.2,217,1280,8.64864864864865,0.16953125,FF,4-Seam Fastball,16.1,-13.8,-2.3,-17,13.6,11.9,-7.5,4.4,59,0.1502347417840375,0.955399061032864,FF
2026,"Madden, Ty",680744,Tigers,DET,R,93.3,216,646,4.394557823129252,0.3343653250773993,FF,4-Seam Fastball,15.8,-15.3,-0.4,-3,15.5,4.7,-7.3,-2.6,-36,0.431924882629108,0.1854460093896713,FF
2026,"Whisenhunt, Carson",687931,Giants,SF,L,92.8,215,617,4.168918918918919,0.3484602917341977,FF,4-Seam Fastball,15.2,-14.8,-0.4,-2,16.6,10.0,-6.5,3.5,54,0.431924882629108,0.9107981220657276,FF
2026,"Vest, Will",676684,Tigers,DET,R,95.8,214,484,3.292517006802721,0.4421487603305785,FF,4-Seam Fastball,13.0,-14.2,1.2,8,16.8,5.8,-7.8,-1.9,-25,0.7746478873239436,0.2464788732394366,FF
2026,"Rucker, Michael",621074,Mariners,SEA,R,96.2,213,640,4.324324324324325,0.3328125,FF,4-Seam Fastball,13.7,-14.6,0.8,6,15.8,5.5,-8.5,-3.0,-35,0.7065727699530516,0.1408450704225352,FF
2026,"Garcia, Julian",670062,Reds,CIN,R,92.4,212,678,4.612244897959184,0.3126843657817109,FF,4-Seam Fastball,15.5,-15.2,-0.2,-2,16.5,1.9,-6.7,-8.6,-128,0.4859154929577465,0.0046948356807511,FF
2026,"Gil, Luis",661563,Yankees,NYY,R,95.4,211,417,2.836734693877551,0.5059952038369304,FF,4-Seam Fastball,13.3,-14.1,0.8,6,17.0,2.7,-7.3,-4.6,-63,,,FF
2026,"Cornelio, Riley",683000,Nationals,WSH,R,96.5,211,493,3.3087248322147653,0.4279918864097363,FF,4-Seam Fastball,12.2,-13.6,1.4,10,17.2,9.3,-7.4,1.9,26,0.8169014084507042,0.7300469483568075,FF
2026,"Johnson, Seth",686751,Athletics,ATH,R,98.0,211,448,3.027027027027027,0.4709821428571428,FF,4-Seam Fastball,11.3,-13.3,1.9,15,17.1,8.0,-7.9,0.0,0,0.8943661971830986,0.4812206572769953,FF
2026,"Ahlstrom, Robby",695239,Rangers,TEX,L,94.4,210,630,4.256756756756757,0.3333333333333333,FF,4-Seam Fastball,13.4,-14.2,0.7,5,17.4,5.6,-6.7,-1.1,-17,0.687793427230047,0.3450704225352112,FF
2026,"Ribalta, Orlando",687377,Nationals,WSH,R,96.9,210,750,5.033557046979865,0.28,FF,4-Seam Fastball,11.7,-12.3,0.6,5,17.4,8.6,-6.0,2.6,44,0.6643192488262911,0.8356807511737089,FF
2026,"Schultz, Paxton",687606,Nationals,WSH,R,93.6,207,610,4.093959731543624,0.3393442622950819,FF,4-Seam Fastball,15.2,-15.3,0.0,0,16.0,8.2,-7.4,0.8,11,0.5234741784037559,0.5915492957746479,FF
2026,"Beeks, Jalen",656222,Rangers,TEX,L,93.4,207,407,2.75,0.5085995085995086,FF,4-Seam Fastball,15.7,-15.1,-0.6,-4,15.7,6.9,-7.1,-0.2,-3,,,FF
2026,"Watson, Ryan",670245,Angels,LAA,R,94.2,206,1069,7.272108843537415,0.1927034611786716,FF,4-Seam Fastball,15.2,-15.2,0.0,0,15.6,6.9,-8.1,-1.2,-15,0.5234741784037559,0.3262910798122065,FF
2026,"Sandoval, Patrick",663776,Red Sox,BOS,L,93.6,205,947,6.398648648648648,0.2164730728616684,FF,4-Seam Fastball,15.2,-15.0,-0.2,-1,15.9,7.3,-7.1,0.2,2,0.4859154929577465,0.5070422535211268,FF
2026,"Quintana, Jose",500779,Rockies,COL,L,89.7,204,687,4.673469387755102,0.296943231441048,FF,4-Seam Fastball,19.3,-17.4,-1.9,-11,14.6,3.8,-7.1,-3.3,-47,0.1995305164319248,0.1291079812206572,FF
2026,"Adams, Travis",701519,Twins,MIN,R,94.4,204,810,5.510204081632653,0.2518518518518518,FF,4-Seam Fastball,14.4,-14.6,0.2,1,16.3,5.6,-7.3,-1.6,-23,0.5704225352112676,0.2793427230046948,FF
2026,"Paredes, Mike",702474,Twins,MIN,R,93.0,204,551,3.748299319727891,0.3702359346642468,FF,4-Seam Fastball,16.8,-16.3,-0.5,-3,14.7,4.7,-8.3,-3.6,-43,0.4061032863849765,0.1032863849765258,FF
2026,"Laweryson, Cody",689520,Twins,MIN,R,92.6,203,296,2.0136054421768708,0.6858108108108109,FF,4-Seam Fastball,17.8,-17.1,-0.7,-4,14.2,14.0,-8.8,5.1,58,,,FF
2026,"Hentges, Sam",656529,Giants,SF,L,94.4,200,617,4.168918918918919,0.3241491085899514,FF,4-Seam Fastball,15.5,-13.9,-1.6,-11,15.1,6.4,-6.5,-0.1,-2,0.2230046948356807,0.4741784037558685,FF
2026,"Miles, Spencer",693686,Blue Jays,TOR,R,96.0,199,1349,9.114864864864863,0.1475166790214974,FF,4-Seam Fastball,14.8,-13.7,-1.1,-8,15.0,8.2,-7.4,0.8,11,0.3028169014084507,0.5915492957746479,FF
2026,"Weiss, Ryan",680802,Astros,HOU,R,95.2,196,530,3.581081081081081,0.3698113207547169,FF,4-Seam Fastball,13.2,-14.2,1.1,7,17.2,6.1,-7.4,-1.3,-17,0.7605633802816901,0.3145539906103286,FF
2026,"Civale, Aaron",650644,Cubs,CHC,R,91.5,192,1747,11.804054054054054,0.1099026903262736,FF,4-Seam Fastball,14.3,-15.9,1.6,10,18.5,6.4,-6.6,-0.2,-3,0.8591549295774648,0.4530516431924882,FF
2026,"Hill, Jaden",677955,Rockies,COL,R,97.0,190,611,4.156462585034014,0.3109656301145663,FF,4-Seam Fastball,15.6,-14.4,-1.2,-8,13.3,9.0,-8.6,0.4,4,0.2910798122065727,0.5352112676056338,FF
2026,"Sullivan, Sean",807743,Rockies,COL,L,87.7,189,412,2.802721088435374,0.4587378640776699,FF,4-Seam Fastball,21.8,-20.7,-1.1,-5,13.5,10.3,-7.4,2.9,39,,,FF
2026,"Armstrong, Shawn",542888,Guardians,CLE,R,93.5,189,597,4.033783783783784,0.3165829145728643,FF,4-Seam Fastball,16.3,-15.2,-1.2,-8,14.9,5.9,-7.4,-1.4,-19,0.2910798122065727,0.3004694835680751,FF
2026,"Poulin, PJ",676571,Nationals,WSH,L,90.1,189,635,4.261744966442953,0.2976377952755905,FF,4-Seam Fastball,25.1,-21.6,-3.5,-16,8.6,14.7,-11.2,3.5,31,0.0751173708920187,0.9107981220657276,FF
2026,"Wolfram, Grant",664991,Orioles,BAL,L,95.5,188,804,5.4324324324324325,0.2338308457711442,FF,4-Seam Fastball,15.6,-13.8,-1.8,-13,14.4,5.7,-7.0,-1.3,-19,0.2089201877934272,0.3145539906103286,FF
2026,"Alexander, Tyler",641302,Rangers,TEX,L,91.9,187,1054,7.121621621621622,0.1774193548387097,FF,4-Seam Fastball,17.1,-16.5,-0.5,-3,15.4,10.1,-7.7,2.4,31,0.4061032863849765,0.7934272300469484,FF
2026,"Klassen, George",691946,Angels,LAA,R,96.4,187,491,3.3401360544217686,0.3808553971486761,FF,4-Seam Fastball,14.1,-13.8,-0.3,-2,15.7,12.3,-7.6,4.7,61,0.4530516431924882,0.9671361502347418,FF
2026,"Pivetta, Nick",601713,Padres,SD,R,94.1,186,346,2.3537414965986394,0.5375722543352601,FF,4-Seam Fastball,10.9,-13.7,2.8,21,20.3,2.7,-5.8,-3.1,-54,,,FF
2026,"Sommers, Drew",805427,Tigers,DET,L,95.0,185,563,3.829931972789116,0.3285968028419183,FF,4-Seam Fastball,19.7,-17.0,-2.6,-15,10.7,12.8,-11.6,1.2,10,0.1244131455399061,0.6338028169014085,FF
2026,"Herrin, Tim",682120,Guardians,CLE,L,94.7,184,864,5.837837837837838,0.2129629629629629,FF,4-Seam Fastball,18.4,-14.8,-3.7,-25,11.9,6.9,-7.7,-0.8,-11,0.0633802816901408,0.3732394366197183,FF
2026,"Ritchie, JR",702275,Braves,ATL,R,94.5,184,1023,6.912162162162162,0.1798631476050831,FF,4-Seam Fastball,16.3,-15.5,-0.8,-5,14.2,9.4,-8.5,0.9,10,0.3544600938967136,0.6032863849765259,FF
2026,"Jobe, Jackson",695549,Tigers,DET,R,97.7,182,502,3.4149659863945576,0.3625498007968127,FF,4-Seam Fastball,12.3,-13.5,1.2,9,16.4,7.1,-8.0,-0.9,-11,0.7746478873239436,0.3591549295774648,FF
2026,"Sears, JP",676664,Padres,SD,L,93.0,182,529,3.598639455782313,0.3440453686200378,FF,4-Seam Fastball,18.1,-17.3,-0.8,-5,13.5,11.0,-9.6,1.5,15,0.3544600938967136,0.676056338028169,FF
2026,"Nardi, Andrew",677053,Marlins,MIA,L,94.6,181,378,2.554054054054054,0.4788359788359788,FF,4-Seam Fastball,13.6,-14.8,1.2,8,17.3,7.2,-7.7,-0.6,-7,,,FF
2026,"Díaz, Edwin",621242,Dodgers,LAD,R,96.3,179,312,2.122448979591837,0.5737179487179487,FF,4-Seam Fastball,17.7,-16.7,-0.9,-6,11.8,12.3,-12.0,0.3,2,,,FF
2026,"Bidois, Brandan",684049,Pirates,PIT,R,96.9,178,325,2.195945945945946,0.5476923076923077,FF,4-Seam Fastball,9.8,-12.9,3.0,24,19.3,3.5,-6.8,-3.3,-48,,,FF
2026,"Molina, Anthony",683627,Giants,SF,R,96.2,178,374,2.527027027027027,0.4759358288770053,FF,4-Seam Fastball,12.0,-13.1,1.1,8,17.7,6.1,-6.5,-0.4,-7,,,FF
2026,"Orze, Eric",679358,Twins,MIN,R,92.8,177,677,4.605442176870748,0.2614475627769572,FF,4-Seam Fastball,14.0,-15.7,1.7,11,18.0,9.6,-7.3,2.3,31,0.8732394366197183,0.784037558685446,FF
2026,"Murphy, Chris",669684,White Sox,CWS,L,96.3,177,535,3.639455782312925,0.3308411214953271,FF,4-Seam Fastball,13.4,-14.6,1.3,9,16.1,7.7,-8.5,-0.8,-9,0.7981220657276995,0.3732394366197183,FF
2026,"Crochet, Garrett",676979,Red Sox,BOS,L,95.8,174,518,3.5,0.3359073359073359,FF,4-Seam Fastball,13.5,-13.5,0.0,0,16.4,8.2,-7.0,1.2,17,0.5234741784037559,0.6338028169014085,FF
2026,"Gage, Matt",657424,Giants,SF,L,92.2,174,526,3.554054054054054,0.3307984790874524,FF,4-Seam Fastball,16.3,-14.8,-1.5,-10,15.8,2.0,-6.1,-4.1,-67,0.2417840375586854,0.0727699530516431,FF
2026,"Blanco, Ronel",669854,Astros,HOU,R,93.4,173,478,3.22972972972973,0.3619246861924686,FF,4-Seam Fastball,12.4,-14.7,2.2,15,19.1,7.0,-6.8,0.3,4,0.9366197183098592,0.5187793427230047,FF
2026,"Morejon, Adrian",670970,Padres,SD,L,99.3,173,1232,8.380952380952381,0.1404220779220779,FF,4-Seam Fastball,12.6,-12.4,-0.2,-2,15.2,6.0,-7.6,-1.7,-22,0.4859154929577465,0.2605633802816901,FF
2026,"Soto, Gregory",642397,Pirates,PIT,L,97.1,172,1024,6.918918918918919,0.16796875,FF,4-Seam Fastball,15.1,-13.8,-1.4,-10,14.0,11.3,-8.0,3.3,41,0.2605633802816901,0.8849765258215962,FF
2026,"Frasso, Nick",693308,Rockies,COL,R,95.7,171,282,1.9183673469387756,0.6063829787234043,FF,4-Seam Fastball,16.0,-13.2,-2.8,-21,13.8,10.7,-6.3,4.4,69,,,FF
2026,"Maxwell, Zach",687209,Reds,CIN,R,98.8,171,291,1.9795918367346936,0.5876288659793815,FF,4-Seam Fastball,11.3,-12.4,1.1,9,16.9,9.6,-7.3,2.3,31,,,FF
2026,"Keller, Brad",641745,Phillies,PHI,R,97.0,170,533,3.6013513513513518,0.3189493433395872,FF,4-Seam Fastball,14.4,-12.9,-1.5,-12,14.6,0.1,-6.8,-6.7,-98,0.2417840375586854,0.0140845070422535,FF
2026,"Rangel, Alan",660604,Phillies,PHI,R,92.9,168,491,3.3175675675675675,0.3421588594704684,FF,4-Seam Fastball,12.0,-14.9,2.9,19,19.6,3.6,-6.7,-3.1,-46,0.976525821596244,0.136150234741784,FF
2026,"Drake, Kohl",684442,D-backs,AZ,L,91.6,165,382,2.581081081081081,0.4319371727748691,FF,4-Seam Fastball,16.5,-16.0,-0.5,-3,16.2,11.5,-7.0,4.5,64,,,FF
2026,"Bigge, Hunter",685801,Rays,TB,R,96.5,164,319,2.1700680272108843,0.5141065830721003,FF,4-Seam Fastball,11.0,-13.7,2.7,20,18.6,4.0,-7.7,-3.6,-47,,,FF
2026,"Leasure, Jordan",673929,White Sox,CWS,R,95.8,164,313,2.129251700680272,0.5239616613418531,FF,4-Seam Fastball,10.9,-13.8,3.0,21,19.1,3.5,-7.4,-3.9,-52,,,FF
2026,"Williams, Trevor",592866,Rangers,TEX,R,89.9,163,421,2.8445945945945947,0.3871733966745843,FF,4-Seam Fastball,23.0,-20.2,-2.8,-14,10.6,4.1,-9.8,-5.8,-59,,,FF
2026,"Phillips, Evan",623465,Dodgers,LAD,R,96.7,163,357,2.4285714285714284,0.4565826330532213,FF,4-Seam Fastball,13.8,-14.2,0.3,2,15.5,9.6,-8.3,1.3,15,,,FF
2026,"Peoples, Ben",687239,Rangers,TEX,R,96.0,163,282,1.9054054054054053,0.5780141843971631,FF,4-Seam Fastball,13.4,-13.6,0.2,1,16.3,0.8,-7.2,-6.4,-89,,,FF
2026,"Lynch IV, Daniel",663738,Royals,KC,L,94.6,163,1074,7.256756756756757,0.1517690875232774,FF,4-Seam Fastball,14.9,-14.3,-0.6,-4,15.7,8.4,-7.1,1.4,20,0.3873239436619718,0.6572769953051644,FF
2026,"Wesneski, Hayden",669713,Astros,HOU,R,93.6,162,675,4.5608108108108105,0.24,FF,4-Seam Fastball,17.4,-14.7,-2.7,-18,13.8,5.6,-6.9,-1.3,-18,0.1173708920187793,0.3145539906103286,FF
2026,"Murray, Jayden",681151,Cubs,CHC,R,95.3,162,304,2.054054054054054,0.5328947368421053,FF,4-Seam Fastball,14.8,-14.4,-0.3,-2,15.4,8.8,-7.7,1.2,15,,,FF
2026,"Kent, Jackson",800600,Nationals,WSH,L,93.1,162,517,3.469798657718121,0.3133462282398452,FF,4-Seam Fastball,15.9,-15.8,-0.1,0,15.7,5.5,-7.8,-2.3,-30,0.5070422535211268,0.2136150234741784,FF
2026,"Enns, Dietrich",608650,Orioles,BAL,L,93.8,160,291,1.966216216216216,0.5498281786941581,FF,4-Seam Fastball,14.2,-14.5,0.3,2,17.0,5.5,-6.8,-1.3,-19,,,FF
2026,"Franco, Jose",683742,Reds,CIN,R,95.1,160,348,2.36734693877551,0.4597701149425287,FF,4-Seam Fastball,13.8,-14.4,0.6,4,16.6,10.1,-7.5,2.6,34,,,FF
2026,"Gamboa, Alec",687941,Red Sox,BOS,L,95.5,160,372,2.5135135135135136,0.4301075268817204,FF,4-Seam Fastball,13.1,-13.2,0.1,1,16.8,3.4,-6.3,-2.9,-46,,,FF
2026,"Corbin, Patrick",571578,Blue Jays,TOR,L,91.3,159,1412,9.54054054054054,0.1126062322946175,FF,4-Seam Fastball,17.9,-15.4,-2.4,-16,15.0,7.3,-6.4,0.9,14,0.1408450704225352,0.6032863849765259,FF
2026,"Morales, Luis",806960,Athletics,ATH,R,97.2,158,346,2.3378378378378377,0.4566473988439306,FF,4-Seam Fastball,14.4,-14.0,-0.5,-3,14.5,8.6,-8.2,0.3,4,,,FF
2026,"Fernandez, Ryan",681676,Cardinals,STL,R,94.7,158,387,2.614864864864865,0.4082687338501292,FF,4-Seam Fastball,12.8,-14.4,1.5,11,17.7,6.9,-7.3,-0.4,-5,,,FF
2026,"Banda, Anthony",607455,Twins,MIN,L,94.6,158,608,4.136054421768708,0.2598684210526316,FF,4-Seam Fastball,15.8,-15.1,-0.7,-5,14.9,11.0,-8.0,3.0,37,0.380281690140845,0.8591549295774648,FF
2026,"Winn, Keaton",676775,Giants,SF,R,96.1,158,644,4.351351351351352,0.2453416149068323,FF,4-Seam Fastball,15.2,-13.5,-1.7,-13,14.4,9.5,-6.9,2.6,38,0.2183098591549295,0.8356807511737089,FF
2026,"Gastelum, Luis",703725,Cardinals,STL,R,94.2,156,501,3.385135135135135,0.311377245508982,FF,4-Seam Fastball,15.9,-15.5,-0.4,-3,15.0,10.5,-8.3,2.3,27,0.431924882629108,0.784037558685446,FF
2026,"Scholtens, Jesse",669947,Rays,TB,R,93.1,156,723,4.918367346938775,0.2157676348547718,FF,4-Seam Fastball,14.0,-15.3,1.3,8,17.7,5.1,-7.2,-2.1,-29,0.7981220657276995,0.2183098591549295,FF
2026,"Wilkinson, Matt",683363,Giants,SF,L,90.4,156,269,1.8175675675675675,0.5799256505576208,FF,4-Seam Fastball,19.7,-20.0,0.2,1,13.9,11.3,-10.1,1.2,12,,,FF
2026,"Yarbrough, Ryan",642232,Yankees,NYY,L,87.4,155,907,6.170068027210885,0.1708930540242557,FF,4-Seam Fastball,23.8,-20.7,-3.1,-15,12.2,13.4,-8.7,4.8,55,0.0915492957746478,0.9694835680751174,FF
2026,"Murphy, Luke",684665,Angels,LAA,R,95.7,155,274,1.8639455782312928,0.5656934306569343,FF,4-Seam Fastball,14.6,-14.0,-0.7,-5,15.5,10.6,-7.4,3.2,44,,,FF
2026,"Smith-Shawver, AJ",700363,Braves,ATL,R,96.0,154,401,2.70945945945946,0.3840399002493765,FF,4-Seam Fastball,14.4,-14.1,-0.4,-3,15.4,11.3,-7.8,3.5,45,,,FF
2026,"Smith, Hagen",696146,White Sox,CWS,L,93.9,154,303,2.061224489795918,0.5082508250825083,FF,4-Seam Fastball,17.1,-16.0,-1.1,-7,13.9,8.1,-8.7,-0.6,-7,,,FF
2026,"Minter, A.J.",621345,Twins,MIN,L,93.4,154,574,3.9047619047619047,0.2682926829268293,FF,4-Seam Fastball,16.4,-15.5,-0.8,-5,14.9,3.5,-7.7,-4.2,-55,0.3544600938967136,0.068075117370892,FF
2026,"Abel, Mick",690953,Twins,MIN,R,94.8,153,357,2.4285714285714284,0.4285714285714285,FF,4-Seam Fastball,13.6,-14.9,1.3,9,16.9,7.5,-8.1,-0.6,-8,,,FF
2026,"Sandlin, David",689818,White Sox,CWS,R,96.6,151,409,2.782312925170068,0.3691931540342298,FF,4-Seam Fastball,13.8,-13.5,-0.3,-2,15.6,5.7,-7.4,-1.6,-22,,,FF
2026,"Abner, Philip",691769,Giants,SF,L,90.6,150,270,1.8243243243243243,0.5555555555555556,FF,4-Seam Fastball,20.6,-17.1,-3.6,-21,12.7,0.8,-7.3,-6.5,-89,,,FF
2026,"Roupp, Landen",694738,Giants,SF,R,92.9,149,2624,17.72972972972973,0.0567835365853658,FF,4-Seam Fastball,20.8,-16.6,-4.2,-25,10.7,10.6,-8.5,2.1,25,0.0352112676056338,0.7652582159624414,FF
2026,"Junis, Jakob",596001,Rangers,TEX,R,92.4,147,752,5.081081081081081,0.1954787234042553,FF,4-Seam Fastball,19.3,-16.4,-3.0,-18,12.6,4.1,-7.8,-3.7,-47,0.0985915492957746,0.0892018779342723,FF
2026,"Pérez, Cionel",672335,Mets,NYM,L,96.9,147,702,4.775510204081633,0.2094017094017094,FF,4-Seam Fastball,14.9,-14.7,-0.2,-1,14.2,6.2,-8.9,-2.7,-31,0.4859154929577465,0.1737089201877934,FF
2026,"Ferguson, Caleb",657571,Cardinals,STL,L,92.2,146,586,3.95945945945946,0.2491467576791808,FF,4-Seam Fastball,17.3,-16.1,-1.2,-7,14.8,5.6,-7.5,-2.0,-26,0.2910798122065727,0.2276995305164319,FF
2026,"Hicks, Jordan",663855,White Sox,CWS,R,99.4,146,786,5.346938775510204,0.1857506361323155,FF,4-Seam Fastball,13.8,-12.1,-1.6,-13,14.0,11.2,-7.4,3.8,51,0.2230046948356807,0.9272300469483568,FF
2026,"Phillips, Tyler",663969,Marlins,MIA,R,96.1,144,1846,12.472972972972974,0.0780065005417118,FF,4-Seam Fastball,15.4,-13.4,-2.0,-15,14.2,8.8,-6.9,1.9,28,0.1830985915492957,0.7300469483568075,FF
2026,"Loáisiga, Jonathan",642528,D-backs,AZ,R,97.5,140,865,5.844594594594595,0.1618497109826589,FF,4-Seam Fastball,15.5,-14.2,-1.3,-9,13.3,9.5,-8.7,0.7,9,0.2746478873239437,0.5774647887323944,FF
2026,"Rom, Drew",680723,Athletics,ATH,L,91.8,140,213,1.4391891891891893,0.6572769953051644,FF,4-Seam Fastball,15.7,-16.3,0.6,4,16.6,5.1,-7.4,-2.3,-31,,,FF
2026,"Lavender, Nate",681320,Mets,NYM,L,92.3,136,198,1.346938775510204,0.6868686868686869,FF,4-Seam Fastball,14.0,-16.7,2.7,16,18.2,5.9,-8.1,-2.3,-28,,,FF
2026,"Holton, Tyler",663947,Tigers,DET,L,91.5,136,1080,7.346938775510204,0.1259259259259259,FF,4-Seam Fastball,16.8,-16.0,-0.8,-5,15.8,5.7,-6.9,-1.2,-17,0.3544600938967136,0.3262910798122065,FF
2026,"Wilcox, Cole",677961,Mariners,SEA,R,96.6,135,488,3.2972972972972974,0.2766393442622951,FF,4-Seam Fastball,18.2,-13.8,-4.4,-32,11.1,13.6,-7.8,5.8,75,0.0211267605633802,0.9859154929577464,FF
2026,"Henry, Cole",669371,Nationals,WSH,R,93.9,135,282,1.8926174496644292,0.4787234042553192,FF,4-Seam Fastball,17.8,-15.8,-2.0,-13,13.3,13.2,-8.4,4.8,57,,,FF
2026,"Sisk, Evan",681895,Pirates,PIT,L,91.5,135,791,5.344594594594595,0.1706700379266751,FF,4-Seam Fastball,19.7,-17.8,-2.0,-11,12.9,7.2,-8.4,-1.2,-15,0.1830985915492957,0.3262910798122065,FF
2026,"Ferguson, Tyler",621053,Cubs,CHC,R,95.5,135,293,1.9797297297297296,0.4607508532423208,FF,4-Seam Fastball,16.5,-14.3,-2.3,-16,13.4,7.3,-7.5,-0.3,-4,,,FF
2026,"Stock, Robert",476594,Mets,NYM,R,95.8,134,560,3.809523809523809,0.2392857142857143,FF,4-Seam Fastball,19.2,-16.7,-2.6,-15,10.8,12.5,-10.6,1.8,17,0.1244131455399061,0.7136150234741784,FF
2026,"Morgan, David",688158,Padres,SD,R,97.6,134,475,3.2312925170068025,0.2821052631578947,FF,4-Seam Fastball,13.5,-14.4,0.9,6,15.2,5.1,-8.9,-3.8,-43,0.7206572769953051,0.0845070422535211,FF
2026,"Williamson, Brandon",682227,Reds,CIN,L,92.7,134,691,4.700680272108843,0.1939218523878437,FF,4-Seam Fastball,15.0,-14.7,-0.3,-2,17.1,8.7,-6.2,2.5,40,0.4530516431924882,0.8145539906103286,FF
2026,"Anderson, Kade",807739,Mariners,SEA,L,93.6,133,326,2.202702702702702,0.4079754601226993,FF,4-Seam Fastball,14.9,-14.9,-0.1,0,16.3,7.0,-7.1,-0.1,-2,,,FF
2026,"Bello, Brayan",678394,Red Sox,BOS,R,95.4,133,1736,11.72972972972973,0.0766129032258064,FF,4-Seam Fastball,18.3,-14.6,-3.7,-25,11.7,6.2,-7.9,-1.7,-22,0.0633802816901408,0.2605633802816901,FF
2026,"Warren, Austin",681810,Mets,NYM,R,93.9,132,821,5.585034013605442,0.1607795371498173,FF,4-Seam Fastball,16.4,-16.7,0.3,2,14.7,11.6,-9.6,2.0,21,0.596244131455399,0.7511737089201878,FF
2026,"Manfredi, Mark",815081,Rockies,COL,L,94.4,131,209,1.4217687074829932,0.6267942583732058,FF,4-Seam Fastball,17.3,-15.4,-1.9,-12,13.2,9.2,-8.3,0.9,11,,,FF
2026,"Barco, Hunter",682995,Pirates,PIT,L,94.1,130,351,2.371621621621621,0.3703703703703703,FF,4-Seam Fastball,18.8,-16.2,-2.6,-16,12.4,14.4,-8.9,5.4,61,,,FF
2026,"Brogdon, Connor",641401,Guardians,CLE,R,94.5,129,267,1.804054054054054,0.4831460674157303,FF,4-Seam Fastball,13.8,-14.4,0.6,4,17.1,9.6,-7.3,2.3,31,,,FF
2026,"Slaten, Justin",686580,Red Sox,BOS,R,96.6,128,508,3.4324324324324325,0.2519685039370078,FF,4-Seam Fastball,12.1,-13.3,1.2,9,17.2,1.6,-7.3,-5.7,-78,0.7746478873239436,0.0305164319248826,FF
2026,"Kranick, Max",668820,Nationals,WSH,R,95.4,127,340,2.2818791946308723,0.3735294117647059,FF,4-Seam Fastball,14.2,-14.0,-0.2,-1,15.7,5.0,-7.3,-2.3,-31,,,FF
2026,"Kinley, Tyler",641755,Tigers,DET,R,94.4,127,817,5.557823129251701,0.1554467564259486,FF,4-Seam Fastball,14.8,-14.5,-0.4,-2,15.7,3.0,-7.5,-4.5,-60,0.431924882629108,0.0610328638497652,FF
2026,"Adam, Jason",592094,Padres,SD,R,93.4,126,551,3.748299319727891,0.2286751361161524,FF,4-Seam Fastball,14.3,-14.4,0.1,1,17.1,9.6,-6.5,3.1,48,0.5516431924882629,0.8685446009389671,FF
2026,"Joyce, Ben",690829,Angels,LAA,R,101.2,126,189,1.2857142857142858,0.6666666666666666,FF,4-Seam Fastball,11.9,-12.5,0.6,5,14.9,9.6,-9.3,0.3,4,,,FF
2026,"Morgan, Eli",669212,Royals,KC,R,91.2,126,339,2.2905405405405403,0.3716814159292035,FF,4-Seam Fastball,15.0,-16.3,1.3,8,18.0,10.3,-7.0,3.3,47,,,FF
2026,"Smith, Burch",572143,Tigers,DET,R,93.8,125,287,1.9523809523809523,0.4355400696864111,FF,4-Seam Fastball,13.9,-15.4,1.5,10,17.3,5.0,-7.9,-2.9,-37,,,FF
2026,"Moll, Sam",594580,Reds,CIN,L,92.6,125,1073,7.299319727891157,0.1164958061509785,FF,4-Seam Fastball,22.0,-21.6,-0.3,-2,9.8,10.8,-11.4,-0.6,-5,0.4530516431924882,0.4014084507042254,FF
2026,"Mears, Nick",683232,Royals,KC,R,94.8,125,341,2.304054054054054,0.3665689149560117,FF,4-Seam Fastball,11.7,-13.9,2.2,16,18.9,7.5,-6.7,0.8,12,,,FF
2026,"Waldron, Matt",663362,Nationals,WSH,R,92.0,123,690,4.630872483221476,0.1782608695652174,FF,4-Seam Fastball,18.1,-16.5,-1.6,-10,14.0,7.8,-7.7,0.1,1,0.2230046948356807,0.4953051643192488,FF
2026,"Helsley, Ryan",664854,Orioles,BAL,R,98.8,123,273,1.8445945945945943,0.4505494505494505,FF,4-Seam Fastball,8.9,-12.0,3.1,26,19.3,2.1,-7.0,-4.9,-70,,,FF
2026,"Bassitt, Chris",605135,Orioles,BAL,R,92.2,122,1546,10.445945945945946,0.0789133247089262,FF,4-Seam Fastball,20.5,-17.1,-3.4,-20,11.5,7.1,-8.6,-1.5,-17,0.0774647887323943,0.284037558685446,FF
2026,"Cuas, Jose",621016,Royals,KC,R,92.0,121,374,2.527027027027027,0.3235294117647059,FF,4-Seam Fastball,23.4,-21.7,-1.6,-8,8.9,10.4,-11.8,-1.4,-12,,,FF
2026,"Kent, Zak",687849,Nationals,WSH,R,92.8,119,294,1.9731543624161076,0.4047619047619047,FF,4-Seam Fastball,19.5,-14.9,-4.5,-30,12.1,1.0,-6.6,-7.7,-116,,,FF
2026,"Gibson, Trey",694346,Orioles,BAL,R,95.4,119,619,4.1824324324324325,0.1922455573505654,FF,4-Seam Fastball,16.0,-14.0,-2.0,-14,14.2,9.8,-7.3,2.5,34,0.1830985915492957,0.8145539906103286,FF
2026,"Mederos, Victor",682989,Braves,ATL,R,97.2,118,503,3.3986486486486487,0.2345924453280318,FF,4-Seam Fastball,16.2,-14.2,-2.0,-14,12.7,10.6,-8.7,1.9,22,0.1830985915492957,0.7300469483568075,FF
2026,"Hoffmann, Andrew",694851,D-backs,AZ,R,94.5,118,229,1.5472972972972974,0.5152838427947598,FF,4-Seam Fastball,15.3,-14.4,-0.8,-6,15.5,5.3,-7.1,-1.8,-25,,,FF
2026,"Black, Mason",696131,Royals,KC,R,94.0,118,556,3.756756756756757,0.2122302158273381,FF,4-Seam Fastball,17.0,-16.2,-0.8,-5,13.9,12.5,-8.9,3.6,41,0.3544600938967136,0.9154929577464788,FF
2026,"Roycroft, Chris",688297,Athletics,ATH,R,94.7,117,577,3.8986486486486487,0.2027729636048527,FF,4-Seam Fastball,20.9,-14.9,-6.0,-40,9.5,5.2,-8.1,-2.9,-36,0.0070422535211267,0.1619718309859155,FF
2026,"Lovelady, Richard",663992,Nationals,WSH,L,91.4,116,539,3.61744966442953,0.2152133580705009,FF,4-Seam Fastball,20.6,-18.1,-2.6,-14,11.9,3.7,-8.7,-5.0,-58,0.1244131455399061,0.0446009389671361,FF
2026,"Acton, Garrett",670183,Twins,MIN,R,94.5,116,203,1.380952380952381,0.5714285714285714,FF,4-Seam Fastball,11.7,-14.7,3.0,20,19.0,4.1,-7.3,-3.2,-44,,,FF
2026,"Hall, DL",669084,Brewers,MIL,L,95.0,116,840,5.675675675675675,0.1380952380952381,FF,4-Seam Fastball,15.7,-14.8,-0.9,-6,14.7,7.4,-8.3,-0.8,-10,0.3333333333333333,0.3732394366197183,FF
2026,"Stewart, Brock",592779,Dodgers,LAD,R,95.8,115,321,2.183673469387755,0.3582554517133956,FF,4-Seam Fastball,15.6,-15.3,-0.3,-2,14.1,8.9,-9.1,-0.2,-2,,,FF
2026,"Banks, Tanner",621383,Phillies,PHI,L,92.0,114,551,3.722972972972973,0.2068965517241379,FF,4-Seam Fastball,17.4,-15.4,-2.0,-13,15.0,2.5,-6.7,-4.2,-63,0.1830985915492957,0.068075117370892,FF
2026,"Collyer, Gavin",686560,Rangers,TEX,R,97.3,114,446,3.0135135135135136,0.2556053811659193,FF,4-Seam Fastball,16.8,-15.0,-1.8,-12,12.2,11.8,-9.4,2.4,25,0.2089201877934272,0.7934272300469484,FF
2026,"Rivera, Eduardo",700842,Red Sox,BOS,L,95.3,114,210,1.4189189189189189,0.5428571428571428,FF,4-Seam Fastball,13.9,-13.5,-0.4,-3,16.2,3.1,-6.5,-3.4,-53,,,FF
2026,"Cleavinger, Garrett",664076,Rays,TB,L,96.6,113,734,4.993197278911564,0.1539509536784741,FF,4-Seam Fastball,13.3,-14.7,1.4,10,16.1,7.8,-8.7,-0.9,-10,0.8169014084507042,0.3591549295774648,FF
2026,"Fulton, Dax",690978,Marlins,MIA,L,95.2,112,377,2.5472972972972974,0.2970822281167108,FF,4-Seam Fastball,18.8,-13.4,-5.4,-41,11.3,1.3,-6.3,-7.6,-120,,,FF
2026,"Tong, Jonah",804636,Mets,NYM,R,95.6,112,274,1.8639455782312928,0.4087591240875912,FF,4-Seam Fastball,11.8,-14.2,2.3,16,18.2,6.7,-7.7,-0.9,-12,,,FF
2026,"Bolton, Cody",675989,Astros,HOU,R,94.8,111,391,2.641891891891892,0.2838874680306905,FF,4-Seam Fastball,16.1,-14.9,-1.2,-8,14.4,4.1,-7.9,-3.7,-47,,,FF
2026,"Marte, Yunior",805074,Giants,SF,R,93.2,111,215,1.4527027027027026,0.5162790697674419,FF,4-Seam Fastball,17.6,-14.9,-2.7,-18,14.0,8.2,-6.8,1.3,19,,,FF
2026,"Bird, Jake",656234,Nationals,WSH,R,93.4,110,678,4.550335570469799,0.1622418879056047,FF,4-Seam Fastball,19.6,-16.0,-3.6,-23,11.6,3.1,-8.2,-5.1,-62,0.0704225352112676,0.0399061032863849,FF
2026,"Espino, Daniel",682982,Guardians,CLE,R,98.9,110,178,1.2027027027027026,0.6179775280898876,FF,4-Seam Fastball,11.1,-12.4,1.2,10,17.0,6.2,-7.5,-1.3,-17,,,FF
2026,"Foster, Cameron",671382,Orioles,BAL,R,96.1,110,189,1.277027027027027,0.582010582010582,FF,4-Seam Fastball,11.6,-13.2,1.6,12,18.2,7.9,-6.7,1.2,18,,,FF
2026,"Olds, Wyatt",681544,Red Sox,BOS,R,96.6,110,222,1.5,0.4954954954954955,FF,4-Seam Fastball,12.3,-14.0,1.7,12,17.2,11.6,-8.0,3.6,46,,,FF
2026,"Blewett, Scott",656240,Athletics,ATH,R,95.4,108,451,3.0472972972972974,0.2394678492239468,FF,4-Seam Fastball,14.9,-13.5,-1.4,-10,15.1,6.8,-6.6,0.1,2,0.2605633802816901,0.4953051643192488,FF
2026,"Falter, Bailey",663559,Braves,ATL,L,92.3,107,197,1.3310810810810811,0.5431472081218274,FF,4-Seam Fastball,14.1,-16.2,2.1,13,18.1,4.4,-7.0,-2.6,-37,,,FF
2026,"Hartlieb, Geoff",664129,Athletics,ATH,R,95.3,107,308,2.081081081081081,0.3474025974025974,FF,4-Seam Fastball,15.0,-13.8,-1.2,-9,15.0,6.6,-6.9,-0.2,-4,,,FF
2026,"Brieske, Beau",689225,Tigers,DET,R,95.7,107,225,1.530612244897959,0.4755555555555555,FF,4-Seam Fastball,13.2,-14.0,0.8,5,16.6,5.4,-7.3,-1.9,-26,,,FF
2026,"Urquidy, José",664353,White Sox,CWS,R,92.3,106,493,3.3537414965986394,0.2150101419878296,FF,4-Seam Fastball,13.7,-15.6,1.9,12,18.5,10.2,-6.9,3.3,48,0.8943661971830986,0.8849765258215962,FF
2026,"Cabrera, Jose",703615,D-backs,AZ,R,93.8,106,423,2.858108108108108,0.2505910165484633,FF,4-Seam Fastball,17.2,-15.0,-2.2,-15,14.0,10.9,-7.3,3.6,49,,,FF
2026,"Peralta, Wandy",593974,Padres,SD,L,96.3,105,1115,7.585034013605442,0.0941704035874439,FF,4-Seam Fastball,15.1,-14.0,-1.0,-7,14.4,9.9,-8.2,1.7,21,0.3192488262910798,0.6948356807511737,FF
2026,"Martin, Trevor",694680,Angels,LAA,R,94.9,104,229,1.5578231292517006,0.4541484716157205,FF,4-Seam Fastball,14.5,-15.0,0.5,3,16.2,9.0,-8.2,0.8,10,,,FF
2026,"Adams, Mason",690279,Rockies,COL,R,93.2,103,304,2.068027210884354,0.3388157894736842,FF,4-Seam Fastball,19.4,-16.9,-2.5,-15,11.8,7.1,-9.0,-1.9,-21,,,FF
2026,"Juenger, Hayden",696522,Athletics,ATH,R,94.6,102,292,1.972972972972973,0.3493150684931507,FF,4-Seam Fastball,14.4,-15.6,1.2,8,16.2,11.6,-8.6,3.0,35,,,FF
2026,"Walker, Josh",677020,Orioles,BAL,L,92.9,101,401,2.70945945945946,0.2518703241895262,FF,4-Seam Fastball,16.2,-14.8,-1.4,-10,15.5,3.0,-6.3,-3.4,-53,,,FF
2026,"Kelly, Antwone",699008,Pirates,PIT,R,99.1,101,186,1.2567567567567568,0.543010752688172,FF,4-Seam Fastball,12.9,-12.6,-0.3,-2,15.0,6.8,-7.7,-1.0,-13,,,FF
2026,"Lange, Alex",656638,Royals,KC,R,95.9,101,1028,6.945945945945946,0.098249027237354,FF,4-Seam Fastball,16.4,-14.1,-2.3,-16,13.4,10.0,-7.6,2.4,31,0.1502347417840375,0.7934272300469484,FF
2026,"Kerry, Brett",695049,Angels,LAA,R,91.6,101,212,1.4421768707482994,0.4764150943396226,FF,4-Seam Fastball,15.5,-15.9,0.5,3,17.3,6.3,-6.9,-0.5,-8,,,FF
2026,"Estrada, Lazaro",681751,Blue Jays,TOR,R,92.8,101,228,1.5405405405405406,0.4429824561403508,FF,4-Seam Fastball,12.9,-15.7,2.9,18,19.1,7.3,-7.5,-0.1,-2,,,FF
2026,"Englert, Mason",669438,Rays,TB,R,92.9,100,577,3.925170068027211,0.1733102253032929,FF,4-Seam Fastball,14.7,-15.2,0.6,4,17.3,9.1,-6.9,2.1,31,0.6643192488262911,0.7652582159624414,FF
2026,"Faucher, Calvin",676534,Marlins,MIA,R,96.3,100,1052,7.108108108108108,0.0950570342205323,FF,4-Seam Fastball,15.1,-14.9,-0.3,-2,14.4,8.2,-8.7,-0.5,-6,0.4530516431924882,0.4131455399061033,FF
2026,"Dobnak, Randy",677976,Royals,KC,R,92.2,100,1067,7.20945945945946,0.0937207122774133,FF,4-Seam Fastball,23.3,-16.9,-6.4,-38,8.8,11.8,-8.6,3.2,37,0.0046948356807511,0.8826291079812206,FF
2026,"Karinchak, James",675916,Braves,ATL,R,95.0,98,162,1.0945945945945943,0.6049382716049383,FF,4-Seam Fastball,11.3,-13.9,2.6,19,19.0,6.5,-6.9,-0.4,-6,,,FF
2026,"Mayza, Tim",641835,Phillies,PHI,L,94.6,97,979,6.614864864864865,0.0990806945863125,FF,4-Seam Fastball,16.8,-13.9,-2.9,-21,13.6,8.2,-6.8,1.4,21,0.1032863849765258,0.6572769953051644,FF
2026,"Curry, Xzavion",675540,Mets,NYM,R,90.7,97,287,1.9523809523809523,0.337979094076655,FF,4-Seam Fastball,14.7,-16.4,1.6,10,18.6,5.7,-6.5,-0.9,-14,,,FF
2026,"Sousa, Bennett",656986,Astros,HOU,L,94.0,96,424,2.864864864864865,0.2264150943396226,FF,4-Seam Fastball,13.6,-14.1,0.5,4,17.5,3.0,-6.4,-3.4,-53,,,FF
2026,"Nicolas, Kyle",693312,Reds,CIN,R,96.8,96,198,1.346938775510204,0.4848484848484848,FF,4-Seam Fastball,12.1,-13.4,1.4,10,17.4,8.2,-7.6,0.6,8,,,FF
2026,"Pérez, Martín",527048,Braves,ATL,L,89.9,96,2075,14.02027027027027,0.0462650602409638,FF,4-Seam Fastball,17.9,-17.5,-0.5,-3,16.0,10.1,-7.4,2.7,37,,,FF
2026,"Valdez, Framber",664285,Tigers,DET,L,94.8,96,2591,17.625850340136054,0.0370513315322269,FF,4-Seam Fastball,17.1,-14.7,-2.3,-16,13.2,6.4,-7.9,-1.5,-19,,,FF
2026,"Kempner, William",687531,Marlins,MIA,R,95.5,96,199,1.3445945945945943,0.4824120603015075,FF,4-Seam Fastball,18.4,-18.9,0.5,3,11.7,16.5,-12.5,4.0,32,,,FF
2026,"Beck, Tristan",663941,Giants,SF,R,94.4,96,247,1.6689189189189189,0.388663967611336,FF,4-Seam Fastball,15.2,-14.5,-0.7,-5,15.5,8.6,-7.2,1.4,19,,,FF
2026,"Pecko, Ethan",814490,Astros,HOU,R,93.5,96,416,2.810810810810811,0.2307692307692307,FF,4-Seam Fastball,16.2,-15.5,-0.8,-5,15.2,8.2,-7.7,0.6,7,,,FF
2026,"Rock, Joe",697812,White Sox,CWS,L,93.3,95,195,1.326530612244898,0.4871794871794871,FF,4-Seam Fastball,18.3,-15.8,-2.5,-16,13.1,12.6,-7.9,4.7,60,,,FF
2026,"Anderson, Shaun",641312,Angels,LAA,R,93.1,94,351,2.3877551020408165,0.2678062678062678,FF,4-Seam Fastball,16.5,-15.0,-1.5,-10,15.1,2.0,-7.0,-5.0,-71,,,FF
2026,"Yoho, Craig",684974,Guardians,CLE,R,94.2,94,572,3.864864864864865,0.1643356643356643,FF,4-Seam Fastball,20.0,-16.8,-3.2,-19,10.8,15.8,-10.2,5.7,56,0.0868544600938967,0.9812206572769951,FF
2026,"Wilson, Bryse",669060,Brewers,MIL,R,93.2,94,533,3.6013513513513518,0.1763602251407129,FF,4-Seam Fastball,15.9,-15.1,-0.9,-6,15.6,6.0,-7.1,-1.0,-15,0.3333333333333333,0.352112676056338,FF
2026,"Rodríguez, Elmer",695684,Yankees,NYY,R,95.4,94,497,3.380952380952381,0.1891348088531187,FF,4-Seam Fastball,18.2,-14.4,-3.8,-27,12.0,9.4,-7.7,1.7,22,0.0516431924882629,0.6948356807511737,FF
2026,"Lawrence, Justin",664875,Nationals,WSH,R,95.6,93,684,4.590604026845638,0.1359649122807017,FF,4-Seam Fastball,18.5,-17.8,-0.7,-4,11.5,12.0,-12.3,-0.3,-2,0.380281690140845,0.4342723004694835,FF
2026,"Hollowell, Gavin",668970,Cubs,CHC,R,94.4,92,253,1.7094594594594594,0.3636363636363636,FF,4-Seam Fastball,19.6,-15.8,-3.8,-24,11.2,9.8,-8.8,1.1,12,,,FF
2026,"Bido, Osvaldo",674370,White Sox,CWS,R,94.4,92,317,2.1564625850340136,0.2902208201892745,FF,4-Seam Fastball,15.8,-14.8,-1.1,-7,14.9,8.6,-7.5,1.1,15,,,FF
2026,"Sears, Andrew",808825,Tigers,DET,L,94.1,91,209,1.4217687074829932,0.4354066985645933,FF,4-Seam Fastball,17.2,-16.0,-1.2,-8,13.9,11.6,-8.7,2.9,33,,,FF
2026,"Hart, Kyle",606996,Padres,SD,L,94.1,88,996,6.775510204081633,0.0883534136546184,FF,4-Seam Fastball,16.1,-15.2,-0.9,-6,14.8,8.3,-7.8,0.5,7,0.3333333333333333,0.5492957746478874,FF
2026,"Allen, Logan",671106,Guardians,CLE,L,91.0,88,325,2.195945945945946,0.2707692307692307,FF,4-Seam Fastball,18.9,-19.1,0.2,1,14.2,8.2,-9.7,-1.5,-15,,,FF
2026,"Ullola, Miguel",699044,Astros,HOU,R,95.1,88,119,0.8040540540540541,0.7394957983193278,FF,4-Seam Fastball,10.8,-14.3,3.6,25,19.6,4.9,-7.6,-2.8,-36,,,FF
2026,"Milner, Hoby",571948,Mariners,SEA,L,87.2,87,614,4.148648648648648,0.1416938110749185,FF,4-Seam Fastball,29.8,-27.4,-2.4,-9,6.5,14.3,-12.9,1.4,11,0.1408450704225352,0.6572769953051644,FF
2026,"Vanasco, Ricky",676568,Tigers,DET,R,93.7,87,170,1.1564625850340136,0.5117647058823529,FF,4-Seam Fastball,16.3,-15.4,-1.0,-6,14.9,12.5,-7.8,4.7,61,,,FF
2026,"Núñez, Dedniel",673380,Mets,NYM,R,96.4,85,160,1.08843537414966,0.53125,FF,4-Seam Fastball,13.9,-14.7,0.8,5,15.5,5.7,-8.8,-3.1,-35,,,FF
2026,"Tolman, Erik",680899,Nationals,WSH,L,97.4,85,161,1.080536912751678,0.5279503105590062,FF,4-Seam Fastball,12.8,-12.9,0.1,1,16.1,9.0,-7.2,1.9,26,,,FF
2026,"Samaniego, Tyler",701719,Red Sox,BOS,L,93.6,84,314,2.121621621621621,0.267515923566879,FF,4-Seam Fastball,16.3,-15.1,-1.2,-8,15.0,3.7,-7.4,-3.7,-50,,,FF
2026,"Sands, Cole",663485,Twins,MIN,R,93.1,83,209,1.4217687074829932,0.3971291866028708,FF,4-Seam Fastball,17.3,-16.0,-1.3,-8,14.4,11.1,-8.1,3.0,38,,,FF
2026,"Little, Brendon",663893,Blue Jays,TOR,L,96.1,81,495,3.3445945945945947,0.1636363636363636,FF,4-Seam Fastball,15.9,-13.4,-2.5,-19,13.7,6.8,-6.9,-0.1,-1,0.1338028169014084,0.4741784037558685,FF
2026,"Kittredge, Andrew",552640,Orioles,BAL,R,94.3,81,670,4.527027027027027,0.1208955223880597,FF,4-Seam Fastball,15.0,-14.5,-0.5,-4,15.7,1.9,-7.1,-5.2,-73,0.4061032863849765,0.0375586854460093,FF
2026,"Heuer, Codi",676051,Guardians,CLE,R,95.4,81,189,1.277027027027027,0.4285714285714285,FF,4-Seam Fastball,17.2,-14.4,-2.8,-20,13.1,13.2,-7.9,5.3,68,,,FF
2026,"Sims, Lucas",608371,White Sox,CWS,R,94.1,78,171,1.163265306122449,0.4561403508771929,FF,4-Seam Fastball,14.5,-15.4,0.8,6,16.4,6.5,-7.9,-1.5,-18,,,FF
2026,"Shugart, Chase",663767,Phillies,PHI,R,96.1,78,774,5.22972972972973,0.1007751937984496,FF,4-Seam Fastball,13.8,-14.3,0.5,4,15.9,8.9,-8.0,0.9,11,0.647887323943662,0.6032863849765259,FF
2026,"Seymour, Carson",693313,Giants,SF,R,97.1,77,428,2.891891891891892,0.1799065420560747,FF,4-Seam Fastball,15.8,-13.2,-2.6,-20,13.2,8.6,-7.3,1.3,17,,,FF
2026,"Curtis, Khristian",694753,Pirates,PIT,R,95.7,77,217,1.4662162162162162,0.3548387096774194,FF,4-Seam Fastball,12.5,-13.9,1.3,9,17.3,7.5,-7.4,0.1,1,,,FF
2026,"Hernández, Elieser",622694,Braves,ATL,R,92.2,77,203,1.3716216216216215,0.3793103448275862,FF,4-Seam Fastball,15.1,-17.1,2.0,12,17.2,7.7,-8.4,-0.7,-8,,,FF
2026,"Boyle, Joe",671212,Rays,TB,R,97.3,77,347,2.360544217687075,0.2219020172910663,FF,4-Seam Fastball,14.0,-13.6,-0.4,-3,14.9,7.8,-7.9,-0.2,-2,,,FF
2026,"Mautz, Brycen",802408,Cardinals,STL,L,93.4,77,191,1.2905405405405406,0.4031413612565445,FF,4-Seam Fastball,18.6,-16.3,-2.3,-14,12.7,10.6,-8.6,2.1,24,,,FF
2026,"Garcia, Robert",676395,Rangers,TEX,L,94.1,77,170,1.148648648648649,0.4529411764705882,FF,4-Seam Fastball,16.8,-15.2,-1.6,-11,14.3,10.6,-7.8,2.8,36,,,FF
2026,"Barlow, Scott",605130,Athletics,ATH,R,89.0,76,581,3.925675675675676,0.1308089500860585,FF,4-Seam Fastball,23.0,-20.2,-2.8,-14,11.5,3.8,-8.8,-5.0,-57,0.107981220657277,0.0446009389671361,FF
2026,"Cosgrove, Tom",676680,Nationals,WSH,L,88.6,75,268,1.7986577181208054,0.2798507462686567,FF,4-Seam Fastball,24.0,-21.6,-2.5,-11,10.5,5.3,-9.9,-4.6,-46,,,FF
2026,"Smith, Shane",681343,White Sox,CWS,R,95.3,74,225,1.530612244897959,0.3288888888888889,FF,4-Seam Fastball,14.2,-14.2,0.0,0,16.1,7.5,-7.5,0.0,-1,,,FF
2026,"Herget, Jimmy",623474,Rockies,COL,R,92.0,73,829,5.639455782312925,0.0880579010856453,FF,4-Seam Fastball,23.2,-20.1,-3.1,-15,9.0,13.0,-11.0,2.0,18,0.0915492957746478,0.7511737089201878,FF
2026,"Peguero, Joel",666711,Giants,SF,R,100.0,73,169,1.141891891891892,0.4319526627218935,FF,4-Seam Fastball,13.3,-13.5,0.2,1,13.8,5.8,-10.1,-4.4,-43,,,FF
2026,"McFarlane, Alex",686934,Phillies,PHI,R,100.2,73,210,1.4189189189189189,0.3476190476190476,FF,4-Seam Fastball,12.4,-12.8,0.3,2,14.8,9.8,-8.4,1.3,16,,,FF
2026,"Gordon, Colton",676467,Astros,HOU,L,91.2,73,202,1.364864864864865,0.3613861386138614,FF,4-Seam Fastball,17.3,-16.6,-0.7,-4,15.8,11.4,-7.1,4.3,60,,,FF
2026,"Bruihl, Justin",677865,Cardinals,STL,L,91.7,72,1219,8.236486486486486,0.0590648072190319,FF,4-Seam Fastball,20.8,-17.8,-3.0,-17,11.8,5.4,-8.8,-3.3,-38,0.0985915492957746,0.1291079812206572,FF
2026,"Hernández, Jonathan",642546,Dodgers,LAD,R,97.3,71,413,2.8095238095238093,0.171912832929782,FF,4-Seam Fastball,16.1,-13.7,-2.3,-17,12.9,12.1,-8.1,4.0,49,,,FF
2026,"Petty, Chase",695534,Reds,CIN,R,96.9,71,477,3.2448979591836733,0.1488469601677149,FF,4-Seam Fastball,15.9,-14.3,-1.6,-11,13.4,14.7,-8.6,6.1,71,0.2230046948356807,0.9953051643192488,FF
2026,"Beck, Brendan",694341,Yankees,NYY,R,92.5,71,149,1.0136054421768708,0.4765100671140939,FF,4-Seam Fastball,14.4,-15.1,0.7,5,17.6,7.1,-6.7,0.4,6,,,FF
2026,"Duarte, Daniel",650960,Mets,NYM,R,94.9,70,452,3.074829931972789,0.1548672566371681,FF,4-Seam Fastball,14.1,-14.9,0.8,5,16.2,7.5,-8.0,-0.5,-6,0.7065727699530516,0.4131455399061033,FF
2026,"Gerber, Joey",680702,Mets,NYM,R,93.5,70,129,0.8775510204081632,0.5426356589147286,FF,4-Seam Fastball,14.6,-16.4,1.9,11,16.8,6.9,-8.7,-1.8,-21,,,FF
2026,"Wicks, Jordan",696136,Cubs,CHC,L,93.1,69,180,1.2162162162162162,0.3833333333333333,FF,4-Seam Fastball,15.8,-15.4,-0.5,-3,15.5,2.7,-7.3,-4.6,-63,,,FF
2026,"Alexander, Jason",669920,Astros,HOU,R,91.5,69,299,2.02027027027027,0.2307692307692307,FF,4-Seam Fastball,20.5,-16.4,-4.0,-25,12.3,15.4,-7.4,8.0,109,,,FF
2026,"Barnes, Charlie",656212,Dodgers,LAD,L,89.3,67,201,1.3673469387755102,0.3333333333333333,FF,4-Seam Fastball,20.8,-18.3,-2.5,-14,13.6,11.0,-8.4,2.6,31,,,FF
2026,"Pintaro, Jonathan",702752,Mets,NYM,R,95.8,67,459,3.122448979591837,0.1459694989106753,FF,4-Seam Fastball,15.7,-15.7,0.1,0,14.2,8.2,-9.7,-1.5,-16,0.5516431924882629,0.284037558685446,FF
2026,"Gose, Anthony",543238,Royals,KC,L,95.6,67,99,0.668918918918919,0.6767676767676768,FF,4-Seam Fastball,11.4,-14.6,3.3,22,18.6,3.7,-8.0,-4.4,-55,,,FF
2026,"Rajcic, Max",691008,Cardinals,STL,R,95.5,66,163,1.101351351351351,0.4049079754601227,FF,4-Seam Fastball,13.9,-14.2,0.2,2,16.0,10.3,-7.6,2.8,36,,,FF
2026,"Murphy, Owen",702566,Braves,ATL,R,93.6,65,116,0.7837837837837838,0.5603448275862069,FF,4-Seam Fastball,12.8,-15.7,2.9,19,18.5,6.5,-8.0,-1.4,-18,,,FF
2026,"Martin, Chris",455119,Rangers,TEX,R,94.5,65,248,1.6756756756756757,0.2620967741935484,FF,4-Seam Fastball,14.9,-13.9,-0.9,-7,15.8,8.9,-6.5,2.3,36,,,FF
2026,"Kelly, Kevin",687330,Rays,TB,R,93.1,65,916,6.2312925170068025,0.0709606986899563,FF,4-Seam Fastball,21.9,-20.4,-1.4,-7,9.8,12.9,-13.3,-0.4,-3,0.2605633802816901,0.4272300469483568,FF
2026,"Perdomo, Cesar",702885,Giants,SF,L,93.1,65,141,0.9527027027027029,0.4609929078014184,FF,4-Seam Fastball,15.4,-15.7,0.3,2,16.3,8.3,-7.8,0.4,6,,,FF
2026,"Martin, Riley",702303,Cubs,CHC,L,94.5,65,118,0.7972972972972973,0.5508474576271186,FF,4-Seam Fastball,13.0,-14.7,1.7,11,17.8,4.7,-7.5,-2.8,-38,,,FF
2026,"McDermott, Chayce",694646,Mets,NYM,R,95.3,64,155,1.054421768707483,0.4129032258064516,FF,4-Seam Fastball,12.6,-14.4,1.8,12,17.6,5.6,-7.6,-2.0,-26,,,FF
2026,"Leiter Jr., Mark",643410,Athletics,ATH,R,92.2,64,551,3.722972972972973,0.1161524500907441,FF,4-Seam Fastball,15.9,-15.8,-0.2,-1,16.3,7.4,-7.1,0.3,5,0.4859154929577465,0.5187793427230047,FF
2026,"Thomas, Connor",671162,Royals,KC,L,91.5,64,286,1.9324324324324325,0.2237762237762237,FF,4-Seam Fastball,19.0,-17.8,-1.2,-7,13.5,7.0,-9.0,-2.0,-23,,,FF
2026,"Fermin, José",820862,Angels,LAA,R,96.7,64,919,6.2517006802721085,0.0696409140369967,FF,4-Seam Fastball,12.8,-13.2,0.4,3,16.7,7.6,-6.9,0.6,9,0.6291079812206573,0.5586854460093896,FF
2026,"Díaz, Yilber",700270,Tigers,DET,R,97.0,63,125,0.8503401360544217,0.504,FF,4-Seam Fastball,12.3,-13.9,1.7,12,16.9,10.2,-8.1,2.2,27,,,FF
2026,"Jameson, Drey",686753,D-backs,AZ,R,96.8,62,306,2.0675675675675675,0.2026143790849673,FF,4-Seam Fastball,13.0,-14.5,1.5,10,16.3,9.9,-8.6,1.3,15,,,FF
2026,"Hiraldo, Yaramil",682274,Orioles,BAL,R,95.7,62,144,0.972972972972973,0.4305555555555556,FF,4-Seam Fastball,10.9,-13.7,2.8,21,19.1,3.7,-7.0,-3.3,-47,,,FF
2026,"Rainey, Tanner",663432,Tigers,DET,R,96.7,62,127,0.8639455782312925,0.4881889763779528,FF,4-Seam Fastball,11.2,-13.3,2.1,16,18.1,7.0,-7.2,-0.2,-3,,,FF
2026,"Brazobán, Huascar",623211,White Sox,CWS,R,96.9,61,981,6.673469387755102,0.0621814475025484,FF,4-Seam Fastball,15.1,-14.2,-0.9,-6,14.2,11.0,-8.4,2.5,30,0.3333333333333333,0.8145539906103286,FF
2026,"Payamps, Joel",606303,Braves,ATL,R,93.9,61,151,1.0202702702702702,0.4039735099337748,FF,4-Seam Fastball,16.6,-15.5,-1.1,-7,14.3,4.4,-7.9,-3.5,-45,,,FF
2026,"Anderson, Jack",681252,Twins,MIN,R,90.8,60,180,1.2244897959183674,0.3333333333333333,FF,4-Seam Fastball,14.9,-15.7,0.9,5,18.4,3.1,-6.3,-3.2,-51,,,FF
2026,"Brubaker, JT",664141,Giants,SF,R,93.2,60,1000,6.756756756756757,0.06,FF,4-Seam Fastball,17.3,-15.1,-2.2,-15,14.1,7.8,-7.3,0.5,7,0.1596244131455399,0.5492957746478874,FF
2026,"Allard, Kolby",663465,Guardians,CLE,L,89.4,60,177,1.195945945945946,0.3389830508474576,FF,4-Seam Fastball,18.6,-19.1,0.5,3,15.7,3.8,-8.3,-4.5,-54,,,FF
2026,"Morris, Kade",695034,Athletics,ATH,R,94.5,60,322,2.175675675675676,0.186335403726708,FF,4-Seam Fastball,17.2,-15.6,-1.6,-10,13.6,12.3,-8.5,3.8,45,,,FF
2026,"Chivilli, Angel",683409,Yankees,NYY,R,98.0,59,285,1.9387755102040816,0.2070175438596491,FF,4-Seam Fastball,17.8,-13.4,-4.4,-33,10.7,15.6,-8.1,7.5,92,,,FF
2026,"Shook, TJ",669298,Rockies,COL,R,92.5,59,134,0.91156462585034,0.4402985074626865,FF,4-Seam Fastball,18.5,-16.3,-2.3,-14,13.1,10.1,-7.8,2.4,30,,,FF
2026,"Cruz, Yovanny",672442,Nationals,WSH,R,99.8,59,174,1.167785234899329,0.3390804597701149,FF,4-Seam Fastball,14.9,-12.4,-2.5,-20,12.7,12.9,-8.0,4.9,61,,,FF
2026,"Miller, Erik",669062,Red Sox,BOS,L,96.8,58,870,5.878378378378378,0.0666666666666666,FF,4-Seam Fastball,13.8,-12.3,-1.6,-13,15.3,9.1,-5.8,3.4,59,0.2230046948356807,0.903755868544601,FF
2026,"Curvelo, Luis",681168,Rangers,TEX,R,95.5,57,187,1.2635135135135136,0.3048128342245989,FF,4-Seam Fastball,16.0,-14.2,-1.8,-13,14.2,13.7,-7.5,6.2,83,,,FF
2026,"McCambley, Zach",685112,Reds,CIN,R,93.9,57,172,1.1700680272108843,0.3313953488372093,FF,4-Seam Fastball,19.3,-15.4,-3.9,-25,11.5,1.2,-7.8,-6.6,-84,,,FF
2026,"Martin, Corbin",656686,Cubs,CHC,R,94.9,56,111,0.75,0.5045045045045045,FF,4-Seam Fastball,15.3,-14.5,-0.8,-6,15.1,1.8,-7.5,-5.8,-76,,,FF
2026,"Yan, Jefry",642376,Mets,NYM,L,97.5,56,235,1.598639455782313,0.2382978723404255,FF,4-Seam Fastball,11.7,-13.0,1.3,10,17.3,4.4,-7.3,-2.9,-40,,,FF
2026,"Thompson, Keegan",624522,Rockies,COL,R,92.3,56,195,1.326530612244898,0.2871794871794871,FF,4-Seam Fastball,17.5,-16.0,-1.5,-9,14.3,4.5,-7.4,-3.0,-40,,,FF
2026,"Knack, Landon",689017,Dodgers,LAD,R,93.3,55,126,0.8571428571428571,0.4365079365079365,FF,4-Seam Fastball,12.7,-15.3,2.5,17,18.6,3.8,-7.1,-3.3,-46,,,FF
2026,"Gervase, Paul",801434,Dodgers,LAD,R,92.7,55,124,0.8435374149659864,0.4435483870967742,FF,4-Seam Fastball,15.9,-16.8,0.8,5,15.8,6.7,-8.0,-1.3,-16,,,FF
2026,"Way, Beck",694360,Royals,KC,R,97.4,55,389,2.6283783783783785,0.1413881748071979,FF,4-Seam Fastball,19.1,-14.0,-5.1,-36,9.6,14.0,-8.4,5.6,67,,,FF
2026,"Pushard, Matt",690155,Cardinals,STL,R,95.1,54,120,0.8108108108108109,0.45,FF,4-Seam Fastball,13.7,-13.9,0.2,1,16.7,9.6,-6.9,2.7,39,,,FF
2026,"Singer, Brady",663903,Reds,CIN,R,90.7,54,2547,17.3265306122449,0.0212014134275618,FF,4-Seam Fastball,19.0,-18.8,-0.2,-1,14.3,6.9,-8.6,-1.7,-20,,,FF
2026,"Crow, Coleman",689441,Brewers,MIL,R,91.3,54,295,1.9932432432432432,0.1830508474576271,FF,4-Seam Fastball,18.7,-17.8,-0.9,-5,14.1,7.5,-8.6,-1.1,-13,,,FF
2026,"Devenski, Chris",606965,Mets,NYM,R,92.9,53,134,0.91156462585034,0.3955223880597014,FF,4-Seam Fastball,15.3,-15.0,-0.3,-2,16.5,10.7,-6.7,4.0,60,,,FF
2026,"Edwards Jr., Carl",605218,Mets,NYM,R,92.5,53,99,0.673469387755102,0.5353535353535354,FF,4-Seam Fastball,13.4,-14.7,1.3,9,18.7,2.8,-6.1,-8.9,-146,,,FF
2026,"Voth, Austin",608723,Twins,MIN,R,92.1,53,214,1.45578231292517,0.2476635514018691,FF,4-Seam Fastball,15.0,-15.8,0.9,5,17.3,6.0,-7.2,-1.2,-16,,,FF
2026,"Cook, Alex",702047,Rays,TB,R,95.2,52,72,0.4897959183673469,0.7222222222222222,FF,4-Seam Fastball,11.3,-14.5,3.2,22,19.0,6.4,-7.8,-1.3,-17,,,FF
2026,"Foley, Jason",671345,Giants,SF,R,96.6,51,314,2.121621621621621,0.1624203821656051,FF,4-Seam Fastball,16.3,-14.0,-2.2,-16,13.1,10.9,-8.2,2.7,32,,,FF
2026,"Kahnle, Tommy",592454,Red Sox,BOS,R,93.6,51,168,1.135135135135135,0.3035714285714285,FF,4-Seam Fastball,14.6,-15.1,0.5,3,16.5,4.7,-7.3,-2.6,-36,,,FF
2026,"Castaño, Blas",680604,Rockies,COL,R,94.5,50,439,2.986394557823129,0.1138952164009111,FF,4-Seam Fastball,18.4,-17.8,-0.6,-3,12.0,8.1,-11.3,-3.2,-28,,,FF
2026,"Gonzalez, Domingo",682445,Mariners,SEA,R,92.9,50,129,0.8716216216216216,0.3875968992248062,FF,4-Seam Fastball,19.7,-19.3,-0.3,-2,12.4,13.7,-11.0,2.7,24,,,FF
2026,"Treinen, Blake",595014,Dodgers,LAD,R,94.7,50,420,2.857142857142857,0.119047619047619,FF,4-Seam Fastball,16.2,-14.4,-1.8,-13,14.4,10.0,-7.5,2.5,33,,,FF
2026,"Rodriguez, Carlos",692230,Brewers,MIL,R,94.1,49,182,1.2297297297297298,0.2692307692307692,FF,4-Seam Fastball,14.4,-15.0,0.6,4,16.5,6.5,-7.5,-1.0,-14,,,FF
2026,"Palmquist, Carson",687223,Nationals,WSH,L,91.2,49,313,2.100671140939597,0.1565495207667731,FF,4-Seam Fastball,21.0,-19.4,-1.6,-8,11.7,11.6,-10.7,0.9,9,,,FF
2026,"Castro, Kervin",665645,Yankees,NYY,R,93.9,49,94,0.6394557823129252,0.5212765957446809,FF,4-Seam Fastball,13.7,-14.9,1.1,7,17.2,1.0,-7.3,-6.3,-86,,,FF
2026,"Waldichuk, Ken",686610,Nationals,WSH,L,93.1,49,149,1.0,0.3288590604026846,FF,4-Seam Fastball,14.5,-15.2,0.7,4,17.3,9.8,-7.1,2.7,38,,,FF
2026,"Shuster, Jared",694363,Cardinals,STL,L,93.4,49,166,1.1216216216216215,0.2951807228915662,FF,4-Seam Fastball,17.5,-16.0,-1.5,-9,14.0,9.6,-8.2,1.4,17,,,FF
2026,"Martinez, Justin",679885,D-backs,AZ,R,101.5,49,142,0.9594594594594594,0.3450704225352112,FF,4-Seam Fastball,12.5,-11.7,-0.8,-7,14.3,9.9,-8.4,1.5,18,,,FF
2026,"Granillo, Andre",701552,Nationals,WSH,R,94.2,49,198,1.3288590604026846,0.2474747474747475,FF,4-Seam Fastball,14.1,-13.7,-0.3,-2,16.8,3.1,-5.9,-2.8,-47,,,FF
2026,"Tur, Yunior",814305,Athletics,ATH,R,95.4,49,170,1.148648648648649,0.288235294117647,FF,4-Seam Fastball,14.2,-13.7,-0.5,-4,15.8,1.6,-7.1,-5.4,-77,,,FF
2026,"Hill, Tim",657612,Yankees,NYY,L,89.2,48,746,5.074829931972789,0.064343163538874,FF,4-Seam Fastball,32.5,-30.3,-2.2,-7,2.2,16.9,-14.3,2.5,18,0.1596244131455399,0.8145539906103286,FF
2026,"Davila, Nick",689546,Mariners,SEA,R,94.8,48,446,3.0135135135135136,0.1076233183856502,FF,4-Seam Fastball,19.5,-14.7,-4.8,-33,11.0,14.5,-7.6,6.9,91,0.0093896713615023,0.9976525821596244,FF
2026,"Horton, Cade",690990,Cubs,CHC,R,95.4,46,92,0.6216216216216216,0.5,FF,4-Seam Fastball,13.7,-14.1,0.4,3,16.6,1.1,-7.3,-8.4,-115,,,FF
2026,"Lazar, Max",676661,Phillies,PHI,R,94.6,46,128,0.8648648648648649,0.359375,FF,4-Seam Fastball,12.8,-14.3,1.6,11,17.7,3.4,-7.2,-3.8,-53,,,FF
2026,"Bernardino, Brennan",657514,Rockies,COL,L,90.6,46,910,6.190476190476191,0.0505494505494505,FF,4-Seam Fastball,23.9,-19.2,-4.7,-25,9.4,8.8,-10.9,-2.1,-19,0.0140845070422535,0.2183098591549295,FF
2026,"Hoffman, Nolan",676510,Royals,KC,R,93.5,45,158,1.0675675675675675,0.2848101265822785,FF,4-Seam Fastball,25.3,-22.6,-2.7,-12,6.1,18.0,-13.1,5.0,38,,,FF
2026,"Raya, Marco",694397,Twins,MIN,R,94.6,45,100,0.6802721088435374,0.45,FF,4-Seam Fastball,16.4,-14.8,-1.7,-11,14.0,3.5,-7.6,-4.1,-54,,,FF
2026,"Cerantola, Eric",672021,Royals,KC,R,94.5,45,122,0.8243243243243243,0.3688524590163934,FF,4-Seam Fastball,14.9,-13.7,-1.2,-9,15.9,6.1,-6.1,0.0,0,,,FF
2026,"Roa, Christian",685005,Astros,HOU,R,96.0,45,178,1.2027027027027026,0.2528089887640449,FF,4-Seam Fastball,15.8,-13.1,-2.6,-20,13.9,9.0,-6.5,2.5,39,,,FF
2026,"Kerr, Ray",678061,Braves,ATL,L,95.1,45,129,0.8716216216216216,0.3488372093023256,FF,4-Seam Fastball,15.6,-15.5,-0.1,-1,14.5,8.6,-8.8,-0.1,-1,,,FF
2026,"Paez, Jedixson",699151,Red Sox,BOS,R,91.9,45,152,1.027027027027027,0.2960526315789473,FF,4-Seam Fastball,15.5,-16.2,0.7,4,17.2,8.5,-7.2,1.3,18,,,FF
2026,"Cannon, Jonathan",686563,White Sox,CWS,R,94.8,44,80,0.54421768707483,0.55,FF,4-Seam Fastball,15.9,-14.6,-1.3,-9,14.6,7.8,-7.5,0.3,4,,,FF
2026,"Mills, Wyatt",670090,Dodgers,LAD,R,90.5,42,149,1.0136054421768708,0.2818791946308724,FF,4-Seam Fastball,26.7,-27.3,0.5,2,6.7,10.0,-12.0,-2.1,-17,,,FF
2026,"Fernández, Julian",642759,Nationals,WSH,R,96.3,42,71,0.4765100671140939,0.5915492957746479,FF,4-Seam Fastball,13.4,-12.6,-0.8,-6,16.1,2.6,-6.0,-3.4,-57,,,FF
2026,"Saucedo, Tayler",642048,Angels,LAA,L,92.6,42,267,1.816326530612245,0.1573033707865168,FF,4-Seam Fastball,17.8,-16.0,-1.8,-11,14.1,9.8,-7.7,2.1,27,,,FF
2026,"Walker, Taijuan",592836,Phillies,PHI,R,91.9,42,424,2.864864864864865,0.0990566037735849,FF,4-Seam Fastball,15.5,-15.2,-0.3,-2,17.0,8.4,-6.1,2.2,36,,,FF
2026,"Antone, Tejay",622088,Reds,CIN,R,95.1,41,819,5.571428571428571,0.05006105006105,FF,4-Seam Fastball,17.1,-14.2,-2.8,-20,13.2,7.7,-7.3,0.4,6,0.107981220657277,0.5352112676056338,FF
2026,"Klein, John",804619,Twins,MIN,R,94.9,41,82,0.5578231292517006,0.5,FF,4-Seam Fastball,14.3,-14.0,-0.3,-2,16.1,12.0,-7.0,5.0,72,,,FF
2026,"Tiedemann, Ricky",694357,Blue Jays,TOR,L,96.1,41,104,0.7027027027027027,0.3942307692307692,FF,4-Seam Fastball,16.7,-14.0,-2.6,-19,13.1,10.0,-7.7,2.4,31,,,FF
2026,"Casparius, Ben",676508,Dodgers,LAD,R,95.8,41,99,0.673469387755102,0.4141414141414141,FF,4-Seam Fastball,11.5,-14.0,2.5,18,18.4,2.8,-7.4,-4.6,-63,,,FF
2026,"Ross, Joe",605452,Rangers,TEX,R,95.2,41,205,1.385135135135135,0.2,FF,4-Seam Fastball,16.3,-14.4,-1.9,-13,13.9,6.5,-7.7,-1.2,-16,,,FF
2026,"VanWey, Logan",701121,Astros,HOU,R,93.4,40,80,0.5405405405405406,0.5,FF,4-Seam Fastball,18.4,-17.1,-1.2,-7,13.2,7.1,-9.8,-2.6,-27,,,FF
2026,"Holderman, Colin",670059,Guardians,CLE,R,97.0,40,860,5.8108108108108105,0.0465116279069767,FF,4-Seam Fastball,16.5,-14.3,-2.2,-15,12.6,9.9,-8.5,1.3,16,,,FF
2026,"Kelly, Zack",677161,Red Sox,BOS,R,96.1,39,283,1.912162162162162,0.1378091872791519,FF,4-Seam Fastball,14.0,-14.2,0.1,1,15.8,7.2,-8.2,-1.0,-12,,,FF
2026,"Baumler, Carter",691945,Rangers,TEX,R,95.0,39,117,0.7905405405405406,0.3333333333333333,FF,4-Seam Fastball,12.4,-14.7,2.3,16,18.2,9.3,-7.9,1.4,18,,,FF
2026,"Hanner, Bradley",690440,Yankees,NYY,R,92.8,38,71,0.4829931972789115,0.5352112676056338,FF,4-Seam Fastball,16.8,-17.1,0.2,1,15.0,7.4,-9.1,-1.7,-19,,,FF
2026,"Gonzales, Marco",594835,Rangers,TEX,L,89.9,38,118,0.7972972972972973,0.3220338983050847,FF,4-Seam Fastball,17.7,-18.3,0.6,3,16.2,11.9,-7.9,4.0,50,,,FF
2026,"Harvey, Hunter",640451,Cubs,CHC,R,96.7,38,76,0.5135135135135135,0.5,FF,4-Seam Fastball,11.7,-13.6,1.9,14,17.7,6.3,-7.6,-1.3,-18,,,FF
2026,"Coulombe, Danny",543056,Red Sox,BOS,L,89.8,38,385,2.6013513513513518,0.0987012987012987,FF,4-Seam Fastball,17.6,-17.0,-0.5,-3,16.2,0.4,-6.7,-6.2,-94,,,FF
2026,"Brebbia, John",605154,Rockies,COL,R,92.3,37,94,0.6394557823129252,0.3936170212765957,FF,4-Seam Fastball,16.3,-16.1,-0.2,-1,15.4,7.2,-7.4,-0.2,-3,,,FF
2026,"Cano, Yennier",666974,Orioles,BAL,R,94.6,37,735,4.966216216216216,0.0503401360544217,FF,4-Seam Fastball,22.8,-16.0,-6.9,-43,7.8,11.8,-9.0,2.8,31,0.0,0.8450704225352113,FF
2026,"Jacob, Alek",689690,Padres,SD,R,84.3,37,87,0.5918367346938775,0.425287356321839,FF,4-Seam Fastball,25.0,-26.1,1.1,4,13.9,15.1,-14.9,0.2,1,,,FF
2026,"Perales, Luis",691384,Nationals,WSH,R,99.3,37,154,1.0335570469798658,0.2402597402597402,FF,4-Seam Fastball,10.6,-12.8,2.2,17,17.1,10.0,-8.0,2.0,25,,,FF
2026,"Rashi, Taylor",688497,Athletics,ATH,R,90.1,37,88,0.5945945945945946,0.4204545454545454,FF,4-Seam Fastball,16.8,-16.3,-0.5,-3,16.8,1.8,-6.3,-8.0,-128,,,FF
2026,"Criswell, Cooper",681867,Mariners,SEA,R,90.9,36,518,3.5,0.0694980694980695,FF,4-Seam Fastball,23.5,-19.5,-4.0,-21,9.6,9.7,-10.2,-0.4,-4,0.0422535211267605,0.4272300469483568,FF
2026,"Montgomery, Jordan",656756,Rangers,TEX,L,90.3,36,290,1.9594594594594597,0.1241379310344827,FF,4-Seam Fastball,20.2,-15.7,-4.5,-29,13.3,1.8,-6.1,-4.3,-71,,,FF
2026,"Rodríguez, Yariel",684320,Blue Jays,TOR,R,95.6,36,172,1.162162162162162,0.2093023255813953,FF,4-Seam Fastball,13.8,-14.0,0.2,1,16.1,6.0,-7.3,-1.3,-18,,,FF
2026,"Bellozo, Valente",678368,Rockies,COL,R,90.4,36,170,1.1564625850340136,0.2117647058823529,FF,4-Seam Fastball,18.6,-17.0,-1.5,-9,14.6,5.2,-7.2,-2.0,-28,,,FF
2026,"De los Santos, Yerry",660787,Yankees,NYY,R,95.0,35,315,2.142857142857143,0.1111111111111111,FF,4-Seam Fastball,19.1,-14.5,-4.6,-32,11.4,14.4,-7.7,6.7,87,,,FF
2026,"McGee, Easton",668834,Royals,KC,R,92.3,35,167,1.1283783783783785,0.2095808383233532,FF,4-Seam Fastball,18.1,-15.9,-2.2,-14,13.7,5.8,-7.3,-1.4,-20,,,FF
2026,"Kuhnel, Joel",669270,Giants,SF,R,95.0,34,616,4.162162162162162,0.0551948051948051,FF,4-Seam Fastball,17.4,-13.5,-3.9,-29,12.7,4.2,-6.3,-2.1,-34,0.0446009389671361,0.2183098591549295,FF
2026,"Carrillo, Gerardo",672629,D-backs,AZ,R,96.9,34,316,2.135135135135135,0.1075949367088607,FF,4-Seam Fastball,15.8,-14.3,-1.5,-10,13.3,9.7,-8.6,1.1,12,,,FF
2026,"Go, Woo-Suk",808970,Twins,MIN,R,94.5,34,86,0.5850340136054422,0.3953488372093023,FF,4-Seam Fastball,15.6,-16.1,0.6,4,14.9,6.9,-9.2,-2.3,-25,,,FF
2026,"Eder, Jake",671109,Dodgers,LAD,L,95.0,34,56,0.3809523809523809,0.6071428571428571,FF,4-Seam Fastball,18.7,-14.3,-4.3,-30,11.5,10.0,-7.4,2.6,35,,,FF
2026,"Verlander, Justin",434378,Tigers,DET,R,93.2,34,80,0.54421768707483,0.425,FF,4-Seam Fastball,13.7,-13.1,-0.6,-4,18.1,9.2,-5.0,4.3,87,,,FF
2026,"Blackburn, Paul",621112,Yankees,NYY,R,94.7,34,1154,7.850340136054422,0.0294627383015597,FF,4-Seam Fastball,13.8,-14.4,0.6,4,16.7,5.3,-7.2,-1.9,-26,,,FF
2026,"Gibson, Cade",806188,Marlins,MIA,L,92.0,33,775,5.236486486486487,0.0425806451612903,FF,4-Seam Fastball,18.1,-16.3,-1.7,-11,14.2,9.9,-7.6,2.3,30,,,FF
2026,"Criswell, Jeff",676105,Rockies,COL,R,95.4,33,79,0.5374149659863946,0.4177215189873418,FF,4-Seam Fastball,18.7,-15.0,-3.7,-25,10.9,8.4,-8.3,0.0,1,,,FF
2026,"Simpson, Jared",688692,Nationals,WSH,L,94.5,33,67,0.4496644295302013,0.4925373134328358,FF,4-Seam Fastball,16.0,-14.8,-1.3,-9,14.8,10.2,-7.6,2.6,35,,,FF
2026,"Carrasco, Carlos",471911,Braves,ATL,R,91.8,31,246,1.662162162162162,0.1260162601626016,FF,4-Seam Fastball,19.3,-16.1,-3.3,-20,13.0,3.7,-7.1,-3.3,-47,,,FF
2026,"Weisenburger, Jack",674073,Mets,NYM,R,95.2,30,120,0.8163265306122449,0.25,FF,4-Seam Fastball,15.3,-14.0,-1.3,-9,14.9,6.7,-7.4,-0.7,-9,,,FF
2026,"Ralston, Jack",667652,Marlins,MIA,R,93.2,30,154,1.0405405405405406,0.1948051948051948,FF,4-Seam Fastball,12.3,-13.3,0.9,7,19.4,5.3,-5.1,0.2,4,,,FF
2026,"Estes, Joey",683155,Athletics,ATH,R,93.6,30,71,0.4797297297297297,0.4225352112676056,FF,4-Seam Fastball,16.5,-15.3,-1.1,-7,14.4,6.0,-7.5,-1.5,-20,,,FF
2026,"Strzelecki, Peter",657265,Cardinals,STL,R,92.5,29,251,1.695945945945946,0.1155378486055776,FF,4-Seam Fastball,19.0,-17.6,-1.5,-8,12.9,7.6,-9.3,-1.7,-18,,,FF
2026,"Peralta, Sammy",671111,Angels,LAA,L,88.7,29,209,1.4217687074829932,0.138755980861244,FF,4-Seam Fastball,26.1,-22.9,-3.3,-14,8.7,9.1,-11.0,-1.9,-17,,,FF
2026,"McCullers Jr., Lance",621121,Brewers,MIL,R,91.6,29,793,5.358108108108108,0.0365699873896595,FF,4-Seam Fastball,18.5,-16.8,-1.7,-10,14.1,8.2,-7.8,0.4,5,,,FF
2026,"Muñoz, Roddery",682610,Astros,HOU,R,95.0,29,112,0.7567567567567568,0.2589285714285714,FF,4-Seam Fastball,17.0,-14.9,-2.1,-14,13.6,8.3,-8.0,0.3,4,,,FF
2026,"Sanmartin, Reiver",665665,Giants,SF,L,92.2,28,332,2.2432432432432434,0.0843373493975903,FF,4-Seam Fastball,21.1,-17.0,-4.1,-24,11.1,13.8,-8.4,5.4,65,,,FF
2026,"Hernández, Carlos",672578,Guardians,CLE,R,98.4,28,51,0.3445945945945945,0.5490196078431373,FF,4-Seam Fastball,12.9,-12.7,-0.2,-1,15.5,9.2,-7.8,1.4,18,,,FF
2026,"Herrera, Welinton",700327,Rockies,COL,L,94.5,28,45,0.3061224489795918,0.6222222222222222,FF,4-Seam Fastball,15.2,-14.9,-0.3,-2,15.3,8.9,-7.7,1.2,15,,,FF
2026,"Thompson, Ryan",657044,D-backs,AZ,R,91.3,28,654,4.418918918918919,0.0428134556574923,FF,4-Seam Fastball,27.4,-22.9,-4.5,-20,5.5,10.3,-12.5,-2.1,-17,,,FF
2026,"Hagenman, Justin",663795,Mets,NYM,R,90.8,28,62,0.4217687074829932,0.4516129032258064,FF,4-Seam Fastball,19.4,-18.1,-1.3,-7,14.0,13.6,-8.7,4.9,56,,,FF
2026,"Bowden, Ben",641386,Athletics,ATH,L,93.9,28,40,0.2702702702702703,0.7,FF,4-Seam Fastball,16.2,-15.5,-0.7,-4,14.8,12.4,-8.1,4.2,52,,,FF
2026,"Snelling, Robby",702281,Marlins,MIA,L,95.3,28,86,0.581081081081081,0.3255813953488372,FF,4-Seam Fastball,11.7,-14.4,2.8,19,18.7,5.2,-7.7,-2.5,-32,,,FF
2026,"Garrett, Braxton",666129,Marlins,MIA,L,91.7,28,129,0.8716216216216216,0.2170542635658914,FF,4-Seam Fastball,18.1,-16.5,-1.7,-10,14.4,4.9,-7.4,-2.5,-34,,,FF
2026,"Wantz, Andrew",681806,Cubs,CHC,R,94.3,28,81,0.5472972972972973,0.345679012345679,FF,4-Seam Fastball,15.0,-14.5,-0.5,-3,15.9,5.2,-7.1,-1.9,-27,,,FF
2026,"Winquest, Cade",685464,Cardinals,STL,R,95.5,28,113,0.7635135135135135,0.247787610619469,FF,4-Seam Fastball,16.1,-14.9,-1.2,-8,13.6,0.4,-8.8,-8.4,-96,,,FF
2026,"Mushinski, Parker",656786,Rockies,COL,L,92.4,28,139,0.9455782312925172,0.2014388489208633,FF,4-Seam Fastball,19.3,-16.1,-3.2,-20,12.4,3.9,-7.7,-3.8,-50,,,FF
2026,"Kelly, Michael",547184,Athletics,ATH,R,95.9,27,121,0.8175675675675675,0.2231404958677686,FF,4-Seam Fastball,15.9,-14.4,-1.6,-11,13.8,7.0,-8.0,-1.1,-13,,,FF
2026,"Corniell, Jose",692030,Rangers,TEX,R,94.2,27,104,0.7027027027027027,0.2596153846153846,FF,4-Seam Fastball,16.2,-15.5,-0.8,-5,14.6,11.3,-8.5,2.8,33,,,FF
2026,"Bummer, Aaron",607481,Royals,KC,L,90.6,27,328,2.216216216216216,0.0823170731707317,FF,4-Seam Fastball,22.3,-19.2,-3.1,-16,10.9,8.7,-9.7,-1.0,-11,,,FF
2026,"Hanifee, Brenan",669724,Tigers,DET,R,96.2,27,321,2.183673469387755,0.0841121495327102,FF,4-Seam Fastball,19.0,-14.6,-4.4,-30,10.6,11.9,-8.4,3.5,42,,,FF
2026,"Hjerpe, Cooper",687309,Cardinals,STL,L,90.6,27,54,0.3648648648648648,0.5,FF,4-Seam Fastball,25.5,-24.0,-1.5,-6,7.4,12.0,-12.6,-0.7,-5,,,FF
2026,"Ashby, Aaron",676879,Brewers,MIL,L,97.3,26,1433,9.682432432432432,0.0181437543614794,FF,4-Seam Fastball,14.4,-12.8,-1.6,-13,14.3,5.3,-7.6,-2.3,-30,,,FF
2026,"Fedde, Erick",607200,White Sox,CWS,R,94.4,26,2260,15.374149659863946,0.011504424778761,FF,4-Seam Fastball,19.3,-14.6,-4.8,-33,11.2,5.3,-7.3,-2.0,-27,,,FF
2026,"Blalock, Bradley",687134,Marlins,MIA,R,95.6,26,114,0.7702702702702703,0.2280701754385964,FF,4-Seam Fastball,11.7,-13.5,1.8,14,18.5,3.2,-6.7,-3.5,-53,,,FF
2026,"France, J.P.",641585,Astros,HOU,R,92.3,26,117,0.7905405405405406,0.2222222222222222,FF,4-Seam Fastball,17.7,-16.5,-1.2,-7,14.5,3.9,-8.0,-4.0,-51,,,FF
2026,"Hamilton, Ian",641656,Braves,ATL,R,94.6,25,92,0.6216216216216216,0.2717391304347826,FF,4-Seam Fastball,16.9,-15.0,-2.0,-13,13.6,11.5,-8.1,3.4,42,,,FF
2026,"Walker, Ryan",676254,Giants,SF,R,94.3,25,609,4.114864864864865,0.0410509031198686,FF,4-Seam Fastball,22.9,-16.8,-6.1,-37,7.5,9.5,-10.0,-0.5,-5,,,FF
2026,"Oviedo, Johan",670912,Red Sox,BOS,R,93.0,25,72,0.4864864864864865,0.3472222222222222,FF,4-Seam Fastball,17.7,-16.8,-0.9,-5,14.0,3.5,-8.9,-5.4,-61,,,FF
2026,"Stratton, Hunter",676702,Pirates,PIT,R,96.8,25,56,0.3783783783783784,0.4464285714285714,FF,4-Seam Fastball,14.9,-13.4,-1.6,-12,14.1,2.5,-7.4,-4.9,-67,,,FF
2026,"Heasley, Jonathan",669169,Rays,TB,R,91.4,25,64,0.4353741496598639,0.390625,FF,4-Seam Fastball,15.2,-16.1,0.9,6,17.8,9.2,-6.9,2.3,33,,,FF
2026,"Singer, Brady",663903,Reds,CIN,R,91.2,1277,2547,17.3265306122449,0.5013741656851197,SI,Sinker,23.8,-26.5,-2.7,-10,9.1,15.2,-15.6,-0.4,-2,0.2261904761904762,0.3869047619047619,SI
2026,"Sánchez, Cristopher",650911,Phillies,PHI,L,95.0,1249,2862,19.33783783783784,0.436408106219427,SI,Sinker,26.0,-20.7,5.3,26,4.3,18.0,-14.6,3.5,24,0.9702380952380952,1.0,SI
2026,"Valdez, Framber",664285,Tigers,DET,L,93.8,1152,2591,17.625850340136054,0.4446159783867233,SI,Sinker,25.2,-22.8,2.5,11,5.9,15.1,-15.3,-0.2,-1,0.875,0.431547619047619,SI
2026,"Bradish, Kyle",680694,Orioles,BAL,R,94.7,938,2573,17.385135135135137,0.3645549941702293,SI,Sinker,17.9,-20.6,-2.7,-13,12.7,11.2,-14.4,-3.2,-22,0.2261904761904762,0.0625,SI
2026,"McLean, Nolan",690997,Mets,NYM,R,95.0,933,2750,18.70748299319728,0.3392727272727273,SI,Sinker,25.3,-23.3,2.0,9,5.2,17.8,-15.9,1.9,12,0.8154761904761905,0.9583333333333334,SI
2026,"Roupp, Landen",694738,Giants,SF,R,93.4,893,2624,17.72972972972973,0.3403201219512195,SI,Sinker,28.4,-24.8,3.6,14,2.9,17.1,-15.8,1.3,8,0.9107142857142856,0.8422619047619048,SI
2026,"Alcantara, Sandy",645261,Marlins,MIA,R,97.3,808,3060,20.67567567567568,0.2640522875816993,SI,Sinker,20.9,-20.8,0.2,1,8.1,17.1,-15.6,1.5,10,0.6071428571428571,0.9047619047619048,SI
2026,"Ginn, J.T.",669372,Athletics,ATH,R,93.4,804,2185,14.763513513513514,0.3679633867276888,SI,Sinker,27.7,-22.8,4.9,21,3.8,14.4,-15.0,-0.6,-4,0.9553571428571428,0.3303571428571428,SI
2026,"Houser, Adrian",605288,Giants,SF,R,94.9,793,1731,11.695945945945946,0.4581166955517042,SI,Sinker,22.7,-21.6,1.2,5,7.5,16.2,-15.0,1.2,8,0.7202380952380952,0.8095238095238095,SI
2026,"Soriano, José",667755,Blue Jays,TOR,R,96.3,792,2698,18.22972972972973,0.2935507783543366,SI,Sinker,25.8,-20.9,4.9,23,3.7,15.1,-15.1,0.0,0,0.9553571428571428,0.4732142857142857,SI
2026,"King, Michael",650633,Padres,SD,R,93.1,760,2700,18.367346938775512,0.2814814814814815,SI,Sinker,26.7,-24.6,2.1,9,5.1,16.9,-15.8,1.2,7,0.8303571428571429,0.8095238095238095,SI
2026,"Ashby, Aaron",676879,Brewers,MIL,L,97.7,750,1433,9.682432432432432,0.5233775296580601,SI,Sinker,20.3,-20.5,-0.2,-1,8.2,13.7,-14.6,-0.8,-6,0.5535714285714286,0.2946428571428571,SI
2026,"Pérez, Martín",527048,Braves,ATL,L,89.3,729,2075,14.02027027027027,0.3513253012048192,SI,Sinker,25.4,-26.0,-0.6,-2,8.9,16.1,-15.0,1.1,7,0.4821428571428571,0.7767857142857143,SI
2026,"Rogers, Tyler",643511,Blue Jays,TOR,R,83.3,726,947,6.398648648648648,0.7666314677930306,SI,Sinker,52.4,-52.4,0.0,0,-12.4,1.9,-1.9,0.0,-1,0.5833333333333334,0.4732142857142857,SI
2026,"Martinez, Nick",607259,Rays,TB,R,92.4,719,2306,15.687074829931973,0.3117953165654814,SI,Sinker,19.8,-23.0,-3.2,-14,12.4,15.2,-14.7,0.5,3,0.175595238095238,0.625,SI
2026,"Ureña, Walbert",700712,Angels,LAA,R,98.0,705,2207,15.013605442176871,0.3194381513366561,SI,Sinker,21.6,-19.5,2.1,11,7.0,15.5,-15.0,0.5,3,0.8303571428571429,0.625,SI
2026,"Webb, Logan",657277,Giants,SF,R,92.1,701,2396,16.18918918918919,0.2925709515859766,SI,Sinker,32.2,-26.3,5.9,22,0.1,15.5,-15.9,-0.5,-3,0.988095238095238,0.369047619047619,SI
2026,"Ferrer, José A.",678606,Mariners,SEA,L,97.5,697,989,6.6824324324324325,0.704752275025278,SI,Sinker,22.8,-20.9,1.9,9,6.1,18.4,-15.7,2.7,17,0.8095238095238095,0.9851190476190476,SI
2026,"Bello, Brayan",678394,Red Sox,BOS,R,95.3,693,1736,11.72972972972973,0.3991935483870967,SI,Sinker,24.0,-22.0,2.0,9,6.2,16.2,-15.4,0.8,5,0.8154761904761905,0.6994047619047619,SI
2026,"Fedde, Erick",607200,White Sox,CWS,R,94.0,682,2260,15.374149659863946,0.3017699115044248,SI,Sinker,22.4,-21.4,1.0,4,8.5,8.5,-14.5,-6.0,-41,0.6815476190476191,0.0148809523809523,SI
2026,"Rocker, Kumar",677958,Rangers,TEX,R,94.3,675,2281,15.41216216216216,0.2959228408592722,SI,Sinker,23.1,-21.7,1.5,7,7.6,16.0,-14.8,1.3,9,0.7559523809523809,0.8422619047619048,SI
2026,"Peterson, David",656849,Cubs,CHC,L,92.1,671,2217,14.97972972972973,0.3026612539467749,SI,Sinker,24.2,-22.1,2.1,9,8.1,13.6,-14.0,-0.4,-3,0.8303571428571429,0.3869047619047619,SI
2026,"Holmes, Clay",605280,Cubs,CHC,R,93.1,668,1338,9.04054054054054,0.4992526158445441,SI,Sinker,29.6,-22.2,7.4,33,2.1,16.0,-14.6,1.4,9,0.9910714285714286,0.8601190476190477,SI
2026,"Bazardo, Eduard",660825,Mariners,SEA,R,95.7,659,1055,7.128378378378378,0.6246445497630332,SI,Sinker,19.7,-22.0,-2.4,-11,10.2,16.2,-15.6,0.5,3,0.2797619047619047,0.625,SI
2026,"McDonald, Trevor",686790,Giants,SF,R,93.4,655,1137,7.682432432432432,0.5760773966578716,SI,Sinker,30.1,-25.1,5.0,20,1.1,16.4,-15.9,0.5,3,0.9613095238095238,0.625,SI
2026,"Alvarado, José",621237,Phillies,PHI,L,98.0,639,1020,6.891891891891892,0.6264705882352941,SI,Sinker,16.2,-17.6,-1.3,-8,12.3,14.4,-14.2,0.2,1,0.3839285714285714,0.5416666666666666,SI
2026,"Elder, Bryce",693821,Braves,ATL,R,91.0,627,2245,15.16891891891892,0.2792873051224944,SI,Sinker,25.0,-23.0,2.0,9,8.1,13.7,-14.1,-0.4,-3,0.8154761904761905,0.3869047619047619,SI
2026,"Matz, Steven",571927,Rays,TB,L,93.5,619,1251,8.510204081632653,0.4948041566746602,SI,Sinker,20.1,-22.5,-2.4,-11,11.4,16.1,-14.9,1.2,8,0.2797619047619047,0.8095238095238095,SI
2026,"Warren, Will",701542,Yankees,NYY,R,93.2,619,2413,16.41496598639456,0.2565271446332366,SI,Sinker,25.8,-23.5,2.3,10,5.9,16.4,-15.2,1.1,7,0.8571428571428571,0.7767857142857143,SI
2026,"Hill, Tim",657612,Yankees,NYY,L,88.4,616,746,5.074829931972789,0.8257372654155496,SI,Sinker,41.7,-42.0,-0.3,-1,-6.4,15.7,-14.6,1.1,8,0.5208333333333334,0.7767857142857143,SI
2026,"Lowder, Rhett",695076,Reds,CIN,R,93.0,596,2066,14.054421768707485,0.2884801548886738,SI,Sinker,25.0,-24.0,1.0,4,6.7,17.2,-15.5,1.7,11,0.6815476190476191,0.9375,SI
2026,"Miles, Spencer",693686,Blue Jays,TOR,R,96.3,594,1349,9.114864864864863,0.4403261675315048,SI,Sinker,22.2,-20.6,1.6,8,7.5,16.3,-14.9,1.4,9,0.7678571428571429,0.8601190476190477,SI
2026,"Assad, Javier",665871,Cubs,CHC,R,93.4,594,1405,9.493243243243244,0.4227758007117437,SI,Sinker,20.5,-22.0,-1.4,-6,10.8,14.4,-14.5,-0.1,-1,0.3660714285714285,0.4583333333333333,SI
2026,"O'Brien, Riley",676617,Cardinals,STL,R,97.8,586,990,6.6891891891891895,0.591919191919192,SI,Sinker,24.0,-20.2,3.8,19,4.6,16.2,-15.2,1.0,7,0.9196428571428572,0.7589285714285714,SI
2026,"Bassitt, Chris",605135,Orioles,BAL,R,92.2,582,1546,10.445945945945946,0.3764553686934023,SI,Sinker,26.5,-25.1,1.3,5,5.8,16.7,-15.5,1.1,7,0.7380952380952381,0.7767857142857143,SI
2026,"Rasmussen, Drew",656876,Rays,TB,R,95.3,579,2470,16.802721088435373,0.234412955465587,SI,Sinker,17.9,-21.4,-3.5,-16,12.4,16.4,-15.1,1.3,8,0.1458333333333333,0.8422619047619048,SI
2026,"Morejon, Adrian",670970,Padres,SD,L,99.5,578,1232,8.380952380952381,0.4691558441558441,SI,Sinker,18.6,-19.4,-0.8,-4,9.3,16.1,-15.4,0.6,4,0.4553571428571428,0.6696428571428571,SI
2026,"Bibee, Tanner",676440,Guardians,CLE,R,93.2,560,2683,18.12837837837838,0.2087215803205367,SI,Sinker,22.4,-21.3,1.2,6,9.1,14.6,-14.1,0.5,3,0.7202380952380952,0.625,SI
2026,"Mayza, Tim",641835,Phillies,PHI,L,94.2,557,979,6.614864864864865,0.5689479060265578,SI,Sinker,21.5,-20.5,1.0,5,9.3,14.9,-14.1,0.9,6,0.6815476190476191,0.7261904761904762,SI
2026,"Schlittler, Cam",693645,Yankees,NYY,R,97.8,550,2778,18.897959183673468,0.1979841612670986,SI,Sinker,17.7,-19.0,-1.4,-7,10.9,13.6,-14.7,-1.2,-8,0.3660714285714285,0.2351190476190476,SI
2026,"Kirby, George",669923,Mariners,SEA,R,96.8,537,2569,17.35810810810811,0.2090307512650837,SI,Sinker,21.1,-20.6,0.5,3,8.1,16.3,-15.2,1.2,8,0.6398809523809523,0.8095238095238095,SI
2026,"Bruihl, Justin",677865,Cardinals,STL,L,90.2,531,1219,8.236486486486486,0.4356029532403609,SI,Sinker,31.9,-28.1,3.9,14,1.9,16.0,-15.9,0.1,0,0.9345238095238096,0.5089285714285714,SI
2026,"Lugo, Seth",607625,Royals,KC,R,91.4,527,2710,18.31081081081081,0.1944649446494465,SI,Sinker,24.9,-26.1,-1.2,-4,7.8,16.3,-15.6,0.7,4,0.4107142857142857,0.6755952380952381,SI
2026,"Kelly, Kevin",687330,Rays,TB,R,91.4,526,916,6.2312925170068025,0.574235807860262,SI,Sinker,37.0,-37.7,-0.7,-2,-4.1,17.0,-15.9,1.2,7,0.4761904761904761,0.8095238095238095,SI
2026,"Hancock, Emerson",676106,Mariners,SEA,R,94.8,508,2171,14.66891891891892,0.2339935513588208,SI,Sinker,30.3,-25.7,4.5,18,0.3,18.0,-16.6,1.4,8,0.949404761904762,0.8601190476190477,SI
2026,"Uribe, Abner",682842,Brewers,MIL,R,98.8,506,819,5.533783783783784,0.6178266178266179,SI,Sinker,21.3,-19.5,1.7,9,6.8,13.7,-15.2,-1.5,-10,0.7857142857142857,0.175595238095238,SI
2026,"Nola, Aaron",605400,Phillies,PHI,R,91.6,504,2756,18.62162162162162,0.1828737300435413,SI,Sinker,24.4,-26.7,-2.3,-9,8.2,17.4,-16.0,1.5,9,0.2886904761904761,0.9047619047619048,SI
2026,"Brazobán, Huascar",623211,White Sox,CWS,R,96.1,501,981,6.673469387755102,0.5107033639143731,SI,Sinker,22.1,-22.0,0.1,0,7.6,17.6,-15.9,1.7,11,0.6011904761904762,0.9375,SI
2026,"Luzardo, Jesús",666200,Phillies,PHI,L,95.8,496,2860,19.324324324324323,0.1734265734265734,SI,Sinker,24.1,-22.7,1.4,6,5.9,17.9,-16.0,1.9,12,0.75,0.9583333333333334,SI
2026,"Gray, Sonny",543243,Red Sox,BOS,R,92.0,495,2295,15.506756756756756,0.2156862745098039,SI,Sinker,25.1,-24.2,0.9,4,7.2,11.7,-15.1,-3.4,-22,0.6726190476190477,0.0476190476190476,SI
2026,"Suarez, Ranger",624133,Red Sox,BOS,L,90.3,494,2104,14.216216216216216,0.2347908745247148,SI,Sinker,27.5,-24.4,3.1,13,6.2,13.9,-14.5,-0.6,-4,0.8988095238095238,0.3303571428571428,SI
2026,"Guerrero, Tyron",594027,Red Sox,BOS,R,100.2,491,573,3.8716216216216215,0.8568935427574171,SI,Sinker,14.4,-15.7,-1.3,-8,12.8,14.2,-14.1,0.0,0,0.3839285714285714,0.4732142857142857,SI
2026,"Tolle, Payton",801139,Red Sox,BOS,L,95.0,486,2095,14.155405405405403,0.231980906921241,SI,Sinker,20.7,-22.1,-1.4,-6,9.8,16.8,-15.4,1.4,9,0.3660714285714285,0.8601190476190477,SI
2026,"Montero, Keider",672456,Tigers,DET,R,94.7,485,2157,14.673469387755102,0.2248493277700509,SI,Sinker,19.2,-21.8,-2.6,-12,11.4,15.2,-15.0,0.2,1,0.2410714285714285,0.5416666666666666,SI
2026,"Suter, Brent",608718,Braves,ATL,L,89.0,484,1436,9.702702702702704,0.3370473537604457,SI,Sinker,22.2,-23.5,-1.3,-6,12.4,11.5,-12.5,-1.0,-8,0.3839285714285714,0.2619047619047619,SI
2026,"Phillips, Tyler",663969,Marlins,MIA,R,95.5,476,1846,12.472972972972974,0.2578548212351029,SI,Sinker,21.9,-20.8,1.1,5,8.2,17.1,-14.9,2.1,14,0.6964285714285714,0.9642857142857144,SI
2026,"Weathers, Ryan",677960,Yankees,NYY,L,94.1,474,2280,15.510204081632653,0.2078947368421052,SI,Sinker,22.7,-24.7,-1.9,-8,8.3,17.7,-16.2,1.5,9,0.3214285714285714,0.9047619047619048,SI
2026,"Brown, Hunter",686613,Astros,HOU,R,96.0,473,1592,10.756756756756756,0.2971105527638191,SI,Sinker,18.8,-20.2,-1.5,-7,11.0,15.1,-14.7,0.4,2,0.3541666666666667,0.6041666666666666,SI
2026,"Peralta, Wandy",593974,Padres,SD,L,96.0,466,1115,7.585034013605442,0.4179372197309417,SI,Sinker,20.5,-21.5,-0.9,-4,9.2,15.4,-15.6,-0.2,-1,0.4434523809523809,0.431547619047619,SI
2026,"Woo, Bryan",693433,Mariners,SEA,R,95.9,465,2395,16.18243243243243,0.1941544885177453,SI,Sinker,24.2,-24.2,-0.1,0,5.6,16.3,-16.3,0.0,0,0.5654761904761905,0.4732142857142857,SI
2026,"Lorenzen, Michael",547179,Blue Jays,TOR,R,93.4,464,2331,15.75,0.199056199056199,SI,Sinker,23.4,-23.7,-0.3,-1,7.8,15.2,-15.6,-0.3,-2,0.5208333333333334,0.4136904761904761,SI
2026,"Buehler, Walker",621111,Padres,SD,R,94.2,463,2352,16.0,0.1968537414965986,SI,Sinker,18.0,-22.8,-4.8,-21,12.8,13.8,-15.4,-1.5,-10,0.0595238095238095,0.175595238095238,SI
2026,"Brubaker, JT",664141,Giants,SF,R,93.7,451,1000,6.756756756756757,0.451,SI,Sinker,22.0,-22.4,-0.4,-2,9.1,15.5,-15.0,0.5,3,0.5089285714285714,0.625,SI
2026,"Sproat, Brandon",687075,Brewers,MIL,R,96.1,451,1727,11.66891891891892,0.2611464968152866,SI,Sinker,24.2,-22.0,2.3,10,5.4,15.2,-15.6,-0.5,-3,0.8571428571428571,0.369047619047619,SI
2026,"Kay, Anthony",641743,White Sox,CWS,L,95.2,450,2583,17.571428571428573,0.1742160278745644,SI,Sinker,25.1,-22.6,2.5,11,5.2,16.0,-15.7,0.3,2,0.875,0.5684523809523809,SI
2026,"Holderman, Colin",670059,Guardians,CLE,R,96.7,439,860,5.8108108108108105,0.5104651162790698,SI,Sinker,23.5,-22.0,1.6,7,5.8,16.9,-15.8,1.1,7,0.7678571428571429,0.7767857142857143,SI
2026,"Mikolas, Miles",571945,Nationals,WSH,R,92.8,436,1826,12.25503355704698,0.2387732749178532,SI,Sinker,22.1,-21.6,0.5,2,9.7,14.9,-14.0,1.0,7,0.6398809523809523,0.7589285714285714,SI
2026,"Manaea, Sean",640455,Mets,NYM,L,90.4,434,2227,15.149659863945578,0.1948810058374495,SI,Sinker,29.2,-27.0,2.2,8,4.4,18.2,-15.5,2.7,17,0.8452380952380952,0.9851190476190476,SI
2026,"Williams, Gavin",668909,Guardians,CLE,R,97.0,433,2684,18.135135135135137,0.1613263785394933,SI,Sinker,20.0,-20.1,-0.1,-1,9.2,15.5,-14.8,0.7,5,0.5654761904761905,0.6755952380952381,SI
2026,"Dodd, Dylan",689266,Braves,ATL,L,93.8,433,716,4.837837837837838,0.6047486033519553,SI,Sinker,13.8,-21.5,-7.7,-36,17.2,8.5,-14.5,-6.0,-41,0.0059523809523809,0.0148809523809523,SI
2026,"May, Dustin",669160,Brewers,MIL,R,96.6,429,2234,15.094594594594597,0.1920322291853178,SI,Sinker,23.4,-22.2,1.2,6,6.1,17.4,-15.8,1.6,10,0.7202380952380952,0.9285714285714286,SI
2026,"Sugano, Tomoyuki",608372,Rockies,COL,R,92.5,427,2272,15.45578231292517,0.1879401408450704,SI,Sinker,21.0,-22.8,-1.9,-8,10.9,13.1,-14.6,-1.5,-10,0.3214285714285714,0.175595238095238,SI
2026,"Castillo, Luis",622491,White Sox,CWS,R,95.4,425,2273,15.462585034013603,0.1869775626924769,SI,Sinker,26.4,-26.0,0.4,2,3.8,18.1,-16.7,1.4,8,0.6309523809523809,0.8601190476190477,SI
2026,"Kochanowicz, Jack",686799,Angels,LAA,R,95.7,424,1106,7.523809523809524,0.3833634719710669,SI,Sinker,25.2,-20.0,5.1,26,4.7,13.0,-14.5,-1.5,-10,0.9642857142857144,0.175595238095238,SI
2026,"Pérez, Eury",691587,Marlins,MIA,R,97.7,423,2361,15.952702702702704,0.1791613722998729,SI,Sinker,15.1,-19.9,-4.8,-24,13.7,15.6,-15.1,0.5,3,0.0595238095238095,0.625,SI
2026,"Dobnak, Randy",677976,Royals,KC,R,91.5,419,1067,7.20945945945946,0.3926897844423617,SI,Sinker,31.3,-25.8,5.5,21,1.3,14.6,-15.6,-1.0,-6,0.9791666666666666,0.2619047619047619,SI
2026,"McGreevy, Michael",700241,Cardinals,STL,R,90.8,418,2504,16.91891891891892,0.1669329073482428,SI,Sinker,28.3,-24.2,4.1,17,4.8,12.0,-14.5,-2.5,-17,0.9434523809523808,0.1011904761904761,SI
2026,"Lodolo, Nick",666157,Reds,CIN,L,93.7,416,1613,10.97278911564626,0.2579045257284563,SI,Sinker,26.7,-24.3,2.4,10,4.6,18.6,-15.8,2.8,18,0.8630952380952381,0.9910714285714286,SI
2026,"Miller, Erik",669062,Red Sox,BOS,L,96.9,414,870,5.878378378378378,0.4758620689655172,SI,Sinker,20.6,-18.7,1.9,10,8.6,17.3,-14.2,3.1,22,0.8095238095238095,0.9970238095238096,SI
2026,"Messick, Parker",800048,Guardians,CLE,L,92.7,411,2702,18.25675675675676,0.1521095484826054,SI,Sinker,21.6,-24.2,-2.6,-11,10.1,13.1,-15.3,-2.2,-15,0.2410714285714285,0.1101190476190476,SI
2026,"Pallante, Andre",669467,Cardinals,STL,R,95.4,411,2363,15.966216216216216,0.1739314430808294,SI,Sinker,16.1,-20.7,-4.6,-22,13.9,11.4,-14.8,-3.4,-23,0.0714285714285714,0.0476190476190476,SI
2026,"Martin, Davis",663436,White Sox,CWS,R,92.8,410,2151,14.63265306122449,0.1906090190609019,SI,Sinker,23.9,-22.7,1.1,5,7.9,14.1,-14.7,-0.5,-4,0.6964285714285714,0.369047619047619,SI
2026,"Thompson, Ryan",657044,D-backs,AZ,R,89.3,409,654,4.418918918918919,0.6253822629969419,SI,Sinker,42.9,-40.6,2.4,6,-8.2,11.8,-14.5,-2.7,-18,0.8630952380952381,0.0833333333333333,SI
2026,"Quantrill, Cal",615698,Rangers,TEX,R,94.0,403,1587,10.722972972972974,0.2539382482671707,SI,Sinker,19.5,-21.1,-1.6,-7,11.5,15.2,-14.3,0.8,6,0.3452380952380952,0.6994047619047619,SI
2026,"Ashcraft, Braxton",677952,Pirates,PIT,R,97.1,399,2413,16.304054054054053,0.1653543307086614,SI,Sinker,22.2,-20.1,2.1,11,6.8,16.2,-15.1,1.1,7,0.8303571428571429,0.7767857142857143,SI
2026,"Cano, Yennier",666974,Orioles,BAL,R,94.8,397,735,4.966216216216216,0.5401360544217687,SI,Sinker,32.7,-23.7,9.1,38,-2.2,15.7,-16.1,-0.4,-2,1.0,0.3869047619047619,SI
2026,"Walker, Ryan",676254,Giants,SF,R,95.1,397,609,4.114864864864865,0.6518883415435139,SI,Sinker,27.3,-25.1,2.2,9,3.0,16.4,-16.5,-0.1,0,0.8452380952380952,0.4583333333333333,SI
2026,"Cecconi, Slade",677944,Guardians,CLE,R,93.5,392,1939,13.10135135135135,0.2021660649819494,SI,Sinker,22.2,-22.4,-0.2,-1,9.1,16.6,-14.8,1.7,12,0.5535714285714286,0.9375,SI
2026,"Moll, Sam",594580,Reds,CIN,L,91.5,392,1073,7.299319727891157,0.3653308480894687,SI,Sinker,34.8,-34.2,0.5,2,-1.9,15.7,-15.7,0.0,0,0.6398809523809523,0.4732142857142857,SI
2026,"Soto, Gregory",642397,Pirates,PIT,L,96.4,390,1024,6.918918918918919,0.380859375,SI,Sinker,21.4,-21.7,-0.3,-1,8.1,17.1,-15.6,1.5,10,0.5208333333333334,0.9047619047619048,SI
2026,"Hader, Josh",623352,Astros,HOU,L,95.0,387,605,4.087837837837838,0.6396694214876033,SI,Sinker,11.9,-21.4,-9.5,-44,18.6,8.8,-14.9,-6.1,-41,0.0,0.0089285714285714,SI
2026,"Blackburn, Paul",621112,Yankees,NYY,R,94.3,386,1154,7.850340136054422,0.3344887348353553,SI,Sinker,21.0,-21.6,-0.6,-3,9.8,13.4,-14.8,-1.3,-9,0.4821428571428571,0.2142857142857142,SI
2026,"Skubal, Tarik",669373,Dodgers,LAD,L,96.7,385,2105,14.319727891156464,0.1828978622327791,SI,Sinker,17.1,-19.9,-2.8,-14,12.2,13.3,-14.9,-1.7,-11,0.2172619047619047,0.1488095238095238,SI
2026,"Doval, Camilo",666808,Pirates,PIT,R,98.3,385,957,6.466216216216216,0.4022988505747126,SI,Sinker,24.6,-21.4,3.2,15,3.7,9.5,-15.8,-6.3,-40,0.9017857142857144,0.0029761904761904,SI
2026,"Drohan, Shane",675660,Brewers,MIL,L,94.8,384,1839,12.425675675675675,0.2088091353996737,SI,Sinker,22.5,-23.1,-0.6,-3,8.0,16.1,-15.8,0.3,2,0.4821428571428571,0.5684523809523809,SI
2026,"Corbin, Patrick",571578,Blue Jays,TOR,L,91.4,383,1412,9.54054054054054,0.2712464589235127,SI,Sinker,21.8,-22.1,-0.3,-2,11.2,14.5,-13.8,0.7,5,0.5208333333333334,0.6755952380952381,SI
2026,"Wacha, Michael",608379,Royals,KC,R,93.2,379,2726,18.41891891891892,0.1390315480557593,SI,Sinker,16.0,-20.5,-4.5,-22,15.5,11.9,-13.7,-1.7,-13,0.0863095238095238,0.1488095238095238,SI
2026,"Patrick, Chad",694477,Brewers,MIL,R,95.5,377,1621,10.952702702702704,0.2325724861196792,SI,Sinker,21.1,-22.5,-1.4,-6,8.9,15.2,-15.8,-0.6,-4,0.3660714285714285,0.3303571428571428,SI
2026,"Whitlock, Garrett",676477,Red Sox,BOS,R,95.0,376,672,4.54054054054054,0.5595238095238095,SI,Sinker,14.4,-20.9,-6.5,-31,15.9,11.4,-14.7,-3.3,-23,0.0119047619047619,0.0535714285714285,SI
2026,"Wheeler, Zack",554430,Phillies,PHI,R,94.8,376,2360,15.945945945945946,0.159322033898305,SI,Sinker,23.3,-24.6,-1.3,-5,7.1,17.6,-16.6,1.0,6,0.3839285714285714,0.7589285714285714,SI
2026,"Burke, Sean",680732,White Sox,CWS,R,94.7,375,2598,17.6734693877551,0.1443418013856812,SI,Sinker,16.0,-20.6,-4.6,-22,14.5,12.9,-14.4,-1.5,-10,0.0714285714285714,0.175595238095238,SI
2026,"Hicks, Jordan",663855,White Sox,CWS,R,99.1,370,786,5.346938775510204,0.4707379134860051,SI,Sinker,19.1,-19.5,-0.4,-2,8.7,16.3,-15.4,0.9,6,0.5089285714285714,0.7261904761904762,SI
2026,"Romero, JoJo",668941,Brewers,MIL,L,93.8,368,817,5.52027027027027,0.4504283965728274,SI,Sinker,30.4,-26.5,3.8,14,0.8,15.7,-16.5,-0.8,-5,0.9196428571428572,0.2946428571428571,SI
2026,"Bernardino, Brennan",657514,Rockies,COL,L,90.2,368,910,6.190476190476191,0.4043956043956044,SI,Sinker,30.0,-28.6,1.4,5,3.5,13.8,-15.6,-1.8,-12,0.75,0.1398809523809523,SI
2026,"Ray, Robbie",592662,Padres,SD,L,92.5,364,2682,18.244897959183675,0.1357196122296793,SI,Sinker,20.0,-22.5,-2.5,-11,11.9,14.6,-14.5,0.2,1,0.2648809523809524,0.5416666666666666,SI
2026,"Bennett, Jake",687562,Red Sox,BOS,L,92.4,358,1462,9.87837837837838,0.2448700410396717,SI,Sinker,27.6,-23.7,3.8,16,4.5,16.7,-14.9,1.8,12,0.9196428571428572,0.9553571428571428,SI
2026,"Avila, Luinder",679883,Royals,KC,R,96.4,354,1293,8.736486486486486,0.2737819025522042,SI,Sinker,18.5,-19.6,-1.1,-5,10.9,11.4,-14.5,-3.2,-22,0.4226190476190476,0.0625,SI
2026,"Svanson, Matt",694335,Cardinals,STL,R,96.3,354,788,5.324324324324325,0.449238578680203,SI,Sinker,21.8,-21.6,0.2,1,7.7,15.3,-15.5,-0.2,-2,0.6071428571428571,0.431547619047619,SI
2026,"Gasser, Robert",688107,Brewers,MIL,L,92.6,351,1534,10.364864864864863,0.2288135593220339,SI,Sinker,25.2,-26.1,-0.9,-4,6.9,15.2,-16.1,-0.8,-5,0.4434523809523809,0.2946428571428571,SI
2026,"Lynch IV, Daniel",663738,Royals,KC,L,94.1,340,1074,7.256756756756757,0.3165735567970205,SI,Sinker,21.3,-21.6,-0.3,-2,9.7,15.9,-14.7,1.2,8,0.5208333333333334,0.8095238095238095,SI
2026,"Mlodzinski, Carmen",669387,Pirates,PIT,R,94.4,340,1920,12.972972972972974,0.1770833333333333,SI,Sinker,24.5,-24.5,0.0,0,6.2,16.9,-16.1,0.8,5,0.5833333333333334,0.6994047619047619,SI
2026,"Rogers, Taylor",573124,Twins,MIN,L,92.0,339,943,6.414965986394558,0.35949098621421,SI,Sinker,23.9,-24.6,-0.8,-3,8.5,16.7,-15.4,1.3,9,0.4553571428571428,0.8422619047619048,SI
2026,"Cavalli, Cade",676917,Nationals,WSH,R,96.1,338,2703,18.14093959731544,0.1250462449130595,SI,Sinker,22.1,-20.7,1.5,7,7.5,14.7,-15.0,-0.3,-2,0.7559523809523809,0.4136904761904761,SI
2026,"Vásquez, Randy",681190,Padres,SD,R,95.1,337,2055,13.979591836734691,0.1639902676399026,SI,Sinker,19.5,-21.6,-2.1,-10,10.9,16.1,-15.1,0.9,6,0.306547619047619,0.7261904761904762,SI
2026,"Jax, Griffin",643377,Rays,TB,R,95.4,336,1531,10.414965986394558,0.2194644023514043,SI,Sinker,19.1,-22.4,-3.2,-14,11.1,16.6,-15.6,1.0,6,0.175595238095238,0.7589285714285714,SI
2026,"Mey, Luis",682825,Reds,CIN,R,98.1,331,559,3.802721088435374,0.592128801431127,SI,Sinker,23.6,-20.9,2.7,13,5.0,14.7,-15.5,-0.9,-6,0.8869047619047619,0.2827380952380952,SI
2026,"Fried, Max",608331,Yankees,NYY,L,93.2,329,1511,10.27891156462585,0.2177365982792852,SI,Sinker,27.1,-22.4,4.7,21,4.3,10.4,-14.6,-4.3,-29,0.9523809523809524,0.0238095238095238,SI
2026,"Kuhnel, Joel",669270,Giants,SF,R,95.1,327,616,4.162162162162162,0.5308441558441559,SI,Sinker,23.6,-19.9,3.8,19,6.7,14.6,-14.1,0.5,4,0.9196428571428572,0.625,SI
2026,"Keller, Mitch",656605,Pirates,PIT,R,92.3,322,1887,12.75,0.1706412294647588,SI,Sinker,24.3,-23.3,1.0,4,7.7,14.3,-14.7,-0.4,-3,0.6815476190476191,0.3869047619047619,SI
2026,"Yamamoto, Yoshinobu",808967,Dodgers,LAD,R,95.5,320,2555,17.38095238095238,0.1252446183953033,SI,Sinker,18.4,-22.7,-4.3,-19,11.5,14.5,-15.8,-1.2,-8,0.0922619047619047,0.2351190476190476,SI
2026,"Wolfram, Grant",664991,Orioles,BAL,L,95.9,318,804,5.4324324324324325,0.3955223880597014,SI,Sinker,17.5,-20.4,-2.9,-14,12.4,14.7,-14.8,-0.1,-1,0.2113095238095238,0.4583333333333333,SI
2026,"Weissert, Greg",669711,Red Sox,BOS,R,93.9,318,916,6.1891891891891895,0.3471615720524017,SI,Sinker,28.7,-26.9,1.8,7,2.5,17.6,-16.7,0.8,5,0.7976190476190477,0.6994047619047619,SI
2026,"Irvin, Jake",663623,Nationals,WSH,R,92.1,316,1665,11.174496644295305,0.1897897897897898,SI,Sinker,24.6,-24.6,0.0,0,7.7,15.6,-15.2,0.4,3,0.5833333333333334,0.6041666666666666,SI
2026,"Ramírez, Yohan",670990,Pirates,PIT,R,96.3,315,1297,8.763513513513514,0.2428681572860447,SI,Sinker,24.0,-23.4,0.5,2,5.6,17.4,-16.3,1.1,7,0.6398809523809523,0.7767857142857143,SI
2026,"Lord, Brad",695418,Nationals,WSH,R,94.4,315,1363,9.14765100671141,0.231107850330154,SI,Sinker,27.2,-25.9,1.3,5,3.6,18.7,-16.6,2.1,13,0.7380952380952381,0.9642857142857144,SI
2026,"Skenes, Paul",694973,Pirates,PIT,R,96.7,312,2623,17.722972972972972,0.1189477697293175,SI,Sinker,22.0,-21.1,0.9,4,7.3,16.9,-15.4,1.5,10,0.6726190476190477,0.9047619047619048,SI
2026,"Roycroft, Chris",688297,Athletics,ATH,R,96.4,308,577,3.8986486486486487,0.5337954939341422,SI,Sinker,27.3,-21.9,5.4,25,2.2,16.7,-15.6,1.1,7,0.9732142857142856,0.7767857142857143,SI
2026,"Hart, Kyle",606996,Padres,SD,L,93.7,307,996,6.775510204081633,0.3082329317269076,SI,Sinker,23.0,-22.8,0.2,1,8.2,16.3,-15.2,1.1,7,0.6071428571428571,0.7767857142857143,SI
2026,"Early, Connelly",813349,Red Sox,BOS,L,92.4,304,1528,10.324324324324325,0.1989528795811518,SI,Sinker,24.4,-24.6,-0.3,-1,7.8,17.7,-15.3,2.4,15,0.5208333333333334,0.9761904761904762,SI
2026,"Young, Brandon",687064,Orioles,BAL,R,93.8,301,2258,15.256756756756756,0.133303808680248,SI,Sinker,19.8,-21.7,-1.9,-9,11.3,14.6,-14.6,0.0,0,0.3214285714285714,0.4732142857142857,SI
2026,"Medina, Luis",665622,Athletics,ATH,R,97.3,301,1175,7.939189189189189,0.2561702127659575,SI,Sinker,17.8,-20.0,-2.2,-11,11.2,15.2,-15.2,0.0,0,0.3005952380952381,0.4732142857142857,SI
2026,"Schultz, Noah",702273,White Sox,CWS,L,95.1,297,1147,7.802721088435374,0.2589363557105492,SI,Sinker,23.8,-21.8,2.0,9,6.5,18.0,-15.2,2.8,18,0.8154761904761905,0.9910714285714286,SI
2026,"Loáisiga, Jonathan",642528,D-backs,AZ,R,97.8,297,865,5.844594594594595,0.3433526011560693,SI,Sinker,21.2,-21.5,-0.3,-1,7.4,17.0,-15.8,1.2,7,0.5208333333333334,0.8095238095238095,SI
2026,"Garcia, Brandyn",805299,D-backs,AZ,L,97.2,293,608,4.108108108108108,0.4819078947368421,SI,Sinker,26.7,-22.9,3.8,16,2.3,16.1,-16.5,-0.4,-2,0.9196428571428572,0.3869047619047619,SI
2026,"Seymour, Ian",693855,Rays,TB,L,90.0,293,1897,12.904761904761903,0.154454401686874,SI,Sinker,23.6,-25.0,-1.5,-6,10.3,15.0,-14.7,0.3,2,0.3541666666666667,0.5684523809523809,SI
2026,"Civale, Aaron",650644,Cubs,CHC,R,91.5,293,1747,11.804054054054054,0.1677160847166571,SI,Sinker,19.7,-23.6,-4.0,-17,13.0,13.7,-14.7,-1.0,-7,0.1160714285714285,0.2619047619047619,SI
2026,"Hall, DL",669084,Brewers,MIL,L,95.3,293,840,5.675675675675675,0.3488095238095238,SI,Sinker,20.0,-22.3,-2.3,-10,10.3,15.8,-15.5,0.3,2,0.2886904761904761,0.5684523809523809,SI
2026,"Pfaadt, Brandon",694297,D-backs,AZ,R,93.1,292,1764,11.91891891891892,0.1655328798185941,SI,Sinker,24.7,-23.5,1.2,5,6.9,15.9,-15.2,0.8,5,0.7202380952380952,0.6994047619047619,SI
2026,"Lawrence, Justin",664875,Nationals,WSH,R,95.5,292,684,4.590604026845638,0.4269005847953216,SI,Sinker,28.6,-28.2,0.5,2,1.4,16.6,-16.9,-0.4,-2,0.6398809523809523,0.3869047619047619,SI
2026,"Littell, Zack",641793,D-backs,AZ,R,91.4,286,1975,13.344594594594597,0.1448101265822785,SI,Sinker,21.4,-23.3,-1.9,-8,11.2,14.3,-14.4,-0.1,-1,0.3214285714285714,0.4583333333333333,SI
2026,"Leahy, Kyle",681517,Cardinals,STL,R,94.2,284,2191,14.804054054054054,0.1296211775445002,SI,Sinker,20.3,-22.3,-2.1,-9,10.7,13.1,-15.2,-2.0,-13,0.306547619047619,0.1279761904761904,SI
2026,"Newcomb, Sean",656794,White Sox,CWS,L,93.5,284,1322,8.993197278911564,0.2148260211800302,SI,Sinker,27.5,-23.6,3.9,16,3.9,17.0,-15.6,1.5,9,0.9345238095238096,0.9047619047619048,SI
2026,"Johnson, Ryan",696270,Angels,LAA,R,92.3,280,1455,9.89795918367347,0.1924398625429553,SI,Sinker,26.1,-23.3,2.7,12,6.0,14.0,-14.8,-0.8,-5,0.8869047619047619,0.2946428571428571,SI
2026,"Fermin, José",820862,Angels,LAA,R,96.4,280,919,6.2517006802721085,0.3046789989118607,SI,Sinker,17.2,-20.1,-3.0,-15,12.4,15.2,-14.9,0.3,2,0.1904761904761904,0.5684523809523809,SI
2026,"Funderburk, Kody",681892,Twins,MIN,L,93.0,280,813,5.530612244897959,0.3444034440344403,SI,Sinker,24.4,-22.8,1.6,7,7.4,15.6,-14.7,0.9,6,0.7678571428571429,0.7261904761904762,SI
2026,"Griffin, Foster",656492,Guardians,CLE,L,91.4,273,2667,18.02027027027027,0.1023622047244094,SI,Sinker,22.5,-24.0,-1.5,-6,10.2,14.6,-14.7,-0.2,-1,0.3541666666666667,0.431547619047619,SI
2026,"Cabrera, Edward",665795,Cubs,CHC,R,96.5,271,1280,8.64864864864865,0.21171875,SI,Sinker,20.3,-20.5,-0.2,-1,9.1,16.4,-15.1,1.4,9,0.5535714285714286,0.8601190476190477,SI
2026,"Rodriguez, Bradgley",699134,Padres,SD,R,97.7,267,1066,7.2517006802721085,0.25046904315197,SI,Sinker,16.8,-20.2,-3.4,-17,11.9,14.6,-15.4,-0.9,-6,0.1547619047619047,0.2827380952380952,SI
2026,"Feltner, Ryan",663372,Rockies,COL,R,94.2,267,1863,12.673469387755102,0.143317230273752,SI,Sinker,22.6,-22.9,-0.3,-1,8.2,12.0,-15.4,-3.3,-22,0.5208333333333334,0.0535714285714285,SI
2026,"Chapman, Aroldis",547973,Red Sox,BOS,L,98.0,266,788,5.324324324324325,0.3375634517766497,SI,Sinker,12.4,-18.0,-5.6,-31,16.1,10.8,-14.3,-3.5,-25,0.0208333333333333,0.0416666666666666,SI
2026,"Kittredge, Andrew",552640,Orioles,BAL,R,94.9,262,670,4.527027027027027,0.3910447761194029,SI,Sinker,20.4,-21.2,-0.8,-4,10.1,15.4,-14.8,0.6,4,0.4553571428571428,0.6696428571428571,SI
2026,"Severino, Luis",622663,Athletics,ATH,R,96.3,259,1086,7.337837837837838,0.2384898710865561,SI,Sinker,17.5,-20.6,-3.0,-15,12.0,14.4,-15.0,-0.6,-4,0.1904761904761904,0.3303571428571428,SI
2026,"Prielipp, Connor",687570,Twins,MIN,L,95.1,258,1821,12.387755102040815,0.1416803953871499,SI,Sinker,20.7,-22.0,-1.3,-6,9.5,14.8,-15.4,-0.6,-4,0.3839285714285714,0.3303571428571428,SI
2026,"Sisk, Evan",681895,Pirates,PIT,L,91.1,249,791,5.344594594594595,0.3147914032869785,SI,Sinker,27.1,-26.3,0.8,3,5.9,15.6,-15.6,0.0,0,0.6666666666666666,0.4732142857142857,SI
2026,"Milner, Hoby",571948,Mariners,SEA,L,86.8,249,614,4.148648648648648,0.4055374592833876,SI,Sinker,36.2,-35.7,0.5,1,0.3,16.8,-16.6,0.3,2,0.6398809523809523,0.5684523809523809,SI
2026,"Holmes, Grant",656550,Braves,ATL,R,93.0,249,2170,14.66216216216216,0.1147465437788018,SI,Sinker,23.6,-23.2,0.3,1,8.1,13.9,-15.1,-1.2,-8,0.625,0.2351190476190476,SI
2026,"Rogers, Trevor",669432,Orioles,BAL,L,93.4,247,2440,16.486486486486488,0.1012295081967213,SI,Sinker,23.4,-22.3,1.1,5,8.0,17.3,-14.7,2.6,18,0.6964285714285714,0.9791666666666666,SI
2026,"Baz, Shane",669358,Orioles,BAL,R,95.3,245,2751,18.58783783783784,0.089058524173028,SI,Sinker,17.9,-21.5,-3.7,-17,12.3,14.7,-15.1,-0.5,-3,0.1369047619047619,0.369047619047619,SI
2026,"Nance, Tommy",667297,Twins,MIN,R,94.5,243,890,6.054421768707483,0.2730337078651685,SI,Sinker,20.7,-20.5,0.2,1,9.9,15.1,-14.1,0.9,7,0.6071428571428571,0.7261904761904762,SI
2026,"Lange, Alex",656638,Royals,KC,R,95.7,242,1028,6.945945945945946,0.235408560311284,SI,Sinker,23.0,-21.2,1.8,9,6.8,16.3,-15.1,1.1,7,0.7976190476190477,0.7767857142857143,SI
2026,"Sommers, Drew",805427,Tigers,DET,L,95.0,242,563,3.829931972789116,0.4298401420959147,SI,Sinker,26.3,-24.8,1.5,6,4.1,16.8,-17.0,-0.2,-1,0.7559523809523809,0.431547619047619,SI
2026,"Kelly, Merrill",518876,D-backs,AZ,R,92.4,240,2448,16.54054054054054,0.0980392156862745,SI,Sinker,25.7,-24.9,0.7,3,6.5,16.6,-15.6,1.0,6,0.6636904761904762,0.7589285714285714,SI
2026,"Bachman, Sam",696147,Angels,LAA,R,98.7,236,761,5.17687074829932,0.3101182654402102,SI,Sinker,20.1,-20.9,-0.8,-4,8.0,16.7,-15.8,0.9,6,0.4553571428571428,0.7261904761904762,SI
2026,"Alvarez, Andrew",674841,Nationals,WSH,L,91.8,235,1567,10.516778523489933,0.1499680918953414,SI,Sinker,26.6,-22.4,4.3,19,5.8,13.9,-14.2,-0.3,-2,0.9464285714285714,0.4136904761904761,SI
2026,"Rodriguez, Eduardo",593958,D-backs,AZ,L,91.5,235,2772,18.72972972972973,0.0847763347763347,SI,Sinker,19.5,-22.9,-3.4,-15,13.2,12.1,-14.2,-2.1,-15,0.1547619047619047,0.119047619047619,SI
2026,"Henriquez, Edgardo",683618,Dodgers,LAD,R,100.9,233,946,6.435374149659864,0.2463002114164905,SI,Sinker,15.2,-17.9,-2.7,-15,11.7,15.6,-15.1,0.5,3,0.2261904761904762,0.625,SI
2026,"Erceg, Lucas",668674,Royals,KC,R,96.8,233,824,5.567567567567568,0.2827669902912621,SI,Sinker,18.7,-20.1,-1.4,-7,10.4,14.7,-15.0,-0.3,-2,0.3660714285714285,0.4136904761904761,SI
2026,"Rodríguez, Elmer",695684,Yankees,NYY,R,95.8,229,497,3.380952380952381,0.4607645875251509,SI,Sinker,23.3,-21.6,1.7,8,6.6,16.2,-15.3,0.9,6,0.7857142857142857,0.7261904761904762,SI
2026,"King, John",667463,Marlins,MIA,L,90.4,229,714,4.824324324324325,0.3207282913165266,SI,Sinker,31.6,-25.9,5.6,22,1.9,12.7,-15.3,-2.6,-17,0.9851190476190476,0.0922619047619047,SI
2026,"Lambert, Peter",663567,Astros,HOU,R,93.4,227,2367,15.993243243243244,0.0959019856358259,SI,Sinker,19.3,-22.3,-3.0,-14,12.3,15.1,-14.6,0.5,3,0.1904761904761904,0.625,SI
2026,"Legumina, Casey",668984,Rays,TB,R,92.9,226,1012,6.884353741496598,0.2233201581027667,SI,Sinker,22.9,-26.9,-4.0,-15,8.9,18.1,-16.5,1.6,10,0.1160714285714285,0.9285714285714286,SI
2026,"Bird, Jake",656234,Nationals,WSH,R,94.7,225,678,4.550335570469799,0.331858407079646,SI,Sinker,27.7,-24.5,3.2,13,3.1,15.7,-16.2,-0.5,-3,0.9017857142857144,0.369047619047619,SI
2026,"Shugart, Chase",663767,Phillies,PHI,R,95.1,223,774,5.22972972972973,0.2881136950904392,SI,Sinker,20.5,-22.8,-2.3,-10,9.7,16.4,-15.7,0.7,4,0.2886904761904761,0.6755952380952381,SI
2026,"Warren, Austin",681810,Mets,NYM,R,94.1,221,821,5.585034013605442,0.269183922046285,SI,Sinker,24.8,-26.1,-1.3,-5,6.1,18.3,-16.6,1.7,11,0.3839285714285714,0.9375,SI
2026,"Hurter, Brant",676428,Tigers,DET,L,92.1,221,391,2.659863945578232,0.5652173913043478,SI,Sinker,30.4,-23.2,7.2,31,2.1,16.2,-14.6,1.6,11,,,SI
2026,"Schreiber, John",670167,Yankees,NYY,R,93.3,221,923,6.27891156462585,0.2394366197183098,SI,Sinker,33.4,-28.0,5.5,19,-1.9,15.6,-16.7,-1.1,-6,0.9791666666666666,0.2529761904761904,SI
2026,"Anderson, Grant",681982,Brewers,MIL,R,93.1,219,915,6.1824324324324325,0.2393442622950819,SI,Sinker,29.9,-28.1,1.8,7,1.8,17.4,-16.6,0.7,4,0.7976190476190477,0.6755952380952381,SI
2026,"Holton, Tyler",663947,Tigers,DET,L,91.1,218,1080,7.346938775510204,0.2018518518518518,SI,Sinker,24.1,-23.8,0.2,1,8.9,15.2,-14.4,0.8,6,0.6071428571428571,0.6994047619047619,SI
2026,"Sale, Chris",519242,Braves,ATL,L,95.6,217,2477,16.736486486486488,0.0876059749697214,SI,Sinker,27.5,-25.4,2.1,8,2.5,18.0,-16.7,1.3,8,0.8303571428571429,0.8422619047619048,SI
2026,"Cease, Dylan",656302,Blue Jays,TOR,R,95.9,216,2727,18.42567567567568,0.0792079207920792,SI,Sinker,15.9,-20.1,-4.2,-21,13.8,11.2,-14.7,-3.5,-23,0.1101190476190476,0.0416666666666666,SI
2026,"Montgomery, Mason",682254,Pirates,PIT,L,98.8,215,1050,7.094594594594595,0.2047619047619047,SI,Sinker,13.4,-19.8,-6.5,-33,14.5,11.3,-15.0,-3.7,-24,0.0119047619047619,0.0357142857142857,SI
2026,"Burrows, Mike",681347,Astros,HOU,R,94.5,212,1567,10.58783783783784,0.1352903637523931,SI,Sinker,17.9,-21.4,-3.5,-16,12.8,14.6,-14.7,-0.2,-1,0.1458333333333333,0.431547619047619,SI
2026,"Ritchie, JR",702275,Braves,ATL,R,94.2,212,1023,6.912162162162162,0.2072336265884653,SI,Sinker,24.6,-23.5,1.1,5,6.1,16.0,-15.6,0.4,3,0.6964285714285714,0.6041666666666666,SI
2026,"Teng, Kai-Wei",678906,Astros,HOU,R,93.2,211,1266,8.554054054054054,0.1666666666666666,SI,Sinker,25.9,-23.8,2.2,9,5.8,15.9,-15.4,0.5,3,0.8452380952380952,0.625,SI
2026,"Herrin, Tim",682120,Guardians,CLE,L,93.7,209,864,5.837837837837838,0.2418981481481481,SI,Sinker,26.1,-22.6,3.5,16,5.2,15.1,-15.0,0.1,0,0.9077380952380952,0.5089285714285714,SI
2026,"Brown, Ben",676962,Cubs,CHC,R,96.4,207,1004,6.783783783783784,0.2061752988047809,SI,Sinker,16.9,-19.5,-2.6,-13,12.6,14.8,-14.4,0.3,2,0.2410714285714285,0.5684523809523809,SI
2026,"Cleavinger, Garrett",664076,Rays,TB,L,95.2,207,734,4.993197278911564,0.2820163487738419,SI,Sinker,21.7,-24.4,-2.6,-11,8.6,17.7,-16.3,1.4,9,0.2410714285714285,0.8601190476190477,SI
2026,"Speier, Gabe",642100,Mariners,SEA,L,95.1,207,613,4.141891891891892,0.3376835236541599,SI,Sinker,23.5,-23.0,0.5,2,6.8,17.2,-15.8,1.4,9,0.6398809523809523,0.8601190476190477,SI
2026,"Senzatela, Antonio",622608,Brewers,MIL,R,96.6,207,1070,7.22972972972973,0.1934579439252336,SI,Sinker,22.5,-20.7,1.8,9,6.7,13.8,-15.2,-1.5,-10,0.7976190476190477,0.175595238095238,SI
2026,"Ryan, Joe",657746,Twins,MIN,R,93.1,205,2155,14.65986394557823,0.0951276102088167,SI,Sinker,22.9,-26.8,-3.9,-14,8.7,17.4,-16.5,0.9,5,0.125,0.7261904761904762,SI
2026,"Pérez, Cionel",672335,Mets,NYM,L,96.7,204,702,4.775510204081633,0.2905982905982906,SI,Sinker,22.6,-22.6,0.1,0,6.6,14.9,-16.2,-1.3,-8,0.6011904761904762,0.2142857142857142,SI
2026,"Alexander, Tyler",641302,Rangers,TEX,L,91.3,202,1054,7.121621621621622,0.191650853889943,SI,Sinker,23.9,-25.2,-1.3,-5,9.0,16.3,-15.2,1.1,7,0.3839285714285714,0.7767857142857143,SI
2026,"Chandler, Bubba",696149,Pirates,PIT,R,97.8,199,2428,16.405405405405407,0.0819604612850082,SI,Sinker,16.4,-20.7,-4.3,-21,12.1,14.2,-15.4,-1.2,-8,0.0922619047619047,0.2351190476190476,SI
2026,"Clarke, Taylor",664199,D-backs,AZ,R,95.3,197,941,6.358108108108108,0.2093517534537725,SI,Sinker,20.1,-20.9,-0.8,-4,10.0,13.9,-14.9,-1.0,-7,0.4553571428571428,0.2619047619047619,SI
2026,"Backhus, Kyle",679775,Phillies,PHI,L,90.7,196,354,2.391891891891892,0.5536723163841808,SI,Sinker,32.5,-29.7,2.7,9,1.0,18.8,-17.0,1.8,10,,,SI
2026,"Liberatore, Matthew",669461,Cardinals,STL,L,94.3,196,2448,16.54054054054054,0.0800653594771241,SI,Sinker,16.9,-20.3,-3.3,-16,13.9,13.0,-13.8,-0.8,-6,0.1636904761904762,0.2946428571428571,SI
2026,"Ferguson, Caleb",657571,Cardinals,STL,L,92.3,196,586,3.95945945945946,0.3344709897610921,SI,Sinker,23.1,-23.7,-0.6,-2,9.1,14.6,-15.0,-0.3,-2,0.4821428571428571,0.4136904761904761,SI
2026,"Hanifee, Brenan",669724,Tigers,DET,R,95.0,195,321,2.183673469387755,0.6074766355140186,SI,Sinker,26.3,-22.9,3.4,15,4.0,16.0,-15.8,0.2,2,,,SI
2026,"Glasnow, Tyler",607192,Dodgers,LAD,R,95.8,194,869,5.91156462585034,0.2232451093210586,SI,Sinker,15.7,-18.5,-2.7,-15,14.1,10.6,-13.6,-2.9,-22,0.2261904761904762,0.0714285714285714,SI
2026,"De los Santos, Yerry",660787,Yankees,NYY,R,95.4,193,315,2.142857142857143,0.6126984126984127,SI,Sinker,23.0,-21.5,1.4,7,7.3,17.8,-15.2,2.6,17,,,SI
2026,"Zeferjahn, Ryan",666171,Cubs,CHC,R,96.3,187,1173,7.925675675675675,0.1594202898550724,SI,Sinker,20.9,-21.4,-0.5,-2,8.6,13.9,-15.4,-1.5,-10,0.5,0.175595238095238,SI
2026,"Mize, Casey",663554,Padres,SD,R,93.6,183,1863,12.673469387755102,0.0982286634460547,SI,Sinker,16.5,-22.0,-5.5,-25,14.8,13.8,-14.6,-0.8,-6,0.0267857142857142,0.2946428571428571,SI
2026,"Herget, Jimmy",623474,Rockies,COL,R,90.7,183,829,5.639455782312925,0.2207478890229191,SI,Sinker,33.2,-32.0,1.2,4,-0.1,16.0,-15.8,0.2,1,0.7202380952380952,0.5416666666666666,SI
2026,"Arrighetti, Spencer",681293,Blue Jays,TOR,R,92.2,183,1797,12.141891891891891,0.1018363939899833,SI,Sinker,23.1,-26.1,-3.0,-12,9.1,17.1,-16.4,0.7,4,0.1904761904761904,0.6755952380952381,SI
2026,"Freeland, Kyle",607536,Rockies,COL,L,91.3,183,2006,13.64625850340136,0.0912263210368893,SI,Sinker,25.4,-23.9,1.5,6,7.3,14.4,-14.6,-0.2,-1,0.7559523809523809,0.431547619047619,SI
2026,"Kolek, Stephen",663568,Royals,KC,R,93.7,182,837,5.655405405405405,0.2174432497013142,SI,Sinker,26.2,-23.7,2.5,11,5.0,14.8,-15.6,-0.8,-5,0.875,0.2946428571428571,SI
2026,"Sandoval, Patrick",663776,Red Sox,BOS,L,94.0,180,947,6.398648648648648,0.1900739176346357,SI,Sinker,18.2,-22.0,-3.8,-17,12.7,13.5,-14.9,-1.3,-9,0.1279761904761904,0.2142857142857142,SI
2026,"Agnos, Zach",688642,Rockies,COL,R,93.6,180,1356,9.224489795918368,0.1327433628318584,SI,Sinker,22.4,-23.0,-0.6,-3,8.6,14.5,-15.2,-0.7,-5,0.4821428571428571,0.3214285714285714,SI
2026,"Rea, Colin",607067,Cubs,CHC,R,92.5,179,2185,14.763513513513514,0.0819221967963386,SI,Sinker,23.0,-24.0,-1.0,-4,9.0,13.7,-15.2,-1.5,-10,0.4345238095238095,0.175595238095238,SI
2026,"Kerkering, Orion",689147,Phillies,PHI,R,96.4,179,1000,6.756756756756757,0.179,SI,Sinker,18.8,-20.9,-2.0,-10,10.6,16.9,-15.3,1.7,11,0.3125,0.9375,SI
2026,"Dollander, Chase",801403,Rockies,COL,R,98.2,178,743,5.054421768707483,0.2395693135935397,SI,Sinker,22.4,-22.0,0.4,2,6.0,17.1,-15.8,1.4,9,0.6309523809523809,0.8601190476190477,SI
2026,"Castaño, Blas",680604,Rockies,COL,R,94.1,176,439,2.986394557823129,0.4009111617312073,SI,Sinker,26.2,-27.3,-1.2,-4,4.6,15.0,-16.9,-1.8,-11,,,SI
2026,"McCullers Jr., Lance",621121,Brewers,MIL,R,91.2,174,793,5.358108108108108,0.2194199243379571,SI,Sinker,27.3,-25.6,1.7,7,5.7,15.1,-15.4,-0.3,-2,0.7857142857142857,0.4136904761904761,SI
2026,"Painter, Andrew",691725,Phillies,PHI,R,95.1,174,1861,12.574324324324325,0.0934981192907039,SI,Sinker,16.9,-19.7,-2.8,-14,13.4,12.0,-13.9,-1.9,-14,0.2172619047619047,0.1339285714285714,SI
2026,"Meyer, Max",676974,Marlins,MIA,R,93.6,173,1789,12.08783783783784,0.096702068194522,SI,Sinker,22.5,-22.6,-0.1,-1,8.9,16.4,-15.0,1.4,9,0.5654761904761905,0.8601190476190477,SI
2026,"Domínguez, Seranthony",622554,Mariners,SEA,R,97.6,171,1011,6.831081081081081,0.1691394658753709,SI,Sinker,18.9,-21.1,-2.2,-11,9.9,15.1,-15.7,-0.6,-4,0.3005952380952381,0.3303571428571428,SI
2026,"Bender, Anthony",669622,Marlins,MIA,R,96.4,171,539,3.641891891891892,0.3172541743970315,SI,Sinker,27.7,-22.4,5.2,23,2.0,18.3,-16.1,2.2,14,0.9672619047619048,0.9732142857142856,SI
2026,"Gibson, Cade",806188,Marlins,MIA,L,92.2,170,775,5.236486486486487,0.2193548387096774,SI,Sinker,25.7,-24.1,1.6,7,6.5,15.4,-15.2,0.3,2,0.7678571428571429,0.5684523809523809,SI
2026,"Morillo, Juan",666661,D-backs,AZ,R,98.6,169,949,6.412162162162162,0.1780821917808219,SI,Sinker,15.4,-20.0,-4.6,-23,12.8,13.6,-15.4,-1.8,-12,0.0714285714285714,0.1398809523809523,SI
2026,"Scholtens, Jesse",669947,Rays,TB,R,92.1,169,723,4.918367346938775,0.2337482710926694,SI,Sinker,20.0,-23.3,-3.3,-14,12.4,15.0,-14.7,0.3,2,0.1636904761904762,0.5684523809523809,SI
2026,"Topa, Justin",623437,Yankees,NYY,R,93.5,168,413,2.8095238095238093,0.4067796610169492,SI,Sinker,30.5,-27.0,3.5,13,0.9,18.2,-16.7,1.5,9,,,SI
2026,"Faucher, Calvin",676534,Marlins,MIA,R,96.0,167,1052,7.108108108108108,0.1587452471482889,SI,Sinker,24.9,-22.5,2.4,11,4.8,16.0,-16.0,0.1,0,0.8630952380952381,0.5089285714285714,SI
2026,"Kremer, Dean",665152,Twins,MIN,R,92.1,166,1201,8.170068027210885,0.138218151540383,SI,Sinker,20.2,-23.3,-3.0,-13,12.0,13.7,-14.6,-0.9,-6,0.1904761904761904,0.2827380952380952,SI
2026,"Wilson, Bryse",669060,Brewers,MIL,R,92.3,165,533,3.6013513513513518,0.3095684803001876,SI,Sinker,22.5,-22.8,-0.3,-1,9.6,15.0,-14.5,0.5,3,0.5208333333333334,0.625,SI
2026,"Iglesias, Raisel",628452,Braves,ATL,R,94.4,165,848,5.72972972972973,0.1945754716981132,SI,Sinker,22.7,-23.6,-1.0,-4,8.0,16.9,-15.8,1.2,7,0.4345238095238095,0.8095238095238095,SI
2026,"Rodón, Carlos",607074,Yankees,NYY,L,93.4,165,1240,8.435374149659864,0.1330645161290322,SI,Sinker,23.1,-21.4,1.7,8,8.3,14.3,-14.3,0.0,0,0.7857142857142857,0.4732142857142857,SI
2026,"Soroka, Michael",647336,D-backs,AZ,R,93.2,165,1588,10.72972972972973,0.103904282115869,SI,Sinker,26.1,-23.8,2.2,9,5.6,16.3,-15.5,0.8,5,0.8452380952380952,0.6994047619047619,SI
2026,"Hentges, Sam",656529,Giants,SF,L,93.9,164,617,4.168918918918919,0.2658022690437601,SI,Sinker,18.6,-20.9,-2.3,-11,12.4,12.4,-14.2,-1.8,-12,0.2886904761904761,0.1398809523809523,SI
2026,"Petty, Chase",695534,Reds,CIN,R,96.2,164,477,3.2448979591836733,0.3438155136268344,SI,Sinker,18.8,-22.6,-3.8,-17,10.8,15.4,-15.9,-0.5,-3,0.1279761904761904,0.369047619047619,SI
2026,"Raley, Brooks",548384,Phillies,PHI,L,90.3,164,782,5.283783783783784,0.2097186700767263,SI,Sinker,29.1,-25.4,3.7,14,4.8,16.5,-15.1,1.4,9,0.9136904761904762,0.8601190476190477,SI
2026,"Watson, Ryan",670245,Angels,LAA,R,93.6,162,1069,7.272108843537415,0.1515434985968194,SI,Sinker,23.0,-23.1,-0.1,0,8.3,16.1,-15.2,0.9,6,0.5654761904761905,0.7261904761904762,SI
2026,"Banda, Anthony",607455,Twins,MIN,L,94.7,162,608,4.136054421768708,0.2664473684210526,SI,Sinker,20.3,-22.8,-2.5,-11,10.4,15.9,-15.5,0.4,3,0.2648809523809524,0.6041666666666666,SI
2026,"Lovelady, Richard",663992,Nationals,WSH,L,91.2,160,539,3.61744966442953,0.2968460111317254,SI,Sinker,28.3,-25.7,2.6,10,4.7,13.6,-15.4,-1.9,-12,0.8839285714285714,0.1339285714285714,SI
2026,"Gusto, Ryan",687473,Marlins,MIA,R,93.1,159,1267,8.56081081081081,0.1254932912391476,SI,Sinker,24.3,-23.1,1.2,5,7.3,15.1,-15.0,0.1,1,0.7202380952380952,0.5089285714285714,SI
2026,"Imanaga, Shota",684007,Cubs,CHC,L,90.1,157,2607,17.614864864864863,0.0602224779439969,SI,Sinker,24.0,-26.0,-2.0,-8,9.8,16.3,-15.1,1.2,8,0.3125,0.8095238095238095,SI
2026,"Gibson, Trey",694346,Orioles,BAL,R,94.6,157,619,4.1824324324324325,0.2536348949919224,SI,Sinker,22.9,-21.8,1.1,5,7.7,15.4,-15.0,0.4,3,0.6964285714285714,0.6041666666666666,SI
2026,"Wrobleski, Justin",680736,Dodgers,LAD,L,93.7,156,2009,13.666666666666666,0.0776505724240915,SI,Sinker,21.1,-24.8,-3.7,-15,10.0,14.0,-16.1,-2.1,-13,0.1369047619047619,0.119047619047619,SI
2026,"Mantiply, Joe",573009,Blue Jays,TOR,L,88.6,155,334,2.256756756756757,0.4640718562874251,SI,Sinker,33.2,-28.1,5.1,18,1.8,18.3,-15.5,2.8,18,,,SI
2026,"Burke, Brock",656271,Reds,CIN,L,93.5,153,1116,7.591836734693878,0.1370967741935483,SI,Sinker,20.1,-20.6,-0.5,-3,11.2,14.2,-13.8,0.4,3,0.5,0.6041666666666666,SI
2026,"Treinen, Blake",595014,Dodgers,LAD,R,95.1,153,420,2.857142857142857,0.3642857142857142,SI,Sinker,25.0,-21.6,3.4,16,5.3,17.6,-15.3,2.3,15,,,SI
2026,"Hoppe, Alex",695380,Orioles,BAL,R,98.3,152,688,4.648648648648648,0.2209302325581395,SI,Sinker,19.0,-20.4,-1.3,-7,9.3,13.8,-15.5,-1.7,-11,0.3839285714285714,0.1488095238095238,SI
2026,"Hernández, Jonathan",642546,Dodgers,LAD,R,97.0,151,413,2.8095238095238093,0.3656174334140435,SI,Sinker,23.5,-21.5,2.0,9,5.6,17.4,-15.8,1.7,11,,,SI
2026,"Gore, MacKenzie",669022,Rangers,TEX,L,95.1,151,2791,18.85810810810811,0.0541024722321748,SI,Sinker,16.5,-21.6,-5.1,-24,13.8,13.6,-15.1,-1.5,-10,0.0476190476190476,0.175595238095238,SI
2026,"King, Bryan",687911,Astros,HOU,L,91.6,148,960,6.486486486486487,0.1541666666666666,SI,Sinker,26.3,-24.3,2.0,8,6.3,12.0,-14.9,-2.9,-19,0.8154761904761905,0.0714285714285714,SI
2026,"Zerpa, Angel",672582,Brewers,MIL,L,95.6,147,216,1.4594594594594594,0.6805555555555556,SI,Sinker,26.9,-25.7,1.2,5,3.2,17.3,-16.7,0.6,3,,,SI
2026,"Poulin, PJ",676571,Nationals,WSH,L,89.0,147,635,4.261744966442953,0.231496062992126,SI,Sinker,33.8,-33.8,0.0,0,0.9,17.3,-15.9,1.4,9,0.5833333333333334,0.8601190476190477,SI
2026,"Melton, Troy",675512,Tigers,DET,R,95.7,145,1614,10.979591836734691,0.0898389095415117,SI,Sinker,19.6,-21.6,-2.0,-9,10.1,14.4,-15.3,-0.9,-6,0.3125,0.2827380952380952,SI
2026,"Winn, Keaton",676775,Giants,SF,R,95.3,144,644,4.351351351351352,0.2236024844720497,SI,Sinker,23.4,-20.6,2.8,14,6.5,13.2,-14.7,-1.6,-11,0.8958333333333334,0.1607142857142857,SI
2026,"Black, Mason",696131,Royals,KC,R,93.8,144,556,3.756756756756757,0.2589928057553957,SI,Sinker,22.3,-25.0,-2.6,-11,8.7,16.5,-16.0,0.5,3,0.2410714285714285,0.625,SI
2026,"Leiter Jr., Mark",643410,Athletics,ATH,R,92.1,144,551,3.722972972972973,0.2613430127041742,SI,Sinker,20.8,-23.3,-2.5,-11,11.5,14.7,-14.6,0.1,1,0.2648809523809524,0.5089285714285714,SI
2026,"Eovaldi, Nathan",543135,Rangers,TEX,R,93.5,142,2007,13.56081081081081,0.0707523667164922,SI,Sinker,21.4,-22.6,-1.2,-5,10.0,16.1,-14.9,1.2,8,0.4107142857142857,0.8095238095238095,SI
2026,"Taylor, Grant",691799,White Sox,CWS,R,98.8,140,1193,8.115646258503402,0.1173512154233026,SI,Sinker,15.0,-18.4,-3.4,-18,12.9,11.5,-14.4,-2.9,-20,0.1547619047619047,0.0714285714285714,SI
2026,"Foley, Jason",671345,Giants,SF,R,95.8,140,314,2.121621621621621,0.445859872611465,SI,Sinker,26.0,-22.1,3.9,18,3.8,17.2,-15.6,1.6,10,,,SI
2026,"Criswell, Cooper",681867,Mariners,SEA,R,91.0,139,518,3.5,0.2683397683397683,SI,Sinker,36.9,-28.2,8.8,31,-3.7,16.1,-16.1,0.0,0,0.9970238095238096,0.4732142857142857,SI
2026,"Canning, Griffin",656288,Padres,SD,R,93.8,138,1402,9.537414965986397,0.0984308131241084,SI,Sinker,23.2,-23.7,-0.4,-2,7.9,16.5,-15.7,0.7,5,0.5089285714285714,0.6755952380952381,SI
2026,"Taillon, Jameson",592791,Blue Jays,TOR,R,91.9,138,1443,9.75,0.0956340956340956,SI,Sinker,18.0,-22.9,-4.9,-22,14.4,13.0,-14.2,-1.2,-9,0.0535714285714285,0.2351190476190476,SI
2026,"Morgan, David",688158,Padres,SD,R,96.7,137,475,3.2312925170068025,0.2884210526315789,SI,Sinker,22.9,-23.6,-0.7,-3,6.5,16.3,-16.2,0.1,0,0.4761904761904761,0.5089285714285714,SI
2026,"Tidwell, Blade",694918,Giants,SF,R,93.3,136,807,5.452702702702703,0.1685254027261462,SI,Sinker,21.1,-22.1,-0.9,-4,10.3,15.8,-14.5,1.3,9,0.4434523809523809,0.8422619047619048,SI
2026,"Ahlstrom, Robby",695239,Rangers,TEX,L,94.4,135,630,4.256756756756757,0.2142857142857142,SI,Sinker,18.1,-21.2,-3.1,-14,12.7,14.2,-14.6,-0.4,-3,0.1845238095238095,0.3869047619047619,SI
2026,"Hill, Jaden",677955,Rockies,COL,R,97.4,134,611,4.156462585034014,0.2193126022913257,SI,Sinker,20.7,-21.6,-0.8,-4,8.0,15.2,-16.0,-0.7,-5,0.4553571428571428,0.3214285714285714,SI
2026,"Silseth, Chase",681217,Rangers,TEX,R,95.7,133,993,6.70945945945946,0.1339375629405841,SI,Sinker,20.6,-21.7,-1.1,-5,9.4,14.1,-15.5,-1.4,-9,0.4226190476190476,0.2083333333333333,SI
2026,"Woodford, Jake",663765,Cubs,CHC,R,93.7,133,457,3.0878378378378377,0.2910284463894967,SI,Sinker,25.7,-25.9,-0.1,-1,5.5,15.1,-16.4,-1.3,-8,0.5654761904761905,0.2142857142857142,SI
2026,"Borucki, Ryan",621366,Giants,SF,L,93.5,133,380,2.5675675675675675,0.35,SI,Sinker,23.9,-22.7,1.3,6,7.4,18.3,-15.0,3.3,22,,,SI
2026,"Morris, Andrew",702193,Twins,MIN,R,96.5,133,1151,7.829931972789115,0.1155516941789748,SI,Sinker,14.1,-19.6,-5.5,-28,15.3,11.7,-14.4,-2.7,-19,0.0267857142857142,0.0833333333333333,SI
2026,"Quintana, Jose",500779,Rockies,COL,L,89.9,133,687,4.673469387755102,0.1935953420669577,SI,Sinker,22.3,-24.8,-2.5,-10,11.6,13.2,-14.5,-1.3,-9,0.2648809523809524,0.2142857142857142,SI
2026,"Junis, Jakob",596001,Rangers,TEX,R,92.0,132,752,5.081081081081081,0.175531914893617,SI,Sinker,26.0,-24.4,1.6,7,6.4,14.7,-15.2,-0.6,-4,0.7678571428571429,0.3303571428571428,SI
2026,"Seymour, Carson",693313,Giants,SF,R,96.4,130,428,2.891891891891892,0.3037383177570093,SI,Sinker,24.5,-20.4,4.1,20,5.0,15.6,-15.0,0.7,4,,,SI
2026,"Young, Danny",664849,Braves,ATL,L,93.7,129,265,1.7905405405405406,0.4867924528301887,SI,Sinker,27.9,-25.4,2.5,10,3.3,18.2,-16.2,2.0,12,,,SI
2026,"Little, Brendon",663893,Blue Jays,TOR,L,94.6,128,495,3.3445945945945947,0.2585858585858586,SI,Sinker,29.6,-21.6,8.0,37,1.0,14.4,-15.0,-0.6,-4,0.9940476190476192,0.3303571428571428,SI
2026,"Samaniego, Tyler",701719,Red Sox,BOS,L,93.0,128,314,2.121621621621621,0.4076433121019108,SI,Sinker,23.4,-23.2,0.2,1,8.5,16.2,-15.0,1.2,8,,,SI
2026,"Márquez, Germán",608566,Padres,SD,R,94.1,128,918,6.244897959183674,0.1394335511982571,SI,Sinker,19.5,-23.7,-4.3,-18,11.6,16.1,-15.8,0.2,1,0.0922619047619047,0.5416666666666666,SI
2026,"Bummer, Aaron",607481,Royals,KC,L,90.3,127,328,2.216216216216216,0.3871951219512195,SI,Sinker,33.3,-27.8,5.5,20,0.1,14.3,-15.8,-1.5,-10,,,SI
2026,"Stock, Robert",476594,Mets,NYM,R,94.1,125,560,3.809523809523809,0.2232142857142857,SI,Sinker,29.0,-26.3,2.7,10,2.1,16.6,-16.5,0.1,1,0.8869047619047619,0.5089285714285714,SI
2026,"Ribalta, Orlando",687377,Nationals,WSH,R,96.9,125,750,5.033557046979865,0.1666666666666666,SI,Sinker,15.9,-18.9,-3.0,-16,13.3,14.0,-14.2,-0.2,-1,0.1904761904761904,0.431547619047619,SI
2026,"Cuas, Jose",621016,Royals,KC,R,92.1,125,374,2.527027027027027,0.3342245989304813,SI,Sinker,32.3,-33.1,-0.8,-3,0.3,16.2,-16.1,0.1,0,,,SI
2026,"García, Luis",472610,Twins,MIN,R,95.0,124,265,1.8027210884353744,0.4679245283018868,SI,Sinker,19.4,-20.1,-0.7,-4,11.2,15.4,-14.2,1.2,9,,,SI
2026,"Woodruff, Brandon",605540,Brewers,MIL,R,92.4,123,639,4.317567567567568,0.1924882629107981,SI,Sinker,18.0,-22.7,-4.6,-21,14.1,14.3,-14.4,-0.1,-1,0.0714285714285714,0.4583333333333333,SI
2026,"Sanmartin, Reiver",665665,Giants,SF,L,91.7,122,332,2.2432432432432434,0.3674698795180723,SI,Sinker,30.4,-25.7,4.7,18,2.2,18.1,-15.5,2.6,17,,,SI
2026,"Dobbins, Hunter",690928,Cardinals,STL,R,94.4,122,932,6.297297297297297,0.130901287553648,SI,Sinker,21.2,-21.3,0.0,0,9.4,11.6,-14.7,-3.1,-21,0.5833333333333334,0.0684523809523809,SI
2026,"Miller, Bryce",682243,Mariners,SEA,R,95.2,121,1612,10.891891891891891,0.0750620347394541,SI,Sinker,16.6,-22.1,-5.5,-25,13.5,13.5,-15.4,-2.0,-13,0.0267857142857142,0.1279761904761904,SI
2026,"Morris, Kade",695034,Athletics,ATH,R,93.6,121,322,2.175675675675676,0.3757763975155279,SI,Sinker,27.5,-25.2,2.3,9,3.7,16.6,-16.1,0.6,4,,,SI
2026,"Yarbrough, Ryan",642232,Yankees,NYY,L,86.9,119,907,6.170068027210885,0.1312017640573318,SI,Sinker,30.2,-29.1,1.1,4,6.0,16.6,-15.6,0.9,6,0.6964285714285714,0.7261904761904762,SI
2026,"Cameron, Noah",702070,Royals,KC,L,91.5,118,2613,17.655405405405407,0.0451588212782242,SI,Sinker,21.3,-22.8,-1.4,-6,11.2,12.6,-14.2,-1.6,-11,,,SI
2026,"Wesneski, Hayden",669713,Astros,HOU,R,92.5,117,675,4.5608108108108105,0.1733333333333333,SI,Sinker,23.3,-22.2,1.1,5,8.8,14.6,-14.2,0.3,2,0.6964285714285714,0.5684523809523809,SI
2026,"Crochet, Garrett",676979,Red Sox,BOS,L,95.2,116,518,3.5,0.2239382239382239,SI,Sinker,22.1,-20.8,1.3,6,8.3,16.4,-14.7,1.7,11,0.7380952380952381,0.9375,SI
2026,"Montgomery, Jordan",656756,Rangers,TEX,L,90.5,115,290,1.9594594594594597,0.396551724137931,SI,Sinker,24.1,-22.4,1.7,8,9.5,14.7,-13.4,1.3,10,,,SI
2026,"Coulombe, Danny",543056,Red Sox,BOS,L,90.0,114,385,2.6013513513513518,0.2961038961038961,SI,Sinker,20.9,-24.3,-3.4,-14,13.0,11.9,-14.4,-2.5,-17,,,SI
2026,"Englert, Mason",669438,Rays,TB,R,91.7,114,577,3.925170068027211,0.1975736568457539,SI,Sinker,20.0,-23.1,-3.1,-14,12.7,15.4,-14.4,1.0,7,0.1845238095238095,0.7589285714285714,SI
2026,"Waldron, Matt",663362,Nationals,WSH,R,91.5,113,690,4.630872483221476,0.1637681159420289,SI,Sinker,24.0,-24.9,-0.9,-4,8.7,15.3,-15.1,0.2,1,0.4434523809523809,0.5416666666666666,SI
2026,"Nunez, Anthony",689296,Orioles,BAL,R,95.7,112,896,6.054054054054054,0.125,SI,Sinker,20.8,-21.6,-0.8,-4,9.2,15.5,-15.3,0.2,1,0.4553571428571428,0.5416666666666666,SI
2026,"Alvarado, Elvis",665660,Athletics,ATH,R,97.8,112,846,5.716216216216216,0.1323877068557919,SI,Sinker,19.6,-21.4,-1.8,-9,9.1,17.5,-16.0,1.4,9,0.3333333333333333,0.8601190476190477,SI
2026,"Davila, Nick",689546,Mariners,SEA,R,94.8,107,446,3.0135135135135136,0.2399103139013453,SI,Sinker,24.6,-22.2,2.4,11,6.0,17.4,-15.3,2.1,14,0.8630952380952381,0.9642857142857144,SI
2026,"Yan, Jefry",642376,Mets,NYM,L,97.8,107,235,1.598639455782313,0.4553191489361702,SI,Sinker,17.2,-20.3,-3.0,-15,11.6,14.5,-15.4,-0.9,-6,,,SI
2026,"Bowlan, Jonathan",680742,Phillies,PHI,R,97.1,107,934,6.3108108108108105,0.1145610278372591,SI,Sinker,16.5,-19.1,-2.6,-14,12.5,15.3,-14.5,0.7,5,0.2410714285714285,0.6755952380952381,SI
2026,"Santana, Dennis",642701,D-backs,AZ,R,93.9,107,846,5.716216216216216,0.1264775413711583,SI,Sinker,22.5,-23.5,-1.0,-4,8.5,17.0,-15.7,1.4,9,0.4345238095238095,0.8601190476190477,SI
2026,"Rolison, Ryan",669020,Cubs,CHC,L,95.1,107,870,5.878378378378378,0.1229885057471264,SI,Sinker,21.4,-21.3,0.2,1,8.8,12.1,-14.9,-2.8,-19,0.6071428571428571,0.0803571428571428,SI
2026,"Headrick, Brent",687396,Yankees,NYY,L,93.4,106,1194,8.122448979591837,0.0887772194304857,SI,Sinker,17.5,-20.8,-3.3,-16,14.0,14.8,-13.9,0.9,7,0.1636904761904762,0.7261904761904762,SI
2026,"Kilian, Caleb",668873,Phillies,PHI,R,96.0,106,786,5.3108108108108105,0.1348600508905852,SI,Sinker,18.2,-20.7,-2.5,-12,11.5,13.2,-14.9,-1.7,-11,0.2648809523809524,0.1488095238095238,SI
2026,"Keller, Brad",641745,Phillies,PHI,R,96.8,106,533,3.6013513513513518,0.198874296435272,SI,Sinker,18.3,-20.0,-1.7,-9,11.1,13.3,-15.0,-1.6,-11,0.3392857142857143,0.1607142857142857,SI
2026,"Maton, Phil",664208,Cubs,CHC,R,90.2,104,546,3.689189189189189,0.1904761904761904,SI,Sinker,27.3,-27.4,-0.2,-1,6.4,13.1,-15.7,-2.6,-17,0.5535714285714286,0.0922619047619047,SI
2026,"Suarez, José",660761,Athletics,ATH,L,91.5,104,1068,7.216216216216216,0.097378277153558,SI,Sinker,21.9,-24.3,-2.4,-10,10.8,15.1,-15.0,0.1,1,0.2797619047619047,0.5089285714285714,SI
2026,"Bubic, Kris",663460,Royals,KC,L,91.2,103,811,5.47972972972973,0.127003699136868,SI,Sinker,24.5,-24.5,0.0,0,8.4,12.2,-14.8,-2.6,-18,0.5833333333333334,0.0922619047619047,SI
2026,"Yoho, Craig",684974,Guardians,CLE,R,94.4,103,572,3.864864864864865,0.18006993006993,SI,Sinker,24.4,-24.8,-0.4,-2,6.3,17.7,-16.4,1.4,8,0.5089285714285714,0.8601190476190477,SI
2026,"Palmquist, Carson",687223,Nationals,WSH,L,90.6,102,313,2.100671140939597,0.3258785942492013,SI,Sinker,28.6,-27.1,1.5,6,4.7,16.5,-16.1,0.5,3,,,SI
2026,"Leiter, Jack",683004,Rangers,TEX,R,95.7,102,1397,9.43918918918919,0.0730136005726556,SI,Sinker,16.0,-21.4,-5.4,-25,13.9,14.2,-15.2,-1.0,-7,0.0386904761904761,0.2619047619047619,SI
2026,"Walker, Josh",677020,Orioles,BAL,L,92.5,102,401,2.70945945945946,0.2543640897755611,SI,Sinker,21.9,-21.9,0.0,0,10.0,12.4,-14.0,-1.6,-12,,,SI
2026,"Strzelecki, Peter",657265,Cardinals,STL,R,92.2,99,251,1.695945945945946,0.3944223107569721,SI,Sinker,29.5,-26.3,3.3,12,2.8,14.7,-15.9,-1.2,-7,,,SI
2026,"Armstrong, Shawn",542888,Guardians,CLE,R,93.9,98,597,4.033783783783784,0.1641541038525963,SI,Sinker,20.7,-22.3,-1.6,-7,10.4,15.3,-14.9,0.3,2,0.3452380952380952,0.5684523809523809,SI
2026,"Yean, Eddy",678868,Nationals,WSH,R,96.8,97,168,1.12751677852349,0.5773809523809523,SI,Sinker,23.8,-21.5,2.3,11,5.2,12.3,-15.6,-3.4,-22,,,SI
2026,"Walker, Taijuan",592836,Phillies,PHI,R,91.8,96,424,2.864864864864865,0.2264150943396226,SI,Sinker,19.7,-22.4,-2.7,-12,12.8,15.3,-14.0,1.3,9,,,SI
2026,"Pintaro, Jonathan",702752,Mets,NYM,R,94.9,96,459,3.122448979591837,0.2091503267973856,SI,Sinker,29.2,-25.4,3.9,15,1.2,15.9,-16.5,-0.6,-4,0.9345238095238096,0.3303571428571428,SI
2026,"Stanek, Ryne",592773,Cardinals,STL,R,97.0,96,1008,6.8108108108108105,0.0952380952380952,SI,Sinker,18.5,-20.3,-1.8,-9,10.7,15.1,-15.2,-0.2,-1,0.3333333333333333,0.431547619047619,SI
2026,"Way, Beck",694360,Royals,KC,R,96.8,96,389,2.6283783783783785,0.2467866323907455,SI,Sinker,24.7,-22.0,2.7,12,4.4,17.4,-15.9,1.5,9,,,SI
2026,"Gómez, Yoendrys",672782,Twins,MIN,R,94.2,96,1014,6.8979591836734695,0.0946745562130177,SI,Sinker,19.5,-23.7,-4.2,-18,11.5,16.5,-15.7,0.8,5,0.1101190476190476,0.6994047619047619,SI
2026,"Thornton, Zac",804267,Mets,NYM,L,92.3,96,1006,6.843537414965986,0.0954274353876739,SI,Sinker,20.0,-22.5,-2.6,-11,12.3,14.8,-14.4,0.5,3,0.2410714285714285,0.625,SI
2026,"Gallen, Zac",668678,D-backs,AZ,R,92.7,95,1704,11.513513513513514,0.0557511737089201,SI,Sinker,18.6,-22.0,-3.5,-16,13.4,11.0,-14.3,-3.3,-23,0.1458333333333333,0.0535714285714285,SI
2026,"Matthews, Zebby",805673,Twins,MIN,R,95.2,94,1920,13.06122448979592,0.0489583333333333,SI,Sinker,19.1,-21.7,-2.7,-12,11.2,15.5,-15.2,0.3,2,,,SI
2026,"Urquidy, José",664353,White Sox,CWS,R,93.0,94,493,3.3537414965986394,0.1906693711967545,SI,Sinker,19.2,-22.8,-3.6,-16,12.5,15.2,-14.9,0.3,2,0.1428571428571428,0.5684523809523809,SI
2026,"Pecko, Ethan",814490,Astros,HOU,R,92.9,92,416,2.810810810810811,0.2211538461538461,SI,Sinker,23.7,-23.4,0.3,1,8.2,14.6,-15.1,-0.4,-3,,,SI
2026,"Strahm, Matt",621381,Royals,KC,L,91.4,92,633,4.277027027027027,0.1453396524486571,SI,Sinker,20.9,-25.9,-5.0,-19,11.9,16.7,-15.5,1.2,8,0.050595238095238,0.8095238095238095,SI
2026,"Hughes, Gabriel",687312,Rockies,COL,R,92.9,92,977,6.64625850340136,0.0941658137154554,SI,Sinker,22.5,-24.0,-1.5,-6,8.9,9.1,-15.3,-6.2,-40,0.3541666666666667,0.0059523809523809,SI
2026,"Antone, Tejay",622088,Reds,CIN,R,93.9,92,819,5.571428571428571,0.1123321123321123,SI,Sinker,28.2,-22.9,5.4,23,2.7,13.0,-15.3,-2.2,-15,0.9732142857142856,0.1101190476190476,SI
2026,"Burgos, Raymond",670103,Red Sox,BOS,L,90.4,91,213,1.4391891891891893,0.4272300469483568,SI,Sinker,29.0,-26.1,3.0,11,4.5,15.3,-15.4,-0.1,-1,,,SI
2026,"De Jesus, Enmanuel",646241,Tigers,DET,L,94.2,90,669,4.551020408163265,0.1345291479820627,SI,Sinker,17.9,-22.2,-4.3,-19,13.0,15.3,-15.1,0.2,2,0.0922619047619047,0.5416666666666666,SI
2026,"Jump, Gage",695611,Athletics,ATH,L,95.1,90,1712,11.567567567567568,0.0525700934579439,SI,Sinker,17.1,-22.7,-5.6,-24,13.1,13.3,-15.6,-2.3,-15,0.0208333333333333,0.1041666666666666,SI
2026,"Pearson, Nate",663878,Royals,KC,R,97.0,88,649,4.385135135135135,0.135593220338983,SI,Sinker,17.0,-20.8,-3.8,-18,12.0,13.9,-15.2,-1.3,-8,0.1279761904761904,0.2142857142857142,SI
2026,"Jobe, Jackson",695549,Tigers,DET,R,96.0,88,502,3.4149659863945576,0.1752988047808765,SI,Sinker,22.9,-21.8,1.1,5,6.8,14.9,-15.6,-0.8,-5,0.6964285714285714,0.2946428571428571,SI
2026,"Banks, Tanner",621383,Phillies,PHI,L,91.3,88,551,3.722972972972973,0.1597096188747731,SI,Sinker,23.3,-23.9,-0.6,-3,9.6,13.4,-14.6,-1.2,-9,0.4821428571428571,0.2351190476190476,SI
2026,"Morán, Jovani",663558,Red Sox,BOS,L,92.9,86,1005,6.79054054054054,0.0855721393034825,SI,Sinker,19.6,-22.9,-3.3,-14,12.1,12.1,-14.8,-2.7,-18,0.1636904761904762,0.0833333333333333,SI
2026,"Perkins, Jack",678022,Athletics,ATH,R,94.7,85,1809,12.222972972972974,0.0469872857932559,SI,Sinker,21.6,-23.2,-1.6,-7,8.9,16.1,-15.8,0.3,2,,,SI
2026,"Vargas, Carlos",672841,Mariners,SEA,R,95.7,85,174,1.1756756756756757,0.4885057471264368,SI,Sinker,24.2,-21.0,3.3,16,5.7,13.3,-14.9,-1.6,-11,,,SI
2026,"Waldrep, Hurston",694462,Braves,ATL,R,94.2,83,215,1.4527027027027026,0.386046511627907,SI,Sinker,20.5,-21.0,-0.5,-3,10.1,12.7,-14.5,-1.7,-12,,,SI
2026,"Pop, Zach",647315,Phillies,PHI,R,96.2,81,130,0.8783783783783784,0.6230769230769231,SI,Sinker,22.0,-20.9,1.1,5,7.7,18.0,-15.1,2.8,19,,,SI
2026,"Collyer, Gavin",686560,Rangers,TEX,R,95.8,80,446,3.0135135135135136,0.179372197309417,SI,Sinker,28.0,-24.3,3.7,15,2.0,17.2,-16.4,0.8,5,0.9136904761904762,0.6994047619047619,SI
2026,"Soriano, George",666277,Cardinals,STL,R,96.4,79,1067,7.20945945945946,0.0740393626991565,SI,Sinker,22.0,-21.7,0.3,1,7.5,15.0,-15.6,-0.6,-4,0.625,0.3303571428571428,SI
2026,"Rucker, Michael",621074,Mariners,SEA,R,95.8,79,640,4.324324324324325,0.1234375,SI,Sinker,22.2,-23.5,-1.2,-5,7.6,16.2,-16.1,0.0,0,0.4107142857142857,0.4732142857142857,SI
2026,"Krook, Matt",640454,Nationals,WSH,L,89.6,78,179,1.2013422818791946,0.435754189944134,SI,Sinker,30.8,-24.2,6.6,27,3.3,15.8,-14.2,1.7,12,,,SI
2026,"Adams, Mason",690279,Rockies,COL,R,92.3,78,304,2.068027210884354,0.2565789473684211,SI,Sinker,27.6,-26.2,1.4,5,4.3,13.3,-15.9,-2.7,-17,,,SI
2026,"Sears, JP",676664,Padres,SD,L,91.8,78,529,3.598639455782313,0.1474480151228733,SI,Sinker,23.3,-27.6,-4.3,-16,9.3,15.2,-16.2,-1.0,-6,0.0922619047619047,0.2619047619047619,SI
2026,"Wilcox, Cole",677961,Mariners,SEA,R,96.5,78,488,3.2972972972972974,0.1598360655737705,SI,Sinker,22.2,-21.2,1.0,5,7.4,18.1,-15.4,2.6,17,0.6815476190476191,0.9791666666666666,SI
2026,"Graceffo, Gordon",700669,Cardinals,STL,R,94.9,78,1104,7.45945945945946,0.0706521739130434,SI,Sinker,18.3,-21.1,-2.8,-13,12.0,13.1,-14.8,-1.6,-11,0.2172619047619047,0.1607142857142857,SI
2026,"Koenig, Jared",657649,Brewers,MIL,L,94.2,77,161,1.087837837837838,0.4782608695652174,SI,Sinker,19.2,-21.4,-2.2,-10,11.8,13.7,-14.6,-0.9,-6,,,SI
2026,"Barlow, Scott",605130,Athletics,ATH,R,89.1,77,581,3.925675675675676,0.1325301204819277,SI,Sinker,27.3,-27.6,-0.3,-1,7.3,13.8,-15.4,-1.5,-10,0.5208333333333334,0.175595238095238,SI
2026,"Rojas, Kendry",696070,Twins,MIN,L,94.8,75,521,3.54421768707483,0.1439539347408829,SI,Sinker,20.2,-21.6,-1.4,-7,10.2,15.1,-15.0,0.1,1,0.3660714285714285,0.5089285714285714,SI
2026,"Vest, Will",676684,Tigers,DET,R,95.3,75,484,3.292517006802721,0.1549586776859504,SI,Sinker,18.8,-21.7,-2.9,-13,11.3,14.3,-15.3,-1.0,-7,0.2113095238095238,0.2619047619047619,SI
2026,"Thornton, Trent",663423,Cubs,CHC,R,94.6,75,708,4.783783783783784,0.1059322033898305,SI,Sinker,21.6,-22.7,-1.2,-5,8.8,11.6,-15.5,-3.9,-25,0.4107142857142857,0.0297619047619047,SI
2026,"Junk, Janson",676083,Marlins,MIA,R,93.5,74,1761,11.89864864864865,0.0420215786484951,SI,Sinker,20.2,-23.2,-3.1,-13,11.2,14.6,-15.3,-0.7,-4,,,SI
2026,"Flaherty, Jack",656427,Tigers,DET,R,90.9,73,1639,11.149659863945578,0.0445393532641854,SI,Sinker,23.6,-25.9,-2.3,-9,9.5,13.7,-15.3,-1.6,-11,,,SI
2026,"Roberts, Ethan",681799,Cubs,CHC,R,93.6,71,436,2.945945945945946,0.1628440366972477,SI,Sinker,22.6,-25.0,-2.5,-10,8.6,12.7,-15.9,-3.3,-20,,,SI
2026,"deGrom, Jacob",594798,Rangers,TEX,R,96.6,71,2472,16.7027027027027,0.0287216828478964,SI,Sinker,18.0,-21.1,-3.1,-15,11.4,14.9,-15.3,-0.4,-3,,,SI
2026,"Kent, Jackson",800600,Nationals,WSH,L,92.9,71,517,3.469798657718121,0.1373307543520309,SI,Sinker,19.7,-23.6,-4.0,-17,12.1,13.5,-15.1,-1.6,-10,0.1160714285714285,0.1607142857142857,SI
2026,"Muñoz, Andrés",662253,Mariners,SEA,R,98.5,71,903,6.101351351351352,0.0786267995570321,SI,Sinker,21.0,-21.1,-0.1,-1,7.4,15.7,-15.6,0.1,1,0.5654761904761905,0.5089285714285714,SI
2026,"Williams, Trevor",592866,Rangers,TEX,R,88.4,71,421,2.8445945945945947,0.168646080760095,SI,Sinker,31.6,-29.9,1.7,6,3.5,14.4,-15.9,-1.5,-10,,,SI
2026,"Gamboa, Alec",687941,Red Sox,BOS,L,94.5,70,372,2.5135135135135136,0.1881720430107527,SI,Sinker,21.9,-20.6,1.3,6,8.6,11.9,-14.4,-2.5,-17,,,SI
2026,"Zuber, Tyler",676604,Marlins,MIA,R,94.7,70,601,4.0608108108108105,0.1164725457570715,SI,Sinker,24.6,-25.9,-1.3,-5,6.0,16.1,-16.7,-0.6,-4,0.3839285714285714,0.3303571428571428,SI
2026,"Alexander, Jason",669920,Astros,HOU,R,91.0,70,299,2.02027027027027,0.2341137123745819,SI,Sinker,30.9,-25.0,5.9,24,2.1,17.3,-15.0,2.3,15,,,SI
2026,"Barco, Hunter",682995,Pirates,PIT,L,93.5,69,351,2.371621621621621,0.1965811965811965,SI,Sinker,23.9,-24.9,-1.1,-4,7.4,16.5,-15.9,0.6,3,,,SI
2026,"Ohtani, Shohei",660271,Dodgers,LAD,R,96.5,69,1335,9.081632653061224,0.0516853932584269,SI,Sinker,23.1,-21.5,1.6,7,6.4,14.2,-15.5,-1.3,-8,0.7678571428571429,0.2142857142857142,SI
2026,"Carrillo, Gerardo",672629,D-backs,AZ,R,96.9,68,316,2.135135135135135,0.2151898734177215,SI,Sinker,23.5,-22.1,1.5,7,5.6,16.6,-15.9,0.7,5,,,SI
2026,"Madden, Ty",680744,Tigers,DET,R,92.2,67,646,4.394557823129252,0.1037151702786377,SI,Sinker,21.7,-23.4,-1.7,-7,10.4,13.3,-14.9,-1.5,-10,0.3392857142857143,0.175595238095238,SI
2026,"Carrasco, Carlos",471911,Braves,ATL,R,90.8,67,246,1.662162162162162,0.2723577235772357,SI,Sinker,27.8,-24.1,3.7,15,5.3,12.9,-14.3,-1.5,-10,,,SI
2026,"Duarte, Daniel",650960,Mets,NYM,R,93.3,67,452,3.074829931972789,0.1482300884955752,SI,Sinker,22.2,-23.9,-1.6,-7,9.3,17.1,-15.6,1.5,10,0.3452380952380952,0.9047619047619048,SI
2026,"Weiss, Ryan",680802,Astros,HOU,R,93.1,66,530,3.581081081081081,0.1245283018867924,SI,Sinker,21.0,-22.1,-1.1,-5,10.7,14.5,-14.5,0.0,0,0.4226190476190476,0.4732142857142857,SI
2026,"Boyle, Joe",671212,Rays,TB,R,97.3,65,347,2.360544217687075,0.1873198847262248,SI,Sinker,22.1,-20.9,1.3,6,7.0,15.7,-15.4,0.3,2,,,SI
2026,"Bido, Osvaldo",674370,White Sox,CWS,R,94.9,65,317,2.1564625850340136,0.2050473186119873,SI,Sinker,22.4,-21.7,0.6,3,8.1,15.9,-15.1,0.8,5,,,SI
2026,"Slaten, Justin",686580,Red Sox,BOS,R,97.3,65,508,3.4324324324324325,0.1279527559055118,SI,Sinker,14.0,-19.9,-5.9,-30,14.8,11.3,-14.9,-3.6,-24,0.0178571428571428,0.0386904761904761,SI
2026,"Harris, Trent",805345,Giants,SF,R,93.6,64,272,1.837837837837838,0.2352941176470588,SI,Sinker,18.3,-21.4,-3.1,-14,12.8,8.4,-14.4,-6.0,-42,,,SI
2026,"Festa, Matt",670036,Guardians,CLE,R,93.4,64,1016,6.864864864864865,0.0629921259842519,SI,Sinker,21.1,-25.7,-4.6,-18,10.4,10.0,-16.1,-6.1,-38,0.0714285714285714,0.0089285714285714,SI
2026,"McFarlane, Alex",686934,Phillies,PHI,R,99.4,64,210,1.4189189189189189,0.3047619047619048,SI,Sinker,17.8,-20.5,-2.7,-13,9.8,16.4,-15.5,0.9,6,,,SI
2026,"Lopez, Jacob",682052,Athletics,ATH,L,89.7,63,1984,13.405405405405403,0.0317540322580645,SI,Sinker,27.7,-27.1,0.6,2,6.6,17.9,-15.4,2.5,16,,,SI
2026,"Paddack, Chris",663978,Rangers,TEX,R,92.9,62,1015,6.858108108108108,0.0610837438423645,SI,Sinker,17.3,-22.0,-4.7,-21,14.4,13.7,-14.3,-0.6,-5,0.0654761904761904,0.3303571428571428,SI
2026,"Peralta, Sammy",671111,Angels,LAA,L,89.1,61,209,1.4217687074829932,0.291866028708134,SI,Sinker,30.8,-28.9,2.0,7,3.6,14.6,-15.8,-1.2,-8,,,SI
2026,"Bachar, Lake",669199,Pirates,PIT,R,93.2,61,1305,8.817567567567568,0.046743295019157,SI,Sinker,22.6,-23.7,-1.0,-4,9.0,15.6,-15.4,0.2,1,,,SI
2026,"Mederos, Victor",682989,Braves,ATL,R,96.3,61,503,3.3986486486486487,0.1212723658051689,SI,Sinker,23.9,-23.0,0.8,4,5.7,17.6,-16.0,1.5,10,0.6666666666666666,0.9047619047619048,SI
2026,"Imai, Tatsuya",837227,Astros,HOU,R,94.5,61,1399,9.452702702702704,0.043602573266619,SI,Sinker,25.4,-25.2,0.2,1,5.5,18.0,-16.4,1.7,10,,,SI
2026,"Mejia, Juan",675848,Rockies,COL,R,96.0,60,1165,7.925170068027211,0.0515021459227467,SI,Sinker,22.6,-21.7,0.9,4,6.9,10.9,-15.6,-4.6,-30,0.6726190476190477,0.0208333333333333,SI
2026,"Bolton, Cody",675989,Astros,HOU,R,94.5,59,391,2.641891891891892,0.1508951406649616,SI,Sinker,22.8,-22.6,0.2,1,8.1,15.3,-15.4,-0.1,-1,,,SI
2026,"Thomas, Connor",671162,Royals,KC,L,90.8,59,286,1.9324324324324325,0.2062937062937063,SI,Sinker,28.9,-27.7,1.2,4,4.3,15.8,-15.9,-0.1,-1,,,SI
2026,"Simpson, Josh",681006,Mariners,SEA,L,92.9,59,153,1.0337837837837838,0.3856209150326797,SI,Sinker,27.8,-26.2,1.6,6,3.9,14.8,-16.3,-1.5,-9,,,SI
2026,"Williamson, Brandon",682227,Reds,CIN,L,92.8,57,691,4.700680272108843,0.0824891461649783,SI,Sinker,17.5,-21.9,-4.4,-20,14.4,13.3,-14.1,-0.8,-6,0.0892857142857142,0.2946428571428571,SI
2026,"Peguero, Joel",666711,Giants,SF,R,99.1,57,169,1.141891891891892,0.3372781065088757,SI,Sinker,18.8,-21.1,-2.3,-11,8.9,14.4,-15.8,-1.4,-9,,,SI
2026,"Okert, Steven",595345,Astros,HOU,L,90.4,57,1050,7.094594594594595,0.0542857142857142,SI,Sinker,23.8,-24.3,-0.5,-2,9.8,14.8,-14.4,0.4,3,0.5,0.6041666666666666,SI
2026,"Cole, Gerrit",543037,Yankees,NYY,R,96.1,57,1651,11.231292517006803,0.0345245305875227,SI,Sinker,18.9,-21.4,-2.5,-12,10.9,15.9,-15.4,0.5,3,,,SI
2026,"Lucchesi, Joey",664192,Angels,LAA,L,91.8,57,111,0.7551020408163265,0.5135135135135135,SI,Sinker,21.6,-23.7,-2.1,-9,11.1,15.8,-14.8,1.0,6,,,SI
2026,"Bratt, Mitch",683352,D-backs,AZ,L,90.8,57,726,4.905405405405405,0.0785123966942148,SI,Sinker,22.3,-25.5,-3.2,-13,10.9,14.1,-15.2,-1.1,-7,0.175595238095238,0.2529761904761904,SI
2026,"Whisenhunt, Carson",687931,Giants,SF,L,92.9,57,617,4.168918918918919,0.0923824959481361,SI,Sinker,22.3,-21.9,0.4,2,9.4,15.9,-14.3,1.6,11,0.6309523809523809,0.9285714285714286,SI
2026,"Roa, Christian",685005,Astros,HOU,R,95.7,57,178,1.2027027027027026,0.3202247191011236,SI,Sinker,19.9,-19.9,0.0,0,10.0,14.6,-14.4,0.1,1,,,SI
2026,"Manoah, Alek",666201,Angels,LAA,R,87.7,56,161,1.0952380952380951,0.3478260869565217,SI,Sinker,22.6,-23.8,-1.3,-5,13.3,13.1,-12.6,0.5,4,,,SI
2026,"Santa, Alimber",695001,Astros,HOU,R,93.9,56,238,1.608108108108108,0.2352941176470588,SI,Sinker,26.9,-23.2,3.7,16,4.1,13.7,-15.5,-1.7,-11,,,SI
2026,"Kimbrel, Craig",518886,Royals,KC,R,93.8,56,743,5.02027027027027,0.0753701211305518,SI,Sinker,21.7,-26.4,-4.7,-18,9.4,17.1,-16.6,0.5,3,0.0654761904761904,0.625,SI
2026,"Hollowell, Gavin",668970,Cubs,CHC,R,95.1,55,253,1.7094594594594594,0.217391304347826,SI,Sinker,27.1,-23.2,3.9,17,3.4,18.9,-15.8,3.0,19,,,SI
2026,"Brash, Matt",666374,Mariners,SEA,R,97.4,55,262,1.7702702702702702,0.2099236641221374,SI,Sinker,20.9,-21.6,-0.7,-3,8.0,16.7,-15.8,0.9,6,,,SI
2026,"Jameson, Drey",686753,D-backs,AZ,R,95.7,54,306,2.0675675675675675,0.1764705882352941,SI,Sinker,18.9,-23.1,-4.2,-18,11.0,14.6,-16.2,-1.6,-10,,,SI
2026,"Allen, Logan",671106,Guardians,CLE,L,89.5,53,325,2.195945945945946,0.163076923076923,SI,Sinker,27.3,-28.6,-1.3,-5,6.9,14.8,-15.8,-1.0,-6,,,SI
2026,"Gilbert, Tyler",656457,White Sox,CWS,L,89.7,53,134,0.91156462585034,0.3955223880597014,SI,Sinker,30.6,-30.1,0.5,2,3.4,16.7,-15.8,0.9,6,,,SI
2026,"Bivens, Spencer",702352,Giants,SF,R,95.2,52,127,0.8581081081081081,0.4094488188976378,SI,Sinker,26.0,-20.9,5.1,25,4.3,15.9,-14.8,1.2,8,,,SI
2026,"Ober, Bailey",641927,Twins,MIN,R,88.5,52,1881,12.79591836734694,0.0276448697501329,SI,Sinker,24.7,-24.2,0.6,2,10.0,13.6,-12.7,0.9,7,,,SI
2026,"Martinez, Justin",679885,D-backs,AZ,R,101.6,52,142,0.9594594594594594,0.3661971830985915,SI,Sinker,18.9,-17.7,1.2,7,7.8,15.5,-15.4,0.1,1,,,SI
2026,"Crow, Coleman",689441,Brewers,MIL,R,91.3,50,295,1.9932432432432432,0.1694915254237288,SI,Sinker,24.7,-26.4,-1.8,-7,8.1,14.2,-15.7,-1.5,-9,,,SI
2026,"Ross, Joe",605452,Rangers,TEX,R,95.5,50,205,1.385135135135135,0.2439024390243902,SI,Sinker,20.2,-21.3,-1.2,-5,9.8,14.3,-15.1,-0.8,-5,,,SI
2026,"Ekness, Josh",694795,Marlins,MIA,R,98.2,49,432,2.918918918918919,0.1134259259259259,SI,Sinker,25.5,-22.2,3.3,15,3.0,14.4,-15.9,-1.5,-9,,,SI
2026,"Hoffman, Jeff",656546,Twins,MIN,R,96.1,49,1118,7.605442176870748,0.0438282647584973,SI,Sinker,16.7,-21.4,-4.7,-22,13.2,16.1,-15.4,0.8,5,,,SI
2026,"Lee, Chase",695445,Blue Jays,TOR,R,89.8,49,127,0.8581081081081081,0.3858267716535433,SI,Sinker,36.3,-35.3,0.9,3,-2.0,10.3,-14.6,-4.3,-29,,,SI
2026,"Smith, Dylan",681916,Giants,SF,R,95.2,49,590,3.9864864864864864,0.0830508474576271,SI,Sinker,15.7,-20.6,-4.9,-24,14.4,12.4,-14.6,-2.2,-15,0.0535714285714285,0.1101190476190476,SI
2026,"Kelly, Zack",677161,Red Sox,BOS,R,95.9,48,283,1.912162162162162,0.1696113074204947,SI,Sinker,19.0,-21.8,-2.7,-12,10.9,16.1,-15.5,0.7,4,,,SI
2026,"Nelson, Ryne",669194,D-backs,AZ,R,95.3,48,1292,8.72972972972973,0.0371517027863777,SI,Sinker,12.3,-20.1,-7.8,-39,17.8,8.6,-14.4,-5.8,-40,,,SI
2026,"Ginkel, Kevin",656464,D-backs,AZ,R,95.0,47,988,6.675675675675675,0.0475708502024291,SI,Sinker,18.6,-19.8,-1.1,-6,11.8,15.0,-14.0,1.0,7,,,SI
2026,"Eisert, Brandon",685126,Pirates,PIT,L,89.2,47,704,4.756756756756757,0.0667613636363636,SI,Sinker,24.9,-27.9,-3.0,-11,9.5,15.1,-15.8,-0.7,-4,0.1904761904761904,0.3214285714285714,SI
2026,"Povich, Cade",700249,Orioles,BAL,L,91.2,46,540,3.6486486486486487,0.0851851851851851,SI,Sinker,19.0,-23.3,-4.3,-18,13.9,14.4,-14.3,0.1,1,0.0922619047619047,0.5089285714285714,SI
2026,"Cabrera, Jose",703615,D-backs,AZ,R,93.1,46,423,2.858108108108108,0.1087470449172576,SI,Sinker,26.4,-23.0,3.4,15,5.2,16.9,-14.9,2.0,13,,,SI
2026,"Blewett, Scott",656240,Athletics,ATH,R,94.6,46,451,3.0472972972972974,0.1019955654101995,SI,Sinker,18.1,-20.8,-2.6,-13,12.5,13.1,-14.4,-1.4,-10,0.2410714285714285,0.2083333333333333,SI
2026,"Stewart, Brock",592779,Dodgers,LAD,R,94.6,46,321,2.183673469387755,0.1433021806853582,SI,Sinker,27.2,-24.2,3.0,12,3.3,15.1,-16.0,-0.9,-6,,,SI
2026,"Joyce, Ben",690829,Angels,LAA,R,95.2,46,189,1.2857142857142858,0.2433862433862433,SI,Sinker,25.4,-23.8,1.6,7,4.8,13.9,-16.0,-2.1,-13,,,SI
2026,"Hartlieb, Geoff",664129,Athletics,ATH,R,93.8,46,308,2.081081081081081,0.1493506493506493,SI,Sinker,23.8,-21.4,2.3,11,7.2,13.4,-14.5,-1.1,-8,,,SI
2026,"Gil, Luis",661563,Yankees,NYY,R,94.5,45,417,2.836734693877551,0.1079136690647482,SI,Sinker,20.7,-22.6,-1.9,-8,10.3,14.1,-15.4,-1.3,-9,,,SI
2026,"Klassen, George",691946,Angels,LAA,R,96.6,45,491,3.3401360544217686,0.0916496945010183,SI,Sinker,14.0,-20.8,-6.8,-33,15.5,13.0,-15.3,-2.3,-15,0.0089285714285714,0.1041666666666666,SI
2026,"Basso, Brady",669620,Athletics,ATH,L,92.4,45,573,3.8716216216216215,0.0785340314136125,SI,Sinker,21.0,-21.3,-0.3,-2,11.0,13.4,-13.8,-0.4,-3,0.5208333333333334,0.3869047619047619,SI
2026,"Adams, Travis",701519,Twins,MIN,R,94.0,45,810,5.510204081632653,0.0555555555555555,SI,Sinker,23.3,-22.0,1.3,6,7.6,14.3,-14.9,-0.6,-4,0.7380952380952381,0.3303571428571428,SI
2026,"Thompson, Keegan",624522,Rockies,COL,R,92.1,44,195,1.326530612244898,0.2256410256410256,SI,Sinker,21.7,-23.6,-1.8,-8,10.4,12.4,-14.9,-2.4,-16,,,SI
2026,"Gastelum, Luis",703725,Cardinals,STL,R,93.4,44,501,3.385135135135135,0.0878243512974051,SI,Sinker,24.7,-24.2,0.5,2,6.6,15.8,-15.5,0.2,1,0.6398809523809523,0.5416666666666666,SI
2026,"Saucedo, Tayler",642048,Angels,LAA,L,92.3,44,267,1.816326530612245,0.1647940074906367,SI,Sinker,27.1,-24.2,2.9,12,5.2,17.2,-15.2,2.0,13,,,SI
2026,"Barnes, Charlie",656212,Dodgers,LAD,L,89.2,43,201,1.3673469387755102,0.2139303482587064,SI,Sinker,28.8,-27.3,1.5,6,5.7,16.8,-15.4,1.5,10,,,SI
2026,"Trivino III, Lou",642152,Phillies,PHI,R,95.1,43,144,0.972972972972973,0.2986111111111111,SI,Sinker,21.0,-20.8,0.3,1,9.2,15.2,-14.7,0.5,3,,,SI
2026,"Hudson, Bryan",663542,White Sox,CWS,L,90.0,42,964,6.557823129251701,0.0435684647302904,SI,Sinker,29.5,-27.0,2.4,9,4.7,16.7,-15.6,1.0,7,,,SI
2026,"Jansen, Kenley",445276,Tigers,DET,R,93.9,42,661,4.496598639455782,0.0635400907715582,SI,Sinker,11.7,-20.2,-8.6,-42,19.4,6.1,-13.8,-7.7,-56,0.0029761904761904,0.0,SI
2026,"Bieber, Shane",669456,Blue Jays,TOR,R,92.2,41,930,6.283783783783784,0.0440860215053763,SI,Sinker,19.7,-23.9,-4.2,-17,12.5,15.6,-15.0,0.6,4,,,SI
2026,"Gage, Matt",657424,Giants,SF,L,92.9,41,526,3.554054054054054,0.0779467680608365,SI,Sinker,18.5,-21.2,-2.7,-13,13.1,12.7,-13.8,-1.1,-8,0.2261904761904762,0.2529761904761904,SI
2026,"Mears, Nick",683232,Royals,KC,R,93.8,41,341,2.304054054054054,0.1202346041055718,SI,Sinker,16.7,-20.9,-4.2,-20,14.4,13.5,-14.2,-0.7,-5,,,SI
2026,"Stallings, Garrett",668831,Brewers,MIL,R,91.6,40,152,1.027027027027027,0.2631578947368421,SI,Sinker,21.7,-24.7,-3.0,-12,10.9,12.5,-15.0,-2.6,-17,,,SI
2026,"Fulton, Dax",690978,Marlins,MIA,L,94.5,40,377,2.5472972972972974,0.1061007957559681,SI,Sinker,23.0,-20.4,2.7,13,7.6,9.1,-14.2,-5.1,-36,,,SI
2026,"Mills, Wyatt",670090,Dodgers,LAD,R,90.1,40,149,1.0136054421768708,0.2684563758389262,SI,Sinker,34.2,-39.8,-5.6,-14,-0.4,14.0,-14.8,-0.8,-6,,,SI
2026,"Morales, Luis",806960,Athletics,ATH,R,96.3,39,346,2.3378378378378377,0.1127167630057803,SI,Sinker,17.8,-21.6,-3.8,-17,11.9,14.6,-15.6,-1.0,-7,,,SI
2026,"Harrison, Kyle",690986,Brewers,MIL,L,94.3,38,1976,13.35135135135135,0.0192307692307692,SI,Sinker,20.5,-25.0,-4.5,-18,10.3,16.4,-16.3,0.1,1,,,SI
2026,"Gordon, Tanner",685299,Rockies,COL,R,92.2,38,1423,9.680272108843536,0.0267041461700632,SI,Sinker,17.4,-21.9,-4.4,-20,14.8,11.7,-14.0,-2.3,-17,,,SI
2026,"Curvelo, Luis",681168,Rangers,TEX,R,94.7,38,187,1.2635135135135136,0.2032085561497326,SI,Sinker,17.2,-22.1,-4.9,-22,13.5,14.8,-15.3,-0.5,-3,,,SI
2026,"Johnson, Seth",686751,Athletics,ATH,R,95.7,38,448,3.027027027027027,0.0848214285714285,SI,Sinker,20.7,-21.8,-1.1,-5,9.0,13.9,-15.4,-1.6,-10,0.4226190476190476,0.1607142857142857,SI
2026,"Garrett, Braxton",666129,Marlins,MIA,L,91.1,37,129,0.8716216216216216,0.2868217054263566,SI,Sinker,26.0,-24.3,1.7,7,7.1,15.5,-14.7,0.8,6,,,SI
2026,"Ramos, Wilkin",678576,Giants,SF,R,94.5,37,61,0.4121621621621621,0.6065573770491803,SI,Sinker,27.0,-22.5,4.4,20,3.7,18.0,-15.6,2.4,15,,,SI
2026,"Sandlin, David",689818,White Sox,CWS,R,94.9,36,409,2.782312925170068,0.0880195599022004,SI,Sinker,18.3,-21.2,-2.9,-14,12.0,14.0,-14.8,-0.8,-6,,,SI
2026,"Mathews, Quinn",687273,Cardinals,STL,L,92.7,36,591,3.993243243243243,0.0609137055837563,SI,Sinker,19.1,-24.4,-5.3,-22,12.7,11.0,-15.3,-4.3,-28,0.0416666666666666,0.0238095238095238,SI
2026,"Hoffman, Nolan",676510,Royals,KC,R,93.0,36,158,1.0675675675675675,0.2278481012658227,SI,Sinker,32.0,-34.0,-1.9,-6,-0.4,18.4,-16.4,2.0,12,,,SI
2026,"Senga, Kodai",673540,Mets,NYM,R,90.1,35,1043,7.095238095238095,0.0335570469798657,SI,Sinker,26.9,-24.3,2.6,11,6.9,15.6,-14.4,1.1,8,,,SI
2026,"Rom, Drew",680723,Athletics,ATH,L,92.3,35,213,1.4391891891891893,0.1643192488262911,SI,Sinker,20.4,-23.9,-3.5,-14,11.5,12.5,-15.2,-2.7,-18,,,SI
2026,"De León, Luis",801725,Orioles,BAL,L,96.5,35,54,0.3648648648648648,0.6481481481481481,SI,Sinker,22.2,-20.8,1.4,7,7.2,17.3,-15.4,2.0,13,,,SI
2026,"Brito, Jhony",666745,Padres,SD,R,94.6,34,123,0.8367346938775511,0.2764227642276423,SI,Sinker,21.0,-20.9,0.2,1,9.6,15.7,-14.5,1.1,8,,,SI
2026,"Spence, Mitch",687765,Royals,KC,R,92.5,34,200,1.351351351351351,0.17,SI,Sinker,24.8,-22.9,1.9,8,7.4,11.7,-14.7,-3.0,-21,,,SI
2026,"Scott, Christian",681035,Mets,NYM,R,92.2,33,1803,12.26530612244898,0.0183028286189683,SI,Sinker,23.1,-25.0,-1.9,-8,9.3,16.2,-15.4,0.9,6,,,SI
2026,"McGee, Easton",668834,Royals,KC,R,93.2,33,167,1.1283783783783785,0.1976047904191616,SI,Sinker,24.3,-22.7,1.6,7,7.1,16.3,-14.8,1.4,10,,,SI
2026,"Smith, Shane",681343,White Sox,CWS,R,96.4,32,225,1.530612244897959,0.1422222222222222,SI,Sinker,19.3,-21.2,-1.9,-9,10.5,17.0,-15.4,1.6,11,,,SI
2026,"Rodríguez, Manuel",655889,Rays,TB,R,96.3,31,96,0.6530612244897959,0.3229166666666667,SI,Sinker,19.0,-22.3,-3.3,-15,10.5,15.1,-15.9,-0.8,-5,,,SI
2026,"Gonzalez, Domingo",682445,Mariners,SEA,R,92.9,31,129,0.8716216216216216,0.2403100775193798,SI,Sinker,25.7,-28.7,-3.0,-10,6.2,18.2,-16.7,1.5,9,,,SI
2026,"Smith-Shawver, AJ",700363,Braves,ATL,R,94.9,30,401,2.70945945945946,0.0748129675810473,SI,Sinker,18.5,-22.1,-3.5,-16,11.9,15.9,-15.2,0.7,4,,,SI
2026,"Martin, Chris",455119,Rangers,TEX,R,93.9,30,248,1.6756756756756757,0.1209677419354838,SI,Sinker,20.7,-21.2,-0.5,-2,10.4,15.0,-14.4,0.6,4,,,SI
2026,"Kerr, Ray",678061,Braves,ATL,L,94.8,30,129,0.8716216216216216,0.2325581395348837,SI,Sinker,19.8,-23.9,-4.1,-17,10.6,14.8,-16.0,-1.1,-7,,,SI
2026,"Santos, Gregory",666619,Giants,SF,R,97.2,29,86,0.581081081081081,0.3372093023255814,SI,Sinker,22.1,-20.3,1.9,9,6.9,10.7,-15.1,-4.4,-29,,,SI
2026,"Detmers, Reid",672282,Angels,LAA,L,93.5,29,2695,18.33333333333333,0.010760667903525,SI,Sinker,17.7,-22.1,-4.4,-20,13.7,14.9,-14.6,0.2,2,,,SI
2026,"Kempner, William",687531,Marlins,MIA,R,94.0,29,199,1.3445945945945943,0.1457286432160804,SI,Sinker,27.3,-29.5,-2.2,-7,3.7,19.7,-17.0,2.7,16,,,SI
2026,"Murray, Jayden",681151,Cubs,CHC,R,94.9,29,304,2.054054054054054,0.0953947368421052,SI,Sinker,22.0,-22.0,0.0,0,8.7,16.1,-15.3,0.8,5,,,SI
2026,"Sousa, Bennett",656986,Astros,HOU,L,93.5,29,424,2.864864864864865,0.0683962264150943,SI,Sinker,18.3,-20.7,-2.4,-12,13.0,12.2,-13.8,-1.6,-12,,,SI
2026,"Fleming, Josh",676596,Blue Jays,TOR,L,89.5,29,77,0.5202702702702703,0.3766233766233766,SI,Sinker,32.0,-26.5,5.5,21,2.2,16.8,-15.1,1.7,11,,,SI
2026,"Sears, Andrew",808825,Tigers,DET,L,92.9,28,209,1.4217687074829932,0.1339712918660287,SI,Sinker,23.0,-25.1,-2.1,-8,8.8,16.4,-15.6,0.8,5,,,SI
2026,"Suarez, Robert",663158,Braves,ATL,R,98.0,28,466,3.1486486486486487,0.0600858369098712,SI,Sinker,13.4,-18.7,-5.3,-28,15.1,12.6,-14.7,-2.1,-14,0.0416666666666666,0.119047619047619,SI
2026,"Mautz, Brycen",802408,Cardinals,STL,L,93.2,28,191,1.2905405405405406,0.1465968586387434,SI,Sinker,27.2,-25.1,2.1,8,4.4,17.8,-15.9,1.9,12,,,SI
2026,"Henry, Cole",669371,Nationals,WSH,R,94.2,28,282,1.8926174496644292,0.0992907801418439,SI,Sinker,25.7,-23.7,2.0,8,5.0,17.5,-15.7,1.8,11,,,SI
2026,"Voth, Austin",608723,Twins,MIN,R,91.2,28,214,1.45578231292517,0.1308411214953271,SI,Sinker,20.9,-23.7,-2.8,-12,11.9,13.1,-14.5,-1.4,-9,,,SI
2026,"Greene, Hunter",668881,Reds,CIN,R,98.3,28,456,3.1020408163265305,0.0614035087719298,SI,Sinker,13.3,-18.8,-5.5,-29,15.0,11.0,-14.8,-3.8,-26,0.0267857142857142,0.0327380952380952,SI
2026,"Matsui, Yuki",673513,Padres,SD,L,91.0,28,966,6.571428571428571,0.0289855072463768,SI,Sinker,20.5,-23.9,-3.4,-14,12.5,12.7,-14.7,-2.0,-14,,,SI
2026,"Cruz, Fernando",518585,Yankees,NYY,R,92.6,28,944,6.421768707482993,0.0296610169491525,SI,Sinker,18.5,-22.4,-3.9,-17,13.5,13.6,-14.3,-0.8,-5,,,SI
2026,"Murdock, Noah",668716,Pirates,PIT,R,94.0,28,64,0.4324324324324324,0.4375,SI,Sinker,24.7,-23.7,1.1,5,6.3,15.9,-15.6,0.3,2,,,SI
2026,"Ferguson, Tyler",621053,Cubs,CHC,R,95.6,28,293,1.9797297297297296,0.0955631399317406,SI,Sinker,23.6,-21.4,2.2,10,6.3,15.6,-15.1,0.4,3,,,SI
2026,"Vodnik, Victor",680767,Marlins,MIA,R,98.7,27,897,6.0608108108108105,0.0301003344481605,SI,Sinker,19.3,-20.4,-1.1,-6,8.7,14.3,-15.4,-1.2,-8,,,SI
2026,"Emanuel, Kent",592288,Reds,CIN,L,89.9,27,96,0.6530612244897959,0.28125,SI,Sinker,28.7,-24.5,4.2,17,5.1,16.0,-14.5,1.5,10,,,SI
2026,"Varland, Louis",686973,Blue Jays,TOR,R,97.0,27,1150,7.77027027027027,0.0234782608695652,SI,Sinker,18.5,-22.0,-3.4,-16,10.7,16.9,-15.7,1.1,7,,,SI
2026,"Gordon, Colton",676467,Astros,HOU,L,91.1,27,202,1.364864864864865,0.1336633663366336,SI,Sinker,20.5,-24.2,-3.7,-15,12.6,15.7,-14.5,1.2,8,,,SI
2026,"Anderson, Shaun",641312,Angels,LAA,R,93.8,26,351,2.3877551020408165,0.074074074074074,SI,Sinker,18.2,-21.1,-2.9,-14,13.0,10.2,-14.3,-4.1,-28,,,SI
2026,"Minter, A.J.",621345,Twins,MIN,L,93.3,26,574,3.9047619047619047,0.0452961672473867,SI,Sinker,22.1,-23.2,-1.1,-5,9.3,13.3,-15.1,-1.8,-12,,,SI
2026,"Rodríguez, Yariel",684320,Blue Jays,TOR,R,95.7,26,172,1.162162162162162,0.1511627906976744,SI,Sinker,18.4,-21.1,-2.7,-13,11.6,16.2,-15.1,1.2,8,,,SI
2026,"Granillo, Andre",701552,Nationals,WSH,R,94.3,26,198,1.3288590604026846,0.1313131313131313,SI,Sinker,18.0,-21.0,-3.0,-14,12.6,12.7,-14.1,-1.3,-10,,,SI
2026,"Anderson, Drew",623454,Tigers,DET,R,94.9,26,1611,10.959183673469388,0.0161390440720049,SI,Sinker,22.6,-22.2,0.4,2,7.7,12.4,-15.3,-2.9,-19,,,SI
2026,"Weiman, Blake",676620,Angels,LAA,L,90.5,25,185,1.2585034013605445,0.1351351351351351,SI,Sinker,23.8,-24.9,-1.0,-4,9.8,12.3,-14.8,-2.5,-17,,,SI
2026,"Phillips, Evan",623465,Dodgers,LAD,R,96.6,25,357,2.4285714285714284,0.0700280112044818,SI,Sinker,20.6,-21.7,-1.1,-5,8.8,16.8,-15.7,1.1,7,,,SI
2026,"Teodo, Emiliano",693713,Rangers,TEX,R,99.4,25,43,0.2905405405405405,0.5813953488372093,SI,Sinker,21.2,-20.6,0.6,3,6.4,16.9,-15.9,0.9,6,,,SI
2026,"Buttó, José",676130,Giants,SF,R,92.5,25,63,0.4256756756756756,0.3968253968253968,SI,Sinker,22.0,-24.6,-2.6,-11,10.3,15.3,-15.4,-0.1,-1,,,SI
2026,"Griffin, Foster",656492,Guardians,CLE,L,88.5,876,2667,18.02027027027027,0.3284589426321709,FC,Cutter,27.2,-27.2,0.0,0,7.4,4.6,2.5,2.0,80,0.5212765957446809,0.8936170212765957,FC
2026,"Rasmussen, Drew",656876,Rays,TB,R,90.0,715,2470,16.802721088435373,0.2894736842105263,FC,Cutter,29.7,-25.8,-3.9,-15,4.0,4.5,2.4,2.1,89,0.0638297872340425,0.9042553191489362,FC
2026,"Schlittler, Cam",693645,Yankees,NYY,R,94.7,707,2778,18.897959183673468,0.2544996400287977,FC,Cutter,19.9,-20.4,0.5,3,10.4,5.6,2.2,3.4,150,0.6170212765957447,0.9893617021276596,FC
2026,"Patrick, Chad",694477,Brewers,MIL,R,89.9,686,1621,10.952702702702704,0.4231955582973473,FC,Cutter,21.7,-25.7,4.0,16,12.1,2.6,1.8,0.8,43,0.9627659574468084,0.7074468085106383,FC
2026,"Bradley, Taj",671737,Twins,MIN,R,89.7,682,2795,19.01360544217687,0.2440071556350626,FC,Cutter,29.9,-26.0,-3.9,-15,4.0,4.6,2.6,2.1,80,0.0638297872340425,0.9042553191489362,FC
2026,"Bibee, Tanner",676440,Guardians,CLE,R,85.7,653,2683,18.12837837837838,0.2433842713380544,FC,Cutter,35.2,-30.8,-4.4,-14,2.0,6.9,3.9,3.0,75,0.0531914893617021,0.973404255319149,FC
2026,"Civale, Aaron",650644,Cubs,CHC,R,87.9,649,1747,11.804054054054054,0.3714939896966228,FC,Cutter,25.0,-27.1,2.1,8,10.1,6.0,2.8,3.2,115,0.8191489361702128,0.9840425531914894,FC
2026,"Buehler, Walker",621111,Padres,SD,R,90.5,590,2352,16.0,0.2508503401360544,FC,Cutter,23.3,-25.3,2.0,8,9.9,4.8,2.1,2.8,133,0.8031914893617021,0.9627659574468084,FC
2026,"Jansen, Kenley",445276,Tigers,DET,R,92.6,554,661,4.496598639455782,0.8381240544629349,FC,Cutter,15.5,-21.7,6.2,29,16.5,5.1,3.2,1.9,61,1.0,0.8829787234042553,FC
2026,"Cameron, Noah",702070,Royals,KC,L,89.8,551,2613,17.655405405405407,0.2108687332567929,FC,Cutter,24.5,-25.8,1.4,5,9.3,2.5,2.6,-0.1,-3,0.7287234042553191,0.5106382978723404,FC
2026,"Johnson, Ryan",696270,Angels,LAA,R,89.6,548,1455,9.89795918367347,0.3766323024054983,FC,Cutter,24.7,-26.0,1.4,5,9.2,2.0,2.2,-0.2,-11,0.7287234042553191,0.4893617021276595,FC
2026,"May, Dustin",669160,Brewers,MIL,R,93.3,525,2234,15.094594594594597,0.2350044762757386,FC,Cutter,22.0,-22.6,0.7,3,9.3,1.2,1.2,0.0,1,0.6223404255319149,0.5372340425531915,FC
2026,"Martinez, Nick",607259,Rays,TB,R,89.2,499,2306,15.687074829931973,0.2163920208152645,FC,Cutter,23.1,-26.3,3.2,12,11.1,1.2,2.3,-1.2,-51,0.925531914893617,0.2393617021276596,FC
2026,"Cecconi, Slade",677944,Guardians,CLE,R,88.5,494,1939,13.10135135135135,0.2547705002578648,FC,Cutter,28.0,-27.3,-0.7,-3,6.9,1.4,2.6,-1.2,-48,0.3670212765957447,0.2393617021276596,FC
2026,"Vásquez, Randy",681190,Padres,SD,R,91.0,486,2055,13.979591836734691,0.2364963503649635,FC,Cutter,23.6,-24.8,1.1,5,9.2,2.1,1.9,0.2,11,0.675531914893617,0.5691489361702128,FC
2026,"Fluharty, Mason",689254,Blue Jays,TOR,L,90.8,471,950,6.418918918918919,0.4957894736842105,FC,Cutter,21.8,-25.0,3.2,13,11.2,2.2,2.3,-0.1,-4,0.925531914893617,0.5106382978723404,FC
2026,"Alcantara, Sandy",645261,Marlins,MIA,R,89.9,454,3060,20.67567567567568,0.1483660130718954,FC,Cutter,27.8,-25.7,-2.1,-8,5.9,1.3,2.2,-0.9,-40,0.1542553191489361,0.3031914893617021,FC
2026,"Pérez, Martín",527048,Braves,ATL,L,85.1,452,2075,14.02027027027027,0.2178313253012048,FC,Cutter,28.7,-30.8,2.0,7,8.7,1.4,2.6,-1.2,-46,0.8031914893617021,0.2393617021276596,FC
2026,"Kay, Anthony",641743,White Sox,CWS,L,91.7,438,2583,17.571428571428573,0.1695702671312427,FC,Cutter,25.7,-24.1,-1.6,-7,6.8,1.2,1.5,-0.3,-19,0.1968085106382978,0.4734042553191489,FC
2026,"Freeland, Kyle",607536,Rockies,COL,L,87.7,436,2006,13.64625850340136,0.2173479561316051,FC,Cutter,26.4,-28.2,1.8,6,8.7,1.1,2.7,-1.7,-61,0.7872340425531915,0.1595744680851064,FC
2026,"Gray, Sonny",543243,Red Sox,BOS,R,88.3,435,2295,15.506756756756756,0.1895424836601307,FC,Cutter,31.2,-27.4,-3.8,-14,3.6,4.1,2.4,1.7,71,0.0851063829787234,0.8617021276595744,FC
2026,"Fedde, Erick",607200,White Sox,CWS,R,91.3,435,2260,15.374149659863946,0.1924778761061946,FC,Cutter,25.8,-24.4,-1.4,-6,6.8,2.1,2.2,-0.1,-4,0.2180851063829787,0.5106382978723404,FC
2026,"Lugo, Seth",607625,Royals,KC,R,89.8,430,2710,18.31081081081081,0.1586715867158671,FC,Cutter,21.9,-25.7,3.8,15,11.8,0.4,1.7,-2.2,-124,0.952127659574468,0.0904255319148936,FC
2026,"Lauer, Eric",641778,Dodgers,LAD,L,87.6,415,1814,12.34013605442177,0.2287761852260198,FC,Cutter,26.9,-27.7,0.8,3,8.5,1.3,2.6,-1.3,-49,0.6276595744680851,0.2287234042553191,FC
2026,"Baz, Shane",669358,Orioles,BAL,R,89.6,410,2751,18.58783783783784,0.1490367139222101,FC,Cutter,26.8,-26.2,-0.6,-2,7.0,3.2,2.3,0.9,38,0.3882978723404255,0.7180851063829787,FC
2026,"Tolle, Payton",801139,Red Sox,BOS,L,88.6,408,2095,14.155405405405403,0.1947494033412888,FC,Cutter,27.5,-27.0,-0.5,-2,7.0,2.5,2.1,0.4,20,0.4148936170212766,0.6276595744680851,FC
2026,"Suarez, Ranger",624133,Red Sox,BOS,L,88.0,407,2104,14.216216216216216,0.1934410646387832,FC,Cutter,27.2,-27.6,0.4,1,7.9,1.6,2.6,-1.0,-39,0.5797872340425532,0.2765957446808511,FC
2026,"Wacha, Michael",608379,Royals,KC,R,89.5,406,2726,18.41891891891892,0.1489361702127659,FC,Cutter,23.7,-26.1,2.4,9,10.2,1.6,3.0,-1.4,-46,0.8723404255319149,0.2180851063829787,FC
2026,"Lopez, Jacob",682052,Athletics,ATH,L,86.2,402,1984,13.405405405405403,0.2026209677419354,FC,Cutter,28.7,-29.5,0.8,3,8.2,0.7,2.0,-2.7,-134,0.6276595744680851,0.0638297872340425,FC
2026,"Eovaldi, Nathan",543135,Rangers,TEX,R,90.3,387,2007,13.56081081081081,0.1928251121076233,FC,Cutter,23.3,-25.4,2.2,8,10.2,1.9,2.2,-0.4,-16,0.8297872340425532,0.4361702127659574,FC
2026,"Yamamoto, Yoshinobu",808967,Dodgers,LAD,R,91.6,379,2555,17.38095238095238,0.1483365949119373,FC,Cutter,24.1,-24.2,0.1,0,8.2,3.0,1.5,1.6,107,0.5372340425531915,0.8457446808510638,FC
2026,"Roupp, Landen",694738,Giants,SF,R,89.3,366,2624,17.72972972972973,0.1394817073170731,FC,Cutter,28.1,-26.4,-1.8,-7,5.9,2.6,1.9,0.7,36,0.1808510638297872,0.6968085106382979,FC
2026,"Sproat, Brandon",687075,Brewers,MIL,R,92.9,364,1727,11.66891891891892,0.210770121598147,FC,Cutter,23.8,-23.0,-0.8,-3,7.7,1.7,1.2,0.5,40,0.351063829787234,0.6595744680851063,FC
2026,"Rodriguez, Eduardo",593958,D-backs,AZ,L,88.7,362,2772,18.72972972972973,0.1305916305916306,FC,Cutter,25.9,-27.0,1.1,4,8.7,1.7,2.6,-1.0,-37,0.675531914893617,0.2765957446808511,FC
2026,"Senzatela, Antonio",622608,Brewers,MIL,R,92.2,357,1070,7.22972972972973,0.3336448598130841,FC,Cutter,24.9,-23.7,-1.3,-5,7.0,2.7,1.7,1.0,59,0.2393617021276596,0.7393617021276596,FC
2026,"Ginn, J.T.",669372,Athletics,ATH,R,90.3,355,2185,14.763513513513514,0.1624713958810068,FC,Cutter,26.9,-25.5,-1.4,-5,6.5,0.1,2.0,-1.9,-95,0.2180851063829787,0.1223404255319148,FC
2026,"Melton, Troy",675512,Tigers,DET,R,92.2,354,1614,10.979591836734691,0.2193308550185873,FC,Cutter,24.6,-23.6,-1.0,-4,7.3,4.0,1.7,2.3,141,0.3138297872340425,0.9308510638297872,FC
2026,"Faucher, Calvin",676534,Marlins,MIA,R,93.2,350,1052,7.108108108108108,0.3326996197718631,FC,Cutter,26.8,-23.0,-3.9,-17,4.5,3.3,0.9,2.4,271,0.0638297872340425,0.9361702127659576,FC
2026,"Misiorowski, Jacob",694819,Brewers,MIL,R,95.8,350,2453,16.574324324324323,0.1426824296779453,FC,Cutter,22.4,-22.2,-0.2,-1,7.2,1.5,1.3,0.2,15,0.4893617021276595,0.5691489361702128,FC
2026,"Fried, Max",608331,Yankees,NYY,L,91.9,339,1511,10.27891156462585,0.2243547319655857,FC,Cutter,25.0,-23.8,-1.2,-5,7.2,2.2,2.0,0.2,10,0.2553191489361702,0.5691489361702128,FC
2026,"Holton, Tyler",663947,Tigers,DET,L,87.7,339,1080,7.346938775510204,0.3138888888888889,FC,Cutter,29.3,-28.2,-1.1,-4,6.0,4.2,2.8,1.4,49,0.2872340425531915,0.8138297872340425,FC
2026,"Mahle, Tyler",641816,Braves,ATL,R,87.8,338,2116,14.297297297297296,0.1597353497164461,FC,Cutter,25.1,-27.9,2.8,10,10.2,0.1,2.4,-2.5,-102,0.898936170212766,0.0744680851063829,FC
2026,"Lorenzen, Michael",547179,Blue Jays,TOR,R,90.2,337,2331,15.75,0.1445731445731445,FC,Cutter,26.5,-25.3,-1.2,-5,6.8,0.5,1.7,-2.2,-129,0.2553191489361702,0.0904255319148936,FC
2026,"Elder, Bryce",693821,Braves,ATL,R,88.5,336,2245,15.16891891891892,0.1496659242761692,FC,Cutter,24.3,-27.2,3.0,11,10.3,1.9,2.8,-0.9,-33,0.9148936170212766,0.3031914893617021,FC
2026,"Alvarado, José",621237,Phillies,PHI,L,91.6,331,1020,6.891891891891892,0.3245098039215686,FC,Cutter,27.2,-22.5,-4.7,-21,5.2,2.5,3.4,-0.9,-25,0.0478723404255319,0.3031914893617021,FC
2026,"Scott, Christian",681035,Mets,NYM,R,89.6,330,1803,12.26530612244898,0.1830282861896838,FC,Cutter,27.4,-26.3,-1.1,-4,6.6,3.0,1.8,1.2,66,0.2872340425531915,0.7978723404255319,FC
2026,"Minter, A.J.",621345,Twins,MIN,L,89.0,328,574,3.9047619047619047,0.5714285714285714,FC,Cutter,29.5,-26.7,-2.9,-11,4.7,3.8,2.3,1.5,65,0.1117021276595744,0.8297872340425532,FC
2026,"Quantrill, Cal",615698,Rangers,TEX,R,88.7,326,1587,10.722972972972974,0.2054190296156269,FC,Cutter,27.8,-27.0,-0.8,-3,6.8,2.9,2.8,0.1,4,0.351063829787234,0.5531914893617021,FC
2026,"Rocker, Kumar",677958,Rangers,TEX,R,90.2,325,2281,15.41216216216216,0.142481367821131,FC,Cutter,26.3,-25.6,-0.7,-3,7.1,0.9,2.4,-1.5,-63,0.3670212765957447,0.2127659574468085,FC
2026,"Wells, Tyler",669330,Rays,TB,R,90.4,319,1053,7.163265306122449,0.3029439696106363,FC,Cutter,21.2,-24.3,3.1,13,12.1,4.7,4.3,0.4,9,0.9202127659574468,0.6276595744680851,FC
2026,"Kelly, Merrill",518876,D-backs,AZ,R,91.0,318,2448,16.54054054054054,0.1299019607843137,FC,Cutter,20.4,-24.7,4.2,17,12.5,3.9,1.5,-5.4,-363,0.9787234042553192,0.0106382978723404,FC
2026,"Webb, Logan",657277,Giants,SF,R,89.8,314,2396,16.18918918918919,0.1310517529215359,FC,Cutter,26.7,-26.0,-0.7,-3,6.9,0.9,1.4,-2.2,-165,0.3670212765957447,0.0904255319148936,FC
2026,"Thornton, Zac",804267,Mets,NYM,L,88.3,307,1006,6.843537414965986,0.305168986083499,FC,Cutter,26.4,-27.4,0.9,3,8.4,3.8,2.8,1.0,37,0.6542553191489362,0.7393617021276596,FC
2026,"Agnos, Zach",688642,Rockies,COL,R,91.8,297,1356,9.224489795918368,0.2190265486725663,FC,Cutter,22.8,-24.0,1.2,5,9.2,1.2,1.6,-0.5,-28,0.6861702127659575,0.4095744680851064,FC
2026,"Bassitt, Chris",605135,Orioles,BAL,R,89.8,295,1546,10.445945945945946,0.1908150064683053,FC,Cutter,23.8,-25.8,1.9,7,9.8,2.0,1.8,-3.8,-209,0.7978723404255319,0.0319148936170212,FC
2026,"McGreevy, Michael",700241,Cardinals,STL,R,87.5,287,2504,16.91891891891892,0.1146166134185303,FC,Cutter,29.4,-28.4,-1.0,-4,6.2,1.1,2.8,-1.7,-61,0.3138297872340425,0.1595744680851064,FC
2026,"McLean, Nolan",690997,Mets,NYM,R,92.1,285,2750,18.70748299319728,0.1036363636363636,FC,Cutter,25.4,-23.8,-1.6,-7,6.8,1.0,1.2,-0.2,-19,0.1968085106382978,0.4893617021276595,FC
2026,"Funderburk, Kody",681892,Twins,MIN,L,92.5,284,813,5.530612244897959,0.3493234932349323,FC,Cutter,19.1,-22.9,3.7,16,12.6,1.3,2.0,-3.3,-164,0.946808510638298,0.0478723404255319,FC
2026,"Gasser, Robert",688107,Brewers,MIL,L,88.5,282,1534,10.364864864864863,0.1838331160365058,FC,Cutter,28.3,-27.3,-0.9,-3,6.5,2.2,1.7,0.5,31,0.3404255319148936,0.6595744680851063,FC
2026,"Martin, Davis",663436,White Sox,CWS,R,89.6,276,2151,14.63265306122449,0.1283124128312412,FC,Cutter,26.7,-26.1,-0.6,-2,7.2,1.7,2.3,-0.6,-26,0.3882978723404255,0.3882978723404255,FC
2026,"Taillon, Jameson",592791,Blue Jays,TOR,R,86.3,274,1443,9.75,0.1898821898821898,FC,Cutter,27.7,-30.0,2.3,8,8.9,6.1,3.5,2.6,75,0.851063829787234,0.952127659574468,FC
2026,"Schultz, Paxton",687606,Nationals,WSH,R,88.8,272,610,4.093959731543624,0.4459016393442623,FC,Cutter,25.4,-26.7,1.3,5,9.0,2.3,2.3,0.0,1,0.7074468085106383,0.5372340425531915,FC
2026,"Watson, Ryan",670245,Angels,LAA,R,90.0,270,1069,7.272108843537415,0.2525724976613657,FC,Cutter,26.3,-25.7,-0.6,-2,7.2,1.4,2.1,-0.7,-32,0.3882978723404255,0.3617021276595745,FC
2026,"Bello, Brayan",678394,Red Sox,BOS,R,87.5,269,1736,11.72972972972973,0.1549539170506912,FC,Cutter,33.3,-28.1,-5.2,-19,2.3,0.1,2.5,-2.7,-106,0.0372340425531914,0.0638297872340425,FC
2026,"Perkins, Jack",678022,Athletics,ATH,R,92.5,259,1809,12.222972972972974,0.1431730237700386,FC,Cutter,24.5,-23.5,-1.0,-4,7.4,0.7,1.1,-1.8,-158,0.3138297872340425,0.1382978723404255,FC
2026,"Doval, Camilo",666808,Pirates,PIT,R,98.8,259,957,6.466216216216216,0.270637408568443,FC,Cutter,17.2,-17.6,0.4,2,10.7,4.7,-4.0,-0.6,16,0.5797872340425532,0.3882978723404255,FC
2026,"Cruz, Steven",674444,Royals,KC,R,93.9,257,878,5.9324324324324325,0.2927107061503416,FC,Cutter,22.7,-22.2,-0.5,-2,8.2,0.0,1.0,-1.0,-100,0.4148936170212766,0.2765957446808511,FC
2026,"Ashcraft, Graham",668933,Reds,CIN,R,97.9,255,488,3.3197278911564627,0.5225409836065574,FC,Cutter,16.2,-16.3,0.1,1,12.1,0.6,0.5,0.1,26,0.5372340425531915,0.5531914893617021,FC
2026,"Yarbrough, Ryan",642232,Yankees,NYY,L,84.9,255,907,6.170068027210885,0.2811466372657111,FC,Cutter,28.4,-30.6,2.2,7,9.3,3.0,1.6,-4.6,-281,0.8297872340425532,0.026595744680851,FC
2026,"Sugano, Tomoyuki",608372,Rockies,COL,R,89.0,255,2272,15.45578231292517,0.1122359154929577,FC,Cutter,28.6,-26.7,-1.9,-7,5.6,1.4,2.5,-1.1,-44,0.1702127659574468,0.2553191489361702,FC
2026,"Hancock, Emerson",676106,Mariners,SEA,R,85.8,252,2171,14.66891891891892,0.1160755412252418,FC,Cutter,33.2,-29.8,-3.4,-11,3.7,3.5,2.2,1.3,58,0.0904255319148936,0.8031914893617021,FC
2026,"Burke, Sean",680732,White Sox,CWS,R,89.9,251,2598,17.6734693877551,0.096612779060816,FC,Cutter,24.4,-25.7,1.3,5,9.2,3.7,2.7,1.1,40,0.7074468085106383,0.7606382978723404,FC
2026,"Lambert, Peter",663567,Astros,HOU,R,91.6,248,2367,15.993243243243244,0.1047739754964089,FC,Cutter,20.3,-24.3,4.0,17,12.3,1.0,2.0,-1.0,-51,0.9627659574468084,0.2765957446808511,FC
2026,"Dodd, Dylan",689266,Braves,ATL,L,87.3,247,716,4.837837837837838,0.3449720670391061,FC,Cutter,29.6,-28.5,-1.1,-4,6.2,2.0,2.8,-4.8,-170,0.2872340425531915,0.0212765957446808,FC
2026,"Morris, Andrew",702193,Twins,MIN,R,91.2,246,1151,7.829931972789115,0.2137271937445699,FC,Cutter,26.7,-24.1,-2.6,-11,6.1,6.2,2.7,3.5,131,0.1223404255319148,0.9946808510638298,FC
2026,"Pintaro, Jonathan",702752,Mets,NYM,R,91.1,246,459,3.122448979591837,0.5359477124183006,FC,Cutter,25.0,-24.5,-0.5,-2,7.7,3.5,1.1,2.4,219,0.4148936170212766,0.9361702127659576,FC
2026,"Wheeler, Zack",554430,Phillies,PHI,R,90.8,242,2360,15.945945945945946,0.1025423728813559,FC,Cutter,24.4,-25.2,0.8,3,8.4,0.4,1.1,-0.7,-63,0.6276595744680851,0.3617021276595745,FC
2026,"Schultz, Noah",702273,White Sox,CWS,L,89.8,241,1147,7.802721088435374,0.2101133391455972,FC,Cutter,24.5,-25.9,1.4,5,9.0,2.1,2.4,-0.4,-15,0.7287234042553191,0.4361702127659574,FC
2026,"Mederos, Victor",682989,Braves,ATL,R,91.9,241,503,3.3986486486486487,0.4791252485089463,FC,Cutter,25.0,-24.0,-1.0,-4,7.2,0.3,1.2,-0.9,-74,0.3138297872340425,0.3031914893617021,FC
2026,"Shugart, Chase",663767,Phillies,PHI,R,91.5,239,774,5.22972972972973,0.3087855297157623,FC,Cutter,24.8,-24.3,-0.5,-2,7.6,2.6,1.5,1.1,75,0.4148936170212766,0.7606382978723404,FC
2026,"Matthews, Zebby",805673,Twins,MIN,R,90.8,237,1920,13.06122448979592,0.1234375,FC,Cutter,23.5,-24.9,1.4,6,9.4,0.4,2.1,-1.7,-81,0.7287234042553191,0.1595744680851064,FC
2026,"Blackburn, Paul",621112,Yankees,NYY,R,91.8,235,1154,7.850340136054422,0.2036395147313691,FC,Cutter,24.0,-24.1,0.2,1,8.5,3.6,2.0,1.6,82,0.5478723404255319,0.8457446808510638,FC
2026,"Raley, Brooks",548384,Phillies,PHI,L,86.7,226,782,5.283783783783784,0.289002557544757,FC,Cutter,29.8,-28.6,-1.2,-4,6.4,3.9,2.5,1.4,57,0.2553191489361702,0.8138297872340425,FC
2026,"Severino, Luis",622663,Athletics,ATH,R,94.3,225,1086,7.337837837837838,0.2071823204419889,FC,Cutter,20.1,-21.4,1.3,6,10.7,1.0,1.5,-0.5,-34,0.7074468085106383,0.4095744680851064,FC
2026,"Winn, Cole",668390,Rangers,TEX,R,91.2,225,787,5.317567567567568,0.2858958068614993,FC,Cutter,24.3,-24.6,0.3,1,8.5,1.3,1.7,-0.5,-27,0.5585106382978723,0.4095744680851064,FC
2026,"Sterner, Justin",686993,Athletics,ATH,R,88.7,224,726,4.905405405405405,0.3085399449035813,FC,Cutter,28.4,-27.1,-1.3,-5,6.5,2.8,2.3,0.5,24,0.2393617021276596,0.6595744680851063,FC
2026,"Alexander, Tyler",641302,Rangers,TEX,L,88.2,223,1054,7.121621621621622,0.2115749525616698,FC,Cutter,25.2,-27.4,2.3,8,9.8,0.8,2.3,-1.6,-67,0.851063829787234,0.1914893617021276,FC
2026,"Drohan, Shane",675660,Brewers,MIL,L,90.9,220,1839,12.425675675675675,0.1196302338227297,FC,Cutter,21.6,-24.9,3.2,13,11.3,0.8,1.6,-2.4,-146,0.925531914893617,0.0851063829787234,FC
2026,"McCullers Jr., Lance",621121,Brewers,MIL,R,89.0,219,793,5.358108108108108,0.2761664564943253,FC,Cutter,26.2,-26.5,0.4,1,8.2,2.7,2.0,0.8,39,0.5797872340425532,0.7074468085106383,FC
2026,"Marinaccio, Ron",676760,Reds,CIN,R,86.5,217,1042,7.08843537414966,0.2082533589251439,FC,Cutter,30.2,-29.2,-1.1,-4,6.4,2.1,2.0,0.2,9,0.2872340425531915,0.5691489361702128,FC
2026,"Kremer, Dean",665152,Twins,MIN,R,87.2,215,1201,8.170068027210885,0.1790174854288093,FC,Cutter,29.4,-28.1,-1.3,-5,6.3,4.2,3.0,1.1,37,0.2393617021276596,0.7606382978723404,FC
2026,"Henderson, Logan",701656,Brewers,MIL,R,87.8,215,1331,8.993243243243244,0.1615326821938392,FC,Cutter,22.8,-27.8,4.9,18,12.4,0.3,1.9,-1.7,-87,0.9893617021276596,0.1595744680851064,FC
2026,"Corbin, Patrick",571578,Blue Jays,TOR,L,86.3,214,1412,9.54054054054054,0.1515580736543909,FC,Cutter,30.6,-29.9,-0.7,-2,6.1,2.4,3.5,-1.1,-30,0.3670212765957447,0.2553191489361702,FC
2026,"Williamson, Brandon",682227,Reds,CIN,L,89.0,213,691,4.700680272108843,0.3082489146164978,FC,Cutter,25.0,-26.2,1.2,5,9.4,2.8,3.0,-0.2,-8,0.6861702127659575,0.4893617021276595,FC
2026,"Rogers, Trevor",669432,Orioles,BAL,L,83.1,212,2440,16.486486486486488,0.0868852459016393,FC,Cutter,36.2,-34.2,-2.0,-6,3.4,4.2,3.8,0.4,11,0.1595744680851064,0.6276595744680851,FC
2026,"Nola, Aaron",605400,Phillies,PHI,R,86.3,212,2756,18.62162162162162,0.0769230769230769,FC,Cutter,28.8,-29.3,0.4,2,7.7,0.6,1.7,-1.1,-65,0.5797872340425532,0.2553191489361702,FC
2026,"Booser, Cam",592155,Rays,TB,L,88.1,212,511,3.4761904761904763,0.4148727984344422,FC,Cutter,31.6,-27.6,-3.9,-14,3.6,3.4,2.3,1.1,46,0.0638297872340425,0.7606382978723404,FC
2026,"Slaten, Justin",686580,Red Sox,BOS,R,93.6,211,508,3.4324324324324325,0.4153543307086614,FC,Cutter,21.9,-21.7,-0.2,-1,9.1,4.1,2.0,2.1,107,0.4893617021276595,0.9042553191489362,FC
2026,"Pfaadt, Brandon",694297,D-backs,AZ,R,90.3,207,1764,11.91891891891892,0.1173469387755102,FC,Cutter,25.0,-25.4,0.4,2,8.5,0.1,2.0,-2.1,-107,0.5797872340425532,0.1063829787234042,FC
2026,"Maton, Phil",664208,Cubs,CHC,R,89.5,201,546,3.689189189189189,0.3681318681318681,FC,Cutter,24.2,-26.4,2.2,8,9.7,2.6,1.7,0.9,50,0.8297872340425532,0.7180851063829787,FC
2026,"Roberts, Ethan",681799,Cubs,CHC,R,92.9,196,436,2.945945945945946,0.4495412844036697,FC,Cutter,17.7,-23.1,5.5,24,13.7,0.6,1.0,-1.6,-162,,,FC
2026,"Cantillo, Joey",676282,Guardians,CLE,L,87.0,193,2531,17.10135135135135,0.0762544448834452,FC,Cutter,29.3,-29.0,-0.3,-1,6.7,2.6,3.0,-0.4,-12,0.4680851063829787,0.4361702127659574,FC
2026,"Wilson, Bryse",669060,Brewers,MIL,R,88.0,189,533,3.6013513513513518,0.3545966228893058,FC,Cutter,28.2,-27.7,-0.5,-2,6.9,2.9,2.7,0.2,8,0.4148936170212766,0.5691489361702128,FC
2026,"Suárez, Albert",544150,Orioles,BAL,R,85.8,189,912,6.162162162162162,0.2072368421052631,FC,Cutter,28.1,-30.7,2.6,9,9.0,2.0,3.8,-1.8,-47,0.8882978723404256,0.1382978723404255,FC
2026,"Soroka, Michael",647336,D-backs,AZ,R,88.9,187,1588,10.72972972972973,0.1177581863979848,FC,Cutter,27.0,-26.6,-0.4,-1,7.4,1.3,2.1,-0.8,-37,0.4574468085106383,0.3297872340425531,FC
2026,"Holmes, Grant",656550,Braves,ATL,R,92.1,184,2170,14.66216216216216,0.0847926267281106,FC,Cutter,20.0,-23.7,3.8,16,12.0,1.1,1.4,-2.5,-181,0.952127659574468,0.0744680851063829,FC
2026,"Kuhnel, Joel",669270,Giants,SF,R,90.4,184,616,4.162162162162162,0.2987012987012987,FC,Cutter,30.9,-25.2,-5.7,-23,2.4,2.8,2.6,0.2,7,0.0212765957446808,0.5691489361702128,FC
2026,"Gore, MacKenzie",669022,Rangers,TEX,L,89.9,182,2791,18.85810810810811,0.0652096022930849,FC,Cutter,26.1,-25.9,-0.2,-1,7.6,1.5,2.3,-0.8,-36,0.4893617021276595,0.3297872340425531,FC
2026,"Clarke, Taylor",664199,D-backs,AZ,R,94.3,181,941,6.358108108108108,0.1923485653560042,FC,Cutter,18.3,-21.7,3.4,16,12.4,3.8,1.4,-5.2,-382,0.9414893617021276,0.0159574468085106,FC
2026,"Irvin, Jake",663623,Nationals,WSH,R,89.4,180,1665,11.174496644295305,0.1081081081081081,FC,Cutter,24.1,-26.4,2.3,9,10.0,1.4,2.0,-0.5,-28,0.851063829787234,0.4095744680851064,FC
2026,"Assad, Javier",665871,Cubs,CHC,R,88.8,179,1405,9.493243243243244,0.1274021352313167,FC,Cutter,28.0,-27.0,-1.0,-4,6.5,5.0,2.6,2.4,94,0.3138297872340425,0.9361702127659576,FC
2026,"Graceffo, Gordon",700669,Cardinals,STL,R,89.4,176,1104,7.45945945945946,0.1594202898550724,FC,Cutter,31.4,-26.4,-5.0,-19,2.8,0.9,2.4,-1.6,-65,0.0425531914893617,0.1914893617021276,FC
2026,"Stock, Robert",476594,Mets,NYM,R,91.1,176,560,3.809523809523809,0.3142857142857143,FC,Cutter,24.7,-24.5,-0.2,-1,8.2,0.8,0.8,-1.6,-203,0.4893617021276595,0.1914893617021276,FC
2026,"Singer, Brady",663903,Reds,CIN,R,87.3,174,2547,17.3265306122449,0.0683156654888103,FC,Cutter,28.2,-28.5,0.3,1,7.5,1.2,2.0,-0.8,-38,0.5585106382978723,0.3297872340425531,FC
2026,"Waguespack, Jacob",621097,Tigers,DET,R,87.0,173,555,3.7755102040816326,0.3117117117117117,FC,Cutter,30.7,-29.1,-1.5,-5,5.2,4.3,3.8,0.5,12,0.2074468085106383,0.6595744680851063,FC
2026,"Fairbanks, Pete",664126,Marlins,MIA,R,89.7,171,738,4.986486486486487,0.2317073170731707,FC,Cutter,31.0,-25.4,-5.6,-22,3.1,5.6,4.2,1.4,34,0.026595744680851,0.8138297872340425,FC
2026,"Svanson, Matt",694335,Cardinals,STL,R,92.0,171,788,5.324324324324325,0.217005076142132,FC,Cutter,26.2,-23.8,-2.4,-10,6.0,2.1,1.6,0.5,30,0.1276595744680851,0.6595744680851063,FC
2026,"Woodford, Jake",663765,Cubs,CHC,R,90.3,170,457,3.0878378378378377,0.3719912472647702,FC,Cutter,25.3,-25.4,0.0,0,8.1,0.6,1.2,-0.7,-55,0.5212765957446809,0.3617021276595745,FC
2026,"Manaea, Sean",640455,Mets,NYM,L,84.5,170,2227,15.149659863945578,0.0763358778625954,FC,Cutter,31.5,-31.2,-0.3,-1,6.7,2.5,2.2,0.3,16,0.4680851063829787,0.6063829787234043,FC
2026,"Cavalli, Cade",676917,Nationals,WSH,R,93.5,168,2703,18.14093959731544,0.0621531631520532,FC,Cutter,22.8,-22.3,-0.5,-2,8.1,1.2,1.6,-0.4,-27,0.4148936170212766,0.4361702127659574,FC
2026,"Williams, Gavin",668909,Guardians,CLE,R,92.3,166,2684,18.135135135135137,0.0618479880774962,FC,Cutter,25.7,-23.3,-2.4,-10,6.4,1.5,1.8,-3.3,-182,0.1276595744680851,0.0478723404255319,FC
2026,"Way, Beck",694360,Royals,KC,R,91.3,164,389,2.6283783783783785,0.4215938303341902,FC,Cutter,28.6,-24.4,-4.2,-17,4.0,2.8,1.8,1.0,56,,,FC
2026,"Adams, Travis",701519,Twins,MIN,R,91.7,161,810,5.510204081632653,0.1987654320987654,FC,Cutter,23.2,-24.2,1.0,4,9.1,3.1,1.8,1.3,68,0.6595744680851063,0.8031914893617021,FC
2026,"Gusto, Ryan",687473,Marlins,MIA,R,89.3,161,1267,8.56081081081081,0.1270718232044199,FC,Cutter,25.5,-26.5,1.0,4,8.5,4.6,2.5,2.1,85,0.6595744680851063,0.9042553191489362,FC
2026,"Thornton, Trent",663423,Cubs,CHC,R,91.1,155,708,4.783783783783784,0.2189265536723164,FC,Cutter,25.8,-24.7,-1.1,-4,6.9,3.1,1.6,1.5,90,0.2872340425531915,0.8297872340425532,FC
2026,"Collyer, Gavin",686560,Rangers,TEX,R,90.5,153,446,3.0135135135135136,0.3430493273542601,FC,Cutter,30.1,-24.8,-5.3,-21,3.5,0.8,1.1,-0.3,-30,0.0319148936170212,0.4734042553191489,FC
2026,"Gómez, Yoendrys",672782,Twins,MIN,R,91.7,152,1014,6.8979591836734695,0.1499013806706114,FC,Cutter,23.2,-24.2,1.0,4,9.3,2.1,1.6,0.6,36,0.6595744680851063,0.6914893617021277,FC
2026,"Duarte, Daniel",650960,Mets,NYM,R,89.8,150,452,3.074829931972789,0.331858407079646,FC,Cutter,25.4,-25.7,0.3,1,8.3,4.9,2.0,3.0,149,0.5585106382978723,0.973404255319149,FC
2026,"Blewett, Scott",656240,Athletics,ATH,R,89.2,150,451,3.0472972972972974,0.3325942350332594,FC,Cutter,27.9,-26.3,-1.5,-6,6.3,3.8,2.8,1.1,38,0.2074468085106383,0.7606382978723404,FC
2026,"Ferguson, Caleb",657571,Cardinals,STL,L,87.5,150,586,3.95945945945946,0.2559726962457337,FC,Cutter,30.8,-28.2,-2.7,-10,4.7,2.3,2.5,-0.2,-7,0.1170212765957446,0.4893617021276595,FC
2026,"Gilbert, Logan",669302,Mariners,SEA,R,91.2,150,2745,18.5472972972973,0.0546448087431694,FC,Cutter,21.7,-23.1,1.4,6,11.0,3.7,2.6,1.1,44,0.7287234042553191,0.7606382978723404,FC
2026,"Armstrong, Shawn",542888,Guardians,CLE,R,90.0,146,597,4.033783783783784,0.2445561139028475,FC,Cutter,26.0,-25.8,-0.3,-1,7.5,4.0,2.4,1.6,66,0.4680851063829787,0.8457446808510638,FC
2026,"Waldron, Matt",663362,Nationals,WSH,R,87.9,145,690,4.630872483221476,0.2101449275362318,FC,Cutter,27.0,-27.9,0.8,3,8.0,2.4,2.4,-0.1,-3,0.6276595744680851,0.5106382978723404,FC
2026,"Senga, Kodai",673540,Mets,NYM,R,89.9,144,1043,7.095238095238095,0.1380632790028763,FC,Cutter,26.6,-25.8,-0.8,-3,7.2,0.9,2.5,-3.4,-138,0.351063829787234,0.0425531914893617,FC
2026,"Coulombe, Danny",543056,Red Sox,BOS,L,85.2,143,385,2.6013513513513518,0.3714285714285714,FC,Cutter,32.1,-30.7,-1.4,-5,5.4,4.2,2.9,1.3,43,,,FC
2026,"Messick, Parker",800048,Guardians,CLE,L,90.5,141,2702,18.25675675675676,0.0521835677276091,FC,Cutter,23.4,-25.2,1.8,7,9.7,2.4,1.9,0.5,28,0.7872340425531915,0.6595744680851063,FC
2026,"Keller, Mitch",656605,Pirates,PIT,R,89.7,140,1887,12.75,0.0741918388977212,FC,Cutter,24.5,-26.1,1.6,6,9.1,2.4,2.4,0.0,0,0.776595744680851,0.5372340425531915,FC
2026,"Antone, Tejay",622088,Reds,CIN,R,90.1,140,819,5.571428571428571,0.1709401709401709,FC,Cutter,26.5,-25.6,-0.9,-3,7.1,1.4,2.1,-0.7,-33,0.3404255319148936,0.3617021276595745,FC
2026,"Holmes, Clay",605280,Cubs,CHC,R,86.3,139,1338,9.04054054054054,0.1038863976083707,FC,Cutter,37.3,-29.4,-7.8,-27,-0.6,1.5,3.2,-1.7,-53,0.0,0.1595744680851064,FC
2026,"Rucker, Michael",621074,Mariners,SEA,R,89.8,139,640,4.324324324324325,0.2171875,FC,Cutter,32.0,-25.8,-6.1,-24,1.8,3.8,2.0,1.9,95,0.0053191489361702,0.8829787234042553,FC
2026,"Leiter, Jack",683004,Rangers,TEX,R,93.0,137,1397,9.43918918918919,0.0980672870436649,FC,Cutter,20.3,-22.8,2.5,11,11.2,1.0,1.4,-0.4,-30,0.8776595744680851,0.4361702127659574,FC
2026,"Henriquez, Edgardo",683618,Dodgers,LAD,R,94.7,136,946,6.435374149659864,0.1437632135306553,FC,Cutter,21.2,-20.9,-0.3,-1,9.1,2.0,1.6,0.4,27,0.4680851063829787,0.6276595744680851,FC
2026,"Paddack, Chris",663978,Rangers,TEX,R,86.4,133,1015,6.858108108108108,0.1310344827586207,FC,Cutter,29.5,-29.9,0.4,1,7.0,2.9,3.7,-0.8,-21,0.5797872340425532,0.3297872340425531,FC
2026,"Dotel, Wilber",696062,Pirates,PIT,R,92.4,132,587,3.966216216216216,0.2248722316865417,FC,Cutter,23.7,-23.2,-0.5,-2,8.1,1.3,1.9,-0.7,-34,0.4148936170212766,0.3617021276595745,FC
2026,"Lange, Alex",656638,Royals,KC,R,92.0,131,1028,6.945945945945946,0.1274319066147859,FC,Cutter,26.0,-23.8,-2.2,-9,6.2,0.3,1.8,-2.1,-115,0.1436170212765957,0.1063829787234042,FC
2026,"Crochet, Garrett",676979,Red Sox,BOS,L,90.9,128,518,3.5,0.2471042471042471,FC,Cutter,26.3,-24.5,-1.8,-7,6.8,2.9,2.6,0.3,11,0.1808510638297872,0.6063829787234043,FC
2026,"Nelson, Ryne",669194,D-backs,AZ,R,93.0,128,1292,8.72972972972973,0.0990712074303405,FC,Cutter,18.1,-22.1,4.0,18,13.5,2.4,2.5,-0.1,-5,0.9627659574468084,0.5106382978723404,FC
2026,"Garcia, Brandyn",805299,D-backs,AZ,L,94.2,127,608,4.108108108108108,0.2088815789473684,FC,Cutter,23.0,-23.3,0.3,1,7.6,0.4,0.4,-0.9,-197,0.5585106382978723,0.3031914893617021,FC
2026,"Arrighetti, Spencer",681293,Blue Jays,TOR,R,87.8,125,1797,12.141891891891891,0.0695603784084585,FC,Cutter,24.9,-27.4,2.5,9,10.4,1.7,1.3,0.4,31,0.8776595744680851,0.6276595744680851,FC
2026,"Rea, Colin",607067,Cubs,CHC,R,87.2,125,2185,14.763513513513514,0.05720823798627,FC,Cutter,29.7,-28.5,-1.2,-4,6.1,4.2,2.4,1.8,72,0.2553191489361702,0.8670212765957447,FC
2026,"Madden, Ty",680744,Tigers,DET,R,87.4,124,646,4.394557823129252,0.1919504643962848,FC,Cutter,31.9,-27.9,-4.0,-14,3.6,1.8,2.4,-0.6,-24,0.0585106382978723,0.3882978723404255,FC
2026,"Kelly, Zack",677161,Red Sox,BOS,R,90.6,124,283,1.912162162162162,0.4381625441696113,FC,Cutter,26.1,-25.1,-1.0,-4,7.2,4.0,1.6,2.4,145,,,FC
2026,"Rogers, Taylor",573124,Twins,MIN,L,88.1,124,943,6.414965986394558,0.1314952279957582,FC,Cutter,30.2,-27.2,-3.0,-11,5.0,0.0,2.0,-2.0,-100,0.1063829787234042,0.1170212765957446,FC
2026,"Morán, Jovani",663558,Red Sox,BOS,L,85.2,121,1005,6.79054054054054,0.1203980099502487,FC,Cutter,32.3,-31.1,-1.2,-4,5.2,3.8,3.4,0.4,12,0.2553191489361702,0.6276595744680851,FC
2026,"Weaver, Luke",596133,Pirates,PIT,R,90.6,121,832,5.621621621621622,0.1454326923076923,FC,Cutter,23.7,-25.1,1.4,6,9.6,2.8,1.8,1.0,58,0.7287234042553191,0.7393617021276596,FC
2026,"Schreiber, John",670167,Yankees,NYY,R,89.5,120,923,6.27891156462585,0.1300108342361863,FC,Cutter,28.8,-26.8,-2.0,-7,5.2,0.1,0.3,-0.4,-153,0.1595744680851064,0.4361702127659574,FC
2026,"Gibson, Trey",694346,Orioles,BAL,R,91.9,119,619,4.1824324324324325,0.1922455573505654,FC,Cutter,22.9,-23.7,0.8,3,9.3,4.0,2.0,2.0,98,0.6276595744680851,0.8936170212765957,FC
2026,"Roycroft, Chris",688297,Athletics,ATH,R,89.1,118,577,3.8986486486486487,0.2045060658578856,FC,Cutter,32.5,-26.6,-5.8,-22,2.0,2.2,2.0,0.2,12,0.0159574468085106,0.5691489361702128,FC
2026,"Farris, Mitch",815083,Angels,LAA,L,88.6,117,817,5.557823129251701,0.1432068543451652,FC,Cutter,24.6,-27.2,2.6,9,10.0,0.3,2.9,-3.3,-111,0.8882978723404256,0.0478723404255319,FC
2026,"Bieber, Shane",669456,Blue Jays,TOR,R,87.4,113,930,6.283783783783784,0.121505376344086,FC,Cutter,27.0,-28.4,1.4,5,8.5,0.8,2.6,-1.8,-69,0.7287234042553191,0.1382978723404255,FC
2026,"Pagán, Emilio",641941,Reds,CIN,R,85.9,112,581,3.952380952380953,0.1927710843373494,FC,Cutter,33.0,-29.9,-3.1,-10,4.0,4.3,2.5,1.8,72,0.101063829787234,0.8670212765957447,FC
2026,"De Jesus, Enmanuel",646241,Tigers,DET,L,85.5,111,669,4.551020408163265,0.1659192825112107,FC,Cutter,36.3,-30.4,-5.9,-20,1.1,3.0,2.7,0.3,12,0.0106382978723404,0.6063829787234043,FC
2026,"Abreu, Bryan",650556,Astros,HOU,R,92.9,111,1034,6.986486486486487,0.1073500967117988,FC,Cutter,20.2,-23.0,2.8,12,11.4,0.2,1.2,-1.0,-85,0.898936170212766,0.2765957446808511,FC
2026,"Kirby, George",669923,Mariners,SEA,R,92.9,111,2569,17.35810810810811,0.0432074737251848,FC,Cutter,22.5,-22.8,0.2,1,9.0,0.4,1.8,-2.1,-121,,,FC
2026,"Topa, Justin",623437,Yankees,NYY,R,91.5,109,413,2.8095238095238093,0.2639225181598063,FC,Cutter,24.0,-23.8,-0.3,-1,8.5,3.8,0.2,-4.0,-1703,,,FC
2026,"Bernardino, Brennan",657514,Rockies,COL,L,85.8,108,910,6.190476190476191,0.1186813186813186,FC,Cutter,31.9,-30.7,-1.2,-4,5.1,0.6,1.4,-0.8,-55,0.2553191489361702,0.3297872340425531,FC
2026,"Criswell, Cooper",681867,Mariners,SEA,R,87.1,108,518,3.5,0.2084942084942085,FC,Cutter,30.2,-28.4,-1.8,-6,5.7,1.6,1.3,0.3,22,0.1808510638297872,0.6063829787234043,FC
2026,"Crow, Coleman",689441,Brewers,MIL,R,87.4,107,295,1.9932432432432432,0.3627118644067796,FC,Cutter,28.2,-28.3,0.1,0,7.4,2.7,2.0,0.6,30,,,FC
2026,"Wesneski, Hayden",669713,Astros,HOU,R,89.4,106,675,4.5608108108108105,0.157037037037037,FC,Cutter,27.7,-26.3,-1.4,-5,6.4,3.9,2.8,1.1,40,0.2180851063829787,0.7606382978723404,FC
2026,"Cabrera, Jose",703615,D-backs,AZ,R,89.9,105,423,2.858108108108108,0.2482269503546099,FC,Cutter,25.9,-25.8,-0.1,0,7.7,0.9,2.3,-1.4,-61,,,FC
2026,"Martin, Chris",455119,Rangers,TEX,R,91.4,104,248,1.6756756756756757,0.4193548387096774,FC,Cutter,24.3,-24.2,-0.1,0,8.3,2.1,2.4,-0.3,-11,,,FC
2026,"Kolek, Stephen",663568,Royals,KC,R,90.3,103,837,5.655405405405405,0.1230585424133811,FC,Cutter,26.8,-25.4,-1.4,-6,6.4,1.9,1.8,0.1,3,0.2180851063829787,0.5531914893617021,FC
2026,"Sulser, Cole",642121,Rays,TB,R,87.5,100,821,5.585034013605442,0.1218026796589525,FC,Cutter,27.1,-28.4,1.3,5,8.5,3.6,2.6,0.9,36,0.7074468085106383,0.7180851063829787,FC
2026,"Miller, Bryce",682243,Mariners,SEA,R,91.0,100,1612,10.891891891891891,0.0620347394540942,FC,Cutter,23.3,-24.7,1.4,6,9.3,4.5,1.8,2.6,144,0.7287234042553191,0.952127659574468,FC
2026,"Ritchie, JR",702275,Braves,ATL,R,89.2,99,1023,6.912162162162162,0.0967741935483871,FC,Cutter,26.7,-26.5,-0.1,-1,7.4,1.5,2.0,-0.5,-23,0.5159574468085106,0.4095744680851064,FC
2026,"Liberatore, Matthew",669461,Cardinals,STL,L,90.5,97,2448,16.54054054054054,0.0396241830065359,FC,Cutter,22.2,-25.0,2.8,11,10.9,1.5,2.9,-1.4,-49,,,FC
2026,"Bolton, Cody",675989,Astros,HOU,R,90.7,93,391,2.641891891891892,0.237851662404092,FC,Cutter,26.9,-25.0,-2.0,-8,6.1,5.4,1.8,3.6,198,,,FC
2026,"Seymour, Carson",693313,Giants,SF,R,94.3,92,428,2.891891891891892,0.2149532710280373,FC,Cutter,25.5,-21.3,-4.2,-20,5.2,1.2,1.6,-2.8,-174,,,FC
2026,"Carrillo, Gerardo",672629,D-backs,AZ,R,92.9,92,316,2.135135135135135,0.2911392405063291,FC,Cutter,23.9,-23.2,-0.7,-3,7.6,0.6,1.0,-0.4,-44,,,FC
2026,"Myers, Tobias",668964,Mets,NYM,R,86.8,90,744,5.061224489795919,0.1209677419354838,FC,Cutter,23.9,-29.3,5.4,19,12.3,5.2,3.1,2.1,65,0.9946808510638298,0.9042553191489362,FC
2026,"Canning, Griffin",656288,Padres,SD,R,90.1,85,1402,9.537414965986397,0.0606276747503566,FC,Cutter,25.9,-25.3,-0.6,-2,7.4,0.4,1.7,-1.3,-78,0.3882978723404255,0.2287234042553191,FC
2026,"Paredes, Mike",702474,Twins,MIN,R,87.4,85,551,3.748299319727891,0.1542649727767695,FC,Cutter,29.0,-28.4,-0.6,-2,6.5,5.0,2.1,2.9,135,0.3882978723404255,0.9680851063829788,FC
2026,"Walker, Taijuan",592836,Phillies,PHI,R,86.6,84,424,2.864864864864865,0.1981132075471698,FC,Cutter,24.4,-28.4,4.1,14,11.8,3.3,3.7,-0.4,-10,,,FC
2026,"Santana, Dennis",642701,D-backs,AZ,R,90.0,83,846,5.716216216216216,0.0981087470449172,FC,Cutter,23.4,-25.6,2.2,9,10.2,0.0,1.9,-1.9,-99,0.8297872340425532,0.1223404255319148,FC
2026,"Dallas, Chad",689149,Blue Jays,TOR,R,92.8,82,193,1.304054054054054,0.4248704663212435,FC,Cutter,19.4,-22.8,3.5,15,12.2,3.5,1.8,1.8,100,,,FC
2026,"Harris, Trent",805345,Giants,SF,R,93.6,80,272,1.837837837837838,0.2941176470588235,FC,Cutter,15.9,-21.4,5.5,26,15.1,2.5,2.2,0.3,12,,,FC
2026,"Pecko, Ethan",814490,Astros,HOU,R,90.2,79,416,2.810810810810811,0.1899038461538461,FC,Cutter,25.4,-25.5,0.1,0,8.1,1.8,2.0,-0.2,-12,,,FC
2026,"Abbott, Andrew",671096,Reds,CIN,L,88.8,77,2660,18.09523809523809,0.0289473684210526,FC,Cutter,27.4,-27.0,-0.4,-1,7.1,4.2,2.7,1.4,52,,,FC
2026,"Allen, Logan",671106,Guardians,CLE,L,84.7,77,325,2.195945945945946,0.2369230769230769,FC,Cutter,32.8,-30.8,-2.0,-7,5.1,4.2,1.7,2.4,142,,,FC
2026,"Spence, Mitch",687765,Royals,KC,R,91.9,76,200,1.351351351351351,0.38,FC,Cutter,24.9,-23.9,-1.1,-4,7.3,2.5,2.1,0.4,21,,,FC
2026,"McCambley, Zach",685112,Reds,CIN,R,88.4,75,172,1.1700680272108843,0.436046511627907,FC,Cutter,34.3,-27.1,-7.2,-26,0.5,5.4,2.3,3.1,137,,,FC
2026,"Murphy, Luke",684665,Angels,LAA,R,90.3,73,274,1.8639455782312928,0.2664233576642336,FC,Cutter,27.2,-25.5,-1.7,-7,6.2,2.8,2.3,0.5,23,,,FC
2026,"Yoho, Craig",684974,Guardians,CLE,R,90.7,72,572,3.864864864864865,0.1258741258741259,FC,Cutter,23.2,-25.3,2.1,8,9.7,0.4,1.2,-0.8,-63,0.8191489361702128,0.3297872340425531,FC
2026,"Javier, Cristian",664299,Astros,HOU,R,89.1,71,978,6.608108108108108,0.0725971370143149,FC,Cutter,23.6,-26.4,2.8,11,10.7,2.8,2.1,0.7,33,0.898936170212766,0.6968085106382979,FC
2026,"Springs, Jeffrey",605488,Athletics,ATH,L,87.7,71,2314,15.635135135135137,0.0306828003457216,FC,Cutter,26.0,-28.0,2.0,7,9.6,1.2,2.9,-4.2,-142,,,FC
2026,"Fulmer, Michael",605242,Yankees,NYY,R,88.9,70,174,1.183673469387755,0.4022988505747126,FC,Cutter,31.3,-26.9,-4.4,-16,3.4,6.0,2.8,3.2,112,,,FC
2026,"Suarez, Robert",663158,Braves,ATL,R,96.1,69,466,3.1486486486486487,0.148068669527897,FC,Cutter,16.9,-19.2,2.3,12,12.6,0.5,2.2,-1.6,-76,0.851063829787234,0.1914893617021276,FC
2026,"Sandlin, David",689818,White Sox,CWS,R,90.7,68,409,2.782312925170068,0.1662591687041564,FC,Cutter,26.8,-25.1,-1.7,-7,6.3,3.6,2.2,1.4,60,,,FC
2026,"Blubaugh, AJ",805123,Astros,HOU,R,89.0,68,1518,10.256756756756756,0.0447957839262187,FC,Cutter,25.9,-26.8,0.9,3,8.5,3.2,2.7,0.5,17,,,FC
2026,"Mlodzinski, Carmen",669387,Pirates,PIT,R,92.4,67,1920,12.972972972972974,0.0348958333333333,FC,Cutter,20.0,-23.5,3.4,15,11.7,3.2,0.7,-3.9,-540,,,FC
2026,"Scherzer, Max",453286,Blue Jays,TOR,R,87.9,67,1181,7.97972972972973,0.056731583403895,FC,Cutter,27.3,-27.8,0.4,2,7.9,3.2,2.3,0.9,37,0.5797872340425532,0.7180851063829787,FC
2026,"Woodruff, Brandon",605540,Brewers,MIL,R,88.5,66,639,4.317567567567568,0.1032863849765258,FC,Cutter,22.9,-27.4,4.5,17,12.0,2.4,2.8,-0.3,-12,0.9840425531914894,0.4734042553191489,FC
2026,"Juenger, Hayden",696522,Athletics,ATH,R,91.1,65,292,1.972972972972973,0.2226027397260274,FC,Cutter,22.2,-24.5,2.3,9,10.4,0.3,1.3,-1.0,-79,,,FC
2026,"Curtis, Khristian",694753,Pirates,PIT,R,91.9,65,217,1.4662162162162162,0.2995391705069124,FC,Cutter,23.7,-23.8,0.1,0,8.4,4.2,2.1,2.1,98,,,FC
2026,"Kikuchi, Yusei",579328,Angels,LAA,L,90.2,65,925,6.292517006802721,0.0702702702702702,FC,Cutter,24.3,-25.5,1.2,5,9.3,1.8,2.3,-0.4,-20,0.6861702127659575,0.4361702127659574,FC
2026,"Sullivan, Sean",807743,Rockies,COL,L,82.7,62,412,2.802721088435374,0.1504854368932038,FC,Cutter,34.2,-33.9,-0.3,-1,5.4,2.5,2.3,0.2,9,,,FC
2026,"Castaño, Blas",680604,Rockies,COL,R,90.4,62,439,2.986394557823129,0.1412300683371298,FC,Cutter,26.7,-25.7,-1.1,-4,6.3,2.0,-0.1,2.1,-1896,,,FC
2026,"Loáisiga, Jonathan",642528,D-backs,AZ,R,95.9,61,865,5.844594594594595,0.0705202312138728,FC,Cutter,20.5,-20.8,0.2,1,9.2,2.2,-0.4,-1.8,421,0.5478723404255319,0.1382978723404255,FC
2026,"McDermott, Chayce",694646,Mets,NYM,R,89.4,60,155,1.054421768707483,0.3870967741935484,FC,Cutter,28.0,-26.4,-1.6,-6,6.0,4.4,2.4,2.1,87,,,FC
2026,"Basso, Brady",669620,Athletics,ATH,L,89.1,60,573,3.8716216216216215,0.1047120418848167,FC,Cutter,26.9,-26.4,-0.5,-2,7.3,1.6,2.9,-1.4,-47,0.4148936170212766,0.2180851063829787,FC
2026,"Smith, Burch",572143,Tigers,DET,R,87.7,60,287,1.9523809523809523,0.2090592334494773,FC,Cutter,30.8,-28.1,-2.8,-10,4.5,4.3,2.3,2.0,88,,,FC
2026,"Bennett, Jake",687562,Red Sox,BOS,L,85.0,60,1462,9.87837837837838,0.0410396716826265,FC,Cutter,34.9,-31.1,-3.9,-12,3.0,0.5,3.0,-3.5,-116,,,FC
2026,"Aldegheri, Sam",691951,Angels,LAA,L,86.6,59,610,4.149659863945578,0.0967213114754098,FC,Cutter,30.7,-28.5,-2.2,-8,5.8,1.2,2.9,-1.7,-58,0.1436170212765957,0.1595744680851064,FC
2026,"Tong, Jonah",804636,Mets,NYM,R,91.7,58,274,1.8639455782312928,0.2116788321167883,FC,Cutter,19.8,-24.1,4.3,18,12.6,1.9,1.7,0.2,10,,,FC
2026,"Englert, Mason",669438,Rays,TB,R,86.2,58,577,3.925170068027211,0.1005199306759098,FC,Cutter,33.1,-29.7,-3.4,-11,3.8,2.5,3.1,-0.6,-20,0.0904255319148936,0.3882978723404255,FC
2026,"Maxwell, Zach",687209,Reds,CIN,R,92.7,57,291,1.9795918367346936,0.1958762886597938,FC,Cutter,23.5,-23.2,-0.3,-1,8.2,0.9,1.8,-0.9,-48,,,FC
2026,"Estrada, Lazaro",681751,Blue Jays,TOR,R,86.4,55,228,1.5405405405405406,0.2412280701754386,FC,Cutter,28.5,-29.5,1.0,3,8.0,2.7,2.8,-0.1,-4,,,FC
2026,"Gerber, Joey",680702,Mets,NYM,R,88.7,54,129,0.8775510204081632,0.4186046511627907,FC,Cutter,25.3,-26.9,1.6,6,9.3,3.5,2.0,1.6,80,,,FC
2026,"Martin, Trevor",694680,Angels,LAA,R,88.8,53,229,1.5578231292517006,0.2314410480349345,FC,Cutter,29.2,-27.1,-2.2,-8,5.6,4.1,2.3,1.8,79,,,FC
2026,"Festa, Matt",670036,Guardians,CLE,R,91.1,53,1016,6.864864864864865,0.0521653543307086,FC,Cutter,25.0,-24.6,-0.4,-2,7.8,5.1,1.4,3.7,260,0.4574468085106383,1.0,FC
2026,"Dion, Will",702021,Nationals,WSH,L,87.3,52,620,4.161073825503356,0.0838709677419354,FC,Cutter,26.3,-28.4,2.0,7,9.3,4.3,2.8,1.5,55,0.8031914893617021,0.8297872340425532,FC
2026,"Tur, Yunior",814305,Athletics,ATH,R,91.0,52,170,1.148648648648649,0.3058823529411765,FC,Cutter,25.1,-23.8,-1.3,-5,7.7,3.8,2.4,1.4,60,,,FC
2026,"Law, Derek",571882,D-backs,AZ,R,89.9,51,116,0.7837837837837838,0.4396551724137931,FC,Cutter,25.2,-25.6,0.4,1,8.5,2.8,3.0,-0.1,-4,,,FC
2026,"Hartlieb, Geoff",664129,Athletics,ATH,R,91.4,51,308,2.081081081081081,0.1655844155844155,FC,Cutter,21.9,-24.4,2.5,10,10.6,0.2,2.2,-2.0,-90,,,FC
2026,"Leiter Jr., Mark",643410,Athletics,ATH,R,89.6,51,551,3.722972972972973,0.0925589836660617,FC,Cutter,24.9,-26.2,1.2,5,8.9,1.2,2.3,-1.1,-48,0.6861702127659575,0.2553191489361702,FC
2026,"Voth, Austin",608723,Twins,MIN,R,87.4,51,214,1.45578231292517,0.2383177570093458,FC,Cutter,29.2,-28.3,-1.0,-4,6.4,3.0,2.7,0.2,9,,,FC
2026,"Thomas, Connor",671162,Royals,KC,L,87.5,50,286,1.9324324324324325,0.1748251748251748,FC,Cutter,33.0,-28.0,-5.0,-18,2.4,1.6,1.9,-0.3,-17,,,FC
2026,"Laweryson, Cody",689520,Twins,MIN,R,84.2,50,296,2.0136054421768708,0.1689189189189189,FC,Cutter,36.6,-31.5,-5.1,-16,1.9,1.9,2.2,-0.4,-16,,,FC
2026,"Jax, Griffin",643377,Rays,TB,R,92.8,50,1531,10.414965986394558,0.0326583932070542,FC,Cutter,22.9,-23.2,0.3,1,8.8,1.3,1.2,0.1,8,,,FC
2026,"Perales, Luis",691384,Nationals,WSH,R,93.4,50,154,1.0335570469798658,0.3246753246753247,FC,Cutter,21.2,-22.8,1.6,7,9.9,0.5,1.1,-0.6,-51,,,FC
2026,"Nunez, Anthony",689296,Orioles,BAL,R,90.6,49,896,6.054054054054054,0.0546875,FC,Cutter,27.4,-25.2,-2.3,-9,5.6,4.0,2.2,1.8,85,0.1382978723404255,0.8670212765957447,FC
2026,"Rodriguez, Carlos",692230,Brewers,MIL,R,90.1,49,182,1.2297297297297298,0.2692307692307692,FC,Cutter,23.8,-25.6,1.8,7,9.8,1.0,2.2,-1.2,-56,,,FC
2026,"Sands, Cole",663485,Twins,MIN,R,87.6,49,209,1.4217687074829932,0.2344497607655502,FC,Cutter,28.0,-27.8,-0.2,-1,7.6,1.9,2.2,-0.3,-13,,,FC
2026,"Seabold, Connor",657756,Royals,KC,R,86.8,48,476,3.216216216216216,0.1008403361344537,FC,Cutter,30.7,-28.8,-1.9,-7,5.5,3.1,2.1,1.0,46,0.1702127659574468,0.7393617021276596,FC
2026,"Thompson, Keegan",624522,Rockies,COL,R,88.3,47,195,1.326530612244898,0.241025641025641,FC,Cutter,29.6,-27.3,-2.3,-8,5.0,4.4,2.5,2.0,81,,,FC
2026,"Strahm, Matt",621381,Royals,KC,L,87.4,46,633,4.277027027027027,0.0726698262243285,FC,Cutter,26.4,-28.1,1.7,6,9.2,4.6,2.1,-6.7,-319,0.7819148936170213,0.0,FC
2026,"Trivino III, Lou",642152,Phillies,PHI,R,91.8,45,144,0.972972972972973,0.3125,FC,Cutter,22.9,-24.0,1.1,5,9.3,0.8,2.2,-3.0,-138,,,FC
2026,"Stallings, Garrett",668831,Brewers,MIL,R,88.1,44,152,1.027027027027027,0.2894736842105263,FC,Cutter,26.9,-27.7,0.8,3,8.0,2.4,2.4,-0.1,-2,,,FC
2026,"Smith, Hagen",696146,White Sox,CWS,L,88.5,44,303,2.061224489795918,0.1452145214521452,FC,Cutter,29.0,-27.2,-1.8,-7,5.7,2.6,2.2,0.5,21,,,FC
2026,"Drake, Kohl",684442,D-backs,AZ,L,86.2,44,382,2.581081081081081,0.1151832460732984,FC,Cutter,27.9,-29.7,1.8,6,8.7,0.3,3.0,-2.7,-90,,,FC
2026,"Hoffman, Nolan",676510,Royals,KC,R,88.5,44,158,1.0675675675675675,0.2784810126582278,FC,Cutter,28.5,-28.4,-0.1,0,6.3,2.3,-2.3,-0.1,2,,,FC
2026,"Koenig, Jared",657649,Brewers,MIL,L,90.5,43,161,1.087837837837838,0.2670807453416149,FC,Cutter,22.6,-25.2,2.6,10,10.6,1.1,2.0,-3.1,-154,,,FC
2026,"Pivetta, Nick",601713,Padres,SD,R,91.1,43,346,2.3537414965986394,0.1242774566473988,FC,Cutter,19.8,-23.4,3.6,15,13.2,3.7,3.2,0.5,15,,,FC
2026,"Black, Mason",696131,Royals,KC,R,90.5,43,556,3.756756756756757,0.0773381294964028,FC,Cutter,25.6,-25.4,-0.2,-1,7.8,4.1,1.6,-5.7,-347,0.4893617021276595,0.0053191489361702,FC
2026,"Treinen, Blake",595014,Dodgers,LAD,R,91.2,42,420,2.857142857142857,0.1,FC,Cutter,23.5,-24.3,0.8,3,9.2,0.5,1.8,-1.3,-72,,,FC
2026,"Bellozo, Valente",678368,Rockies,COL,R,86.1,40,170,1.1564625850340136,0.2352941176470588,FC,Cutter,26.3,-29.6,3.3,11,10.0,0.5,2.8,-2.3,-83,,,FC
2026,"Allard, Kolby",663465,Guardians,CLE,L,83.0,40,177,1.195945945945946,0.2259887005649717,FC,Cutter,35.2,-33.3,-1.9,-6,4.4,5.5,2.8,2.7,96,,,FC
2026,"Strowd, Kade",669704,D-backs,AZ,R,90.9,40,59,0.3986486486486486,0.6779661016949152,FC,Cutter,27.6,-24.8,-2.9,-12,5.5,4.0,1.9,2.1,111,,,FC
2026,"Winquest, Cade",685464,Cardinals,STL,R,92.2,39,113,0.7635135135135135,0.3451327433628318,FC,Cutter,25.6,-23.8,-1.8,-8,6.1,3.1,0.8,2.3,271,,,FC
2026,"Vargas, Carlos",672841,Mariners,SEA,R,92.7,39,174,1.1756756756756757,0.2241379310344827,FC,Cutter,25.6,-23.0,-2.6,-11,6.0,2.1,1.9,0.2,11,,,FC
2026,"Foster, Cameron",671382,Orioles,BAL,R,89.9,38,189,1.277027027027027,0.201058201058201,FC,Cutter,26.0,-25.8,-0.2,-1,7.9,1.2,2.7,-1.5,-56,,,FC
2026,"Carrasco, Carlos",471911,Braves,ATL,R,89.5,38,246,1.662162162162162,0.1544715447154471,FC,Cutter,24.0,-26.4,2.4,9,9.8,0.5,2.5,-2.0,-78,,,FC
2026,"Phillips, Evan",623465,Dodgers,LAD,R,92.5,37,357,2.4285714285714284,0.103641456582633,FC,Cutter,25.5,-23.5,-2.0,-9,6.2,1.2,1.3,-0.2,-13,,,FC
2026,"Beeks, Jalen",656222,Rangers,TEX,L,81.3,37,407,2.75,0.0909090909090909,FC,Cutter,42.1,-37.5,-4.6,-12,-0.8,2.2,3.8,-1.6,-42,,,FC
2026,"Cornelio, Riley",683000,Nationals,WSH,R,90.0,36,493,3.3087248322147653,0.0730223123732251,FC,Cutter,24.2,-25.8,1.5,6,9.2,0.6,2.4,-1.9,-76,0.7712765957446809,0.1223404255319148,FC
2026,"Ragans, Cole",666142,Royals,KC,L,89.7,36,638,4.3108108108108105,0.0564263322884012,FC,Cutter,26.0,-26.0,0.0,0,7.8,1.4,2.4,-3.8,-156,0.5212765957446809,0.0319148936170212,FC
2026,"Gordon, Tanner",685299,Rockies,COL,R,89.6,35,1423,9.680272108843536,0.0245959241040056,FC,Cutter,24.9,-26.1,1.1,4,8.5,1.0,2.5,-3.5,-141,,,FC
2026,"Van Eyk, CJ",669310,Blue Jays,TOR,R,89.0,34,141,0.9527027027027029,0.2411347517730496,FC,Cutter,27.7,-26.7,-1.0,-4,6.7,1.9,2.0,-0.1,-7,,,FC
2026,"Waldrep, Hurston",694462,Braves,ATL,R,91.3,34,215,1.4527027027027026,0.1581395348837209,FC,Cutter,23.8,-24.5,0.7,3,8.6,0.6,2.3,-1.7,-73,,,FC
2026,"Bummer, Aaron",607481,Royals,KC,L,87.7,33,328,2.216216216216216,0.1006097560975609,FC,Cutter,26.9,-28.0,1.1,4,8.3,1.0,1.7,-2.6,-159,,,FC
2026,"Burgos, Raymond",670103,Red Sox,BOS,L,86.0,33,213,1.4391891891891893,0.1549295774647887,FC,Cutter,29.7,-29.5,-0.2,-1,7.0,0.2,2.3,-2.1,-92,,,FC
2026,"Olds, Wyatt",681544,Red Sox,BOS,R,90.2,33,222,1.5,0.1486486486486486,FC,Cutter,27.2,-25.5,-1.6,-6,6.3,1.3,1.9,-0.6,-33,,,FC
2026,"Burnes, Corbin",669203,D-backs,AZ,R,92.7,32,57,0.3851351351351351,0.5614035087719298,FC,Cutter,19.6,-23.1,3.5,15,12.1,1.4,1.6,-0.3,-16,,,FC
2026,"Palmquist, Carson",687223,Nationals,WSH,L,82.0,31,313,2.100671140939597,0.0990415335463258,FC,Cutter,35.7,-33.9,-1.7,-5,4.9,2.5,2.2,0.3,14,,,FC
2026,"Fisher, Braydon",680755,Blue Jays,TOR,R,92.6,31,1182,7.986486486486487,0.0262267343485617,FC,Cutter,20.4,-22.4,2.0,9,11.5,0.9,1.0,-1.9,-189,,,FC
2026,"Stewart, Brock",592779,Dodgers,LAD,R,92.2,30,321,2.183673469387755,0.0934579439252336,FC,Cutter,24.6,-23.7,-0.8,-3,7.4,1.9,1.0,0.8,81,,,FC
2026,"Brazobán, Huascar",623211,White Sox,CWS,R,91.1,29,981,6.673469387755102,0.0295616717635066,FC,Cutter,24.2,-24.4,0.2,1,8.6,3.8,1.5,-5.4,-352,,,FC
2026,"Enns, Dietrich",608650,Orioles,BAL,L,86.0,29,291,1.966216216216216,0.0996563573883161,FC,Cutter,34.2,-30.0,-4.2,-14,2.8,3.1,3.5,-0.4,-10,,,FC
2026,"Irvin, Cole",608344,Dodgers,LAD,L,85.0,29,102,0.6938775510204082,0.284313725490196,FC,Cutter,32.7,-31.5,-1.2,-4,5.1,1.2,3.3,-2.1,-64,,,FC
2026,"Shuster, Jared",694363,Cardinals,STL,L,88.6,28,166,1.1216216216216215,0.1686746987951807,FC,Cutter,25.0,-27.2,2.2,8,9.5,0.4,2.3,-2.8,-118,,,FC
2026,"Cerantola, Eric",672021,Royals,KC,R,90.3,28,122,0.8243243243243243,0.2295081967213114,FC,Cutter,22.8,-25.3,2.5,10,10.5,0.3,2.8,-2.5,-88,,,FC
2026,"McGee, Easton",668834,Royals,KC,R,87.3,28,167,1.1283783783783785,0.1676646706586826,FC,Cutter,28.1,-28.5,0.4,1,7.4,2.7,2.4,0.4,15,,,FC
2026,"France, J.P.",641585,Astros,HOU,R,87.2,27,117,0.7905405405405406,0.2307692307692307,FC,Cutter,28.9,-28.5,-0.4,-1,6.9,4.9,2.4,2.5,107,,,FC
2026,"Waldichuk, Ken",686610,Nationals,WSH,L,87.6,27,149,1.0,0.1812080536912751,FC,Cutter,28.0,-28.4,0.4,1,7.5,2.9,2.8,0.0,1,,,FC
2026,"Brogdon, Connor",641401,Guardians,CLE,R,87.1,27,267,1.804054054054054,0.1011235955056179,FC,Cutter,27.9,-29.0,1.2,4,8.4,4.3,3.0,1.4,46,,,FC
2026,"Lazar, Max",676661,Phillies,PHI,R,87.7,26,128,0.8648648648648649,0.203125,FC,Cutter,31.5,-28.2,-3.2,-11,3.7,4.1,3.1,1.0,32,,,FC
2026,"Ferguson, Tyler",621053,Cubs,CHC,R,87.3,26,293,1.9797297297297296,0.0887372013651877,FC,Cutter,35.2,-28.3,-6.9,-24,0.4,4.5,2.7,1.8,66,,,FC
2026,"Kempner, William",687531,Marlins,MIA,R,87.3,25,199,1.3445945945945943,0.1256281407035175,FC,Cutter,30.5,-28.7,-1.7,-6,5.3,1.6,0.1,1.5,2014,,,FC
2026,"Pannone, Thomas",623381,Brewers,MIL,L,88.0,25,56,0.3783783783783784,0.4464285714285714,FC,Cutter,22.7,-27.6,4.9,18,12.2,0.4,2.3,-1.9,-83,,,FC
2026,"Sale, Chris",519242,Braves,ATL,L,79.7,987,2477,16.736486486486488,0.398465886152604,SL,Slider,47.5,-44.2,3.3,8,-4.2,12.5,9.6,2.9,31,0.8650519031141869,0.903114186851211,SL
2026,"Burns, Chase",695505,Reds,CIN,R,90.2,947,2446,16.639455782312925,0.3871627146361406,SL,Slider,33.3,-31.2,2.1,7,0.3,3.2,2.8,0.4,14,0.7439446366782007,0.5951557093425606,SL
2026,"Detmers, Reid",672282,Angels,LAA,L,86.0,887,2695,18.33333333333333,0.3291280148423005,SL,Slider,40.9,-35.7,5.2,15,-3.9,3.5,3.9,-0.4,-9,0.9550173010380624,0.4394463667820069,SL
2026,"deGrom, Jacob",594798,Rangers,TEX,R,91.3,883,2472,16.7027027027027,0.3572006472491909,SL,Slider,29.5,-29.9,-0.4,-1,3.2,4.6,3.1,1.5,50,0.4740484429065744,0.7612456747404844,SL
2026,"Rocker, Kumar",677958,Rangers,TEX,R,83.1,872,2281,15.41216216216216,0.3822884699693117,SL,Slider,43.5,-38.7,4.8,12,-4.0,0.8,4.2,-3.4,-81,0.9273356401384084,0.0761245674740484,SL
2026,"Cease, Dylan",656302,Blue Jays,TOR,R,88.8,827,2727,18.42567567567568,0.3032636596993032,SL,Slider,31.1,-32.6,-1.6,-5,3.6,1.3,3.5,-2.2,-62,0.314878892733564,0.1799307958477508,SL
2026,"Holmes, Grant",656550,Braves,ATL,R,85.3,796,2170,14.66216216216216,0.3668202764976958,SL,Slider,40.3,-36.5,3.8,10,-2.9,1.9,3.7,-1.8,-49,0.8996539792387543,0.231833910034602,SL
2026,"Okert, Steven",595345,Astros,HOU,L,80.9,702,1050,7.094594594594595,0.6685714285714286,SL,Slider,34.5,-40.3,-5.8,-14,7.2,7.7,5.4,2.3,42,0.0207612456747404,0.8442906574394463,SL
2026,"Pallante, Andre",669467,Cardinals,STL,R,87.7,694,2363,15.966216216216216,0.2936944561997461,SL,Slider,34.4,-33.8,0.6,2,0.9,4.7,3.9,0.8,19,0.615916955017301,0.6505190311418685,SL
2026,"Singer, Brady",663903,Reds,CIN,R,82.7,690,2547,17.3265306122449,0.270906949352179,SL,Slider,41.0,-39.5,1.5,4,-1.1,4.7,6.2,-1.5,-25,0.6955017301038062,0.2768166089965398,SL
2026,"Gilbert, Logan",669302,Mariners,SEA,R,86.8,685,2745,18.5472972972973,0.2495446265938069,SL,Slider,38.1,-35.7,2.3,7,-1.9,1.0,3.1,-2.1,-67,0.7612456747404844,0.1903114186851211,SL
2026,"Lopez, Jacob",682052,Athletics,ATH,L,76.2,678,1984,13.405405405405403,0.3417338709677419,SL,Slider,44.6,-46.0,-1.5,-3,2.7,10.2,10.8,-0.6,-6,0.3252595155709342,0.4048442906574394,SL
2026,"Liberatore, Matthew",669461,Cardinals,STL,L,86.1,650,2448,16.54054054054054,0.2655228758169934,SL,Slider,36.3,-35.4,0.9,3,0.2,4.1,3.7,0.4,11,0.657439446366782,0.5951557093425606,SL
2026,"Imai, Tatsuya",837227,Astros,HOU,R,86.6,638,1399,9.452702702702704,0.4560400285918513,SL,Slider,35.8,-35.4,0.4,1,1.0,4.2,2.9,-7.1,-243,0.5986159169550173,0.0,SL
2026,"Bradish, Kyle",680694,Orioles,BAL,R,87.4,626,2573,17.385135135135137,0.2432957636999611,SL,Slider,36.0,-34.1,1.9,5,0.0,12.6,3.7,8.9,238,0.7335640138408305,0.9965397923875432,SL
2026,"Ray, Robbie",592662,Padres,SD,L,86.0,619,2682,18.244897959183675,0.2307979120059657,SL,Slider,30.4,-35.7,-5.3,-15,6.4,1.3,3.8,-2.5,-67,0.0380622837370242,0.1487889273356401,SL
2026,"Fisher, Braydon",680755,Blue Jays,TOR,R,88.1,576,1182,7.986486486486487,0.4873096446700508,SL,Slider,30.6,-32.6,-1.9,-6,4.5,0.8,2.2,-1.5,-65,0.2664359861591695,0.2768166089965398,SL
2026,"Wrobleski, Justin",680736,Dodgers,LAD,L,86.5,568,2009,13.666666666666666,0.282727725236436,SL,Slider,36.3,-35.5,0.8,2,0.1,3.5,2.0,1.5,76,0.6401384083044983,0.7612456747404844,SL
2026,"Castillo, Luis",622491,White Sox,CWS,R,85.6,564,2273,15.462585034013603,0.2481302243730752,SL,Slider,35.5,-35.6,-0.1,0,1.6,0.7,1.9,-1.3,-65,0.5294117647058824,0.3079584775086505,SL
2026,"Littell, Zack",641793,D-backs,AZ,R,88.2,559,1975,13.344594594594597,0.2830379746835443,SL,Slider,24.6,-33.2,-8.7,-26,10.2,1.5,3.3,-1.9,-56,0.0069204152249134,0.2179930795847751,SL
2026,"Prielipp, Connor",687570,Twins,MIN,L,87.8,555,1821,12.387755102040815,0.3047775947281713,SL,Slider,34.1,-33.9,0.3,1,1.2,2.9,2.8,0.1,3,0.5951557093425606,0.5259515570934256,SL
2026,"Lowder, Rhett",695076,Reds,CIN,R,85.1,550,2066,14.054421768707485,0.2662149080348499,SL,Slider,38.8,-36.7,2.1,6,-1.1,2.4,3.9,-1.5,-38,0.7439446366782007,0.2768166089965398,SL
2026,"Kinley, Tyler",641755,Tigers,DET,R,87.1,544,817,5.557823129251701,0.6658506731946144,SL,Slider,32.8,-34.0,-1.2,-4,3.0,1.9,2.7,-0.8,-31,0.356401384083045,0.3737024221453287,SL
2026,"Sánchez, Cristopher",650911,Phillies,PHI,L,86.3,537,2862,19.33783783783784,0.1876310272536687,SL,Slider,40.6,-35.6,5.0,14,-3.7,1.3,4.0,-2.7,-67,0.9307958477508652,0.1176470588235294,SL
2026,"Ashcraft, Braxton",677952,Pirates,PIT,R,91.8,536,2413,16.304054054054053,0.2221301284707832,SL,Slider,27.8,-29.8,-2.0,-7,4.4,1.0,2.2,-1.2,-55,0.2629757785467128,0.3217993079584775,SL
2026,"Springs, Jeffrey",605488,Athletics,ATH,L,84.2,531,2314,15.635135135135137,0.2294727744165946,SL,Slider,36.3,-37.7,-1.3,-4,2.1,4.0,4.0,0.0,1,0.3494809688581315,0.5051903114186851,SL
2026,"Fermin, José",820862,Angels,LAA,R,90.5,530,919,6.2517006802721085,0.5767138193688792,SL,Slider,31.3,-30.9,0.5,2,2.1,1.4,2.2,-3.6,-163,0.6089965397923875,0.0588235294117647,SL
2026,"Sheehan, Emmet",686218,Dodgers,LAD,R,86.6,528,1780,12.108843537414966,0.2966292134831461,SL,Slider,33.5,-35.0,-1.5,-4,2.8,2.4,4.2,-1.8,-42,0.3252595155709342,0.231833910034602,SL
2026,"Lee, Dylan",669276,Braves,ATL,L,82.9,518,991,6.695945945945946,0.5227043390514632,SL,Slider,36.3,-38.9,-2.6,-7,3.4,1.6,3.6,-2.0,-55,0.1903114186851211,0.2006920415224913,SL
2026,"Mize, Casey",663554,Padres,SD,R,87.5,516,1863,12.673469387755102,0.2769726247987117,SL,Slider,30.6,-34.1,-3.5,-10,5.0,3.6,4.0,-0.4,-10,0.1211072664359861,0.4394463667820069,SL
2026,"Miller, Mason",695243,Padres,SD,R,88.0,515,1026,6.979591836734694,0.5019493177387915,SL,Slider,39.6,-33.7,5.9,18,-4.1,10.0,4.0,6.1,151,0.9688581314878892,0.9792387543252596,SL
2026,"Elder, Bryce",693821,Braves,ATL,R,83.1,502,2245,15.16891891891892,0.2236080178173719,SL,Slider,42.7,-38.7,4.1,11,-3.3,3.3,3.9,-0.6,-16,0.9134948096885812,0.4048442906574394,SL
2026,"Chandler, Bubba",696149,Pirates,PIT,R,91.0,493,2428,16.405405405405407,0.2030477759472817,SL,Slider,29.1,-30.1,-1.0,-3,3.8,1.4,3.2,-1.8,-55,0.3910034602076124,0.231833910034602,SL
2026,"Peterson, David",656849,Cubs,CHC,L,86.3,493,2217,14.97972972972973,0.2223725755525485,SL,Slider,33.9,-35.5,-1.7,-5,2.6,2.6,3.9,-1.3,-34,0.3044982698961938,0.3079584775086505,SL
2026,"Jones, Jared",683003,Pirates,PIT,R,89.7,491,1402,9.472972972972974,0.3502139800285306,SL,Slider,32.4,-31.7,0.7,2,1.3,2.8,3.5,-0.6,-18,0.629757785467128,0.4048442906574394,SL
2026,"Hoffman, Jeff",656546,Twins,MIN,R,86.6,491,1118,7.605442176870748,0.4391771019677996,SL,Slider,37.5,-35.1,2.3,7,-1.2,3.3,3.9,-0.6,-16,0.7612456747404844,0.4048442906574394,SL
2026,"Ginkel, Kevin",656464,D-backs,AZ,R,85.6,476,988,6.675675675675675,0.4817813765182186,SL,Slider,39.9,-36.3,3.6,10,-2.7,4.2,3.7,0.5,14,0.8823529411764706,0.6193771626297578,SL
2026,"Meyer, Max",676974,Marlins,MIA,R,90.1,466,1789,12.08783783783784,0.2604807154835103,SL,Slider,35.3,-31.4,4.0,13,-1.6,0.9,2.6,-1.7,-64,0.903114186851211,0.2525951557093425,SL
2026,"Abreu, Bryan",650556,Astros,HOU,R,86.5,460,1034,6.986486486486487,0.4448742746615087,SL,Slider,42.1,-35.2,6.9,20,-5.3,6.6,3.9,2.7,70,0.9757785467128028,0.8858131487889274,SL
2026,"Scott, Tanner",656945,Dodgers,LAD,L,89.3,457,871,5.925170068027211,0.5246842709529277,SL,Slider,32.1,-32.4,-0.3,-1,1.9,6.0,3.3,2.7,83,0.5017301038062284,0.8858131487889274,SL
2026,"Burke, Sean",680732,White Sox,CWS,R,86.5,442,2598,17.6734693877551,0.170130869899923,SL,Slider,33.0,-35.2,-2.2,-6,3.4,5.5,4.0,1.5,38,0.2422145328719723,0.7612456747404844,SL
2026,"Sasaki, Roki",808963,Dodgers,LAD,R,86.6,442,2052,13.959183673469388,0.2153996101364522,SL,Slider,38.1,-35.5,2.6,7,-1.7,1.3,3.8,-2.4,-64,0.7854671280276817,0.1660899653979238,SL
2026,"Gaddis, Hunter",683769,Guardians,CLE,R,89.6,438,861,5.817567567567568,0.5087108013937283,SL,Slider,29.2,-32.0,-2.7,-9,4.8,6.0,3.9,2.1,54,0.1764705882352941,0.8304498269896193,SL
2026,"Feltner, Ryan",663372,Rockies,COL,R,89.1,426,1863,12.673469387755102,0.2286634460547504,SL,Slider,28.4,-32.3,-3.9,-12,5.6,4.6,3.7,1.0,27,0.1072664359861591,0.6782006920415224,SL
2026,"Mikolas, Miles",571945,Nationals,WSH,R,87.9,424,1826,12.25503355704698,0.2322015334063527,SL,Slider,28.8,-33.2,-4.4,-13,6.4,2.7,3.0,-0.4,-12,0.0795847750865051,0.4394463667820069,SL
2026,"Matthews, Zebby",805673,Twins,MIN,R,87.2,423,1920,13.06122448979592,0.2203125,SL,Slider,33.0,-34.5,-1.5,-4,2.8,3.4,3.7,-0.3,-9,0.3252595155709342,0.4532871972318339,SL
2026,"Montero, Keider",672456,Tigers,DET,R,86.0,412,2157,14.673469387755102,0.1910060268891979,SL,Slider,35.0,-35.8,-0.8,-2,2.0,6.2,3.8,2.4,62,0.4325259515570934,0.8512110726643599,SL
2026,"López, Reynaldo",625643,Braves,ATL,R,84.3,410,1306,8.824324324324325,0.3139356814701378,SL,Slider,38.0,-37.4,0.7,2,0.4,5.3,4.5,0.8,19,0.629757785467128,0.6505190311418685,SL
2026,"Beeter, Clayton",690925,Nationals,WSH,R,86.2,402,796,5.342281879194631,0.5050251256281407,SL,Slider,42.5,-35.5,6.9,20,-5.9,3.5,3.5,0.0,0,0.9757785467128028,0.5051903114186851,SL
2026,"Flaherty, Jack",656427,Tigers,DET,R,85.0,397,1639,11.149659863945578,0.2422208663819402,SL,Slider,34.4,-36.7,-2.3,-6,3.4,5.8,4.5,1.3,29,0.2145328719723183,0.71280276816609,SL
2026,"Muñoz, Andrés",662253,Mariners,SEA,R,87.1,393,903,6.101351351351352,0.4352159468438538,SL,Slider,36.9,-34.3,2.6,8,-1.0,6.4,4.1,2.4,58,0.7854671280276817,0.8512110726643599,SL
2026,"Pérez, Eury",691587,Marlins,MIA,R,88.4,391,2361,15.952702702702704,0.1656077933079203,SL,Slider,30.0,-33.1,-3.1,-9,5.1,1.3,3.8,-2.5,-65,0.1487889273356401,0.1487889273356401,SL
2026,"Nance, Tommy",667297,Twins,MIN,R,89.1,390,890,6.054421768707483,0.4382022471910112,SL,Slider,31.7,-32.2,-0.5,-2,2.4,0.4,3.1,-2.7,-88,0.4636678200692041,0.1176470588235294,SL
2026,"Drohan, Shane",675660,Brewers,MIL,L,86.4,387,1839,12.425675675675675,0.2104404567699836,SL,Slider,36.5,-35.5,1.0,3,-0.1,3.6,3.6,0.0,0,0.6608996539792388,0.5051903114186851,SL
2026,"Corbin, Patrick",571578,Blue Jays,TOR,L,79.0,387,1412,9.54054054054054,0.2740793201133144,SL,Slider,44.9,-43.2,1.7,4,-0.9,3.1,5.1,-2.0,-40,0.7024221453287197,0.2006920415224913,SL
2026,"Bachman, Sam",696147,Angels,LAA,R,88.5,387,761,5.17687074829932,0.5085413929040736,SL,Slider,36.2,-33.3,2.8,9,-1.3,2.2,3.1,-1.0,-30,0.8096885813148789,0.3391003460207612,SL
2026,"Jump, Gage",695611,Athletics,ATH,L,87.2,385,1712,11.567567567567568,0.2248831775700934,SL,Slider,33.9,-34.5,-0.6,-2,1.8,5.1,3.8,1.3,34,0.4532871972318339,0.71280276816609,SL
2026,"Yesavage, Trey",702056,Blue Jays,TOR,R,87.6,381,1549,10.466216216216216,0.2459651387992253,SL,Slider,30.3,-31.3,-1.0,-3,5.2,3.4,0.8,-4.2,-542,0.3910034602076124,0.0207612456747404,SL
2026,"Gallen, Zac",668678,D-backs,AZ,R,88.8,378,1704,11.513513513513514,0.2218309859154929,SL,Slider,30.3,-32.7,-2.4,-7,4.4,4.5,3.8,0.7,19,0.2041522491349481,0.643598615916955,SL
2026,"Miller, Erik",669062,Red Sox,BOS,L,85.7,363,870,5.878378378378378,0.4172413793103448,SL,Slider,38.2,-36.1,2.1,6,-0.7,4.1,3.8,0.3,7,0.7439446366782007,0.5709342560553633,SL
2026,"Headrick, Brent",687396,Yankees,NYY,L,84.3,361,1194,8.122448979591837,0.3023450586264656,SL,Slider,33.9,-37.6,-3.7,-10,4.7,2.8,3.7,-0.9,-24,0.1176470588235294,0.3494809688581315,SL
2026,"Leahy, Kyle",681517,Cardinals,STL,R,89.3,360,2191,14.804054054054054,0.1643085349155636,SL,Slider,30.3,-31.9,-1.6,-5,3.8,5.1,3.9,1.2,32,0.314878892733564,0.7024221453287197,SL
2026,"Junk, Janson",676083,Marlins,MIA,R,86.2,359,1761,11.89864864864865,0.2038614423622941,SL,Slider,35.1,-35.5,-0.4,-1,1.6,5.9,3.9,2.0,52,0.4740484429065744,0.8062283737024222,SL
2026,"Woo, Bryan",693433,Mariners,SEA,R,87.1,353,2395,16.18243243243243,0.1473903966597077,SL,Slider,34.2,-34.5,-0.3,-1,1.7,2.4,4.0,-1.6,-39,0.5017301038062284,0.2629757785467128,SL
2026,"Young, Brandon",687064,Orioles,BAL,R,84.4,347,2258,15.256756756756756,0.1536758193091231,SL,Slider,35.2,-37.5,-2.3,-6,3.2,2.2,4.0,-1.8,-46,0.2145328719723183,0.231833910034602,SL
2026,"Dreyer, Jack",676263,Dodgers,LAD,L,88.7,344,925,6.292517006802721,0.3718918918918918,SL,Slider,30.9,-32.8,-1.9,-6,3.7,2.9,3.7,-0.8,-21,0.2664359861591695,0.3737024221453287,SL
2026,"Painter, Andrew",691725,Phillies,PHI,R,88.0,342,1861,12.574324324324325,0.183772165502418,SL,Slider,31.3,-33.6,-2.3,-7,4.0,6.5,3.9,2.5,65,0.2145328719723183,0.8650519031141869,SL
2026,"Alvarez, Andrew",674841,Nationals,WSH,L,84.2,338,1567,10.516778523489933,0.2156987874920229,SL,Slider,40.4,-37.5,2.9,8,-2.1,1.5,3.7,-2.2,-58,0.8235294117647058,0.1799307958477508,SL
2026,"McClanahan, Shane",663556,Rays,TB,L,88.2,337,1830,12.448979591836734,0.1841530054644808,SL,Slider,33.2,-33.3,-0.2,0,1.9,3.0,3.9,-0.9,-22,0.5155709342560554,0.3494809688581315,SL
2026,"Ober, Bailey",641927,Twins,MIN,R,82.4,335,1881,12.79591836734694,0.1780967570441254,SL,Slider,33.4,-39.5,-6.1,-16,6.6,4.4,4.3,0.1,1,0.0173010380622837,0.5259515570934256,SL
2026,"Lange, Alex",656638,Royals,KC,R,87.9,332,1028,6.945945945945946,0.3229571984435798,SL,Slider,37.2,-33.7,3.5,10,-1.8,1.7,3.7,-5.5,-147,0.8719723183391004,0.0069204152249134,SL
2026,"Parker, Mitchell",680730,Nationals,WSH,L,83.2,331,663,4.449664429530201,0.4992458521870286,SL,Slider,39.3,-38.7,0.6,2,0.2,8.0,4.2,3.8,89,0.615916955017301,0.9377162629757786,SL
2026,"Cameron, Noah",702070,Royals,KC,L,85.2,331,2613,17.655405405405407,0.1266743207041714,SL,Slider,34.9,-36.6,-1.8,-5,2.8,3.1,3.8,-0.7,-18,0.2975778546712803,0.3840830449826989,SL
2026,"Canning, Griffin",656288,Padres,SD,R,87.8,329,1402,9.537414965986397,0.2346647646219686,SL,Slider,38.7,-34.1,4.7,14,-3.4,1.0,2.9,-1.9,-65,0.9238754325259516,0.2179930795847751,SL
2026,"Kittredge, Andrew",552640,Orioles,BAL,R,88.9,327,670,4.527027027027027,0.4880597014925373,SL,Slider,32.5,-32.5,0.0,0,1.9,5.7,3.7,2.0,54,0.5501730103806228,0.8062283737024222,SL
2026,"De Los Santos, Enyel",660853,Astros,HOU,R,86.5,327,1071,7.236486486486487,0.3053221288515406,SL,Slider,30.2,-35.2,-5.0,-14,6.4,0.7,4.0,-3.3,-82,0.0484429065743944,0.0795847750865051,SL
2026,"Cole, Gerrit",543037,Yankees,NYY,R,89.6,323,1651,11.231292517006803,0.1956390066626287,SL,Slider,31.3,-31.9,-0.6,-2,2.7,4.4,3.0,1.4,49,0.4532871972318339,0.7335640138408305,SL
2026,"Cleavinger, Garrett",664076,Rays,TB,L,87.4,323,734,4.993197278911564,0.4400544959128065,SL,Slider,33.9,-34.3,-0.4,-1,1.7,5.4,3.3,2.2,66,0.4740484429065744,0.8373702422145328,SL
2026,"Burke, Brock",656271,Reds,CIN,L,86.4,314,1116,7.591836734693878,0.2813620071684587,SL,Slider,32.2,-35.4,-3.2,-9,4.4,0.1,3.9,-4.0,-103,0.1349480968858131,0.0346020761245674,SL
2026,"Gordon, Tanner",685299,Rockies,COL,R,86.8,311,1423,9.680272108843536,0.218552354181307,SL,Slider,30.5,-34.8,-4.3,-12,5.5,1.0,3.5,-2.5,-73,0.0830449826989619,0.1487889273356401,SL
2026,"Uribe, Abner",682842,Brewers,MIL,R,87.7,308,819,5.533783783783784,0.376068376068376,SL,Slider,31.7,-33.9,-2.1,-6,4.0,10.6,3.8,6.8,176,0.245674740484429,0.986159169550173,SL
2026,"Rodón, Carlos",607074,Yankees,NYY,L,86.2,307,1240,8.435374149659864,0.2475806451612903,SL,Slider,38.0,-35.5,2.4,7,-1.2,5.5,3.6,2.0,56,0.7750865051903114,0.8062283737024222,SL
2026,"Bachar, Lake",669199,Pirates,PIT,R,89.8,304,1305,8.817567567567568,0.2329501915708812,SL,Slider,30.4,-31.9,-1.4,-4,3.4,0.9,2.4,-1.5,-63,0.3391003460207612,0.2768166089965398,SL
2026,"Mayza, Tim",641835,Phillies,PHI,L,87.4,302,979,6.614864864864865,0.3084780388151175,SL,Slider,37.1,-34.5,2.6,7,-1.2,1.3,4.0,-2.7,-67,0.7854671280276817,0.1176470588235294,SL
2026,"Sousa, Bennett",656986,Astros,HOU,L,85.7,299,424,2.864864864864865,0.7051886792452831,SL,Slider,37.0,-35.9,1.1,3,0.3,4.5,3.8,0.7,19,,,SL
2026,"Santana, Dennis",642701,D-backs,AZ,R,85.4,297,846,5.716216216216216,0.351063829787234,SL,Slider,34.7,-36.4,-1.7,-5,2.7,1.7,3.8,-2.1,-56,0.3044982698961938,0.1903114186851211,SL
2026,"Matsui, Yuki",673513,Padres,SD,L,85.0,295,966,6.571428571428571,0.3053830227743271,SL,Slider,34.6,-37.0,-2.3,-6,3.1,4.3,3.6,0.8,21,0.2145328719723183,0.6505190311418685,SL
2026,"McDonald, Trevor",686790,Giants,SF,R,85.8,295,1137,7.682432432432432,0.2594547053649956,SL,Slider,41.1,-35.8,5.3,15,-4.0,10.0,4.6,5.4,118,0.9653979238754326,0.9688581314878892,SL
2026,"Ribalta, Orlando",687377,Nationals,WSH,R,86.7,292,750,5.033557046979865,0.3893333333333333,SL,Slider,32.7,-34.7,-1.9,-6,3.6,2.8,3.7,-0.9,-24,0.2664359861591695,0.3494809688581315,SL
2026,"Romano, Jordan",605447,Rockies,COL,R,84.1,292,531,3.612244897959184,0.5499058380414312,SL,Slider,42.6,-38.0,4.6,12,-4.2,2.7,3.7,-0.9,-26,0.9204152249134948,0.3494809688581315,SL
2026,"Davila, Nick",689546,Mariners,SEA,R,87.4,290,446,3.0135135135135136,0.6502242152466368,SL,Slider,40.7,-34.3,6.4,19,-5.0,0.7,3.3,-2.6,-80,0.972318339100346,0.1384083044982699,SL
2026,"Skubal, Tarik",669373,Dodgers,LAD,L,89.7,289,2105,14.319727891156464,0.13729216152019,SL,Slider,29.8,-31.7,-1.9,-6,4.0,3.2,3.2,-0.1,-2,0.2664359861591695,0.4775086505190311,SL
2026,"Soto, Gregory",642397,Pirates,PIT,L,83.5,288,1024,6.918918918918919,0.28125,SL,Slider,36.6,-38.2,-1.6,-4,2.8,4.9,4.6,0.3,6,0.314878892733564,0.5709342560553633,SL
2026,"Doval, Camilo",666808,Pirates,PIT,R,88.9,287,957,6.466216216216216,0.2998955067920585,SL,Slider,38.0,-32.8,5.1,16,-3.4,5.7,3.2,2.5,77,0.9480968858131488,0.8650519031141869,SL
2026,"Lambert, Peter",663567,Astros,HOU,R,85.6,286,2367,15.993243243243244,0.1208280523869877,SL,Slider,35.5,-36.2,-0.7,-2,1.7,3.2,3.8,-0.6,-15,0.4429065743944637,0.4048442906574394,SL
2026,"Vesia, Alex",681911,Dodgers,LAD,L,84.4,286,910,6.190476190476191,0.3142857142857143,SL,Slider,34.9,-37.5,-2.6,-7,3.3,5.8,3.9,1.9,50,0.1903114186851211,0.7993079584775087,SL
2026,"Clarke, Taylor",664199,D-backs,AZ,R,88.5,281,941,6.358108108108108,0.2986184909670563,SL,Slider,30.6,-33.0,-2.4,-7,4.2,4.8,3.3,1.5,46,0.2041522491349481,0.7612456747404844,SL
2026,"Suarez, José",660761,Athletics,ATH,L,81.7,280,1068,7.216216216216216,0.2621722846441947,SL,Slider,42.1,-39.6,2.4,6,-1.4,5.9,5.5,0.4,7,0.7750865051903114,0.5951557093425606,SL
2026,"Avila, Luinder",679883,Royals,KC,R,88.1,280,1293,8.736486486486486,0.2165506573859242,SL,Slider,36.2,-33.5,2.7,8,-1.1,6.5,3.9,2.6,68,0.7958477508650519,0.8754325259515571,SL
2026,"Ginn, J.T.",669372,Athletics,ATH,R,85.9,280,2185,14.763513513513514,0.1281464530892448,SL,Slider,39.4,-35.7,3.7,10,-2.2,6.1,4.3,1.8,42,0.889273356401384,0.7923875432525952,SL
2026,"Misiorowski, Jacob",694819,Brewers,MIL,R,91.9,279,2453,16.574324324324323,0.1137382796575621,SL,Slider,30.4,-29.3,1.1,4,1.9,3.5,3.3,0.2,6,0.6643598615916955,0.5467128027681661,SL
2026,"Martin, Davis",663436,White Sox,CWS,R,87.1,278,2151,14.63265306122449,0.1292422129242213,SL,Slider,34.7,-34.6,0.1,0,1.2,4.9,3.7,1.1,31,0.5709342560553633,0.6920415224913494,SL
2026,"Gore, MacKenzie",669022,Rangers,TEX,L,85.6,277,2791,18.85810810810811,0.0992475815120028,SL,Slider,34.7,-35.9,-1.3,-4,2.9,4.6,4.3,0.3,7,0.3494809688581315,0.5709342560553633,SL
2026,"Melton, Troy",675512,Tigers,DET,R,86.8,276,1614,10.979591836734691,0.1710037174721189,SL,Slider,36.4,-34.8,1.7,5,-0.3,6.8,4.1,2.7,67,0.7024221453287197,0.8858131487889274,SL
2026,"Lord, Brad",695418,Nationals,WSH,R,85.2,274,1363,9.14765100671141,0.2010271460014673,SL,Slider,39.4,-36.4,3.0,8,-1.9,1.7,2.0,-0.3,-13,0.8339100346020761,0.4532871972318339,SL
2026,"Petersen, Michael",656848,Marlins,MIA,R,87.5,266,987,6.668918918918919,0.2695035460992908,SL,Slider,37.1,-33.9,3.2,10,-1.3,1.2,3.5,-2.3,-67,0.8512110726643599,0.1730103806228373,SL
2026,"Weathers, Ryan",677960,Yankees,NYY,L,86.8,266,2280,15.510204081632653,0.1166666666666666,SL,Slider,35.1,-35.2,-0.1,0,1.1,3.8,2.9,0.9,29,0.5294117647058824,0.671280276816609,SL
2026,"Brubaker, JT",664141,Giants,SF,R,87.1,264,1000,6.756756756756757,0.264,SL,Slider,33.4,-34.2,-0.9,-3,2.5,0.1,3.0,-2.9,-97,0.4256055363321799,0.1072664359861591,SL
2026,"Herget, Jimmy",623474,Rockies,COL,R,85.8,263,829,5.639455782312925,0.3172496984318456,SL,Slider,29.7,-35.0,-5.4,-15,7.1,0.5,1.4,-0.9,-66,0.0346020761245674,0.3494809688581315,SL
2026,"Fuentes, Didier",800311,Braves,ATL,R,85.5,263,1110,7.5,0.2369369369369369,SL,Slider,36.1,-36.3,-0.2,0,1.2,5.5,5.0,0.5,10,0.5155709342560554,0.6193771626297578,SL
2026,"Hoppe, Alex",695380,Orioles,BAL,R,88.6,261,688,4.648648648648648,0.3793604651162791,SL,Slider,37.8,-32.8,5.0,15,-3.3,4.0,3.7,0.4,10,0.9307958477508652,0.5951557093425606,SL
2026,"Vodnik, Victor",680767,Marlins,MIA,R,88.9,261,897,6.0608108108108105,0.2909698996655518,SL,Slider,36.0,-32.5,3.6,11,-1.6,2.3,3.8,-1.5,-40,0.8823529411764706,0.2768166089965398,SL
2026,"Boyd, Matthew",571510,Cubs,CHC,L,83.0,260,1708,11.54054054054054,0.1522248243559719,SL,Slider,38.1,-39.1,-1.0,-3,1.6,1.2,6.2,-5.1,-81,0.3910034602076124,0.0103806228373702,SL
2026,"Nelson, Ryne",669194,D-backs,AZ,R,88.7,259,1292,8.72972972972973,0.2004643962848297,SL,Slider,30.9,-32.8,-1.9,-6,3.8,3.9,3.7,0.1,4,0.2664359861591695,0.5259515570934256,SL
2026,"Burrows, Mike",681347,Astros,HOU,R,89.5,258,1567,10.58783783783784,0.1646458200382897,SL,Slider,26.9,-31.9,-5.1,-16,7.2,3.7,3.2,0.5,14,0.0449826989619377,0.6193771626297578,SL
2026,"Woods Richardson, Simeon",680573,Blue Jays,TOR,R,86.0,257,1161,7.844594594594595,0.2213608957795004,SL,Slider,31.0,-35.8,-4.8,-13,6.0,4.0,3.8,0.2,4,0.0622837370242214,0.5467128027681661,SL
2026,"Leiter, Jack",683004,Rangers,TEX,R,86.5,255,1397,9.43918918918919,0.1825340014316392,SL,Slider,37.2,-35.1,2.1,6,-0.9,3.3,4.0,-0.7,-18,0.7439446366782007,0.3840830449826989,SL
2026,"Lugo, Seth",607625,Royals,KC,R,84.2,253,2710,18.31081081081081,0.0933579335793357,SL,Slider,37.5,-37.7,-0.2,-1,0.9,5.0,3.9,1.1,28,0.5155709342560554,0.6920415224913494,SL
2026,"Soriano, George",666277,Cardinals,STL,R,88.6,251,1067,7.20945945945946,0.2352389878163074,SL,Slider,32.2,-33.0,-0.8,-2,2.5,0.2,3.6,-3.9,-106,0.4325259515570934,0.0380622837370242,SL
2026,"Banda, Anthony",607455,Twins,MIN,L,84.5,249,608,4.136054421768708,0.4095394736842105,SL,Slider,40.4,-37.2,3.2,9,-1.7,9.1,4.6,4.5,97,0.8512110726643599,0.9515570934256056,SL
2026,"Eisert, Brandon",685126,Pirates,PIT,L,83.9,249,704,4.756756756756757,0.3536931818181818,SL,Slider,37.1,-38.2,-1.1,-3,1.8,5.4,5.4,0.0,0,0.3840830449826989,0.5051903114186851,SL
2026,"Gausman, Kevin",592332,Cubs,CHC,R,84.0,248,2808,18.97297297297297,0.0883190883190883,SL,Slider,35.4,-37.7,-2.3,-6,3.4,1.1,4.4,-3.3,-76,0.2145328719723183,0.0795847750865051,SL
2026,"Kelly, Merrill",518876,D-backs,AZ,R,86.3,247,2448,16.54054054054054,0.1008986928104575,SL,Slider,32.7,-35.6,-2.9,-8,3.8,1.8,3.7,-1.9,-52,0.1591695501730103,0.2179930795847751,SL
2026,"Cornelio, Riley",683000,Nationals,WSH,R,84.6,246,493,3.3087248322147653,0.4989858012170385,SL,Slider,36.1,-37.2,-1.1,-3,2.1,0.9,4.1,-3.2,-79,0.3840830449826989,0.0934256055363321,SL
2026,"Buehler, Walker",621111,Padres,SD,R,87.1,239,2352,16.0,0.1016156462585034,SL,Slider,33.1,-34.5,-1.4,-4,2.7,8.3,4.0,4.3,107,0.3391003460207612,0.9480968858131488,SL
2026,"Rea, Colin",607067,Cubs,CHC,R,86.2,239,2185,14.763513513513514,0.1093821510297482,SL,Slider,37.3,-35.4,1.9,5,-0.5,3.3,4.2,-0.9,-21,0.7335640138408305,0.3494809688581315,SL
2026,"Gage, Matt",657424,Giants,SF,L,84.3,236,526,3.554054054054054,0.4486692015209125,SL,Slider,37.2,-37.5,-0.3,-1,1.1,4.0,3.7,0.3,8,0.5017301038062284,0.5709342560553633,SL
2026,"Wacha, Michael",608379,Royals,KC,R,84.9,235,2726,18.41891891891892,0.0862068965517241,SL,Slider,34.1,-37.0,-2.8,-8,3.6,3.0,3.7,-0.6,-17,0.1730103806228373,0.4048442906574394,SL
2026,"Erceg, Lucas",668674,Royals,KC,R,84.6,234,824,5.567567567567568,0.2839805825242718,SL,Slider,40.4,-37.2,3.2,9,-2.3,1.1,4.0,-3.0,-74,0.8512110726643599,0.1003460207612456,SL
2026,"Ashcraft, Graham",668933,Reds,CIN,R,90.5,233,488,3.3197278911564627,0.4774590163934426,SL,Slider,34.0,-31.1,2.9,9,-0.6,8.0,2.0,6.0,304,0.8235294117647058,0.9757785467128028,SL
2026,"Stanek, Ryne",592773,Cardinals,STL,R,88.6,230,1008,6.8108108108108105,0.2281746031746031,SL,Slider,34.2,-32.7,1.5,5,0.6,3.1,3.2,-0.1,-2,0.6955017301038062,0.4775086505190311,SL
2026,"Varland, Gus",681402,Nationals,WSH,R,87.6,224,565,3.791946308724832,0.3964601769911504,SL,Slider,34.0,-34.0,0.0,0,1.7,1.5,4.0,-2.5,-63,0.5501730103806228,0.1487889273356401,SL
2026,"Kikuchi, Yusei",579328,Angels,LAA,L,87.4,224,925,6.292517006802721,0.2421621621621621,SL,Slider,34.2,-34.1,0.1,0,1.6,2.7,4.0,-1.3,-33,0.5709342560553633,0.3079584775086505,SL
2026,"Scholtens, Jesse",669947,Rays,TB,R,88.3,222,723,4.918367346938775,0.3070539419087137,SL,Slider,27.4,-33.2,-5.7,-17,7.6,4.1,3.9,0.2,5,0.0242214532871972,0.5467128027681661,SL
2026,"Rogers, Tyler",643511,Blue Jays,TOR,R,73.5,221,947,6.398648648648648,0.2333685322069693,SL,Slider,37.8,-37.8,0.0,0,13.6,12.0,12.0,0.0,0,0.5501730103806228,0.5051903114186851,SL
2026,"Herrin, Tim",682120,Guardians,CLE,L,87.2,219,864,5.837837837837838,0.2534722222222222,SL,Slider,33.6,-34.4,-0.8,-2,2.4,0.0,3.9,-3.9,-101,0.4325259515570934,0.0380622837370242,SL
2026,"Sandoval, Patrick",663776,Red Sox,BOS,L,86.9,219,947,6.398648648648648,0.2312565997888067,SL,Slider,31.6,-34.9,-3.2,-9,4.4,7.3,3.6,3.7,101,0.1349480968858131,0.9342560553633218,SL
2026,"Hader, Josh",623352,Astros,HOU,L,84.5,218,605,4.087837837837838,0.3603305785123967,SL,Slider,36.1,-37.3,-1.2,-3,2.6,0.7,4.5,-3.7,-84,0.356401384083045,0.0553633217993079,SL
2026,"Miles, Spencer",693686,Blue Jays,TOR,R,87.3,218,1349,9.114864864864863,0.1616011860637509,SL,Slider,36.7,-34.3,2.4,7,-0.8,3.9,4.0,-0.1,-3,0.7750865051903114,0.4775086505190311,SL
2026,"Thompson, Ryan",657044,D-backs,AZ,R,77.9,217,654,4.418918918918919,0.3318042813455658,SL,Slider,37.4,-37.5,-0.1,0,8.2,14.7,13.3,1.4,10,0.5294117647058824,0.7335640138408305,SL
2026,"Lynch IV, Daniel",663738,Royals,KC,L,87.3,214,1074,7.256756756756757,0.1992551210428305,SL,Slider,32.9,-34.3,-1.4,-4,2.9,2.6,3.6,-1.0,-28,0.3391003460207612,0.3391003460207612,SL
2026,"Henriquez, Edgardo",683618,Dodgers,LAD,R,87.5,211,946,6.435374149659864,0.2230443974630021,SL,Slider,35.2,-34.1,1.1,3,0.3,7.3,3.8,3.5,92,0.6643598615916955,0.9238754325259516,SL
2026,"Schweitzer, Tyler",805326,White Sox,CWS,L,88.2,211,566,3.8503401360544216,0.3727915194346289,SL,Slider,30.8,-33.3,-2.6,-8,4.3,3.9,3.5,0.3,9,0.1903114186851211,0.5709342560553633,SL
2026,"Macko, Adam",671936,Rangers,TEX,L,85.1,211,544,3.675675675675676,0.3878676470588235,SL,Slider,34.2,-36.7,-2.5,-7,3.4,3.7,3.6,0.1,2,0.2006920415224913,0.5259515570934256,SL
2026,"Sugano, Tomoyuki",608372,Rockies,COL,R,85.4,210,2272,15.45578231292517,0.0924295774647887,SL,Slider,37.2,-36.4,0.8,2,-0.1,3.6,3.9,-0.3,-7,0.6401384083044983,0.4532871972318339,SL
2026,"Adam, Jason",592094,Padres,SD,R,84.6,210,551,3.748299319727891,0.3811252268602541,SL,Slider,37.3,-37.2,0.2,0,0.7,0.3,3.8,-4.1,-108,0.5916955017301038,0.0242214532871972,SL
2026,"Scherzer, Max",453286,Blue Jays,TOR,R,85.5,207,1181,7.97972972972973,0.1752751905165114,SL,Slider,34.0,-36.2,-2.3,-6,3.5,3.7,4.0,-0.2,-6,0.2145328719723183,0.4671280276816609,SL
2026,"Mey, Luis",682825,Reds,CIN,R,85.4,207,559,3.802721088435374,0.370304114490161,SL,Slider,35.3,-36.3,-1.0,-3,2.3,12.9,4.3,8.6,202,0.3910034602076124,0.9930795847750864,SL
2026,"Alcantara, Sandy",645261,Marlins,MIA,R,85.1,203,3060,20.67567567567568,0.0663398692810457,SL,Slider,35.1,-36.8,-1.7,-5,3.1,4.7,3.8,1.0,25,0.3044982698961938,0.6782006920415224,SL
2026,"Medina, Luis",665622,Athletics,ATH,R,86.6,203,1175,7.939189189189189,0.1727659574468085,SL,Slider,35.2,-35.2,0.0,0,1.3,9.4,3.6,5.8,159,0.5501730103806228,0.972318339100346,SL
2026,"Skenes, Paul",694973,Pirates,PIT,R,86.7,200,2623,17.722972972972972,0.0762485703393061,SL,Slider,34.7,-34.8,-0.1,0,1.5,3.5,4.1,-0.6,-15,0.5294117647058824,0.4048442906574394,SL
2026,"Morejon, Adrian",670970,Padres,SD,L,89.4,195,1232,8.380952380952381,0.1582792207792207,SL,Slider,34.8,-32.1,2.7,8,-0.5,5.7,3.1,2.6,83,0.7958477508650519,0.8754325259515571,SL
2026,"Banks, Tanner",621383,Phillies,PHI,L,86.8,195,551,3.722972972972973,0.3539019963702359,SL,Slider,31.4,-34.3,-2.9,-8,4.6,5.1,3.0,2.1,71,0.1591695501730103,0.8304498269896193,SL
2026,"Strider, Spencer",675911,Braves,ATL,R,84.0,191,691,4.668918918918919,0.276410998552822,SL,Slider,33.8,-37.9,-4.1,-11,4.8,4.2,4.3,0.0,0,0.0968858131487889,0.5051903114186851,SL
2026,"Adams, Travis",701519,Twins,MIN,R,86.7,190,810,5.510204081632653,0.2345679012345679,SL,Slider,34.6,-35.0,-0.4,-1,1.8,4.6,3.6,1.0,27,0.4740484429065744,0.6782006920415224,SL
2026,"Pearson, Nate",663878,Royals,KC,R,89.4,190,649,4.385135135135135,0.2927580893682588,SL,Slider,33.1,-32.0,1.1,4,0.9,5.7,3.7,2.0,53,0.6643598615916955,0.8062283737024222,SL
2026,"Fairbanks, Pete",664126,Marlins,MIA,R,83.7,190,738,4.986486486486487,0.2574525745257452,SL,Slider,47.7,-39.4,8.2,21,-8.6,6.1,3.6,2.5,70,0.9930795847750864,0.8650519031141869,SL
2026,"Graceffo, Gordon",700669,Cardinals,STL,R,86.8,189,1104,7.45945945945946,0.171195652173913,SL,Slider,39.1,-34.9,4.1,12,-2.7,1.1,3.7,-2.6,-71,0.9134948096885812,0.1384083044982699,SL
2026,"Walker, Ryan",676254,Giants,SF,R,83.2,187,609,4.114864864864865,0.3070607553366174,SL,Slider,36.5,-38.8,-2.3,-6,3.0,16.6,6.0,10.6,175,0.2145328719723183,1.0,SL
2026,"Winn, Cole",668390,Rangers,TEX,R,85.9,187,787,5.317567567567568,0.2376111817026683,SL,Slider,40.7,-35.6,5.0,14,-3.7,2.4,4.3,-1.8,-43,0.9307958477508652,0.231833910034602,SL
2026,"Suter, Brent",608718,Braves,ATL,L,78.0,185,1436,9.702702702702704,0.1288300835654596,SL,Slider,43.7,-44.2,-0.5,-1,1.7,11.2,7.0,4.2,60,0.4636678200692041,0.944636678200692,SL
2026,"Hernández, Jonathan",642546,Dodgers,LAD,R,89.0,185,413,2.8095238095238093,0.4479418886198547,SL,Slider,32.6,-32.5,0.1,0,1.8,3.6,3.4,0.3,8,,,SL
2026,"Ashby, Aaron",676879,Brewers,MIL,L,85.1,182,1433,9.682432432432432,0.1270062805303559,SL,Slider,44.2,-36.5,7.7,21,-6.5,8.9,3.6,5.3,147,0.9826989619377162,0.9653979238754326,SL
2026,"Taylor, Grant",691799,White Sox,CWS,R,89.4,181,1193,8.115646258503402,0.151718357082984,SL,Slider,33.8,-32.0,1.8,6,0.4,6.5,3.9,2.6,65,0.7197231833910035,0.8754325259515571,SL
2026,"Kochanowicz, Jack",686799,Angels,LAA,R,85.6,180,1106,7.523809523809524,0.162748643761302,SL,Slider,41.3,-36.1,5.2,14,-4.0,5.8,3.9,2.0,51,0.9550173010380624,0.8062283737024222,SL
2026,"Keller, Mitch",656605,Pirates,PIT,R,87.2,180,1887,12.75,0.095389507154213,SL,Slider,34.5,-34.4,0.1,0,1.2,4.5,4.0,0.5,14,0.5709342560553633,0.6193771626297578,SL
2026,"Latz, Jacob",656641,Rangers,TEX,L,85.6,179,1001,6.763513513513513,0.1788211788211788,SL,Slider,34.3,-36.2,-1.9,-5,3.0,5.9,4.0,2.0,49,0.2664359861591695,0.8062283737024222,SL
2026,"Whitlock, Garrett",676477,Red Sox,BOS,R,86.1,177,672,4.54054054054054,0.2633928571428571,SL,Slider,38.7,-35.9,2.8,8,-1.7,0.4,3.6,-3.3,-89,0.8096885813148789,0.0795847750865051,SL
2026,"Strahm, Matt",621381,Royals,KC,L,81.2,177,633,4.277027027027027,0.2796208530805687,SL,Slider,37.6,-40.2,-2.7,-7,4.2,7.2,6.6,0.6,9,0.1764705882352941,0.6332179930795848,SL
2026,"Sanders, Cam",676742,Orioles,BAL,R,86.0,177,479,3.2364864864864864,0.3695198329853862,SL,Slider,37.0,-35.8,1.3,4,-0.2,3.4,3.6,-0.2,-6,0.6747404844290658,0.4671280276816609,SL
2026,"Lorenzen, Michael",547179,Blue Jays,TOR,R,86.3,176,2331,15.75,0.0755040755040755,SL,Slider,35.6,-35.6,0.0,0,0.9,1.7,3.3,-1.6,-49,0.5501730103806228,0.2629757785467128,SL
2026,"Gray, Peyton",682608,Rangers,TEX,R,86.6,174,929,6.277027027027027,0.1872981700753498,SL,Slider,30.4,-35.0,-4.6,-13,6.1,3.6,4.1,-0.5,-13,0.0692041522491349,0.4325259515570934,SL
2026,"Agnos, Zach",688642,Rockies,COL,R,85.0,173,1356,9.224489795918368,0.1275811209439528,SL,Slider,40.9,-36.9,4.0,11,-3.2,3.2,3.9,-0.7,-19,0.903114186851211,0.3840830449826989,SL
2026,"Alvarado, Elvis",665660,Athletics,ATH,R,88.1,173,846,5.716216216216216,0.2044917257683215,SL,Slider,33.1,-33.7,-0.6,-2,2.2,0.7,2.9,-3.6,-123,0.4532871972318339,0.0588235294117647,SL
2026,"Miller, Bryce",682243,Mariners,SEA,R,87.3,172,1612,10.891891891891891,0.1066997518610421,SL,Slider,34.0,-34.4,-0.4,-1,1.5,4.3,3.7,0.6,15,0.4740484429065744,0.6332179930795848,SL
2026,"Peralta, Wandy",593974,Padres,SD,L,89.3,171,1115,7.585034013605442,0.1533632286995515,SL,Slider,28.2,-32.3,-4.1,-13,6.1,0.4,2.7,-2.3,-85,0.0968858131487889,0.1730103806228373,SL
2026,"Bowlan, Jonathan",680742,Phillies,PHI,R,86.8,170,934,6.3108108108108105,0.1820128479657387,SL,Slider,37.5,-34.9,2.7,8,-1.5,2.5,3.9,-1.5,-38,0.7958477508650519,0.2768166089965398,SL
2026,"Houser, Adrian",605288,Giants,SF,R,88.4,169,1731,11.695945945945946,0.097631426920855,SL,Slider,30.3,-33.1,-2.7,-8,4.4,2.1,3.9,-1.7,-45,0.1764705882352941,0.2525951557093425,SL
2026,"Thielbar, Caleb",573204,Cubs,CHC,L,87.5,168,789,5.331081081081081,0.2129277566539923,SL,Slider,30.3,-34.1,-3.8,-11,5.2,4.8,3.5,1.3,36,0.1141868512110726,0.71280276816609,SL
2026,"Fernandez, Ryan",681676,Cardinals,STL,R,87.6,167,387,2.614864864864865,0.4315245478036176,SL,Slider,33.8,-33.9,-0.1,0,1.7,3.5,3.8,-0.3,-7,,,SL
2026,"Messick, Parker",800048,Guardians,CLE,L,86.9,167,2702,18.25675675675676,0.0618060695780903,SL,Slider,31.8,-34.7,-2.9,-8,4.1,5.7,4.0,1.7,41,0.1591695501730103,0.7889273356401384,SL
2026,"Speier, Gabe",642100,Mariners,SEA,L,84.2,164,613,4.141891891891892,0.2675367047308319,SL,Slider,40.5,-37.5,3.0,8,-2.1,3.9,4.5,-0.6,-12,0.8339100346020761,0.4048442906574394,SL
2026,"Finnegan, Kyle",640448,Tigers,DET,R,85.6,164,1016,6.91156462585034,0.1614173228346456,SL,Slider,36.6,-36.2,0.5,1,0.7,3.0,4.2,-1.1,-27,0.6089965397923875,0.3321799307958477,SL
2026,"Hill, Jaden",677955,Rockies,COL,R,88.2,163,611,4.156462585034014,0.2667757774140752,SL,Slider,35.1,-33.7,1.3,4,-0.1,2.7,2.8,-0.1,-3,0.6747404844290658,0.4775086505190311,SL
2026,"Ahlstrom, Robby",695239,Rangers,TEX,L,85.9,163,630,4.256756756756757,0.2587301587301587,SL,Slider,32.5,-35.9,-3.5,-10,4.5,2.3,3.9,-1.6,-42,0.1211072664359861,0.2629757785467128,SL
2026,"Kay, Anthony",641743,White Sox,CWS,L,86.3,162,2583,17.571428571428573,0.0627177700348432,SL,Slider,40.7,-35.6,5.1,14,-4.0,4.0,3.2,0.8,23,0.9480968858131488,0.6505190311418685,SL
2026,"Walker, Josh",677020,Orioles,BAL,L,83.0,161,401,2.70945945945946,0.4014962593516209,SL,Slider,35.9,-38.8,-2.9,-7,3.6,5.9,4.1,1.9,46,,,SL
2026,"Murphy, Chris",669684,White Sox,CWS,L,89.3,160,535,3.639455782312925,0.2990654205607476,SL,Slider,28.6,-32.4,-3.9,-12,5.5,4.0,3.3,0.7,21,0.1072664359861591,0.643598615916955,SL
2026,"Dobbins, Hunter",690928,Cardinals,STL,R,87.6,158,932,6.297297297297297,0.1695278969957081,SL,Slider,32.9,-33.9,-1.0,-3,2.5,5.7,3.5,2.2,64,0.3910034602076124,0.8373702422145328,SL
2026,"Wells, Tyler",669330,Rays,TB,R,86.7,157,1053,7.163265306122449,0.1490978157644824,SL,Slider,31.8,-33.1,-1.2,-4,4.3,5.7,2.1,3.6,174,0.356401384083045,0.9307958477508652,SL
2026,"Rodriguez, Grayson",680570,Angels,LAA,R,85.1,157,1483,10.08843537414966,0.1058664868509777,SL,Slider,36.4,-36.8,-0.4,-1,1.5,5.0,4.2,0.8,20,0.4740484429065744,0.6505190311418685,SL
2026,"Brash, Matt",666374,Mariners,SEA,R,86.8,156,262,1.7702702702702702,0.5954198473282443,SL,Slider,37.4,-34.8,2.6,8,-0.9,14.5,4.1,10.4,253,,,SL
2026,"Brown, Hunter",686613,Astros,HOU,R,90.8,156,1592,10.756756756756756,0.0979899497487437,SL,Slider,28.1,-30.5,-2.4,-8,5.1,3.7,3.4,0.3,10,0.2041522491349481,0.5709342560553633,SL
2026,"Johnson, Seth",686751,Athletics,ATH,R,88.2,156,448,3.027027027027027,0.3482142857142857,SL,Slider,33.2,-33.3,-0.1,0,1.6,5.1,3.7,1.4,37,0.5294117647058824,0.7335640138408305,SL
2026,"Klassen, George",691946,Angels,LAA,R,90.7,154,491,3.3401360544217686,0.3136456211812627,SL,Slider,32.3,-30.6,1.7,6,1.3,0.6,2.9,-3.5,-119,0.7024221453287197,0.0692041522491349,SL
2026,"Glasnow, Tyler",607192,Dodgers,LAD,R,89.7,154,869,5.91156462585034,0.1772151898734177,SL,Slider,31.9,-32.1,-0.2,0,1.7,4.0,3.7,0.2,5,0.5155709342560554,0.5467128027681661,SL
2026,"Montgomery, Mason",682254,Pirates,PIT,L,89.6,152,1050,7.094594594594595,0.1447619047619047,SL,Slider,32.4,-31.6,0.8,3,1.5,1.7,3.8,-2.0,-54,0.6401384083044983,0.2006920415224913,SL
2026,"Yamamoto, Yoshinobu",808967,Dodgers,LAD,R,86.9,152,2555,17.38095238095238,0.059491193737769,SL,Slider,34.0,-34.7,-0.7,-2,2.0,5.4,4.1,1.4,34,0.4429065743944637,0.7335640138408305,SL
2026,"Cabrera, Edward",665795,Cubs,CHC,R,89.2,150,1280,8.64864864864865,0.1171875,SL,Slider,30.3,-32.3,-1.9,-6,3.9,0.1,3.4,-3.3,-97,0.2664359861591695,0.0795847750865051,SL
2026,"Davis, Tyler",699823,White Sox,CWS,R,87.5,148,470,3.197278911564626,0.3148936170212766,SL,Slider,35.4,-34.0,1.4,4,0.1,6.0,4.0,2.0,51,0.6885813148788927,0.8062283737024222,SL
2026,"Lauer, Eric",641778,Dodgers,LAD,L,82.8,148,1814,12.34013605442177,0.0815876515986769,SL,Slider,36.7,-39.0,-2.3,-6,3.1,5.6,4.2,1.4,34,0.2145328719723183,0.7335640138408305,SL
2026,"Garcia, Rico",670329,Orioles,BAL,R,89.0,148,928,6.27027027027027,0.1594827586206896,SL,Slider,27.8,-32.7,-4.9,-15,6.6,1.0,2.6,-1.6,-62,0.0553633217993079,0.2629757785467128,SL
2026,"Hart, Kyle",606996,Padres,SD,L,89.2,147,996,6.775510204081633,0.1475903614457831,SL,Slider,28.2,-32.3,-4.2,-13,6.1,2.9,3.2,-0.3,-10,0.0934256055363321,0.4532871972318339,SL
2026,"Hentges, Sam",656529,Giants,SF,L,87.8,147,617,4.168918918918919,0.2382495948136142,SL,Slider,30.9,-34.1,-3.2,-9,4.3,3.0,4.0,-1.0,-25,0.1349480968858131,0.3391003460207612,SL
2026,"King, Michael",650633,Padres,SD,R,85.3,145,2700,18.367346938775512,0.0537037037037037,SL,Slider,35.8,-36.5,-0.7,-2,1.8,3.5,3.4,0.1,2,0.4429065743944637,0.5259515570934256,SL
2026,"Barnett, Mason",686930,Athletics,ATH,R,87.3,145,743,5.02027027027027,0.1951547779273216,SL,Slider,38.3,-34.2,4.0,12,-2.5,3.3,3.4,-0.1,-3,0.903114186851211,0.4775086505190311,SL
2026,"Greene, Hunter",668881,Reds,CIN,R,88.8,145,456,3.1020408163265305,0.3179824561403508,SL,Slider,32.2,-32.6,-0.4,-1,2.3,5.4,3.6,1.8,49,0.4740484429065744,0.7923875432525952,SL
2026,"Rojas, Kendry",696070,Twins,MIN,L,89.0,144,521,3.54421768707483,0.2763915547024952,SL,Slider,28.1,-32.4,-4.3,-13,6.2,4.0,3.8,0.2,4,0.0830449826989619,0.5467128027681661,SL
2026,"Gusto, Ryan",687473,Marlins,MIA,R,85.4,143,1267,8.56081081081081,0.1128650355169692,SL,Slider,39.1,-36.3,2.8,8,-1.7,5.0,4.1,0.9,23,0.8096885813148789,0.671280276816609,SL
2026,"Little, Brendon",663893,Blue Jays,TOR,L,88.9,143,495,3.3445945945945947,0.2888888888888888,SL,Slider,34.8,-32.6,2.2,7,-0.4,1.4,2.9,-1.5,-53,0.7577854671280276,0.2768166089965398,SL
2026,"Madden, Ty",680744,Tigers,DET,R,83.8,143,646,4.394557823129252,0.2213622291021671,SL,Slider,43.0,-38.0,5.0,13,-4.3,1.0,4.0,-3.0,-76,0.9307958477508652,0.1003460207612456,SL
2026,"Borucki, Ryan",621366,Giants,SF,L,86.1,143,380,2.5675675675675675,0.3763157894736842,SL,Slider,34.2,-35.6,-1.4,-4,2.6,1.1,4.0,-2.9,-73,,,SL
2026,"Franco, Jose",683742,Reds,CIN,R,85.1,141,348,2.36734693877551,0.4051724137931034,SL,Slider,36.5,-36.7,-0.2,0,1.1,3.2,4.0,-0.8,-21,,,SL
2026,"Vásquez, Randy",681190,Padres,SD,R,86.1,141,2055,13.979591836734691,0.0686131386861313,SL,Slider,33.6,-35.6,-2.1,-6,3.2,7.1,3.6,3.5,97,0.245674740484429,0.9238754325259516,SL
2026,"Chapman, Aroldis",547973,Red Sox,BOS,L,86.0,141,788,5.324324324324325,0.1789340101522842,SL,Slider,32.0,-36.3,-4.3,-12,5.0,10.5,3.4,7.0,203,0.0830449826989619,0.9896193771626296,SL
2026,"Vest, Will",676684,Tigers,DET,R,87.8,140,484,3.292517006802721,0.2892561983471074,SL,Slider,36.7,-33.9,2.8,8,-1.2,3.6,3.7,-0.1,-3,0.8096885813148789,0.4775086505190311,SL
2026,"Mathews, Quinn",687273,Cardinals,STL,L,84.9,139,591,3.993243243243243,0.2351945854483925,SL,Slider,36.9,-36.8,0.1,0,0.9,3.3,4.7,-1.3,-28,0.5709342560553633,0.3079584775086505,SL
2026,"Ryan, Joe",657746,Twins,MIN,R,86.2,138,2155,14.65986394557823,0.0640371229698375,SL,Slider,32.5,-35.5,-3.1,-9,4.3,1.3,4.9,-3.6,-74,0.1487889273356401,0.0588235294117647,SL
2026,"Kolek, Stephen",663568,Royals,KC,R,85.6,137,837,5.655405405405405,0.1636798088410991,SL,Slider,37.5,-36.1,1.4,4,-0.4,3.2,4.1,-0.9,-21,0.6885813148788927,0.3494809688581315,SL
2026,"King, John",667463,Marlins,MIA,L,82.6,137,714,4.824324324324325,0.1918767507002801,SL,Slider,40.7,-39.0,1.8,4,-0.7,6.8,4.9,1.9,39,0.7197231833910035,0.7993079584775087,SL
2026,"Bidois, Brandan",684049,Pirates,PIT,R,86.4,136,325,2.195945945945946,0.4184615384615384,SL,Slider,37.7,-35.3,2.4,7,-1.3,6.1,3.8,2.3,60,,,SL
2026,"Soriano, José",667755,Blue Jays,TOR,R,90.2,135,2698,18.22972972972973,0.0500370644922164,SL,Slider,30.6,-31.1,-0.5,-2,3.1,1.1,3.6,-2.5,-68,0.4636678200692041,0.1487889273356401,SL
2026,"Halvorsen, Seth",678020,Dodgers,LAD,R,86.4,135,464,3.1564625850340136,0.2909482758620689,SL,Slider,38.9,-35.4,3.5,10,-2.4,5.3,3.9,1.4,34,0.8719723183391004,0.7335640138408305,SL
2026,"Cruz, Steven",674444,Royals,KC,R,89.4,134,878,5.9324324324324325,0.1526195899772209,SL,Slider,30.9,-31.9,-1.0,-3,3.2,5.2,3.6,1.6,45,0.3910034602076124,0.7785467128027682,SL
2026,"Díaz, Edwin",621242,Dodgers,LAD,R,89.2,133,312,2.122448979591837,0.4262820512820512,SL,Slider,30.2,-32.5,-2.3,-7,3.9,1.8,3.3,-1.5,-46,,,SL
2026,"Dotel, Wilber",696062,Pirates,PIT,R,88.0,132,587,3.966216216216216,0.2248722316865417,SL,Slider,34.4,-33.6,0.8,2,0.9,5.3,3.9,1.4,36,0.6401384083044983,0.7335640138408305,SL
2026,"Mahle, Tyler",641816,Braves,ATL,R,84.9,131,2116,14.297297297297296,0.0619092627599243,SL,Slider,36.0,-36.8,-0.9,-2,2.1,5.6,4.4,1.2,28,0.4256055363321799,0.7024221453287197,SL
2026,"Bigge, Hunter",685801,Rays,TB,R,88.7,131,319,2.1700680272108843,0.4106583072100313,SL,Slider,30.5,-32.7,-2.2,-7,4.3,4.7,3.8,0.9,24,,,SL
2026,"Gibson, Trey",694346,Orioles,BAL,R,87.8,130,619,4.1824324324324325,0.210016155088853,SL,Slider,41.8,-33.9,7.9,23,-6.3,2.8,4.0,-1.2,-29,0.9896193771626296,0.3217993079584775,SL
2026,"Leasure, Jordan",673929,White Sox,CWS,R,87.3,129,313,2.129251700680272,0.4121405750798722,SL,Slider,32.4,-34.4,-1.9,-6,3.2,6.4,4.0,2.3,58,,,SL
2026,"Gamboa, Alec",687941,Red Sox,BOS,L,88.5,129,372,2.5135135135135136,0.3467741935483871,SL,Slider,33.3,-33.1,0.2,1,1.5,3.5,3.8,-0.3,-7,,,SL
2026,"Gibson, Cade",806188,Marlins,MIA,L,87.3,125,775,5.236486486486487,0.1612903225806451,SL,Slider,29.9,-34.6,-4.8,-14,5.7,3.4,3.3,0.1,2,0.0622837370242214,0.5259515570934256,SL
2026,"Early, Connelly",813349,Red Sox,BOS,L,87.1,123,1528,10.324324324324325,0.0804973821989528,SL,Slider,29.9,-34.4,-4.5,-13,6.1,0.3,4.1,-3.8,-93,0.0761245674740484,0.0484429065743944,SL
2026,"Ferrer, José A.",678606,Mariners,SEA,L,88.3,123,989,6.6824324324324325,0.1243680485338726,SL,Slider,34.9,-33.7,1.3,4,0.2,2.9,2.6,0.2,9,0.6747404844290658,0.5467128027681661,SL
2026,"Rolison, Ryan",669020,Cubs,CHC,L,86.8,122,870,5.878378378378378,0.1402298850574712,SL,Slider,38.0,-34.9,3.1,9,-1.9,4.5,4.0,0.6,15,0.8442906574394463,0.6332179930795848,SL
2026,"Morillo, Juan",666661,D-backs,AZ,R,84.8,121,949,6.412162162162162,0.1275026343519494,SL,Slider,45.4,-36.9,8.4,23,-7.3,9.0,4.2,4.9,117,0.9965397923875432,0.9550173010380624,SL
2026,"Legumina, Casey",668984,Rays,TB,R,84.9,120,1012,6.884353741496598,0.1185770750988142,SL,Slider,33.3,-36.1,-2.9,-8,4.5,3.3,5.3,-2.0,-38,0.1591695501730103,0.2006920415224913,SL
2026,"Keller, Brad",641745,Phillies,PHI,R,87.1,120,533,3.6013513513513518,0.225140712945591,SL,Slider,42.0,-34.2,7.8,23,-6.1,6.4,3.4,3.0,87,0.986159169550173,0.9065743944636678,SL
2026,"Seymour, Ian",693855,Rays,TB,L,83.2,120,1897,12.904761904761903,0.0632577754348972,SL,Slider,27.5,-38.4,-11.0,-29,12.1,3.5,4.9,-1.4,-29,0.0034602076124567,0.3044982698961938,SL
2026,"Peralta, Freddy",642547,Rays,TB,R,83.1,119,2683,18.25170068027211,0.044353335818114,SL,Slider,36.1,-38.9,-2.9,-7,3.5,2.8,6.1,-3.3,-54,,,SL
2026,"Márquez, Germán",608566,Padres,SD,R,87.7,119,918,6.244897959183674,0.1296296296296296,SL,Slider,30.4,-34.5,-4.1,-12,5.5,2.7,2.1,-4.8,-226,0.0968858131487889,0.0173010380622837,SL
2026,"Granillo, Andre",701552,Nationals,WSH,R,82.2,118,198,1.3288590604026846,0.5959595959595959,SL,Slider,37.7,-39.4,-1.8,-4,2.6,4.0,3.8,0.2,6,,,SL
2026,"Sommers, Drew",805427,Tigers,DET,L,83.5,117,563,3.829931972789116,0.2078152753108348,SL,Slider,40.7,-38.9,1.8,5,-1.5,10.0,6.1,3.9,63,0.7197231833910035,0.9411764705882352,SL
2026,"Kent, Zak",687849,Nationals,WSH,R,87.5,116,294,1.9731543624161076,0.3945578231292517,SL,Slider,36.1,-34.1,2.0,6,-0.5,5.6,3.6,2.0,56,,,SL
2026,"Valdez, Framber",664285,Tigers,DET,L,85.8,115,2591,17.625850340136054,0.0443844075646468,SL,Slider,36.7,-36.0,0.7,2,0.3,2.5,3.4,-0.8,-25,,,SL
2026,"Garcia, Julian",670062,Reds,CIN,R,85.5,114,678,4.612244897959184,0.168141592920354,SL,Slider,35.9,-36.3,-0.4,-1,1.1,4.4,4.0,0.4,10,0.4740484429065744,0.5951557093425606,SL
2026,"Myers, Tobias",668964,Mets,NYM,R,82.2,114,744,5.061224489795919,0.1532258064516129,SL,Slider,39.8,-39.4,0.4,1,0.7,5.7,4.5,1.1,25,0.5986159169550173,0.6920415224913494,SL
2026,"Zeferjahn, Ryan",666171,Cubs,CHC,R,88.6,114,1173,7.925675675675675,0.0971867007672634,SL,Slider,34.9,-32.8,2.0,6,0.0,6.5,3.8,2.7,72,0.740484429065744,0.8858131487889274,SL
2026,"Seymour, Carson",693313,Giants,SF,R,88.6,114,428,2.891891891891892,0.2663551401869158,SL,Slider,40.9,-32.8,8.1,25,-6.2,0.0,3.7,-3.7,-100,,,SL
2026,"Jobe, Jackson",695549,Tigers,DET,R,90.0,114,502,3.4149659863945576,0.2270916334661354,SL,Slider,31.4,-31.6,-0.1,0,2.0,5.8,2.8,3.0,105,0.5294117647058824,0.9065743944636678,SL
2026,"McGreevy, Michael",700241,Cardinals,STL,R,83.5,112,2504,16.91891891891892,0.0447284345047923,SL,Slider,40.8,-38.3,2.5,7,-1.8,3.5,4.4,-0.8,-19,,,SL
2026,"Boyle, Joe",671212,Rays,TB,R,89.0,112,347,2.360544217687075,0.3227665706051873,SL,Slider,33.1,-32.3,0.8,2,1.4,3.9,3.7,0.2,7,,,SL
2026,"Natera Jr., Samy",696519,Angels,LAA,L,85.4,112,580,3.945578231292517,0.193103448275862,SL,Slider,29.7,-36.3,-6.6,-18,7.7,7.2,4.0,3.3,83,0.0138408304498269,0.9204152249134948,SL
2026,"Blewett, Scott",656240,Athletics,ATH,R,84.8,112,451,3.0472972972972974,0.2483370288248337,SL,Slider,39.6,-37.2,2.3,6,-1.5,1.3,3.8,-2.4,-65,0.7612456747404844,0.1660899653979238,SL
2026,"Cantillo, Joey",676282,Guardians,CLE,L,82.8,111,2531,17.10135135135135,0.0438561833267483,SL,Slider,45.8,-39.1,6.7,17,-6.0,3.9,4.2,-0.3,-8,,,SL
2026,"Akin, Keegan",669211,Orioles,BAL,L,86.7,110,443,2.9932432432432434,0.2483069977426636,SL,Slider,30.9,-35.4,-4.5,-13,5.4,2.3,2.7,-0.4,-13,,,SL
2026,"McLean, Nolan",690997,Mets,NYM,R,86.0,108,2750,18.70748299319728,0.0392727272727272,SL,Slider,33.2,-35.6,-2.3,-7,4.0,10.7,4.2,6.5,156,,,SL
2026,"Dollander, Chase",801403,Rockies,COL,R,87.6,108,743,5.054421768707483,0.1453566621803499,SL,Slider,35.7,-34.0,1.7,5,-0.4,6.2,3.9,2.3,60,0.7024221453287197,0.8442906574394463,SL
2026,"Peoples, Ben",687239,Rangers,TEX,R,87.8,107,282,1.9054054054054053,0.3794326241134751,SL,Slider,35.5,-33.9,1.6,5,-0.1,3.5,3.8,-0.3,-7,,,SL
2026,"Chivilli, Angel",683409,Yankees,NYY,R,91.2,107,285,1.9387755102040816,0.375438596491228,SL,Slider,26.9,-30.2,-3.2,-11,5.7,0.4,2.7,-3.1,-116,,,SL
2026,"Sabrowski, Erik",681870,Guardians,CLE,L,86.6,106,724,4.891891891891892,0.1464088397790055,SL,Slider,32.1,-35.1,-3.0,-9,4.2,1.4,4.0,-2.6,-65,0.1557093425605536,0.1384083044982699,SL
2026,"Matz, Steven",571927,Rays,TB,L,82.4,106,1251,8.510204081632653,0.0847322142286171,SL,Slider,42.8,-39.3,3.5,9,-2.2,9.8,4.7,5.1,107,0.8719723183391004,0.9619377162629758,SL
2026,"Aleman, Franco",680916,Guardians,CLE,R,86.0,106,394,2.6621621621621623,0.2690355329949238,SL,Slider,35.4,-35.8,-0.3,-1,1.9,3.7,4.0,-0.3,-8,,,SL
2026,"Helsley, Ryan",664854,Orioles,BAL,R,87.9,106,273,1.8445945945945943,0.3882783882783883,SL,Slider,34.6,-33.6,0.9,3,0.8,3.9,3.9,0.1,2,,,SL
2026,"Zuber, Tyler",676604,Marlins,MIA,R,89.1,106,601,4.0608108108108105,0.1763727121464226,SL,Slider,31.6,-32.8,-1.2,-4,2.7,6.0,3.1,3.0,96,0.356401384083045,0.9065743944636678,SL
2026,"Hartlieb, Geoff",664129,Athletics,ATH,R,84.8,104,308,2.081081081081081,0.3376623376623376,SL,Slider,38.6,-37.1,1.5,4,-0.3,3.1,3.8,-0.7,-19,,,SL
2026,"Jameson, Drey",686753,D-backs,AZ,R,87.1,104,306,2.0675675675675675,0.3398692810457516,SL,Slider,32.6,-35.0,-2.4,-7,3.4,2.5,2.7,-0.2,-8,,,SL
2026,"Farris, Mitch",815083,Angels,LAA,L,81.6,104,817,5.557823129251701,0.1272949816401468,SL,Slider,45.1,-39.9,5.2,13,-4.3,2.9,4.4,-1.5,-35,0.9550173010380624,0.2768166089965398,SL
2026,"Palencia, Daniel",694037,Cubs,CHC,R,90.3,102,411,2.777027027027027,0.2481751824817518,SL,Slider,30.1,-30.9,-0.8,-2,3.3,1.5,3.5,-1.9,-55,,,SL
2026,"Whisenhunt, Carson",687931,Giants,SF,L,85.1,101,617,4.168918918918919,0.1636952998379254,SL,Slider,37.1,-36.7,0.4,1,0.5,1.0,4.0,-2.9,-74,0.5986159169550173,0.1072664359861591,SL
2026,"Kilian, Caleb",668873,Phillies,PHI,R,88.3,101,786,5.3108108108108105,0.1284987277353689,SL,Slider,34.9,-33.2,1.7,5,-0.1,5.0,3.8,1.3,34,0.7024221453287197,0.71280276816609,SL
2026,"Morgan, Eli",669212,Royals,KC,R,85.4,101,339,2.2905405405405403,0.2979351032448377,SL,Slider,34.1,-36.3,-2.2,-6,3.1,2.9,4.0,-1.0,-26,,,SL
2026,"Blanco, Ronel",669854,Astros,HOU,R,86.6,100,478,3.22972972972973,0.209205020920502,SL,Slider,30.1,-35.1,-5.0,-14,6.2,2.8,4.0,-1.2,-30,0.0484429065743944,0.3217993079584775,SL
2026,"Pallette, Peyton",688883,Guardians,CLE,R,85.6,99,442,2.9864864864864864,0.2239819004524887,SL,Slider,40.7,-36.4,4.3,12,-3.3,4.4,3.2,1.2,38,,,SL
2026,"Richards, Trevor",670950,White Sox,CWS,R,85.0,98,1141,7.761904761904762,0.0858895705521472,SL,Slider,33.6,-36.8,-3.2,-9,4.2,4.1,3.9,0.2,6,0.1349480968858131,0.5467128027681661,SL
2026,"Kranick, Max",668820,Nationals,WSH,R,88.5,97,340,2.2818791946308723,0.2852941176470588,SL,Slider,28.7,-32.9,-4.3,-13,6.0,2.6,3.8,-1.2,-32,,,SL
2026,"Orze, Eric",679358,Twins,MIN,R,87.4,97,677,4.605442176870748,0.1432791728212703,SL,Slider,29.5,-34.4,-4.9,-14,6.1,4.3,4.0,0.4,9,0.0553633217993079,0.5951557093425606,SL
2026,"Thornton, Zac",804267,Mets,NYM,L,84.7,96,1006,6.843537414965986,0.0954274353876739,SL,Slider,36.1,-37.0,-1.0,-3,1.9,4.9,4.0,1.0,24,0.3910034602076124,0.6782006920415224,SL
2026,"Cruz, Yovanny",672442,Nationals,WSH,R,91.3,96,174,1.167785234899329,0.5517241379310345,SL,Slider,30.8,-30.2,0.6,2,2.1,0.9,2.5,-1.6,-64,,,SL
2026,"Suarez, Ranger",624133,Red Sox,BOS,L,78.8,96,2104,14.216216216216216,0.0456273764258555,SL,Slider,43.0,-41.8,1.1,3,1.1,12.9,7.6,5.3,70,,,SL
2026,"Smith, Hagen",696146,White Sox,CWS,L,83.2,95,303,2.061224489795918,0.3135313531353135,SL,Slider,43.0,-38.6,4.4,11,-3.6,4.9,5.2,-0.3,-6,,,SL
2026,"Varland, Louis",686973,Blue Jays,TOR,R,92.0,94,1150,7.77027027027027,0.0817391304347826,SL,Slider,27.3,-29.1,-1.8,-6,5.0,4.8,3.2,1.6,51,0.2975778546712803,0.7785467128027682,SL
2026,"Webb, Jacob",657097,Cubs,CHC,R,85.7,94,1050,7.094594594594595,0.0895238095238095,SL,Slider,39.2,-36.1,3.0,8,-2.1,1.3,3.9,-2.7,-68,0.8339100346020761,0.1176470588235294,SL
2026,"Morales, Luis",806960,Athletics,ATH,R,85.7,94,346,2.3378378378378377,0.2716763005780346,SL,Slider,32.0,-36.0,-4.1,-11,5.2,9.5,3.8,5.8,154,,,SL
2026,"Anderson, Shaun",641312,Angels,LAA,R,89.1,94,351,2.3877551020408165,0.2678062678062678,SL,Slider,29.3,-32.3,-3.0,-9,5.1,5.3,3.8,1.5,40,,,SL
2026,"Giolito, Lucas",608337,Padres,SD,R,83.2,94,551,3.748299319727891,0.1705989110707804,SL,Slider,34.2,-38.8,-4.6,-12,5.3,3.1,3.8,-0.7,-18,0.0692041522491349,0.3840830449826989,SL
2026,"Basso, Brady",669620,Athletics,ATH,L,83.8,93,573,3.8716216216216215,0.1623036649214659,SL,Slider,34.7,-38.1,-3.4,-9,4.1,3.0,3.7,-0.7,-19,0.1314878892733564,0.3840830449826989,SL
2026,"Bieber, Shane",669456,Blue Jays,TOR,R,85.3,93,930,6.283783783783784,0.1,SL,Slider,38.7,-36.4,2.3,6,-1.3,0.4,4.2,-3.8,-89,0.7612456747404844,0.0484429065743944,SL
2026,"Mears, Nick",683232,Royals,KC,R,84.6,93,341,2.304054054054054,0.2727272727272727,SL,Slider,41.8,-37.2,4.6,12,-3.6,2.0,3.9,-1.9,-48,,,SL
2026,"Wolfram, Grant",664991,Orioles,BAL,L,87.1,92,804,5.4324324324324325,0.1144278606965174,SL,Slider,33.6,-34.6,-1.0,-3,2.4,1.5,3.7,-2.2,-59,0.3910034602076124,0.1799307958477508,SL
2026,"Kent, Jackson",800600,Nationals,WSH,L,87.0,92,517,3.469798657718121,0.1779497098646034,SL,Slider,33.3,-34.5,-1.2,-3,2.8,1.4,4.1,-2.7,-65,0.356401384083045,0.1176470588235294,SL
2026,"Cecconi, Slade",677944,Guardians,CLE,R,83.4,92,1939,13.10135135135135,0.0474471376998452,SL,Slider,44.4,-38.3,6.1,16,-5.2,2.4,4.3,-1.8,-43,,,SL
2026,"Hughes, Gabriel",687312,Rockies,COL,R,86.5,91,977,6.64625850340136,0.0931422722620266,SL,Slider,31.6,-35.1,-3.5,-10,4.7,6.5,4.1,2.4,58,0.1211072664359861,0.8512110726643599,SL
2026,"Sanmartin, Reiver",665665,Giants,SF,L,82.5,91,332,2.2432432432432434,0.2740963855421687,SL,Slider,39.5,-39.4,0.1,0,0.4,6.5,6.0,0.5,9,,,SL
2026,"Curry, Xzavion",675540,Mets,NYM,R,83.9,88,287,1.9523809523809523,0.3066202090592334,SL,Slider,34.4,-38.0,-3.6,-9,4.3,5.6,4.0,1.6,40,,,SL
2026,"Mattson, Isaac",676755,Pirates,PIT,R,84.4,88,728,4.918918918918919,0.1208791208791208,SL,Slider,35.8,-37.3,-1.5,-4,2.6,3.3,4.1,-0.8,-19,0.3252595155709342,0.3737024221453287,SL
2026,"Gil, Luis",661563,Yankees,NYY,R,85.7,87,417,2.836734693877551,0.2086330935251798,SL,Slider,31.1,-36.0,-4.9,-14,6.4,8.3,4.1,4.1,100,,,SL
2026,"Barco, Hunter",682995,Pirates,PIT,L,82.4,85,351,2.371621621621621,0.2421652421652421,SL,Slider,43.9,-39.8,4.1,10,-3.6,2.6,6.7,-4.0,-61,,,SL
2026,"Ragans, Cole",666142,Royals,KC,L,85.1,85,638,4.3108108108108105,0.1332288401253918,SL,Slider,38.0,-36.7,1.3,3,-0.4,0.6,3.7,-3.1,-83,0.6747404844290658,0.0968858131487889,SL
2026,"Sandlin, Nick",680704,Angels,LAA,R,77.2,85,157,1.0680272108843538,0.5414012738853503,SL,Slider,38.8,-40.7,-1.9,-5,7.6,19.2,15.7,3.5,22,,,SL
2026,"Wilcox, Cole",677961,Mariners,SEA,R,87.6,84,488,3.2972972972972974,0.1721311475409836,SL,Slider,36.7,-34.0,2.7,8,-1.0,0.2,3.8,-4.1,-106,0.7958477508650519,0.0242214532871972,SL
2026,"Martinez, Nick",607259,Rays,TB,R,85.2,84,2306,15.687074829931973,0.03642671292281,SL,Slider,34.3,-36.6,-2.3,-6,3.2,1.3,3.6,-2.3,-63,,,SL
2026,"Morgan, David",688158,Padres,SD,R,87.5,84,475,3.2312925170068025,0.1768421052631578,SL,Slider,36.1,-34.3,1.8,5,-0.5,4.4,3.1,1.3,43,0.7197231833910035,0.71280276816609,SL
2026,"Acton, Garrett",670183,Twins,MIN,R,86.1,83,203,1.380952380952381,0.4088669950738916,SL,Slider,33.0,-35.7,-2.7,-8,3.8,2.7,3.5,-0.9,-25,,,SL
2026,"Hill, Tim",657612,Yankees,NYY,L,76.0,82,746,5.074829931972789,0.1099195710455764,SL,Slider,38.2,-38.1,0.1,0,9.6,6.5,11.3,-4.9,-43,0.5709342560553633,0.0138408304498269,SL
2026,"Marte, Yunior",805074,Giants,SF,R,84.7,82,215,1.4527027027027026,0.3813953488372093,SL,Slider,38.1,-37.2,0.9,2,0.0,1.7,3.9,-2.2,-57,,,SL
2026,"Anderson, Kade",807739,Mariners,SEA,L,87.8,81,326,2.202702702702702,0.2484662576687116,SL,Slider,36.0,-33.7,2.3,7,-0.8,4.6,4.0,0.6,16,,,SL
2026,"Harris, Hogan",663687,Athletics,ATH,L,85.6,81,1229,8.304054054054054,0.065907241659886,SL,Slider,25.1,-36.2,-11.1,-31,12.6,3.5,4.0,-0.5,-13,0.0,0.4325259515570934,SL
2026,"Rangel, Alan",660604,Phillies,PHI,R,84.5,81,491,3.3175675675675675,0.164969450101833,SL,Slider,32.1,-37.3,-5.2,-14,5.8,5.0,3.8,1.2,31,0.0415224913494809,0.7024221453287197,SL
2026,"Hall, DL",669084,Brewers,MIL,L,87.2,79,840,5.675675675675675,0.094047619047619,SL,Slider,37.4,-34.3,3.1,9,-1.3,6.8,4.0,2.8,70,0.8442906574394463,0.8996539792387543,SL
2026,"Foley, Jason",671345,Giants,SF,R,86.3,79,314,2.121621621621621,0.2515923566878981,SL,Slider,37.0,-35.3,1.7,5,-0.4,4.1,4.1,0.0,0,,,SL
2026,"Anderson, Drew",623454,Tigers,DET,R,88.0,78,1611,10.959183673469388,0.0484171322160148,SL,Slider,33.0,-33.6,-0.6,-2,2.2,3.6,3.8,-0.2,-6,,,SL
2026,"Black, Mason",696131,Royals,KC,R,87.0,78,556,3.756756756756757,0.1402877697841726,SL,Slider,34.5,-34.6,0.0,0,1.6,0.0,4.0,-4.1,-100,0.5501730103806228,0.0242214532871972,SL
2026,"Fulton, Dax",690978,Marlins,MIA,L,89.0,77,377,2.5472972972972974,0.2042440318302387,SL,Slider,32.4,-32.5,-0.1,0,2.1,5.4,3.8,1.6,42,,,SL
2026,"Weissert, Greg",669711,Red Sox,BOS,R,85.5,77,916,6.1891891891891895,0.084061135371179,SL,Slider,34.2,-36.1,-1.9,-5,3.2,5.1,3.8,1.3,34,0.2664359861591695,0.71280276816609,SL
2026,"Bido, Osvaldo",674370,White Sox,CWS,R,87.1,77,317,2.1564625850340136,0.2429022082018927,SL,Slider,34.9,-34.6,0.3,1,1.2,3.4,3.5,-0.1,-3,,,SL
2026,"Seabold, Connor",657756,Royals,KC,R,82.9,76,476,3.216216216216216,0.1596638655462184,SL,Slider,41.6,-38.7,2.9,7,-1.9,6.0,5.2,0.8,16,0.8235294117647058,0.6505190311418685,SL
2026,"O'Brien, Riley",676617,Cardinals,STL,R,90.7,76,990,6.6891891891891895,0.0767676767676767,SL,Slider,29.3,-30.4,-1.2,-4,3.9,2.2,3.4,-1.1,-34,0.356401384083045,0.3321799307958477,SL
2026,"Olds, Wyatt",681544,Red Sox,BOS,R,87.2,75,222,1.5,0.3378378378378378,SL,Slider,46.1,-34.5,11.6,34,-10.2,4.9,3.8,1.1,28,,,SL
2026,"Hanifee, Brenan",669724,Tigers,DET,R,88.1,74,321,2.183673469387755,0.2305295950155763,SL,Slider,32.5,-33.8,-1.3,-4,2.6,1.6,3.2,-1.6,-49,,,SL
2026,"Sears, JP",676664,Padres,SD,L,81.2,74,529,3.598639455782313,0.1398865784499054,SL,Slider,43.2,-42.5,0.7,2,-2.0,4.6,8.5,-3.9,-46,0.629757785467128,0.0380622837370242,SL
2026,"Santa, Alimber",695001,Astros,HOU,R,87.4,74,238,1.608108108108108,0.3109243697478991,SL,Slider,33.1,-34.3,-1.2,-3,2.5,4.3,3.5,0.8,24,,,SL
2026,"Rock, Joe",697812,White Sox,CWS,L,84.9,73,195,1.326530612244898,0.3743589743589743,SL,Slider,40.6,-36.8,3.8,10,-2.9,4.5,4.8,-0.2,-5,,,SL
2026,"Snell, Blake",605483,Dodgers,LAD,L,88.7,73,645,4.387755102040816,0.1131782945736434,SL,Slider,27.3,-32.9,-5.6,-17,7.2,3.7,3.8,-0.1,-4,0.0276816608996539,0.4775086505190311,SL
2026,"Núñez, Dedniel",673380,Mets,NYM,R,88.6,72,160,1.08843537414966,0.45,SL,Slider,34.8,-33.0,1.8,5,0.1,1.3,3.5,-2.2,-63,,,SL
2026,"Bubic, Kris",663460,Royals,KC,L,85.3,72,811,5.47972972972973,0.0887792848335388,SL,Slider,39.6,-36.4,3.2,9,-2.0,2.5,4.2,-1.7,-40,0.8512110726643599,0.2525951557093425,SL
2026,"Povich, Cade",700249,Orioles,BAL,L,86.4,72,540,3.6486486486486487,0.1333333333333333,SL,Slider,29.8,-35.2,-5.5,-16,6.6,5.3,3.8,1.6,42,0.0311418685121107,0.7785467128027682,SL
2026,"Mlodzinski, Carmen",669387,Pirates,PIT,R,90.3,71,1920,12.972972972972974,0.0369791666666666,SL,Slider,26.0,-31.0,-5.0,-16,7.4,1.2,3.2,-2.0,-63,,,SL
2026,"Rodriguez, Bradgley",699134,Padres,SD,R,88.8,71,1066,7.2517006802721085,0.0666041275797373,SL,Slider,30.7,-32.8,-2.1,-6,4.0,3.6,3.3,0.3,10,0.245674740484429,0.5709342560553633,SL
2026,"Ritchie, JR",702275,Braves,ATL,R,85.0,71,1023,6.912162162162162,0.0694037145650048,SL,Slider,37.4,-36.6,0.8,2,0.1,4.4,4.5,-0.1,-2,0.6401384083044983,0.4775086505190311,SL
2026,"Saucedo, Tayler",642048,Angels,LAA,L,87.1,70,267,1.816326530612245,0.2621722846441947,SL,Slider,31.4,-34.5,-3.1,-9,4.7,2.2,4.0,-1.9,-46,,,SL
2026,"Bender, Anthony",669622,Marlins,MIA,R,86.6,69,539,3.641891891891892,0.1280148423005566,SL,Slider,38.7,-35.3,3.4,10,-2.0,6.3,3.1,3.2,103,0.8685121107266436,0.916955017301038,SL
2026,"Tidwell, Blade",694918,Giants,SF,R,88.2,69,807,5.452702702702703,0.0855018587360594,SL,Slider,31.2,-33.3,-2.1,-6,3.8,4.1,3.7,0.4,11,0.245674740484429,0.5951557093425606,SL
2026,"Rodríguez, Yariel",684320,Blue Jays,TOR,R,86.0,68,172,1.162162162162162,0.3953488372093023,SL,Slider,35.9,-35.9,0.0,0,1.2,4.5,3.7,0.8,21,,,SL
2026,"Hurt, Kyle",669165,Dodgers,LAD,R,88.0,67,718,4.884353741496598,0.0933147632311977,SL,Slider,34.2,-33.6,0.6,2,1.3,1.0,3.7,-2.8,-74,0.615916955017301,0.1141868512110726,SL
2026,"Senga, Kodai",673540,Mets,NYM,R,86.7,67,1043,7.095238095238095,0.0642377756471716,SL,Slider,34.7,-35.0,-0.3,-1,2.0,0.4,3.9,-3.5,-90,0.5017301038062284,0.0692041522491349,SL
2026,"Nicolas, Kyle",693312,Reds,CIN,R,90.0,66,198,1.346938775510204,0.3333333333333333,SL,Slider,30.8,-31.4,-0.6,-2,2.9,3.8,3.7,0.1,3,,,SL
2026,"Bratt, Mitch",683352,D-backs,AZ,L,86.6,65,726,4.905405405405405,0.0895316804407713,SL,Slider,28.2,-35.2,-7.0,-20,8.1,3.5,3.7,-0.2,-4,0.0103806228373702,0.4671280276816609,SL
2026,"Jansen, Kenley",445276,Tigers,DET,R,84.6,65,661,4.496598639455782,0.0983358547655068,SL,Slider,41.0,-37.3,3.7,10,-3.1,5.1,3.6,1.5,41,0.889273356401384,0.7612456747404844,SL
2026,"Rivera, Eduardo",700842,Red Sox,BOS,L,87.8,65,210,1.4189189189189189,0.3095238095238095,SL,Slider,31.3,-33.8,-2.5,-7,4.1,3.1,3.8,-0.7,-18,,,SL
2026,"Juenger, Hayden",696522,Athletics,ATH,R,87.9,63,292,1.972972972972973,0.2157534246575342,SL,Slider,29.2,-34.1,-4.8,-14,5.8,4.8,2.9,1.8,63,,,SL
2026,"Roa, Christian",685005,Astros,HOU,R,87.4,62,178,1.2027027027027026,0.348314606741573,SL,Slider,34.5,-34.2,0.4,1,1.2,7.0,3.7,3.2,87,,,SL
2026,"Sears, Andrew",808825,Tigers,DET,L,82.2,61,209,1.4217687074829932,0.291866028708134,SL,Slider,39.9,-40.2,-0.2,-1,0.4,5.4,6.7,-1.3,-19,,,SL
2026,"Heuer, Codi",676051,Guardians,CLE,R,86.5,61,189,1.277027027027027,0.3227513227513227,SL,Slider,35.9,-34.8,1.1,3,0.6,4.1,4.0,0.1,3,,,SL
2026,"Ross, Joe",605452,Rangers,TEX,R,89.4,59,205,1.385135135135135,0.2878048780487804,SL,Slider,28.6,-31.9,-3.3,-10,5.4,2.1,3.6,-1.5,-42,,,SL
2026,"Nardi, Andrew",677053,Marlins,MIA,L,85.8,59,378,2.554054054054054,0.156084656084656,SL,Slider,35.4,-35.9,-0.5,-1,2.0,5.4,4.2,1.2,28,,,SL
2026,"Dobnak, Randy",677976,Royals,KC,R,83.8,58,1067,7.20945945945946,0.0543580131208997,SL,Slider,41.8,-38.2,3.7,10,-2.8,2.4,3.3,-5.7,-174,0.889273356401384,0.0034602076124567,SL
2026,"Iglesias, Raisel",628452,Braves,ATL,R,82.8,58,848,5.72972972972973,0.0683962264150943,SL,Slider,36.1,-38.8,-2.7,-7,3.9,11.2,4.9,6.3,129,0.1764705882352941,0.9826989619377162,SL
2026,"Díaz, Yilber",700270,Tigers,DET,R,87.4,58,125,0.8503401360544217,0.464,SL,Slider,30.4,-34.6,-4.3,-12,5.3,0.0,2.6,-2.7,-100,,,SL
2026,"Kerry, Brett",695049,Angels,LAA,R,85.8,58,212,1.4421768707482994,0.2735849056603773,SL,Slider,36.9,-36.0,0.9,2,0.7,0.7,4.0,-3.3,-83,,,SL
2026,"Guerrero, Tyron",594027,Red Sox,BOS,R,91.5,58,573,3.8716216216216215,0.1012216404886562,SL,Slider,28.7,-29.7,-1.0,-4,3.9,1.6,3.7,-2.1,-57,0.3910034602076124,0.1903114186851211,SL
2026,"Civale, Aaron",650644,Cubs,CHC,R,82.5,58,1747,11.804054054054054,0.0331997710360618,SL,Slider,43.5,-39.4,4.2,11,-3.5,8.4,4.3,4.1,94,,,SL
2026,"Bradford, Cody",674003,Rangers,TEX,L,80.4,57,555,3.75,0.1027027027027027,SL,Slider,41.1,-41.0,0.1,0,1.1,4.9,5.3,-0.4,-8,0.5709342560553633,0.4394463667820069,SL
2026,"Hamilton, Ian",641656,Braves,ATL,R,86.9,57,92,0.6216216216216216,0.6195652173913043,SL,Slider,32.4,-35.1,-2.8,-8,3.9,0.7,2.7,-2.0,-76,,,SL
2026,"Assad, Javier",665871,Cubs,CHC,R,85.3,56,1405,9.493243243243244,0.0398576512455516,SL,Slider,37.0,-36.3,0.6,2,0.5,5.4,4.0,1.4,34,,,SL
2026,"Quantrill, Cal",615698,Rangers,TEX,R,86.0,55,1587,10.722972972972974,0.0346565847511027,SL,Slider,35.8,-35.8,0.0,0,1.1,2.3,3.8,-1.5,-39,,,SL
2026,"Curvelo, Luis",681168,Rangers,TEX,R,84.1,54,187,1.2635135135135136,0.2887700534759358,SL,Slider,35.1,-37.7,-2.6,-7,3.8,1.6,4.0,-2.4,-60,,,SL
2026,"Imanaga, Shota",684007,Cubs,CHC,L,86.4,54,2607,17.614864864864863,0.0207134637514384,SL,Slider,29.1,-35.4,-6.4,-18,7.2,3.2,3.8,-0.6,-15,,,SL
2026,"Yan, Jefry",642376,Mets,NYM,L,86.5,54,235,1.598639455782313,0.2297872340425532,SL,Slider,40.5,-35.3,5.2,15,-3.6,5.1,3.7,1.4,39,,,SL
2026,"Morris, Kade",695034,Athletics,ATH,R,88.2,52,322,2.175675675675676,0.1614906832298136,SL,Slider,29.7,-33.5,-3.8,-11,5.4,1.7,3.3,-1.6,-49,,,SL
2026,"Perkins, Jack",678022,Athletics,ATH,R,86.1,52,1809,12.222972972972974,0.0287451630735212,SL,Slider,41.5,-35.6,5.9,16,-4.8,4.9,3.9,0.9,24,,,SL
2026,"Manfredi, Mark",815081,Rockies,COL,L,85.3,51,209,1.4217687074829932,0.2440191387559808,SL,Slider,32.7,-36.5,-3.8,-10,4.4,3.5,4.4,-0.8,-19,,,SL
2026,"Rainey, Tanner",663432,Tigers,DET,R,88.1,51,127,0.8639455782312925,0.4015748031496063,SL,Slider,33.8,-33.3,0.4,1,1.3,3.5,3.5,0.0,0,,,SL
2026,"Montgomery, Jordan",656756,Rangers,TEX,L,83.1,51,290,1.9594594594594597,0.1758620689655172,SL,Slider,37.8,-38.8,-1.0,-3,1.8,4.7,3.6,1.1,32,,,SL
2026,"Espino, Daniel",682982,Guardians,CLE,R,91.9,51,178,1.2027027027027026,0.2865168539325842,SL,Slider,28.8,-29.2,-0.4,-1,3.6,3.6,2.8,0.8,27,,,SL
2026,"Beck, Brendan",694341,Yankees,NYY,R,83.9,50,149,1.0136054421768708,0.3355704697986577,SL,Slider,37.9,-37.9,0.0,0,1.1,1.4,4.2,-2.8,-67,,,SL
2026,"Vargas, Carlos",672841,Mariners,SEA,R,87.9,50,174,1.1756756756756757,0.2873563218390804,SL,Slider,33.3,-33.6,-0.3,-1,2.1,9.5,3.8,5.7,149,,,SL
2026,"Walker, Taijuan",592836,Phillies,PHI,R,81.1,50,424,2.864864864864865,0.1179245283018868,SL,Slider,37.8,-40.5,-2.8,-7,3.8,7.6,4.0,3.6,89,,,SL
2026,"Brieske, Beau",689225,Tigers,DET,R,89.6,49,225,1.530612244897959,0.2177777777777777,SL,Slider,29.6,-31.9,-2.3,-7,4.2,4.0,2.4,1.5,62,,,SL
2026,"Cerantola, Eric",672021,Royals,KC,R,84.2,49,122,0.8243243243243243,0.4016393442622951,SL,Slider,40.3,-37.6,2.7,7,-1.7,0.0,3.6,-3.6,-101,,,SL
2026,"Abner, Philip",691769,Giants,SF,L,80.5,49,270,1.8243243243243243,0.1814814814814815,SL,Slider,41.0,-41.7,-0.7,-2,1.3,11.3,7.6,3.6,48,,,SL
2026,"Falter, Bailey",663559,Braves,ATL,L,83.6,49,197,1.3310810810810811,0.248730964467005,SL,Slider,35.7,-38.4,-2.7,-7,3.3,4.7,4.2,0.5,12,,,SL
2026,"Estrada, Jeremiah",669093,Padres,SD,R,85.9,49,512,3.4829931972789114,0.095703125,SL,Slider,36.5,-35.8,0.6,2,0.7,6.5,4.0,2.4,61,0.615916955017301,0.8512110726643599,SL
2026,"Gervase, Paul",801434,Dodgers,LAD,R,83.0,48,124,0.8435374149659864,0.3870967741935484,SL,Slider,44.4,-39.0,5.4,14,-4.9,5.9,4.5,1.4,30,,,SL
2026,"Peralta, Sammy",671111,Angels,LAA,L,80.7,48,209,1.4217687074829932,0.2296650717703349,SL,Slider,35.5,-43.7,-8.2,-19,6.9,6.2,9.8,-3.6,-37,,,SL
2026,"Winn, Keaton",676775,Giants,SF,R,88.4,48,644,4.351351351351352,0.0745341614906832,SL,Slider,32.1,-33.0,-1.0,-3,2.8,0.7,3.4,-2.7,-80,0.3910034602076124,0.1176470588235294,SL
2026,"Abel, Mick",690953,Twins,MIN,R,87.1,48,357,2.4285714285714284,0.134453781512605,SL,Slider,32.4,-34.3,-1.9,-5,3.5,3.4,4.2,-0.8,-19,,,SL
2026,"Weiman, Blake",676620,Angels,LAA,L,83.6,48,185,1.2585034013605445,0.2594594594594595,SL,Slider,40.1,-38.3,1.8,5,-0.8,7.7,4.4,3.3,76,,,SL
2026,"Hoffmann, Andrew",694851,D-backs,AZ,R,86.1,47,229,1.5472972972972974,0.2052401746724891,SL,Slider,34.9,-35.7,-0.8,-2,1.9,4.4,4.0,0.4,11,,,SL
2026,"Mautz, Brycen",802408,Cardinals,STL,L,83.5,47,191,1.2905405405405406,0.2460732984293193,SL,Slider,40.3,-38.4,1.9,5,-1.0,0.8,5.6,-4.8,-86,,,SL
2026,"Rodríguez, Manuel",655889,Rays,TB,R,89.3,46,96,0.6530612244897959,0.4791666666666667,SL,Slider,32.8,-32.1,0.7,2,1.4,3.3,3.7,-0.4,-11,,,SL
2026,"Muñoz, Roddery",682610,Astros,HOU,R,86.0,46,112,0.7567567567567568,0.4107142857142857,SL,Slider,42.1,-35.8,6.3,18,-4.8,6.0,3.6,2.4,67,,,SL
2026,"Gonzalez, Domingo",682445,Mariners,SEA,R,86.2,46,129,0.8716216216216216,0.3565891472868217,SL,Slider,36.1,-35.3,0.8,2,0.9,2.6,4.2,-1.5,-37,,,SL
2026,"Severino, Luis",622663,Athletics,ATH,R,86.9,46,1086,7.337837837837838,0.0423572744014733,SL,Slider,33.2,-34.7,-1.5,-4,3.0,8.9,4.0,4.9,121,,,SL
2026,"Zerpa, Angel",672582,Brewers,MIL,L,87.1,45,216,1.4594594594594594,0.2083333333333333,SL,Slider,38.3,-34.7,3.6,10,-2.4,2.6,1.8,0.8,46,,,SL
2026,"Brebbia, John",605154,Rockies,COL,R,84.4,45,94,0.6394557823129252,0.4787234042553192,SL,Slider,33.2,-37.4,-4.2,-11,4.4,6.4,4.2,2.3,54,,,SL
2026,"Petty, Chase",695534,Reds,CIN,R,89.2,45,477,3.2448979591836733,0.0943396226415094,SL,Slider,31.0,-32.2,-1.2,-4,3.4,1.6,3.6,-2.0,-55,0.356401384083045,0.2006920415224913,SL
2026,"Santos, Gregory",666619,Giants,SF,R,89.1,44,86,0.581081081081081,0.5116279069767442,SL,Slider,32.5,-32.3,0.2,1,1.8,6.6,3.7,2.9,80,,,SL
2026,"Santillan, Tony",663574,Reds,CIN,R,85.1,44,646,4.394557823129252,0.0681114551083591,SL,Slider,35.5,-36.7,-1.2,-3,2.3,8.4,3.5,4.9,141,0.356401384083045,0.9550173010380624,SL
2026,"Molina, Anthony",683627,Giants,SF,R,87.8,44,374,2.527027027027027,0.1176470588235294,SL,Slider,28.3,-33.6,-5.3,-16,7.0,4.2,3.7,0.6,15,,,SL
2026,"Schultz, Paxton",687606,Nationals,WSH,R,84.8,44,610,4.093959731543624,0.0721311475409836,SL,Slider,35.1,-37.0,-1.9,-5,2.7,5.3,3.9,1.4,36,0.2664359861591695,0.7335640138408305,SL
2026,"Mills, Wyatt",670090,Dodgers,LAD,R,83.0,44,149,1.0136054421768708,0.2953020134228188,SL,Slider,33.7,-33.9,-0.3,-1,5.9,1.7,2.8,-1.2,-42,,,SL
2026,"Barnes, Charlie",656212,Dodgers,LAD,L,83.6,42,201,1.3673469387755102,0.208955223880597,SL,Slider,38.9,-38.5,0.3,1,0.4,5.2,3.3,1.9,55,,,SL
2026,"Perdomo, Cesar",702885,Giants,SF,L,86.0,42,141,0.9527027027027029,0.2978723404255319,SL,Slider,34.0,-36.0,-2.0,-6,3.4,0.3,3.0,-2.7,-89,,,SL
2026,"Bassitt, Chris",605135,Orioles,BAL,R,80.6,41,1546,10.445945945945946,0.0265200517464424,SL,Slider,45.6,-40.6,5.0,12,-3.6,8.1,7.0,1.1,16,,,SL
2026,"Sims, Lucas",608371,White Sox,CWS,R,85.6,41,171,1.163265306122449,0.239766081871345,SL,Slider,30.7,-36.2,-5.5,-15,6.5,7.9,3.4,4.5,130,,,SL
2026,"Foster, Cameron",671382,Orioles,BAL,R,84.0,41,189,1.277027027027027,0.2169312169312169,SL,Slider,44.2,-37.8,6.4,17,-5.4,2.3,4.0,-1.7,-42,,,SL
2026,"McFarlane, Alex",686934,Phillies,PHI,R,87.2,41,210,1.4189189189189189,0.1952380952380952,SL,Slider,37.8,-34.5,3.3,10,-2.1,4.4,3.7,0.7,19,,,SL
2026,"Spence, Mitch",687765,Royals,KC,R,84.5,40,200,1.351351351351351,0.2,SL,Slider,35.0,-37.4,-2.4,-6,3.5,12.7,4.0,8.7,215,,,SL
2026,"Garcia, Robert",676395,Rangers,TEX,L,84.9,40,170,1.148648648648649,0.2352941176470588,SL,Slider,38.3,-36.8,1.5,4,-0.3,5.7,4.1,1.7,41,,,SL
2026,"Anderson, Jack",681252,Twins,MIN,R,84.0,40,180,1.2244897959183674,0.2222222222222222,SL,Slider,35.7,-37.7,-2.1,-5,2.9,5.6,3.8,1.7,45,,,SL
2026,"Beck, Tristan",663941,Giants,SF,R,88.7,40,247,1.6689189189189189,0.1619433198380566,SL,Slider,30.8,-32.7,-2.0,-6,3.7,4.4,3.8,0.6,15,,,SL
2026,"Peguero, Joel",666711,Giants,SF,R,93.2,39,169,1.141891891891892,0.2307692307692307,SL,Slider,27.1,-29.2,-2.1,-7,4.0,4.6,1.5,3.1,207,,,SL
2026,"Ralston, Jack",667652,Marlins,MIA,R,84.8,39,154,1.0405405405405406,0.2532467532467532,SL,Slider,39.0,-36.7,2.3,6,-0.8,1.6,3.0,-1.4,-47,,,SL
2026,"De Jesus, Enmanuel",646241,Tigers,DET,L,80.1,39,669,4.551020408163265,0.0582959641255605,SL,Slider,50.2,-40.9,9.2,23,-7.6,4.6,6.5,-1.8,-28,1.0,0.231833910034602,SL
2026,"Englert, Mason",669438,Rays,TB,R,81.7,37,577,3.925170068027211,0.0641247833622183,SL,Slider,44.7,-39.7,5.0,13,-3.6,3.1,5.0,-1.9,-37,0.9307958477508652,0.2179930795847751,SL
2026,"Criswell, Jeff",676105,Rockies,COL,R,87.8,37,79,0.5374149659863946,0.4683544303797468,SL,Slider,32.6,-34.0,-1.4,-4,2.2,2.2,3.1,-0.9,-29,,,SL
2026,"Hiraldo, Yaramil",682274,Orioles,BAL,R,87.0,37,144,0.972972972972973,0.2569444444444444,SL,Slider,32.9,-34.6,-1.7,-5,3.1,4.0,3.6,0.5,13,,,SL
2026,"Wicks, Jordan",696136,Cubs,CHC,L,86.2,36,180,1.2162162162162162,0.2,SL,Slider,35.3,-35.5,-0.2,-1,1.3,4.2,3.9,0.3,9,,,SL
2026,"Funderburk, Kody",681892,Twins,MIN,L,87.7,36,813,5.530612244897959,0.044280442804428,SL,Slider,30.7,-33.9,-3.3,-10,5.0,0.4,4.0,-3.6,-90,,,SL
2026,"Dodd, Dylan",689266,Braves,ATL,L,82.5,35,716,4.837837837837838,0.0488826815642458,SL,Slider,41.8,-39.1,2.7,7,-1.6,0.8,4.5,-5.2,-117,,,SL
2026,"Drake, Kohl",684442,D-backs,AZ,L,81.7,35,382,2.581081081081081,0.0916230366492146,SL,Slider,39.6,-39.6,-0.1,0,1.1,3.0,5.2,-2.3,-43,,,SL
2026,"Klein, Will",694361,Dodgers,LAD,R,91.3,35,762,5.183673469387755,0.0459317585301837,SL,Slider,27.1,-29.8,-2.7,-9,5.5,1.9,3.2,-1.3,-41,,,SL
2026,"Wilkinson, Matt",683363,Giants,SF,L,79.1,35,269,1.8175675675675675,0.1301115241635687,SL,Slider,42.5,-45.0,-2.5,-5,1.3,10.0,10.2,-0.2,-2,,,SL
2026,"Shuster, Jared",694363,Cardinals,STL,L,84.5,34,166,1.1216216216216215,0.2048192771084337,SL,Slider,38.5,-37.2,1.3,4,-0.4,1.9,4.5,-2.6,-57,,,SL
2026,"Pop, Zach",647315,Phillies,PHI,R,86.4,34,130,0.8783783783783784,0.2615384615384615,SL,Slider,36.9,-35.4,1.6,4,-0.4,6.0,4.1,1.9,46,,,SL
2026,"Carrasco, Carlos",471911,Braves,ATL,R,86.2,34,246,1.662162162162162,0.1382113821138211,SL,Slider,29.9,-35.4,-5.5,-16,6.5,1.8,4.1,-2.2,-55,,,SL
2026,"Grove, Michael",675627,Rays,TB,R,85.1,34,89,0.6054421768707483,0.3820224719101123,SL,Slider,38.5,-36.7,1.8,5,-0.8,5.5,4.0,1.6,40,,,SL
2026,"Law, Derek",571882,D-backs,AZ,R,86.0,33,116,0.7837837837837838,0.2844827586206896,SL,Slider,35.1,-35.6,-0.5,-1,1.8,3.5,3.8,-0.2,-6,,,SL
2026,"Williams, Trevor",592866,Rangers,TEX,R,82.5,33,421,2.8445945945945947,0.0783847980997624,SL,Slider,35.8,-40.2,-4.4,-11,4.2,5.5,6.8,-1.3,-19,,,SL
2026,"Kelly, Michael",547184,Athletics,ATH,R,90.0,32,121,0.8175675675675675,0.2644628099173554,SL,Slider,27.6,-31.7,-4.1,-13,5.9,4.4,2.0,2.4,117,,,SL
2026,"Lovelady, Richard",663992,Nationals,WSH,L,86.7,32,539,3.61744966442953,0.059369202226345,SL,Slider,32.3,-34.4,-2.1,-6,3.8,3.5,4.2,-0.7,-17,0.245674740484429,0.3840830449826989,SL
2026,"Lavender, Nate",681320,Mets,NYM,L,85.0,31,198,1.346938775510204,0.1565656565656565,SL,Slider,32.3,-36.6,-4.3,-12,5.4,7.2,4.4,2.7,61,,,SL
2026,"Waldrep, Hurston",694462,Braves,ATL,R,85.2,31,215,1.4527027027027026,0.1441860465116279,SL,Slider,36.8,-36.7,0.1,0,0.6,2.4,4.0,-1.6,-40,,,SL
2026,"Go, Woo-Suk",808970,Twins,MIN,R,90.5,29,86,0.5850340136054422,0.3372093023255814,SL,Slider,28.2,-30.9,-2.7,-9,4.9,1.0,3.2,-2.2,-70,,,SL
2026,"Tolman, Erik",680899,Nationals,WSH,L,88.0,28,161,1.080536912751678,0.1739130434782608,SL,Slider,32.5,-33.6,-1.0,-3,2.4,2.6,3.6,-0.9,-26,,,SL
2026,"Muñoz, Rolddy",691548,Braves,ATL,R,88.2,28,49,0.3310810810810811,0.5714285714285714,SL,Slider,35.6,-33.4,2.2,7,-0.6,0.8,3.2,-2.4,-74,,,SL
2026,"Baker, Bryan",641329,Rays,TB,R,87.5,28,899,6.115646258503402,0.0311457174638487,SL,Slider,34.2,-33.9,0.4,1,1.4,7.1,3.6,3.5,96,,,SL
2026,"Phillips, Tyler",663969,Marlins,MIA,R,87.2,28,1846,12.472972972972974,0.0151679306608884,SL,Slider,33.8,-34.3,-0.6,-2,2.1,0.7,3.7,-3.1,-82,,,SL
2026,"Aldegheri, Sam",691951,Angels,LAA,L,81.6,28,610,4.149659863945578,0.0459016393442622,SL,Slider,45.0,-40.3,4.6,12,-3.8,2.0,4.8,-2.8,-58,,,SL
2026,"Schlittler, Cam",693645,Yankees,NYY,R,89.6,28,2778,18.897959183673468,0.0100791936645068,SL,Slider,29.7,-31.8,-2.1,-7,4.5,6.7,3.9,2.7,70,,,SL
2026,"Faucher, Calvin",676534,Marlins,MIA,R,91.8,27,1052,7.108108108108108,0.0256653992395437,SL,Slider,32.0,-30.0,2.0,7,0.3,3.1,1.9,1.2,64,,,SL
2026,"Monasterio, Andruw",655316,Red Sox,BOS,R,57.4,27,28,0.1891891891891892,0.9642857142857144,SL,Slider,70.4,-71.8,-1.4,-2,18.6,4.1,-4.1,0.0,0,,,SL
2026,"Ullola, Miguel",699044,Astros,HOU,R,86.2,26,119,0.8040540540540541,0.2184873949579832,SL,Slider,31.6,-35.4,-3.8,-11,5.3,6.2,4.2,2.0,49,,,SL
2026,"Pushard, Matt",690155,Cardinals,STL,R,88.5,26,120,0.8108108108108109,0.2166666666666666,SL,Slider,28.7,-33.0,-4.3,-13,6.1,4.1,3.7,0.3,9,,,SL
2026,"Mejia, Juan",675848,Rockies,COL,R,87.9,25,1165,7.925170068027211,0.0214592274678111,SL,Slider,33.2,-33.8,-0.6,-2,1.8,5.1,3.1,2.0,63,,,SL
2026,"Smith, Shane",681343,White Sox,CWS,R,90.5,25,225,1.530612244897959,0.1111111111111111,SL,Slider,29.1,-30.7,-1.6,-5,4.4,3.1,3.4,-0.3,-9,,,SL
2026,"Luzardo, Jesús",666200,Phillies,PHI,L,86.1,1093,2860,19.324324324324323,0.3821678321678322,ST,Sweeper,38.0,-37.6,0.3,1,-0.8,8.5,11.8,-3.3,-28,0.5025380710659898,0.116751269035533,ST
2026,"Fedde, Erick",607200,White Sox,CWS,R,82.1,852,2260,15.374149659863946,0.3769911504424779,ST,Sweeper,39.9,-39.4,0.5,1,0.6,15.6,14.1,1.4,10,0.5583756345177665,0.6598984771573604,ST
2026,"Williams, Gavin",668909,Guardians,CLE,R,87.5,759,2684,18.135135135135137,0.2827868852459016,ST,Sweeper,36.4,-35.5,0.9,3,-0.6,11.1,11.8,-0.7,-6,0.5989847715736041,0.3756345177664975,ST
2026,"Kirby, George",669923,Mariners,SEA,R,87.4,721,2569,17.35810810810811,0.2806539509536784,ST,Sweeper,38.9,-36.1,2.8,8,-3.0,11.1,11.8,-0.8,-7,0.7969543147208121,0.3553299492385787,ST
2026,"Manaea, Sean",640455,Mets,NYM,L,75.8,681,2227,15.149659863945578,0.305792546026044,ST,Sweeper,46.3,-45.8,0.6,1,1.6,12.7,14.7,-2.0,-13,0.5634517766497462,0.2233502538071066,ST
2026,"Kay, Anthony",641743,White Sox,CWS,L,82.7,588,2583,17.571428571428573,0.2276422764227642,ST,Sweeper,39.8,-39.5,0.3,1,0.2,13.0,13.7,-0.7,-5,0.5025380710659898,0.3756345177664975,ST
2026,"Ramírez, Yohan",670990,Pirates,PIT,R,84.2,541,1297,8.763513513513514,0.4171164225134927,ST,Sweeper,36.1,-36.8,-0.7,-2,2.6,16.1,13.6,2.6,19,0.3807106598984771,0.8324873096446701,ST
2026,"Meyer, Max",676974,Marlins,MIA,R,89.0,537,1789,12.08783783783784,0.3001676914477361,ST,Sweeper,41.0,-37.0,4.0,11,-6.3,8.9,10.4,-1.5,-15,0.868020304568528,0.2842639593908629,ST
2026,"King, Michael",650633,Padres,SD,R,82.0,527,2700,18.367346938775512,0.1951851851851851,ST,Sweeper,37.8,-39.7,-1.9,-5,3.1,13.0,14.2,-1.2,-9,0.2842639593908629,0.3197969543147208,ST
2026,"Abbott, Andrew",671096,Reds,CIN,L,82.1,521,2660,18.09523809523809,0.1958646616541353,ST,Sweeper,41.8,-39.8,2.0,5,-1.0,14.1,14.1,0.0,0,0.7309644670050761,0.4619289340101523,ST
2026,"Perkins, Jack",678022,Athletics,ATH,R,86.2,519,1809,12.222972972972974,0.2868988391376451,ST,Sweeper,35.1,-36.8,-1.8,-5,1.8,12.0,12.6,-0.7,-5,0.2944162436548223,0.3756345177664975,ST
2026,"Bruihl, Justin",677865,Cardinals,STL,L,77.9,494,1219,8.236486486486486,0.4052502050861362,ST,Sweeper,47.1,-42.8,4.3,10,-1.6,17.9,14.7,3.2,22,0.8934010152284264,0.9238578680203046,ST
2026,"Webb, Logan",657277,Giants,SF,R,84.2,477,2396,16.18918918918919,0.1990818030050083,ST,Sweeper,37.5,-37.2,0.4,1,1.1,14.3,13.7,0.6,5,0.5228426395939086,0.5532994923857868,ST
2026,"Rogers, Taylor",573124,Twins,MIN,L,77.9,473,943,6.414965986394558,0.5015906680805938,ST,Sweeper,45.5,-44.1,1.3,3,-0.1,16.6,15.8,0.7,5,0.6345177664974619,0.5583756345177665,ST
2026,"Warren, Will",701542,Yankees,NYY,R,84.0,467,2413,16.41496598639456,0.1935350186489846,ST,Sweeper,39.3,-37.6,1.6,4,-0.1,17.4,13.5,3.9,29,0.6802030456852792,0.9543147208121828,ST
2026,"Gray, Sonny",543243,Red Sox,BOS,R,84.8,463,2295,15.506756756756756,0.2017429193899782,ST,Sweeper,42.6,-37.3,5.4,14,-4.7,13.6,13.1,0.5,4,0.9593908629441624,0.5329949238578681,ST
2026,"Weathers, Ryan",677960,Yankees,NYY,L,81.2,458,2280,15.510204081632653,0.2008771929824561,ST,Sweeper,41.2,-40.5,0.8,2,0.5,13.5,14.8,-1.3,-9,0.583756345177665,0.3045685279187817,ST
2026,"Phillips, Tyler",663969,Marlins,MIA,R,84.2,450,1846,12.472972972972974,0.2437703141928494,ST,Sweeper,37.6,-38.0,-0.4,-1,1.1,11.4,13.2,-1.7,-13,0.4060913705583756,0.248730964467005,ST
2026,"Zeferjahn, Ryan",666171,Cubs,CHC,R,85.3,449,1173,7.925675675675675,0.3827791986359761,ST,Sweeper,32.7,-36.8,-4.1,-11,5.1,14.9,12.9,2.0,15,0.0710659898477157,0.7309644670050761,ST
2026,"Teng, Kai-Wei",678906,Astros,HOU,R,84.2,448,1266,8.554054054054054,0.353870458135861,ST,Sweeper,38.0,-37.7,0.2,1,0.9,15.0,13.4,1.6,12,0.482233502538071,0.7055837563451777,ST
2026,"Antone, Tejay",622088,Reds,CIN,R,83.9,442,819,5.571428571428571,0.5396825396825397,ST,Sweeper,35.9,-38.0,-2.1,-6,3.1,14.6,13.5,1.1,8,0.2690355329949238,0.6294416243654822,ST
2026,"Mejia, Juan",675848,Rockies,COL,R,84.1,429,1165,7.925170068027211,0.3682403433476395,ST,Sweeper,40.3,-38.6,1.7,4,-1.7,14.0,13.0,1.0,8,0.6954314720812182,0.6142131979695431,ST
2026,"Kerkering, Orion",689147,Phillies,PHI,R,87.1,428,1000,6.756756756756757,0.428,ST,Sweeper,36.7,-37.1,-0.5,-1,-0.5,14.1,11.6,2.5,21,0.3908629441624365,0.8071065989847716,ST
2026,"Scott, Christian",681035,Mets,NYM,R,81.3,417,1803,12.26530612244898,0.2312811980033277,ST,Sweeper,36.5,-39.5,-3.0,-8,5.1,16.9,14.2,2.7,19,0.1573604060913705,0.8477157360406091,ST
2026,"May, Dustin",669160,Brewers,MIL,R,86.0,413,2234,15.094594594594597,0.184870188003581,ST,Sweeper,41.3,-36.5,4.8,13,-3.9,16.1,13.0,3.1,24,0.9289340101522844,0.9086294416243654,ST
2026,"Skenes, Paul",694973,Pirates,PIT,R,84.3,412,2623,17.722972972972972,0.1570720548989706,ST,Sweeper,32.9,-37.1,-4.2,-11,5.7,10.2,13.4,-3.2,-24,0.065989847715736,0.1319796954314721,ST
2026,"Festa, Matt",670036,Guardians,CLE,R,83.4,405,1016,6.864864864864865,0.3986220472440945,ST,Sweeper,38.2,-37.9,0.3,1,1.3,15.7,13.9,1.8,13,0.5025380710659898,0.7258883248730964,ST
2026,"Ohtani, Shohei",660271,Dodgers,LAD,R,85.0,393,1335,9.081632653061224,0.2943820224719101,ST,Sweeper,34.5,-37.2,-2.7,-7,3.4,15.0,13.0,2.0,15,0.2030456852791878,0.7309644670050761,ST
2026,"Cavalli, Cade",676917,Nationals,WSH,R,86.3,390,2703,18.14093959731544,0.1442841287458379,ST,Sweeper,44.5,-37.2,7.3,20,-7.6,14.5,12.1,2.4,20,0.9898477157360406,0.7918781725888325,ST
2026,"Gasser, Robert",688107,Brewers,MIL,L,80.5,389,1534,10.364864864864863,0.2535853976531942,ST,Sweeper,37.9,-40.1,-2.2,-5,4.4,14.3,14.4,-0.1,-1,0.248730964467005,0.4365482233502538,ST
2026,"Moll, Sam",594580,Reds,CIN,L,81.2,387,1073,7.299319727891157,0.3606710158434296,ST,Sweeper,43.8,-43.5,0.2,1,-2.0,14.5,14.4,0.1,1,0.482233502538071,0.4873096446700508,ST
2026,"Seymour, Ian",693855,Rays,TB,L,81.6,386,1897,12.904761904761903,0.2034791776489193,ST,Sweeper,32.0,-39.8,-7.8,-20,9.4,12.1,14.2,-2.1,-15,0.0101522842639593,0.2081218274111675,ST
2026,"Fluharty, Mason",689254,Blue Jays,TOR,L,82.1,386,950,6.418918918918919,0.4063157894736842,ST,Sweeper,39.8,-39.7,0.1,0,1.2,15.2,14.2,1.0,7,0.4771573604060913,0.6142131979695431,ST
2026,"Jax, Griffin",643377,Rays,TB,R,87.6,384,1531,10.414965986394558,0.2508164598301763,ST,Sweeper,36.7,-36.5,0.2,1,-0.9,12.8,11.9,0.9,8,0.482233502538071,0.5939086294416244,ST
2026,"Imanaga, Shota",684007,Cubs,CHC,L,80.9,383,2607,17.614864864864863,0.1469121595703874,ST,Sweeper,42.3,-40.4,1.9,5,-0.5,14.1,14.6,-0.5,-3,0.7208121827411168,0.3959390862944162,ST
2026,"Warren, Austin",681810,Mets,NYM,R,84.9,377,821,5.585034013605442,0.4591961023142509,ST,Sweeper,39.5,-37.0,2.6,7,-1.5,15.3,13.7,1.6,11,0.7868020304568528,0.7055837563451777,ST
2026,"Griffin, Foster",656492,Guardians,CLE,L,80.1,375,2667,18.02027027027027,0.140607424071991,ST,Sweeper,43.8,-41.6,2.2,5,-1.1,16.7,14.7,2.0,13,0.751269035532995,0.7309644670050761,ST
2026,"Bazardo, Eduard",660825,Mariners,SEA,R,83.5,368,1055,7.128378378378378,0.3488151658767772,ST,Sweeper,43.5,-39.5,4.0,10,-4.2,14.8,13.1,1.7,13,0.868020304568528,0.7208121827411168,ST
2026,"Singer, Brady",663903,Reds,CIN,R,82.0,352,2547,17.3265306122449,0.138201806046329,ST,Sweeper,37.1,-38.7,-1.6,-4,3.3,7.2,14.0,-6.8,-49,0.3096446700507614,0.0,ST
2026,"Garcia, Julian",670062,Reds,CIN,R,82.4,352,678,4.612244897959184,0.5191740412979351,ST,Sweeper,42.6,-39.3,3.3,8,-2.2,11.9,14.1,-2.2,-16,0.8324873096446701,0.1979695431472081,ST
2026,"Hancock, Emerson",676106,Mariners,SEA,R,77.2,349,2171,14.66891891891892,0.1607554122524182,ST,Sweeper,43.5,-43.8,-0.3,-1,2.9,16.5,15.6,0.9,6,0.4263959390862944,0.5939086294416244,ST
2026,"Rogers, Trevor",669432,Orioles,BAL,L,78.1,344,2440,16.486486486486488,0.140983606557377,ST,Sweeper,41.1,-44.0,-2.8,-6,3.9,10.5,14.1,-3.7,-26,0.1878172588832487,0.0812182741116751,ST
2026,"Blubaugh, AJ",805123,Astros,HOU,R,84.6,342,1518,10.256756756756756,0.225296442687747,ST,Sweeper,34.8,-37.7,-2.9,-8,3.4,12.1,12.9,-0.8,-6,0.1776649746192893,0.3553299492385787,ST
2026,"Anderson, Grant",681982,Brewers,MIL,R,81.2,341,915,6.1824324324324325,0.3726775956284153,ST,Sweeper,37.8,-38.0,-0.1,0,3.6,11.9,13.0,-1.0,-8,0.4568527918781725,0.3350253807106599,ST
2026,"Wheeler, Zack",554430,Phillies,PHI,R,81.3,339,2360,15.945945945945946,0.1436440677966101,ST,Sweeper,42.4,-39.1,3.3,8,-0.8,16.9,14.1,2.8,20,0.8324873096446701,0.8883248730964467,ST
2026,"Junis, Jakob",596001,Rangers,TEX,R,82.1,330,752,5.081081081081081,0.4388297872340425,ST,Sweeper,41.3,-39.9,1.3,3,-0.5,16.5,14.0,2.5,18,0.6345177664974619,0.8071065989847716,ST
2026,"Sewald, Paul",623149,Blue Jays,TOR,R,83.0,327,779,5.263513513513513,0.4197689345314506,ST,Sweeper,34.2,-37.5,-3.3,-9,5.7,11.1,13.8,-2.7,-19,0.1218274111675127,0.1522842639593908,ST
2026,"O'Brien, Riley",676617,Cardinals,STL,R,82.9,317,990,6.6891891891891895,0.3202020202020202,ST,Sweeper,44.3,-38.2,6.2,16,-4.3,14.8,13.8,0.9,7,0.9746192893401016,0.5939086294416244,ST
2026,"Ryan, Joe",657746,Twins,MIN,R,80.5,316,2155,14.65986394557823,0.1466357308584686,ST,Sweeper,41.3,-39.8,1.5,4,1.1,14.4,14.2,0.2,2,0.6700507614213198,0.4974619289340101,ST
2026,"Ureña, Walbert",700712,Angels,LAA,R,87.0,316,2207,15.013605442176871,0.1431807884005437,ST,Sweeper,37.5,-37.6,-0.1,0,-1.1,7.6,10.3,-2.7,-26,0.4568527918781725,0.1522842639593908,ST
2026,"Pérez, Eury",691587,Marlins,MIA,R,83.7,311,2361,15.952702702702704,0.1317238458280389,ST,Sweeper,28.3,-38.1,-9.9,-26,11.1,8.2,13.5,-5.4,-40,0.0,0.0304568527918781,ST
2026,"Johnson, Ryan",696270,Angels,LAA,R,80.8,309,1455,9.89795918367347,0.2123711340206185,ST,Sweeper,35.6,-41.0,-5.5,-13,6.4,8.0,14.4,-6.4,-44,0.0203045685279187,0.0050761421319796,ST
2026,"Painter, Andrew",691725,Phillies,PHI,R,82.7,307,1861,12.574324324324325,0.1649650725416442,ST,Sweeper,38.3,-39.6,-1.2,-3,1.9,16.5,13.8,2.7,20,0.350253807106599,0.8477157360406091,ST
2026,"McLean, Nolan",690997,Mets,NYM,R,84.9,306,2750,18.70748299319728,0.1112727272727272,ST,Sweeper,40.0,-37.2,2.8,7,-1.5,18.7,13.4,5.3,40,0.7969543147208121,0.9847715736040608,ST
2026,"Keller, Mitch",656605,Pirates,PIT,R,82.0,302,1887,12.75,0.160042395336513,ST,Sweeper,40.0,-39.3,0.7,2,0.9,17.2,14.1,3.1,22,0.5685279187817259,0.9086294416243654,ST
2026,"Lugo, Seth",607625,Royals,KC,R,79.1,300,2710,18.31081081081081,0.1107011070110701,ST,Sweeper,44.2,-42.6,1.6,4,-0.2,17.1,15.6,1.5,9,0.6802030456852792,0.6802030456852792,ST
2026,"Lawrence, Justin",664875,Nationals,WSH,R,82.1,299,684,4.590604026845638,0.4371345029239766,ST,Sweeper,38.8,-37.9,0.9,2,2.0,17.2,13.5,3.7,27,0.5989847715736041,0.949238578680203,ST
2026,"Leahy, Kyle",681517,Cardinals,STL,R,84.8,297,2191,14.804054054054054,0.13555454130534,ST,Sweeper,35.9,-36.3,-0.4,-1,2.2,16.5,13.3,3.2,24,0.4060913705583756,0.9238578680203046,ST
2026,"Romero, JoJo",668941,Brewers,MIL,L,83.0,293,817,5.52027027027027,0.3586291309669522,ST,Sweeper,40.4,-39.1,1.2,3,-0.4,16.3,13.6,2.7,20,0.6243654822335025,0.8477157360406091,ST
2026,"Raley, Brooks",548384,Phillies,PHI,L,80.9,290,782,5.283783783783784,0.3708439897698209,ST,Sweeper,37.9,-40.8,-2.9,-7,4.4,17.2,14.7,2.5,17,0.1776649746192893,0.8071065989847716,ST
2026,"Holderman, Colin",670059,Guardians,CLE,R,84.7,290,860,5.8108108108108105,0.3372093023255814,ST,Sweeper,32.7,-37.3,-4.6,-12,5.6,10.7,13.3,-2.6,-19,0.0456852791878172,0.1725888324873096,ST
2026,"Bender, Anthony",669622,Marlins,MIA,R,83.5,279,539,3.641891891891892,0.5176252319109462,ST,Sweeper,36.6,-38.3,-1.7,-4,3.0,20.2,13.6,6.7,49,0.299492385786802,1.0,ST
2026,"Domínguez, Seranthony",622554,Mariners,SEA,R,85.0,279,1011,6.831081081081081,0.2759643916913946,ST,Sweeper,33.3,-37.2,-3.8,-10,4.5,10.4,13.0,-2.6,-20,0.0862944162436548,0.1725888324873096,ST
2026,"Alcantara, Sandy",645261,Marlins,MIA,R,84.2,272,3060,20.67567567567568,0.0888888888888888,ST,Sweeper,37.9,-38.5,-0.6,-2,1.0,12.1,12.9,-0.8,-6,0.3857868020304568,0.3553299492385787,ST
2026,"Tidwell, Blade",694918,Giants,SF,R,82.5,270,807,5.452702702702703,0.3345724907063197,ST,Sweeper,34.7,-39.2,-4.5,-12,5.5,13.9,13.9,0.0,0,0.0558375634517766,0.4619289340101523,ST
2026,"Nunez, Anthony",689296,Orioles,BAL,R,85.9,270,896,6.054054054054054,0.3013392857142857,ST,Sweeper,38.0,-36.8,1.1,3,-0.7,15.4,12.7,2.7,22,0.6091370558375635,0.8477157360406091,ST
2026,"Severino, Luis",622663,Athletics,ATH,R,84.9,267,1086,7.337837837837838,0.2458563535911602,ST,Sweeper,34.6,-37.1,-2.5,-7,3.7,17.3,13.1,4.2,32,0.2131979695431472,0.9695431472081218,ST
2026,"McGreevy, Michael",700241,Cardinals,STL,R,81.7,266,2504,16.91891891891892,0.1062300319488818,ST,Sweeper,42.8,-39.6,3.2,8,-1.7,14.3,14.2,0.1,0,0.817258883248731,0.4873096446700508,ST
2026,"Dobnak, Randy",677976,Royals,KC,R,82.4,266,1067,7.20945945945946,0.2492970946579194,ST,Sweeper,41.4,-39.6,1.8,5,-1.1,8.7,14.1,-5.4,-39,0.7106598984771574,0.0304568527918781,ST
2026,"Woo, Bryan",693433,Mariners,SEA,R,84.5,264,2395,16.18243243243243,0.1102296450939457,ST,Sweeper,34.8,-37.2,-2.4,-7,3.5,10.4,13.7,-3.3,-24,0.2233502538071066,0.116751269035533,ST
2026,"Phillips, Connor",683175,Reds,CIN,R,86.1,263,546,3.7142857142857135,0.4816849816849817,ST,Sweeper,35.1,-37.5,-2.4,-6,2.1,15.5,12.2,3.3,27,0.2233502538071066,0.934010152284264,ST
2026,"King, Bryan",687911,Astros,HOU,L,81.2,263,960,6.486486486486487,0.2739583333333333,ST,Sweeper,39.1,-40.1,-1.0,-3,2.6,13.6,14.3,-0.6,-5,0.3705583756345177,0.3908629441624365,ST
2026,"Faucher, Calvin",676534,Marlins,MIA,R,87.7,261,1052,7.108108108108108,0.2480988593155893,ST,Sweeper,37.0,-37.0,0.0,0,-1.3,15.0,11.3,3.6,32,0.467005076142132,0.9441624365482234,ST
2026,"Hudson, Bryan",663542,White Sox,CWS,L,80.2,261,964,6.557823129251701,0.2707468879668049,ST,Sweeper,47.7,-40.7,7.0,17,-4.7,14.6,14.5,0.0,0,0.9796954314720812,0.4619289340101523,ST
2026,"Bird, Jake",656234,Nationals,WSH,R,84.2,260,678,4.550335570469799,0.3834808259587021,ST,Sweeper,33.1,-37.5,-4.4,-12,5.6,14.5,13.6,0.9,7,0.0609137055837563,0.5939086294416244,ST
2026,"Junk, Janson",676083,Marlins,MIA,R,80.1,254,1761,11.89864864864865,0.144236229415105,ST,Sweeper,41.7,-41.4,0.4,1,1.2,15.8,14.5,1.3,9,0.5228426395939086,0.6446700507614214,ST
2026,"Svanson, Matt",694335,Cardinals,STL,R,86.6,254,788,5.324324324324325,0.3223350253807107,ST,Sweeper,34.4,-36.6,-2.2,-6,2.1,10.7,12.3,-1.6,-13,0.248730964467005,0.2690355329949238,ST
2026,"Hart, Kyle",606996,Padres,SD,L,83.2,253,996,6.775510204081633,0.2540160642570281,ST,Sweeper,38.3,-38.7,-0.4,-1,1.3,16.2,13.6,2.6,19,0.4060913705583756,0.8324873096446701,ST
2026,"Javier, Cristian",664299,Astros,HOU,R,81.2,252,978,6.608108108108108,0.2576687116564417,ST,Sweeper,37.5,-40.3,-2.8,-7,4.2,12.9,14.4,-1.6,-11,0.1878172588832487,0.2690355329949238,ST
2026,"Schreiber, John",670167,Yankees,NYY,R,82.3,251,923,6.27891156462585,0.2719393282773564,ST,Sweeper,39.0,-37.3,1.7,5,1.5,14.8,13.4,1.4,10,0.6954314720812182,0.6598984771573604,ST
2026,"Sugano, Tomoyuki",608372,Rockies,COL,R,83.7,246,2272,15.45578231292517,0.1082746478873239,ST,Sweeper,36.9,-38.5,-1.6,-4,2.1,9.0,13.3,-4.3,-32,0.3096446700507614,0.065989847715736,ST
2026,"Pfaadt, Brandon",694297,D-backs,AZ,R,84.2,246,1764,11.91891891891892,0.1394557823129251,ST,Sweeper,34.0,-37.4,-3.5,-9,4.8,10.8,13.5,-2.7,-20,0.116751269035533,0.1522842639593908,ST
2026,"Watson, Ryan",670245,Angels,LAA,R,85.0,243,1069,7.272108843537415,0.2273152478952292,ST,Sweeper,32.9,-36.2,-3.3,-9,5.1,11.8,13.2,-1.5,-11,0.1218274111675127,0.2842639593908629,ST
2026,"Hicks, Jordan",663855,White Sox,CWS,R,86.6,242,786,5.346938775510204,0.3078880407124681,ST,Sweeper,36.8,-37.1,-0.2,-1,-0.3,6.9,12.0,-5.0,-42,0.4416243654822335,0.0456852791878172,ST
2026,"Herget, Jimmy",623474,Rockies,COL,R,78.1,240,829,5.639455782312925,0.2895054282267792,ST,Sweeper,41.5,-42.7,-1.1,-3,3.3,14.5,15.0,-0.5,-3,0.365482233502538,0.3959390862944162,ST
2026,"Gómez, Yoendrys",672782,Twins,MIN,R,84.5,239,1014,6.8979591836734695,0.2357001972386588,ST,Sweeper,33.0,-36.9,-3.8,-10,5.4,13.1,13.4,-0.4,-3,0.0862944162436548,0.416243654822335,ST
2026,"Taillon, Jameson",592791,Blue Jays,TOR,R,80.2,236,1443,9.75,0.1635481635481635,ST,Sweeper,43.7,-42.2,1.6,4,-0.9,15.5,14.5,1.0,7,0.6802030456852792,0.6142131979695431,ST
2026,"Holmes, Clay",605280,Cubs,CHC,R,81.5,234,1338,9.04054054054054,0.1748878923766816,ST,Sweeper,45.4,-42.3,3.2,7,-4.0,16.8,13.9,2.9,21,0.817258883248731,0.8984771573604061,ST
2026,"Lovelady, Richard",663992,Nationals,WSH,L,81.8,231,539,3.61744966442953,0.4285714285714285,ST,Sweeper,41.3,-39.0,2.3,6,-0.4,14.1,14.2,-0.2,-1,0.7614213197969543,0.4263959390862944,ST
2026,"Bello, Brayan",678394,Red Sox,BOS,R,85.9,227,1736,11.72972972972973,0.1307603686635944,ST,Sweeper,40.6,-37.3,3.3,9,-3.5,8.1,12.5,-4.4,-35,0.8324873096446701,0.0609137055837563,ST
2026,"Poulin, PJ",676571,Nationals,WSH,L,79.0,224,635,4.261744966442953,0.352755905511811,ST,Sweeper,38.6,-40.6,-2.0,-5,5.5,7.7,13.8,-6.1,-44,0.2741116751269035,0.0101522842639593,ST
2026,"Ober, Bailey",641927,Twins,MIN,R,76.0,222,1881,12.79591836734694,0.1180223285486443,ST,Sweeper,45.9,-46.5,-0.5,-1,1.6,12.2,12.7,-0.5,-4,0.3908629441624365,0.3959390862944162,ST
2026,"Arrighetti, Spencer",681293,Blue Jays,TOR,R,79.7,218,1797,12.141891891891891,0.1213132999443517,ST,Sweeper,41.4,-41.5,-0.2,0,2.0,16.1,14.6,1.5,10,0.4416243654822335,0.6802030456852792,ST
2026,"Klein, Will",694361,Dodgers,LAD,R,88.6,216,762,5.183673469387755,0.2834645669291338,ST,Sweeper,38.4,-35.6,2.8,8,-3.5,13.0,11.5,1.5,13,0.7969543147208121,0.6802030456852792,ST
2026,"Gibson, Cade",806188,Marlins,MIA,L,80.3,216,775,5.236486486486487,0.2787096774193548,ST,Sweeper,42.7,-41.2,1.4,3,0.2,21.6,15.1,6.5,43,0.6598984771573604,0.9949238578680204,ST
2026,"Sterner, Justin",686993,Athletics,ATH,R,81.4,215,726,4.905405405405405,0.2961432506887052,ST,Sweeper,37.9,-39.7,-1.7,-4,3.6,14.5,14.2,0.3,2,0.299492385786802,0.5076142131979695,ST
2026,"Freeland, Kyle",607536,Rockies,COL,L,82.7,213,2006,13.64625850340136,0.1061814556331007,ST,Sweeper,43.4,-38.9,4.5,12,-3.3,8.6,13.9,-5.3,-38,0.9035532994923858,0.0406091370558375,ST
2026,"Agnos, Zach",688642,Rockies,COL,R,84.2,212,1356,9.224489795918368,0.1563421828908554,ST,Sweeper,41.0,-38.3,2.7,7,-2.5,13.9,13.1,0.8,6,0.7918781725888325,0.5736040609137056,ST
2026,"Schultz, Noah",702273,White Sox,CWS,L,82.7,209,1147,7.802721088435374,0.1822144725370532,ST,Sweeper,39.2,-39.0,0.2,1,0.9,14.5,13.9,0.7,5,0.482233502538071,0.5583756345177665,ST
2026,"Barlow, Scott",605130,Athletics,ATH,R,79.2,206,581,3.925675675675676,0.3545611015490533,ST,Sweeper,35.9,-41.3,-5.3,-13,7.8,10.9,14.7,-3.7,-25,0.0253807106598984,0.0812182741116751,ST
2026,"Mlodzinski, Carmen",669387,Pirates,PIT,R,83.5,206,1920,12.972972972972974,0.1072916666666666,ST,Sweeper,41.7,-37.7,4.0,11,-2.4,12.1,13.9,-1.8,-13,0.868020304568528,0.2385786802030456,ST
2026,"Bachar, Lake",669199,Pirates,PIT,R,86.5,203,1305,8.817567567567568,0.1555555555555555,ST,Sweeper,37.2,-37.4,-0.2,-1,-0.5,8.1,11.8,-3.7,-32,0.4416243654822335,0.0812182741116751,ST
2026,"Silseth, Chase",681217,Rangers,TEX,R,85.8,202,993,6.70945945945946,0.2034239677744209,ST,Sweeper,38.1,-37.6,0.4,1,-0.8,10.5,12.2,-1.7,-14,0.5228426395939086,0.248730964467005,ST
2026,"Wesneski, Hayden",669713,Astros,HOU,R,81.1,201,675,4.5608108108108105,0.2977777777777777,ST,Sweeper,45.6,-41.0,4.6,11,-3.6,19.7,14.2,5.4,38,0.9137055837563453,0.9898477157360406,ST
2026,"Gilbert, Logan",669302,Mariners,SEA,R,81.2,194,2745,18.5472972972973,0.0706739526411657,ST,Sweeper,45.2,-41.7,3.5,8,-3.5,14.7,14.4,0.3,2,0.8477157360406091,0.5076142131979695,ST
2026,"Rea, Colin",607067,Cubs,CHC,R,82.9,194,2185,14.763513513513514,0.088787185354691,ST,Sweeper,37.9,-38.3,-0.4,-1,1.9,15.3,13.9,1.4,10,0.4060913705583756,0.6598984771573604,ST
2026,"Feltner, Ryan",663372,Rockies,COL,R,81.9,192,1863,12.673469387755102,0.1030595813204508,ST,Sweeper,43.3,-39.4,3.9,10,-2.7,12.4,14.0,-1.7,-12,0.8578680203045685,0.248730964467005,ST
2026,"Alexander, Tyler",641302,Rangers,TEX,L,80.3,191,1054,7.121621621621622,0.1812144212523719,ST,Sweeper,40.8,-41.1,-0.3,-1,1.9,14.7,14.7,0.0,0,0.4263959390862944,0.4619289340101523,ST
2026,"Garcia, Brandyn",805299,D-backs,AZ,L,87.6,188,608,4.108108108108108,0.3092105263157895,ST,Sweeper,31.5,-36.7,-5.1,-14,4.2,12.3,10.7,1.6,15,0.0355329949238578,0.7055837563451777,ST
2026,"Lord, Brad",695418,Nationals,WSH,R,83.4,188,1363,9.14765100671141,0.1379310344827586,ST,Sweeper,39.0,-39.1,0.0,0,0.3,10.5,13.4,-2.9,-22,0.467005076142132,0.1472081218274111,ST
2026,"Lambert, Peter",663567,Astros,HOU,R,82.8,184,2367,15.993243243243244,0.0777355302070131,ST,Sweeper,42.1,-39.7,2.4,6,-1.8,15.7,13.5,2.2,16,0.7715736040609137,0.7614213197969543,ST
2026,"Yarbrough, Ryan",642232,Yankees,NYY,L,71.8,182,907,6.170068027210885,0.2006615214994487,ST,Sweeper,46.4,-48.9,-2.5,-5,7.0,14.6,15.9,-1.3,-8,0.2131979695431472,0.3045685279187817,ST
2026,"Cosgrove, Tom",676680,Nationals,WSH,L,73.4,178,268,1.7986577181208054,0.664179104477612,ST,Sweeper,49.2,-48.2,1.1,2,1.9,18.3,17.1,1.2,7,,,ST
2026,"Lorenzen, Michael",547179,Blue Jays,TOR,R,82.6,176,2331,15.75,0.0755040755040755,ST,Sweeper,40.0,-39.6,0.4,1,0.2,9.1,13.7,-4.6,-34,0.5228426395939086,0.0507614213197969,ST
2026,"Sproat, Brandon",687075,Brewers,MIL,R,86.2,175,1727,11.66891891891892,0.1013317892298784,ST,Sweeper,33.7,-36.9,-3.3,-9,3.3,13.2,12.5,0.7,6,0.1218274111675127,0.5583756345177665,ST
2026,"Milner, Hoby",571948,Mariners,SEA,L,78.3,174,614,4.148648648648648,0.2833876221498371,ST,Sweeper,45.4,-41.4,4.0,10,-0.4,14.4,13.0,1.3,10,0.868020304568528,0.6446700507614214,ST
2026,"Treinen, Blake",595014,Dodgers,LAD,R,83.9,173,420,2.857142857142857,0.4119047619047619,ST,Sweeper,39.7,-39.9,-0.2,-1,-0.7,12.9,13.1,-0.2,-1,,,ST
2026,"Soto, Gregory",642397,Pirates,PIT,L,82.6,173,1024,6.918918918918919,0.1689453125,ST,Sweeper,39.5,-39.1,0.4,1,0.9,12.1,13.9,-1.8,-13,0.5228426395939086,0.2385786802030456,ST
2026,"Littell, Zack",641793,D-backs,AZ,R,79.3,171,1975,13.344594594594597,0.0865822784810126,ST,Sweeper,47.7,-43.4,4.3,10,-4.3,12.2,14.4,-2.2,-15,0.8934010152284264,0.1979695431472081,ST
2026,"Weiss, Ryan",680802,Astros,HOU,R,83.8,171,530,3.581081081081081,0.3226415094339622,ST,Sweeper,39.7,-38.3,1.5,4,-0.6,15.7,13.4,2.3,17,0.6700507614213198,0.7766497461928934,ST
2026,"Roberts, Ethan",681799,Cubs,CHC,R,83.5,169,436,2.945945945945946,0.3876146788990826,ST,Sweeper,40.4,-37.9,2.5,7,-1.0,19.8,13.9,5.9,43,,,ST
2026,"Fried, Max",608331,Yankees,NYY,L,79.9,169,1511,10.27891156462585,0.1118464592984778,ST,Sweeper,46.5,-41.9,4.6,11,-3.2,17.5,14.6,2.9,20,0.9137055837563453,0.8984771573604061,ST
2026,"Thornton, Zac",804267,Mets,NYM,L,79.9,168,1006,6.843537414965986,0.1669980119284294,ST,Sweeper,42.3,-42.6,-0.3,-1,0.9,12.8,14.3,-1.6,-11,0.4263959390862944,0.2690355329949238,ST
2026,"Holton, Tyler",663947,Tigers,DET,L,79.9,168,1080,7.346938775510204,0.1555555555555555,ST,Sweeper,45.0,-41.8,3.2,8,-1.9,17.3,14.6,2.7,19,0.817258883248731,0.8477157360406091,ST
2026,"Funderburk, Kody",681892,Twins,MIN,L,81.6,167,813,5.530612244897959,0.2054120541205412,ST,Sweeper,44.8,-39.8,5.0,13,-3.4,15.1,14.3,0.8,5,0.9441624365482234,0.5736040609137056,ST
2026,"Buehler, Walker",621111,Padres,SD,R,82.7,166,2352,16.0,0.070578231292517,ST,Sweeper,35.4,-38.5,-3.1,-8,4.7,13.4,13.9,-0.5,-3,0.1472081218274111,0.3959390862944162,ST
2026,"Shugart, Chase",663767,Phillies,PHI,R,82.6,165,774,5.22972972972973,0.2131782945736434,ST,Sweeper,40.1,-38.9,1.2,3,0.3,16.8,14.1,2.7,19,0.6243654822335025,0.8477157360406091,ST
2026,"Gusto, Ryan",687473,Marlins,MIA,R,81.7,165,1267,8.56081081081081,0.1302288871349644,ST,Sweeper,42.6,-39.7,2.9,7,-1.3,15.6,14.2,1.4,10,0.8121827411167513,0.6598984771573604,ST
2026,"Armstrong, Shawn",542888,Guardians,CLE,R,84.5,164,597,4.033783783783784,0.2747068676716918,ST,Sweeper,28.5,-37.4,-8.9,-24,9.9,12.3,13.2,-0.9,-7,0.0050761421319796,0.3451776649746192,ST
2026,"Zuber, Tyler",676604,Marlins,MIA,R,83.7,156,601,4.0608108108108105,0.259567387687188,ST,Sweeper,32.3,-37.3,-4.9,-13,6.9,16.6,14.4,2.2,16,0.0406091370558375,0.7614213197969543,ST
2026,"Peralta, Freddy",642547,Rays,TB,R,82.1,153,2683,18.25170068027211,0.0570257174804323,ST,Sweeper,35.0,-38.9,-3.9,-10,5.7,10.6,14.2,-3.6,-25,0.0812182741116751,0.1015228426395939,ST
2026,"Irvin, Jake",663623,Nationals,WSH,R,82.1,145,1665,11.174496644295305,0.087087087087087,ST,Sweeper,35.3,-39.0,-3.6,-9,5.2,10.4,14.1,-3.6,-26,0.1116751269035533,0.1015228426395939,ST
2026,"Smith, Dylan",681916,Giants,SF,R,85.9,143,590,3.9864864864864864,0.2423728813559322,ST,Sweeper,31.6,-36.8,-5.2,-14,5.2,8.9,12.3,-3.5,-28,0.0304568527918781,0.1116751269035533,ST
2026,"Bubic, Kris",663460,Royals,KC,L,82.4,140,811,5.47972972972973,0.1726263871763255,ST,Sweeper,44.6,-38.9,5.7,15,-4.1,13.8,14.0,-0.2,-1,0.9695431472081218,0.4263959390862944,ST
2026,"Dobbins, Hunter",690928,Cardinals,STL,R,82.0,137,932,6.297297297297297,0.1469957081545064,ST,Sweeper,40.4,-39.6,0.8,2,0.3,15.5,14.1,1.5,10,0.583756345177665,0.6802030456852792,ST
2026,"Bibee, Tanner",676440,Guardians,CLE,R,82.4,137,2683,18.12837837837838,0.0510622437569884,ST,Sweeper,41.0,-39.7,1.3,3,-0.5,16.6,13.9,2.7,20,0.6345177664974619,0.8477157360406091,ST
2026,"McCullers Jr., Lance",621121,Brewers,MIL,R,82.3,137,793,5.358108108108108,0.1727616645649432,ST,Sweeper,34.5,-39.1,-4.6,-12,6.1,17.1,14.3,2.8,19,0.0456852791878172,0.8883248730964467,ST
2026,"Thornton, Trent",663423,Cubs,CHC,R,81.3,135,708,4.783783783783784,0.1906779661016949,ST,Sweeper,41.5,-39.8,1.7,4,0.0,15.8,14.6,1.2,9,0.6954314720812182,0.6395939086294417,ST
2026,"Wilcox, Cole",677961,Mariners,SEA,R,86.5,133,488,3.2972972972972974,0.2725409836065574,ST,Sweeper,41.5,-37.0,4.5,12,-4.9,10.4,12.1,-1.7,-14,0.9035532994923858,0.248730964467005,ST
2026,"Phillips, Evan",623465,Dodgers,LAD,R,86.1,132,357,2.4285714285714284,0.3697478991596639,ST,Sweeper,39.3,-36.9,2.4,6,-2.2,15.8,12.6,3.2,26,,,ST
2026,"Young, Danny",664849,Braves,ATL,L,82.8,131,265,1.7905405405405406,0.4943396226415094,ST,Sweeper,40.1,-37.9,2.2,6,0.1,16.8,14.1,2.7,19,,,ST
2026,"Cruz, Fernando",518585,Yankees,NYY,R,82.2,131,944,6.421768707482993,0.1387711864406779,ST,Sweeper,36.4,-39.4,-3.0,-8,4.2,12.7,14.2,-1.5,-10,0.1573604060913705,0.2842639593908629,ST
2026,"Palmquist, Carson",687223,Nationals,WSH,L,73.9,131,313,2.100671140939597,0.4185303514376997,ST,Sweeper,49.1,-49.2,-0.2,0,1.0,12.6,13.5,-0.8,-6,,,ST
2026,"Springs, Jeffrey",605488,Athletics,ATH,L,77.4,131,2314,15.635135135135137,0.0566119273984442,ST,Sweeper,45.5,-45.2,0.4,1,0.5,12.8,14.7,-1.9,-13,0.5228426395939086,0.2284263959390862,ST
2026,"Sisk, Evan",681895,Pirates,PIT,L,80.3,130,791,5.344594594594595,0.1643489254108723,ST,Sweeper,37.3,-40.3,-3.0,-8,5.5,11.3,14.3,-3.0,-21,0.1573604060913705,0.1370558375634517,ST
2026,"Banks, Tanner",621383,Phillies,PHI,L,81.6,127,551,3.722972972972973,0.2304900181488203,ST,Sweeper,39.2,-42.2,-3.0,-7,2.2,13.8,13.9,-0.1,-1,0.1573604060913705,0.4365482233502538,ST
2026,"Smith, Cade",671922,Guardians,CLE,R,85.5,126,1125,7.601351351351352,0.112,ST,Sweeper,35.3,-35.8,-0.5,-2,2.3,13.8,13.3,0.5,4,0.3908629441624365,0.5329949238578681,ST
2026,"Rolison, Ryan",669020,Cubs,CHC,L,85.2,125,870,5.878378378378378,0.1436781609195402,ST,Sweeper,37.9,-37.2,0.7,2,-0.3,13.2,12.7,0.4,3,0.5685279187817259,0.5228426395939086,ST
2026,"Fulton, Dax",690978,Marlins,MIA,L,83.9,125,377,2.5472972972972974,0.3315649867374005,ST,Sweeper,39.4,-38.5,0.9,2,-0.2,14.0,13.3,0.7,5,,,ST
2026,"Legumina, Casey",668984,Rays,TB,R,79.8,124,1012,6.884353741496598,0.1225296442687747,ST,Sweeper,36.3,-40.4,-4.1,-10,6.9,11.5,13.8,-2.3,-17,0.0710659898477157,0.1928934010152284,ST
2026,"Paredes, Mike",702474,Twins,MIN,R,79.2,121,551,3.748299319727891,0.219600725952813,ST,Sweeper,41.8,-41.1,0.7,2,1.9,17.0,14.5,2.4,17,0.5685279187817259,0.7918781725888325,ST
2026,"Weissert, Greg",669711,Red Sox,BOS,R,81.9,121,916,6.1891891891891895,0.1320960698689956,ST,Sweeper,35.5,-37.4,-1.9,-5,5.7,18.5,14.5,3.9,27,0.2842639593908629,0.9543147208121828,ST
2026,"Backhus, Kyle",679775,Phillies,PHI,L,78.3,121,354,2.391891891891892,0.3418079096045198,ST,Sweeper,41.7,-41.8,-0.1,0,3.1,11.0,13.3,-2.3,-17,,,ST
2026,"Early, Connelly",813349,Red Sox,BOS,L,82.5,120,1528,10.324324324324325,0.0785340314136125,ST,Sweeper,42.5,-38.6,3.9,10,-2.0,13.9,14.0,-0.1,-1,0.8578680203045685,0.4365482233502538,ST
2026,"Cecconi, Slade",677944,Guardians,CLE,R,83.1,118,1939,13.10135135135135,0.0608561113976276,ST,Sweeper,40.0,-38.9,1.1,3,-0.1,10.6,13.6,-3.0,-22,0.6091370558375635,0.1370558375634517,ST
2026,"Duarte, Daniel",650960,Mets,NYM,R,81.5,117,452,3.074829931972789,0.2588495575221239,ST,Sweeper,38.9,-40.2,-1.3,-3,2.4,16.9,14.3,2.6,18,0.3401015228426396,0.8324873096446701,ST
2026,"Ekness, Josh",694795,Marlins,MIA,R,85.3,115,432,2.918918918918919,0.2662037037037037,ST,Sweeper,33.4,-36.5,-3.1,-8,4.5,15.4,13.4,2.0,15,,,ST
2026,"Gastelum, Luis",703725,Cardinals,STL,R,84.6,115,501,3.385135135135135,0.2295409181636726,ST,Sweeper,38.3,-37.0,1.4,4,-0.2,12.5,13.4,-0.9,-7,0.6598984771573604,0.3451776649746192,ST
2026,"King, John",667463,Marlins,MIA,L,81.5,114,714,4.824324324324325,0.1596638655462184,ST,Sweeper,42.4,-40.0,2.4,6,-1.0,15.5,14.4,1.1,8,0.7715736040609137,0.6294416243654822,ST
2026,"Black, Mason",696131,Royals,KC,R,83.0,113,556,3.756756756756757,0.2032374100719424,ST,Sweeper,42.8,-38.1,4.8,13,-2.9,12.9,14.0,-1.1,-8,0.9289340101522844,0.3248730964467005,ST
2026,"Williams, Trevor",592866,Rangers,TEX,R,78.4,112,421,2.8445945945945947,0.2660332541567696,ST,Sweeper,36.9,-42.0,-5.2,-12,7.7,8.6,14.7,-6.1,-41,,,ST
2026,"Barnett, Mason",686930,Athletics,ATH,R,83.5,110,743,5.02027027027027,0.1480484522207268,ST,Sweeper,44.1,-39.0,5.2,13,-4.8,15.9,13.4,2.5,19,0.9543147208121828,0.8071065989847716,ST
2026,"Vásquez, Randy",681190,Padres,SD,R,84.3,110,2055,13.979591836734691,0.0535279805352798,ST,Sweeper,37.0,-38.4,-1.3,-3,1.4,10.6,13.0,-2.5,-19,0.3401015228426396,0.1878172588832487,ST
2026,"Hurter, Brant",676428,Tigers,DET,L,81.6,108,391,2.659863945578232,0.2762148337595907,ST,Sweeper,39.8,-40.6,-0.9,-2,1.5,13.2,14.1,-0.9,-7,,,ST
2026,"Miller, Bryce",682243,Mariners,SEA,R,83.7,108,1612,10.891891891891891,0.0669975186104218,ST,Sweeper,46.0,-38.0,8.0,21,-6.9,15.1,13.6,1.5,11,1.0,0.6802030456852792,ST
2026,"Castaño, Blas",680604,Rockies,COL,R,82.8,106,439,2.986394557823129,0.2414578587699316,ST,Sweeper,38.7,-38.0,0.7,2,1.1,12.5,15.1,-2.6,-17,,,ST
2026,"Thielbar, Caleb",573204,Cubs,CHC,L,80.2,106,789,5.331081081081081,0.1343472750316856,ST,Sweeper,43.9,-41.9,2.0,5,-1.4,15.0,14.5,0.5,4,0.7309644670050761,0.5329949238578681,ST
2026,"Chandler, Bubba",696149,Pirates,PIT,R,87.7,104,2428,16.405405405405407,0.042833607907743,ST,Sweeper,34.3,-36.2,-1.9,-5,1.2,8.7,11.7,-3.0,-26,,,ST
2026,"Morris, Andrew",702193,Twins,MIN,R,81.9,104,1151,7.829931972789115,0.0903562119895742,ST,Sweeper,37.8,-41.5,-3.7,-9,3.1,16.1,14.0,2.1,15,0.1015228426395939,0.7461928934010152,ST
2026,"Bennett, Jake",687562,Red Sox,BOS,L,79.5,104,1462,9.87837837837838,0.0711354309165526,ST,Sweeper,49.7,-42.0,7.8,18,-6.3,11.7,14.3,-2.6,-18,0.9949238578680204,0.1725888324873096,ST
2026,"Kimbrel, Craig",518886,Royals,KC,R,85.6,103,743,5.02027027027027,0.1386271870794078,ST,Sweeper,37.5,-36.7,0.8,2,0.2,13.3,13.5,-0.1,-1,0.583756345177665,0.4365482233502538,ST
2026,"Cuas, Jose",621016,Royals,KC,R,82.9,102,374,2.527027027027027,0.2727272727272727,ST,Sweeper,34.1,-36.6,-2.5,-7,6.1,6.3,13.1,-6.8,-52,,,ST
2026,"Waldron, Matt",663362,Nationals,WSH,R,80.9,101,690,4.630872483221476,0.1463768115942029,ST,Sweeper,37.3,-40.0,-2.8,-7,4.4,13.2,14.3,-1.1,-8,0.1878172588832487,0.3248730964467005,ST
2026,"Jump, Gage",695611,Athletics,ATH,L,83.8,100,1712,11.567567567567568,0.058411214953271,ST,Sweeper,36.0,-38.0,-2.0,-5,3.0,13.9,13.5,0.4,3,0.2741116751269035,0.5228426395939086,ST
2026,"Cease, Dylan",656302,Blue Jays,TOR,R,83.4,100,2727,18.42567567567568,0.0366703337000366,ST,Sweeper,48.5,-38.8,9.7,25,-8.9,11.7,13.5,-1.8,-13,,,ST
2026,"Collyer, Gavin",686560,Rangers,TEX,R,85.7,99,446,3.0135135135135136,0.2219730941704036,ST,Sweeper,33.1,-36.4,-3.3,-9,4.3,12.2,13.6,-1.4,-10,0.1218274111675127,0.299492385786802,ST
2026,"Assad, Javier",665871,Cubs,CHC,R,81.6,98,1405,9.493243243243244,0.0697508896797153,ST,Sweeper,40.5,-40.1,0.4,1,0.8,15.0,14.2,0.8,6,0.5228426395939086,0.5736040609137056,ST
2026,"Soriano, George",666277,Cardinals,STL,R,85.9,98,1067,7.20945945945946,0.091846298031865,ST,Sweeper,38.5,-36.8,1.8,5,-1.4,7.0,12.8,-5.8,-45,0.7106598984771574,0.015228426395939,ST
2026,"Henry, Cole",669371,Nationals,WSH,R,82.2,98,282,1.8926174496644292,0.3475177304964539,ST,Sweeper,39.8,-39.0,0.8,2,0.8,15.0,14.2,0.9,6,,,ST
2026,"Marinaccio, Ron",676760,Reds,CIN,R,81.9,97,1042,7.08843537414966,0.0930902111324376,ST,Sweeper,36.3,-38.6,-2.4,-6,4.6,11.2,13.9,-2.7,-20,0.2233502538071066,0.1522842639593908,ST
2026,"Criswell, Cooper",681867,Mariners,SEA,R,78.6,97,518,3.5,0.1872586872586872,ST,Sweeper,37.9,-41.7,-3.8,-9,6.8,19.0,14.6,4.4,30,0.0862944162436548,0.9796954314720812,ST
2026,"Mikolas, Miles",571945,Nationals,WSH,R,82.0,97,1826,12.25503355704698,0.0531215772179627,ST,Sweeper,42.6,-41.5,1.1,3,-1.9,8.1,13.9,-5.8,-42,0.6091370558375635,0.015228426395939,ST
2026,"Beck, Tristan",663941,Giants,SF,R,82.8,96,247,1.6689189189189189,0.388663967611336,ST,Sweeper,39.9,-38.7,1.3,3,0.1,17.9,13.9,4.0,29,,,ST
2026,"Duran, Jhoan",661395,Phillies,PHI,R,89.5,96,861,5.817567567567568,0.1114982578397212,ST,Sweeper,35.0,-37.3,-2.3,-6,-0.9,7.8,9.7,-1.9,-20,0.2436548223350254,0.2284263959390862,ST
2026,"Bassitt, Chris",605135,Orioles,BAL,R,73.5,96,1546,10.445945945945946,0.0620957309184993,ST,Sweeper,52.3,-48.2,4.1,9,-0.9,18.6,16.1,2.5,16,0.8883248730964467,0.8071065989847716,ST
2026,"Krook, Matt",640454,Nationals,WSH,L,82.1,93,179,1.2013422818791946,0.5195530726256983,ST,Sweeper,40.5,-39.9,0.6,2,0.3,14.1,13.9,0.2,1,,,ST
2026,"Cleavinger, Garrett",664076,Rays,TB,L,80.4,91,734,4.993197278911564,0.1239782016348773,ST,Sweeper,42.7,-40.5,2.2,5,0.0,18.2,15.1,3.1,21,0.751269035532995,0.9086294416243654,ST
2026,"Santa, Alimber",695001,Astros,HOU,R,82.7,90,238,1.608108108108108,0.3781512605042016,ST,Sweeper,37.6,-39.0,-1.4,-3,2.5,16.9,13.9,3.0,21,,,ST
2026,"Cano, Yennier",666974,Orioles,BAL,R,85.7,89,735,4.966216216216216,0.1210884353741496,ST,Sweeper,36.1,-37.2,-1.2,-3,1.4,13.3,12.4,0.8,7,0.350253807106599,0.5736040609137056,ST
2026,"Weiman, Blake",676620,Angels,LAA,L,79.2,89,185,1.2585034013605445,0.4810810810810811,ST,Sweeper,42.3,-42.3,0.0,0,1.8,16.5,14.5,1.9,13,,,ST
2026,"Senga, Kodai",673540,Mets,NYM,R,81.5,89,1043,7.095238095238095,0.0853307766059443,ST,Sweeper,46.3,-40.6,5.6,14,-4.8,9.8,14.0,-4.2,-30,0.964467005076142,0.0710659898477157,ST
2026,"Slaten, Justin",686580,Red Sox,BOS,R,86.1,87,508,3.4324324324324325,0.171259842519685,ST,Sweeper,34.9,-36.1,-1.2,-3,2.0,13.9,12.6,1.3,11,0.350253807106599,0.6446700507614214,ST
2026,"Petty, Chase",695534,Reds,CIN,R,83.2,87,477,3.2448979591836733,0.1823899371069182,ST,Sweeper,36.9,-38.3,-1.4,-4,2.6,12.6,13.9,-1.3,-9,0.3248730964467005,0.3045685279187817,ST
2026,"Nardi, Andrew",677053,Marlins,MIA,L,82.7,87,378,2.554054054054054,0.2301587301587301,ST,Sweeper,36.8,-38.6,-1.8,-5,3.7,14.5,13.9,0.5,4,,,ST
2026,"Saucedo, Tayler",642048,Angels,LAA,L,82.4,87,267,1.816326530612245,0.3258426966292135,ST,Sweeper,35.6,-38.7,-3.2,-8,4.9,9.2,14.1,-4.9,-35,,,ST
2026,"Maton, Phil",664208,Cubs,CHC,R,83.2,83,546,3.689189189189189,0.152014652014652,ST,Sweeper,35.0,-37.7,-2.7,-7,4.5,12.9,13.8,-0.8,-6,0.2030456852791878,0.3553299492385787,ST
2026,"Hollowell, Gavin",668970,Cubs,CHC,R,84.4,83,253,1.7094594594594594,0.3280632411067193,ST,Sweeper,33.9,-37.2,-3.4,-9,4.7,14.3,13.6,0.7,5,,,ST
2026,"Topa, Justin",623437,Yankees,NYY,R,81.8,82,413,2.8095238095238093,0.198547215496368,ST,Sweeper,38.1,-39.0,-0.9,-2,3.0,14.3,15.1,-0.8,-5,,,ST
2026,"Blackburn, Paul",621112,Yankees,NYY,R,83.8,81,1154,7.850340136054422,0.0701906412478336,ST,Sweeper,42.1,-38.4,3.7,10,-2.9,15.4,13.3,2.2,16,0.8527918781725888,0.7614213197969543,ST
2026,"Stewart, Brock",592779,Dodgers,LAD,R,83.9,80,321,2.183673469387755,0.249221183800623,ST,Sweeper,36.2,-37.7,-1.5,-4,2.7,15.2,13.8,1.5,11,,,ST
2026,"Pecko, Ethan",814490,Astros,HOU,R,82.7,79,416,2.810810810810811,0.1899038461538461,ST,Sweeper,36.5,-38.7,-2.2,-6,3.8,11.0,13.9,-2.9,-21,,,ST
2026,"Kolek, Stephen",663568,Royals,KC,R,79.9,78,837,5.655405405405405,0.0931899641577061,ST,Sweeper,48.3,-41.2,7.1,17,-5.4,14.7,14.8,-0.1,-1,0.9847715736040608,0.4365482233502538,ST
2026,"Paddack, Chris",663978,Rangers,TEX,R,79.3,78,1015,6.858108108108108,0.076847290640394,ST,Sweeper,48.1,-43.2,4.9,11,-4.2,11.2,14.4,-3.3,-23,0.9390862944162436,0.116751269035533,ST
2026,"Bowlan, Jonathan",680742,Phillies,PHI,R,84.7,77,934,6.3108108108108105,0.082441113490364,ST,Sweeper,39.9,-37.8,2.0,5,-1.5,15.1,12.7,2.3,18,0.7309644670050761,0.7766497461928934,ST
2026,"Sears, JP",676664,Padres,SD,L,79.7,76,529,3.598639455782313,0.1436672967863894,ST,Sweeper,37.4,-40.4,-3.1,-8,5.8,12.4,14.5,-2.1,-15,0.1472081218274111,0.2081218274111675,ST
2026,"Scholtens, Jesse",669947,Rays,TB,R,80.4,76,723,4.918367346938775,0.1051175656984785,ST,Sweeper,41.7,-41.4,0.3,1,1.0,14.9,14.4,0.5,3,0.5025380710659898,0.5329949238578681,ST
2026,"Murray, Jayden",681151,Cubs,CHC,R,81.1,75,304,2.054054054054054,0.2467105263157894,ST,Sweeper,43.0,-40.5,2.5,6,-1.1,16.4,14.4,2.0,14,,,ST
2026,"Crochet, Garrett",676979,Red Sox,BOS,L,83.4,74,518,3.5,0.1428571428571428,ST,Sweeper,40.8,-38.7,2.1,5,-1.2,13.8,13.5,0.2,2,0.7461928934010152,0.4974619289340101,ST
2026,"Harris, Trent",805345,Giants,SF,R,84.8,74,272,1.837837837837838,0.2720588235294117,ST,Sweeper,39.5,-37.4,2.1,6,-1.3,17.0,12.8,4.2,32,,,ST
2026,"Williamson, Brandon",682227,Reds,CIN,L,81.0,72,691,4.700680272108843,0.1041968162083936,ST,Sweeper,40.3,-42.5,-2.2,-5,1.7,14.0,13.7,0.3,2,0.248730964467005,0.5076142131979695,ST
2026,"Sullivan, Sean",807743,Rockies,COL,L,75.4,72,412,2.802721088435374,0.174757281553398,ST,Sweeper,52.1,-47.7,4.4,9,-4.1,11.4,12.5,-1.0,-8,,,ST
2026,"Hall, DL",669084,Brewers,MIL,L,84.8,72,840,5.675675675675675,0.0857142857142857,ST,Sweeper,38.0,-36.8,1.3,3,0.4,16.7,13.2,3.5,26,0.6345177664974619,0.9390862944162436,ST
2026,"Wolfram, Grant",664991,Orioles,BAL,L,86.3,71,804,5.4324324324324325,0.0883084577114427,ST,Sweeper,38.7,-37.3,1.3,4,-2.1,6.2,11.8,-5.5,-47,0.6345177664974619,0.0253807106598984,ST
2026,"Bummer, Aaron",607481,Royals,KC,L,80.6,71,328,2.216216216216216,0.2164634146341463,ST,Sweeper,42.1,-39.9,2.2,5,0.0,13.5,14.5,-1.0,-7,,,ST
2026,"Woodford, Jake",663765,Cubs,CHC,R,81.4,71,457,3.0878378378378377,0.1553610503282275,ST,Sweeper,41.4,-39.0,2.4,6,0.1,16.7,14.3,2.4,17,0.7715736040609137,0.7918781725888325,ST
2026,"Hughes, Gabriel",687312,Rockies,COL,R,85.4,70,977,6.64625850340136,0.0716479017400204,ST,Sweeper,33.0,-36.3,-3.3,-9,4.3,13.0,13.0,0.0,0,0.1218274111675127,0.4619289340101523,ST
2026,"Payamps, Joel",606303,Braves,ATL,R,84.1,69,151,1.0202702702702702,0.4569536423841059,ST,Sweeper,36.5,-38.1,-1.6,-4,2.0,11.6,13.3,-1.7,-13,,,ST
2026,"Kelly, Kevin",687330,Rays,TB,R,78.3,68,916,6.2312925170068025,0.074235807860262,ST,Sweeper,39.2,-40.6,-1.4,-3,5.9,18.6,14.3,4.3,30,0.3248730964467005,0.9746192893401016,ST
2026,"Hernández, Elieser",622694,Braves,ATL,R,79.6,68,203,1.3716216216216215,0.334975369458128,ST,Sweeper,32.7,-41.3,-8.6,-21,10.4,8.7,14.5,-5.8,-40,,,ST
2026,"Stock, Robert",476594,Mets,NYM,R,80.9,68,560,3.809523809523809,0.1214285714285714,ST,Sweeper,37.5,-38.9,-1.4,-4,4.6,16.5,14.2,2.3,16,0.3248730964467005,0.7766497461928934,ST
2026,"Wrobleski, Justin",680736,Dodgers,LAD,L,84.8,68,2009,13.666666666666666,0.0338476854156296,ST,Sweeper,41.1,-38.4,2.7,7,-3.1,15.0,12.0,3.0,25,,,ST
2026,"Rasmussen, Drew",656876,Rays,TB,R,84.5,67,2470,16.802721088435373,0.0271255060728744,ST,Sweeper,38.8,-37.6,1.2,3,-0.4,11.8,13.2,-1.5,-11,,,ST
2026,"Urquidy, José",664353,White Sox,CWS,R,80.3,67,493,3.3537414965986394,0.1359026369168357,ST,Sweeper,39.3,-41.4,-2.2,-5,3.1,10.2,14.7,-4.5,-31,0.248730964467005,0.0558375634517766,ST
2026,"Cabrera, Jose",703615,D-backs,AZ,R,83.5,66,423,2.858108108108108,0.1560283687943262,ST,Sweeper,36.6,-38.2,-1.6,-4,2.8,10.0,13.6,-3.6,-27,,,ST
2026,"Keller, Brad",641745,Phillies,PHI,R,85.7,66,533,3.6013513513513518,0.123827392120075,ST,Sweeper,36.0,-38.4,-2.4,-6,1.3,15.7,11.7,4.0,34,0.2233502538071066,0.964467005076142,ST
2026,"Coulombe, Danny",543056,Red Sox,BOS,L,81.0,66,385,2.6013513513513518,0.1714285714285714,ST,Sweeper,44.2,-41.9,2.3,6,-2.3,12.5,14.1,-1.6,-11,,,ST
2026,"Allen, Logan",671106,Guardians,CLE,L,78.3,64,325,2.195945945945946,0.1969230769230769,ST,Sweeper,43.3,-42.3,1.0,2,1.5,15.7,14.9,0.8,5,,,ST
2026,"Maxwell, Zach",687209,Reds,CIN,R,86.5,63,291,1.9795918367346936,0.2164948453608247,ST,Sweeper,38.5,-37.3,1.1,3,-1.8,9.3,11.6,-2.3,-20,,,ST
2026,"Bido, Osvaldo",674370,White Sox,CWS,R,85.2,63,317,2.1564625850340136,0.1987381703470031,ST,Sweeper,34.3,-37.8,-3.4,-9,3.5,10.2,12.5,-2.3,-18,,,ST
2026,"Ferguson, Tyler",621053,Cubs,CHC,R,84.1,62,293,1.9797297297297296,0.2116040955631399,ST,Sweeper,36.6,-37.9,-1.4,-4,2.1,13.2,13.3,-0.1,0,,,ST
2026,"Kelly, Zack",677161,Red Sox,BOS,R,81.6,62,283,1.912162162162162,0.2190812720848056,ST,Sweeper,39.0,-39.2,-0.2,-1,2.4,18.3,14.2,4.1,28,,,ST
2026,"Rodríguez, Elmer",695684,Yankees,NYY,R,80.4,62,497,3.380952380952381,0.124748490945674,ST,Sweeper,46.1,-41.1,5.0,12,-3.3,17.1,14.3,2.7,19,0.9441624365482234,0.8477157360406091,ST
2026,"Way, Beck",694360,Royals,KC,R,88.2,61,389,2.6283783783783785,0.1568123393316195,ST,Sweeper,30.4,-36.5,-6.2,-17,4.6,10.3,11.4,-1.2,-10,,,ST
2026,"Gordon, Colton",676467,Astros,HOU,L,81.4,60,202,1.364864864864865,0.297029702970297,ST,Sweeper,35.7,-39.5,-3.8,-10,5.9,9.5,14.2,-4.7,-33,,,ST
2026,"Samaniego, Tyler",701719,Red Sox,BOS,L,82.2,59,314,2.121621621621621,0.1878980891719745,ST,Sweeper,39.3,-38.7,0.6,2,1.4,11.3,14.1,-2.8,-20,,,ST
2026,"Burgos, Raymond",670103,Red Sox,BOS,L,77.9,58,213,1.4391891891891893,0.272300469483568,ST,Sweeper,45.2,-44.5,0.6,1,0.1,15.0,16.0,-1.0,-6,,,ST
2026,"Thomas, Connor",671162,Royals,KC,L,82.8,54,286,1.9324324324324325,0.1888111888111888,ST,Sweeper,44.1,-38.4,5.6,15,-4.2,12.7,14.2,-1.5,-11,,,ST
2026,"Dallas, Chad",689149,Blue Jays,TOR,R,83.8,54,193,1.304054054054054,0.2797927461139896,ST,Sweeper,40.5,-38.1,2.4,6,-1.5,15.3,13.4,1.9,14,,,ST
2026,"García, Luis",472610,Twins,MIN,R,81.8,53,265,1.8027210884353744,0.2,ST,Sweeper,38.6,-40.3,-1.7,-4,2.5,11.4,14.1,-2.7,-19,,,ST
2026,"Mattson, Isaac",676755,Pirates,PIT,R,83.0,53,728,4.918918918918919,0.0728021978021978,ST,Sweeper,40.9,-39.0,1.9,5,-1.2,10.0,13.8,-3.7,-27,0.7208121827411168,0.0812182741116751,ST
2026,"Sandoval, Patrick",663776,Red Sox,BOS,L,80.7,52,947,6.398648648648648,0.054910242872228,ST,Sweeper,40.4,-41.3,-0.9,-2,1.8,16.5,14.4,2.1,14,0.3756345177664975,0.7461928934010152,ST
2026,"Booser, Cam",592155,Rays,TB,L,81.7,51,511,3.4761904761904763,0.0998043052837573,ST,Sweeper,44.1,-39.4,4.7,12,-2.9,13.3,14.2,-1.0,-7,0.9238578680203046,0.3350253807106599,ST
2026,"Kelly, Michael",547184,Athletics,ATH,R,83.9,50,121,0.8175675675675675,0.4132231404958678,ST,Sweeper,37.2,-39.0,-1.8,-5,1.7,13.4,13.0,0.4,3,,,ST
2026,"Tiedemann, Ricky",694357,Blue Jays,TOR,L,82.4,50,104,0.7027027027027027,0.4807692307692308,ST,Sweeper,36.2,-39.1,-3.0,-8,4.3,11.5,14.0,-2.5,-18,,,ST
2026,"Gilbert, Tyler",656457,White Sox,CWS,L,79.2,49,134,0.91156462585034,0.3656716417910448,ST,Sweeper,43.7,-40.5,3.2,8,0.3,12.5,14.7,-2.2,-15,,,ST
2026,"Fulmer, Michael",605242,Yankees,NYY,R,81.6,48,174,1.183673469387755,0.2758620689655172,ST,Sweeper,44.8,-40.2,4.6,11,-3.2,17.7,14.2,3.5,25,,,ST
2026,"Lee, Chase",695445,Blue Jays,TOR,R,80.7,48,127,0.8581081081081081,0.3779527559055118,ST,Sweeper,35.4,-37.0,-1.6,-4,6.9,16.7,13.8,2.9,21,,,ST
2026,"Anderson, Shaun",641312,Angels,LAA,R,82.0,47,351,2.3877551020408165,0.1339031339031339,ST,Sweeper,44.2,-40.0,4.3,11,-3.1,16.6,14.0,2.6,18,,,ST
2026,"Morán, Jovani",663558,Red Sox,BOS,L,79.6,46,1005,6.79054054054054,0.0457711442786069,ST,Sweeper,45.6,-42.2,3.4,8,-2.3,14.0,14.6,-0.6,-4,,,ST
2026,"Kempner, William",687531,Marlins,MIA,R,81.6,44,199,1.3445945945945943,0.2211055276381909,ST,Sweeper,36.0,-38.1,-2.1,-6,5.2,16.1,14.1,1.9,14,,,ST
2026,"Canning, Griffin",656288,Padres,SD,R,86.3,44,1402,9.537414965986397,0.0313837375178316,ST,Sweeper,37.5,-37.4,0.1,0,-0.7,9.6,11.9,-2.3,-19,,,ST
2026,"Boyle, Joe",671212,Rays,TB,R,84.9,43,347,2.360544217687075,0.1239193083573487,ST,Sweeper,37.5,-37.2,0.3,1,0.7,16.7,13.1,3.6,28,,,ST
2026,"Simpson, Josh",681006,Mariners,SEA,L,80.8,42,153,1.0337837837837838,0.2745098039215686,ST,Sweeper,40.6,-39.8,0.8,2,1.3,12.8,15.3,-2.5,-16,,,ST
2026,"Henderson, Logan",701656,Brewers,MIL,R,81.1,42,1331,8.993243243243244,0.0315552216378662,ST,Sweeper,45.2,-39.7,5.5,14,-3.6,14.8,14.6,0.1,1,,,ST
2026,"Carrillo, Gerardo",672629,D-backs,AZ,R,86.5,41,316,2.135135135135135,0.1297468354430379,ST,Sweeper,36.1,-36.3,-0.2,-1,0.7,9.1,12.8,-3.7,-29,,,ST
2026,"Bolton, Cody",675989,Astros,HOU,R,82.1,41,391,2.641891891891892,0.1048593350383631,ST,Sweeper,39.9,-39.4,0.5,1,1.0,15.0,14.1,0.9,7,,,ST
2026,"Dollander, Chase",801403,Rockies,COL,R,85.7,40,743,5.054421768707483,0.053835800807537,ST,Sweeper,31.0,-36.5,-5.6,-15,6.4,9.4,13.2,-3.8,-29,0.015228426395939,0.0761421319796954,ST
2026,"Voth, Austin",608723,Twins,MIN,R,80.1,40,214,1.45578231292517,0.1869158878504672,ST,Sweeper,42.8,-41.4,1.3,3,0.1,17.7,14.6,3.1,21,,,ST
2026,"Mushinski, Parker",656786,Rockies,COL,L,82.1,40,139,0.9455782312925172,0.2877697841726618,ST,Sweeper,36.8,-39.3,-2.5,-6,3.5,13.4,14.1,-0.7,-5,,,ST
2026,"Peralta, Sammy",671111,Angels,LAA,L,80.0,39,209,1.4217687074829932,0.1866028708133971,ST,Sweeper,38.6,-40.0,-1.4,-4,4.5,12.9,14.2,-1.3,-9,,,ST
2026,"Pivetta, Nick",601713,Padres,SD,R,81.7,39,346,2.3537414965986394,0.1127167630057803,ST,Sweeper,36.9,-40.9,-4.0,-10,4.5,12.3,14.6,-2.3,-16,,,ST
2026,"Abel, Mick",690953,Twins,MIN,R,83.5,38,357,2.4285714285714284,0.1064425770308123,ST,Sweeper,37.5,-37.6,0.0,0,2.0,15.0,13.7,1.3,9,,,ST
2026,"McCambley, Zach",685112,Reds,CIN,R,83.7,38,172,1.1700680272108843,0.2209302325581395,ST,Sweeper,41.3,-38.5,2.9,7,-2.2,15.3,13.4,2.0,15,,,ST
2026,"Adam, Jason",592094,Padres,SD,R,78.2,38,551,3.748299319727891,0.0689655172413793,ST,Sweeper,47.2,-44.9,2.3,5,-2.2,14.2,14.6,-0.4,-3,0.7614213197969543,0.416243654822335,ST
2026,"Weisenburger, Jack",674073,Mets,NYM,R,82.2,37,120,0.8163265306122449,0.3083333333333333,ST,Sweeper,38.9,-39.0,0.0,0,1.6,13.8,14.1,-0.4,-3,,,ST
2026,"Bellozo, Valente",678368,Rockies,COL,R,78.9,36,170,1.1564625850340136,0.2117647058823529,ST,Sweeper,39.3,-43.1,-3.8,-9,4.6,12.1,14.9,-2.8,-19,,,ST
2026,"Borucki, Ryan",621366,Giants,SF,L,80.8,36,380,2.5675675675675675,0.0947368421052631,ST,Sweeper,43.3,-40.6,2.6,7,-1.3,13.5,14.4,-0.9,-6,,,ST
2026,"Adams, Mason",690279,Rockies,COL,R,85.5,35,304,2.068027210884354,0.1151315789473684,ST,Sweeper,43.3,-36.5,6.8,19,-6.0,11.0,13.3,-2.3,-17,,,ST
2026,"Sims, Lucas",608371,White Sox,CWS,R,84.9,35,171,1.163265306122449,0.2046783625730994,ST,Sweeper,34.6,-38.1,-3.5,-9,3.4,14.1,12.6,1.5,12,,,ST
2026,"Kelly, Antwone",699008,Pirates,PIT,R,87.5,33,186,1.2567567567567568,0.1774193548387097,ST,Sweeper,31.4,-36.4,-5.1,-14,4.1,7.6,12.0,-4.4,-37,,,ST
2026,"Sulser, Cole",642121,Rays,TB,R,83.1,32,821,5.585034013605442,0.0389768574908648,ST,Sweeper,31.3,-38.4,-7.1,-18,8.6,11.6,13.7,-2.2,-16,,,ST
2026,"Suarez, José",660761,Athletics,ATH,L,78.1,32,1068,7.216216216216216,0.0299625468164794,ST,Sweeper,43.9,-44.1,-0.2,-1,0.9,11.9,15.5,-3.6,-23,,,ST
2026,"McFarlane, Alex",686934,Phillies,PHI,R,86.5,32,210,1.4189189189189189,0.1523809523809524,ST,Sweeper,35.4,-36.5,-1.1,-3,1.1,12.1,12.7,-0.6,-5,,,ST
2026,"McGee, Easton",668834,Royals,KC,R,82.6,31,167,1.1283783783783785,0.18562874251497,ST,Sweeper,35.5,-38.4,-2.9,-8,4.4,8.9,13.9,-5.0,-36,,,ST
2026,"Raquet, Nick",675919,Orioles,BAL,L,82.8,31,75,0.5067567567567568,0.4133333333333333,ST,Sweeper,42.6,-38.6,3.9,10,-2.6,16.4,13.9,2.5,18,,,ST
2026,"Shook, TJ",669298,Rockies,COL,R,81.6,31,134,0.91156462585034,0.2313432835820895,ST,Sweeper,39.2,-39.8,-0.5,-1,1.6,13.6,14.2,-0.6,-5,,,ST
2026,"Matsui, Yuki",673513,Padres,SD,L,81.1,31,966,6.571428571428571,0.0320910973084886,ST,Sweeper,44.5,-41.9,2.6,6,-2.7,14.1,14.1,0.0,0,,,ST
2026,"Roycroft, Chris",688297,Athletics,ATH,R,85.9,31,577,3.8986486486486487,0.0537261698440207,ST,Sweeper,31.7,-35.4,-3.7,-10,5.3,11.1,13.2,-2.1,-16,0.1015228426395939,0.2081218274111675,ST
2026,"Morris, Kade",695034,Athletics,ATH,R,81.5,30,322,2.175675675675676,0.093167701863354,ST,Sweeper,37.8,-39.5,-1.7,-4,3.4,13.3,14.6,-1.3,-9,,,ST
2026,"Murphy, Chris",669684,White Sox,CWS,L,80.3,30,535,3.639455782312925,0.0560747663551401,ST,Sweeper,39.0,-40.5,-1.5,-4,3.6,17.0,14.9,2.1,14,0.3197969543147208,0.7461928934010152,ST
2026,"Bivens, Spencer",702352,Giants,SF,R,82.0,30,127,0.8581081081081081,0.2362204724409448,ST,Sweeper,35.0,-39.5,-4.5,-11,5.6,15.0,14.1,0.8,6,,,ST
2026,"Anderson, Jack",681252,Twins,MIN,R,80.0,28,180,1.2244897959183674,0.1555555555555555,ST,Sweeper,42.1,-42.6,-0.6,-1,0.8,12.5,14.0,-1.6,-11,,,ST
2026,"Sinclair, Jack",695378,Nationals,WSH,R,84.2,28,58,0.3892617449664429,0.4827586206896552,ST,Sweeper,34.7,-37.4,-2.6,-7,3.9,13.1,13.7,-0.6,-4,,,ST
2026,"Strzelecki, Peter",657265,Cardinals,STL,R,81.7,27,251,1.695945945945946,0.1075697211155378,ST,Sweeper,41.3,-38.7,2.6,7,-0.2,15.5,13.9,1.6,11,,,ST
2026,"Rom, Drew",680723,Athletics,ATH,L,82.0,27,213,1.4391891891891893,0.1267605633802817,ST,Sweeper,49.4,-40.2,9.2,23,-8.8,9.0,14.0,-4.9,-35,,,ST
2026,"Raya, Marco",694397,Twins,MIN,R,84.4,27,100,0.6802721088435374,0.27,ST,Sweeper,40.8,-37.9,3.0,8,-2.4,13.9,13.2,0.6,5,,,ST
2026,"Enns, Dietrich",608650,Orioles,BAL,L,80.4,27,291,1.966216216216216,0.0927835051546391,ST,Sweeper,47.6,-41.8,5.8,14,-5.1,9.2,14.4,-5.2,-36,,,ST
2026,"Casparius, Ben",676508,Dodgers,LAD,R,87.1,27,99,0.673469387755102,0.2727272727272727,ST,Sweeper,33.8,-38.0,-4.3,-11,2.2,11.0,10.9,0.1,1,,,ST
2026,"Garrett, Braxton",666129,Marlins,MIA,L,83.5,26,129,0.8716216216216216,0.2015503875968992,ST,Sweeper,36.6,-38.2,-1.6,-4,2.8,10.2,13.7,-3.5,-26,,,ST
2026,"Emanuel, Kent",592288,Reds,CIN,L,78.2,26,96,0.6530612244897959,0.2708333333333333,ST,Sweeper,46.6,-44.4,2.2,5,-1.7,16.6,15.5,1.1,7,,,ST
2026,"Webb, Jacob",657097,Cubs,CHC,R,82.5,26,1050,7.094594594594595,0.0247619047619047,ST,Sweeper,41.0,-39.0,2.1,5,-0.5,11.2,14.0,-2.8,-20,,,ST
2026,"Nola, Aaron",605400,Phillies,PHI,R,78.4,907,2756,18.62162162162162,0.329100145137881,CU,Curveball,55.2,-53.6,1.6,3,-10.3,14.7,13.0,1.7,13,0.6398104265402843,0.6824644549763034,CU
2026,"Baz, Shane",669358,Orioles,BAL,R,85.3,901,2751,18.58783783783784,0.3275172664485641,CU,Curveball,47.7,-47.4,0.2,0,-10.1,5.1,6.7,-1.6,-24,0.5118483412322274,0.3270142180094786,CU
2026,"Cantillo, Joey",676282,Guardians,CLE,L,79.9,763,2531,17.10135135135135,0.3014618727775582,CU,Curveball,60.3,-54.3,6.0,11,-16.9,9.8,8.4,1.3,16,0.95260663507109,0.6255924170616114,CU
2026,"Valdez, Framber",664285,Tigers,DET,L,78.4,753,2591,17.625850340136054,0.290621381705905,CU,Curveball,59.2,-55.8,3.4,6,-14.3,12.7,10.4,2.2,21,0.8151658767772512,0.7203791469194313,CU
2026,"Cavalli, Cade",676917,Nationals,WSH,R,86.2,723,2703,18.14093959731544,0.2674805771365149,CU,Curveball,47.6,-46.1,1.5,3,-10.7,7.0,5.7,1.3,24,0.6255924170616114,0.6255924170616114,CU
2026,"Soriano, José",667755,Blue Jays,TOR,R,85.4,689,2698,18.22972972972973,0.2553743513713862,CU,Curveball,44.3,-47.6,-3.2,-7,-6.6,12.4,6.8,5.6,83,0.2227488151658767,0.9383886255924172,CU
2026,"Roupp, Landen",694738,Giants,SF,R,76.7,675,2624,17.72972972972973,0.2572408536585366,CU,Curveball,55.3,-56.8,-1.4,-3,-8.4,19.0,12.1,6.9,57,0.3601895734597156,0.981042654028436,CU
2026,"Ashcraft, Braxton",677952,Pirates,PIT,R,85.0,638,2413,16.304054054054053,0.2644011603812681,CU,Curveball,48.3,-47.6,0.7,2,-10.6,6.9,6.2,0.6,10,0.5450236966824644,0.5450236966824644,CU
2026,"Arrighetti, Spencer",681293,Blue Jays,TOR,R,76.5,607,1797,12.141891891891891,0.3377851975514747,CU,Curveball,53.8,-54.4,-0.7,-1,-6.6,17.2,15.6,1.7,11,0.4312796208530806,0.6824644549763034,CU
2026,"Williams, Gavin",668909,Guardians,CLE,R,82.6,604,2684,18.135135135135137,0.225037257824143,CU,Curveball,54.7,-51.1,3.6,7,-14.2,10.5,7.3,3.2,44,0.8341232227488151,0.8009478672985783,CU
2026,"Bradish, Kyle",680694,Orioles,BAL,R,84.8,560,2573,17.385135135135137,0.2176447726389428,CU,Curveball,50.7,-48.0,2.7,6,-12.5,6.5,6.4,0.1,2,0.7488151658767772,0.4976303317535545,CU
2026,"Burke, Sean",680732,White Sox,CWS,R,79.2,521,2598,17.6734693877551,0.2005388760585065,CU,Curveball,57.8,-55.1,2.7,5,-14.0,5.2,8.3,-3.1,-37,0.7488151658767772,0.1516587677725118,CU
2026,"Gore, MacKenzie",669022,Rangers,TEX,L,81.5,504,2791,18.85810810810811,0.180580437119312,CU,Curveball,52.8,-51.9,0.9,2,-11.5,3.3,8.5,-5.1,-61,0.5497630331753555,0.0710900473933649,CU
2026,"Alvarez, Andrew",674841,Nationals,WSH,L,82.9,479,1567,10.516778523489933,0.3056796426292278,CU,Curveball,52.7,-50.4,2.3,5,-12.6,10.8,6.8,4.0,59,0.7298578199052133,0.8720379146919431,CU
2026,"Lugo, Seth",607625,Royals,KC,R,76.2,475,2710,18.31081081081081,0.1752767527675277,CU,Curveball,59.7,-57.7,2.0,4,-11.6,15.9,12.6,3.4,27,0.6919431279620853,0.8246445497630331,CU
2026,"Johnson, Pierce",572955,Reds,CIN,R,86.6,471,736,5.006802721088436,0.6399456521739131,CU,Curveball,41.0,-44.6,-3.6,-8,-4.5,6.1,4.8,1.3,28,0.1848341232227488,0.6255924170616114,CU
2026,"Eovaldi, Nathan",543135,Rangers,TEX,R,76.4,449,2007,13.56081081081081,0.223716990533134,CU,Curveball,55.3,-58.1,-2.7,-5,-8.3,8.3,10.2,-1.9,-18,0.2606635071090047,0.2748815165876777,CU
2026,"Civale, Aaron",650644,Cubs,CHC,R,77.3,442,1747,11.804054054054054,0.253005151688609,CU,Curveball,61.0,-58.0,3.0,5,-14.8,11.3,9.2,2.2,24,0.7819905213270142,0.7203791469194313,CU
2026,"Cameron, Noah",702070,Royals,KC,L,81.8,432,2613,17.655405405405407,0.1653272101033295,CU,Curveball,50.1,-51.6,-1.5,-3,-9.3,3.8,7.2,-3.4,-48,0.3554502369668246,0.1279620853080568,CU
2026,"Liberatore, Matthew",669461,Cardinals,STL,L,79.6,432,2448,16.54054054054054,0.1764705882352941,CU,Curveball,60.9,-54.5,6.4,12,-17.1,9.7,7.5,2.2,29,0.985781990521327,0.7203791469194313,CU
2026,"Freeland, Kyle",607536,Rockies,COL,L,82.5,432,2006,13.64625850340136,0.2153539381854436,CU,Curveball,44.8,-50.7,-5.9,-12,-4.9,0.2,7.9,-7.7,-98,0.0616113744075829,0.0094786729857819,CU
2026,"Pallante, Andre",669467,Cardinals,STL,R,78.5,412,2363,15.966216216216216,0.1743546339399069,CU,Curveball,60.7,-55.5,5.2,9,-16.0,5.0,8.9,-4.0,-44,0.9383886255924172,0.1042654028436018,CU
2026,"Lodolo, Nick",666157,Reds,CIN,L,82.4,397,1613,10.97278911564626,0.2461252324860508,CU,Curveball,40.9,-50.0,-9.0,-18,-0.6,6.9,9.3,-2.3,-25,0.0047393364928909,0.2274881516587677,CU
2026,"McLean, Nolan",690997,Mets,NYM,R,81.9,395,2750,18.70748299319728,0.1436363636363636,CU,Curveball,54.8,-50.5,4.3,9,-13.1,17.4,9.8,7.7,79,0.8720379146919431,0.995260663507109,CU
2026,"Irvin, Jake",663623,Nationals,WSH,R,77.7,392,1665,11.174496644295305,0.2354354354354354,CU,Curveball,48.0,-55.0,-7.1,-13,-2.4,15.7,11.6,4.1,35,0.0331753554502369,0.8862559241706162,CU
2026,"Gray, Sonny",543243,Red Sox,BOS,R,79.6,380,2295,15.506756756756756,0.1655773420479303,CU,Curveball,58.1,-53.5,4.6,9,-14.5,12.8,9.7,3.1,32,0.9004739336492891,0.7867298578199052,CU
2026,"Peralta, Freddy",642547,Rays,TB,R,79.0,377,2683,18.25170068027211,0.140514349608647,CU,Curveball,47.7,-53.9,-6.3,-12,-3.8,4.9,11.2,-6.3,-56,0.0473933649289099,0.0284360189573459,CU
2026,"Brown, Ben",676962,Cubs,CHC,R,86.8,366,1004,6.783783783783784,0.3645418326693227,CU,Curveball,39.3,-45.0,-5.7,-13,-3.2,2.9,5.3,-2.4,-46,0.0758293838862559,0.2037914691943128,CU
2026,"Leahy, Kyle",681517,Cardinals,STL,R,83.0,361,2191,14.804054054054054,0.1647649475125513,CU,Curveball,50.7,-50.3,0.3,1,-10.8,8.6,7.9,0.6,8,0.5260663507109005,0.5450236966824644,CU
2026,"Anderson, Drew",623454,Tigers,DET,R,80.1,360,1611,10.959183673469388,0.2234636871508379,CU,Curveball,59.1,-53.1,6.0,11,-15.9,10.4,9.0,1.4,15,0.95260663507109,0.6540284360189573,CU
2026,"Abbott, Andrew",671096,Reds,CIN,L,79.7,353,2660,18.09523809523809,0.1327067669172932,CU,Curveball,49.7,-54.0,-4.3,-8,-6.7,9.1,8.3,0.7,9,0.1516587677725118,0.5639810426540285,CU
2026,"Fisher, Braydon",680755,Blue Jays,TOR,R,81.4,352,1182,7.986486486486487,0.2978003384094754,CU,Curveball,53.8,-52.6,1.2,2,-12.4,3.2,6.6,-3.3,-51,0.5876777251184834,0.1327014218009478,CU
2026,"Varland, Louis",686973,Blue Jays,TOR,R,87.6,351,1150,7.77027027027027,0.3052173913043478,CU,Curveball,43.2,-43.9,-0.7,-2,-7.5,6.0,6.0,0.1,1,0.4312796208530806,0.4976303317535545,CU
2026,"Suarez, Ranger",624133,Red Sox,BOS,L,75.6,350,2104,14.216216216216216,0.1663498098859315,CU,Curveball,57.8,-59.5,-1.7,-3,-9.8,10.3,10.7,-0.3,-3,0.3317535545023696,0.4454976303317535,CU
2026,"Bassitt, Chris",605135,Orioles,BAL,R,71.2,339,1546,10.445945945945946,0.2192755498059508,CU,Curveball,67.5,-65.9,1.6,2,-12.8,16.1,12.8,3.3,26,0.6398104265402843,0.8199052132701422,CU
2026,"Miles, Spencer",693686,Blue Jays,TOR,R,80.8,336,1349,9.114864864864863,0.2490733876945886,CU,Curveball,52.9,-52.6,0.3,1,-10.6,13.6,8.5,5.1,60,0.5260663507109005,0.924170616113744,CU
2026,"Harris, Hogan",663687,Athletics,ATH,L,74.0,332,1229,8.304054054054054,0.2701383238405207,CU,Curveball,67.7,-62.6,5.1,8,-16.9,7.6,10.0,-2.4,-24,0.933649289099526,0.2037914691943128,CU
2026,"Rodriguez, Eduardo",593958,D-backs,AZ,L,79.6,332,2772,18.72972972972973,0.1197691197691197,CU,Curveball,49.0,-54.1,-5.1,-9,-5.9,4.8,8.5,-3.6,-43,0.1042654028436018,0.1184834123222748,CU
2026,"Yamamoto, Yoshinobu",808967,Dodgers,LAD,R,76.9,331,2555,17.38095238095238,0.1295499021526418,CU,Curveball,62.8,-56.7,6.1,11,-16.0,12.5,11.2,1.3,12,0.966824644549763,0.6255924170616114,CU
2026,"Taylor, Grant",691799,White Sox,CWS,R,83.8,325,1193,8.115646258503402,0.2724224643755238,CU,Curveball,54.7,-49.9,4.8,10,-15.6,1.9,7.3,-5.4,-74,0.914691943127962,0.0473933649289099,CU
2026,"Prielipp, Connor",687570,Twins,MIN,L,83.0,325,1821,12.387755102040815,0.1784733662822624,CU,Curveball,47.4,-49.7,-2.3,-5,-7.5,12.4,7.0,5.4,77,0.2890995260663507,0.933649289099526,CU
2026,"Flaherty, Jack",656427,Tigers,DET,R,78.1,321,1639,11.149659863945578,0.1958511287370347,CU,Curveball,54.4,-54.7,-0.2,0,-9.3,10.9,11.9,-0.9,-8,0.4786729857819905,0.3981042654028436,CU
2026,"Gallen, Zac",668678,D-backs,AZ,R,81.6,319,1704,11.513513513513514,0.187206572769953,CU,Curveball,51.2,-51.7,-0.5,-1,-10.0,4.0,7.9,-3.9,-49,0.4502369668246445,0.1090047393364928,CU
2026,"Ray, Robbie",592662,Padres,SD,L,79.5,318,2682,18.244897959183675,0.1185682326621924,CU,Curveball,50.3,-54.2,-3.9,-7,-7.1,4.2,8.6,-4.4,-51,0.1706161137440758,0.0947867298578199,CU
2026,"McGreevy, Michael",700241,Cardinals,STL,R,78.5,315,2504,16.91891891891892,0.1257987220447284,CU,Curveball,56.5,-55.3,1.2,2,-11.8,12.5,9.5,3.0,32,0.5876777251184834,0.7725118483412322,CU
2026,"Bernardino, Brennan",657514,Rockies,COL,L,77.8,314,910,6.190476190476191,0.345054945054945,CU,Curveball,45.2,-45.6,-0.4,-1,0.0,12.9,13.0,-0.1,-1,0.4597156398104265,0.4644549763033175,CU
2026,"Phillips, Tyler",663969,Marlins,MIA,R,83.5,310,1846,12.472972972972974,0.1679306608884073,CU,Curveball,50.8,-49.8,1.1,2,-11.4,5.0,6.9,-1.8,-27,0.5592417061611374,0.2890995260663507,CU
2026,"Ashby, Aaron",676879,Brewers,MIL,L,83.7,310,1433,9.682432432432432,0.2163293789253314,CU,Curveball,56.5,-48.8,7.7,16,-17.2,7.0,6.3,0.7,11,1.0,0.5639810426540285,CU
2026,"Martin, Davis",663436,White Sox,CWS,R,81.7,307,2151,14.63265306122449,0.1427243142724314,CU,Curveball,48.9,-51.3,-2.4,-5,-7.8,14.0,7.9,6.1,77,0.2796208530805687,0.95260663507109,CU
2026,"Brown, Hunter",686613,Astros,HOU,R,83.4,304,1592,10.756756756756756,0.1909547738693467,CU,Curveball,56.2,-50.0,6.2,12,-16.4,6.2,7.0,-0.8,-12,0.981042654028436,0.4123222748815165,CU
2026,"Montero, Keider",672456,Tigers,DET,R,80.4,299,2157,14.673469387755102,0.1386184515530829,CU,Curveball,49.6,-52.9,-3.3,-6,-7.1,10.8,8.5,2.3,27,0.2085308056872037,0.7345971563981043,CU
2026,"Bibee, Tanner",676440,Guardians,CLE,R,78.0,297,2683,18.12837837837838,0.1106969809914275,CU,Curveball,53.4,-56.6,-3.3,-6,-8.0,14.6,8.4,6.2,74,0.2085308056872037,0.966824644549763,CU
2026,"Detmers, Reid",672282,Angels,LAA,L,72.3,297,2695,18.33333333333333,0.110204081632653,CU,Curveball,67.9,-65.6,2.3,4,-14.7,11.7,10.3,1.4,14,0.7298578199052133,0.6540284360189573,CU
2026,"Márquez, Germán",608566,Padres,SD,R,85.4,292,918,6.244897959183674,0.3180827886710239,CU,Curveball,37.2,-44.5,-7.3,-16,0.8,1.1,4.3,-3.2,-75,0.0236966824644549,0.1421800947867298,CU
2026,"Megill, Trevor",656730,Brewers,MIL,R,88.1,291,801,5.412162162162162,0.3632958801498127,CU,Curveball,37.4,-42.4,-5.1,-12,-2.2,1.8,4.2,-2.4,-57,0.1042654028436018,0.2037914691943128,CU
2026,"Cecconi, Slade",677944,Guardians,CLE,R,75.9,284,1939,13.10135135135135,0.1464672511603919,CU,Curveball,60.7,-59.3,1.4,2,-12.7,9.1,9.8,-0.7,-7,0.6113744075829384,0.4218009478672986,CU
2026,"Kelly, Merrill",518876,D-backs,AZ,R,82.5,283,2448,16.54054054054054,0.1156045751633987,CU,Curveball,48.6,-50.0,-1.4,-3,-8.5,7.4,8.5,-1.0,-12,0.3601895734597156,0.3933649289099526,CU
2026,"Ritchie, JR",702275,Braves,ATL,R,82.9,280,1023,6.912162162162162,0.273704789833822,CU,Curveball,51.6,-49.8,1.8,4,-11.6,13.1,8.7,4.4,50,0.6729857819905213,0.9004739336492891,CU
2026,"Wacha, Michael",608379,Royals,KC,R,76.0,275,2726,18.41891891891892,0.1008804108584005,CU,Curveball,59.7,-60.1,-0.4,-1,-11.9,11.8,8.6,3.2,37,0.4597156398104265,0.8009478672985783,CU
2026,"Mikolas, Miles",571945,Nationals,WSH,R,76.8,273,1826,12.25503355704698,0.1495071193866374,CU,Curveball,60.4,-58.9,1.5,3,-13.8,6.3,8.4,-2.1,-25,0.6255924170616114,0.2369668246445497,CU
2026,"McClanahan, Shane",663556,Rays,TB,L,82.2,273,1830,12.448979591836734,0.1491803278688524,CU,Curveball,49.7,-51.4,-1.7,-3,-9.3,4.2,7.4,-3.2,-43,0.3317535545023696,0.1421800947867298,CU
2026,"Pfaadt, Brandon",694297,D-backs,AZ,R,82.3,269,1764,11.91891891891892,0.1524943310657596,CU,Curveball,51.7,-50.6,1.1,2,-11.1,9.7,8.4,1.2,15,0.5592417061611374,0.6113744075829384,CU
2026,"Young, Brandon",687064,Orioles,BAL,R,75.1,267,2258,15.256756756756756,0.1182462356067316,CU,Curveball,64.6,-60.6,4.1,7,-15.5,12.8,10.0,2.8,28,0.8625592417061612,0.7677725118483413,CU
2026,"Schlittler, Cam",693645,Yankees,NYY,R,86.3,266,2778,18.897959183673468,0.0957523398128149,CU,Curveball,47.3,-46.1,1.2,3,-10.5,5.9,5.9,0.0,0,0.5876777251184834,0.4739336492890995,CU
2026,"Cease, Dylan",656302,Blue Jays,TOR,R,81.9,266,2727,18.42567567567568,0.0975430876420975,CU,Curveball,54.5,-51.5,3.0,6,-13.5,2.5,7.5,-5.1,-67,0.7819905213270142,0.0710900473933649,CU
2026,"Kirby, George",669923,Mariners,SEA,R,84.1,265,2569,17.35810810810811,0.1031529778123783,CU,Curveball,52.1,-49.0,3.0,6,-13.1,9.0,7.3,1.7,23,0.7819905213270142,0.6824644549763034,CU
2026,"Nance, Tommy",667297,Twins,MIN,R,84.7,254,890,6.054421768707483,0.2853932584269663,CU,Curveball,53.0,-48.1,4.8,10,-14.4,11.6,6.3,5.3,84,0.914691943127962,0.9289099526066352,CU
2026,"Cabrera, Edward",665795,Cubs,CHC,R,84.9,252,1280,8.64864864864865,0.196875,CU,Curveball,45.6,-48.0,-2.4,-5,-7.7,6.5,6.5,0.0,0,0.2796208530805687,0.4739336492890995,CU
2026,"Lorenzen, Michael",547179,Blue Jays,TOR,R,82.7,251,2331,15.75,0.1076791076791076,CU,Curveball,49.1,-49.7,-0.5,-1,-9.5,0.4,8.1,-7.7,-95,0.4502369668246445,0.0094786729857819,CU
2026,"Ryan, Joe",657746,Twins,MIN,R,79.0,251,2155,14.65986394557823,0.1164733178654292,CU,Curveball,53.3,-52.9,0.3,1,-9.2,13.0,12.8,0.2,2,0.5260663507109005,0.5165876777251185,CU
2026,"Bradley, Taj",671737,Twins,MIN,R,82.7,249,2795,19.01360544217687,0.089087656529517,CU,Curveball,52.8,-50.5,2.2,4,-12.6,3.8,7.1,-3.3,-47,0.7251184834123223,0.1327014218009478,CU
2026,"Herrin, Tim",682120,Guardians,CLE,L,80.2,248,864,5.837837837837838,0.287037037037037,CU,Curveball,46.0,-53.2,-7.2,-14,-3.2,11.4,8.4,3.0,36,0.0284360189573459,0.7725118483412322,CU
2026,"Bachar, Lake",669199,Pirates,PIT,R,86.3,247,1305,8.817567567567568,0.189272030651341,CU,Curveball,43.4,-45.3,-1.9,-4,-6.9,2.3,5.2,-2.9,-55,0.3175355450236967,0.1611374407582938,CU
2026,"Misiorowski, Jacob",694819,Brewers,MIL,R,88.0,247,2453,16.574324324324323,0.10069302894415,CU,Curveball,43.4,-43.6,-0.1,0,-8.1,5.7,6.0,-0.3,-5,0.4928909952606635,0.4454976303317535,CU
2026,"Griffin, Foster",656492,Guardians,CLE,L,77.8,247,2667,18.02027027027027,0.0926134233220847,CU,Curveball,59.0,-56.3,2.7,5,-13.7,8.6,9.8,-1.2,-12,0.7488151658767772,0.3838862559241706,CU
2026,"Drohan, Shane",675660,Brewers,MIL,L,80.6,243,1839,12.425675675675675,0.132137030995106,CU,Curveball,50.9,-52.3,-1.4,-3,-8.6,10.1,9.5,0.6,6,0.3601895734597156,0.5450236966824644,CU
2026,"Messick, Parker",800048,Guardians,CLE,L,79.2,241,2702,18.25675675675676,0.0891931902294596,CU,Curveball,49.7,-53.9,-4.2,-8,-5.9,13.9,10.3,3.6,34,0.1563981042654028,0.8436018957345972,CU
2026,"Glasnow, Tyler",607192,Dodgers,LAD,R,81.3,233,869,5.91156462585034,0.2681242807825086,CU,Curveball,57.3,-53.8,3.5,7,-15.6,5.7,7.7,-2.0,-26,0.8199052132701422,0.2559241706161137,CU
2026,"Peterson, David",656849,Cubs,CHC,L,80.5,231,2217,14.97972972972973,0.1041948579161028,CU,Curveball,49.9,-54.0,-4.1,-8,-7.7,5.8,7.9,-2.1,-27,0.1611374407582938,0.2369668246445497,CU
2026,"Cole, Gerrit",543037,Yankees,NYY,R,83.3,228,1651,11.231292517006803,0.1380981223500908,CU,Curveball,53.6,-49.3,4.3,9,-13.8,11.8,7.3,4.5,62,0.8720379146919431,0.90521327014218,CU
2026,"Burrows, Mike",681347,Astros,HOU,R,79.0,226,1567,10.58783783783784,0.1442246330567964,CU,Curveball,57.6,-54.7,2.9,5,-13.3,10.8,9.0,1.8,20,0.7725118483412322,0.7014218009478673,CU
2026,"Matthews, Zebby",805673,Twins,MIN,R,79.9,224,1920,13.06122448979592,0.1166666666666666,CU,Curveball,51.8,-53.5,-1.7,-3,-8.9,8.4,8.9,-0.5,-6,0.3317535545023696,0.4312796208530806,CU
2026,"Lauer, Eric",641778,Dodgers,LAD,L,75.9,223,1814,12.34013605442177,0.1229327453142227,CU,Curveball,56.4,-59.2,-2.8,-5,-9.0,8.7,10.2,-1.6,-15,0.2417061611374407,0.3270142180094786,CU
2026,"Boyd, Matthew",571510,Cubs,CHC,L,73.1,221,1708,11.54054054054054,0.1293911007025761,CU,Curveball,60.1,-62.6,-2.5,-4,-8.8,11.3,12.2,-0.9,-7,0.2701421800947867,0.3981042654028436,CU
2026,"Mlodzinski, Carmen",669387,Pirates,PIT,R,83.9,216,1920,12.972972972972974,0.1125,CU,Curveball,47.9,-48.9,-1.0,-2,-9.1,7.5,8.3,-0.8,-9,0.4170616113744075,0.4123222748815165,CU
2026,"Garcia, Rico",670329,Orioles,BAL,R,87.0,214,928,6.27027027027027,0.230603448275862,CU,Curveball,40.8,-44.3,-3.4,-8,-4.8,0.6,4.7,-5.4,-113,0.1895734597156398,0.0473933649289099,CU
2026,"Sisk, Evan",681895,Pirates,PIT,L,77.5,207,791,5.344594594594595,0.2616940581542351,CU,Curveball,52.1,-54.1,-2.0,-4,-6.3,11.5,14.0,-2.5,-18,0.3080568720379147,0.1848341232227488,CU
2026,"Sheehan, Emmet",686218,Dodgers,LAD,R,77.6,205,1780,12.108843537414966,0.1151685393258427,CU,Curveball,58.8,-55.8,3.0,5,-13.1,10.0,11.2,-1.3,-11,0.7819905213270142,0.3696682464454976,CU
2026,"Thielbar, Caleb",573204,Cubs,CHC,L,76.3,204,789,5.331081081081081,0.2585551330798479,CU,Curveball,61.4,-58.7,2.7,5,-14.3,6.8,9.4,-2.6,-28,0.7488151658767772,0.1800947867298578,CU
2026,"Fried, Max",608331,Yankees,NYY,L,73.6,202,1511,10.27891156462585,0.1336863004632693,CU,Curveball,68.1,-63.3,4.8,8,-16.7,10.2,10.2,0.0,0,0.914691943127962,0.4739336492890995,CU
2026,"Buehler, Walker",621111,Padres,SD,R,78.3,200,2352,16.0,0.0850340136054421,CU,Curveball,58.8,-55.3,3.5,6,-13.7,10.7,9.9,0.8,8,0.8199052132701422,0.5829383886255924,CU
2026,"Wheeler, Zack",554430,Phillies,PHI,R,79.9,200,2360,15.945945945945946,0.0847457627118644,CU,Curveball,54.1,-52.1,2.0,4,-11.2,13.0,11.9,1.1,9,0.6919431279620853,0.5971563981042654,CU
2026,"Barlow, Scott",605130,Athletics,ATH,R,76.2,199,581,3.925675675675676,0.342512908777969,CU,Curveball,54.6,-56.7,-2.1,-4,-7.2,14.9,12.9,2.0,16,0.2985781990521327,0.7109004739336493,CU
2026,"Tolle, Payton",801139,Red Sox,BOS,L,83.0,198,2095,14.155405405405403,0.0945107398568019,CU,Curveball,44.2,-50.3,-6.2,-12,-4.5,6.8,8.1,-1.3,-16,0.0521327014218009,0.3696682464454976,CU
2026,"Rucker, Michael",621074,Mariners,SEA,R,82.4,195,640,4.324324324324325,0.3046875,CU,Curveball,51.2,-50.1,1.1,2,-10.4,15.5,9.4,6.2,66,0.5592417061611374,0.966824644549763,CU
2026,"Bednar, David",670280,Yankees,NYY,R,76.9,194,1055,7.17687074829932,0.1838862559241706,CU,Curveball,53.0,-57.4,-4.4,-8,-6.5,7.9,10.3,-2.5,-24,0.1469194312796208,0.1848341232227488,CU
2026,"Avila, Luinder",679883,Royals,KC,R,83.0,190,1293,8.736486486486486,0.1469450889404485,CU,Curveball,44.4,-50.3,-6.0,-12,-4.8,7.2,7.1,0.1,1,0.0568720379146919,0.4976303317535545,CU
2026,"Kilian, Caleb",668873,Phillies,PHI,R,80.9,187,786,5.3108108108108105,0.237913486005089,CU,Curveball,57.0,-52.5,4.5,9,-14.8,10.5,8.2,2.3,28,0.8957345971563981,0.7345971563981043,CU
2026,"Jump, Gage",695611,Athletics,ATH,L,82.3,181,1712,11.567567567567568,0.1057242990654205,CU,Curveball,52.3,-50.6,1.7,3,-11.8,7.8,8.3,-0.5,-6,0.6540284360189573,0.4312796208530806,CU
2026,"Watson, Ryan",670245,Angels,LAA,R,83.2,178,1069,7.272108843537415,0.166510757717493,CU,Curveball,51.3,-49.7,1.6,3,-11.6,11.9,8.1,3.8,47,0.6398104265402843,0.8530805687203792,CU
2026,"Sugano, Tomoyuki",608372,Rockies,COL,R,79.9,175,2272,15.45578231292517,0.0770246478873239,CU,Curveball,51.7,-53.6,-1.9,-4,-9.2,6.5,8.6,-2.1,-25,0.3175355450236967,0.2369668246445497,CU
2026,"Gibson, Cade",806188,Marlins,MIA,L,79.1,173,775,5.236486486486487,0.2232258064516129,CU,Curveball,59.8,-54.5,5.2,10,-15.4,14.5,9.9,4.6,46,0.9383886255924172,0.909952606635071,CU
2026,"Bieber, Shane",669456,Blue Jays,TOR,R,82.6,172,930,6.283783783783784,0.1849462365591397,CU,Curveball,52.0,-50.3,1.7,3,-11.7,5.9,8.4,-2.5,-30,0.6540284360189573,0.1848341232227488,CU
2026,"Scherzer, Max",453286,Blue Jays,TOR,R,74.8,171,1181,7.97972972972973,0.1447925486875529,CU,Curveball,56.3,-60.7,-4.5,-7,-6.9,12.7,10.8,1.8,17,0.1374407582938388,0.7014218009478673,CU
2026,"Keller, Mitch",656605,Pirates,PIT,R,77.8,171,1887,12.75,0.0906200317965023,CU,Curveball,58.5,-56.1,2.4,4,-12.8,13.2,9.8,3.4,35,0.7440758293838863,0.8246445497630331,CU
2026,"Sproat, Brandon",687075,Brewers,MIL,R,83.0,170,1727,11.66891891891892,0.0984365952518818,CU,Curveball,51.2,-49.8,1.4,3,-11.3,10.8,7.7,3.1,40,0.6113744075829384,0.7867298578199052,CU
2026,"Blackburn, Paul",621112,Yankees,NYY,R,81.1,168,1154,7.850340136054422,0.145580589254766,CU,Curveball,59.5,-52.2,7.3,14,-17.2,8.2,8.0,0.2,2,0.995260663507109,0.5165876777251185,CU
2026,"Holmes, Grant",656550,Braves,ATL,R,82.8,167,2170,14.66216216216216,0.0769585253456221,CU,Curveball,47.2,-49.7,-2.5,-5,-7.6,2.3,7.5,-5.2,-69,0.2701421800947867,0.0616113744075829,CU
2026,"Early, Connelly",813349,Red Sox,BOS,L,80.0,166,1528,10.324324324324325,0.1086387434554973,CU,Curveball,52.3,-53.2,-0.9,-2,-9.4,9.8,9.7,0.1,1,0.4265402843601896,0.4976303317535545,CU
2026,"Vásquez, Randy",681190,Padres,SD,R,84.0,166,2055,13.979591836734691,0.0807785888077858,CU,Curveball,41.8,-48.6,-6.8,-14,-3.1,10.0,6.7,3.2,48,0.0379146919431279,0.8009478672985783,CU
2026,"May, Dustin",669160,Brewers,MIL,R,83.5,163,2234,15.094594594594597,0.0729632945389436,CU,Curveball,55.5,-49.4,6.1,12,-15.8,9.2,7.9,1.3,17,0.966824644549763,0.6255924170616114,CU
2026,"Kremer, Dean",665152,Twins,MIN,R,76.7,161,1201,8.170068027210885,0.1340549542048293,CU,Curveball,59.7,-58.3,1.4,2,-13.1,7.8,9.4,-1.7,-18,0.6113744075829384,0.3080568720379147,CU
2026,"Rodriguez, Grayson",680570,Angels,LAA,R,80.9,160,1483,10.08843537414966,0.1078894133513149,CU,Curveball,50.1,-52.9,-2.8,-5,-8.1,6.8,8.6,-1.8,-21,0.2417061611374407,0.2890995260663507,CU
2026,"Taillon, Jameson",592791,Blue Jays,TOR,R,79.1,159,1443,9.75,0.1101871101871102,CU,Curveball,53.7,-55.1,-1.4,-2,-9.8,8.5,8.5,0.0,0,0.3601895734597156,0.4739336492890995,CU
2026,"Maton, Phil",664208,Cubs,CHC,R,75.6,158,546,3.689189189189189,0.2893772893772894,CU,Curveball,58.1,-56.2,1.8,3,-9.3,18.6,14.8,3.8,26,0.6729857819905213,0.8530805687203792,CU
2026,"Junk, Janson",676083,Marlins,MIA,R,80.7,156,1761,11.89864864864865,0.0885860306643952,CU,Curveball,56.2,-52.4,3.9,7,-13.9,8.1,8.8,-0.6,-7,0.8530805687203792,0.4265402843601896,CU
2026,"Pérez, Martín",527048,Braves,ATL,L,76.8,155,2075,14.02027027027027,0.0746987951807229,CU,Curveball,49.9,-57.3,-7.4,-13,-3.8,5.0,11.1,-6.1,-55,0.0189573459715639,0.0331753554502369,CU
2026,"deGrom, Jacob",594798,Rangers,TEX,R,80.7,154,2472,16.7027027027027,0.0622977346278317,CU,Curveball,47.1,-52.6,-5.5,-10,-5.2,12.2,8.6,3.6,42,0.0853080568720379,0.8436018957345972,CU
2026,"Matz, Steven",571927,Rays,TB,L,78.8,154,1251,8.510204081632653,0.123101518784972,CU,Curveball,55.1,-54.8,0.2,0,-10.6,11.0,9.7,1.3,13,0.5118483412322274,0.6255924170616114,CU
2026,"Rolison, Ryan",669020,Cubs,CHC,L,79.6,151,870,5.878378378378378,0.1735632183908046,CU,Curveball,57.2,-54.0,3.1,6,-13.7,9.9,8.6,1.2,15,0.8009478672985783,0.6113744075829384,CU
2026,"Montgomery, Mason",682254,Pirates,PIT,L,86.6,149,1050,7.094594594594595,0.1419047619047619,CU,Curveball,42.9,-45.8,-2.9,-6,-6.6,2.1,6.6,-4.6,-69,0.2369668246445497,0.0900473933649289,CU
2026,"Ramírez, Yohan",670990,Pirates,PIT,R,84.3,149,1297,8.763513513513514,0.1148804934464148,CU,Curveball,44.6,-48.6,-4.0,-8,-6.0,13.7,7.6,6.1,80,0.1658767772511848,0.95260663507109,CU
2026,"Medina, Luis",665622,Athletics,ATH,R,81.1,149,1175,7.939189189189189,0.1268085106382978,CU,Curveball,54.0,-52.3,1.7,3,-12.3,8.9,7.8,1.1,14,0.6540284360189573,0.5971563981042654,CU
2026,"Dreyer, Jack",676263,Dodgers,LAD,L,80.9,147,925,6.292517006802721,0.1589189189189189,CU,Curveball,58.8,-52.7,6.1,12,-16.6,6.6,8.1,-1.5,-18,0.966824644549763,0.3507109004739336,CU
2026,"Faucher, Calvin",676534,Marlins,MIA,R,85.5,147,1052,7.108108108108108,0.1397338403041825,CU,Curveball,51.8,-46.5,5.4,12,-14.1,10.2,5.9,4.3,73,0.9478672985781992,0.8909952606635071,CU
2026,"Sabrowski, Erik",681870,Guardians,CLE,L,81.8,143,724,4.891891891891892,0.1975138121546961,CU,Curveball,51.6,-51.7,-0.1,0,-10.6,5.9,7.6,-1.6,-21,0.4928909952606635,0.3270142180094786,CU
2026,"Little, Brendon",663893,Blue Jays,TOR,L,86.7,141,495,3.3445945945945947,0.2848484848484848,CU,Curveball,47.9,-45.2,2.7,6,-11.3,2.9,5.2,-2.3,-44,0.7488151658767772,0.2274881516587677,CU
2026,"Snell, Blake",605483,Dodgers,LAD,L,79.8,141,645,4.387755102040816,0.2186046511627907,CU,Curveball,51.8,-54.4,-2.6,-5,-8.7,13.5,7.5,6.0,80,0.2654028436018957,0.9478672985781992,CU
2026,"Pérez, Eury",691587,Marlins,MIA,R,80.8,139,2361,15.952702702702704,0.0588733587462939,CU,Curveball,49.3,-53.0,-3.7,-7,-7.3,8.6,7.9,0.7,9,0.1800947867298578,0.5639810426540285,CU
2026,"Jax, Griffin",643377,Rays,TB,R,84.9,139,1531,10.414965986394558,0.0907903331156107,CU,Curveball,52.4,-47.7,4.7,10,-14.3,5.0,7.0,-2.0,-28,0.909952606635071,0.2559241706161137,CU
2026,"López, Reynaldo",625643,Braves,ATL,R,74.4,139,1306,8.824324324324325,0.1064318529862174,CU,Curveball,57.1,-61.9,-4.8,-8,-7.7,7.3,10.1,-2.8,-28,0.1184834123222748,0.1706161137440758,CU
2026,"Hall, DL",669084,Brewers,MIL,L,81.8,137,840,5.675675675675675,0.1630952380952381,CU,Curveball,53.3,-51.6,1.7,3,-12.1,10.0,8.5,1.5,18,0.6540284360189573,0.6635071090047393,CU
2026,"Alcantara, Sandy",645261,Marlins,MIA,R,82.8,134,3060,20.67567567567568,0.0437908496732026,CU,Curveball,42.6,-50.0,-7.3,-15,-2.8,4.3,7.3,-3.0,-42,,,CU
2026,"Kinley, Tyler",641755,Tigers,DET,R,83.1,133,817,5.557823129251701,0.1627906976744186,CU,Curveball,48.6,-49.8,-1.1,-2,-9.2,4.0,6.4,-2.4,-37,0.4075829383886256,0.2037914691943128,CU
2026,"Ohtani, Shohei",660271,Dodgers,LAD,R,75.2,133,1335,9.081632653061224,0.099625468164794,CU,Curveball,63.9,-60.8,3.1,5,-14.8,13.4,9.4,4.0,43,0.8009478672985783,0.8720379146919431,CU
2026,"Loáisiga, Jonathan",642528,D-backs,AZ,R,89.4,131,865,5.844594594594595,0.1514450867052023,CU,Curveball,33.1,-38.9,-5.8,-15,1.1,4.0,4.0,-0.1,-2,0.0663507109004739,0.4644549763033175,CU
2026,"Pomeranz, Drew",519141,Cubs,CHC,L,84.3,129,478,3.22972972972973,0.2698744769874477,CU,Curveball,48.0,-47.9,0.0,0,-9.5,4.0,6.4,-2.4,-37,0.5071090047393365,0.2037914691943128,CU
2026,"Warren, Will",701542,Yankees,NYY,R,81.2,128,2413,16.41496598639456,0.0530460008288437,CU,Curveball,53.0,-51.9,1.1,2,-11.3,11.4,8.7,2.7,31,0.5592417061611374,0.7630331753554502,CU
2026,"Pérez, Cionel",672335,Mets,NYM,L,85.5,128,702,4.775510204081633,0.1823361823361823,CU,Curveball,47.4,-46.3,1.1,2,-10.0,3.6,6.1,-2.5,-41,0.5592417061611374,0.1848341232227488,CU
2026,"Melton, Troy",675512,Tigers,DET,R,79.4,127,1614,10.979591836734691,0.0786864931846344,CU,Curveball,52.9,-54.5,-1.6,-3,-9.1,16.0,9.1,7.0,77,0.3459715639810427,0.985781990521327,CU
2026,"Wolfram, Grant",664991,Orioles,BAL,L,85.4,126,804,5.4324324324324325,0.1567164179104477,CU,Curveball,42.5,-47.1,-4.6,-10,-5.2,1.0,6.1,-5.1,-83,0.1279620853080568,0.0710900473933649,CU
2026,"Povich, Cade",700249,Orioles,BAL,L,76.3,124,540,3.6486486486486487,0.2296296296296296,CU,Curveball,62.9,-58.5,4.3,7,-15.3,8.6,10.2,-1.6,-16,0.8720379146919431,0.3270142180094786,CU
2026,"Dion, Will",702021,Nationals,WSH,L,81.0,123,620,4.161073825503356,0.1983870967741935,CU,Curveball,50.9,-52.3,-1.4,-3,-9.4,2.5,8.1,-10.5,-131,0.3601895734597156,0.0047393364928909,CU
2026,"Nelson, Ryne",669194,D-backs,AZ,R,81.0,123,1292,8.72972972972973,0.0952012383900928,CU,Curveball,49.1,-52.9,-3.8,-7,-7.3,8.0,7.6,0.4,5,0.1753554502369668,0.5308056872037915,CU
2026,"Klein, Will",694361,Dodgers,LAD,R,85.0,123,762,5.183673469387755,0.1614173228346456,CU,Curveball,51.3,-47.7,3.6,7,-13.3,8.6,7.0,1.6,23,0.8341232227488151,0.6729857819905213,CU
2026,"Leiter, Jack",683004,Rangers,TEX,R,81.9,122,1397,9.43918918918919,0.0873299928418038,CU,Curveball,53.4,-51.3,2.1,4,-12.4,4.3,7.9,-3.7,-46,0.7156398104265402,0.1137440758293838,CU
2026,"Rea, Colin",607067,Cubs,CHC,R,80.1,122,2185,14.763513513513514,0.0558352402745995,CU,Curveball,50.2,-53.0,-2.8,-5,-7.6,10.3,9.3,1.0,11,0.2417061611374407,0.5924170616113744,CU
2026,"Murphy, Chris",669684,White Sox,CWS,L,77.8,121,535,3.639455782312925,0.2261682242990654,CU,Curveball,57.9,-55.0,2.9,5,-12.2,15.1,12.6,2.5,20,0.7725118483412322,0.7488151658767772,CU
2026,"Morgan, David",688158,Padres,SD,R,82.6,120,475,3.2312925170068025,0.2526315789473684,CU,Curveball,52.0,-49.9,2.1,4,-11.5,8.7,8.9,-0.2,-2,0.7156398104265402,0.4549763033175355,CU
2026,"Canning, Griffin",656288,Padres,SD,R,82.0,120,1402,9.537414965986397,0.0855920114122681,CU,Curveball,45.0,-50.2,-5.2,-10,-4.2,11.7,9.1,2.6,28,0.0947867298578199,0.7535545023696683,CU
2026,"Houser, Adrian",605288,Giants,SF,R,82.3,119,1731,11.695945945945946,0.0687463893703061,CU,Curveball,49.7,-51.1,-1.4,-3,-9.4,8.4,7.7,0.7,10,0.3601895734597156,0.5639810426540285,CU
2026,"Painter, Andrew",691725,Phillies,PHI,R,81.2,118,1861,12.574324324324325,0.0634067705534658,CU,Curveball,49.2,-52.6,-3.4,-6,-7.8,8.0,7.2,0.8,11,0.1895734597156398,0.5829383886255924,CU
2026,"Gordon, Tanner",685299,Rockies,COL,R,80.9,117,1423,9.680272108843536,0.0822206605762473,CU,Curveball,44.6,-52.6,-7.9,-15,-3.1,1.6,7.7,-6.1,-79,0.0142180094786729,0.0331753554502369,CU
2026,"McCullers Jr., Lance",621121,Brewers,MIL,R,81.6,116,793,5.358108108108108,0.146279949558638,CU,Curveball,50.2,-50.8,-0.6,-1,-8.8,13.6,9.5,4.0,42,0.4454976303317535,0.8720379146919431,CU
2026,"Teng, Kai-Wei",678906,Astros,HOU,R,82.4,116,1266,8.554054054054054,0.0916271721958925,CU,Curveball,49.1,-50.4,-1.3,-3,-8.3,16.4,8.3,8.0,96,0.3886255924170616,1.0,CU
2026,"Paddack, Chris",663978,Rangers,TEX,R,76.9,115,1015,6.858108108108108,0.1133004926108374,CU,Curveball,62.1,-57.9,4.2,7,-15.3,7.1,8.9,-1.9,-21,0.8672985781990521,0.2748815165876777,CU
2026,"Thornton, Trent",663423,Cubs,CHC,R,81.8,115,708,4.783783783783784,0.1624293785310734,CU,Curveball,52.9,-50.9,2.0,4,-12.0,6.9,8.6,-1.7,-20,0.6919431279620853,0.3080568720379147,CU
2026,"Woods Richardson, Simeon",680573,Blue Jays,TOR,R,76.8,112,1161,7.844594594594595,0.0964685615848406,CU,Curveball,60.6,-58.8,1.8,3,-13.8,6.9,8.4,-1.6,-19,0.6729857819905213,0.3270142180094786,CU
2026,"Gusto, Ryan",687473,Marlins,MIA,R,78.5,108,1267,8.56081081081081,0.085240726124704,CU,Curveball,61.8,-55.2,6.5,12,-16.8,7.5,9.2,-1.7,-19,0.990521327014218,0.3080568720379147,CU
2026,"Hughes, Gabriel",687312,Rockies,COL,R,78.7,108,977,6.64625850340136,0.1105424769703173,CU,Curveball,56.3,-55.2,1.1,2,-12.4,8.1,9.4,-1.3,-14,0.5592417061611374,0.3696682464454976,CU
2026,"Quintana, Jose",500779,Rockies,COL,L,78.9,108,687,4.673469387755102,0.1572052401746725,CU,Curveball,48.8,-54.5,-5.7,-10,-5.2,4.2,9.4,-5.3,-56,0.0758293838862559,0.0568720379146919,CU
2026,"Sandlin, David",689818,White Sox,CWS,R,83.0,107,409,2.782312925170068,0.2616136919315403,CU,Curveball,47.7,-50.3,-2.6,-5,-8.0,4.6,7.3,-2.7,-37,,,CU
2026,"Basso, Brady",669620,Athletics,ATH,L,77.5,106,573,3.8716216216216215,0.1849912739965096,CU,Curveball,56.6,-57.6,-1.0,-2,-11.2,1.8,8.2,-6.4,-79,0.4170616113744075,0.0236966824644549,CU
2026,"Leiter Jr., Mark",643410,Athletics,ATH,R,73.9,106,551,3.722972972972973,0.1923774954627949,CU,Curveball,67.1,-62.5,4.6,7,-16.3,10.1,10.6,-0.4,-4,0.9004739336492891,0.4407582938388625,CU
2026,"Pallette, Peyton",688883,Guardians,CLE,R,81.6,106,442,2.9864864864864864,0.2398190045248869,CU,Curveball,56.2,-51.4,4.8,9,-14.6,9.3,7.8,1.4,18,,,CU
2026,"Dobbins, Hunter",690928,Cardinals,STL,R,79.3,106,932,6.297297297297297,0.1137339055793991,CU,Curveball,54.3,-54.6,-0.3,-1,-10.8,6.6,8.6,-2.0,-23,0.4739336492890995,0.2559241706161137,CU
2026,"Hentges, Sam",656529,Giants,SF,L,80.4,106,617,4.168918918918919,0.1717990275526742,CU,Curveball,53.3,-54.5,-1.2,-2,-11.0,5.8,7.8,-2.1,-26,0.4028436018957346,0.2369668246445497,CU
2026,"Englert, Mason",669438,Rays,TB,R,74.4,105,577,3.925170068027211,0.1819757365684575,CU,Curveball,65.1,-61.5,3.6,6,-14.9,12.2,10.6,1.6,15,0.8341232227488151,0.6729857819905213,CU
2026,"Chandler, Bubba",696149,Pirates,PIT,R,86.6,104,2428,16.405405405405407,0.042833607907743,CU,Curveball,38.8,-45.3,-6.4,-14,-2.6,1.4,6.3,-4.9,-78,,,CU
2026,"Parker, Mitchell",680730,Nationals,WSH,L,79.0,103,663,4.449664429530201,0.1553544494720965,CU,Curveball,52.4,-55.2,-2.8,-5,-8.4,8.7,8.4,0.4,4,0.2417061611374407,0.5308056872037915,CU
2026,"Assad, Javier",665871,Cubs,CHC,R,77.7,103,1405,9.493243243243244,0.0733096085409252,CU,Curveball,54.4,-56.5,-2.1,-4,-8.8,13.0,9.3,3.8,41,0.2985781990521327,0.8530805687203792,CU
2026,"Jones, Jared",683003,Pirates,PIT,R,85.7,103,1402,9.472972972972974,0.0734664764621968,CU,Curveball,46.8,-46.8,-0.1,0,-9.7,5.5,7.0,-1.5,-21,0.4928909952606635,0.3507109004739336,CU
2026,"Feltner, Ryan",663372,Rockies,COL,R,79.3,103,1863,12.673469387755102,0.0552871712292002,CU,Curveball,51.0,-54.0,-3.0,-6,-7.8,8.1,9.9,-1.9,-19,0.2322274881516587,0.2748815165876777,CU
2026,"Martinez, Nick",607259,Rays,TB,R,80.0,103,2306,15.687074829931973,0.0446660884648742,CU,Curveball,57.5,-53.7,3.8,7,-14.5,1.0,8.4,-7.5,-89,,,CU
2026,"Skubal, Tarik",669373,Dodgers,LAD,L,80.4,103,2105,14.319727891156464,0.0489311163895486,CU,Curveball,47.3,-53.1,-5.9,-11,-5.0,8.6,7.9,0.7,9,,,CU
2026,"Strider, Spencer",675911,Braves,ATL,R,78.0,100,691,4.668918918918919,0.1447178002894356,CU,Curveball,51.4,-56.0,-4.6,-8,-6.9,6.4,9.5,-3.1,-33,0.1279620853080568,0.1516587677725118,CU
2026,"Graceffo, Gordon",700669,Cardinals,STL,R,83.2,100,1104,7.45945945945946,0.0905797101449275,CU,Curveball,55.8,-49.7,6.0,12,-16.0,2.2,7.0,-4.8,-69,0.95260663507109,0.0853080568720379,CU
2026,"Mantiply, Joe",573009,Blue Jays,TOR,L,80.3,98,334,2.256756756756757,0.2934131736526946,CU,Curveball,45.9,-51.8,-5.9,-11,-3.5,7.4,10.9,-3.4,-31,,,CU
2026,"Scott, Christian",681035,Mets,NYM,R,81.9,98,1803,12.26530612244898,0.0543538546866333,CU,Curveball,47.4,-50.7,-3.3,-7,-6.6,9.7,9.3,0.4,5,0.2085308056872037,0.5308056872037915,CU
2026,"Hancock, Emerson",676106,Mariners,SEA,R,76.1,97,2171,14.66891891891892,0.0446798710271764,CU,Curveball,54.1,-57.1,-3.0,-5,-6.8,13.6,12.9,0.7,6,,,CU
2026,"Kikuchi, Yusei",579328,Angels,LAA,L,79.3,97,925,6.292517006802721,0.1048648648648648,CU,Curveball,52.5,-54.6,-2.0,-4,-8.9,7.3,9.1,-1.8,-20,0.3080568720379147,0.2890995260663507,CU
2026,"Antone, Tejay",622088,Reds,CIN,R,81.6,96,819,5.571428571428571,0.1172161172161172,CU,Curveball,52.8,-51.2,1.5,3,-11.4,12.8,8.5,4.3,50,0.6255924170616114,0.8909952606635071,CU
2026,"Lynch IV, Daniel",663738,Royals,KC,L,81.7,95,1074,7.256756756756757,0.0884543761638733,CU,Curveball,42.4,-51.5,-9.1,-18,-1.6,3.1,7.4,-4.3,-58,0.0,0.0995260663507109,CU
2026,"Wrobleski, Justin",680736,Dodgers,LAD,L,75.1,95,2009,13.666666666666666,0.0472872075659532,CU,Curveball,54.7,-58.9,-4.2,-7,-6.0,6.6,12.0,-5.4,-45,,,CU
2026,"Holmes, Clay",605280,Cubs,CHC,R,81.2,94,1338,9.04054054054054,0.070254110612855,CU,Curveball,56.2,-52.5,3.8,7,-14.5,10.3,7.3,3.0,41,0.8483412322274881,0.7725118483412322,CU
2026,"Senzatela, Antonio",622608,Brewers,MIL,R,83.4,90,1070,7.22972972972973,0.0841121495327102,CU,Curveball,43.6,-49.4,-5.8,-12,-4.6,5.1,6.9,-1.8,-26,0.0663507109004739,0.2890995260663507,CU
2026,"Holderman, Colin",670059,Guardians,CLE,R,83.1,90,860,5.8108108108108105,0.1046511627906976,CU,Curveball,49.0,-49.8,-0.7,-1,-9.3,13.3,8.4,4.9,59,0.4312796208530806,0.919431279620853,CU
2026,"Rasmussen, Drew",656876,Rays,TB,R,80.1,87,2470,16.802721088435373,0.0352226720647773,CU,Curveball,55.7,-53.3,2.4,4,-12.7,4.6,8.6,-4.0,-46,,,CU
2026,"Brubaker, JT",664141,Giants,SF,R,81.9,87,1000,6.756756756756757,0.087,CU,Curveball,47.1,-51.5,-4.5,-9,-6.3,11.9,7.2,4.7,65,0.1374407582938388,0.914691943127962,CU
2026,"Gibson, Trey",694346,Orioles,BAL,R,84.3,82,619,4.1824324324324325,0.1324717285945072,CU,Curveball,52.5,-49.0,3.5,7,-13.6,8.4,6.9,1.5,22,0.8199052132701422,0.6635071090047393,CU
2026,"King, John",667463,Marlins,MIA,L,79.0,82,714,4.824324324324325,0.1148459383753501,CU,Curveball,56.0,-54.7,1.3,2,-11.9,11.5,9.8,1.7,17,0.6066350710900474,0.6824644549763034,CU
2026,"Kranick, Max",668820,Nationals,WSH,R,80.4,82,340,2.2818791946308723,0.2411764705882353,CU,Curveball,48.1,-53.0,-4.9,-9,-6.0,7.9,8.5,-0.7,-8,,,CU
2026,"Kent, Jackson",800600,Nationals,WSH,L,79.0,81,517,3.469798657718121,0.1566731141199226,CU,Curveball,59.0,-55.0,4.0,7,-14.9,6.1,9.0,-2.9,-32,0.8578199052132701,0.1611374407582938,CU
2026,"Urquidy, José",664353,White Sox,CWS,R,77.3,81,493,3.3537414965986394,0.1643002028397566,CU,Curveball,57.5,-57.4,0.2,0,-11.5,10.2,10.2,0.0,0,0.5118483412322274,0.4739336492890995,CU
2026,"Mathews, Quinn",687273,Cardinals,STL,L,75.8,80,591,3.993243243243243,0.1353637901861252,CU,Curveball,60.5,-58.5,2.0,3,-12.6,9.8,11.2,-1.4,-12,0.6919431279620853,0.3601895734597156,CU
2026,"Duran, Jhoan",661395,Phillies,PHI,R,88.6,80,861,5.817567567567568,0.0929152148664343,CU,Curveball,41.6,-42.0,-0.4,-1,-6.8,1.9,3.6,-1.7,-47,0.4597156398104265,0.3080568720379147,CU
2026,"Suárez, Albert",544150,Orioles,BAL,R,77.9,80,912,6.162162162162162,0.087719298245614,CU,Curveball,52.1,-56.8,-4.7,-8,-7.0,5.8,8.5,-2.7,-32,0.1232227488151658,0.1753554502369668,CU
2026,"Pearson, Nate",663878,Royals,KC,R,81.6,78,649,4.385135135135135,0.1201848998459167,CU,Curveball,51.9,-52.0,-0.2,0,-10.7,11.3,8.1,3.2,39,0.4786729857819905,0.8009478672985783,CU
2026,"Bird, Jake",656234,Nationals,WSH,R,80.9,77,678,4.550335570469799,0.1135693215339233,CU,Curveball,51.5,-51.7,-0.2,0,-9.2,16.3,9.6,6.7,70,0.4786729857819905,0.976303317535545,CU
2026,"Webb, Jacob",657097,Cubs,CHC,R,81.9,76,1050,7.094594594594595,0.0723809523809523,CU,Curveball,52.5,-50.5,2.0,4,-11.5,7.0,9.0,-2.0,-22,0.6919431279620853,0.2559241706161137,CU
2026,"Latz, Jacob",656641,Rangers,TEX,L,80.5,76,1001,6.763513513513513,0.0759240759240759,CU,Curveball,55.2,-52.9,2.3,4,-12.7,4.8,8.3,-3.5,-42,0.7298578199052133,0.1232227488151658,CU
2026,"Imanaga, Shota",684007,Cubs,CHC,L,74.4,74,2607,17.614864864864863,0.0283851169927119,CU,Curveball,63.0,-60.9,2.1,3,-13.3,8.7,11.4,-2.6,-23,,,CU
2026,"Barnett, Mason",686930,Athletics,ATH,R,79.2,74,743,5.02027027027027,0.0995962314939434,CU,Curveball,59.1,-54.7,4.4,8,-15.1,8.8,8.5,0.3,4,0.8862559241706162,0.5260663507109005,CU
2026,"Smith, Burch",572143,Tigers,DET,R,82.2,73,287,1.9523809523809523,0.2543554006968641,CU,Curveball,54.2,-50.9,3.2,6,-13.3,9.2,8.2,1.0,12,,,CU
2026,"Blanco, Ronel",669854,Astros,HOU,R,79.9,73,478,3.22972972972973,0.1527196652719665,CU,Curveball,45.0,-54.0,-8.9,-17,-2.0,9.3,8.3,1.1,13,0.0094786729857819,0.5971563981042654,CU
2026,"Miller, Bryce",682243,Mariners,SEA,R,83.0,73,1612,10.891891891891891,0.0452853598014888,CU,Curveball,52.1,-49.8,2.3,5,-12.5,3.9,8.3,-4.4,-54,,,CU
2026,"Rodríguez, Elmer",695684,Yankees,NYY,R,78.2,72,497,3.380952380952381,0.1448692152917505,CU,Curveball,56.1,-55.8,0.4,1,-10.9,12.7,9.2,3.5,38,0.5402843601895735,0.8388625592417062,CU
2026,"Pivetta, Nick",601713,Padres,SD,R,78.9,72,346,2.3537414965986394,0.2080924855491329,CU,Curveball,59.7,-55.5,4.1,7,-15.3,6.5,7.9,-1.4,-17,,,CU
2026,"Kimbrel, Craig",518886,Royals,KC,R,84.2,71,743,5.02027027027027,0.0955585464333782,CU,Curveball,46.3,-47.6,-1.3,-3,-7.5,10.9,10.4,0.6,6,0.3886255924170616,0.5450236966824644,CU
2026,"Quantrill, Cal",615698,Rangers,TEX,R,79.3,70,1587,10.722972972972974,0.0441083805923125,CU,Curveball,52.2,-54.7,-2.5,-4,-8.8,4.1,8.0,-3.9,-49,,,CU
2026,"Bummer, Aaron",607481,Royals,KC,L,80.2,70,328,2.216216216216216,0.2134146341463414,CU,Curveball,49.9,-52.4,-2.5,-5,-7.4,12.2,10.7,1.5,14,,,CU
2026,"Strzelecki, Peter",657265,Cardinals,STL,R,81.6,69,251,1.695945945945946,0.2749003984063745,CU,Curveball,49.9,-50.4,-0.5,-1,-8.6,14.0,11.4,2.6,23,,,CU
2026,"Drake, Kohl",684442,D-backs,AZ,L,78.5,65,382,2.581081081081081,0.1701570680628272,CU,Curveball,55.2,-55.2,0.0,0,-10.9,5.1,9.5,-4.4,-47,,,CU
2026,"Ginn, J.T.",669372,Athletics,ATH,R,84.2,64,2185,14.763513513513514,0.0292906178489702,CU,Curveball,43.4,-48.8,-5.4,-11,-4.9,2.4,7.6,-5.2,-68,,,CU
2026,"Karinchak, James",675916,Braves,ATL,R,84.0,64,162,1.0945945945945943,0.3950617283950617,CU,Curveball,44.1,-48.6,-4.5,-9,-5.7,0.1,6.5,-6.4,-99,,,CU
2026,"Bello, Brayan",678394,Red Sox,BOS,R,83.4,64,1736,11.72972972972973,0.0368663594470046,CU,Curveball,47.5,-49.3,-1.8,-4,-8.3,1.8,7.3,-5.6,-76,,,CU
2026,"Orze, Eric",679358,Twins,MIN,R,82.0,63,677,4.605442176870748,0.0930576070901034,CU,Curveball,46.3,-51.5,-5.2,-10,-5.3,15.6,8.3,7.3,87,0.0947867298578199,0.990521327014218,CU
2026,"Warren, Austin",681810,Mets,NYM,R,84.2,62,821,5.585034013605442,0.0755176613885505,CU,Curveball,45.8,-47.7,-1.9,-4,-7.2,9.1,10.2,-1.1,-11,0.3175355450236967,0.3886255924170616,CU
2026,"Waldichuk, Ken",686610,Nationals,WSH,L,81.5,61,149,1.0,0.4093959731543624,CU,Curveball,45.0,-51.7,-6.7,-13,-3.6,14.7,8.3,6.5,78,,,CU
2026,"Crow, Coleman",689441,Brewers,MIL,R,74.1,61,295,1.9932432432432432,0.2067796610169491,CU,Curveball,65.6,-60.0,5.6,9,-14.6,17.5,13.3,4.2,32,,,CU
2026,"Dollander, Chase",801403,Rockies,COL,R,79.8,59,743,5.054421768707483,0.079407806191117,CU,Curveball,51.5,-53.0,-1.6,-3,-8.4,14.5,10.7,3.8,36,0.3459715639810427,0.8530805687203792,CU
2026,"Rangel, Alan",660604,Phillies,PHI,R,73.2,59,491,3.3175675675675675,0.120162932790224,CU,Curveball,69.1,-64.2,4.9,8,-17.7,2.1,10.1,-12.3,-121,0.9289099526066352,0.0,CU
2026,"Molina, Anthony",683627,Giants,SF,R,84.5,58,374,2.527027027027027,0.1550802139037433,CU,Curveball,38.3,-48.4,-10.1,-21,-0.2,4.1,6.6,-2.5,-38,,,CU
2026,"Jobe, Jackson",695549,Tigers,DET,R,83.9,58,502,3.4149659863945576,0.1155378486055776,CU,Curveball,50.7,-48.8,1.9,4,-11.8,7.0,7.2,-0.2,-3,0.6872037914691943,0.4549763033175355,CU
2026,"Williamson, Brandon",682227,Reds,CIN,L,75.1,58,691,4.700680272108843,0.0839363241678726,CU,Curveball,60.5,-61.5,-1.1,-2,-11.4,12.4,9.0,3.4,38,0.4075829383886256,0.8246445497630331,CU
2026,"Baumler, Carter",691945,Rangers,TEX,R,84.3,56,117,0.7905405405405406,0.4786324786324786,CU,Curveball,51.5,-48.5,3.0,6,-12.8,6.9,7.7,-0.8,-11,,,CU
2026,"Adams, Mason",690279,Rockies,COL,R,81.9,56,304,2.068027210884354,0.1842105263157894,CU,Curveball,54.1,-50.5,3.6,7,-13.2,7.7,10.4,-2.7,-26,,,CU
2026,"Dallas, Chad",689149,Blue Jays,TOR,R,84.2,54,193,1.304054054054054,0.2797927461139896,CU,Curveball,52.9,-49.0,4.0,8,-14.1,5.9,6.9,-0.9,-14,,,CU
2026,"Ragans, Cole",666142,Royals,KC,L,79.3,54,638,4.3108108108108105,0.0846394984326018,CU,Curveball,58.0,-54.8,3.3,6,-14.0,10.6,8.2,2.4,29,0.8104265402843602,0.7440758293838863,CU
2026,"Walker, Taijuan",592836,Phillies,PHI,R,74.4,54,424,2.864864864864865,0.1273584905660377,CU,Curveball,58.7,-62.3,-3.6,-6,-9.3,5.8,9.7,-3.9,-40,,,CU
2026,"Lowder, Rhett",695076,Reds,CIN,R,80.7,54,2066,14.054421768707485,0.026137463697967,CU,Curveball,54.7,-52.5,2.2,4,-12.4,11.3,8.6,2.7,31,,,CU
2026,"Smith, Shane",681343,White Sox,CWS,R,82.4,53,225,1.530612244897959,0.2355555555555555,CU,Curveball,52.3,-51.0,1.3,3,-11.6,3.9,7.4,-3.6,-48,,,CU
2026,"Anderson, Kade",807739,Mariners,SEA,L,82.0,53,326,2.202702702702702,0.1625766871165644,CU,Curveball,50.0,-51.7,-1.7,-3,-9.5,8.4,7.5,0.9,12,,,CU
2026,"Pecko, Ethan",814490,Astros,HOU,R,81.6,52,416,2.810810810810811,0.125,CU,Curveball,53.1,-51.3,1.8,4,-11.7,5.5,8.8,-3.3,-37,,,CU
2026,"Kent, Zak",687849,Nationals,WSH,R,82.2,52,294,1.9731543624161076,0.1768707482993197,CU,Curveball,53.6,-51.0,2.6,5,-13.0,6.1,7.2,-1.1,-16,,,CU
2026,"Harris, Trent",805345,Giants,SF,R,78.1,51,272,1.837837837837838,0.1875,CU,Curveball,63.5,-56.1,7.5,13,-18.2,3.8,8.7,-4.8,-56,,,CU
2026,"Newcomb, Sean",656794,White Sox,CWS,L,80.8,51,1322,8.993197278911564,0.0385779122541603,CU,Curveball,56.5,-52.8,3.7,7,-14.0,13.1,8.1,4.9,61,,,CU
2026,"Kerr, Ray",678061,Braves,ATL,L,81.1,50,129,0.8716216216216216,0.3875968992248062,CU,Curveball,45.5,-51.3,-5.8,-11,-4.2,2.8,9.9,-7.2,-72,,,CU
2026,"Abner, Philip",691769,Giants,SF,L,81.2,50,270,1.8243243243243243,0.1851851851851851,CU,Curveball,47.7,-51.9,-4.2,-8,-6.2,2.7,8.8,-6.1,-70,,,CU
2026,"Cabrera, Jose",703615,D-backs,AZ,R,86.0,49,423,2.858108108108108,0.1158392434988179,CU,Curveball,38.2,-46.5,-8.3,-18,-1.3,0.4,6.1,-5.7,-93,,,CU
2026,"Montgomery, Jordan",656756,Rangers,TEX,L,76.9,49,290,1.9594594594594597,0.1689655172413793,CU,Curveball,56.5,-58.5,-2.0,-3,-10.0,6.4,8.3,-1.9,-23,,,CU
2026,"Ekness, Josh",694795,Marlins,MIA,R,85.9,46,432,2.918918918918919,0.1064814814814814,CU,Curveball,42.9,-46.0,-3.0,-7,-5.8,8.5,7.2,1.3,18,,,CU
2026,"Mears, Nick",683232,Royals,KC,R,81.4,46,341,2.304054054054054,0.1348973607038123,CU,Curveball,56.2,-52.1,4.2,8,-14.6,6.7,7.7,-1.0,-14,,,CU
2026,"Wells, Tyler",669330,Rays,TB,R,78.1,46,1053,7.163265306122449,0.043684710351377,CU,Curveball,55.4,-58.7,-3.2,-6,-10.6,5.8,7.7,-1.9,-25,,,CU
2026,"Aldegheri, Sam",691951,Angels,LAA,L,74.8,46,610,4.149659863945578,0.0754098360655737,CU,Curveball,57.8,-60.1,-2.3,-4,-8.4,11.9,10.7,1.2,11,0.2890995260663507,0.6113744075829384,CU
2026,"Sandoval, Patrick",663776,Red Sox,BOS,L,75.7,45,947,6.398648648648648,0.0475184794086589,CU,Curveball,59.5,-59.5,0.0,0,-11.8,10.3,10.4,-0.1,-1,,,CU
2026,"Thornton, Zac",804267,Mets,NYM,L,79.5,45,1006,6.843537414965986,0.0447316103379721,CU,Curveball,50.0,-53.8,-3.8,-7,-5.6,0.7,6.5,-5.8,-89,,,CU
2026,"Bolton, Cody",675989,Astros,HOU,R,79.2,45,391,2.641891891891892,0.1150895140664961,CU,Curveball,55.8,-54.4,1.4,3,-11.7,13.6,9.6,4.0,42,,,CU
2026,"Woo, Bryan",693433,Mariners,SEA,R,83.1,44,2395,16.18243243243243,0.0183716075156576,CU,Curveball,45.1,-49.2,-4.1,-8,-5.7,5.7,9.8,-4.1,-42,,,CU
2026,"Abel, Mick",690953,Twins,MIN,R,80.5,43,357,2.4285714285714284,0.1204481792717086,CU,Curveball,51.6,-52.7,-1.2,-2,-9.1,12.3,9.7,2.5,26,,,CU
2026,"Rajcic, Max",691008,Cardinals,STL,R,82.7,42,163,1.101351351351351,0.2576687116564417,CU,Curveball,55.5,-50.4,5.1,10,-15.3,8.5,7.6,0.8,11,,,CU
2026,"Henriquez, Edgardo",683618,Dodgers,LAD,R,82.1,41,946,6.435374149659864,0.0433403805496828,CU,Curveball,53.6,-51.6,2.0,4,-12.8,10.9,7.2,3.7,52,,,CU
2026,"Bennett, Jake",687562,Red Sox,BOS,L,78.8,40,1462,9.87837837837838,0.027359781121751,CU,Curveball,53.8,-55.1,-1.3,-2,-9.6,3.6,9.6,-6.0,-62,,,CU
2026,"Vanasco, Ricky",676568,Tigers,DET,R,82.6,39,170,1.1564625850340136,0.2294117647058823,CU,Curveball,53.0,-50.4,2.5,5,-12.7,5.9,8.3,-2.4,-29,,,CU
2026,"Simpson, Josh",681006,Mariners,SEA,L,80.0,39,153,1.0337837837837838,0.2549019607843137,CU,Curveball,51.2,-51.3,-0.2,0,-8.5,10.2,11.9,-1.8,-15,,,CU
2026,"Schweitzer, Tyler",805326,White Sox,CWS,L,81.8,38,566,3.8503401360544216,0.0671378091872791,CU,Curveball,46.3,-51.3,-5.0,-10,-5.4,6.7,8.0,-1.4,-17,0.1137440758293838,0.3601895734597156,CU
2026,"Wilson, Bryse",669060,Brewers,MIL,R,80.8,38,533,3.6013513513513518,0.0712945590994371,CU,Curveball,47.1,-52.5,-5.4,-10,-4.9,15.1,9.0,6.1,68,0.0900473933649289,0.95260663507109,CU
2026,"Zuber, Tyler",676604,Marlins,MIA,R,83.4,37,601,4.0608108108108105,0.0615640599001663,CU,Curveball,44.9,-48.3,-3.4,-7,-5.5,11.7,9.7,2.0,20,0.1895734597156398,0.7109004739336493,CU
2026,"Mautz, Brycen",802408,Cardinals,STL,L,78.2,37,191,1.2905405405405406,0.193717277486911,CU,Curveball,55.3,-54.6,0.7,1,-10.5,7.5,11.6,-4.1,-35,,,CU
2026,"Giolito, Lucas",608337,Padres,SD,R,76.9,37,551,3.748299319727891,0.0671506352087114,CU,Curveball,59.7,-58.4,1.2,2,-13.1,3.3,8.5,-5.2,-61,0.5876777251184834,0.0616113744075829,CU
2026,"Holton, Tyler",663947,Tigers,DET,L,79.1,37,1080,7.346938775510204,0.0342592592592592,CU,Curveball,59.0,-54.7,4.3,8,-14.9,11.8,8.6,3.2,37,,,CU
2026,"Black, Mason",696131,Royals,KC,R,81.1,37,556,3.756756756756757,0.066546762589928,CU,Curveball,47.6,-50.9,-3.2,-6,-6.2,3.3,10.6,-7.3,-69,0.2227488151658767,0.0189573459715639,CU
2026,"Estrada, Lazaro",681751,Blue Jays,TOR,R,76.2,37,228,1.5405405405405406,0.1622807017543859,CU,Curveball,59.6,-58.2,1.4,2,-12.2,9.7,10.9,-1.2,-11,,,CU
2026,"Winquest, Cade",685464,Cardinals,STL,R,79.2,36,113,0.7635135135135135,0.3185840707964602,CU,Curveball,54.9,-53.1,1.8,3,-11.3,9.0,11.9,-3.0,-25,,,CU
2026,"Martin, Riley",702303,Cubs,CHC,L,85.5,35,118,0.7972972972972973,0.2966101694915254,CU,Curveball,49.3,-46.1,3.2,7,-11.7,3.5,5.5,-2.0,-36,,,CU
2026,"McGee, Easton",668834,Royals,KC,R,80.5,35,167,1.1283783783783785,0.2095808383233532,CU,Curveball,50.1,-52.9,-2.8,-5,-8.0,8.4,8.9,-0.6,-6,,,CU
2026,"Voth, Austin",608723,Twins,MIN,R,74.5,34,214,1.45578231292517,0.1588785046728972,CU,Curveball,62.8,-60.8,2.0,3,-13.0,16.2,11.1,5.0,45,,,CU
2026,"France, J.P.",641585,Astros,HOU,R,76.2,33,117,0.7905405405405406,0.282051282051282,CU,Curveball,65.5,-57.1,8.4,15,-17.4,10.2,12.2,-2.0,-16,,,CU
2026,"Smith-Shawver, AJ",700363,Braves,ATL,R,75.2,33,401,2.70945945945946,0.0822942643391521,CU,Curveball,59.0,-60.0,-1.0,-2,-10.3,11.8,10.2,1.6,16,,,CU
2026,"Spence, Mitch",687765,Royals,KC,R,81.6,33,200,1.351351351351351,0.165,CU,Curveball,51.7,-51.8,0.0,0,-10.3,9.4,7.4,2.0,26,,,CU
2026,"Curry, Xzavion",675540,Mets,NYM,R,73.2,32,287,1.9523809523809523,0.1114982578397212,CU,Curveball,61.4,-62.6,-1.2,-2,-10.1,11.6,11.1,0.5,5,,,CU
2026,"Smith, Dylan",681916,Giants,SF,R,80.7,32,590,3.9864864864864864,0.0542372881355932,CU,Curveball,54.0,-53.1,0.9,2,-11.9,10.4,7.8,2.6,33,0.5497630331753555,0.7535545023696683,CU
2026,"Macko, Adam",671936,Rangers,TEX,L,78.8,32,544,3.675675675675676,0.0588235294117647,CU,Curveball,59.2,-54.8,4.4,8,-14.6,9.8,10.7,-0.9,-8,0.8862559241706162,0.3981042654028436,CU
2026,"Nicolas, Kyle",693312,Reds,CIN,R,83.9,32,198,1.346938775510204,0.1616161616161616,CU,Curveball,49.3,-49.2,0.1,0,-10.2,7.8,7.5,0.3,4,,,CU
2026,"Tidwell, Blade",694918,Giants,SF,R,83.7,30,807,5.452702702702703,0.037174721189591,CU,Curveball,47.6,-49.6,-2.0,-4,-8.6,4.3,7.0,-2.7,-39,,,CU
2026,"Van Eyk, CJ",669310,Blue Jays,TOR,R,81.5,30,141,0.9527027027027029,0.2127659574468085,CU,Curveball,52.3,-51.2,1.1,2,-11.1,7.1,9.7,-2.6,-27,,,CU
2026,"Lucchesi, Joey",664192,Angels,LAA,L,77.5,30,111,0.7551020408163265,0.2702702702702703,CU,Curveball,50.7,-57.5,-6.8,-12,-4.8,7.2,8.7,-1.5,-17,,,CU
2026,"Edwards Jr., Carl",605218,Mets,NYM,R,79.8,30,99,0.673469387755102,0.303030303030303,CU,Curveball,55.4,-54.4,0.9,2,-11.7,6.7,7.6,-1.0,-13,,,CU
2026,"Alvarado, José",621237,Phillies,PHI,L,84.7,29,1020,6.891891891891892,0.0284313725490196,CU,Curveball,42.0,-48.7,-6.7,-14,-4.0,0.5,5.9,-5.3,-91,,,CU
2026,"Ober, Bailey",641927,Twins,MIN,R,72.8,29,1881,12.79591836734694,0.0154173312068048,CU,Curveball,60.0,-62.3,-2.4,-4,-8.1,10.1,9.5,0.6,6,,,CU
2026,"Waguespack, Jacob",621097,Tigers,DET,R,76.5,29,555,3.7755102040816326,0.0522522522522522,CU,Curveball,57.5,-58.8,-1.3,-2,-10.8,3.1,8.7,-5.6,-64,0.3886255924170616,0.0426540284360189,CU
2026,"Snelling, Robby",702281,Marlins,MIA,L,83.4,29,86,0.581081081081081,0.3372093023255814,CU,Curveball,46.9,-49.3,-2.4,-5,-7.4,10.8,8.4,2.4,29,,,CU
2026,"Woodruff, Brandon",605540,Brewers,MIL,R,76.2,28,639,4.317567567567568,0.0438184663536776,CU,Curveball,58.6,-58.7,-0.1,0,-11.4,6.0,9.8,-3.8,-39,,,CU
2026,"Zeferjahn, Ryan",666171,Cubs,CHC,R,84.3,28,1173,7.925675675675675,0.0238704177323103,CU,Curveball,46.2,-48.6,-2.4,-5,-7.4,10.4,7.0,3.3,47,,,CU
2026,"Sands, Cole",663485,Twins,MIN,R,80.6,27,209,1.4217687074829932,0.1291866028708134,CU,Curveball,47.4,-52.2,-4.9,-9,-4.8,15.5,10.2,5.3,52,,,CU
2026,"Martin, Corbin",656686,Cubs,CHC,R,85.9,27,111,0.75,0.2432432432432432,CU,Curveball,45.9,-46.8,-0.9,-2,-8.8,0.1,6.3,-6.4,-101,,,CU
2026,"Johnson, Seth",686751,Athletics,ATH,R,82.4,27,448,3.027027027027027,0.0602678571428571,CU,Curveball,43.9,-50.5,-6.6,-13,-3.5,14.6,8.8,5.7,65,0.0426540284360189,0.943127962085308,CU
2026,"Schultz, Noah",702273,White Sox,CWS,L,81.8,26,1147,7.802721088435374,0.022667829119442,CU,Curveball,46.0,-51.2,-5.2,-10,-5.3,9.0,8.3,0.7,9,,,CU
2026,"Waldrep, Hurston",694462,Braves,ATL,R,80.9,26,215,1.4527027027027026,0.1209302325581395,CU,Curveball,53.0,-52.5,0.6,1,-11.5,7.1,7.9,-0.8,-10,,,CU
2026,"Fleming, Josh",676596,Blue Jays,TOR,L,77.1,26,77,0.5202702702702703,0.3376623376623376,CU,Curveball,46.3,-55.8,-9.5,-17,0.2,12.8,12.3,0.6,5,,,CU
2026,"Bratt, Mitch",683352,D-backs,AZ,L,76.8,26,726,4.905405405405405,0.0358126721763085,CU,Curveball,55.6,-57.3,-1.7,-3,-9.3,8.9,10.9,-2.1,-19,,,CU
2026,"Bradford, Cody",674003,Rangers,TEX,L,74.6,25,555,3.75,0.045045045045045,CU,Curveball,53.7,-60.2,-6.4,-11,-4.4,6.5,8.7,-2.2,-25,,,CU
2026,"Paez, Jedixson",699151,Red Sox,BOS,R,79.0,25,152,1.027027027027027,0.1644736842105263,CU,Curveball,51.9,-54.2,-2.3,-4,-7.6,14.3,9.8,4.5,46,,,CU
2026,"Sánchez, Cristopher",650911,Phillies,PHI,L,87.0,1076,2862,19.33783783783784,0.3759608665269042,CH,Changeup,36.8,-32.0,4.8,15,-0.5,16.8,-13.9,2.9,21,0.92619926199262,0.933579335793358,CH
2026,"Rodriguez, Eduardo",593958,D-backs,AZ,L,85.4,746,2772,18.72972972972973,0.2691197691197691,CH,Changeup,31.3,-31.7,-0.5,-2,6.3,15.5,-13.8,1.7,12,0.4206642066420664,0.7859778597785978,CH
2026,"Ureña, Walbert",700712,Angels,LAA,R,90.9,741,2207,15.013605442176871,0.3357498867240598,CH,Changeup,28.0,-28.8,-0.8,-3,5.3,16.8,-14.4,2.4,16,0.3653136531365313,0.8929889298892989,CH
2026,"King, Michael",650633,Padres,SD,R,86.5,732,2700,18.367346938775512,0.2711111111111111,CH,Changeup,32.1,-34.1,-2.0,-6,4.6,16.8,-14.8,2.0,13,0.2361623616236162,0.8302583025830258,CH
2026,"Wacha, Michael",608379,Royals,KC,R,80.7,685,2726,18.41891891891892,0.2512839325018342,CH,Changeup,35.1,-33.9,1.2,4,7.0,13.1,-12.3,0.8,6,0.6642066420664207,0.6383763837638377,CH
2026,"Kelly, Merrill",518876,D-backs,AZ,R,88.5,681,2448,16.54054054054054,0.2781862745098039,CH,Changeup,34.8,-31.9,2.9,9,0.1,14.9,-14.6,0.4,3,0.8154981549815498,0.5498154981549815,CH
2026,"Pérez, Martín",527048,Braves,ATL,L,81.8,643,2075,14.02027027027027,0.3098795180722891,CH,Changeup,32.5,-35.2,-2.6,-7,8.3,14.5,-14.1,0.3,2,0.1697416974169741,0.5350553505535055,CH
2026,"Ober, Bailey",641927,Twins,MIN,R,82.7,639,1881,12.79591836734694,0.3397129186602871,CH,Changeup,33.6,-33.2,0.5,1,6.5,18.4,-13.6,4.8,35,0.5645756457564576,0.992619926199262,CH
2026,"Alcantara, Sandy",645261,Marlins,MIA,R,90.8,637,3060,20.67567567567568,0.2081699346405228,CH,Changeup,31.0,-30.1,0.9,3,2.2,16.8,-14.5,2.2,15,0.6199261992619927,0.8634686346863468,CH
2026,"Messick, Parker",800048,Guardians,CLE,L,85.9,627,2702,18.25675675675676,0.2320503330866025,CH,Changeup,35.4,-33.4,2.1,6,1.7,14.8,-14.3,0.5,4,0.7453874538745388,0.5719557195571956,CH
2026,"Cantillo, Joey",676282,Guardians,CLE,L,80.9,621,2531,17.10135135135135,0.2453575661793757,CH,Changeup,29.2,-33.0,-3.9,-12,12.7,9.2,-13.0,-3.8,-29,0.092250922509225,0.07380073800738,CH
2026,"Peralta, Freddy",642547,Rays,TB,R,87.2,617,2683,18.25170068027211,0.2299664554603056,CH,Changeup,32.9,-34.4,-1.5,-4,3.3,17.5,-14.8,2.7,18,0.2878228782287823,0.918819188191882,CH
2026,"Martinez, Nick",607259,Rays,TB,R,78.2,610,2306,15.687074829931973,0.2645273200346921,CH,Changeup,41.6,-38.2,3.4,9,3.1,12.2,-12.3,0.0,0,0.8487084870848709,0.5055350553505535,CH
2026,"Webb, Logan",657277,Giants,SF,R,85.9,577,2396,16.18918918918919,0.2408180300500834,CH,Changeup,42.2,-36.9,5.3,14,-5.3,9.9,-14.3,-4.4,-31,0.966789667896679,0.044280442804428,CH
2026,"Weathers, Ryan",677960,Yankees,NYY,L,85.7,576,2280,15.510204081632653,0.2526315789473684,CH,Changeup,36.7,-33.7,3.0,9,0.7,12.4,-14.6,-2.2,-15,0.8265682656826568,0.1955719557195571,CH
2026,"Springs, Jeffrey",605488,Athletics,ATH,L,79.5,574,2314,15.635135135135137,0.2480553154710458,CH,Changeup,36.5,-36.4,0.0,0,6.7,12.8,-12.5,0.4,3,0.4944649446494465,0.5498154981549815,CH
2026,"Lambert, Peter",663567,Astros,HOU,R,87.0,562,2367,15.993243243243244,0.2374313476975074,CH,Changeup,27.8,-31.3,-3.5,-11,8.4,13.2,-14.0,-0.7,-5,0.1180811808118081,0.3542435424354243,CH
2026,"Seymour, Ian",693855,Rays,TB,L,83.4,556,1897,12.904761904761903,0.2930943595150237,CH,Changeup,31.5,-33.5,-2.0,-6,7.9,15.4,-13.9,1.5,11,0.2361623616236162,0.7638376383763837,CH
2026,"Skubal, Tarik",669373,Dodgers,LAD,L,87.6,553,2105,14.319727891156464,0.26270783847981,CH,Changeup,31.0,-30.8,0.2,1,4.7,13.6,-13.9,-0.3,-2,0.5166051660516605,0.4428044280442804,CH
2026,"Cameron, Noah",702070,Royals,KC,L,81.0,545,2613,17.655405405405407,0.2085725220053578,CH,Changeup,32.0,-34.5,-2.6,-7,9.8,12.6,-12.9,-0.3,-2,0.1697416974169741,0.4428044280442804,CH
2026,"Roupp, Landen",694738,Giants,SF,R,87.1,541,2624,17.72972972972973,0.2061737804878048,CH,Changeup,38.6,-33.9,4.7,14,-2.6,15.1,-14.7,0.4,3,0.918819188191882,0.5498154981549815,CH
2026,"Luzardo, Jesús",666200,Phillies,PHI,L,86.0,522,2860,19.324324324324323,0.1825174825174825,CH,Changeup,34.9,-33.0,1.9,6,2.2,15.5,-14.4,1.1,8,0.7195571955719557,0.7047970479704797,CH
2026,"McClanahan, Shane",663556,Rays,TB,L,86.9,516,1830,12.448979591836734,0.2819672131147541,CH,Changeup,32.3,-30.9,1.3,4,4.1,16.1,-13.9,2.2,16,0.6789667896678967,0.8634686346863468,CH
2026,"Ray, Robbie",592662,Padres,SD,L,86.2,515,2682,18.244897959183675,0.192020879940343,CH,Changeup,26.1,-31.1,-4.9,-16,10.7,11.2,-13.8,-2.6,-19,0.047970479704797,0.1512915129151291,CH
2026,"Abbott, Andrew",671096,Reds,CIN,L,86.1,515,2660,18.09523809523809,0.1936090225563909,CH,Changeup,28.1,-31.6,-3.5,-11,8.8,14.6,-13.8,0.8,6,0.1180811808118081,0.6383763837638377,CH
2026,"Rogers, Trevor",669432,Orioles,BAL,L,87.0,507,2440,16.486486486486488,0.2077868852459016,CH,Changeup,34.1,-32.2,2.0,6,2.0,13.9,-13.8,0.0,0,0.7306273062730627,0.5055350553505535,CH
2026,"Anderson, Drew",623454,Tigers,DET,R,90.0,497,1611,10.959183673469388,0.308504034761018,CH,Changeup,36.6,-30.7,5.9,19,-2.7,11.4,-14.2,-2.8,-20,0.974169741697417,0.1439114391143911,CH
2026,"McGreevy, Michael",700241,Cardinals,STL,R,86.9,494,2504,16.91891891891892,0.1972843450479233,CH,Changeup,34.4,-32.0,2.4,7,2.0,13.6,-13.9,-0.2,-2,0.7749077490774908,0.4612546125461255,CH
2026,"Lorenzen, Michael",547179,Blue Jays,TOR,R,84.6,481,2331,15.75,0.2063492063492063,CH,Changeup,29.8,-33.2,-3.4,-10,8.3,14.4,-14.2,0.3,2,0.1365313653136531,0.5350553505535055,CH
2026,"Valdez, Framber",664285,Tigers,DET,L,89.1,474,2591,17.625850340136054,0.1829409494403705,CH,Changeup,31.8,-30.8,1.0,3,2.6,13.6,-14.6,-1.0,-7,0.6457564575645757,0.3247232472324723,CH
2026,"Henderson, Logan",701656,Brewers,MIL,R,82.9,463,1331,8.993243243243244,0.3478587528174305,CH,Changeup,33.4,-36.3,-2.8,-8,6.6,19.2,-14.6,4.6,32,0.1623616236162361,0.988929889298893,CH
2026,"Boyd, Matthew",571510,Cubs,CHC,L,78.6,458,1708,11.54054054054054,0.2681498829039813,CH,Changeup,40.7,-39.9,0.8,2,3.7,15.8,-15.4,0.4,2,0.6051660516605166,0.5498154981549815,CH
2026,"Rodriguez, Bradgley",699134,Padres,SD,R,90.1,457,1066,7.2517006802721085,0.4287054409005628,CH,Changeup,25.7,-30.3,-4.6,-15,8.1,16.7,-14.2,2.6,18,0.059040590405904,0.904059040590406,CH
2026,"Nola, Aaron",605400,Phillies,PHI,R,85.6,451,2756,18.62162162162162,0.1636429608127721,CH,Changeup,34.3,-36.6,-2.4,-6,2.9,14.6,-14.4,0.2,1,0.1918819188191882,0.5313653136531366,CH
2026,"Ginn, J.T.",669372,Athletics,ATH,R,87.8,436,2185,14.763513513513514,0.1995423340961098,CH,Changeup,33.2,-32.0,1.2,4,2.5,11.5,-13.9,-2.4,-17,0.6642066420664207,0.1660516605166051,CH
2026,"Lowder, Rhett",695076,Reds,CIN,R,86.5,426,2066,14.054421768707485,0.2061955469506292,CH,Changeup,36.4,-33.0,3.4,10,0.4,17.5,-14.4,3.1,21,0.8487084870848709,0.955719557195572,CH
2026,"Burrows, Mike",681347,Astros,HOU,R,86.7,424,1567,10.58783783783784,0.2705807275047862,CH,Changeup,30.6,-31.4,-0.7,-2,5.8,15.0,-13.9,1.2,8,0.3690036900369003,0.7306273062730627,CH
2026,"Bibee, Tanner",676440,Guardians,CLE,R,80.8,408,2683,18.12837837837838,0.1520685799478196,CH,Changeup,28.8,-33.9,-5.0,-15,13.0,11.6,-12.9,-1.2,-10,0.03690036900369,0.3025830258302583,CH
2026,"Baker, Bryan",641329,Rays,TB,R,85.2,404,899,6.115646258503402,0.4493882091212458,CH,Changeup,29.1,-30.6,-1.5,-5,8.7,14.9,-13.4,1.4,11,0.2878228782287823,0.7416974169741697,CH
2026,"Webb, Jacob",657097,Cubs,CHC,R,85.6,403,1050,7.094594594594595,0.3838095238095238,CH,Changeup,28.5,-32.8,-4.2,-13,9.0,17.7,-14.2,3.5,25,0.07380073800738,0.974169741697417,CH
2026,"Rea, Colin",607067,Cubs,CHC,R,87.7,401,2185,14.763513513513514,0.1835240274599542,CH,Changeup,36.9,-32.1,4.8,15,-1.4,12.2,-14.0,-1.8,-13,0.92619926199262,0.2250922509225092,CH
2026,"Suter, Brent",608718,Braves,ATL,L,76.5,399,1436,9.702702702702704,0.2778551532033426,CH,Changeup,37.0,-36.1,0.9,2,9.8,10.0,-11.1,-1.1,-10,0.6199261992619927,0.3173431734317343,CH
2026,"Cabrera, Edward",665795,Cubs,CHC,R,93.0,390,1280,8.64864864864865,0.3046875,CH,Changeup,28.1,-28.4,-0.3,-1,3.7,17.2,-14.7,2.4,17,0.4391143911439114,0.8929889298892989,CH
2026,"Bennett, Jake",687562,Red Sox,BOS,L,83.6,384,1462,9.87837837837838,0.2626538987688098,CH,Changeup,33.8,-33.8,0.1,0,5.3,12.7,-14.1,-1.4,-10,0.5055350553505535,0.2693726937269373,CH
2026,"Brazobán, Huascar",623211,White Sox,CWS,R,90.8,384,981,6.673469387755102,0.3914373088685015,CH,Changeup,30.4,-30.0,0.4,1,2.9,16.5,-14.9,1.7,11,0.5571955719557196,0.7859778597785978,CH
2026,"Rodriguez, Grayson",680570,Angels,LAA,R,83.2,378,1483,10.08843537414966,0.2548887390424814,CH,Changeup,35.2,-33.9,1.3,4,4.4,10.6,-14.2,-3.6,-25,0.6789667896678967,0.088560885608856,CH
2026,"Peralta, Wandy",593974,Padres,SD,L,89.6,373,1115,7.585034013605442,0.3345291479820628,CH,Changeup,30.5,-31.1,-0.6,-2,3.7,16.2,-14.9,1.3,9,0.3874538745387454,0.7380073800738007,CH
2026,"Gray, Peyton",682608,Rangers,TEX,R,83.4,370,929,6.277027027027027,0.3982777179763186,CH,Changeup,34.9,-34.3,0.6,2,4.5,16.6,-14.1,2.5,18,0.5830258302583026,0.9003690036900369,CH
2026,"Matz, Steven",571927,Rays,TB,L,83.0,369,1251,8.510204081632653,0.2949640287769784,CH,Changeup,39.2,-34.1,5.1,15,0.7,15.1,-14.1,1.0,7,0.9446494464944648,0.6826568265682657,CH
2026,"Lodolo, Nick",666157,Reds,CIN,L,88.1,367,1613,10.97278911564626,0.2275263484190948,CH,Changeup,34.6,-32.7,1.9,6,0.8,17.1,-14.5,2.6,18,0.7195571955719557,0.904059040590406,CH
2026,"Kay, Anthony",641743,White Sox,CWS,L,86.1,367,2583,17.571428571428573,0.1420828493999225,CH,Changeup,36.8,-33.0,3.8,12,0.2,14.1,-14.5,-0.3,-2,0.8708487084870848,0.4428044280442804,CH
2026,"Gore, MacKenzie",669022,Rangers,TEX,L,86.3,365,2791,18.85810810810811,0.1307774991042637,CH,Changeup,27.2,-32.7,-5.5,-17,9.7,13.2,-13.8,-0.7,-5,0.025830258302583,0.3542435424354243,CH
2026,"Morán, Jovani",663558,Red Sox,BOS,L,83.2,355,1005,6.79054054054054,0.3532338308457711,CH,Changeup,32.1,-33.3,-1.3,-4,7.4,14.6,-13.7,0.8,6,0.3062730627306273,0.6383763837638377,CH
2026,"Chandler, Bubba",696149,Pirates,PIT,R,91.6,355,2428,16.405405405405407,0.1462108731466227,CH,Changeup,26.1,-29.9,-3.8,-13,6.5,16.5,-14.3,2.2,16,0.1033210332103321,0.8634686346863468,CH
2026,"Bello, Brayan",678394,Red Sox,BOS,R,89.0,350,1736,11.72972972972973,0.2016129032258064,CH,Changeup,29.0,-31.7,-2.6,-8,5.6,16.2,-14.4,1.8,13,0.1697416974169741,0.8044280442804428,CH
2026,"Jax, Griffin",643377,Rays,TB,R,91.0,349,1531,10.414965986394558,0.2279555845852384,CH,Changeup,29.4,-30.4,-1.0,-3,3.8,15.9,-14.5,1.4,10,0.3431734317343173,0.7416974169741697,CH
2026,"Canning, Griffin",656288,Padres,SD,R,90.2,346,1402,9.537414965986397,0.2467902995720399,CH,Changeup,32.9,-31.1,1.8,6,0.7,15.8,-15.1,0.7,5,0.7158671586715867,0.6236162361623616,CH
2026,"Williams, Devin",642207,Mets,NYM,R,83.9,337,728,4.9523809523809526,0.4629120879120879,CH,Changeup,41.2,-36.2,5.0,14,-1.9,20.7,-14.4,6.3,43,0.940959409594096,1.0,CH
2026,"Feltner, Ryan",663372,Rockies,COL,R,85.1,335,1863,12.673469387755102,0.1798174986580783,CH,Changeup,31.6,-33.1,-1.5,-5,5.6,4.6,-14.0,-9.4,-67,0.2878228782287823,0.0,CH
2026,"Skenes, Paul",694973,Pirates,PIT,R,88.7,335,2623,17.722972972972972,0.1277163553183377,CH,Changeup,28.4,-31.6,-3.2,-10,6.4,15.4,-13.9,1.4,10,0.1512915129151291,0.7416974169741697,CH
2026,"Castillo, Luis",622491,White Sox,CWS,R,87.4,335,2273,15.462585034013603,0.1473823141223053,CH,Changeup,36.3,-35.3,1.0,3,-0.5,17.2,-15.4,1.8,12,0.6457564575645757,0.8044280442804428,CH
2026,"Perkins, Jack",678022,Athletics,ATH,R,89.4,333,1809,12.222972972972974,0.1840796019900497,CH,Changeup,33.7,-31.4,2.3,7,0.5,12.8,-14.4,-1.6,-11,0.7638376383763837,0.2472324723247232,CH
2026,"deGrom, Jacob",594798,Rangers,TEX,R,89.7,328,2472,16.7027027027027,0.1326860841423948,CH,Changeup,31.1,-30.9,0.2,1,2.9,13.2,-14.0,-0.7,-5,0.5166051660516605,0.3542435424354243,CH
2026,"Soriano, George",666277,Cardinals,STL,R,90.1,326,1067,7.20945945945946,0.3055295220243674,CH,Changeup,35.3,-30.6,4.6,15,-1.6,11.9,-14.1,-2.2,-16,0.915129151291513,0.1955719557195571,CH
2026,"Rasmussen, Drew",656876,Rays,TB,R,89.7,323,2470,16.802721088435373,0.1307692307692307,CH,Changeup,31.7,-30.8,0.9,3,2.5,11.7,-14.1,-2.4,-17,0.6199261992619927,0.1660516605166051,CH
2026,"Junk, Janson",676083,Marlins,MIA,R,87.3,323,1761,11.89864864864865,0.1834185122089721,CH,Changeup,34.8,-32.2,2.6,8,1.3,14.3,-14.2,0.0,0,0.7896678966789668,0.5055350553505535,CH
2026,"Blubaugh, AJ",805123,Astros,HOU,R,85.8,322,1518,10.256756756756756,0.2121212121212121,CH,Changeup,33.9,-31.3,2.6,8,3.4,16.0,-13.8,2.2,16,0.7896678966789668,0.8634686346863468,CH
2026,"Richards, Trevor",670950,White Sox,CWS,R,80.0,320,1141,7.761904761904762,0.2804557405784399,CH,Changeup,43.9,-35.2,8.7,25,-1.3,11.5,-12.5,-1.0,-8,1.0,0.3247232472324723,CH
2026,"Sulser, Cole",642121,Rays,TB,R,83.5,319,821,5.585034013605442,0.3885505481120584,CH,Changeup,37.2,-33.4,3.8,11,2.1,13.7,-14.0,-0.3,-2,0.8708487084870848,0.4428044280442804,CH
2026,"Leahy, Kyle",681517,Cardinals,STL,R,88.6,317,2191,14.804054054054054,0.1446827932450935,CH,Changeup,33.2,-31.8,1.4,4,1.8,11.5,-13.5,-2.1,-15,0.6863468634686347,0.2029520295202952,CH
2026,"Warren, Will",701542,Yankees,NYY,R,87.2,317,2413,16.41496598639456,0.1313717364276833,CH,Changeup,35.6,-32.4,3.3,10,0.5,14.7,-14.0,0.6,4,0.8450184501845018,0.6051660516605166,CH
2026,"Liberatore, Matthew",669461,Cardinals,STL,L,88.6,316,2448,16.54054054054054,0.1290849673202614,CH,Changeup,25.4,-29.4,-4.0,-14,9.5,14.5,-13.9,0.6,4,0.088560885608856,0.6051660516605166,CH
2026,"Cease, Dylan",656302,Blue Jays,TOR,R,81.6,314,2727,18.42567567567568,0.1151448478181151,CH,Changeup,25.4,-34.0,-8.6,-25,15.8,8.3,-13.0,-4.8,-37,0.003690036900369,0.025830258302583,CH
2026,"Gordon, Tanner",685299,Rockies,COL,R,84.6,312,1423,9.680272108843536,0.2192550948699929,CH,Changeup,29.5,-31.1,-1.6,-5,8.5,13.0,-13.6,-0.7,-5,0.2730627306273063,0.3542435424354243,CH
2026,"Iglesias, Raisel",628452,Braves,ATL,R,88.4,308,848,5.72972972972973,0.3632075471698113,CH,Changeup,30.1,-32.1,-2.0,-6,4.9,15.2,-14.5,0.7,5,0.2361623616236162,0.6236162361623616,CH
2026,"Martin, Davis",663436,White Sox,CWS,R,90.1,304,2151,14.63265306122449,0.1413296141329614,CH,Changeup,32.5,-30.5,2.0,7,1.2,13.2,-14.3,-1.0,-7,0.7306273062730627,0.3247232472324723,CH
2026,"Griffin, Foster",656492,Guardians,CLE,L,82.4,303,2667,18.02027027027027,0.1136107986501687,CH,Changeup,32.8,-33.8,-0.9,-3,7.4,14.0,-13.7,0.3,2,0.3616236162361623,0.5350553505535055,CH
2026,"Yoho, Craig",684974,Guardians,CLE,R,79.0,299,572,3.864864864864865,0.5227272727272727,CH,Changeup,50.0,-45.5,4.5,10,-6.0,15.8,-15.2,0.7,5,0.904059040590406,0.6236162361623616,CH
2026,"Gallen, Zac",668678,D-backs,AZ,R,86.6,298,1704,11.513513513513514,0.1748826291079812,CH,Changeup,32.2,-31.9,0.3,1,4.3,12.6,-13.9,-1.2,-9,0.5461254612546126,0.3025830258302583,CH
2026,"Peterson, David",656849,Cubs,CHC,L,85.7,298,2217,14.97972972972973,0.1344158773116824,CH,Changeup,33.7,-32.7,1.0,3,3.5,13.4,-14.2,-0.8,-6,0.6457564575645757,0.3505535055350554,CH
2026,"Montero, Keider",672456,Tigers,DET,R,87.0,298,2157,14.673469387755102,0.1381548446917014,CH,Changeup,27.0,-31.8,-4.8,-15,9.1,15.0,-14.0,1.0,7,0.055350553505535,0.6826568265682657,CH
2026,"Weaver, Luke",596133,Pirates,PIT,R,88.1,289,832,5.621621621621622,0.3473557692307692,CH,Changeup,29.8,-32.0,-2.2,-7,5.4,12.8,-14.5,-1.7,-12,0.2250922509225092,0.2324723247232472,CH
2026,"Sheehan, Emmet",686218,Dodgers,LAD,R,85.5,287,1780,12.108843537414966,0.1612359550561797,CH,Changeup,37.7,-33.2,4.5,14,-0.4,13.9,-14.1,-0.2,-1,0.904059040590406,0.4612546125461255,CH
2026,"Morejon, Adrian",670970,Padres,SD,L,92.1,286,1232,8.380952380952381,0.2321428571428571,CH,Changeup,33.5,-29.3,4.2,14,-1.1,10.8,-14.7,-3.9,-27,0.8892988929889298,0.070110701107011,CH
2026,"Pfaadt, Brandon",694297,D-backs,AZ,R,87.1,286,1764,11.91891891891892,0.1621315192743764,CH,Changeup,32.5,-33.2,-0.6,-2,3.6,16.0,-14.0,2.0,15,0.3874538745387454,0.8302583025830258,CH
2026,"Marinaccio, Ron",676760,Reds,CIN,R,81.9,284,1042,7.08843537414966,0.272552783109405,CH,Changeup,40.1,-39.6,0.5,1,1.1,18.0,-15.1,2.9,19,0.5645756457564576,0.933579335793358,CH
2026,"Early, Connelly",813349,Red Sox,BOS,L,83.7,279,1528,10.324324324324325,0.1825916230366492,CH,Changeup,41.5,-34.4,7.1,21,-2.4,10.8,-14.2,-3.4,-24,0.988929889298893,0.1143911439114391,CH
2026,"De Los Santos, Enyel",660853,Astros,HOU,R,85.4,277,1071,7.236486486486487,0.2586367880485528,CH,Changeup,29.7,-33.0,-3.4,-10,8.0,16.7,-14.1,2.6,19,0.1365313653136531,0.904059040590406,CH
2026,"Suarez, Ranger",624133,Red Sox,BOS,L,81.1,277,2104,14.216216216216216,0.1316539923954372,CH,Changeup,39.1,-35.0,4.1,12,2.7,10.1,-13.4,-3.3,-25,0.8856088560885609,0.1254612546125461,CH
2026,"Elder, Bryce",693821,Braves,ATL,R,85.7,276,2245,15.16891891891892,0.1229398663697104,CH,Changeup,33.5,-30.9,2.6,8,3.9,12.0,-13.8,-1.7,-13,0.7896678966789668,0.2324723247232472,CH
2026,"Paddack, Chris",663978,Rangers,TEX,R,84.8,276,1015,6.858108108108108,0.2719211822660098,CH,Changeup,32.5,-32.7,-0.1,0,5.7,15.2,-13.7,1.5,11,0.4723247232472324,0.7638376383763837,CH
2026,"Houser, Adrian",605288,Giants,SF,R,85.3,275,1731,11.695945945945946,0.1588677065280185,CH,Changeup,33.1,-32.7,0.4,1,4.4,13.3,-13.9,-0.6,-4,0.5571955719557196,0.3874538745387454,CH
2026,"Freeland, Kyle",607536,Rockies,COL,L,86.3,269,2006,13.64625850340136,0.1340977068793619,CH,Changeup,31.3,-31.9,-0.6,-2,5.2,12.6,-13.9,-1.3,-9,0.3874538745387454,0.2841328413284132,CH
2026,"Lauer, Eric",641778,Dodgers,LAD,L,84.6,269,1814,12.34013605442177,0.1482910694597574,CH,Changeup,31.2,-32.2,-1.0,-3,7.0,12.6,-14.0,-1.4,-10,0.3431734317343173,0.2693726937269373,CH
2026,"Clarke, Taylor",664199,D-backs,AZ,R,90.1,268,941,6.358108108108108,0.2848034006376195,CH,Changeup,32.1,-30.6,1.5,5,1.5,14.8,-14.4,0.5,3,0.6900369003690037,0.5719557195571956,CH
2026,"Fedde, Erick",607200,White Sox,CWS,R,88.8,265,2260,15.374149659863946,0.1172566371681416,CH,Changeup,31.1,-31.1,0.1,0,3.4,10.4,-14.0,-3.6,-26,0.5055350553505535,0.088560885608856,CH
2026,"Lynch IV, Daniel",663738,Royals,KC,L,85.6,262,1074,7.256756756756757,0.2439478584729981,CH,Changeup,34.9,-32.0,2.9,9,2.3,13.7,-13.9,-0.1,-1,0.8154981549815498,0.4723247232472324,CH
2026,"Sale, Chris",519242,Braves,ATL,L,88.5,260,2477,16.736486486486488,0.1049656842955187,CH,Changeup,35.1,-35.0,0.2,0,-0.2,16.4,-15.0,1.4,9,0.5166051660516605,0.7416974169741697,CH
2026,"Detmers, Reid",672282,Angels,LAA,L,83.8,257,2695,18.33333333333333,0.0953617810760667,CH,Changeup,28.2,-32.6,-4.4,-13,10.9,12.0,-13.6,-1.7,-12,0.070110701107011,0.2324723247232472,CH
2026,"Suarez, José",660761,Athletics,ATH,L,82.9,257,1068,7.216216216216216,0.2406367041198502,CH,Changeup,36.8,-33.8,3.0,9,2.9,13.3,-13.9,-0.7,-5,0.8265682656826568,0.3542435424354243,CH
2026,"Kochanowicz, Jack",686799,Angels,LAA,R,89.9,257,1106,7.523809523809524,0.2323688969258589,CH,Changeup,32.8,-29.7,3.1,11,0.9,10.3,-14.2,-3.8,-27,0.8376383763837638,0.07380073800738,CH
2026,"Garcia, Rico",670329,Orioles,BAL,R,86.7,254,928,6.27027027027027,0.2737068965517241,CH,Changeup,23.2,-31.7,-8.5,-27,13.4,15.7,-14.2,1.5,11,0.007380073800738,0.7638376383763837,CH
2026,"Kelly, Kevin",687330,Rays,TB,R,85.9,254,916,6.2312925170068025,0.2772925764192139,CH,Changeup,44.9,-44.5,0.3,1,-7.6,12.3,-12.5,-0.1,-1,0.5461254612546126,0.4723247232472324,CH
2026,"Hurt, Kyle",669165,Dodgers,LAD,R,88.7,253,718,4.884353741496598,0.3523676880222841,CH,Changeup,31.3,-31.3,0.0,0,3.5,13.5,-14.1,-0.6,-4,0.4944649446494465,0.3874538745387454,CH
2026,"Matthews, Zebby",805673,Twins,MIN,R,86.8,250,1920,13.06122448979592,0.1302083333333333,CH,Changeup,31.9,-32.2,-0.3,-1,4.3,14.6,-14.1,0.5,4,0.4391143911439114,0.5719557195571956,CH
2026,"Alexander, Tyler",641302,Rangers,TEX,L,84.7,250,1054,7.121621621621622,0.2371916508538899,CH,Changeup,36.5,-33.6,2.8,8,1.8,13.7,-14.2,-0.5,-4,0.8118081180811808,0.4243542435424354,CH
2026,"Lugo, Seth",607625,Royals,KC,R,85.1,249,2710,18.31081081081081,0.0918819188191882,CH,Changeup,34.8,-34.0,0.8,2,2.9,15.6,-14.5,1.0,7,0.6051660516605166,0.6826568265682657,CH
2026,"Baz, Shane",669358,Orioles,BAL,R,87.7,248,2751,18.58783783783784,0.0901490367139222,CH,Changeup,26.6,-31.6,-5.0,-16,9.0,13.9,-14.0,-0.1,-1,0.03690036900369,0.4723247232472324,CH
2026,"Corbin, Patrick",571578,Blue Jays,TOR,L,78.4,247,1412,9.54054054054054,0.1749291784702549,CH,Changeup,36.4,-36.0,0.5,1,8.3,10.8,-12.0,-1.2,-10,0.5645756457564576,0.3025830258302583,CH
2026,"Sandoval, Patrick",663776,Red Sox,BOS,L,83.6,246,947,6.398648648648648,0.2597676874340021,CH,Changeup,29.6,-33.2,-3.7,-11,9.5,14.6,-13.8,0.8,6,0.1070110701107011,0.6383763837638377,CH
2026,"Blackburn, Paul",621112,Yankees,NYY,R,87.5,244,1154,7.850340136054422,0.2114384748700173,CH,Changeup,29.1,-30.9,-1.8,-6,6.6,13.0,-13.9,-0.9,-6,0.2509225092250922,0.3431734317343173,CH
2026,"Leiter, Jack",683004,Rangers,TEX,R,90.0,243,1397,9.43918918918919,0.1739441660701503,CH,Changeup,29.7,-30.7,-1.0,-3,4.3,12.7,-14.2,-1.5,-10,0.3431734317343173,0.2619926199261992,CH
2026,"Loáisiga, Jonathan",642528,D-backs,AZ,R,91.0,236,865,5.844594594594595,0.2728323699421965,CH,Changeup,28.1,-30.5,-2.4,-8,5.1,16.7,-14.4,2.3,16,0.1918819188191882,0.8819188191881919,CH
2026,"Wells, Tyler",669330,Rays,TB,R,87.1,235,1053,7.163265306122449,0.2231718898385565,CH,Changeup,22.1,-25.1,-2.9,-12,14.0,14.8,-14.1,0.6,4,0.1549815498154981,0.6051660516605166,CH
2026,"Buehler, Walker",621111,Padres,SD,R,89.3,232,2352,16.0,0.0986394557823129,CH,Changeup,31.2,-31.3,-0.1,0,3.1,12.5,-14.2,-1.6,-11,0.4723247232472324,0.2472324723247232,CH
2026,"Taillon, Jameson",592791,Blue Jays,TOR,R,84.5,227,1443,9.75,0.1573111573111573,CH,Changeup,31.6,-32.2,-0.6,-2,6.8,15.7,-13.8,1.9,14,0.3874538745387454,0.8265682656826568,CH
2026,"Dobnak, Randy",677976,Royals,KC,R,84.8,224,1067,7.20945945945946,0.2099343955014058,CH,Changeup,41.3,-34.7,6.6,19,-3.3,7.9,-14.5,-6.6,-45,0.977859778597786,0.011070110701107,CH
2026,"Cole, Gerrit",543037,Yankees,NYY,R,86.1,223,1651,11.231292517006803,0.1350696547546941,CH,Changeup,28.5,-32.6,-4.1,-13,8.5,15.0,-14.1,0.9,7,0.081180811808118,0.6752767527675276,CH
2026,"Lange, Alex",656638,Royals,KC,R,90.7,222,1028,6.945945945945946,0.2159533073929961,CH,Changeup,31.9,-30.4,1.5,5,1.3,16.2,-14.4,1.8,12,0.6900369003690037,0.8044280442804428,CH
2026,"Whisenhunt, Carson",687931,Giants,SF,L,83.4,216,617,4.168918918918919,0.3500810372771475,CH,Changeup,32.2,-32.8,-0.6,-2,7.1,15.7,-13.7,2.0,15,0.3874538745387454,0.8302583025830258,CH
2026,"Adams, Travis",701519,Twins,MIN,R,86.2,210,810,5.510204081632653,0.2592592592592592,CH,Changeup,31.8,-32.3,-0.6,-2,5.0,15.0,-14.3,0.8,5,0.3874538745387454,0.6383763837638377,CH
2026,"Varland, Louis",686973,Blue Jays,TOR,R,93.0,205,1150,7.77027027027027,0.1782608695652174,CH,Changeup,29.9,-29.0,0.9,3,1.6,12.1,-14.2,-2.1,-15,0.6199261992619927,0.2029520295202952,CH
2026,"Farris, Mitch",815083,Angels,LAA,L,78.9,205,817,5.557823129251701,0.2509179926560587,CH,Changeup,44.5,-36.1,8.4,23,-0.3,15.8,-12.3,3.5,28,0.996309963099631,0.974169741697417,CH
2026,"Cavalli, Cade",676917,Nationals,WSH,R,89.1,205,2703,18.14093959731544,0.075841657417684,CH,Changeup,30.0,-30.6,-0.6,-2,4.5,17.5,-14.1,3.4,24,0.3874538745387454,0.970479704797048,CH
2026,"Gilbert, Logan",669302,Mariners,SEA,R,85.8,204,2745,18.5472972972973,0.0743169398907103,CH,Changeup,35.1,-33.1,2.0,6,2.1,15.2,-14.0,1.2,8,0.7306273062730627,0.7306273062730627,CH
2026,"Pérez, Eury",691587,Marlins,MIA,R,90.0,203,2361,15.952702702702704,0.085980516730199,CH,Changeup,23.9,-30.3,-6.4,-21,10.1,14.4,-13.9,0.5,3,0.014760147601476,0.5719557195571956,CH
2026,"Morillo, Juan",666661,D-backs,AZ,R,92.5,201,949,6.412162162162162,0.2118018967334035,CH,Changeup,24.6,-29.2,-4.6,-16,7.5,15.7,-14.7,1.0,7,0.059040590405904,0.6826568265682657,CH
2026,"Nunez, Anthony",689296,Orioles,BAL,R,87.7,200,896,6.054054054054054,0.2232142857142857,CH,Changeup,36.8,-31.7,5.1,16,-1.1,6.3,-13.9,-7.6,-54,0.9446494464944648,0.003690036900369,CH
2026,"Soroka, Michael",647336,D-backs,AZ,R,85.9,197,1588,10.72972972972973,0.1240554156171284,CH,Changeup,33.9,-33.0,0.9,3,3.4,16.7,-14.3,2.3,16,0.6199261992619927,0.8819188191881919,CH
2026,"Burke, Brock",656271,Reds,CIN,L,87.5,196,1116,7.591836734693878,0.1756272401433691,CH,Changeup,29.0,-30.8,-1.8,-6,6.9,14.8,-13.9,0.8,6,0.2509225092250922,0.6383763837638377,CH
2026,"Yarbrough, Ryan",642232,Yankees,NYY,L,77.8,196,907,6.170068027210885,0.2160970231532525,CH,Changeup,45.0,-42.5,2.4,6,0.6,17.9,-15.9,2.0,13,0.7749077490774908,0.8302583025830258,CH
2026,"Giolito, Lucas",608337,Padres,SD,R,79.0,191,551,3.748299319727891,0.3466424682395644,CH,Changeup,30.0,-34.0,-4.1,-12,13.8,11.6,-12.0,-0.5,-4,0.081180811808118,0.4243542435424354,CH
2026,"Holmes, Clay",605280,Cubs,CHC,R,88.1,191,1338,9.04054054054054,0.1427503736920777,CH,Changeup,37.0,-29.9,7.1,24,-1.5,8.7,-14.0,-5.4,-38,0.988929889298893,0.018450184501845,CH
2026,"Aldegheri, Sam",691951,Angels,LAA,L,80.2,189,610,4.149659863945578,0.3098360655737704,CH,Changeup,33.4,-35.8,-2.4,-7,9.3,13.5,-13.0,0.5,4,0.1918819188191882,0.5719557195571956,CH
2026,"Prielipp, Connor",687570,Twins,MIN,L,86.6,188,1821,12.387755102040815,0.1032399780340472,CH,Changeup,32.1,-31.5,0.6,2,4.2,13.6,-14.3,-0.6,-5,0.5830258302583026,0.3874538745387454,CH
2026,"Melton, Troy",675512,Tigers,DET,R,89.2,188,1614,10.979591836734691,0.1164807930607187,CH,Changeup,32.6,-31.4,1.2,4,1.5,10.5,-13.8,-3.3,-24,0.6642066420664207,0.1254612546125461,CH
2026,"Latz, Jacob",656641,Rangers,TEX,L,85.8,188,1001,6.763513513513513,0.1878121878121878,CH,Changeup,25.8,-31.8,-6.0,-19,11.6,15.0,-13.8,1.1,8,0.018450184501845,0.7047970479704797,CH
2026,"Gastelum, Luis",703725,Cardinals,STL,R,81.7,186,501,3.385135135135135,0.3712574850299401,CH,Changeup,44.3,-38.8,5.5,14,-3.4,11.9,-14.8,-2.9,-20,0.970479704797048,0.1402214022140221,CH
2026,"Fried, Max",608331,Yankees,NYY,L,85.6,184,1511,10.27891156462585,0.1217736598279285,CH,Changeup,32.8,-32.8,0.0,0,4.8,15.1,-14.0,1.1,8,0.4944649446494465,0.7047970479704797,CH
2026,"Rangel, Alan",660604,Phillies,PHI,R,80.8,183,491,3.3175675675675675,0.3727087576374745,CH,Changeup,28.9,-33.8,-4.9,-14,12.8,10.3,-12.9,-2.6,-20,0.047970479704797,0.1512915129151291,CH
2026,"Meyer, Max",676974,Marlins,MIA,R,87.2,183,1789,12.08783783783784,0.1022917831190609,CH,Changeup,30.7,-31.9,-1.3,-4,5.4,14.3,-14.4,-0.1,-1,0.3062730627306273,0.4723247232472324,CH
2026,"Holton, Tyler",663947,Tigers,DET,L,83.4,182,1080,7.346938775510204,0.1685185185185185,CH,Changeup,36.1,-33.4,2.7,8,3.2,13.7,-13.9,-0.2,-1,0.8007380073800738,0.4612546125461255,CH
2026,"Rodón, Carlos",607074,Yankees,NYY,L,85.4,182,1240,8.435374149659864,0.146774193548387,CH,Changeup,32.1,-30.9,1.1,4,5.3,11.8,-13.7,-2.0,-14,0.6605166051660517,0.2140221402214022,CH
2026,"Harrison, Kyle",690986,Brewers,MIL,L,85.8,181,1976,13.35135135135135,0.0915991902834008,CH,Changeup,40.8,-35.6,5.2,15,-3.7,10.3,-14.6,-4.3,-29,0.959409594095941,0.051660516605166,CH
2026,"Scherzer, Max",453286,Blue Jays,TOR,R,84.0,181,1181,7.97972972972973,0.1532599491955969,CH,Changeup,34.6,-34.1,0.5,1,4.2,14.2,-14.2,0.0,0,0.5645756457564576,0.5055350553505535,CH
2026,"Adam, Jason",592094,Padres,SD,R,88.2,177,551,3.748299319727891,0.3212341197822141,CH,Changeup,32.2,-30.1,2.1,7,3.1,16.0,-13.9,2.1,15,0.7453874538745388,0.8560885608856088,CH
2026,"Ritchie, JR",702275,Braves,ATL,R,88.1,177,1023,6.912162162162162,0.1730205278592375,CH,Changeup,34.8,-31.9,2.9,9,0.3,13.8,-14.2,-0.4,-3,0.8154981549815498,0.4354243542435424,CH
2026,"Gusto, Ryan",687473,Marlins,MIA,R,87.2,175,1267,8.56081081081081,0.1381215469613259,CH,Changeup,33.5,-31.8,1.7,5,2.4,13.1,-14.0,-1.0,-7,0.7011070110701108,0.3247232472324723,CH
2026,"Gaddis, Hunter",683769,Guardians,CLE,R,79.7,174,861,5.817567567567568,0.2020905923344947,CH,Changeup,34.5,-33.8,0.7,2,8.9,18.8,-12.7,6.1,48,0.5977859778597786,0.996309963099631,CH
2026,"Vásquez, Randy",681190,Padres,SD,R,88.6,174,2055,13.979591836734691,0.0846715328467153,CH,Changeup,30.5,-30.9,-0.5,-1,4.5,17.5,-14.3,3.2,23,0.4206642066420664,0.966789667896679,CH
2026,"McLean, Nolan",690997,Mets,NYM,R,88.2,173,2750,18.70748299319728,0.0629090909090909,CH,Changeup,37.5,-32.4,5.1,16,-2.0,13.0,-14.4,-1.4,-10,0.9446494464944648,0.2693726937269373,CH
2026,"Medina, Luis",665622,Athletics,ATH,R,90.2,173,1175,7.939189189189189,0.1472340425531915,CH,Changeup,31.9,-29.7,2.2,7,1.6,10.7,-14.3,-3.6,-25,0.7527675276752768,0.088560885608856,CH
2026,"Bradford, Cody",674003,Rangers,TEX,L,80.9,172,555,3.75,0.3099099099099099,CH,Changeup,32.9,-32.6,0.2,1,8.9,14.3,-12.9,1.4,11,0.5166051660516605,0.7416974169741697,CH
2026,"Bieber, Shane",669456,Blue Jays,TOR,R,88.2,171,930,6.283783783783784,0.1838709677419354,CH,Changeup,34.2,-31.9,2.3,7,1.0,12.4,-14.1,-1.7,-12,0.7638376383763837,0.2324723247232472,CH
2026,"Moll, Sam",594580,Reds,CIN,L,84.6,169,1073,7.299319727891157,0.157502329916123,CH,Changeup,45.3,-44.1,1.2,3,-6.9,12.5,-12.4,0.1,1,0.6642066420664207,0.5239852398523985,CH
2026,"Keller, Mitch",656605,Pirates,PIT,R,88.7,169,1887,12.75,0.0895601483836777,CH,Changeup,32.2,-31.1,1.0,3,2.4,12.1,-14.0,-1.8,-13,0.6457564575645757,0.2250922509225092,CH
2026,"McDonald, Trevor",686790,Giants,SF,R,83.8,167,1137,7.682432432432432,0.1468777484608619,CH,Changeup,37.5,-37.6,-0.1,0,1.3,13.3,-14.6,-1.3,-9,0.4723247232472324,0.2841328413284132,CH
2026,"Ferrer, José A.",678606,Mariners,SEA,L,87.3,167,989,6.6824324324324325,0.1688574317492416,CH,Changeup,32.1,-32.2,-0.1,0,4.1,18.9,-14.6,4.4,30,0.4723247232472324,0.985239852398524,CH
2026,"Ashby, Aaron",676879,Brewers,MIL,L,91.8,165,1433,9.682432432432432,0.1151430565247732,CH,Changeup,28.3,-28.8,-0.6,-2,4.0,13.5,-14.8,-1.3,-9,0.3874538745387454,0.2841328413284132,CH
2026,"Dion, Will",702021,Nationals,WSH,L,78.0,164,620,4.161073825503356,0.2645161290322581,CH,Changeup,33.1,-38.5,-5.4,-14,11.8,9.1,-12.5,-3.4,-27,0.033210332103321,0.1143911439114391,CH
2026,"Lopez, Jacob",682052,Athletics,ATH,L,82.6,164,1984,13.405405405405403,0.0826612903225806,CH,Changeup,36.3,-38.6,-2.3,-6,4.2,17.9,-14.8,3.1,21,0.2103321033210332,0.955719557195572,CH
2026,"Beeks, Jalen",656222,Rangers,TEX,L,87.9,163,407,2.75,0.4004914004914005,CH,Changeup,26.0,-31.1,-5.1,-16,9.6,15.7,-14.0,1.7,12,,,CH
2026,"Bubic, Kris",663460,Royals,KC,L,85.9,162,811,5.47972972972973,0.1997533908754624,CH,Changeup,37.0,-32.6,4.4,14,0.0,9.5,-14.0,-4.5,-32,0.9003690036900369,0.040590405904059,CH
2026,"Javier, Cristian",664299,Astros,HOU,R,85.6,161,978,6.608108108108108,0.1646216768916155,CH,Changeup,29.1,-33.0,-3.9,-12,8.4,14.7,-14.2,0.5,4,0.092250922509225,0.5719557195571956,CH
2026,"Englert, Mason",669438,Rays,TB,R,86.5,161,577,3.925170068027211,0.2790294627383015,CH,Changeup,35.8,-31.5,4.3,14,1.0,13.8,-13.8,-0.1,0,0.8966789667896679,0.4723247232472324,CH
2026,"Painter, Andrew",691725,Phillies,PHI,R,90.5,160,1861,12.574324324324325,0.0859752821063944,CH,Changeup,28.2,-28.5,-0.3,-1,5.0,12.8,-14.1,-1.3,-9,0.4391143911439114,0.2841328413284132,CH
2026,"Jones, Jared",683003,Pirates,PIT,R,92.9,160,1402,9.472972972972974,0.1141226818830242,CH,Changeup,27.8,-29.1,-1.3,-4,3.7,12.1,-14.6,-2.4,-17,0.3062730627306273,0.1660516605166051,CH
2026,"Jump, Gage",695611,Athletics,ATH,L,87.6,159,1712,11.567567567567568,0.0928738317757009,CH,Changeup,28.2,-32.4,-4.2,-13,7.4,12.2,-14.1,-2.0,-14,0.07380073800738,0.2140221402214022,CH
2026,"Williamson, Brandon",682227,Reds,CIN,L,85.2,157,691,4.700680272108843,0.2272069464544139,CH,Changeup,31.3,-30.7,0.6,2,6.6,16.4,-13.5,2.9,22,0.5830258302583026,0.933579335793358,CH
2026,"Lee, Dylan",669276,Braves,ATL,L,85.3,155,991,6.695945945945946,0.1564076690211907,CH,Changeup,24.8,-30.6,-5.7,-19,12.7,10.9,-13.7,-2.8,-20,0.022140221402214,0.1439114391143911,CH
2026,"Suárez, Albert",544150,Orioles,BAL,R,84.9,153,912,6.162162162162162,0.1677631578947368,CH,Changeup,29.7,-32.1,-2.4,-7,8.3,16.9,-13.8,3.1,22,0.1918819188191882,0.955719557195572,CH
2026,"Brown, Hunter",686613,Astros,HOU,R,87.5,152,1592,10.756756756756756,0.0954773869346733,CH,Changeup,30.7,-31.7,-1.0,-3,5.0,13.1,-13.8,-0.6,-5,0.3431734317343173,0.3874538745387454,CH
2026,"Woo, Bryan",693433,Mariners,SEA,R,89.6,151,2395,16.18243243243243,0.0630480167014613,CH,Changeup,31.2,-32.4,-1.2,-4,2.8,15.9,-14.8,1.1,7,0.3173431734317343,0.7047970479704797,CH
2026,"Suarez, Robert",663158,Braves,ATL,R,90.7,148,466,3.1486486486486487,0.3175965665236051,CH,Changeup,25.8,-29.7,-3.9,-13,7.3,15.8,-14.0,1.8,13,0.092250922509225,0.8044280442804428,CH
2026,"De Jesus, Enmanuel",646241,Tigers,DET,L,87.6,147,669,4.551020408163265,0.2197309417040358,CH,Changeup,27.9,-31.5,-3.6,-11,7.7,16.9,-14.3,2.6,18,0.1143911439114391,0.904059040590406,CH
2026,"Mikolas, Miles",571945,Nationals,WSH,R,85.6,146,1826,12.25503355704698,0.0799561883899233,CH,Changeup,35.4,-30.6,4.8,16,1.9,12.9,-13.6,-0.7,-5,0.92619926199262,0.3542435424354243,CH
2026,"Holmes, Grant",656550,Braves,ATL,R,89.3,145,2170,14.66216216216216,0.0668202764976958,CH,Changeup,31.2,-31.1,0.2,0,3.0,13.9,-14.5,-0.6,-4,0.5166051660516605,0.3874538745387454,CH
2026,"May, Dustin",669160,Brewers,MIL,R,90.2,145,2234,15.094594594594597,0.0649059982094897,CH,Changeup,29.4,-31.0,-1.6,-5,4.3,15.8,-14.0,1.7,12,0.2730627306273063,0.7859778597785978,CH
2026,"Quintana, Jose",500779,Rockies,COL,L,85.1,144,687,4.673469387755102,0.2096069868995633,CH,Changeup,33.0,-32.6,0.5,1,4.7,13.3,-13.9,-0.6,-4,0.5645756457564576,0.3874538745387454,CH
2026,"King, John",667463,Marlins,MIA,L,83.8,143,714,4.824324324324325,0.2002801120448179,CH,Changeup,39.5,-34.2,5.2,15,-0.4,13.5,-14.3,-0.9,-6,0.959409594095941,0.3431734317343173,CH
2026,"Junis, Jakob",596001,Rangers,TEX,R,86.7,143,752,5.081081081081081,0.1901595744680851,CH,Changeup,34.3,-32.1,2.3,7,2.2,13.2,-14.3,-1.1,-8,0.7638376383763837,0.3173431734317343,CH
2026,"Gasser, Robert",688107,Brewers,MIL,L,88.0,141,1534,10.364864864864863,0.0919165580182529,CH,Changeup,34.7,-33.9,0.8,2,0.6,16.6,-14.4,2.1,15,0.6051660516605166,0.8560885608856088,CH
2026,"Paredes, Mike",702474,Twins,MIN,R,87.7,141,551,3.748299319727891,0.2558983666061706,CH,Changeup,34.3,-33.3,0.9,3,1.0,10.6,-14.4,-3.8,-26,0.6199261992619927,0.07380073800738,CH
2026,"Graceffo, Gordon",700669,Cardinals,STL,R,88.2,141,1104,7.45945945945946,0.1277173913043478,CH,Changeup,30.8,-31.1,-0.3,-1,4.3,13.5,-14.0,-0.5,-4,0.4391143911439114,0.4243542435424354,CH
2026,"Romero, JoJo",668941,Brewers,MIL,L,87.2,141,817,5.52027027027027,0.1725826193390452,CH,Changeup,37.1,-34.0,3.1,9,-1.2,12.4,-14.8,-2.4,-17,0.8376383763837638,0.1660516605166051,CH
2026,"Kirby, George",669923,Mariners,SEA,R,88.8,140,2569,17.35810810810811,0.0544959128065395,CH,Changeup,29.9,-31.4,-1.6,-5,4.9,14.7,-13.9,0.8,6,0.2730627306273063,0.6383763837638377,CH
2026,"Brubaker, JT",664141,Giants,SF,R,88.6,138,1000,6.756756756756757,0.138,CH,Changeup,29.6,-30.3,-0.7,-2,5.2,16.0,-14.4,1.6,11,0.3690036900369003,0.7785977859778598,CH
2026,"Vodnik, Victor",680767,Marlins,MIA,R,92.1,137,897,6.0608108108108105,0.1527313266443701,CH,Changeup,29.6,-29.9,-0.3,-1,2.6,15.1,-14.3,0.8,5,0.4391143911439114,0.6383763837638377,CH
2026,"Sproat, Brandon",687075,Brewers,MIL,R,91.3,137,1727,11.66891891891892,0.0793283149971048,CH,Changeup,30.0,-30.2,-0.3,-1,2.8,14.4,-14.5,-0.1,-1,0.4391143911439114,0.4723247232472324,CH
2026,"Urquidy, José",664353,White Sox,CWS,R,83.3,137,493,3.3537414965986394,0.2778904665314402,CH,Changeup,30.8,-33.2,-2.4,-7,8.8,17.7,-13.8,3.9,29,0.1918819188191882,0.981549815498155,CH
2026,"Woodruff, Brandon",605540,Brewers,MIL,R,82.4,136,639,4.317567567567568,0.2128325508607198,CH,Changeup,32.2,-34.0,-1.8,-5,8.2,15.6,-13.6,2.0,15,0.2509225092250922,0.8302583025830258,CH
2026,"Irvin, Jake",663623,Nationals,WSH,R,85.8,136,1665,11.174496644295305,0.0816816816816816,CH,Changeup,33.2,-33.1,0.2,1,4.0,16.1,-13.7,2.3,17,0.5166051660516605,0.8819188191881919,CH
2026,"Hall, DL",669084,Brewers,MIL,L,85.3,135,840,5.675675675675675,0.1607142857142857,CH,Changeup,30.0,-33.5,-3.5,-11,7.9,15.5,-13.8,1.6,12,0.1180811808118081,0.7785977859778598,CH
2026,"Eisert, Brandon",685126,Pirates,PIT,L,84.8,135,704,4.756756756756757,0.1917613636363636,CH,Changeup,33.7,-36.6,-2.9,-8,4.1,12.3,-14.6,-2.3,-16,0.1549815498154981,0.1881918819188192,CH
2026,"Criswell, Cooper",681867,Mariners,SEA,R,85.5,134,518,3.5,0.2586872586872586,CH,Changeup,44.2,-37.1,7.0,19,-6.6,13.9,-14.6,-0.7,-5,0.985239852398524,0.3542435424354243,CH
2026,"Avila, Luinder",679883,Royals,KC,R,89.4,133,1293,8.736486486486486,0.102861562258314,CH,Changeup,27.9,-30.2,-2.3,-8,6.3,14.9,-14.0,0.9,7,0.2103321033210332,0.6752767527675276,CH
2026,"Arrighetti, Spencer",681293,Blue Jays,TOR,R,84.2,133,1797,12.141891891891891,0.0740122426265998,CH,Changeup,34.7,-37.2,-2.6,-7,4.0,13.3,-14.8,-1.5,-10,0.1697416974169741,0.2619926199261992,CH
2026,"Blanco, Ronel",669854,Astros,HOU,R,85.0,132,478,3.22972972972973,0.2761506276150627,CH,Changeup,31.5,-32.2,-0.7,-2,6.5,13.1,-13.8,-0.7,-5,0.3690036900369003,0.3542435424354243,CH
2026,"Vesia, Alex",681911,Dodgers,LAD,L,82.8,131,910,6.190476190476191,0.1439560439560439,CH,Changeup,24.4,-33.3,-8.8,-27,15.5,10.1,-13.6,-3.5,-26,0.0,0.1070110701107011,CH
2026,"Gray, Sonny",543243,Red Sox,BOS,R,86.2,127,2295,15.506756756756756,0.0553376906318082,CH,Changeup,32.8,-33.2,-0.4,-1,3.9,13.8,-14.2,-0.3,-2,0.4354243542435424,0.4428044280442804,CH
2026,"Burns, Chase",695505,Reds,CIN,R,90.1,127,2446,16.639455782312925,0.0519215044971381,CH,Changeup,23.5,-29.0,-5.5,-19,10.3,14.8,-14.2,0.6,4,0.025830258302583,0.6051660516605166,CH
2026,"Bowlan, Jonathan",680742,Phillies,PHI,R,90.5,126,934,6.3108108108108105,0.1349036402569593,CH,Changeup,28.0,-29.6,-1.6,-5,5.5,12.0,-14.1,-2.1,-15,0.2730627306273063,0.2029520295202952,CH
2026,"Teng, Kai-Wei",678906,Astros,HOU,R,87.0,125,1266,8.554054054054054,0.098736176935229,CH,Changeup,32.1,-32.2,-0.1,0,4.4,14.6,-14.1,0.5,4,0.4723247232472324,0.5719557195571956,CH
2026,"Hill, Jaden",677955,Rockies,COL,R,85.5,124,611,4.156462585034014,0.2029459901800327,CH,Changeup,36.0,-33.3,2.7,8,1.2,13.4,-14.3,-1.0,-7,0.8007380073800738,0.3247232472324723,CH
2026,"Morris, Andrew",702193,Twins,MIN,R,89.0,124,1151,7.829931972789115,0.1077324066029539,CH,Changeup,26.1,-29.4,-3.3,-11,8.6,12.8,-14.0,-1.2,-9,0.1439114391143911,0.3025830258302583,CH
2026,"Ribalta, Orlando",687377,Nationals,WSH,R,86.5,123,750,5.033557046979865,0.164,CH,Changeup,22.6,-30.2,-7.6,-25,13.9,10.2,-13.8,-3.6,-26,0.011070110701107,0.088560885608856,CH
2026,"Santana, Dennis",642701,D-backs,AZ,R,88.0,122,846,5.716216216216216,0.1442080378250591,CH,Changeup,30.3,-31.9,-1.5,-5,5.1,17.3,-14.5,2.8,19,0.2878228782287823,0.92619926199262,CH
2026,"Whitlock, Garrett",676477,Red Sox,BOS,R,84.4,119,672,4.54054054054054,0.1770833333333333,CH,Changeup,37.4,-33.3,4.0,12,1.0,15.7,-14.0,1.7,12,0.8819188191881919,0.7859778597785978,CH
2026,"Petersen, Michael",656848,Marlins,MIA,R,89.6,119,987,6.668918918918919,0.1205673758865248,CH,Changeup,26.5,-29.0,-2.6,-9,7.8,10.0,-14.1,-4.1,-29,0.1697416974169741,0.059040590405904,CH
2026,"Chivilli, Angel",683409,Yankees,NYY,R,89.8,119,285,1.9387755102040816,0.4175438596491228,CH,Changeup,27.3,-30.9,-3.6,-12,6.7,12.2,-14.4,-2.2,-15,,,CH
2026,"McCullers Jr., Lance",621121,Brewers,MIL,R,85.4,118,793,5.358108108108108,0.1488020176544766,CH,Changeup,36.4,-34.0,2.4,7,1.4,15.7,-14.6,1.1,7,0.7749077490774908,0.7047970479704797,CH
2026,"Weissert, Greg",669711,Red Sox,BOS,R,85.2,117,916,6.1891891891891895,0.1277292576419214,CH,Changeup,42.1,-38.7,3.4,9,-4.4,15.1,-14.6,0.5,3,0.8487084870848709,0.5719557195571956,CH
2026,"Snell, Blake",605483,Dodgers,LAD,L,84.6,116,645,4.387755102040816,0.17984496124031,CH,Changeup,30.0,-31.3,-1.4,-4,8.2,13.1,-13.8,-0.6,-5,0.3025830258302583,0.3874538745387454,CH
2026,"Schultz, Noah",702273,White Sox,CWS,L,89.2,115,1147,7.802721088435374,0.1002615518744551,CH,Changeup,31.3,-31.0,0.3,1,3.2,16.8,-14.2,2.7,19,0.5461254612546126,0.918819188191882,CH
2026,"Legumina, Casey",668984,Rays,TB,R,86.6,114,1012,6.884353741496598,0.1126482213438735,CH,Changeup,36.4,-38.4,-2.0,-5,0.1,15.1,-13.6,1.5,11,0.2361623616236162,0.7638376383763837,CH
2026,"Akin, Keegan",669211,Orioles,BAL,L,86.7,114,443,2.9932432432432434,0.2573363431151241,CH,Changeup,27.8,-32.4,-4.6,-14,8.9,17.2,-14.4,2.8,19,,,CH
2026,"Erceg, Lucas",668674,Royals,KC,R,89.5,113,824,5.567567567567568,0.137135922330097,CH,Changeup,28.3,-30.5,-2.3,-7,5.8,16.9,-14.0,2.9,21,0.2103321033210332,0.933579335793358,CH
2026,"Assad, Javier",665871,Cubs,CHC,R,86.0,112,1405,9.493243243243244,0.0797153024911032,CH,Changeup,35.3,-31.9,3.4,11,1.7,11.2,-13.8,-2.6,-19,0.8487084870848709,0.1512915129151291,CH
2026,"Morgan, Eli",669212,Royals,KC,R,77.0,112,339,2.2905405405405403,0.3303834808259587,CH,Changeup,42.7,-39.6,3.0,8,3.6,17.8,-13.0,4.8,37,,,CH
2026,"Kent, Jackson",800600,Nationals,WSH,L,85.5,111,517,3.469798657718121,0.2147001934235976,CH,Changeup,31.1,-33.8,-2.7,-8,6.4,15.8,-13.8,2.0,14,0.1660516605166051,0.8302583025830258,CH
2026,"Bruihl, Justin",677865,Cardinals,STL,L,80.3,110,1219,8.236486486486486,0.0902378999179655,CH,Changeup,42.8,-42.6,0.2,0,0.0,11.2,-15.3,-4.2,-27,0.5166051660516605,0.055350553505535,CH
2026,"Bachman, Sam",696147,Angels,LAA,R,91.7,110,761,5.17687074829932,0.1445466491458607,CH,Changeup,34.6,-30.7,3.9,13,-2.0,15.2,-14.6,0.6,4,0.8782287822878229,0.6051660516605166,CH
2026,"Petty, Chase",695534,Reds,CIN,R,87.4,110,477,3.2448979591836733,0.230607966457023,CH,Changeup,35.1,-33.3,1.7,5,0.8,15.1,-14.3,0.8,5,0.7011070110701108,0.6383763837638377,CH
2026,"Hughes, Gabriel",687312,Rockies,COL,R,87.8,110,977,6.64625850340136,0.112589559877175,CH,Changeup,31.6,-32.3,-0.7,-2,3.6,10.7,-13.8,-3.1,-22,0.3690036900369003,0.1328413284132841,CH
2026,"Sears, JP",676664,Padres,SD,L,85.0,110,529,3.598639455782313,0.2079395085066162,CH,Changeup,36.0,-37.2,-1.1,-3,1.8,16.3,-14.9,1.4,10,0.3321033210332103,0.7416974169741697,CH
2026,"Hancock, Emerson",676106,Mariners,SEA,R,87.1,108,2171,14.66891891891892,0.0497466605251036,CH,Changeup,37.3,-35.0,2.3,7,-1.1,15.2,-15.2,0.0,0,,,CH
2026,"Kahnle, Tommy",592454,Red Sox,BOS,R,88.2,106,168,1.135135135135135,0.6309523809523809,CH,Changeup,32.9,-31.8,1.1,3,2.0,11.5,-13.9,-2.3,-17,,,CH
2026,"Waguespack, Jacob",621097,Tigers,DET,R,84.5,106,555,3.7755102040816326,0.1909909909909909,CH,Changeup,28.8,-32.3,-3.5,-11,9.3,9.1,-14.3,-5.1,-36,0.1180811808118081,0.022140221402214,CH
2026,"Wrobleski, Justin",680736,Dodgers,LAD,L,85.6,106,2009,13.666666666666666,0.0527625684420109,CH,Changeup,32.0,-34.1,-2.1,-6,5.4,13.9,-14.6,-0.6,-4,0.2324723247232472,0.3874538745387454,CH
2026,"Ragans, Cole",666142,Royals,KC,L,84.2,105,638,4.3108108108108105,0.164576802507837,CH,Changeup,26.6,-31.6,-5.0,-16,12.2,15.5,-13.7,1.8,13,0.03690036900369,0.8044280442804428,CH
2026,"Alexander, Jason",669920,Astros,HOU,R,80.4,105,299,2.02027027027027,0.3511705685618729,CH,Changeup,39.9,-36.3,3.7,10,2.6,18.2,-14.2,3.9,28,,,CH
2026,"Milner, Hoby",571948,Mariners,SEA,L,80.6,104,614,4.148648648648648,0.1693811074918566,CH,Changeup,45.3,-44.5,0.8,2,-3.0,15.0,-14.6,0.4,3,0.6051660516605166,0.5498154981549815,CH
2026,"Brogdon, Connor",641401,Guardians,CLE,R,83.9,104,267,1.804054054054054,0.3895131086142322,CH,Changeup,31.2,-33.2,-2.0,-6,8.1,15.7,-13.8,1.9,14,,,CH
2026,"Raley, Brooks",548384,Phillies,PHI,L,84.5,102,782,5.283783783783784,0.1304347826086956,CH,Changeup,38.8,-33.7,5.1,15,-0.1,16.9,-14.1,2.8,20,0.9446494464944648,0.92619926199262,CH
2026,"Seabold, Connor",657756,Royals,KC,R,83.1,100,476,3.216216216216216,0.2100840336134453,CH,Changeup,38.3,-36.4,1.9,5,1.5,17.5,-14.6,2.9,20,0.7195571955719557,0.933579335793358,CH
2026,"Kolek, Stephen",663568,Royals,KC,R,87.1,100,837,5.655405405405405,0.1194743130227001,CH,Changeup,33.5,-33.3,0.2,1,2.6,12.1,-14.5,-2.4,-16,0.5166051660516605,0.1660516605166051,CH
2026,"Ahlstrom, Robby",695239,Rangers,TEX,L,86.7,98,630,4.256756756756757,0.1555555555555555,CH,Changeup,29.2,-30.9,-1.7,-6,7.2,10.4,-13.8,-3.4,-24,0.2693726937269373,0.1143911439114391,CH
2026,"Mathews, Quinn",687273,Cardinals,STL,L,83.1,98,591,3.993243243243243,0.1658206429780034,CH,Changeup,34.7,-36.5,-1.8,-5,4.8,11.0,-14.5,-3.5,-24,0.2509225092250922,0.1070110701107011,CH
2026,"Drohan, Shane",675660,Brewers,MIL,L,86.2,97,1839,12.425675675675675,0.0527460576400217,CH,Changeup,33.2,-33.3,-0.1,0,3.7,12.5,-14.5,-2.0,-14,0.4723247232472324,0.2140221402214022,CH
2026,"Manaea, Sean",640455,Mets,NYM,L,84.0,97,2227,15.149659863945578,0.0435563538392456,CH,Changeup,37.0,-35.4,1.6,5,1.9,14.4,-14.3,0.1,1,,,CH
2026,"Fluharty, Mason",689254,Blue Jays,TOR,L,87.2,93,950,6.418918918918919,0.0978947368421052,CH,Changeup,34.2,-31.9,2.2,7,2.1,12.2,-13.8,-1.6,-12,0.7527675276752768,0.2472324723247232,CH
2026,"Sanmartin, Reiver",665665,Giants,SF,L,86.5,91,332,2.2432432432432434,0.2740963855421687,CH,Changeup,37.4,-33.7,3.7,11,-0.8,17.6,-14.3,3.3,23,,,CH
2026,"Anderson, Shaun",641312,Angels,LAA,R,86.6,90,351,2.3877551020408165,0.2564102564102564,CH,Changeup,31.7,-31.5,0.2,1,5.1,13.0,-13.8,-0.8,-6,,,CH
2026,"Schultz, Paxton",687606,Nationals,WSH,R,86.7,87,610,4.093959731543624,0.1426229508196721,CH,Changeup,32.9,-31.3,1.5,5,3.5,7.1,-14.2,-7.1,-50,0.6900369003690037,0.007380073800738,CH
2026,"Wesneski, Hayden",669713,Astros,HOU,R,86.5,87,675,4.5608108108108105,0.1288888888888889,CH,Changeup,31.6,-31.8,-0.2,-1,5.1,14.3,-13.8,0.5,4,0.4649446494464944,0.5719557195571956,CH
2026,"Tong, Jonah",804636,Mets,NYM,R,87.3,85,274,1.8639455782312928,0.3102189781021898,CH,Changeup,28.4,-32.0,-3.7,-11,7.6,13.7,-14.0,-0.3,-2,,,CH
2026,"Molina, Anthony",683627,Giants,SF,R,87.1,84,374,2.527027027027027,0.2245989304812834,CH,Changeup,28.6,-30.8,-2.1,-7,7.4,15.6,-13.8,1.8,13,,,CH
2026,"Klassen, George",691946,Angels,LAA,R,87.0,84,491,3.3401360544217686,0.1710794297352342,CH,Changeup,30.5,-31.8,-1.2,-4,5.7,14.6,-13.9,0.7,5,0.3173431734317343,0.6236162361623616,CH
2026,"Alvarez, Andrew",674841,Nationals,WSH,L,86.3,82,1567,10.516778523489933,0.0523292916400765,CH,Changeup,31.5,-30.8,0.7,2,5.1,15.0,-13.8,1.1,8,0.5977859778597786,0.7047970479704797,CH
2026,"Mantiply, Joe",573009,Blue Jays,TOR,L,80.7,81,334,2.256756756756757,0.2425149700598802,CH,Changeup,44.8,-38.0,6.8,18,-2.5,15.4,-15.1,0.3,2,,,CH
2026,"Rocker, Kumar",677958,Rangers,TEX,R,88.7,81,2281,15.41216216216216,0.0355107409031126,CH,Changeup,28.5,-31.2,-2.7,-9,6.2,14.5,-13.8,0.7,5,,,CH
2026,"Weiss, Ryan",680802,Astros,HOU,R,89.1,79,530,3.581081081081081,0.1490566037735849,CH,Changeup,33.4,-30.8,2.7,9,1.4,11.6,-14.0,-2.4,-17,0.8007380073800738,0.1660516605166051,CH
2026,"Macko, Adam",671936,Rangers,TEX,L,84.4,79,544,3.675675675675676,0.1452205882352941,CH,Changeup,35.9,-33.4,2.4,7,2.7,15.2,-14.3,1.0,7,0.7749077490774908,0.6826568265682657,CH
2026,"Dollander, Chase",801403,Rockies,COL,R,90.5,78,743,5.054421768707483,0.1049798115746971,CH,Changeup,30.2,-31.4,-1.2,-4,3.3,13.9,-14.5,-0.6,-4,0.3173431734317343,0.3874538745387454,CH
2026,"Rojas, Kendry",696070,Twins,MIN,L,89.0,76,521,3.54421768707483,0.145873320537428,CH,Changeup,29.7,-30.8,-1.1,-4,4.7,7.8,-13.8,-6.0,-44,0.3321033210332103,0.014760147601476,CH
2026,"Carrasco, Carlos",471911,Braves,ATL,R,85.7,76,246,1.662162162162162,0.3089430894308943,CH,Changeup,34.5,-32.6,1.9,6,2.4,7.9,-13.9,-5.9,-43,,,CH
2026,"Gage, Matt",657424,Giants,SF,L,85.1,75,526,3.554054054054054,0.1425855513307984,CH,Changeup,33.0,-31.0,2.0,6,4.6,9.4,-13.8,-4.4,-32,0.7306273062730627,0.044280442804428,CH
2026,"Poulin, PJ",676571,Nationals,WSH,L,80.4,75,635,4.261744966442953,0.1181102362204724,CH,Changeup,45.3,-43.7,1.7,4,-2.7,13.6,-13.7,-0.1,0,0.7011070110701108,0.4723247232472324,CH
2026,"Mattson, Isaac",676755,Pirates,PIT,R,86.0,74,728,4.918918918918919,0.1016483516483516,CH,Changeup,31.5,-32.2,-0.7,-2,5.5,9.2,-13.8,-4.6,-33,0.3690036900369003,0.033210332103321,CH
2026,"Gil, Luis",661563,Yankees,NYY,R,89.9,74,417,2.836734693877551,0.1774580335731415,CH,Changeup,29.1,-31.4,-2.3,-7,5.1,15.2,-13.9,1.3,9,,,CH
2026,"Drake, Kohl",684442,D-backs,AZ,L,81.6,73,382,2.581081081081081,0.1910994764397905,CH,Changeup,33.0,-34.2,-1.2,-4,8.1,15.7,-13.8,1.9,14,,,CH
2026,"Strahm, Matt",621381,Royals,KC,L,82.3,72,633,4.277027027027027,0.1137440758293838,CH,Changeup,43.2,-36.4,6.8,19,-2.6,13.9,-14.6,-0.7,-5,0.981549815498155,0.3542435424354243,CH
2026,"Strider, Spencer",675911,Braves,ATL,R,85.5,71,691,4.668918918918919,0.1027496382054992,CH,Changeup,29.1,-32.7,-3.5,-11,8.1,15.5,-13.9,1.7,12,0.1180811808118081,0.7859778597785978,CH
2026,"Bassitt, Chris",605135,Orioles,BAL,R,85.3,71,1546,10.445945945945946,0.0459249676584734,CH,Changeup,35.9,-34.4,1.5,4,1.7,16.6,-14.4,2.2,15,,,CH
2026,"Frasso, Nick",693308,Rockies,COL,R,82.8,71,282,1.9183673469387756,0.25177304964539,CH,Changeup,37.3,-33.0,4.3,13,2.4,14.5,-13.7,0.8,6,,,CH
2026,"Bratt, Mitch",683352,D-backs,AZ,L,84.7,71,726,4.905405405405405,0.0977961432506887,CH,Changeup,32.3,-33.5,-1.2,-4,5.8,14.2,-14.3,-0.1,-1,0.3173431734317343,0.4723247232472324,CH
2026,"Keller, Brad",641745,Phillies,PHI,R,92.8,71,533,3.6013513513513518,0.1332082551594746,CH,Changeup,24.7,-28.0,-3.3,-12,6.8,10.8,-14.7,-4.0,-27,0.1439114391143911,0.062730627306273,CH
2026,"Herget, Jimmy",623474,Rockies,COL,R,85.3,70,829,5.639455782312925,0.0844390832328106,CH,Changeup,37.5,-36.9,0.6,2,-0.3,9.9,-13.7,-3.8,-28,0.5830258302583026,0.07380073800738,CH
2026,"Sisk, Evan",681895,Pirates,PIT,L,83.6,70,791,5.344594594594595,0.0884955752212389,CH,Changeup,36.1,-36.6,-0.5,-1,3.3,16.5,-14.3,2.2,16,0.4206642066420664,0.8634686346863468,CH
2026,"Shugart, Chase",663767,Phillies,PHI,R,89.1,69,774,5.22972972972973,0.0891472868217054,CH,Changeup,28.2,-31.9,-3.7,-12,6.2,15.3,-14.5,0.8,6,0.1070110701107011,0.6383763837638377,CH
2026,"Rodriguez, Carlos",692230,Brewers,MIL,R,87.7,67,182,1.2297297297297298,0.3681318681318681,CH,Changeup,29.9,-32.0,-2.1,-7,5.9,16.7,-14.2,2.4,17,,,CH
2026,"De los Santos, Yerry",660787,Yankees,NYY,R,87.9,67,315,2.142857142857143,0.2126984126984127,CH,Changeup,35.5,-31.7,3.8,12,0.1,13.5,-13.9,-0.4,-3,,,CH
2026,"Lord, Brad",695418,Nationals,WSH,R,86.2,67,1363,9.14765100671141,0.0491562729273661,CH,Changeup,34.0,-35.3,-1.3,-4,2.9,16.3,-14.4,1.9,13,,,CH
2026,"Sanders, Cam",676742,Orioles,BAL,R,90.5,66,479,3.2364864864864864,0.1377870563674321,CH,Changeup,33.7,-30.1,3.6,12,-0.1,13.2,-14.6,-1.4,-10,0.8671586715867159,0.2693726937269373,CH
2026,"Minter, A.J.",621345,Twins,MIN,L,86.4,66,574,3.9047619047619047,0.1149825783972125,CH,Changeup,30.0,-32.7,-2.6,-8,6.6,14.5,-14.2,0.3,2,0.1697416974169741,0.5350553505535055,CH
2026,"Sullivan, Sean",807743,Rockies,COL,L,77.2,65,412,2.802721088435374,0.1577669902912621,CH,Changeup,36.4,-36.0,0.4,1,9.1,10.1,-11.2,-1.1,-10,,,CH
2026,"Schreiber, John",670167,Yankees,NYY,R,86.7,65,923,6.27891156462585,0.0704225352112676,CH,Changeup,40.6,-37.2,3.4,9,-4.1,9.8,-14.4,-4.6,-32,0.8487084870848709,0.033210332103321,CH
2026,"Bernardino, Brennan",657514,Rockies,COL,L,80.5,65,910,6.190476190476191,0.0714285714285714,CH,Changeup,41.7,-40.0,1.7,4,0.2,12.2,-14.5,-2.3,-16,0.7011070110701108,0.1881918819188192,CH
2026,"Jameson, Drey",686753,D-backs,AZ,R,89.6,64,306,2.0675675675675675,0.2091503267973856,CH,Changeup,30.0,-31.6,-1.6,-5,4.2,16.3,-15.1,1.2,8,,,CH
2026,"Hoffmann, Andrew",694851,D-backs,AZ,R,87.4,64,229,1.5472972972972974,0.2794759825327511,CH,Changeup,34.6,-31.2,3.4,11,1.3,8.5,-13.8,-5.3,-38,,,CH
2026,"Abel, Mick",690953,Twins,MIN,R,87.4,63,357,2.4285714285714284,0.1764705882352941,CH,Changeup,33.6,-32.4,1.2,4,2.1,9.9,-13.7,-3.9,-28,,,CH
2026,"Tolle, Payton",801139,Red Sox,BOS,L,88.6,63,2095,14.155405405405403,0.030071599045346,CH,Changeup,33.3,-32.0,1.3,4,1.4,10.8,-13.4,-2.6,-19,,,CH
2026,"Manoah, Alek",666201,Angels,LAA,R,84.0,63,161,1.0952380952380951,0.391304347826087,CH,Changeup,30.4,-32.8,-2.4,-7,8.8,14.8,-13.7,1.1,8,,,CH
2026,"Juenger, Hayden",696522,Athletics,ATH,R,88.5,62,292,1.972972972972973,0.2123287671232876,CH,Changeup,29.9,-32.8,-2.9,-9,5.0,18.1,-15.0,3.1,21,,,CH
2026,"Muñoz, Andrés",662253,Mariners,SEA,R,92.8,61,903,6.101351351351352,0.0675526024363233,CH,Changeup,33.5,-29.3,4.2,14,-1.8,13.9,-14.4,-0.6,-4,0.8892988929889298,0.3874538745387454,CH
2026,"Wilkinson, Matt",683363,Giants,SF,L,83.7,60,269,1.8175675675675675,0.2230483271375464,CH,Changeup,31.0,-37.3,-6.4,-17,8.2,14.6,-14.7,-0.1,-1,,,CH
2026,"Stallings, Garrett",668831,Brewers,MIL,R,80.9,60,152,1.027027027027027,0.3947368421052631,CH,Changeup,36.7,-39.8,-3.2,-8,5.1,15.6,-15.3,0.3,2,,,CH
2026,"Brown, Ben",676962,Cubs,CHC,R,90.1,60,1004,6.783783783783784,0.0597609561752988,CH,Changeup,29.2,-29.4,-0.2,-1,4.4,10.1,-14.1,-4.0,-28,0.4649446494464944,0.062730627306273,CH
2026,"Devenski, Chris",606965,Mets,NYM,R,82.6,59,134,0.91156462585034,0.4402985074626865,CH,Changeup,39.6,-32.8,6.8,21,0.7,15.5,-13.5,2.1,15,,,CH
2026,"Thomas, Connor",671162,Royals,KC,L,85.4,59,286,1.9324324324324325,0.2062937062937063,CH,Changeup,39.7,-34.8,4.9,14,-2.1,12.5,-14.7,-2.1,-15,,,CH
2026,"Anderson, Kade",807739,Mariners,SEA,L,84.8,59,326,2.202702702702702,0.1809815950920245,CH,Changeup,29.3,-32.2,-2.9,-9,8.5,12.3,-13.8,-1.5,-11,,,CH
2026,"Enns, Dietrich",608650,Orioles,BAL,L,84.3,59,291,1.966216216216216,0.2027491408934708,CH,Changeup,34.5,-31.8,2.7,8,4.1,12.4,-13.7,-1.4,-10,,,CH
2026,"Severino, Luis",622663,Athletics,ATH,R,86.6,59,1086,7.337837837837838,0.0543278084714548,CH,Changeup,27.6,-32.1,-4.5,-14,9.0,13.8,-13.8,0.0,0,0.066420664206642,0.5055350553505535,CH
2026,"Gibson, Cade",806188,Marlins,MIA,L,86.7,58,775,5.236486486486487,0.0748387096774193,CH,Changeup,35.3,-32.3,3.0,9,0.9,11.5,-14.5,-3.0,-21,0.8265682656826568,0.1365313653136531,CH
2026,"Wilcox, Cole",677961,Mariners,SEA,R,87.8,58,488,3.2972972972972974,0.1188524590163934,CH,Changeup,36.2,-31.6,4.5,14,-0.7,16.1,-14.2,2.0,14,0.904059040590406,0.8302583025830258,CH
2026,"Gómez, Yoendrys",672782,Twins,MIN,R,91.9,57,1014,6.8979591836734695,0.0562130177514792,CH,Changeup,28.9,-29.9,-1.0,-3,3.6,17.1,-14.1,3.0,21,0.3431734317343173,0.9520295202952028,CH
2026,"Jobe, Jackson",695549,Tigers,DET,R,86.1,55,502,3.4149659863945576,0.1095617529880478,CH,Changeup,30.3,-32.6,-2.3,-7,6.7,15.3,-14.2,1.1,8,0.2103321033210332,0.7047970479704797,CH
2026,"Vest, Will",676684,Tigers,DET,R,89.4,55,484,3.292517006802721,0.1136363636363636,CH,Changeup,29.3,-31.1,-1.8,-6,4.9,15.3,-14.2,1.0,7,0.2509225092250922,0.6826568265682657,CH
2026,"Povich, Cade",700249,Orioles,BAL,L,85.0,55,540,3.6486486486486487,0.1018518518518518,CH,Changeup,31.8,-32.4,-0.6,-2,6.1,14.3,-13.8,0.4,3,0.3874538745387454,0.5498154981549815,CH
2026,"Topa, Justin",623437,Yankees,NYY,R,86.2,54,413,2.8095238095238093,0.1307506053268765,CH,Changeup,42.1,-35.4,6.7,19,-5.2,14.9,-15.1,-0.3,-2,,,CH
2026,"Garcia, Robert",676395,Rangers,TEX,L,88.7,53,170,1.148648648648649,0.3117647058823529,CH,Changeup,37.5,-31.5,6.0,19,-2.2,15.2,-14.4,0.8,6,,,CH
2026,"Schweitzer, Tyler",805326,White Sox,CWS,L,88.4,53,566,3.8503401360544216,0.0936395759717314,CH,Changeup,30.8,-31.3,-0.5,-2,4.3,13.8,-14.2,-0.4,-3,0.4206642066420664,0.4354243542435424,CH
2026,"Senzatela, Antonio",622608,Brewers,MIL,R,90.8,53,1070,7.22972972972973,0.0495327102803738,CH,Changeup,26.3,-30.2,-3.9,-13,6.8,11.8,-14.4,-2.6,-18,,,CH
2026,"Barnett, Mason",686930,Athletics,ATH,R,85.4,52,743,5.02027027027027,0.0699865410497981,CH,Changeup,36.6,-31.9,4.7,15,1.0,9.2,-13.9,-4.7,-34,0.918819188191882,0.029520295202952,CH
2026,"Harris, Hogan",663687,Athletics,ATH,L,84.0,52,1229,8.304054054054054,0.0423108218063466,CH,Changeup,26.6,-33.2,-6.6,-20,12.4,16.6,-13.9,2.7,19,,,CH
2026,"Cabrera, Jose",703615,D-backs,AZ,R,86.5,51,423,2.858108108108108,0.1205673758865248,CH,Changeup,33.4,-32.3,1.1,3,3.3,15.5,-14.0,1.5,11,,,CH
2026,"Wicks, Jordan",696136,Cubs,CHC,L,83.0,51,180,1.2162162162162162,0.2833333333333333,CH,Changeup,33.0,-33.4,-0.5,-1,6.6,12.3,-13.7,-1.4,-10,,,CH
2026,"Yean, Eddy",678868,Nationals,WSH,R,89.4,50,168,1.12751677852349,0.2976190476190476,CH,Changeup,29.4,-31.2,-1.8,-6,4.7,12.4,-14.2,-1.8,-13,,,CH
2026,"Burke, Sean",680732,White Sox,CWS,R,86.0,50,2598,17.6734693877551,0.0192455735180908,CH,Changeup,26.8,-32.1,-5.3,-17,10.1,13.3,-14.0,-0.6,-4,,,CH
2026,"Stewart, Brock",592779,Dodgers,LAD,R,89.3,50,321,2.183673469387755,0.1557632398753894,CH,Changeup,35.5,-32.4,3.1,10,-1.2,14.7,-14.7,0.0,0,,,CH
2026,"López, Reynaldo",625643,Braves,ATL,R,84.1,49,1306,8.824324324324325,0.0375191424196018,CH,Changeup,28.5,-33.3,-4.8,-15,10.2,11.4,-14.0,-2.6,-18,,,CH
2026,"Hernández, Elieser",622694,Braves,ATL,R,83.6,49,203,1.3716216216216215,0.2413793103448276,CH,Changeup,29.6,-34.8,-5.2,-15,9.6,16.8,-14.3,2.5,18,,,CH
2026,"Tolman, Erik",680899,Nationals,WSH,L,85.2,48,161,1.080536912751678,0.2981366459627329,CH,Changeup,37.2,-31.7,5.4,17,0.4,12.8,-13.8,-1.0,-7,,,CH
2026,"Duarte, Daniel",650960,Mets,NYM,R,88.4,48,452,3.074829931972789,0.1061946902654867,CH,Changeup,30.9,-32.0,-1.1,-3,4.1,14.5,-14.6,-0.1,-1,0.3321033210332103,0.4723247232472324,CH
2026,"Stock, Robert",476594,Mets,NYM,R,80.9,48,560,3.809523809523809,0.0857142857142857,CH,Changeup,36.7,-38.9,-2.2,-6,5.3,14.0,-15.3,-1.3,-8,0.2250922509225092,0.2841328413284132,CH
2026,"Kerry, Brett",695049,Angels,LAA,R,81.4,47,212,1.4421768707482994,0.2216981132075471,CH,Changeup,29.0,-34.5,-5.5,-16,12.6,13.2,-13.5,-0.4,-3,,,CH
2026,"Franco, Jose",683742,Reds,CIN,R,88.3,47,348,2.36734693877551,0.1350574712643678,CH,Changeup,26.6,-31.4,-4.7,-15,8.6,15.7,-14.0,1.6,12,,,CH
2026,"Funderburk, Kody",681892,Twins,MIN,L,89.0,46,813,5.530612244897959,0.056580565805658,CH,Changeup,33.6,-31.4,2.2,7,1.0,15.5,-13.8,1.8,13,0.7527675276752768,0.8044280442804428,CH
2026,"Fernandez, Ryan",681676,Cardinals,STL,R,87.3,46,387,2.614864864864865,0.1188630490956072,CH,Changeup,29.9,-31.5,-1.5,-5,5.9,12.6,-13.9,-1.3,-9,,,CH
2026,"Heuer, Codi",676051,Guardians,CLE,R,87.1,46,189,1.277027027027027,0.2433862433862433,CH,Changeup,31.0,-32.7,-1.8,-5,5.2,17.6,-14.0,3.6,26,,,CH
2026,"Castaño, Blas",680604,Rockies,COL,R,89.0,45,439,2.986394557823129,0.10250569476082,CH,Changeup,34.6,-34.8,-0.2,-1,-0.1,13.0,-15.8,-2.8,-18,,,CH
2026,"Curtis, Khristian",694753,Pirates,PIT,R,86.0,45,217,1.4662162162162162,0.2073732718894009,CH,Changeup,27.5,-32.3,-4.8,-15,9.6,16.8,-13.9,2.9,21,,,CH
2026,"Fermin, José",820862,Angels,LAA,R,93.0,45,919,6.2517006802721085,0.0489662676822633,CH,Changeup,21.0,-28.1,-7.1,-25,10.9,14.8,-14.9,-0.1,0,,,CH
2026,"Vanasco, Ricky",676568,Tigers,DET,R,84.6,44,170,1.1564625850340136,0.2588235294117647,CH,Changeup,36.5,-33.5,3.0,9,1.6,13.3,-14.1,-0.7,-5,,,CH
2026,"Nardi, Andrew",677053,Marlins,MIA,L,89.7,44,378,2.554054054054054,0.1164021164021164,CH,Changeup,29.2,-31.2,-2.0,-6,5.0,15.7,-14.1,1.6,12,,,CH
2026,"Laweryson, Cody",689520,Twins,MIN,R,83.0,43,296,2.0136054421768708,0.1452702702702702,CH,Changeup,40.3,-35.7,4.6,13,-0.6,14.8,-14.4,0.4,3,,,CH
2026,"Thornton, Zac",804267,Mets,NYM,L,84.3,43,1006,6.843537414965986,0.0427435387673956,CH,Changeup,28.1,-31.8,-3.8,-12,10.5,14.9,-13.7,1.1,8,,,CH
2026,"Hurter, Brant",676428,Tigers,DET,L,87.7,43,391,2.659863945578232,0.1099744245524296,CH,Changeup,35.5,-31.3,4.2,14,0.2,15.1,-14.2,0.9,6,,,CH
2026,"Duran, Jhoan",661395,Phillies,PHI,R,88.7,43,861,5.817567567567568,0.0499419279907084,CH,Changeup,33.2,-30.0,3.1,10,1.7,9.0,-14.2,-5.2,-37,,,CH
2026,"Allen, Logan",671106,Guardians,CLE,L,82.5,43,325,2.195945945945946,0.1323076923076923,CH,Changeup,35.4,-36.9,-1.5,-4,4.8,9.3,-14.7,-5.4,-37,,,CH
2026,"Morris, Kade",695034,Athletics,ATH,R,88.3,42,322,2.175675675675676,0.1304347826086956,CH,Changeup,34.5,-33.2,1.2,4,0.6,16.9,-14.7,2.2,15,,,CH
2026,"Bolton, Cody",675989,Astros,HOU,R,89.5,42,391,2.641891891891892,0.1074168797953964,CH,Changeup,32.9,-31.2,1.7,5,1.5,14.4,-14.7,-0.3,-2,,,CH
2026,"Williams, Trevor",592866,Rangers,TEX,R,81.5,42,421,2.8445945945945947,0.0997624703087886,CH,Changeup,41.4,-40.2,1.2,3,-0.2,12.8,-15.3,-2.4,-16,,,CH
2026,"Newcomb, Sean",656794,White Sox,CWS,L,86.8,42,1322,8.993197278911564,0.0317700453857791,CH,Changeup,34.6,-32.0,2.6,8,1.9,12.8,-14.4,-1.6,-11,,,CH
2026,"Flaherty, Jack",656427,Tigers,DET,R,85.4,42,1639,11.149659863945578,0.0256253813300793,CH,Changeup,29.5,-35.0,-5.5,-16,8.0,14.5,-14.2,0.3,2,,,CH
2026,"Cecconi, Slade",677944,Guardians,CLE,R,83.1,41,1939,13.10135135135135,0.0211449200618875,CH,Changeup,34.3,-33.6,0.7,2,5.3,12.5,-13.7,-1.3,-9,,,CH
2026,"Paez, Jedixson",699151,Red Sox,BOS,R,83.7,41,152,1.027027027027027,0.2697368421052631,CH,Changeup,36.8,-33.5,3.4,10,2.6,11.7,-14.0,-2.4,-17,,,CH
2026,"Smith, Shane",681343,White Sox,CWS,R,90.3,41,225,1.530612244897959,0.1822222222222222,CH,Changeup,34.6,-30.4,4.2,14,-0.8,15.4,-13.9,1.5,11,,,CH
2026,"Montgomery, Jordan",656756,Rangers,TEX,L,81.8,39,290,1.9594594594594597,0.1344827586206896,CH,Changeup,28.9,-32.5,-3.6,-11,12.1,8.1,-13.2,-5.1,-38,,,CH
2026,"Banda, Anthony",607455,Twins,MIN,L,87.3,39,608,4.136054421768708,0.0641447368421052,CH,Changeup,32.3,-32.5,-0.3,-1,3.7,14.2,-14.2,0.1,0,0.4391143911439114,0.5239852398523985,CH
2026,"Kuhnel, Joel",669270,Giants,SF,R,90.2,39,616,4.162162162162162,0.0633116883116883,CH,Changeup,28.8,-28.7,0.1,0,4.7,11.6,-14.1,-2.5,-18,0.5055350553505535,0.1623616236162361,CH
2026,"Rodríguez, Elmer",695684,Yankees,NYY,R,88.0,39,497,3.380952380952381,0.0784708249496981,CH,Changeup,32.8,-31.8,0.9,3,2.7,10.4,-14.0,-3.6,-26,0.6199261992619927,0.088560885608856,CH
2026,"Brito, Jhony",666745,Padres,SD,R,88.0,39,123,0.8367346938775511,0.3170731707317073,CH,Changeup,28.0,-30.4,-2.4,-8,7.3,14.7,-13.9,0.8,6,,,CH
2026,"Backhus, Kyle",679775,Phillies,PHI,L,80.4,37,354,2.391891891891892,0.1045197740112994,CH,Changeup,39.8,-44.2,-4.4,-10,2.8,14.9,-14.5,0.4,3,,,CH
2026,"Imai, Tatsuya",837227,Astros,HOU,R,86.8,37,1399,9.452702702702704,0.0264474624731951,CH,Changeup,28.9,-33.3,-4.3,-13,7.5,13.3,-14.7,-1.4,-10,,,CH
2026,"Walker, Josh",677020,Orioles,BAL,L,85.9,37,401,2.70945945945946,0.0922693266832917,CH,Changeup,28.8,-32.7,-3.9,-12,8.3,13.7,-13.9,-0.2,-1,,,CH
2026,"Tidwell, Blade",694918,Giants,SF,R,83.3,36,807,5.452702702702703,0.0446096654275092,CH,Changeup,33.2,-32.9,0.3,1,6.1,11.3,-13.7,-2.4,-17,,,CH
2026,"Barnes, Charlie",656212,Dodgers,LAD,L,82.4,36,201,1.3673469387755102,0.1791044776119403,CH,Changeup,37.1,-35.2,1.9,5,3.4,17.3,-14.2,3.1,22,,,CH
2026,"Fitzpatrick, Brian",702153,Brewers,MIL,L,82.5,36,109,0.7364864864864865,0.3302752293577982,CH,Changeup,35.8,-33.6,2.2,7,4.3,16.1,-13.7,2.3,17,,,CH
2026,"Mears, Nick",683232,Royals,KC,R,84.5,36,341,2.304054054054054,0.1055718475073313,CH,Changeup,36.3,-31.7,4.6,15,2.2,15.7,-13.8,1.9,14,,,CH
2026,"Brash, Matt",666374,Mariners,SEA,R,90.9,35,262,1.7702702702702702,0.1335877862595419,CH,Changeup,34.5,-31.2,3.3,11,-1.4,9.6,-14.5,-4.9,-34,,,CH
2026,"Miller, Erik",669062,Red Sox,BOS,L,87.7,35,870,5.878378378378378,0.0402298850574712,CH,Changeup,31.8,-30.8,1.0,3,3.8,16.1,-13.9,2.2,16,,,CH
2026,"Perdomo, Cesar",702885,Giants,SF,L,86.9,34,141,0.9527027027027029,0.2411347517730496,CH,Changeup,31.4,-32.8,-1.4,-4,5.0,15.3,-14.7,0.5,4,,,CH
2026,"Shuster, Jared",694363,Cardinals,STL,L,84.9,34,166,1.1216216216216215,0.2048192771084337,CH,Changeup,34.8,-33.5,1.3,4,3.0,13.7,-14.0,-0.3,-2,,,CH
2026,"Allard, Kolby",663465,Guardians,CLE,L,82.5,33,177,1.195945945945946,0.1864406779661017,CH,Changeup,31.7,-34.7,-3.1,-9,8.6,14.2,-14.3,-0.2,-1,,,CH
2026,"Knack, Landon",689017,Dodgers,LAD,R,85.3,32,126,0.8571428571428571,0.2539682539682539,CH,Changeup,26.6,-31.7,-5.1,-16,10.8,10.0,-14.0,-4.0,-29,,,CH
2026,"Peralta, Sammy",671111,Angels,LAA,L,84.3,32,209,1.4217687074829932,0.1531100478468899,CH,Changeup,38.6,-37.5,1.1,3,-0.1,16.1,-14.5,1.6,11,,,CH
2026,"Morales, Luis",806960,Athletics,ATH,R,89.3,31,346,2.3378378378378377,0.0895953757225433,CH,Changeup,25.4,-31.3,-5.9,-19,9.1,15.9,-14.5,1.4,10,,,CH
2026,"Bellozo, Valente",678368,Rockies,COL,R,80.6,31,170,1.1564625850340136,0.1823529411764705,CH,Changeup,39.8,-36.6,3.3,9,2.1,15.6,-14.3,1.2,9,,,CH
2026,"Koenig, Jared",657649,Brewers,MIL,L,83.1,31,161,1.087837837837838,0.1925465838509316,CH,Changeup,32.7,-33.9,-1.1,-3,6.8,13.5,-13.9,-0.5,-3,,,CH
2026,"Anderson, Grant",681982,Brewers,MIL,R,86.3,31,915,6.1824324324324325,0.033879781420765,CH,Changeup,39.6,-39.2,0.4,1,-2.9,13.8,-13.3,0.6,4,,,CH
2026,"Rivera, Eduardo",700842,Red Sox,BOS,L,86.9,31,210,1.4189189189189189,0.1476190476190476,CH,Changeup,29.6,-30.4,-0.8,-3,6.5,7.9,-14.0,-6.1,-43,,,CH
2026,"Brieske, Beau",689225,Tigers,DET,R,89.3,31,225,1.530612244897959,0.1377777777777777,CH,Changeup,28.6,-30.3,-1.7,-6,5.7,14.7,-14.6,0.2,1,,,CH
2026,"Van Eyk, CJ",669310,Blue Jays,TOR,R,83.7,30,141,0.9527027027027029,0.2127659574468085,CH,Changeup,34.7,-36.2,-1.5,-4,4.5,18.1,-14.3,3.8,27,,,CH
2026,"Jacob, Alek",689690,Padres,SD,R,73.6,30,87,0.5918367346938775,0.3448275862068966,CH,Changeup,50.1,-50.1,0.0,0,1.2,22.7,-22.7,0.0,0,,,CH
2026,"Barco, Hunter",682995,Pirates,PIT,L,85.8,30,351,2.371621621621621,0.0854700854700854,CH,Changeup,31.2,-34.6,-3.4,-10,6.3,16.6,-14.4,2.2,15,,,CH
2026,"Márquez, Germán",608566,Padres,SD,R,87.0,29,918,6.244897959183674,0.0315904139433551,CH,Changeup,29.8,-32.1,-2.4,-7,6.8,13.2,-14.5,-1.4,-9,,,CH
2026,"Sears, Andrew",808825,Tigers,DET,L,87.3,29,209,1.4217687074829932,0.138755980861244,CH,Changeup,34.4,-32.9,1.5,4,1.6,13.1,-13.9,-0.9,-6,,,CH
2026,"Fernández, Julian",642759,Nationals,WSH,R,87.1,29,71,0.4765100671140939,0.4084507042253521,CH,Changeup,29.0,-30.7,-1.7,-5,7.0,1.8,-14.0,-12.3,-87,,,CH
2026,"Fulmer, Michael",605242,Yankees,NYY,R,87.6,28,174,1.183673469387755,0.160919540229885,CH,Changeup,32.4,-31.5,0.9,3,3.4,14.9,-14.0,0.9,6,,,CH
2026,"Shook, TJ",669298,Rockies,COL,R,86.2,28,134,0.91156462585034,0.208955223880597,CH,Changeup,34.1,-32.6,1.5,5,2.5,13.5,-14.1,-0.6,-4,,,CH
2026,"Gausman, Kevin",592332,Cubs,CHC,R,83.8,28,2808,18.97297297297297,0.0099715099715099,CH,Changeup,24.0,-33.7,-9.8,-29,15.0,4.4,-14.0,-9.6,-69,,,CH
2026,"Richardson, Lyon",680689,Brewers,MIL,R,87.3,28,68,0.4594594594594595,0.4117647058823529,CH,Changeup,33.8,-33.8,0.0,0,2.3,17.8,-15.1,2.8,18,,,CH
2026,"Misiorowski, Jacob",694819,Brewers,MIL,R,92.5,28,2453,16.574324324324323,0.0114145943742356,CH,Changeup,26.8,-29.4,-2.5,-9,5.0,15.7,-13.7,2.0,14,,,CH
2026,"Mejia, Juan",675848,Rockies,COL,R,93.2,27,1165,7.925170068027211,0.023175965665236,CH,Changeup,24.7,-28.8,-4.1,-14,6.7,13.0,-14.8,-1.8,-12,,,CH
2026,"Sandlin, David",689818,White Sox,CWS,R,91.3,27,409,2.782312925170068,0.0660146699266503,CH,Changeup,25.4,-29.7,-4.4,-15,7.4,8.9,-14.3,-5.4,-38,,,CH
2026,"Banks, Tanner",621383,Phillies,PHI,L,83.8,27,551,3.722972972972973,0.0490018148820326,CH,Changeup,36.2,-31.7,4.5,14,2.6,10.3,-13.5,-3.1,-23,,,CH
2026,"Strzelecki, Peter",657265,Cardinals,STL,R,85.6,27,251,1.695945945945946,0.1075697211155378,CH,Changeup,39.6,-37.3,2.3,6,-2.1,15.5,-14.4,1.1,8,,,CH
2026,"Corniell, Jose",692030,Rangers,TEX,R,85.7,27,104,0.7027027027027027,0.2596153846153846,CH,Changeup,30.9,-33.5,-2.6,-8,6.5,15.7,-13.9,1.8,13,,,CH
2026,"Smith, Burch",572143,Tigers,DET,R,84.3,27,287,1.9523809523809523,0.0940766550522648,CH,Changeup,34.7,-33.2,1.5,5,3.5,8.8,-14.0,-5.2,-37,,,CH
2026,"Leibrandt, Brandon",605335,Reds,CIN,L,79.7,27,99,0.673469387755102,0.2727272727272727,CH,Changeup,35.8,-35.4,0.4,1,7.3,10.8,-12.5,-1.7,-14,,,CH
2026,"Doval, Camilo",666808,Pirates,PIT,R,94.5,26,957,6.466216216216216,0.0271682340647857,CH,Changeup,27.8,-27.9,-0.1,0,2.9,13.4,-14.5,-1.2,-8,,,CH
2026,"Pintaro, Jonathan",702752,Mets,NYM,R,87.5,26,459,3.122448979591837,0.0566448801742919,CH,Changeup,39.2,-34.4,4.8,14,-3.5,13.7,-15.3,-1.6,-10,0.92619926199262,0.2472324723247232,CH
2026,"Hanifee, Brenan",669724,Tigers,DET,R,89.5,25,321,2.183673469387755,0.0778816199376947,CH,Changeup,34.5,-31.7,2.8,9,-0.3,16.2,-14.8,1.4,10,,,CH
2026,"Burgos, Raymond",670103,Red Sox,BOS,L,84.6,25,213,1.4391891891891893,0.1173708920187793,CH,Changeup,37.4,-33.4,4.1,12,0.9,14.1,-14.1,0.0,0,,,CH
2026,"Trivino III, Lou",642152,Phillies,PHI,R,86.5,25,144,0.972972972972973,0.1736111111111111,CH,Changeup,34.4,-31.2,3.2,10,2.2,15.5,-13.8,1.8,13,,,CH
2026,"Aleman, Franco",680916,Guardians,CLE,R,88.3,25,394,2.6621621621621623,0.0634517766497461,CH,Changeup,29.1,-31.6,-2.5,-8,6.2,16.1,-13.9,2.2,16,,,CH
2026,"Gonzales, Marco",594835,Rangers,TEX,L,81.0,25,118,0.7972972972972973,0.211864406779661,CH,Changeup,35.2,-38.1,-2.8,-7,6.8,17.3,-15.0,2.2,15,,,CH
2026,"Gordon, Colton",676467,Astros,HOU,L,83.2,25,202,1.364864864864865,0.1237623762376237,CH,Changeup,34.7,-34.4,0.3,1,4.9,12.7,-14.1,-1.4,-10,,,CH
2026,"Gausman, Kevin",592332,Cubs,CHC,R,84.1,1079,2808,18.97297297297297,0.3842592592592592,FS,Split-Finger,34.3,-35.1,-0.8,-2,4.4,13.9,-11.0,2.9,27,0.373134328358209,0.8955223880597015,FS
2026,"Imanaga, Shota",684007,Cubs,CHC,L,82.8,879,2607,17.614864864864863,0.33716915995397,FS,Split-Finger,34.0,-35.8,-1.8,-5,5.8,11.5,-10.6,0.9,9,0.2388059701492537,0.6268656716417911,FS
2026,"Eovaldi, Nathan",543135,Rangers,TEX,R,88.5,737,2007,13.56081081081081,0.3672147483806676,FS,Split-Finger,34.1,-31.8,2.3,7,0.9,12.9,-11.7,1.2,10,0.8208955223880597,0.6865671641791045,FS
2026,"Yamamoto, Yoshinobu",808967,Dodgers,LAD,R,91.5,683,2555,17.38095238095238,0.2673189823874755,FS,Split-Finger,30.7,-30.8,0.0,0,1.8,11.8,-12.8,-0.9,-7,0.4925373134328358,0.3582089552238806,FS
2026,"Mahle, Tyler",641816,Braves,ATL,R,86.2,604,2116,14.297297297297296,0.2854442344045368,FS,Split-Finger,32.1,-33.9,-1.8,-5,4.7,13.4,-11.4,1.9,17,0.2388059701492537,0.7761194029850746,FS
2026,"Sasaki, Roki",808963,Dodgers,LAD,R,90.2,591,2052,13.959183673469388,0.2880116959064328,FS,Split-Finger,32.3,-30.6,1.7,6,1.2,7.1,-9.6,-2.5,-26,0.7611940298507462,0.208955223880597,FS
2026,"Bradley, Taj",671737,Twins,MIN,R,91.5,558,2795,19.01360544217687,0.1996422182468694,FS,Split-Finger,26.3,-29.1,-2.8,-10,6.1,10.7,-11.9,-1.2,-10,0.1343283582089552,0.3283582089552239,FS
2026,"Soriano, José",667755,Blue Jays,TOR,R,92.3,497,2698,18.22972972972973,0.1842105263157894,FS,Split-Finger,31.2,-29.8,1.4,5,0.9,13.8,-12.6,1.2,9,0.7164179104477612,0.6865671641791045,FS
2026,"Mlodzinski, Carmen",669387,Pirates,PIT,R,85.8,494,1920,12.972972972972974,0.2572916666666666,FS,Split-Finger,37.9,-34.5,3.3,10,-0.9,9.3,-11.4,-2.1,-18,0.8955223880597015,0.2238805970149253,FS
2026,"Sugano, Tomoyuki",608372,Rockies,COL,R,86.9,491,2272,15.45578231292517,0.2161091549295774,FS,Split-Finger,30.2,-32.9,-2.7,-8,5.7,10.6,-11.2,-0.6,-5,0.1641791044776119,0.4029850746268656,FS
2026,"Cruz, Fernando",518585,Yankees,NYY,R,80.0,484,944,6.421768707482993,0.5127118644067796,FS,Split-Finger,41.3,-39.5,1.8,5,1.4,4.2,-6.8,-2.6,-39,0.7910447761194029,0.1940298507462686,FS
2026,"Littell, Zack",641793,D-backs,AZ,R,84.1,456,1975,13.344594594594597,0.230886075949367,FS,Split-Finger,38.1,-35.1,3.0,9,0.6,11.3,-10.2,1.1,10,0.8656716417910447,0.6567164179104478,FS
2026,"Yesavage, Trey",702056,Blue Jays,TOR,R,82.9,446,1549,10.466216216216216,0.2879276952872821,FS,Split-Finger,32.9,-33.5,-0.7,-2,6.8,11.6,-11.3,0.3,2,0.3880597014925373,0.5522388059701493,FS
2026,"Phillips, Tyler",663969,Marlins,MIA,R,87.0,438,1846,12.472972972972974,0.2372697724810401,FS,Split-Finger,34.2,-32.5,1.6,5,2.0,11.7,-11.3,0.4,4,0.746268656716418,0.5970149253731343,FS
2026,"Mize, Casey",663554,Padres,SD,R,87.8,437,1863,12.673469387755102,0.2345679012345679,FS,Split-Finger,29.5,-32.2,-2.7,-9,6.0,14.7,-11.4,3.2,28,0.1641791044776119,0.9402985074626866,FS
2026,"Bednar, David",670280,Yankees,NYY,R,90.8,430,1055,7.17687074829932,0.4075829383886256,FS,Split-Finger,29.7,-30.0,-0.3,-1,3.3,8.7,-12.0,-3.2,-27,0.4477611940298507,0.1044776119402985,FS
2026,"Young, Brandon",687064,Orioles,BAL,R,84.4,426,2258,15.256756756756756,0.1886625332152347,FS,Split-Finger,35.7,-34.5,1.1,3,2.6,8.8,-10.6,-1.8,-17,0.6417910447761194,0.2537313432835821,FS
2026,"Duran, Jhoan",661395,Phillies,PHI,R,97.6,414,861,5.817567567567568,0.4808362369337979,FS,Split-Finger,25.7,-25.7,0.0,0,3.0,14.1,-14.1,0.0,0,0.4925373134328358,0.4925373134328358,FS
2026,"Gilbert, Logan",669302,Mariners,SEA,R,81.9,399,2745,18.5472972972973,0.1453551912568306,FS,Split-Finger,43.2,-39.0,4.2,11,-2.2,4.3,-8.4,-4.1,-49,0.9402985074626866,0.0597014925373134,FS
2026,"Miller, Bryce",682243,Mariners,SEA,R,84.7,393,1612,10.891891891891891,0.2437965260545905,FS,Split-Finger,33.4,-34.9,-1.6,-5,4.8,9.9,-11.3,-1.4,-12,0.2835820895522388,0.3134328358208955,FS
2026,"Quantrill, Cal",615698,Rangers,TEX,R,84.7,363,1587,10.722972972972974,0.2287334593572778,FS,Split-Finger,36.4,-34.4,2.1,6,1.7,9.6,-10.2,-0.6,-6,0.8059701492537313,0.4029850746268656,FS
2026,"Wheeler, Zack",554430,Phillies,PHI,R,87.4,363,2360,15.945945945945946,0.1538135593220339,FS,Split-Finger,33.5,-33.3,0.2,1,2.3,14.8,-13.9,1.0,7,0.5223880597014925,0.6417910447761194,FS
2026,"Orze, Eric",679358,Twins,MIN,R,83.5,340,677,4.605442176870748,0.5022156573116692,FS,Split-Finger,38.3,-36.0,2.3,6,1.2,14.9,-11.0,3.9,35,0.8208955223880597,0.9850746268656716,FS
2026,"Finnegan, Kyle",640448,Tigers,DET,R,87.2,332,1016,6.91156462585034,0.326771653543307,FS,Split-Finger,29.1,-32.8,-3.8,-11,6.8,8.9,-11.6,-2.7,-24,0.0895522388059701,0.1791044776119403,FS
2026,"Kremer, Dean",665152,Twins,MIN,R,82.6,317,1201,8.170068027210885,0.2639467110741049,FS,Split-Finger,29.9,-35.8,-5.9,-16,10.1,10.8,-9.4,1.4,14,0.0,0.7164179104477612,FS
2026,"Johnson, Ryan",696270,Angels,LAA,R,84.7,314,1455,9.89795918367347,0.215807560137457,FS,Split-Finger,36.7,-35.3,1.4,4,1.7,13.6,-10.8,2.8,26,0.7164179104477612,0.8805970149253731,FS
2026,"Winn, Keaton",676775,Giants,SF,R,89.3,294,644,4.351351351351352,0.4565217391304347,FS,Split-Finger,33.8,-30.8,3.0,10,0.4,13.5,-11.5,2.0,17,0.8656716417910447,0.8208955223880597,FS
2026,"Woods Richardson, Simeon",680573,Blue Jays,TOR,R,86.8,287,1161,7.844594594594595,0.2472006890611541,FS,Split-Finger,29.5,-32.0,-2.5,-8,6.9,11.5,-10.4,1.1,11,0.1940298507462686,0.6567164179104478,FS
2026,"Skenes, Paul",694973,Pirates,PIT,R,93.2,283,2623,17.722972972972972,0.1078917270301181,FS,Split-Finger,29.8,-29.4,0.4,1,1.6,13.2,-13.1,0.2,1,0.5522388059701493,0.5074626865671642,FS
2026,"Smith, Cade",671922,Guardians,CLE,R,87.0,274,1125,7.601351351351352,0.2435555555555555,FS,Split-Finger,41.6,-34.2,7.5,22,-5.2,5.8,-10.6,-4.9,-46,1.0,0.0298507462686567,FS
2026,"Ryan, Joe",657746,Twins,MIN,R,87.9,268,2155,14.65986394557823,0.1243619489559164,FS,Split-Finger,32.4,-33.3,-0.9,-3,3.2,16.7,-14.1,2.6,19,0.3432835820895522,0.8507462686567164,FS
2026,"Matsui, Yuki",673513,Padres,SD,L,83.4,253,966,6.571428571428571,0.2619047619047619,FS,Split-Finger,35.8,-35.6,0.2,1,3.6,8.5,-10.1,-1.5,-15,0.5223880597014925,0.2985074626865671,FS
2026,"Silseth, Chase",681217,Rangers,TEX,R,88.2,246,993,6.70945945945946,0.2477341389728096,FS,Split-Finger,33.7,-32.6,1.1,3,1.8,10.6,-11.2,-0.5,-5,0.6417910447761194,0.4477611940298507,FS
2026,"Hoffman, Jeff",656546,Twins,MIN,R,89.4,230,1118,7.605442176870748,0.2057245080500894,FS,Split-Finger,32.1,-31.4,0.7,2,2.1,15.2,-12.1,3.1,25,0.582089552238806,0.9104477611940298,FS
2026,"Yates, Kirby",489446,Pirates,PIT,R,84.4,223,684,4.621621621621622,0.3260233918128655,FS,Split-Finger,39.7,-35.7,4.0,11,-1.3,11.4,-11.1,0.3,3,0.9253731343283582,0.5522388059701493,FS
2026,"Cano, Yennier",666974,Orioles,BAL,R,90.9,207,735,4.966216216216216,0.2816326530612245,FS,Split-Finger,38.3,-32.7,5.6,17,-5.1,12.1,-11.9,0.2,2,0.9701492537313432,0.5074626865671642,FS
2026,"Hart, Kyle",606996,Padres,SD,L,85.5,201,996,6.775510204081633,0.2018072289156626,FS,Split-Finger,40.0,-34.3,5.7,17,-2.3,8.0,-11.1,-3.0,-27,0.9850746268656716,0.1343283582089552,FS
2026,"Leiter Jr., Mark",643410,Athletics,ATH,R,84.3,181,551,3.722972972972973,0.3284936479128856,FS,Split-Finger,35.8,-34.9,0.9,3,2.9,5.2,-10.9,-5.8,-53,0.6268656716417911,0.0149253731343283,FS
2026,"Myers, Tobias",668964,Mets,NYM,R,80.2,179,744,5.061224489795919,0.2405913978494623,FS,Split-Finger,33.5,-38.3,-4.8,-12,8.7,9.0,-7.7,1.4,18,0.044776119402985,0.7164179104477612,FS
2026,"Estrada, Jeremiah",669093,Padres,SD,R,82.1,164,512,3.4829931972789114,0.3203125,FS,Split-Finger,32.9,-38.0,-5.1,-13,7.6,12.4,-9.7,2.7,27,0.0298507462686567,0.8656716417910447,FS
2026,"Painter, Andrew",691725,Phillies,PHI,R,87.4,164,1861,12.574324324324325,0.0881246641590542,FS,Split-Finger,27.6,-31.5,-3.8,-12,8.1,9.8,-10.6,-0.8,-8,0.0895522388059701,0.3880597014925373,FS
2026,"Kikuchi, Yusei",579328,Angels,LAA,L,86.7,161,925,6.292517006802721,0.174054054054054,FS,Split-Finger,27.6,-33.2,-5.5,-17,8.7,9.2,-11.2,-2.0,-18,0.0149253731343283,0.2388059701492537,FS
2026,"Stanek, Ryne",592773,Cardinals,STL,R,90.1,159,1008,6.8108108108108105,0.1577380952380952,FS,Split-Finger,28.7,-30.1,-1.4,-5,4.9,11.6,-11.3,0.3,3,0.3134328358208955,0.5522388059701493,FS
2026,"Griffin, Foster",656492,Guardians,CLE,L,81.3,157,2667,18.02027027027027,0.0588676415448069,FS,Split-Finger,41.2,-36.1,5.0,14,0.6,0.7,-9.1,-8.5,-93,0.9552238805970148,0.0,FS
2026,"Smith-Shawver, AJ",700363,Braves,ATL,R,82.7,153,401,2.70945945945946,0.3815461346633416,FS,Split-Finger,38.0,-36.4,1.6,4,1.9,11.9,-10.3,1.6,16,,,FS
2026,"Agnos, Zach",688642,Rockies,COL,R,86.1,148,1356,9.224489795918368,0.1091445427728613,FS,Split-Finger,34.9,-34.1,0.8,2,1.5,9.9,-11.0,-1.1,-10,0.6119402985074627,0.3432835820895522,FS
2026,"Headrick, Brent",687396,Yankees,NYY,L,84.7,145,1194,8.122448979591837,0.1214405360134003,FS,Split-Finger,34.5,-34.5,-0.1,0,3.8,9.5,-10.4,-0.9,-9,0.4626865671641791,0.3582089552238806,FS
2026,"Domínguez, Seranthony",622554,Mariners,SEA,R,85.8,116,1011,6.831081081081081,0.1147378832838773,FS,Split-Finger,34.9,-33.9,1.1,3,2.2,9.4,-11.2,-1.8,-16,0.6417910447761194,0.2537313432835821,FS
2026,"Ohtani, Shohei",660271,Dodgers,LAD,R,89.0,114,1335,9.081632653061224,0.0853932584269663,FS,Split-Finger,32.5,-31.4,1.1,3,2.0,12.7,-11.8,0.8,7,0.6417910447761194,0.6119402985074627,FS
2026,"Winn, Cole",668390,Rangers,TEX,R,87.4,113,787,5.317567567567568,0.1435832274459974,FS,Split-Finger,33.8,-33.1,0.7,2,2.0,14.3,-12.1,2.2,18,0.582089552238806,0.835820895522388,FS
2026,"Civale, Aaron",650644,Cubs,CHC,R,84.5,113,1747,11.804054054054054,0.0646823125357756,FS,Split-Finger,30.3,-35.0,-4.6,-13,7.9,14.3,-10.6,3.7,34,0.0597014925373134,0.9701492537313432,FS
2026,"Dobbins, Hunter",690928,Cardinals,STL,R,88.1,109,932,6.297297297297297,0.1169527896995708,FS,Split-Finger,30.2,-32.0,-1.8,-6,5.0,13.4,-11.6,1.9,16,0.2388059701492537,0.7761194029850746,FS
2026,"Bachar, Lake",669199,Pirates,PIT,R,84.2,103,1305,8.817567567567568,0.0789272030651341,FS,Split-Finger,33.0,-35.4,-2.3,-7,5.7,15.6,-10.7,4.9,45,0.2238805970149253,1.0,FS
2026,"Ashcraft, Braxton",677952,Pirates,PIT,R,91.8,101,2413,16.304054054054053,0.0418566100290095,FS,Split-Finger,26.6,-29.2,-2.5,-9,5.7,14.7,-11.9,2.8,23,,,FS
2026,"Scholtens, Jesse",669947,Rays,TB,R,84.1,100,723,4.918367346938775,0.1383125864453665,FS,Split-Finger,38.5,-35.1,3.4,10,0.6,10.4,-11.0,-0.6,-6,0.9104477611940298,0.4029850746268656,FS
2026,"Pagán, Emilio",641941,Reds,CIN,R,82.8,98,581,3.952380952380953,0.1686746987951807,FS,Split-Finger,37.3,-36.1,1.2,3,2.6,8.7,-11.5,-2.8,-24,0.7014925373134329,0.1492537313432835,FS
2026,"Walker, Taijuan",592836,Phillies,PHI,R,86.8,98,424,2.864864864864865,0.2311320754716981,FS,Split-Finger,32.1,-32.6,-0.5,-1,4.1,11.7,-10.9,0.8,7,,,FS
2026,"Chapman, Aroldis",547973,Red Sox,BOS,L,90.3,92,788,5.324324324324325,0.116751269035533,FS,Split-Finger,30.6,-31.1,-0.5,-2,2.8,5.6,-9.5,-4.0,-41,0.4328358208955223,0.0746268656716417,FS
2026,"Madden, Ty",680744,Tigers,DET,R,85.3,90,646,4.394557823129252,0.1393188854489164,FS,Split-Finger,35.1,-34.7,0.4,1,2.2,10.5,-10.8,-0.3,-3,0.5522388059701493,0.4626865671641791,FS
2026,"Ralston, Jack",667652,Marlins,MIA,R,82.4,85,154,1.0405405405405406,0.551948051948052,FS,Split-Finger,39.8,-35.4,4.5,13,0.6,8.8,-10.6,-1.8,-17,,,FS
2026,"García, Luis",472610,Twins,MIN,R,87.6,83,265,1.8027210884353744,0.3132075471698113,FS,Split-Finger,31.5,-31.5,0.0,0,4.2,10.8,-10.9,-0.1,-1,,,FS
2026,"Carrillo, Gerardo",672629,D-backs,AZ,R,84.3,81,316,2.135135135135135,0.2563291139240506,FS,Split-Finger,34.6,-35.1,-0.5,-1,4.2,6.9,-11.4,-4.5,-39,,,FS
2026,"Fuentes, Didier",800311,Braves,ATL,R,89.1,75,1110,7.5,0.0675675675675675,FS,Split-Finger,29.3,-32.1,-2.8,-9,5.2,17.5,-14.4,3.1,21,0.1343283582089552,0.9104477611940298,FS
2026,"Woodford, Jake",663765,Cubs,CHC,R,85.4,68,457,3.0878378378378377,0.1487964989059081,FS,Split-Finger,37.6,-35.0,2.6,7,-0.2,9.8,-11.5,-1.7,-15,0.8507462686567164,0.2835820895522388,FS
2026,"Pallante, Andre",669467,Cardinals,STL,R,88.7,67,2363,15.966216216216216,0.0283537875581887,FS,Split-Finger,29.2,-31.6,-2.5,-8,5.6,8.5,-11.7,-3.2,-27,,,FS
2026,"Tur, Yunior",814305,Athletics,ATH,R,87.0,67,170,1.148648648648649,0.3941176470588235,FS,Split-Finger,32.5,-33.4,-0.9,-3,3.8,7.8,-10.2,-2.4,-24,,,FS
2026,"Scott, Christian",681035,Mets,NYM,R,84.8,62,1803,12.26530612244898,0.0343871325568496,FS,Split-Finger,36.6,-34.9,1.7,5,1.6,12.6,-11.9,0.8,6,,,FS
2026,"Kirby, George",669923,Mariners,SEA,R,87.2,62,2569,17.35810810810811,0.024133904242896,FS,Split-Finger,35.1,-32.7,2.4,7,0.8,10.5,-11.6,-1.1,-9,,,FS
2026,"Mederos, Victor",682989,Braves,ATL,R,92.2,61,503,3.3986486486486487,0.1212723658051689,FS,Split-Finger,29.3,-30.5,-1.2,-4,3.1,13.0,-13.1,-0.1,-1,0.3283582089552239,0.4776119402985074,FS
2026,"Kerkering, Orion",689147,Phillies,PHI,R,92.2,55,1000,6.756756756756757,0.055,FS,Split-Finger,25.6,-29.5,-3.9,-13,6.6,15.9,-12.3,3.5,28,0.0746268656716417,0.9552238805970148,FS
2026,"Alvarado, Elvis",665660,Athletics,ATH,R,87.8,55,846,5.716216216216216,0.0650118203309692,FS,Split-Finger,32.9,-33.0,-0.1,0,2.5,6.9,-11.2,-4.3,-38,0.4626865671641791,0.044776119402985,FS
2026,"Perales, Luis",691384,Nationals,WSH,R,88.1,51,154,1.0335570469798658,0.3311688311688311,FS,Split-Finger,32.0,-32.2,-0.2,0,2.9,11.0,-11.4,-0.4,-4,,,FS
2026,"Borucki, Ryan",621366,Giants,SF,L,83.0,50,380,2.5675675675675675,0.131578947368421,FS,Split-Finger,39.0,-35.6,3.3,9,0.6,13.1,-10.7,2.4,23,,,FS
2026,"Boyle, Joe",671212,Rays,TB,R,92.5,50,347,2.360544217687075,0.1440922190201729,FS,Split-Finger,30.4,-29.7,0.6,2,1.9,17.5,-12.8,4.8,37,,,FS
2026,"Martin, Trevor",694680,Angels,LAA,R,86.9,47,229,1.5578231292517006,0.2052401746724891,FS,Split-Finger,36.5,-33.2,3.3,10,0.0,12.9,-11.6,1.3,11,,,FS
2026,"Greene, Hunter",668881,Reds,CIN,R,86.9,46,456,3.1020408163265305,0.1008771929824561,FS,Split-Finger,30.0,-32.5,-2.4,-8,5.9,8.3,-11.1,-2.8,-25,0.208955223880597,0.1492537313432835,FS
2026,"Curry, Xzavion",675540,Mets,NYM,R,84.0,46,287,1.9523809523809523,0.1602787456445993,FS,Split-Finger,29.2,-35.3,-6.1,-17,9.4,11.2,-10.3,0.9,9,,,FS
2026,"Hiraldo, Yaramil",682274,Orioles,BAL,R,86.9,45,144,0.972972972972973,0.3125,FS,Split-Finger,27.5,-32.6,-5.1,-16,8.9,8.0,-11.0,-3.1,-28,,,FS
2026,"Foley, Jason",671345,Giants,SF,R,89.3,44,314,2.121621621621621,0.1401273885350318,FS,Split-Finger,34.5,-31.9,2.6,8,-0.5,8.0,-12.4,-4.5,-36,,,FS
2026,"Wilson, Bryse",669060,Brewers,MIL,R,85.3,43,533,3.6013513513513518,0.0806754221388367,FS,Split-Finger,33.6,-34.2,-0.6,-2,3.9,12.4,-11.0,1.4,13,0.417910447761194,0.7164179104477612,FS
2026,"Ross, Joe",605452,Rangers,TEX,R,90.4,42,205,1.385135135135135,0.2048780487804878,FS,Split-Finger,27.6,-30.5,-2.9,-10,5.9,13.6,-12.1,1.5,13,,,FS
2026,"Anderson, Jack",681252,Twins,MIN,R,81.8,42,180,1.2244897959183674,0.2333333333333333,FS,Split-Finger,36.7,-36.1,0.6,2,4.2,2.9,-8.5,-5.6,-66,,,FS
2026,"Rodríguez, Yariel",684320,Blue Jays,TOR,R,88.2,42,172,1.162162162162162,0.2441860465116279,FS,Split-Finger,31.1,-31.6,-0.6,-2,4.2,14.8,-11.5,3.3,29,,,FS
2026,"Imai, Tatsuya",837227,Astros,HOU,R,84.7,42,1399,9.452702702702704,0.0300214438884917,FS,Split-Finger,35.3,-35.9,-0.6,-2,3.0,13.3,-11.1,2.2,20,,,FS
2026,"Waldrep, Hurston",694462,Braves,ATL,R,84.1,41,215,1.4527027027027026,0.1906976744186046,FS,Split-Finger,38.0,-34.9,3.1,9,0.6,4.1,-10.3,-6.2,-60,,,FS
2026,"Dotel, Wilber",696062,Pirates,PIT,R,87.4,38,587,3.966216216216216,0.0647359454855195,FS,Split-Finger,31.1,-32.6,-1.5,-5,4.6,13.6,-11.6,1.9,17,0.2985074626865671,0.7761194029850746,FS
2026,"Halvorsen, Seth",678020,Dodgers,LAD,R,90.5,38,464,3.1564625850340136,0.0818965517241379,FS,Split-Finger,27.3,-30.5,-3.2,-10,5.9,11.7,-11.5,0.2,2,0.1194029850746268,0.5074626865671642,FS
2026,"Curvelo, Luis",681168,Rangers,TEX,R,83.2,38,187,1.2635135135135136,0.2032085561497326,FS,Split-Finger,35.0,-35.6,-0.6,-2,4.5,9.3,-9.8,-0.6,-6,,,FS
2026,"Sandlin, Nick",680704,Angels,LAA,R,84.3,37,157,1.0680272108843538,0.2356687898089172,FS,Split-Finger,39.3,-37.1,2.2,6,-0.7,12.3,-13.8,-1.4,-10,,,FS
2026,"Blewett, Scott",656240,Athletics,ATH,R,86.6,35,451,3.0472972972972974,0.0776053215077605,FS,Split-Finger,34.6,-32.9,1.7,5,1.7,7.6,-10.9,-3.2,-30,0.7611940298507462,0.1044776119402985,FS
2026,"Sands, Cole",663485,Twins,MIN,R,87.1,34,209,1.4217687074829932,0.1626794258373205,FS,Split-Finger,35.7,-34.0,1.7,5,0.6,15.3,-11.1,4.2,38,,,FS
2026,"Martinez, Justin",679885,D-backs,AZ,R,90.3,34,142,0.9594594594594594,0.2394366197183098,FS,Split-Finger,33.8,-29.4,4.4,15,-0.1,8.3,-11.3,-3.0,-26,,,FS
2026,"Smith, Dylan",681916,Giants,SF,R,86.0,33,590,3.9864864864864864,0.0559322033898305,FS,Split-Finger,32.6,-33.5,-0.9,-3,4.3,7.8,-11.2,-3.4,-30,0.3432835820895522,0.0895522388059701,FS
2026,"Helsley, Ryan",664854,Orioles,BAL,R,90.1,33,273,1.8445945945945943,0.1208791208791208,FS,Split-Finger,24.6,-30.5,-5.9,-19,9.1,12.4,-11.5,0.8,7,,,FS
2026,"Lazar, Max",676661,Phillies,PHI,R,86.5,32,128,0.8648648648648649,0.25,FS,Split-Finger,31.3,-33.1,-1.8,-5,4.8,10.9,-11.2,-0.3,-2,,,FS
2026,"Davis, Tyler",699823,White Sox,CWS,R,86.1,30,470,3.197278911564626,0.0638297872340425,FS,Split-Finger,33.0,-33.7,-0.7,-2,3.8,13.0,-11.5,1.5,13,0.3880597014925373,0.7611940298507462,FS
2026,"Hicks, Jordan",663855,White Sox,CWS,R,91.0,28,786,5.346938775510204,0.0356234096692111,FS,Split-Finger,32.6,-30.2,2.4,8,0.6,10.6,-12.0,-1.4,-11,,,FS
2026,"Harvey, Hunter",640451,Cubs,CHC,R,89.0,25,76,0.5135135135135135,0.3289473684210526,FS,Split-Finger,32.0,-31.6,0.4,1,2.6,10.9,-11.6,-0.8,-7,,,FS
2026,"Palencia, Daniel",694037,Cubs,CHC,R,89.3,25,411,2.777027027027027,0.0608272506082725,FS,Split-Finger,31.1,-31.4,-0.3,-1,3.1,8.8,-12.0,-3.3,-27,,,FS
2026,"Harrison, Kyle",690986,Brewers,MIL,L,81.9,632,1976,13.35135135135135,0.3198380566801619,SV,Slurve,44.8,-45.0,-0.2,0,-3.9,10.4,10.5,-0.1,-1,0.625,0.625,SV
2026,"Soroka, Michael",647336,D-backs,AZ,R,80.6,513,1588,10.72972972972973,0.3230478589420655,SV,Slurve,50.3,-48.6,1.7,4,-8.2,11.7,12.5,-0.8,-6,0.875,0.5,SV
2026,"Newcomb, Sean",656794,White Sox,CWS,L,82.8,417,1322,8.993197278911564,0.3154311649016641,SV,Slurve,44.8,-45.6,-0.8,-2,-4.5,17.8,14.1,3.7,26,0.375,1.0,SV
2026,"Pérez, Cionel",672335,Mets,NYM,L,85.8,223,702,4.775510204081633,0.3176638176638177,SV,Slurve,41.3,-41.9,-0.6,-1,-4.0,12.5,11.3,1.2,11,0.5,0.75,SV
2026,"Santillan, Tony",663574,Reds,CIN,R,84.7,196,646,4.394557823129252,0.3034055727554179,SV,Slurve,43.7,-43.0,0.7,2,-5.3,10.8,11.7,-0.9,-8,0.75,0.375,SV
2026,"Bratt, Mitch",683352,D-backs,AZ,L,79.6,169,726,4.905405405405405,0.2327823691460055,SV,Slurve,45.3,-49.0,-3.8,-8,-2.0,14.0,11.8,2.2,18,0.125,0.875,SV
2026,"Patrick, Chad",694477,Brewers,MIL,R,86.0,136,1621,10.952702702702704,0.0838988278840222,SV,Slurve,39.7,-41.9,-2.2,-5,-3.0,4.9,10.4,-5.5,-53,0.25,0.0,SV
2026,"Lambert, Peter",663567,Astros,HOU,R,80.2,116,2367,15.993243243243244,0.04900718208703,SV,Slurve,55.5,-51.1,4.4,9,-12.4,14.9,12.6,2.3,18,,,SV
2026,"Quintana, Jose",500779,Rockies,COL,L,80.3,98,687,4.673469387755102,0.1426491994177583,SV,Slurve,42.0,-48.9,-6.9,-14,0.3,6.0,11.4,-5.3,-47,0.0,0.125,SV
2026,"Ferguson, Caleb",657571,Cardinals,STL,L,80.1,94,586,3.95945945945946,0.1604095563139931,SV,Slurve,53.9,-49.2,4.7,9,-11.1,8.1,11.6,-3.5,-30,1.0,0.25,SV
2026,"Mize, Casey",663554,Padres,SD,R,81.3,83,1863,12.673469387755102,0.0445517981749865,SV,Slurve,48.5,-47.4,1.1,2,-6.8,13.7,10.9,2.8,26,,,SV
2026,"Vodnik, Victor",680767,Marlins,MIA,R,87.3,44,897,6.0608108108108105,0.0490523968784838,SV,Slurve,45.6,-43.2,2.4,6,-9.7,5.6,6.3,-0.7,-11,,,SV
2026,"Lugo, Seth",607625,Royals,KC,R,77.3,35,2710,18.31081081081081,0.0129151291512915,SV,Slurve,52.2,-51.5,0.6,1,-5.9,16.5,14.4,2.1,14,,,SV
2026,"Whisenhunt, Carson",687931,Giants,SF,L,80.7,28,617,4.168918918918919,0.0453808752025931,SV,Slurve,50.1,-48.0,2.1,4,-8.0,12.0,10.4,1.6,15,,,SV
2026,"Gonzales, Marco",594835,Rangers,TEX,L,81.1,25,118,0.7972972972972973,0.211864406779661,SV,Slurve,51.6,-46.7,4.8,10,-9.7,10.3,10.8,-0.5,-4,,,SV
