year,"last_name, first_name",pitcher_id,team_name,team_name_abbrev,pitch_hand,avg_speed,pitches_thrown,total_pitches,pitches_per_game,pitch_per,pitch_type,pitch_type_name,pitcher_break_z,league_break_z,diff_z,rise,pitcher_break_z_induced,pitcher_break_x,league_break_x,diff_x,tail,percent_rank_diff_z,percent_rank_diff_x,pt
2024,"Gore, MacKenzie",669022,Nationals,WSH,L,96.0,1658,2994,18.48148148148148,0.5537742150968604,FF,4-Seam Fastball,12.1,-13.7,1.5,11,17.6,5.9,-7.3,-1.4,-19,0.8465227817745803,0.2829736211031175,FF
2024,"Peralta, Freddy",642547,Brewers,MIL,R,94.3,1650,3066,18.925925925925927,0.538160469667319,FF,4-Seam Fastball,14.2,-15.7,1.4,9,16.7,6.8,-8.4,-1.6,-19,0.8321342925659473,0.2470023980815347,FF
2024,"Rodón, Carlos",607074,Yankees,NYY,L,95.4,1531,3102,19.14814814814815,0.4935525467440361,FF,4-Seam Fastball,12.4,-13.6,1.2,9,17.8,8.8,-7.1,1.7,25,0.7961630695443646,0.6954436450839329,FF
2024,"Gausman, Kevin",592332,Blue Jays,TOR,R,94.0,1488,2868,17.703703703703702,0.5188284518828452,FF,4-Seam Fastball,14.2,-15.2,1.0,7,17.0,10.7,-7.4,3.3,44,0.7410071942446043,0.8848920863309353,FF
2024,"Greene, Hunter",668881,Reds,CIN,R,97.6,1416,2563,15.820987654320987,0.5524775653531019,FF,4-Seam Fastball,12.2,-12.8,0.5,4,16.6,8.9,-7.6,1.2,16,0.6474820143884892,0.6354916067146283,FF
2024,"Heaney, Andrew",571760,Rangers,TEX,L,91.6,1393,2731,16.858024691358025,0.5100695715854998,FF,4-Seam Fastball,19.1,-18.5,-0.7,-4,13.8,15.7,-10.3,5.4,53,0.3908872901678657,0.9760191846522782,FF
2024,"Cease, Dylan",656302,Padres,SD,R,96.9,1386,3188,19.679012345679013,0.4347553324968632,FF,4-Seam Fastball,10.8,-13.0,2.2,17,18.4,2.5,-7.4,-5.0,-67,0.9376498800959232,0.0575539568345323,FF
2024,"Kikuchi, Yusei",579328,Astros,HOU,L,95.5,1374,2923,18.15527950310559,0.4700650017105713,FF,4-Seam Fastball,13.2,-14.8,1.6,11,16.9,7.9,-8.4,-0.5,-6,0.8705035971223022,0.4028776978417266,FF
2024,"Imanaga, Shota",684007,Cubs,CHC,L,91.7,1343,2590,15.987654320987655,0.5185328185328185,FF,4-Seam Fastball,14.4,-17.0,2.6,15,18.3,10.2,-8.1,2.1,26,0.9664268585131894,0.7410071942446043,FF
2024,"Nelson, Ryne",669194,D-backs,AZ,R,95.2,1341,2406,14.851851851851851,0.557356608478803,FF,4-Seam Fastball,11.9,-13.9,2.0,14,18.3,5.7,-6.9,-1.2,-17,0.9184652278177458,0.3117505995203837,FF
2024,"Ragans, Cole",666142,Royals,KC,L,95.4,1299,3118,19.246913580246915,0.4166132135984605,FF,4-Seam Fastball,12.9,-13.6,0.8,6,17.3,12.6,-7.0,5.6,79,0.697841726618705,0.9808153477218226,FF
2024,"Gil, Luis",661563,Yankees,NYY,R,96.6,1299,2664,16.444444444444443,0.4876126126126126,FF,4-Seam Fastball,12.2,-13.5,1.3,10,17.2,5.6,-7.5,-1.9,-26,0.8177458033573142,0.2158273381294964,FF
2024,"Wheeler, Zack",554430,Phillies,PHI,R,95.3,1296,3134,19.34567901234568,0.4135290363752393,FF,4-Seam Fastball,15.5,-15.1,-0.4,-3,14.6,9.5,-8.8,0.8,9,0.4388489208633093,0.580335731414868,FF
2024,"Castillo, Luis",622491,Mariners,SEA,R,95.6,1295,2858,17.641975308641975,0.4531140657802659,FF,4-Seam Fastball,17.8,-17.3,-0.5,-3,12.2,12.5,-11.5,1.0,9,0.4244604316546763,0.6019184652278178,FF
2024,"Crochet, Garrett",676979,White Sox,CWS,L,97.1,1284,2395,14.783950617283953,0.5361169102296451,FF,4-Seam Fastball,13.5,-12.8,-0.7,-6,15.6,8.1,-7.2,1.0,13,0.3908872901678657,0.6019184652278178,FF
2024,"Cortes, Nestor",641482,Yankees,NYY,L,92.1,1266,2849,17.58641975308642,0.4443664443664443,FF,4-Seam Fastball,13.2,-15.8,2.6,16,19.2,4.9,-7.3,-2.4,-33,0.9664268585131894,0.1606714628297362,FF
2024,"Abbott, Andrew",671096,Reds,CIN,L,92.8,1249,2333,14.401234567901234,0.5353621945992285,FF,4-Seam Fastball,15.5,-15.7,0.2,1,16.3,8.9,-7.1,1.8,26,0.5755395683453237,0.7074340527577938,FF
2024,"Bibee, Tanner",676440,Guardians,CLE,R,94.6,1236,2851,17.70807453416149,0.4335320940021045,FF,4-Seam Fastball,14.7,-14.1,-0.6,-4,15.8,4.2,-6.8,-2.6,-38,0.407673860911271,0.1510791366906475,FF
2024,"Steele, Justin",657006,Cubs,CHC,L,91.6,1221,2046,12.62962962962963,0.5967741935483871,FF,4-Seam Fastball,19.2,-16.0,-3.2,-20,13.2,0.3,-6.6,-6.4,-96,0.0863309352517985,0.0239808153477218,FF
2024,"López, Pablo",641154,Twins,MIN,R,95.0,1205,2986,18.432098765432094,0.4035498995311453,FF,4-Seam Fastball,15.7,-14.6,-1.2,-8,14.5,5.6,-7.7,-2.1,-27,0.2805755395683453,0.2038369304556355,FF
2024,"Harrison, Kyle",690986,Giants,SF,L,92.6,1196,2078,12.82716049382716,0.575553416746872,FF,4-Seam Fastball,21.3,-18.2,-3.1,-17,10.8,14.7,-10.5,4.2,40,0.0935251798561151,0.920863309352518,FF
2024,"Parker, Mitchell",680730,Nationals,WSH,L,92.5,1168,2404,14.839506172839506,0.4858569051580699,FF,4-Seam Fastball,14.4,-15.5,1.1,7,17.6,5.2,-6.5,-1.3,-20,0.762589928057554,0.302158273381295,FF
2024,"López, Reynaldo",625643,Braves,ATL,R,95.5,1164,2110,13.024691358024691,0.5516587677725119,FF,4-Seam Fastball,13.6,-14.2,0.6,4,16.4,7.4,-7.5,-0.1,-1,0.6762589928057554,0.4580335731414868,FF
2024,"Gallen, Zac",668678,D-backs,AZ,R,93.7,1160,2506,15.469135802469136,0.4628890662410215,FF,4-Seam Fastball,14.3,-15.1,0.8,5,16.9,4.7,-7.1,-2.4,-34,0.697841726618705,0.1606714628297362,FF
2024,"Pivetta, Nick",601713,Red Sox,BOS,R,93.9,1158,2386,14.728395061728396,0.4853310980720872,FF,4-Seam Fastball,11.2,-13.5,2.3,17,19.9,4.0,-5.6,-1.5,-27,0.9496402877697842,0.2661870503597122,FF
2024,"Miller, Bryce",682243,Mariners,SEA,R,95.2,1157,2749,16.969135802469136,0.4208803201164059,FF,4-Seam Fastball,11.9,-14.7,2.7,19,18.3,6.3,-7.8,-1.5,-19,0.9712230215827338,0.2661870503597122,FF
2024,"Anderson, Tyler",542881,Angels,LAA,L,89.5,1155,2914,17.987654320987655,0.3963623884694578,FF,4-Seam Fastball,14.7,-16.8,2.1,13,19.7,4.1,-5.4,-1.3,-23,0.9256594724220624,0.302158273381295,FF
2024,"Irvin, Jake",663623,Nationals,WSH,R,93.9,1148,3046,18.80246913580247,0.3768877216021011,FF,4-Seam Fastball,16.6,-14.9,-1.7,-11,14.3,10.1,-7.2,2.9,40,0.2158273381294964,0.8393285371702638,FF
2024,"Flaherty, Jack",656427,Dodgers,LAD,R,93.3,1135,2569,15.858024691358024,0.4418061502530167,FF,4-Seam Fastball,15.9,-16.0,0.1,0,15.4,4.2,-8.0,-3.9,-48,0.5539568345323741,0.0863309352517985,FF
2024,"Suárez, Albert",544150,Orioles,BAL,R,94.8,1116,2233,13.783950617283953,0.4997760859829825,FF,4-Seam Fastball,14.1,-13.8,-0.3,-2,16.4,7.0,-6.5,0.5,7,0.4508393285371702,0.5275779376498801,FF
2024,"Pepiot, Ryan",686752,Rays,TB,R,94.9,1084,2149,13.265432098765432,0.5044206607724523,FF,4-Seam Fastball,11.2,-14.3,3.1,22,19.4,8.8,-7.1,1.7,24,0.9856115107913668,0.6954436450839329,FF
2024,"Sale, Chris",519242,Braves,ATL,L,94.8,1076,2815,17.376543209876544,0.3822380106571936,FF,4-Seam Fastball,20.5,-15.8,-4.6,-29,10.1,14.9,-9.0,5.9,66,0.0311750599520383,0.9856115107913668,FF
2024,"Canning, Griffin",656288,Angels,LAA,R,93.4,1069,2869,17.709876543209877,0.3726036946671314,FF,4-Seam Fastball,15.2,-15.2,0.0,0,16.2,8.1,-7.5,0.6,8,0.5323741007194245,0.539568345323741,FF
2024,"Gomber, Austin",596295,Rockies,COL,L,90.4,1058,2621,16.179012345679013,0.4036627241510874,FF,4-Seam Fastball,16.4,-15.9,-0.5,-3,17.0,7.6,-5.4,2.2,41,0.4244604316546763,0.7529976019184652,FF
2024,"Blanco, Ronel",669854,Astros,HOU,R,93.4,1055,2751,17.08695652173913,0.3834969102144674,FF,4-Seam Fastball,12.9,-14.8,1.9,13,18.5,7.3,-6.6,0.7,10,0.9136690647482014,0.5635491606714629,FF
2024,"Falter, Bailey",663559,Pirates,PIT,L,91.9,1042,2137,13.191358024691358,0.487599438465138,FF,4-Seam Fastball,14.7,-15.9,1.3,8,17.7,2.8,-6.6,-3.8,-58,0.8177458033573142,0.0935251798561151,FF
2024,"Estes, Joey",683155,Athletics,ATH,R,92.4,1039,2027,12.512345679012345,0.5125801677355698,FF,4-Seam Fastball,15.6,-15.7,0.2,1,16.6,9.6,-7.3,2.3,32,0.5755395683453237,0.7745803357314148,FF
2024,"Flexen, Chris",623167,White Sox,CWS,R,91.3,1038,2797,17.265432098765434,0.3711119056131569,FF,4-Seam Fastball,14.6,-15.0,0.4,3,18.3,1.6,-5.4,-3.7,-70,0.6282973621103117,0.1007194244604316,FF
2024,"Sears, JP",676664,Athletics,ATH,L,91.9,1032,2856,17.62962962962963,0.361344537815126,FF,4-Seam Fastball,17.7,-18.5,0.8,4,14.8,11.6,-10.6,1.0,9,0.697841726618705,0.6019184652278178,FF
2024,"Ober, Bailey",641927,Twins,MIN,R,91.7,1028,2696,16.641975308641975,0.3813056379821958,FF,4-Seam Fastball,15.7,-15.7,0.0,0,16.8,7.9,-6.2,1.7,28,0.5323741007194245,0.6954436450839329,FF
2024,"Severino, Luis",622663,Mets,NYM,R,96.2,1028,2889,17.833333333333332,0.3558324679820007,FF,4-Seam Fastball,13.9,-13.6,-0.3,-2,15.7,6.5,-7.5,-1.0,-14,0.4508393285371702,0.3381294964028777,FF
2024,"Kirby, George",669923,Mariners,SEA,R,96.0,1023,2967,18.314814814814813,0.3447927199191102,FF,4-Seam Fastball,14.0,-13.7,-0.2,-2,15.8,9.4,-7.4,2.0,27,0.4772182254196642,0.7266187050359713,FF
2024,"Ryan, Joe",657746,Twins,MIN,R,94.0,1019,2106,13.0,0.4838556505223172,FF,4-Seam Fastball,17.2,-17.7,0.5,3,13.9,11.8,-11.1,0.7,6,0.6474820143884892,0.5635491606714629,FF
2024,"Arrighetti, Spencer",681293,Astros,HOU,R,94.1,1018,2505,15.559006211180124,0.4063872255489022,FF,4-Seam Fastball,15.7,-16.2,0.5,3,15.3,11.9,-9.2,2.7,29,0.6474820143884892,0.8201438848920863,FF
2024,"Brown, Hunter",686613,Astros,HOU,R,96.0,1011,2889,17.944099378881987,0.3499480789200415,FF,4-Seam Fastball,12.3,-13.2,0.9,7,17.5,5.1,-6.9,-1.8,-26,0.7170263788968825,0.2230215827338129,FF
2024,"Pallante, Andre",669467,Cardinals,STL,R,94.5,975,1934,11.938271604938272,0.5041365046535677,FF,4-Seam Fastball,21.1,-14.5,-6.6,-46,9.4,0.0,-7.1,-7.1,-99,0.0047961630695443,0.014388489208633,FF
2024,"Eovaldi, Nathan",543135,Rangers,TEX,R,95.4,969,2622,16.185185185185187,0.3695652173913043,FF,4-Seam Fastball,18.5,-15.0,-3.5,-24,11.7,13.8,-8.3,5.5,66,0.0695443645083932,0.9784172661870504,FF
2024,"Lynn, Lance",458681,Cardinals,STL,R,92.3,964,2039,12.58641975308642,0.4727807748896518,FF,4-Seam Fastball,19.0,-16.3,-2.7,-17,13.1,4.1,-7.5,-3.4,-45,0.1175059952038369,0.1151079136690647,FF
2024,"Bradley, Taj",671737,Rays,TB,R,96.4,957,2294,14.160493827160494,0.4171752397558849,FF,4-Seam Fastball,11.0,-13.3,2.3,17,18.7,5.7,-7.3,-1.6,-22,0.9496402877697842,0.2470023980815347,FF
2024,"Crawford, Kutter",676710,Red Sox,BOS,R,92.6,952,2823,17.425925925925927,0.3372298972724052,FF,4-Seam Fastball,12.4,-15.5,3.1,20,19.7,7.6,-7.0,0.5,8,0.9856115107913668,0.5275779376498801,FF
2024,"Skubal, Tarik",669373,Tigers,DET,L,96.9,941,2838,17.51851851851852,0.3315715292459478,FF,4-Seam Fastball,13.0,-13.0,0.0,0,16.2,6.5,-7.3,-0.9,-12,0.5323741007194245,0.3525179856115107,FF
2024,"Jones, Jared",683003,Pirates,PIT,R,97.3,941,1912,11.802469135802468,0.4921548117154811,FF,4-Seam Fastball,11.9,-13.6,1.7,13,17.1,8.4,-8.3,0.1,1,0.8776978417266187,0.4844124700239808,FF
2024,"Gilbert, Logan",669302,Mariners,SEA,R,96.6,935,3041,18.771604938271604,0.3074646497862545,FF,4-Seam Fastball,13.1,-13.4,0.3,3,16.2,7.1,-7.0,0.1,2,0.5995203836930456,0.4844124700239808,FF
2024,"Pfaadt, Brandon",694297,D-backs,AZ,R,93.8,931,2792,17.234567901234566,0.3334527220630373,FF,4-Seam Fastball,16.1,-15.4,-0.7,-4,14.8,5.6,-7.6,-2.0,-27,0.3908872901678657,0.211031175059952,FF
2024,"Paxton, James",572020,Red Sox,BOS,L,93.2,928,1708,10.54320987654321,0.5433255269320844,FF,4-Seam Fastball,17.6,-15.2,-2.4,-16,13.8,10.5,-6.9,3.6,52,0.1486810551558753,0.9040767386091128,FF
2024,"Manaea, Sean",640455,Mets,NYM,L,92.2,928,2996,18.493827160493822,0.3097463284379172,FF,4-Seam Fastball,21.5,-17.4,-4.1,-24,10.9,13.8,-8.7,5.1,58,0.0479616306954436,0.9568345323741008,FF
2024,"Feltner, Ryan",663372,Rockies,COL,R,94.6,927,2577,15.907407407407408,0.359720605355064,FF,4-Seam Fastball,16.9,-15.2,-1.7,-11,13.4,5.3,-8.1,-2.8,-35,0.2158273381294964,0.1414868105515587,FF
2024,"Woods Richardson, Simeon",680573,Twins,MIN,R,93.1,924,2295,14.166666666666666,0.4026143790849673,FF,4-Seam Fastball,14.1,-14.7,0.6,4,17.5,5.8,-6.2,-0.4,-6,0.6762589928057554,0.4148681055155875,FF
2024,"Glasnow, Tyler",607192,Dodgers,LAD,R,96.3,909,2011,12.41358024691358,0.4520139234211835,FF,4-Seam Fastball,13.1,-13.4,0.3,2,16.3,0.3,-6.7,-6.4,-95,0.5995203836930456,0.0239808153477218,FF
2024,"Kopech, Michael",656629,Dodgers,LAD,R,98.7,896,1143,7.055555555555555,0.7839020122484689,FF,4-Seam Fastball,10.0,-12.5,2.4,20,18.2,9.7,-8.1,1.6,19,0.9568345323741008,0.6810551558752997,FF
2024,"Rodriguez, Grayson",680570,Orioles,BAL,R,96.1,896,1879,11.598765432098766,0.4768493879723257,FF,4-Seam Fastball,13.9,-13.9,0.0,0,15.9,12.7,-7.6,5.1,67,0.5323741007194245,0.9568345323741008,FF
2024,"Fried, Max",608331,Braves,ATL,L,93.9,892,2761,17.04320987654321,0.3230713509597971,FF,4-Seam Fastball,19.8,-14.8,-4.9,-33,11.1,0.2,-7.0,-7.2,-103,0.0215827338129496,0.0119904076738609,FF
2024,"Nola, Aaron",605400,Phillies,PHI,R,92.5,883,3189,19.685185185185187,0.2768893069927877,FF,4-Seam Fastball,17.4,-17.8,0.4,2,14.7,12.0,-9.6,2.4,25,0.6282973621103117,0.7889688249400479,FF
2024,"Myers, Tobias",668964,Brewers,MIL,R,92.9,872,2152,13.283950617283953,0.4052044609665427,FF,4-Seam Fastball,12.6,-15.6,3.0,19,19.1,5.0,-7.0,-1.9,-28,0.9808153477218226,0.2158273381294964,FF
2024,"Montas, Frankie",593423,Brewers,MIL,R,95.6,869,2633,16.253086419753085,0.3300417774401823,FF,4-Seam Fastball,14.5,-14.2,-0.3,-2,15.3,5.1,-7.9,-2.8,-35,0.4508393285371702,0.1414868105515587,FF
2024,"Herz, DJ",687792,Nationals,WSH,L,93.5,860,1586,9.790123456790123,0.5422446406052963,FF,4-Seam Fastball,15.4,-15.3,-0.1,-1,15.9,12.4,-7.2,5.2,72,0.5059952038369304,0.9640287769784172,FF
2024,"Vodnik, Victor",680767,Rockies,COL,R,98.0,848,1341,8.277777777777779,0.6323639075316928,FF,4-Seam Fastball,14.3,-13.5,-0.8,-6,14.0,6.5,-8.5,-2.1,-24,0.3645083932853717,0.2038369304556355,FF
2024,"Keller, Mitch",656605,Pirates,PIT,R,94.5,840,2849,17.58641975308642,0.2948402948402948,FF,4-Seam Fastball,16.1,-14.9,-1.2,-8,14.5,9.1,-7.5,1.5,20,0.2805755395683453,0.6762589928057554,FF
2024,"Woo, Bryan",693433,Mariners,SEA,R,94.8,837,1716,10.592592592592592,0.4877622377622377,FF,4-Seam Fastball,15.2,-16.3,1.1,7,15.3,9.4,-9.6,-0.1,-1,0.762589928057554,0.4580335731414868,FF
2024,"Skenes, Paul",694973,Pirates,PIT,R,98.8,834,2125,13.117283950617283,0.3924705882352941,FF,4-Seam Fastball,17.4,-12.8,-4.6,-36,10.6,14.4,-8.4,6.0,71,0.0311750599520383,0.9928057553956836,FF
2024,"Snell, Blake",605483,Giants,SF,L,95.9,821,1773,10.944444444444445,0.4630569655950367,FF,4-Seam Fastball,11.1,-12.8,1.7,13,18.7,5.8,-6.3,-0.5,-8,0.8776978417266187,0.4028776978417266,FF
2024,"Smith, Cade",671922,Guardians,CLE,R,96.0,806,1166,7.24223602484472,0.6912521440823327,FF,4-Seam Fastball,13.7,-13.7,0.0,0,16.0,8.5,-7.2,1.3,18,0.5323741007194245,0.6498800959232613,FF
2024,"Marsh, Alec",679525,Royals,KC,R,94.2,799,2161,13.339506172839506,0.3697362332253586,FF,4-Seam Fastball,15.9,-15.3,-0.6,-4,14.9,9.7,-7.8,1.8,23,0.407673860911271,0.7074340527577938,FF
2024,"Francis, Bowden",670102,Blue Jays,TOR,R,92.9,799,1558,9.617283950617283,0.5128369704749679,FF,4-Seam Fastball,13.9,-15.5,1.6,10,17.9,6.0,-6.9,-0.9,-13,0.8705035971223022,0.3525179856115107,FF
2024,"Morton, Charlie",450203,Braves,ATL,R,94.1,798,2791,17.228395061728396,0.2859190254389108,FF,4-Seam Fastball,20.4,-15.6,-4.8,-31,10.5,13.6,-8.3,5.3,63,0.026378896882494,0.9664268585131894,FF
2024,"Verlander, Justin",434378,Astros,HOU,R,93.5,767,1580,9.813664596273291,0.4854430379746835,FF,4-Seam Fastball,12.3,-13.5,1.2,9,19.3,8.6,-6.3,2.3,37,0.7961630695443646,0.7745803357314148,FF
2024,"Mikolas, Miles",571945,Cardinals,STL,R,93.2,755,2703,16.685185185185187,0.2793192748797632,FF,4-Seam Fastball,17.7,-14.8,-2.9,-20,13.8,6.3,-6.6,-0.3,-4,0.1031175059952038,0.4244604316546763,FF
2024,"Lugo, Seth",607625,Royals,KC,R,92.2,746,3112,19.20987654320988,0.2397172236503856,FF,4-Seam Fastball,16.6,-16.5,-0.1,-1,15.4,6.7,-8.1,-1.4,-17,0.5059952038369304,0.2829736211031175,FF
2024,"Lively, Ben",594902,Guardians,CLE,R,89.9,736,2406,14.944099378881988,0.3059019118869493,FF,4-Seam Fastball,18.4,-19.0,0.6,3,15.4,8.5,-8.6,-0.1,-1,0.6762589928057554,0.4580335731414868,FF
2024,"Taillon, Jameson",592791,Cubs,CHC,R,92.3,732,2483,15.32716049382716,0.2948046717680225,FF,4-Seam Fastball,15.9,-15.6,-0.3,-2,16.1,6.9,-6.6,0.3,4,0.4508393285371702,0.5059952038369304,FF
2024,"Finnegan, Kyle",640448,Nationals,WSH,R,97.2,721,1067,6.58641975308642,0.6757263355201499,FF,4-Seam Fastball,13.1,-13.3,0.2,1,15.8,10.3,-7.7,2.5,33,0.5755395683453237,0.8009592326139089,FF
2024,"Gray, Jon",592351,Rangers,TEX,R,94.9,720,1620,10.0,0.4444444444444444,FF,4-Seam Fastball,17.0,-15.0,-2.0,-13,13.4,10.3,-8.0,2.2,28,0.1798561151079136,0.7529976019184652,FF
2024,"Rogers, Trevor",669432,Orioles,BAL,L,91.9,711,2243,13.84567901234568,0.3169861792242532,FF,4-Seam Fastball,17.8,-16.3,-1.5,-9,14.8,11.9,-7.0,4.9,69,0.2422062350119904,0.9496402877697842,FF
2024,"Cecconi, Slade",677944,D-backs,AZ,R,94.4,708,1290,7.962962962962963,0.5488372093023256,FF,4-Seam Fastball,16.1,-15.1,-1.0,-7,14.7,14.0,-7.7,6.3,82,0.3213429256594724,0.9952038369304556,FF
2024,"Williams, Gavin",668909,Guardians,CLE,R,96.6,704,1368,8.496894409937887,0.5146198830409356,FF,4-Seam Fastball,14.0,-13.3,-0.8,-6,15.3,11.2,-7.3,3.9,54,0.3645083932853717,0.9088729016786572,FF
2024,"King, Michael",650633,Padres,SD,R,93.7,700,2895,17.87037037037037,0.2417962003454231,FF,4-Seam Fastball,16.2,-15.4,-0.8,-5,15.0,6.0,-7.7,-1.7,-22,0.3645083932853717,0.2326139088729016,FF
2024,"Kremer, Dean",665152,Orioles,BAL,R,93.4,700,2171,13.401234567901234,0.322432058959005,FF,4-Seam Fastball,13.5,-15.2,1.7,11,18.0,7.8,-7.2,0.6,9,0.8776978417266187,0.539568345323741,FF
2024,"Vesia, Alex",681911,Dodgers,LAD,L,93.4,700,1109,6.845679012345679,0.6311992786293958,FF,4-Seam Fastball,11.2,-15.4,4.2,27,20.3,6.2,-7.3,-1.1,-15,1.0,0.3309352517985611,FF
2024,"Cole, Gerrit",543037,Yankees,NYY,R,95.9,697,1534,9.469135802469136,0.454367666232073,FF,4-Seam Fastball,12.2,-13.8,1.5,11,17.6,6.6,-7.5,-0.9,-12,0.8465227817745803,0.3525179856115107,FF
2024,"Akin, Keegan",669211,Orioles,BAL,L,93.9,695,1241,7.660493827160494,0.5600322320709106,FF,4-Seam Fastball,12.9,-14.9,2.0,14,18.3,9.9,-7.7,2.2,29,0.9184652278177458,0.7529976019184652,FF
2024,"Scott, Tanner",656945,Padres,SD,L,97.0,688,1163,7.179012345679013,0.5915735167669819,FF,4-Seam Fastball,12.4,-14.5,2.2,15,16.8,5.0,-8.8,-3.9,-44,0.9376498800959232,0.0863309352517985,FF
2024,"Mize, Casey",663554,Tigers,DET,R,95.5,684,1789,11.04320987654321,0.3823365008384572,FF,4-Seam Fastball,13.7,-14.1,0.3,2,16.3,7.8,-7.4,0.5,7,0.5995203836930456,0.5275779376498801,FF
2024,"McKenzie, Triston",663474,Guardians,CLE,R,91.1,683,1304,8.099378881987578,0.5237730061349694,FF,4-Seam Fastball,13.2,-15.7,2.4,15,19.7,1.6,-5.6,-4.0,-71,0.9568345323741008,0.0839328537170263,FF
2024,"Suarez, Robert",663158,Padres,SD,R,99.1,679,977,6.030864197530864,0.6949846468781986,FF,4-Seam Fastball,9.9,-11.7,1.8,15,18.1,7.3,-7.6,-0.3,-4,0.8992805755395683,0.4244604316546763,FF
2024,"Harris, Hogan",663687,Athletics,ATH,L,92.9,679,1213,7.487654320987654,0.5597691673536686,FF,4-Seam Fastball,15.1,-15.5,0.5,3,16.9,10.0,-6.9,3.1,46,0.6474820143884892,0.8657074340527577,FF
2024,"Rainey, Tanner",663432,Nationals,WSH,R,94.0,666,939,5.796296296296297,0.7092651757188498,FF,4-Seam Fastball,12.8,-14.6,1.9,13,18.3,10.2,-7.1,3.1,44,0.9136690647482014,0.8657074340527577,FF
2024,"Weaver, Luke",596133,Yankees,NYY,R,95.7,664,1374,8.481481481481481,0.4832605531295487,FF,4-Seam Fastball,11.5,-14.5,3.0,20,18.5,6.4,-8.2,-1.7,-21,0.9808153477218226,0.2326139088729016,FF
2024,"Detmers, Reid",672282,Angels,LAA,L,93.8,660,1557,9.61111111111111,0.4238921001926782,FF,4-Seam Fastball,13.3,-14.9,1.5,10,17.9,8.4,-7.2,1.2,16,0.8465227817745803,0.6354916067146283,FF
2024,"Beeks, Jalen",656222,Pirates,PIT,L,94.5,658,1186,7.320987654320987,0.554806070826307,FF,4-Seam Fastball,15.1,-14.5,-0.6,-4,15.3,5.0,-7.1,-2.2,-30,0.407673860911271,0.1894484412470023,FF
2024,"Vest, Will",676684,Tigers,DET,R,96.1,651,1162,7.172839506172839,0.5602409638554217,FF,4-Seam Fastball,14.2,-14.4,0.2,1,15.4,9.2,-8.2,1.0,12,0.5755395683453237,0.6019184652278178,FF
2024,"Miller, Mason",695243,Athletics,ATH,R,100.9,646,1024,6.320987654320987,0.630859375,FF,4-Seam Fastball,10.4,-11.3,0.9,8,16.6,9.7,-8.6,1.0,12,0.7170263788968825,0.6019184652278178,FF
2024,"Montero, Keider",672456,Tigers,DET,R,94.7,638,1539,9.5,0.4145549057829759,FF,4-Seam Fastball,14.9,-14.7,-0.3,-2,15.6,5.9,-7.5,-1.6,-21,0.4508393285371702,0.2470023980815347,FF
2024,"Megill, Tylor",656731,Mets,NYM,R,95.7,637,1365,8.425925925925926,0.4666666666666667,FF,4-Seam Fastball,13.8,-13.9,0.1,1,16.2,6.8,-7.1,-0.4,-5,0.5539568345323741,0.4148681055155875,FF
2024,"Quintana, Jose",500779,Mets,NYM,L,90.7,634,2819,17.401234567901234,0.224902447676481,FF,4-Seam Fastball,17.2,-17.0,-0.2,-1,16.2,3.9,-6.8,-3.0,-44,0.4772182254196642,0.1270983213429256,FF
2024,"Kimbrel, Craig",518886,Orioles,BAL,R,93.9,633,963,5.944444444444445,0.6573208722741433,FF,4-Seam Fastball,15.7,-17.8,2.2,12,15.5,9.6,-11.2,-1.6,-14,0.9376498800959232,0.2470023980815347,FF
2024,"Miller, Erik",669062,Giants,SF,L,96.9,631,1269,7.833333333333333,0.4972419227738376,FF,4-Seam Fastball,13.1,-12.3,-0.8,-6,16.1,8.5,-6.7,1.8,26,0.3645083932853717,0.7074340527577938,FF
2024,"Paddack, Chris",663978,Twins,MIN,R,93.3,626,1460,9.012345679012345,0.4287671232876712,FF,4-Seam Fastball,14.6,-14.7,0.1,1,17.0,10.6,-6.3,4.3,68,0.5539568345323741,0.9256594724220624,FF
2024,"Ginkel, Kevin",656464,D-backs,AZ,R,96.0,624,1184,7.308641975308642,0.527027027027027,FF,4-Seam Fastball,14.7,-13.0,-1.7,-13,15.0,10.0,-6.5,3.5,54,0.2158273381294964,0.8968824940047961,FF
2024,"Yates, Kirby",489446,Rangers,TEX,R,93.2,623,1026,6.333333333333333,0.6072124756335283,FF,4-Seam Fastball,16.9,-16.8,-0.2,-1,14.8,13.7,-9.3,4.4,48,0.4772182254196642,0.9328537170263788,FF
2024,"Allen, Logan",671106,Guardians,CLE,L,91.2,622,1665,10.341614906832298,0.3735735735735735,FF,4-Seam Fastball,17.0,-17.4,0.4,2,15.8,7.4,-8.4,-0.9,-11,0.6282973621103117,0.3525179856115107,FF
2024,"Mears, Nick",683232,Brewers,MIL,R,96.7,619,1028,6.345679012345679,0.6021400778210116,FF,4-Seam Fastball,11.1,-12.9,1.8,14,18.1,2.8,-7.0,-4.2,-60,0.8992805755395683,0.0767386091127098,FF
2024,"Birdsong, Hayden",806185,Giants,SF,R,95.8,619,1388,8.567901234567902,0.4459654178674351,FF,4-Seam Fastball,13.5,-13.2,-0.2,-2,16.4,9.5,-6.8,2.7,40,0.4772182254196642,0.8201438848920863,FF
2024,"Rodríguez, Yariel",684320,Blue Jays,TOR,R,93.9,616,1501,9.265432098765432,0.4103930712858095,FF,4-Seam Fastball,19.2,-15.2,-4.1,-27,11.7,2.2,-7.4,-5.1,-70,0.0479616306954436,0.052757793764988,FF
2024,"Bradford, Cody",674003,Rangers,TEX,L,89.8,615,1175,7.253086419753086,0.5234042553191489,FF,4-Seam Fastball,15.7,-16.5,0.8,5,18.3,6.0,-5.3,0.7,12,0.697841726618705,0.5635491606714629,FF
2024,"Wacha, Michael",608379,Royals,KC,R,93.6,606,2602,16.061728395061728,0.2328977709454266,FF,4-Seam Fastball,13.3,-14.2,1.0,7,18.0,6.6,-6.1,0.5,9,0.7410071942446043,0.5275779376498801,FF
2024,"Abreu, Bryan",650556,Astros,HOU,R,96.7,602,1300,8.074534161490684,0.463076923076923,FF,4-Seam Fastball,12.7,-13.7,1.1,8,16.7,6.0,-7.9,-1.9,-24,0.762589928057554,0.2158273381294964,FF
2024,"Yamamoto, Yoshinobu",808967,Dodgers,LAD,R,95.5,595,1469,9.067901234567902,0.4050374404356705,FF,4-Seam Fastball,14.4,-14.7,0.3,2,15.6,7.3,-8.1,-0.9,-11,0.5995203836930456,0.3525179856115107,FF
2024,"Gray, Sonny",543243,Cardinals,STL,R,92.4,592,2483,15.32716049382716,0.238421264599275,FF,4-Seam Fastball,19.8,-16.5,-3.3,-20,12.0,1.2,-7.9,-9.1,-115,0.0815347721822542,0.0023980815347721,FF
2024,"Scott, Tayler",605463,Astros,HOU,R,92.7,583,1203,7.472049689440993,0.484621778886118,FF,4-Seam Fastball,21.8,-19.0,-2.8,-15,10.4,15.9,-11.6,4.3,37,0.1079136690647482,0.9256594724220624,FF
2024,"Stanek, Ryne",592773,Mets,NYM,R,97.8,579,977,6.030864197530864,0.5926305015353122,FF,4-Seam Fastball,10.8,-12.5,1.7,13,17.9,9.2,-7.6,1.7,22,0.8776978417266187,0.6954436450839329,FF
2024,"Baz, Shane",669358,Rays,TB,R,95.6,578,1206,7.444444444444445,0.4792703150912106,FF,4-Seam Fastball,12.6,-14.1,1.5,10,17.5,10.2,-7.5,2.7,36,0.8465227817745803,0.8201438848920863,FF
2024,"Ortiz, Luis",682847,Pirates,PIT,R,95.9,572,2143,13.228395061728396,0.266915538964069,FF,4-Seam Fastball,18.4,-15.8,-2.6,-16,11.3,11.3,-9.7,1.6,17,0.1270983213429256,0.6810551558752997,FF
2024,"Harvey, Hunter",640451,Royals,KC,R,97.8,570,906,5.592592592592593,0.6291390728476821,FF,4-Seam Fastball,11.9,-13.0,1.1,9,16.7,7.2,-7.9,-0.7,-9,0.762589928057554,0.3836930455635491,FF
2024,"Boyle, Joe",671212,Athletics,ATH,R,97.7,570,966,5.962962962962963,0.5900621118012422,FF,4-Seam Fastball,12.3,-12.4,0.1,1,16.4,4.5,-7.3,-2.9,-39,0.5539568345323741,0.1366906474820144,FF
2024,"Bednar, David",670280,Pirates,PIT,R,97.2,568,1023,6.314814814814815,0.555229716520039,FF,4-Seam Fastball,10.8,-12.9,2.1,16,18.2,7.6,-7.5,0.2,2,0.9256594724220624,0.4916067146282973,FF
2024,"Díaz, Alexis",664747,Reds,CIN,R,93.9,566,977,6.030864197530864,0.579324462640737,FF,4-Seam Fastball,17.8,-17.8,0.0,0,13.1,10.3,-10.5,-0.2,-2,0.5323741007194245,0.4436450839328537,FF
2024,"Estrada, Jeremiah",669093,Padres,SD,R,97.2,566,1003,6.191358024691358,0.5643070787637089,FF,4-Seam Fastball,9.6,-13.0,3.4,27,19.5,1.5,-7.5,-6.0,-81,0.9976019184652278,0.0383693045563549,FF
2024,"Povich, Cade",700249,Orioles,BAL,L,92.4,566,1389,8.574074074074074,0.4074874010079193,FF,4-Seam Fastball,15.4,-15.9,0.5,3,16.7,9.3,-7.2,2.2,30,0.6474820143884892,0.7529976019184652,FF
2024,"Lorenzen, Michael",547179,Royals,KC,R,93.8,565,2092,12.91358024691358,0.270076481835564,FF,4-Seam Fastball,15.5,-15.1,-0.4,-3,15.6,10.6,-7.9,2.6,33,0.4388489208633093,0.8105515587529976,FF
2024,"Stone, Gavin",694813,Dodgers,LAD,R,94.9,557,2153,13.290123456790123,0.2587087784486763,FF,4-Seam Fastball,14.0,-14.7,0.7,5,16.4,8.6,-7.7,0.9,12,0.6882494004796164,0.5899280575539568,FF
2024,"De Los Santos, Enyel",660853,White Sox,CWS,R,95.5,556,1127,6.95679012345679,0.4933451641526176,FF,4-Seam Fastball,17.1,-15.0,-2.1,-14,13.0,11.6,-8.5,3.1,36,0.1654676258992805,0.8657074340527577,FF
2024,"Weathers, Ryan",677960,Marlins,MIA,L,95.9,554,1413,8.722222222222221,0.3920736022646851,FF,4-Seam Fastball,14.9,-14.4,-0.5,-3,15.1,12.2,-8.3,3.9,47,0.4244604316546763,0.9088729016786572,FF
2024,"Littell, Zack",641793,Rays,TB,R,92.4,553,2486,15.34567901234568,0.2224456958970233,FF,4-Seam Fastball,15.2,-15.5,0.3,2,16.9,7.1,-6.8,0.3,5,0.5995203836930456,0.5059952038369304,FF
2024,"Avila, Pedro",658648,Guardians,CLE,R,93.4,553,1419,8.813664596273291,0.3897110641296687,FF,4-Seam Fastball,18.1,-15.5,-2.6,-17,13.1,2.9,-7.5,-4.7,-62,0.1270983213429256,0.0647482014388489,FF
2024,"Nardi, Andrew",677053,Marlins,MIA,L,94.0,551,906,5.592592592592593,0.608167770419426,FF,4-Seam Fastball,13.9,-14.9,1.1,7,17.3,8.3,-7.2,1.0,14,0.762589928057554,0.6019184652278178,FF
2024,"Schwellenbach, Spencer",680885,Braves,ATL,R,96.1,544,1887,11.648148148148149,0.2882882882882883,FF,4-Seam Fastball,16.1,-14.3,-1.8,-12,13.4,5.7,-8.1,-2.4,-29,0.2038369304556355,0.1606714628297362,FF
2024,"Berríos, José",621244,Blue Jays,TOR,R,94.1,543,2914,17.987654320987655,0.1863417982155113,FF,4-Seam Fastball,16.0,-15.3,-0.8,-5,15.0,9.6,-7.7,1.9,24,0.3645083932853717,0.7194244604316546,FF
2024,"Richards, Trevor",670950,Twins,MIN,R,92.3,537,1182,7.296296296296297,0.4543147208121827,FF,4-Seam Fastball,12.5,-15.4,2.9,19,19.7,7.1,-6.5,0.6,9,0.9784172661870504,0.539568345323741,FF
2024,"Tonkin, Michael",543859,Twins,MIN,R,93.2,535,1419,8.75925925925926,0.3770260747004933,FF,4-Seam Fastball,20.5,-16.9,-3.5,-21,11.3,13.7,-9.3,4.4,47,0.0695443645083932,0.9328537170263788,FF
2024,"Brown, Ben",676962,Cubs,CHC,R,96.4,532,849,5.2407407407407405,0.6266195524146054,FF,4-Seam Fastball,13.1,-12.9,-0.2,-1,16.4,8.8,-6.8,2.0,30,0.4772182254196642,0.7266187050359713,FF
2024,"Knack, Landon",689017,Dodgers,LAD,R,93.5,532,1149,7.092592592592593,0.4630113141862489,FF,4-Seam Fastball,12.2,-15.3,3.1,20,19.1,7.6,-7.9,-0.3,-4,0.9856115107913668,0.4244604316546763,FF
2024,"Barnes, Jacob",606930,Nationals,WSH,R,95.4,528,1117,6.895061728395062,0.4726947179946285,FF,4-Seam Fastball,13.3,-14.2,1.0,7,16.7,2.2,-7.4,-5.3,-71,0.7410071942446043,0.0431654676258992,FF
2024,"Strahm, Matt",621381,Phillies,PHI,L,93.4,524,981,6.055555555555555,0.5341488277268094,FF,4-Seam Fastball,15.5,-16.3,0.9,5,16.1,14.4,-8.7,5.7,66,0.7170263788968825,0.9832134292565948,FF
2024,"Nicolas, Kyle",693312,Pirates,PIT,R,97.4,523,950,5.864197530864198,0.5505263157894736,FF,4-Seam Fastball,11.9,-12.5,0.7,5,17.0,9.2,-7.2,2.1,29,0.6882494004796164,0.7410071942446043,FF
2024,"Rea, Colin",607067,Brewers,MIL,R,93.0,516,2650,16.358024691358025,0.1947169811320754,FF,4-Seam Fastball,17.8,-16.0,-1.8,-11,13.8,6.5,-7.7,-1.2,-15,0.2038369304556355,0.3117505995203837,FF
2024,"Lodolo, Nick",666157,Reds,CIN,L,94.2,516,1863,11.5,0.2769726247987117,FF,4-Seam Fastball,20.6,-15.5,-5.1,-33,10.5,16.8,-8.1,8.7,106,0.0191846522781774,0.9976019184652278,FF
2024,"Miller, Shelby",571946,Tigers,DET,R,93.5,515,850,5.246913580246914,0.6058823529411764,FF,4-Seam Fastball,13.3,-16.1,2.8,17,18.0,9.0,-8.4,0.6,8,0.9760191846522782,0.539568345323741,FF
2024,"Puk, A.J.",640462,D-backs,AZ,L,95.6,507,1173,7.24074074074074,0.4322250639386189,FF,4-Seam Fastball,15.8,-14.4,-1.5,-10,14.3,10.7,-7.8,2.9,37,0.2422062350119904,0.8393285371702638,FF
2024,"Molina, Anthony",683627,Rockies,COL,R,94.8,506,1048,6.469135802469136,0.482824427480916,FF,4-Seam Fastball,15.0,-14.1,-1.0,-7,15.3,7.3,-7.0,0.4,5,0.3213429256594724,0.5179856115107914,FF
2024,"Green, Chad",643338,Blue Jays,TOR,R,95.5,503,840,5.185185185185185,0.5988095238095238,FF,4-Seam Fastball,12.2,-13.8,1.5,11,18.0,7.9,-7.1,0.8,11,0.8465227817745803,0.580335731414868,FF
2024,"Jiménez, Joe",641729,Braves,ATL,R,94.5,503,1089,6.722222222222222,0.4618916437098255,FF,4-Seam Fastball,13.5,-14.5,1.0,7,17.2,9.0,-7.3,1.8,25,0.7410071942446043,0.7074340527577938,FF
2024,"Hudson, Daniel",543339,Dodgers,LAD,R,95.1,502,999,6.166666666666667,0.5025025025025025,FF,4-Seam Fastball,14.8,-15.1,0.3,2,15.4,7.6,-8.4,-0.7,-9,0.5995203836930456,0.3836930455635491,FF
2024,"Estévez, Carlos",608032,Phillies,PHI,R,96.8,502,821,5.067901234567901,0.6114494518879415,FF,4-Seam Fastball,12.3,-13.3,1.1,8,17.1,7.9,-7.6,0.3,4,0.762589928057554,0.5059952038369304,FF
2024,"Garcia, Robert",676395,Nationals,WSH,L,94.5,499,946,5.839506172839506,0.5274841437632135,FF,4-Seam Fastball,17.1,-15.1,-2.0,-13,13.6,10.6,-7.7,2.9,37,0.1798561151079136,0.8393285371702638,FF
2024,"Peterson, David",656849,Mets,NYM,L,93.1,491,1871,11.549382716049385,0.2624265098877605,FF,4-Seam Fastball,18.0,-14.9,-3.1,-21,13.5,6.5,-6.5,0.0,0,0.0935251798561151,0.4724220623501199,FF
2024,"Neris, Héctor",593576,Astros,HOU,R,92.9,487,1008,6.260869565217392,0.4831349206349206,FF,4-Seam Fastball,15.0,-15.4,0.3,2,16.8,9.7,-7.1,2.5,36,0.5995203836930456,0.8009592326139089,FF
2024,"Fernandez, Ryan",681676,Cardinals,STL,R,95.5,487,1190,7.345679012345679,0.4092436974789916,FF,4-Seam Fastball,13.5,-14.3,0.8,6,16.6,6.9,-7.6,-0.7,-9,0.697841726618705,0.3836930455635491,FF
2024,"Pearson, Nate",663878,Cubs,CHC,R,97.7,486,1059,6.537037037037037,0.4589235127478753,FF,4-Seam Fastball,12.3,-13.4,1.2,9,16.5,7.3,-8.3,-1.0,-12,0.7961630695443646,0.3381294964028777,FF
2024,"Hudson, Bryan",663542,Brewers,MIL,L,91.3,484,927,5.722222222222222,0.5221143473570659,FF,4-Seam Fastball,20.5,-18.4,-2.1,-11,12.3,7.1,-8.6,-1.5,-17,0.1654676258992805,0.2661870503597122,FF
2024,"Shuster, Jared",694363,White Sox,CWS,L,92.5,483,1290,7.962962962962963,0.3744186046511628,FF,4-Seam Fastball,17.2,-16.3,-0.9,-5,14.7,10.4,-7.8,2.6,33,0.342925659472422,0.8105515587529976,FF
2024,"Martinez, Nick",607259,Reds,CIN,R,92.6,481,2125,13.117283950617283,0.2263529411764706,FF,4-Seam Fastball,14.0,-15.1,1.1,7,17.9,4.7,-7.1,-2.4,-34,0.762589928057554,0.1606714628297362,FF
2024,"Cabrera, Edward",665795,Marlins,MIA,R,96.2,480,1734,10.703703703703704,0.2768166089965398,FF,4-Seam Fastball,14.1,-13.3,-0.8,-6,15.5,9.1,-7.1,2.0,28,0.3645083932853717,0.7266187050359713,FF
2024,"Brebbia, John",605154,Braves,ATL,R,93.8,479,994,6.135802469135802,0.4818913480885312,FF,4-Seam Fastball,13.6,-15.1,1.5,10,17.6,9.6,-7.3,2.4,33,0.8465227817745803,0.7889688249400479,FF
2024,"Megill, Trevor",656730,Brewers,MIL,R,98.8,476,668,4.1234567901234565,0.7125748502994012,FF,4-Seam Fastball,10.2,-11.3,1.2,11,17.9,5.6,-6.8,-1.2,-18,0.7961630695443646,0.3117505995203837,FF
2024,"Díaz, Edwin",621242,Mets,NYM,R,97.5,475,912,5.62962962962963,0.5208333333333334,FF,4-Seam Fastball,15.7,-15.5,-0.3,-2,13.2,13.6,-10.9,2.6,24,0.4508393285371702,0.8105515587529976,FF
2024,"Vásquez, Randy",681190,Padres,SD,R,94.3,474,1687,10.41358024691358,0.2809721398933017,FF,4-Seam Fastball,14.8,-14.7,-0.1,-1,15.9,7.4,-7.4,0.0,0,0.5059952038369304,0.4724220623501199,FF
2024,"Soroka, Michael",647336,White Sox,CWS,R,93.5,467,1442,8.901234567901234,0.3238557558945908,FF,4-Seam Fastball,15.1,-15.1,0.0,0,16.3,8.4,-7.4,1.0,13,0.5323741007194245,0.6019184652278178,FF
2024,"Spiers, Carson",686730,Reds,CIN,R,92.4,463,1554,9.592592592592592,0.2979407979407979,FF,4-Seam Fastball,16.2,-16.6,0.4,2,15.8,6.4,-8.0,-1.6,-20,0.6282973621103117,0.2470023980815347,FF
2024,"Suarez, Ranger",624133,Phillies,PHI,L,91.9,461,2354,14.530864197530864,0.1958368734069668,FF,4-Seam Fastball,20.0,-16.2,-3.8,-23,12.3,5.3,-7.1,-1.8,-25,0.0551558752997601,0.2230215827338129,FF
2024,"Waldron, Matt",663362,Padres,SD,R,90.7,458,2450,15.123456790123456,0.186938775510204,FF,4-Seam Fastball,19.0,-17.7,-1.3,-8,14.3,9.1,-7.8,1.3,17,0.2757793764988009,0.6498800959232613,FF
2024,"Brieske, Beau",689225,Tigers,DET,R,95.9,457,1152,7.111111111111111,0.3967013888888889,FF,4-Seam Fastball,11.7,-13.9,2.2,16,18.1,5.8,-7.6,-1.8,-24,0.9376498800959232,0.2230215827338129,FF
2024,"Weems, Jordan",607179,Nationals,WSH,R,96.0,451,733,4.524691358024692,0.6152796725784447,FF,4-Seam Fastball,13.0,-13.6,0.6,5,16.8,8.6,-7.3,1.3,18,0.6762589928057554,0.6498800959232613,FF
2024,"Smith, Burch",572143,Orioles,BAL,R,94.9,448,896,5.530864197530864,0.5,FF,4-Seam Fastball,13.3,-14.6,1.3,9,17.2,4.3,-7.5,-3.1,-42,0.8177458033573142,0.1247002398081534,FF
2024,"Wentz, Joey",666214,Pirates,PIT,L,93.7,447,1224,7.555555555555555,0.3651960784313725,FF,4-Seam Fastball,13.9,-14.4,0.4,3,17.4,7.9,-6.5,1.4,22,0.6282973621103117,0.6690647482014388,FF
2024,"Olson, Reese",681857,Tigers,DET,R,94.2,442,1853,11.438271604938272,0.2385321100917431,FF,4-Seam Fastball,16.6,-14.7,-1.9,-13,14.3,10.3,-7.6,2.7,35,0.1966426858513189,0.8201438848920863,FF
2024,"Miller, Tyson",668338,Cubs,CHC,R,89.6,442,934,5.765432098765432,0.4732334047109208,FF,4-Seam Fastball,23.8,-22.3,-1.5,-7,10.2,2.0,-8.3,-6.2,-76,0.2422062350119904,0.0311750599520383,FF
2024,"Festa, David",701581,Twins,MIN,R,94.7,442,1099,6.783950617283951,0.4021838034576888,FF,4-Seam Fastball,12.5,-13.9,1.4,10,18.0,1.5,-6.6,-5.1,-77,0.8321342925659473,0.052757793764988,FF
2024,"Maeda, Kenta",628317,Tigers,DET,R,90.8,441,1958,12.08641975308642,0.2252298263534218,FF,4-Seam Fastball,17.7,-17.0,-0.7,-4,15.5,7.3,-7.3,0.0,0,0.3908872901678657,0.4724220623501199,FF
2024,"Suter, Brent",608718,Reds,CIN,L,85.8,440,1022,6.308641975308642,0.4305283757338551,FF,4-Seam Fastball,24.1,-22.7,-1.4,-6,12.9,4.3,2.1,-2.2,107,0.2637889688249401,0.1894484412470023,FF
2024,"Domínguez, Seranthony",622554,Orioles,BAL,R,97.7,434,1064,6.567901234567901,0.4078947368421052,FF,4-Seam Fastball,14.0,-13.7,-0.3,-2,14.6,4.6,-8.5,-3.9,-46,0.4508393285371702,0.0863309352517985,FF
2024,"Baumann, Mike",657508,Marlins,MIA,R,96.5,433,1066,6.580246913580247,0.4061913696060037,FF,4-Seam Fastball,11.5,-13.1,1.6,12,18.0,8.2,-7.1,1.1,15,0.8705035971223022,0.6258992805755396,FF
2024,"Quantrill, Cal",615698,Rockies,COL,R,94.1,431,2643,16.314814814814813,0.1630722663639803,FF,4-Seam Fastball,16.0,-14.3,-1.7,-12,14.7,8.9,-6.6,2.3,35,0.2158273381294964,0.7745803357314148,FF
2024,"Matsui, Yuki",673513,Padres,SD,L,92.2,430,1049,6.4753086419753085,0.4099142040038132,FF,4-Seam Fastball,12.6,-15.6,3.1,20,19.8,4.2,-7.1,-2.9,-40,0.9856115107913668,0.1366906474820144,FF
2024,"Carrasco, Carlos",471911,Guardians,CLE,R,91.7,428,1693,10.51552795031056,0.2528056704075605,FF,4-Seam Fastball,21.7,-16.2,-5.5,-34,10.7,3.3,-6.8,-3.5,-52,0.014388489208633,0.1103117505995203,FF
2024,"Rodríguez, Randy",678495,Giants,SF,R,97.6,427,879,5.425925925925926,0.4857792946530148,FF,4-Seam Fastball,12.1,-13.6,1.4,11,16.6,7.2,-8.4,-1.2,-14,0.8321342925659473,0.3117505995203837,FF
2024,"Moore, Matt",519043,Angels,LAA,L,92.7,427,854,5.271604938271605,0.5,FF,4-Seam Fastball,14.5,-15.1,0.6,4,17.4,10.2,-6.7,3.5,53,0.6762589928057554,0.8968824940047961,FF
2024,"Helsley, Ryan",664854,Cardinals,STL,R,99.6,423,931,5.746913580246914,0.4543501611170784,FF,4-Seam Fastball,10.1,-11.9,1.8,15,17.5,3.4,-8.2,-4.8,-58,0.8992805755395683,0.0623501199040767,FF
2024,"Bido, Osvaldo",674370,Athletics,ATH,R,94.8,422,1055,6.512345679012346,0.4,FF,4-Seam Fastball,14.5,-14.6,0.2,1,16.1,10.5,-7.6,2.9,38,0.5755395683453237,0.8393285371702638,FF
2024,"Leclerc, José",600917,Rangers,TEX,R,95.3,419,1204,7.432098765432099,0.3480066445182724,FF,4-Seam Fastball,12.8,-14.5,1.7,12,17.3,2.5,-8.3,-5.8,-70,0.8776978417266187,0.0407673860911271,FF
2024,"Stripling, Ross",548389,Athletics,ATH,R,91.7,417,1358,8.382716049382717,0.3070692194403535,FF,4-Seam Fastball,14.6,-14.9,0.3,2,18.1,4.9,-5.8,-0.9,-16,0.5995203836930456,0.3525179856115107,FF
2024,"Scott, Christian",681035,Mets,NYM,R,94.2,416,787,4.8580246913580245,0.5285895806861499,FF,4-Seam Fastball,15.6,-15.9,0.3,2,15.4,9.6,-8.8,0.8,9,0.5995203836930456,0.580335731414868,FF
2024,"Webb, Jacob",657097,Orioles,BAL,R,93.5,413,933,5.75925925925926,0.442658092175777,FF,4-Seam Fastball,15.0,-15.8,0.8,5,16.5,9.6,-8.0,1.6,20,0.697841726618705,0.6810551558752997,FF
2024,"Gaddis, Hunter",683769,Guardians,CLE,R,95.4,412,1075,6.6770186335403725,0.3832558139534883,FF,4-Seam Fastball,13.7,-13.6,-0.1,-1,16.4,6.9,-6.7,0.2,3,0.5059952038369304,0.4916067146282973,FF
2024,"Bellozo, Valente",678368,Marlins,MIA,R,89.2,411,1094,6.753086419753086,0.3756855575868373,FF,4-Seam Fastball,18.5,-17.4,-1.1,-6,15.9,4.2,-5.9,-1.6,-28,0.302158273381295,0.2470023980815347,FF
2024,"Adam, Jason",592094,Padres,SD,R,95.5,411,1109,6.845679012345679,0.3706041478809738,FF,4-Seam Fastball,11.6,-13.6,2.0,14,18.5,7.5,-6.9,0.6,8,0.9184652278177458,0.539568345323741,FF
2024,"Assad, Javier",665871,Cubs,CHC,R,91.5,410,2538,15.666666666666666,0.1615445232466509,FF,4-Seam Fastball,16.2,-16.3,0.1,1,16.5,5.8,-6.7,-0.9,-14,0.5539568345323741,0.3525179856115107,FF
2024,"Alcala, Jorge",660896,Twins,MIN,R,98.1,408,931,5.746913580246914,0.4382384532760472,FF,4-Seam Fastball,11.1,-12.0,0.9,8,17.5,9.8,-7.6,2.2,29,0.7170263788968825,0.7529976019184652,FF
2024,"Ferguson, Caleb",657571,Astros,HOU,L,93.8,407,940,5.838509316770186,0.4329787234042553,FF,4-Seam Fastball,15.8,-15.4,-0.4,-3,15.4,8.6,-7.6,0.9,12,0.4388489208633093,0.5899280575539568,FF
2024,"Wilson, Justin",458677,Reds,CIN,L,95.5,405,816,5.037037037037037,0.4963235294117647,FF,4-Seam Fastball,12.4,-13.6,1.2,9,17.6,6.6,-7.2,-0.6,-8,0.7961630695443646,0.3908872901678657,FF
2024,"Irvin, Cole",608344,Twins,MIN,L,91.8,405,1767,10.907407407407408,0.2292020373514431,FF,4-Seam Fastball,17.1,-15.8,-1.3,-8,15.5,11.8,-6.5,5.3,82,0.2757793764988009,0.9664268585131894,FF
2024,"Latz, Jacob",656641,Rangers,TEX,L,94.9,402,813,5.018518518518518,0.4944649446494465,FF,4-Seam Fastball,12.0,-14.2,2.2,16,18.5,5.7,-7.2,-1.5,-20,0.9376498800959232,0.2661870503597122,FF
2024,"Muñoz, Roddery",682610,Marlins,MIA,R,95.4,401,1485,9.166666666666666,0.27003367003367,FF,4-Seam Fastball,15.2,-14.8,-0.4,-3,15.0,10.2,-8.3,2.0,24,0.4388489208633093,0.7266187050359713,FF
2024,"Contreras, Roansy",672710,Angels,LAA,R,94.7,400,1074,6.62962962962963,0.37243947858473,FF,4-Seam Fastball,13.2,-14.5,1.3,9,17.4,5.1,-7.3,-2.2,-30,0.8177458033573142,0.1894484412470023,FF
2024,"Lambert, Peter",663567,Rockies,COL,R,94.5,399,1039,6.41358024691358,0.3840230991337824,FF,4-Seam Fastball,14.4,-14.3,-0.1,-1,16.1,6.9,-7.0,-0.2,-2,0.5059952038369304,0.4436450839328537,FF
2024,"Suarez, José",660761,Angels,LAA,L,93.0,395,987,6.092592592592593,0.4002026342451874,FF,4-Seam Fastball,14.1,-15.8,1.7,11,17.7,7.7,-8.0,-0.3,-3,0.8776978417266187,0.4244604316546763,FF
2024,"Kinley, Tyler",641755,Rockies,COL,R,95.8,393,1185,7.314814814814815,0.3316455696202531,FF,4-Seam Fastball,14.7,-13.7,-0.9,-7,14.9,4.6,-7.6,-3.0,-40,0.342925659472422,0.1270983213429256,FF
2024,"Hodge, Porter",687863,Cubs,CHC,R,95.5,393,642,3.962962962962963,0.6121495327102804,FF,4-Seam Fastball,15.5,-14.0,-1.5,-11,14.4,0.5,-7.3,-7.7,-106,0.2422062350119904,0.0071942446043165,FF
2024,"Muller, Kyle",666205,Athletics,ATH,L,92.6,387,725,4.4753086419753085,0.5337931034482759,FF,4-Seam Fastball,16.1,-14.7,-1.4,-10,15.9,1.6,-6.0,-4.4,-74,0.2637889688249401,0.0719424460431654,FF
2024,"Miller, Bobby",676272,Dodgers,LAD,R,97.6,387,1053,6.5,0.3675213675213675,FF,4-Seam Fastball,12.1,-12.6,0.5,4,16.6,7.6,-7.5,0.2,2,0.6474820143884892,0.4916067146282973,FF
2024,"Wesneski, Hayden",669713,Cubs,CHC,R,94.6,387,1075,6.635802469135802,0.36,FF,4-Seam Fastball,18.0,-14.3,-3.6,-25,12.5,4.7,-7.0,-2.2,-32,0.0647482014388489,0.1894484412470023,FF
2024,"Luzardo, Jesús",666200,Marlins,MIA,L,95.2,386,1083,6.685185185185185,0.3564173591874423,FF,4-Seam Fastball,15.0,-14.3,-0.7,-5,15.5,12.8,-8.0,4.8,60,0.3908872901678657,0.947242206235012,FF
2024,"Buehler, Walker",621111,Dodgers,LAD,R,95.0,386,1336,8.246913580246913,0.2889221556886227,FF,4-Seam Fastball,13.6,-14.8,1.2,8,16.7,4.3,-7.8,-3.6,-46,0.7961630695443646,0.105515587529976,FF
2024,"Thielbar, Caleb",573204,Twins,MIN,L,93.2,385,887,5.4753086419753085,0.4340473506200676,FF,4-Seam Fastball,13.1,-15.2,2.1,14,18.3,3.5,-7.1,-3.6,-51,0.9256594724220624,0.105515587529976,FF
2024,"Buttó, José",676130,Mets,NYM,R,94.2,384,1222,7.54320987654321,0.3142389525368249,FF,4-Seam Fastball,15.6,-15.8,0.2,2,15.3,5.0,-8.7,-3.7,-42,0.5755395683453237,0.1007194244604316,FF
2024,"Wicks, Jordan",696136,Cubs,CHC,L,92.5,384,852,5.25925925925926,0.4507042253521127,FF,4-Seam Fastball,14.3,-15.7,1.4,9,17.6,4.2,-7.0,-2.8,-40,0.8321342925659473,0.1414868105515587,FF
2024,"Varland, Louis",686973,Twins,MIN,R,96.3,383,901,5.561728395061729,0.4250832408435072,FF,4-Seam Fastball,13.6,-14.0,0.4,3,15.9,6.9,-7.9,-1.1,-14,0.6282973621103117,0.3309352517985611,FF
2024,"Meyer, Max",676974,Marlins,MIA,R,94.1,383,968,5.9753086419753085,0.3956611570247934,FF,4-Seam Fastball,15.8,-15.0,-0.8,-5,15.1,4.1,-7.4,-3.2,-44,0.3645083932853717,0.1175059952038369,FF
2024,"Williams, Trevor",592866,Nationals,WSH,R,88.9,383,1064,6.567901234567901,0.3599624060150376,FF,4-Seam Fastball,23.5,-21.0,-2.5,-12,10.9,4.7,-9.3,-4.6,-49,0.1342925659472422,0.0671462829736211,FF
2024,"Holmes, Grant",656550,Braves,ATL,R,94.6,382,1024,6.320987654320987,0.373046875,FF,4-Seam Fastball,15.7,-14.6,-1.1,-7,14.8,6.5,-7.7,-1.2,-15,0.302158273381295,0.3117505995203837,FF
2024,"Liberatore, Matthew",669461,Cardinals,STL,L,94.7,380,1357,8.376543209876543,0.2800294767870302,FF,4-Seam Fastball,14.1,-13.8,-0.3,-2,16.3,7.0,-6.7,0.3,4,0.4508393285371702,0.5059952038369304,FF
2024,"Alexander, Tyler",641302,Rays,TB,L,89.6,379,1668,10.296296296296296,0.2272182254196642,FF,4-Seam Fastball,16.7,-17.8,1.1,6,17.5,9.0,-7.0,2.0,29,0.762589928057554,0.7266187050359713,FF
2024,"Chapman, Aroldis",547973,Pirates,PIT,L,97.8,377,1128,6.962962962962963,0.3342198581560284,FF,4-Seam Fastball,11.3,-12.4,1.1,9,17.3,4.0,-7.2,-3.2,-45,0.762589928057554,0.1175059952038369,FF
2024,"Sewald, Paul",623149,D-backs,AZ,R,91.4,376,629,3.882716049382716,0.5977742448330684,FF,4-Seam Fastball,19.3,-20.5,1.2,6,13.5,10.6,-11.9,-1.3,-11,0.7961630695443646,0.302158273381295,FF
2024,"Stratton, Chris",608717,Royals,KC,R,91.8,376,994,6.135802469135802,0.3782696177062374,FF,4-Seam Fastball,17.3,-16.3,-1.0,-6,15.0,6.6,-7.0,-0.4,-6,0.3213429256594724,0.4148681055155875,FF
2024,"Poche, Colin",621363,Rays,TB,L,91.2,370,543,3.351851851851852,0.6813996316758748,FF,4-Seam Fastball,14.1,-15.6,1.5,9,18.9,2.2,-5.7,-7.9,-138,0.8465227817745803,0.0047961630695443,FF
2024,"Rodriguez, Eduardo",593958,D-backs,AZ,L,92.0,369,866,5.345679012345679,0.4260969976905311,FF,4-Seam Fastball,17.7,-16.1,-1.6,-10,14.4,5.9,-7.1,-1.1,-16,0.2326139088729016,0.3309352517985611,FF
2024,"Armstrong, Shawn",542888,Cubs,CHC,R,93.3,368,1109,6.845679012345679,0.3318304779080252,FF,4-Seam Fastball,15.4,-15.5,0.1,1,16.1,6.6,-7.3,-0.6,-8,0.5539568345323741,0.3908872901678657,FF
2024,"Cruz, Fernando",518585,Reds,CIN,R,94.7,368,1138,7.024691358024692,0.3233743409490334,FF,4-Seam Fastball,13.6,-14.3,0.7,5,17.0,6.7,-7.0,-0.3,-4,0.6882494004796164,0.4244604316546763,FF
2024,"Gibson, Kyle",502043,Cardinals,STL,R,91.4,367,2764,17.061728395061728,0.1327785817655571,FF,4-Seam Fastball,16.7,-15.7,-1.1,-7,16.0,4.5,-5.9,-1.4,-24,0.302158273381295,0.2829736211031175,FF
2024,"Dubin, Shawn",681869,Astros,HOU,R,95.0,367,840,5.217391304347826,0.4369047619047619,FF,4-Seam Fastball,14.3,-14.5,0.2,1,16.2,9.7,-7.4,2.2,30,0.5755395683453237,0.7529976019184652,FF
2024,"Strickland, Hunter",519326,Angels,LAA,R,94.2,367,1157,7.141975308641976,0.317199654278306,FF,4-Seam Fastball,16.0,-14.9,-1.1,-7,15.0,8.1,-7.7,0.4,5,0.302158273381295,0.5179856115107914,FF
2024,"Fairbanks, Pete",664126,Rays,TB,R,97.3,364,696,4.296296296296297,0.5229885057471264,FF,4-Seam Fastball,10.8,-11.9,1.0,9,18.2,2.7,-6.8,-4.1,-61,0.7410071942446043,0.0815347721822542,FF
2024,"Musgrove, Joe",605397,Padres,SD,R,93.0,364,1582,9.765432098765432,0.2300884955752212,FF,4-Seam Fastball,18.7,-15.0,-3.7,-25,12.9,3.6,-6.8,-3.2,-47,0.0599520383693045,0.1175059952038369,FF
2024,"Hoffman, Jeff",656546,Phillies,PHI,R,96.7,363,1001,6.179012345679013,0.3626373626373626,FF,4-Seam Fastball,11.9,-13.2,1.3,10,17.6,12.2,-7.4,4.9,66,0.8177458033573142,0.9496402877697842,FF
2024,"Banks, Tanner",621383,Phillies,PHI,L,93.6,363,1174,7.246913580246914,0.3091993185689949,FF,4-Seam Fastball,15.6,-14.7,-0.9,-6,15.7,2.6,-7.0,-4.4,-62,0.342925659472422,0.0719424460431654,FF
2024,"Freeland, Kyle",607536,Rockies,COL,L,91.6,360,1769,10.919753086419751,0.2035048049745619,FF,4-Seam Fastball,18.2,-16.4,-1.8,-11,14.3,7.6,-6.8,0.8,12,0.2038369304556355,0.580335731414868,FF
2024,"Duran, Jhoan",661395,Twins,MIN,R,100.5,359,881,5.438271604938271,0.4074914869466515,FF,4-Seam Fastball,14.9,-12.0,-2.8,-24,12.2,12.3,-8.9,3.4,38,0.1079136690647482,0.8872901678657075,FF
2024,"Quijada, José",650671,Angels,LAA,L,93.9,357,379,2.3395061728395063,0.941952506596306,FF,4-Seam Fastball,14.8,-15.8,1.0,6,16.4,5.2,-8.2,-2.9,-36,,,FF
2024,"Faedo, Alex",656412,Tigers,DET,R,94.0,354,1007,6.216049382716049,0.3515392254220457,FF,4-Seam Fastball,14.5,-14.8,0.3,2,16.6,7.9,-7.3,0.6,8,0.5995203836930456,0.539568345323741,FF
2024,"Hall, DL",669084,Brewers,MIL,L,93.3,351,782,4.827160493827161,0.448849104859335,FF,4-Seam Fastball,17.1,-15.9,-1.2,-8,14.3,6.5,-7.9,-1.4,-18,0.2805755395683453,0.2829736211031175,FF
2024,"Wrobleski, Justin",680736,Dodgers,LAD,L,95.1,350,592,3.654320987654321,0.5912162162162162,FF,4-Seam Fastball,13.9,-15.2,1.3,9,16.4,7.9,-8.9,-1.0,-11,0.8177458033573142,0.3381294964028777,FF
2024,"Jarvis, Bryce",686826,D-backs,AZ,R,95.7,348,1006,6.209876543209877,0.345924453280318,FF,4-Seam Fastball,15.7,-14.4,-1.2,-9,14.3,8.8,-8.1,0.7,8,0.2805755395683453,0.5635491606714629,FF
2024,"Cantillo, Joey",676282,Guardians,CLE,L,92.2,347,711,4.416149068322981,0.4880450070323488,FF,4-Seam Fastball,15.0,-15.4,0.5,3,17.1,4.7,-6.0,-1.3,-21,0.6474820143884892,0.302158273381295,FF
2024,"Mlodzinski, Carmen",669387,Pirates,PIT,R,96.2,345,866,5.345679012345679,0.3983833718244803,FF,4-Seam Fastball,16.1,-15.0,-1.2,-8,13.4,9.7,-8.8,0.9,10,0.2805755395683453,0.5899280575539568,FF
2024,"Leiter, Jack",683004,Rangers,TEX,R,96.4,344,669,4.12962962962963,0.5142002989536621,FF,4-Seam Fastball,11.7,-13.9,2.1,15,18.0,7.5,-7.8,-0.3,-4,0.9256594724220624,0.4244604316546763,FF
2024,"Pagán, Emilio",641941,Reds,CIN,R,94.6,343,593,3.6604938271604937,0.5784148397976391,FF,4-Seam Fastball,12.4,-14.9,2.5,17,18.3,7.0,-7.5,-0.6,-8,0.9616306954436452,0.3908872901678657,FF
2024,"Hancock, Emerson",676106,Mariners,SEA,R,93.4,341,1014,6.25925925925926,0.3362919132149901,FF,4-Seam Fastball,17.7,-15.7,-2.1,-13,13.7,13.0,-7.7,5.3,70,0.1654676258992805,0.9664268585131894,FF
2024,"Leasure, Jordan",673929,White Sox,CWS,R,96.1,335,560,3.45679012345679,0.5982142857142857,FF,4-Seam Fastball,11.9,-13.6,1.7,12,17.8,5.1,-7.3,-2.2,-30,0.8776978417266187,0.1894484412470023,FF
2024,"Phillips, Evan",623465,Dodgers,LAD,R,96.2,335,917,5.660493827160494,0.3653217011995638,FF,4-Seam Fastball,14.3,-14.8,0.5,3,15.3,9.7,-8.6,1.0,12,0.6474820143884892,0.6019184652278178,FF
2024,"Fulmer, Carson",608334,Angels,LAA,R,93.1,334,1472,9.08641975308642,0.2269021739130435,FF,4-Seam Fastball,15.3,-15.7,0.4,3,16.3,7.9,-7.6,0.3,4,0.6282973621103117,0.5059952038369304,FF
2024,"Sands, Cole",663485,Twins,MIN,R,95.7,334,1154,7.1234567901234565,0.2894280762564991,FF,4-Seam Fastball,16.2,-14.6,-1.6,-11,13.8,11.5,-8.5,3.1,36,0.2326139088729016,0.8657074340527577,FF
2024,"Nastrini, Nick",680897,White Sox,CWS,R,93.7,333,734,4.530864197530864,0.4536784741144414,FF,4-Seam Fastball,12.5,-15.0,2.5,17,18.7,4.2,-7.1,-3.0,-42,0.9616306954436452,0.1270983213429256,FF
2024,"Swanson, Erik",657024,Blue Jays,TOR,R,93.9,332,666,4.111111111111111,0.4984984984984985,FF,4-Seam Fastball,13.5,-14.5,1.0,7,17.7,9.9,-6.6,3.2,49,0.7410071942446043,0.8776978417266187,FF
2024,"Montgomery, Jordan",656756,D-backs,AZ,L,92.1,332,1929,11.907407407407408,0.1721099015033696,FF,4-Seam Fastball,17.1,-15.0,-2.0,-14,15.1,5.3,-5.8,-0.5,-9,0.1798561151079136,0.4028776978417266,FF
2024,"Faucher, Calvin",676534,Marlins,MIA,R,96.0,328,987,6.092592592592593,0.3323201621073962,FF,4-Seam Fastball,13.3,-14.2,0.9,6,16.5,7.3,-8.2,-0.9,-11,0.7170263788968825,0.3525179856115107,FF
2024,"Singer, Brady",663903,Royals,KC,R,91.7,327,2966,18.30864197530864,0.1102494942683749,FF,4-Seam Fastball,18.8,-17.5,-1.2,-7,13.6,5.8,-8.4,-2.6,-31,0.2805755395683453,0.1510791366906475,FF
2024,"Jax, Griffin",643377,Twins,MIN,R,97.1,325,1068,6.592592592592593,0.3043071161048689,FF,4-Seam Fastball,12.7,-13.8,1.1,8,16.2,6.0,-8.2,-2.3,-28,0.762589928057554,0.1798561151079136,FF
2024,"Turnbull, Spencer",605513,Phillies,PHI,R,92.0,321,916,5.654320987654321,0.3504366812227074,FF,4-Seam Fastball,22.6,-16.2,-6.4,-39,9.6,0.4,-7.2,-6.8,-94,0.0095923261390887,0.0215827338129496,FF
2024,"Pressly, Ryan",519151,Astros,HOU,R,93.8,320,969,6.018633540372671,0.3302373581011352,FF,4-Seam Fastball,14.6,-15.0,0.3,2,16.4,0.3,-7.3,-7.0,-96,0.5995203836930456,0.0167865707434052,FF
2024,"Kerkering, Orion",689147,Phillies,PHI,R,97.6,317,1087,6.709876543209877,0.2916283348666053,FF,4-Seam Fastball,13.2,-13.1,-0.1,0,15.6,10.8,-7.9,3.0,38,0.5059952038369304,0.8561151079136691,FF
2024,"Curry, Xzavion",675540,Marlins,MIA,R,92.1,316,639,3.9444444444444446,0.4945226917057903,FF,4-Seam Fastball,14.1,-15.8,1.7,11,18.2,3.9,-6.9,-3.0,-43,0.8776978417266187,0.1270983213429256,FF
2024,"Ferguson, Tyler",621053,Athletics,ATH,R,95.9,316,819,5.055555555555555,0.3858363858363858,FF,4-Seam Fastball,15.8,-14.1,-1.7,-12,14.1,10.0,-7.9,2.1,26,0.2158273381294964,0.7410071942446043,FF
2024,"Little, Luke",681432,Cubs,CHC,L,95.8,316,438,2.703703703703704,0.7214611872146118,FF,4-Seam Fastball,20.6,-14.2,-6.5,-45,9.1,9.1,-7.9,1.2,16,,,FF
2024,"Anderson, Justin",605121,White Sox,CWS,R,96.0,313,945,5.833333333333333,0.3312169312169312,FF,4-Seam Fastball,14.1,-14.0,-0.1,-1,15.6,8.9,-7.7,1.3,17,0.5059952038369304,0.6498800959232613,FF
2024,"Montero, Rafael",606160,Astros,HOU,R,95.4,310,683,4.24223602484472,0.4538799414348463,FF,4-Seam Fastball,14.5,-16.0,1.5,10,15.8,11.0,-9.5,1.5,16,0.8465227817745803,0.6762589928057554,FF
2024,"Leahy, Kyle",681517,Cardinals,STL,R,95.5,308,695,4.290123456790123,0.4431654676258992,FF,4-Seam Fastball,13.8,-13.9,0.1,0,16.2,4.6,-7.1,-2.5,-35,0.5539568345323741,0.1558752997601918,FF
2024,"Muñoz, Andrés",662253,Mariners,SEA,R,98.4,307,951,5.87037037037037,0.3228180862250263,FF,4-Seam Fastball,14.8,-13.7,-1.1,-8,13.4,11.7,-8.8,2.9,33,0.302158273381295,0.8393285371702638,FF
2024,"Matthews, Zebby",805673,Twins,MIN,R,94.9,307,717,4.425925925925926,0.4281729428172943,FF,4-Seam Fastball,13.5,-14.3,0.8,6,16.9,9.5,-7.3,2.2,30,0.697841726618705,0.7529976019184652,FF
2024,"Santillan, Tony",663574,Reds,CIN,R,97.2,304,504,3.111111111111111,0.6031746031746031,FF,4-Seam Fastball,15.1,-14.3,-0.8,-5,13.9,10.0,-8.8,1.2,13,0.3645083932853717,0.6354916067146283,FF
2024,"Hernández, Carlos",672578,Royals,KC,R,97.9,303,560,3.45679012345679,0.5410714285714285,FF,4-Seam Fastball,11.7,-12.5,0.9,7,17.0,8.2,-7.6,0.6,8,0.7170263788968825,0.539568345323741,FF
2024,"Honeywell, Brent",641703,Dodgers,LAD,R,94.8,302,595,3.67283950617284,0.507563025210084,FF,4-Seam Fastball,14.3,-14.3,-0.1,0,16.1,5.6,-7.3,-1.7,-23,0.5059952038369304,0.2326139088729016,FF
2024,"Gordon, Tanner",685299,Rockies,COL,R,92.1,302,607,3.746913580246914,0.4975288303130148,FF,4-Seam Fastball,17.1,-15.6,-1.5,-10,15.1,11.9,-6.6,5.3,81,0.2422062350119904,0.9664268585131894,FF
2024,"Ray, Robbie",592662,Giants,SF,L,94.1,301,568,3.506172839506173,0.5299295774647887,FF,4-Seam Fastball,13.0,-14.5,1.5,10,18.0,8.8,-7.0,1.9,27,0.8465227817745803,0.7194244604316546,FF
2024,"Medina, Luis",665622,Athletics,ATH,R,95.9,300,720,4.444444444444445,0.4166666666666667,FF,4-Seam Fastball,14.5,-13.4,-1.1,-8,15.2,6.6,-7.2,-0.6,-8,0.302158273381295,0.3908872901678657,FF
2024,"Sandlin, Nick",680704,Guardians,CLE,R,92.6,300,1003,6.229813664596273,0.2991026919242273,FF,4-Seam Fastball,20.0,-19.0,-1.0,-5,12.0,12.5,-11.9,0.6,5,0.3213429256594724,0.539568345323741,FF
2024,"Diekman, Jake",518617,Mets,NYM,L,94.7,299,627,3.87037037037037,0.4768740031897927,FF,4-Seam Fastball,19.7,-14.9,-4.8,-32,11.1,17.5,-7.8,9.7,125,0.026378896882494,1.0,FF
2024,"Oller, Adam",670124,Marlins,MIA,R,93.8,298,710,4.382716049382716,0.4197183098591549,FF,4-Seam Fastball,14.1,-15.1,1.0,7,17.2,11.8,-7.3,4.5,61,0.7410071942446043,0.9448441247002398,FF
2024,"Scherzer, Max",453286,Rangers,TEX,R,92.5,294,669,4.12962962962963,0.4394618834080717,FF,4-Seam Fastball,16.3,-16.3,0.0,0,15.9,10.1,-7.8,2.3,29,0.5323741007194245,0.7745803357314148,FF
2024,"Erceg, Lucas",668674,Royals,KC,R,98.6,293,947,5.845679012345679,0.3093980992608237,FF,4-Seam Fastball,13.2,-12.2,-0.9,-8,15.1,10.1,-7.8,2.3,29,0.342925659472422,0.7745803357314148,FF
2024,"Payamps, Joel",606303,Brewers,MIL,R,94.8,292,899,5.549382716049383,0.3248053392658509,FF,4-Seam Fastball,15.1,-15.1,-0.1,0,15.3,8.9,-8.0,0.9,11,0.5059952038369304,0.5899280575539568,FF
2024,"Santana, Dennis",642701,Pirates,PIT,R,95.8,292,1106,6.827160493827161,0.2640144665461121,FF,4-Seam Fastball,14.6,-14.4,-0.2,-1,15.4,11.5,-8.0,3.4,43,0.4772182254196642,0.8872901678657075,FF
2024,"Jackson, Luke",592426,Braves,ATL,R,94.7,290,917,5.660493827160494,0.3162486368593238,FF,4-Seam Fastball,12.6,-13.4,0.9,6,17.9,5.1,-6.2,-1.0,-17,0.7170263788968825,0.3381294964028777,FF
2024,"Burke, Brock",656271,Angels,LAA,L,95.8,289,575,3.549382716049383,0.5026086956521739,FF,4-Seam Fastball,13.8,-13.3,-0.5,-4,16.2,9.1,-6.7,2.4,36,0.4244604316546763,0.7889688249400479,FF
2024,"McGough, Scott",543518,D-backs,AZ,R,93.1,288,577,3.561728395061728,0.4991334488734835,FF,4-Seam Fastball,13.4,-15.2,1.8,12,18.3,8.1,-7.5,0.7,9,0.8992805755395683,0.5635491606714629,FF
2024,"Kelly, Zack",677161,Red Sox,BOS,R,96.5,286,955,5.895061728395062,0.2994764397905759,FF,4-Seam Fastball,14.6,-13.8,-0.8,-6,14.9,9.7,-7.9,1.8,23,0.3645083932853717,0.7074340527577938,FF
2024,"Booser, Cam",592155,Red Sox,BOS,L,95.3,285,695,4.290123456790123,0.4100719424460431,FF,4-Seam Fastball,14.0,-14.3,0.3,2,16.1,7.3,-7.5,-0.2,-3,0.5995203836930456,0.4436450839328537,FF
2024,"Lee, Dylan",669276,Braves,ATL,L,92.4,284,858,5.296296296296297,0.331002331002331,FF,4-Seam Fastball,13.0,-15.1,2.1,14,19.1,7.9,-6.3,1.6,26,0.9256594724220624,0.6810551558752997,FF
2024,"Snider, Collin",676092,Mariners,SEA,R,94.2,280,676,4.172839506172839,0.4142011834319526,FF,4-Seam Fastball,20.4,-16.5,-3.8,-23,10.3,2.6,-9.5,-6.9,-73,0.0551558752997601,0.0191846522781774,FF
2024,"Iglesias, Raisel",628452,Braves,ATL,R,95.6,280,928,5.728395061728395,0.3017241379310345,FF,4-Seam Fastball,14.7,-14.9,0.2,1,15.3,8.5,-8.3,0.2,2,0.5755395683453237,0.4916067146282973,FF
2024,"Keller, Brad",641745,Red Sox,BOS,R,93.8,280,743,4.58641975308642,0.3768506056527591,FF,4-Seam Fastball,17.3,-14.6,-2.7,-18,13.7,0.9,-6.9,-7.7,-113,0.1175059952038369,0.0071942446043165,FF
2024,"Sims, Lucas",608371,Red Sox,BOS,R,94.2,277,885,5.462962962962963,0.3129943502824859,FF,4-Seam Fastball,13.3,-15.1,1.8,12,17.5,4.7,-8.2,-3.5,-43,0.8992805755395683,0.1103117505995203,FF
2024,"Howard, Spencer",675921,Guardians,CLE,R,93.8,274,537,3.3354037267080745,0.5102420856610801,FF,4-Seam Fastball,14.8,-14.7,-0.1,-1,16.3,7.9,-6.9,1.0,15,0.5059952038369304,0.6019184652278178,FF
2024,"Martinez, Seth",661527,Astros,HOU,R,90.8,273,838,5.204968944099379,0.3257756563245823,FF,4-Seam Fastball,22.4,-21.4,-1.0,-4,10.9,11.6,-10.5,1.2,11,0.3213429256594724,0.6354916067146283,FF
2024,"Hendricks, Kyle",543294,Cubs,CHC,R,87.7,272,2135,13.179012345679013,0.1274004683840749,FF,4-Seam Fastball,21.1,-19.1,-2.0,-10,14.4,6.0,-6.0,0.0,1,0.1798561151079136,0.4724220623501199,FF
2024,"Díaz, Yilber",700270,D-backs,AZ,R,96.1,272,469,2.8950617283950617,0.579957356076759,FF,4-Seam Fastball,14.1,-14.4,0.3,2,15.6,10.0,-8.2,1.7,21,,,FF
2024,"Long, Sam",669674,Royals,KC,L,94.3,269,702,4.333333333333333,0.3831908831908832,FF,4-Seam Fastball,13.7,-14.8,1.1,7,17.0,5.3,-7.4,-2.1,-29,0.762589928057554,0.2038369304556355,FF
2024,"Uceta, Edwin",670955,Rays,TB,R,94.2,269,672,4.148148148148148,0.400297619047619,FF,4-Seam Fastball,16.7,-18.5,1.8,10,14.5,12.7,-12.0,0.7,6,0.8992805755395683,0.5635491606714629,FF
2024,"Banda, Anthony",607455,Dodgers,LAD,L,96.1,268,774,4.777777777777778,0.3462532299741602,FF,4-Seam Fastball,15.3,-14.5,-0.8,-6,14.3,9.7,-8.3,1.3,16,0.3645083932853717,0.6498800959232613,FF
2024,"Yarbrough, Ryan",642232,Blue Jays,TOR,L,86.7,265,1514,9.34567901234568,0.1750330250990752,FF,4-Seam Fastball,27.1,-23.7,-3.3,-14,9.6,14.8,-10.7,4.1,38,0.0815347721822542,0.9160671462829736,FF
2024,"Cleavinger, Garrett",664076,Rays,TB,L,96.4,263,1056,6.518518518518518,0.2490530303030303,FF,4-Seam Fastball,13.0,-14.7,1.7,12,16.6,7.8,-8.8,-1.0,-12,0.8776978417266187,0.3381294964028777,FF
2024,"Civale, Aaron",650644,Brewers,MIL,R,92.0,263,2699,16.660493827160494,0.0974434975917006,FF,4-Seam Fastball,14.0,-15.1,1.1,7,18.4,5.0,-6.7,-1.7,-26,0.762589928057554,0.2326139088729016,FF
2024,"Blalock, Bradley",687134,Rockies,COL,R,93.5,261,551,3.4012345679012346,0.4736842105263157,FF,4-Seam Fastball,14.0,-14.5,0.5,4,17.2,4.2,-6.5,-2.3,-36,0.6474820143884892,0.1798561151079136,FF
2024,"Reid-Foley, Sean",656887,Mets,NYM,R,95.0,261,385,2.376543209876543,0.6779220779220779,FF,4-Seam Fastball,12.7,-14.8,2.1,15,17.8,7.1,-7.8,-0.7,-9,,,FF
2024,"Morgan, Eli",669212,Guardians,CLE,R,92.2,260,646,4.012422360248447,0.4024767801857585,FF,4-Seam Fastball,15.6,-16.3,0.7,4,16.5,10.2,-7.3,2.9,40,0.6882494004796164,0.8393285371702638,FF
2024,"Boyd, Matthew",571510,Guardians,CLE,L,92.0,259,669,4.15527950310559,0.3871449925261584,FF,4-Seam Fastball,18.5,-16.7,-1.8,-11,13.8,11.5,-8.0,3.5,44,0.2038369304556355,0.8968824940047961,FF
2024,"Soriano, José",667755,Angels,LAA,R,98.7,259,1736,10.716049382716047,0.1491935483870967,FF,4-Seam Fastball,15.9,-12.4,-3.6,-29,12.3,11.1,-8.1,3.0,37,0.0647482014388489,0.8561151079136691,FF
2024,"Hill, Tim",657612,Yankees,NYY,L,90.7,256,982,6.061728395061729,0.2606924643584521,FF,4-Seam Fastball,29.6,-29.1,-0.5,-2,4.1,17.6,-17.0,0.6,3,0.4244604316546763,0.539568345323741,FF
2024,"Martin, Davis",663436,White Sox,CWS,R,93.6,254,892,5.506172839506172,0.2847533632286995,FF,4-Seam Fastball,15.2,-15.0,-0.2,-2,16.0,6.0,-7.0,-1.0,-14,0.4772182254196642,0.3381294964028777,FF
2024,"Varland, Gus",681402,White Sox,CWS,R,95.3,253,455,2.808641975308642,0.5560439560439561,FF,4-Seam Fastball,12.2,-15.1,3.0,20,18.1,11.1,-8.4,2.6,31,,,FF
2024,"Cannon, Jonathan",686563,White Sox,CWS,R,94.3,249,2028,12.51851851851852,0.1227810650887574,FF,4-Seam Fastball,16.8,-14.8,-2.0,-14,14.0,9.1,-7.5,1.6,21,0.1798561151079136,0.6810551558752997,FF
2024,"Minter, A.J.",621345,Braves,ATL,L,94.5,249,522,3.2222222222222223,0.4770114942528735,FF,4-Seam Fastball,13.5,-14.9,1.4,9,17.1,5.3,-7.6,-2.3,-31,0.8321342925659473,0.1798561151079136,FF
2024,"Wilson, Steven",621051,White Sox,CWS,R,93.5,248,623,3.845679012345679,0.3980738362760834,FF,4-Seam Fastball,13.1,-15.4,2.3,15,18.3,6.4,-7.3,-0.9,-12,0.9496402877697842,0.3525179856115107,FF
2024,"Núñez, Dedniel",673380,Mets,NYM,R,96.3,248,521,3.216049382716049,0.4760076775431862,FF,4-Seam Fastball,13.4,-14.4,1.0,7,16.1,3.4,-8.3,-5.0,-60,0.7410071942446043,0.0575539568345323,FF
2024,"Rodríguez, Yerry",666720,Blue Jays,TOR,R,96.4,247,438,2.703703703703704,0.5639269406392694,FF,4-Seam Fastball,15.7,-13.8,-2.0,-14,13.8,11.3,-7.7,3.6,47,,,FF
2024,"Morejon, Adrian",670970,Padres,SD,L,96.9,247,1064,6.567901234567901,0.2321428571428571,FF,4-Seam Fastball,12.8,-13.3,0.5,4,16.4,6.3,-7.6,-1.4,-18,0.6474820143884892,0.2829736211031175,FF
2024,"Herrin, Tim",682120,Guardians,CLE,L,95.5,246,1011,6.279503105590062,0.2433234421364985,FF,4-Seam Fastball,17.1,-14.4,-2.7,-19,12.7,8.0,-7.8,0.2,3,0.1175059952038369,0.4916067146282973,FF
2024,"Joyce, Ben",690829,Angels,LAA,R,102.1,246,541,3.3395061728395063,0.454713493530499,FF,4-Seam Fastball,13.0,-12.6,-0.4,-3,13.3,11.9,-10.8,1.1,10,0.4388489208633093,0.6258992805755396,FF
2024,"Wilson, Bryse",669060,Brewers,MIL,R,93.6,244,1643,10.141975308641976,0.1485088253195374,FF,4-Seam Fastball,15.9,-15.2,-0.7,-5,15.4,5.2,-7.2,-2.0,-27,0.3908872901678657,0.211031175059952,FF
2024,"Daniel, Davis",669721,Angels,LAA,R,91.5,244,508,3.135802469135802,0.4803149606299212,FF,4-Seam Fastball,15.8,-16.9,1.1,7,16.9,7.4,-7.4,0.0,0,0.762589928057554,0.4724220623501199,FF
2024,"Otañez, Michel",671305,Athletics,ATH,R,98.0,243,601,3.7098765432098766,0.4043261231281198,FF,4-Seam Fastball,12.0,-13.4,1.4,10,16.6,9.8,-8.4,1.4,17,0.8321342925659473,0.6690647482014388,FF
2024,"Ellard, Fraser",686642,White Sox,CWS,L,95.1,240,432,2.6666666666666665,0.5555555555555556,FF,4-Seam Fastball,16.0,-14.7,-1.4,-9,14.3,11.7,-8.1,3.6,44,,,FF
2024,"Springs, Jeffrey",605488,Rays,TB,L,89.8,240,565,3.4876543209876543,0.4247787610619469,FF,4-Seam Fastball,17.4,-17.6,0.2,1,16.7,9.4,-6.7,2.7,41,0.5755395683453237,0.8201438848920863,FF
2024,"Henry, Tommy",674072,D-backs,AZ,L,89.8,239,706,4.3580246913580245,0.3385269121813031,FF,4-Seam Fastball,18.3,-17.8,-0.5,-3,15.6,8.1,-6.8,1.3,19,0.4244604316546763,0.6498800959232613,FF
2024,"Farmer, Buck",571656,Reds,CIN,R,92.7,238,1168,7.209876543209877,0.2037671232876712,FF,4-Seam Fastball,17.7,-15.7,-2.0,-13,14.1,11.7,-7.4,4.3,58,0.1798561151079136,0.9256594724220624,FF
2024,"Moll, Sam",594580,Reds,CIN,L,93.3,238,624,3.851851851851852,0.3814102564102564,FF,4-Seam Fastball,20.1,-19.3,-0.8,-4,11.3,10.4,-11.3,-0.9,-8,0.3645083932853717,0.3525179856115107,FF
2024,"Slaten, Justin",686580,Red Sox,BOS,R,96.4,237,811,5.006172839506172,0.2922318125770654,FF,4-Seam Fastball,10.4,-13.1,2.7,20,19.1,5.4,-7.1,-1.7,-23,0.9712230215827338,0.2326139088729016,FF
2024,"Blackburn, Paul",621112,Mets,NYM,R,91.9,236,1212,7.481481481481482,0.1947194719471947,FF,4-Seam Fastball,15.7,-15.9,0.2,1,16.7,5.2,-6.8,-1.6,-24,0.5755395683453237,0.2470023980815347,FF
2024,"Hudson, Dakota",641712,Rockies,COL,R,90.0,235,1510,9.320987654320987,0.1556291390728476,FF,4-Seam Fastball,25.5,-17.0,-8.5,-50,8.0,5.6,-6.2,-0.5,-9,0.0,0.4028776978417266,FF
2024,"Ruiz, José",614179,Phillies,PHI,R,96.4,235,835,5.154320987654321,0.281437125748503,FF,4-Seam Fastball,12.0,-13.2,1.2,9,17.5,5.9,-7.4,-1.4,-19,0.7961630695443646,0.2829736211031175,FF
2024,"Kelly, Merrill",518876,D-backs,AZ,R,91.9,233,1142,7.049382716049383,0.2040280210157618,FF,4-Seam Fastball,17.9,-16.9,-1.0,-6,14.4,8.4,-8.4,-0.1,-1,0.3213429256594724,0.4580335731414868,FF
2024,"Darvish, Yu",506433,Padres,SD,R,94.1,232,1260,7.777777777777778,0.1841269841269841,FF,4-Seam Fastball,14.3,-15.3,1.0,6,16.9,7.4,-7.6,-0.2,-3,0.7410071942446043,0.4436450839328537,FF
2024,"Thorpe, Drew",689672,White Sox,CWS,R,91.0,232,721,4.450617283950617,0.3217753120665742,FF,4-Seam Fastball,16.3,-16.2,0.0,0,16.8,4.8,-6.3,-1.5,-24,0.5323741007194245,0.2661870503597122,FF
2024,"Mazur, Adam",800049,Padres,SD,R,94.6,231,584,3.6049382716049374,0.3955479452054795,FF,4-Seam Fastball,13.5,-14.5,0.9,7,17.2,5.1,-7.6,-2.4,-32,0.7170263788968825,0.1606714628297362,FF
2024,"Voth, Austin",608723,Mariners,SEA,R,93.6,231,974,6.012345679012346,0.2371663244353182,FF,4-Seam Fastball,14.5,-15.4,0.9,6,16.7,5.2,-7.5,-2.3,-30,0.7170263788968825,0.1798561151079136,FF
2024,"García, Yimi",554340,Mariners,SEA,R,96.5,231,619,3.820987654320988,0.3731825525040387,FF,4-Seam Fastball,14.7,-15.7,1.1,7,14.9,10.5,-9.8,0.7,7,0.762589928057554,0.5635491606714629,FF
2024,"Petersen, Michael",656848,Marlins,MIA,R,97.1,230,363,2.240740740740741,0.6336088154269972,FF,4-Seam Fastball,11.4,-12.5,1.1,9,17.7,8.2,-6.9,1.3,18,,,FF
2024,"Sandoval, Patrick",663776,Angels,LAA,L,93.7,230,1444,8.91358024691358,0.1592797783933518,FF,4-Seam Fastball,15.1,-14.9,-0.2,-2,16.1,6.8,-7.2,-0.3,-5,0.4772182254196642,0.4244604316546763,FF
2024,"Thornton, Trent",663423,Mariners,SEA,R,95.5,226,1139,7.030864197530864,0.1984196663740123,FF,4-Seam Fastball,13.7,-15.1,1.5,10,16.2,4.1,-8.6,-4.5,-52,0.8465227817745803,0.0695443645083932,FF
2024,"Lynch IV, Daniel",663738,Royals,KC,L,92.9,224,631,3.8950617283950617,0.3549920760697306,FF,4-Seam Fastball,16.5,-15.3,-1.2,-8,15.1,8.4,-6.8,1.6,23,0.2805755395683453,0.6810551558752997,FF
2024,"Javier, Cristian",664299,Astros,HOU,R,91.7,224,570,3.540372670807453,0.3929824561403509,FF,4-Seam Fastball,12.9,-16.2,3.3,21,20.0,5.8,-7.3,-1.5,-21,0.9952038369304556,0.2661870503597122,FF
2024,"Milner, Hoby",571948,Brewers,MIL,L,88.8,224,1043,6.438271604938271,0.2147651006711409,FF,4-Seam Fastball,27.8,-24.3,-3.5,-15,7.1,15.1,-10.7,4.4,41,0.0695443645083932,0.9328537170263788,FF
2024,"Burr, Ryan",621114,Blue Jays,TOR,R,94.1,224,570,3.5185185185185186,0.3929824561403509,FF,4-Seam Fastball,14.2,-14.0,-0.2,-1,16.8,1.0,-6.1,-5.2,-84,0.4772182254196642,0.0479616306954436,FF
2024,"Winn, Keaton",676775,Giants,SF,R,95.7,223,847,5.228395061728395,0.2632821723730815,FF,4-Seam Fastball,14.8,-13.6,-1.2,-9,15.2,10.0,-7.2,2.8,39,0.2805755395683453,0.8369304556354916,FF
2024,"Soriano, George",666277,Marlins,MIA,R,94.1,223,519,3.203703703703704,0.4296724470134875,FF,4-Seam Fastball,19.6,-16.7,-3.0,-18,11.2,8.9,-9.5,-0.6,-6,0.0983213429256594,0.3908872901678657,FF
2024,"Johnson, Pierce",572955,Braves,ATL,R,95.5,222,916,5.654320987654321,0.2423580786026201,FF,4-Seam Fastball,14.2,-14.1,-0.1,-1,15.9,10.3,-7.8,2.5,32,0.5059952038369304,0.8009592326139089,FF
2024,"Weissert, Greg",669711,Red Sox,BOS,R,94.0,220,1029,6.351851851851852,0.2137998056365403,FF,4-Seam Fastball,17.7,-16.8,-0.9,-6,13.2,8.8,-9.7,-0.9,-9,0.342925659472422,0.3525179856115107,FF
2024,"King, Bryan",687911,Astros,HOU,L,92.1,218,416,2.583850931677018,0.5240384615384616,FF,4-Seam Fastball,17.6,-16.4,-1.2,-7,14.6,2.4,-7.4,-5.0,-67,,,FF
2024,"Schreiber, John",670167,Royals,KC,R,92.9,218,895,5.524691358024692,0.2435754189944134,FF,4-Seam Fastball,23.0,-19.6,-3.4,-18,8.6,11.5,-11.8,-0.3,-2,0.079136690647482,0.4244604316546763,FF
2024,"Stratton, Hunter",676702,Pirates,PIT,R,95.5,217,587,3.623456790123457,0.3696763202725724,FF,4-Seam Fastball,15.0,-14.0,-1.0,-7,15.0,2.2,-7.4,-5.2,-70,0.3213429256594724,0.0479616306954436,FF
2024,"Barlow, Scott",605130,Guardians,CLE,R,91.4,214,1022,6.3478260869565215,0.2093933463796477,FF,4-Seam Fastball,22.2,-17.8,-4.4,-25,10.3,2.3,-8.5,-6.2,-73,0.0383693045563549,0.0311750599520383,FF
2024,"Chivilli, Angel",683409,Rockies,COL,R,96.1,213,512,3.1604938271604937,0.416015625,FF,4-Seam Fastball,18.0,-13.7,-4.3,-31,11.4,12.5,-7.5,5.0,66,0.0431654676258992,0.9544364508393284,FF
2024,"Manning, Matt",666159,Tigers,DET,R,93.8,211,438,2.703703703703704,0.4817351598173516,FF,4-Seam Fastball,13.6,-15.5,1.9,12,17.6,3.4,-7.8,-4.4,-56,,,FF
2024,"Pérez, Cionel",672335,Orioles,BAL,L,96.5,209,864,5.333333333333333,0.2418981481481481,FF,4-Seam Fastball,14.8,-14.6,-0.2,-2,14.5,6.3,-8.8,-2.5,-28,0.4772182254196642,0.1558752997601918,FF
2024,"Williams, Devin",642207,Brewers,MIL,R,94.7,209,391,2.4135802469135803,0.5345268542199488,FF,4-Seam Fastball,14.8,-15.1,0.4,2,15.8,11.7,-8.3,3.4,41,,,FF
2024,"Black, Mason",696131,Giants,SF,R,92.4,209,663,4.092592592592593,0.3152337858220211,FF,4-Seam Fastball,17.6,-17.4,-0.3,-2,14.4,12.4,-9.0,3.4,37,0.4508393285371702,0.8872901678657075,FF
2024,"Bubic, Kris",663460,Royals,KC,L,93.0,207,467,2.882716049382716,0.443254817987152,FF,4-Seam Fastball,13.7,-15.6,1.9,12,17.8,3.6,-7.2,-3.6,-50,,,FF
2024,"Eflin, Zach",621107,Orioles,BAL,R,92.5,205,2447,15.104938271604938,0.0837760523089497,FF,4-Seam Fastball,19.2,-16.0,-3.2,-20,12.8,8.5,-7.2,1.2,17,0.0863309352517985,0.6354916067146283,FF
2024,"Martin, Chris",455119,Red Sox,BOS,R,94.7,204,657,4.055555555555555,0.3105022831050228,FF,4-Seam Fastball,15.1,-14.1,-0.9,-7,15.5,9.2,-6.9,2.3,33,0.342925659472422,0.7745803357314148,FF
2024,"Ort, Kaleb",672391,Astros,HOU,R,97.5,203,366,2.2732919254658386,0.5546448087431693,FF,4-Seam Fastball,9.9,-13.1,3.2,24,19.1,6.5,-7.8,-1.3,-17,,,FF
2024,"Holton, Tyler",663947,Tigers,DET,L,92.0,202,1339,8.265432098765432,0.1508588498879761,FF,4-Seam Fastball,15.9,-15.9,0.1,1,16.4,5.7,-6.9,-1.2,-17,0.5539568345323741,0.3117505995203837,FF
2024,"Thompson, Keegan",624522,Cubs,CHC,R,93.5,202,538,3.320987654320988,0.3754646840148699,FF,4-Seam Fastball,16.8,-15.4,-1.5,-9,14.3,2.2,-7.5,-5.3,-70,0.2422062350119904,0.0431654676258992,FF
2024,"Marinaccio, Ron",676760,Yankees,NYY,R,93.6,201,395,2.438271604938272,0.5088607594936709,FF,4-Seam Fastball,15.7,-15.9,0.2,1,15.7,12.2,-8.1,4.1,51,,,FF
2024,"Cabrera, Génesis",650893,Blue Jays,TOR,L,95.9,199,1030,6.3580246913580245,0.1932038834951456,FF,4-Seam Fastball,12.6,-13.9,1.2,9,17.3,9.9,-7.8,2.1,27,0.7961630695443646,0.7410071942446043,FF
2024,"Ramirez, Emmanuel",642629,Marlins,MIA,R,93.9,198,371,2.2901234567901234,0.5336927223719676,FF,4-Seam Fastball,13.3,-15.1,1.8,12,17.8,1.3,-7.4,-6.1,-82,,,FF
2024,"Rosenberg, Kenny",670046,Angels,LAA,L,90.2,196,403,2.4876543209876543,0.4863523573200992,FF,4-Seam Fastball,16.1,-16.3,0.2,1,17.6,8.6,-6.4,2.2,34,,,FF
2024,"Brazobán, Huascar",623211,Mets,NYM,R,96.6,195,899,5.549382716049383,0.2169076751946607,FF,4-Seam Fastball,15.5,-14.0,-1.5,-10,13.9,9.4,-8.3,1.1,13,0.2422062350119904,0.6258992805755396,FF
2024,"Smith, Will",519293,Royals,KC,L,91.2,195,673,4.154320987654321,0.2897473997028232,FF,4-Seam Fastball,15.8,-15.6,-0.2,-1,17.1,7.2,-5.9,1.4,23,0.4772182254196642,0.6690647482014388,FF
2024,"Roycroft, Chris",688297,Cardinals,STL,R,95.0,194,596,3.679012345679012,0.3255033557046979,FF,4-Seam Fastball,20.7,-15.2,-5.5,-36,9.4,4.7,-8.5,-3.8,-45,0.014388489208633,0.0935251798561151,FF
2024,"Ross, Joe",605452,Brewers,MIL,R,94.8,194,1197,7.388888888888889,0.1620718462823726,FF,4-Seam Fastball,16.7,-14.7,-2.0,-14,13.8,5.9,-7.4,-1.6,-21,0.1798561151079136,0.2470023980815347,FF
2024,"Adams, Austin",613534,Athletics,ATH,R,93.4,190,805,4.969135802469136,0.2360248447204969,FF,4-Seam Fastball,20.7,-17.0,-3.7,-22,10.6,7.5,-9.9,-2.4,-24,0.0599520383693045,0.1606714628297362,FF
2024,"Aguiar, Julian",687924,Reds,CIN,R,94.4,190,530,3.271604938271605,0.3584905660377358,FF,4-Seam Fastball,17.7,-15.2,-2.5,-16,13.1,12.5,-8.3,4.2,50,0.1342925659472422,0.920863309352518,FF
2024,"Houser, Adrian",605288,Mets,NYM,R,93.5,190,1131,6.981481481481482,0.1679929266136162,FF,4-Seam Fastball,15.6,-15.0,-0.6,-4,15.8,9.2,-6.9,2.4,35,0.407673860911271,0.7889688249400479,FF
2024,"Garabito, Gerson",642520,Rangers,TEX,R,93.4,189,492,3.037037037037037,0.3841463414634146,FF,4-Seam Fastball,15.0,-15.5,0.5,3,16.4,5.4,-7.2,-1.8,-26,0.6474820143884892,0.2230215827338129,FF
2024,"Zerpa, Angel",672582,Royals,KC,L,95.8,187,951,5.87037037037037,0.1966351209253417,FF,4-Seam Fastball,17.9,-15.5,-2.4,-15,11.8,9.7,-9.7,0.1,1,0.1486810551558753,0.4844124700239808,FF
2024,"Law, Derek",571882,Nationals,WSH,R,95.1,185,1368,8.444444444444445,0.1352339181286549,FF,4-Seam Fastball,13.6,-13.5,-0.2,-1,16.6,3.9,-6.6,-2.7,-41,0.4772182254196642,0.1486810551558753,FF
2024,"Sánchez, Sixto",664350,Marlins,MIA,R,93.8,185,621,3.8333333333333335,0.2979066022544283,FF,4-Seam Fastball,16.9,-15.0,-1.9,-13,14.4,7.3,-7.4,-0.1,-1,0.1966426858513189,0.4580335731414868,FF
2024,"Taylor, Troy",700187,Mariners,SEA,R,97.0,184,328,2.0246913580246915,0.5609756097560976,FF,4-Seam Fastball,16.8,-14.1,-2.7,-19,12.4,16.9,-8.5,8.3,97,,,FF
2024,"Walker, Taijuan",592836,Phillies,PHI,R,91.6,180,1435,8.858024691358025,0.1254355400696864,FF,4-Seam Fastball,15.8,-15.4,-0.3,-2,16.9,9.3,-6.1,3.2,52,0.4508393285371702,0.8776978417266187,FF
2024,"Baker, Bryan",641329,Orioles,BAL,R,96.3,180,369,2.2777777777777777,0.4878048780487805,FF,4-Seam Fastball,12.0,-12.7,0.7,6,17.5,2.6,-6.7,-4.1,-61,,,FF
2024,"Allard, Kolby",663465,Phillies,PHI,L,90.0,177,436,2.691358024691358,0.4059633027522936,FF,4-Seam Fastball,17.1,-18.1,0.9,5,16.7,6.2,-8.2,-2.0,-25,,,FF
2024,"Webb, Logan",657277,Giants,SF,R,92.6,176,3200,19.753086419753085,0.055,FF,4-Seam Fastball,22.5,-17.6,-4.9,-28,9.2,8.6,-9.5,-0.9,-10,0.0215827338129496,0.3525179856115107,FF
2024,"Bigge, Hunter",685801,Rays,TB,R,97.5,176,300,1.851851851851852,0.5866666666666667,FF,4-Seam Fastball,9.9,-13.1,3.2,24,19.0,7.2,-7.8,-0.6,-7,,,FF
2024,"Gonzales, Marco",594835,Pirates,PIT,L,89.7,175,546,3.3703703703703702,0.3205128205128205,FF,4-Seam Fastball,18.6,-18.0,-0.6,-3,15.3,11.4,-7.3,4.0,55,0.407673860911271,0.9136690647482014,FF
2024,"Gallegos, Giovanny",606149,Cardinals,STL,R,92.2,174,401,2.4753086419753085,0.4339152119700748,FF,4-Seam Fastball,14.8,-14.8,0.0,0,17.4,7.0,-6.5,0.6,9,,,FF
2024,"Kershaw, Clayton",477132,Dodgers,LAD,L,89.9,174,504,3.111111111111111,0.3452380952380952,FF,4-Seam Fastball,16.5,-17.1,0.5,3,17.2,0.0,-6.2,-6.2,-100,0.6474820143884892,0.0311750599520383,FF
2024,"Rasmussen, Drew",656876,Rays,TB,R,97.4,173,459,2.833333333333333,0.3769063180827887,FF,4-Seam Fastball,10.9,-12.8,1.9,15,18.0,4.6,-7.5,-2.9,-38,,,FF
2024,"Kerr, Ray",678061,Braves,ATL,L,95.2,171,383,2.3641975308641974,0.4464751958224543,FF,4-Seam Fastball,14.5,-14.6,0.2,1,15.7,6.7,-7.9,-1.3,-16,,,FF
2024,"Jiménez, Dany",666204,Athletics,ATH,R,92.5,169,450,2.7777777777777777,0.3755555555555555,FF,4-Seam Fastball,14.6,-15.0,0.4,3,17.5,6.5,-6.8,-0.3,-5,,,FF
2024,"Madden, Ty",680744,Tigers,DET,R,94.4,167,403,2.4876543209876543,0.4143920595533499,FF,4-Seam Fastball,13.7,-14.8,1.1,8,17.1,7.2,-7.5,-0.3,-4,,,FF
2024,"Bush, Ky",681066,White Sox,CWS,L,91.7,167,328,2.0246913580246915,0.5091463414634146,FF,4-Seam Fastball,15.8,-15.7,-0.1,-1,16.9,3.4,-6.1,-2.8,-45,,,FF
2024,"Vieira, Thyago",600986,D-backs,AZ,R,97.7,167,737,4.549382716049383,0.2265943012211669,FF,4-Seam Fastball,12.5,-12.6,0.1,1,16.3,10.0,-7.4,2.6,35,0.5539568345323741,0.8105515587529976,FF
2024,"Corbin, Patrick",571578,Nationals,WSH,L,91.3,166,2888,17.82716049382716,0.0574792243767313,FF,4-Seam Fastball,18.4,-15.8,-2.5,-16,14.4,7.8,-5.9,1.9,32,0.1342925659472422,0.7194244604316546,FF
2024,"Garrett, Reed",657585,Mets,NYM,R,96.8,165,980,6.049382716049383,0.1683673469387755,FF,4-Seam Fastball,13.0,-13.9,0.9,7,16.4,8.7,-8.1,0.6,8,0.7170263788968825,0.539568345323741,FF
2024,"Basso, Brady",669620,Athletics,ATH,L,92.2,164,350,2.1604938271604937,0.4685714285714286,FF,4-Seam Fastball,16.3,-15.1,-1.3,-8,15.8,2.5,-6.1,-3.6,-59,,,FF
2024,"López, Jorge",605347,Cubs,CHC,R,95.6,159,802,4.950617283950617,0.1982543640897755,FF,4-Seam Fastball,16.2,-14.3,-1.9,-13,13.8,10.9,-7.7,3.2,42,0.1966426858513189,0.8776978417266187,FF
2024,"Brewer, Colten",605155,Cubs,CHC,R,94.3,158,391,2.4135802469135803,0.4040920716112532,FF,4-Seam Fastball,18.5,-14.8,-3.7,-25,12.1,4.2,-7.3,-3.1,-43,,,FF
2024,"García, Deivi",665620,White Sox,CWS,R,95.1,158,283,1.7469135802469136,0.558303886925795,FF,4-Seam Fastball,13.2,-15.5,2.3,15,17.3,10.0,-8.8,1.2,14,,,FF
2024,"Brito, Jhony",666745,Padres,SD,R,96.4,157,626,3.864197530864197,0.2507987220447284,FF,4-Seam Fastball,15.7,-13.3,-2.5,-19,13.8,11.1,-7.3,3.7,51,0.1342925659472422,0.9064748201438848,FF
2024,"Holman, Grant",680880,Athletics,ATH,R,94.4,155,292,1.8024691358024687,0.5308219178082192,FF,4-Seam Fastball,14.8,-13.9,-0.9,-6,15.9,8.4,-6.3,2.1,32,,,FF
2024,"Anderson, Chase",502624,Rangers,TEX,R,93.6,154,1016,6.271604938271605,0.1515748031496063,FF,4-Seam Fastball,15.6,-15.3,-0.3,-2,15.6,7.6,-7.8,-0.2,-3,0.4508393285371702,0.4436450839328537,FF
2024,"Criswell, Jeff",676105,Rockies,COL,R,95.4,152,354,2.185185185185185,0.4293785310734463,FF,4-Seam Fastball,18.1,-15.2,-2.9,-19,11.7,10.1,-8.6,1.5,17,,,FF
2024,"Smith, Drew",622098,Mets,NYM,R,94.7,152,328,2.0246913580246915,0.4634146341463415,FF,4-Seam Fastball,13.0,-15.0,2.0,14,17.7,6.9,-8.1,-1.2,-15,,,FF
2024,"Berroa, Prelander",672860,White Sox,CWS,R,97.6,151,348,2.1481481481481484,0.4339080459770115,FF,4-Seam Fastball,11.8,-13.3,1.5,11,16.9,8.0,-8.1,-0.1,-1,,,FF
2024,"Kelly, Michael",547184,Athletics,ATH,R,95.1,150,470,2.9012345679012346,0.3191489361702128,FF,4-Seam Fastball,17.0,-14.2,-2.8,-20,13.2,5.7,-7.6,-1.9,-25,,,FF
2024,"Devenski, Chris",606965,Rays,TB,R,93.2,150,533,3.2901234567901234,0.2814258911819887,FF,4-Seam Fastball,14.0,-14.8,0.8,6,17.8,11.0,-6.6,4.4,66,0.697841726618705,0.9328537170263788,FF
2024,"Germán, Domingo",593334,Pirates,PIT,R,90.7,149,373,2.302469135802469,0.3994638069705093,FF,4-Seam Fastball,17.2,-17.7,0.5,3,16.1,8.7,-8.7,0.0,0,,,FF
2024,"Palencia, Daniel",694037,Cubs,CHC,R,98.2,149,263,1.623456790123457,0.5665399239543726,FF,4-Seam Fastball,12.4,-13.2,0.8,6,16.1,11.0,-8.5,2.5,29,,,FF
2024,"Sauer, Matt",669422,Royals,KC,R,95.1,149,327,2.0185185185185186,0.45565749235474,FF,4-Seam Fastball,13.9,-14.2,0.2,2,16.3,6.7,-7.2,-0.5,-7,,,FF
2024,"Festa, Matt",670036,Rangers,TEX,R,91.9,148,385,2.376543209876543,0.3844155844155844,FF,4-Seam Fastball,20.1,-19.1,-1.0,-5,12.2,1.1,-11.7,-10.6,-91,,,FF
2024,"Speier, Gabe",642100,Mariners,SEA,L,93.0,147,422,2.6049382716049383,0.3483412322274881,FF,4-Seam Fastball,16.3,-16.5,0.2,1,15.3,9.2,-9.1,0.1,2,,,FF
2024,"Sammons, Bryan",676614,Tigers,DET,L,91.5,147,374,2.308641975308642,0.393048128342246,FF,4-Seam Fastball,16.8,-17.0,0.1,1,15.9,9.5,-7.8,1.7,22,,,FF
2024,"Kahnle, Tommy",592454,Yankees,NYY,R,94.2,147,750,4.62962962962963,0.196,FF,4-Seam Fastball,15.6,-14.7,-0.9,-6,15.2,5.7,-7.0,-1.4,-20,0.342925659472422,0.2829736211031175,FF
2024,"Okert, Steven",595345,Twins,MIN,L,93.0,146,616,3.802469135802469,0.237012987012987,FF,4-Seam Fastball,17.2,-15.7,-1.5,-10,14.5,7.7,-7.3,0.4,6,0.2422062350119904,0.5179856115107914,FF
2024,"Hernández, Daysbel",678226,Braves,ATL,R,97.4,145,330,2.037037037037037,0.4393939393939394,FF,4-Seam Fastball,12.5,-13.3,0.9,6,16.4,9.5,-8.0,1.6,20,,,FF
2024,"White, Mitch",669952,Brewers,MIL,R,94.1,145,413,2.549382716049383,0.3510895883777239,FF,4-Seam Fastball,14.8,-14.7,-0.1,-1,16.3,4.1,-7.1,-3.0,-42,,,FF
2024,"Floro, Dylan",571670,D-backs,AZ,R,89.7,145,1018,6.283950617283951,0.1424361493123772,FF,4-Seam Fastball,19.8,-17.4,-2.4,-14,14.2,9.0,-6.4,2.7,42,0.1486810551558753,0.8201438848920863,FF
2024,"Chafin, Andrew",605177,Rangers,TEX,L,91.7,143,967,5.969135802469136,0.1478800413650465,FF,4-Seam Fastball,16.2,-15.6,-0.6,-4,16.5,8.2,-6.0,2.1,35,0.407673860911271,0.7410071942446043,FF
2024,"Sulser, Cole",642121,Rays,TB,R,92.2,143,292,1.8024691358024687,0.4897260273972603,FF,4-Seam Fastball,14.2,-16.1,2.0,12,18.2,10.8,-7.0,3.7,53,,,FF
2024,"Fitts, Richard",690916,Red Sox,BOS,R,94.5,140,314,1.938271604938272,0.445859872611465,FF,4-Seam Fastball,13.5,-14.3,0.8,6,17.2,1.6,-6.9,-5.4,-78,,,FF
2024,"Warren, Will",701542,Yankees,NYY,R,93.8,140,458,2.8271604938271606,0.3056768558951965,FF,4-Seam Fastball,16.2,-15.2,-1.0,-6,15.0,9.1,-7.4,1.7,23,,,FF
2024,"Martinez, Justin",679885,D-backs,AZ,R,100.5,139,1177,7.265432098765432,0.1180968564146134,FF,4-Seam Fastball,13.5,-11.7,-1.8,-16,13.6,8.9,-8.4,0.5,5,0.2038369304556355,0.5275779376498801,FF
2024,"McCaughan, Darren",670766,Marlins,MIA,R,89.4,139,714,4.407407407407407,0.1946778711484593,FF,4-Seam Fastball,19.7,-19.1,-0.6,-3,14.5,8.1,-8.5,-0.4,-5,0.407673860911271,0.4148681055155875,FF
2024,"France, J.P.",641585,Astros,HOU,R,92.2,137,466,2.8944099378881987,0.2939914163090129,FF,4-Seam Fastball,14.8,-16.1,1.4,8,17.6,5.9,-7.4,-1.5,-20,,,FF
2024,"Peralta, Luis",678821,Rockies,COL,L,95.0,137,181,1.117283950617284,0.7569060773480663,FF,4-Seam Fastball,16.2,-15.6,-0.6,-4,13.9,9.5,-8.9,0.6,6,,,FF
2024,"Lowder, Rhett",695076,Reds,CIN,R,93.5,136,498,3.074074074074074,0.2730923694779116,FF,4-Seam Fastball,16.5,-15.3,-1.2,-8,14.8,10.4,-7.5,3.0,39,0.2805755395683453,0.8561151079136691,FF
2024,"Hamilton, Ian",641656,Yankees,NYY,R,96.4,136,619,3.820987654320988,0.2197092084006462,FF,4-Seam Fastball,14.7,-13.8,-0.9,-6,14.8,9.7,-8.1,1.7,21,0.342925659472422,0.6954436450839329,FF
2024,"Rodríguez, Manuel",655889,Rays,TB,R,96.7,134,605,3.734567901234568,0.2214876033057851,FF,4-Seam Fastball,13.5,-13.9,0.4,3,15.7,3.9,-8.0,-4.2,-52,0.6282973621103117,0.0767386091127098,FF
2024,"Kelly, Joe",523260,Dodgers,LAD,R,98.1,134,552,3.4074074074074074,0.2427536231884058,FF,4-Seam Fastball,15.3,-14.3,-1.0,-7,13.1,11.2,-9.0,2.2,25,0.3213429256594724,0.7529976019184652,FF
2024,"Anderson, Grant",681982,Rangers,TEX,R,92.2,133,483,2.9814814814814814,0.2753623188405797,FF,4-Seam Fastball,22.3,-20.2,-2.1,-10,10.0,13.6,-11.8,1.8,15,,,FF
2024,"Ramírez, Yohan",670990,Red Sox,BOS,R,94.8,132,769,4.746913580246914,0.1716514954486346,FF,4-Seam Fastball,17.1,-16.0,-1.1,-7,13.4,10.8,-9.5,1.2,13,0.302158273381295,0.6354916067146283,FF
2024,"Peralta, Sammy",671111,White Sox,CWS,L,88.7,132,282,1.7407407407407407,0.4680851063829787,FF,4-Seam Fastball,28.0,-22.4,-5.6,-25,6.8,14.5,-10.6,4.0,38,,,FF
2024,"Lucas, Easton",687922,Blue Jays,TOR,L,94.3,131,246,1.5185185185185186,0.532520325203252,FF,4-Seam Fastball,13.7,-14.6,0.9,6,17.2,6.8,-7.1,-0.4,-5,,,FF
2024,"Bassitt, Chris",605135,Blue Jays,TOR,R,92.6,130,2959,18.265432098765437,0.0439337614058803,FF,4-Seam Fastball,18.8,-16.4,-2.4,-15,13.1,7.7,-8.0,-0.3,-4,,,FF
2024,"Anderson, Nick",623433,Royals,KC,R,94.6,130,573,3.537037037037037,0.2268760907504363,FF,4-Seam Fastball,15.0,-14.1,-0.9,-7,15.4,5.7,-7.0,-1.4,-19,0.342925659472422,0.2829736211031175,FF
2024,"Kittredge, Andrew",552640,Cardinals,STL,R,94.0,130,1028,6.345679012345679,0.1264591439688716,FF,4-Seam Fastball,16.4,-15.0,-1.4,-9,14.4,0.9,-7.2,-6.3,-87,0.2637889688249401,0.0287769784172661,FF
2024,"Sborz, Josh",622250,Rangers,TEX,R,95.1,130,284,1.7530864197530864,0.4577464788732394,FF,4-Seam Fastball,11.1,-13.9,2.8,20,19.2,5.3,-7.1,-1.8,-25,,,FF
2024,"Cimber, Adam",643256,Angels,LAA,R,85.0,129,416,2.567901234567901,0.3100961538461538,FF,4-Seam Fastball,31.0,-30.9,0.0,0,7.2,8.1,-8.1,0.0,0,,,FF
2024,"Blewett, Scott",656240,Twins,MIN,R,93.6,129,319,1.969135802469136,0.4043887147335423,FF,4-Seam Fastball,15.0,-14.3,-0.7,-5,16.2,5.5,-6.2,-0.7,-11,,,FF
2024,"Paredes, Enoli",660600,Cubs,CHC,R,93.9,129,319,1.969135802469136,0.4043887147335423,FF,4-Seam Fastball,17.4,-16.8,-0.6,-4,13.6,1.0,-9.5,-10.5,-111,,,FF
2024,"Bello, Brayan",678394,Red Sox,BOS,R,95.7,127,2710,16.728395061728396,0.0468634686346863,FF,4-Seam Fastball,17.2,-15.4,-1.8,-12,12.6,8.9,-9.0,-0.1,-1,,,FF
2024,"Aldegheri, Sam",691951,Angels,LAA,L,92.2,126,222,1.3703703703703705,0.5675675675675675,FF,4-Seam Fastball,16.6,-15.2,-1.4,-9,15.7,6.5,-7.1,-0.6,-9,,,FF
2024,"Senzatela, Antonio",622608,Rockies,COL,R,94.7,125,218,1.345679012345679,0.573394495412844,FF,4-Seam Fastball,19.1,-14.3,-4.7,-33,11.1,3.5,-7.3,-3.9,-53,,,FF
2024,"Burke, Sean",680732,White Sox,CWS,R,95.3,125,309,1.9074074074074077,0.4045307443365696,FF,4-Seam Fastball,11.7,-13.7,2.1,15,18.6,6.4,-6.8,-0.3,-5,,,FF
2024,"Burdi, Nick",595897,Yankees,NYY,R,97.5,125,210,1.2962962962962965,0.5952380952380952,FF,4-Seam Fastball,15.2,-14.1,-1.2,-8,13.7,9.2,-8.7,0.5,6,,,FF
2024,"Mercado, Michael",675650,Phillies,PHI,R,95.4,123,260,1.6049382716049383,0.473076923076923,FF,4-Seam Fastball,13.7,-13.8,0.1,1,16.4,11.0,-7.1,3.9,54,,,FF
2024,"Beck, Tristan",663941,Giants,SF,R,93.1,122,242,1.4938271604938271,0.5041322314049587,FF,4-Seam Fastball,15.1,-15.2,0.1,0,16.5,8.1,-6.7,1.4,21,,,FF
2024,"Lazar, Max",676661,Phillies,PHI,R,93.7,121,214,1.3209876543209875,0.5654205607476636,FF,4-Seam Fastball,17.1,-15.0,-2.0,-14,14.0,0.1,-7.0,-7.2,-102,,,FF
2024,"Mahle, Tyler",641816,Rangers,TEX,R,91.4,121,229,1.4135802469135803,0.5283842794759825,FF,4-Seam Fastball,15.4,-17.0,1.6,9,17.5,10.1,-7.6,2.5,33,,,FF
2024,"Stewart, Brock",592779,Twins,MIN,R,97.0,121,268,1.654320987654321,0.4514925373134328,FF,4-Seam Fastball,14.9,-14.2,-0.8,-5,14.1,6.8,-8.5,-1.7,-20,,,FF
2024,"Winn, Cole",668390,Rangers,TEX,R,95.4,120,286,1.7654320987654322,0.4195804195804196,FF,4-Seam Fastball,13.0,-14.5,1.5,10,17.1,7.2,-7.8,-0.6,-8,,,FF
2024,"Means, John",607644,Orioles,BAL,L,90.5,120,320,1.9753086419753083,0.375,FF,4-Seam Fastball,14.0,-16.2,2.2,14,19.6,7.2,-5.6,1.6,29,,,FF
2024,"Bazardo, Eduard",660825,Mariners,SEA,R,94.4,120,441,2.7222222222222223,0.272108843537415,FF,4-Seam Fastball,14.8,-15.0,0.2,2,16.0,6.4,-7.8,-1.5,-19,,,FF
2024,"Merryweather, Julian",657240,Cubs,CHC,R,96.0,119,272,1.6790123456790125,0.4375,FF,4-Seam Fastball,13.2,-13.5,0.3,2,16.5,5.7,-7.2,-1.5,-20,,,FF
2024,"Ryan, River",689981,Dodgers,LAD,R,96.3,118,295,1.820987654320988,0.4,FF,4-Seam Fastball,14.5,-14.0,-0.5,-4,15.1,8.1,-7.9,0.2,3,,,FF
2024,"Cano, Yennier",666974,Orioles,BAL,R,96.5,117,1008,6.222222222222222,0.1160714285714285,FF,4-Seam Fastball,21.7,-14.8,-6.9,-47,7.8,14.8,-8.9,5.9,66,0.0023980815347721,0.9856115107913668,FF
2024,"Bickford, Phil",641360,Yankees,NYY,R,93.3,117,154,0.9506172839506172,0.7597402597402597,FF,4-Seam Fastball,16.7,-17.5,0.8,5,14.8,6.7,-10.2,-3.5,-34,,,FF
2024,"Matzek, Tyler",554431,Braves,ATL,L,93.6,117,179,1.1049382716049383,0.6536312849162011,FF,4-Seam Fastball,14.0,-14.7,0.8,5,17.4,5.5,-6.8,-1.3,-19,,,FF
2024,"Hentges, Sam",656529,Guardians,CLE,L,95.1,116,351,2.1801242236024843,0.3304843304843304,FF,4-Seam Fastball,15.2,-13.5,-1.7,-12,15.1,8.0,-6.3,1.7,27,,,FF
2024,"Jackson, Jay",543351,Twins,MIN,R,91.9,116,453,2.7962962962962963,0.2560706401766004,FF,4-Seam Fastball,16.4,-16.4,0.0,0,16.1,9.9,-7.3,2.6,35,,,FF
2024,"Bielak, Brandon",656232,Athletics,ATH,R,91.9,116,510,3.1481481481481484,0.2274509803921568,FF,4-Seam Fastball,17.3,-15.2,-2.1,-14,15.1,5.2,-6.9,-1.7,-24,0.1654676258992805,0.2326139088729016,FF
2024,"Montgomery, Mason",682254,Rays,TB,L,97.3,115,158,0.9753086419753086,0.7278481012658228,FF,4-Seam Fastball,9.9,-13.1,3.1,24,19.1,6.6,-7.6,-1.0,-13,,,FF
2024,"Hughes, Brandon",676714,D-backs,AZ,L,92.4,115,350,2.1604938271604937,0.3285714285714285,FF,4-Seam Fastball,17.3,-16.4,-0.9,-5,14.8,9.6,-7.9,1.6,21,,,FF
2024,"Sabrowski, Erik",681870,Guardians,CLE,L,92.6,114,198,1.2298136645962734,0.5757575757575758,FF,4-Seam Fastball,11.8,-15.5,3.7,24,20.1,7.4,-6.7,0.6,9,,,FF
2024,"Walston, Blake",686796,D-backs,AZ,L,91.4,114,343,2.117283950617284,0.3323615160349854,FF,4-Seam Fastball,18.2,-16.2,-2.0,-12,14.6,7.8,-6.9,0.9,13,,,FF
2024,"Veneziano, Anthony",685107,Marlins,MIA,L,94.8,113,242,1.4938271604938271,0.4669421487603306,FF,4-Seam Fastball,15.2,-14.3,-1.0,-7,15.3,10.3,-7.2,3.0,42,,,FF
2024,"Thompson, Zack",668868,Cardinals,STL,L,90.7,113,317,1.9567901234567904,0.3564668769716088,FF,4-Seam Fastball,17.8,-16.6,-1.3,-8,15.4,7.2,-6.3,0.9,14,,,FF
2024,"Brooks, Aaron",605156,Athletics,ATH,R,92.1,112,403,2.4876543209876543,0.2779156327543424,FF,4-Seam Fastball,18.3,-15.5,-2.9,-19,14.0,11.6,-6.5,5.1,79,,,FF
2024,"Brasier, Ryan",518489,Dodgers,LAD,R,94.5,111,374,2.308641975308642,0.2967914438502674,FF,4-Seam Fastball,14.3,-14.8,0.4,3,16.3,7.1,-7.3,-0.3,-4,,,FF
2024,"Clevinger, Mike",605182,White Sox,CWS,R,93.4,111,303,1.8703703703703705,0.3663366336633663,FF,4-Seam Fastball,14.2,-15.7,1.5,10,17.3,8.7,-7.7,1.0,13,,,FF
2024,"Phillips, Tyler",663969,Phillies,PHI,R,92.7,111,578,3.567901234567901,0.1920415224913494,FF,4-Seam Fastball,22.1,-15.6,-6.5,-42,9.6,3.2,-7.1,-3.8,-54,0.0071942446043165,0.0935251798561151,FF
2024,"Poteet, Cody",547001,Yankees,NYY,R,93.3,110,384,2.3703703703703702,0.2864583333333333,FF,4-Seam Fastball,15.7,-14.8,-0.9,-6,15.5,4.8,-7.0,-2.2,-31,,,FF
2024,"Priester, Quinn",682990,Red Sox,BOS,R,93.1,110,811,5.006172839506172,0.1356350184956843,FF,4-Seam Fastball,17.5,-15.4,-2.1,-14,13.9,5.9,-7.1,-1.2,-16,0.1654676258992805,0.3117505995203837,FF
2024,"Reynolds, Sean",669308,Padres,SD,R,96.9,110,225,1.3888888888888888,0.4888888888888889,FF,4-Seam Fastball,11.5,-12.3,0.9,7,17.9,9.3,-6.5,2.8,44,,,FF
2024,"Manoah, Alek",666201,Blue Jays,TOR,R,93.3,109,394,2.432098765432099,0.2766497461928934,FF,4-Seam Fastball,15.2,-15.2,0.0,0,16.2,4.9,-6.9,-1.9,-28,,,FF
2024,"Hernández, Elieser",622694,Brewers,MIL,R,91.8,108,251,1.5493827160493827,0.4302788844621514,FF,4-Seam Fastball,14.5,-17.4,2.9,17,18.1,3.8,-8.8,-4.9,-56,,,FF
2024,"Dana, Caden",702674,Angels,LAA,R,93.7,108,206,1.271604938271605,0.5242718446601942,FF,4-Seam Fastball,14.3,-14.7,0.4,3,16.9,9.7,-6.9,2.9,42,,,FF
2024,"Elder, Bryce",693821,Braves,ATL,R,91.5,107,864,5.333333333333333,0.1238425925925925,FF,4-Seam Fastball,16.8,-15.3,-1.6,-10,15.7,3.6,-6.0,-2.4,-40,0.2326139088729016,0.1606714628297362,FF
2024,"Cuas, Jose",621016,Blue Jays,TOR,R,91.6,106,319,1.969135802469136,0.3322884012539185,FF,4-Seam Fastball,23.3,-21.0,-2.3,-11,9.4,10.8,-11.7,-0.9,-7,,,FF
2024,"Soto, Gregory",642397,Orioles,BAL,L,98.0,105,960,5.925925925925926,0.109375,FF,4-Seam Fastball,15.7,-12.9,-2.8,-22,12.8,10.9,-7.9,3.0,38,0.1079136690647482,0.8561151079136691,FF
2024,"Hicks, Jordan",663855,Giants,SF,R,95.3,105,1958,12.08641975308642,0.0536261491317671,FF,4-Seam Fastball,17.0,-14.3,-2.7,-19,13.2,10.4,-7.5,2.9,39,0.1175059952038369,0.8393285371702638,FF
2024,"Lovelady, Richard",663992,Rays,TB,L,92.4,104,528,3.259259259259259,0.1969696969696969,FF,4-Seam Fastball,18.2,-17.1,-1.1,-6,14.0,9.6,-8.6,1.1,13,0.302158273381295,0.6258992805755396,FF
2024,"Bloss, Jake",814005,Astros,HOU,R,93.4,103,238,1.4782608695652173,0.4327731092436975,FF,4-Seam Fastball,13.4,-15.4,1.9,13,18.1,4.8,-7.1,-2.4,-33,,,FF
2024,"Kolek, Stephen",663568,Padres,SD,R,95.8,103,797,4.919753086419753,0.1292346298619824,FF,4-Seam Fastball,15.9,-14.6,-1.4,-9,13.9,5.8,-8.2,-2.4,-29,0.2637889688249401,0.1606714628297362,FF
2024,"Romano, Jordan",605447,Blue Jays,TOR,R,96.4,103,215,1.3271604938271604,0.4790697674418605,FF,4-Seam Fastball,11.8,-13.3,1.6,12,17.8,6.3,-6.6,-0.3,-5,,,FF
2024,"Pérez, Martín",527048,Padres,SD,L,91.5,102,2204,13.604938271604938,0.0462794918330308,FF,4-Seam Fastball,17.6,-16.4,-1.3,-8,15.1,10.6,-7.4,3.2,43,,,FF
2024,"Cisnero, José",542585,Angels,LAA,R,95.2,100,313,1.932098765432099,0.3194888178913738,FF,4-Seam Fastball,14.4,-15.4,1.0,6,16.0,11.6,-8.7,2.9,34,,,FF
2024,"Ottavino, Adam",493603,Mets,NYM,R,93.2,100,1003,6.191358024691358,0.0997008973080757,FF,4-Seam Fastball,17.3,-15.9,-1.4,-9,14.2,9.1,-7.8,1.3,16,0.2637889688249401,0.6498800959232613,FF
2024,"Thompson, Ryan",657044,D-backs,AZ,R,92.5,99,977,6.030864197530864,0.1013306038894575,FF,4-Seam Fastball,24.9,-21.7,-3.2,-15,7.2,11.7,-12.2,-0.5,-4,0.0863309352517985,0.4028776978417266,FF
2024,"Maldonado, Anthony",687424,Marlins,MIA,R,93.1,99,297,1.8333333333333333,0.3333333333333333,FF,4-Seam Fastball,14.6,-14.8,0.2,1,17.2,11.9,-7.2,4.7,66,,,FF
2024,"Halvorsen, Seth",678020,Rockies,COL,R,100.0,99,177,1.0925925925925926,0.559322033898305,FF,4-Seam Fastball,13.3,-11.9,-1.4,-12,14.0,10.2,-8.7,1.6,18,,,FF
2024,"Kuhl, Chad",641771,White Sox,CWS,R,95.0,98,980,6.049382716049383,0.1,FF,4-Seam Fastball,19.7,-15.5,-4.3,-28,10.6,13.9,-8.7,5.1,59,0.0431654676258992,0.9568345323741008,FF
2024,"Englert, Mason",669438,Tigers,DET,R,92.8,98,365,2.253086419753086,0.2684931506849315,FF,4-Seam Fastball,16.6,-15.8,-0.7,-5,15.4,10.3,-7.6,2.7,35,,,FF
2024,"Robertson, Nick",687798,Blue Jays,TOR,R,94.3,97,217,1.339506172839506,0.4470046082949309,FF,4-Seam Fastball,15.5,-14.6,-0.9,-6,15.3,8.8,-7.2,1.7,23,,,FF
2024,"Bummer, Aaron",607481,Braves,ATL,L,93.6,97,974,6.012345679012346,0.0995893223819301,FF,4-Seam Fastball,20.7,-17.2,-3.5,-20,10.4,11.1,-9.9,1.3,13,0.0695443645083932,0.6498800959232613,FF
2024,"Vines, Darius",670241,Braves,ATL,R,90.8,97,257,1.5864197530864197,0.377431906614786,FF,4-Seam Fastball,15.4,-16.6,1.1,7,17.9,8.6,-6.6,2.0,30,,,FF
2024,"Ferrer, José A.",678606,Nationals,WSH,L,98.3,96,476,2.938271604938272,0.2016806722689075,FF,4-Seam Fastball,18.1,-12.9,-5.2,-41,10.4,14.6,-8.2,6.4,77,,,FF
2024,"Leone, Dominic",608678,White Sox,CWS,R,94.9,95,361,2.228395061728395,0.2631578947368421,FF,4-Seam Fastball,14.2,-14.6,0.4,2,16.2,7.0,-7.5,-0.5,-7,,,FF
2024,"Rocker, Kumar",677958,Rangers,TEX,R,96.0,93,218,1.345679012345679,0.4266055045871559,FF,4-Seam Fastball,17.2,-14.1,-3.2,-22,12.5,11.0,-7.7,3.3,43,,,FF
2024,"Miller, Ryan",668943,Angels,LAA,R,93.6,93,219,1.351851851851852,0.4246575342465753,FF,4-Seam Fastball,17.5,-18.4,1.0,5,14.0,12.1,-11.6,0.5,4,,,FF
2024,"Barnes, Matt",598264,Nationals,WSH,R,91.4,93,237,1.462962962962963,0.3924050632911392,FF,4-Seam Fastball,16.3,-15.6,-0.6,-4,16.6,11.4,-5.8,5.6,98,,,FF
2024,"Ureña, José",570632,Rangers,TEX,R,96.4,93,1759,10.858024691358024,0.0528709494030699,FF,4-Seam Fastball,16.6,-14.2,-2.4,-17,13.0,12.6,-8.2,4.4,54,0.1486810551558753,0.9328537170263788,FF
2024,"Plesac, Zach",668676,Angels,LAA,R,90.2,92,208,1.2839506172839503,0.4423076923076923,FF,4-Seam Fastball,15.3,-16.5,1.2,7,18.4,6.9,-5.9,1.0,17,,,FF
2024,"O'Loughlin, Jack",672552,Athletics,ATH,L,91.8,92,176,1.0864197530864197,0.5227272727272727,FF,4-Seam Fastball,18.5,-16.2,-2.3,-14,14.0,9.9,-7.0,3.0,42,,,FF
2024,"Junis, Jakob",596001,Reds,CIN,R,92.5,91,943,5.820987654320987,0.0965005302226935,FF,4-Seam Fastball,18.3,-16.2,-2.1,-13,13.6,5.5,-7.7,-2.2,-28,0.1654676258992805,0.1894484412470023,FF
2024,"Strider, Spencer",675911,Braves,ATL,R,96.3,91,178,1.0987654320987654,0.5112359550561798,FF,4-Seam Fastball,12.3,-13.5,1.2,9,17.3,11.4,-7.3,4.1,57,,,FF
2024,"Romero, JoJo",668941,Cardinals,STL,L,95.1,91,919,5.672839506172839,0.0990206746463547,FF,4-Seam Fastball,17.1,-15.4,-1.7,-11,13.1,10.3,-9.3,1.0,11,0.2158273381294964,0.6019184652278178,FF
2024,"Henriquez, Ronny",678692,Twins,MIN,R,95.7,90,303,1.8703703703703705,0.297029702970297,FF,4-Seam Fastball,11.8,-14.6,2.8,19,18.2,7.6,-8.2,-0.6,-8,,,FF
2024,"Bradish, Kyle",680694,Orioles,BAL,R,94.5,90,674,4.160493827160494,0.1335311572700296,FF,4-Seam Fastball,16.5,-14.0,-2.5,-18,13.9,2.8,-6.6,-9.3,-142,0.1342925659472422,0.0,FF
2024,"Wingenter, Trey",622259,Cubs,CHC,R,97.1,89,179,1.1049382716049383,0.4972067039106145,FF,4-Seam Fastball,14.3,-13.5,-0.9,-7,14.6,10.1,-7.9,2.2,28,,,FF
2024,"Zuñiga, Guillo",670871,Angels,LAA,R,96.9,89,271,1.6728395061728396,0.3284132841328413,FF,4-Seam Fastball,15.9,-13.5,-2.4,-18,13.3,9.2,-7.9,1.3,16,,,FF
2024,"Wells, Tyler",669330,Orioles,BAL,R,92.5,89,259,1.5987654320987654,0.3436293436293436,FF,4-Seam Fastball,13.0,-14.4,1.4,10,19.0,4.7,-5.7,-1.0,-18,,,FF
2024,"Newcomb, Sean",656794,Athletics,ATH,L,93.7,87,184,1.1358024691358024,0.4728260869565217,FF,4-Seam Fastball,13.8,-14.5,0.7,5,17.4,6.7,-7.2,-0.5,-7,,,FF
2024,"Waguespack, Jacob",621097,Rays,TB,R,93.6,86,221,1.3641975308641976,0.3891402714932127,FF,4-Seam Fastball,13.1,-14.2,1.1,8,18.3,1.7,-6.1,-4.4,-72,,,FF
2024,"Allen, Logan",663531,D-backs,AZ,L,91.3,86,470,2.9012345679012346,0.1829787234042553,FF,4-Seam Fastball,16.4,-15.9,-0.5,-3,16.4,8.2,-6.4,1.7,27,,,FF
2024,"Chirinos, Yonny",630023,Marlins,MIA,R,93.0,85,515,3.1790123456790123,0.1650485436893204,FF,4-Seam Fastball,17.0,-14.7,-2.3,-16,14.6,9.1,-6.6,2.5,38,0.1606714628297362,0.8009592326139089,FF
2024,"Garrett, Braxton",666129,Marlins,MIA,L,90.7,85,588,3.6296296296296298,0.1445578231292517,FF,4-Seam Fastball,18.5,-17.0,-1.5,-9,14.9,6.6,-6.7,-0.1,-1,0.2422062350119904,0.4580335731414868,FF
2024,"Junk, Janson",676083,Athletics,ATH,R,93.8,84,175,1.0802469135802468,0.48,FF,4-Seam Fastball,12.5,-15.1,2.6,17,18.7,3.3,-7.3,-3.9,-54,,,FF
2024,"Tinoco, Jesus",622786,Marlins,MIA,R,96.5,84,644,3.975308641975309,0.1304347826086956,FF,4-Seam Fastball,15.5,-14.8,-0.7,-5,14.0,11.1,-8.8,2.2,25,0.3908872901678657,0.7529976019184652,FF
2024,"Legumina, Casey",668984,Reds,CIN,R,93.4,83,166,1.0246913580246917,0.5,FF,4-Seam Fastball,18.7,-17.8,-0.9,-5,12.6,13.5,-10.7,2.8,27,,,FF
2024,"Klein, Will",694361,Athletics,ATH,R,97.0,83,146,0.9012345679012346,0.5684931506849316,FF,4-Seam Fastball,11.9,-13.4,1.4,11,17.0,7.6,-7.8,-0.2,-2,,,FF
2024,"Walters, Andrew",689958,Guardians,CLE,R,95.9,83,132,0.8198757763975155,0.6287878787878788,FF,4-Seam Fastball,12.2,-13.8,1.6,12,17.6,4.4,-7.4,-2.9,-40,,,FF
2024,"Feyereisen, J.P.",656420,Dodgers,LAD,R,91.7,83,179,1.1049382716049383,0.4636871508379888,FF,4-Seam Fastball,14.1,-15.5,1.4,9,18.6,3.2,-6.4,-3.2,-50,,,FF
2024,"McArthur, James",663704,Royals,KC,R,94.7,82,903,5.574074074074074,0.0908084163898117,FF,4-Seam Fastball,17.0,-14.6,-2.5,-17,13.4,10.0,-7.3,2.7,38,0.1342925659472422,0.8201438848920863,FF
2024,"Treinen, Blake",595014,Dodgers,LAD,R,94.3,82,737,4.549382716049383,0.1112618724559023,FF,4-Seam Fastball,17.5,-14.5,-3.0,-21,13.1,8.0,-7.7,0.4,5,0.0983213429256594,0.5179856115107914,FF
2024,"Tyler, Kyle",667725,Marlins,MIA,R,90.6,82,580,3.580246913580247,0.1413793103448276,FF,4-Seam Fastball,21.3,-16.7,-4.6,-28,11.8,7.4,-6.4,0.9,15,0.0311750599520383,0.5899280575539568,FF
2024,"Strzelecki, Peter",657265,Guardians,CLE,R,92.3,80,192,1.1925465838509317,0.4166666666666667,FF,4-Seam Fastball,19.3,-17.7,-1.6,-9,12.8,7.9,-9.5,-1.7,-17,,,FF
2024,"Gasser, Robert",688107,Brewers,MIL,L,93.3,80,399,2.462962962962963,0.200501253132832,FF,4-Seam Fastball,18.3,-17.2,-1.0,-6,13.3,8.8,-9.7,-0.9,-10,,,FF
2024,"Stroman, Marcus",573186,Yankees,NYY,R,90.0,79,2657,16.401234567901234,0.0297327813323296,FF,4-Seam Fastball,23.1,-18.7,-4.4,-23,10.8,6.5,-9.0,-2.5,-28,,,FF
2024,"deGrom, Jacob",594798,Rangers,TEX,R,97.3,79,172,1.0617283950617284,0.4593023255813953,FF,4-Seam Fastball,11.6,-13.4,1.8,13,17.4,8.7,-8.0,0.7,9,,,FF
2024,"Cronin, Declan",686539,Marlins,MIA,R,93.9,79,1096,6.765432098765432,0.0720802919708029,FF,4-Seam Fastball,17.4,-16.5,-1.0,-6,13.7,9.6,-9.4,0.2,2,0.3213429256594724,0.4916067146282973,FF
2024,"Beede, Tyler",595881,Guardians,CLE,R,93.7,78,265,1.6459627329192548,0.2943396226415094,FF,4-Seam Fastball,21.2,-16.0,-5.2,-33,10.0,13.6,-8.4,5.2,62,,,FF
2024,"Anderson, Shaun",641312,Marlins,MIA,R,91.2,78,244,1.5061728395061729,0.319672131147541,FF,4-Seam Fastball,19.4,-16.2,-3.2,-20,13.4,0.5,-6.4,-6.9,-108,,,FF
2024,"Gómez, Yoendrys",672782,Yankees,NYY,R,92.4,78,214,1.3209876543209875,0.3644859813084112,FF,4-Seam Fastball,16.0,-16.3,0.3,2,16.2,5.3,-7.5,-2.3,-30,,,FF
2024,"Avila, Nick",687014,Giants,SF,R,94.5,78,225,1.3888888888888888,0.3466666666666667,FF,4-Seam Fastball,13.7,-14.4,0.7,5,17.1,4.5,-7.2,-2.7,-37,,,FF
2024,"Bachar, Lake",669199,Marlins,MIA,R,94.2,77,161,0.9938271604938272,0.4782608695652174,FF,4-Seam Fastball,13.2,-15.3,2.0,13,17.7,9.6,-8.0,1.6,20,,,FF
2024,"Kilian, Caleb",668873,Cubs,CHC,R,93.6,76,167,1.030864197530864,0.4550898203592814,FF,4-Seam Fastball,15.6,-14.7,-0.8,-6,15.6,4.5,-6.6,-2.2,-33,,,FF
2024,"Casparius, Ben",676508,Dodgers,LAD,R,95.5,75,156,0.9629629629629628,0.4807692307692308,FF,4-Seam Fastball,14.5,-14.1,-0.4,-3,15.2,4.1,-7.9,-3.8,-48,,,FF
2024,"Lopez, Jacob",682052,Rays,TB,L,90.6,74,178,1.0987654320987654,0.4157303370786517,FF,4-Seam Fastball,21.7,-18.3,-3.4,-19,11.8,13.3,-8.3,5.0,60,,,FF
2024,"Castro, Miguel",612434,D-backs,AZ,R,94.8,74,232,1.432098765432099,0.3189655172413793,FF,4-Seam Fastball,22.5,-16.3,-6.2,-38,8.1,15.7,-9.8,5.9,60,,,FF
2024,"Zeferjahn, Ryan",666171,Angels,LAA,R,97.3,74,207,1.2777777777777777,0.357487922705314,FF,4-Seam Fastball,13.7,-13.2,-0.5,-4,15.3,6.5,-7.8,-1.4,-17,,,FF
2024,"Walker, Josh",677020,Mets,NYM,L,94.2,73,215,1.3271604938271604,0.3395348837209302,FF,4-Seam Fastball,13.9,-14.0,0.1,1,17.0,3.2,-6.1,-2.9,-47,,,FF
2024,"Cosgrove, Tom",676680,Padres,SD,L,90.3,72,323,1.9938271604938271,0.2229102167182662,FF,4-Seam Fastball,24.0,-19.8,-4.2,-21,9.6,4.9,-10.8,-5.9,-55,,,FF
2024,"Horn, Bailey",690544,Red Sox,BOS,L,95.0,72,303,1.8703703703703705,0.2376237623762376,FF,4-Seam Fastball,15.3,-14.6,-0.7,-5,14.9,6.2,-7.8,-1.6,-20,,,FF
2024,"Marte, José",665896,Angels,LAA,R,96.5,72,311,1.9197530864197527,0.2315112540192926,FF,4-Seam Fastball,15.8,-13.7,-2.1,-15,13.6,9.7,-7.7,2.0,27,,,FF
2024,"Silseth, Chase",681217,Angels,LAA,R,93.7,72,167,1.030864197530864,0.4311377245508982,FF,4-Seam Fastball,14.9,-15.0,0.1,1,16.3,7.7,-7.8,-0.1,-1,,,FF
2024,"Herget, Kevin",643361,Brewers,MIL,R,92.9,71,151,0.9320987654320988,0.4701986754966887,FF,4-Seam Fastball,14.1,-15.1,1.0,6,17.7,7.1,-7.4,-0.2,-3,,,FF
2024,"McMillon, John",669111,Marlins,MIA,R,95.3,70,180,1.1111111111111112,0.3888888888888889,FF,4-Seam Fastball,13.3,-14.5,1.2,8,16.8,8.0,-7.6,0.4,6,,,FF
2024,"Mattson, Isaac",676755,Pirates,PIT,R,94.0,70,100,0.6172839506172839,0.7,FF,4-Seam Fastball,11.8,-14.7,2.9,20,19.3,9.5,-7.0,2.5,35,,,FF
2024,"Bieber, Shane",669456,Guardians,CLE,R,92.0,69,166,1.031055900621118,0.4156626506024096,FF,4-Seam Fastball,14.9,-16.3,1.5,9,17.5,10.5,-7.0,3.6,51,,,FF
2024,"Coulombe, Danny",543056,Orioles,BAL,L,90.8,68,466,2.876543209876543,0.1459227467811159,FF,4-Seam Fastball,18.4,-16.1,-2.3,-14,14.7,0.4,-6.6,-6.2,-94,,,FF
2024,"Foley, Jason",671345,Tigers,DET,R,97.2,68,905,5.58641975308642,0.0751381215469613,FF,4-Seam Fastball,16.0,-13.4,-2.6,-19,12.9,12.0,-7.9,4.1,51,0.1270983213429256,0.9160671462829736,FF
2024,"Alzolay, Adbert",640470,Cubs,CHC,R,94.7,67,329,2.0308641975308643,0.2036474164133738,FF,4-Seam Fastball,13.4,-14.0,0.6,4,17.2,8.4,-6.8,1.6,24,,,FF
2024,"Williamson, Brandon",682227,Reds,CIN,L,92.6,66,256,1.5802469135802468,0.2578125,FF,4-Seam Fastball,15.8,-14.6,-1.2,-8,16.2,9.4,-6.7,2.7,41,,,FF
2024,"Marte, Yunior",628708,Phillies,PHI,R,97.2,65,482,2.9753086419753085,0.1348547717842323,FF,4-Seam Fastball,14.3,-14.1,-0.3,-2,14.7,10.9,-8.6,2.3,27,,,FF
2024,"Winckowski, Josh",670174,Red Sox,BOS,R,95.1,65,1240,7.654320987654321,0.0524193548387096,FF,4-Seam Fastball,15.7,-14.1,-1.6,-11,14.5,5.9,-7.2,-1.2,-17,0.2326139088729016,0.3117505995203837,FF
2024,"Gillaspie, Logan",670810,Padres,SD,R,94.9,64,151,0.9320987654320988,0.423841059602649,FF,4-Seam Fastball,13.4,-14.2,0.8,6,17.0,7.0,-7.2,-0.2,-3,,,FF
2024,"Frías, Luis",666818,Blue Jays,TOR,R,95.8,63,229,1.4135802469135803,0.2751091703056768,FF,4-Seam Fastball,13.2,-13.1,-0.1,-1,16.5,4.4,-6.8,-2.4,-35,,,FF
2024,"Iriarte, Jairo",683568,White Sox,CWS,R,94.1,63,137,0.845679012345679,0.4598540145985401,FF,4-Seam Fastball,17.7,-15.8,-2.0,-12,13.4,14.7,-8.4,6.2,73,,,FF
2024,"Hanifee, Brenan",669724,Tigers,DET,R,95.6,63,446,2.753086419753086,0.1412556053811659,FF,4-Seam Fastball,17.3,-14.9,-2.5,-17,12.6,11.7,-8.4,3.3,40,,,FF
2024,"Guerrero, Luis",692285,Red Sox,BOS,R,97.5,62,133,0.8209876543209876,0.4661654135338345,FF,4-Seam Fastball,12.5,-13.5,1.0,8,16.4,10.0,-8.5,1.5,18,,,FF
2024,"Adon, Joan",672851,Nationals,WSH,R,94.8,62,178,1.0987654320987654,0.348314606741573,FF,4-Seam Fastball,16.7,-14.6,-2.1,-15,13.7,9.0,-7.4,1.6,22,,,FF
2024,"Rogers, Josh",642028,Rockies,COL,L,89.5,61,170,1.0493827160493827,0.3588235294117647,FF,4-Seam Fastball,20.5,-17.4,-3.1,-18,13.3,8.2,-6.3,2.0,32,,,FF
2024,"McGreevy, Michael",700241,Cardinals,STL,R,93.0,61,311,1.9197530864197527,0.1961414790996784,FF,4-Seam Fastball,18.9,-15.6,-3.3,-21,12.5,8.1,-7.1,1.0,14,,,FF
2024,"Bermúdez, Jonathan",642834,Marlins,MIA,L,89.1,60,121,0.7469135802469136,0.4958677685950413,FF,4-Seam Fastball,21.8,-19.0,-2.8,-15,12.6,8.4,-8.8,-0.5,-5,,,FF
2024,"Brzykcy, Zach",694350,Nationals,WSH,R,94.0,58,104,0.6419753086419753,0.5576923076923077,FF,4-Seam Fastball,12.6,-15.0,2.4,16,18.3,6.9,-7.2,-0.3,-4,,,FF
2024,"Gillispie, Connor",687362,Guardians,CLE,R,92.2,58,138,0.8571428571428571,0.4202898550724637,FF,4-Seam Fastball,15.0,-16.7,1.7,10,17.2,9.1,-8.4,0.7,9,,,FF
2024,"Parsons, Wes",641149,Guardians,CLE,R,94.8,55,148,0.9192546583850932,0.3716216216216216,FF,4-Seam Fastball,13.6,-14.8,1.2,8,17.0,8.1,-7.6,0.5,7,,,FF
2024,"Duffey, Tyler",608648,Royals,KC,R,90.8,53,189,1.1666666666666667,0.2804232804232804,FF,4-Seam Fastball,20.1,-17.1,-3.0,-18,13.0,6.1,-7.0,-1.0,-14,,,FF
2024,"Waldrep, Hurston",694462,Braves,ATL,R,95.8,53,133,0.8209876543209876,0.3984962406015037,FF,4-Seam Fastball,15.8,-13.3,-2.5,-19,13.8,4.0,-6.8,-2.8,-41,,,FF
2024,"Espino, Paolo",502179,Blue Jays,TOR,R,88.2,52,158,0.9753086419753086,0.3291139240506329,FF,4-Seam Fastball,17.1,-19.5,2.4,12,18.1,4.6,-7.5,-3.0,-39,,,FF
2024,"Kochanowicz, Jack",686799,Angels,LAA,R,96.2,52,859,5.302469135802469,0.0605355064027939,FF,4-Seam Fastball,16.2,-13.4,-2.8,-21,13.3,9.3,-7.4,2.0,27,0.1079136690647482,0.7266187050359713,FF
2024,"Hernandez, Nick",663321,Astros,HOU,R,90.8,52,139,0.8633540372670807,0.3741007194244604,FF,4-Seam Fastball,14.4,-17.2,2.8,16,19.0,3.1,-7.1,-4.0,-56,,,FF
2024,"Neely, Jack",680891,Cubs,CHC,R,96.1,52,98,0.6049382716049383,0.5306122448979592,FF,4-Seam Fastball,12.9,-13.3,0.4,3,16.7,5.9,-7.0,-1.2,-16,,,FF
2024,"Díaz, Jhonathan",646242,Mariners,SEA,L,90.2,49,166,1.0246913580246917,0.2951807228915662,FF,4-Seam Fastball,20.2,-17.5,-2.7,-15,13.5,11.2,-7.3,3.8,52,,,FF
2024,"Jacob, Alek",689690,Padres,SD,R,87.1,49,232,1.432098765432099,0.2112068965517241,FF,4-Seam Fastball,24.3,-25.1,0.8,3,12.1,15.0,-13.3,1.8,13,,,FF
2024,"Ryan, Ryder",656924,Pirates,PIT,R,94.1,49,340,2.098765432098765,0.1441176470588235,FF,4-Seam Fastball,18.2,-15.8,-2.4,-15,12.7,13.0,-8.4,4.5,54,,,FF
2024,"Foster, Matt",641582,White Sox,CWS,R,91.9,48,108,0.6666666666666666,0.4444444444444444,FF,4-Seam Fastball,14.9,-15.9,1.0,6,17.6,5.4,-6.8,-1.4,-20,,,FF
2024,"Gilbert, Tyler",656457,Phillies,PHI,L,91.9,48,145,0.8950617283950617,0.3310344827586207,FF,4-Seam Fastball,21.0,-18.0,-3.0,-17,11.4,11.8,-10.0,1.8,18,,,FF
2024,"García, Luis",472610,Red Sox,BOS,R,96.1,48,897,5.537037037037037,0.0535117056856187,FF,4-Seam Fastball,15.5,-13.2,-2.3,-18,14.2,5.4,-6.9,-1.5,-22,0.1606714628297362,0.2661870503597122,FF
2024,"Zastryzny, Rob",642239,Brewers,MIL,L,91.5,48,119,0.7345679012345679,0.4033613445378151,FF,4-Seam Fastball,19.7,-16.7,-3.0,-18,12.6,1.3,-7.2,-5.8,-81,,,FF
2024,"Altavilla, Dan",656186,Royals,KC,R,96.8,48,83,0.5123456790123457,0.5783132530120482,FF,4-Seam Fastball,15.8,-15.6,-0.2,-1,13.3,10.9,-9.7,1.2,12,,,FF
2024,"Reyes, Gerardo",622103,Athletics,ATH,R,94.7,48,78,0.4814814814814814,0.6153846153846154,FF,4-Seam Fastball,13.9,-15.2,1.3,9,16.8,12.0,-8.9,3.2,36,,,FF
2024,"Peralta, Wandy",593974,Padres,SD,L,95.4,47,613,3.783950617283951,0.0766721044045677,FF,4-Seam Fastball,15.9,-14.1,-1.7,-12,14.3,11.4,-8.0,3.4,42,0.2158273381294964,0.8872901678657075,FF
2024,"Contreras, Luis",664351,Astros,HOU,R,91.9,47,105,0.6521739130434783,0.4476190476190476,FF,4-Seam Fastball,14.4,-17.2,2.8,16,17.9,0.3,-8.3,-8.0,-97,,,FF
2024,"Smith-Shawver, AJ",700363,Braves,ATL,R,96.2,47,87,0.5370370370370371,0.5402298850574713,FF,4-Seam Fastball,13.3,-13.5,0.2,1,16.2,7.0,-7.3,-0.3,-4,,,FF
2024,"Kuhnel, Joel",669270,Rays,TB,R,94.5,46,158,0.9753086419753086,0.2911392405063291,FF,4-Seam Fastball,16.0,-13.9,-2.1,-15,14.9,9.5,-6.3,3.3,52,,,FF
2024,"Dunning, Dane",641540,Rangers,TEX,R,89.0,46,1689,10.425925925925926,0.0272350503256364,FF,4-Seam Fastball,19.8,-19.1,-0.7,-4,14.8,7.6,-7.3,0.3,4,,,FF
2024,"Robert, Daniel",642016,Rangers,TEX,R,94.9,46,103,0.6358024691358025,0.4466019417475728,FF,4-Seam Fastball,15.3,-14.3,-1.0,-7,15.1,5.0,-7.5,-2.6,-34,,,FF
2024,"Hurter, Brant",676428,Tigers,DET,L,92.1,46,645,3.9814814814814814,0.0713178294573643,FF,4-Seam Fastball,21.5,-15.9,-5.6,-35,10.6,6.3,-7.1,-0.8,-12,0.0119904076738609,0.381294964028777,FF
2024,"Ribalta, Orlando",687377,Nationals,WSH,R,96.0,45,97,0.5987654320987654,0.4639175257731959,FF,4-Seam Fastball,11.5,-12.8,1.3,10,18.2,5.5,-6.8,-1.3,-19,,,FF
2024,"Gose, Anthony",543238,Guardians,CLE,L,95.7,44,79,0.4906832298136646,0.5569620253164557,FF,4-Seam Fastball,13.8,-14.7,0.8,6,16.0,5.8,-8.3,-2.5,-30,,,FF
2024,"Graceffo, Gordon",700669,Cardinals,STL,R,93.6,43,105,0.6481481481481481,0.4095238095238095,FF,4-Seam Fastball,16.8,-15.0,-1.8,-12,14.2,6.9,-7.0,-0.1,-2,,,FF
2024,"Lange, Alex",656638,Tigers,DET,R,96.4,43,377,2.3271604938271606,0.1140583554376657,FF,4-Seam Fastball,14.8,-13.9,-0.9,-6,14.7,8.3,-7.8,0.5,6,,,FF
2024,"Bivens, Spencer",702352,Giants,SF,R,94.5,42,768,4.7407407407407405,0.0546875,FF,4-Seam Fastball,19.0,-14.5,-4.4,-30,11.6,9.7,-7.3,2.4,32,0.0383693045563549,0.7889688249400479,FF
2024,"Brogdon, Connor",641401,Dodgers,LAD,R,92.8,42,97,0.5987654320987654,0.4329896907216495,FF,4-Seam Fastball,15.2,-15.4,0.2,1,16.8,13.1,-6.8,6.3,93,,,FF
2024,"Rodriguez, Carlos",692230,Brewers,MIL,R,93.3,42,233,1.4382716049382716,0.1802575107296137,FF,4-Seam Fastball,16.4,-15.7,-0.8,-5,15.0,7.0,-7.7,-0.7,-9,,,FF
2024,"Lucchesi, Joey",664192,Mets,NYM,L,90.0,42,179,1.1049382716049383,0.2346368715083799,FF,4-Seam Fastball,20.0,-17.2,-2.9,-17,13.6,5.0,-6.5,-1.4,-22,,,FF
2024,"Winder, Josh",680739,Twins,MIN,R,95.2,41,141,0.8703703703703703,0.2907801418439716,FF,4-Seam Fastball,15.4,-14.5,-0.9,-6,14.7,7.8,-7.6,0.2,2,,,FF
2024,"Nelson, Kyle",669459,D-backs,AZ,L,90.2,41,145,0.8950617283950617,0.2827586206896552,FF,4-Seam Fastball,17.0,-17.1,0.0,0,16.6,6.1,-6.8,-0.6,-10,,,FF
2024,"Sterner, Justin",686993,Rays,TB,R,93.4,41,64,0.3950617283950617,0.640625,FF,4-Seam Fastball,12.9,-15.7,2.8,18,18.7,8.4,-7.7,0.7,9,,,FF
2024,"Mantiply, Joe",573009,D-backs,AZ,L,89.4,40,867,5.351851851851852,0.0461361014994233,FF,4-Seam Fastball,24.4,-19.8,-4.6,-23,10.1,14.0,-9.6,4.5,47,,,FF
2024,"Hartlieb, Geoff",664129,Rockies,COL,R,97.1,40,138,0.8518518518518519,0.2898550724637681,FF,4-Seam Fastball,17.3,-13.0,-4.3,-33,11.3,4.5,-7.5,-3.0,-40,,,FF
2024,"Eisert, Brandon",685126,Blue Jays,TOR,L,91.2,40,110,0.6790123456790124,0.3636363636363636,FF,4-Seam Fastball,16.2,-18.9,2.7,14,16.9,9.7,-8.9,0.8,9,,,FF
2024,"Penrod, Zach",683068,Red Sox,BOS,L,94.8,39,86,0.5308641975308642,0.4534883720930232,FF,4-Seam Fastball,12.5,-13.9,1.4,10,18.3,6.5,-6.7,-0.2,-4,,,FF
2024,"Toussaint, Touki",657053,White Sox,CWS,R,91.6,39,491,3.0308641975308643,0.0794297352342158,FF,4-Seam Fastball,21.0,-17.0,-4.0,-23,11.4,7.5,-7.8,-0.2,-3,0.052757793764988,0.4436450839328537,FF
2024,"Snead, Kirby",669912,Mariners,SEA,L,92.6,39,196,1.2098765432098766,0.1989795918367347,FF,4-Seam Fastball,20.7,-17.1,-3.6,-21,11.4,15.5,-9.3,6.2,66,,,FF
2024,"Villalobos, Eli",681871,Marlins,MIA,R,93.3,38,71,0.4382716049382716,0.5352112676056338,FF,4-Seam Fastball,14.1,-15.1,1.1,7,17.5,9.0,-6.8,2.2,32,,,FF
2024,"Gray, Josiah",680686,Nationals,WSH,R,92.7,38,176,1.0864197530864197,0.2159090909090909,FF,4-Seam Fastball,15.0,-16.9,2.0,12,16.9,10.8,-9.2,1.6,18,,,FF
2024,"Henriquez, Edgardo",683618,Dodgers,LAD,R,98.7,38,59,0.3641975308641975,0.6440677966101694,FF,4-Seam Fastball,15.3,-12.2,-3.1,-26,12.5,3.5,-7.9,-4.4,-56,,,FF
2024,"Andriese, Matt",542882,Marlins,MIA,R,91.1,37,88,0.5432098765432098,0.4204545454545454,FF,4-Seam Fastball,17.1,-16.7,-0.3,-2,16.0,4.4,-7.1,-2.7,-38,,,FF
2024,"Hoeing, Bryan",663773,Padres,SD,R,94.4,37,782,4.827160493827161,0.047314578005115,FF,4-Seam Fastball,18.5,-14.3,-4.2,-29,12.3,11.4,-6.9,4.5,66,,,FF
2024,"Burrows, Mike",681347,Pirates,PIT,R,94.5,37,68,0.419753086419753,0.5441176470588235,FF,4-Seam Fastball,13.9,-14.2,0.3,2,17.0,10.9,-6.9,4.0,57,,,FF
2024,"Garrett, Amir",607237,Angels,LAA,L,95.5,37,104,0.6419753086419753,0.3557692307692308,FF,4-Seam Fastball,14.3,-13.7,-0.7,-5,15.8,9.1,-6.9,2.2,31,,,FF
2024,"Lamet, Dinelson",659275,Dodgers,LAD,R,93.7,36,74,0.4567901234567901,0.4864864864864865,FF,4-Seam Fastball,17.6,-14.8,-2.8,-19,13.4,8.4,-7.3,1.0,14,,,FF
2024,"Mederos, Victor",682989,Angels,LAA,R,97.1,35,107,0.6604938271604939,0.3271028037383177,FF,4-Seam Fastball,13.9,-13.4,-0.5,-4,15.3,10.1,-7.7,2.4,31,,,FF
2024,"Salazar, Eduardo",674285,Nationals,WSH,R,95.4,35,494,3.049382716049383,0.0708502024291498,FF,4-Seam Fastball,16.8,-14.3,-2.4,-17,13.3,10.7,-7.6,3.1,41,0.1486810551558753,0.8657074340527577,FF
2024,"Warren, Austin",681810,Giants,SF,R,94.0,35,173,1.067901234567901,0.2023121387283237,FF,4-Seam Fastball,15.7,-16.4,0.7,4,15.3,10.8,-9.2,1.6,17,,,FF
2024,"Cruz, Steven",674444,Royals,KC,R,97.9,34,82,0.5061728395061729,0.4146341463414634,FF,4-Seam Fastball,14.3,-13.2,-1.2,-9,14.4,10.9,-8.2,2.6,32,,,FF
2024,"Beeter, Clayton",690925,Yankees,NYY,R,95.2,34,51,0.3148148148148148,0.6666666666666666,FF,4-Seam Fastball,11.5,-14.1,2.6,19,18.8,3.2,-7.7,-4.4,-58,,,FF
2024,"Hurt, Kyle",669165,Dodgers,LAD,R,94.9,34,87,0.5370370370370371,0.3908045977011494,FF,4-Seam Fastball,15.2,-14.7,-0.5,-4,15.3,9.2,-7.8,1.5,19,,,FF
2024,"White, Owen",669391,Rangers,TEX,R,94.4,34,69,0.4259259259259259,0.4927536231884058,FF,4-Seam Fastball,14.9,-14.7,-0.2,-1,15.8,6.7,-7.3,-0.6,-9,,,FF
2024,"McDermott, Chayce",694646,Orioles,BAL,R,94.0,34,82,0.5061728395061729,0.4146341463414634,FF,4-Seam Fastball,12.8,-15.2,2.4,16,18.3,8.8,-7.6,1.2,16,,,FF
2024,"Staumont, Josh",622251,Twins,MIN,R,94.2,34,420,2.592592592592593,0.0809523809523809,FF,4-Seam Fastball,12.9,-14.4,1.5,11,18.1,3.2,-6.7,-3.5,-52,,,FF
2024,"Crawford, Brandon",543063,Cardinals,STL,R,86.6,32,35,0.2160493827160493,0.9142857142857144,FF,4-Seam Fastball,24.8,-21.4,-3.4,-16,11.9,9.0,-7.9,1.1,14,,,FF
2024,"Mushinski, Parker",656786,Astros,HOU,L,92.1,32,194,1.204968944099379,0.1649484536082474,FF,4-Seam Fastball,18.6,-16.5,-2.1,-13,13.7,1.2,-7.5,-6.3,-84,,,FF
2024,"Zuber, Tyler",676604,Rays,TB,R,94.9,32,75,0.4629629629629629,0.4266666666666667,FF,4-Seam Fastball,14.6,-16.2,1.6,10,15.9,8.1,-9.4,-1.2,-13,,,FF
2024,"Logue, Zach",656657,Dodgers,LAD,L,91.7,32,43,0.2654320987654321,0.7441860465116279,FF,4-Seam Fastball,19.4,-18.9,-0.6,-3,13.4,11.0,-10.8,0.2,2,,,FF
2024,"Herget, Jimmy",623474,Braves,ATL,R,92.2,32,189,1.1666666666666667,0.1693121693121693,FF,4-Seam Fastball,23.8,-19.8,-4.0,-20,8.4,15.5,-11.1,4.3,39,,,FF
2024,"Adcock, Ty",686654,Mets,NYM,R,96.6,31,86,0.5308641975308642,0.3604651162790697,FF,4-Seam Fastball,13.8,-13.5,-0.2,-2,15.5,5.0,-7.7,-2.7,-35,,,FF
2024,"Almonte, Yency",622075,Cubs,CHC,R,94.0,31,267,1.648148148148148,0.1161048689138576,FF,4-Seam Fastball,16.9,-14.9,-2.0,-13,14.0,9.2,-7.2,2.0,27,,,FF
2024,"Gilbreath, Lucas",656458,Rockies,COL,L,92.2,31,47,0.2901234567901234,0.6595744680851063,FF,4-Seam Fastball,17.4,-16.1,-1.3,-8,14.6,3.1,-7.3,-4.3,-58,,,FF
2024,"Selby, Colin",681882,Orioles,BAL,R,94.7,31,112,0.691358024691358,0.2767857142857143,FF,4-Seam Fastball,14.1,-14.8,0.7,5,16.4,6.8,-7.5,-0.7,-9,,,FF
2024,"Carasiti, Matt",571539,Rockies,COL,R,94.6,30,170,1.0493827160493827,0.1764705882352941,FF,4-Seam Fastball,17.2,-14.6,-2.6,-18,13.1,9.7,-7.3,2.3,32,,,FF
2024,"Pint, Riley",666207,Rockies,COL,R,94.9,30,102,0.6296296296296297,0.2941176470588235,FF,4-Seam Fastball,20.8,-14.9,-5.9,-40,9.2,4.8,-7.8,-3.1,-39,,,FF
2024,"Hernandez, Jose E.",669796,Pirates,PIT,L,93.1,30,89,0.5493827160493827,0.3370786516853932,FF,4-Seam Fastball,14.9,-14.8,-0.1,-1,16.9,8.5,-6.8,1.8,26,,,FF
2024,"Heller, Ben",621294,Pirates,PIT,R,96.4,29,255,1.5740740740740742,0.1137254901960784,FF,4-Seam Fastball,16.2,-13.6,-2.6,-19,13.4,13.5,-7.6,5.9,77,,,FF
2024,"Chargois, JT",608638,Mariners,SEA,R,94.5,29,529,3.265432098765432,0.054820415879017,FF,4-Seam Fastball,18.9,-16.0,-2.9,-18,11.8,14.8,-9.0,5.9,66,0.1031175059952038,0.9856115107913668,FF
2024,"Senga, Kodai",673540,Mets,NYM,R,95.8,29,73,0.4506172839506173,0.3972602739726027,FF,4-Seam Fastball,12.8,-14.0,1.2,9,17.2,7.6,-7.5,0.1,2,,,FF
2024,"Vanasco, Ricky",676568,Tigers,DET,R,94.7,29,45,0.2777777777777778,0.6444444444444445,FF,4-Seam Fastball,13.0,-14.8,1.8,12,17.6,10.3,-7.5,2.8,38,,,FF
2024,"Bowlan, Jonathan",680742,Royals,KC,R,95.6,29,68,0.419753086419753,0.4264705882352941,FF,4-Seam Fastball,11.4,-13.6,2.2,16,18.8,7.9,-7.2,0.8,11,,,FF
2024,"Johnson, Seth",686751,Phillies,PHI,R,95.2,28,58,0.3580246913580246,0.4827586206896552,FF,4-Seam Fastball,10.3,-14.3,3.9,28,20.0,7.3,-7.9,-0.5,-7,,,FF
2024,"Feigl, Brady",621399,Pirates,PIT,L,92.7,28,44,0.2716049382716049,0.6363636363636364,FF,4-Seam Fastball,14.1,-14.8,0.8,5,17.8,5.9,-6.9,-1.0,-15,,,FF
2024,"Márquez, Germán",608566,Rockies,COL,R,96.1,28,70,0.4320987654320987,0.4,FF,4-Seam Fastball,13.9,-13.9,0.0,0,15.8,9.2,-8.1,1.0,13,,,FF
2024,"Gutierrez, Vladimir",661269,Marlins,MIA,R,92.7,27,80,0.4938271604938271,0.3375,FF,4-Seam Fastball,17.8,-17.1,-0.8,-5,14.1,10.1,-9.0,1.1,12,,,FF
2024,"Jobe, Jackson",695549,Tigers,DET,R,97.0,27,48,0.2962962962962963,0.5625,FF,4-Seam Fastball,11.5,-13.5,1.9,14,17.4,7.1,-7.9,-0.8,-10,,,FF
2024,"Castellanos, Humberto",528748,D-backs,AZ,R,89.5,27,186,1.148148148148148,0.1451612903225806,FF,4-Seam Fastball,24.7,-21.1,-3.6,-17,9.4,4.7,-11.3,-6.6,-58,,,FF
2024,"Mena, Cristian",691441,D-backs,AZ,R,95.3,27,70,0.4320987654320987,0.3857142857142857,FF,4-Seam Fastball,12.6,-13.8,1.2,9,17.6,5.6,-6.9,-1.3,-19,,,FF
2024,"Jefferies, Daulton",641726,Pirates,PIT,R,93.3,26,281,1.7345679012345678,0.092526690391459,FF,4-Seam Fastball,16.0,-15.5,-0.5,-3,15.4,10.5,-7.5,2.9,39,,,FF
2024,"Miley, Wade",489119,Brewers,MIL,L,90.1,25,118,0.7283950617283951,0.211864406779661,FF,4-Seam Fastball,16.1,-16.6,0.5,3,17.6,4.7,-5.7,-1.1,-18,,,FF
2024,"Leibrandt, Brandon",605335,Reds,CIN,L,88.7,25,117,0.7222222222222222,0.2136752136752136,FF,4-Seam Fastball,19.1,-17.6,-1.4,-8,15.6,6.9,-5.7,1.2,20,,,FF
2024,"Nelson, Nick",656793,Phillies,PHI,R,94.4,25,96,0.5925925925925926,0.2604166666666667,FF,4-Seam Fastball,14.8,-15.3,0.5,3,16.1,5.4,-8.1,-2.7,-33,,,FF
2024,"Sánchez, Cristopher",650911,Phillies,PHI,L,94.5,1324,2797,17.265432098765434,0.4733643189131212,SI,Sinker,23.2,-20.7,2.5,12,7.5,17.8,-14.3,3.5,24,0.8131487889273357,1.0,SI
2024,"Webb, Logan",657277,Giants,SF,R,92.6,1270,3200,19.753086419753085,0.396875,SI,Sinker,30.9,-25.4,5.5,22,1.1,15.1,-15.5,-0.3,-2,0.9688581314878892,0.3460207612456747,SI
2024,"Singer, Brady",663903,Royals,KC,R,92.2,1238,2966,18.30864197530864,0.4173971679028995,SI,Sinker,22.6,-25.1,-2.5,-10,9.5,14.3,-15.3,-1.1,-7,0.231833910034602,0.2110726643598615,SI
2024,"Bassitt, Chris",605135,Blue Jays,TOR,R,92.5,1207,2959,18.265432098765437,0.4079080770530585,SI,Sinker,23.9,-24.3,-0.3,-1,8.1,16.5,-15.2,1.3,8,0.5190311418685121,0.7889273356401384,SI
2024,"Valdez, Framber",664285,Astros,HOU,L,94.1,1201,2598,16.13664596273292,0.4622786759045419,SI,Sinker,24.8,-22.8,2.0,9,6.3,16.5,-15.1,1.4,10,0.7612456747404844,0.8027681660899654,SI
2024,"Bello, Brayan",678394,Red Sox,BOS,R,95.7,1093,2710,16.728395061728396,0.4033210332103321,SI,Sinker,26.0,-23.8,2.2,9,4.0,17.2,-15.9,1.4,9,0.7820069204152249,0.8027681660899654,SI
2024,"Corbin, Patrick",571578,Nationals,WSH,L,91.5,1030,2888,17.82716049382716,0.3566481994459833,SI,Sinker,21.8,-22.9,-1.1,-5,10.9,13.9,-14.1,-0.2,-1,0.4013840830449827,0.3667820069204152,SI
2024,"Hicks, Jordan",663855,Giants,SF,R,94.5,1009,1958,12.08641975308642,0.5153217568947907,SI,Sinker,25.2,-22.4,2.7,12,5.5,15.9,-15.1,0.8,5,0.8339100346020761,0.629757785467128,SI
2024,"Berríos, José",621244,Blue Jays,TOR,R,93.4,973,2914,17.987654320987655,0.3339052848318463,SI,Sinker,20.4,-23.2,-2.8,-12,11.1,15.8,-15.0,0.8,5,0.1937716262975778,0.629757785467128,SI
2024,"Stroman, Marcus",573186,Yankees,NYY,R,90.0,936,2657,16.401234567901234,0.3522770041400075,SI,Sinker,30.4,-28.0,2.4,9,3.2,9.9,-14.6,-4.8,-33,0.7958477508650519,0.0311418685121107,SI
2024,"Assad, Javier",665871,Cubs,CHC,R,91.4,899,2538,15.666666666666666,0.3542159180457053,SI,Sinker,21.7,-23.5,-1.8,-8,11.0,13.6,-14.5,-0.9,-6,0.28719723183391,0.2491349480968858,SI
2024,"Fedde, Erick",607200,Cardinals,STL,R,93.0,881,2891,17.84567901234568,0.3047388446904185,SI,Sinker,22.3,-22.6,-0.4,-2,9.3,9.1,-14.6,-5.5,-38,0.4948096885813148,0.0207612456747404,SI
2024,"Houck, Tanner",656557,Red Sox,BOS,R,93.5,879,2735,16.882716049382715,0.3213893967093236,SI,Sinker,30.9,-23.9,7.0,29,0.4,16.0,-15.4,0.6,4,0.9930795847750864,0.5536332179930796,SI
2024,"Quintana, Jose",500779,Mets,NYM,L,90.8,857,2819,17.401234567901234,0.3040085136573253,SI,Sinker,20.6,-24.5,-3.9,-16,12.8,13.9,-14.7,-0.8,-6,0.0899653979238754,0.2560553633217993,SI
2024,"Hader, Josh",623352,Astros,HOU,L,96.1,832,1166,7.24223602484472,0.7135506003430532,SI,Sinker,10.4,-20.8,-10.4,-50,19.5,7.1,-15.0,-7.8,-52,0.0,0.0034602076124567,SI
2024,"Rea, Colin",607067,Brewers,MIL,R,92.3,818,2650,16.358024691358025,0.3086792452830189,SI,Sinker,23.1,-24.0,-0.9,-4,9.0,13.9,-15.0,-1.1,-7,0.4221453287197231,0.2110726643598615,SI
2024,"Soriano, José",667755,Angels,LAA,R,97.7,808,1736,10.716049382716047,0.4654377880184331,SI,Sinker,24.3,-19.6,4.7,24,4.3,15.3,-14.8,0.5,3,0.9480968858131488,0.5294117647058824,SI
2024,"Pérez, Martín",527048,Padres,SD,L,90.7,806,2204,13.604938271604938,0.3656987295825771,SI,Sinker,23.3,-25.5,-2.3,-9,10.0,16.0,-14.9,1.1,8,0.2629757785467128,0.7335640138408305,SI
2024,"King, Michael",650633,Padres,SD,R,92.9,806,2895,17.87037037037037,0.2784110535405872,SI,Sinker,26.3,-24.5,1.8,7,5.6,16.3,-15.4,0.9,6,0.740484429065744,0.671280276816609,SI
2024,"Hendricks, Kyle",543294,Cubs,CHC,R,87.6,757,2135,13.179012345679013,0.3545667447306792,SI,Sinker,28.3,-28.1,0.3,1,7.1,13.4,-14.3,-0.9,-6,0.5951557093425606,0.2491349480968858,SI
2024,"Manaea, Sean",640455,Mets,NYM,L,92.4,752,2996,18.493827160493822,0.2510013351134846,SI,Sinker,22.6,-24.0,-1.4,-6,9.6,17.0,-15.0,2.0,13,0.3494809688581315,0.916955017301038,SI
2024,"Suarez, Ranger",624133,Phillies,PHI,L,90.8,739,2354,14.530864197530864,0.3139337298215803,SI,Sinker,28.3,-24.4,3.9,16,5.1,15.2,-14.6,0.6,4,0.8996539792387543,0.5536332179930796,SI
2024,"Ureña, José",570632,Rangers,TEX,R,96.0,737,1759,10.858024691358024,0.4189880613985219,SI,Sinker,21.6,-22.0,-0.4,-2,8.2,16.5,-15.4,1.1,7,0.4948096885813148,0.7335640138408305,SI
2024,"Gibson, Kyle",502043,Cardinals,STL,R,90.7,730,2764,17.061728395061728,0.2641099855282199,SI,Sinker,25.6,-23.3,2.3,10,7.5,13.2,-14.0,-0.8,-6,0.7923875432525952,0.2560553633217993,SI
2024,"Lively, Ben",594902,Guardians,CLE,R,90.4,717,2406,14.944099378881988,0.298004987531172,SI,Sinker,21.7,-26.0,-4.3,-17,11.7,13.3,-15.1,-1.9,-12,0.0692041522491349,0.1176470588235294,SI
2024,"Severino, Luis",622663,Mets,NYM,R,95.6,711,2889,17.833333333333332,0.2461059190031152,SI,Sinker,18.4,-21.1,-2.7,-13,11.6,14.5,-15.0,-0.5,-3,0.2076124567474048,0.2941176470588235,SI
2024,"Eflin, Zach",621107,Orioles,BAL,R,91.7,706,2447,15.104938271604938,0.2885165508786269,SI,Sinker,28.1,-24.0,4.1,17,4.6,15.7,-14.7,0.9,6,0.9238754325259516,0.671280276816609,SI
2024,"Kirby, George",669923,Mariners,SEA,R,96.0,686,2967,18.314814814814813,0.2312099764071452,SI,Sinker,18.2,-20.6,-2.5,-12,11.5,15.8,-14.9,0.9,6,0.231833910034602,0.671280276816609,SI
2024,"Hill, Tim",657612,Yankees,NYY,L,88.7,675,982,6.061728395061729,0.6873727087576375,SI,Sinker,40.4,-40.2,0.3,1,-5.3,15.6,-15.6,0.0,0,0.5951557093425606,0.4083044982698962,SI
2024,"Hjelle, Sean",663546,Giants,SF,R,94.6,671,1209,7.462962962962963,0.555004135649297,SI,Sinker,26.3,-20.3,6.0,29,4.2,15.4,-14.2,1.1,8,0.9826989619377162,0.7335640138408305,SI
2024,"Walker, Ryan",676254,Giants,SF,R,95.6,667,1220,7.530864197530864,0.5467213114754098,SI,Sinker,26.7,-24.3,2.4,10,3.3,15.1,-16.0,-1.0,-6,0.7958477508650519,0.2387543252595155,SI
2024,"Nola, Aaron",605400,Phillies,PHI,R,91.5,656,3189,19.685185185185187,0.2057071182188773,SI,Sinker,24.1,-26.1,-2.0,-8,8.6,16.9,-15.4,1.5,10,0.2768166089965398,0.8373702422145328,SI
2024,"Civale, Aaron",650644,Brewers,MIL,R,92.6,652,2699,16.660493827160494,0.2415709522045201,SI,Sinker,19.2,-22.8,-3.6,-16,12.7,13.8,-14.4,-0.5,-4,0.1141868512110726,0.2941176470588235,SI
2024,"Keller, Mitch",656605,Pirates,PIT,R,93.3,645,2849,17.58641975308642,0.2263952263952263,SI,Sinker,22.8,-23.2,-0.4,-2,8.7,14.8,-15.0,-0.2,-2,0.4948096885813148,0.3667820069204152,SI
2024,"Rogers, Tyler",643511,Giants,SF,R,82.4,640,1002,6.185185185185185,0.6387225548902196,SI,Sinker,51.5,-51.6,-0.1,0,-10.7,1.0,-0.9,0.1,8,0.5432525951557093,0.4498269896193771,SI
2024,"Dunning, Dane",641540,Rangers,TEX,R,89.7,639,1689,10.425925925925926,0.3783303730017762,SI,Sinker,27.0,-25.9,1.1,4,7.2,14.7,-14.9,-0.2,-1,0.6747404844290658,0.3667820069204152,SI
2024,"Quantrill, Cal",615698,Rockies,COL,R,93.7,635,2643,16.314814814814813,0.240257283390087,SI,Sinker,17.7,-21.2,-3.5,-16,13.3,12.4,-14.2,-1.8,-13,0.1211072664359861,0.1280276816608996,SI
2024,"Kelly, Kevin",687330,Rays,TB,R,90.8,635,1033,6.376543209876544,0.6147144240077445,SI,Sinker,34.4,-35.6,-1.1,-3,-1.0,17.7,-16.9,0.8,5,0.4013840830449827,0.629757785467128,SI
2024,"Irvin, Jake",663623,Nationals,WSH,R,93.3,632,3046,18.80246913580247,0.2074852265265922,SI,Sinker,24.7,-22.9,1.8,8,6.7,16.5,-14.8,1.7,11,0.740484429065744,0.8719723183391004,SI
2024,"Lawrence, Justin",664875,Rockies,COL,R,94.6,629,1081,6.672839506172839,0.5818686401480111,SI,Sinker,30.9,-29.5,1.4,5,-0.4,14.5,-15.6,-1.1,-7,0.7093425605536332,0.2110726643598615,SI
2024,"Thompson, Ryan",657044,D-backs,AZ,R,91.0,627,977,6.030864197530864,0.6417604912998977,SI,Sinker,39.2,-37.0,2.2,6,-5.9,14.1,-15.4,-1.3,-8,0.7820069204152249,0.1730103806228373,SI
2024,"Kochanowicz, Jack",686799,Angels,LAA,R,95.8,624,859,5.302469135802469,0.7264260768335273,SI,Sinker,27.0,-21.0,6.0,29,2.7,15.4,-15.0,0.4,3,0.9826989619377162,0.5051903114186851,SI
2024,"Mikolas, Miles",571945,Cardinals,STL,R,92.4,623,2703,16.685185185185187,0.2304846466888642,SI,Sinker,22.6,-22.0,0.7,3,9.5,13.9,-14.0,0.0,0,0.643598615916955,0.4083044982698962,SI
2024,"Alvarado, José",621237,Phillies,PHI,L,97.8,623,1052,6.493827160493828,0.5922053231939164,SI,Sinker,13.8,-16.8,-3.1,-18,14.9,12.0,-13.5,-1.5,-11,0.1660899653979238,0.1522491349480969,SI
2024,"Pfaadt, Brandon",694297,D-backs,AZ,R,93.7,619,2792,17.234567901234566,0.2217048710601719,SI,Sinker,24.6,-23.1,1.5,6,6.7,15.1,-15.1,0.0,0,0.7162629757785467,0.4083044982698962,SI
2024,"Holmes, Clay",605280,Yankees,NYY,R,96.6,610,1085,6.697530864197531,0.5622119815668203,SI,Sinker,25.2,-20.2,5.0,25,4.3,14.5,-14.3,0.1,1,0.9550173010380624,0.4498269896193771,SI
2024,"Wheeler, Zack",554430,Phillies,PHI,R,94.6,597,3134,19.34567901234568,0.1904913848117422,SI,Sinker,23.9,-24.2,-0.3,-1,6.7,17.2,-15.9,1.4,9,0.5190311418685121,0.8027681660899654,SI
2024,"Montgomery, Jordan",656756,D-backs,AZ,L,91.8,597,1929,11.907407407407408,0.3094867807153966,SI,Sinker,22.3,-22.0,0.3,1,10.2,14.7,-14.0,0.7,5,0.5951557093425606,0.5986159169550173,SI
2024,"Peterson, David",656849,Mets,NYM,L,91.9,585,1871,11.549382716049385,0.3126670229823624,SI,Sinker,25.7,-22.7,2.9,13,6.8,14.7,-14.2,0.6,4,0.8408304498269896,0.5536332179930796,SI
2024,"Skubal, Tarik",669373,Tigers,DET,L,96.6,584,2838,17.51851851851852,0.2057787174066243,SI,Sinker,17.1,-20.0,-3.0,-15,12.3,14.5,-14.7,-0.3,-2,0.1799307958477508,0.3460207612456747,SI
2024,"Koenig, Jared",657649,Brewers,MIL,L,95.0,576,1017,6.277777777777778,0.5663716814159292,SI,Sinker,19.0,-21.4,-2.4,-11,11.5,14.8,-14.8,-0.1,-1,0.2525951557093425,0.3806228373702422,SI
2024,"Lugo, Seth",607625,Royals,KC,R,92.1,576,3112,19.20987654320988,0.1850899742930591,SI,Sinker,23.7,-25.1,-1.5,-6,8.6,15.3,-15.4,-0.1,-1,0.328719723183391,0.3806228373702422,SI
2024,"Blach, Ty",621389,Rockies,COL,L,89.1,576,1133,6.993827160493828,0.5083848190644307,SI,Sinker,27.5,-28.8,-1.3,-4,6.6,14.5,-14.3,0.2,2,0.3806228373702422,0.4775086505190311,SI
2024,"Rogers, Taylor",573124,Giants,SF,L,93.0,571,1082,6.679012345679013,0.5277264325323475,SI,Sinker,24.7,-24.7,0.0,0,7.0,16.6,-15.5,1.1,7,0.5536332179930796,0.7335640138408305,SI
2024,"Cannon, Jonathan",686563,White Sox,CWS,R,93.3,568,2028,12.51851851851852,0.2800788954635108,SI,Sinker,26.8,-23.2,3.6,15,4.7,15.4,-15.0,0.4,2,0.8858131487889274,0.5051903114186851,SI
2024,"Ortiz, Luis",682847,Pirates,PIT,R,94.9,553,2143,13.228395061728396,0.2580494633691087,SI,Sinker,27.2,-25.5,1.6,6,3.3,15.7,-16.2,-0.5,-3,0.726643598615917,0.2941176470588235,SI
2024,"Rogers, Trevor",669432,Orioles,BAL,L,91.5,543,2243,13.84567901234568,0.2420864913062862,SI,Sinker,25.3,-24.1,1.2,5,7.7,17.8,-14.7,3.1,21,0.6851211072664359,0.9930795847750864,SI
2024,"Pop, Zach",647315,Blue Jays,TOR,R,96.2,540,743,4.58641975308642,0.7267833109017496,SI,Sinker,25.8,-22.3,3.5,16,4.0,16.0,-15.6,0.5,3,0.8788927335640139,0.5294117647058824,SI
2024,"Lodolo, Nick",666157,Reds,CIN,L,94.1,532,1863,11.5,0.2855609232420826,SI,Sinker,23.9,-23.7,0.3,1,7.1,18.4,-15.5,2.9,19,0.5951557093425606,0.9792387543252596,SI
2024,"Wilson, Bryse",669060,Brewers,MIL,R,93.1,531,1643,10.141975308641976,0.3231892878880097,SI,Sinker,21.7,-23.1,-1.4,-6,9.9,14.7,-14.9,-0.2,-1,0.3494809688581315,0.3667820069204152,SI
2024,"Martinez, Justin",679885,D-backs,AZ,R,100.2,527,1177,7.265432098765432,0.4477485131690739,SI,Sinker,20.1,-19.1,1.0,5,7.2,15.3,-14.9,0.5,3,0.6678200692041523,0.5294117647058824,SI
2024,"Mayza, Tim",641835,Yankees,NYY,L,92.5,524,731,4.512345679012346,0.7168262653898769,SI,Sinker,23.6,-22.1,1.5,7,8.6,15.6,-14.1,1.5,11,0.7162629757785467,0.8373702422145328,SI
2024,"Criswell, Cooper",681867,Red Sox,BOS,R,89.1,521,1756,10.839506172839506,0.2966970387243736,SI,Sinker,34.1,-28.2,5.9,21,0.5,16.5,-15.4,1.0,7,0.9792387543252596,0.7093425605536332,SI
2024,"Brown, Hunter",686613,Astros,HOU,R,95.6,518,2889,17.944099378881987,0.179300796123226,SI,Sinker,16.6,-20.0,-3.5,-17,13.5,13.7,-14.4,-0.8,-5,0.1211072664359861,0.2560553633217993,SI
2024,"Castillo, Luis",622491,Mariners,SEA,R,95.6,516,2858,17.641975308641975,0.1805458362491252,SI,Sinker,26.0,-26.2,-0.2,-1,3.9,18.3,-16.8,1.5,9,0.532871972318339,0.8373702422145328,SI
2024,"Cano, Yennier",666974,Orioles,BAL,R,96.0,512,1008,6.222222222222222,0.5079365079365079,SI,Sinker,31.6,-23.1,8.5,37,-1.8,17.1,-15.8,1.3,8,1.0,0.7889273356401384,SI
2024,"Montas, Frankie",593423,Brewers,MIL,R,94.8,508,2633,16.253086419753085,0.1929358146600835,SI,Sinker,21.2,-22.3,-1.2,-5,9.3,13.8,-15.2,-1.4,-9,0.3944636678200692,0.1660899653979238,SI
2024,"Foley, Jason",671345,Tigers,DET,R,96.9,506,905,5.58641975308642,0.5591160220994476,SI,Sinker,22.8,-21.0,1.8,8,6.3,16.5,-15.2,1.2,8,0.740484429065744,0.7681660899653979,SI
2024,"King, John",667463,Cardinals,STL,L,93.5,505,857,5.290123456790123,0.5892648774795799,SI,Sinker,27.9,-24.5,3.4,14,3.4,15.1,-15.6,-0.5,-3,0.8719723183391004,0.2941176470588235,SI
2024,"Houser, Adrian",605288,Mets,NYM,R,92.5,503,1131,6.981481481481482,0.4447391688770999,SI,Sinker,24.2,-23.2,1.0,4,7.8,16.8,-14.7,2.1,14,0.6678200692041523,0.9342560553633218,SI
2024,"Floro, Dylan",571670,D-backs,AZ,R,89.9,502,1018,6.283950617283951,0.4931237721021611,SI,Sinker,25.7,-24.4,1.3,5,8.2,15.6,-14.4,1.2,8,0.6955017301038062,0.7681660899653979,SI
2024,"Hudson, Dakota",641712,Rockies,COL,R,90.4,492,1510,9.320987654320987,0.3258278145695364,SI,Sinker,28.4,-24.0,4.4,18,4.9,13.1,-14.3,-1.2,-9,0.9307958477508652,0.1937716262975778,SI
2024,"Smyly, Drew",592767,Cubs,CHC,L,92.6,485,1016,6.271604938271605,0.4773622047244094,SI,Sinker,14.2,-20.6,-6.4,-31,17.7,7.2,-12.8,-5.5,-43,0.0138408304498269,0.0207612456747404,SI
2024,"García, Luis",472610,Red Sox,BOS,R,96.4,477,897,5.537037037037037,0.5317725752508361,SI,Sinker,18.5,-19.2,-0.7,-4,11.0,13.9,-14.3,-0.4,-3,0.4602076124567474,0.328719723183391,SI
2024,"Miller, Bryce",682243,Mariners,SEA,R,94.7,475,2749,16.969135802469136,0.1727901054929065,SI,Sinker,19.6,-23.0,-3.4,-15,11.0,15.9,-15.4,0.5,3,0.1349480968858131,0.5294117647058824,SI
2024,"Freeland, Kyle",607536,Rockies,COL,L,91.2,470,1769,10.919753086419751,0.2656868287167891,SI,Sinker,25.3,-24.1,1.2,5,7.4,13.9,-14.7,-0.7,-5,0.6851211072664359,0.2698961937716263,SI
2024,"Stone, Gavin",694813,Dodgers,LAD,R,95.3,465,2153,13.290123456790123,0.2159777055271713,SI,Sinker,17.9,-21.8,-3.9,-18,12.2,14.7,-15.1,-0.4,-3,0.0899653979238754,0.328719723183391,SI
2024,"Fried, Max",608331,Braves,ATL,L,93.5,458,2761,17.04320987654321,0.1658819268381021,SI,Sinker,22.8,-22.2,0.5,2,8.5,10.2,-14.7,-4.5,-30,0.6228373702422145,0.0380622837370242,SI
2024,"Soto, Gregory",642397,Orioles,BAL,L,97.4,450,960,5.925925925925926,0.46875,SI,Sinker,20.5,-20.6,-0.1,-1,8.4,17.1,-15.2,1.9,13,0.5432525951557093,0.903114186851211,SI
2024,"Matz, Steven",571927,Cardinals,STL,L,93.9,450,754,4.654320987654321,0.596816976127321,SI,Sinker,19.4,-22.7,-3.3,-14,11.7,15.1,-15.0,0.1,1,0.1418685121107266,0.4498269896193771,SI
2024,"Yarbrough, Ryan",642232,Blue Jays,TOR,L,86.0,448,1514,9.34567901234568,0.2959048877146631,SI,Sinker,32.2,-31.7,0.4,1,4.9,16.6,-16.2,0.4,3,0.615916955017301,0.5051903114186851,SI
2024,"Lorenzen, Michael",547179,Royals,KC,R,93.6,446,2092,12.91358024691358,0.2131931166347992,SI,Sinker,21.4,-23.8,-2.4,-10,9.8,16.1,-15.4,0.7,4,0.2525951557093425,0.5986159169550173,SI
2024,"Cronin, Declan",686539,Marlins,MIA,R,93.4,445,1096,6.765432098765432,0.4060218978102189,SI,Sinker,29.2,-25.3,3.9,15,2.1,12.5,-15.8,-3.3,-21,0.8996539792387543,0.0692041522491349,SI
2024,"Gray, Sonny",543243,Cardinals,STL,R,92.7,444,2483,15.32716049382716,0.1788159484494563,SI,Sinker,23.5,-24.0,-0.5,-2,8.3,11.4,-15.1,-3.7,-25,0.4809688581314879,0.0553633217993079,SI
2024,"Ross, Joe",605452,Brewers,MIL,R,94.8,437,1197,7.388888888888889,0.365079365079365,SI,Sinker,21.4,-21.7,-0.3,-1,9.1,13.6,-14.9,-1.3,-8,0.5190311418685121,0.1730103806228373,SI
2024,"Bender, Anthony",669622,Marlins,MIA,R,95.4,431,954,5.888888888888889,0.4517819706498951,SI,Sinker,28.3,-23.0,5.3,23,2.0,17.9,-15.6,2.3,15,0.9653979238754326,0.9515570934256056,SI
2024,"Winckowski, Josh",670174,Red Sox,BOS,R,95.1,418,1240,7.654320987654321,0.3370967741935484,SI,Sinker,21.3,-21.2,0.1,1,8.9,15.7,-14.8,0.9,6,0.5813148788927336,0.671280276816609,SI
2024,"Zerpa, Angel",672582,Royals,KC,L,96.4,416,951,5.87037037037037,0.4374342797055731,SI,Sinker,25.0,-24.9,0.0,0,4.4,16.5,-16.3,0.2,1,0.5536332179930796,0.4775086505190311,SI
2024,"Irvin, Cole",608344,Twins,MIN,L,91.7,415,1767,10.907407407407408,0.2348613469156762,SI,Sinker,21.8,-23.2,-1.4,-6,10.9,15.1,-14.3,0.8,6,0.3494809688581315,0.629757785467128,SI
2024,"McFarland, T.J.",519008,Athletics,ATH,L,88.0,411,836,5.160493827160494,0.4916267942583732,SI,Sinker,38.1,-31.7,6.4,20,-2.7,16.7,-14.2,2.4,17,0.9896193771626296,0.9653979238754326,SI
2024,"Peguero, Elvis",665625,Brewers,MIL,R,96.8,409,829,5.117283950617284,0.4933655006031363,SI,Sinker,24.9,-21.0,3.9,19,4.3,16.8,-15.1,1.7,11,0.8996539792387543,0.8719723183391004,SI
2024,"Wacha, Michael",608379,Royals,KC,R,93.6,409,2602,16.061728395061728,0.1571867794004612,SI,Sinker,16.6,-21.1,-4.5,-21,14.5,12.8,-14.2,-1.4,-10,0.0553633217993079,0.1660899653979238,SI
2024,"Hoeing, Bryan",663773,Padres,SD,R,93.9,405,782,4.827160493827161,0.5179028132992327,SI,Sinker,24.2,-21.8,2.4,11,7.0,16.8,-14.6,2.2,15,0.7958477508650519,0.944636678200692,SI
2024,"Bernardino, Brennan",657514,Red Sox,BOS,L,91.4,401,860,5.308641975308642,0.4662790697674419,SI,Sinker,27.3,-27.0,0.3,1,5.6,15.9,-15.4,0.5,3,0.5951557093425606,0.5294117647058824,SI
2024,"Woo, Bryan",693433,Mariners,SEA,R,94.7,398,1716,10.592592592592592,0.2319347319347319,SI,Sinker,23.8,-24.8,-1.0,-4,6.7,16.8,-16.0,0.8,5,0.4083044982698962,0.629757785467128,SI
2024,"Little, Brendon",663893,Blue Jays,TOR,L,94.5,397,696,4.296296296296297,0.5704022988505747,SI,Sinker,31.0,-23.6,7.4,31,-0.2,16.1,-15.5,0.6,4,0.9965397923875432,0.5536332179930796,SI
2024,"Walker, Taijuan",592836,Phillies,PHI,R,91.1,392,1435,8.858024691358025,0.2731707317073171,SI,Sinker,20.8,-22.4,-1.5,-7,12.1,14.9,-13.4,1.5,11,0.328719723183391,0.8373702422145328,SI
2024,"Bummer, Aaron",607481,Braves,ATL,L,93.1,388,974,6.012345679012346,0.3983572895277207,SI,Sinker,31.3,-25.6,5.7,22,0.3,15.2,-15.8,-0.6,-4,0.9757785467128028,0.2837370242214533,SI
2024,"Morejon, Adrian",670970,Padres,SD,L,97.4,385,1064,6.567901234567901,0.3618421052631579,SI,Sinker,18.6,-20.3,-1.7,-8,10.3,15.7,-15.1,0.6,4,0.2975778546712803,0.5536332179930796,SI
2024,"Kittredge, Andrew",552640,Cardinals,STL,R,94.7,383,1028,6.345679012345679,0.372568093385214,SI,Sinker,21.4,-21.9,-0.6,-3,9.2,15.0,-15.0,0.0,0,0.4740484429065744,0.4083044982698962,SI
2024,"Pallante, Andre",669467,Cardinals,STL,R,94.8,382,1934,11.938271604938272,0.1975180972078593,SI,Sinker,15.8,-21.0,-5.2,-25,14.6,10.3,-14.6,-4.3,-30,0.0415224913494809,0.0415224913494809,SI
2024,"Chafin, Andrew",605177,Rangers,TEX,L,91.7,381,967,5.969135802469136,0.3940020682523268,SI,Sinker,19.7,-22.6,-2.8,-13,12.9,14.7,-14.1,0.6,4,0.1937716262975778,0.5536332179930796,SI
2024,"Olson, Reese",681857,Tigers,DET,R,94.2,371,1853,11.438271604938272,0.2002158661629789,SI,Sinker,22.3,-22.6,-0.4,-2,8.6,15.8,-15.1,0.7,5,0.4948096885813148,0.5986159169550173,SI
2024,"Elder, Bryce",693821,Braves,ATL,R,90.2,370,864,5.333333333333333,0.4282407407407407,SI,Sinker,22.9,-22.5,0.5,2,10.7,13.1,-13.2,0.0,0,0.6228373702422145,0.4083044982698962,SI
2024,"Mantiply, Joe",573009,D-backs,AZ,L,88.9,368,867,5.351851851851852,0.4244521337946944,SI,Sinker,32.8,-28.1,4.6,16,2.0,18.1,-15.5,2.6,17,0.9411764705882352,0.9757785467128028,SI
2024,"Martinez, Nick",607259,Reds,CIN,R,92.0,366,2125,13.117283950617283,0.172235294117647,SI,Sinker,17.8,-23.0,-5.2,-23,14.6,12.9,-14.2,-1.3,-9,0.0415224913494809,0.1730103806228373,SI
2024,"Littell, Zack",641793,Rays,TB,R,91.6,365,2486,15.34567901234568,0.1468222043443282,SI,Sinker,19.3,-23.5,-4.2,-18,13.4,14.8,-14.5,0.3,2,0.0761245674740484,0.4948096885813148,SI
2024,"Alexander, Scott",518397,Athletics,ATH,L,92.1,364,566,3.493827160493827,0.6431095406360424,SI,Sinker,28.9,-24.2,4.7,19,3.4,14.1,-15.0,-1.0,-6,0.9480968858131488,0.2387543252595155,SI
2024,"Bivens, Spencer",702352,Giants,SF,R,94.3,363,768,4.7407407407407405,0.47265625,SI,Sinker,25.7,-21.8,3.9,18,5.0,15.6,-14.8,0.8,5,0.8996539792387543,0.629757785467128,SI
2024,"Spence, Mitch",687765,Athletics,ATH,R,91.9,361,2480,15.308641975308642,0.1455645161290322,SI,Sinker,27.4,-22.9,4.5,19,5.0,8.2,-14.2,-6.0,-42,0.9377162629757786,0.0138408304498269,SI
2024,"Roupp, Landen",694738,Giants,SF,R,94.4,359,906,5.592592592592593,0.3962472406181015,SI,Sinker,26.3,-24.2,2.1,9,4.4,17.8,-15.8,2.0,13,0.7716262975778547,0.916955017301038,SI
2024,"Romero, JoJo",668941,Cardinals,STL,L,94.0,358,919,5.672839506172839,0.3895538628944505,SI,Sinker,27.6,-25.8,1.8,7,3.4,17.6,-16.0,1.5,10,0.740484429065744,0.8373702422145328,SI
2024,"Fulmer, Carson",608334,Angels,LAA,R,92.6,358,1472,9.08641975308642,0.2432065217391304,SI,Sinker,22.1,-23.8,-1.7,-7,9.9,15.0,-15.0,0.0,0,0.2975778546712803,0.4083044982698962,SI
2024,"Waldron, Matt",663362,Padres,SD,R,90.0,358,2450,15.123456790123456,0.1461224489795918,SI,Sinker,25.8,-25.8,0.0,0,8.1,15.6,-15.0,0.5,4,0.5536332179930796,0.5294117647058824,SI
2024,"Feltner, Ryan",663372,Rockies,COL,R,94.2,354,2577,15.907407407407408,0.1373690337601862,SI,Sinker,22.3,-23.2,-0.9,-4,8.5,12.7,-15.3,-2.6,-17,0.4221453287197231,0.0865051903114186,SI
2024,"Wood, Alex",622072,Athletics,ATH,L,90.5,348,756,4.666666666666667,0.4603174603174603,SI,Sinker,23.0,-27.9,-4.9,-18,10.5,16.6,-15.5,1.1,7,0.0484429065743944,0.7335640138408305,SI
2024,"Weissert, Greg",669711,Red Sox,BOS,R,93.7,342,1029,6.351851851851852,0.3323615160349854,SI,Sinker,27.6,-26.1,1.5,6,3.7,17.0,-16.0,1.0,6,0.7162629757785467,0.7093425605536332,SI
2024,"Junis, Jakob",596001,Reds,CIN,R,91.9,342,943,5.820987654320987,0.3626723223753976,SI,Sinker,25.6,-24.8,0.8,3,6.8,14.0,-15.2,-1.2,-8,0.657439446366782,0.1937716262975778,SI
2024,"Lynn, Lance",458681,Cardinals,STL,R,91.1,340,2039,12.58641975308642,0.1667484060814124,SI,Sinker,24.8,-25.0,-0.1,0,8.3,12.8,-15.0,-2.2,-15,0.5432525951557093,0.1072664359861591,SI
2024,"Ottavino, Adam",493603,Mets,NYM,R,92.1,339,1003,6.191358024691358,0.3379860418743768,SI,Sinker,27.0,-24.5,2.5,10,5.4,16.0,-15.1,0.9,6,0.8131487889273357,0.671280276816609,SI
2024,"Muñoz, Roddery",682610,Marlins,MIA,R,94.9,337,1485,9.166666666666666,0.2269360269360269,SI,Sinker,22.7,-23.1,-0.4,-2,7.8,17.0,-15.5,1.4,9,0.4948096885813148,0.8027681660899654,SI
2024,"Milner, Hoby",571948,Brewers,MIL,L,88.5,333,1043,6.438271604938271,0.3192713326941515,SI,Sinker,34.7,-33.4,1.3,4,0.5,17.7,-16.3,1.4,8,0.6955017301038062,0.8027681660899654,SI
2024,"Pérez, Cionel",672335,Orioles,BAL,L,96.1,331,864,5.333333333333333,0.3831018518518518,SI,Sinker,22.4,-23.3,-0.9,-4,7.2,14.8,-15.9,-1.1,-7,0.4221453287197231,0.2110726643598615,SI
2024,"Young, Danny",664849,Mets,NYM,L,91.4,329,697,4.302469135802469,0.4720229555236729,SI,Sinker,29.2,-25.8,3.4,13,3.7,18.4,-15.4,3.0,20,0.8719723183391004,0.986159169550173,SI
2024,"Kolek, Stephen",663568,Padres,SD,R,95.2,328,797,4.919753086419753,0.411543287327478,SI,Sinker,24.9,-22.9,1.9,8,5.5,15.2,-15.5,-0.3,-2,0.7577854671280276,0.3460207612456747,SI
2024,"Hurter, Brant",676428,Tigers,DET,L,92.4,325,645,3.9814814814814814,0.5038759689922481,SI,Sinker,28.0,-23.6,4.4,18,4.1,15.6,-14.9,0.7,5,0.9307958477508652,0.5986159169550173,SI
2024,"Kremer, Dean",665152,Orioles,BAL,R,92.2,322,2171,13.401234567901234,0.1483187471211423,SI,Sinker,20.1,-23.6,-3.5,-15,12.1,14.6,-14.8,-0.3,-2,0.1211072664359861,0.3460207612456747,SI
2024,"McArthur, James",663704,Royals,KC,R,95.1,322,903,5.574074074074074,0.3565891472868217,SI,Sinker,22.9,-21.3,1.6,8,7.4,17.0,-14.8,2.2,15,0.726643598615917,0.944636678200692,SI
2024,"Tate, Dillon",622253,Blue Jays,TOR,R,92.6,319,590,3.641975308641976,0.5406779661016949,SI,Sinker,27.7,-24.2,3.5,14,4.2,16.1,-15.2,0.9,6,0.8788927335640139,0.671280276816609,SI
2024,"Chapman, Aroldis",547973,Pirates,PIT,L,99.8,313,1128,6.962962962962963,0.2774822695035461,SI,Sinker,11.9,-14.2,-2.3,-16,15.5,11.0,-12.4,-1.5,-12,0.2629757785467128,0.1522491349480969,SI
2024,"Soroka, Michael",647336,White Sox,CWS,R,92.3,307,1442,8.901234567901234,0.2128987517337031,SI,Sinker,23.4,-23.4,0.0,0,8.8,16.5,-14.7,1.8,12,0.5536332179930796,0.8858131487889274,SI
2024,"Sears, JP",676664,Athletics,ATH,L,90.0,307,2856,17.62962962962963,0.1074929971988795,SI,Sinker,27.6,-29.7,-2.1,-7,6.2,16.1,-16.1,0.0,0,0.273356401384083,0.4083044982698962,SI
2024,"Ramírez, Yohan",670990,Red Sox,BOS,R,94.4,306,769,4.746913580246914,0.3979193758127438,SI,Sinker,25.1,-25.0,0.1,0,5.7,17.1,-16.0,1.1,7,0.5813148788927336,0.7335640138408305,SI
2024,"Bird, Jake",656234,Rockies,COL,R,95.4,303,684,4.222222222222222,0.4429824561403508,SI,Sinker,27.4,-24.3,3.1,13,2.4,11.3,-16.0,-4.7,-30,0.8512110726643599,0.0346020761245674,SI
2024,"Schmidt, Clarke",657376,Yankees,NYY,R,94.3,303,1454,8.975308641975309,0.2083906464924346,SI,Sinker,23.7,-22.8,0.9,4,7.1,11.0,-15.2,-4.3,-28,0.6643598615916955,0.0415224913494809,SI
2024,"Armstrong, Shawn",542888,Cubs,CHC,R,93.6,301,1109,6.845679012345679,0.2714156898106402,SI,Sinker,21.0,-22.7,-1.8,-8,10.3,15.5,-14.9,0.6,4,0.28719723183391,0.5536332179930796,SI
2024,"Marsh, Alec",679525,Royals,KC,R,93.6,299,2161,13.339506172839506,0.1383618695048588,SI,Sinker,24.0,-23.7,0.3,1,7.2,16.8,-15.3,1.4,9,0.5951557093425606,0.8027681660899654,SI
2024,"Vieira, Thyago",600986,D-backs,AZ,R,97.1,298,737,4.549382716049383,0.4043419267299864,SI,Sinker,16.3,-19.4,-3.1,-16,12.9,14.3,-14.6,-0.3,-2,0.1660899653979238,0.3460207612456747,SI
2024,"Falter, Bailey",663559,Pirates,PIT,L,91.9,296,2137,13.191358024691358,0.1385119326158165,SI,Sinker,15.5,-23.7,-8.2,-35,16.8,8.0,-14.7,-6.7,-46,0.0069204152249134,0.0069204152249134,SI
2024,"Hancock, Emerson",676106,Mariners,SEA,R,93.2,292,1014,6.25925925925926,0.2879684418145957,SI,Sinker,23.0,-23.9,-0.9,-4,8.5,17.8,-15.3,2.5,17,0.4221453287197231,0.972318339100346,SI
2024,"Holton, Tyler",663947,Tigers,DET,L,91.6,292,1339,8.265432098765432,0.2180731889469753,SI,Sinker,22.2,-24.0,-1.8,-7,10.4,14.8,-14.7,0.1,1,0.28719723183391,0.4498269896193771,SI
2024,"López, Jorge",605347,Cubs,CHC,R,95.5,291,802,4.950617283950617,0.3628428927680798,SI,Sinker,21.6,-21.8,-0.2,-1,8.5,17.1,-15.2,1.9,13,0.532871972318339,0.903114186851211,SI
2024,"Leiter Jr., Mark",643410,Yankees,NYY,R,91.5,290,1015,6.265432098765432,0.2857142857142857,SI,Sinker,20.7,-24.0,-3.3,-14,11.9,14.0,-14.7,-0.7,-5,0.1418685121107266,0.2698961937716263,SI
2024,"Carrasco, Carlos",471911,Guardians,CLE,R,91.0,289,1693,10.51552795031056,0.1707028942705257,SI,Sinker,27.3,-24.0,3.3,14,5.8,13.4,-14.6,-1.1,-8,0.8615916955017301,0.2110726643598615,SI
2024,"Hernández, Jonathan",642546,Mariners,SEA,R,96.8,285,761,4.697530864197531,0.3745072273324573,SI,Sinker,22.2,-22.2,0.0,0,7.0,17.4,-15.7,1.7,11,0.5536332179930796,0.8719723183391004,SI
2024,"Morton, Charlie",450203,Braves,ATL,R,93.6,284,2791,17.228395061728396,0.1017556431386599,SI,Sinker,27.7,-24.2,3.6,15,3.6,17.3,-15.5,1.8,11,0.8858131487889274,0.8858131487889274,SI
2024,"Saucedo, Tayler",642048,Mariners,SEA,L,91.3,284,626,3.864197530864197,0.4536741214057508,SI,Sinker,29.5,-25.4,4.1,16,3.4,17.6,-15.2,2.3,15,0.9238754325259516,0.9515570934256056,SI
2024,"Buttó, José",676130,Mets,NYM,R,93.5,282,1222,7.54320987654321,0.2307692307692307,SI,Sinker,21.6,-24.6,-3.0,-12,9.8,15.4,-15.7,-0.3,-2,0.1799307958477508,0.3460207612456747,SI
2024,"Chavez, Jesse",445926,Braves,ATL,R,90.7,281,1044,6.444444444444445,0.2691570881226053,SI,Sinker,25.5,-26.3,-0.8,-3,7.6,15.9,-15.4,0.6,4,0.4532871972318339,0.5536332179930796,SI
2024,"Liberatore, Matthew",669461,Cardinals,STL,L,95.4,279,1357,8.376543209876543,0.2056005895357406,SI,Sinker,16.4,-19.9,-3.5,-18,13.6,13.0,-14.1,-1.1,-8,0.1211072664359861,0.2110726643598615,SI
2024,"Farmer, Buck",571656,Reds,CIN,R,92.5,278,1168,7.209876543209877,0.238013698630137,SI,Sinker,25.0,-24.0,1.1,4,7.0,17.4,-15.1,2.3,15,0.6747404844290658,0.9515570934256056,SI
2024,"Woodford, Jake",663765,Pirates,PIT,R,91.5,277,618,3.814814814814815,0.4482200647249191,SI,Sinker,28.0,-25.9,2.1,8,4.7,14.7,-15.5,-0.8,-5,0.7716262975778547,0.2560553633217993,SI
2024,"Roycroft, Chris",688297,Cardinals,STL,R,96.0,277,596,3.679012345679012,0.4647651006711409,SI,Sinker,28.2,-23.0,5.2,23,1.5,18.1,-15.7,2.3,15,0.9619377162629758,0.9515570934256056,SI
2024,"Spiers, Carson",686730,Reds,CIN,R,92.1,274,1554,9.592592592592592,0.1763191763191763,SI,Sinker,24.0,-24.9,-0.9,-3,8.2,15.5,-15.3,0.2,1,0.4221453287197231,0.4775086505190311,SI
2024,"Taillon, Jameson",592791,Cubs,CHC,R,92.5,274,2483,15.32716049382716,0.1103503826016915,SI,Sinker,18.2,-22.5,-4.3,-19,13.7,12.8,-14.4,-1.6,-11,0.0692041522491349,0.1418685121107266,SI
2024,"Chargois, JT",608638,Mariners,SEA,R,95.0,270,529,3.265432098765432,0.5103969754253308,SI,Sinker,22.1,-23.5,-1.4,-6,8.3,17.7,-15.7,2.0,13,0.3494809688581315,0.916955017301038,SI
2024,"Vásquez, Randy",681190,Padres,SD,R,94.2,270,1687,10.41358024691358,0.1600474214582098,SI,Sinker,19.3,-22.1,-2.8,-13,11.6,15.2,-14.9,0.3,2,0.1937716262975778,0.4948096885813148,SI
2024,"Bradish, Kyle",680694,Orioles,BAL,R,95.3,267,674,4.160493827160494,0.3961424332344214,SI,Sinker,16.8,-20.0,-3.3,-16,13.4,10.8,-14.2,-3.4,-24,0.1418685121107266,0.0657439446366782,SI
2024,"Ferrer, José A.",678606,Nationals,WSH,L,97.9,263,476,2.938271604938272,0.5525210084033614,SI,Sinker,21.5,-20.5,1.0,5,7.1,17.8,-15.4,2.5,16,,,SI
2024,"Ginn, J.T.",669372,Athletics,ATH,R,92.9,259,515,3.1790123456790123,0.5029126213592233,SI,Sinker,25.6,-23.1,2.5,11,6.0,15.6,-14.8,0.8,6,0.8131487889273357,0.629757785467128,SI
2024,"Treinen, Blake",595014,Dodgers,LAD,R,94.6,252,737,4.549382716049383,0.3419267299864315,SI,Sinker,27.2,-22.6,4.6,20,3.4,16.5,-15.0,1.5,10,0.9411764705882352,0.8373702422145328,SI
2024,"Sandoval, Patrick",663776,Angels,LAA,L,93.7,252,1444,8.91358024691358,0.1745152354570637,SI,Sinker,17.6,-22.1,-4.5,-20,13.6,13.0,-14.7,-1.7,-12,0.0553633217993079,0.1384083044982699,SI
2024,"Peralta, Wandy",593974,Padres,SD,L,95.1,248,613,3.783950617283951,0.4045676998368678,SI,Sinker,20.8,-22.4,-1.7,-8,9.6,16.1,-15.1,1.0,6,0.2975778546712803,0.7093425605536332,SI
2024,"Priester, Quinn",682990,Red Sox,BOS,R,93.1,245,811,5.006172839506172,0.3020961775585696,SI,Sinker,26.1,-22.9,3.3,14,5.3,14.4,-14.8,-0.4,-3,0.8615916955017301,0.328719723183391,SI
2024,"Salazar, Eduardo",674285,Nationals,WSH,R,94.4,245,494,3.049382716049383,0.4959514170040486,SI,Sinker,25.6,-23.1,2.5,11,5.2,16.3,-15.3,0.9,6,0.8131487889273357,0.671280276816609,SI
2024,"Tonkin, Michael",543859,Twins,MIN,R,92.5,244,1419,8.75925925925926,0.1719520789288231,SI,Sinker,29.3,-25.5,3.8,15,3.0,18.7,-15.6,3.1,20,0.8961937716262975,0.9930795847750864,SI
2024,"Hanifee, Brenan",669724,Tigers,DET,R,94.8,241,446,2.753086419753086,0.5403587443946188,SI,Sinker,24.2,-23.3,0.9,4,6.2,16.0,-15.5,0.5,3,,,SI
2024,"Schreiber, John",670167,Royals,KC,R,92.0,233,895,5.524691358024692,0.2603351955307262,SI,Sinker,34.3,-32.5,1.7,5,-1.9,16.4,-15.8,0.6,4,0.7335640138408305,0.5536332179930796,SI
2024,"López, Pablo",641154,Twins,MIN,R,94.5,231,2986,18.432098765432094,0.0773610180843938,SI,Sinker,22.2,-22.2,0.0,0,8.5,13.8,-15.0,-1.2,-8,0.5536332179930796,0.1937716262975778,SI
2024,"Burnes, Corbin",669203,Orioles,BAL,R,97.0,230,2995,18.48765432098765,0.0767946577629382,SI,Sinker,18.7,-20.2,-1.4,-7,10.3,12.2,-14.9,-2.8,-19,0.3494809688581315,0.0795847750865051,SI
2024,"McCaughan, Darren",670766,Marlins,MIA,R,89.0,225,714,4.407407407407407,0.315126050420168,SI,Sinker,26.5,-27.0,-0.5,-2,8.1,16.1,-15.2,0.9,6,0.4809688581314879,0.671280276816609,SI
2024,"Brazobán, Huascar",623211,Mets,NYM,R,96.2,223,899,5.549382716049383,0.2480533926585094,SI,Sinker,22.4,-22.3,0.2,1,7.2,17.2,-15.6,1.6,10,0.5916955017301038,0.8650519031141869,SI
2024,"Holderman, Colin",670059,Pirates,PIT,R,97.2,223,869,5.364197530864198,0.2566168009205984,SI,Sinker,21.2,-20.8,0.4,2,7.8,15.1,-15.2,-0.1,-1,0.615916955017301,0.3806228373702422,SI
2024,"Cabrera, Génesis",650893,Blue Jays,TOR,L,96.0,223,1030,6.3580246913580245,0.216504854368932,SI,Sinker,17.2,-21.8,-4.5,-21,12.6,15.8,-15.4,0.4,3,0.0553633217993079,0.5051903114186851,SI
2024,"Buehler, Walker",621111,Dodgers,LAD,R,94.8,219,1336,8.246913580246913,0.1639221556886227,SI,Sinker,19.2,-23.3,-4.1,-18,11.1,13.8,-15.6,-1.8,-11,0.0830449826989619,0.1280276816608996,SI
2024,"Kuhl, Chad",641771,White Sox,CWS,R,93.9,218,980,6.049382716049383,0.2224489795918367,SI,Sinker,26.2,-24.0,2.2,9,4.8,16.0,-15.6,0.4,2,0.7820069204152249,0.5051903114186851,SI
2024,"Crouse, Hans",668968,Angels,LAA,R,92.6,217,437,2.697530864197531,0.4965675057208238,SI,Sinker,17.6,-24.4,-6.8,-28,14.4,14.0,-15.0,-1.0,-7,,,SI
2024,"Cousins, Jake",664776,Yankees,NYY,R,95.1,217,644,3.975308641975309,0.3369565217391304,SI,Sinker,22.1,-21.4,0.6,3,8.4,17.8,-14.9,2.9,20,0.6366782006920415,0.9792387543252596,SI
2024,"Ashby, Aaron",676879,Brewers,MIL,L,96.2,216,484,2.9876543209876543,0.4462809917355372,SI,Sinker,21.2,-21.2,0.0,0,8.4,14.8,-14.2,0.5,4,,,SI
2024,"Darvish, Yu",506433,Padres,SD,R,93.6,215,1260,7.777777777777778,0.1706349206349206,SI,Sinker,21.7,-23.5,-1.7,-7,9.7,15.3,-15.2,0.0,0,0.2975778546712803,0.4083044982698962,SI
2024,"Suter, Brent",608718,Reds,CIN,L,87.4,214,1022,6.308641975308642,0.2093933463796477,SI,Sinker,22.4,-24.4,-2.0,-8,13.3,10.0,-11.9,-1.9,-16,0.2768166089965398,0.1176470588235294,SI
2024,"Alexander, Tyler",641302,Rays,TB,L,89.6,212,1668,10.296296296296296,0.1270983213429256,SI,Sinker,22.9,-25.9,-3.1,-12,11.4,16.3,-14.9,1.4,9,0.1660899653979238,0.8027681660899654,SI
2024,"Sale, Chris",519242,Braves,ATL,L,93.9,204,2815,17.376543209876544,0.07246891651865,SI,Sinker,28.5,-25.2,3.2,13,2.7,17.8,-15.9,1.9,12,0.8546712802768166,0.903114186851211,SI
2024,"Fleming, Josh",676596,Pirates,PIT,L,90.4,203,532,3.2839506172839505,0.3815789473684211,SI,Sinker,31.4,-25.9,5.5,21,2.1,16.5,-15.2,1.3,9,0.9688581314878892,0.7889273356401384,SI
2024,"Erceg, Lucas",668674,Royals,KC,R,98.5,202,947,5.845679012345679,0.2133051742344245,SI,Sinker,18.1,-19.0,-0.9,-5,10.1,15.7,-14.7,1.0,7,0.4221453287197231,0.7093425605536332,SI
2024,"Ashcraft, Graham",668933,Reds,CIN,R,94.9,201,1342,8.283950617283951,0.1497764530551416,SI,Sinker,21.0,-22.4,-1.4,-6,9.4,8.3,-14.9,-6.6,-44,0.3494809688581315,0.0103806228373702,SI
2024,"Ruiz, José",614179,Phillies,PHI,R,95.8,197,835,5.154320987654321,0.2359281437125748,SI,Sinker,17.3,-20.9,-3.6,-17,12.4,13.9,-14.9,-1.0,-6,0.1141868512110726,0.2387543252595155,SI
2024,"Muñoz, Andrés",662253,Mariners,SEA,R,97.5,196,951,5.87037037037037,0.206098843322818,SI,Sinker,24.0,-23.2,0.8,3,4.8,17.9,-16.0,1.8,11,0.657439446366782,0.8858131487889274,SI
2024,"Tinoco, Jesus",622786,Marlins,MIA,R,96.1,195,644,3.975308641975309,0.3027950310559006,SI,Sinker,23.3,-23.2,0.1,0,6.4,17.3,-15.8,1.4,9,0.5813148788927336,0.8027681660899654,SI
2024,"Bowman, Matt",621199,Orioles,BAL,R,92.2,194,497,3.067901234567901,0.3903420523138833,SI,Sinker,27.8,-23.9,3.9,16,4.6,17.2,-14.8,2.4,16,0.8996539792387543,0.9653979238754326,SI
2024,"Garrett, Braxton",666129,Marlins,MIA,L,90.0,194,588,3.6296296296296298,0.3299319727891156,SI,Sinker,26.7,-24.9,1.8,7,7.3,16.2,-14.6,1.6,11,0.740484429065744,0.8650519031141869,SI
2024,"Black, Mason",696131,Giants,SF,R,92.6,194,663,4.092592592592593,0.2926093514328808,SI,Sinker,24.8,-25.7,-0.9,-3,7.1,16.6,-15.6,1.0,6,0.4221453287197231,0.7093425605536332,SI
2024,"Joyce, Ben",690829,Angels,LAA,R,97.0,192,541,3.3395061728395063,0.354898336414048,SI,Sinker,26.4,-22.5,3.9,17,2.6,13.4,-15.8,-2.3,-15,0.8996539792387543,0.1038062283737024,SI
2024,"Brieske, Beau",689225,Tigers,DET,R,95.5,191,1152,7.111111111111111,0.1657986111111111,SI,Sinker,15.3,-21.4,-6.1,-29,14.7,12.7,-15.1,-2.4,-16,0.0173010380622837,0.0968858131487889,SI
2024,"Domínguez, Seranthony",622554,Orioles,BAL,R,98.0,189,1064,6.567901234567901,0.1776315789473684,SI,Sinker,18.7,-21.2,-2.5,-12,9.8,14.0,-15.5,-1.6,-10,0.231833910034602,0.1418685121107266,SI
2024,"Banda, Anthony",607455,Dodgers,LAD,L,96.1,189,774,4.777777777777778,0.2441860465116279,SI,Sinker,21.2,-22.7,-1.5,-6,8.4,15.8,-15.7,0.1,1,0.328719723183391,0.4498269896193771,SI
2024,"Rodríguez, Manuel",655889,Rays,TB,R,96.7,189,605,3.734567901234568,0.312396694214876,SI,Sinker,20.0,-21.6,-1.6,-7,9.2,14.1,-15.4,-1.3,-8,0.3114186851211072,0.1730103806228373,SI
2024,"Stripling, Ross",548389,Athletics,ATH,R,90.2,187,1358,8.382716049382717,0.1377025036818851,SI,Sinker,21.7,-22.2,-0.5,-2,12.1,14.1,-13.3,0.8,6,0.4809688581314879,0.629757785467128,SI
2024,"Allen, Logan",671106,Guardians,CLE,L,91.2,184,1665,10.341614906832298,0.1105105105105105,SI,Sinker,18.8,-25.3,-6.5,-26,14.1,12.2,-15.2,-3.0,-20,0.0103806228373702,0.0761245674740484,SI
2024,"Grove, Michael",675627,Dodgers,LAD,R,96.0,183,827,5.104938271604938,0.2212817412333736,SI,Sinker,14.0,-20.1,-6.1,-30,15.7,10.6,-14.6,-4.0,-27,0.0173010380622837,0.0519031141868512,SI
2024,"González, Victor",624647,Yankees,NYY,L,93.3,183,386,2.382716049382716,0.4740932642487047,SI,Sinker,23.9,-25.8,-2.0,-8,7.7,17.9,-15.9,2.0,13,,,SI
2024,"Marte, Yunior",628708,Phillies,PHI,R,96.2,182,482,2.9753086419753085,0.3775933609958506,SI,Sinker,19.6,-22.5,-2.9,-13,10.1,17.1,-15.6,1.5,10,,,SI
2024,"Gausman, Kevin",592332,Blue Jays,TOR,R,93.3,181,2868,17.703703703703702,0.0631101813110181,SI,Sinker,19.0,-22.9,-3.9,-17,12.5,15.6,-14.9,0.7,5,0.0899653979238754,0.5986159169550173,SI
2024,"Lovelady, Richard",663992,Rays,TB,L,92.2,181,528,3.259259259259259,0.3428030303030303,SI,Sinker,27.5,-24.9,2.6,11,4.9,16.8,-15.2,1.5,10,0.8304498269896193,0.8373702422145328,SI
2024,"Ferguson, Tyler",621053,Athletics,ATH,R,95.1,181,819,5.055555555555555,0.221001221001221,SI,Sinker,26.1,-22.4,3.7,17,4.3,16.5,-15.4,1.1,7,0.8927335640138409,0.7335640138408305,SI
2024,"Avila, Pedro",658648,Guardians,CLE,R,93.0,177,1419,8.813664596273291,0.1247357293868921,SI,Sinker,21.5,-23.1,-1.6,-7,10.2,12.1,-14.9,-2.8,-19,0.3114186851211072,0.0795847750865051,SI
2024,"Weathers, Ryan",677960,Marlins,MIA,L,94.6,177,1413,8.722222222222221,0.1252653927813163,SI,Sinker,20.7,-23.9,-3.3,-14,10.1,17.4,-15.7,1.7,11,0.1418685121107266,0.8719723183391004,SI
2024,"Moll, Sam",594580,Reds,CIN,L,92.0,177,624,3.851851851851852,0.2836538461538461,SI,Sinker,31.7,-30.6,1.1,4,0.7,17.4,-16.9,0.6,3,0.6747404844290658,0.5536332179930796,SI
2024,"Emanuel, Kent",592288,Marlins,MIA,L,89.4,176,302,1.8641975308641976,0.5827814569536424,SI,Sinker,31.6,-25.8,5.8,22,2.7,14.9,-14.5,0.4,3,,,SI
2024,"Payamps, Joel",606303,Brewers,MIL,R,94.7,176,899,5.549382716049383,0.1957730812013348,SI,Sinker,21.7,-22.7,-1.0,-4,8.9,15.6,-15.3,0.4,2,0.4083044982698962,0.5051903114186851,SI
2024,"Martinez, Seth",661527,Astros,HOU,R,89.8,176,838,5.204968944099379,0.2100238663484487,SI,Sinker,33.2,-31.8,1.3,4,0.8,14.6,-16.1,-1.5,-9,0.6955017301038062,0.1522491349480969,SI
2024,"Zulueta, Yosver",691172,Reds,CIN,R,96.3,176,286,1.7654320987654322,0.6153846153846154,SI,Sinker,25.8,-21.7,4.0,19,3.7,15.4,-15.4,0.0,0,,,SI
2024,"Keuchel, Dallas",572971,Brewers,MIL,L,88.1,175,308,1.9012345679012344,0.5681818181818182,SI,Sinker,29.3,-27.1,2.3,8,5.6,14.0,-14.1,-0.1,-1,,,SI
2024,"Phillips, Tyler",663969,Phillies,PHI,R,93.8,175,578,3.567901234567901,0.3027681660899654,SI,Sinker,26.0,-22.8,3.2,14,4.9,13.5,-15.0,-1.5,-10,0.8546712802768166,0.1522491349480969,SI
2024,"Puk, A.J.",640462,D-backs,AZ,L,94.6,173,1173,7.24074074074074,0.1474850809889173,SI,Sinker,22.9,-22.4,0.5,2,7.9,17.1,-15.1,2.0,13,0.6228373702422145,0.916955017301038,SI
2024,"Glasnow, Tyler",607192,Dodgers,LAD,R,96.5,171,2011,12.41358024691358,0.0850323222277473,SI,Sinker,14.9,-18.9,-3.9,-21,14.4,10.7,-14.2,-3.5,-25,0.0899653979238754,0.0622837370242214,SI
2024,"Iglesias, Raisel",628452,Braves,ATL,R,95.5,171,928,5.728395061728395,0.1842672413793103,SI,Sinker,20.2,-22.9,-2.7,-12,9.9,16.6,-15.6,1.1,7,0.2076124567474048,0.7335640138408305,SI
2024,"Suarez, Robert",663158,Padres,SD,R,98.7,171,977,6.030864197530864,0.1750255885363357,SI,Sinker,12.3,-18.3,-5.9,-32,15.9,12.4,-14.3,-1.9,-13,0.0242214532871972,0.1176470588235294,SI
2024,"Uribe, Abner",682842,Brewers,MIL,R,98.7,166,258,1.5925925925925926,0.6434108527131783,SI,Sinker,20.8,-19.5,1.4,7,7.4,12.9,-14.9,-2.0,-14,,,SI
2024,"Blackburn, Paul",621112,Mets,NYM,R,91.2,165,1212,7.481481481481482,0.1361386138613861,SI,Sinker,22.8,-23.8,-0.9,-4,9.9,12.4,-14.5,-2.2,-15,0.4221453287197231,0.1072664359861591,SI
2024,"Kerkering, Orion",689147,Phillies,PHI,R,96.4,165,1087,6.709876543209877,0.1517939282428702,SI,Sinker,20.9,-21.6,-0.7,-3,8.5,16.7,-15.4,1.3,8,0.4602076124567474,0.7889273356401384,SI
2024,"Brito, Jhony",666745,Padres,SD,R,96.3,164,626,3.864197530864197,0.2619808306709265,SI,Sinker,18.4,-20.2,-1.9,-9,11.3,16.6,-14.7,1.9,13,0.2837370242214533,0.903114186851211,SI
2024,"Cabrera, Edward",665795,Marlins,MIA,R,96.6,164,1734,10.703703703703704,0.0945790080738177,SI,Sinker,18.6,-19.6,-0.9,-5,10.8,15.7,-14.5,1.2,8,0.4221453287197231,0.7681660899653979,SI
2024,"Montero, Rafael",606160,Astros,HOU,R,94.8,163,683,4.24223602484472,0.2386530014641288,SI,Sinker,22.0,-24.5,-2.5,-10,8.6,15.9,-15.9,0.0,0,0.231833910034602,0.4083044982698962,SI
2024,"Winn, Keaton",676775,Giants,SF,R,94.8,163,847,5.228395061728395,0.1924439197166469,SI,Sinker,23.1,-21.1,2.0,9,7.4,16.0,-14.5,1.4,10,0.7612456747404844,0.8027681660899654,SI
2024,"Kelly, Joe",523260,Dodgers,LAD,R,98.2,162,552,3.4074074074074074,0.2934782608695652,SI,Sinker,21.8,-23.3,-1.5,-6,6.6,16.7,-16.2,0.6,4,0.328719723183391,0.5536332179930796,SI
2024,"Rodríguez, Yariel",684320,Blue Jays,TOR,R,93.3,162,1501,9.265432098765432,0.1079280479680213,SI,Sinker,22.1,-23.5,-1.4,-6,9.4,14.7,-15.2,-0.4,-3,0.3494809688581315,0.328719723183391,SI
2024,"Kelly, Merrill",518876,D-backs,AZ,R,92.4,158,1142,7.049382716049383,0.138353765323993,SI,Sinker,25.5,-25.0,0.5,2,6.6,15.4,-15.4,0.0,0,0.6228373702422145,0.4083044982698962,SI
2024,"Miller, Bobby",676272,Dodgers,LAD,R,97.2,155,1053,6.5,0.1471984805318138,SI,Sinker,15.4,-19.5,-4.1,-21,13.5,13.5,-14.6,-1.1,-8,0.0830449826989619,0.2110726643598615,SI
2024,"Doval, Camilo",666808,Giants,SF,R,97.5,154,1116,6.888888888888889,0.1379928315412186,SI,Sinker,24.4,-21.8,2.7,12,4.1,9.9,-15.6,-5.7,-36,0.8339100346020761,0.0173010380622837,SI
2024,"Chirinos, Yonny",630023,Marlins,MIA,R,92.7,153,515,3.1790123456790123,0.2970873786407767,SI,Sinker,24.1,-21.1,3.0,14,7.8,16.4,-13.4,3.0,22,0.8442906574394463,0.986159169550173,SI
2024,"Cimber, Adam",643256,Angels,LAA,R,85.3,151,416,2.567901234567901,0.3629807692307692,SI,Sinker,41.6,-41.7,-0.1,0,-3.4,12.7,-13.1,-0.4,-3,,,SI
2024,"Mize, Casey",663554,Tigers,DET,R,95.5,150,1789,11.04320987654321,0.0838457238680827,SI,Sinker,17.5,-20.9,-3.4,-16,12.4,14.3,-14.7,-0.5,-3,0.1349480968858131,0.2941176470588235,SI
2024,"Strahm, Matt",621381,Phillies,PHI,L,93.4,150,981,6.055555555555555,0.1529051987767584,SI,Sinker,20.6,-24.5,-3.9,-16,10.9,17.4,-15.6,1.8,12,0.0899653979238754,0.8858131487889274,SI
2024,"Jarvis, Bryce",686826,D-backs,AZ,R,95.1,148,1006,6.209876543209877,0.147117296222664,SI,Sinker,21.6,-23.1,-1.6,-7,8.7,15.8,-15.6,0.1,1,0.3114186851211072,0.4498269896193771,SI
2024,"Davis, Noah",663562,Rockies,COL,R,93.8,148,365,2.253086419753086,0.4054794520547945,SI,Sinker,22.8,-24.1,-1.3,-5,8.1,14.7,-15.5,-0.7,-5,,,SI
2024,"Anderson, Nick",623433,Royals,KC,R,95.0,148,573,3.537037037037037,0.2582897033158813,SI,Sinker,15.0,-20.9,-5.9,-28,15.3,11.2,-14.5,-3.2,-22,0.0242214532871972,0.0726643598615917,SI
2024,"Hamilton, Ian",641656,Yankees,NYY,R,95.7,147,619,3.820987654320988,0.2374798061389337,SI,Sinker,21.8,-22.5,-0.7,-3,8.2,16.6,-15.6,1.1,7,0.4602076124567474,0.7335640138408305,SI
2024,"Vest, Will",676684,Tigers,DET,R,94.9,146,1162,7.172839506172839,0.1256454388984509,SI,Sinker,21.5,-23.0,-1.5,-7,8.9,15.4,-15.5,-0.1,0,0.328719723183391,0.3806228373702422,SI
2024,"Santana, Dennis",642701,Pirates,PIT,R,95.0,146,1106,6.827160493827161,0.132007233273056,SI,Sinker,20.1,-22.6,-2.4,-11,10.3,17.2,-15.4,1.8,12,0.2525951557093425,0.8858131487889274,SI
2024,"La Sorsa, Joe",686747,Nationals,WSH,L,87.6,144,271,1.6728395061728396,0.5313653136531366,SI,Sinker,31.6,-28.3,3.3,12,4.1,18.2,-15.5,2.8,18,,,SI
2024,"Toussaint, Touki",657053,White Sox,CWS,R,91.3,141,491,3.0308641975308643,0.2871690427698574,SI,Sinker,26.8,-24.8,2.0,8,6.1,14.2,-14.9,-0.7,-5,0.7612456747404844,0.2698961937716263,SI
2024,"Speier, Gabe",642100,Mariners,SEA,L,92.8,141,422,2.6049382716049383,0.3341232227488152,SI,Sinker,24.7,-25.6,-0.9,-3,7.1,17.1,-15.7,1.5,10,,,SI
2024,"Ryan, Ryder",656924,Pirates,PIT,R,94.1,141,340,2.098765432098765,0.4147058823529412,SI,Sinker,25.7,-24.0,1.7,7,5.3,18.9,-15.6,3.2,21,,,SI
2024,"Maeda, Kenta",628317,Tigers,DET,R,90.4,140,1958,12.08641975308642,0.0715015321756894,SI,Sinker,24.2,-25.4,-1.2,-5,9.3,14.9,-14.8,0.1,0,0.3944636678200692,0.4498269896193771,SI
2024,"Law, Derek",571882,Nationals,WSH,R,94.7,135,1368,8.444444444444445,0.0986842105263157,SI,Sinker,17.7,-20.2,-2.5,-12,12.7,12.9,-14.1,-1.3,-9,0.231833910034602,0.1730103806228373,SI
2024,"Megill, Tylor",656731,Mets,NYM,R,94.6,135,1365,8.425925925925926,0.0989010989010989,SI,Sinker,22.5,-21.8,0.7,3,8.2,15.6,-15.1,0.5,4,0.643598615916955,0.5294117647058824,SI
2024,"Rasmussen, Drew",656876,Rays,TB,R,96.2,134,459,2.833333333333333,0.2919389978213507,SI,Sinker,16.8,-20.9,-4.1,-20,12.9,15.9,-15.0,0.9,6,,,SI
2024,"Schwellenbach, Spencer",680885,Braves,ATL,R,95.1,133,1887,11.648148148148149,0.0704822469528351,SI,Sinker,23.2,-22.6,0.6,3,7.0,14.7,-15.4,-0.7,-4,0.6366782006920415,0.2698961937716263,SI
2024,"Williams, Trevor",592866,Nationals,WSH,R,87.7,133,1064,6.567901234567901,0.125,SI,Sinker,32.5,-30.1,2.4,8,3.2,14.5,-15.6,-1.1,-7,0.7958477508650519,0.2110726643598615,SI
2024,"Anderson, Justin",605121,White Sox,CWS,R,94.8,132,945,5.833333333333333,0.1396825396825396,SI,Sinker,21.6,-21.6,0.0,0,8.8,15.8,-14.9,1.0,6,0.5536332179930796,0.7093425605536332,SI
2024,"Barlow, Scott",605130,Guardians,CLE,R,91.1,132,1022,6.3478260869565215,0.1291585127201565,SI,Sinker,27.8,-25.3,2.4,10,4.9,10.9,-15.1,-4.2,-28,0.7958477508650519,0.0484429065743944,SI
2024,"Funderburk, Kody",681892,Twins,MIN,L,93.3,131,652,4.024691358024692,0.200920245398773,SI,Sinker,24.2,-22.5,1.7,8,7.3,15.9,-14.7,1.2,8,0.7335640138408305,0.7681660899653979,SI
2024,"Herrin, Tim",682120,Guardians,CLE,L,93.9,129,1011,6.279503105590062,0.1275964391691394,SI,Sinker,28.4,-23.3,5.0,21,2.8,15.2,-15.3,-0.1,0,0.9550173010380624,0.3806228373702422,SI
2024,"Lowder, Rhett",695076,Reds,CIN,R,92.3,129,498,3.074074074074074,0.2590361445783132,SI,Sinker,27.1,-24.6,2.5,10,5.0,16.8,-15.3,1.5,10,0.8131487889273357,0.8373702422145328,SI
2024,"Cuas, Jose",621016,Blue Jays,TOR,R,92.4,128,319,1.969135802469136,0.4012539184952978,SI,Sinker,31.8,-32.4,-0.6,-2,0.6,17.0,-15.8,1.2,8,,,SI
2024,"Wesneski, Hayden",669713,Cubs,CHC,R,93.5,127,1075,6.635802469135802,0.1181395348837209,SI,Sinker,21.8,-22.1,-0.4,-2,9.4,13.4,-14.6,-1.2,-8,0.4948096885813148,0.1937716262975778,SI
2024,"Luzardo, Jesús",666200,Marlins,MIA,L,95.0,127,1083,6.685185185185185,0.1172668513388735,SI,Sinker,18.3,-22.8,-4.5,-20,12.3,16.6,-15.4,1.2,8,0.0553633217993079,0.7681660899653979,SI
2024,"Ryan, Joe",657746,Twins,MIN,R,92.9,127,2106,13.0,0.0603038936372269,SI,Sinker,24.2,-27.0,-2.8,-11,7.5,15.8,-16.0,-0.1,-1,0.1937716262975778,0.3806228373702422,SI
2024,"Bielak, Brandon",656232,Athletics,ATH,R,92.1,126,510,3.1481481481481484,0.2470588235294117,SI,Sinker,26.7,-23.4,3.3,14,5.7,14.1,-14.6,-0.5,-4,0.8615916955017301,0.2941176470588235,SI
2024,"Henry, Tommy",674072,D-backs,AZ,L,90.4,122,706,4.3580246913580245,0.1728045325779036,SI,Sinker,22.1,-24.6,-2.5,-10,11.4,14.7,-14.6,0.0,0,0.231833910034602,0.4083044982698962,SI
2024,"Rodríguez, Joely",570257,Red Sox,BOS,L,90.0,122,249,1.537037037037037,0.4899598393574297,SI,Sinker,27.1,-25.8,1.4,5,6.8,17.7,-15.0,2.7,18,,,SI
2024,"Garrett, Reed",657585,Mets,NYM,R,96.3,122,980,6.049382716049383,0.1244897959183673,SI,Sinker,20.5,-22.1,-1.6,-7,9.1,16.4,-15.5,0.9,6,0.3114186851211072,0.671280276816609,SI
2024,"Staumont, Josh",622251,Twins,MIN,R,95.0,122,420,2.592592592592593,0.2904761904761905,SI,Sinker,14.6,-20.8,-6.2,-30,15.8,10.1,-14.5,-4.5,-31,,,SI
2024,"Montero, Keider",672456,Tigers,DET,R,94.1,121,1539,9.5,0.078622482131254,SI,Sinker,20.8,-22.4,-1.6,-7,10.0,14.5,-15.0,-0.5,-3,0.3114186851211072,0.2941176470588235,SI
2024,"Warren, Will",701542,Yankees,NYY,R,93.1,121,458,2.8271604938271606,0.2641921397379912,SI,Sinker,29.1,-23.5,5.7,24,2.6,16.4,-15.0,1.4,9,,,SI
2024,"Ramírez, Erasmo",541640,Rays,TB,R,91.0,119,302,1.8641975308641976,0.3940397350993377,SI,Sinker,25.2,-25.8,-0.5,-2,8.0,16.5,-15.3,1.2,8,,,SI
2024,"Sands, Cole",663485,Twins,MIN,R,94.6,118,1154,7.1234567901234565,0.1022530329289428,SI,Sinker,23.1,-23.8,-0.7,-3,7.4,16.4,-15.7,0.7,4,0.4602076124567474,0.5986159169550173,SI
2024,"Povich, Cade",700249,Orioles,BAL,L,91.5,116,1389,8.574074074074074,0.0835133189344852,SI,Sinker,21.6,-24.2,-2.6,-11,11.1,15.5,-14.8,0.8,5,0.2283737024221453,0.629757785467128,SI
2024,"Nance, Tommy",667297,Blue Jays,TOR,R,94.5,116,322,1.9876543209876545,0.3602484472049689,SI,Sinker,22.9,-21.0,1.9,9,7.9,16.3,-14.4,1.9,13,,,SI
2024,"Anderson, Grant",681982,Rangers,TEX,R,92.2,116,483,2.9814814814814814,0.2401656314699793,SI,Sinker,34.6,-31.4,3.2,10,-2.2,17.2,-16.0,1.2,8,,,SI
2024,"Contreras, Roansy",672710,Angels,LAA,R,94.5,112,1074,6.62962962962963,0.1042830540037244,SI,Sinker,16.0,-21.8,-5.8,-27,14.7,13.1,-14.9,-1.8,-12,0.0311418685121107,0.1280276816608996,SI
2024,"McGreevy, Michael",700241,Cardinals,STL,R,91.8,112,311,1.9197530864197527,0.360128617363344,SI,Sinker,28.0,-23.7,4.2,18,4.3,13.6,-14.7,-1.1,-8,,,SI
2024,"Otañez, Michel",671305,Athletics,ATH,R,97.4,111,601,3.7098765432098766,0.1846921797004991,SI,Sinker,17.1,-21.0,-3.9,-19,11.8,16.0,-15.4,0.7,4,0.0899653979238754,0.5986159169550173,SI
2024,"Wicks, Jordan",696136,Cubs,CHC,L,91.7,111,852,5.25925925925926,0.130281690140845,SI,Sinker,20.9,-24.0,-3.1,-13,11.7,14.3,-14.8,-0.5,-3,0.1660899653979238,0.2941176470588235,SI
2024,"Turnbull, Spencer",605513,Phillies,PHI,R,93.2,111,916,5.654320987654321,0.12117903930131,SI,Sinker,25.7,-23.6,2.1,9,5.9,14.0,-15.1,-1.2,-8,0.7716262975778547,0.1937716262975778,SI
2024,"Hoffman, Jeff",656546,Phillies,PHI,R,96.5,110,1001,6.179012345679013,0.1098901098901098,SI,Sinker,16.2,-19.9,-3.7,-19,13.3,15.6,-14.7,0.8,6,0.1107266435986159,0.629757785467128,SI
2024,"Medina, Luis",665622,Athletics,ATH,R,95.8,108,720,4.444444444444445,0.15,SI,Sinker,18.9,-19.9,-1.0,-5,11.0,15.2,-14.3,0.9,6,0.4083044982698962,0.671280276816609,SI
2024,"Thornton, Trent",663423,Mariners,SEA,R,94.8,108,1139,7.030864197530864,0.0948200175592625,SI,Sinker,22.4,-23.4,-1.0,-4,8.0,12.0,-15.6,-3.6,-23,0.4083044982698962,0.0588235294117647,SI
2024,"Manoah, Alek",666201,Blue Jays,TOR,R,93.5,107,394,2.432098765432099,0.2715736040609137,SI,Sinker,20.6,-22.3,-1.7,-8,10.8,13.3,-14.7,-1.4,-10,,,SI
2024,"Steele, Justin",657006,Cubs,CHC,L,91.5,107,2046,12.62962962962963,0.052297165200391,SI,Sinker,22.9,-23.4,-0.5,-2,9.6,12.4,-14.4,-2.0,-14,0.4809688581314879,0.1141868512110726,SI
2024,"Strickland, Hunter",519326,Angels,LAA,R,92.7,106,1157,7.141975308641976,0.0916162489196197,SI,Sinker,26.8,-23.8,3.0,12,5.2,15.7,-15.1,0.6,4,0.8442906574394463,0.5536332179930796,SI
2024,"Ginkel, Kevin",656464,D-backs,AZ,R,94.4,105,1184,7.308641975308642,0.0886824324324324,SI,Sinker,20.2,-20.7,-0.4,-2,10.5,15.3,-14.2,1.1,8,0.4948096885813148,0.7335640138408305,SI
2024,"Banks, Tanner",621383,Phillies,PHI,L,92.0,103,1174,7.246913580246914,0.0877342419080068,SI,Sinker,23.8,-22.5,1.3,6,8.5,12.7,-14.0,-1.3,-9,0.6955017301038062,0.1730103806228373,SI
2024,"Jefferies, Daulton",641726,Pirates,PIT,R,93.0,103,281,1.7345679012345678,0.3665480427046263,SI,Sinker,21.9,-23.6,-1.7,-7,9.8,16.2,-15.1,1.1,7,,,SI
2024,"Young, Alex",622065,Mets,NYM,L,90.2,102,267,1.648148148148148,0.3820224719101123,SI,Sinker,27.6,-25.5,2.1,8,6.1,16.5,-14.7,1.8,12,,,SI
2024,"Cobb, Alex",502171,Guardians,CLE,R,93.8,102,242,1.5031055900621118,0.4214876033057851,SI,Sinker,26.6,-24.3,2.3,10,4.5,16.5,-15.6,0.9,5,,,SI
2024,"Maton, Phil",664208,Mets,NYM,R,87.5,100,1078,6.654320987654321,0.0927643784786641,SI,Sinker,27.2,-28.6,-1.4,-5,8.7,12.7,-15.1,-2.4,-16,0.3494809688581315,0.0968858131487889,SI
2024,"Pennington, Walter",679156,Rangers,TEX,L,91.5,100,330,2.037037037037037,0.303030303030303,SI,Sinker,24.6,-25.0,-0.3,-1,8.2,14.8,-15.0,-0.2,-2,,,SI
2024,"Pinto, Ricardo",620982,Phillies,PHI,R,92.2,99,220,1.3580246913580247,0.45,SI,Sinker,24.6,-23.4,1.2,5,7.7,17.0,-14.7,2.3,16,,,SI
2024,"Cleavinger, Garrett",664076,Rays,TB,L,95.9,99,1056,6.518518518518518,0.09375,SI,Sinker,19.3,-23.5,-4.2,-18,10.6,16.5,-15.9,0.7,4,0.0761245674740484,0.5986159169550173,SI
2024,"Jax, Griffin",643377,Twins,MIN,R,96.7,99,1068,6.592592592592593,0.0926966292134831,SI,Sinker,19.1,-21.8,-2.7,-12,10.2,15.0,-15.5,-0.5,-3,0.2076124567474048,0.2941176470588235,SI
2024,"Brooks, Aaron",605156,Athletics,ATH,R,92.0,99,403,2.4876543209876543,0.2456575682382134,SI,Sinker,23.6,-22.4,1.2,6,8.7,16.7,-13.9,2.8,20,,,SI
2024,"Almonte, Yency",622075,Cubs,CHC,R,93.7,99,267,1.648148148148148,0.3707865168539326,SI,Sinker,24.1,-22.3,1.8,8,7.1,17.8,-14.8,3.0,20,,,SI
2024,"García, Yimi",554340,Mariners,SEA,R,95.8,98,619,3.820987654320988,0.1583198707592892,SI,Sinker,23.1,-24.5,-1.4,-6,7.0,18.1,-16.1,2.0,12,0.3494809688581315,0.916955017301038,SI
2024,"Bido, Osvaldo",674370,Athletics,ATH,R,94.9,98,1055,6.512345679012346,0.0928909952606635,SI,Sinker,19.8,-22.0,-2.2,-10,10.7,17.2,-15.1,2.1,14,0.2698961937716263,0.9342560553633218,SI
2024,"Paxton, James",572020,Red Sox,BOS,L,92.5,98,1708,10.54320987654321,0.0573770491803278,SI,Sinker,21.9,-23.3,-1.3,-6,10.0,14.1,-14.7,-0.6,-4,0.3806228373702422,0.2837370242214533,SI
2024,"Gasser, Robert",688107,Brewers,MIL,L,92.5,97,399,2.462962962962963,0.2431077694235588,SI,Sinker,24.5,-26.3,-1.9,-7,7.7,15.8,-15.8,0.0,0,,,SI
2024,"Anderson, Tyler",542881,Angels,LAA,L,88.1,96,2914,17.987654320987655,0.0329444063143445,SI,Sinker,26.9,-28.2,-1.3,-5,8.6,17.4,-15.0,2.4,16,,,SI
2024,"Aguiar, Julian",687924,Reds,CIN,R,94.1,96,530,3.271604938271605,0.1811320754716981,SI,Sinker,21.7,-24.4,-2.7,-11,9.2,15.9,-15.7,0.1,1,0.2076124567474048,0.4498269896193771,SI
2024,"Musgrove, Joe",605397,Padres,SD,R,92.6,95,1582,9.765432098765432,0.0600505689001264,SI,Sinker,25.5,-21.6,3.9,18,6.3,8.4,-13.7,-5.4,-39,0.8996539792387543,0.0276816608996539,SI
2024,"Hughes, Brandon",676714,D-backs,AZ,L,92.5,94,350,2.1604938271604937,0.2685714285714285,SI,Sinker,22.8,-24.2,-1.4,-6,9.3,16.5,-15.2,1.3,9,,,SI
2024,"Ramirez, Nick",598286,Dodgers,LAD,L,87.6,94,194,1.1975308641975309,0.4845360824742268,SI,Sinker,32.3,-29.3,3.1,10,3.4,15.8,-14.3,1.5,10,,,SI
2024,"Zuñiga, Guillo",670871,Angels,LAA,R,96.5,93,271,1.6728395061728396,0.3431734317343173,SI,Sinker,22.5,-21.1,1.4,7,7.0,17.8,-15.2,2.6,17,,,SI
2024,"Poteet, Cody",547001,Yankees,NYY,R,92.7,93,384,2.3703703703703702,0.2421875,SI,Sinker,24.1,-22.6,1.5,7,7.8,13.5,-14.4,-0.9,-6,,,SI
2024,"Guenther, Sean",674944,Tigers,DET,L,90.1,92,243,1.5,0.3786008230452675,SI,Sinker,28.5,-25.4,3.1,12,5.3,15.1,-14.9,0.3,2,,,SI
2024,"Ferguson, Caleb",657571,Astros,HOU,L,94.0,92,940,5.838509316770186,0.0978723404255319,SI,Sinker,21.5,-22.8,-1.3,-6,9.6,15.9,-15.1,0.8,5,0.3806228373702422,0.629757785467128,SI
2024,"Marte, José",665896,Angels,LAA,R,96.3,91,311,1.9197530864197527,0.292604501607717,SI,Sinker,23.4,-20.9,2.5,12,6.1,15.4,-15.0,0.5,3,,,SI
2024,"Phillips, Evan",623465,Dodgers,LAD,R,95.6,91,917,5.660493827160494,0.099236641221374,SI,Sinker,23.9,-23.2,0.7,3,6.0,15.9,-15.8,0.2,1,0.643598615916955,0.4775086505190311,SI
2024,"Stratton, Chris",608717,Royals,KC,R,91.7,91,994,6.135802469135802,0.0915492957746478,SI,Sinker,25.3,-23.9,1.4,6,7.2,14.1,-14.7,-0.6,-4,0.7093425605536332,0.2837370242214533,SI
2024,"Teng, Kai-Wei",678906,Giants,SF,R,92.7,90,204,1.2592592592592593,0.4411764705882353,SI,Sinker,29.1,-24.3,4.8,20,2.9,13.9,-15.2,-1.3,-9,,,SI
2024,"O'Brien, Riley",676617,Cardinals,STL,R,96.8,89,194,1.1975308641975309,0.4587628865979381,SI,Sinker,21.5,-20.6,0.9,5,7.7,16.7,-14.9,1.8,12,,,SI
2024,"Lange, Alex",656638,Tigers,DET,R,96.2,89,377,2.3271604938271606,0.2360742705570291,SI,Sinker,19.1,-21.0,-2.0,-9,10.5,15.2,-15.1,0.0,0,,,SI
2024,"Sandlin, Nick",680704,Guardians,CLE,R,92.6,88,1003,6.229813664596273,0.0877367896311066,SI,Sinker,28.9,-27.7,1.2,4,3.1,17.0,-16.1,0.9,6,0.6851211072664359,0.671280276816609,SI
2024,"Bolton, Cody",675989,Mariners,SEA,R,94.7,88,312,1.9259259259259256,0.282051282051282,SI,Sinker,24.8,-23.3,1.4,6,5.9,14.5,-15.6,-1.1,-7,,,SI
2024,"de Geus, Brett",676969,Blue Jays,TOR,R,96.4,88,194,1.1975308641975309,0.4536082474226804,SI,Sinker,22.6,-21.8,0.8,4,7.0,16.8,-15.5,1.3,8,,,SI
2024,"Diekman, Jake",518617,Mets,NYM,L,94.2,86,627,3.87037037037037,0.1371610845295056,SI,Sinker,20.2,-22.9,-2.7,-12,10.9,16.6,-15.2,1.4,10,0.2076124567474048,0.8027681660899654,SI
2024,"Suarez, José",660761,Angels,LAA,L,91.8,86,987,6.092592592592593,0.0871327254305977,SI,Sinker,19.5,-24.9,-5.4,-22,13.1,15.1,-15.2,-0.1,-1,0.0380622837370242,0.3806228373702422,SI
2024,"Cosgrove, Tom",676680,Padres,SD,L,89.9,86,323,1.9938271604938271,0.2662538699690402,SI,Sinker,30.9,-28.7,2.2,8,3.2,12.5,-15.0,-2.5,-17,,,SI
2024,"Leclerc, José",600917,Rangers,TEX,R,95.0,85,1204,7.432098765432099,0.0705980066445182,SI,Sinker,19.9,-23.1,-3.2,-14,10.4,12.9,-15.5,-2.5,-16,0.1591695501730103,0.0934256055363321,SI
2024,"Bazardo, Eduard",660825,Mariners,SEA,R,94.2,83,441,2.7222222222222223,0.1882086167800453,SI,Sinker,19.9,-22.9,-3.0,-13,11.1,15.7,-15.2,0.5,3,,,SI
2024,"Lucchesi, Joey",664192,Mets,NYM,L,89.8,81,179,1.1049382716049383,0.4525139664804469,SI,Sinker,25.9,-25.2,0.7,3,8.0,16.0,-14.8,1.2,8,,,SI
2024,"Jay, Tyler",664079,Brewers,MIL,L,93.1,81,153,0.9444444444444444,0.5294117647058824,SI,Sinker,23.1,-24.3,-1.2,-5,8.5,15.7,-15.4,0.3,2,,,SI
2024,"Estes, Joey",683155,Athletics,ATH,R,90.8,80,2027,12.512345679012345,0.0394671928959052,SI,Sinker,20.8,-24.9,-4.2,-17,12.6,15.3,-14.7,0.5,4,,,SI
2024,"Snead, Kirby",669912,Mariners,SEA,L,92.6,80,196,1.2098765432098766,0.4081632653061224,SI,Sinker,27.3,-25.8,1.5,6,4.8,18.9,-15.8,3.1,20,,,SI
2024,"Neris, Héctor",593576,Astros,HOU,R,92.8,79,1008,6.260869565217392,0.0783730158730158,SI,Sinker,19.6,-22.9,-3.3,-15,12.3,15.9,-14.7,1.2,8,0.1418685121107266,0.7681660899653979,SI
2024,"Jacob, Alek",689690,Padres,SD,R,86.4,79,232,1.432098765432099,0.3405172413793103,SI,Sinker,33.9,-34.9,-1.1,-3,3.1,18.7,-18.0,0.7,4,,,SI
2024,"Cisnero, José",542585,Angels,LAA,R,95.2,79,313,1.932098765432099,0.2523961661341853,SI,Sinker,21.7,-23.9,-2.2,-9,8.6,18.1,-15.9,2.2,14,,,SI
2024,"Allen, Logan",663531,D-backs,AZ,L,90.1,79,470,2.9012345679012346,0.1680851063829787,SI,Sinker,24.0,-24.7,-0.7,-3,9.7,14.6,-14.5,0.1,1,,,SI
2024,"Alzolay, Adbert",640470,Cubs,CHC,R,94.3,78,329,2.0308641975308643,0.2370820668693009,SI,Sinker,17.7,-20.8,-3.1,-15,13.1,15.1,-14.2,1.0,7,,,SI
2024,"Rodriguez, Eduardo",593958,D-backs,AZ,L,91.8,76,866,5.345679012345679,0.0877598152424942,SI,Sinker,21.0,-23.7,-2.7,-11,11.3,12.0,-14.7,-2.6,-18,0.2076124567474048,0.0865051903114186,SI
2024,"Whitlock, Garrett",676477,Red Sox,BOS,R,93.4,73,321,1.9814814814814812,0.2274143302180685,SI,Sinker,23.7,-23.5,0.2,1,7.8,17.5,-15.2,2.3,15,,,SI
2024,"White, Mitch",669952,Brewers,MIL,R,93.7,72,413,2.549382716049383,0.1743341404358353,SI,Sinker,20.5,-22.2,-1.7,-8,10.8,10.8,-14.7,-3.9,-27,,,SI
2024,"Alcala, Jorge",660896,Twins,MIN,R,97.4,72,931,5.746913580246914,0.0773361976369495,SI,Sinker,17.4,-20.4,-3.0,-15,11.5,15.3,-14.6,0.7,5,0.1799307958477508,0.5986159169550173,SI
2024,"Paredes, Enoli",660600,Cubs,CHC,R,93.6,70,319,1.969135802469136,0.219435736677116,SI,Sinker,21.0,-24.8,-3.7,-15,10.2,11.2,-15.8,-4.6,-29,,,SI
2024,"Detmers, Reid",672282,Angels,LAA,L,93.8,69,1557,9.61111111111111,0.0443159922928709,SI,Sinker,15.4,-22.3,-6.9,-31,15.7,12.4,-14.8,-2.4,-16,,,SI
2024,"Scott, Tayler",605463,Astros,HOU,R,92.7,69,1203,7.472049689440993,0.0573566084788029,SI,Sinker,27.1,-27.4,-0.3,-1,5.0,18.2,-16.0,2.1,13,0.5190311418685121,0.9342560553633218,SI
2024,"Oller, Adam",670124,Marlins,MIA,R,93.4,67,710,4.382716049382716,0.0943661971830985,SI,Sinker,17.6,-23.4,-5.8,-25,14.0,14.6,-15.1,-0.5,-3,0.0311418685121107,0.2941176470588235,SI
2024,"Hill, Jaden",677955,Rockies,COL,R,96.8,67,151,0.9320987654320988,0.4437086092715231,SI,Sinker,22.8,-22.1,0.7,3,6.2,16.0,-15.7,0.3,2,,,SI
2024,"Coulombe, Danny",543056,Orioles,BAL,L,90.3,67,466,2.876543209876543,0.1437768240343347,SI,Sinker,20.8,-24.7,-3.9,-16,12.8,9.5,-14.4,-5.0,-34,,,SI
2024,"Jansen, Kenley",445276,Red Sox,BOS,R,93.2,65,801,4.944444444444445,0.0811485642946317,SI,Sinker,11.8,-21.2,-9.5,-45,19.7,5.5,-14.2,-8.6,-61,0.0034602076124567,0.0,SI
2024,"Heller, Ben",621294,Pirates,PIT,R,95.3,65,255,1.5740740740740742,0.2549019607843137,SI,Sinker,23.0,-21.5,1.5,7,7.1,16.9,-15.0,1.9,13,,,SI
2024,"Boyd, Matthew",571510,Guardians,CLE,L,91.8,65,669,4.15527950310559,0.0971599402092675,SI,Sinker,24.1,-24.8,-0.8,-3,8.4,16.2,-15.3,1.0,6,0.4532871972318339,0.7093425605536332,SI
2024,"Kitchen, Austin",685116,Marlins,MIA,L,90.8,64,158,0.9753086419753086,0.4050632911392405,SI,Sinker,29.8,-26.4,3.4,13,3.5,18.0,-15.0,2.9,20,,,SI
2024,"Lynch IV, Daniel",663738,Royals,KC,L,92.7,63,631,3.8950617283950617,0.0998415213946117,SI,Sinker,22.6,-22.8,-0.2,-1,9.1,15.2,-14.6,0.6,4,0.532871972318339,0.5536332179930796,SI
2024,"Martin, Chris",455119,Red Sox,BOS,R,94.0,62,657,4.055555555555555,0.0943683409436834,SI,Sinker,20.4,-21.7,-1.3,-6,10.6,14.9,-14.6,0.3,2,0.3806228373702422,0.4948096885813148,SI
2024,"Shuster, Jared",694363,White Sox,CWS,L,91.8,61,1290,7.962962962962963,0.0472868217054263,SI,Sinker,21.8,-24.4,-2.6,-11,10.6,13.8,-15.0,-1.2,-8,,,SI
2024,"Cueto, Johnny",456501,Angels,LAA,R,91.1,60,167,1.030864197530864,0.3592814371257485,SI,Sinker,24.5,-26.4,-1.9,-7,8.4,16.8,-15.2,1.6,11,,,SI
2024,"Brasier, Ryan",518489,Dodgers,LAD,R,94.5,60,374,2.308641975308642,0.160427807486631,SI,Sinker,18.8,-21.9,-3.1,-14,11.8,15.2,-14.9,0.4,2,,,SI
2024,"Walker, Josh",677020,Mets,NYM,L,92.8,60,215,1.3271604938271604,0.2790697674418604,SI,Sinker,22.1,-22.1,0.0,0,9.7,13.0,-14.2,-1.2,-9,,,SI
2024,"Castellanos, Humberto",528748,D-backs,AZ,R,90.6,59,186,1.148148148148148,0.3172043010752688,SI,Sinker,31.5,-29.1,2.5,8,2.0,15.8,-15.9,-0.1,-1,,,SI
2024,"Flaherty, Jack",656427,Dodgers,LAD,R,90.3,58,2569,15.858024691358024,0.0225768781627092,SI,Sinker,25.1,-26.1,-1.0,-4,8.3,10.9,-15.2,-4.3,-29,,,SI
2024,"Imanaga, Shota",684007,Cubs,CHC,L,89.0,58,2590,15.987654320987655,0.0223938223938223,SI,Sinker,24.9,-27.6,-2.7,-10,9.7,14.6,-15.4,-0.8,-5,,,SI
2024,"Carasiti, Matt",571539,Rockies,COL,R,94.2,57,170,1.0493827160493827,0.3352941176470588,SI,Sinker,23.5,-22.3,1.1,5,7.0,13.9,-15.0,-1.0,-7,,,SI
2024,"Okert, Steven",595345,Twins,MIN,L,92.9,56,616,3.802469135802469,0.0909090909090909,SI,Sinker,21.9,-23.5,-1.5,-7,9.8,15.3,-14.9,0.4,3,0.328719723183391,0.5051903114186851,SI
2024,"Garabito, Gerson",642520,Rangers,TEX,R,92.1,55,492,3.037037037037037,0.1117886178861788,SI,Sinker,23.7,-23.7,0.0,0,8.6,14.4,-14.8,-0.4,-3,0.5536332179930796,0.328719723183391,SI
2024,"Davis, Austin",656354,Padres,SD,L,92.3,54,142,0.8765432098765432,0.380281690140845,SI,Sinker,24.8,-25.0,-0.2,-1,7.2,12.0,-15.4,-3.5,-22,,,SI
2024,"Faedo, Alex",656412,Tigers,DET,R,93.5,54,1007,6.216049382716049,0.0536246276067527,SI,Sinker,21.8,-22.4,-0.6,-3,9.5,15.0,-14.8,0.2,1,0.4740484429065744,0.4775086505190311,SI
2024,"Rodríguez, Randy",678495,Giants,SF,R,96.3,53,879,5.425925925925926,0.0602957906712172,SI,Sinker,17.9,-22.4,-4.6,-20,11.6,14.0,-15.6,-1.6,-10,0.0519031141868512,0.1418685121107266,SI
2024,"Crochet, Garrett",676979,White Sox,CWS,L,97.9,53,2395,14.783950617283953,0.0221294363256784,SI,Sinker,20.3,-19.4,0.9,5,8.2,15.5,-14.7,0.8,5,,,SI
2024,"Gilbert, Tyler",656457,Phillies,PHI,L,91.4,53,145,0.8950617283950617,0.3655172413793103,SI,Sinker,26.8,-26.8,-0.1,0,6.1,18.0,-15.5,2.5,16,,,SI
2024,"Hudson, Daniel",543339,Dodgers,LAD,R,95.1,51,999,6.166666666666667,0.051051051051051,SI,Sinker,20.1,-23.0,-2.9,-12,10.2,15.4,-15.5,-0.1,-1,0.1903114186851211,0.3806228373702422,SI
2024,"Herget, Jimmy",623474,Braves,ATL,R,91.1,50,189,1.1666666666666667,0.2645502645502645,SI,Sinker,33.5,-31.4,2.0,6,-0.4,17.5,-16.1,1.4,9,,,SI
2024,"Whitley, Forrest",666215,Astros,HOU,R,96.8,50,94,0.5838509316770186,0.5319148936170213,SI,Sinker,17.1,-19.4,-2.3,-12,12.2,14.8,-14.5,0.3,2,,,SI
2024,"Rodriguez, Carlos",692230,Brewers,MIL,R,93.6,49,233,1.4382716049382716,0.2103004291845493,SI,Sinker,20.8,-23.4,-2.5,-11,10.4,16.5,-15.2,1.3,9,,,SI
2024,"Hentges, Sam",656529,Guardians,CLE,L,94.8,48,351,2.1801242236024843,0.1367521367521367,SI,Sinker,17.8,-20.3,-2.5,-12,12.6,12.4,-14.2,-1.8,-13,,,SI
2024,"Warren, Austin",681810,Giants,SF,R,93.8,48,173,1.067901234567901,0.2774566473988439,SI,Sinker,23.3,-24.7,-1.4,-6,7.8,17.6,-15.8,1.8,11,,,SI
2024,"Gonzales, Marco",594835,Pirates,PIT,L,90.1,47,546,3.3703703703703702,0.086080586080586,SI,Sinker,22.3,-25.5,-3.2,-13,11.5,15.0,-14.9,0.0,0,0.1591695501730103,0.4083044982698962,SI
2024,"Rutledge, Jackson",671131,Nationals,WSH,R,95.2,47,139,0.8580246913580247,0.3381294964028777,SI,Sinker,19.9,-21.1,-1.2,-6,10.2,16.6,-14.8,1.8,12,,,SI
2024,"Francis, Bowden",670102,Blue Jays,TOR,R,90.3,46,1558,9.617283950617283,0.0295250320924261,SI,Sinker,21.7,-24.3,-2.6,-11,11.8,13.5,-14.5,-1.1,-7,,,SI
2024,"Gilbert, Logan",669302,Mariners,SEA,R,95.6,45,3041,18.771604938271604,0.0147977638934561,SI,Sinker,19.6,-21.5,-1.9,-9,10.4,15.1,-15.2,-0.2,-1,,,SI
2024,"Castillo, Diego",650895,Twins,MIN,R,95.1,45,177,1.0925925925925926,0.2542372881355932,SI,Sinker,25.9,-23.5,2.4,10,4.5,15.4,-15.6,-0.3,-2,,,SI
2024,"Borucki, Ryan",621366,Pirates,PIT,L,94.0,43,174,1.0740740740740742,0.2471264367816092,SI,Sinker,22.9,-22.6,0.4,2,8.1,18.6,-15.0,3.6,24,,,SI
2024,"Bukauskas, J.B.",656266,Brewers,MIL,R,93.4,43,88,0.5432098765432098,0.4886363636363636,SI,Sinker,30.5,-26.3,4.2,16,1.1,17.4,-16.0,1.3,8,,,SI
2024,"Adon, Joan",672851,Nationals,WSH,R,94.4,42,178,1.0987654320987654,0.2359550561797752,SI,Sinker,20.4,-22.3,-1.9,-9,10.3,14.5,-15.0,-0.5,-3,,,SI
2024,"Graterol, Brusdar",660813,Dodgers,LAD,R,98.3,42,101,0.6234567901234568,0.4158415841584158,SI,Sinker,20.6,-20.6,-0.1,0,7.7,16.5,-15.3,1.2,8,,,SI
2024,"Hartwig, Grant",701643,Mets,NYM,R,94.6,41,118,0.7283950617283951,0.3474576271186441,SI,Sinker,26.1,-25.7,0.4,2,4.4,17.7,-16.1,1.7,10,,,SI
2024,"Loáisiga, Jonathan",642528,Yankees,NYY,R,97.9,41,61,0.3765432098765432,0.6721311475409836,SI,Sinker,20.3,-21.4,-1.2,-5,8.5,18.9,-15.6,3.3,21,,,SI
2024,"Yamamoto, Yoshinobu",808967,Dodgers,LAD,R,94.7,41,1469,9.067901234567902,0.0279101429543907,SI,Sinker,18.3,-22.7,-4.4,-19,12.1,14.3,-15.3,-1.0,-7,,,SI
2024,"Burke, Brock",656271,Angels,LAA,L,93.9,41,575,3.549382716049383,0.0713043478260869,SI,Sinker,21.7,-21.0,0.7,3,9.4,15.0,-14.2,0.8,5,0.643598615916955,0.629757785467128,SI
2024,"Dobnak, Randy",677976,Twins,MIN,R,91.6,39,183,1.1296296296296295,0.2131147540983606,SI,Sinker,33.5,-26.5,7.0,26,-1.0,11.5,-15.1,-3.6,-24,,,SI
2024,"Santos, Gregory",666619,Mariners,SEA,R,98.4,39,112,0.691358024691358,0.3482142857142857,SI,Sinker,20.0,-19.9,0.2,1,8.3,10.9,-15.1,-4.2,-28,,,SI
2024,"Roberts, Ethan",681799,Cubs,CHC,R,91.6,39,474,2.925925925925926,0.0822784810126582,SI,Sinker,23.6,-26.1,-2.4,-9,8.8,8.4,-15.6,-7.2,-46,,,SI
2024,"Canning, Griffin",656288,Angels,LAA,R,92.9,38,2869,17.709876543209877,0.0132450331125827,SI,Sinker,18.8,-23.3,-4.5,-19,13.0,13.8,-14.9,-1.2,-8,,,SI
2024,"Hartlieb, Geoff",664129,Rockies,COL,R,95.7,37,138,0.8518518518518519,0.2681159420289855,SI,Sinker,23.8,-21.2,2.7,13,5.8,12.7,-15.1,-2.3,-16,,,SI
2024,"Englert, Mason",669438,Tigers,DET,R,91.1,37,365,2.253086419753086,0.1013698630136986,SI,Sinker,28.0,-24.9,3.1,13,5.1,15.9,-15.0,0.9,6,,,SI
2024,"Ellard, Fraser",686642,White Sox,CWS,L,93.2,36,432,2.6666666666666665,0.0833333333333333,SI,Sinker,27.9,-23.9,4.0,17,3.7,13.1,-15.3,-2.2,-14,,,SI
2024,"Díaz, Jhonathan",646242,Mariners,SEA,L,88.5,36,166,1.0246913580246917,0.216867469879518,SI,Sinker,31.9,-28.1,3.8,14,3.2,16.5,-15.5,1.0,7,,,SI
2024,"Keller, Brad",641745,Red Sox,BOS,R,92.7,36,743,4.58641975308642,0.0484522207267833,SI,Sinker,23.5,-22.4,1.1,5,8.2,11.6,-14.3,-2.7,-19,,,SI
2024,"Rocker, Kumar",677958,Rangers,TEX,R,95.1,36,218,1.345679012345679,0.1651376146788991,SI,Sinker,22.6,-21.8,0.8,4,7.7,17.2,-14.9,2.2,15,,,SI
2024,"Selby, Colin",681882,Orioles,BAL,R,95.5,35,112,0.691358024691358,0.3125,SI,Sinker,17.9,-21.5,-3.6,-17,12.1,15.8,-15.1,0.7,5,,,SI
2024,"Cortes, Nestor",641482,Yankees,NYY,L,90.0,34,2849,17.58641975308642,0.0119340119340119,SI,Sinker,20.2,-28.4,-8.2,-29,13.7,12.4,-15.3,-2.9,-19,,,SI
2024,"Winans, Allan",642216,Braves,ATL,R,89.5,34,147,0.9074074074074074,0.2312925170068027,SI,Sinker,28.0,-25.0,3.0,12,6.0,14.8,-14.6,0.2,2,,,SI
2024,"Varland, Louis",686973,Twins,MIN,R,93.8,34,901,5.561728395061729,0.0377358490566037,SI,Sinker,19.2,-23.0,-3.8,-17,11.9,14.6,-15.0,-0.5,-3,,,SI
2024,"Miller, Tyson",668338,Cubs,CHC,R,89.8,32,934,5.765432098765432,0.0342612419700214,SI,Sinker,30.3,-29.3,1.0,3,3.8,13.4,-15.6,-2.2,-14,,,SI
2024,"Castro, Miguel",612434,D-backs,AZ,R,94.1,32,232,1.432098765432099,0.1379310344827586,SI,Sinker,29.1,-25.6,3.5,14,1.8,17.2,-16.0,1.1,7,,,SI
2024,"Maciejewski, Josh",656671,Yankees,NYY,L,89.9,32,96,0.5925925925925926,0.3333333333333333,SI,Sinker,25.2,-25.5,-0.3,-1,8.7,16.4,-14.9,1.5,10,,,SI
2024,"Jacques, Joe",682175,D-backs,AZ,L,90.5,32,50,0.3086419753086419,0.64,SI,Sinker,37.1,-29.3,7.7,26,-3.3,17.2,-16.2,1.1,7,,,SI
2024,"Duffey, Tyler",608648,Royals,KC,R,91.7,31,189,1.1666666666666667,0.164021164021164,SI,Sinker,27.5,-24.3,3.2,13,5.0,15.0,-14.9,0.1,1,,,SI
2024,"Leone, Dominic",608678,White Sox,CWS,R,93.9,31,361,2.228395061728395,0.0858725761772853,SI,Sinker,23.0,-22.6,0.4,2,8.0,15.3,-15.0,0.3,2,,,SI
2024,"Sánchez, Sixto",664350,Marlins,MIA,R,92.7,31,621,3.8333333333333335,0.0499194847020934,SI,Sinker,25.2,-24.1,1.1,5,6.8,16.2,-15.1,1.1,7,,,SI
2024,"Snider, Collin",676092,Mariners,SEA,R,94.6,30,676,4.172839506172839,0.044378698224852,SI,Sinker,23.1,-24.8,-1.7,-7,7.4,10.5,-16.0,-5.5,-35,,,SI
2024,"Ryan, River",689981,Dodgers,LAD,R,94.7,30,295,1.820987654320988,0.1016949152542373,SI,Sinker,23.5,-22.9,0.6,3,7.1,15.2,-15.4,-0.1,-1,,,SI
2024,"Bruihl, Justin",677865,Pirates,PIT,L,90.4,30,99,0.6111111111111112,0.303030303030303,SI,Sinker,29.0,-25.9,3.1,12,4.2,13.5,-15.2,-1.7,-11,,,SI
2024,"Nelson, Nick",656793,Phillies,PHI,R,93.6,29,96,0.5925925925925926,0.3020833333333333,SI,Sinker,20.2,-23.4,-3.1,-13,11.1,14.2,-15.2,-1.0,-7,,,SI
2024,"Stewart, Brock",592779,Twins,MIN,R,96.4,29,268,1.654320987654321,0.1082089552238805,SI,Sinker,24.9,-22.6,2.4,11,4.4,14.2,-15.7,-1.5,-10,,,SI
2024,"Teheran, Julio",527054,Mets,NYM,R,90.4,29,68,0.419753086419753,0.4264705882352941,SI,Sinker,32.2,-27.4,4.8,18,1.4,15.2,-15.5,-0.3,-2,,,SI
2024,"Avila, Nick",687014,Giants,SF,R,93.5,29,225,1.3888888888888888,0.1288888888888889,SI,Sinker,18.8,-22.2,-3.4,-15,12.6,14.7,-14.6,0.1,1,,,SI
2024,"Shugart, Chase",663767,Red Sox,BOS,R,95.0,28,142,0.8765432098765432,0.1971830985915492,SI,Sinker,22.1,-23.0,-0.9,-4,8.2,15.4,-15.5,-0.1,-1,,,SI
2024,"Anderson, Shaun",641312,Marlins,MIA,R,91.6,28,244,1.5061728395061729,0.1147540983606557,SI,Sinker,22.4,-23.3,-0.9,-4,10.4,11.8,-14.4,-2.6,-18,,,SI
2024,"Sauer, Matt",669422,Royals,KC,R,95.0,28,327,2.0185185185185186,0.0856269113149847,SI,Sinker,17.7,-21.1,-3.5,-16,12.6,14.7,-14.8,-0.1,-1,,,SI
2024,"Clevinger, Mike",605182,White Sox,CWS,R,92.8,27,303,1.8703703703703705,0.0891089108910891,SI,Sinker,18.9,-23.9,-5.0,-21,13.1,14.4,-15.1,-0.7,-5,,,SI
2024,"Stanek, Ryne",592773,Mets,NYM,R,95.4,27,977,6.030864197530864,0.0276356192425793,SI,Sinker,17.4,-21.6,-4.2,-20,12.8,15.2,-15.0,0.1,1,,,SI
2024,"Lambert, Peter",663567,Rockies,COL,R,93.9,25,1039,6.41358024691358,0.0240615976900866,SI,Sinker,20.6,-22.0,-1.4,-6,10.2,12.1,-14.7,-2.6,-18,,,SI
2024,"Jackson, Jay",543351,Twins,MIN,R,91.2,25,453,2.7962962962962963,0.0551876379690949,SI,Sinker,21.3,-24.7,-3.4,-14,11.6,14.7,-14.9,-0.2,-1,,,SI
2024,"Burnes, Corbin",669203,Orioles,BAL,R,95.3,1348,2995,18.48765432098765,0.4500834724540901,FC,Cutter,17.5,-18.2,0.7,4,12.5,2.4,1.8,0.6,37,0.6646341463414634,0.6463414634146342,FC
2024,"Spence, Mitch",687765,Athletics,ATH,R,90.7,982,2480,15.308641975308642,0.3959677419354839,FC,Cutter,27.4,-24.8,-2.6,-10,5.7,3.8,2.6,1.2,45,0.1158536585365853,0.774390243902439,FC
2024,"Fedde, Erick",607200,Cardinals,STL,R,89.9,934,2891,17.84567901234568,0.3230716015219647,FC,Cutter,26.5,-25.8,-0.6,-3,7.1,2.8,2.7,0.1,3,0.3902439024390244,0.573170731707317,FC
2024,"Crawford, Kutter",676710,Red Sox,BOS,R,87.5,905,2823,17.425925925925927,0.3205809422600071,FC,Cutter,26.9,-28.2,1.3,5,8.6,5.1,3.2,1.8,56,0.75,0.8353658536585366,FC
2024,"Civale, Aaron",650644,Brewers,MIL,R,88.1,869,2699,16.660493827160494,0.3219711004075583,FC,Cutter,27.5,-26.9,-0.6,-2,7.6,3.8,3.0,0.7,25,0.3902439024390244,0.6951219512195121,FC
2024,"Cortes, Nestor",641482,Yankees,NYY,L,87.5,798,2849,17.58641975308642,0.2800982800982801,FC,Cutter,26.9,-28.1,1.2,4,8.6,4.6,2.8,1.8,63,0.7317073170731707,0.8353658536585366,FC
2024,"Robertson, David",502085,Rangers,TEX,R,93.3,768,1211,7.4753086419753085,0.634186622625929,FC,Cutter,14.6,-21.3,6.7,31,16.9,1.5,1.8,-0.3,-19,0.9939024390243902,0.4817073170731707,FC
2024,"Clase, Emmanuel",661403,Guardians,CLE,R,99.5,765,983,6.105590062111801,0.7782299084435402,FC,Cutter,15.9,-15.8,-0.2,-1,11.5,3.3,2.3,1.0,45,0.5060975609756098,0.7439024390243902,FC
2024,"Bibee, Tanner",676440,Guardians,CLE,R,86.4,736,2851,17.70807453416149,0.2581550333216415,FC,Cutter,32.8,-29.8,-3.0,-10,3.8,8.3,3.8,4.5,118,0.1097560975609756,0.9939024390243902,FC
2024,"Flexen, Chris",623167,White Sox,CWS,R,87.4,732,2797,17.265432098765434,0.2617089739006077,FC,Cutter,28.0,-27.3,-0.6,-2,7.6,7.6,4.7,3.0,64,0.3902439024390244,0.9573170731707316,FC
2024,"Eflin, Zach",621107,Orioles,BAL,R,88.2,691,2447,15.104938271604938,0.2823865958316305,FC,Cutter,26.4,-27.7,1.3,5,8.5,1.4,3.0,-1.6,-52,0.75,0.25,FC
2024,"Crochet, Garrett",676979,White Sox,CWS,L,91.5,683,2395,14.783950617283953,0.2851774530271398,FC,Cutter,26.7,-23.4,-3.4,-14,5.8,3.8,2.8,1.0,36,0.0670731707317073,0.7439024390243902,FC
2024,"Jansen, Kenley",445276,Red Sox,BOS,R,92.2,674,801,4.944444444444445,0.8414481897627965,FC,Cutter,14.7,-22.6,7.9,35,17.5,6.0,2.8,3.1,111,1.0,0.9695121951219512,FC
2024,"Ashcraft, Graham",668933,Reds,CIN,R,95.6,652,1342,8.283950617283951,0.4858420268256334,FC,Cutter,19.7,-20.2,0.5,2,10.0,1.0,0.9,0.1,8,0.6219512195121951,0.573170731707317,FC
2024,"Taillon, Jameson",592791,Cubs,CHC,R,86.5,622,2483,15.32716049382716,0.2505034232782924,FC,Cutter,28.1,-29.6,1.5,5,8.1,5.5,3.8,1.7,46,0.7987804878048781,0.823170731707317,FC
2024,"Bassitt, Chris",605135,Blue Jays,TOR,R,89.6,585,2959,18.265432098765437,0.1977019263264616,FC,Cutter,24.8,-26.0,1.3,5,9.2,0.0,2.2,-2.2,-99,0.75,0.1707317073170731,FC
2024,"Gibson, Kyle",502043,Cardinals,STL,R,88.6,584,2764,17.061728395061728,0.2112879884225759,FC,Cutter,26.0,-27.2,1.2,4,8.8,2.8,3.5,-0.7,-21,0.7317073170731707,0.3597560975609756,FC
2024,"Wilson, Bryse",669060,Brewers,MIL,R,88.8,573,1643,10.141975308641976,0.3487522824102252,FC,Cutter,26.7,-27.1,0.3,1,7.7,3.2,2.8,0.4,14,0.6097560975609756,0.6158536585365854,FC
2024,"Corbin, Patrick",571578,Nationals,WSH,L,85.7,554,2888,17.82716049382716,0.1918282548476454,FC,Cutter,32.5,-30.8,-1.8,-6,4.6,2.1,3.9,-1.8,-46,0.2256097560975609,0.2317073170731707,FC
2024,"Barnes, Jacob",606930,Nationals,WSH,R,89.8,550,1117,6.895061728395062,0.4923903312444047,FC,Cutter,26.2,-25.8,-0.4,-1,7.4,4.9,2.6,2.3,89,0.4512195121951219,0.9146341463414634,FC
2024,"Assad, Javier",665871,Cubs,CHC,R,87.9,547,2538,15.666666666666666,0.2155240346729708,FC,Cutter,26.7,-28.1,1.4,5,8.5,3.6,3.2,0.4,11,0.774390243902439,0.6158536585365854,FC
2024,"Chavez, Jesse",445926,Braves,ATL,R,88.8,533,1044,6.444444444444445,0.5105363984674329,FC,Cutter,22.0,-26.5,4.5,17,12.5,1.9,1.3,-3.2,-244,0.951219512195122,0.073170731707317,FC
2024,"Alexander, Tyler",641302,Rays,TB,L,85.0,530,1668,10.296296296296296,0.3177458033573141,FC,Cutter,29.7,-31.1,1.4,4,8.0,3.7,4.0,-0.3,-9,0.774390243902439,0.4817073170731707,FC
2024,"Anderson, Tyler",542881,Angels,LAA,L,84.3,527,2914,17.987654320987655,0.1808510638297872,FC,Cutter,26.7,-31.3,4.6,15,11.6,3.7,4.7,-1.0,-20,0.9634146341463414,0.3353658536585366,FC
2024,"Bradley, Taj",671737,Rays,TB,R,90.9,516,2294,14.160493827160494,0.2249346120313862,FC,Cutter,27.0,-24.6,-2.4,-10,6.2,4.5,2.6,1.9,73,0.1402439024390244,0.8719512195121951,FC
2024,"Rea, Colin",607067,Brewers,MIL,R,87.6,515,2650,16.358024691358025,0.1943396226415094,FC,Cutter,28.3,-28.2,-0.1,0,7.1,2.2,2.8,-0.7,-24,0.524390243902439,0.3597560975609756,FC
2024,"Law, Derek",571882,Nationals,WSH,R,91.5,515,1368,8.444444444444445,0.3764619883040935,FC,Cutter,23.5,-23.7,0.2,1,8.9,2.2,2.8,-0.6,-21,0.5792682926829268,0.4024390243902439,FC
2024,"Schmidt, Clarke",657376,Yankees,NYY,R,92.4,510,1454,8.975308641975309,0.3507565337001375,FC,Cutter,23.3,-22.9,-0.4,-2,8.6,2.4,1.6,0.8,54,0.4512195121951219,0.7012195121951219,FC
2024,"Kremer, Dean",665152,Orioles,BAL,R,86.9,500,2171,13.401234567901234,0.2303086135421465,FC,Cutter,30.4,-28.8,-1.6,-5,5.6,5.5,3.5,2.0,55,0.2560975609756097,0.8780487804878049,FC
2024,"Montas, Frankie",593423,Brewers,MIL,R,90.3,494,2633,16.253086419753085,0.1876186859096088,FC,Cutter,27.5,-25.4,-2.1,-8,5.8,1.9,2.0,-0.1,-5,0.1585365853658536,0.5182926829268293,FC
2024,"Arrighetti, Spencer",681293,Astros,HOU,R,88.2,491,2505,15.559006211180124,0.1960079840319361,FC,Cutter,27.0,-27.1,0.1,0,8.1,3.1,1.4,1.7,117,0.5609756097560976,0.823170731707317,FC
2024,"Myers, Tobias",668964,Brewers,MIL,R,89.3,490,2152,13.283950617283953,0.2276951672862453,FC,Cutter,21.7,-26.6,4.9,18,12.5,3.3,2.9,0.4,15,0.975609756097561,0.6158536585365854,FC
2024,"Stroman, Marcus",573186,Yankees,NYY,R,88.1,485,2657,16.401234567901234,0.1825366955212645,FC,Cutter,29.2,-27.3,-1.9,-7,5.8,1.0,1.7,-0.7,-43,0.1890243902439024,0.3597560975609756,FC
2024,"Pérez, Martín",527048,Padres,SD,L,87.9,484,2204,13.604938271604938,0.219600725952813,FC,Cutter,23.0,-27.6,4.6,17,12.2,0.8,2.6,-3.4,-131,0.9634146341463414,0.048780487804878,FC
2024,"Rogers, Trevor",669432,Orioles,BAL,L,82.4,461,2243,13.84567901234568,0.205528310298707,FC,Cutter,35.2,-34.8,-0.4,-1,5.1,3.8,4.2,-0.4,-11,0.4512195121951219,0.4451219512195122,FC
2024,"Lynn, Lance",458681,Cardinals,STL,R,88.1,454,2039,12.58641975308642,0.2226581657675331,FC,Cutter,29.6,-27.6,-2.0,-7,5.6,1.7,2.6,-0.9,-33,0.1768292682926829,0.3414634146341463,FC
2024,"Nelson, Ryne",669194,D-backs,AZ,R,91.2,442,2406,14.851851851851851,0.1837073981712385,FC,Cutter,24.4,-24.1,-0.3,-1,8.4,1.2,2.6,-1.4,-54,0.4878048780487805,0.274390243902439,FC
2024,"Gray, Sonny",543243,Cardinals,STL,R,87.7,442,2483,15.32716049382716,0.1780104712041884,FC,Cutter,34.5,-28.1,-6.4,-23,0.8,5.5,2.7,2.8,102,0.0060975609756097,0.9390243902439024,FC
2024,"Brown, Hunter",686613,Astros,HOU,R,92.4,439,2889,17.944099378881987,0.1519556940117687,FC,Cutter,21.7,-22.4,0.7,3,10.3,3.3,2.5,0.8,33,0.6646341463414634,0.7012195121951219,FC
2024,"Winckowski, Josh",670174,Red Sox,BOS,R,90.4,436,1240,7.654320987654321,0.3516129032258064,FC,Cutter,29.8,-25.2,-4.7,-19,3.6,4.0,2.7,1.2,46,0.024390243902439,0.774390243902439,FC
2024,"Suárez, Albert",544150,Orioles,BAL,R,86.3,435,2233,13.783950617283953,0.1948051948051948,FC,Cutter,28.6,-30.0,1.3,4,8.0,2.6,3.8,-1.2,-31,0.75,0.3048780487804878,FC
2024,"Martinez, Nick",607259,Reds,CIN,R,89.1,432,2125,13.117283950617283,0.2032941176470588,FC,Cutter,22.4,-26.4,4.0,15,11.9,1.9,2.5,-0.5,-21,0.945121951219512,0.4146341463414634,FC
2024,"Alvarado, José",621237,Phillies,PHI,L,92.5,424,1052,6.493827160493828,0.403041825095057,FC,Cutter,25.9,-21.8,-4.2,-19,6.0,0.1,2.8,-3.0,-105,0.0426829268292682,0.0975609756097561,FC
2024,"Gore, MacKenzie",669022,Nationals,WSH,L,91.1,424,2994,18.48148148148148,0.1416165664662658,FC,Cutter,24.1,-24.2,0.0,0,8.6,1.4,2.6,-1.3,-49,0.5426829268292683,0.2926829268292683,FC
2024,"Ortiz, Luis",682847,Pirates,PIT,R,90.9,423,2143,13.228395061728396,0.1973868408772748,FC,Cutter,25.5,-24.6,-0.9,-4,7.4,0.6,0.9,-0.3,-33,0.3597560975609756,0.4817073170731707,FC
2024,"Cabrera, Génesis",650893,Blue Jays,TOR,L,89.2,405,1030,6.3580246913580245,0.3932038834951456,FC,Cutter,29.8,-26.5,-3.3,-13,4.7,0.1,2.4,-2.5,-103,0.073170731707317,0.1341463414634146,FC
2024,"Freeland, Kyle",607536,Rockies,COL,L,86.9,400,1769,10.919753086419751,0.2261164499717354,FC,Cutter,30.0,-29.1,-0.9,-3,6.0,0.1,3.1,-3.2,-103,0.3597560975609756,0.073170731707317,FC
2024,"Eovaldi, Nathan",543135,Rangers,TEX,R,91.3,399,2622,16.185185185185187,0.1521739130434782,FC,Cutter,24.0,-24.1,0.1,0,8.8,0.8,1.9,-1.1,-59,0.5609756097560976,0.3170731707317073,FC
2024,"Cannon, Jonathan",686563,White Sox,CWS,R,90.2,390,2028,12.51851851851852,0.1923076923076923,FC,Cutter,25.4,-25.5,0.0,0,8.1,1.7,2.1,-3.8,-179,0.5426829268292683,0.024390243902439,FC
2024,"Doval, Camilo",666808,Giants,SF,R,99.1,389,1116,6.888888888888889,0.3485663082437276,FC,Cutter,16.7,-16.5,-0.3,-2,11.0,6.0,-3.1,-2.9,94,0.4878048780487805,0.1036585365853658,FC
2024,"Wentz, Joey",666214,Pirates,PIT,L,85.9,384,1224,7.555555555555555,0.3137254901960784,FC,Cutter,32.8,-30.1,-2.6,-9,4.0,3.0,4.1,-1.1,-27,0.1158536585365853,0.3170731707317073,FC
2024,"Maton, Phil",664208,Mets,NYM,R,88.7,383,1078,6.654320987654321,0.3552875695732838,FC,Cutter,23.0,-26.8,3.8,14,11.5,3.4,2.2,1.2,52,0.926829268292683,0.774390243902439,FC
2024,"Faucher, Calvin",676534,Marlins,MIA,R,91.3,374,987,6.092592592592593,0.3789260385005066,FC,Cutter,31.6,-24.5,-7.1,-29,1.0,4.2,1.6,2.6,165,0.0,0.926829268292683,FC
2024,"Holton, Tyler",663947,Tigers,DET,L,87.6,365,1339,8.265432098765432,0.2725914861837192,FC,Cutter,28.2,-28.3,0.2,1,7.1,4.2,3.4,0.9,25,0.5792682926829268,0.725609756097561,FC
2024,"Strickland, Hunter",519326,Angels,LAA,R,84.0,363,1157,7.141975308641976,0.3137424373379429,FC,Cutter,34.5,-32.1,-2.3,-7,4.5,13.0,4.8,8.2,170,0.1463414634146341,1.0,FC
2024,"Ragans, Cole",666142,Royals,KC,L,90.8,352,3118,19.246913580246915,0.1128928800513149,FC,Cutter,23.2,-24.8,1.6,6,9.8,1.0,2.5,-3.5,-138,0.8170731707317073,0.0426829268292682,FC
2024,"Keller, Mitch",656605,Pirates,PIT,R,90.4,351,2849,17.58641975308642,0.1232011232011232,FC,Cutter,25.7,-25.2,-0.4,-2,7.6,3.0,2.4,0.6,26,0.4512195121951219,0.6463414634146342,FC
2024,"Anderson, Chase",502624,Rangers,TEX,R,88.8,344,1016,6.271604938271605,0.3385826771653543,FC,Cutter,27.3,-26.7,-0.6,-2,7.1,3.5,2.3,1.2,53,0.3902439024390244,0.774390243902439,FC
2024,"Armstrong, Shawn",542888,Cubs,CHC,R,90.5,344,1109,6.845679012345679,0.3101893597835888,FC,Cutter,24.1,-25.1,1.0,4,9.1,4.3,2.5,1.8,73,0.7073170731707317,0.8353658536585366,FC
2024,"Sands, Cole",663485,Twins,MIN,R,90.8,341,1154,7.1234567901234565,0.2954939341421144,FC,Cutter,24.9,-24.9,0.1,0,8.2,1.2,1.5,-0.4,-24,0.5609756097560976,0.4451219512195122,FC
2024,"Quantrill, Cal",615698,Rockies,COL,R,87.7,341,2643,16.314814814814813,0.1290200529701097,FC,Cutter,30.2,-28.1,-2.1,-8,5.0,3.2,3.6,-0.4,-11,0.1585365853658536,0.4451219512195122,FC
2024,"Voth, Austin",608723,Mariners,SEA,R,89.0,329,974,6.012345679012346,0.337782340862423,FC,Cutter,28.7,-26.8,-1.9,-7,5.8,3.5,2.6,0.9,33,0.1890243902439024,0.725609756097561,FC
2024,"Musgrove, Joe",605397,Padres,SD,R,89.7,323,1582,9.765432098765432,0.2041719342604298,FC,Cutter,26.5,-25.9,-0.6,-2,7.2,3.0,3.0,0.0,1,0.3902439024390244,0.5487804878048781,FC
2024,"Gilbert, Logan",669302,Mariners,SEA,R,92.4,320,3041,18.771604938271604,0.1052285432423544,FC,Cutter,20.0,-22.2,2.2,10,11.9,2.9,2.3,0.6,24,0.8597560975609756,0.6463414634146342,FC
2024,"Dunning, Dane",641540,Rangers,TEX,R,88.1,318,1689,10.425925925925926,0.1882770870337478,FC,Cutter,24.1,-27.5,3.3,12,11.0,0.2,2.4,-2.5,-107,0.9146341463414634,0.1341463414634146,FC
2024,"Schwellenbach, Spencer",680885,Braves,ATL,R,92.9,318,1887,11.648148148148149,0.1685214626391097,FC,Cutter,21.6,-21.8,0.2,1,9.8,1.5,1.6,-0.1,-9,0.5792682926829268,0.5182926829268293,FC
2024,"Muñoz, Roddery",682610,Marlins,MIA,R,89.9,307,1485,9.166666666666666,0.2067340067340067,FC,Cutter,26.3,-25.8,-0.6,-2,7.6,1.3,2.0,-3.4,-165,0.3902439024390244,0.048780487804878,FC
2024,"Slaten, Justin",686580,Red Sox,BOS,R,91.5,306,811,5.006172839506172,0.37731196054254,FC,Cutter,25.0,-23.7,-1.3,-5,7.6,4.4,2.6,1.8,70,0.3231707317073171,0.8353658536585366,FC
2024,"Weaver, Luke",596133,Yankees,NYY,R,91.3,304,1374,8.481481481481481,0.2212518195050946,FC,Cutter,19.8,-24.3,4.5,19,12.9,2.6,1.6,1.0,64,0.951219512195122,0.7439024390243902,FC
2024,"Wheeler, Zack",554430,Phillies,PHI,R,91.1,301,3134,19.34567901234568,0.0960433950223356,FC,Cutter,24.3,-24.5,0.2,1,8.4,0.9,1.4,-0.5,-38,0.5792682926829268,0.4146341463414634,FC
2024,"Martin, Chris",455119,Red Sox,BOS,R,91.9,299,657,4.055555555555555,0.4550989345509893,FC,Cutter,22.9,-23.2,0.3,1,9.4,1.9,2.3,-0.5,-20,0.6097560975609756,0.4146341463414634,FC
2024,"Wacha, Michael",608379,Royals,KC,R,88.8,296,2602,16.061728395061728,0.1137586471944658,FC,Cutter,24.3,-27.0,2.8,10,10.2,1.2,3.7,-2.5,-68,0.9085365853658536,0.1341463414634146,FC
2024,"Nola, Aaron",605400,Phillies,PHI,R,87.5,294,3189,19.685185185185187,0.0921919096895578,FC,Cutter,27.1,-27.8,0.7,2,8.5,1.3,1.7,-2.9,-176,0.6646341463414634,0.1036585365853658,FC
2024,"Kelly, Merrill",518876,D-backs,AZ,R,90.3,288,1142,7.049382716049383,0.2521891418563923,FC,Cutter,22.5,-25.1,2.6,10,10.8,1.3,1.5,-2.9,-188,0.902439024390244,0.1036585365853658,FC
2024,"Cruz, Fernando",518585,Reds,CIN,R,88.7,288,1138,7.024691358024692,0.2530755711775044,FC,Cutter,26.8,-27.3,0.5,2,7.7,4.4,3.2,1.2,39,0.6219512195121951,0.774390243902439,FC
2024,"Funderburk, Kody",681892,Twins,MIN,L,92.1,285,652,4.024691358024692,0.4371165644171779,FC,Cutter,21.4,-22.8,1.4,6,10.7,1.7,2.5,-0.7,-30,0.774390243902439,0.3597560975609756,FC
2024,"Suarez, Ranger",624133,Phillies,PHI,L,86.5,285,2354,14.530864197530864,0.1210705182667799,FC,Cutter,31.2,-29.5,-1.7,-6,5.2,3.7,3.6,0.0,1,0.2317073170731707,0.5487804878048781,FC
2024,"Buehler, Walker",621111,Dodgers,LAD,R,91.2,279,1336,8.246913580246913,0.2088323353293413,FC,Cutter,23.2,-24.1,1.0,4,9.4,4.6,1.9,2.7,140,0.7073170731707317,0.9329268292682928,FC
2024,"Lugo, Seth",607625,Royals,KC,R,89.9,276,3112,19.20987654320988,0.0886889460154241,FC,Cutter,22.1,-25.5,3.5,14,11.6,0.5,1.9,-1.4,-75,0.9207317073170732,0.274390243902439,FC
2024,"Bellozo, Valente",678368,Marlins,MIA,R,82.8,275,1094,6.753086419753086,0.2513711151736746,FC,Cutter,30.8,-32.9,2.1,6,8.9,5.4,5.6,-0.2,-3,0.8475609756097561,0.5060975609756098,FC
2024,"Criswell, Cooper",681867,Red Sox,BOS,R,86.4,271,1756,10.839506172839506,0.1543280182232346,FC,Cutter,28.4,-28.9,0.6,2,8.1,0.0,1.8,-1.8,-101,0.6402439024390244,0.2317073170731707,FC
2024,"Blackburn, Paul",621112,Mets,NYM,R,89.1,267,1212,7.481481481481482,0.2202970297029703,FC,Cutter,27.2,-26.7,-0.5,-2,7.1,4.9,2.8,2.1,75,0.4329268292682927,0.8902439024390244,FC
2024,"Cleavinger, Garrett",664076,Rays,TB,L,90.8,260,1056,6.518518518518518,0.2462121212121212,FC,Cutter,26.3,-24.6,-1.7,-7,6.8,3.3,1.1,2.2,200,0.2317073170731707,0.902439024390244,FC
2024,"Tyler, Kyle",667725,Marlins,MIA,R,90.3,260,580,3.580246913580247,0.4482758620689655,FC,Cutter,23.2,-25.2,2.0,8,10.4,5.7,2.9,2.9,99,0.8414634146341463,0.945121951219512,FC
2024,"Koenig, Jared",657649,Brewers,MIL,L,90.3,256,1017,6.277777777777778,0.2517207472959685,FC,Cutter,23.4,-25.2,1.8,7,9.9,0.5,2.0,-1.4,-73,0.8353658536585366,0.274390243902439,FC
2024,"Ferguson, Caleb",657571,Astros,HOU,L,89.0,249,940,5.838509316770186,0.2648936170212766,FC,Cutter,28.1,-26.7,-1.4,-5,6.3,2.4,2.5,-0.1,-6,0.2926829268292683,0.5182926829268293,FC
2024,"Spiers, Carson",686730,Reds,CIN,R,87.8,248,1554,9.592592592592592,0.1595881595881595,FC,Cutter,28.3,-27.8,-0.5,-2,6.8,2.0,2.2,-0.1,-6,0.4329268292682927,0.5182926829268293,FC
2024,"Booser, Cam",592155,Red Sox,BOS,L,88.3,246,695,4.290123456790123,0.3539568345323741,FC,Cutter,30.9,-27.6,-3.3,-12,4.2,2.8,2.8,0.0,-1,0.073170731707317,0.5487804878048781,FC
2024,"Allen, Logan",671106,Guardians,CLE,L,85.3,243,1665,10.341614906832298,0.1459459459459459,FC,Cutter,31.6,-30.6,-1.0,-3,5.8,4.8,3.2,1.6,49,0.3414634146341463,0.8170731707317073,FC
2024,"Cole, Gerrit",543037,Yankees,NYY,R,91.4,242,1534,9.469135802469136,0.1577574967405476,FC,Cutter,23.5,-24.1,0.6,2,9.1,3.3,2.1,1.3,62,0.6402439024390244,0.8048780487804879,FC
2024,"Severino, Luis",622663,Mets,NYM,R,92.6,236,2889,17.833333333333332,0.0816891658013153,FC,Cutter,24.0,-22.3,-1.7,-7,8.0,1.3,1.9,-0.7,-34,0.2317073170731707,0.3597560975609756,FC
2024,"Garrett, Reed",657585,Mets,NYM,R,91.6,232,980,6.049382716049383,0.236734693877551,FC,Cutter,25.3,-23.8,-1.5,-6,7.2,3.4,1.6,1.8,110,0.2682926829268293,0.8353658536585366,FC
2024,"Vásquez, Randy",681190,Padres,SD,R,90.3,232,1687,10.41358024691358,0.1375222288085358,FC,Cutter,24.4,-25.4,1.0,4,9.0,2.8,2.3,0.4,18,0.7073170731707317,0.6158536585365854,FC
2024,"Hudson, Bryan",663542,Brewers,MIL,L,86.0,227,927,5.722222222222222,0.2448759439050701,FC,Cutter,33.2,-29.5,-3.7,-12,3.9,0.9,1.3,-2.3,-171,0.0548780487804878,0.1585365853658536,FC
2024,"Holderman, Colin",670059,Pirates,PIT,R,92.1,223,869,5.364197530864198,0.2566168009205984,FC,Cutter,24.4,-23.0,-1.4,-6,7.7,1.8,1.9,-0.1,-6,0.2926829268292683,0.5182926829268293,FC
2024,"Brazobán, Huascar",623211,Mets,NYM,R,89.1,221,899,5.549382716049383,0.2458286985539488,FC,Cutter,27.5,-26.5,-0.9,-4,7.1,0.9,2.3,-3.2,-139,0.3597560975609756,0.073170731707317,FC
2024,"Morton, Charlie",450203,Braves,ATL,R,88.5,219,2791,17.228395061728396,0.0784664994625582,FC,Cutter,29.0,-27.1,-1.9,-7,5.7,0.0,2.2,-2.2,-99,0.1890243902439024,0.1707317073170731,FC
2024,"Stratton, Hunter",676702,Pirates,PIT,R,92.0,217,587,3.623456790123457,0.3696763202725724,FC,Cutter,22.7,-23.3,0.6,3,9.6,2.9,2.1,0.8,36,0.6402439024390244,0.7012195121951219,FC
2024,"Santana, Dennis",642701,Pirates,PIT,R,90.4,216,1106,6.827160493827161,0.1952983725135623,FC,Cutter,23.0,-25.3,2.3,9,10.3,1.3,2.0,-0.7,-34,0.8841463414634146,0.3597560975609756,FC
2024,"Stripling, Ross",548389,Athletics,ATH,R,87.5,216,1358,8.382716049382717,0.1590574374079528,FC,Cutter,25.8,-27.2,1.5,5,10.0,1.6,4.2,-2.6,-62,0.7987804878048781,0.1280487804878048,FC
2024,"Waldron, Matt",663362,Padres,SD,R,87.1,212,2450,15.123456790123456,0.0865306122448979,FC,Cutter,26.3,-28.7,2.4,8,9.6,0.8,2.7,-2.0,-72,0.8963414634146342,0.1951219512195122,FC
2024,"Beeks, Jalen",656222,Pirates,PIT,L,84.9,211,1186,7.320987654320987,0.1779089376053962,FC,Cutter,34.3,-31.1,-3.2,-10,3.4,2.3,4.2,-1.9,-45,0.0853658536585365,0.2134146341463414,FC
2024,"Sánchez, Sixto",664350,Marlins,MIA,R,83.7,211,621,3.8333333333333335,0.3397745571658615,FC,Cutter,36.7,-32.9,-3.9,-12,2.4,6.1,5.0,1.1,23,0.048780487804878,0.7682926829268293,FC
2024,"Manaea, Sean",640455,Mets,NYM,L,88.5,209,2996,18.493827160493822,0.0697596795727636,FC,Cutter,27.4,-27.0,-0.4,-2,7.6,0.0,2.6,-2.5,-98,0.4512195121951219,0.1341463414634146,FC
2024,"Lorenzen, Michael",547179,Royals,KC,R,90.1,209,2092,12.91358024691358,0.0999043977055449,FC,Cutter,25.7,-25.5,-0.2,-1,7.9,0.2,1.8,-1.6,-87,0.5060975609756098,0.25,FC
2024,"Kelly, Zack",677161,Red Sox,BOS,R,91.1,209,955,5.895061728395062,0.218848167539267,FC,Cutter,26.2,-24.3,-1.9,-8,6.8,2.2,2.1,0.2,8,0.1890243902439024,0.5853658536585366,FC
2024,"Irvin, Jake",663623,Nationals,WSH,R,89.9,200,3046,18.80246913580247,0.0656598818122127,FC,Cutter,26.1,-25.8,-0.3,-1,7.6,0.5,2.8,-3.3,-118,0.4878048780487805,0.0670731707317073,FC
2024,"Irvin, Cole",608344,Twins,MIN,L,85.8,195,1767,10.907407407407408,0.1103565365025466,FC,Cutter,32.0,-30.1,-1.9,-6,5.0,1.8,4.0,-2.2,-55,0.1890243902439024,0.1707317073170731,FC
2024,"Wilson, Justin",458677,Reds,CIN,L,92.3,195,816,5.037037037037037,0.2389705882352941,FC,Cutter,19.3,-23.1,3.8,16,12.5,1.8,2.1,-0.3,-14,0.926829268292683,0.4817073170731707,FC
2024,"Megill, Tylor",656731,Mets,NYM,R,90.0,194,1365,8.425925925925926,0.1421245421245421,FC,Cutter,26.8,-25.3,-1.5,-6,6.9,3.2,2.7,0.6,21,0.2682926829268293,0.6463414634146342,FC
2024,"Smith, Burch",572143,Orioles,BAL,R,87.6,192,896,5.530864197530864,0.2142857142857142,FC,Cutter,31.3,-28.1,-3.2,-11,4.3,4.9,2.7,2.2,79,0.0853658536585365,0.902439024390244,FC
2024,"Leclerc, José",600917,Rangers,TEX,R,90.2,188,1204,7.432098765432099,0.1561461794019933,FC,Cutter,27.1,-25.5,-1.6,-6,6.5,4.9,1.9,3.1,164,0.2560975609756097,0.9695121951219512,FC
2024,"Minter, A.J.",621345,Braves,ATL,L,89.4,180,522,3.2222222222222223,0.3448275862068966,FC,Cutter,29.4,-26.3,-3.1,-12,4.6,5.4,2.4,2.9,120,0.0975609756097561,0.945121951219512,FC
2024,"Mlodzinski, Carmen",669387,Pirates,PIT,R,92.5,176,866,5.345679012345679,0.2032332563510392,FC,Cutter,23.6,-23.3,-0.4,-2,8.1,0.3,0.7,-0.4,-55,0.4512195121951219,0.4451219512195122,FC
2024,"Liberatore, Matthew",669461,Cardinals,STL,L,91.4,175,1357,8.376543209876543,0.1289609432571849,FC,Cutter,22.9,-24.0,1.1,4,9.6,1.4,2.6,-1.2,-46,0.725609756097561,0.3048780487804878,FC
2024,"Rodriguez, Eduardo",593958,D-backs,AZ,L,88.8,166,866,5.345679012345679,0.1916859122401847,FC,Cutter,25.8,-27.0,1.2,5,8.6,1.2,2.7,-1.5,-55,0.7317073170731707,0.2621951219512195,FC
2024,"Williams, Gavin",668909,Guardians,CLE,R,91.6,166,1368,8.496894409937887,0.121345029239766,FC,Cutter,26.0,-23.6,-2.5,-11,6.5,0.7,2.4,-1.7,-69,0.1280487804878048,0.2439024390243902,FC
2024,"Thompson, Keegan",624522,Cubs,CHC,R,89.8,164,538,3.320987654320988,0.3048327137546468,FC,Cutter,27.6,-25.9,-1.7,-7,6.1,5.8,2.3,3.6,157,0.2317073170731707,0.9878048780487804,FC
2024,"Pagán, Emilio",641941,Reds,CIN,R,86.4,161,593,3.6604938271604937,0.2715008431703204,FC,Cutter,31.0,-29.6,-1.4,-5,5.5,4.1,3.2,0.8,26,0.2926829268292683,0.7012195121951219,FC
2024,"Blach, Ty",621389,Rockies,COL,L,82.9,155,1133,6.993827160493828,0.1368049426301853,FC,Cutter,37.2,-35.6,-1.5,-4,2.4,1.3,1.5,-2.9,-187,0.2682926829268293,0.1036585365853658,FC
2024,"Yarbrough, Ryan",642232,Blue Jays,TOR,L,83.8,153,1514,9.34567901234568,0.1010568031704095,FC,Cutter,30.0,-31.4,1.4,5,9.0,1.4,2.3,-3.7,-161,0.774390243902439,0.0304878048780487,FC
2024,"Roberts, Ethan",681799,Cubs,CHC,R,89.9,153,474,2.925925925925926,0.3227848101265823,FC,Cutter,26.1,-25.6,-0.6,-2,7.3,3.0,1.3,1.7,136,,,FC
2024,"Bido, Osvaldo",674370,Athletics,ATH,R,86.9,152,1055,6.512345679012346,0.1440758293838862,FC,Cutter,29.1,-28.9,-0.2,-1,7.1,0.6,3.4,-4.0,-119,0.5060975609756098,0.0182926829268292,FC
2024,"Kolek, Stephen",663568,Padres,SD,R,92.4,152,797,4.919753086419753,0.1907151819322459,FC,Cutter,24.1,-22.7,-1.4,-6,7.8,0.8,1.2,-0.4,-34,0.2926829268292683,0.4451219512195122,FC
2024,"Schreiber, John",670167,Royals,KC,R,88.7,148,895,5.524691358024692,0.1653631284916201,FC,Cutter,28.6,-27.2,-1.4,-5,6.0,1.3,-0.8,-0.5,60,0.2926829268292683,0.4146341463414634,FC
2024,"Walker, Taijuan",592836,Phillies,PHI,R,87.3,143,1435,8.858024691358025,0.0996515679442508,FC,Cutter,21.3,-27.8,6.5,24,14.5,0.2,3.6,-3.4,-95,0.9878048780487804,0.048780487804878,FC
2024,"Uceta, Edwin",670955,Rays,TB,R,89.3,143,672,4.148148148148148,0.212797619047619,FC,Cutter,24.0,-25.7,1.7,7,10.3,1.3,0.6,0.6,102,0.823170731707317,0.6463414634146342,FC
2024,"Pivetta, Nick",601713,Red Sox,BOS,R,88.3,141,2386,14.728395061728396,0.0590947191953059,FC,Cutter,28.3,-26.8,-1.5,-6,6.6,4.6,4.4,0.2,5,0.2682926829268293,0.5853658536585366,FC
2024,"Coulombe, Danny",543056,Orioles,BAL,L,85.8,140,466,2.876543209876543,0.3004291845493562,FC,Cutter,35.2,-29.5,-5.7,-19,1.8,3.8,4.0,-0.2,-5,,,FC
2024,"Grove, Michael",675627,Dodgers,LAD,R,93.0,139,827,5.104938271604938,0.1680773881499395,FC,Cutter,17.8,-21.7,3.9,18,13.7,4.3,2.2,2.1,96,0.9390243902439024,0.8902439024390244,FC
2024,"Sims, Lucas",608371,Red Sox,BOS,R,90.9,137,885,5.462962962962963,0.1548022598870056,FC,Cutter,22.7,-24.9,2.2,9,10.2,4.1,1.5,2.5,169,0.8597560975609756,0.9207317073170732,FC
2024,"Phillips, Evan",623465,Dodgers,LAD,R,92.8,137,917,5.660493827160494,0.1494002181025081,FC,Cutter,23.0,-22.5,-0.5,-2,8.6,0.4,1.0,-0.6,-56,0.4329268292682927,0.4024390243902439,FC
2024,"Fried, Max",608331,Braves,ATL,L,88.3,136,2761,17.04320987654321,0.0492575153929735,FC,Cutter,31.8,-27.5,-4.2,-15,3.1,3.1,3.0,0.1,3,,,FC
2024,"Fleming, Josh",676596,Pirates,PIT,L,87.2,136,532,3.2839506172839505,0.2556390977443609,FC,Cutter,28.7,-28.6,-0.1,0,7.1,2.3,2.8,-5.1,-185,0.524390243902439,0.0060975609756097,FC
2024,"Dubin, Shawn",681869,Astros,HOU,R,89.0,133,840,5.217391304347826,0.1583333333333333,FC,Cutter,29.2,-26.8,-2.3,-9,5.2,5.7,2.7,3.0,109,0.1463414634146341,0.9573170731707316,FC
2024,"Gonzales, Marco",594835,Pirates,PIT,L,85.7,130,546,3.3703703703703702,0.238095238095238,FC,Cutter,28.0,-30.2,2.2,7,8.8,0.6,3.0,-3.6,-119,0.8597560975609756,0.0365853658536585,FC
2024,"Rasmussen, Drew",656876,Rays,TB,R,89.1,127,459,2.833333333333333,0.2766884531590414,FC,Cutter,35.3,-26.7,-8.6,-32,-0.9,3.5,2.8,0.6,23,,,FC
2024,"Jarvis, Bryce",686826,D-backs,AZ,R,89.6,125,1006,6.209876543209877,0.1242544731610338,FC,Cutter,29.5,-26.0,-3.5,-13,4.6,0.6,1.9,-1.3,-69,0.0609756097560975,0.2926829268292683,FC
2024,"Fernandez, Ryan",681676,Cardinals,STL,R,90.1,124,1190,7.345679012345679,0.1042016806722689,FC,Cutter,24.7,-25.4,0.7,3,8.9,2.7,2.2,0.6,26,0.6646341463414634,0.6463414634146342,FC
2024,"Pepiot, Ryan",686752,Rays,TB,R,91.6,124,2149,13.265432098765432,0.0577012563983248,FC,Cutter,18.6,-23.7,5.1,22,13.9,2.9,2.3,0.6,24,0.9817073170731708,0.6463414634146342,FC
2024,"Hjelle, Sean",663546,Giants,SF,R,92.1,122,1209,7.462962962962963,0.1009098428453267,FC,Cutter,23.7,-22.8,-0.8,-4,8.3,3.2,2.7,-5.9,-219,0.3780487804878049,0.0,FC
2024,"Kopech, Michael",656629,Dodgers,LAD,R,91.2,120,1143,7.055555555555555,0.1049868766404199,FC,Cutter,30.0,-24.2,-5.8,-24,2.7,4.1,2.3,1.8,80,0.0121951219512195,0.8353658536585366,FC
2024,"Woodford, Jake",663765,Pirates,PIT,R,88.7,120,618,3.814814814814815,0.1941747572815534,FC,Cutter,26.1,-27.0,0.9,3,8.6,0.0,1.9,-2.0,-102,0.7012195121951219,0.1951219512195122,FC
2024,"Ramírez, Erasmo",541640,Rays,TB,R,89.1,119,302,1.8641975308641976,0.3940397350993377,FC,Cutter,20.8,-26.6,5.7,22,13.7,0.2,2.2,-2.0,-92,,,FC
2024,"Treinen, Blake",595014,Dodgers,LAD,R,90.8,119,737,4.549382716049383,0.1614654002713704,FC,Cutter,24.7,-25.3,0.6,2,8.3,1.7,1.9,-0.2,-10,0.6402439024390244,0.5060975609756098,FC
2024,"Matthews, Zebby",805673,Twins,MIN,R,90.9,116,717,4.425925925925926,0.1617852161785216,FC,Cutter,22.4,-24.7,2.3,9,10.6,2.0,2.3,-0.4,-15,0.8841463414634146,0.4451219512195122,FC
2024,"Strahm, Matt",621381,Phillies,PHI,L,88.5,116,981,6.055555555555555,0.1182466870540265,FC,Cutter,26.3,-27.1,0.8,3,8.5,0.0,1.9,-1.9,-98,0.6890243902439024,0.2134146341463414,FC
2024,"Williamson, Brandon",682227,Reds,CIN,L,90.1,115,256,1.5802469135802468,0.44921875,FC,Cutter,23.9,-25.1,1.3,5,9.5,2.1,2.5,-0.4,-17,,,FC
2024,"Snider, Collin",676092,Mariners,SEA,R,89.6,112,676,4.172839506172839,0.165680473372781,FC,Cutter,30.8,-25.7,-5.1,-20,3.1,2.7,1.3,1.4,110,0.0182926829268292,0.8109756097560976,FC
2024,"France, J.P.",641585,Astros,HOU,R,86.8,111,466,2.8944099378881987,0.2381974248927038,FC,Cutter,30.3,-29.1,-1.2,-4,6.0,6.2,3.2,3.0,91,,,FC
2024,"Stone, Gavin",694813,Dodgers,LAD,R,92.2,111,2153,13.290123456790123,0.0515559684161634,FC,Cutter,20.7,-22.9,2.2,10,11.4,1.5,1.7,-3.2,-189,0.8597560975609756,0.073170731707317,FC
2024,"Ottavino, Adam",493603,Mets,NYM,R,87.8,110,1003,6.191358024691358,0.1096709870388833,FC,Cutter,29.7,-27.9,-1.9,-7,5.5,6.0,2.6,3.4,132,0.1890243902439024,0.9817073170731708,FC
2024,"Festa, Matt",670036,Rangers,TEX,R,89.5,109,385,2.376543209876543,0.2831168831168831,FC,Cutter,27.3,-25.8,-1.5,-6,6.6,4.8,1.0,3.7,367,,,FC
2024,"Rodón, Carlos",607074,Yankees,NYY,L,91.8,108,3102,19.14814814814815,0.034816247582205,FC,Cutter,21.4,-23.6,2.2,9,11.0,0.3,2.2,-1.9,-87,,,FC
2024,"Frías, Luis",666818,Blue Jays,TOR,R,89.8,106,229,1.4135802469135803,0.462882096069869,FC,Cutter,28.4,-25.9,-2.6,-10,5.4,3.6,3.3,0.3,10,,,FC
2024,"Ferguson, Tyler",621053,Athletics,ATH,R,91.1,105,819,5.055555555555555,0.1282051282051282,FC,Cutter,26.6,-24.6,-2.0,-8,6.3,1.3,1.8,-0.5,-27,0.1768292682926829,0.4146341463414634,FC
2024,"Thorpe, Drew",689672,White Sox,CWS,R,86.2,104,721,4.450617283950617,0.1442441054091539,FC,Cutter,30.7,-29.6,-1.0,-4,5.9,4.5,3.9,0.6,14,0.3414634146341463,0.6463414634146342,FC
2024,"Povich, Cade",700249,Orioles,BAL,L,88.3,104,1389,8.574074074074074,0.0748740100791936,FC,Cutter,25.5,-27.6,2.1,8,9.3,3.1,2.9,0.2,7,0.8475609756097561,0.5853658536585366,FC
2024,"Nittoli, Vinny",657697,Orioles,BAL,R,89.2,103,178,1.0987654320987654,0.5786516853932584,FC,Cutter,21.3,-26.0,4.6,18,12.9,2.1,0.9,-3.0,-330,,,FC
2024,"Allen, Logan",663531,D-backs,AZ,L,87.1,103,470,2.9012345679012346,0.2191489361702127,FC,Cutter,27.8,-28.6,0.9,3,8.2,3.0,3.5,-0.4,-12,,,FC
2024,"Berríos, José",621244,Blue Jays,TOR,R,91.4,101,2914,17.987654320987655,0.0346602608098833,FC,Cutter,21.3,-24.0,2.7,11,11.4,1.4,1.9,-3.3,-176,,,FC
2024,"Bernardino, Brennan",657514,Red Sox,BOS,L,86.7,99,860,5.308641975308642,0.1151162790697674,FC,Cutter,31.8,-28.8,-3.1,-11,4.4,1.6,1.6,0.0,2,0.0975609756097561,0.5487804878048781,FC
2024,"Bowman, Matt",621199,Orioles,BAL,R,90.6,98,497,3.067901234567901,0.1971830985915492,FC,Cutter,23.6,-25.1,1.5,6,9.8,0.2,2.5,-2.3,-92,0.7987804878048781,0.1585365853658536,FC
2024,"Bolton, Cody",675989,Mariners,SEA,R,89.1,98,312,1.9259259259259256,0.3141025641025641,FC,Cutter,32.0,-26.5,-5.6,-21,2.3,6.1,2.1,4.0,188,,,FC
2024,"Gallen, Zac",668678,D-backs,AZ,R,90.0,97,2506,15.469135802469136,0.038707102952913,FC,Cutter,25.0,-25.7,0.7,3,8.6,4.0,2.6,1.5,57,,,FC
2024,"Vespi, Nick",663989,Orioles,BAL,L,89.5,96,169,1.0432098765432098,0.5680473372781065,FC,Cutter,27.5,-25.9,-1.6,-6,6.6,1.6,2.6,-0.9,-36,,,FC
2024,"Zeferjahn, Ryan",666171,Angels,LAA,R,90.4,96,207,1.2777777777777777,0.463768115942029,FC,Cutter,30.1,-25.1,-4.9,-20,3.3,4.1,2.5,1.6,67,,,FC
2024,"Sammons, Bryan",676614,Tigers,DET,L,86.8,95,374,2.308641975308642,0.2540106951871658,FC,Cutter,28.3,-29.0,0.7,2,7.8,1.9,2.9,-1.1,-37,,,FC
2024,"Wesneski, Hayden",669713,Cubs,CHC,R,88.1,94,1075,6.635802469135802,0.0874418604651162,FC,Cutter,32.3,-27.9,-4.5,-16,2.6,5.3,3.4,2.0,59,0.0365853658536585,0.8780487804878049,FC
2024,"Pop, Zach",647315,Blue Jays,TOR,R,93.6,92,743,4.58641975308642,0.1238223418573351,FC,Cutter,23.4,-20.9,-2.5,-12,7.7,0.2,1.3,-1.1,-88,0.1280487804878048,0.3170731707317073,FC
2024,"Kuhl, Chad",641771,White Sox,CWS,R,91.5,91,980,6.049382716049383,0.0928571428571428,FC,Cutter,23.3,-23.7,0.5,2,9.2,2.6,1.5,-4.1,-280,0.6219512195121951,0.0121951219512195,FC
2024,"Pennington, Walter",679156,Rangers,TEX,L,89.4,89,330,2.037037037037037,0.2696969696969697,FC,Cutter,25.4,-26.1,0.7,3,8.9,0.9,2.0,-2.9,-144,,,FC
2024,"Yamamoto, Yoshinobu",808967,Dodgers,LAD,R,91.5,89,1469,9.067901234567902,0.0605854322668482,FC,Cutter,23.8,-23.9,0.0,0,8.8,1.9,1.7,0.2,14,0.5426829268292683,0.5853658536585366,FC
2024,"Smith, Drew",622098,Mets,NYM,R,89.0,88,328,2.0246913580246915,0.2682926829268293,FC,Cutter,26.8,-26.6,-0.2,-1,7.5,6.3,2.3,4.0,178,,,FC
2024,"Kelly, Kevin",687330,Rays,TB,R,87.8,87,1033,6.376543209876544,0.0842207163601161,FC,Cutter,27.5,-27.5,-0.1,0,7.9,0.4,0.2,0.2,120,0.524390243902439,0.5853658536585366,FC
2024,"Holmes, Grant",656550,Braves,ATL,R,92.6,84,1024,6.320987654320987,0.08203125,FC,Cutter,21.3,-23.0,1.7,7,10.3,0.7,1.4,-2.1,-147,0.823170731707317,0.1890243902439024,FC
2024,"Webb, Logan",657277,Giants,SF,R,91.0,84,3200,19.753086419753085,0.02625,FC,Cutter,25.2,-24.7,-0.5,-2,7.7,1.2,1.1,-2.3,-205,,,FC
2024,"Mushinski, Parker",656786,Astros,HOU,L,88.0,80,194,1.204968944099379,0.4123711340206185,FC,Cutter,27.4,-27.9,0.5,2,7.7,7.4,2.8,4.6,163,,,FC
2024,"Waguespack, Jacob",621097,Rays,TB,R,86.3,78,221,1.3641975308641976,0.3529411764705882,FC,Cutter,34.5,-30.2,-4.3,-14,2.1,5.8,4.2,1.6,38,,,FC
2024,"Little, Brendon",663893,Blue Jays,TOR,L,93.8,78,696,4.296296296296297,0.1120689655172413,FC,Cutter,23.9,-21.8,-2.1,-10,7.1,0.7,1.1,-1.9,-166,0.1585365853658536,0.2134146341463414,FC
2024,"Leiter Jr., Mark",643410,Yankees,NYY,R,88.6,76,1015,6.265432098765432,0.0748768472906404,FC,Cutter,28.0,-27.3,-0.7,-3,6.6,2.1,2.9,-0.8,-27,0.3841463414634146,0.3475609756097561,FC
2024,"Allard, Kolby",663465,Phillies,PHI,L,84.4,76,436,2.691358024691358,0.1743119266055046,FC,Cutter,31.9,-31.8,-0.1,0,6.2,5.2,4.2,0.9,23,,,FC
2024,"Davis, Noah",663562,Rockies,COL,R,88.7,75,365,2.253086419753086,0.2054794520547945,FC,Cutter,27.0,-26.5,-0.5,-2,7.3,0.9,2.3,-1.3,-59,,,FC
2024,"Devenski, Chris",606965,Rays,TB,R,85.2,74,533,3.2901234567901234,0.1388367729831144,FC,Cutter,31.8,-30.5,-1.3,-4,5.8,3.0,4.5,-1.5,-33,0.3231707317073171,0.2621951219512195,FC
2024,"Bivens, Spencer",702352,Giants,SF,R,91.1,73,768,4.7407407407407405,0.0950520833333333,FC,Cutter,23.6,-24.3,0.8,3,9.2,1.5,2.3,-0.8,-37,0.6890243902439024,0.3475609756097561,FC
2024,"Anderson, Justin",605121,White Sox,CWS,R,92.4,72,945,5.833333333333333,0.0761904761904762,FC,Cutter,24.0,-22.7,-1.3,-6,8.0,0.1,1.9,-2.0,-107,0.3231707317073171,0.1951219512195122,FC
2024,"Hernández, Elieser",622694,Brewers,MIL,R,83.6,71,251,1.5493827160493827,0.2828685258964143,FC,Cutter,32.0,-32.3,0.3,1,6.7,7.1,3.5,3.6,104,,,FC
2024,"Avila, Nick",687014,Giants,SF,R,87.4,70,225,1.3888888888888888,0.3111111111111111,FC,Cutter,32.7,-28.4,-4.3,-15,3.1,4.0,3.4,0.7,20,,,FC
2024,"Ort, Kaleb",672391,Astros,HOU,R,91.1,68,366,2.2732919254658386,0.1857923497267759,FC,Cutter,22.4,-24.4,2.1,8,10.7,2.9,2.0,0.9,44,,,FC
2024,"Madden, Ty",680744,Tigers,DET,R,88.3,68,403,2.4876543209876543,0.1687344913151365,FC,Cutter,27.5,-27.4,-0.1,-1,7.5,3.0,2.5,0.5,20,,,FC
2024,"Mercado, Michael",675650,Phillies,PHI,R,87.9,66,260,1.6049382716049383,0.2538461538461538,FC,Cutter,30.0,-28.0,-2.0,-7,5.2,1.1,3.2,-2.1,-65,,,FC
2024,"Kuhnel, Joel",669270,Rays,TB,R,89.5,64,158,0.9753086419753086,0.4050632911392405,FC,Cutter,28.8,-26.0,-2.8,-11,5.3,2.8,3.2,-0.3,-11,,,FC
2024,"Basso, Brady",669620,Athletics,ATH,L,88.1,64,350,2.1604938271604937,0.1828571428571428,FC,Cutter,26.7,-27.7,1.0,3,8.3,3.3,3.9,-0.6,-15,,,FC
2024,"Kilian, Caleb",668873,Cubs,CHC,R,85.2,64,167,1.030864197530864,0.3832335329341317,FC,Cutter,38.9,-31.5,-7.4,-24,-1.4,4.9,4.1,0.8,20,,,FC
2024,"Miller, Bryce",682243,Mariners,SEA,R,92.1,63,2749,16.969135802469136,0.0229174245180065,FC,Cutter,18.6,-23.1,4.5,20,13.5,0.3,1.6,-1.3,-83,,,FC
2024,"Shaw, Bryan",543766,White Sox,CWS,R,93.3,61,95,0.5864197530864198,0.6421052631578947,FC,Cutter,22.4,-22.3,-0.1,-1,8.8,2.8,1.3,1.4,107,,,FC
2024,"Hancock, Emerson",676106,Mariners,SEA,R,86.3,60,1014,6.25925925925926,0.059171597633136,FC,Cutter,30.6,-29.6,-1.0,-3,5.9,2.6,3.3,-0.7,-21,0.3414634146341463,0.3597560975609756,FC
2024,"Whitlock, Garrett",676477,Red Sox,BOS,R,86.6,60,321,1.9814814814814812,0.1869158878504672,FC,Cutter,31.1,-28.9,-2.2,-8,5.4,1.2,1.9,-0.7,-36,,,FC
2024,"Zastryzny, Rob",642239,Brewers,MIL,L,86.7,58,119,0.7345679012345679,0.4873949579831932,FC,Cutter,32.0,-29.3,-2.7,-9,4.1,5.5,3.3,2.2,67,,,FC
2024,"Darvish, Yu",506433,Padres,SD,R,90.8,58,1260,7.777777777777778,0.046031746031746,FC,Cutter,21.9,-24.6,2.7,11,11.4,0.2,2.1,-1.9,-90,,,FC
2024,"Walston, Blake",686796,D-backs,AZ,L,87.6,56,343,2.117283950617284,0.1632653061224489,FC,Cutter,26.4,-28.1,1.7,6,9.0,0.1,3.2,-3.1,-97,,,FC
2024,"Rosenberg, Kenny",670046,Angels,LAA,L,83.6,55,403,2.4876543209876543,0.1364764267990074,FC,Cutter,38.9,-32.3,-6.6,-20,0.1,3.2,5.3,-2.1,-40,,,FC
2024,"Leone, Dominic",608678,White Sox,CWS,R,90.7,54,361,2.228395061728395,0.149584487534626,FC,Cutter,26.0,-24.9,-1.2,-5,7.2,3.4,2.4,1.0,42,,,FC
2024,"Davis, Austin",656354,Padres,SD,L,88.6,54,142,0.8765432098765432,0.380281690140845,FC,Cutter,26.3,-26.9,0.6,2,8.1,3.3,1.9,1.3,70,,,FC
2024,"Paxton, James",572020,Red Sox,BOS,L,84.0,53,1708,10.54320987654321,0.0310304449648711,FC,Cutter,36.1,-32.4,-3.7,-12,2.6,1.7,4.5,-2.8,-62,,,FC
2024,"Lucas, Easton",687922,Blue Jays,TOR,L,90.5,52,246,1.5185185185185186,0.2113821138211382,FC,Cutter,24.1,-25.1,1.0,4,9.2,1.9,2.5,-0.5,-22,,,FC
2024,"Heller, Ben",621294,Pirates,PIT,R,86.9,52,255,1.5740740740740742,0.2039215686274509,FC,Cutter,32.4,-29.2,-3.2,-11,3.6,1.3,3.2,-1.9,-60,,,FC
2024,"Castellanos, Humberto",528748,D-backs,AZ,R,87.1,50,186,1.148148148148148,0.2688172043010752,FC,Cutter,27.6,-28.0,0.4,1,8.2,0.0,1.2,-1.2,-98,,,FC
2024,"Sulser, Cole",642121,Rays,TB,R,87.4,50,292,1.8024691358024687,0.1712328767123287,FC,Cutter,27.1,-28.6,1.5,5,8.6,3.5,3.2,0.3,11,,,FC
2024,"Englert, Mason",669438,Tigers,DET,R,88.5,50,365,2.253086419753086,0.136986301369863,FC,Cutter,27.6,-27.2,-0.4,-2,7.3,0.5,2.4,-1.8,-77,,,FC
2024,"Brasier, Ryan",518489,Dodgers,LAD,R,90.4,49,374,2.308641975308642,0.1310160427807486,FC,Cutter,22.6,-25.4,2.7,11,10.6,1.8,2.7,-0.8,-31,,,FC
2024,"Bird, Jake",656234,Rockies,COL,R,91.6,49,684,4.222222222222222,0.0716374269005847,FC,Cutter,23.9,-24.1,0.2,1,8.4,1.9,1.5,0.4,25,0.5792682926829268,0.6158536585365854,FC
2024,"Bummer, Aaron",607481,Braves,ATL,L,87.4,49,974,6.012345679012346,0.0503080082135523,FC,Cutter,32.7,-28.0,-4.7,-17,3.1,2.5,1.6,0.9,56,0.024390243902439,0.725609756097561,FC
2024,"Stewart, Brock",592779,Twins,MIN,R,93.3,48,268,1.654320987654321,0.1791044776119403,FC,Cutter,24.0,-21.6,-2.4,-11,7.3,2.5,0.9,1.6,182,,,FC
2024,"Thornton, Trent",663423,Mariners,SEA,R,91.6,47,1139,7.030864197530864,0.0412642669007901,FC,Cutter,25.8,-23.9,-1.9,-8,6.5,3.5,1.1,2.4,222,,,FC
2024,"Wells, Tyler",669330,Orioles,BAL,R,88.1,46,259,1.5987654320987654,0.1776061776061776,FC,Cutter,25.2,-26.8,1.6,6,9.9,5.4,4.4,1.0,23,,,FC
2024,"Lazar, Max",676661,Phillies,PHI,R,88.8,46,214,1.3209876543209875,0.2149532710280373,FC,Cutter,29.2,-27.0,-2.2,-8,5.2,5.0,3.1,1.9,61,,,FC
2024,"Cruz, Steven",674444,Royals,KC,R,92.1,46,82,0.5061728395061729,0.5609756097560976,FC,Cutter,24.4,-22.8,-1.6,-7,7.9,2.7,2.1,0.7,32,,,FC
2024,"Miley, Wade",489119,Brewers,MIL,L,86.9,45,118,0.7283950617283951,0.3813559322033898,FC,Cutter,27.3,-28.9,1.6,5,8.8,2.4,3.9,-1.5,-39,,,FC
2024,"Keuchel, Dallas",572971,Brewers,MIL,L,84.6,45,308,1.9012345679012344,0.1461038961038961,FC,Cutter,31.5,-31.1,-0.4,-1,6.3,2.8,4.8,-2.0,-41,,,FC
2024,"Rodriguez, Carlos",692230,Brewers,MIL,R,89.2,43,233,1.4382716049382716,0.1845493562231759,FC,Cutter,25.8,-26.5,0.7,3,8.5,0.2,2.5,-2.3,-93,,,FC
2024,"de Geus, Brett",676969,Blue Jays,TOR,R,89.7,42,194,1.1975308641975309,0.2164948453608247,FC,Cutter,32.7,-25.9,-6.7,-26,1.3,1.2,2.1,-1.0,-46,,,FC
2024,"Jefferies, Daulton",641726,Pirates,PIT,R,90.5,41,281,1.7345679012345678,0.1459074733096085,FC,Cutter,22.8,-25.1,2.3,9,10.5,2.9,1.9,-4.8,-254,,,FC
2024,"Scherzer, Max",453286,Rangers,TEX,R,86.6,40,669,4.12962962962963,0.0597907324364723,FC,Cutter,29.7,-29.1,-0.6,-2,6.6,3.8,2.8,1.0,35,0.3902439024390244,0.7439024390243902,FC
2024,"Houck, Tanner",656557,Red Sox,BOS,R,87.1,40,2735,16.882716049382715,0.0146252285191956,FC,Cutter,35.2,-28.7,-6.5,-23,0.8,0.5,3.0,-2.6,-85,,,FC
2024,"Johnson, Pierce",572955,Braves,ATL,R,92.0,38,916,5.654320987654321,0.0414847161572052,FC,Cutter,22.8,-23.8,1.0,4,9.4,0.3,1.6,-1.3,-82,,,FC
2024,"Ellard, Fraser",686642,White Sox,CWS,L,91.6,38,432,2.6666666666666665,0.0879629629629629,FC,Cutter,25.9,-24.2,-1.7,-7,6.6,1.4,1.5,-2.8,-195,,,FC
2024,"Gasser, Robert",688107,Brewers,MIL,L,88.4,37,399,2.462962962962963,0.0927318295739348,FC,Cutter,28.1,-26.7,-1.4,-5,6.8,1.2,1.3,-0.1,-8,,,FC
2024,"Almonte, Yency",622075,Cubs,CHC,R,92.4,35,267,1.648148148148148,0.1310861423220973,FC,Cutter,19.9,-22.5,2.6,12,12.0,1.7,2.0,-3.7,-186,,,FC
2024,"Hartlieb, Geoff",664129,Rockies,COL,R,92.8,35,138,0.8518518518518519,0.2536231884057971,FC,Cutter,24.1,-21.8,-2.3,-11,7.2,1.0,2.1,-1.1,-53,,,FC
2024,"Jay, Tyler",664079,Brewers,MIL,L,89.1,34,153,0.9444444444444444,0.2222222222222222,FC,Cutter,27.4,-26.4,-1.1,-4,6.7,0.5,2.0,-2.5,-123,,,FC
2024,"Smyly, Drew",592767,Cubs,CHC,L,88.6,34,1016,6.271604938271605,0.0334645669291338,FC,Cutter,22.9,-26.6,3.6,14,11.7,2.2,3.3,-5.4,-167,,,FC
2024,"Maeda, Kenta",628317,Tigers,DET,R,84.8,33,1958,12.08641975308642,0.0168539325842696,FC,Cutter,27.1,-31.3,4.3,14,11.1,2.5,4.3,-6.8,-157,,,FC
2024,"McGreevy, Michael",700241,Cardinals,STL,R,88.9,33,311,1.9197530864197527,0.1061093247588424,FC,Cutter,28.2,-27.0,-1.3,-5,6.0,0.1,2.8,-2.8,-97,,,FC
2024,"Clevinger, Mike",605182,White Sox,CWS,R,84.3,33,303,1.8703703703703705,0.1089108910891089,FC,Cutter,37.7,-32.2,-5.5,-17,0.8,3.3,4.0,-0.7,-17,,,FC
2024,"Vines, Darius",670241,Braves,ATL,R,83.7,32,257,1.5864197530864197,0.1245136186770428,FC,Cutter,31.7,-32.4,0.8,2,7.4,1.0,5.0,-4.0,-80,,,FC
2024,"Nelson, Kyle",669459,D-backs,AZ,L,87.4,31,145,0.8950617283950617,0.2137931034482758,FC,Cutter,25.3,-28.2,2.9,10,10.3,1.1,3.0,-1.9,-63,,,FC
2024,"Gillispie, Connor",687362,Guardians,CLE,R,88.0,30,138,0.8571428571428571,0.217391304347826,FC,Cutter,25.1,-27.6,2.5,9,9.9,0.5,2.1,-1.6,-75,,,FC
2024,"Carasiti, Matt",571539,Rockies,COL,R,87.6,30,170,1.0493827160493827,0.1764705882352941,FC,Cutter,29.2,-28.4,-0.8,-3,6.1,3.0,3.1,-0.1,-2,,,FC
2024,"Horn, Bailey",690544,Red Sox,BOS,L,88.1,30,303,1.8703703703703705,0.099009900990099,FC,Cutter,29.1,-27.7,-1.5,-5,6.1,2.6,2.9,-0.3,-11,,,FC
2024,"Raley, Brooks",548384,Mets,NYM,L,85.7,29,119,0.7345679012345679,0.2436974789915966,FC,Cutter,31.4,-30.3,-1.1,-4,5.7,4.7,4.0,0.7,17,,,FC
2024,"Shugart, Chase",663767,Red Sox,BOS,R,92.4,28,142,0.8765432098765432,0.1971830985915492,FC,Cutter,22.5,-22.7,0.3,1,9.4,2.2,1.4,0.8,53,,,FC
2024,"Bruihl, Justin",677865,Pirates,PIT,L,88.0,28,99,0.6111111111111112,0.2828282828282828,FC,Cutter,27.8,-28.1,0.2,1,7.0,3.2,3.2,0.0,0,,,FC
2024,"Alzolay, Adbert",640470,Cubs,CHC,R,90.6,27,329,2.0308641975308643,0.0820668693009118,FC,Cutter,22.4,-24.8,2.5,10,10.8,5.3,2.7,2.7,101,,,FC
2024,"Herget, Kevin",643361,Brewers,MIL,R,86.9,26,151,0.9320987654320988,0.1721854304635761,FC,Cutter,30.8,-28.3,-2.5,-9,5.4,2.4,3.2,-0.8,-24,,,FC
2024,"Strzelecki, Peter",657265,Guardians,CLE,R,88.4,26,192,1.1925465838509317,0.1354166666666666,FC,Cutter,29.3,-26.6,-2.7,-10,5.5,0.9,1.2,-2.2,-177,,,FC
2024,"Hartwig, Grant",701643,Mets,NYM,R,93.6,25,118,0.7283950617283951,0.211864406779661,FC,Cutter,21.8,-22.6,0.8,3,9.4,3.3,0.1,-3.4,-4502,,,FC
2024,"Cease, Dylan",656302,Padres,SD,R,87.7,1371,3188,19.679012345679013,0.4300501882057716,SL,Slider,33.6,-33.4,0.2,1,1.9,2.2,3.8,-1.6,-43,0.5284280936454849,0.2575250836120401,SL
2024,"Singer, Brady",663903,Royals,KC,R,83.0,1194,2966,18.30864197530864,0.4025623735670937,SL,Slider,40.5,-38.5,2.0,5,-1.0,4.5,5.7,-1.2,-21,0.7424749163879598,0.3311036789297659,SL
2024,"Sale, Chris",519242,Braves,ATL,L,78.6,1135,2815,17.376543209876544,0.4031971580817051,SL,Slider,49.3,-45.5,3.7,8,-4.7,11.0,9.2,1.8,19,0.9096989966555185,0.7759197324414716,SL
2024,"Corbin, Patrick",571578,Nationals,WSH,L,80.0,989,2888,17.82716049382716,0.3424515235457063,SL,Slider,42.5,-42.4,0.1,0,0.3,2.7,5.0,-2.2,-45,0.5183946488294314,0.1705685618729097,SL
2024,"Gilbert, Logan",669302,Mariners,SEA,R,88.4,974,3041,18.771604938271604,0.3202893784939165,SL,Slider,35.2,-32.8,2.4,7,0.0,1.0,3.1,-2.1,-67,0.7859531772575251,0.1872909698996655,SL
2024,"Greene, Hunter",668881,Reds,CIN,R,86.8,886,2563,15.820987654320987,0.3456886461178307,SL,Slider,32.3,-34.3,-2.0,-6,3.9,6.1,4.1,2.0,50,0.2341137123745819,0.7959866220735786,SL
2024,"Littell, Zack",641793,Rays,TB,R,86.6,866,2486,15.34567901234568,0.3483507642799678,SL,Slider,29.4,-34.6,-5.3,-15,7.1,2.5,4.1,-1.6,-39,0.0301003344481605,0.2575250836120401,SL
2024,"Blanco, Ronel",669854,Astros,HOU,R,86.4,830,2751,17.08695652173913,0.3017084696474009,SL,Slider,28.8,-34.7,-5.8,-17,7.7,2.2,4.1,-1.9,-47,0.0100334448160535,0.2140468227424749,SL
2024,"Spence, Mitch",687765,Athletics,ATH,R,84.3,807,2480,15.308641975308642,0.3254032258064516,SL,Slider,39.4,-37.1,2.3,6,-0.6,14.8,5.0,9.8,194,0.7725752508361204,1.0,SL
2024,"Rodón, Carlos",607074,Yankees,NYY,L,86.8,805,3102,19.14814814814815,0.2595099935525467,SL,Slider,37.5,-34.3,3.1,9,-1.2,6.6,4.0,2.6,67,0.8494983277591973,0.8461538461538461,SL
2024,"Flaherty, Jack",656427,Dodgers,LAD,R,84.7,746,2569,15.858024691358024,0.2903853639548462,SL,Slider,35.9,-36.6,-0.6,-2,2.1,6.7,5.0,1.7,34,0.3946488294314381,0.7625418060200669,SL
2024,"Kinley, Tyler",641755,Rockies,COL,R,89.5,745,1185,7.314814814814815,0.6286919831223629,SL,Slider,28.5,-31.1,-2.5,-8,5.3,0.0,2.8,-2.9,-102,0.1906354515050167,0.1070234113712374,SL
2024,"Heaney, Andrew",571760,Rangers,TEX,L,82.6,744,2731,16.858024691358025,0.2724276821677041,SL,Slider,39.0,-39.4,-0.4,-1,1.3,2.2,6.3,-4.1,-65,0.4247491638795986,0.0301003344481605,SL
2024,"Woods Richardson, Simeon",680573,Twins,MIN,R,86.4,716,2295,14.166666666666666,0.3119825708061002,SL,Slider,29.4,-34.8,-5.4,-16,7.1,6.2,4.0,2.2,53,0.0167224080267558,0.8060200668896321,SL
2024,"Gray, Jon",592351,Rangers,TEX,R,88.6,711,1620,10.0,0.4388888888888889,SL,Slider,29.3,-32.5,-3.2,-10,5.4,1.8,3.7,-1.9,-51,0.1270903010033444,0.2140468227424749,SL
2024,"Kikuchi, Yusei",579328,Astros,HOU,L,88.3,701,2923,18.15527950310559,0.2398221005815942,SL,Slider,31.9,-32.8,-0.9,-3,3.3,2.7,3.8,-1.1,-28,0.3612040133779264,0.3444816053511705,SL
2024,"Gil, Luis",661563,Yankees,NYY,R,87.5,691,2664,16.444444444444443,0.2593843843843844,SL,Slider,28.9,-33.6,-4.6,-14,6.8,5.7,4.0,1.7,42,0.0434782608695652,0.7625418060200669,SL
2024,"Canning, Griffin",656288,Angels,LAA,R,87.7,690,2869,17.709876543209877,0.2405019170442663,SL,Slider,36.7,-33.5,3.2,10,-1.2,0.1,3.6,-3.8,-104,0.8595317725752508,0.0501672240802675,SL
2024,"Abreu, Bryan",650556,Astros,HOU,R,86.2,690,1300,8.074534161490684,0.5307692307692308,SL,Slider,43.0,-35.0,8.0,23,-5.9,8.1,4.3,3.8,88,0.9966555183946488,0.9130434782608696,SL
2024,"Jones, Jared",683003,Pirates,PIT,R,88.8,667,1912,11.802469135802468,0.3488493723849372,SL,Slider,31.8,-32.3,-0.4,-1,2.6,3.8,3.7,0.1,3,0.4247491638795986,0.5317725752508361,SL
2024,"Mikolas, Miles",571945,Cardinals,STL,R,86.5,656,2703,16.685185185185187,0.2426933037365889,SL,Slider,33.3,-34.6,-1.3,-4,3.1,3.3,4.0,-0.7,-18,0.3177257525083612,0.431438127090301,SL
2024,"Castillo, Luis",622491,Mariners,SEA,R,85.7,639,2858,17.641975308641975,0.2235829251224632,SL,Slider,36.2,-37.0,-0.8,-2,0.8,0.9,4.5,-3.6,-80,0.3745819397993311,0.0568561872909698,SL
2024,"Peralta, Freddy",642547,Brewers,MIL,R,81.4,638,3066,18.925925925925927,0.20808871493803,SL,Slider,39.0,-40.5,-1.5,-4,2.3,7.5,6.6,0.9,14,0.2909698996655518,0.6655518394648829,SL
2024,"López, Reynaldo",625643,Braves,ATL,R,85.0,620,2110,13.024691358024691,0.2938388625592417,SL,Slider,39.6,-36.3,3.3,9,-1.9,5.5,4.9,0.6,13,0.8762541806020067,0.6153846153846154,SL
2024,"Ureña, José",570632,Rangers,TEX,R,87.0,609,1759,10.858024691358024,0.3462194428652643,SL,Slider,27.6,-34.2,-6.7,-19,8.5,2.7,4.1,-6.7,-165,0.0033444816053511,0.0,SL
2024,"Steele, Justin",657006,Cubs,CHC,L,83.3,608,2046,12.62962962962963,0.2971652003910068,SL,Slider,38.7,-38.4,0.3,1,0.9,12.3,5.3,7.0,131,0.5518394648829431,0.9866220735785952,SL
2024,"Adams, Austin",613534,Athletics,ATH,R,87.7,594,805,4.969135802469136,0.737888198757764,SL,Slider,36.6,-34.5,2.0,6,-1.1,9.3,4.7,4.6,98,0.7424749163879598,0.9364548494983278,SL
2024,"Ortiz, Luis",682847,Pirates,PIT,R,85.8,574,2143,13.228395061728396,0.267848810079328,SL,Slider,34.8,-35.6,-0.8,-2,2.1,6.6,4.7,1.9,40,0.3745819397993311,0.7859531772575251,SL
2024,"Fernandez, Ryan",681676,Cardinals,STL,R,87.3,572,1190,7.345679012345679,0.480672268907563,SL,Slider,33.7,-33.8,-0.2,0,2.1,3.2,4.0,-0.7,-18,0.4682274247491639,0.431438127090301,SL
2024,"Doval, Camilo",666808,Giants,SF,R,88.8,570,1116,6.888888888888889,0.510752688172043,SL,Slider,35.2,-32.7,2.5,8,-0.6,4.9,3.7,1.2,31,0.7959866220735786,0.6923076923076923,SL
2024,"Cronin, Declan",686539,Marlins,MIA,R,87.1,564,1096,6.765432098765432,0.5145985401459854,SL,Slider,37.8,-34.9,2.9,8,-1.8,5.6,4.6,1.0,21,0.8327759197324415,0.6789297658862876,SL
2024,"Glasnow, Tyler",607192,Dodgers,LAD,R,90.0,557,2011,12.41358024691358,0.2769766285430134,SL,Slider,33.1,-31.4,1.7,5,0.5,2.5,3.3,-0.8,-24,0.725752508361204,0.411371237458194,SL
2024,"Walker, Ryan",676254,Giants,SF,R,83.9,546,1220,7.530864197530864,0.4475409836065573,SL,Slider,36.4,-37.6,-1.2,-3,2.6,14.9,5.7,9.1,159,0.3311036789297659,0.9966555183946488,SL
2024,"Jiménez, Joe",641729,Braves,ATL,R,84.6,540,1089,6.722222222222222,0.4958677685950413,SL,Slider,35.4,-36.5,-1.2,-3,2.9,5.8,4.6,1.2,27,0.3311036789297659,0.6923076923076923,SL
2024,"Feltner, Ryan",663372,Rockies,COL,R,88.6,527,2577,15.907407407407408,0.2045013581684129,SL,Slider,29.5,-32.7,-3.2,-10,4.9,4.1,3.7,0.4,11,0.1270903010033444,0.5719063545150501,SL
2024,"Ober, Bailey",641927,Twins,MIN,R,86.2,523,2696,16.641975308641975,0.1939910979228486,SL,Slider,30.1,-34.6,-4.6,-13,6.5,3.6,3.9,-0.3,-8,0.0434782608695652,0.4749163879598662,SL
2024,"Olson, Reese",681857,Tigers,DET,R,84.8,515,1853,11.438271604938272,0.277927684835402,SL,Slider,40.1,-36.6,3.5,10,-2.2,5.6,4.7,0.9,19,0.8896321070234113,0.6655518394648829,SL
2024,"Brebbia, John",605154,Braves,ATL,R,83.1,515,994,6.135802469135802,0.5181086519114688,SL,Slider,38.9,-38.5,0.4,1,0.5,9.1,5.4,3.7,67,0.5652173913043478,0.9096989966555185,SL
2024,"Kittredge, Andrew",552640,Cardinals,STL,R,88.1,508,1028,6.345679012345679,0.4941634241245136,SL,Slider,34.4,-32.9,1.5,5,0.5,6.5,3.8,2.7,73,0.7090301003344481,0.8595317725752508,SL
2024,"Tonkin, Michael",543859,Twins,MIN,R,83.9,506,1419,8.75925925925926,0.3565891472868217,SL,Slider,41.4,-37.6,3.8,10,-2.4,2.1,5.6,-3.6,-64,0.9163879598662208,0.0568561872909698,SL
2024,"De Los Santos, Enyel",660853,White Sox,CWS,R,86.4,484,1127,6.95679012345679,0.4294587400177462,SL,Slider,30.7,-34.8,-4.1,-12,5.9,1.7,4.4,-2.7,-61,0.0735785953177257,0.1170568561872909,SL
2024,"Gaddis, Hunter",683769,Guardians,CLE,R,89.1,482,1075,6.6770186335403725,0.4483720930232558,SL,Slider,30.1,-31.9,-1.9,-6,4.3,5.1,3.7,1.4,38,0.2474916387959866,0.7190635451505016,SL
2024,"Jackson, Luke",592426,Braves,ATL,R,87.3,477,917,5.660493827160494,0.520174482006543,SL,Slider,41.3,-33.9,7.4,22,-5.5,0.2,3.8,-4.0,-105,0.9933110367892976,0.0434782608695652,SL
2024,"Scott, Tanner",656945,Padres,SD,L,88.5,473,1163,7.179012345679013,0.4067067927773001,SL,Slider,35.9,-33.0,3.0,9,-1.1,7.0,3.9,3.1,79,0.842809364548495,0.882943143812709,SL
2024,"Lee, Dylan",669276,Braves,ATL,L,84.0,470,858,5.296296296296297,0.5477855477855478,SL,Slider,33.0,-37.5,-4.4,-12,5.5,2.4,4.8,-2.4,-50,0.0501672240802675,0.1638795986622073,SL
2024,"Sánchez, Cristopher",650911,Phillies,PHI,L,84.4,469,2797,17.265432098765434,0.1676796567751162,SL,Slider,41.6,-36.9,4.7,13,-3.3,1.0,4.4,-3.5,-78,0.9565217391304348,0.0635451505016722,SL
2024,"Mize, Casey",663554,Tigers,DET,R,85.8,466,1789,11.04320987654321,0.2604807154835103,SL,Slider,36.8,-35.3,1.5,4,0.2,3.6,4.4,-0.8,-18,0.7090301003344481,0.411371237458194,SL
2024,"Falter, Bailey",663559,Pirates,PIT,L,86.1,463,2137,13.191358024691358,0.2166588675713617,SL,Slider,30.4,-34.8,-4.4,-13,6.3,3.3,4.0,-0.7,-17,0.0501672240802675,0.431438127090301,SL
2024,"Myers, Tobias",668964,Brewers,MIL,R,85.5,455,2152,13.283950617283953,0.2114312267657992,SL,Slider,33.8,-35.7,-1.9,-5,3.4,4.2,4.5,-0.3,-7,0.2474916387959866,0.4749163879598662,SL
2024,"Ginkel, Kevin",656464,D-backs,AZ,R,87.4,455,1184,7.308641975308642,0.3842905405405405,SL,Slider,36.1,-33.8,2.3,7,-0.5,4.0,3.8,0.2,6,0.7725752508361204,0.5451505016722408,SL
2024,"Helsley, Ryan",664854,Cardinals,STL,R,89.2,449,931,5.746913580246914,0.4822771213748657,SL,Slider,33.4,-31.7,1.8,6,0.9,4.2,3.7,0.5,13,0.7324414715719063,0.5986622073578596,SL
2024,"Muñoz, Andrés",662253,Mariners,SEA,R,87.6,448,951,5.87037037037037,0.4710830704521556,SL,Slider,35.4,-33.6,1.9,6,0.0,5.6,4.0,1.7,42,0.7357859531772575,0.7625418060200669,SL
2024,"Ross, Joe",605452,Brewers,MIL,R,86.6,447,1197,7.388888888888889,0.3734335839598997,SL,Slider,33.9,-34.5,-0.6,-2,2.7,2.9,4.2,-1.3,-30,0.3946488294314381,0.3110367892976589,SL
2024,"Soroka, Michael",647336,White Sox,CWS,R,82.0,446,1442,8.901234567901234,0.3092926490984743,SL,Slider,44.1,-39.7,4.4,11,-3.6,4.8,5.3,-0.4,-8,0.939799331103679,0.4648829431438127,SL
2024,"Maeda, Kenta",628317,Tigers,DET,R,82.1,444,1958,12.08641975308642,0.2267620020429009,SL,Slider,36.9,-39.5,-2.7,-7,3.9,4.7,6.6,-1.9,-28,0.1705685618729097,0.2140468227424749,SL
2024,"Chafin, Andrew",605177,Rangers,TEX,L,82.1,443,967,5.969135802469136,0.4581178903826267,SL,Slider,43.5,-39.8,3.7,9,-2.9,1.1,5.5,-4.4,-80,0.9096989966555185,0.020066889632107,SL
2024,"Grove, Michael",675627,Dodgers,LAD,R,86.9,439,827,5.104938271604938,0.5308343409915357,SL,Slider,36.1,-34.1,2.0,6,0.0,4.2,4.0,0.2,6,0.7424749163879598,0.5451505016722408,SL
2024,"Montero, Keider",672456,Tigers,DET,R,83.6,438,1539,9.5,0.2846003898635477,SL,Slider,40.3,-37.9,2.4,6,-1.2,10.2,5.5,4.6,83,0.7859531772575251,0.9364548494983278,SL
2024,"Díaz, Edwin",621242,Mets,NYM,R,89.6,437,912,5.62962962962963,0.4791666666666667,SL,Slider,28.7,-31.1,-2.4,-8,5.3,1.1,3.0,-1.9,-64,0.2040133779264214,0.2140468227424749,SL
2024,"Gomber, Austin",596295,Rockies,COL,L,83.8,437,2621,16.179012345679013,0.166730255627623,SL,Slider,35.3,-37.8,-2.5,-7,3.3,5.1,4.2,0.8,19,0.1906354515050167,0.6354515050167224,SL
2024,"Pearson, Nate",663878,Cubs,CHC,R,87.9,431,1059,6.537037037037037,0.4069877242681775,SL,Slider,34.7,-33.2,1.6,5,0.5,6.3,3.9,2.5,64,0.7190635451505016,0.8361204013377926,SL
2024,"Ashcraft, Graham",668933,Reds,CIN,R,88.4,429,1342,8.283950617283951,0.319672131147541,SL,Slider,33.6,-32.6,1.0,3,1.3,9.3,3.1,6.2,203,0.6254180602006689,0.979933110367893,SL
2024,"Anderson, Justin",605121,White Sox,CWS,R,85.6,428,945,5.833333333333333,0.4529100529100529,SL,Slider,35.5,-35.6,-0.1,0,1.7,9.4,4.6,4.9,106,0.4782608695652174,0.9498327759197324,SL
2024,"Stroman, Marcus",573186,Yankees,NYY,R,85.3,425,2657,16.401234567901234,0.1599548362815205,SL,Slider,39.6,-36.5,3.1,9,-2.2,4.5,4.9,-0.5,-9,0.8494983277591973,0.4615384615384615,SL
2024,"Rodríguez, Yariel",684320,Blue Jays,TOR,R,84.6,424,1501,9.265432098765432,0.2824783477681545,SL,Slider,36.4,-36.8,-0.4,-1,2.0,9.2,5.1,4.2,83,0.4247491638795986,0.9230769230769232,SL
2024,"Skubal, Tarik",669373,Tigers,DET,L,88.8,423,2838,17.51851851851852,0.1490486257928118,SL,Slider,28.5,-32.2,-3.8,-12,6.1,2.3,3.7,-1.4,-39,0.0903010033444816,0.2976588628762542,SL
2024,"Peguero, Elvis",665625,Brewers,MIL,R,90.1,419,829,5.117283950617284,0.5054282267792521,SL,Slider,35.4,-31.1,4.3,14,-1.9,3.5,3.5,0.0,1,0.9264214046822744,0.5117056856187291,SL
2024,"Law, Derek",571882,Nationals,WSH,R,87.3,414,1368,8.444444444444445,0.3026315789473684,SL,Slider,35.2,-33.8,1.4,4,0.6,3.1,3.8,-0.7,-18,0.6956521739130435,0.431438127090301,SL
2024,"Akin, Keegan",669211,Orioles,BAL,L,85.5,412,1241,7.660493827160494,0.3319903303787268,SL,Slider,34.4,-35.9,-1.5,-4,2.9,3.8,4.5,-0.7,-15,0.2909698996655518,0.431438127090301,SL
2024,"Carrasco, Carlos",471911,Guardians,CLE,R,83.9,412,1693,10.51552795031056,0.2433549911399881,SL,Slider,38.6,-37.5,1.1,3,0.0,4.2,5.1,-0.9,-18,0.6555183946488294,0.391304347826087,SL
2024,"Díaz, Alexis",664747,Reds,CIN,R,87.6,411,977,6.030864197530864,0.420675537359263,SL,Slider,32.0,-31.9,0.1,0,3.4,3.1,3.0,0.2,6,0.5183946488294314,0.5451505016722408,SL
2024,"Hudson, Daniel",543339,Dodgers,LAD,R,88.0,409,999,6.166666666666667,0.4094094094094094,SL,Slider,29.8,-33.2,-3.4,-10,5.3,0.4,3.8,-3.4,-88,0.1070234113712374,0.0668896321070234,SL
2024,"Hoffman, Jeff",656546,Phillies,PHI,R,86.8,408,1001,6.179012345679013,0.4075924075924076,SL,Slider,38.8,-34.3,4.5,13,-2.5,5.5,4.0,1.5,36,0.9498327759197324,0.7290969899665551,SL
2024,"Farmer, Buck",571656,Reds,CIN,R,82.2,407,1168,7.209876543209877,0.348458904109589,SL,Slider,36.6,-39.4,-2.8,-7,3.9,9.5,6.6,2.9,45,0.1538461538461538,0.8729096989966555,SL
2024,"Ragans, Cole",666142,Royals,KC,L,86.0,400,3118,19.246913580246915,0.128287363694676,SL,Slider,36.3,-35.3,1.0,3,0.4,0.9,4.3,-3.4,-79,0.6254180602006689,0.0668896321070234,SL
2024,"Faedo, Alex",656412,Tigers,DET,R,83.2,399,1007,6.216049382716049,0.3962264150943396,SL,Slider,41.1,-38.4,2.7,7,-1.7,3.4,5.5,-2.2,-39,0.8160535117056856,0.1705685618729097,SL
2024,"Dunning, Dane",641540,Rangers,TEX,R,80.6,396,1689,10.425925925925926,0.2344582593250444,SL,Slider,43.1,-41.0,2.1,5,-0.9,2.7,6.8,-4.1,-60,0.7558528428093646,0.0301003344481605,SL
2024,"Meyer, Max",676974,Marlins,MIA,R,88.2,393,968,5.9753086419753085,0.4059917355371901,SL,Slider,35.7,-33.0,2.7,8,-0.5,1.8,3.8,-2.0,-52,0.8160535117056856,0.2040133779264214,SL
2024,"Banks, Tanner",621383,Phillies,PHI,L,87.9,387,1174,7.246913580246914,0.3296422487223168,SL,Slider,30.2,-33.1,-2.9,-9,5.0,4.8,3.6,1.2,32,0.1438127090301003,0.6923076923076923,SL
2024,"Marsh, Alec",679525,Royals,KC,R,86.6,386,2161,13.339506172839506,0.1786210087922258,SL,Slider,36.1,-34.7,1.4,4,0.5,3.3,4.2,-0.9,-21,0.6956521739130435,0.391304347826087,SL
2024,"Leclerc, José",600917,Rangers,TEX,R,82.0,384,1204,7.432098765432099,0.3189368770764119,SL,Slider,36.4,-39.2,-2.8,-7,4.3,9.2,5.7,3.5,61,0.1538461538461538,0.8963210702341137,SL
2024,"Burnes, Corbin",669203,Orioles,BAL,R,87.6,383,2995,18.48765432098765,0.1278797996661101,SL,Slider,36.7,-33.5,3.2,10,-1.1,8.3,3.9,4.4,111,0.8595317725752508,0.9331103678929766,SL
2024,"Detmers, Reid",672282,Angels,LAA,L,86.2,381,1557,9.61111111111111,0.2447013487475915,SL,Slider,36.3,-35.0,1.3,4,0.5,2.0,4.2,-2.1,-51,0.6789297658862876,0.1872909698996655,SL
2024,"Pepiot, Ryan",686752,Rays,TB,R,89.0,375,2149,13.265432098765432,0.1744997673336435,SL,Slider,26.1,-32.0,-5.9,-19,8.3,6.4,3.6,2.8,76,0.0066889632107023,0.8662207357859532,SL
2024,"Hernández, Jonathan",642546,Mariners,SEA,R,87.7,375,761,4.697530864197531,0.492772667542707,SL,Slider,32.9,-33.6,-0.7,-2,2.6,4.8,4.0,0.8,21,0.3846153846153846,0.6354515050167224,SL
2024,"Schwellenbach, Spencer",680885,Braves,ATL,R,87.3,375,1887,11.648148148148149,0.1987281399046105,SL,Slider,38.9,-33.8,5.1,15,-3.1,3.9,4.0,-0.2,-4,0.9665551839464884,0.4916387959866221,SL
2024,"Liberatore, Matthew",669461,Cardinals,STL,L,87.4,373,1357,8.376543209876543,0.2748710390567428,SL,Slider,34.9,-33.7,1.2,4,0.6,3.6,3.9,-0.3,-9,0.6688963210702341,0.4749163879598662,SL
2024,"Shuster, Jared",694363,White Sox,CWS,L,86.0,367,1290,7.962962962962963,0.2844961240310077,SL,Slider,31.4,-35.3,-3.9,-11,5.4,1.9,4.5,-2.6,-58,0.0836120401337792,0.1337792642140468,SL
2024,"Hudson, Dakota",641712,Rockies,COL,R,84.0,367,1510,9.320987654320987,0.243046357615894,SL,Slider,37.5,-37.4,0.1,0,1.2,0.5,5.1,-4.6,-91,0.5183946488294314,0.0100334448160535,SL
2024,"Okert, Steven",595345,Twins,MIN,L,81.0,365,616,3.802469135802469,0.5925324675324676,SL,Slider,37.5,-40.9,-3.4,-8,4.3,11.1,6.8,4.3,63,0.1070234113712374,0.9297658862876256,SL
2024,"Alcala, Jorge",660896,Twins,MIN,R,89.9,360,931,5.746913580246914,0.3866809881847476,SL,Slider,29.4,-30.5,-1.1,-3,4.4,3.6,3.1,0.4,13,0.3444816053511705,0.5719063545150501,SL
2024,"Miller, Mason",695243,Athletics,ATH,R,87.5,358,1024,6.320987654320987,0.349609375,SL,Slider,37.7,-33.5,4.2,13,-1.9,7.2,3.8,3.3,88,0.9230769230769232,0.8896321070234113,SL
2024,"Santana, Dennis",642701,Pirates,PIT,R,87.1,357,1106,6.827160493827161,0.3227848101265823,SL,Slider,33.6,-34.2,-0.6,-2,2.4,2.8,4.1,-1.3,-32,0.3946488294314381,0.3110367892976589,SL
2024,"Sandoval, Patrick",663776,Angels,LAA,L,87.8,357,1444,8.91358024691358,0.2472299168975069,SL,Slider,31.5,-33.3,-1.8,-5,3.9,7.6,3.8,3.8,102,0.2575250836120401,0.9130434782608696,SL
2024,"Rogers, Tyler",643511,Giants,SF,R,73.6,356,1002,6.185185185185185,0.3552894211576846,SL,Slider,35.8,-35.8,0.0,0,15.4,8.9,8.9,0.0,0,0.5016722408026756,0.5117056856187291,SL
2024,"Vesia, Alex",681911,Dodgers,LAD,L,85.0,352,1109,6.845679012345679,0.3174030658250676,SL,Slider,33.5,-36.3,-2.8,-8,4.1,7.0,4.7,2.3,49,0.1538461538461538,0.8193979933110368,SL
2024,"Rodríguez, Randy",678495,Giants,SF,R,84.7,350,879,5.425925925925926,0.3981797497155859,SL,Slider,39.8,-36.6,3.2,9,-1.9,9.0,5.0,4.0,79,0.8595317725752508,0.919732441471572,SL
2024,"Kuhl, Chad",641771,White Sox,CWS,R,86.9,349,980,6.049382716049383,0.3561224489795918,SL,Slider,35.2,-34.4,0.8,2,0.9,4.8,4.3,0.5,12,0.5986622073578596,0.5986622073578596,SL
2024,"Festa, David",701581,Twins,MIN,R,86.1,349,1099,6.783950617283951,0.3175614194722475,SL,Slider,37.1,-34.9,2.2,6,-0.3,2.7,4.1,-1.4,-34,0.7625418060200669,0.2976588628762542,SL
2024,"Sandlin, Nick",680704,Guardians,CLE,R,79.4,349,1003,6.229813664596273,0.3479561316051844,SL,Slider,37.6,-37.4,0.2,0,5.8,12.0,10.0,2.0,20,0.5284280936454849,0.7959866220735786,SL
2024,"Burr, Ryan",621114,Blue Jays,TOR,R,85.4,345,570,3.5185185185185186,0.6052631578947368,SL,Slider,39.4,-35.7,3.6,10,-2.0,4.8,4.1,0.7,18,0.9063545150501672,0.6254180602006689,SL
2024,"Peterson, David",656849,Mets,NYM,L,85.1,345,1871,11.549382716049385,0.1843933725280598,SL,Slider,38.2,-36.0,2.2,6,-0.4,2.6,4.3,-1.7,-40,0.7625418060200669,0.2441471571906354,SL
2024,"Tinoco, Jesus",622786,Marlins,MIA,R,86.6,336,644,3.975308641975309,0.5217391304347826,SL,Slider,32.1,-34.8,-2.6,-8,4.3,6.0,4.5,1.5,33,0.1806020066889632,0.7290969899665551,SL
2024,"Hamilton, Ian",641656,Yankees,NYY,R,88.5,336,619,3.820987654320988,0.5428109854604201,SL,Slider,31.1,-32.8,-1.7,-5,4.0,1.1,3.3,-2.2,-66,0.2675585284280936,0.1705685618729097,SL
2024,"Pallante, Andre",669467,Cardinals,STL,R,87.5,333,1934,11.938271604938272,0.172182006204757,SL,Slider,37.1,-33.6,3.5,11,-1.6,4.9,3.9,1.0,25,0.8896321070234113,0.6789297658862876,SL
2024,"Boyle, Joe",671212,Athletics,ATH,R,88.0,331,966,5.962962962962963,0.3426501035196687,SL,Slider,36.6,-33.1,3.5,11,-1.3,3.8,3.9,0.0,-1,0.8896321070234113,0.5117056856187291,SL
2024,"Holmes, Grant",656550,Braves,ATL,R,86.5,331,1024,6.320987654320987,0.3232421875,SL,Slider,37.6,-34.8,2.8,8,-1.2,1.6,4.1,-2.5,-61,0.8294314381270903,0.1404682274247491,SL
2024,"Green, Chad",643338,Blue Jays,TOR,R,87.7,330,840,5.185185185185185,0.3928571428571428,SL,Slider,33.1,-33.4,-0.3,-1,2.5,2.3,3.8,-1.6,-41,0.4481605351170568,0.2575250836120401,SL
2024,"Soto, Gregory",642397,Orioles,BAL,L,86.2,322,960,5.925925925925926,0.3354166666666666,SL,Slider,35.1,-34.9,0.2,0,1.7,2.1,4.3,-2.2,-51,0.5284280936454849,0.1705685618729097,SL
2024,"Hader, Josh",623352,Astros,HOU,L,85.5,320,1166,7.24223602484472,0.274442538593482,SL,Slider,35.4,-35.7,-0.3,-1,2.3,1.3,4.7,-3.4,-73,0.4481605351170568,0.0668896321070234,SL
2024,"Stone, Gavin",694813,Dodgers,LAD,R,88.8,318,2153,13.290123456790123,0.1477008824895494,SL,Slider,33.6,-32.4,1.2,4,1.2,2.4,3.7,-1.3,-36,0.6688963210702341,0.3110367892976589,SL
2024,"Luzardo, Jesús",666200,Marlins,MIA,L,83.5,318,1083,6.685185185185185,0.2936288088642659,SL,Slider,37.7,-37.9,-0.3,-1,1.9,0.0,4.9,-4.9,-100,0.4481605351170568,0.0066889632107023,SL
2024,"Morejon, Adrian",670970,Padres,SD,L,86.0,317,1064,6.567901234567901,0.2979323308270676,SL,Slider,40.1,-35.1,5.0,14,-3.2,6.6,4.4,2.2,49,0.959866220735786,0.8060200668896321,SL
2024,"Fairbanks, Pete",664126,Rays,TB,R,85.0,312,696,4.296296296296297,0.4482758620689655,SL,Slider,45.5,-37.1,8.4,23,-7.6,4.4,3.9,0.5,13,1.0,0.5986622073578596,SL
2024,"Cecconi, Slade",677944,D-backs,AZ,R,85.1,306,1290,7.962962962962963,0.2372093023255814,SL,Slider,37.2,-36.2,1.0,3,0.5,3.1,4.8,-1.7,-35,0.6254180602006689,0.2441471571906354,SL
2024,"Verlander, Justin",434378,Astros,HOU,R,86.7,305,1580,9.813664596273291,0.1930379746835443,SL,Slider,30.4,-34.7,-4.3,-12,5.9,4.0,3.6,0.4,13,0.060200668896321,0.5719063545150501,SL
2024,"Muñoz, Roddery",682610,Marlins,MIA,R,85.8,302,1485,9.166666666666666,0.2033670033670033,SL,Slider,39.8,-35.5,4.3,12,-2.4,6.4,4.5,1.9,43,0.9264214046822744,0.7859531772575251,SL
2024,"Smith, Will",519293,Royals,KC,L,80.6,301,673,4.154320987654321,0.4472511144130758,SL,Slider,41.7,-41.8,0.0,0,0.1,6.1,5.3,0.8,15,0.5016722408026756,0.6354515050167224,SL
2024,"Chapman, Aroldis",547973,Pirates,PIT,L,87.0,300,1128,6.962962962962963,0.2659574468085106,SL,Slider,29.9,-33.9,-4.0,-12,6.3,9.0,3.5,5.5,157,0.0769230769230769,0.9698996655518396,SL
2024,"Rodriguez, Grayson",680570,Orioles,BAL,R,86.5,297,1879,11.598765432098766,0.1580627993613624,SL,Slider,34.5,-34.5,0.0,0,2.0,5.3,4.1,1.3,32,0.5016722408026756,0.7090301003344481,SL
2024,"Darvish, Yu",506433,Padres,SD,R,85.9,293,1260,7.777777777777778,0.2325396825396825,SL,Slider,36.2,-35.4,0.9,2,0.7,5.3,4.5,0.8,18,0.6086956521739131,0.6354515050167224,SL
2024,"Foley, Jason",671345,Tigers,DET,R,88.5,285,905,5.58641975308642,0.3149171270718232,SL,Slider,33.8,-32.5,1.3,4,1.1,2.1,3.7,-1.6,-44,0.6789297658862876,0.2575250836120401,SL
2024,"Herz, DJ",687792,Nationals,WSH,L,86.1,284,1586,9.790123456790123,0.1790668348045397,SL,Slider,34.0,-35.0,-1.0,-3,3.0,0.2,4.4,-4.2,-96,0.3511705685618729,0.0267558528428093,SL
2024,"Matsui, Yuki",673513,Padres,SD,L,86.0,284,1049,6.4753086419753085,0.2707340324118207,SL,Slider,32.2,-35.3,-3.0,-9,4.7,4.3,4.2,0.1,1,0.1404682274247491,0.5317725752508361,SL
2024,"Pressly, Ryan",519151,Astros,HOU,R,89.6,280,969,6.018633540372671,0.2889576883384933,SL,Slider,31.0,-31.5,-0.5,-2,2.9,5.0,3.4,1.5,44,0.4214046822742475,0.7290969899665551,SL
2024,"Lugo, Seth",607625,Royals,KC,R,86.6,279,3112,19.20987654320988,0.0896529562982005,SL,Slider,31.8,-34.9,-3.1,-9,4.4,4.3,4.3,-0.1,-1,0.1337792642140468,0.5016722408026756,SL
2024,"Herrin, Tim",682120,Guardians,CLE,L,87.6,279,1011,6.279503105590062,0.2759643916913946,SL,Slider,32.7,-33.6,-0.9,-3,3.1,0.6,3.9,-3.4,-86,0.3612040133779264,0.0668896321070234,SL
2024,"Rodríguez, Manuel",655889,Rays,TB,R,89.3,278,605,3.734567901234568,0.4595041322314049,SL,Slider,35.5,-32.0,3.5,11,-1.2,4.5,3.7,0.8,22,0.8896321070234113,0.6354515050167224,SL
2024,"Estes, Joey",683155,Athletics,ATH,R,81.7,276,2027,12.512345679012345,0.1361618154908732,SL,Slider,40.6,-39.7,0.9,2,0.3,5.6,6.4,-0.9,-13,0.6086956521739131,0.391304347826087,SL
2024,"McKenzie, Triston",663474,Guardians,CLE,R,85.4,274,1304,8.099378881987578,0.210122699386503,SL,Slider,28.7,-35.9,-7.2,-20,8.6,5.1,4.2,0.9,22,0.0,0.6655518394648829,SL
2024,"Floro, Dylan",571670,D-backs,AZ,R,83.3,274,1018,6.283950617283951,0.2691552062868369,SL,Slider,34.9,-38.2,-3.3,-9,4.6,1.2,5.5,-4.3,-78,0.1204013377926421,0.0234113712374581,SL
2024,"Elder, Bryce",693821,Braves,ATL,R,83.6,271,864,5.333333333333333,0.3136574074074074,SL,Slider,38.8,-37.8,1.0,3,0.4,0.8,4.0,-3.2,-79,0.6254180602006689,0.0936454849498327,SL
2024,"Keller, Mitch",656605,Pirates,PIT,R,87.5,270,2849,17.58641975308642,0.0947700947700947,SL,Slider,34.6,-33.6,1.0,3,0.9,4.7,3.9,0.8,20,0.6254180602006689,0.6354515050167224,SL
2024,"Vodnik, Victor",680767,Rockies,COL,R,84.6,270,1341,8.277777777777779,0.2013422818791946,SL,Slider,41.4,-36.8,4.6,13,-3.6,2.8,5.1,-2.2,-44,0.9531772575250836,0.1705685618729097,SL
2024,"Keller, Brad",641745,Red Sox,BOS,R,86.0,270,743,4.58641975308642,0.3633916554508748,SL,Slider,40.5,-35.2,5.2,15,-3.6,6.9,4.2,2.6,62,0.9698996655518396,0.8461538461538461,SL
2024,"Contreras, Roansy",672710,Angels,LAA,R,85.0,269,1074,6.62962962962963,0.2504655493482309,SL,Slider,36.3,-36.3,0.0,0,1.4,4.9,4.8,0.1,1,0.5016722408026756,0.5317725752508361,SL
2024,"Vieira, Thyago",600986,D-backs,AZ,R,88.3,266,737,4.549382716049383,0.3609226594301221,SL,Slider,31.3,-32.7,-1.5,-4,3.9,2.4,3.8,-1.5,-39,0.2909698996655518,0.2842809364548495,SL
2024,"Nastrini, Nick",680897,White Sox,CWS,R,84.5,266,734,4.530864197530864,0.3623978201634877,SL,Slider,36.6,-36.8,-0.2,-1,1.7,1.8,5.0,-3.2,-63,0.4682274247491639,0.0936454849498327,SL
2024,"Erceg, Lucas",668674,Royals,KC,R,85.7,264,947,5.845679012345679,0.2787750791974657,SL,Slider,40.4,-35.4,5.0,14,-3.1,0.1,4.4,-4.5,-102,0.959866220735786,0.0167224080267558,SL
2024,"Jiménez, Dany",666204,Athletics,ATH,R,81.9,263,450,2.7777777777777777,0.5844444444444444,SL,Slider,39.3,-40.3,-1.1,-3,1.6,0.5,4.3,-3.8,-89,,,SL
2024,"Rainey, Tanner",663432,Nationals,WSH,R,86.6,260,939,5.796296296296297,0.2768903088391906,SL,Slider,33.2,-34.5,-1.4,-4,3.2,3.0,4.1,-1.1,-27,0.3110367892976589,0.3444816053511705,SL
2024,"Staumont, Josh",622251,Twins,MIN,R,86.7,258,420,2.592592592592593,0.6142857142857143,SL,Slider,38.1,-34.4,3.8,11,-1.8,2.8,4.1,-1.3,-32,,,SL
2024,"Paddack, Chris",663978,Twins,MIN,R,85.9,258,1460,9.012345679012345,0.1767123287671232,SL,Slider,31.7,-35.2,-3.5,-10,5.3,2.0,4.1,-2.1,-52,0.1036789297658862,0.1872909698996655,SL
2024,"Baz, Shane",669358,Rays,TB,R,87.3,257,1206,7.444444444444445,0.2131011608623549,SL,Slider,32.4,-33.8,-1.4,-4,3.6,2.1,4.0,-1.9,-47,0.3110367892976589,0.2140468227424749,SL
2024,"Knack, Landon",689017,Dodgers,LAD,R,85.1,256,1149,7.092592592592593,0.2228024369016536,SL,Slider,34.9,-36.3,-1.5,-4,2.6,3.7,4.7,-1.1,-23,0.2909698996655518,0.3444816053511705,SL
2024,"Weems, Jordan",607179,Nationals,WSH,R,87.6,256,733,4.524691358024692,0.3492496589358799,SL,Slider,33.6,-33.4,0.2,1,1.9,5.4,3.9,1.5,39,0.5284280936454849,0.7290969899665551,SL
2024,"Núñez, Dedniel",673380,Mets,NYM,R,87.5,255,521,3.216049382716049,0.4894433781190019,SL,Slider,39.1,-33.8,5.3,16,-3.4,1.3,4.0,-2.7,-68,0.9732441471571908,0.1170568561872909,SL
2024,"Martinez, Justin",679885,D-backs,AZ,R,89.8,255,1177,7.265432098765432,0.2166525063721325,SL,Slider,28.8,-31.0,-2.2,-7,5.0,2.4,3.6,-1.2,-33,0.217391304347826,0.3311036789297659,SL
2024,"Baumann, Mike",657508,Marlins,MIA,R,92.1,255,1066,6.580246913580247,0.2392120075046904,SL,Slider,23.8,-28.2,-4.4,-16,8.3,2.2,3.5,-1.3,-36,0.0501672240802675,0.3110367892976589,SL
2024,"Puk, A.J.",640462,D-backs,AZ,L,85.5,254,1173,7.24074074074074,0.216538789428815,SL,Slider,38.1,-35.5,2.5,7,-0.4,5.1,4.5,0.6,14,0.7959866220735786,0.6153846153846154,SL
2024,"Cleavinger, Garrett",664076,Rays,TB,L,87.3,254,1056,6.518518518518518,0.240530303030303,SL,Slider,35.8,-34.4,1.5,4,-0.1,6.0,4.5,1.5,35,0.7090301003344481,0.7290969899665551,SL
2024,"Birdsong, Hayden",806185,Giants,SF,R,86.4,254,1388,8.567901234567902,0.1829971181556196,SL,Slider,35.4,-34.7,0.7,2,1.1,1.5,4.2,-2.7,-64,0.5953177257525084,0.1170568561872909,SL
2024,"Jackson, Jay",543351,Twins,MIN,R,84.9,252,453,2.7962962962962963,0.5562913907284768,SL,Slider,31.7,-36.4,-4.8,-13,6.4,3.3,4.9,-1.7,-34,,,SL
2024,"Vest, Will",676684,Tigers,DET,R,86.9,251,1162,7.172839506172839,0.2160068846815834,SL,Slider,38.9,-34.5,4.4,13,-2.6,6.7,4.2,2.4,57,0.939799331103679,0.822742474916388,SL
2024,"Thompson, Ryan",657044,D-backs,AZ,R,79.0,251,977,6.030864197530864,0.2569089048106448,SL,Slider,35.6,-36.2,-0.6,-2,8.4,13.1,11.8,1.4,12,0.3946488294314381,0.7190635451505016,SL
2024,"Varland, Louis",686973,Twins,MIN,R,90.1,250,901,5.561728395061729,0.2774694783573806,SL,Slider,27.2,-31.1,-3.9,-13,6.3,3.7,3.5,0.2,7,0.0836120401337792,0.5451505016722408,SL
2024,"Holmes, Clay",605280,Yankees,NYY,R,87.1,250,1085,6.697530864197531,0.2304147465437788,SL,Slider,40.4,-33.8,6.6,20,-4.4,2.4,3.7,-1.3,-34,0.9899665551839464,0.3110367892976589,SL
2024,"Zerpa, Angel",672582,Royals,KC,L,86.1,248,951,5.87037037037037,0.2607781282860147,SL,Slider,38.6,-36.0,2.6,7,-1.9,5.3,4.3,0.9,22,0.8127090301003345,0.6655518394648829,SL
2024,"Thornton, Trent",663423,Mariners,SEA,R,89.8,247,1139,7.030864197530864,0.2168568920105355,SL,Slider,29.5,-31.9,-2.4,-7,4.1,4.0,3.8,0.2,6,0.2040133779264214,0.5451505016722408,SL
2024,"Otañez, Michel",671305,Athletics,ATH,R,85.3,247,601,3.7098765432098766,0.410981697171381,SL,Slider,34.3,-36.0,-1.7,-5,3.4,2.7,4.8,-2.1,-43,0.2675585284280936,0.1872909698996655,SL
2024,"Sears, JP",676664,Athletics,ATH,L,79.3,241,2856,17.62962962962963,0.0843837535014005,SL,Slider,35.4,-39.4,-4.0,-10,8.2,6.2,9.6,-3.4,-35,0.0769230769230769,0.0668896321070234,SL
2024,"Jarvis, Bryce",686826,D-backs,AZ,R,86.4,241,1006,6.209876543209877,0.2395626242544731,SL,Slider,37.4,-35.1,2.3,6,-0.8,6.8,4.3,2.4,56,0.7725752508361204,0.822742474916388,SL
2024,"Gausman, Kevin",592332,Blue Jays,TOR,R,82.7,240,2868,17.703703703703702,0.0836820083682008,SL,Slider,36.2,-38.9,-2.7,-7,3.8,1.3,5.9,-4.6,-77,0.1705685618729097,0.0100334448160535,SL
2024,"Fulmer, Carson",608334,Angels,LAA,R,88.0,240,1472,9.08641975308642,0.1630434782608695,SL,Slider,29.9,-33.2,-3.4,-10,5.3,4.2,3.8,0.4,11,0.1070234113712374,0.5719063545150501,SL
2024,"Wacha, Michael",608379,Royals,KC,R,84.1,240,2602,16.061728395061728,0.0922367409684857,SL,Slider,37.1,-37.4,-0.3,-1,1.4,2.7,4.3,-1.6,-38,0.4481605351170568,0.2575250836120401,SL
2024,"Wood, Alex",622072,Athletics,ATH,L,81.4,238,756,4.666666666666667,0.3148148148148148,SL,Slider,44.2,-41.1,3.1,8,-2.8,9.8,7.4,2.4,33,0.8494983277591973,0.822742474916388,SL
2024,"Estrada, Jeremiah",669093,Padres,SD,R,89.8,237,1003,6.191358024691358,0.2362911266201395,SL,Slider,28.4,-31.2,-2.8,-9,5.4,5.0,3.6,1.4,39,0.1538461538461538,0.7190635451505016,SL
2024,"Parker, Mitchell",680730,Nationals,WSH,L,84.5,236,2404,14.839506172839506,0.0981697171381031,SL,Slider,34.7,-36.8,-2.1,-6,3.4,5.7,4.9,0.8,17,0.2274247491638795,0.6354515050167224,SL
2024,"Morgan, Eli",669212,Guardians,CLE,R,86.8,233,646,4.012422360248447,0.3606811145510836,SL,Slider,33.4,-34.3,-0.9,-3,2.6,3.2,4.1,-0.9,-22,0.3612040133779264,0.391304347826087,SL
2024,"Domínguez, Seranthony",622554,Orioles,BAL,R,89.6,232,1064,6.567901234567901,0.2180451127819548,SL,Slider,28.8,-31.6,-2.8,-9,5.2,4.6,3.6,1.0,28,0.1538461538461538,0.6789297658862876,SL
2024,"Mears, Nick",683232,Brewers,MIL,R,86.5,232,1028,6.345679012345679,0.22568093385214,SL,Slider,38.1,-34.5,3.5,10,-1.9,1.7,4.1,-2.4,-58,0.8896321070234113,0.1638795986622073,SL
2024,"Cole, Gerrit",543037,Yankees,NYY,R,88.3,232,1534,9.469135802469136,0.151238591916558,SL,Slider,33.7,-32.8,0.9,3,1.3,5.4,3.6,1.8,50,0.6086956521739131,0.7759197324414716,SL
2024,"Estévez, Carlos",608032,Phillies,PHI,R,89.4,231,821,5.067901234567901,0.2813641900121802,SL,Slider,31.2,-31.5,-0.3,-1,2.9,5.5,3.5,2.0,58,0.4481605351170568,0.7959866220735786,SL
2024,"Mlodzinski, Carmen",669387,Pirates,PIT,R,87.5,230,866,5.345679012345679,0.2655889145496535,SL,Slider,34.0,-34.1,-0.1,0,1.6,3.3,4.4,-1.1,-25,0.4782608695652174,0.3444816053511705,SL
2024,"Miller, Bryce",682243,Mariners,SEA,R,86.6,229,2749,16.969135802469136,0.083303019279738,SL,Slider,34.9,-34.6,0.3,1,1.4,3.2,4.3,-1.0,-24,0.5518394648829431,0.3745819397993311,SL
2024,"Chargois, JT",608638,Mariners,SEA,R,85.6,228,529,3.265432098765432,0.4310018903591682,SL,Slider,36.2,-35.7,0.5,1,1.0,1.4,4.8,-3.3,-70,0.5785953177257525,0.0869565217391304,SL
2024,"Priester, Quinn",682990,Red Sox,BOS,R,87.1,226,811,5.006172839506172,0.2786683107274969,SL,Slider,33.5,-34.0,-0.4,-1,2.3,4.6,4.0,0.6,16,0.4247491638795986,0.6153846153846154,SL
2024,"Bido, Osvaldo",674370,Athletics,ATH,R,85.8,223,1055,6.512345679012346,0.2113744075829383,SL,Slider,32.8,-35.4,-2.6,-7,4.3,5.7,4.4,1.3,29,0.1806020066889632,0.7090301003344481,SL
2024,"Molina, Anthony",683627,Rockies,COL,R,88.6,222,1048,6.469135802469136,0.2118320610687022,SL,Slider,27.1,-32.5,-5.4,-17,7.4,3.0,3.6,-0.6,-17,0.0167224080267558,0.4548494983277591,SL
2024,"Kershaw, Clayton",477132,Dodgers,LAD,L,85.9,220,504,3.111111111111111,0.4365079365079365,SL,Slider,30.1,-35.2,-5.1,-15,6.8,4.8,4.3,0.5,12,0.0334448160535117,0.5986622073578596,SL
2024,"Banda, Anthony",607455,Dodgers,LAD,L,85.7,219,774,4.777777777777778,0.2829457364341085,SL,Slider,38.7,-35.5,3.2,9,-1.3,7.5,4.7,2.8,60,0.8595317725752508,0.8662207357859532,SL
2024,"Curry, Xzavion",675540,Marlins,MIA,R,84.6,219,639,3.9444444444444446,0.3427230046948357,SL,Slider,36.1,-36.7,-0.6,-2,1.8,6.4,4.9,1.5,30,0.3946488294314381,0.7290969899665551,SL
2024,"Lange, Alex",656638,Tigers,DET,R,88.1,218,377,2.3271604938271606,0.5782493368700266,SL,Slider,35.5,-33.2,2.3,7,-0.1,1.0,3.8,-4.8,-126,,,SL
2024,"Long, Sam",669674,Royals,KC,L,85.5,216,702,4.333333333333333,0.3076923076923077,SL,Slider,35.4,-35.8,-0.4,-1,1.8,2.0,4.5,-2.5,-56,0.4247491638795986,0.1404682274247491,SL
2024,"Adam, Jason",592094,Padres,SD,R,84.3,213,1109,6.845679012345679,0.1920649233543733,SL,Slider,42.6,-37.1,5.5,15,-4.2,3.2,4.9,-1.7,-35,0.979933110367893,0.2441471571906354,SL
2024,"Salazar, Eduardo",674285,Nationals,WSH,R,87.8,211,494,3.049382716049383,0.4271255060728745,SL,Slider,35.4,-33.4,2.0,6,-0.3,3.8,3.9,-0.2,-4,0.7424749163879598,0.4916387959866221,SL
2024,"Nicolas, Kyle",693312,Pirates,PIT,R,90.9,209,950,5.864197530864198,0.22,SL,Slider,29.6,-29.8,-0.2,-1,3.3,4.7,3.6,1.2,32,0.4682274247491639,0.6923076923076923,SL
2024,"Wilson, Justin",458677,Reds,CIN,L,88.4,207,816,5.037037037037037,0.2536764705882353,SL,Slider,32.9,-32.6,0.2,1,2.0,2.9,3.7,-0.8,-21,0.5284280936454849,0.411371237458194,SL
2024,"Stratton, Chris",608717,Royals,KC,R,86.1,205,994,6.135802469135802,0.2062374245472837,SL,Slider,35.2,-35.0,0.2,0,1.5,4.2,4.3,-0.2,-4,0.5284280936454849,0.4916387959866221,SL
2024,"Nelson, Ryne",669194,D-backs,AZ,R,84.2,204,2406,14.851851851851851,0.084788029925187,SL,Slider,40.3,-37.2,3.0,8,-1.8,5.5,4.8,0.7,14,0.842809364548495,0.6254180602006689,SL
2024,"Clase, Emmanuel",661403,Guardians,CLE,R,91.0,202,983,6.105590062111801,0.2054933875890132,SL,Slider,30.6,-29.6,1.0,3,2.2,7.1,3.5,3.5,100,0.6254180602006689,0.8963210702341137,SL
2024,"Severino, Luis",622663,Mets,NYM,R,86.8,201,2889,17.833333333333332,0.0695742471443406,SL,Slider,35.4,-34.3,1.0,3,1.0,7.2,4.1,3.0,73,0.6254180602006689,0.8762541806020067,SL
2024,"Bradish, Kyle",680694,Orioles,BAL,R,88.2,201,674,4.160493827160494,0.2982195845697329,SL,Slider,35.4,-32.8,2.5,8,-0.2,11.8,3.8,8.0,209,0.7959866220735786,0.9933110367892976,SL
2024,"Marte, Yunior",628708,Phillies,PHI,R,85.4,201,482,2.9753086419753085,0.4170124481327801,SL,Slider,35.9,-35.9,0.0,0,1.5,4.2,4.8,-0.5,-11,,,SL
2024,"Chirinos, Yonny",630023,Marlins,MIA,R,85.2,201,515,3.1790123456790123,0.3902912621359223,SL,Slider,33.4,-36.0,-2.6,-7,4.4,8.9,4.1,4.8,117,0.1806020066889632,0.9464882943143812,SL
2024,"Brieske, Beau",689225,Tigers,DET,R,86.1,199,1152,7.111111111111111,0.1727430555555555,SL,Slider,36.2,-35.1,1.1,3,0.4,3.2,4.3,-1.1,-25,0.6555183946488294,0.3444816053511705,SL
2024,"Brown, Hunter",686613,Astros,HOU,R,89.9,199,2889,17.944099378881987,0.0688819660782277,SL,Slider,29.1,-30.8,-1.7,-6,4.9,3.5,3.7,-0.1,-3,0.2675585284280936,0.5016722408026756,SL
2024,"Gallen, Zac",668678,D-backs,AZ,R,86.8,199,2506,15.469135802469136,0.0794094173982442,SL,Slider,33.5,-34.4,-0.8,-2,2.7,5.3,4.2,1.2,28,0.3745819397993311,0.6923076923076923,SL
2024,"Lovelady, Richard",663992,Rays,TB,L,86.2,197,528,3.259259259259259,0.3731060606060606,SL,Slider,32.5,-35.0,-2.5,-7,4.5,2.7,4.3,-1.6,-38,0.1906354515050167,0.2575250836120401,SL
2024,"Gallegos, Giovanny",606149,Cardinals,STL,R,83.6,197,401,2.4753086419753085,0.4912718204488778,SL,Slider,36.9,-37.9,-1.0,-3,2.1,0.9,3.7,-2.8,-76,,,SL
2024,"Berroa, Prelander",672860,White Sox,CWS,R,87.7,196,348,2.1481481481481484,0.5632183908045977,SL,Slider,32.3,-33.5,-1.2,-3,3.0,2.3,3.8,-1.5,-39,,,SL
2024,"Mazur, Adam",800049,Padres,SD,R,86.8,196,584,3.6049382716049374,0.3356164383561644,SL,Slider,34.7,-34.3,0.4,1,1.7,1.4,3.9,-2.5,-64,0.5652173913043478,0.1404682274247491,SL
2024,"Houser, Adrian",605288,Mets,NYM,R,83.2,196,1131,6.981481481481482,0.1732979664014146,SL,Slider,38.9,-38.4,0.5,1,0.6,5.7,5.2,0.5,9,0.5785953177257525,0.5986622073578596,SL
2024,"McArthur, James",663704,Royals,KC,R,87.7,195,903,5.574074074074074,0.2159468438538206,SL,Slider,32.9,-33.4,-0.4,-1,2.4,1.2,3.9,-2.7,-70,0.4247491638795986,0.1170568561872909,SL
2024,"Lambert, Peter",663567,Rockies,COL,R,86.9,195,1039,6.41358024691358,0.1876804619826756,SL,Slider,35.2,-34.2,1.0,3,0.7,4.1,4.1,0.0,0,0.6254180602006689,0.5117056856187291,SL
2024,"Leiter, Jack",683004,Rangers,TEX,R,86.8,195,669,4.12962962962963,0.2914798206278027,SL,Slider,35.3,-34.3,1.0,3,1.0,4.2,4.1,0.1,2,0.6254180602006689,0.5317725752508361,SL
2024,"Bird, Jake",656234,Rockies,COL,R,85.5,194,684,4.222222222222222,0.283625730994152,SL,Slider,34.5,-36.1,-1.7,-5,2.8,10.1,5.0,5.1,104,0.2675585284280936,0.9531772575250836,SL
2024,"Iglesias, Raisel",628452,Braves,ATL,R,84.2,192,928,5.728395061728395,0.2068965517241379,SL,Slider,35.0,-37.2,-2.2,-6,3.6,10.8,5.4,5.4,99,0.217391304347826,0.9665551839464884,SL
2024,"Strahm, Matt",621381,Phillies,PHI,L,81.6,190,981,6.055555555555555,0.1936799184505606,SL,Slider,39.4,-40.0,-0.6,-1,1.9,12.3,6.9,5.3,77,0.3946488294314381,0.959866220735786,SL
2024,"Manaea, Sean",640455,Mets,NYM,L,85.1,190,2996,18.493827160493822,0.0634178905206942,SL,Slider,31.7,-36.0,-4.2,-12,6.1,3.4,4.5,-1.0,-23,0.0668896321070234,0.3745819397993311,SL
2024,"Mayza, Tim",641835,Yankees,NYY,L,86.9,187,731,4.512345679012346,0.2558139534883721,SL,Slider,35.6,-34.3,1.4,4,0.8,2.0,4.1,-2.1,-52,0.6956521739130435,0.1872909698996655,SL
2024,"Matthews, Zebby",805673,Twins,MIN,R,87.2,186,717,4.425925925925926,0.2594142259414226,SL,Slider,33.8,-33.9,-0.1,0,2.1,3.9,3.9,0.0,0,0.4782608695652174,0.5117056856187291,SL
2024,"Latz, Jacob",656641,Rangers,TEX,L,83.4,185,813,5.018518518518518,0.2275522755227552,SL,Slider,40.8,-38.1,2.7,7,-1.6,7.0,5.4,1.6,30,0.8160535117056856,0.7558528428093646,SL
2024,"Maldonado, Anthony",687424,Marlins,MIA,R,85.2,184,297,1.8333333333333333,0.6195286195286195,SL,Slider,32.8,-36.2,-3.4,-9,4.8,1.1,4.5,-3.4,-75,,,SL
2024,"Anderson, Grant",681982,Rangers,TEX,R,82.1,184,483,2.9814814814814814,0.3809523809523809,SL,Slider,34.4,-35.7,-1.3,-4,6.0,7.4,8.4,-1.0,-12,,,SL
2024,"Lorenzen, Michael",547179,Royals,KC,R,85.2,183,2092,12.91358024691358,0.0874760994263862,SL,Slider,39.5,-36.1,3.3,9,-2.0,3.6,4.7,-1.1,-24,0.8762541806020067,0.3444816053511705,SL
2024,"Stripling, Ross",548389,Athletics,ATH,R,84.7,182,1358,8.382716049382717,0.134020618556701,SL,Slider,35.3,-36.6,-1.3,-3,2.7,2.3,3.4,-1.1,-32,0.3177257525083612,0.3444816053511705,SL
2024,"Ray, Robbie",592662,Giants,SF,L,88.4,182,568,3.506172839506173,0.3204225352112676,SL,Slider,27.2,-32.6,-5.4,-17,7.7,2.3,3.6,-5.8,-163,0.0167224080267558,0.0033444816053511,SL
2024,"Medina, Luis",665622,Athletics,ATH,R,85.8,181,720,4.444444444444445,0.2513888888888889,SL,Slider,36.8,-35.4,1.4,4,0.2,3.5,4.4,-1.0,-21,0.6956521739130435,0.3745819397993311,SL
2024,"Payamps, Joel",606303,Brewers,MIL,R,83.7,181,899,5.549382716049383,0.2013348164627363,SL,Slider,39.3,-37.7,1.6,4,-0.3,13.4,5.6,7.8,138,0.7190635451505016,0.9899665551839464,SL
2024,"Muller, Kyle",666205,Athletics,ATH,L,85.4,179,725,4.4753086419753085,0.2468965517241379,SL,Slider,35.4,-35.9,-0.4,-1,2.3,1.7,4.1,-2.5,-60,0.4247491638795986,0.1404682274247491,SL
2024,"Hernández, Daysbel",678226,Braves,ATL,R,89.0,179,330,2.037037037037037,0.5424242424242425,SL,Slider,33.8,-32.1,1.7,5,0.5,3.5,3.6,-0.1,-3,,,SL
2024,"Hoeing, Bryan",663773,Padres,SD,R,83.0,179,782,4.827160493827161,0.2289002557544757,SL,Slider,43.7,-38.5,5.3,14,-3.8,2.1,5.1,-3.0,-59,0.9732441471571908,0.1036789297658862,SL
2024,"Snell, Blake",605483,Giants,SF,L,88.7,178,1773,10.944444444444445,0.1003948110547095,SL,Slider,27.8,-32.5,-4.7,-15,6.9,2.2,3.6,-1.4,-39,0.040133779264214,0.2976588628762542,SL
2024,"Leahy, Kyle",681517,Cardinals,STL,R,89.9,176,695,4.290123456790123,0.2532374100719424,SL,Slider,30.0,-31.2,-1.2,-4,3.7,4.9,3.5,1.3,38,0.3311036789297659,0.7090301003344481,SL
2024,"Miller, Shelby",571946,Tigers,DET,R,88.3,175,850,5.246913580246914,0.2058823529411764,SL,Slider,28.6,-32.8,-4.2,-13,6.3,4.1,3.7,0.4,10,0.0668896321070234,0.5719063545150501,SL
2024,"Varland, Gus",681402,White Sox,CWS,R,88.7,174,455,2.808641975308642,0.3824175824175824,SL,Slider,34.0,-32.7,1.2,4,0.8,1.5,3.8,-2.3,-61,,,SL
2024,"Poche, Colin",621363,Rays,TB,L,83.1,173,543,3.351851851851852,0.3186003683241252,SL,Slider,36.4,-38.2,-1.8,-5,3.1,5.9,4.2,1.6,39,0.2575250836120401,0.7558528428093646,SL
2024,"Crouse, Hans",668968,Angels,LAA,R,83.8,170,437,2.697530864197531,0.3890160183066362,SL,Slider,36.4,-37.6,-1.2,-3,2.6,2.8,3.9,-6.7,-172,,,SL
2024,"Lynch IV, Daniel",663738,Royals,KC,L,85.9,169,631,3.8950617283950617,0.2678288431061806,SL,Slider,33.1,-35.3,-2.2,-6,3.9,1.4,4.3,-2.9,-67,0.217391304347826,0.1070234113712374,SL
2024,"Suter, Brent",608718,Reds,CIN,L,78.4,166,1022,6.308641975308642,0.162426614481409,SL,Slider,45.4,-44.3,1.1,3,-0.8,4.3,3.9,0.4,9,0.6555183946488294,0.5719063545150501,SL
2024,"Montas, Frankie",593423,Brewers,MIL,R,85.7,165,2633,16.253086419753085,0.0626661602734523,SL,Slider,36.2,-35.6,0.6,2,0.9,6.7,4.5,2.2,48,0.5919732441471572,0.8060200668896321,SL
2024,"Winckowski, Josh",670174,Red Sox,BOS,R,85.2,165,1240,7.654320987654321,0.1330645161290322,SL,Slider,37.3,-36.0,1.3,4,0.3,8.2,4.6,3.6,78,0.6789297658862876,0.9063545150501672,SL
2024,"Woo, Bryan",693433,Mariners,SEA,R,86.2,164,1716,10.592592592592592,0.0955710955710955,SL,Slider,34.6,-35.3,-0.7,-2,2.1,3.3,4.6,-1.3,-28,0.3846153846153846,0.3110367892976589,SL
2024,"Fried, Max",608331,Braves,ATL,L,83.6,162,2761,17.04320987654321,0.0586743933357479,SL,Slider,43.7,-37.9,5.9,15,-4.8,5.1,5.4,-0.3,-5,0.9866220735785952,0.4749163879598662,SL
2024,"Stanek, Ryne",592773,Mets,NYM,R,88.0,162,977,6.030864197530864,0.1658137154554759,SL,Slider,35.3,-33.1,2.2,7,-0.1,3.0,3.6,-0.7,-18,0.7625418060200669,0.431438127090301,SL
2024,"Gordon, Tanner",685299,Rockies,COL,R,85.2,162,607,3.746913580246914,0.2668863261943986,SL,Slider,34.5,-36.1,-1.7,-5,3.1,2.9,4.7,-1.7,-37,0.2675585284280936,0.2441471571906354,SL
2024,"King, Michael",650633,Padres,SD,R,85.7,162,2895,17.87037037037037,0.0559585492227979,SL,Slider,35.7,-35.8,-0.1,0,1.6,3.7,4.7,-1.1,-22,0.4782608695652174,0.3444816053511705,SL
2024,"Leasure, Jordan",673929,White Sox,CWS,R,88.2,161,560,3.45679012345679,0.2875,SL,Slider,31.2,-32.8,-1.6,-5,3.7,6.3,3.7,2.6,69,0.2876254180602006,0.8461538461538461,SL
2024,"Ginn, J.T.",669372,Athletics,ATH,R,85.4,161,515,3.1790123456790123,0.312621359223301,SL,Slider,35.3,-35.9,-0.6,-2,2.0,3.1,4.7,-1.6,-34,0.3946488294314381,0.2575250836120401,SL
2024,"Buttó, José",676130,Mets,NYM,R,85.0,158,1222,7.54320987654321,0.1292962356792144,SL,Slider,37.5,-36.3,1.2,3,0.3,3.6,5.0,-1.4,-28,0.6688963210702341,0.2976588628762542,SL
2024,"Martin, Davis",663436,White Sox,CWS,R,89.0,155,892,5.506172839506172,0.1737668161434977,SL,Slider,26.7,-32.0,-5.4,-17,7.7,0.2,3.6,-3.4,-95,0.0167224080267558,0.0668896321070234,SL
2024,"Alzolay, Adbert",640470,Cubs,CHC,R,87.2,155,329,2.0308641975308643,0.4711246200607902,SL,Slider,32.6,-33.9,-1.3,-4,3.2,6.9,4.0,2.9,72,,,SL
2024,"Brasier, Ryan",518489,Dodgers,LAD,R,85.2,154,374,2.308641975308642,0.4117647058823529,SL,Slider,36.5,-36.0,0.5,1,0.9,4.9,4.5,0.4,9,,,SL
2024,"Williams, Gavin",668909,Guardians,CLE,R,88.6,153,1368,8.496894409937887,0.1118421052631579,SL,Slider,28.7,-32.5,-3.8,-12,5.9,2.7,3.6,-0.9,-25,0.0903010033444816,0.391304347826087,SL
2024,"Strickland, Hunter",519326,Angels,LAA,R,85.1,152,1157,7.141975308641976,0.1313742437337943,SL,Slider,39.0,-36.2,2.7,7,-1.1,6.3,4.9,1.5,31,0.8160535117056856,0.7290969899665551,SL
2024,"López, Jorge",605347,Cubs,CHC,R,86.6,152,802,4.950617283950617,0.1895261845386533,SL,Slider,33.9,-34.6,-0.6,-2,2.3,7.2,4.2,3.0,72,0.3946488294314381,0.8762541806020067,SL
2024,"Garcia, Robert",676395,Nationals,WSH,L,85.5,151,946,5.839506172839506,0.1596194503171247,SL,Slider,35.6,-35.7,-0.1,0,1.7,5.0,4.6,0.4,10,0.4782608695652174,0.5719063545150501,SL
2024,"Megill, Tylor",656731,Mets,NYM,R,85.5,150,1365,8.425925925925926,0.1098901098901098,SL,Slider,38.8,-35.4,3.4,10,-1.4,3.7,4.1,-0.4,-10,0.882943143812709,0.4648829431438127,SL
2024,"Ryan, Ryder",656924,Pirates,PIT,R,83.8,149,340,2.098765432098765,0.438235294117647,SL,Slider,37.1,-37.6,-0.5,-1,1.8,3.4,5.6,-2.2,-39,,,SL
2024,"Ryan, Joe",657746,Twins,MIN,R,87.1,149,2106,13.0,0.070750237416904,SL,Slider,31.5,-34.4,-2.9,-8,4.4,2.7,4.6,-1.9,-42,0.1438127090301003,0.2140468227424749,SL
2024,"Scherzer, Max",453286,Rangers,TEX,R,85.0,149,669,4.12962962962963,0.2227204783258595,SL,Slider,34.0,-36.3,-2.3,-6,3.9,4.4,5.0,-0.6,-12,0.2140468227424749,0.4548494983277591,SL
2024,"Burke, Brock",656271,Angels,LAA,L,87.0,149,575,3.549382716049383,0.2591304347826087,SL,Slider,32.2,-34.2,-2.0,-6,3.9,0.1,4.0,-4.1,-102,0.2341137123745819,0.0301003344481605,SL
2024,"Stratton, Hunter",676702,Pirates,PIT,R,84.1,147,587,3.623456790123457,0.2504258943781942,SL,Slider,33.7,-37.3,-3.6,-10,5.1,11.5,5.1,6.4,126,0.1003344481605351,0.9832775919732442,SL
2024,"Criswell, Jeff",676105,Rockies,COL,R,87.7,146,354,2.185185185185185,0.4124293785310734,SL,Slider,32.9,-33.6,-0.7,-2,2.3,1.3,4.0,-2.7,-67,,,SL
2024,"Francis, Bowden",670102,Blue Jays,TOR,R,81.7,145,1558,9.617283950617283,0.0930680359435173,SL,Slider,41.2,-40.3,0.9,2,-0.2,5.6,5.6,0.0,0,0.6086956521739131,0.5117056856187291,SL
2024,"Cabrera, Edward",665795,Marlins,MIA,R,89.3,145,1734,10.703703703703704,0.0836216839677047,SL,Slider,31.0,-31.7,-0.7,-2,3.3,1.7,3.7,-2.0,-55,0.3846153846153846,0.2040133779264214,SL
2024,"Williams, Trevor",592866,Nationals,WSH,R,81.3,144,1064,6.567901234567901,0.1353383458646616,SL,Slider,37.2,-40.5,-3.3,-8,3.9,6.1,6.5,-0.4,-5,0.1204013377926421,0.4648829431438127,SL
2024,"Hughes, Brandon",676714,D-backs,AZ,L,82.0,141,350,2.1604938271604937,0.4028571428571428,SL,Slider,35.0,-39.8,-4.7,-12,5.9,6.7,6.5,0.2,3,,,SL
2024,"Scott, Christian",681035,Mets,NYM,R,87.3,139,787,4.8580246913580245,0.1766200762388818,SL,Slider,31.8,-33.8,-2.0,-6,4.1,3.2,4.0,-0.8,-21,0.2341137123745819,0.411371237458194,SL
2024,"Cimber, Adam",643256,Angels,LAA,R,73.4,136,416,2.567901234567901,0.3269230769230769,SL,Slider,38.1,-38.1,0.0,0,13.3,16.4,16.4,0.0,0,,,SL
2024,"Lowder, Rhett",695076,Reds,CIN,R,85.0,136,498,3.074074074074074,0.2730923694779116,SL,Slider,38.9,-36.4,2.5,7,-1.3,3.4,4.9,-1.5,-30,0.7959866220735786,0.2842809364548495,SL
2024,"Pennington, Walter",679156,Rangers,TEX,L,83.8,135,330,2.037037037037037,0.4090909090909091,SL,Slider,37.5,-37.6,-0.1,0,1.7,1.0,5.4,-4.4,-81,,,SL
2024,"Kelly, Merrill",518876,D-backs,AZ,R,85.6,135,1142,7.049382716049383,0.1182136602451838,SL,Slider,34.9,-35.8,-1.0,-3,2.2,2.8,4.7,-1.9,-41,0.3511705685618729,0.2140468227424749,SL
2024,"Howard, Spencer",675921,Guardians,CLE,R,85.3,135,537,3.3354037267080745,0.2513966480446927,SL,Slider,33.2,-35.9,-2.7,-8,4.4,5.2,4.6,0.7,15,0.1705685618729097,0.6254180602006689,SL
2024,"Rodríguez, Yerry",666720,Blue Jays,TOR,R,84.0,135,438,2.703703703703704,0.3082191780821918,SL,Slider,34.4,-37.4,-3.0,-8,4.4,6.0,5.2,0.8,14,,,SL
2024,"Martinez, Nick",607259,Reds,CIN,R,85.0,133,2125,13.117283950617283,0.0625882352941176,SL,Slider,34.9,-36.4,-1.5,-4,2.9,1.3,4.5,-3.3,-72,0.2909698996655518,0.0869565217391304,SL
2024,"Skenes, Paul",694973,Pirates,PIT,R,86.6,132,2125,13.117283950617283,0.0621176470588235,SL,Slider,29.8,-34.6,-4.9,-14,6.8,1.6,4.3,-2.7,-63,0.0367892976588628,0.1170568561872909,SL
2024,"Bassitt, Chris",605135,Blue Jays,TOR,R,82.5,131,2959,18.265432098765437,0.0442717134166948,SL,Slider,41.0,-39.2,1.7,4,-0.8,6.8,6.1,0.7,12,,,SL
2024,"Suarez, José",660761,Angels,LAA,L,85.1,131,987,6.092592592592593,0.132725430597771,SL,Slider,33.3,-36.4,-3.1,-9,4.2,4.9,5.0,-0.1,-2,0.1337792642140468,0.5016722408026756,SL
2024,"Brooks, Aaron",605156,Athletics,ATH,R,85.2,131,403,2.4876543209876543,0.3250620347394541,SL,Slider,37.3,-36.1,1.2,3,0.5,2.0,4.6,-2.5,-56,,,SL
2024,"Honeywell, Brent",641703,Dodgers,LAD,R,86.0,130,595,3.67283950617284,0.2184873949579832,SL,Slider,34.0,-35.2,-1.2,-3,2.6,7.8,4.3,3.5,80,0.3311036789297659,0.8963210702341137,SL
2024,"Swanson, Erik",657024,Blue Jays,TOR,R,86.8,128,666,4.111111111111111,0.1921921921921922,SL,Slider,33.0,-34.3,-1.3,-4,3.2,4.9,4.1,0.8,19,0.3177257525083612,0.6354515050167224,SL
2024,"Alexander, Scott",518397,Athletics,ATH,L,82.7,128,566,3.493827160493827,0.2261484098939929,SL,Slider,44.6,-38.9,5.7,15,-4.7,5.1,6.2,-1.0,-17,0.9832775919732442,0.3745819397993311,SL
2024,"Díaz, Yilber",700270,D-backs,AZ,R,83.6,128,469,2.8950617283950617,0.2729211087420042,SL,Slider,42.0,-37.8,4.2,11,-3.3,0.2,5.6,-5.8,-103,,,SL
2024,"Kopech, Michael",656629,Dodgers,LAD,R,87.1,125,1143,7.055555555555555,0.1093613298337707,SL,Slider,37.2,-34.0,3.2,10,-1.2,5.6,4.1,1.5,37,0.8595317725752508,0.7290969899665551,SL
2024,"Santillan, Tony",663574,Reds,CIN,R,87.1,125,504,3.111111111111111,0.248015873015873,SL,Slider,34.8,-34.5,0.3,1,1.4,8.9,4.2,4.7,113,0.5518394648829431,0.94314381270903,SL
2024,"Speier, Gabe",642100,Mariners,SEA,L,81.8,123,422,2.6049382716049383,0.2914691943127962,SL,Slider,42.6,-40.1,2.5,6,-1.9,3.9,7.1,-3.2,-45,,,SL
2024,"Blalock, Bradley",687134,Rockies,COL,R,85.2,122,551,3.4012345679012346,0.2214156079854809,SL,Slider,38.1,-35.9,2.1,6,-0.7,3.4,4.5,-1.1,-25,0.7558528428093646,0.3444816053511705,SL
2024,"Kochanowicz, Jack",686799,Angels,LAA,R,85.4,121,859,5.302469135802469,0.1408614668218859,SL,Slider,37.8,-36.0,1.9,5,-0.3,7.2,4.7,2.5,54,0.7357859531772575,0.8361204013377926,SL
2024,"Daniel, Davis",669721,Angels,LAA,R,81.8,121,508,3.135802469135802,0.2381889763779527,SL,Slider,34.5,-40.1,-5.5,-14,6.6,12.1,6.4,5.6,87,0.0133779264214046,0.9732441471571908,SL
2024,"Marte, José",665896,Angels,LAA,R,85.2,120,311,1.9197530864197527,0.3858520900321543,SL,Slider,39.7,-36.1,3.6,10,-2.2,7.2,4.7,2.4,51,,,SL
2024,"Paredes, Enoli",660600,Cubs,CHC,R,85.6,120,319,1.969135802469136,0.3761755485893417,SL,Slider,35.0,-35.9,-0.9,-3,2.2,7.6,5.1,2.5,49,,,SL
2024,"Kelly, Joe",523260,Dodgers,LAD,R,90.1,120,552,3.4074074074074074,0.217391304347826,SL,Slider,34.6,-31.7,2.9,9,-0.9,9.7,3.7,6.0,163,0.8327759197324415,0.9765886287625418,SL
2024,"Manoah, Alek",666201,Blue Jays,TOR,R,81.0,120,394,2.432098765432099,0.3045685279187817,SL,Slider,43.6,-41.0,2.6,6,-1.7,13.5,6.1,7.4,120,,,SL
2024,"Blewett, Scott",656240,Twins,MIN,R,85.1,119,319,1.969135802469136,0.3730407523510972,SL,Slider,36.4,-35.9,0.5,1,1.6,1.3,4.0,-2.7,-68,,,SL
2024,"Winn, Keaton",676775,Giants,SF,R,87.9,118,847,5.228395061728395,0.1393152302243211,SL,Slider,34.4,-33.2,1.3,4,1.1,1.2,3.7,-2.5,-67,0.6789297658862876,0.1404682274247491,SL
2024,"Merryweather, Julian",657240,Cubs,CHC,R,84.7,117,272,1.6790123456790125,0.4301470588235294,SL,Slider,39.5,-36.6,2.8,8,-1.5,0.0,4.8,-4.8,-99,,,SL
2024,"García, Luis",472610,Red Sox,BOS,R,82.8,116,897,5.537037037037037,0.1293199554069119,SL,Slider,40.2,-39.0,1.3,3,-0.1,7.9,5.1,2.7,53,0.6789297658862876,0.8595317725752508,SL
2024,"Boyd, Matthew",571510,Guardians,CLE,L,79.5,116,669,4.15527950310559,0.1733931240657698,SL,Slider,46.3,-44.0,2.3,5,-3.2,6.9,8.8,-1.9,-22,0.7725752508361204,0.2140468227424749,SL
2024,"Petersen, Michael",656848,Marlins,MIA,R,88.1,115,363,2.240740740740741,0.3168044077134986,SL,Slider,33.8,-32.9,0.8,2,1.5,1.6,3.8,-2.2,-57,,,SL
2024,"Springs, Jeffrey",605488,Rays,TB,L,82.9,114,565,3.4876543209876543,0.2017699115044247,SL,Slider,37.0,-38.7,-1.7,-4,2.7,4.9,5.7,-0.8,-14,0.2675585284280936,0.411371237458194,SL
2024,"Valdez, Framber",664285,Astros,HOU,L,85.1,112,2598,16.13664596273292,0.0431100846805234,SL,Slider,39.6,-36.4,3.2,9,-1.7,3.0,4.6,-1.7,-36,,,SL
2024,"Romano, Jordan",605447,Blue Jays,TOR,R,86.4,112,215,1.3271604938271604,0.5209302325581395,SL,Slider,39.7,-34.2,5.5,16,-3.2,2.3,3.7,-1.4,-38,,,SL
2024,"Castillo, Diego",650895,Twins,MIN,R,86.9,111,177,1.0925925925925926,0.6271186440677966,SL,Slider,32.9,-34.7,-1.8,-5,2.9,3.9,3.8,0.2,5,,,SL
2024,"Lively, Ben",594902,Guardians,CLE,R,80.6,111,2406,14.944099378881988,0.0461346633416458,SL,Slider,33.9,-40.9,-7.0,-17,8.0,6.2,6.7,-0.5,-8,,,SL
2024,"Hall, DL",669084,Brewers,MIL,L,84.6,110,782,4.827160493827161,0.1406649616368286,SL,Slider,39.1,-36.6,2.5,7,-0.9,7.3,5.0,2.4,47,0.7959866220735786,0.822742474916388,SL
2024,"González, Victor",624647,Yankees,NYY,L,85.9,110,386,2.382716049382716,0.2849740932642487,SL,Slider,34.7,-35.9,-1.2,-3,2.3,1.2,5.1,-3.9,-76,,,SL
2024,"McMillon, John",669111,Marlins,MIA,R,85.3,109,180,1.1111111111111112,0.6055555555555555,SL,Slider,36.6,-36.0,0.6,2,1.1,2.0,4.8,-2.8,-59,,,SL
2024,"Pop, Zach",647315,Blue Jays,TOR,R,86.2,108,743,4.58641975308642,0.1453566621803499,SL,Slider,39.2,-35.0,4.3,12,-2.5,6.6,4.4,2.2,49,0.9264214046822744,0.8060200668896321,SL
2024,"Brewer, Colten",605155,Cubs,CHC,R,86.2,106,391,2.4135802469135803,0.2710997442455243,SL,Slider,34.6,-35.0,-0.4,-1,2.1,4.9,4.3,0.6,14,,,SL
2024,"Hancock, Emerson",676106,Mariners,SEA,R,82.9,106,1014,6.25925925925926,0.1045364891518737,SL,Slider,38.8,-38.7,0.0,0,0.9,4.9,6.1,-1.2,-19,0.5016722408026756,0.3311036789297659,SL
2024,"Thorpe, Drew",689672,White Sox,CWS,R,81.5,105,721,4.450617283950617,0.145631067961165,SL,Slider,44.5,-40.4,4.1,10,-3.4,4.8,5.8,-1.0,-18,0.919732441471572,0.3745819397993311,SL
2024,"Baker, Bryan",641329,Orioles,BAL,R,87.4,104,369,2.2777777777777777,0.2818428184281842,SL,Slider,31.2,-33.6,-2.5,-7,4.3,7.2,3.8,3.4,89,,,SL
2024,"King, John",667463,Cardinals,STL,L,83.5,103,857,5.290123456790123,0.1201866977829638,SL,Slider,40.2,-37.9,2.4,6,-1.2,2.6,5.8,-3.2,-56,0.7859531772575251,0.0936454849498327,SL
2024,"Miller, Bobby",676272,Dodgers,LAD,R,88.6,101,1053,6.5,0.0959164292497625,SL,Slider,32.4,-32.4,-0.1,0,2.3,6.2,3.7,2.5,67,0.4782608695652174,0.8361204013377926,SL
2024,"Cano, Yennier",666974,Orioles,BAL,R,87.4,101,1008,6.222222222222222,0.1001984126984127,SL,Slider,35.3,-34.5,0.8,2,0.7,7.7,4.6,3.1,68,0.5986622073578596,0.882943143812709,SL
2024,"Henriquez, Ronny",678692,Twins,MIN,R,88.5,101,303,1.8703703703703705,0.3333333333333333,SL,Slider,30.4,-32.7,-2.3,-7,4.4,2.2,3.7,-1.5,-40,,,SL
2024,"Ellard, Fraser",686642,White Sox,CWS,L,85.8,100,432,2.6666666666666665,0.2314814814814814,SL,Slider,39.0,-35.6,3.4,10,-1.8,6.2,4.5,1.6,36,,,SL
2024,"Hanifee, Brenan",669724,Tigers,DET,R,87.4,100,446,2.753086419753086,0.2242152466367713,SL,Slider,34.0,-34.1,0.0,0,1.6,2.6,4.1,-1.5,-37,,,SL
2024,"Fitts, Richard",690916,Red Sox,BOS,R,85.9,98,314,1.938271604938272,0.3121019108280254,SL,Slider,37.4,-35.2,2.1,6,-0.4,5.1,4.3,0.7,16,,,SL
2024,"Reynolds, Sean",669308,Padres,SD,R,88.1,98,225,1.3888888888888888,0.4355555555555555,SL,Slider,35.7,-33.0,2.7,8,-0.4,5.7,3.8,1.9,50,,,SL
2024,"Avila, Pedro",658648,Guardians,CLE,R,83.0,96,1419,8.813664596273291,0.0676532769556025,SL,Slider,42.9,-38.5,4.4,11,-3.3,7.6,5.9,1.8,30,0.939799331103679,0.7759197324414716,SL
2024,"Aguiar, Julian",687924,Reds,CIN,R,80.3,95,530,3.271604938271605,0.1792452830188679,SL,Slider,37.5,-41.8,-4.3,-10,4.9,8.3,8.0,0.4,5,0.060200668896321,0.5719063545150501,SL
2024,"Chivilli, Angel",683409,Rockies,COL,R,87.4,93,512,3.1604938271604937,0.181640625,SL,Slider,32.8,-33.7,-1.0,-3,2.8,1.4,3.9,-2.5,-64,0.3511705685618729,0.1404682274247491,SL
2024,"Zulueta, Yosver",691172,Reds,CIN,R,87.1,92,286,1.7654320987654322,0.3216783216783216,SL,Slider,39.3,-34.2,5.1,15,-3.2,3.8,4.0,-0.2,-5,,,SL
2024,"Borucki, Ryan",621366,Pirates,PIT,L,88.2,92,174,1.0740740740740742,0.5287356321839081,SL,Slider,29.8,-33.0,-3.2,-10,5.3,0.5,3.8,-3.3,-88,,,SL
2024,"Saucedo, Tayler",642048,Mariners,SEA,L,82.7,91,626,3.864197530864197,0.145367412140575,SL,Slider,39.4,-38.9,0.5,1,0.6,5.2,5.8,-0.7,-12,0.5785953177257525,0.431438127090301,SL
2024,"Cisnero, José",542585,Angels,LAA,R,84.8,91,313,1.932098765432099,0.2907348242811501,SL,Slider,37.5,-36.6,0.9,3,0.5,4.2,5.1,-0.9,-18,,,SL
2024,"Soriano, José",667755,Angels,LAA,R,91.3,91,1736,10.716049382716047,0.0524193548387096,SL,Slider,29.3,-29.3,-0.1,0,3.4,0.6,3.5,-2.9,-82,0.4782608695652174,0.1070234113712374,SL
2024,"Anderson, Shaun",641312,Marlins,MIA,R,86.5,90,244,1.5061728395061729,0.3688524590163934,SL,Slider,34.6,-34.6,0.0,0,1.8,7.1,4.1,3.0,74,,,SL
2024,"Castro, Miguel",612434,D-backs,AZ,R,81.5,90,232,1.432098765432099,0.3879310344827586,SL,Slider,38.9,-40.2,-1.3,-3,2.5,16.6,6.5,10.1,157,,,SL
2024,"Uribe, Abner",682842,Brewers,MIL,R,87.9,89,258,1.5925925925925926,0.3449612403100775,SL,Slider,32.0,-33.1,-1.1,-3,3.5,10.0,3.8,6.2,166,,,SL
2024,"Miller, Ryan",668943,Angels,LAA,R,86.3,89,219,1.351851851851852,0.4063926940639269,SL,Slider,33.9,-35.6,-1.7,-5,2.8,1.7,5.4,-3.7,-68,,,SL
2024,"Sborz, Josh",622250,Rangers,TEX,R,87.3,89,284,1.7530864197530864,0.3133802816901408,SL,Slider,33.6,-33.9,-0.3,-1,2.3,1.9,3.9,-2.0,-51,,,SL
2024,"Hernández, Carlos",672578,Royals,KC,R,86.8,88,560,3.45679012345679,0.1571428571428571,SL,Slider,35.9,-34.2,1.7,5,0.4,4.2,4.0,0.2,5,0.725752508361204,0.5451505016722408,SL
2024,"Bigge, Hunter",685801,Rays,TB,R,89.6,88,300,1.851851851851852,0.2933333333333333,SL,Slider,30.2,-31.4,-1.2,-4,3.8,5.1,3.6,1.5,42,,,SL
2024,"Burke, Sean",680732,White Sox,CWS,R,86.9,88,309,1.9074074074074077,0.284789644012945,SL,Slider,30.2,-34.1,-3.9,-12,6.0,3.8,4.0,-0.2,-6,,,SL
2024,"Povich, Cade",700249,Orioles,BAL,L,83.4,87,1389,8.574074074074074,0.0626349892008639,SL,Slider,36.4,-38.1,-1.8,-5,3.0,5.4,5.7,-0.3,-6,0.2575250836120401,0.4749163879598662,SL
2024,"Thompson, Zack",668868,Cardinals,STL,L,82.8,87,317,1.9567901234567904,0.2744479495268139,SL,Slider,38.5,-38.8,-0.2,-1,1.2,2.5,5.2,-2.7,-52,,,SL
2024,"Wrobleski, Justin",680736,Dodgers,LAD,L,87.4,84,592,3.654320987654321,0.1418918918918918,SL,Slider,32.8,-34.7,-2.0,-6,2.8,2.6,4.0,-1.5,-37,0.2341137123745819,0.2842809364548495,SL
2024,"Bradford, Cody",674003,Rangers,TEX,L,82.8,84,1175,7.253086419753086,0.0714893617021276,SL,Slider,36.5,-38.6,-2.1,-6,3.3,4.9,4.6,0.3,6,0.2274247491638795,0.5652173913043478,SL
2024,"Rocker, Kumar",677958,Rangers,TEX,R,84.1,84,218,1.345679012345679,0.3853211009174312,SL,Slider,42.4,-37.4,5.1,14,-3.8,0.7,4.8,-4.1,-85,,,SL
2024,"Pivetta, Nick",601713,Red Sox,BOS,R,83.9,83,2386,14.728395061728396,0.0347862531433361,SL,Slider,43.9,-37.5,6.4,17,-5.0,3.7,3.9,-0.2,-6,,,SL
2024,"Nance, Tommy",667297,Blue Jays,TOR,R,87.4,83,322,1.9876543209876545,0.2577639751552795,SL,Slider,38.6,-33.6,4.9,15,-2.8,2.2,3.8,-1.6,-42,,,SL
2024,"Walker, Josh",677020,Mets,NYM,L,83.9,82,215,1.3271604938271604,0.3813953488372093,SL,Slider,35.9,-37.2,-1.3,-3,2.9,7.3,4.5,2.9,64,,,SL
2024,"Joyce, Ben",690829,Angels,LAA,R,86.2,82,541,3.3395061728395063,0.1515711645101663,SL,Slider,38.6,-35.2,3.4,10,-1.7,8.7,4.5,4.2,93,0.882943143812709,0.9230769230769232,SL
2024,"Burdi, Nick",595897,Yankees,NYY,R,88.3,82,210,1.2962962962962965,0.3904761904761905,SL,Slider,34.5,-33.1,1.4,4,0.7,10.4,3.9,6.5,168,,,SL
2024,"Robertson, David",502085,Rangers,TEX,R,83.7,82,1211,7.4753086419753085,0.0677126341866226,SL,Slider,40.6,-37.7,2.9,8,-1.5,10.4,5.3,5.1,96,0.8327759197324415,0.9531772575250836,SL
2024,"Hernandez, Nick",663321,Astros,HOU,R,82.0,81,139,0.8633540372670807,0.5827338129496403,SL,Slider,39.1,-39.8,-0.7,-2,1.4,5.2,6.1,-0.9,-15,,,SL
2024,"Wingenter, Trey",622259,Cubs,CHC,R,86.3,81,179,1.1049382716049383,0.4525139664804469,SL,Slider,36.6,-34.8,1.8,5,0.2,0.7,4.3,-3.6,-84,,,SL
2024,"McGough, Scott",543518,D-backs,AZ,R,87.1,80,577,3.561728395061728,0.1386481802426343,SL,Slider,32.1,-34.0,-1.9,-6,3.8,4.8,3.7,1.1,30,0.2474916387959866,0.6889632107023411,SL
2024,"Bush, Ky",681066,White Sox,CWS,L,82.5,80,328,2.0246913580246915,0.2439024390243902,SL,Slider,40.0,-39.3,0.7,2,0.1,4.0,5.0,-1.0,-20,,,SL
2024,"deGrom, Jacob",594798,Rangers,TEX,R,90.0,78,172,1.0617283950617284,0.4534883720930232,SL,Slider,30.3,-31.1,-0.8,-3,3.3,5.0,3.6,1.5,41,,,SL
2024,"Kolek, Stephen",663568,Padres,SD,R,88.2,78,797,4.919753086419753,0.0978670012547051,SL,Slider,34.0,-33.2,0.8,2,1.1,3.1,3.9,-0.8,-20,0.5986622073578596,0.411371237458194,SL
2024,"Winn, Cole",668390,Rangers,TEX,R,87.9,76,286,1.7654320987654322,0.2657342657342657,SL,Slider,31.9,-33.2,-1.3,-4,3.4,4.0,3.9,0.1,3,,,SL
2024,"Eovaldi, Nathan",543135,Rangers,TEX,R,86.0,76,2622,16.185185185185187,0.0289855072463768,SL,Slider,34.6,-35.2,-0.6,-2,2.4,5.1,4.5,0.6,14,,,SL
2024,"Hentges, Sam",656529,Guardians,CLE,L,87.9,75,351,2.1801242236024843,0.2136752136752136,SL,Slider,31.7,-33.3,-1.6,-5,3.4,2.7,3.8,-1.1,-28,,,SL
2024,"Means, John",607644,Orioles,BAL,L,84.5,74,320,1.9753086419753083,0.23125,SL,Slider,29.9,-36.9,-7.0,-19,8.3,2.0,4.8,-2.8,-59,,,SL
2024,"Nelson, Kyle",669459,D-backs,AZ,L,83.5,73,145,0.8950617283950617,0.503448275862069,SL,Slider,36.2,-38.0,-1.8,-5,2.8,4.6,5.5,-0.8,-15,,,SL
2024,"Pint, Riley",666207,Rockies,COL,R,87.9,71,102,0.6296296296296297,0.696078431372549,SL,Slider,34.3,-33.3,1.0,3,0.9,9.5,3.9,5.6,145,,,SL
2024,"Madden, Ty",680744,Tigers,DET,R,84.3,71,403,2.4876543209876543,0.1761786600496278,SL,Slider,40.1,-37.2,2.9,8,-1.6,3.2,5.4,-2.1,-40,,,SL
2024,"Leone, Dominic",608678,White Sox,CWS,R,84.6,70,361,2.228395061728395,0.1939058171745152,SL,Slider,40.6,-36.7,4.0,11,-2.4,5.7,4.9,0.8,16,,,SL
2024,"Jefferies, Daulton",641726,Pirates,PIT,R,82.2,69,281,1.7345679012345678,0.2455516014234875,SL,Slider,34.9,-39.3,-4.4,-11,5.7,6.4,6.4,0.0,0,,,SL
2024,"Guenther, Sean",674944,Tigers,DET,L,79.7,67,243,1.5,0.2757201646090535,SL,Slider,45.3,-42.4,2.9,7,-2.2,12.4,7.9,4.4,56,,,SL
2024,"Lopez, Jacob",682052,Rays,TB,L,77.9,67,178,1.0987654320987654,0.3764044943820224,SL,Slider,45.8,-45.7,0.1,0,-0.5,8.4,9.1,-0.6,-7,,,SL
2024,"Ryan, River",689981,Dodgers,LAD,R,89.9,67,295,1.820987654320988,0.2271186440677966,SL,Slider,35.8,-31.4,4.4,14,-1.8,5.0,3.6,1.4,39,,,SL
2024,"Santos, Gregory",666619,Mariners,SEA,R,89.8,66,112,0.691358024691358,0.5892857142857143,SL,Slider,31.8,-31.3,0.4,1,2.0,6.3,3.7,2.6,72,,,SL
2024,"Ashby, Aaron",676879,Brewers,MIL,L,83.2,66,484,2.9876543209876543,0.1363636363636363,SL,Slider,44.3,-38.9,5.3,14,-4.6,10.0,3.5,6.5,183,,,SL
2024,"Palencia, Daniel",694037,Cubs,CHC,R,89.5,66,263,1.623456790123457,0.2509505703422053,SL,Slider,30.9,-31.8,-0.9,-3,3.4,2.9,3.6,-0.7,-19,,,SL
2024,"Gray, Josiah",680686,Nationals,WSH,R,87.2,66,176,1.0864197530864197,0.375,SL,Slider,28.3,-34.9,-6.6,-19,7.6,0.0,4.9,-4.9,-100,,,SL
2024,"Garrett, Amir",607237,Angels,LAA,L,85.1,66,104,0.6419753086419753,0.6346153846153846,SL,Slider,34.6,-36.2,-1.6,-4,3.6,3.0,4.7,-1.7,-36,,,SL
2024,"Tyler, Kyle",667725,Marlins,MIA,R,82.2,65,580,3.580246913580247,0.1120689655172413,SL,Slider,40.5,-39.7,0.9,2,0.1,10.8,5.5,5.3,97,0.6086956521739131,0.959866220735786,SL
2024,"Kelly, Michael",547184,Athletics,ATH,R,88.3,62,470,2.9012345679012346,0.1319148936170212,SL,Slider,33.0,-32.8,0.2,1,2.1,7.0,3.4,3.6,107,,,SL
2024,"Peralta, Wandy",593974,Padres,SD,L,88.6,62,613,3.783950617283951,0.1011419249592169,SL,Slider,29.2,-32.6,-3.4,-10,5.7,0.8,3.5,-2.6,-75,0.1070234113712374,0.1337792642140468,SL
2024,"Rodriguez, Eduardo",593958,D-backs,AZ,L,84.0,60,866,5.345679012345679,0.069284064665127,SL,Slider,36.3,-37.4,-1.1,-3,2.5,3.2,5.2,-2.0,-38,0.3444816053511705,0.2040133779264214,SL
2024,"Englert, Mason",669438,Tigers,DET,R,84.5,60,365,2.253086419753086,0.1643835616438356,SL,Slider,37.0,-36.9,0.1,0,1.4,0.5,5.2,-4.7,-91,,,SL
2024,"Cantillo, Joey",676282,Guardians,CLE,L,82.6,60,711,4.416149068322981,0.0843881856540084,SL,Slider,38.0,-38.9,-0.9,-2,2.0,6.6,4.9,1.7,34,0.3612040133779264,0.7625418060200669,SL
2024,"Weissert, Greg",669711,Red Sox,BOS,R,85.5,59,1029,6.351851851851852,0.0573372206025267,SL,Slider,36.7,-36.4,0.3,1,0.7,6.4,5.6,0.8,14,0.5518394648829431,0.6354515050167224,SL
2024,"Finnegan, Kyle",640448,Nationals,WSH,R,85.4,59,1067,6.58641975308642,0.0552952202436738,SL,Slider,36.3,-35.8,0.5,1,1.4,3.5,4.7,-1.2,-26,0.5785953177257525,0.3311036789297659,SL
2024,"Hernandez, Jose E.",669796,Pirates,PIT,L,81.6,59,89,0.5493827160493827,0.6629213483146067,SL,Slider,43.0,-40.5,2.4,6,-1.9,0.1,4.9,-4.8,-97,,,SL
2024,"Zuñiga, Guillo",670871,Angels,LAA,R,86.7,59,271,1.6728395061728396,0.2177121771217712,SL,Slider,36.6,-34.5,2.1,6,-0.2,5.9,4.1,1.8,45,,,SL
2024,"Strider, Spencer",675911,Braves,ATL,R,85.3,58,178,1.0987654320987654,0.3258426966292135,SL,Slider,32.1,-35.8,-3.7,-10,5.5,3.6,4.4,-0.8,-19,,,SL
2024,"Matzek, Tyler",554431,Braves,ATL,L,83.3,58,179,1.1049382716049383,0.3240223463687151,SL,Slider,44.1,-38.4,5.8,15,-4.8,4.7,5.3,-0.6,-11,,,SL
2024,"Campbell, Isaiah",663462,Red Sox,BOS,R,86.7,57,119,0.7345679012345679,0.4789915966386555,SL,Slider,34.9,-34.4,0.6,2,1.4,4.8,4.0,0.8,20,,,SL
2024,"Brito, Jhony",666745,Padres,SD,R,86.7,56,626,3.864197530864197,0.0894568690095846,SL,Slider,32.8,-34.3,-1.5,-4,3.6,2.5,4.1,-1.6,-39,0.2909698996655518,0.2575250836120401,SL
2024,"Veneziano, Anthony",685107,Marlins,MIA,L,86.8,56,242,1.4938271604938271,0.2314049586776859,SL,Slider,32.9,-34.3,-1.4,-4,3.4,3.5,4.2,-0.6,-15,,,SL
2024,"Bernardino, Brennan",657514,Red Sox,BOS,L,84.2,56,860,5.308641975308642,0.0651162790697674,SL,Slider,37.6,-37.9,-0.3,-1,0.8,4.0,5.9,-1.9,-32,0.4481605351170568,0.2140468227424749,SL
2024,"Plesac, Zach",668676,Angels,LAA,R,83.8,56,208,1.2839506172839503,0.2692307692307692,SL,Slider,31.5,-37.7,-6.2,-16,7.4,0.9,5.1,-5.9,-117,,,SL
2024,"Dana, Caden",702674,Angels,LAA,R,85.4,55,206,1.271604938271605,0.2669902912621359,SL,Slider,35.2,-35.8,-0.7,-2,2.2,5.8,4.7,1.1,24,,,SL
2024,"Iriarte, Jairo",683568,White Sox,CWS,R,81.9,55,137,0.845679012345679,0.4014598540145985,SL,Slider,44.3,-39.9,4.5,11,-3.4,9.3,6.2,3.0,49,,,SL
2024,"Garrett, Braxton",666129,Marlins,MIA,L,86.3,55,588,3.6296296296296298,0.0935374149659864,SL,Slider,35.2,-34.8,0.4,1,1.7,2.6,4.1,-1.5,-36,0.5652173913043478,0.2842809364548495,SL
2024,"Bloss, Jake",814005,Astros,HOU,R,87.6,55,238,1.4782608695652173,0.2310924369747899,SL,Slider,28.9,-33.4,-4.5,-13,6.7,5.3,3.9,1.4,37,,,SL
2024,"Henry, Tommy",674072,D-backs,AZ,L,82.9,53,706,4.3580246913580245,0.075070821529745,SL,Slider,35.0,-38.8,-3.7,-10,5.1,3.3,5.8,-2.5,-43,0.0969899665551839,0.1404682274247491,SL
2024,"Matz, Steven",571927,Cardinals,STL,L,88.1,52,754,4.654320987654321,0.0689655172413793,SL,Slider,30.2,-33.1,-2.9,-9,4.9,0.1,3.8,-3.7,-98,0.1438127090301003,0.0535117056856187,SL
2024,"Black, Mason",696131,Giants,SF,R,86.9,52,663,4.092592592592593,0.0784313725490196,SL,Slider,33.2,-34.5,-1.3,-4,3.0,0.4,4.4,-4.0,-91,0.3177257525083612,0.0434782608695652,SL
2024,"Wicks, Jordan",696136,Cubs,CHC,L,86.0,51,852,5.25925925925926,0.0598591549295774,SL,Slider,35.3,-35.1,0.2,0,1.5,3.4,4.3,-0.9,-22,0.5284280936454849,0.391304347826087,SL
2024,"Whitlock, Garrett",676477,Red Sox,BOS,R,84.0,51,321,1.9814814814814812,0.1588785046728972,SL,Slider,42.9,-36.9,6.0,16,-4.3,2.2,4.6,-2.4,-52,,,SL
2024,"Montero, Rafael",606160,Astros,HOU,R,86.2,51,683,4.24223602484472,0.0746705710102489,SL,Slider,36.3,-35.2,1.1,3,0.6,8.1,4.7,3.4,72,0.6555183946488294,0.8929765886287625,SL
2024,"Anderson, Tyler",542881,Angels,LAA,L,81.4,51,2914,17.987654320987655,0.0175017158544955,SL,Slider,35.9,-40.6,-4.7,-11,5.2,3.5,6.5,-2.9,-46,,,SL
2024,"Hill, Tim",657612,Yankees,NYY,L,82.2,51,982,6.061728395061729,0.0519348268839103,SL,Slider,35.5,-35.0,0.4,1,5.2,1.3,2.8,-4.1,-146,0.5652173913043478,0.0301003344481605,SL
2024,"O'Brien, Riley",676617,Cardinals,STL,R,89.8,50,194,1.1975308641975309,0.2577319587628865,SL,Slider,27.7,-31.3,-3.6,-11,6.1,3.7,3.5,0.2,5,,,SL
2024,"Senzatela, Antonio",622608,Rockies,COL,R,86.6,49,218,1.345679012345679,0.2247706422018348,SL,Slider,33.1,-34.5,-1.4,-4,2.9,4.4,4.0,0.5,12,,,SL
2024,"Walters, Andrew",689958,Guardians,CLE,R,85.8,49,132,0.8198757763975155,0.3712121212121212,SL,Slider,35.4,-35.3,0.1,0,1.8,6.0,4.3,1.7,40,,,SL
2024,"Turnbull, Spencer",605513,Phillies,PHI,R,84.8,49,916,5.654320987654321,0.0534934497816593,SL,Slider,34.1,-36.5,-2.4,-7,4.0,7.6,5.0,2.6,51,0.2040133779264214,0.8461538461538461,SL
2024,"Reid-Foley, Sean",656887,Mets,NYM,R,86.6,48,385,2.376543209876543,0.1246753246753246,SL,Slider,35.2,-34.5,0.7,2,1.2,4.3,4.2,0.1,1,,,SL
2024,"Yamamoto, Yoshinobu",808967,Dodgers,LAD,R,86.4,47,1469,9.067901234567902,0.0319945541184479,SL,Slider,36.8,-34.8,2.0,6,-0.3,6.2,4.4,1.8,42,,,SL
2024,"Jansen, Kenley",445276,Red Sox,BOS,R,82.5,47,801,4.944444444444445,0.0586766541822721,SL,Slider,43.7,-39.4,4.3,11,-3.7,6.4,4.5,1.9,41,0.9264214046822744,0.7859531772575251,SL
2024,"White, Mitch",669952,Brewers,MIL,R,87.1,47,413,2.549382716049383,0.1138014527845036,SL,Slider,34.3,-33.9,0.4,1,1.8,2.5,3.9,-1.4,-35,,,SL
2024,"Schmidt, Clarke",657376,Yankees,NYY,R,85.0,46,1454,8.975308641975309,0.0316368638239339,SL,Slider,32.8,-36.4,-3.7,-10,4.9,11.8,5.1,6.7,132,,,SL
2024,"Smith, Drew",622098,Mets,NYM,R,84.6,46,328,2.0246913580246915,0.1402439024390244,SL,Slider,39.5,-36.9,2.6,7,-1.3,7.4,5.2,2.2,42,,,SL
2024,"Neely, Jack",680891,Cubs,CHC,R,87.4,46,98,0.6049382716049383,0.4693877551020408,SL,Slider,35.5,-33.7,1.8,5,0.4,1.3,3.9,-2.6,-68,,,SL
2024,"Bukauskas, J.B.",656266,Brewers,MIL,R,84.6,45,88,0.5432098765432098,0.5113636363636364,SL,Slider,40.0,-36.9,3.2,9,-1.9,3.5,5.3,-1.8,-34,,,SL
2024,"Eisert, Brandon",685126,Blue Jays,TOR,L,84.8,43,110,0.6790123456790124,0.3909090909090909,SL,Slider,33.7,-36.6,-2.9,-8,4.5,3.1,4.9,-1.8,-37,,,SL
2024,"Heller, Ben",621294,Pirates,PIT,R,85.3,43,255,1.5740740740740742,0.1686274509803921,SL,Slider,37.1,-36.1,1.0,3,0.4,2.5,4.7,-2.2,-47,,,SL
2024,"Feyereisen, J.P.",656420,Dodgers,LAD,R,84.3,43,179,1.1049382716049383,0.2402234636871508,SL,Slider,39.8,-37.2,2.6,7,-1.5,5.8,5.0,0.8,16,,,SL
2024,"Assad, Javier",665871,Cubs,CHC,R,81.1,43,2538,15.666666666666666,0.0169424743892829,SL,Slider,42.5,-40.9,1.6,4,-1.1,7.2,6.1,1.1,17,,,SL
2024,"Kahnle, Tommy",592454,Yankees,NYY,R,86.3,43,750,4.62962962962963,0.0573333333333333,SL,Slider,32.3,-34.8,-2.5,-7,4.3,4.5,4.2,0.3,6,0.1906354515050167,0.5652173913043478,SL
2024,"Montgomery, Mason",682254,Rays,TB,L,88.6,43,158,0.9753086419753086,0.2721518987341772,SL,Slider,30.7,-32.4,-1.7,-5,4.0,2.2,3.7,-1.5,-39,,,SL
2024,"Maton, Phil",664208,Mets,NYM,R,85.5,43,1078,6.654320987654321,0.0398886827458256,SL,Slider,36.3,-35.7,0.5,1,1.2,7.1,4.6,2.5,54,,,SL
2024,"Junk, Janson",676083,Athletics,ATH,R,88.2,43,175,1.0802469135802468,0.2457142857142857,SL,Slider,30.2,-32.8,-2.6,-8,4.8,5.7,3.7,2.0,52,,,SL
2024,"Snead, Kirby",669912,Mariners,SEA,L,82.2,42,196,1.2098765432098766,0.2142857142857142,SL,Slider,39.7,-40.0,-0.2,-1,0.7,7.5,6.7,0.8,11,,,SL
2024,"Vespi, Nick",663989,Orioles,BAL,L,83.9,42,169,1.0432098765432098,0.2485207100591716,SL,Slider,37.1,-37.8,-0.7,-2,1.8,10.2,4.6,5.7,124,,,SL
2024,"Harvey, Hunter",640451,Royals,KC,R,85.7,42,906,5.592592592592593,0.0463576158940397,SL,Slider,38.6,-35.5,3.1,9,-1.6,2.7,4.6,-1.8,-40,,,SL
2024,"Bieber, Shane",669456,Guardians,CLE,R,85.3,41,166,1.031055900621118,0.2469879518072289,SL,Slider,35.6,-35.8,-0.2,-1,1.6,1.9,4.6,-2.8,-60,,,SL
2024,"Civale, Aaron",650644,Brewers,MIL,R,83.4,40,2699,16.660493827160494,0.0148203038162282,SL,Slider,40.6,-38.4,2.2,6,-1.6,7.1,4.4,2.7,63,,,SL
2024,"Holman, Grant",680880,Athletics,ATH,R,85.3,40,292,1.8024691358024687,0.136986301369863,SL,Slider,38.5,-35.6,2.9,8,-0.6,0.7,4.1,-3.4,-84,,,SL
2024,"Barnes, Jacob",606930,Nationals,WSH,R,83.6,39,1117,6.895061728395062,0.0349149507609668,SL,Slider,40.4,-37.9,2.4,6,-1.2,5.8,5.3,0.5,10,,,SL
2024,"Gore, MacKenzie",669022,Nationals,WSH,L,86.6,38,2994,18.48148148148148,0.012692050768203,SL,Slider,36.2,-34.5,1.7,5,0.7,1.4,4.2,-2.8,-68,,,SL
2024,"Roupp, Landen",694738,Giants,SF,R,83.9,38,906,5.592592592592593,0.0419426048565121,SL,Slider,38.3,-37.5,0.8,2,0.5,9.0,5.4,3.6,66,,,SL
2024,"O'Loughlin, Jack",672552,Athletics,ATH,L,82.8,38,176,1.0864197530864197,0.2159090909090909,SL,Slider,40.8,-38.9,1.8,5,-1.0,2.8,5.9,-3.1,-52,,,SL
2024,"Legumina, Casey",668984,Reds,CIN,R,85.1,37,166,1.0246913580246917,0.2228915662650602,SL,Slider,33.1,-36.1,-3.0,-8,4.4,2.9,5.3,-2.4,-46,,,SL
2024,"Frías, Luis",666818,Blue Jays,TOR,R,83.6,36,229,1.4135802469135803,0.1572052401746725,SL,Slider,45.6,-38.0,7.6,20,-6.4,4.2,4.8,-0.6,-12,,,SL
2024,"Robertson, Nick",687798,Blue Jays,TOR,R,87.1,36,217,1.339506172839506,0.1658986175115207,SL,Slider,30.9,-33.9,-3.0,-9,5.1,5.2,4.0,1.3,32,,,SL
2024,"Ramirez, Emmanuel",642629,Marlins,MIA,R,77.7,36,371,2.2901234567901234,0.0970350404312668,SL,Slider,58.7,-45.5,13.2,29,-12.9,11.7,7.8,3.9,50,,,SL
2024,"Bickford, Phil",641360,Yankees,NYY,R,83.6,36,154,0.9506172839506172,0.2337662337662337,SL,Slider,34.9,-37.0,-2.1,-6,4.3,6.7,6.2,0.6,9,,,SL
2024,"Flexen, Chris",623167,White Sox,CWS,R,80.5,35,2797,17.265432098765434,0.0125134072220235,SL,Slider,44.8,-41.4,3.5,8,-2.7,5.7,4.2,1.5,35,,,SL
2024,"Beck, Tristan",663941,Giants,SF,R,86.0,35,242,1.4938271604938271,0.1446280991735537,SL,Slider,34.5,-35.1,-0.6,-2,2.3,6.6,4.2,2.4,58,,,SL
2024,"Gose, Anthony",543238,Guardians,CLE,L,86.9,35,79,0.4906832298136646,0.4430379746835443,SL,Slider,34.2,-34.4,-0.2,-1,1.9,3.0,4.0,-1.0,-24,,,SL
2024,"Lamet, Dinelson",659275,Dodgers,LAD,R,84.5,34,74,0.4567901234567901,0.4594594594594595,SL,Slider,36.5,-37.0,-0.5,-1,1.8,1.3,4.8,-3.5,-74,,,SL
2024,"Neris, Héctor",593576,Astros,HOU,R,85.6,34,1008,6.260869565217392,0.0337301587301587,SL,Slider,31.7,-35.7,-3.9,-11,5.4,2.7,4.4,-1.7,-39,,,SL
2024,"Criswell, Cooper",681867,Red Sox,BOS,R,82.2,34,1756,10.839506172839506,0.0193621867881549,SL,Slider,40.8,-39.4,1.4,4,-0.2,7.0,6.0,1.1,18,,,SL
2024,"Montgomery, Jordan",656756,D-backs,AZ,L,84.2,34,1929,11.907407407407408,0.0176257128045619,SL,Slider,35.4,-37.4,-2.0,-5,3.2,3.0,4.2,-1.2,-28,,,SL
2024,"Vines, Darius",670241,Braves,ATL,R,82.4,34,257,1.5864197530864197,0.1322957198443579,SL,Slider,38.1,-39.2,-1.0,-3,1.8,0.2,6.1,-6.3,-103,,,SL
2024,"Duffey, Tyler",608648,Royals,KC,R,81.2,33,189,1.1666666666666667,0.1746031746031746,SL,Slider,40.6,-40.5,0.2,0,1.0,11.0,6.9,4.1,60,,,SL
2024,"Foster, Matt",641582,White Sox,CWS,R,83.8,33,108,0.6666666666666666,0.3055555555555556,SL,Slider,35.4,-37.8,-2.4,-6,3.3,5.3,5.1,0.1,2,,,SL
2024,"Sabrowski, Erik",681870,Guardians,CLE,L,87.0,33,198,1.2298136645962734,0.1666666666666666,SL,Slider,25.9,-34.0,-8.1,-24,9.9,3.3,3.9,-0.7,-17,,,SL
2024,"Cueto, Johnny",456501,Angels,LAA,R,85.6,33,167,1.030864197530864,0.1976047904191616,SL,Slider,28.6,-36.3,-7.7,-21,8.5,0.2,4.7,-4.9,-104,,,SL
2024,"Rodriguez, Carlos",692230,Brewers,MIL,R,82.1,33,233,1.4382716049382716,0.1416309012875536,SL,Slider,36.7,-39.5,-2.8,-7,3.8,7.8,6.3,1.5,24,,,SL
2024,"Ruiz, José",614179,Phillies,PHI,R,92.3,32,835,5.154320987654321,0.0383233532934131,SL,Slider,18.4,-27.2,-8.8,-32,13.6,0.5,2.7,-3.1,-117,,,SL
2024,"Leibrandt, Brandon",605335,Reds,CIN,L,83.9,32,117,0.7222222222222222,0.2735042735042735,SL,Slider,31.8,-37.6,-5.8,-15,6.7,3.8,5.2,-1.3,-26,,,SL
2024,"Rutledge, Jackson",671131,Nationals,WSH,R,83.7,32,139,0.8580246913580247,0.2302158273381295,SL,Slider,39.4,-37.7,1.7,4,-0.4,2.2,5.2,-3.0,-57,,,SL
2024,"Altavilla, Dan",656186,Royals,KC,R,90.4,31,83,0.5123456790123457,0.3734939759036144,SL,Slider,26.6,-32.1,-5.4,-17,6.7,1.6,4.6,-3.0,-65,,,SL
2024,"Graterol, Brusdar",660813,Dodgers,LAD,R,89.7,31,101,0.6234567901234568,0.3069306930693069,SL,Slider,31.4,-31.0,0.4,1,2.4,4.0,2.9,1.2,42,,,SL
2024,"Mahle, Tyler",641816,Rangers,TEX,R,83.7,31,229,1.4135802469135803,0.1353711790393013,SL,Slider,39.7,-37.7,2.0,5,-0.6,6.8,5.6,1.2,22,,,SL
2024,"Adcock, Ty",686654,Mets,NYM,R,87.0,30,86,0.5308641975308642,0.3488372093023256,SL,Slider,34.5,-34.0,0.4,1,1.5,4.1,3.9,0.2,5,,,SL
2024,"Aldegheri, Sam",691951,Angels,LAA,L,83.9,30,222,1.3703703703703705,0.1351351351351351,SL,Slider,42.4,-37.7,4.7,12,-3.5,2.9,4.6,-1.7,-37,,,SL
2024,"Headrick, Brent",687396,Twins,MIN,L,82.1,30,60,0.3703703703703703,0.5,SL,Slider,35.6,-39.6,-4.1,-10,5.1,2.0,5.5,-3.5,-64,,,SL
2024,"Parsons, Wes",641149,Guardians,CLE,R,86.8,30,148,0.9192546583850932,0.2027027027027027,SL,Slider,34.7,-34.3,0.4,1,1.8,3.0,4.1,-1.1,-27,,,SL
2024,"Klein, Will",694361,Athletics,ATH,R,87.2,30,146,0.9012345679012346,0.2054794520547945,SL,Slider,35.6,-33.9,1.7,5,0.5,0.6,3.9,-3.4,-86,,,SL
2024,"Waldrep, Hurston",694462,Braves,ATL,R,87.0,30,133,0.8209876543209876,0.225563909774436,SL,Slider,34.5,-34.2,0.3,1,1.5,1.7,4.1,-2.4,-58,,,SL
2024,"García, Yimi",554340,Mariners,SEA,R,88.5,29,619,3.820987654320988,0.0468497576736672,SL,Slider,26.6,-33.7,-7.1,-21,8.3,2.9,4.7,-1.8,-38,,,SL
2024,"Winder, Josh",680739,Twins,MIN,R,86.4,29,141,0.8703703703703703,0.2056737588652482,SL,Slider,35.3,-34.8,0.4,1,1.1,1.3,4.2,-2.9,-70,,,SL
2024,"Halvorsen, Seth",678020,Rockies,COL,R,88.9,28,177,1.0925925925925926,0.1581920903954802,SL,Slider,34.3,-32.3,2.0,6,0.2,2.6,3.7,-1.1,-29,,,SL
2024,"Cortes, Nestor",641482,Yankees,NYY,L,81.6,27,2849,17.58641975308642,0.0094770094770094,SL,Slider,46.6,-39.9,6.7,17,-5.7,2.4,6.9,-4.5,-65,,,SL
2024,"Dunshee, Parker",670161,Braves,ATL,R,82.7,27,51,0.3148148148148148,0.5294117647058824,SL,Slider,38.5,-38.8,-0.3,-1,0.9,7.6,4.9,2.8,57,,,SL
2024,"Pruitt, Austin",643493,Rangers,TEX,R,88.4,27,78,0.4814814814814814,0.3461538461538461,SL,Slider,31.0,-32.9,-1.9,-6,3.8,5.8,3.4,2.5,73,,,SL
2024,"Hill, Jaden",677955,Rockies,COL,R,87.1,27,151,0.9320987654320988,0.1788079470198675,SL,Slider,37.0,-34.4,2.6,8,-1.2,4.5,4.0,0.5,11,,,SL
2024,"Wells, Tyler",669330,Orioles,BAL,R,84.3,27,259,1.5987654320987654,0.1042471042471042,SL,Slider,35.8,-36.9,-1.1,-3,2.4,5.6,3.9,1.7,43,,,SL
2024,"Ferrer, José A.",678606,Nationals,WSH,L,88.0,26,476,2.938271604938272,0.0546218487394958,SL,Slider,35.1,-33.4,1.7,5,0.4,2.4,3.7,-1.3,-36,,,SL
2024,"Hartlieb, Geoff",664129,Rockies,COL,R,87.0,26,138,0.8518518518518519,0.1884057971014492,SL,Slider,34.1,-34.1,0.0,0,1.8,2.1,4.0,-1.9,-47,,,SL
2024,"Contreras, Luis",664351,Astros,HOU,R,87.1,26,105,0.6521739130434783,0.2476190476190476,SL,Slider,28.4,-34.0,-5.6,-16,7.6,3.8,4.1,-0.2,-5,,,SL
2024,"Gómez, Yoendrys",672782,Yankees,NYY,R,84.9,25,214,1.3209876543209875,0.116822429906542,SL,Slider,35.7,-36.2,-0.5,-1,2.2,6.4,4.6,1.8,39,,,SL
2024,"Heasley, Jonathan",669169,Orioles,BAL,R,86.8,25,108,0.6666666666666666,0.2314814814814814,SL,Slider,31.0,-34.2,-3.2,-9,5.4,2.0,4.0,-2.0,-50,,,SL
2024,"Walker, Taijuan",592836,Phillies,PHI,R,84.1,25,1435,8.858024691358025,0.0174216027874564,SL,Slider,30.2,-37.2,-7.0,-19,8.1,5.3,4.6,0.7,16,,,SL
2024,"Houck, Tanner",656557,Red Sox,BOS,R,83.2,1131,2735,16.882716049382715,0.4135283363802559,ST,Sweeper,41.7,-38.9,2.8,7,-2.0,16.7,13.9,2.8,20,0.8113207547169812,0.8553459119496856,ST
2024,"Pfaadt, Brandon",694297,D-backs,AZ,R,84.8,763,2792,17.234567901234566,0.2732808022922636,ST,Sweeper,31.5,-36.7,-5.2,-14,6.5,11.3,12.8,-1.5,-11,0.0377358490566037,0.2452830188679245,ST
2024,"Bello, Brayan",678394,Red Sox,BOS,R,86.8,753,2710,16.728395061728396,0.277859778597786,ST,Sweeper,36.8,-35.7,1.2,3,-0.7,7.9,11.9,-4.0,-33,0.6289308176100629,0.0377358490566037,ST
2024,"Sears, JP",676664,Athletics,ATH,L,78.7,710,2856,17.62962962962963,0.2485994397759103,ST,Sweeper,39.9,-40.4,-0.5,-1,4.4,13.3,15.0,-1.6,-11,0.4213836477987421,0.2138364779874214,ST
2024,"Kirby, George",669923,Mariners,SEA,R,87.2,703,2967,18.314814814814813,0.2369396697000337,ST,Sweeper,38.4,-35.6,2.8,8,-2.6,7.7,11.2,-3.5,-31,0.8113207547169812,0.0566037735849056,ST
2024,"Webb, Logan",657277,Giants,SF,R,83.8,680,3200,19.753086419753085,0.2125,ST,Sweeper,39.9,-37.1,2.8,8,-0.9,16.4,13.6,2.8,20,0.8113207547169812,0.8553459119496856,ST
2024,"López, Pablo",641154,Twins,MIN,R,84.5,654,2986,18.432098765432094,0.2190221031480241,ST,Sweeper,38.8,-37.2,1.6,4,-0.3,12.6,12.8,-0.2,-1,0.6792452830188679,0.4842767295597484,ST
2024,"Pivetta, Nick",601713,Red Sox,BOS,R,82.4,613,2386,14.728395061728396,0.2569153394803017,ST,Sweeper,36.4,-39.1,-2.7,-7,3.9,13.6,13.1,0.4,3,0.1572327044025157,0.610062893081761,ST
2024,"Kerkering, Orion",689147,Phillies,PHI,R,86.2,605,1087,6.709876543209877,0.5565777368905244,ST,Sweeper,37.7,-36.1,1.6,4,-0.8,16.2,12.3,3.9,32,0.6792452830188679,0.9559748427672956,ST
2024,"Fedde, Erick",607200,Cardinals,STL,R,83.5,583,2891,17.84567901234568,0.2016603251470079,ST,Sweeper,34.4,-38.1,-3.6,-10,4.8,11.7,13.3,-1.5,-12,0.0943396226415094,0.2452830188679245,ST
2024,"Gibson, Kyle",502043,Cardinals,STL,R,80.7,569,2764,17.061728395061728,0.2058610709117221,ST,Sweeper,42.5,-41.9,0.7,2,-0.4,12.5,13.9,-1.4,-10,0.559748427672956,0.270440251572327,ST
2024,"Manaea, Sean",640455,Mets,NYM,L,77.6,567,2996,18.493827160493822,0.1892523364485981,ST,Sweeper,44.2,-43.8,0.4,1,1.4,13.1,14.7,-1.6,-11,0.5220125786163522,0.2138364779874214,ST
2024,"Crawford, Kutter",676710,Red Sox,BOS,R,80.8,522,2823,17.425925925925927,0.1849096705632306,ST,Sweeper,40.3,-41.6,-1.3,-3,1.7,12.8,14.2,-1.4,-10,0.3018867924528302,0.270440251572327,ST
2024,"King, Michael",650633,Padres,SD,R,82.0,514,2895,17.87037037037037,0.1775474956822107,ST,Sweeper,37.5,-39.8,-2.3,-6,3.4,15.0,14.2,0.8,6,0.1886792452830188,0.6918238993710691,ST
2024,"Rogers, Taylor",573124,Giants,SF,L,79.3,511,1082,6.679012345679013,0.4722735674676525,ST,Sweeper,42.4,-42.7,-0.3,-1,1.2,14.8,15.0,-0.2,-1,0.4465408805031446,0.4842767295597484,ST
2024,"Gray, Sonny",543243,Cardinals,STL,R,84.8,501,2483,15.32716049382716,0.2017720499395892,ST,Sweeper,43.7,-36.8,6.9,19,-5.6,15.8,12.8,3.1,24,0.9874213836477987,0.8930817610062893,ST
2024,"Severino, Luis",622663,Mets,NYM,R,85.1,496,2889,17.833333333333332,0.1716857043959847,ST,Sweeper,35.2,-36.9,-1.8,-5,2.7,15.0,12.7,2.3,19,0.2389937106918239,0.8238993710691824,ST
2024,"Waldron, Matt",663362,Padres,SD,R,79.3,486,2450,15.123456790123456,0.1983673469387755,ST,Sweeper,39.0,-41.8,-2.8,-7,4.6,13.3,14.7,-1.4,-10,0.1383647798742138,0.270440251572327,ST
2024,"Criswell, Cooper",681867,Red Sox,BOS,R,76.8,471,1756,10.839506172839506,0.2682232346241457,ST,Sweeper,41.6,-43.0,-1.5,-3,5.1,18.2,15.3,2.9,19,0.2767295597484276,0.8805031446540881,ST
2024,"Hicks, Jordan",663855,Giants,SF,R,81.1,471,1958,12.08641975308642,0.2405515832482124,ST,Sweeper,39.0,-40.3,-1.3,-3,2.6,12.2,14.2,-2.0,-14,0.3018867924528302,0.1635220125786163,ST
2024,"Cortes, Nestor",641482,Yankees,NYY,L,78.0,450,2849,17.58641975308642,0.1579501579501579,ST,Sweeper,43.1,-43.5,-0.4,-1,2.1,15.0,15.6,-0.6,-4,0.4339622641509434,0.3836477987421384,ST
2024,"Rea, Colin",607067,Brewers,MIL,R,82.0,447,2650,16.358024691358025,0.1686792452830188,ST,Sweeper,41.6,-39.4,2.1,5,-0.7,12.8,13.8,-1.0,-7,0.7610062893081762,0.3396226415094339,ST
2024,"Barlow, Scott",605130,Guardians,CLE,R,81.0,444,1022,6.3478260869565215,0.4344422700587084,ST,Sweeper,39.0,-39.6,-0.7,-2,2.9,15.6,14.5,1.2,8,0.3710691823899371,0.7358490566037735,ST
2024,"Lawrence, Justin",664875,Rockies,COL,R,83.0,444,1081,6.672839506172839,0.4107308048103608,ST,Sweeper,36.0,-37.2,-1.2,-3,3.6,14.2,13.9,0.3,2,0.320754716981132,0.5786163522012578,ST
2024,"Cannon, Jonathan",686563,White Sox,CWS,R,81.9,442,2028,12.51851851851852,0.2179487179487179,ST,Sweeper,38.2,-40.0,-1.8,-5,2.5,12.5,13.9,-1.4,-10,0.2389937106918239,0.270440251572327,ST
2024,"Keller, Mitch",656605,Pirates,PIT,R,83.0,441,2849,17.58641975308642,0.1547911547911548,ST,Sweeper,40.1,-38.7,1.4,4,-0.2,17.5,13.4,4.0,30,0.6540880503144654,0.9748427672955976,ST
2024,"Wesneski, Hayden",669713,Cubs,CHC,R,82.4,437,1075,6.635802469135802,0.4065116279069767,ST,Sweeper,42.6,-39.6,3.0,7,-2.2,17.4,13.5,3.9,29,0.8427672955974843,0.9559748427672956,ST
2024,"Bender, Anthony",669622,Marlins,MIA,R,84.9,433,954,5.888888888888889,0.4538784067085953,ST,Sweeper,35.0,-37.3,-2.3,-6,3.1,14.2,13.4,0.9,7,0.1886792452830188,0.710691823899371,ST
2024,"Abbott, Andrew",671096,Reds,CIN,L,82.9,428,2333,14.401234567901234,0.1834547792541791,ST,Sweeper,35.3,-38.9,-3.6,-9,4.4,12.6,13.4,-0.7,-6,0.0943396226415094,0.3710691823899371,ST
2024,"Junis, Jakob",596001,Reds,CIN,R,83.0,427,943,5.820987654320987,0.4528101802757158,ST,Sweeper,38.6,-39.3,-0.7,-2,1.1,13.4,13.8,-0.4,-3,0.3710691823899371,0.4528301886792453,ST
2024,"Cousins, Jake",664776,Yankees,NYY,R,82.1,423,644,3.975308641975309,0.656832298136646,ST,Sweeper,41.0,-39.4,1.6,4,-0.1,13.8,13.9,-0.1,-1,0.6792452830188679,0.5157232704402516,ST
2024,"Lively, Ben",594902,Guardians,CLE,R,79.0,415,2406,14.944099378881988,0.1724854530340814,ST,Sweeper,41.2,-41.4,-0.2,0,2.6,10.7,14.8,-4.1,-28,0.4591194968553459,0.0314465408805031,ST
2024,"Holderman, Colin",670059,Pirates,PIT,R,84.7,413,869,5.364197530864198,0.475258918296893,ST,Sweeper,30.8,-37.0,-6.2,-17,7.4,9.2,12.8,-3.5,-28,0.0188679245283018,0.0566037735849056,ST
2024,"Yarbrough, Ryan",642232,Blue Jays,TOR,L,71.3,411,1514,9.34567901234568,0.2714663143989432,ST,Sweeper,48.3,-49.1,-0.8,-2,6.1,15.0,15.7,-0.8,-5,0.3584905660377358,0.3584905660377358,ST
2024,"Miller, Tyson",668338,Cubs,CHC,R,80.2,409,934,5.765432098765432,0.4379014989293361,ST,Sweeper,31.7,-37.9,-6.2,-16,11.0,13.1,14.1,-1.0,-7,0.0188679245283018,0.3396226415094339,ST
2024,"Bummer, Aaron",607481,Braves,ATL,L,82.3,407,974,6.012345679012346,0.4178644763860369,ST,Sweeper,41.2,-39.1,2.0,5,-0.7,15.1,14.2,0.9,6,0.7484276729559748,0.710691823899371,ST
2024,"Jax, Griffin",643377,Twins,MIN,R,88.8,400,1068,6.592592592592593,0.3745318352059925,ST,Sweeper,36.3,-35.1,1.2,3,-1.6,13.0,10.2,2.8,28,0.6289308176100629,0.8553459119496856,ST
2024,"Civale, Aaron",650644,Brewers,MIL,R,80.2,398,2699,16.660493827160494,0.1474620229714709,ST,Sweeper,45.1,-43.2,1.8,4,-2.2,17.3,14.7,2.7,18,0.7044025157232704,0.8490566037735849,ST
2024,"Estes, Joey",683155,Athletics,ATH,R,78.2,396,2027,12.512345679012345,0.1953626048347311,ST,Sweeper,38.9,-43.7,-4.8,-11,6.1,15.5,15.3,0.3,2,0.0440251572327044,0.5786163522012578,ST
2024,"Wheeler, Zack",554430,Phillies,PHI,R,85.0,393,3134,19.34567901234568,0.1253988513082322,ST,Sweeper,33.9,-36.3,-2.4,-7,4.0,9.8,12.7,-2.9,-23,0.1823899371069182,0.1132075471698113,ST
2024,"Taillon, Jameson",592791,Cubs,CHC,R,80.4,385,2483,15.32716049382716,0.1550543697140556,ST,Sweeper,42.0,-42.1,-0.2,0,0.3,15.7,14.1,1.6,12,0.4591194968553459,0.7987421383647799,ST
2024,"Sims, Lucas",608371,Red Sox,BOS,R,84.1,382,885,5.462962962962963,0.431638418079096,ST,Sweeper,34.5,-38.4,-3.9,-10,4.2,17.5,13.7,3.8,28,0.0817610062893081,0.949685534591195,ST
2024,"Ottavino, Adam",493603,Mets,NYM,R,78.9,375,1003,6.191358024691358,0.3738783649052841,ST,Sweeper,43.2,-41.7,1.4,3,1.1,17.3,14.7,2.6,18,0.6540880503144654,0.8364779874213837,ST
2024,"Spiers, Carson",686730,Reds,CIN,R,81.3,368,1554,9.592592592592592,0.2368082368082368,ST,Sweeper,40.6,-39.6,1.0,3,0.8,15.5,14.4,1.2,8,0.6037735849056604,0.7358490566037735,ST
2024,"Young, Danny",664849,Mets,NYM,L,80.7,364,697,4.302469135802469,0.5222381635581061,ST,Sweeper,43.0,-40.7,2.3,6,-0.5,19.6,15.3,4.4,29,0.779874213836478,0.9937106918238994,ST
2024,"Gilbert, Logan",669302,Mariners,SEA,R,83.2,358,3041,18.771604938271604,0.117724432752384,ST,Sweeper,43.6,-39.3,4.3,11,-3.9,13.5,13.5,0.0,0,0.9245283018867924,0.5408805031446541,ST
2024,"Phillips, Evan",623465,Dodgers,LAD,R,85.0,354,917,5.660493827160494,0.386041439476554,ST,Sweeper,37.3,-36.6,0.8,2,0.6,16.0,12.9,3.1,24,0.5849056603773585,0.8930817610062893,ST
2024,"Thornton, Trent",663423,Mariners,SEA,R,81.8,345,1139,7.030864197530864,0.3028972783143108,ST,Sweeper,38.1,-39.3,-1.3,-3,2.9,15.2,14.8,0.4,3,0.3018867924528302,0.610062893081761,ST
2024,"Schmidt, Clarke",657376,Yankees,NYY,R,85.2,344,1454,8.975308641975309,0.2365887207702888,ST,Sweeper,34.1,-36.9,-2.8,-7,3.6,12.7,12.9,-0.2,-1,0.1383647798742138,0.4842767295597484,ST
2024,"Nardi, Andrew",677053,Marlins,MIA,L,82.9,342,906,5.592592592592593,0.3774834437086092,ST,Sweeper,37.0,-38.7,-1.8,-5,3.3,11.9,13.4,-1.5,-11,0.2389937106918239,0.2452830188679245,ST
2024,"Ryan, Joe",657746,Twins,MIN,R,81.3,341,2106,13.0,0.1619183285849952,ST,Sweeper,39.2,-39.0,0.2,1,2.4,15.0,14.6,0.5,3,0.5094339622641509,0.6289308176100629,ST
2024,"Milner, Hoby",571948,Brewers,MIL,L,79.5,337,1043,6.438271604938271,0.3231064237775647,ST,Sweeper,43.3,-39.0,4.4,11,0.2,14.2,14.3,0.0,0,0.9308176100628932,0.5408805031446541,ST
2024,"McFarland, T.J.",519008,Athletics,ATH,L,78.2,321,836,5.160493827160494,0.3839712918660287,ST,Sweeper,46.6,-43.4,3.2,7,-1.6,18.2,15.7,2.5,16,0.8553459119496856,0.8301886792452831,ST
2024,"Ober, Bailey",641927,Twins,MIN,R,80.3,319,2696,16.641975308641975,0.1183234421364985,ST,Sweeper,44.7,-42.3,2.4,6,-2.2,12.3,13.8,-1.5,-11,0.7924528301886793,0.2452830188679245,ST
2024,"Wilson, Steven",621051,White Sox,CWS,R,82.3,318,623,3.845679012345679,0.5104333868378812,ST,Sweeper,33.7,-39.2,-5.4,-14,6.7,12.0,13.6,-1.6,-12,0.0314465408805031,0.2138364779874214,ST
2024,"Musgrove, Joe",605397,Padres,SD,R,82.1,317,1582,9.765432098765432,0.2003792667509481,ST,Sweeper,45.0,-40.9,4.1,10,-3.8,16.9,13.8,3.1,23,0.89937106918239,0.8930817610062893,ST
2024,"Allen, Logan",671106,Guardians,CLE,L,78.6,313,1665,10.341614906832298,0.187987987987988,ST,Sweeper,43.8,-42.5,1.3,3,0.5,14.8,15.0,-0.2,-1,0.6415094339622641,0.4842767295597484,ST
2024,"Alexander, Tyler",641302,Rays,TB,L,77.8,312,1668,10.296296296296296,0.1870503597122302,ST,Sweeper,42.1,-43.8,-1.8,-4,3.5,15.9,15.3,0.6,4,0.2389937106918239,0.6540880503144654,ST
2024,"Romero, JoJo",668941,Cardinals,STL,L,84.0,312,919,5.672839506172839,0.3394994559303591,ST,Sweeper,38.6,-38.6,-0.1,0,0.4,12.0,14.1,-2.1,-15,0.490566037735849,0.1446540880503144,ST
2024,"Weathers, Ryan",677960,Marlins,MIA,L,82.7,305,1413,8.722222222222221,0.2158527954706298,ST,Sweeper,39.9,-39.7,0.2,1,0.5,12.0,14.0,-2.0,-14,0.5094339622641509,0.1635220125786163,ST
2024,"Turnbull, Spencer",605513,Phillies,PHI,R,83.8,304,916,5.654320987654321,0.3318777292576419,ST,Sweeper,33.4,-38.1,-4.7,-12,5.6,13.9,13.3,0.6,4,0.0566037735849056,0.6540880503144654,ST
2024,"Weissert, Greg",669711,Red Sox,BOS,R,79.8,300,1029,6.351851851851852,0.2915451895043732,ST,Sweeper,39.4,-40.0,-0.6,-1,4.0,20.3,16.0,4.3,27,0.389937106918239,0.9874213836477987,ST
2024,"Kelly, Kevin",687330,Rays,TB,R,77.3,288,1033,6.376543209876544,0.2787996127783156,ST,Sweeper,39.1,-39.5,-0.3,-1,7.2,19.6,18.8,0.8,5,0.4465408805031446,0.6918238993710691,ST
2024,"Treinen, Blake",595014,Dodgers,LAD,R,83.9,284,737,4.549382716049383,0.3853459972862958,ST,Sweeper,40.7,-39.9,0.7,2,-1.6,15.2,13.5,1.7,13,0.559748427672956,0.8113207547169812,ST
2024,"Roberts, Ethan",681799,Cubs,CHC,R,81.3,281,474,2.925925925925926,0.5928270042194093,ST,Sweeper,43.2,-39.7,3.5,9,-1.6,19.6,14.6,5.0,35,,,ST
2024,"Thielbar, Caleb",573204,Twins,MIN,L,81.5,274,887,5.4753086419753085,0.3089064261555806,ST,Sweeper,41.3,-40.8,0.5,1,-0.2,13.7,13.9,-0.2,-1,0.5408805031446541,0.4842767295597484,ST
2024,"McCaughan, Darren",670766,Marlins,MIA,R,81.9,271,714,4.407407407407407,0.3795518207282913,ST,Sweeper,35.7,-38.9,-3.2,-8,5.0,11.4,14.2,-2.9,-20,0.1257861635220125,0.1132075471698113,ST
2024,"Arrighetti, Spencer",681293,Astros,HOU,R,80.8,270,2505,15.559006211180124,0.1077844311377245,ST,Sweeper,40.5,-39.1,1.4,4,1.7,14.7,14.5,0.2,1,0.6540880503144654,0.5723270440251572,ST
2024,"Martinez, Seth",661527,Astros,HOU,R,79.1,267,838,5.204968944099379,0.3186157517899761,ST,Sweeper,35.8,-39.1,-3.3,-8,8.1,13.1,14.4,-1.4,-9,0.1132075471698113,0.270440251572327,ST
2024,"Scott, Tayler",605463,Astros,HOU,R,84.0,266,1203,7.472049689440993,0.2211138819617622,ST,Sweeper,40.0,-37.7,2.3,6,-0.8,14.2,13.9,0.3,2,0.779874213836478,0.5786163522012578,ST
2024,"Webb, Jacob",657097,Orioles,BAL,R,82.8,262,933,5.75925925925926,0.2808145766345123,ST,Sweeper,41.3,-39.1,2.2,6,-1.3,13.3,13.9,-0.6,-4,0.7735849056603774,0.3836477987421384,ST
2024,"Kelly, Zack",677161,Red Sox,BOS,R,82.2,260,955,5.895061728395062,0.2722513089005235,ST,Sweeper,38.1,-38.6,-0.5,-1,2.5,17.6,13.9,3.7,27,0.4213836477987421,0.9371069182389936,ST
2024,"Maeda, Kenta",628317,Tigers,DET,R,80.3,260,1958,12.08641975308642,0.1327885597548518,ST,Sweeper,40.5,-41.6,-1.1,-3,1.9,12.6,14.5,-2.0,-14,0.3396226415094339,0.1635220125786163,ST
2024,"Kelly, Michael",547184,Athletics,ATH,R,83.2,254,470,2.9012345679012346,0.5404255319148936,ST,Sweeper,43.5,-39.6,3.9,10,-3.7,16.8,13.7,3.1,22,,,ST
2024,"Snider, Collin",676092,Mariners,SEA,R,82.4,254,676,4.172839506172839,0.3757396449704142,ST,Sweeper,39.3,-38.9,0.4,1,1.1,15.6,14.2,1.5,10,0.5220125786163522,0.7861635220125787,ST
2024,"Sewald, Paul",623149,D-backs,AZ,R,83.1,249,629,3.882716049382716,0.3958664546899841,ST,Sweeper,32.3,-37.2,-4.8,-13,7.4,11.9,14.0,-2.2,-15,0.0440251572327044,0.1383647798742138,ST
2024,"Schreiber, John",670167,Royals,KC,R,81.1,241,895,5.524691358024692,0.2692737430167597,ST,Sweeper,41.8,-39.1,2.7,7,0.0,14.1,14.1,0.1,0,0.8050314465408805,0.5660377358490566,ST
2024,"Maton, Phil",664208,Mets,NYM,R,80.9,240,1078,6.654320987654321,0.222634508348794,ST,Sweeper,36.6,-39.9,-3.3,-8,5.5,17.4,14.4,3.0,21,0.1132075471698113,0.8867924528301887,ST
2024,"Hodge, Porter",687863,Cubs,CHC,R,83.0,240,642,3.962962962962963,0.3738317757009345,ST,Sweeper,40.5,-38.6,1.9,5,-0.6,16.7,13.6,3.1,23,0.7295597484276729,0.8930817610062893,ST
2024,"Martin, Davis",663436,White Sox,CWS,R,83.6,239,892,5.506172839506172,0.2679372197309417,ST,Sweeper,37.7,-38.5,-0.7,-2,1.4,7.9,13.1,-5.3,-40,0.3710691823899371,0.0062893081761006,ST
2024,"Miller, Bryce",682243,Mariners,SEA,R,82.4,233,2749,16.969135802469136,0.0847580938523099,ST,Sweeper,45.7,-39.1,6.6,17,-5.3,14.8,13.9,1.0,7,0.9685534591194968,0.7232704402515723,ST
2024,"Crochet, Garrett",676979,White Sox,CWS,L,84.2,233,2395,14.783950617283953,0.097286012526096,ST,Sweeper,39.2,-38.4,0.8,2,-0.4,14.3,12.8,1.5,12,0.5849056603773585,0.7861635220125787,ST
2024,"Eflin, Zach",621107,Orioles,BAL,R,79.7,231,2447,15.104938271604938,0.0944013077237433,ST,Sweeper,40.6,-42.4,-1.8,-4,2.7,13.2,14.4,-1.2,-8,0.2389937106918239,0.320754716981132,ST
2024,"Voth, Austin",608723,Mariners,SEA,R,80.8,231,974,6.012345679012346,0.2371663244353182,ST,Sweeper,42.6,-40.9,1.7,4,-0.5,15.8,14.2,1.6,11,0.6981132075471698,0.7987421383647799,ST
2024,"Assad, Javier",665871,Cubs,CHC,R,79.9,228,2538,15.666666666666666,0.0898345153664302,ST,Sweeper,42.9,-42.3,0.5,1,0.0,15.0,14.3,0.7,5,0.5408805031446541,0.6729559748427673,ST
2024,"Williams, Trevor",592866,Nationals,WSH,R,77.0,225,1064,6.567901234567901,0.2114661654135338,ST,Sweeper,39.9,-42.5,-2.6,-6,6.3,11.9,15.1,-3.2,-21,0.1635220125786163,0.0817610062893081,ST
2024,"Walker, Taijuan",592836,Phillies,PHI,R,85.2,222,1435,8.858024691358025,0.1547038327526132,ST,Sweeper,29.0,-38.1,-9.1,-24,8.5,5.5,12.0,-6.5,-54,0.0,0.0,ST
2024,"Holmes, Clay",605280,Yankees,NYY,R,83.7,222,1085,6.697530864197531,0.2046082949308755,ST,Sweeper,47.4,-40.7,6.7,16,-8.0,16.8,13.3,3.5,27,0.9748427672955976,0.9308176100628932,ST
2024,"Vásquez, Randy",681190,Padres,SD,R,82.2,221,1687,10.41358024691358,0.1310017783046828,ST,Sweeper,39.1,-39.9,-0.8,-2,1.4,13.4,13.8,-0.3,-2,0.3584905660377358,0.4779874213836478,ST
2024,"Ramírez, Yohan",670990,Red Sox,BOS,R,81.6,219,769,4.746913580246914,0.2847854356306892,ST,Sweeper,38.1,-39.1,-1.0,-2,3.1,17.9,14.3,3.7,26,0.3522012578616352,0.9371069182389936,ST
2024,"Bassitt, Chris",605135,Blue Jays,TOR,R,74.1,218,2959,18.265432098765437,0.0736735383575532,ST,Sweeper,51.4,-47.8,3.6,8,-0.8,17.5,16.3,1.2,7,0.8742138364779874,0.7358490566037735,ST
2024,"Hudson, Bryan",663542,Brewers,MIL,L,81.5,216,927,5.722222222222222,0.233009708737864,ST,Sweeper,45.4,-38.1,7.3,19,-3.7,14.7,14.2,0.5,3,0.9937106918238994,0.6289308176100629,ST
2024,"Skenes, Paul",694973,Pirates,PIT,R,84.7,212,2125,13.117283950617283,0.0997647058823529,ST,Sweeper,32.7,-37.1,-4.4,-12,5.5,11.6,12.9,-1.3,-10,0.0628930817610062,0.3081761006289308,ST
2024,"Funderburk, Kody",681892,Twins,MIN,L,82.6,212,652,4.024691358024692,0.3251533742331288,ST,Sweeper,42.0,-39.2,2.9,7,-1.7,14.1,13.5,0.6,4,0.8364779874213837,0.6540880503144654,ST
2024,"Flexen, Chris",623167,White Sox,CWS,R,80.0,209,2797,17.265432098765434,0.0747229174115123,ST,Sweeper,46.0,-43.9,2.1,5,-3.1,11.9,13.7,-1.8,-13,0.7610062893081762,0.1949685534591195,ST
2024,"Miller, Erik",669062,Giants,SF,L,83.3,208,1269,7.833333333333333,0.1639085894405043,ST,Sweeper,42.0,-39.2,2.8,7,-2.4,11.2,12.8,-1.6,-13,0.8113207547169812,0.2138364779874214,ST
2024,"Holton, Tyler",663947,Tigers,DET,L,80.6,207,1339,8.265432098765432,0.1545929798356982,ST,Sweeper,42.5,-41.3,1.3,3,-0.3,13.6,14.1,-0.5,-4,0.6415094339622641,0.4213836477987421,ST
2024,"Bazardo, Eduard",660825,Mariners,SEA,R,82.7,206,441,2.7222222222222223,0.4671201814058957,ST,Sweeper,41.5,-39.7,1.8,5,-1.3,15.9,13.9,2.0,14,,,ST
2024,"Blackburn, Paul",621112,Mets,NYM,R,81.3,201,1212,7.481481481481482,0.1658415841584158,ST,Sweeper,45.9,-40.9,5.0,12,-4.2,14.8,14.0,0.8,6,0.9559748427672956,0.6918238993710691,ST
2024,"Soriano, George",666277,Marlins,MIA,R,83.9,200,519,3.203703703703704,0.3853564547206166,ST,Sweeper,38.5,-37.5,1.0,3,0.4,8.5,13.4,-4.9,-36,0.6037735849056604,0.0125786163522012,ST
2024,"Slaten, Justin",686580,Red Sox,BOS,R,84.0,200,811,5.006172839506172,0.2466091245376079,ST,Sweeper,38.7,-37.9,0.7,2,0.1,12.1,13.0,-0.8,-6,0.559748427672956,0.3584905660377358,ST
2024,"Ferguson, Tyler",621053,Athletics,ATH,R,84.6,199,819,5.055555555555555,0.2429792429792429,ST,Sweeper,35.5,-37.8,-2.3,-6,3.0,10.3,13.3,-3.0,-23,0.1886792452830188,0.0880503144654088,ST
2024,"Hurter, Brant",676428,Tigers,DET,L,83.1,198,645,3.9814814814814814,0.3069767441860465,ST,Sweeper,36.7,-39.3,-2.6,-7,2.8,8.8,13.7,-4.8,-35,0.1635220125786163,0.0188679245283018,ST
2024,"Tate, Dillon",622253,Blue Jays,TOR,R,79.5,197,590,3.641975308641976,0.3338983050847458,ST,Sweeper,38.2,-41.0,-2.8,-7,5.1,11.1,14.9,-3.8,-25,0.1383647798742138,0.0440251572327044,ST
2024,"Imanaga, Shota",684007,Cubs,CHC,L,81.6,196,2590,15.987654320987655,0.0756756756756756,ST,Sweeper,38.0,-40.0,-2.0,-5,3.3,10.1,14.4,-4.3,-30,0.2327044025157232,0.0251572327044025,ST
2024,"Garrett, Reed",657585,Mets,NYM,R,85.0,195,980,6.049382716049383,0.1989795918367347,ST,Sweeper,36.4,-37.0,-0.6,-2,1.7,14.1,12.9,1.2,9,0.389937106918239,0.7358490566037735,ST
2024,"Puk, A.J.",640462,D-backs,AZ,L,81.4,192,1173,7.24074074074074,0.1636828644501279,ST,Sweeper,38.9,-40.4,-1.4,-4,2.6,12.3,14.0,-1.7,-12,0.2893081761006289,0.2012578616352201,ST
2024,"Domínguez, Seranthony",622554,Orioles,BAL,R,87.0,192,1064,6.567901234567901,0.1804511278195488,ST,Sweeper,31.0,-35.5,-4.4,-13,5.1,11.3,11.3,0.0,0,0.0628930817610062,0.5408805031446541,ST
2024,"Bibee, Tanner",676440,Guardians,CLE,R,82.9,184,2851,17.70807453416149,0.0645387583304103,ST,Sweeper,40.1,-39.3,0.8,2,-0.2,16.1,13.3,2.8,21,0.5849056603773585,0.8553459119496856,ST
2024,"Bivens, Spencer",702352,Giants,SF,R,81.0,183,768,4.7407407407407405,0.23828125,ST,Sweeper,37.7,-41.2,-3.6,-9,4.0,14.1,14.1,-0.1,0,0.0943396226415094,0.5157232704402516,ST
2024,"Payamps, Joel",606303,Brewers,MIL,R,83.8,181,899,5.549382716049383,0.2013348164627363,ST,Sweeper,38.7,-38.3,0.4,1,0.4,9.9,13.5,-3.6,-27,0.5220125786163522,0.050314465408805,ST
2024,"Horn, Bailey",690544,Red Sox,BOS,L,82.2,181,303,1.8703703703703705,0.5973597359735974,ST,Sweeper,40.5,-39.9,0.6,2,0.1,15.8,13.9,1.8,13,,,ST
2024,"Diekman, Jake",518617,Mets,NYM,L,82.7,181,627,3.87037037037037,0.2886762360446571,ST,Sweeper,37.7,-38.8,-1.2,-3,2.7,13.7,13.7,-0.1,0,0.320754716981132,0.5157232704402516,ST
2024,"Cleavinger, Garrett",664076,Rays,TB,L,80.9,180,1056,6.518518518518518,0.1704545454545454,ST,Sweeper,45.0,-40.8,4.2,10,-2.8,18.3,15.0,3.3,22,0.9182389937106918,0.9245283018867924,ST
2024,"Adam, Jason",592094,Padres,SD,R,78.9,179,1109,6.845679012345679,0.1614066726780883,ST,Sweeper,48.0,-43.6,4.4,10,-3.7,17.7,14.6,3.1,21,0.9308176100628932,0.8930817610062893,ST
2024,"Darvish, Yu",506433,Padres,SD,R,82.1,176,1260,7.777777777777778,0.1396825396825396,ST,Sweeper,41.3,-39.5,1.8,5,-0.3,15.2,13.8,1.4,10,0.7044025157232704,0.779874213836478,ST
2024,"Banks, Tanner",621383,Phillies,PHI,L,82.1,174,1174,7.246913580246914,0.1482112436115843,ST,Sweeper,38.2,-40.5,-2.2,-6,2.6,13.3,13.8,-0.5,-4,0.2138364779874214,0.4213836477987421,ST
2024,"Woodford, Jake",663765,Pirates,PIT,R,80.7,174,618,3.814814814814815,0.2815533980582524,ST,Sweeper,45.0,-40.3,4.7,12,-2.8,13.5,14.6,-1.1,-8,0.9433962264150944,0.3333333333333333,ST
2024,"Phillips, Tyler",663969,Phillies,PHI,R,82.5,169,578,3.567901234567901,0.2923875432525951,ST,Sweeper,40.8,-39.2,1.5,4,-0.5,12.3,13.6,-1.3,-9,0.6729559748427673,0.3081761006289308,ST
2024,"Javier, Cristian",664299,Astros,HOU,R,77.5,169,570,3.540372670807453,0.2964912280701754,ST,Sweeper,47.0,-44.3,2.6,6,-0.9,16.7,15.5,1.3,8,0.7987421383647799,0.7672955974842768,ST
2024,"Bubic, Kris",663460,Royals,KC,L,83.9,169,467,2.882716049382716,0.3618843683083512,ST,Sweeper,43.1,-37.6,5.5,14,-4.2,11.0,13.1,-2.1,-16,,,ST
2024,"Black, Mason",696131,Giants,SF,R,81.2,168,663,4.092592592592593,0.253393665158371,ST,Sweeper,41.6,-39.6,2.0,5,-0.1,13.8,14.4,-0.6,-4,0.7484276729559748,0.3836477987421384,ST
2024,"Cosgrove, Tom",676680,Padres,SD,L,76.8,165,323,1.9938271604938271,0.5108359133126935,ST,Sweeper,40.3,-42.0,-1.7,-4,6.7,19.1,17.1,2.0,12,,,ST
2024,"Booser, Cam",592155,Red Sox,BOS,L,82.3,164,695,4.290123456790123,0.2359712230215827,ST,Sweeper,43.3,-39.4,4.0,10,-2.8,12.6,13.8,-1.2,-8,0.8930817610062893,0.320754716981132,ST
2024,"Fried, Max",608331,Braves,ATL,L,80.5,158,2761,17.04320987654321,0.0572256428830134,ST,Sweeper,50.3,-41.5,8.8,21,-7.7,16.2,14.1,2.1,15,1.0,0.8176100628930818,ST
2024,"Woo, Bryan",693433,Mariners,SEA,R,82.2,156,1716,10.592592592592592,0.0909090909090909,ST,Sweeper,38.3,-38.5,-0.2,-1,2.3,14.9,14.2,0.7,5,0.4591194968553459,0.6729559748427673,ST
2024,"Singer, Brady",663903,Royals,KC,R,82.1,155,2966,18.30864197530864,0.0522589345920431,ST,Sweeper,37.9,-38.5,-0.6,-1,2.5,10.6,14.2,-3.5,-25,0.389937106918239,0.0566037735849056,ST
2024,"Garrett, Braxton",666129,Marlins,MIA,L,82.8,154,588,3.6296296296296298,0.2619047619047619,ST,Sweeper,42.5,-38.9,3.6,9,-2.3,10.0,13.4,-3.4,-26,0.8742138364779874,0.0754716981132075,ST
2024,"Anderson, Chase",502624,Rangers,TEX,R,80.5,154,1016,6.271604938271605,0.1515748031496063,ST,Sweeper,45.1,-41.7,3.5,8,-2.9,15.7,14.5,1.2,8,0.8616352201257862,0.7358490566037735,ST
2024,"Moll, Sam",594580,Reds,CIN,L,81.3,153,624,3.851851851851852,0.2451923076923076,ST,Sweeper,42.4,-41.8,0.6,1,-0.8,16.1,15.8,0.3,2,0.5534591194968553,0.5786163522012578,ST
2024,"Manning, Matt",666159,Tigers,DET,R,84.1,148,438,2.703703703703704,0.3378995433789954,ST,Sweeper,28.6,-37.4,-8.8,-23,10.2,8.1,13.0,-4.9,-38,,,ST
2024,"Scott, Christian",681035,Mets,NYM,R,83.2,148,787,4.8580246913580245,0.1880559085133418,ST,Sweeper,33.6,-37.6,-4.1,-11,6.2,13.2,13.8,-0.6,-5,0.0754716981132075,0.3836477987421384,ST
2024,"King, Bryan",687911,Astros,HOU,L,81.8,144,416,2.583850931677018,0.3461538461538461,ST,Sweeper,36.1,-39.6,-3.6,-9,5.1,15.2,13.9,1.3,9,,,ST
2024,"Harris, Hogan",663687,Athletics,ATH,L,78.8,140,1213,7.487654320987654,0.1154163231657048,ST,Sweeper,50.0,-43.2,6.7,16,-5.7,11.5,14.5,-3.0,-21,0.9748427672955976,0.0880503144654088,ST
2024,"Taylor, Troy",700187,Mariners,SEA,R,84.2,135,328,2.0246913580246915,0.4115853658536585,ST,Sweeper,43.6,-38.5,5.1,13,-4.8,14.4,14.0,0.4,3,,,ST
2024,"Tonkin, Michael",543859,Twins,MIN,R,80.7,134,1419,8.75925925925926,0.0944326990838618,ST,Sweeper,41.7,-40.6,1.1,3,0.8,15.7,15.0,0.7,5,0.6163522012578616,0.6729559748427673,ST
2024,"Coulombe, Danny",543056,Orioles,BAL,L,81.6,133,466,2.876543209876543,0.2854077253218884,ST,Sweeper,49.3,-41.8,7.5,18,-7.9,12.9,14.3,-1.4,-10,,,ST
2024,"Cease, Dylan",656302,Padres,SD,R,82.6,131,3188,19.679012345679013,0.0410915934755332,ST,Sweeper,51.6,-39.6,12.0,30,-11.1,11.2,13.5,-2.3,-17,,,ST
2024,"Feltner, Ryan",663372,Rockies,COL,R,82.7,130,2577,15.907407407407408,0.0504462553356616,ST,Sweeper,38.1,-38.8,-0.6,-2,1.7,11.7,13.7,-2.0,-14,0.389937106918239,0.1635220125786163,ST
2024,"Lorenzen, Michael",547179,Royals,KC,R,82.0,130,2092,12.91358024691358,0.0621414913957935,ST,Sweeper,41.0,-40.3,0.7,2,-0.2,13.2,14.1,-0.9,-6,0.559748427672956,0.3522012578616352,ST
2024,"Bowman, Matt",621199,Orioles,BAL,R,82.7,129,497,3.067901234567901,0.2595573440643863,ST,Sweeper,35.2,-38.9,-3.7,-9,5.0,14.7,13.5,1.3,10,0.0880503144654088,0.7672955974842768,ST
2024,"Buttó, José",676130,Mets,NYM,R,82.7,128,1222,7.54320987654321,0.1047463175122749,ST,Sweeper,44.5,-39.0,5.4,14,-4.2,12.6,14.2,-1.6,-11,0.9622641509433962,0.2138364779874214,ST
2024,"Gasser, Robert",688107,Brewers,MIL,L,80.6,128,399,2.462962962962963,0.3208020050125313,ST,Sweeper,37.1,-39.6,-2.6,-6,5.2,15.2,14.6,0.7,5,,,ST
2024,"Festa, Matt",670036,Rangers,TEX,R,83.2,128,385,2.376543209876543,0.3324675324675324,ST,Sweeper,36.5,-37.9,-1.4,-4,3.2,14.9,13.9,1.0,7,,,ST
2024,"Littell, Zack",641793,Rays,TB,R,79.5,126,2486,15.34567901234568,0.0506838294448913,ST,Sweeper,47.2,-43.1,4.1,9,-3.7,14.2,14.6,-0.4,-3,0.89937106918239,0.4528301886792453,ST
2024,"Roycroft, Chris",688297,Cardinals,STL,R,83.8,125,596,3.679012345679012,0.209731543624161,ST,Sweeper,36.7,-37.3,-0.6,-1,2.3,12.1,13.5,-1.4,-10,0.389937106918239,0.270440251572327,ST
2024,"Warren, Will",701542,Yankees,NYY,R,83.1,122,458,2.8271604938271606,0.2663755458515284,ST,Sweeper,37.2,-38.3,-1.2,-3,2.6,15.9,13.4,2.6,19,,,ST
2024,"Smith, Cade",671922,Guardians,CLE,R,82.1,119,1166,7.24223602484472,0.1020583190394511,ST,Sweeper,38.7,-39.8,-1.1,-3,2.0,13.7,13.8,-0.1,-1,0.3396226415094339,0.5157232704402516,ST
2024,"Suarez, José",660761,Angels,LAA,L,78.7,118,987,6.092592592592593,0.1195542046605876,ST,Sweeper,42.9,-43.0,-0.1,0,1.5,12.0,15.0,-3.0,-20,0.490566037735849,0.0880503144654088,ST
2024,"Buehler, Walker",621111,Dodgers,LAD,R,82.6,116,1336,8.246913580246913,0.0868263473053892,ST,Sweeper,38.8,-38.7,0.1,0,1.4,14.8,13.7,1.1,8,0.5031446540880503,0.7295597484276729,ST
2024,"Little, Luke",681432,Cubs,CHC,L,81.8,115,438,2.703703703703704,0.2625570776255708,ST,Sweeper,41.0,-39.3,1.7,4,0.2,13.9,14.2,-0.2,-2,,,ST
2024,"Montas, Frankie",593423,Brewers,MIL,R,84.9,114,2633,16.253086419753085,0.0432966198252943,ST,Sweeper,30.7,-37.6,-6.9,-18,7.1,8.8,13.1,-4.3,-33,,,ST
2024,"Bellozo, Valente",678368,Marlins,MIA,R,77.7,114,1094,6.753086419753086,0.1042047531992687,ST,Sweeper,42.3,-44.6,-2.3,-5,3.2,14.6,15.3,-0.7,-4,0.1886792452830188,0.3710691823899371,ST
2024,"Lugo, Seth",607625,Royals,KC,R,82.1,112,3112,19.20987654320988,0.0359897172236503,ST,Sweeper,37.9,-39.9,-2.0,-5,2.9,13.5,14.4,-0.9,-6,,,ST
2024,"Mlodzinski, Carmen",669387,Pirates,PIT,R,84.9,112,866,5.345679012345679,0.1293302540415704,ST,Sweeper,35.0,-36.5,-1.4,-4,3.0,10.7,12.8,-2.1,-16,0.2893081761006289,0.1446540880503144,ST
2024,"Mikolas, Miles",571945,Cardinals,STL,R,80.8,111,2703,16.685185185185187,0.0410654827968923,ST,Sweeper,43.6,-42.4,1.1,3,-1.4,12.5,14.1,-1.5,-11,,,ST
2024,"Marsh, Alec",679525,Royals,KC,R,86.1,106,2161,13.339506172839506,0.0490513651087459,ST,Sweeper,38.8,-36.3,2.4,7,-1.8,11.0,12.4,-1.5,-12,,,ST
2024,"Leahy, Kyle",681517,Cardinals,STL,R,85.4,103,695,4.290123456790123,0.1482014388489208,ST,Sweeper,35.1,-36.7,-1.6,-4,2.5,16.2,12.3,3.9,32,0.270440251572327,0.9559748427672956,ST
2024,"Kuhl, Chad",641771,White Sox,CWS,R,78.8,101,980,6.049382716049383,0.1030612244897959,ST,Sweeper,43.4,-41.5,1.9,5,1.0,15.5,15.0,0.5,3,0.7295597484276729,0.6289308176100629,ST
2024,"Allen, Logan",663531,D-backs,AZ,L,81.7,99,470,2.9012345679012346,0.2106382978723404,ST,Sweeper,38.1,-40.7,-2.7,-7,3.1,10.4,14.0,-3.6,-26,,,ST
2024,"Strickland, Hunter",519326,Angels,LAA,R,81.5,98,1157,7.141975308641976,0.0847018150388937,ST,Sweeper,42.9,-41.1,1.8,5,-1.4,18.4,14.2,4.2,30,0.7044025157232704,0.981132075471698,ST
2024,"Almonte, Yency",622075,Cubs,CHC,R,81.5,95,267,1.648148148148148,0.3558052434456928,ST,Sweeper,38.8,-40.3,-1.5,-4,2.4,15.3,13.8,1.5,11,,,ST
2024,"Povich, Cade",700249,Orioles,BAL,L,81.9,93,1389,8.574074074074074,0.0669546436285097,ST,Sweeper,38.8,-40.0,-1.2,-3,2.3,11.8,13.8,-2.0,-15,0.320754716981132,0.1635220125786163,ST
2024,"White, Mitch",669952,Brewers,MIL,R,84.1,93,413,2.549382716049383,0.2251815980629539,ST,Sweeper,41.4,-37.9,3.5,9,-2.5,15.1,13.1,2.0,16,,,ST
2024,"Leiter Jr., Mark",643410,Yankees,NYY,R,79.6,91,1015,6.265432098765432,0.0896551724137931,ST,Sweeper,46.0,-42.3,3.6,9,-2.6,12.3,14.4,-2.1,-15,0.8742138364779874,0.1446540880503144,ST
2024,"Emanuel, Kent",592288,Marlins,MIA,L,75.9,86,302,1.8641975308641976,0.2847682119205298,ST,Sweeper,48.1,-46.0,2.1,5,-0.4,15.6,16.1,-0.5,-3,,,ST
2024,"Kolek, Stephen",663568,Padres,SD,R,83.7,83,797,4.919753086419753,0.1041405269761606,ST,Sweeper,42.2,-37.4,4.7,13,-2.8,16.2,13.6,2.6,19,0.9433962264150944,0.8364779874213837,ST
2024,"Smith, Burch",572143,Orioles,BAL,R,83.5,83,896,5.530864197530864,0.0926339285714285,ST,Sweeper,37.8,-38.0,-0.2,-1,1.6,13.6,13.2,0.4,3,0.4591194968553459,0.610062893081761,ST
2024,"García, Yimi",554340,Mariners,SEA,R,86.3,81,619,3.820987654320988,0.1308562197092084,ST,Sweeper,28.4,-36.3,-7.9,-22,8.5,11.9,12.4,-0.4,-4,0.0125786163522012,0.4528301886792453,ST
2024,"Contreras, Roansy",672710,Angels,LAA,R,82.9,79,1074,6.62962962962963,0.0735567970204841,ST,Sweeper,37.5,-39.0,-1.5,-4,2.5,10.9,13.4,-2.4,-18,0.2767295597484276,0.1320754716981132,ST
2024,"Dubin, Shawn",681869,Astros,HOU,R,83.1,78,840,5.217391304347826,0.0928571428571428,ST,Sweeper,41.4,-38.5,3.0,8,-1.4,18.9,13.5,5.4,40,0.8427672955974843,1.0,ST
2024,"Sauer, Matt",669422,Royals,KC,R,85.6,77,327,2.0185185185185186,0.2354740061162079,ST,Sweeper,30.2,-36.6,-6.4,-17,7.1,7.6,12.1,-4.5,-37,,,ST
2024,"Bolton, Cody",675989,Mariners,SEA,R,83.7,77,312,1.9259259259259256,0.2467948717948718,ST,Sweeper,35.6,-37.9,-2.4,-6,3.5,13.5,13.5,0.0,0,,,ST
2024,"Davis, Noah",663562,Rockies,COL,R,80.1,77,365,2.253086419753086,0.210958904109589,ST,Sweeper,43.8,-42.3,1.5,4,-1.3,14.3,14.8,-0.4,-3,,,ST
2024,"Soto, Gregory",642397,Orioles,BAL,L,83.9,76,960,5.925925925925926,0.0791666666666666,ST,Sweeper,35.7,-37.8,-2.1,-6,3.4,12.5,13.1,-0.6,-5,0.220125786163522,0.3836477987421384,ST
2024,"Herget, Jimmy",623474,Braves,ATL,R,77.9,76,189,1.1666666666666667,0.4021164021164021,ST,Sweeper,38.5,-42.2,-3.8,-9,6.9,15.9,17.1,-1.2,-7,,,ST
2024,"Thompson, Keegan",624522,Cubs,CHC,R,84.4,76,538,3.320987654320988,0.1412639405204461,ST,Sweeper,37.3,-37.7,-0.4,-1,1.2,13.8,13.3,0.5,4,0.4339622641509434,0.6289308176100629,ST
2024,"Bielak, Brandon",656232,Athletics,ATH,R,82.8,75,510,3.1481481481481484,0.1470588235294117,ST,Sweeper,45.8,-41.7,4.1,10,-5.7,11.6,14.3,-2.7,-19,0.89937106918239,0.1257861635220125,ST
2024,"Cuas, Jose",621016,Blue Jays,TOR,R,82.5,74,319,1.969135802469136,0.231974921630094,ST,Sweeper,39.0,-37.2,1.7,5,1.5,11.9,13.6,-1.8,-13,,,ST
2024,"García, Luis",472610,Red Sox,BOS,R,80.6,73,897,5.537037037037037,0.0813823857302118,ST,Sweeper,38.9,-42.0,-3.1,-7,3.4,13.4,14.0,-0.6,-4,0.1320754716981132,0.3836477987421384,ST
2024,"Sammons, Bryan",676614,Tigers,DET,L,80.1,72,374,2.308641975308642,0.1925133689839572,ST,Sweeper,38.2,-41.5,-3.3,-8,4.3,10.7,14.5,-3.8,-26,,,ST
2024,"Gómez, Yoendrys",672782,Yankees,NYY,R,82.5,72,214,1.3209876543209875,0.3364485981308411,ST,Sweeper,35.3,-38.6,-3.3,-8,5.0,14.8,13.8,0.9,7,,,ST
2024,"Faucher, Calvin",676534,Marlins,MIA,R,88.2,68,987,6.092592592592593,0.0688956433637284,ST,Sweeper,36.0,-34.9,1.1,3,-0.8,11.4,11.4,0.0,0,0.6163522012578616,0.5408805031446541,ST
2024,"Peralta, Sammy",671111,White Sox,CWS,L,78.7,68,282,1.7407407407407407,0.2411347517730496,ST,Sweeper,40.3,-40.7,-0.4,-1,4.0,13.0,15.5,-2.5,-16,,,ST
2024,"Warren, Austin",681810,Giants,SF,R,83.3,68,173,1.067901234567901,0.3930635838150289,ST,Sweeper,40.5,-38.1,2.4,6,-1.0,15.9,13.8,2.1,15,,,ST
2024,"Matsui, Yuki",673513,Padres,SD,L,80.9,67,1049,6.4753086419753085,0.0638703527168732,ST,Sweeper,45.6,-42.1,3.5,8,-3.4,13.9,14.5,-0.5,-4,0.8616352201257862,0.4213836477987421,ST
2024,"Stewart, Brock",592779,Twins,MIN,R,84.1,67,268,1.654320987654321,0.25,ST,Sweeper,38.3,-37.4,0.9,2,0.5,16.9,13.4,3.6,27,,,ST
2024,"Sandoval, Patrick",663776,Angels,LAA,L,81.3,66,1444,8.91358024691358,0.0457063711911357,ST,Sweeper,42.7,-41.0,1.7,4,-1.0,17.4,13.9,3.6,26,,,ST
2024,"Poteet, Cody",547001,Yankees,NYY,R,81.2,66,384,2.3703703703703702,0.171875,ST,Sweeper,42.9,-41.9,1.0,2,-1.3,13.8,14.1,-0.4,-3,,,ST
2024,"Ort, Kaleb",672391,Astros,HOU,R,84.2,66,366,2.2732919254658386,0.180327868852459,ST,Sweeper,42.1,-37.7,4.4,12,-3.2,12.2,13.0,-0.8,-6,,,ST
2024,"Rogers, Josh",642028,Rockies,COL,L,78.6,65,170,1.0493827160493827,0.3823529411764705,ST,Sweeper,44.2,-43.3,0.8,2,0.1,12.5,14.9,-2.4,-16,,,ST
2024,"Saucedo, Tayler",642048,Mariners,SEA,L,80.9,63,626,3.864197530864197,0.1006389776357827,ST,Sweeper,38.0,-40.1,-2.1,-5,3.8,11.5,14.5,-3.0,-21,0.220125786163522,0.0880503144654088,ST
2024,"Armstrong, Shawn",542888,Cubs,CHC,R,85.2,63,1109,6.845679012345679,0.0568079350766456,ST,Sweeper,28.6,-36.9,-8.3,-23,9.1,12.0,12.5,-0.5,-4,0.0062893081761006,0.4213836477987421,ST
2024,"McGreevy, Michael",700241,Cardinals,STL,R,84.3,59,311,1.9197530864197527,0.1897106109324758,ST,Sweeper,40.1,-37.3,2.7,7,-1.7,10.0,12.9,-2.9,-23,,,ST
2024,"Marinaccio, Ron",676760,Yankees,NYY,R,80.3,59,395,2.438271604938272,0.1493670886075949,ST,Sweeper,39.9,-40.4,-0.5,-1,2.8,13.8,14.6,-0.9,-6,,,ST
2024,"Clevinger, Mike",605182,White Sox,CWS,R,78.6,58,303,1.8703703703703705,0.1914191419141914,ST,Sweeper,47.1,-43.2,3.9,9,-2.3,16.8,14.6,2.2,15,,,ST
2024,"Raley, Brooks",548384,Mets,NYM,L,80.5,57,119,0.7345679012345679,0.4789915966386555,ST,Sweeper,40.4,-41.2,-0.8,-2,2.4,19.5,14.5,5.0,35,,,ST
2024,"Veneziano, Anthony",685107,Marlins,MIA,L,82.2,57,242,1.4938271604938271,0.2355371900826446,ST,Sweeper,38.9,-40.0,-1.1,-3,1.7,14.1,13.6,0.5,4,,,ST
2024,"Walston, Blake",686796,D-backs,AZ,L,82.4,57,343,2.117283950617284,0.1661807580174927,ST,Sweeper,37.5,-40.5,-3.0,-8,3.0,6.0,13.8,-7.9,-57,,,ST
2024,"Burnes, Corbin",669203,Orioles,BAL,R,84.2,56,2995,18.48765432098765,0.0186978297161936,ST,Sweeper,39.7,-37.7,2.0,5,-0.9,17.0,12.9,4.1,32,,,ST
2024,"Casparius, Ben",676508,Dodgers,LAD,R,84.1,56,156,0.9629629629629628,0.358974358974359,ST,Sweeper,40.6,-38.5,2.1,6,-2.3,11.3,13.5,-2.2,-16,,,ST
2024,"Dobnak, Randy",677976,Twins,MIN,R,83.1,56,183,1.1296296296296295,0.3060109289617486,ST,Sweeper,40.8,-39.7,1.1,3,-1.3,8.1,14.4,-6.3,-44,,,ST
2024,"Fulmer, Carson",608334,Angels,LAA,R,83.6,54,1472,9.08641975308642,0.0366847826086956,ST,Sweeper,39.6,-38.2,1.4,4,-0.3,12.0,13.3,-1.3,-10,,,ST
2024,"Carrasco, Carlos",471911,Guardians,CLE,R,80.1,54,1693,10.51552795031056,0.0318960425280567,ST,Sweeper,39.0,-41.7,-2.7,-7,3.6,12.2,14.3,-2.1,-15,,,ST
2024,"Nittoli, Vinny",657697,Orioles,BAL,R,82.2,53,178,1.0987654320987654,0.297752808988764,ST,Sweeper,34.5,-38.0,-3.5,-9,6.1,12.2,14.3,-2.1,-15,,,ST
2024,"La Sorsa, Joe",686747,Nationals,WSH,L,74.9,53,271,1.6728395061728396,0.1955719557195571,ST,Sweeper,49.0,-45.8,3.1,7,0.1,13.8,16.0,-2.2,-13,,,ST
2024,"Avila, Pedro",658648,Guardians,CLE,R,77.9,53,1419,8.813664596273291,0.0373502466525722,ST,Sweeper,54.5,-42.7,11.8,28,-9.1,15.3,15.2,0.1,0,,,ST
2024,"O'Brien, Riley",676617,Cardinals,STL,R,82.6,51,194,1.1975308641975309,0.2628865979381443,ST,Sweeper,42.7,-38.5,4.1,11,-2.3,16.0,13.7,2.3,17,,,ST
2024,"Bachar, Lake",669199,Marlins,MIA,R,84.7,50,161,0.9938271604938272,0.3105590062111801,ST,Sweeper,43.8,-37.4,6.4,17,-5.6,12.5,13.2,-0.7,-5,,,ST
2024,"Robert, Daniel",642016,Rangers,TEX,R,83.2,50,103,0.6358024691358025,0.4854368932038835,ST,Sweeper,36.2,-39.4,-3.3,-8,3.6,15.7,13.4,2.2,16,,,ST
2024,"Wrobleski, Justin",680736,Dodgers,LAD,L,84.5,50,592,3.654320987654321,0.0844594594594594,ST,Sweeper,39.1,-39.3,-0.2,0,-0.8,13.1,13.5,-0.4,-3,0.4591194968553459,0.4528301886792453,ST
2024,"Kimbrel, Craig",518886,Orioles,BAL,R,85.6,47,963,5.944444444444445,0.0488058151609553,ST,Sweeper,39.7,-36.1,3.6,10,-2.0,15.2,12.5,2.8,22,,,ST
2024,"Keller, Brad",641745,Red Sox,BOS,R,83.8,47,743,4.58641975308642,0.063257065948856,ST,Sweeper,41.1,-39.3,1.8,5,-2.2,13.2,12.9,0.3,2,0.7044025157232704,0.5786163522012578,ST
2024,"Lovelady, Richard",663992,Rays,TB,L,83.4,46,528,3.259259259259259,0.0871212121212121,ST,Sweeper,35.0,-37.6,-2.6,-7,4.5,11.9,13.6,-1.7,-13,0.1635220125786163,0.2012578616352201,ST
2024,"Whitlock, Garrett",676477,Red Sox,BOS,R,80.7,46,321,1.9814814814814812,0.1433021806853582,ST,Sweeper,44.3,-40.8,3.4,8,-2.2,13.7,14.4,-0.7,-5,,,ST
2024,"Ramirez, Nick",598286,Dodgers,LAD,L,79.2,45,194,1.1975308641975309,0.2319587628865979,ST,Sweeper,46.2,-42.9,3.3,8,-2.4,13.3,15.2,-1.8,-12,,,ST
2024,"García, Deivi",665620,White Sox,CWS,R,79.8,45,283,1.7469135802469136,0.1590106007067137,ST,Sweeper,48.3,-41.7,6.6,16,-5.0,16.9,14.6,2.3,16,,,ST
2024,"Silseth, Chase",681217,Angels,LAA,R,80.0,44,167,1.030864197530864,0.2634730538922156,ST,Sweeper,48.4,-42.0,6.4,15,-5.1,17.3,14.6,2.7,19,,,ST
2024,"Lucas, Easton",687922,Blue Jays,TOR,L,82.7,44,246,1.5185185185185186,0.1788617886178861,ST,Sweeper,36.1,-39.1,-3.0,-8,4.4,12.0,13.5,-1.5,-11,,,ST
2024,"Nelson, Ryne",669194,D-backs,AZ,R,82.3,44,2406,14.851851851851851,0.0182876142975893,ST,Sweeper,40.3,-39.5,0.9,2,0.1,11.5,13.6,-2.1,-15,,,ST
2024,"Fitts, Richard",690916,Red Sox,BOS,R,83.7,42,314,1.938271604938272,0.1337579617834395,ST,Sweeper,37.9,-38.6,-0.7,-2,1.3,13.9,12.9,0.9,7,,,ST
2024,"Devenski, Chris",606965,Rays,TB,R,77.7,41,533,3.2901234567901234,0.0769230769230769,ST,Sweeper,47.8,-45.9,1.9,4,-2.2,14.3,14.8,-0.5,-3,0.7295597484276729,0.4213836477987421,ST
2024,"Bruihl, Justin",677865,Pirates,PIT,L,78.9,41,99,0.6111111111111112,0.4141414141414141,ST,Sweeper,48.1,-42.0,6.2,15,-4.0,15.1,14.7,0.3,2,,,ST
2024,"Hartwig, Grant",701643,Mets,NYM,R,83.8,39,118,0.7283950617283951,0.3305084745762712,ST,Sweeper,36.9,-37.7,-0.8,-2,2.1,13.3,13.9,-0.6,-5,,,ST
2024,"Shugart, Chase",663767,Red Sox,BOS,R,81.2,39,142,0.8765432098765432,0.2746478873239437,ST,Sweeper,43.1,-40.3,2.8,7,-1.3,19.2,14.7,4.5,31,,,ST
2024,"Guerrero, Luis",692285,Red Sox,BOS,R,86.1,38,133,0.8209876543209876,0.2857142857142857,ST,Sweeper,34.0,-36.6,-2.7,-7,3.2,11.2,13.0,-1.8,-14,,,ST
2024,"Beck, Tristan",663941,Giants,SF,R,81.3,37,242,1.4938271604938271,0.152892561983471,ST,Sweeper,42.4,-40.5,1.9,5,-0.8,17.3,13.8,3.4,25,,,ST
2024,"Campbell, Isaiah",663462,Red Sox,BOS,R,81.6,37,119,0.7345679012345679,0.3109243697478991,ST,Sweeper,44.4,-41.4,3.0,7,-2.9,16.5,13.8,2.8,20,,,ST
2024,"Stone, Gavin",694813,Dodgers,LAD,R,87.7,37,2153,13.290123456790123,0.0171853228053878,ST,Sweeper,36.0,-35.4,0.6,2,-0.5,8.6,10.8,-2.2,-21,,,ST
2024,"Rodríguez, Joely",570257,Red Sox,BOS,L,79.3,37,249,1.537037037037037,0.1485943775100401,ST,Sweeper,43.5,-42.1,1.4,3,0.2,13.1,14.7,-1.7,-11,,,ST
2024,"Miller, Ryan",668943,Angels,LAA,R,79.8,37,219,1.351851851851852,0.1689497716894977,ST,Sweeper,41.4,-40.5,0.8,2,1.7,15.9,15.1,0.8,5,,,ST
2024,"Heasley, Jonathan",669169,Orioles,BAL,R,82.0,37,108,0.6666666666666666,0.3425925925925926,ST,Sweeper,41.7,-39.9,1.7,4,-0.9,11.0,13.7,-2.7,-20,,,ST
2024,"Kochanowicz, Jack",686799,Angels,LAA,R,83.7,37,859,5.302469135802469,0.0430733410942956,ST,Sweeper,41.9,-38.3,3.6,9,-2.8,14.2,13.0,1.2,9,,,ST
2024,"Kitchen, Austin",685116,Marlins,MIA,L,79.2,36,158,0.9753086419753086,0.2278481012658227,ST,Sweeper,42.8,-42.7,0.1,0,1.2,12.7,14.9,-2.2,-15,,,ST
2024,"Teng, Kai-Wei",678906,Giants,SF,R,83.6,35,204,1.2592592592592593,0.1715686274509804,ST,Sweeper,36.7,-38.0,-1.3,-4,2.7,14.4,13.3,1.1,8,,,ST
2024,"Díaz, Jhonathan",646242,Mariners,SEA,L,78.6,35,166,1.0246913580246917,0.2108433734939759,ST,Sweeper,42.7,-42.5,0.3,1,1.8,14.7,15.1,-0.4,-2,,,ST
2024,"Bermúdez, Jonathan",642834,Marlins,MIA,L,75.0,35,121,0.7469135802469136,0.2892561983471074,ST,Sweeper,47.4,-46.3,1.1,2,1.2,15.9,16.2,-0.3,-2,,,ST
2024,"Strzelecki, Peter",657265,Guardians,CLE,R,82.1,34,192,1.1925465838509317,0.1770833333333333,ST,Sweeper,34.8,-38.2,-3.4,-9,5.9,15.2,14.3,0.9,6,,,ST
2024,"Wicks, Jordan",696136,Cubs,CHC,L,82.6,34,852,5.25925925925926,0.0399061032863849,ST,Sweeper,40.5,-39.4,1.1,3,-0.2,14.1,13.5,0.6,4,,,ST
2024,"Davis, Austin",656354,Padres,SD,L,80.2,34,142,0.8765432098765432,0.2394366197183098,ST,Sweeper,38.6,-41.3,-2.7,-7,4.0,18.7,14.9,3.8,25,,,ST
2024,"Zeferjahn, Ryan",666171,Angels,LAA,R,83.3,34,207,1.2777777777777777,0.1642512077294686,ST,Sweeper,37.1,-38.4,-1.3,-3,2.4,15.6,13.4,2.2,16,,,ST
2024,"Jacob, Alek",689690,Padres,SD,R,72.6,33,232,1.432098765432099,0.1422413793103448,ST,Sweeper,49.9,-48.1,1.8,4,2.8,16.1,17.5,-1.4,-8,,,ST
2024,"Robertson, Nick",687798,Blue Jays,TOR,R,82.8,31,217,1.339506172839506,0.1428571428571428,ST,Sweeper,36.3,-38.6,-2.3,-6,3.7,13.5,13.6,-0.1,0,,,ST
2024,"Cano, Yennier",666974,Orioles,BAL,R,85.9,30,1008,6.222222222222222,0.0297619047619047,ST,Sweeper,36.6,-36.4,0.2,1,0.8,11.5,12.7,-1.1,-9,,,ST
2024,"Winder, Josh",680739,Twins,MIN,R,84.2,30,141,0.8703703703703703,0.2127659574468085,ST,Sweeper,45.6,-37.9,7.7,20,-7.0,7.6,13.3,-5.7,-43,,,ST
2024,"Boyle, Joe",671212,Athletics,ATH,R,84.6,29,966,5.962962962962963,0.0300207039337474,ST,Sweeper,43.7,-37.8,5.9,16,-5.0,17.4,12.4,5.1,41,,,ST
2024,"Winans, Allan",642216,Braves,ATL,R,79.2,29,147,0.9074074074074074,0.1972789115646258,ST,Sweeper,46.2,-42.9,3.4,8,-2.7,10.7,14.5,-3.8,-26,,,ST
2024,"Jay, Tyler",664079,Brewers,MIL,L,82.0,27,153,0.9444444444444444,0.1764705882352941,ST,Sweeper,36.1,-39.5,-3.5,-9,4.7,14.2,14.1,0.1,1,,,ST
2024,"Lynn, Lance",458681,Cardinals,STL,R,82.0,26,2039,12.58641975308642,0.0127513487003433,ST,Sweeper,41.2,-39.5,1.7,4,-0.3,14.6,14.0,0.6,4,,,ST
2024,"Uceta, Edwin",670955,Rays,TB,R,81.0,26,672,4.148148148148148,0.0386904761904761,ST,Sweeper,42.4,-40.0,2.4,6,-0.2,14.4,15.1,-0.7,-5,,,ST
2024,"Hill, Rich",448179,Red Sox,BOS,L,70.6,26,71,0.4382716049382716,0.3661971830985915,ST,Sweeper,55.2,-53.1,2.1,4,0.5,22.3,20.4,2.0,10,,,ST
2024,"Rasmussen, Drew",656876,Rays,TB,R,85.4,25,459,2.833333333333333,0.0544662309368191,ST,Sweeper,41.0,-36.3,4.7,13,-3.4,13.6,12.3,1.2,10,,,ST
2024,"Bloss, Jake",814005,Astros,HOU,R,82.1,25,238,1.4782608695652173,0.1050420168067226,ST,Sweeper,35.0,-39.1,-4.1,-10,5.8,10.4,13.9,-3.5,-25,,,ST
2024,"Morton, Charlie",450203,Braves,ATL,R,81.5,1183,2791,17.228395061728396,0.4238624149050519,CU,Curveball,50.2,-49.7,0.5,1,-8.9,13.6,10.1,3.6,36,0.4759615384615384,0.8413461538461539,CU
2024,"Nola, Aaron",605400,Phillies,PHI,R,79.1,1049,3189,19.685185185185187,0.3289432423957353,CU,Curveball,53.9,-52.4,1.5,3,-9.9,14.0,12.2,1.9,15,0.5576923076923077,0.7019230769230769,CU
2024,"Irvin, Jake",663623,Nationals,WSH,R,81.1,952,3046,18.80246913580247,0.3125410374261326,CU,Curveball,44.4,-50.8,-6.3,-13,-3.0,12.0,8.3,3.8,45,0.0673076923076923,0.8509615384615384,CU
2024,"Valdez, Framber",664285,Astros,HOU,L,79.7,813,2598,16.13664596273292,0.312933025404157,CU,Curveball,58.3,-53.3,4.9,9,-14.6,11.1,8.8,2.3,26,0.8798076923076923,0.75,CU
2024,"Gallen, Zac",668678,D-backs,AZ,R,81.0,695,2506,15.469135802469136,0.2773343974461293,CU,Curveball,52.9,-51.2,1.6,3,-11.1,4.8,8.4,-3.6,-43,0.5721153846153846,0.1346153846153846,CU
2024,"Johnson, Pierce",572955,Braves,ATL,R,85.4,656,916,5.654320987654321,0.7161572052401747,CU,Curveball,41.9,-45.5,-3.6,-8,-4.5,9.8,7.0,2.7,39,0.1586538461538461,0.7932692307692307,CU
2024,"Burnes, Corbin",669203,Orioles,BAL,R,80.3,644,2995,18.48765432098765,0.215025041736227,CU,Curveball,55.6,-52.4,3.2,6,-12.9,10.0,8.1,1.9,23,0.75,0.7019230769230769,CU
2024,"Quintana, Jose",500779,Mets,NYM,L,77.6,616,2819,17.401234567901234,0.2185172046825115,CU,Curveball,53.5,-55.9,-2.4,-4,-8.0,6.9,9.7,-2.9,-29,0.2403846153846154,0.1826923076923076,CU
2024,"Montgomery, Jordan",656756,D-backs,AZ,L,79.2,593,1929,11.907407407407408,0.3074131674442716,CU,Curveball,50.8,-54.0,-3.3,-6,-7.3,4.3,7.2,-2.9,-40,0.1826923076923076,0.1826923076923076,CU
2024,"Gomber, Austin",596295,Rockies,COL,L,77.6,587,2621,16.179012345679013,0.2239603204883632,CU,Curveball,56.3,-56.4,0.0,0,-10.9,7.5,7.7,-0.2,-2,0.4230769230769231,0.4711538461538461,CU
2024,"Gore, MacKenzie",669022,Nationals,WSH,L,82.8,581,2994,18.48148148148148,0.1940547762191048,CU,Curveball,50.1,-49.1,1.0,2,-10.3,0.5,6.8,-6.4,-93,0.5192307692307693,0.0336538461538461,CU
2024,"Fried, Max",608331,Braves,ATL,L,74.6,578,2761,17.04320987654321,0.2093444404201376,CU,Curveball,66.6,-61.1,5.5,9,-16.8,10.5,10.1,0.5,5,0.9230769230769232,0.5576923076923077,CU
2024,"Flaherty, Jack",656427,Dodgers,LAD,R,77.4,560,2569,15.858024691358024,0.217983651226158,CU,Curveball,54.5,-54.9,-0.4,-1,-8.6,13.3,12.0,1.3,11,0.4038461538461538,0.6586538461538461,CU
2024,"Parker, Mitchell",680730,Nationals,WSH,L,80.5,542,2404,14.839506172839506,0.2254575707154742,CU,Curveball,50.0,-51.9,-2.0,-4,-8.0,2.4,8.1,-5.7,-70,0.2548076923076923,0.0721153846153846,CU
2024,"Kikuchi, Yusei",579328,Astros,HOU,L,82.4,523,2923,18.15527950310559,0.1789257612042422,CU,Curveball,45.1,-49.5,-4.4,-9,-4.7,4.9,7.6,-2.8,-37,0.1298076923076923,0.1923076923076923,CU
2024,"Paxton, James",572020,Red Sox,BOS,L,80.8,517,1708,10.54320987654321,0.3026932084309133,CU,Curveball,46.5,-51.7,-5.2,-10,-4.8,1.1,8.0,-6.9,-87,0.1057692307692307,0.0240384615384615,CU
2024,"Lodolo, Nick",666157,Reds,CIN,L,81.7,509,1863,11.5,0.273215244229737,CU,Curveball,41.2,-49.8,-8.6,-17,-0.1,11.4,9.8,1.6,16,0.0048076923076923,0.6826923076923077,CU
2024,"Lugo, Seth",607625,Royals,KC,R,79.8,503,3112,19.20987654320988,0.1616323907455013,CU,Curveball,58.0,-52.1,5.9,11,-14.5,14.6,10.4,4.2,40,0.9471153846153846,0.8846153846153846,CU
2024,"Arrighetti, Spencer",681293,Astros,HOU,R,78.4,498,2505,15.559006211180124,0.1988023952095808,CU,Curveball,53.6,-53.5,0.1,0,-8.7,14.6,12.3,2.3,18,0.4326923076923077,0.75,CU
2024,"Smyly, Drew",592767,Cubs,CHC,L,80.0,494,1016,6.271604938271605,0.4862204724409449,CU,Curveball,45.9,-53.3,-7.5,-14,-3.4,3.2,6.3,-9.5,-151,0.0288461538461538,0.0048076923076923,CU
2024,"Suarez, Ranger",624133,Phillies,PHI,L,74.4,483,2354,14.530864197530864,0.2051826677994902,CU,Curveball,59.7,-61.4,-1.7,-3,-10.0,11.6,10.7,0.8,8,0.2932692307692308,0.6057692307692307,CU
2024,"Snell, Blake",605483,Giants,SF,L,81.1,462,1773,10.944444444444445,0.260575296108291,CU,Curveball,50.6,-52.2,-1.6,-3,-8.7,12.2,6.9,5.4,78,0.3028846153846153,0.9567307692307692,CU
2024,"Eflin, Zach",621107,Orioles,BAL,R,78.8,461,2447,15.104938271604938,0.1883939517776869,CU,Curveball,50.6,-54.2,-3.6,-7,-6.5,11.2,9.1,2.1,24,0.1586538461538461,0.7355769230769231,CU
2024,"Soriano, José",667755,Angels,LAA,R,86.4,440,1736,10.716049382716047,0.2534562211981567,CU,Curveball,45.0,-44.7,0.3,1,-8.2,11.3,5.6,5.8,104,0.4471153846153846,0.9615384615384616,CU
2024,"Civale, Aaron",650644,Brewers,MIL,R,77.1,423,2699,16.660493827160494,0.1567247128566135,CU,Curveball,63.8,-58.4,5.4,9,-17.0,13.0,8.4,4.6,54,0.9182692307692308,0.908653846153846,CU
2024,"Hjelle, Sean",663546,Giants,SF,R,85.8,416,1209,7.462962962962963,0.3440860215053763,CU,Curveball,39.5,-44.9,-5.4,-12,-2.5,3.4,5.5,-2.1,-38,0.0913461538461538,0.2644230769230769,CU
2024,"Bassitt, Chris",605135,Blue Jays,TOR,R,71.0,405,2959,18.265432098765437,0.136870564379858,CU,Curveball,67.7,-67.0,0.6,1,-12.5,15.3,12.5,2.8,22,0.4951923076923077,0.8028846153846154,CU
2024,"Roupp, Landen",694738,Giants,SF,R,77.4,400,906,5.592592592592593,0.4415011037527593,CU,Curveball,55.0,-55.0,0.0,0,-8.8,18.1,11.5,6.6,58,0.4230769230769231,0.9807692307692308,CU
2024,"Pivetta, Nick",601713,Red Sox,BOS,R,80.0,389,2386,14.728395061728396,0.1630343671416596,CU,Curveball,58.2,-53.3,4.9,9,-15.2,7.8,6.8,1.0,14,0.8798076923076923,0.6346153846153846,CU
2024,"Cabrera, Edward",665795,Marlins,MIA,R,84.8,379,1734,10.703703703703704,0.2185697808535179,CU,Curveball,43.5,-46.9,-3.3,-7,-5.5,8.2,6.2,2.0,32,0.1826923076923076,0.7259615384615384,CU
2024,"Glasnow, Tyler",607192,Dodgers,LAD,R,83.7,374,2011,12.41358024691358,0.1859771258080557,CU,Curveball,51.1,-48.7,2.4,5,-12.0,3.3,5.4,-2.1,-38,0.6346153846153846,0.2644230769230769,CU
2024,"Taillon, Jameson",592791,Cubs,CHC,R,79.6,364,2483,15.32716049382716,0.1465968586387434,CU,Curveball,54.1,-53.3,0.8,1,-10.7,9.9,7.9,1.9,25,0.5096153846153846,0.7019230769230769,CU
2024,"Brown, Hunter",686613,Astros,HOU,R,82.9,360,2889,17.944099378881987,0.1246105919003115,CU,Curveball,55.5,-49.6,5.9,12,-15.2,4.7,6.9,-2.2,-32,0.9471153846153846,0.2548076923076923,CU
2024,"Eovaldi, Nathan",543135,Rangers,TEX,R,76.7,359,2622,16.185185185185187,0.1369183829138062,CU,Curveball,54.1,-56.9,-2.9,-5,-7.4,9.2,10.4,-1.3,-12,0.2163461538461538,0.3653846153846153,CU
2024,"Herrin, Tim",682120,Guardians,CLE,L,81.6,357,1011,6.279503105590062,0.3531157270029673,CU,Curveball,43.8,-50.6,-6.9,-14,-2.6,10.4,8.1,2.3,28,0.0384615384615384,0.75,CU
2024,"Baumann, Mike",657508,Marlins,MIA,R,87.8,357,1066,6.580246913580247,0.3348968105065666,CU,Curveball,42.8,-43.1,-0.3,-1,-7.4,1.3,4.6,-3.3,-72,0.4134615384615384,0.1634615384615384,CU
2024,"Musgrove, Joe",605397,Padres,SD,R,81.6,356,1582,9.765432098765432,0.225031605562579,CU,Curveball,57.0,-51.4,5.5,11,-15.3,11.4,6.7,4.7,69,0.9230769230769232,0.9182692307692308,CU
2024,"Marsh, Alec",679525,Royals,KC,R,82.8,355,2161,13.339506172839506,0.1642757982415548,CU,Curveball,47.1,-49.1,-2.0,-4,-7.2,7.5,8.5,-1.0,-12,0.2548076923076923,0.3990384615384615,CU
2024,"McKenzie, Triston",663474,Guardians,CLE,R,77.7,347,1304,8.099378881987578,0.2661042944785276,CU,Curveball,52.9,-56.2,-3.2,-6,-7.7,8.0,7.9,0.1,1,0.2019230769230769,0.5096153846153846,CU
2024,"Verlander, Justin",434378,Astros,HOU,R,77.6,346,1580,9.813664596273291,0.2189873417721519,CU,Curveball,59.2,-57.3,1.9,3,-13.4,7.2,6.4,0.8,12,0.5961538461538461,0.6057692307692307,CU
2024,"Gray, Sonny",543243,Cardinals,STL,R,79.9,346,2483,15.32716049382716,0.139347563431333,CU,Curveball,57.8,-52.2,5.7,11,-14.6,12.1,9.5,2.6,28,0.9375,0.7836538461538461,CU
2024,"Ruiz, José",614179,Phillies,PHI,R,86.2,344,835,5.154320987654321,0.4119760479041916,CU,Curveball,40.4,-44.4,-4.0,-9,-3.7,1.3,6.2,-4.9,-79,0.1442307692307692,0.0913461538461538,CU
2024,"Flexen, Chris",623167,White Sox,CWS,R,72.0,342,2797,17.265432098765434,0.122273864855202,CU,Curveball,69.1,-66.3,2.8,4,-15.7,7.2,7.3,-0.1,-1,0.6875,0.4807692307692308,CU
2024,"Yamamoto, Yoshinobu",808967,Dodgers,LAD,R,78.0,340,1469,9.067901234567902,0.2314499659632403,CU,Curveball,61.3,-54.9,6.4,12,-15.8,11.9,10.2,1.7,17,0.966346153846154,0.6923076923076923,CU
2024,"Freeland, Kyle",607536,Rockies,COL,L,83.5,333,1769,10.919753086419751,0.1882419446014697,CU,Curveball,44.3,-48.3,-4.0,-8,-5.4,1.5,7.5,-6.1,-80,0.1442307692307692,0.0576923076923076,CU
2024,"Mikolas, Miles",571945,Cardinals,STL,R,76.3,328,2703,16.685185185185187,0.1213466518682944,CU,Curveball,61.5,-58.5,3.0,5,-14.1,7.9,7.9,0.0,0,0.7115384615384616,0.4951923076923077,CU
2024,"Falter, Bailey",663559,Pirates,PIT,L,77.7,325,2137,13.191358024691358,0.1520823584464202,CU,Curveball,48.6,-55.5,-6.8,-12,-3.5,3.7,9.6,-5.9,-62,0.0432692307692307,0.0673076923076923,CU
2024,"Ragans, Cole",666142,Royals,KC,L,80.8,323,3118,19.246913580246915,0.1035920461834509,CU,Curveball,55.0,-52.2,2.7,5,-12.7,10.2,7.5,2.7,36,0.6730769230769231,0.7932692307692307,CU
2024,"Robertson, David",502085,Rangers,TEX,R,84.2,323,1211,7.4753086419753085,0.2667217175887696,CU,Curveball,49.9,-47.6,2.3,5,-11.1,7.4,7.0,0.3,4,0.6201923076923077,0.5384615384615384,CU
2024,"Wheeler, Zack",554430,Phillies,PHI,R,81.8,317,3134,19.34567901234568,0.1011486917677089,CU,Curveball,49.8,-49.3,0.5,1,-9.0,8.6,9.1,-0.5,-5,0.4759615384615384,0.4326923076923077,CU
2024,"Maton, Phil",664208,Mets,NYM,R,74.7,312,1078,6.654320987654321,0.2894248608534323,CU,Curveball,62.2,-59.8,2.4,4,-12.1,18.1,12.9,5.2,41,0.6346153846153846,0.9471153846153846,CU
2024,"Quantrill, Cal",615698,Rockies,COL,R,79.4,311,2643,16.314814814814813,0.1176693151721528,CU,Curveball,47.5,-54.2,-6.7,-12,-4.4,2.9,7.6,-4.7,-62,0.048076923076923,0.0961538461538461,CU
2024,"Pérez, Martín",527048,Padres,SD,L,77.9,310,2204,13.604938271604938,0.1406533575317604,CU,Curveball,49.3,-55.8,-6.6,-12,-4.3,3.5,9.6,-6.1,-63,0.0528846153846153,0.0576923076923076,CU
2024,"Canning, Griffin",656288,Angels,LAA,R,80.5,307,2869,17.709876543209877,0.1070059254095503,CU,Curveball,48.4,-52.0,-3.6,-7,-6.0,12.4,9.0,3.4,38,0.1586538461538461,0.8173076923076923,CU
2024,"McArthur, James",663704,Royals,KC,R,83.7,304,903,5.574074074074074,0.3366555924695459,CU,Curveball,50.2,-48.2,2.0,4,-11.0,13.9,7.1,6.9,98,0.6153846153846154,0.9855769230769232,CU
2024,"Bernardino, Brennan",657514,Red Sox,BOS,L,78.9,304,860,5.308641975308642,0.3534883720930232,CU,Curveball,45.3,-47.2,-1.9,-4,-1.1,17.5,16.1,1.4,9,0.2740384615384615,0.6634615384615384,CU
2024,"Brown, Ben",676962,Cubs,CHC,R,86.5,303,849,5.2407407407407405,0.3568904593639576,CU,Curveball,40.0,-44.0,-3.9,-9,-3.5,1.9,5.1,-3.2,-62,0.1538461538461538,0.173076923076923,CU
2024,"Spence, Mitch",687765,Athletics,ATH,R,80.4,301,2480,15.308641975308642,0.1213709677419354,CU,Curveball,56.0,-52.6,3.3,6,-13.1,11.3,7.5,3.8,50,0.7644230769230769,0.8509615384615384,CU
2024,"López, Pablo",641154,Twins,MIN,R,82.4,297,2986,18.432098765432094,0.0994641661085063,CU,Curveball,51.0,-49.4,1.6,3,-10.6,6.6,6.9,-0.4,-5,0.5721153846153846,0.4519230769230769,CU
2024,"Assad, Javier",665871,Cubs,CHC,R,76.8,294,2538,15.666666666666666,0.1158392434988179,CU,Curveball,56.4,-57.5,-1.1,-2,-9.8,11.1,9.2,1.9,21,0.3413461538461538,0.7019230769230769,CU
2024,"Suárez, Albert",544150,Orioles,BAL,R,79.0,293,2233,13.783950617283953,0.1312136139722346,CU,Curveball,50.8,-54.1,-3.4,-6,-7.0,5.7,8.0,-2.3,-29,0.173076923076923,0.2451923076923076,CU
2024,"Rodriguez, Grayson",680570,Orioles,BAL,R,81.3,291,1879,11.598765432098766,0.1548696114954763,CU,Curveball,51.5,-50.3,1.2,2,-9.8,8.3,7.9,0.4,5,0.5384615384615384,0.5480769230769231,CU
2024,"Cole, Gerrit",543037,Yankees,NYY,R,82.5,287,1534,9.469135802469136,0.1870925684485006,CU,Curveball,55.4,-49.8,5.6,11,-14.7,8.9,7.9,1.0,12,0.9326923076923076,0.6346153846153846,CU
2024,"Francis, Bowden",670102,Blue Jays,TOR,R,73.5,283,1558,9.617283950617283,0.1816431322207959,CU,Curveball,60.6,-63.2,-2.6,-4,-9.2,15.6,10.9,4.7,43,0.2259615384615384,0.9182692307692308,CU
2024,"Hendricks, Kyle",543294,Cubs,CHC,R,74.3,279,2135,13.179012345679013,0.1306791569086651,CU,Curveball,60.5,-61.0,-0.5,-1,-10.5,14.9,11.0,4.0,36,0.3894230769230769,0.8701923076923077,CU
2024,"Kimbrel, Craig",518886,Orioles,BAL,R,84.3,278,963,5.944444444444445,0.288681204569055,CU,Curveball,47.6,-47.2,0.4,1,-8.9,11.7,9.8,1.9,20,0.4615384615384615,0.7019230769230769,CU
2024,"Vásquez, Randy",681190,Padres,SD,R,82.2,277,1687,10.41358024691358,0.1641967990515708,CU,Curveball,45.1,-49.9,-4.8,-10,-4.6,12.5,8.3,4.3,52,0.1153846153846153,0.8894230769230769,CU
2024,"Schwellenbach, Spencer",680885,Braves,ATL,R,80.6,275,1887,11.648148148148149,0.145733969263381,CU,Curveball,49.0,-50.8,-1.8,-4,-7.1,8.8,9.9,-1.2,-12,0.2836538461538461,0.3798076923076923,CU
2024,"Keller, Mitch",656605,Pirates,PIT,R,78.3,274,2849,17.58641975308642,0.0961740961740961,CU,Curveball,58.0,-54.9,3.1,6,-13.0,13.4,9.1,4.3,47,0.7259615384615384,0.8894230769230769,CU
2024,"Povich, Cade",700249,Orioles,BAL,L,76.3,272,1389,8.574074074074074,0.1958243340532757,CU,Curveball,61.6,-58.1,3.5,6,-14.2,10.9,10.0,0.9,9,0.7788461538461539,0.6201923076923077,CU
2024,"Williams, Gavin",668909,Guardians,CLE,R,79.5,271,1368,8.496894409937887,0.1980994152046783,CU,Curveball,58.5,-53.2,5.2,10,-14.7,10.4,8.0,2.4,30,0.8990384615384616,0.7692307692307693,CU
2024,"Abbott, Andrew",671096,Reds,CIN,L,80.8,270,2333,14.401234567901234,0.115730818688384,CU,Curveball,45.7,-51.6,-5.9,-11,-4.1,8.8,8.2,0.6,8,0.0721153846153846,0.5769230769230769,CU
2024,"Anderson, Nick",623433,Royals,KC,R,81.7,261,573,3.537037037037037,0.4554973821989528,CU,Curveball,42.9,-51.2,-8.3,-16,-1.9,1.8,7.0,-5.2,-74,0.0192307692307692,0.0865384615384615,CU
2024,"Feltner, Ryan",663372,Rockies,COL,R,79.2,260,2577,15.907407407407408,0.1008925106713232,CU,Curveball,51.8,-53.2,-1.5,-3,-8.4,9.4,9.9,-0.5,-5,0.3076923076923077,0.4326923076923077,CU
2024,"Birdsong, Hayden",806185,Giants,SF,R,80.5,259,1388,8.567901234567902,0.1865994236311239,CU,Curveball,55.8,-52.6,3.2,6,-13.5,5.7,7.4,-1.7,-23,0.75,0.3221153846153846,CU
2024,"Blanco, Ronel",669854,Astros,HOU,R,80.1,258,2751,17.08695652173913,0.0937840785169029,CU,Curveball,44.3,-52.7,-8.4,-16,-1.5,9.5,7.8,1.6,21,0.0144230769230769,0.6826923076923077,CU
2024,"Rodón, Carlos",607074,Yankees,NYY,L,81.0,257,3102,19.14814814814815,0.082849774339136,CU,Curveball,52.3,-52.0,0.3,1,-10.6,6.3,7.2,-0.9,-12,0.4471153846153846,0.4134615384615384,CU
2024,"Hudson, Dakota",641712,Rockies,COL,R,80.2,257,1510,9.320987654320987,0.1701986754966887,CU,Curveball,47.7,-52.6,-4.9,-9,-5.3,12.3,8.3,4.0,48,0.110576923076923,0.8701923076923077,CU
2024,"Buehler, Walker",621111,Dodgers,LAD,R,78.0,256,1336,8.246913580246913,0.1916167664670658,CU,Curveball,60.1,-55.1,5.0,9,-14.7,10.7,10.0,0.8,8,0.8894230769230769,0.6057692307692307,CU
2024,"Martinez, Nick",607259,Reds,CIN,R,80.8,253,2125,13.117283950617283,0.1190588235294117,CU,Curveball,55.7,-52.1,3.7,7,-13.8,0.1,7.7,-7.8,-101,0.8076923076923077,0.0096153846153846,CU
2024,"Cease, Dylan",656302,Padres,SD,R,82.3,251,3188,19.679012345679013,0.0787327478042659,CU,Curveball,56.6,-49.9,6.7,13,-15.8,3.1,7.8,-4.7,-60,0.9759615384615384,0.0961538461538461,CU
2024,"Kremer, Dean",665152,Orioles,BAL,R,77.0,248,2171,13.401234567901234,0.1142330723169046,CU,Curveball,60.7,-57.3,3.3,6,-14.2,8.6,9.0,-0.3,-4,0.7644230769230769,0.4663461538461538,CU
2024,"Baz, Shane",669358,Rays,TB,R,83.6,247,1206,7.444444444444445,0.2048092868988391,CU,Curveball,52.4,-48.3,4.1,8,-12.9,7.5,7.4,0.1,1,0.8317307692307693,0.5096153846153846,CU
2024,"Pallante, Andre",669467,Cardinals,STL,R,79.5,244,1934,11.938271604938272,0.1261633919338159,CU,Curveball,59.1,-53.3,5.8,11,-15.6,4.2,8.4,-4.2,-50,0.9423076923076924,0.1153846153846153,CU
2024,"Duran, Jhoan",661395,Twins,MIN,R,86.1,244,881,5.438271604938271,0.2769580022701475,CU,Curveball,46.4,-45.3,1.1,3,-9.5,6.2,6.3,0.0,0,0.5336538461538461,0.4951923076923077,CU
2024,"López, Reynaldo",625643,Braves,ATL,R,77.0,244,2110,13.024691358024691,0.1156398104265402,CU,Curveball,54.0,-57.2,-3.3,-6,-7.8,7.0,9.1,-2.1,-23,0.1826923076923076,0.2644230769230769,CU
2024,"Schmidt, Clarke",657376,Yankees,NYY,R,83.7,242,1454,8.975308641975309,0.1664374140302613,CU,Curveball,50.3,-47.9,2.3,5,-10.7,16.2,8.1,8.0,99,0.6201923076923077,1.0,CU
2024,"Pressly, Ryan",519151,Astros,HOU,R,82.4,241,969,6.018633540372671,0.2487100103199174,CU,Curveball,52.2,-49.8,2.4,5,-11.3,15.6,8.1,7.5,93,0.6346153846153846,0.9903846153846154,CU
2024,"Kirby, George",669923,Mariners,SEA,R,83.3,241,2967,18.314814814814813,0.0812268284462419,CU,Curveball,53.9,-48.6,5.3,11,-14.2,8.6,7.4,1.2,16,0.9134615384615384,0.6490384615384616,CU
2024,"Gibson, Kyle",502043,Cardinals,STL,R,78.3,239,2764,17.061728395061728,0.0864688856729377,CU,Curveball,54.1,-55.0,-0.9,-2,-9.5,6.4,7.9,-1.4,-18,0.3605769230769231,0.3557692307692308,CU
2024,"Skenes, Paul",694973,Pirates,PIT,R,83.0,230,2125,13.117283950617283,0.108235294117647,CU,Curveball,43.6,-48.9,-5.3,-11,-3.9,7.1,8.1,-1.0,-12,0.0961538461538461,0.3990384615384615,CU
2024,"Mantiply, Joe",573009,D-backs,AZ,L,79.2,230,867,5.351851851851852,0.2652825836216839,CU,Curveball,46.9,-52.2,-5.3,-10,-3.2,9.8,11.7,-1.9,-16,0.0961538461538461,0.2932692307692308,CU
2024,"Wilson, Bryse",669060,Brewers,MIL,R,80.4,228,1643,10.141975308641976,0.1387705416920267,CU,Curveball,46.0,-51.8,-5.9,-11,-3.4,15.1,8.8,6.3,71,0.0721153846153846,0.971153846153846,CU
2024,"Avila, Pedro",658648,Guardians,CLE,R,77.6,228,1419,8.813664596273291,0.160676532769556,CU,Curveball,61.1,-55.9,5.2,9,-15.3,9.2,9.6,-0.4,-4,0.8990384615384616,0.4519230769230769,CU
2024,"Detmers, Reid",672282,Angels,LAA,L,75.0,227,1557,9.61111111111111,0.1457931920359666,CU,Curveball,63.9,-60.7,3.2,5,-14.7,9.3,9.8,-0.5,-5,0.75,0.4326923076923077,CU
2024,"Peralta, Freddy",642547,Brewers,MIL,R,78.3,225,3066,18.925925925925927,0.073385518590998,CU,Curveball,49.4,-54.2,-4.8,-9,-4.7,4.5,10.7,-6.3,-58,0.1153846153846153,0.0432692307692307,CU
2024,"Little, Brendon",663893,Blue Jays,TOR,L,86.7,221,696,4.296296296296297,0.3175287356321839,CU,Curveball,44.5,-43.9,0.6,1,-8.0,3.7,6.1,-2.4,-40,0.4951923076923077,0.2307692307692307,CU
2024,"Stratton, Chris",608717,Royals,KC,R,79.2,220,994,6.135802469135802,0.221327967806841,CU,Curveball,52.2,-53.6,-1.4,-3,-8.3,16.5,8.8,7.7,87,0.3173076923076923,0.9951923076923076,CU
2024,"Thielbar, Caleb",573204,Twins,MIN,L,74.1,220,887,5.4753086419753085,0.2480270574971815,CU,Curveball,65.6,-62.0,3.6,6,-15.4,8.7,10.3,-1.6,-15,0.7932692307692307,0.3365384615384615,CU
2024,"Nicolas, Kyle",693312,Pirates,PIT,R,85.6,218,950,5.864197530864198,0.2294736842105263,CU,Curveball,46.9,-45.8,1.0,2,-9.7,4.9,5.7,-0.8,-14,0.5192307692307693,0.4182692307692308,CU
2024,"Faucher, Calvin",676534,Marlins,MIA,R,85.7,217,987,6.092592592592593,0.2198581560283688,CU,Curveball,50.0,-45.2,4.8,11,-12.6,8.4,6.9,1.5,22,0.875,0.6730769230769231,CU
2024,"Barlow, Scott",605130,Guardians,CLE,R,77.3,215,1022,6.3478260869565215,0.210371819960861,CU,Curveball,55.7,-55.5,0.3,0,-9.5,17.5,11.2,6.3,56,0.4471153846153846,0.971153846153846,CU
2024,"Holmes, Grant",656550,Braves,ATL,R,83.9,215,1024,6.320987654320987,0.2099609375,CU,Curveball,46.2,-47.7,-1.4,-3,-7.6,3.5,7.9,-4.3,-55,0.3173076923076923,0.1057692307692307,CU
2024,"Woods Richardson, Simeon",680573,Twins,MIN,R,76.1,213,2295,14.166666666666666,0.0928104575163398,CU,Curveball,62.4,-58.8,3.6,6,-14.8,5.5,8.1,-2.5,-32,0.7932692307692307,0.2067307692307692,CU
2024,"Wacha, Michael",608379,Royals,KC,R,75.2,212,2602,16.061728395061728,0.0814757878554957,CU,Curveball,60.8,-60.3,0.4,1,-12.0,12.3,8.5,3.8,45,0.4615384615384615,0.8509615384615384,CU
2024,"Bednar, David",670280,Pirates,PIT,R,77.2,209,1023,6.314814814814815,0.2043010752688172,CU,Curveball,55.9,-56.5,-0.6,-1,-9.8,9.0,9.7,-0.7,-7,0.3846153846153846,0.4230769230769231,CU
2024,"Lively, Ben",594902,Guardians,CLE,R,77.1,207,2406,14.944099378881988,0.0860349127182044,CU,Curveball,51.1,-55.5,-4.4,-8,-5.1,8.8,11.9,-3.1,-26,0.1298076923076923,0.1778846153846154,CU
2024,"Bradley, Taj",671737,Rays,TB,R,79.1,205,2294,14.160493827160494,0.0893635571054925,CU,Curveball,62.0,-54.0,8.0,15,-17.5,6.9,8.1,-1.2,-15,0.9951923076923076,0.3798076923076923,CU
2024,"Crawford, Kutter",676710,Red Sox,BOS,R,77.3,202,2823,17.425925925925927,0.071555083244775,CU,Curveball,59.8,-56.7,3.1,6,-13.7,7.9,9.1,-1.2,-13,0.7259615384615384,0.3798076923076923,CU
2024,"Miller, Bobby",676272,Dodgers,LAD,R,79.8,200,1053,6.5,0.1899335232668566,CU,Curveball,55.6,-53.1,2.5,5,-12.5,8.3,7.8,0.5,6,0.6538461538461539,0.5576923076923077,CU
2024,"Paddack, Chris",663978,Twins,MIN,R,78.2,198,1460,9.012345679012345,0.1356164383561643,CU,Curveball,58.2,-55.2,3.0,5,-13.2,6.7,8.2,-1.5,-18,0.7115384615384616,0.3509615384615384,CU
2024,"Megill, Trevor",656730,Brewers,MIL,R,87.4,190,668,4.1234567901234565,0.2844311377245509,CU,Curveball,42.1,-42.5,-0.4,-1,-6.3,4.3,4.4,0.0,-1,0.4038461538461538,0.4951923076923077,CU
2024,"Harris, Hogan",663687,Athletics,ATH,L,72.4,190,1213,7.487654320987654,0.156636438582028,CU,Curveball,71.0,-64.9,6.1,9,-17.9,10.5,11.5,-1.0,-9,0.9615384615384616,0.3990384615384615,CU
2024,"Knack, Landon",689017,Dodgers,LAD,R,79.6,187,1149,7.092592592592593,0.1627502175805047,CU,Curveball,58.1,-53.4,4.7,9,-14.6,8.1,9.3,-1.3,-14,0.8653846153846154,0.3653846153846153,CU
2024,"Voth, Austin",608723,Mariners,SEA,R,75.3,183,974,6.012345679012346,0.1878850102669404,CU,Curveball,61.6,-59.2,2.4,4,-12.7,15.3,11.0,4.4,40,0.6346153846153846,0.903846153846154,CU
2024,"Kerr, Ray",678061,Braves,ATL,L,82.0,180,383,2.3641975308641974,0.4699738903394256,CU,Curveball,43.0,-49.7,-6.6,-13,-2.6,0.1,9.3,-9.2,-99,,,CU
2024,"Jones, Jared",683003,Pirates,PIT,R,81.5,178,1912,11.802469135802468,0.0930962343096234,CU,Curveball,51.9,-50.5,1.4,3,-10.7,6.3,8.4,-2.1,-25,0.5480769230769231,0.2644230769230769,CU
2024,"Montero, Keider",672456,Tigers,DET,R,78.7,177,1539,9.5,0.1150097465886939,CU,Curveball,55.5,-54.5,1.0,2,-10.9,13.6,9.1,4.6,51,0.5192307692307693,0.908653846153846,CU
2024,"Mears, Nick",683232,Brewers,MIL,R,81.5,177,1028,6.345679012345679,0.1721789883268482,CU,Curveball,54.8,-50.9,3.9,8,-13.6,3.2,7.4,-4.2,-57,0.8173076923076923,0.1153846153846153,CU
2024,"Bibee, Tanner",676440,Guardians,CLE,R,80.5,173,2851,17.70807453416149,0.0606804629954401,CU,Curveball,48.9,-52.3,-3.4,-6,-6.6,13.7,7.6,6.1,80,0.173076923076923,0.966346153846154,CU
2024,"Leiter Jr., Mark",643410,Yankees,NYY,R,73.6,173,1015,6.265432098765432,0.1704433497536945,CU,Curveball,68.3,-63.1,5.2,8,-17.0,9.2,11.3,-2.1,-18,0.8990384615384616,0.2644230769230769,CU
2024,"Darvish, Yu",506433,Padres,SD,R,75.6,172,1260,7.777777777777778,0.1365079365079365,CU,Curveball,62.5,-59.2,3.3,6,-13.8,9.6,10.9,-1.4,-12,0.7644230769230769,0.3557692307692308,CU
2024,"Henry, Tommy",674072,D-backs,AZ,L,78.1,168,706,4.3580246913580245,0.2379603399433427,CU,Curveball,54.7,-55.2,-0.5,-1,-9.8,10.1,9.4,0.7,7,0.3894230769230769,0.5913461538461539,CU
2024,"Garabito, Gerson",642520,Rangers,TEX,R,82.1,167,492,3.037037037037037,0.3394308943089431,CU,Curveball,43.2,-49.8,-6.6,-13,-2.5,12.5,8.2,4.3,52,0.0528846153846153,0.8894230769230769,CU
2024,"Tyler, Kyle",667725,Marlins,MIA,R,77.0,165,580,3.580246913580247,0.2844827586206896,CU,Curveball,60.4,-56.8,3.7,6,-13.9,7.0,9.4,-2.4,-26,0.8076923076923077,0.2307692307692307,CU
2024,"Lorenzen, Michael",547179,Royals,KC,R,81.7,165,2092,12.91358024691358,0.0788718929254302,CU,Curveball,54.7,-50.4,4.3,9,-13.6,4.0,9.3,-5.3,-57,0.8413461538461539,0.0817307692307692,CU
2024,"Smith, Burch",572143,Orioles,BAL,R,80.0,164,896,5.530864197530864,0.1830357142857142,CU,Curveball,57.0,-52.5,4.4,8,-13.7,11.0,8.7,2.4,27,0.8509615384615384,0.7692307692307693,CU
2024,"Sands, Cole",663485,Twins,MIN,R,82.4,163,1154,7.1234567901234565,0.1412478336221837,CU,Curveball,45.7,-49.0,-3.3,-7,-5.2,13.5,10.1,3.3,33,0.1826923076923076,0.8125,CU
2024,"Wentz, Joey",666214,Pirates,PIT,L,79.3,159,1224,7.555555555555555,0.1299019607843137,CU,Curveball,52.1,-53.8,-1.7,-3,-8.6,5.3,7.8,-2.5,-32,0.2932692307692308,0.2067307692307692,CU
2024,"Rodríguez, Yariel",684320,Blue Jays,TOR,R,78.3,157,1501,9.265432098765432,0.1045969353764157,CU,Curveball,57.1,-55.2,1.9,3,-11.9,13.9,8.7,5.2,59,0.5961538461538461,0.9471153846153846,CU
2024,"Hall, DL",669084,Brewers,MIL,L,79.7,156,782,4.827160493827161,0.1994884910485933,CU,Curveball,54.4,-52.5,1.9,4,-11.3,9.8,9.3,0.5,5,0.5961538461538461,0.5576923076923077,CU
2024,"Long, Sam",669674,Royals,KC,L,77.7,156,702,4.333333333333333,0.2222222222222222,CU,Curveball,59.4,-56.3,3.1,5,-14.0,2.6,8.8,-6.3,-71,0.7259615384615384,0.0432692307692307,CU
2024,"Walker, Taijuan",592836,Phillies,PHI,R,74.7,155,1435,8.858024691358025,0.1080139372822299,CU,Curveball,59.3,-61.1,-1.8,-3,-10.2,7.2,9.5,-2.3,-24,0.2836538461538461,0.2451923076923076,CU
2024,"Moore, Matt",519043,Angels,LAA,L,82.1,150,854,5.271604938271605,0.1756440281030445,CU,Curveball,51.0,-50.8,0.2,0,-10.3,5.3,7.1,-1.8,-25,0.4375,0.3076923076923077,CU
2024,"Bradford, Cody",674003,Rangers,TEX,L,74.9,150,1175,7.253086419753086,0.1276595744680851,CU,Curveball,55.6,-60.3,-4.7,-8,-6.7,5.4,9.0,-3.6,-40,0.125,0.1346153846153846,CU
2024,"Pfaadt, Brandon",694297,D-backs,AZ,R,80.8,148,2792,17.234567901234566,0.0530085959885386,CU,Curveball,50.1,-51.3,-1.2,-2,-8.2,12.8,8.8,4.1,46,0.3365384615384615,0.8798076923076923,CU
2024,"Peterson, David",656849,Mets,NYM,L,79.1,143,1871,11.549382716049385,0.0764297167290219,CU,Curveball,53.0,-54.0,-1.0,-2,-9.1,6.1,7.8,-1.6,-21,0.3557692307692308,0.3365384615384615,CU
2024,"Jackson, Luke",592426,Braves,ATL,R,84.6,141,917,5.660493827160494,0.153762268266085,CU,Curveball,50.1,-46.6,3.5,8,-12.0,3.3,5.7,-2.4,-42,0.7788461538461539,0.2307692307692307,CU
2024,"Varland, Louis",686973,Twins,MIN,R,84.6,140,901,5.561728395061729,0.1553829078801331,CU,Curveball,45.2,-47.2,-2.0,-4,-7.2,2.4,6.3,-3.9,-61,0.2548076923076923,0.1298076923076923,CU
2024,"Nelson, Ryne",669194,D-backs,AZ,R,77.8,137,2406,14.851851851851851,0.0569409808811305,CU,Curveball,53.2,-55.8,-2.6,-5,-7.8,9.2,8.9,0.3,3,0.2259615384615384,0.5384615384615384,CU
2024,"Thornton, Trent",663423,Mariners,SEA,R,82.4,137,1139,7.030864197530864,0.1202809482001756,CU,Curveball,53.6,-48.9,4.6,9,-13.1,9.8,9.2,0.6,6,0.8605769230769231,0.5769230769230769,CU
2024,"Bellozo, Valente",678368,Marlins,MIA,R,73.7,136,1094,6.753086419753086,0.1243144424131627,CU,Curveball,60.3,-62.3,-1.9,-3,-9.7,10.9,10.2,0.7,7,0.2740384615384615,0.5913461538461539,CU
2024,"Mize, Casey",663554,Tigers,DET,R,79.6,134,1789,11.04320987654321,0.0749021799888205,CU,Curveball,55.4,-52.6,2.9,5,-12.1,8.8,9.4,-0.6,-6,0.7067307692307693,0.4278846153846153,CU
2024,"Dubin, Shawn",681869,Astros,HOU,R,81.4,133,840,5.217391304347826,0.1583333333333333,CU,Curveball,58.0,-50.8,7.3,14,-16.0,10.9,8.4,2.5,30,0.9855769230769232,0.7788461538461539,CU
2024,"Koenig, Jared",657649,Brewers,MIL,L,81.1,133,1017,6.277777777777778,0.1307767944936086,CU,Curveball,50.4,-50.9,-0.5,-1,-8.3,12.9,9.5,3.4,35,0.3894230769230769,0.8173076923076923,CU
2024,"Sandoval, Patrick",663776,Angels,LAA,L,76.3,130,1444,8.91358024691358,0.0900277008310249,CU,Curveball,60.7,-58.3,2.5,4,-13.4,10.8,9.4,1.4,15,0.6538461538461539,0.6634615384615384,CU
2024,"Toussaint, Touki",657053,White Sox,CWS,R,75.6,128,491,3.0308641975308643,0.2606924643584521,CU,Curveball,59.5,-59.1,0.4,1,-11.3,14.0,10.3,3.7,36,0.4615384615384615,0.8461538461538461,CU
2024,"Lynn, Lance",458681,Cardinals,STL,R,80.4,127,2039,12.58641975308642,0.0622854340362923,CU,Curveball,50.9,-51.7,-0.8,-2,-8.5,6.7,9.4,-2.7,-29,0.3701923076923077,0.2019230769230769,CU
2024,"Blach, Ty",621389,Rockies,COL,L,79.2,124,1133,6.993827160493828,0.1094439541041482,CU,Curveball,47.3,-53.2,-5.9,-11,-4.0,2.7,9.0,-6.4,-70,0.0721153846153846,0.0336538461538461,CU
2024,"Blackburn, Paul",621112,Mets,NYM,R,79.5,124,1212,7.481481481481482,0.1023102310231023,CU,Curveball,60.1,-53.6,6.5,12,-16.3,7.2,8.4,-1.2,-14,0.971153846153846,0.3798076923076923,CU
2024,"Cabrera, Génesis",650893,Blue Jays,TOR,L,78.9,124,1030,6.3580246913580245,0.1203883495145631,CU,Curveball,48.1,-54.5,-6.4,-12,-4.0,7.2,9.0,-1.8,-20,0.0625,0.3076923076923077,CU
2024,"Germán, Domingo",593334,Pirates,PIT,R,81.8,124,373,2.302469135802469,0.3324396782841823,CU,Curveball,37.3,-50.1,-12.8,-26,3.5,2.0,9.5,-7.5,-79,,,CU
2024,"Miller, Bryce",682243,Mariners,SEA,R,85.0,123,2749,16.969135802469136,0.0447435431065842,CU,Curveball,44.6,-47.0,-2.4,-5,-6.8,1.7,7.3,-5.6,-77,,,CU
2024,"Pearson, Nate",663878,Cubs,CHC,R,80.9,122,1059,6.537037037037037,0.1152030217186024,CU,Curveball,54.2,-51.1,3.0,6,-12.0,12.0,8.5,3.4,40,0.7115384615384616,0.8173076923076923,CU
2024,"Bird, Jake",656234,Rockies,COL,R,81.7,121,684,4.222222222222222,0.1769005847953216,CU,Curveball,49.7,-49.9,-0.3,-1,-8.6,14.4,9.6,4.8,50,0.4134615384615384,0.9278846153846154,CU
2024,"García, Yimi",554340,Mariners,SEA,R,84.2,121,619,3.820987654320988,0.1954765751211631,CU,Curveball,39.9,-45.7,-5.8,-13,-1.3,11.0,9.5,1.5,15,0.0865384615384615,0.6730769230769231,CU
2024,"Nance, Tommy",667297,Blue Jays,TOR,R,84.6,121,322,1.9876543209876545,0.3757763975155279,CU,Curveball,54.3,-46.8,7.4,16,-15.4,12.4,6.7,5.7,84,,,CU
2024,"Skubal, Tarik",669373,Tigers,DET,L,78.5,120,2838,17.51851851851852,0.0422832980972515,CU,Curveball,52.2,-54.9,-2.8,-5,-7.8,5.6,8.3,-2.7,-32,,,CU
2024,"Rea, Colin",607067,Brewers,MIL,R,78.9,119,2650,16.358024691358025,0.0449056603773584,CU,Curveball,53.3,-54.0,-0.7,-1,-9.2,10.0,9.4,0.6,6,,,CU
2024,"Priester, Quinn",682990,Red Sox,BOS,R,80.6,118,811,5.006172839506172,0.1454993834771886,CU,Curveball,51.3,-52.2,-0.9,-2,-9.4,5.6,8.0,-2.5,-31,0.3605769230769231,0.2067307692307692,CU
2024,"Carrasco, Carlos",471911,Guardians,CLE,R,80.4,117,1693,10.51552795031056,0.0691080921441228,CU,Curveball,50.7,-52.1,-1.5,-3,-8.3,11.1,8.2,2.9,35,0.3076923076923077,0.8076923076923077,CU
2024,"Stripling, Ross",548389,Athletics,ATH,R,76.3,117,1358,8.382716049382717,0.0861561119293078,CU,Curveball,60.6,-59.4,1.2,2,-13.1,6.4,6.6,-0.2,-3,0.5384615384615384,0.4711538461538461,CU
2024,"Bradish, Kyle",680694,Orioles,BAL,R,84.1,116,674,4.160493827160494,0.172106824925816,CU,Curveball,50.5,-47.7,2.8,6,-11.7,4.3,6.2,-1.9,-31,0.6875,0.2932692307692308,CU
2024,"Cecconi, Slade",677944,D-backs,AZ,R,75.3,115,1290,7.962962962962963,0.0891472868217054,CU,Curveball,60.8,-59.9,0.9,1,-12.0,10.8,10.6,0.2,2,0.5144230769230769,0.5288461538461539,CU
2024,"Ramírez, Yohan",670990,Red Sox,BOS,R,81.5,112,769,4.746913580246914,0.1456436931079323,CU,Curveball,52.1,-50.3,1.9,4,-10.6,13.2,8.1,5.0,62,0.5961538461538461,0.9375,CU
2024,"Hentges, Sam",656529,Guardians,CLE,L,80.6,112,351,2.1801242236024843,0.3190883190883191,CU,Curveball,55.5,-52.5,3.0,6,-13.3,6.7,7.0,-0.4,-5,,,CU
2024,"Olson, Reese",681857,Tigers,DET,R,79.0,112,1853,11.438271604938272,0.0604425256341068,CU,Curveball,57.2,-54.5,2.7,5,-13.0,9.9,8.2,1.7,21,0.6730769230769231,0.6923076923076923,CU
2024,"Brewer, Colten",605155,Cubs,CHC,R,80.7,110,391,2.4135802469135803,0.2813299232736573,CU,Curveball,57.6,-52.0,5.6,11,-14.9,14.3,7.9,6.4,81,,,CU
2024,"Cantillo, Joey",676282,Guardians,CLE,L,76.2,108,711,4.416149068322981,0.1518987341772152,CU,Curveball,66.3,-57.8,8.4,15,-18.6,7.1,8.8,-1.7,-20,1.0,0.3221153846153846,CU
2024,"Oller, Adam",670124,Marlins,MIA,R,81.5,106,710,4.382716049382716,0.1492957746478873,CU,Curveball,54.5,-50.7,3.9,8,-13.0,4.9,8.3,-3.5,-42,0.8173076923076923,0.1442307692307692,CU
2024,"Megill, Tylor",656731,Mets,NYM,R,78.1,105,1365,8.425925925925926,0.0769230769230769,CU,Curveball,58.6,-55.0,3.6,7,-13.3,9.8,8.9,0.9,10,0.7932692307692307,0.6201923076923077,CU
2024,"López, Jorge",605347,Cubs,CHC,R,83.0,105,802,4.950617283950617,0.1309226932668329,CU,Curveball,50.6,-49.0,1.6,3,-10.8,8.5,8.2,0.2,3,0.5721153846153846,0.5288461538461539,CU
2024,"Barnes, Matt",598264,Nationals,WSH,R,81.5,103,237,1.462962962962963,0.4345991561181435,CU,Curveball,49.5,-51.7,-2.2,-4,-8.3,1.9,6.9,-4.9,-72,,,CU
2024,"Muller, Kyle",666205,Athletics,ATH,L,79.4,102,725,4.4753086419753085,0.1406896551724138,CU,Curveball,52.8,-54.1,-1.3,-2,-9.2,3.6,7.1,-3.5,-49,0.3317307692307692,0.1442307692307692,CU
2024,"Contreras, Roansy",672710,Angels,LAA,R,77.9,101,1074,6.62962962962963,0.0940409683426443,CU,Curveball,57.5,-55.7,1.8,3,-12.1,8.8,8.9,-0.1,-1,0.5913461538461539,0.4807692307692308,CU
2024,"Kelly, Joe",523260,Dodgers,LAD,R,87.3,98,552,3.4074074074074074,0.1775362318840579,CU,Curveball,47.4,-44.9,2.5,6,-11.6,7.4,6.9,0.4,6,0.6538461538461539,0.5480769230769231,CU
2024,"Houser, Adrian",605288,Mets,NYM,R,79.6,98,1131,6.981481481481482,0.0866489832007073,CU,Curveball,56.5,-53.1,3.5,7,-13.1,8.6,8.5,0.1,1,0.7788461538461539,0.5096153846153846,CU
2024,"Heaney, Andrew",571760,Rangers,TEX,L,75.5,97,2731,16.858024691358025,0.0355181252288539,CU,Curveball,54.9,-57.9,-3.0,-5,-6.6,9.2,11.5,-2.3,-20,,,CU
2024,"Ashby, Aaron",676879,Brewers,MIL,L,82.2,93,484,2.9876543209876543,0.1921487603305785,CU,Curveball,57.2,-50.6,6.6,13,-16.4,8.3,5.9,2.4,41,,,CU
2024,"Scherzer, Max",453286,Rangers,TEX,R,74.7,93,669,4.12962962962963,0.1390134529147982,CU,Curveball,58.0,-60.5,-2.5,-4,-8.7,13.8,11.2,2.6,23,0.235576923076923,0.7836538461538461,CU
2024,"Stone, Gavin",694813,Dodgers,LAD,R,83.3,91,2153,13.290123456790123,0.0422666047375754,CU,Curveball,45.6,-48.6,-2.9,-6,-6.2,2.7,7.9,-5.3,-66,,,CU
2024,"France, J.P.",641585,Astros,HOU,R,74.2,90,466,2.8944099378881987,0.1931330472103004,CU,Curveball,70.2,-61.4,8.8,14,-19.3,9.4,11.5,-2.1,-19,,,CU
2024,"Hernández, Carlos",672578,Royals,KC,R,83.5,89,560,3.45679012345679,0.1589285714285714,CU,Curveball,44.2,-48.6,-4.3,-9,-5.2,4.0,6.6,-2.5,-39,0.1394230769230769,0.2067307692307692,CU
2024,"Myers, Tobias",668964,Brewers,MIL,R,77.8,89,2152,13.283950617283953,0.04135687732342,CU,Curveball,52.2,-55.8,-3.6,-6,-7.1,1.8,9.3,-7.5,-81,,,CU
2024,"Kelly, Merrill",518876,D-backs,AZ,R,82.2,89,1142,7.049382716049383,0.0779334500875656,CU,Curveball,50.4,-49.7,0.7,1,-10.0,8.8,9.2,-0.4,-4,0.5048076923076923,0.4519230769230769,CU
2024,"Fulmer, Carson",608334,Angels,LAA,R,82.4,89,1472,9.08641975308642,0.0604619565217391,CU,Curveball,46.7,-49.4,-2.8,-6,-6.3,6.5,8.7,-2.2,-25,0.2211538461538461,0.2548076923076923,CU
2024,"Curry, Xzavion",675540,Marlins,MIA,R,73.9,89,639,3.9444444444444446,0.1392801251956181,CU,Curveball,61.6,-62.4,-0.7,-1,-11.3,11.4,10.7,0.7,6,0.3798076923076923,0.5913461538461539,CU
2024,"Liberatore, Matthew",669461,Cardinals,STL,L,78.2,88,1357,8.376543209876543,0.0648489314664701,CU,Curveball,63.0,-55.6,7.4,13,-17.5,10.1,7.8,2.2,29,0.9903846153846154,0.7451923076923077,CU
2024,"Ray, Robbie",592662,Giants,SF,L,83.5,85,568,3.506172839506173,0.1496478873239436,CU,Curveball,40.0,-48.5,-8.5,-18,-0.7,0.7,7.3,-6.6,-90,0.0096153846153846,0.0288461538461538,CU
2024,"Imanaga, Shota",684007,Cubs,CHC,L,72.5,85,2590,15.987654320987655,0.0328185328185328,CU,Curveball,65.2,-64.8,0.4,1,-12.6,8.9,11.8,-2.9,-25,,,CU
2024,"Harvey, Hunter",640451,Royals,KC,R,82.3,84,906,5.592592592592593,0.0927152317880794,CU,Curveball,51.7,-49.4,2.3,5,-11.3,7.0,8.8,-1.8,-20,0.6201923076923077,0.3076923076923077,CU
2024,"Phillips, Tyler",663969,Phillies,PHI,R,81.0,83,578,3.567901234567901,0.143598615916955,CU,Curveball,54.7,-51.6,3.1,6,-12.9,8.4,7.9,0.5,6,0.7259615384615384,0.5576923076923077,CU
2024,"Thompson, Keegan",624522,Cubs,CHC,R,82.0,83,538,3.320987654320988,0.1542750929368029,CU,Curveball,54.7,-50.0,4.7,9,-13.9,10.7,8.5,2.1,25,0.8653846153846154,0.7355769230769231,CU
2024,"Turnbull, Spencer",605513,Phillies,PHI,R,78.8,82,916,5.654320987654321,0.0895196506550218,CU,Curveball,59.0,-54.5,4.5,8,-14.3,14.0,8.9,5.0,56,0.8557692307692307,0.9375,CU
2024,"Kershaw, Clayton",477132,Dodgers,LAD,L,72.0,81,504,3.111111111111111,0.1607142857142857,CU,Curveball,68.4,-65.6,2.8,4,-15.3,4.4,10.1,-5.7,-57,0.6875,0.0721153846153846,CU
2024,"Smith, Will",519293,Royals,KC,L,76.3,79,673,4.154320987654321,0.1173848439821693,CU,Curveball,56.7,-59.1,-2.4,-4,-9.5,9.2,8.4,0.9,10,0.2403846153846154,0.6201923076923077,CU
2024,"Dunning, Dane",641540,Rangers,TEX,R,75.6,79,1689,10.425925925925926,0.0467732386027235,CU,Curveball,65.4,-58.7,6.8,12,-16.7,11.1,11.4,-0.3,-2,,,CU
2024,"Burke, Sean",680732,White Sox,CWS,R,79.7,77,309,1.9074074074074077,0.2491909385113268,CU,Curveball,57.5,-53.1,4.4,8,-14.2,5.2,7.9,-2.8,-35,,,CU
2024,"Leiter, Jack",683004,Rangers,TEX,R,81.4,76,669,4.12962962962963,0.1136023916292974,CU,Curveball,51.3,-50.9,0.5,1,-9.7,6.1,8.1,-1.9,-24,0.4759615384615384,0.2932692307692308,CU
2024,"Gray, Jon",592351,Rangers,TEX,R,78.9,74,1620,10.0,0.045679012345679,CU,Curveball,49.4,-53.9,-4.5,-8,-5.4,7.5,9.4,-1.8,-19,,,CU
2024,"Molina, Anthony",683627,Rockies,COL,R,83.0,74,1048,6.469135802469136,0.0706106870229007,CU,Curveball,41.6,-49.6,-8.0,-16,-2.4,3.8,7.3,-3.5,-48,0.0240384615384615,0.1442307692307692,CU
2024,"Mazur, Adam",800049,Padres,SD,R,80.7,74,584,3.6049382716049374,0.1267123287671233,CU,Curveball,53.7,-52.1,1.5,3,-11.4,4.6,7.9,-3.3,-41,0.5576923076923077,0.1634615384615384,CU
2024,"Chavez, Jesse",445926,Braves,ATL,R,75.7,73,1044,6.444444444444445,0.0699233716475095,CU,Curveball,56.4,-57.5,-1.1,-2,-8.3,15.8,11.9,3.8,32,0.3413461538461538,0.8509615384615384,CU
2024,"Medina, Luis",665622,Athletics,ATH,R,81.2,73,720,4.444444444444445,0.1013888888888888,CU,Curveball,54.3,-51.7,2.7,5,-12.5,9.6,7.6,2.0,26,0.6730769230769231,0.7259615384615384,CU
2024,"Basso, Brady",669620,Athletics,ATH,L,76.4,72,350,2.1604938271604937,0.2057142857142857,CU,Curveball,61.0,-58.0,3.0,5,-14.0,2.6,7.7,-5.1,-66,,,CU
2024,"Irvin, Cole",608344,Twins,MIN,L,77.8,69,1767,10.907407407407408,0.0390492359932088,CU,Curveball,51.9,-56.0,-4.2,-7,-6.6,4.1,8.6,-4.5,-52,,,CU
2024,"Stroman, Marcus",573186,Yankees,NYY,R,76.2,69,2657,16.401234567901234,0.0259691381257056,CU,Curveball,53.6,-54.3,-0.8,-1,-5.9,15.2,13.5,1.7,13,,,CU
2024,"Martin, Davis",663436,White Sox,CWS,R,78.4,68,892,5.506172839506172,0.0762331838565022,CU,Curveball,56.5,-55.1,1.4,3,-11.6,11.8,8.4,3.4,41,0.5480769230769231,0.8173076923076923,CU
2024,"Slaten, Justin",686580,Red Sox,BOS,R,84.3,68,811,5.006172839506172,0.0838471023427866,CU,Curveball,54.6,-47.6,6.9,15,-15.8,6.0,6.5,-0.5,-8,0.9807692307692308,0.4326923076923077,CU
2024,"Díaz, Yilber",700270,D-backs,AZ,R,78.7,67,469,2.8950617283950617,0.1428571428571428,CU,Curveball,58.7,-54.7,4.0,7,-14.3,4.6,9.5,-4.9,-51,,,CU
2024,"Jax, Griffin",643377,Twins,MIN,R,86.5,66,1068,6.592592592592593,0.0617977528089887,CU,Curveball,50.6,-45.5,5.1,11,-14.0,4.5,6.2,-1.7,-27,0.8942307692307693,0.3221153846153846,CU
2024,"Sims, Lucas",608371,Red Sox,BOS,R,79.8,65,885,5.462962962962963,0.0734463276836158,CU,Curveball,54.7,-52.9,1.7,3,-11.4,14.6,9.8,4.9,50,0.5865384615384616,0.9326923076923076,CU
2024,"Sborz, Josh",622250,Rangers,TEX,R,83.2,65,284,1.7530864197530864,0.2288732394366197,CU,Curveball,51.4,-48.9,2.5,5,-11.4,12.3,7.4,4.9,66,,,CU
2024,"Leasure, Jordan",673929,White Sox,CWS,R,78.6,64,560,3.45679012345679,0.1142857142857142,CU,Curveball,57.5,-54.3,3.1,6,-12.8,10.0,8.8,1.2,14,0.7259615384615384,0.6490384615384616,CU
2024,"Nastrini, Nick",680897,White Sox,CWS,R,79.2,63,734,4.530864197530864,0.0858310626702997,CU,Curveball,52.7,-53.5,-0.8,-2,-9.3,1.9,9.1,-7.2,-79,0.3701923076923077,0.0192307692307692,CU
2024,"Wrobleski, Justin",680736,Dodgers,LAD,L,82.2,63,592,3.654320987654321,0.1064189189189189,CU,Curveball,48.8,-50.2,-1.4,-3,-8.3,5.9,8.0,-2.1,-26,0.3173076923076923,0.2644230769230769,CU
2024,"Beede, Tyler",595881,Guardians,CLE,R,77.5,62,265,1.6459627329192548,0.2339622641509434,CU,Curveball,51.6,-54.7,-3.1,-6,-5.8,14.6,11.5,3.1,27,,,CU
2024,"Helsley, Ryan",664854,Cardinals,STL,R,81.2,59,931,5.746913580246914,0.0633727175080558,CU,Curveball,51.8,-51.3,0.5,1,-10.3,3.6,7.8,-4.2,-54,0.4759615384615384,0.1153846153846153,CU
2024,"Blalock, Bradley",687134,Rockies,COL,R,79.5,58,551,3.4012345679012346,0.1052631578947368,CU,Curveball,54.1,-53.9,0.2,0,-11.0,0.0,7.5,-7.5,-100,0.4375,0.0144230769230769,CU
2024,"Mercado, Michael",675650,Phillies,PHI,R,83.0,58,260,1.6049382716049383,0.2230769230769231,CU,Curveball,49.2,-49.2,0.0,0,-9.6,4.6,7.8,-3.2,-41,,,CU
2024,"Pepiot, Ryan",686752,Rays,TB,R,80.6,58,2149,13.265432098765432,0.0269892973476035,CU,Curveball,53.2,-51.9,1.3,3,-10.4,15.8,8.1,7.7,95,,,CU
2024,"Coulombe, Danny",543056,Orioles,BAL,L,79.2,58,466,2.876543209876543,0.1244635193133047,CU,Curveball,64.2,-54.1,10.1,19,-19.8,4.7,8.1,-3.4,-42,,,CU
2024,"Grove, Michael",675627,Dodgers,LAD,R,79.9,58,827,5.104938271604938,0.0701330108827085,CU,Curveball,56.9,-52.7,4.3,8,-13.8,8.9,8.3,0.6,8,0.8413461538461539,0.5769230769230769,CU
2024,"Matz, Steven",571927,Cardinals,STL,L,77.6,57,754,4.654320987654321,0.0755968169761273,CU,Curveball,53.3,-55.7,-2.4,-4,-7.7,13.4,9.9,3.5,35,0.2403846153846154,0.8365384615384616,CU
2024,"Duffey, Tyler",608648,Royals,KC,R,80.7,57,189,1.1666666666666667,0.3015873015873015,CU,Curveball,54.4,-51.5,2.8,5,-12.0,10.3,9.1,1.2,13,,,CU
2024,"White, Mitch",669952,Brewers,MIL,R,81.0,56,413,2.549382716049383,0.135593220338983,CU,Curveball,57.7,-51.7,6.0,12,-15.5,6.6,8.0,-1.5,-18,,,CU
2024,"Gonzales, Marco",594835,Pirates,PIT,L,79.0,55,546,3.3703703703703702,0.1007326007326007,CU,Curveball,49.7,-52.7,-3.0,-6,-6.1,0.4,11.4,-11.8,-103,0.2067307692307692,0.0,CU
2024,"de Geus, Brett",676969,Blue Jays,TOR,R,85.0,54,194,1.1975308641975309,0.2783505154639175,CU,Curveball,50.4,-46.1,4.3,9,-12.3,6.2,7.2,-1.0,-14,,,CU
2024,"Boyd, Matthew",571510,Guardians,CLE,L,74.1,54,669,4.15527950310559,0.0807174887892376,CU,Curveball,58.5,-61.5,-3.0,-5,-8.6,13.5,11.1,2.3,21,0.2067307692307692,0.75,CU
2024,"Sauer, Matt",669422,Royals,KC,R,81.8,53,327,2.0185185185185186,0.1620795107033639,CU,Curveball,49.3,-50.9,-1.6,-3,-8.5,9.6,7.7,1.9,25,,,CU
2024,"Allard, Kolby",663465,Phillies,PHI,L,71.7,53,436,2.691358024691358,0.1215596330275229,CU,Curveball,66.5,-64.6,1.9,3,-12.8,7.4,12.0,-4.6,-39,,,CU
2024,"Herz, DJ",687792,Nationals,WSH,L,81.2,53,1586,9.790123456790123,0.0334174022698612,CU,Curveball,43.7,-51.0,-7.3,-14,-2.3,0.2,8.3,-8.1,-98,,,CU
2024,"Corbin, Patrick",571578,Nationals,WSH,L,69.7,52,2888,17.82716049382716,0.0180055401662049,CU,Curveball,57.2,-67.4,-10.2,-15,-0.7,3.0,8.6,-5.5,-64,,,CU
2024,"Wicks, Jordan",696136,Cubs,CHC,L,78.4,52,852,5.25925925925926,0.0610328638497652,CU,Curveball,56.3,-54.7,1.5,3,-11.7,7.2,8.8,-1.6,-18,0.5576923076923077,0.3365384615384615,CU
2024,"Matthews, Zebby",805673,Twins,MIN,R,81.7,51,717,4.425925925925926,0.0711297071129707,CU,Curveball,49.6,-50.7,-1.1,-2,-8.7,3.6,7.8,-4.3,-55,0.3413461538461538,0.1057692307692307,CU
2024,"Sabrowski, Erik",681870,Guardians,CLE,L,78.8,51,198,1.2298136645962734,0.2575757575757575,CU,Curveball,57.8,-54.1,3.7,7,-13.8,3.8,8.2,-4.4,-54,,,CU
2024,"Espino, Paolo",502179,Blue Jays,TOR,R,70.6,50,158,0.9753086419753086,0.3164556962025316,CU,Curveball,73.5,-67.8,5.7,8,-17.0,15.0,13.6,1.4,11,,,CU
2024,"Lucchesi, Joey",664192,Mets,NYM,L,76.6,49,179,1.1049382716049383,0.2737430167597765,CU,Curveball,47.8,-58.0,-10.3,-18,-1.7,2.2,8.7,-6.5,-74,,,CU
2024,"Aguiar, Julian",687924,Reds,CIN,R,78.0,49,530,3.271604938271605,0.0924528301886792,CU,Curveball,52.8,-54.8,-2.0,-4,-7.7,7.7,10.5,-2.8,-27,0.2548076923076923,0.1923076923076923,CU
2024,"Bielak, Brandon",656232,Athletics,ATH,R,80.8,49,510,3.1481481481481484,0.096078431372549,CU,Curveball,56.3,-52.1,4.2,8,-13.9,4.5,5.8,-1.3,-22,0.8365384615384616,0.3653846153846153,CU
2024,"Law, Derek",571882,Nationals,WSH,R,77.9,49,1368,8.444444444444445,0.0358187134502923,CU,Curveball,52.8,-56.0,-3.2,-6,-7.9,0.8,7.4,-6.6,-90,,,CU
2024,"Bush, Ky",681066,White Sox,CWS,L,73.4,49,328,2.0246913580246915,0.149390243902439,CU,Curveball,63.8,-63.6,0.2,0,-12.6,7.5,8.9,-1.4,-16,,,CU
2024,"Beck, Tristan",663941,Giants,SF,R,80.0,48,242,1.4938271604938271,0.1983471074380165,CU,Curveball,57.2,-52.8,4.3,8,-14.1,7.1,7.7,-0.6,-7,,,CU
2024,"Wells, Tyler",669330,Orioles,BAL,R,76.1,48,259,1.5987654320987654,0.1853281853281853,CU,Curveball,57.8,-58.7,-0.8,-1,-10.5,8.8,7.3,1.5,20,,,CU
2024,"Greene, Hunter",668881,Reds,CIN,R,81.1,47,2563,15.820987654320987,0.0183378852906749,CU,Curveball,42.0,-51.5,-9.6,-19,-0.5,11.5,7.8,3.6,46,,,CU
2024,"Walston, Blake",686796,D-backs,AZ,L,77.3,47,343,2.117283950617284,0.1370262390670553,CU,Curveball,57.2,-57.0,0.2,0,-11.2,7.0,8.6,-1.6,-18,,,CU
2024,"Ryan, River",689981,Dodgers,LAD,R,83.2,46,295,1.820987654320988,0.1559322033898305,CU,Curveball,51.2,-48.7,2.6,5,-11.3,11.5,7.9,3.7,47,,,CU
2024,"Lazar, Max",676661,Phillies,PHI,R,80.3,46,214,1.3209876543209875,0.2149532710280373,CU,Curveball,57.9,-52.0,5.8,11,-15.1,7.2,8.3,-1.1,-14,,,CU
2024,"Thompson, Zack",668868,Cardinals,STL,L,73.5,45,317,1.9567901234567904,0.1419558359621451,CU,Curveball,69.4,-63.0,6.4,10,-18.0,8.0,10.5,-2.6,-24,,,CU
2024,"García, Deivi",665620,White Sox,CWS,R,77.5,45,283,1.7469135802469136,0.1590106007067137,CU,Curveball,63.3,-56.4,6.9,12,-17.2,5.3,9.4,-4.1,-43,,,CU
2024,"Leahy, Kyle",681517,Cardinals,STL,R,81.6,44,695,4.290123456790123,0.0633093525179856,CU,Curveball,54.3,-50.4,4.0,8,-13.1,8.5,7.4,1.1,15,0.8269230769230769,0.6442307692307693,CU
2024,"Steele, Justin",657006,Cubs,CHC,L,79.9,44,2046,12.62962962962963,0.021505376344086,CU,Curveball,51.0,-53.1,-2.1,-4,-8.1,10.7,7.9,2.7,35,,,CU
2024,"Peralta, Luis",678821,Rockies,COL,L,82.1,43,181,1.117283950617284,0.2375690607734806,CU,Curveball,43.5,-48.6,-5.0,-10,-3.3,7.7,10.4,-2.7,-26,,,CU
2024,"Manning, Matt",666159,Tigers,DET,R,81.6,43,438,2.703703703703704,0.0981735159817351,CU,Curveball,53.0,-50.3,2.8,6,-11.8,10.5,8.5,2.0,23,,,CU
2024,"Mushinski, Parker",656786,Astros,HOU,L,81.3,42,194,1.204968944099379,0.2164948453608247,CU,Curveball,55.0,-50.4,4.6,9,-13.2,9.0,9.0,0.0,0,,,CU
2024,"Lambert, Peter",663567,Rockies,COL,R,77.9,41,1039,6.41358024691358,0.039461020211742,CU,Curveball,60.9,-55.7,5.1,9,-15.6,5.9,8.5,-2.6,-31,,,CU
2024,"Anderson, Chase",502624,Rangers,TEX,R,78.9,41,1016,6.271604938271605,0.0403543307086614,CU,Curveball,60.5,-54.4,6.2,11,-16.1,8.2,9.6,-1.4,-14,,,CU
2024,"Latz, Jacob",656641,Rangers,TEX,L,76.4,41,813,5.018518518518518,0.050430504305043,CU,Curveball,63.9,-58.0,5.9,10,-16.3,6.0,9.5,-3.5,-36,0.9471153846153846,0.1442307692307692,CU
2024,"Avila, Nick",687014,Giants,SF,R,79.7,39,225,1.3888888888888888,0.1733333333333333,CU,Curveball,52.9,-53.3,-0.5,-1,-9.7,3.6,8.1,-4.5,-56,,,CU
2024,"Daniel, Davis",669721,Angels,LAA,R,74.3,39,508,3.135802469135802,0.076771653543307,CU,Curveball,63.9,-61.3,2.6,4,-13.7,11.4,11.4,0.1,1,0.6682692307692307,0.5096153846153846,CU
2024,"Young, Alex",622065,Mets,NYM,L,81.1,38,267,1.648148148148148,0.1423220973782771,CU,Curveball,41.1,-51.1,-10.0,-20,0.7,10.7,9.5,1.2,13,,,CU
2024,"Poteet, Cody",547001,Yankees,NYY,R,78.3,38,384,2.3703703703703702,0.0989583333333333,CU,Curveball,54.0,-55.7,-1.7,-3,-9.3,12.6,8.7,4.0,46,,,CU
2024,"Teng, Kai-Wei",678906,Giants,SF,R,82.1,38,204,1.2592592592592593,0.1862745098039215,CU,Curveball,49.1,-49.6,-0.5,-1,-8.0,14.9,8.1,6.7,83,,,CU
2024,"Lynch IV, Daniel",663738,Royals,KC,L,80.4,38,631,3.8950617283950617,0.0602218700475435,CU,Curveball,45.7,-52.8,-7.0,-13,-3.7,1.5,7.8,-6.3,-81,0.0336538461538461,0.0432692307692307,CU
2024,"Howard, Spencer",675921,Guardians,CLE,R,75.7,37,537,3.3354037267080745,0.068901303538175,CU,Curveball,62.0,-59.2,2.8,5,-13.8,7.2,9.7,-2.5,-26,0.6875,0.2067307692307692,CU
2024,"Boyle, Joe",671212,Athletics,ATH,R,80.4,36,966,5.962962962962963,0.0372670807453416,CU,Curveball,58.5,-52.4,6.1,12,-15.6,7.9,7.6,0.3,4,,,CU
2024,"Means, John",607644,Orioles,BAL,L,75.7,35,320,1.9753086419753083,0.109375,CU,Curveball,54.8,-59.6,-4.8,-8,-6.7,12.9,8.9,4.0,45,,,CU
2024,"Baker, Bryan",641329,Orioles,BAL,R,79.0,34,369,2.2777777777777777,0.0921409214092141,CU,Curveball,48.6,-54.5,-5.9,-11,-5.0,4.8,7.2,-2.4,-33,,,CU
2024,"Ober, Bailey",641927,Twins,MIN,R,76.1,34,2696,16.641975308641975,0.0126112759643916,CU,Curveball,56.3,-58.0,-1.7,-3,-9.0,8.3,8.5,-0.2,-3,,,CU
2024,"Klein, Will",694361,Athletics,ATH,R,86.5,33,146,0.9012345679012346,0.2260273972602739,CU,Curveball,45.8,-44.7,1.1,3,-9.6,3.3,6.1,-2.8,-46,,,CU
2024,"Fleming, Josh",676596,Pirates,PIT,L,77.9,33,532,3.2839506172839505,0.0620300751879699,CU,Curveball,45.8,-54.8,-8.9,-16,-0.6,10.8,10.9,-0.1,0,0.0,0.4807692307692308,CU
2024,"Cobb, Alex",502171,Guardians,CLE,R,83.2,32,242,1.5031055900621118,0.1322314049586777,CU,Curveball,51.9,-48.1,3.8,8,-12.4,8.3,9.3,-1.0,-11,,,CU
2024,"Parsons, Wes",641149,Guardians,CLE,R,83.2,32,148,0.9192546583850932,0.2162162162162162,CU,Curveball,53.2,-48.6,4.6,9,-13.3,8.8,7.2,1.6,23,,,CU
2024,"Waguespack, Jacob",621097,Rays,TB,R,76.0,31,221,1.3641975308641976,0.1402714932126696,CU,Curveball,62.1,-58.9,3.2,5,-14.5,4.3,8.1,-3.8,-47,,,CU
2024,"Maeda, Kenta",628317,Tigers,DET,R,76.4,31,1958,12.08641975308642,0.0158324821246169,CU,Curveball,60.6,-58.0,2.6,5,-13.5,10.9,9.7,1.2,12,,,CU
2024,"Bloss, Jake",814005,Astros,HOU,R,78.0,31,238,1.4782608695652173,0.1302521008403361,CU,Curveball,61.6,-55.3,6.4,11,-15.9,9.2,9.2,0.0,0,,,CU
2024,"Vespi, Nick",663989,Orioles,BAL,L,80.0,31,169,1.0432098765432098,0.1834319526627219,CU,Curveball,47.7,-53.2,-5.6,-10,-4.6,11.0,6.6,4.4,66,,,CU
2024,"King, Bryan",687911,Astros,HOU,L,77.9,31,416,2.583850931677018,0.0745192307692307,CU,Curveball,53.3,-55.2,-2.0,-4,-7.9,11.5,10.0,1.5,15,,,CU
2024,"Gillaspie, Logan",670810,Padres,SD,R,82.7,30,151,0.9320987654320988,0.1986754966887417,CU,Curveball,50.4,-49.5,0.9,2,-10.3,3.0,7.7,-4.7,-61,,,CU
2024,"Ramírez, Erasmo",541640,Rays,TB,R,80.4,30,302,1.8641975308641976,0.0993377483443708,CU,Curveball,43.7,-51.6,-8.0,-15,-1.2,4.4,9.6,-5.3,-55,,,CU
2024,"Newcomb, Sean",656794,Athletics,ATH,L,79.4,30,184,1.1358024691358024,0.1630434782608695,CU,Curveball,58.9,-54.0,4.9,9,-14.9,11.1,7.3,3.7,51,,,CU
2024,"Miller, Tyson",668338,Cubs,CHC,R,78.8,30,934,5.765432098765432,0.032119914346895,CU,Curveball,51.0,-53.0,-2.0,-4,-6.5,16.8,14.3,2.6,18,,,CU
2024,"Sammons, Bryan",676614,Tigers,DET,L,75.9,29,374,2.308641975308642,0.0775401069518716,CU,Curveball,56.7,-58.5,-1.7,-3,-9.2,7.3,10.4,-3.1,-30,,,CU
2024,"O'Loughlin, Jack",672552,Athletics,ATH,L,76.0,28,176,1.0864197530864197,0.1590909090909091,CU,Curveball,60.1,-58.6,1.5,3,-12.5,10.8,9.9,0.9,9,,,CU
2024,"Garrett, Braxton",666129,Marlins,MIA,L,77.5,27,588,3.6296296296296298,0.0459183673469387,CU,Curveball,54.5,-56.2,-1.7,-3,-8.5,11.0,9.4,1.7,18,,,CU
2024,"Gordon, Tanner",685299,Rockies,COL,R,80.4,27,607,3.746913580246914,0.0444810543657331,CU,Curveball,43.8,-52.3,-8.5,-16,-1.6,3.5,8.2,-4.7,-57,,,CU
2024,"Castellanos, Humberto",528748,D-backs,AZ,R,78.2,27,186,1.148148148148148,0.1451612903225806,CU,Curveball,50.2,-49.6,0.6,1,-5.1,10.1,10.8,-0.7,-6,,,CU
2024,"Rodriguez, Carlos",692230,Brewers,MIL,R,76.1,25,233,1.4382716049382716,0.1072961373390558,CU,Curveball,54.0,-58.1,-4.1,-7,-6.7,9.7,10.1,-0.4,-4,,,CU
2024,"Smith, Drew",622098,Mets,NYM,R,76.7,25,328,2.0246913580246915,0.0762195121951219,CU,Curveball,55.6,-57.2,-1.5,-3,-8.7,13.7,10.2,3.4,33,,,CU
2024,"Heasley, Jonathan",669169,Orioles,BAL,R,79.7,25,108,0.6666666666666666,0.2314814814814814,CU,Curveball,59.8,-53.1,6.7,13,-16.5,5.9,8.1,-2.2,-27,,,CU
2024,"Anderson, Tyler",542881,Angels,LAA,L,78.9,1082,2914,17.987654320987655,0.3713109128345916,CH,Changeup,31.7,-35.8,-4.1,-12,12.4,12.5,-12.4,0.1,1,0.099236641221374,0.4122137404580153,CH
2024,"Sánchez, Cristopher",650911,Phillies,PHI,L,85.1,998,2797,17.265432098765434,0.3568108687879871,CH,Changeup,37.2,-31.9,5.3,17,0.6,17.9,-14.4,3.5,24,0.9618320610687024,0.9694656488549618,CH
2024,"Webb, Logan",657277,Giants,SF,R,87.4,990,3200,19.753086419753085,0.309375,CH,Changeup,40.4,-34.9,5.6,16,-4.8,9.8,-14.0,-4.1,-30,0.9770992366412212,0.0305343511450381,CH
2024,"Wacha, Michael",608379,Royals,KC,R,81.2,839,2602,16.061728395061728,0.3224442736356648,CH,Changeup,36.2,-32.8,3.4,10,5.4,13.0,-12.8,0.2,2,0.8664122137404581,0.4389312977099237,CH
2024,"Hendricks, Kyle",543294,Cubs,CHC,R,80.9,827,2135,13.179012345679013,0.3873536299765808,CH,Changeup,33.4,-34.4,-1.0,-3,8.2,10.6,-12.7,-2.1,-16,0.3969465648854962,0.1374045801526717,CH
2024,"Ober, Bailey",641927,Twins,MIN,R,83.4,792,2696,16.641975308641975,0.2937685459940652,CH,Changeup,33.7,-32.9,0.8,2,5.7,17.0,-14.6,2.4,16,0.6030534351145038,0.8625954198473282,CH
2024,"Skubal, Tarik",669373,Tigers,DET,L,86.3,767,2838,17.51851851851852,0.2702607470049331,CH,Changeup,30.8,-30.6,0.2,1,6.0,14.9,-13.9,1.0,7,0.5343511450381679,0.6374045801526718,CH
2024,"Canning, Griffin",656288,Angels,LAA,R,88.6,765,2869,17.709876543209877,0.2666434297664691,CH,Changeup,30.6,-30.5,0.1,0,4.3,16.4,-14.9,1.6,11,0.5190839694656488,0.7824427480916031,CH
2024,"Ragans, Cole",666142,Royals,KC,L,84.8,740,3118,19.246913580246915,0.2373316228351507,CH,Changeup,25.9,-30.9,-5.1,-16,12.3,16.0,-13.6,2.4,18,0.049618320610687,0.8625954198473282,CH
2024,"Bello, Brayan",678394,Red Sox,BOS,R,87.6,730,2710,16.728395061728396,0.2693726937269373,CH,Changeup,32.5,-32.4,0.1,0,3.2,16.1,-14.9,1.2,8,0.5190839694656488,0.683206106870229,CH
2024,"King, Michael",650633,Padres,SD,R,86.7,713,2895,17.87037037037037,0.246286701208981,CH,Changeup,31.4,-32.2,-0.8,-2,5.0,17.6,-14.6,3.0,20,0.4312977099236641,0.9274809160305344,CH
2024,"Gil, Luis",661563,Yankees,NYY,R,91.6,674,2664,16.444444444444443,0.253003003003003,CH,Changeup,27.5,-28.6,-1.0,-4,5.2,15.1,-15.0,0.2,1,0.3969465648854962,0.4389312977099237,CH
2024,"Richards, Trevor",670950,Twins,MIN,R,79.2,630,1182,7.296296296296297,0.5329949238578681,CH,Changeup,45.4,-35.8,9.5,27,-1.8,12.6,-12.5,0.1,1,1.0,0.4122137404580153,CH
2024,"Blanco, Ronel",669854,Astros,HOU,R,85.2,608,2751,17.08695652173913,0.2210105416212286,CH,Changeup,32.5,-31.7,0.9,3,5.3,13.4,-14.2,-0.7,-5,0.6183206106870229,0.2786259541984733,CH
2024,"López, Pablo",641154,Twins,MIN,R,88.5,599,2986,18.432098765432094,0.2006028131279303,CH,Changeup,28.3,-29.9,-1.6,-5,6.7,16.8,-14.4,2.4,16,0.3091603053435114,0.8625954198473282,CH
2024,"Stone, Gavin",694813,Dodgers,LAD,R,87.5,574,2153,13.290123456790123,0.2666047375754761,CH,Changeup,30.2,-30.9,-0.8,-3,5.5,13.8,-14.3,-0.5,-3,0.4312977099236641,0.2862595419847328,CH
2024,"Cabrera, Edward",665795,Marlins,MIA,R,93.0,566,1734,10.703703703703704,0.3264129181084198,CH,Changeup,24.9,-25.8,-0.8,-3,6.8,16.1,-15.6,0.5,3,0.4312977099236641,0.5152671755725191,CH
2024,"Sears, JP",676664,Athletics,ATH,L,84.0,549,2856,17.62962962962963,0.1922268907563025,CH,Changeup,36.3,-38.0,-1.7,-4,2.5,16.6,-15.7,0.8,5,0.2977099236641221,0.5954198473282443,CH
2024,"Kahnle, Tommy",592454,Yankees,NYY,R,87.4,546,750,4.62962962962963,0.728,CH,Changeup,34.5,-30.7,3.8,12,1.3,11.9,-14.3,-2.4,-16,0.8854961832061069,0.1030534351145038,CH
2024,"Quintana, Jose",500779,Mets,NYM,L,85.7,544,2819,17.401234567901234,0.1929762327066335,CH,Changeup,33.1,-31.7,1.3,4,4.3,14.3,-14.0,0.3,2,0.6641221374045801,0.4618320610687023,CH
2024,"Gomber, Austin",596295,Rockies,COL,L,81.1,538,2621,16.179012345679013,0.2052651659671881,CH,Changeup,31.0,-32.9,-1.9,-6,10.4,10.1,-13.2,-3.1,-23,0.2824427480916031,0.0725190839694656,CH
2024,"Peralta, Freddy",642547,Brewers,MIL,R,87.7,536,3066,18.925925925925927,0.1748206131767775,CH,Changeup,31.3,-32.4,-1.1,-3,4.3,15.5,-14.7,0.8,5,0.3778625954198473,0.5954198473282443,CH
2024,"Rogers, Trevor",669432,Orioles,BAL,L,85.5,528,2243,13.84567901234568,0.2353990191707534,CH,Changeup,37.3,-32.2,5.1,16,0.2,14.3,-14.2,0.1,1,0.9580152671755724,0.4122137404580153,CH
2024,"Bibee, Tanner",676440,Guardians,CLE,R,82.5,512,2851,17.70807453416149,0.1795861101367941,CH,Changeup,28.6,-32.5,-3.9,-12,11.5,13.7,-13.5,0.1,1,0.1145038167938931,0.4122137404580153,CH
2024,"Pepiot, Ryan",686752,Rays,TB,R,85.8,503,2149,13.265432098765432,0.2340623545835272,CH,Changeup,35.0,-31.1,3.8,12,2.3,15.4,-14.0,1.4,10,0.8854961832061069,0.7251908396946565,CH
2024,"Pérez, Martín",527048,Padres,SD,L,83.4,501,2204,13.604938271604938,0.2273139745916515,CH,Changeup,31.3,-32.8,-1.6,-5,8.2,14.4,-13.6,0.8,6,0.3091603053435114,0.5954198473282443,CH
2024,"Fedde, Erick",607200,Cardinals,STL,R,87.7,474,2891,17.84567901234568,0.1639571082670356,CH,Changeup,31.8,-30.5,1.3,4,3.6,10.9,-14.2,-3.3,-23,0.6641221374045801,0.0572519083969465,CH
2024,"Berríos, José",621244,Blue Jays,TOR,R,84.8,465,2914,17.987654320987655,0.1595744680851064,CH,Changeup,33.4,-33.0,0.4,1,4.7,14.5,-14.0,0.5,4,0.5687022900763359,0.5152671755725191,CH
2024,"Heaney, Andrew",571760,Rangers,TEX,L,83.7,462,2731,16.858024691358025,0.1691688026363969,CH,Changeup,33.7,-35.7,-2.1,-6,5.6,17.4,-14.6,2.8,19,0.2671755725190839,0.8969465648854962,CH
2024,"Martinez, Nick",607259,Reds,CIN,R,80.1,460,2125,13.117283950617283,0.2164705882352941,CH,Changeup,35.8,-34.6,1.2,4,6.8,12.6,-12.4,0.2,2,0.6603053435114504,0.4389312977099237,CH
2024,"Criswell, Cooper",681867,Red Sox,BOS,R,84.4,459,1756,10.839506172839506,0.2613895216400911,CH,Changeup,43.5,-36.2,7.3,20,-5.0,13.6,-15.0,-1.4,-10,0.9847328244274808,0.2061068702290076,CH
2024,"Valdez, Framber",664285,Astros,HOU,L,89.9,454,2598,16.13664596273292,0.1747498075442648,CH,Changeup,33.2,-29.5,3.6,12,1.0,14.8,-14.9,0.0,0,0.8778625954198473,0.3854961832061068,CH
2024,"Woods Richardson, Simeon",680573,Twins,MIN,R,82.8,442,2295,14.166666666666666,0.1925925925925926,CH,Changeup,30.2,-32.5,-2.2,-7,9.8,15.4,-13.9,1.5,11,0.2480916030534351,0.7519083969465649,CH
2024,"Flexen, Chris",623167,White Sox,CWS,R,81.3,440,2797,17.265432098765434,0.157311405076868,CH,Changeup,31.4,-32.7,-1.2,-4,9.8,11.7,-12.9,-1.2,-9,0.3625954198473282,0.232824427480916,CH
2024,"Miller, Erik",669062,Giants,SF,L,85.5,430,1269,7.833333333333333,0.338849487785658,CH,Changeup,35.3,-31.3,4.0,13,2.2,15.8,-13.9,1.9,13,0.9083969465648856,0.816793893129771,CH
2024,"Olson, Reese",681857,Tigers,DET,R,86.5,413,1853,11.438271604938272,0.222881813275769,CH,Changeup,36.0,-31.3,4.7,15,0.6,13.3,-14.3,-1.0,-7,0.9427480916030534,0.2519083969465648,CH
2024,"Harrison, Kyle",690986,Giants,SF,L,84.8,411,2078,12.82716049382716,0.197786333012512,CH,Changeup,37.1,-36.8,0.3,1,1.0,16.4,-15.1,1.3,9,0.5572519083969466,0.7099236641221374,CH
2024,"Sandoval, Patrick",663776,Angels,LAA,L,82.9,409,1444,8.91358024691358,0.2832409972299169,CH,Changeup,30.0,-32.6,-2.6,-8,9.9,14.2,-13.5,0.6,5,0.2213740458015267,0.5381679389312977,CH
2024,"Castillo, Luis",622491,Mariners,SEA,R,88.1,408,2858,17.641975308641975,0.1427571728481455,CH,Changeup,35.4,-35.0,0.4,1,-0.1,17.2,-16.6,0.5,3,0.5687022900763359,0.5152671755725191,CH
2024,"Sale, Chris",519242,Braves,ATL,L,86.9,400,2815,17.376543209876544,0.1420959147424511,CH,Changeup,36.2,-34.4,1.7,5,0.2,16.2,-15.1,1.1,7,0.7366412213740458,0.6603053435114504,CH
2024,"Rodón, Carlos",607074,Yankees,NYY,L,85.5,400,3102,19.14814814814815,0.1289490651192779,CH,Changeup,34.3,-30.8,3.5,11,3.1,12.5,-13.7,-1.2,-9,0.8740458015267175,0.232824427480916,CH
2024,"Fulmer, Carson",608334,Angels,LAA,R,87.8,397,1472,9.08641975308642,0.2697010869565217,CH,Changeup,32.4,-30.9,1.6,5,3.2,14.6,-14.4,0.2,1,0.7099236641221374,0.4389312977099237,CH
2024,"Rodriguez, Grayson",680570,Orioles,BAL,R,83.1,395,1879,11.598765432098766,0.2102182011708355,CH,Changeup,37.7,-35.0,2.7,8,2.0,12.2,-14.9,-2.7,-18,0.816793893129771,0.0839694656488549,CH
2024,"Lorenzen, Michael",547179,Royals,KC,R,84.6,394,2092,12.91358024691358,0.1883365200764818,CH,Changeup,29.2,-32.2,-3.0,-9,9.2,15.6,-14.1,1.6,11,0.1870229007633587,0.7824427480916031,CH
2024,"Carrasco, Carlos",471911,Guardians,CLE,R,86.8,393,1693,10.51552795031056,0.232132309509746,CH,Changeup,33.8,-30.9,2.9,9,2.3,7.0,-14.1,-7.1,-51,0.8320610687022901,0.015267175572519,CH
2024,"Herz, DJ",687792,Nationals,WSH,L,83.5,389,1586,9.790123456790123,0.2452711223203026,CH,Changeup,33.1,-32.8,0.3,1,6.1,15.5,-13.8,1.8,13,0.5572519083969466,0.8053435114503816,CH
2024,"Suárez, Albert",544150,Orioles,BAL,R,86.1,385,2233,13.783950617283953,0.1724137931034483,CH,Changeup,29.1,-31.3,-2.2,-7,7.9,16.3,-14.1,2.3,16,0.2480916030534351,0.8549618320610687,CH
2024,"Suarez, Ranger",624133,Phillies,PHI,L,80.0,384,2354,14.530864197530864,0.1631265930331351,CH,Changeup,41.2,-36.5,4.6,13,1.7,10.7,-12.8,-2.2,-17,0.9389312977099236,0.1259541984732824,CH
2024,"Weaver, Luke",596133,Yankees,NYY,R,88.6,381,1374,8.481481481481481,0.2772925764192139,CH,Changeup,30.1,-30.5,-0.4,-1,4.6,13.7,-14.9,-1.1,-7,0.4694656488549618,0.2442748091603053,CH
2024,"Abbott, Andrew",671096,Reds,CIN,L,84.8,381,2333,14.401234567901234,0.1633090441491641,CH,Changeup,25.6,-32.0,-6.4,-20,12.5,14.8,-14.0,0.8,6,0.0229007633587786,0.5954198473282443,CH
2024,"Shuster, Jared",694363,White Sox,CWS,L,84.1,379,1290,7.962962962962963,0.2937984496124031,CH,Changeup,29.3,-33.0,-3.7,-11,9.4,12.8,-13.9,-1.1,-8,0.1335877862595419,0.2442748091603053,CH
2024,"Cannon, Jonathan",686563,White Sox,CWS,R,85.7,379,2028,12.51851851851852,0.1868836291913215,CH,Changeup,36.7,-31.9,4.8,15,0.6,13.9,-14.1,-0.1,-1,0.950381679389313,0.3587786259541984,CH
2024,"Feltner, Ryan",663372,Rockies,COL,R,85.2,379,2577,15.907407407407408,0.1470702367093519,CH,Changeup,32.3,-32.5,-0.3,-1,5.0,5.5,-14.0,-8.5,-61,0.4809160305343511,0.0076335877862595,CH
2024,"Paddack, Chris",663978,Twins,MIN,R,82.9,378,1460,9.012345679012345,0.2589041095890411,CH,Changeup,35.5,-32.8,2.6,8,4.6,15.2,-14.1,1.1,8,0.8053435114503816,0.6603053435114504,CH
2024,"Fried, Max",608331,Braves,ATL,L,85.7,377,2761,17.04320987654321,0.1365447301702281,CH,Changeup,32.7,-31.9,0.8,3,4.4,12.1,-14.1,-2.0,-14,0.6030534351145038,0.1412213740458015,CH
2024,"Montgomery, Jordan",656756,D-backs,AZ,L,83.1,373,1929,11.907407407407408,0.1933644375324002,CH,Changeup,27.8,-31.6,-3.8,-12,11.7,10.2,-13.7,-3.5,-25,0.1221374045801526,0.0458015267175572,CH
2024,"Weathers, Ryan",677960,Marlins,MIA,L,86.4,368,1413,8.722222222222221,0.2604387827317763,CH,Changeup,33.0,-31.9,1.1,3,3.8,13.2,-14.6,-1.4,-9,0.648854961832061,0.2061068702290076,CH
2024,"Brown, Hunter",686613,Astros,HOU,R,88.4,362,2889,17.944099378881987,0.1253028729664243,CH,Changeup,26.3,-29.6,-3.3,-11,8.8,14.0,-14.2,-0.2,-1,0.1641221374045801,0.3396946564885496,CH
2024,"Gallen, Zac",668678,D-backs,AZ,R,86.6,351,2506,15.469135802469136,0.1400638467677573,CH,Changeup,31.4,-31.2,0.2,1,5.0,11.8,-14.1,-2.3,-16,0.5343511450381679,0.1145038167938931,CH
2024,"Manaea, Sean",640455,Mets,NYM,L,85.3,350,2996,18.493827160493822,0.116822429906542,CH,Changeup,33.8,-32.8,1.0,3,3.9,14.3,-14.5,-0.2,-1,0.6335877862595419,0.3396946564885496,CH
2024,"Burnes, Corbin",669203,Orioles,BAL,R,89.2,331,2995,18.48765432098765,0.1105175292153589,CH,Changeup,27.5,-29.5,-2.0,-7,6.9,14.1,-14.6,-0.5,-4,0.2786259541984733,0.2862595419847328,CH
2024,"Kikuchi, Yusei",579328,Astros,HOU,L,86.8,325,2923,18.15527950310559,0.1111871365035922,CH,Changeup,27.7,-31.9,-4.2,-13,8.6,12.7,-14.2,-1.5,-11,0.0916030534351145,0.2022900763358778,CH
2024,"Bradford, Cody",674003,Rangers,TEX,L,80.9,321,1175,7.253086419753086,0.2731914893617021,CH,Changeup,30.4,-33.0,-2.6,-8,11.7,13.7,-13.7,-0.1,0,0.2213740458015267,0.3587786259541984,CH
2024,"Ureña, José",570632,Rangers,TEX,R,88.7,320,1759,10.858024691358024,0.1819215463331438,CH,Changeup,26.3,-30.2,-3.8,-13,8.6,15.4,-14.6,0.8,6,0.1221374045801526,0.5954198473282443,CH
2024,"Pfaadt, Brandon",694297,D-backs,AZ,R,87.5,315,2792,17.234567901234566,0.1128223495702005,CH,Changeup,32.0,-31.8,0.2,1,3.7,15.5,-14.4,1.1,8,0.5343511450381679,0.6603053435114504,CH
2024,"Avila, Pedro",658648,Guardians,CLE,R,83.4,312,1419,8.813664596273291,0.2198731501057082,CH,Changeup,35.9,-32.8,3.0,9,3.2,1.7,-13.6,-11.9,-87,0.8396946564885496,0.0,CH
2024,"Snell, Blake",605483,Giants,SF,L,85.5,311,1773,10.944444444444445,0.1754089114495206,CH,Changeup,27.2,-30.9,-3.6,-12,10.3,13.7,-14.3,-0.7,-5,0.1450381679389313,0.2786259541984733,CH
2024,"Anderson, Chase",502624,Rangers,TEX,R,83.9,309,1016,6.271604938271605,0.3041338582677165,CH,Changeup,27.2,-32.6,-5.4,-17,11.8,17.8,-14.0,3.8,27,0.0305343511450381,0.9847328244274808,CH
2024,"Festa, David",701581,Twins,MIN,R,88.4,308,1099,6.783950617283951,0.2802547770700637,CH,Changeup,25.4,-29.5,-4.1,-14,9.5,13.6,-14.1,-0.5,-4,0.099236641221374,0.2862595419847328,CH
2024,"Morton, Charlie",450203,Braves,ATL,R,85.0,307,2791,17.228395061728396,0.109996417054819,CH,Changeup,37.8,-33.0,4.8,15,0.2,17.2,-14.2,3.0,21,0.950381679389313,0.9274809160305344,CH
2024,"Peterson, David",656849,Mets,NYM,L,84.7,307,1871,11.549382716049385,0.1640833778727952,CH,Changeup,34.6,-32.0,2.6,8,3.6,14.6,-14.5,0.1,0,0.8053435114503816,0.4122137404580153,CH
2024,"Nola, Aaron",605400,Phillies,PHI,R,85.7,307,3189,19.685185185185187,0.0962684227030417,CH,Changeup,34.0,-35.6,-1.7,-5,3.2,15.3,-14.5,0.8,5,0.2977099236641221,0.5954198473282443,CH
2024,"Lodolo, Nick",666157,Reds,CIN,L,88.1,306,1863,11.5,0.1642512077294686,CH,Changeup,34.2,-31.0,3.2,10,1.2,17.8,-14.7,3.2,22,0.8587786259541985,0.9465648854961832,CH
2024,"Brieske, Beau",689225,Tigers,DET,R,88.4,305,1152,7.111111111111111,0.2647569444444444,CH,Changeup,28.7,-30.2,-1.5,-5,6.3,14.9,-14.5,0.3,2,0.3282442748091603,0.4618320610687023,CH
2024,"Beeks, Jalen",656222,Pirates,PIT,L,88.9,304,1186,7.320987654320987,0.2563237774030354,CH,Changeup,25.9,-29.5,-3.6,-12,8.6,15.0,-14.4,0.6,4,0.1450381679389313,0.5381679389312977,CH
2024,"Allen, Logan",671106,Guardians,CLE,L,81.7,303,1665,10.341614906832298,0.1819819819819819,CH,Changeup,38.5,-35.7,2.8,8,2.6,1.7,-13.3,-11.6,-87,0.8206106870229007,0.0038167938931297,CH
2024,"Garcia, Robert",676395,Nationals,WSH,L,87.7,295,946,5.839506172839506,0.3118393234672304,CH,Changeup,33.5,-31.1,2.4,8,2.1,14.9,-14.5,0.4,3,0.7938931297709924,0.4847328244274809,CH
2024,"Adam, Jason",592094,Padres,SD,R,89.5,286,1109,6.845679012345679,0.2578899909828674,CH,Changeup,30.4,-28.8,1.6,6,3.9,16.2,-14.5,1.7,12,0.7099236641221374,0.7977099236641222,CH
2024,"Iglesias, Raisel",628452,Braves,ATL,R,89.5,285,928,5.728395061728395,0.3071120689655172,CH,Changeup,29.6,-30.1,-0.5,-2,4.6,16.7,-15.0,1.7,12,0.4503816793893129,0.7977099236641222,CH
2024,"Blach, Ty",621389,Rockies,COL,L,80.0,278,1133,6.993827160493828,0.2453662842012356,CH,Changeup,43.7,-39.4,4.3,11,-1.3,14.0,-12.9,1.0,8,0.916030534351145,0.6374045801526718,CH
2024,"Gore, MacKenzie",669022,Nationals,WSH,L,85.9,277,2994,18.48148148148148,0.0925183700734803,CH,Changeup,27.7,-32.0,-4.3,-13,9.4,12.4,-14.6,-2.2,-15,0.0801526717557251,0.1259541984732824,CH
2024,"Gibson, Kyle",502043,Cardinals,STL,R,84.9,275,2764,17.061728395061728,0.0994934876989869,CH,Changeup,33.2,-31.9,1.3,4,4.6,12.7,-14.4,-1.8,-12,0.6641221374045801,0.1564885496183206,CH
2024,"Cortes, Nestor",641482,Yankees,NYY,L,83.6,274,2849,17.58641975308642,0.0961740961740961,CH,Changeup,34.9,-33.1,1.8,6,4.3,13.8,-13.9,-0.2,-1,0.7480916030534351,0.3396946564885496,CH
2024,"Moore, Matt",519043,Angels,LAA,L,82.8,271,854,5.271604938271605,0.3173302107728337,CH,Changeup,32.4,-31.6,0.8,2,7.8,16.7,-13.3,3.4,25,0.6030534351145038,0.9618320610687024,CH
2024,"Buttó, José",676130,Mets,NYM,R,87.1,270,1222,7.54320987654321,0.220949263502455,CH,Changeup,33.3,-32.3,1.0,3,2.8,8.9,-14.8,-5.9,-40,0.6335877862595419,0.0190839694656488,CH
2024,"Lambert, Peter",663567,Rockies,COL,R,87.0,260,1039,6.41358024691358,0.2502406159769009,CH,Changeup,29.6,-30.7,-1.1,-4,6.3,11.8,-14.0,-2.2,-16,0.3778625954198473,0.1259541984732824,CH
2024,"Brazobán, Huascar",623211,Mets,NYM,R,90.3,260,899,5.549382716049383,0.289210233592881,CH,Changeup,32.1,-29.5,2.6,9,1.6,15.0,-15.0,0.0,0,0.8053435114503816,0.3854961832061068,CH
2024,"Webb, Jacob",657097,Orioles,BAL,R,84.3,258,933,5.75925925925926,0.2765273311897106,CH,Changeup,29.2,-32.8,-3.5,-11,9.5,17.9,-13.8,4.1,30,0.1564885496183206,0.9885496183206108,CH
2024,"Birdsong, Hayden",806185,Giants,SF,R,88.1,256,1388,8.567901234567902,0.1844380403458213,CH,Changeup,37.0,-29.6,7.4,25,-1.9,10.8,-14.1,-3.3,-23,0.9885496183206108,0.0572519083969465,CH
2024,"Peralta, Wandy",593974,Padres,SD,L,88.6,256,613,3.783950617283951,0.4176182707993475,CH,Changeup,30.0,-30.5,-0.5,-2,5.0,16.8,-14.9,2.0,13,0.4503816793893129,0.8358778625954199,CH
2024,"Thorpe, Drew",689672,White Sox,CWS,R,81.6,256,721,4.450617283950617,0.3550624133148405,CH,Changeup,26.6,-33.5,-6.8,-20,14.6,13.0,-13.3,-0.3,-2,0.015267175572519,0.3206106870229007,CH
2024,"Devenski, Chris",606965,Rays,TB,R,82.8,253,533,3.2901234567901234,0.474671669793621,CH,Changeup,34.4,-31.5,2.9,9,5.6,16.1,-13.4,2.7,20,0.8320610687022901,0.8893129770992366,CH
2024,"Holton, Tyler",663947,Tigers,DET,L,83.6,253,1339,8.265432098765432,0.1889469753547423,CH,Changeup,34.0,-32.7,1.4,4,5.0,14.6,-13.7,0.9,7,0.6870229007633588,0.6259541984732825,CH
2024,"Luzardo, Jesús",666200,Marlins,MIA,L,86.3,252,1083,6.685185185185185,0.2326869806094182,CH,Changeup,28.1,-31.2,-3.1,-10,8.8,15.9,-14.3,1.5,11,0.1755725190839694,0.7519083969465649,CH
2024,"Cano, Yennier",666974,Orioles,BAL,R,91.0,248,1008,6.222222222222222,0.246031746031746,CH,Changeup,32.2,-29.0,3.1,11,1.1,17.0,-15.1,1.9,13,0.8473282442748091,0.816793893129771,CH
2024,"Myers, Tobias",668964,Brewers,MIL,R,81.1,245,2152,13.283950617283953,0.1138475836431226,CH,Changeup,29.1,-34.3,-5.2,-15,12.5,11.7,-13.5,-1.8,-13,0.0419847328244274,0.1564885496183206,CH
2024,"Farmer, Buck",571656,Reds,CIN,R,86.8,245,1168,7.209876543209877,0.2097602739726027,CH,Changeup,37.0,-31.5,5.5,17,-0.5,14.9,-14.4,0.4,3,0.9694656488549618,0.4847328244274809,CH
2024,"Suarez, José",660761,Angels,LAA,L,82.9,244,987,6.092592592592593,0.2472137791286727,CH,Changeup,35.6,-33.6,2.0,6,4.1,14.1,-13.5,0.6,5,0.767175572519084,0.5381679389312977,CH
2024,"Kelly, Merrill",518876,D-backs,AZ,R,88.4,239,1142,7.049382716049383,0.2092819614711033,CH,Changeup,33.9,-30.8,3.1,10,1.0,14.4,-14.9,-0.4,-3,0.8473282442748091,0.3053435114503817,CH
2024,"Stripling, Ross",548389,Athletics,ATH,R,82.7,239,1358,8.382716049382717,0.1759941089837997,CH,Changeup,28.5,-30.7,-2.2,-7,11.4,9.2,-13.0,-3.8,-29,0.2480916030534351,0.0381679389312977,CH
2024,"Nelson, Ryne",669194,D-backs,AZ,R,83.0,238,2406,14.851851851851851,0.0989193682460515,CH,Changeup,29.8,-32.9,-3.1,-10,10.1,15.2,-14.0,1.2,9,0.1755725190839694,0.683206106870229,CH
2024,"King, John",667463,Cardinals,STL,L,84.4,237,857,5.290123456790123,0.2765460910151692,CH,Changeup,34.9,-33.2,1.7,5,3.4,15.6,-14.2,1.4,10,0.7366412213740458,0.7251908396946565,CH
2024,"Irvin, Cole",608344,Twins,MIN,L,84.9,236,1767,10.907407407407408,0.1335597057159026,CH,Changeup,30.2,-31.5,-1.3,-4,7.8,13.9,-13.8,0.1,1,0.3511450381679389,0.4122137404580153,CH
2024,"Molina, Anthony",683627,Rockies,COL,R,85.3,235,1048,6.469135802469136,0.224236641221374,CH,Changeup,29.5,-30.7,-1.3,-4,7.8,13.3,-13.7,-0.4,-3,0.3511450381679389,0.3053435114503817,CH
2024,"Rea, Colin",607067,Brewers,MIL,R,86.6,235,2650,16.358024691358025,0.0886792452830188,CH,Changeup,32.4,-31.5,0.9,3,4.1,13.8,-14.2,-0.3,-2,0.6183206106870229,0.3206106870229007,CH
2024,"Wentz, Joey",666214,Pirates,PIT,L,85.7,234,1224,7.555555555555555,0.1911764705882352,CH,Changeup,26.7,-30.8,-4.1,-13,10.6,14.0,-14.1,-0.1,0,0.099236641221374,0.3587786259541984,CH
2024,"Yarbrough, Ryan",642232,Blue Jays,TOR,L,77.3,232,1514,9.34567901234568,0.1532364597093791,CH,Changeup,43.6,-43.0,0.6,1,2.4,16.0,-15.2,0.8,5,0.5877862595419847,0.5954198473282443,CH
2024,"Mikolas, Miles",571945,Cardinals,STL,R,85.6,230,2703,16.685185185185187,0.0850906400295967,CH,Changeup,30.8,-30.7,0.1,0,6.5,14.2,-13.9,0.3,2,0.5190839694656488,0.4618320610687023,CH
2024,"Uceta, Edwin",670955,Rays,TB,R,88.3,229,672,4.148148148148148,0.3407738095238095,CH,Changeup,35.7,-34.0,1.6,5,-0.3,17.0,-15.6,1.3,9,0.7099236641221374,0.7099236641221374,CH
2024,"Mantiply, Joe",573009,D-backs,AZ,L,81.0,229,867,5.351851851851852,0.2641291810841983,CH,Changeup,45.8,-38.3,7.4,19,-3.9,14.6,-13.6,1.0,7,0.9885496183206108,0.6374045801526718,CH
2024,"Alexander, Tyler",641302,Rays,TB,L,81.3,228,1668,10.296296296296296,0.1366906474820144,CH,Changeup,35.7,-34.9,0.8,2,5.8,14.6,-13.0,1.6,13,0.6030534351145038,0.7824427480916031,CH
2024,"Vodnik, Victor",680767,Rockies,COL,R,90.1,222,1341,8.277777777777779,0.1655480984340044,CH,Changeup,33.2,-31.3,1.9,6,0.3,13.1,-14.9,-1.8,-12,0.7595419847328244,0.1564885496183206,CH
2024,"Estes, Joey",683155,Athletics,ATH,R,84.8,222,2027,12.512345679012345,0.1095214602861371,CH,Changeup,29.4,-31.9,-2.5,-8,8.7,14.6,-14.0,0.6,4,0.2366412213740458,0.5381679389312977,CH
2024,"Wicks, Jordan",696136,Cubs,CHC,L,82.2,220,852,5.25925925925926,0.2582159624413145,CH,Changeup,33.5,-33.2,0.3,1,6.9,11.6,-13.4,-1.8,-13,0.5572519083969466,0.1564885496183206,CH
2024,"Detmers, Reid",672282,Angels,LAA,L,84.7,220,1557,9.61111111111111,0.1412973667308927,CH,Changeup,26.8,-31.3,-4.5,-14,11.4,11.4,-13.7,-2.3,-17,0.0687022900763358,0.1145038167938931,CH
2024,"Blackburn, Paul",621112,Mets,NYM,R,85.7,219,1212,7.481481481481482,0.1806930693069307,CH,Changeup,30.7,-31.1,-0.4,-1,6.3,11.3,-13.8,-2.5,-18,0.4694656488549618,0.0954198473282442,CH
2024,"Lively, Ben",594902,Guardians,CLE,R,83.9,218,2406,14.944099378881988,0.0906068162926018,CH,Changeup,31.3,-35.2,-3.9,-11,7.4,15.0,-14.4,0.7,5,0.1145038167938931,0.5687022900763359,CH
2024,"Severino, Luis",622663,Mets,NYM,R,86.1,217,2889,17.833333333333332,0.0751124956732433,CH,Changeup,29.8,-31.5,-1.7,-5,7.2,14.0,-14.1,-0.1,0,0.2977099236641221,0.3587786259541984,CH
2024,"Brito, Jhony",666745,Padres,SD,R,89.8,216,626,3.864197530864197,0.3450479233226837,CH,Changeup,25.8,-28.6,-2.8,-10,8.1,15.8,-14.5,1.3,9,0.2022900763358778,0.7099236641221374,CH
2024,"Marsh, Alec",679525,Royals,KC,R,86.3,216,2161,13.339506172839506,0.0999537251272559,CH,Changeup,33.2,-31.8,1.3,4,3.5,14.7,-14.4,0.4,2,0.6641221374045801,0.4847328244274809,CH
2024,"Arrighetti, Spencer",681293,Astros,HOU,R,85.6,215,2505,15.559006211180124,0.0858283433133732,CH,Changeup,32.6,-36.2,-3.6,-10,4.9,15.1,-14.2,0.9,7,0.1450381679389313,0.6259541984732825,CH
2024,"Hancock, Emerson",676106,Mariners,SEA,R,86.5,214,1014,6.25925925925926,0.2110453648915187,CH,Changeup,33.3,-31.8,1.5,5,3.2,17.3,-14.3,3.0,21,0.7022900763358778,0.9274809160305344,CH
2024,"Vásquez, Randy",681190,Padres,SD,R,88.6,210,1687,10.41358024691358,0.1244813278008298,CH,Changeup,28.3,-29.9,-1.6,-5,6.6,17.7,-14.5,3.2,22,0.3091603053435114,0.9465648854961832,CH
2024,"Dunning, Dane",641540,Rangers,TEX,R,85.1,210,1689,10.425925925925926,0.1243339253996447,CH,Changeup,32.6,-33.1,-0.5,-1,5.3,17.6,-14.2,3.4,24,0.4503816793893129,0.9618320610687024,CH
2024,"Miller, Bobby",676272,Dodgers,LAD,R,86.4,210,1053,6.5,0.1994301994301994,CH,Changeup,27.8,-31.1,-3.2,-10,8.8,17.0,-14.2,2.8,20,0.1717557251908397,0.8969465648854962,CH
2024,"Lugo, Seth",607625,Royals,KC,R,87.3,207,3112,19.20987654320988,0.0665167095115681,CH,Changeup,31.5,-31.6,-0.1,0,4.3,15.3,-14.8,0.5,3,0.4885496183206106,0.5152671755725191,CH
2024,"Freeland, Kyle",607536,Rockies,COL,L,85.7,206,1769,10.919753086419751,0.1164499717354437,CH,Changeup,31.4,-31.9,-0.5,-1,5.7,12.1,-14.0,-2.0,-14,0.4503816793893129,0.1412213740458015,CH
2024,"Chivilli, Angel",683409,Rockies,COL,R,87.8,206,512,3.1604938271604937,0.40234375,CH,Changeup,29.2,-30.4,-1.2,-4,6.1,10.7,-14.2,-3.5,-25,0.3625954198473282,0.0458015267175572,CH
2024,"Suter, Brent",608718,Reds,CIN,L,75.5,202,1022,6.308641975308642,0.197651663405088,CH,Changeup,36.1,-36.3,-0.1,0,11.7,8.9,-9.9,-1.0,-10,0.4885496183206106,0.2519083969465648,CH
2024,"Harris, Hogan",663687,Athletics,ATH,L,81.1,200,1213,7.487654320987654,0.1648804616652926,CH,Changeup,32.3,-34.6,-2.2,-6,9.6,17.4,-13.9,3.5,25,0.2480916030534351,0.9694656488549618,CH
2024,"Kelly, Zack",677161,Red Sox,BOS,R,83.6,200,955,5.895061728395062,0.2094240837696335,CH,Changeup,38.9,-35.1,3.8,11,0.5,18.0,-14.4,3.5,24,0.8854961832061069,0.9694656488549618,CH
2024,"Faedo, Alex",656412,Tigers,DET,R,89.1,200,1007,6.216049382716049,0.1986097318768619,CH,Changeup,32.6,-29.8,2.8,9,1.9,16.2,-14.7,1.5,10,0.8206106870229007,0.7519083969465649,CH
2024,"Cantillo, Joey",676282,Guardians,CLE,L,77.8,196,711,4.416149068322981,0.2756680731364275,CH,Changeup,33.1,-34.0,-0.9,-3,12.0,9.1,-11.8,-2.7,-23,0.416030534351145,0.0839694656488549,CH
2024,"Rodriguez, Eduardo",593958,D-backs,AZ,L,86.7,195,866,5.345679012345679,0.2251732101616628,CH,Changeup,30.2,-31.1,-0.9,-3,6.2,16.1,-14.1,2.0,14,0.416030534351145,0.8358778625954199,CH
2024,"Sánchez, Sixto",664350,Marlins,MIA,R,85.4,194,621,3.8333333333333335,0.3123993558776167,CH,Changeup,32.9,-32.3,0.6,2,4.9,16.8,-14.2,2.6,18,0.5877862595419847,0.8816793893129771,CH
2024,"Matz, Steven",571927,Cardinals,STL,L,83.3,194,754,4.654320987654321,0.2572944297082228,CH,Changeup,38.8,-33.5,5.3,16,0.6,14.7,-13.7,1.0,7,0.9618320610687024,0.6374045801526718,CH
2024,"Erceg, Lucas",668674,Royals,KC,R,91.0,188,947,5.845679012345679,0.1985216473072861,CH,Changeup,26.4,-27.9,-1.5,-5,6.7,17.9,-15.0,2.9,19,0.3282442748091603,0.916030534351145,CH
2024,"Spiers, Carson",686730,Reds,CIN,R,86.7,188,1554,9.592592592592592,0.1209781209781209,CH,Changeup,30.9,-32.6,-1.8,-5,5.4,14.8,-14.5,0.3,2,0.2900763358778626,0.4618320610687023,CH
2024,"Latz, Jacob",656641,Rangers,TEX,L,85.9,185,813,5.018518518518518,0.2275522755227552,CH,Changeup,26.0,-31.4,-5.4,-17,11.2,13.6,-14.0,-0.4,-3,0.0305343511450381,0.3053435114503817,CH
2024,"Gaddis, Hunter",683769,Guardians,CLE,R,80.3,181,1075,6.6770186335403725,0.1683720930232558,CH,Changeup,34.9,-34.0,0.9,3,7.9,18.4,-13.7,4.7,34,0.6183206106870229,1.0,CH
2024,"Williams, Trevor",592866,Nationals,WSH,R,82.8,179,1064,6.567901234567901,0.1682330827067669,CH,Changeup,38.3,-37.4,0.9,2,1.5,16.0,-14.9,1.1,7,0.6183206106870229,0.6603053435114504,CH
2024,"Springs, Jeffrey",605488,Rays,TB,L,79.6,179,565,3.4876543209876543,0.3168141592920354,CH,Changeup,39.9,-35.6,4.3,12,3.4,13.4,-12.7,0.7,5,0.916030534351145,0.5687022900763359,CH
2024,"Jax, Griffin",643377,Twins,MIN,R,92.3,178,1068,6.592592592592593,0.1666666666666666,CH,Changeup,29.8,-28.1,1.6,6,2.3,13.9,-15.3,-1.3,-9,0.7099236641221374,0.2175572519083969,CH
2024,"Martin, Davis",663436,White Sox,CWS,R,89.3,176,892,5.506172839506172,0.1973094170403587,CH,Changeup,33.6,-29.3,4.4,15,0.8,13.7,-14.5,-0.8,-6,0.9236641221374046,0.2671755725190839,CH
2024,"Williams, Devin",642207,Brewers,MIL,R,84.4,176,391,2.4135802469135803,0.4501278772378516,CH,Changeup,42.3,-35.1,7.1,20,-3.5,19.4,-14.4,5.0,34,,,CH
2024,"Boyd, Matthew",571510,Guardians,CLE,L,80.9,175,669,4.15527950310559,0.2615844544095665,CH,Changeup,36.2,-36.0,0.2,1,5.7,14.8,-13.0,1.8,14,0.5343511450381679,0.8053435114503816,CH
2024,"Meyer, Max",676974,Marlins,MIA,R,86.7,173,968,5.9753086419753085,0.1787190082644628,CH,Changeup,28.5,-31.2,-2.7,-9,7.9,13.9,-14.2,-0.3,-2,0.2175572519083969,0.3206106870229007,CH
2024,"Wood, Alex",622072,Athletics,ATH,L,84.5,169,756,4.666666666666667,0.2235449735449735,CH,Changeup,38.3,-36.4,1.9,5,0.1,15.8,-15.6,0.1,1,0.7595419847328244,0.4122137404580153,CH
2024,"Knack, Landon",689017,Dodgers,LAD,R,84.2,167,1149,7.092592592592593,0.1453437771975631,CH,Changeup,24.8,-32.4,-7.6,-23,13.7,10.0,-13.9,-3.9,-28,0.0038167938931297,0.0343511450381679,CH
2024,"Montero, Keider",672456,Tigers,DET,R,85.9,165,1539,9.5,0.1072124756335282,CH,Changeup,30.5,-31.7,-1.2,-4,6.4,15.0,-14.1,1.0,7,0.3625954198473282,0.6374045801526718,CH
2024,"Woo, Bryan",693433,Mariners,SEA,R,89.6,161,1716,10.592592592592592,0.0938228438228438,CH,Changeup,29.7,-31.3,-1.6,-5,4.3,17.0,-15.0,2.1,14,0.3091603053435114,0.8435114503816794,CH
2024,"Verlander, Justin",434378,Astros,HOU,R,84.0,160,1580,9.813664596273291,0.1012658227848101,CH,Changeup,29.2,-29.1,0.1,0,9.7,13.4,-12.2,1.3,10,0.5190839694656488,0.7099236641221374,CH
2024,"Fleming, Josh",676596,Pirates,PIT,L,83.2,160,532,3.2839506172839505,0.3007518796992481,CH,Changeup,39.6,-35.1,4.5,13,-0.1,12.2,-14.0,-1.8,-13,0.9351145038167938,0.1564885496183206,CH
2024,"Bido, Osvaldo",674370,Athletics,ATH,R,88.9,160,1055,6.512345679012346,0.1516587677725118,CH,Changeup,25.3,-29.8,-4.5,-15,9.4,17.3,-14.5,2.8,19,0.0687022900763358,0.8969465648854962,CH
2024,"Hall, DL",669084,Brewers,MIL,L,84.7,160,782,4.827160493827161,0.2046035805626598,CH,Changeup,28.5,-33.1,-4.6,-14,9.7,15.6,-14.1,1.5,11,0.0610687022900763,0.7519083969465649,CH
2024,"Montero, Rafael",606160,Astros,HOU,R,91.0,159,683,4.24223602484472,0.232796486090776,CH,Changeup,27.5,-30.3,-2.8,-9,5.7,17.1,-15.7,1.4,9,0.2022900763358778,0.7251908396946565,CH
2024,"Gray, Sonny",543243,Cardinals,STL,R,88.3,158,2483,15.32716049382716,0.0636327023761578,CH,Changeup,29.8,-30.9,-1.1,-3,5.2,11.2,-14.5,-3.4,-23,0.3778625954198473,0.0534351145038167,CH
2024,"Cecconi, Slade",677944,D-backs,AZ,R,81.8,157,1290,7.962962962962963,0.1217054263565891,CH,Changeup,34.1,-35.0,-0.9,-3,6.8,15.1,-13.7,1.4,11,0.416030534351145,0.7251908396946565,CH
2024,"Romero, JoJo",668941,Cardinals,STL,L,85.9,157,919,5.672839506172839,0.1708378672470076,CH,Changeup,33.9,-32.4,1.4,4,3.2,15.4,-14.7,0.7,5,0.6870229007633588,0.5687022900763359,CH
2024,"Winckowski, Josh",670174,Red Sox,BOS,R,91.4,156,1240,7.654320987654321,0.1258064516129032,CH,Changeup,28.6,-28.1,0.5,2,4.1,17.0,-15.1,1.9,13,0.5801526717557252,0.816793893129771,CH
2024,"Javier, Cristian",664299,Astros,HOU,R,81.2,153,570,3.540372670807453,0.2684210526315789,CH,Changeup,36.4,-34.6,1.8,5,5.4,12.8,-12.9,-0.1,-1,0.7480916030534351,0.3587786259541984,CH
2024,"Morgan, Eli",669212,Guardians,CLE,R,78.9,153,646,4.012422360248447,0.2368421052631578,CH,Changeup,41.1,-37.9,3.3,9,2.7,15.7,-12.8,2.9,23,0.8625954198473282,0.916030534351145,CH
2024,"Hudson, Dakota",641712,Rockies,COL,R,83.5,152,1510,9.320987654320987,0.1006622516556291,CH,Changeup,36.1,-31.9,4.2,13,2.8,12.5,-13.6,-1.0,-8,0.9122137404580152,0.2519083969465648,CH
2024,"Bellozo, Valente",678368,Marlins,MIA,R,81.1,152,1094,6.753086419753086,0.1389396709323583,CH,Changeup,35.4,-34.9,0.5,1,6.2,15.7,-12.9,2.8,22,0.5801526717557252,0.8969465648854962,CH
2024,"Povich, Cade",700249,Orioles,BAL,L,86.1,151,1389,8.574074074074074,0.1087113030957523,CH,Changeup,29.1,-31.7,-2.6,-8,7.8,14.7,-14.1,0.6,4,0.2213740458015267,0.5381679389312977,CH
2024,"Bassitt, Chris",605135,Blue Jays,TOR,R,84.5,151,2959,18.265432098765437,0.0510307536329841,CH,Changeup,31.1,-33.2,-2.1,-6,7.4,17.1,-14.0,3.2,23,0.2671755725190839,0.9465648854961832,CH
2024,"Eflin, Zach",621107,Orioles,BAL,R,85.6,148,2447,15.104938271604938,0.0604822231303637,CH,Changeup,34.4,-31.6,2.8,9,3.0,15.2,-14.1,1.1,8,0.8206106870229007,0.6603053435114504,CH
2024,"Saucedo, Tayler",642048,Mariners,SEA,L,85.3,147,626,3.864197530864197,0.2348242811501597,CH,Changeup,34.3,-34.0,0.2,1,3.5,18.5,-14.4,4.1,28,0.5343511450381679,0.9885496183206108,CH
2024,"Banks, Tanner",621383,Phillies,PHI,L,86.2,147,1174,7.246913580246914,0.1252129471890971,CH,Changeup,30.4,-30.5,-0.1,0,6.3,12.2,-13.8,-1.6,-12,0.4885496183206106,0.1870229007633587,CH
2024,"Houser, Adrian",605288,Mets,NYM,R,84.0,144,1131,6.981481481481482,0.1273209549071618,CH,Changeup,34.3,-32.7,1.7,5,4.5,14.7,-14.1,0.6,4,0.7366412213740458,0.5381679389312977,CH
2024,"Milner, Hoby",571948,Brewers,MIL,L,81.1,143,1043,6.438271604938271,0.137104506232023,CH,Changeup,39.1,-39.2,-0.1,0,2.7,14.9,-15.4,-0.5,-3,0.4885496183206106,0.2862595419847328,CH
2024,"Crochet, Garrett",676979,White Sox,CWS,L,91.0,142,2395,14.783950617283953,0.0592901878914405,CH,Changeup,24.1,-27.0,-2.9,-11,9.0,15.9,-15.3,0.7,4,0.1946564885496183,0.5687022900763359,CH
2024,"Soroka, Michael",647336,White Sox,CWS,R,82.1,141,1442,8.901234567901234,0.0977808599167822,CH,Changeup,32.6,-32.7,-0.1,0,8.1,17.8,-13.2,4.6,35,0.4885496183206106,0.9961832061068704,CH
2024,"Bielak, Brandon",656232,Athletics,ATH,R,87.4,140,510,3.1481481481481484,0.2745098039215686,CH,Changeup,31.6,-30.6,1.0,3,4.3,15.1,-14.4,0.7,5,0.6335877862595419,0.5687022900763359,CH
2024,"Chavez, Jesse",445926,Braves,ATL,R,85.2,140,1044,6.444444444444445,0.1340996168582375,CH,Changeup,35.5,-33.9,1.6,5,2.2,16.0,-14.6,1.4,10,0.7099236641221374,0.7251908396946565,CH
2024,"Gonzales, Marco",594835,Pirates,PIT,L,80.2,139,546,3.3703703703703702,0.2545787545787545,CH,Changeup,38.5,-38.8,-0.3,-1,4.2,16.3,-13.4,2.9,22,0.4809160305343511,0.916030534351145,CH
2024,"Muñoz, Roddery",682610,Marlins,MIA,R,89.3,138,1485,9.166666666666666,0.0929292929292929,CH,Changeup,24.7,-29.8,-5.2,-17,9.7,12.3,-14.8,-2.4,-16,0.0419847328244274,0.1030534351145038,CH
2024,"Jarvis, Bryce",686826,D-backs,AZ,R,85.1,137,1006,6.209876543209877,0.136182902584493,CH,Changeup,32.8,-32.6,0.2,1,5.1,17.4,-14.2,3.2,22,0.5343511450381679,0.9465648854961832,CH
2024,"Lynch IV, Daniel",663738,Royals,KC,L,84.7,134,631,3.8950617283950617,0.2123613312202852,CH,Changeup,33.9,-31.9,2.0,6,4.1,13.9,-13.9,0.0,0,0.767175572519084,0.3854961832061068,CH
2024,"Akin, Keegan",669211,Orioles,BAL,L,85.6,134,1241,7.660493827160494,0.1079774375503626,CH,Changeup,28.1,-31.8,-3.7,-12,9.4,15.6,-14.1,1.5,10,0.1335877862595419,0.7519083969465649,CH
2024,"Marinaccio, Ron",676760,Yankees,NYY,R,82.2,134,395,2.438271604938272,0.3392405063291139,CH,Changeup,39.9,-36.1,3.8,11,0.9,16.4,-13.9,2.5,18,,,CH
2024,"Rosenberg, Kenny",670046,Angels,LAA,L,81.1,132,403,2.4876543209876543,0.3275434243176178,CH,Changeup,31.6,-34.1,-2.5,-7,10.0,9.0,-12.9,-3.9,-31,,,CH
2024,"Lynn, Lance",458681,Cardinals,STL,R,84.8,128,2039,12.58641975308642,0.062775870524767,CH,Changeup,30.9,-33.2,-2.2,-7,7.1,13.9,-14.0,-0.2,-1,0.2480916030534351,0.3396946564885496,CH
2024,"Dubin, Shawn",681869,Astros,HOU,R,88.3,127,840,5.217391304347826,0.1511904761904761,CH,Changeup,35.7,-30.2,5.5,18,-0.6,14.2,-14.4,-0.3,-2,0.9694656488549618,0.3206106870229007,CH
2024,"Jones, Jared",683003,Pirates,PIT,R,89.9,125,1912,11.802469135802468,0.0653765690376569,CH,Changeup,28.1,-29.3,-1.2,-4,5.6,11.9,-14.8,-2.9,-20,0.3625954198473282,0.0801526717557251,CH
2024,"Baz, Shane",669358,Rays,TB,R,88.1,124,1206,7.444444444444445,0.1028192371475953,CH,Changeup,26.6,-30.3,-3.7,-12,8.9,14.4,-14.4,0.0,0,0.1335877862595419,0.3854961832061068,CH
2024,"Young, Alex",622065,Mets,NYM,L,85.2,124,267,1.648148148148148,0.4644194756554307,CH,Changeup,36.2,-31.3,4.9,16,1.2,10.9,-14.0,-3.1,-22,,,CH
2024,"Henry, Tommy",674072,D-backs,AZ,L,83.7,124,706,4.3580246913580245,0.1756373937677053,CH,Changeup,34.6,-33.0,1.6,5,4.4,13.5,-14.0,-0.5,-4,0.7099236641221374,0.2862595419847328,CH
2024,"Suarez, Robert",663158,Padres,SD,R,91.1,123,977,6.030864197530864,0.1258955987717502,CH,Changeup,25.7,-27.4,-1.8,-6,7.4,16.5,-15.0,1.5,10,0.2900763358778626,0.7519083969465649,CH
2024,"Musgrove, Joe",605397,Padres,SD,R,87.1,123,1582,9.765432098765432,0.0777496839443742,CH,Changeup,32.7,-30.5,2.2,7,3.6,12.8,-14.1,-1.3,-9,0.7824427480916031,0.2175572519083969,CH
2024,"Leclerc, José",600917,Rangers,TEX,R,88.2,123,1204,7.432098765432099,0.1021594684385382,CH,Changeup,23.2,-30.6,-7.4,-24,12.0,12.3,-14.7,-2.5,-17,0.0076335877862595,0.0954198473282442,CH
2024,"Kuhl, Chad",641771,White Sox,CWS,R,87.4,123,980,6.049382716049383,0.1255102040816326,CH,Changeup,35.4,-33.0,2.5,7,0.3,14.6,-14.8,-0.2,-1,0.7977099236641222,0.3396946564885496,CH
2024,"Martinez, Seth",661527,Astros,HOU,R,84.7,122,838,5.204968944099379,0.1455847255369928,CH,Changeup,39.8,-37.7,2.1,6,-1.6,12.9,-14.2,-1.3,-9,0.7786259541984732,0.2175572519083969,CH
2024,"Assad, Javier",665871,Cubs,CHC,R,83.7,117,2538,15.666666666666666,0.0460992907801418,CH,Changeup,30.8,-32.4,-1.6,-5,8.2,12.7,-13.8,-1.1,-8,,,CH
2024,"Gordon, Tanner",685299,Rockies,COL,R,83.9,116,607,3.746913580246914,0.1911037891268533,CH,Changeup,26.4,-31.5,-5.1,-16,12.4,14.0,-13.7,0.3,2,0.049618320610687,0.4618320610687023,CH
2024,"Elder, Bryce",693821,Braves,ATL,R,85.2,115,864,5.333333333333333,0.1331018518518518,CH,Changeup,31.5,-29.5,2.0,7,6.0,11.8,-13.5,-1.8,-13,0.767175572519084,0.1564885496183206,CH
2024,"Gray, Jon",592351,Rangers,TEX,R,88.7,115,1620,10.0,0.0709876543209876,CH,Changeup,28.1,-30.0,-1.9,-6,6.7,14.2,-14.5,-0.3,-2,0.2824427480916031,0.3206106870229007,CH
2024,"Skenes, Paul",694973,Pirates,PIT,R,87.3,114,2125,13.117283950617283,0.0536470588235294,CH,Changeup,32.5,-31.1,1.4,4,3.5,17.5,-14.3,3.1,22,0.6870229007633588,0.9389312977099236,CH
2024,"Vest, Will",676684,Tigers,DET,R,89.0,114,1162,7.172839506172839,0.0981067125645439,CH,Changeup,30.5,-30.4,0.0,0,4.0,15.4,-14.9,0.5,3,0.5114503816793893,0.5152671755725191,CH
2024,"Contreras, Roansy",672710,Angels,LAA,R,89.0,113,1074,6.62962962962963,0.1052141527001862,CH,Changeup,24.2,-29.5,-5.3,-18,10.4,15.6,-14.4,1.2,8,0.0381679389312977,0.683206106870229,CH
2024,"Paxton, James",572020,Red Sox,BOS,L,82.6,112,1708,10.54320987654321,0.0655737704918032,CH,Changeup,31.1,-32.6,-1.6,-5,9.0,13.9,-13.6,0.2,2,0.3091603053435114,0.4389312977099237,CH
2024,"Pressly, Ryan",519151,Astros,HOU,R,89.5,108,969,6.018633540372671,0.1114551083591331,CH,Changeup,29.8,-29.4,0.4,1,4.5,12.0,-14.7,-2.7,-18,0.5687022900763359,0.0839694656488549,CH
2024,"Englert, Mason",669438,Tigers,DET,R,86.2,107,365,2.253086419753086,0.2931506849315068,CH,Changeup,38.0,-32.0,6.0,19,-0.9,14.3,-14.3,0.0,0,,,CH
2024,"France, J.P.",641585,Astros,HOU,R,82.3,106,466,2.8944099378881987,0.2274678111587982,CH,Changeup,29.3,-34.9,-5.5,-16,11.3,15.0,-13.4,1.6,12,,,CH
2024,"Taillon, Jameson",592791,Cubs,CHC,R,86.0,106,2483,15.32716049382716,0.0426902939991945,CH,Changeup,27.0,-30.9,-3.9,-13,9.8,14.2,-13.9,0.3,2,,,CH
2024,"Allard, Kolby",663465,Phillies,PHI,L,82.0,106,436,2.691358024691358,0.2431192660550458,CH,Changeup,32.4,-33.8,-1.4,-4,8.2,14.3,-13.4,0.9,7,,,CH
2024,"Irvin, Jake",663623,Nationals,WSH,R,88.4,105,3046,18.80246913580247,0.0344714379514116,CH,Changeup,30.4,-29.8,0.6,2,4.6,15.9,-14.4,1.5,11,,,CH
2024,"Bivens, Spencer",702352,Giants,SF,R,88.6,104,768,4.7407407407407405,0.1354166666666666,CH,Changeup,33.7,-29.8,3.9,13,1.3,12.8,-14.3,-1.6,-11,0.9045801526717556,0.1870229007633587,CH
2024,"Lee, Dylan",669276,Braves,ATL,L,85.7,104,858,5.296296296296297,0.1212121212121212,CH,Changeup,25.8,-30.4,-4.6,-15,11.5,12.1,-13.8,-1.7,-12,0.0610687022900763,0.1793893129770992,CH
2024,"McFarland, T.J.",519008,Athletics,ATH,L,81.4,103,836,5.160493827160494,0.1232057416267942,CH,Changeup,44.5,-36.2,8.3,23,-3.1,14.1,-13.7,0.4,3,0.9961832061068704,0.4847328244274809,CH
2024,"Priester, Quinn",682990,Red Sox,BOS,R,88.5,103,811,5.006172839506172,0.127003699136868,CH,Changeup,31.3,-29.9,1.3,4,3.6,14.3,-14.4,-0.1,-1,0.6641221374045801,0.3587786259541984,CH
2024,"Henriquez, Ronny",678692,Twins,MIN,R,90.7,103,303,1.8703703703703705,0.3399339933993399,CH,Changeup,28.8,-29.5,-0.6,-2,4.4,16.1,-15.0,1.0,7,,,CH
2024,"Aguiar, Julian",687924,Reds,CIN,R,84.0,100,530,3.271604938271605,0.1886792452830188,CH,Changeup,35.0,-33.6,1.4,4,3.8,14.2,-14.3,-0.1,-1,0.6870229007633588,0.3587786259541984,CH
2024,"Ashby, Aaron",676879,Brewers,MIL,L,88.8,99,484,2.9876543209876543,0.2045454545454545,CH,Changeup,30.7,-29.4,1.3,4,4.0,13.7,-13.9,-0.3,-2,,,CH
2024,"Stratton, Chris",608717,Royals,KC,R,85.1,99,994,6.135802469135802,0.0995975855130784,CH,Changeup,34.9,-32.0,3.0,9,2.7,14.2,-14.0,0.2,2,0.8396946564885496,0.4389312977099237,CH
2024,"Imanaga, Shota",684007,Cubs,CHC,L,81.6,99,2590,15.987654320987655,0.0382239382239382,CH,Changeup,31.5,-35.0,-3.5,-10,9.5,12.0,-13.2,-1.2,-9,,,CH
2024,"Ross, Joe",605452,Brewers,MIL,R,90.2,99,1197,7.388888888888889,0.0827067669172932,CH,Changeup,27.2,-28.7,-1.5,-5,6.5,16.8,-14.7,2.1,14,0.3282442748091603,0.8435114503816794,CH
2024,"Zerpa, Angel",672582,Royals,KC,L,88.6,98,951,5.87037037037037,0.103049421661409,CH,Changeup,27.8,-30.8,-3.0,-10,7.0,13.4,-15.1,-1.7,-11,0.1870229007633587,0.1793893129770992,CH
2024,"Keller, Brad",641745,Red Sox,BOS,R,88.6,98,743,4.58641975308642,0.1318977119784656,CH,Changeup,29.1,-29.1,0.0,0,5.6,8.8,-14.1,-5.3,-38,0.5114503816793893,0.0267175572519083,CH
2024,"Banda, Anthony",607455,Dodgers,LAD,L,90.0,98,774,4.777777777777778,0.1266149870801033,CH,Changeup,28.3,-29.8,-1.4,-5,5.4,15.3,-14.9,0.4,3,0.3396946564885496,0.4847328244274809,CH
2024,"Smith, Will",519293,Royals,KC,L,85.8,98,673,4.154320987654321,0.1456166419019316,CH,Changeup,25.6,-30.0,-4.4,-15,11.5,14.3,-13.7,0.6,4,0.0763358778625954,0.5381679389312977,CH
2024,"Lowder, Rhett",695076,Reds,CIN,R,86.2,97,498,3.074074074074074,0.1947791164658634,CH,Changeup,36.3,-31.9,4.4,14,0.5,15.8,-14.3,1.5,11,0.9236641221374046,0.7519083969465649,CH
2024,"Floro, Dylan",571670,D-backs,AZ,R,83.5,97,1018,6.283950617283951,0.0952848722986247,CH,Changeup,35.9,-32.5,3.4,11,3.4,16.3,-13.7,2.6,19,0.8664122137404581,0.8816793893129771,CH
2024,"Corbin, Patrick",571578,Nationals,WSH,L,81.1,96,2888,17.82716049382716,0.0332409972299169,CH,Changeup,31.9,-33.3,-1.4,-4,9.8,12.7,-13.2,-0.5,-4,,,CH
2024,"Burke, Brock",656271,Angels,LAA,L,88.9,96,575,3.549382716049383,0.1669565217391304,CH,Changeup,29.9,-28.9,1.0,4,4.9,15.6,-14.2,1.4,10,0.6335877862595419,0.7251908396946565,CH
2024,"López, Jorge",605347,Cubs,CHC,R,87.5,95,802,4.950617283950617,0.1184538653366583,CH,Changeup,33.2,-30.8,2.5,8,2.6,15.7,-14.3,1.4,10,0.7977099236641222,0.7251908396946565,CH
2024,"Leone, Dominic",608678,White Sox,CWS,R,90.8,94,361,2.228395061728395,0.260387811634349,CH,Changeup,29.5,-28.3,1.2,4,3.5,11.3,-15.0,-3.7,-25,,,CH
2024,"Varland, Louis",686973,Twins,MIN,R,89.4,94,901,5.561728395061729,0.1043285238623751,CH,Changeup,28.9,-30.0,-1.1,-4,5.3,13.6,-14.6,-1.0,-7,0.3778625954198473,0.2519083969465648,CH
2024,"Santana, Dennis",642701,Pirates,PIT,R,88.5,93,1106,6.827160493827161,0.0840867992766726,CH,Changeup,26.9,-30.3,-3.4,-11,8.1,16.2,-14.6,1.6,11,0.1603053435114503,0.7824427480916031,CH
2024,"Scherzer, Max",453286,Rangers,TEX,R,82.8,93,669,4.12962962962963,0.1390134529147982,CH,Changeup,39.0,-34.6,4.4,13,1.0,13.7,-13.6,0.0,0,0.9236641221374046,0.3854961832061068,CH
2024,"Minter, A.J.",621345,Braves,ATL,L,86.7,93,522,3.2222222222222223,0.1781609195402299,CH,Changeup,30.5,-31.6,-1.0,-3,5.9,15.3,-14.4,0.9,7,0.3969465648854962,0.6259541984732825,CH
2024,"Howard, Spencer",675921,Guardians,CLE,R,80.1,91,537,3.3354037267080745,0.1694599627560521,CH,Changeup,33.9,-34.8,-1.0,-3,8.7,13.7,-13.3,0.4,3,0.3969465648854962,0.4847328244274809,CH
2024,"Means, John",607644,Orioles,BAL,L,82.0,91,320,1.9753086419753083,0.284375,CH,Changeup,24.2,-32.3,-8.1,-25,16.5,12.5,-13.2,-0.7,-5,,,CH
2024,"Whitlock, Garrett",676477,Red Sox,BOS,R,84.4,91,321,1.9814814814814812,0.2834890965732087,CH,Changeup,36.5,-34.4,2.1,6,2.0,18.5,-14.9,3.6,24,,,CH
2024,"Weissert, Greg",669711,Red Sox,BOS,R,84.6,91,1029,6.351851851851852,0.0884353741496598,CH,Changeup,39.1,-37.2,1.8,5,-0.7,17.9,-15.6,2.3,15,0.7480916030534351,0.8549618320610687,CH
2024,"Soriano, George",666277,Marlins,MIA,R,88.4,91,519,3.203703703703704,0.1753371868978805,CH,Changeup,33.3,-31.0,2.3,7,1.9,17.1,-14.6,2.4,17,0.7900763358778626,0.8625954198473282,CH
2024,"Alcala, Jorge",660896,Twins,MIN,R,91.1,91,931,5.746913580246914,0.0977443609022556,CH,Changeup,21.4,-28.1,-6.7,-24,11.6,15.9,-14.7,1.2,8,0.0190839694656488,0.683206106870229,CH
2024,"González, Victor",624647,Yankees,NYY,L,86.2,91,386,2.382716049382716,0.2357512953367875,CH,Changeup,32.9,-35.0,-2.1,-6,4.1,17.6,-15.1,2.6,17,,,CH
2024,"Ferrer, José A.",678606,Nationals,WSH,L,88.3,91,476,2.938271604938272,0.1911764705882352,CH,Changeup,31.2,-30.6,0.7,2,4.1,17.8,-14.7,3.1,21,,,CH
2024,"Hernández, Jonathan",642546,Mariners,SEA,R,90.0,90,761,4.697530864197531,0.1182654402102496,CH,Changeup,28.4,-29.8,-1.4,-5,5.5,18.7,-14.9,3.7,25,0.3396946564885496,0.9809160305343512,CH
2024,"Rodríguez, Joely",570257,Red Sox,BOS,L,85.5,90,249,1.537037037037037,0.3614457831325301,CH,Changeup,34.8,-32.5,2.3,7,2.7,12.3,-14.2,-1.8,-13,,,CH
2024,"De Los Santos, Enyel",660853,White Sox,CWS,R,87.6,86,1127,6.95679012345679,0.0763087843833185,CH,Changeup,26.8,-31.1,-4.3,-14,8.9,16.3,-14.4,1.9,13,0.0801526717557251,0.816793893129771,CH
2024,"Daniel, Davis",669721,Angels,LAA,R,84.5,86,508,3.135802469135802,0.1692913385826771,CH,Changeup,27.1,-32.8,-5.7,-17,11.2,12.8,-14.0,-1.2,-9,0.0267175572519083,0.232824427480916,CH
2024,"Estévez, Carlos",608032,Phillies,PHI,R,89.4,85,821,5.067901234567901,0.1035322777101096,CH,Changeup,25.0,-29.2,-4.2,-14,9.3,11.2,-14.5,-3.3,-23,0.0916030534351145,0.0572519083969465,CH
2024,"Roupp, Landen",694738,Giants,SF,R,88.2,85,906,5.592592592592593,0.0938189845474613,CH,Changeup,35.6,-32.5,3.1,10,-0.5,15.9,-14.7,1.2,8,0.8473282442748091,0.683206106870229,CH
2024,"Keuchel, Dallas",572971,Brewers,MIL,L,81.1,85,308,1.9012345679012344,0.275974025974026,CH,Changeup,36.6,-33.7,2.9,9,4.5,12.8,-12.9,-0.1,-1,,,CH
2024,"Germán, Domingo",593334,Pirates,PIT,R,84.4,84,373,2.302469135802469,0.225201072386059,CH,Changeup,29.5,-32.7,-3.1,-10,8.9,15.4,-13.8,1.5,11,,,CH
2024,"López, Reynaldo",625643,Braves,ATL,R,86.1,82,2110,13.024691358024691,0.0388625592417061,CH,Changeup,25.8,-31.2,-5.5,-18,11.1,10.2,-14.1,-3.9,-27,,,CH
2024,"Junis, Jakob",596001,Reds,CIN,R,86.7,81,943,5.820987654320987,0.0858960763520678,CH,Changeup,33.2,-31.6,1.6,5,3.2,11.4,-14.5,-3.1,-21,0.7099236641221374,0.0725190839694656,CH
2024,"Vines, Darius",670241,Braves,ATL,R,81.5,80,257,1.5864197530864197,0.311284046692607,CH,Changeup,27.8,-33.8,-6.0,-18,13.4,9.1,-13.2,-4.2,-31,,,CH
2024,"McCaughan, Darren",670766,Marlins,MIA,R,81.1,79,714,4.407407407407407,0.1106442577030812,CH,Changeup,36.7,-37.1,-0.4,-1,5.0,14.5,-13.8,0.8,6,0.4694656488549618,0.5954198473282443,CH
2024,"Cabrera, Génesis",650893,Blue Jays,TOR,L,88.2,79,1030,6.3580246913580245,0.0766990291262136,CH,Changeup,23.3,-30.6,-7.3,-24,12.0,13.4,-14.7,-1.3,-9,0.0114503816793893,0.2175572519083969,CH
2024,"Poteet, Cody",547001,Yankees,NYY,R,87.0,77,384,2.3703703703703702,0.2005208333333333,CH,Changeup,33.7,-31.1,2.6,8,2.4,13.4,-14.5,-1.0,-7,,,CH
2024,"Bubic, Kris",663460,Royals,KC,L,85.2,77,467,2.882716049382716,0.164882226980728,CH,Changeup,33.1,-32.4,0.7,2,4.3,14.0,-14.1,-0.2,-1,,,CH
2024,"Hurter, Brant",676428,Tigers,DET,L,85.6,76,645,3.9814814814814814,0.117829457364341,CH,Changeup,33.3,-31.7,1.5,5,4.1,15.1,-14.0,1.2,8,0.7022900763358778,0.683206106870229,CH
2024,"Reid-Foley, Sean",656887,Mets,NYM,R,88.7,76,385,2.376543209876543,0.1974025974025974,CH,Changeup,32.1,-30.5,1.6,5,2.6,10.4,-14.4,-4.0,-28,,,CH
2024,"Ginn, J.T.",669372,Athletics,ATH,R,87.0,75,515,3.1790123456790123,0.145631067961165,CH,Changeup,33.3,-31.1,2.2,7,2.8,14.7,-14.2,0.5,4,0.7824427480916031,0.5152671755725191,CH
2024,"Sulser, Cole",642121,Rays,TB,R,83.7,75,292,1.8024691358024687,0.2568493150684932,CH,Changeup,34.2,-32.7,1.5,5,4.9,15.9,-13.8,2.1,15,,,CH
2024,"Alexander, Scott",518397,Athletics,ATH,L,84.6,74,566,3.493827160493827,0.1307420494699646,CH,Changeup,36.0,-32.3,3.7,12,2.2,10.1,-13.8,-3.7,-27,0.8816793893129771,0.0419847328244274,CH
2024,"Williams, Gavin",668909,Guardians,CLE,R,89.2,74,1368,8.496894409937887,0.0540935672514619,CH,Changeup,25.9,-28.7,-2.8,-10,8.5,15.3,-14.9,0.4,2,0.2022900763358778,0.4847328244274809,CH
2024,"Tate, Dillon",622253,Blue Jays,TOR,R,83.8,74,590,3.641975308641976,0.1254237288135593,CH,Changeup,36.0,-34.8,1.1,3,3.2,16.6,-14.3,2.4,17,0.648854961832061,0.8625954198473282,CH
2024,"Garrett, Braxton",666129,Marlins,MIA,L,83.1,73,588,3.6296296296296298,0.1241496598639455,CH,Changeup,39.9,-33.4,6.5,19,0.0,14.9,-13.8,1.1,8,0.9809160305343512,0.6603053435114504,CH
2024,"Nastrini, Nick",680897,White Sox,CWS,R,85.8,72,734,4.530864197530864,0.0980926430517711,CH,Changeup,27.1,-31.5,-4.3,-14,10.1,14.4,-14.0,0.4,3,0.0801526717557251,0.4847328244274809,CH
2024,"Jacob, Alek",689690,Padres,SD,R,74.5,71,232,1.432098765432099,0.3060344827586206,CH,Changeup,48.4,-48.5,0.0,0,1.5,18.5,-18.6,-0.1,-1,,,CH
2024,"Strickland, Hunter",519326,Angels,LAA,R,88.1,71,1157,7.141975308641976,0.0613656006914433,CH,Changeup,27.6,-29.9,-2.3,-8,7.7,14.3,-14.3,0.0,0,0.2404580152671755,0.3854961832061068,CH
2024,"Law, Derek",571882,Nationals,WSH,R,88.0,70,1368,8.444444444444445,0.0511695906432748,CH,Changeup,28.3,-29.3,-1.0,-3,7.0,15.2,-14.1,1.2,8,0.3969465648854962,0.683206106870229,CH
2024,"Flaherty, Jack",656427,Dodgers,LAD,R,85.7,70,2569,15.858024691358024,0.0272479564032697,CH,Changeup,32.1,-33.3,-1.2,-4,5.0,12.1,-14.4,-2.3,-16,,,CH
2024,"Buehler, Walker",621111,Dodgers,LAD,R,90.0,69,1336,8.246913580246913,0.0516467065868263,CH,Changeup,26.6,-29.7,-3.1,-10,7.0,12.9,-14.9,-2.0,-13,0.1755725190839694,0.1412213740458015,CH
2024,"Payamps, Joel",606303,Brewers,MIL,R,89.5,69,899,5.549382716049383,0.0767519466073414,CH,Changeup,30.3,-29.6,0.6,2,4.0,16.7,-14.8,1.9,13,0.5877862595419847,0.816793893129771,CH
2024,"Wilson, Bryse",669060,Brewers,MIL,R,87.9,67,1643,10.141975308641976,0.0407790626902008,CH,Changeup,27.1,-30.5,-3.4,-11,8.3,14.1,-14.3,-0.2,-1,,,CH
2024,"Steele, Justin",657006,Cubs,CHC,L,86.2,66,2046,12.62962962962963,0.032258064516129,CH,Changeup,28.9,-30.6,-1.7,-6,7.8,12.3,-13.8,-1.5,-11,,,CH
2024,"Crismatt, Nabil",622503,Dodgers,LAD,R,81.8,65,93,0.5740740740740741,0.6989247311827957,CH,Changeup,40.4,-35.3,5.2,15,0.6,9.9,-13.8,-3.9,-28,,,CH
2024,"Clevinger, Mike",605182,White Sox,CWS,R,86.0,64,303,1.8703703703703705,0.2112211221122112,CH,Changeup,29.3,-31.9,-2.6,-8,7.8,15.5,-14.2,1.3,9,,,CH
2024,"Leahy, Kyle",681517,Cardinals,STL,R,89.8,64,695,4.290123456790123,0.0920863309352518,CH,Changeup,28.0,-28.5,-0.5,-2,6.0,13.2,-14.8,-1.6,-11,0.4503816793893129,0.1870229007633587,CH
2024,"Dobnak, Randy",677976,Twins,MIN,R,85.8,63,183,1.1296296296296295,0.3442622950819672,CH,Changeup,43.3,-32.4,10.9,34,-6.2,10.4,-14.8,-4.4,-30,,,CH
2024,"Darvish, Yu",506433,Padres,SD,R,88.4,63,1260,7.777777777777778,0.05,CH,Changeup,29.4,-30.3,-0.9,-3,5.7,8.9,-14.5,-5.6,-39,0.416030534351145,0.0229007633587786,CH
2024,"Peralta, Sammy",671111,White Sox,CWS,L,81.4,63,282,1.7407407407407407,0.2234042553191489,CH,Changeup,44.0,-40.2,3.8,10,-2.5,16.6,-15.6,0.9,6,,,CH
2024,"Cole, Gerrit",543037,Yankees,NYY,R,88.2,62,1534,9.469135802469136,0.0404172099087353,CH,Changeup,24.5,-30.0,-5.5,-18,10.6,11.5,-14.3,-2.8,-19,,,CH
2024,"Liberatore, Matthew",669461,Cardinals,STL,L,87.9,62,1357,8.376543209876543,0.0456890198968312,CH,Changeup,24.9,-29.5,-4.6,-16,10.5,12.2,-14.0,-1.8,-13,,,CH
2024,"Diekman, Jake",518617,Mets,NYM,L,87.0,61,627,3.87037037037037,0.0972886762360446,CH,Changeup,31.5,-31.5,-0.1,0,4.9,16.2,-14.4,1.8,13,0.4885496183206106,0.8053435114503816,CH
2024,"Winans, Allan",642216,Braves,ATL,R,82.8,61,147,0.9074074074074074,0.4149659863945578,CH,Changeup,37.3,-33.3,4.0,12,2.6,11.6,-14.0,-2.4,-17,,,CH
2024,"Jackson, Jay",543351,Twins,MIN,R,86.0,60,453,2.7962962962962963,0.1324503311258278,CH,Changeup,30.5,-31.7,-1.2,-4,6.6,14.8,-14.1,0.7,5,,,CH
2024,"Mazur, Adam",800049,Padres,SD,R,89.9,60,584,3.6049382716049374,0.1027397260273972,CH,Changeup,25.3,-29.4,-4.1,-14,8.5,12.6,-14.9,-2.3,-15,0.099236641221374,0.1145038167938931,CH
2024,"Ashcraft, Graham",668933,Reds,CIN,R,91.5,60,1342,8.283950617283951,0.044709388971684,CH,Changeup,27.4,-28.6,-1.2,-4,5.3,11.8,-14.7,-3.0,-20,,,CH
2024,"García, Yimi",554340,Mariners,SEA,R,88.7,59,619,3.820987654320988,0.0953150242326332,CH,Changeup,30.2,-31.5,-1.3,-4,4.6,18.1,-15.4,2.8,18,0.3511450381679389,0.8969465648854962,CH
2024,"Quantrill, Cal",615698,Rockies,COL,R,84.8,58,2643,16.314814814814813,0.0219447597427166,CH,Changeup,29.6,-31.1,-1.5,-5,8.3,11.1,-13.8,-2.8,-20,,,CH
2024,"Manoah, Alek",666201,Blue Jays,TOR,R,87.5,58,394,2.432098765432099,0.1472081218274111,CH,Changeup,23.8,-30.4,-6.6,-22,12.1,12.0,-14.2,-2.3,-16,,,CH
2024,"La Sorsa, Joe",686747,Nationals,WSH,L,82.8,58,271,1.6728395061728396,0.2140221402214022,CH,Changeup,31.2,-36.3,-5.1,-14,8.6,14.2,-14.3,-0.1,-1,,,CH
2024,"Medina, Luis",665622,Athletics,ATH,R,89.7,58,720,4.444444444444445,0.0805555555555555,CH,Changeup,29.8,-28.7,1.1,4,4.2,15.2,-14.5,0.6,4,0.648854961832061,0.5381679389312977,CH
2024,"Garabito, Gerson",642520,Rangers,TEX,R,86.6,57,492,3.037037037037037,0.1158536585365853,CH,Changeup,28.9,-31.2,-2.3,-7,7.6,14.4,-14.1,0.3,2,0.2404580152671755,0.4618320610687023,CH
2024,"Gasser, Robert",688107,Brewers,MIL,L,87.9,57,399,2.462962962962963,0.1428571428571428,CH,Changeup,32.8,-33.1,-0.3,-1,2.8,18.0,-14.8,3.2,22,,,CH
2024,"Matthews, Zebby",805673,Twins,MIN,R,85.8,57,717,4.425925925925926,0.0794979079497908,CH,Changeup,28.4,-31.3,-2.9,-9,8.7,13.1,-13.9,-0.8,-6,0.1946564885496183,0.2671755725190839,CH
2024,"Muller, Kyle",666205,Athletics,ATH,L,86.9,57,725,4.4753086419753085,0.0786206896551724,CH,Changeup,28.2,-29.3,-1.1,-4,8.1,12.5,-14.0,-1.4,-10,0.3778625954198473,0.2061068702290076,CH
2024,"Moll, Sam",594580,Reds,CIN,L,85.3,56,624,3.851851851851852,0.0897435897435897,CH,Changeup,44.0,-40.2,3.8,10,-6.2,12.3,-14.2,-1.9,-13,0.8854961832061069,0.1526717557251908,CH
2024,"Vesia, Alex",681911,Dodgers,LAD,L,85.5,56,1109,6.845679012345679,0.0504959422903516,CH,Changeup,23.2,-31.8,-8.5,-27,14.2,6.7,-14.0,-7.3,-52,0.0,0.0114503816793893,CH
2024,"Warren, Will",701542,Yankees,NYY,R,86.3,56,458,2.8271604938271606,0.1222707423580786,CH,Changeup,34.2,-31.3,2.9,9,2.6,17.1,-14.1,2.9,21,,,CH
2024,"Walston, Blake",686796,D-backs,AZ,L,86.1,56,343,2.117283950617284,0.1632653061224489,CH,Changeup,35.6,-31.3,4.3,14,1.3,11.2,-14.2,-3.0,-21,,,CH
2024,"Williamson, Brandon",682227,Reds,CIN,L,83.9,56,256,1.5802469135802468,0.21875,CH,Changeup,33.3,-30.5,2.8,9,5.5,15.8,-13.5,2.3,17,,,CH
2024,"Heller, Ben",621294,Pirates,PIT,R,84.1,55,255,1.5740740740740742,0.2156862745098039,CH,Changeup,40.4,-33.1,7.4,22,-1.7,10.9,-14.0,-3.1,-22,,,CH
2024,"Schreiber, John",670167,Royals,KC,R,85.9,55,895,5.524691358024692,0.0614525139664804,CH,Changeup,38.8,-37.5,1.3,4,-1.7,14.8,-15.6,-0.8,-5,0.6641221374045801,0.2671755725190839,CH
2024,"Brooks, Aaron",605156,Athletics,ATH,R,85.0,54,403,2.4876543209876543,0.1339950372208436,CH,Changeup,36.2,-30.8,5.4,17,1.7,12.6,-13.7,-1.1,-8,,,CH
2024,"Kolek, Stephen",663568,Padres,SD,R,88.7,53,797,4.919753086419753,0.0664993726474278,CH,Changeup,35.0,-31.2,3.8,12,-0.1,17.2,-14.9,2.2,15,0.8854961832061069,0.851145038167939,CH
2024,"Herget, Kevin",643361,Brewers,MIL,R,82.3,53,151,0.9320987654320988,0.3509933774834437,CH,Changeup,28.3,-32.6,-4.3,-13,12.3,16.4,-13.3,3.2,24,,,CH
2024,"Ramirez, Nick",598286,Dodgers,LAD,L,78.4,53,194,1.1975308641975309,0.2731958762886597,CH,Changeup,38.0,-37.9,0.1,0,6.5,14.7,-11.7,3.0,25,,,CH
2024,"Feyereisen, J.P.",656420,Dodgers,LAD,R,87.5,51,179,1.1049382716049383,0.2849162011173184,CH,Changeup,32.7,-30.3,2.4,8,3.1,13.4,-14.2,-0.9,-6,,,CH
2024,"Singer, Brady",663903,Royals,KC,R,88.0,51,2966,18.30864197530864,0.0171948752528658,CH,Changeup,29.5,-31.6,-2.1,-7,5.6,14.8,-14.3,0.5,3,,,CH
2024,"Criswell, Jeff",676105,Rockies,COL,R,86.8,51,354,2.185185185185185,0.1440677966101695,CH,Changeup,30.4,-31.8,-1.4,-4,5.6,15.5,-14.4,1.1,8,,,CH
2024,"Baker, Bryan",641329,Orioles,BAL,R,82.8,51,369,2.2777777777777777,0.1382113821138211,CH,Changeup,28.5,-31.5,-3.0,-10,11.4,13.1,-13.5,-0.3,-3,,,CH
2024,"Oller, Adam",670124,Marlins,MIA,R,86.9,50,710,4.382716049382716,0.0704225352112676,CH,Changeup,28.7,-31.3,-2.6,-8,7.8,10.9,-14.2,-3.3,-23,0.2213740458015267,0.0572519083969465,CH
2024,"Robertson, Nick",687798,Blue Jays,TOR,R,87.8,50,217,1.339506172839506,0.2304147465437788,CH,Changeup,31.8,-30.5,1.3,4,3.8,15.7,-14.4,1.3,9,,,CH
2024,"Wilson, Steven",621051,White Sox,CWS,R,81.7,50,623,3.845679012345679,0.0802568218298555,CH,Changeup,32.2,-36.0,-3.8,-11,8.7,15.9,-14.4,1.5,11,0.1221374045801526,0.7519083969465649,CH
2024,"Ottavino, Adam",493603,Mets,NYM,R,87.2,50,1003,6.191358024691358,0.0498504486540378,CH,Changeup,34.4,-32.0,2.3,7,1.8,13.2,-14.1,-0.9,-6,,,CH
2024,"Crouse, Hans",668968,Angels,LAA,R,87.4,49,437,2.697530864197531,0.1121281464530892,CH,Changeup,33.5,-31.2,2.3,7,2.4,14.1,-14.7,-0.6,-4,,,CH
2024,"Wells, Tyler",669330,Orioles,BAL,R,85.8,49,259,1.5987654320987654,0.1891891891891892,CH,Changeup,23.7,-28.2,-4.6,-16,13.6,16.2,-13.5,2.7,20,,,CH
2024,"Turnbull, Spencer",605513,Phillies,PHI,R,87.7,49,916,5.654320987654321,0.0534934497816593,CH,Changeup,35.7,-31.0,4.7,15,0.0,17.6,-14.6,3.1,21,0.9427480916030534,0.9389312977099236,CH
2024,"Plesac, Zach",668676,Angels,LAA,R,84.4,49,208,1.2839506172839503,0.235576923076923,CH,Changeup,25.1,-31.1,-6.0,-19,13.3,8.3,-13.7,-5.3,-39,,,CH
2024,"Rodríguez, Yerry",666720,Blue Jays,TOR,R,86.4,49,438,2.703703703703704,0.1118721461187214,CH,Changeup,27.3,-31.8,-4.5,-14,9.4,16.9,-14.2,2.8,20,,,CH
2024,"Okert, Steven",595345,Twins,MIN,L,88.8,49,616,3.802469135802469,0.0795454545454545,CH,Changeup,28.4,-29.8,-1.4,-5,6.3,15.5,-14.5,1.0,7,0.3396946564885496,0.6374045801526718,CH
2024,"Rodríguez, Randy",678495,Giants,SF,R,89.7,49,879,5.425925925925926,0.055745164960182,CH,Changeup,28.3,-30.4,-2.1,-7,5.6,15.6,-14.9,0.7,5,0.2671755725190839,0.5687022900763359,CH
2024,"Cueto, Johnny",456501,Angels,LAA,R,81.2,48,167,1.030864197530864,0.2874251497005988,CH,Changeup,37.4,-35.8,1.6,4,4.0,11.1,-13.8,-2.7,-20,,,CH
2024,"Aldegheri, Sam",691951,Angels,LAA,L,82.1,47,222,1.3703703703703705,0.2117117117117117,CH,Changeup,34.2,-33.6,0.6,2,6.7,15.5,-13.1,2.4,18,,,CH
2024,"Hurt, Kyle",669165,Dodgers,LAD,R,85.8,47,87,0.5370370370370371,0.5402298850574713,CH,Changeup,33.8,-31.7,2.1,7,3.7,12.0,-14.2,-2.2,-15,,,CH
2024,"Hernández, Elieser",622694,Brewers,MIL,R,84.9,46,251,1.5493827160493827,0.1832669322709163,CH,Changeup,28.8,-33.7,-4.9,-15,9.2,15.7,-14.2,1.5,11,,,CH
2024,"Foley, Jason",671345,Tigers,DET,R,92.0,46,905,5.58641975308642,0.0508287292817679,CH,Changeup,29.2,-28.4,0.7,3,3.2,15.1,-15.1,0.0,0,0.5992366412213741,0.3854961832061068,CH
2024,"Jiménez, Joe",641729,Braves,ATL,R,89.0,46,1089,6.722222222222222,0.0422405876951331,CH,Changeup,27.4,-29.4,-2.0,-7,7.1,16.3,-14.8,1.4,10,,,CH
2024,"Legumina, Casey",668984,Reds,CIN,R,87.7,44,166,1.0246913580246917,0.2650602409638554,CH,Changeup,34.3,-34.9,-0.6,-2,1.1,14.8,-14.8,0.0,0,,,CH
2024,"Maciejewski, Josh",656671,Yankees,NYY,L,81.3,44,96,0.5925925925925926,0.4583333333333333,CH,Changeup,38.4,-35.3,3.1,9,3.0,16.9,-13.3,3.6,27,,,CH
2024,"Basso, Brady",669620,Athletics,ATH,L,86.4,43,350,2.1604938271604937,0.1228571428571428,CH,Changeup,22.9,-30.0,-7.1,-24,13.8,12.0,-13.9,-1.9,-13,,,CH
2024,"Jefferies, Daulton",641726,Pirates,PIT,R,87.5,42,281,1.7345679012345678,0.1494661921708185,CH,Changeup,30.0,-31.2,-1.2,-4,6.0,14.5,-14.7,-0.2,-1,,,CH
2024,"Hanifee, Brenan",669724,Tigers,DET,R,88.6,42,446,2.753086419753086,0.0941704035874439,CH,Changeup,31.8,-30.7,1.1,3,3.0,14.7,-14.9,-0.2,-1,,,CH
2024,"Hill, Jaden",677955,Rockies,COL,R,85.2,42,151,0.9320987654320988,0.2781456953642384,CH,Changeup,35.1,-32.4,2.7,8,2.3,13.7,-14.1,-0.3,-2,,,CH
2024,"Cisnero, José",542585,Angels,LAA,R,88.6,41,313,1.932098765432099,0.1309904153354632,CH,Changeup,34.1,-31.1,3.1,10,0.8,14.1,-14.9,-0.8,-6,,,CH
2024,"Kinley, Tyler",641755,Rockies,COL,R,87.2,40,1185,7.314814814814815,0.0337552742616033,CH,Changeup,25.1,-30.0,-5.0,-16,10.8,10.6,-13.6,-3.0,-22,,,CH
2024,"Koenig, Jared",657649,Brewers,MIL,L,85.5,40,1017,6.277777777777778,0.039331366764995,CH,Changeup,33.9,-32.2,1.8,6,3.4,14.6,-14.2,0.4,3,,,CH
2024,"Leiter, Jack",683004,Rangers,TEX,R,89.5,39,669,4.12962962962963,0.0582959641255605,CH,Changeup,26.7,-29.4,-2.8,-9,7.6,15.3,-14.6,0.7,5,0.2022900763358778,0.5687022900763359,CH
2024,"Emanuel, Kent",592288,Marlins,MIA,L,82.3,39,302,1.8641975308641976,0.1291390728476821,CH,Changeup,36.8,-33.1,3.7,11,3.6,14.8,-13.3,1.5,11,,,CH
2024,"Strzelecki, Peter",657265,Guardians,CLE,R,83.1,38,192,1.1925465838509317,0.1979166666666666,CH,Changeup,41.0,-38.0,3.1,8,-1.2,16.3,-15.2,1.0,7,,,CH
2024,"Kelly, Joe",523260,Dodgers,LAD,R,88.4,38,552,3.4074074074074074,0.0688405797101449,CH,Changeup,31.0,-31.8,-0.8,-2,4.1,17.9,-15.2,2.7,18,0.4312977099236641,0.8893129770992366,CH
2024,"Leibrandt, Brandon",605335,Reds,CIN,L,78.5,38,117,0.7222222222222222,0.3247863247863248,CH,Changeup,35.2,-36.5,-1.3,-4,8.9,7.6,-12.5,-4.9,-39,,,CH
2024,"Bolton, Cody",675989,Mariners,SEA,R,91.5,37,312,1.9259259259259256,0.1185897435897435,CH,Changeup,33.7,-29.6,4.1,14,-1.0,14.6,-15.5,-0.9,-6,,,CH
2024,"Hudson, Daniel",543339,Dodgers,LAD,R,88.7,37,999,6.166666666666667,0.037037037037037,CH,Changeup,22.8,-30.5,-7.7,-25,12.2,16.6,-14.6,2.0,14,,,CH
2024,"Espino, Paolo",502179,Blue Jays,TOR,R,83.4,37,158,0.9753086419753086,0.2341772151898734,CH,Changeup,36.8,-34.6,2.2,6,2.6,14.2,-13.8,0.3,2,,,CH
2024,"Rodriguez, Carlos",692230,Brewers,MIL,R,85.7,37,233,1.4382716049382716,0.1587982832618025,CH,Changeup,31.3,-32.3,-1.0,-3,5.9,16.0,-14.1,1.9,13,,,CH
2024,"Bender, Anthony",669622,Marlins,MIA,R,89.5,36,954,5.888888888888889,0.0377358490566037,CH,Changeup,37.4,-30.8,6.5,21,-2.9,16.2,-15.3,0.9,6,,,CH
2024,"Castro, Miguel",612434,D-backs,AZ,R,89.4,36,232,1.432098765432099,0.1551724137931034,CH,Changeup,33.3,-31.5,1.7,6,1.0,17.0,-14.6,2.4,17,,,CH
2024,"Anderson, Grant",681982,Rangers,TEX,R,85.6,36,483,2.9814814814814814,0.0745341614906832,CH,Changeup,41.6,-37.5,4.1,11,-4.1,12.8,-15.9,-3.1,-19,,,CH
2024,"García, Deivi",665620,White Sox,CWS,R,85.3,35,283,1.7469135802469136,0.1236749116607773,CH,Changeup,27.6,-32.7,-5.1,-16,10.2,14.6,-14.1,0.5,4,,,CH
2024,"Brogdon, Connor",641401,Dodgers,LAD,R,81.9,35,97,0.5987654320987654,0.3608247422680412,CH,Changeup,33.5,-32.9,0.6,2,7.5,17.7,-14.0,3.7,26,,,CH
2024,"Snead, Kirby",669912,Mariners,SEA,L,87.0,35,196,1.2098765432098766,0.1785714285714285,CH,Changeup,38.7,-34.2,4.5,13,-2.4,17.7,-15.7,2.0,13,,,CH
2024,"Anderson, Nick",623433,Royals,KC,R,88.2,34,573,3.537037037037037,0.0593368237347294,CH,Changeup,26.4,-29.7,-3.3,-11,8.7,13.9,-14.3,-0.4,-3,0.1641221374045801,0.3053435114503817,CH
2024,"Adon, Joan",672851,Nationals,WSH,R,87.7,34,178,1.0987654320987654,0.1910112359550561,CH,Changeup,30.9,-30.6,0.3,1,4.6,14.6,-14.4,0.2,2,,,CH
2024,"Ribalta, Orlando",687377,Nationals,WSH,R,85.0,33,97,0.5987654320987654,0.3402061855670103,CH,Changeup,24.9,-30.1,-5.2,-17,12.9,6.1,-13.8,-7.7,-56,,,CH
2024,"Merryweather, Julian",657240,Cubs,CHC,R,78.6,33,272,1.6790123456790125,0.1213235294117647,CH,Changeup,31.5,-36.2,-4.7,-13,12.9,9.1,-12.6,-3.5,-28,,,CH
2024,"Guerrero, Luis",692285,Red Sox,BOS,R,88.7,33,133,0.8209876543209876,0.2481203007518796,CH,Changeup,29.9,-30.6,-0.7,-2,4.9,17.4,-14.9,2.5,17,,,CH
2024,"Bush, Ky",681066,White Sox,CWS,L,85.9,32,328,2.0246913580246915,0.0975609756097561,CH,Changeup,26.2,-31.0,-4.8,-16,11.2,15.0,-14.2,0.8,6,,,CH
2024,"Woodford, Jake",663765,Pirates,PIT,R,85.6,32,618,3.814814814814815,0.0517799352750809,CH,Changeup,32.7,-33.4,-0.7,-2,4.6,12.8,-14.4,-1.6,-11,0.4465648854961832,0.1870229007633587,CH
2024,"Winder, Josh",680739,Twins,MIN,R,89.2,32,141,0.8703703703703703,0.226950354609929,CH,Changeup,30.4,-29.6,0.8,3,3.8,13.3,-14.6,-1.4,-9,,,CH
2024,"Sammons, Bryan",676614,Tigers,DET,L,81.3,31,374,2.308641975308642,0.0828877005347593,CH,Changeup,39.9,-36.1,3.8,11,1.2,8.6,-13.4,-4.8,-36,,,CH
2024,"Gillispie, Connor",687362,Guardians,CLE,R,87.5,31,138,0.8571428571428571,0.2246376811594203,CH,Changeup,30.0,-31.8,-1.8,-6,5.7,16.4,-14.8,1.6,11,,,CH
2024,"Wesneski, Hayden",669713,Cubs,CHC,R,87.1,30,1075,6.635802469135802,0.027906976744186,CH,Changeup,28.8,-30.8,-2.1,-7,7.1,12.1,-14.4,-2.3,-16,,,CH
2024,"Zuñiga, Guillo",670871,Angels,LAA,R,88.5,30,271,1.6728395061728396,0.1107011070110701,CH,Changeup,33.6,-30.2,3.4,11,1.5,17.5,-14.5,3.0,21,,,CH
2024,"Wrobleski, Justin",680736,Dodgers,LAD,L,85.8,30,592,3.654320987654321,0.0506756756756756,CH,Changeup,28.4,-33.3,-4.8,-14,8.7,12.1,-14.6,-2.4,-17,0.0572519083969465,0.1030534351145038,CH
2024,"Ort, Kaleb",672391,Astros,HOU,R,90.4,29,366,2.2732919254658386,0.0792349726775956,CH,Changeup,24.6,-29.1,-4.5,-15,9.1,15.1,-14.9,0.1,1,,,CH
2024,"Spence, Mitch",687765,Athletics,ATH,R,88.5,29,2480,15.308641975308642,0.0116935483870967,CH,Changeup,31.5,-29.7,1.8,6,3.4,8.8,-14.4,-5.5,-39,,,CH
2024,"Thornton, Trent",663423,Mariners,SEA,R,87.7,29,1139,7.030864197530864,0.025460930640913,CH,Changeup,32.1,-32.9,-0.8,-2,3.2,11.3,-15.3,-4.0,-26,,,CH
2024,"Keller, Mitch",656605,Pirates,PIT,R,89.6,28,2849,17.58641975308642,0.0098280098280098,CH,Changeup,30.7,-29.3,1.4,5,3.4,15.9,-14.7,1.2,8,,,CH
2024,"Kitchen, Austin",685116,Marlins,MIA,L,83.4,28,158,0.9753086419753086,0.1772151898734177,CH,Changeup,34.0,-33.2,0.9,3,5.3,16.6,-13.9,2.7,19,,,CH
2024,"Marte, José",665896,Angels,LAA,R,92.6,28,311,1.9197530864197527,0.090032154340836,CH,Changeup,27.1,-27.4,-0.3,-1,4.7,16.4,-15.1,1.3,8,,,CH
2024,"Cease, Dylan",656302,Padres,SD,R,69.7,28,3188,19.679012345679013,0.0087829360100376,CH,Changeup,39.3,-40.8,-1.5,-4,17.5,4.3,-5.6,-1.3,-23,,,CH
2024,"Anderson, Shaun",641312,Marlins,MIA,R,85.9,28,244,1.5061728395061729,0.1147540983606557,CH,Changeup,31.1,-31.2,-0.1,0,6.2,13.4,-14.0,-0.7,-5,,,CH
2024,"Lange, Alex",656638,Tigers,DET,R,89.9,27,377,2.3271604938271606,0.0716180371352785,CH,Changeup,32.8,-29.4,3.4,11,1.2,16.4,-14.8,1.6,11,,,CH
2024,"Gallegos, Giovanny",606149,Cardinals,STL,R,86.5,27,401,2.4753086419753085,0.0673316708229426,CH,Changeup,24.0,-28.8,-4.8,-17,12.4,10.5,-13.4,-2.9,-21,,,CH
2024,"Ruiz, José",614179,Phillies,PHI,R,89.9,27,835,5.154320987654321,0.0323353293413173,CH,Changeup,26.2,-29.0,-2.8,-10,7.7,14.9,-14.6,0.3,2,,,CH
2024,"McGreevy, Michael",700241,Cardinals,STL,R,87.2,27,311,1.9197530864197527,0.0868167202572347,CH,Changeup,30.5,-30.9,-0.5,-1,5.3,13.3,-14.2,-0.9,-6,,,CH
2024,"Waguespack, Jacob",621097,Rays,TB,R,85.6,26,221,1.3641975308641976,0.1176470588235294,CH,Changeup,28.8,-31.4,-2.6,-8,8.4,7.0,-14.7,-7.7,-52,,,CH
2024,"Díaz, Jhonathan",646242,Mariners,SEA,L,81.1,26,166,1.0246913580246917,0.1566265060240964,CH,Changeup,39.5,-36.5,3.0,8,2.1,13.6,-13.5,0.1,1,,,CH
2024,"Graceffo, Gordon",700669,Cardinals,STL,R,84.6,26,105,0.6481481481481481,0.2476190476190476,CH,Changeup,28.8,-32.7,-3.9,-12,9.3,15.6,-14.0,1.6,11,,,CH
2024,"Senzatela, Antonio",622608,Rockies,COL,R,87.1,26,218,1.345679012345679,0.1192660550458715,CH,Changeup,28.4,-30.6,-2.2,-7,7.3,8.2,-14.1,-6.0,-42,,,CH
2024,"Penrod, Zach",683068,Red Sox,BOS,L,87.2,26,86,0.5308641975308642,0.3023255813953488,CH,Changeup,28.8,-30.3,-1.6,-5,7.5,14.7,-14.0,0.7,5,,,CH
2024,"Ryan, River",689981,Dodgers,LAD,R,89.6,25,295,1.820987654320988,0.0847457627118644,CH,Changeup,31.2,-29.9,1.3,4,2.9,15.2,-14.8,0.4,3,,,CH
2024,"Kochanowicz, Jack",686799,Angels,LAA,R,88.2,25,859,5.302469135802469,0.029103608847497,CH,Changeup,31.6,-30.0,1.6,5,3.5,11.2,-14.3,-3.1,-22,,,CH
2024,"Tinoco, Jesus",622786,Marlins,MIA,R,90.0,25,644,3.975308641975309,0.0388198757763975,CH,Changeup,30.3,-30.1,0.2,1,3.5,15.8,-15.2,0.6,4,,,CH
2024,"Shugart, Chase",663767,Red Sox,BOS,R,89.7,25,142,0.8765432098765432,0.176056338028169,CH,Changeup,30.7,-30.6,0.1,0,3.4,15.8,-15.2,0.6,4,,,CH
2024,"Eisert, Brandon",685126,Blue Jays,TOR,L,85.3,25,110,0.6790123456790124,0.2272727272727272,CH,Changeup,34.3,-36.6,-2.3,-6,3.3,13.5,-14.3,-0.8,-5,,,CH
2024,"Gausman, Kevin",592332,Blue Jays,TOR,R,86.0,959,2868,17.703703703703702,0.3343793584379358,FS,Split-Finger,30.9,-33.6,-2.7,-8,6.3,15.9,-10.8,5.1,47,0.1587301587301587,1.0,FS
2024,"Quantrill, Cal",615698,Rockies,COL,R,86.5,852,2643,16.314814814814813,0.322360953461975,FS,Split-Finger,31.9,-32.5,-0.6,-2,4.5,9.3,-9.7,-0.3,-4,0.3492063492063492,0.4603174603174603,FS
2024,"Eovaldi, Nathan",543135,Rangers,TEX,R,88.4,808,2622,16.185185185185187,0.3081617086193745,FS,Split-Finger,34.6,-32.4,2.2,7,0.4,13.5,-11.7,1.8,15,0.746031746031746,0.8571428571428571,FS
2024,"Imanaga, Shota",684007,Cubs,CHC,L,82.9,797,2590,15.987654320987655,0.3077220077220077,FS,Split-Finger,33.0,-35.8,-2.8,-8,6.7,10.2,-10.0,0.3,3,0.1428571428571428,0.6190476190476191,FS
2024,"Houck, Tanner",656557,Red Sox,BOS,R,88.4,682,2735,16.882716049382715,0.2493601462522852,FS,Split-Finger,37.9,-33.7,4.3,13,-3.0,13.5,-11.7,1.7,15,0.9523809523809524,0.7936507936507936,FS
2024,"Bradley, Taj",671737,Rays,TB,R,90.9,616,2294,14.160493827160494,0.2685265911072362,FS,Split-Finger,27.6,-29.8,-2.1,-7,5.5,10.7,-11.3,-0.5,-5,0.2222222222222222,0.4126984126984127,FS
2024,"Maeda, Kenta",628317,Tigers,DET,R,83.9,609,1958,12.08641975308642,0.3110316649642492,FS,Split-Finger,39.4,-35.4,4.0,11,-0.8,10.2,-9.6,0.6,7,0.9206349206349206,0.6507936507936508,FS
2024,"Skenes, Paul",694973,Pirates,PIT,R,94.0,603,2125,13.117283950617283,0.2837647058823529,FS,Split-Finger,30.3,-29.3,1.0,3,0.7,14.0,-12.7,1.3,10,0.6507936507936508,0.7142857142857143,FS
2024,"Littell, Zack",641793,Rays,TB,R,83.0,576,2486,15.34567901234568,0.2316975060337892,FS,Split-Finger,38.6,-36.0,2.7,7,1.4,8.7,-8.7,0.0,0,0.8253968253968254,0.5555555555555556,FS
2024,"Montas, Frankie",593423,Brewers,MIL,R,86.0,483,2633,16.253086419753085,0.1834409418913786,FS,Split-Finger,34.3,-34.2,0.1,0,2.4,9.4,-10.1,-0.8,-7,0.5079365079365079,0.365079365079365,FS
2024,"Cruz, Fernando",518585,Reds,CIN,R,81.5,475,1138,7.024691358024692,0.4173989455184534,FS,Split-Finger,38.1,-36.8,1.3,4,3.1,5.7,-7.4,-1.7,-23,0.6666666666666666,0.238095238095238,FS
2024,"Ryan, Joe",657746,Twins,MIN,R,88.5,470,2106,13.0,0.2231718898385565,FS,Split-Finger,34.8,-34.1,0.7,2,0.2,14.3,-13.6,0.8,6,0.5873015873015873,0.6666666666666666,FS
2024,"Miller, Bryce",682243,Mariners,SEA,R,84.4,469,2749,16.969135802469136,0.1706074936340487,FS,Split-Finger,38.2,-35.0,3.1,9,0.4,9.9,-10.6,-0.7,-7,0.8888888888888888,0.3968253968253968,FS
2024,"Parker, Mitchell",680730,Nationals,WSH,L,85.6,458,2404,14.839506172839506,0.1905158069883527,FS,Split-Finger,29.1,-33.3,-4.2,-13,8.3,6.9,-9.8,-3.0,-30,0.0793650793650793,0.1269841269841269,FS
2024,"Gilbert, Logan",669302,Mariners,SEA,R,84.5,409,3041,18.771604938271604,0.1344952318316343,FS,Split-Finger,38.1,-35.8,2.3,6,0.4,5.9,-8.1,-2.2,-27,0.7777777777777778,0.1904761904761904,FS
2024,"Neris, Héctor",593576,Astros,HOU,R,82.7,408,1008,6.260869565217392,0.4047619047619047,FS,Split-Finger,40.3,-36.2,4.1,11,-0.1,8.7,-8.7,0.0,0,0.9365079365079364,0.5555555555555556,FS
2024,"Kremer, Dean",665152,Orioles,BAL,R,84.1,401,2171,13.401234567901234,0.1847075080608014,FS,Split-Finger,30.9,-35.0,-4.0,-12,7.7,8.9,-9.0,-0.1,-1,0.1111111111111111,0.5238095238095238,FS
2024,"Yates, Kirby",489446,Rangers,TEX,R,86.3,397,1026,6.333333333333333,0.3869395711500974,FS,Split-Finger,36.7,-35.3,1.4,4,0.1,13.4,-12.0,1.3,11,0.6984126984126984,0.7142857142857143,FS
2024,"Hicks, Jordan",663855,Giants,SF,R,84.3,373,1958,12.08641975308642,0.1905005107252298,FS,Split-Finger,39.7,-34.7,5.1,15,-1.3,5.1,-10.0,-4.9,-49,0.984126984126984,0.0,FS
2024,"Leiter Jr., Mark",643410,Yankees,NYY,R,84.2,366,1015,6.265432098765432,0.3605911330049261,FS,Split-Finger,34.4,-34.4,0.0,0,4.3,6.4,-9.5,-3.1,-33,0.4761904761904761,0.0952380952380952,FS
2024,"Yamamoto, Yoshinobu",808967,Dodgers,LAD,R,90.2,355,1469,9.067901234567902,0.2416609938733832,FS,Split-Finger,30.9,-31.4,-0.5,-1,2.6,8.6,-11.7,-3.1,-27,0.3809523809523809,0.0952380952380952,FS
2024,"Winn, Keaton",676775,Giants,SF,R,88.9,343,847,5.228395061728395,0.4049586776859504,FS,Split-Finger,34.1,-31.4,2.7,8,0.5,14.2,-11.0,3.1,28,0.8253968253968254,0.9523809523809524,FS
2024,"Mize, Casey",663554,Tigers,DET,R,86.2,325,1789,11.04320987654321,0.1816657350475125,FS,Split-Finger,33.0,-33.2,-0.2,-1,3.8,13.4,-10.9,2.6,24,0.4285714285714285,0.9206349206349206,FS
2024,"Walker, Taijuan",592836,Phillies,PHI,R,86.7,318,1435,8.858024691358025,0.221602787456446,FS,Split-Finger,33.3,-32.6,0.7,2,2.9,10.7,-9.8,0.9,10,0.5873015873015873,0.6825396825396826,FS
2024,"Kirby, George",669923,Mariners,SEA,R,86.0,302,2967,18.314814814814813,0.1017863161442534,FS,Split-Finger,35.6,-33.3,2.3,7,1.4,9.6,-10.5,-0.9,-9,0.7777777777777778,0.3492063492063492,FS
2024,"Stroman, Marcus",573186,Yankees,NYY,R,83.3,295,2657,16.401234567901234,0.1110274745954083,FS,Split-Finger,35.7,-36.8,-1.1,-3,3.9,14.8,-13.2,1.7,13,0.2857142857142857,0.7936507936507936,FS
2024,"Finnegan, Kyle",640448,Nationals,WSH,R,88.5,287,1067,6.58641975308642,0.2689784442361762,FS,Split-Finger,29.8,-31.9,-2.2,-7,5.0,8.2,-11.5,-3.3,-28,0.2063492063492063,0.0793650793650793,FS
2024,"Scott, Tayler",605463,Astros,HOU,R,85.5,285,1203,7.472049689440993,0.2369077306733167,FS,Split-Finger,41.4,-39.2,2.2,6,-3.8,10.2,-11.5,-1.3,-12,0.746031746031746,0.3174603174603174,FS
2024,"Francis, Bowden",670102,Blue Jays,TOR,R,83.8,285,1558,9.617283950617283,0.1829268292682926,FS,Split-Finger,34.5,-34.6,-0.1,0,4.2,8.1,-9.1,-1.0,-11,0.4603174603174603,0.3333333333333333,FS
2024,"Duran, Jhoan",661395,Twins,MIN,R,97.0,277,881,5.438271604938271,0.3144154370034052,FS,Split-Finger,26.8,-27.3,-0.4,-2,2.1,11.5,-12.3,-0.8,-6,0.4126984126984127,0.365079365079365,FS
2024,"Garrett, Reed",657585,Mets,NYM,R,88.2,266,980,6.049382716049383,0.2714285714285714,FS,Split-Finger,33.2,-33.0,0.3,1,1.8,11.7,-11.6,0.1,1,0.5396825396825397,0.6031746031746031,FS
2024,"Sandlin, Nick",680704,Guardians,CLE,R,84.8,266,1003,6.229813664596273,0.2652043868394815,FS,Split-Finger,39.8,-39.0,0.8,2,-1.8,12.5,-12.7,-0.1,-1,0.6349206349206349,0.5238095238095238,FS
2024,"Matsui, Yuki",673513,Padres,SD,L,86.6,257,1049,6.4753086419753085,0.2449952335557674,FS,Split-Finger,31.3,-33.9,-2.7,-8,5.2,5.9,-10.5,-4.6,-44,0.1587301587301587,0.0317460317460317,FS
2024,"Martinez, Justin",679885,D-backs,AZ,R,89.8,256,1177,7.265432098765432,0.2175021240441801,FS,Split-Finger,31.8,-30.0,1.8,6,2.2,8.3,-10.8,-2.5,-23,0.7301587301587301,0.1746031746031746,FS
2024,"Bednar, David",670280,Pirates,PIT,R,92.0,246,1023,6.314814814814815,0.2404692082111437,FS,Split-Finger,27.3,-29.5,-2.1,-7,4.8,7.2,-11.6,-4.3,-38,0.2222222222222222,0.0476190476190476,FS
2024,"Crawford, Kutter",676710,Red Sox,BOS,R,82.4,242,2823,17.425925925925927,0.085724406659582,FS,Split-Finger,31.7,-36.6,-4.9,-13,8.8,7.1,-8.9,-1.8,-20,0.0634920634920634,0.2222222222222222,FS
2024,"Schwellenbach, Spencer",680885,Braves,ATL,R,84.5,242,1887,11.648148148148149,0.1282458929517753,FS,Split-Finger,37.5,-34.5,2.9,8,0.6,9.2,-10.7,-1.5,-14,0.873015873015873,0.2698412698412698,FS
2024,"Smith, Cade",671922,Guardians,CLE,R,88.5,241,1166,7.24223602484472,0.2066895368782161,FS,Split-Finger,34.0,-31.7,2.3,7,1.2,10.1,-10.6,-0.5,-5,0.7777777777777778,0.4126984126984127,FS
2024,"Wheeler, Zack",554430,Phillies,PHI,R,86.2,230,3134,19.34567901234568,0.0733886407147415,FS,Split-Finger,31.4,-33.7,-2.3,-7,5.4,12.8,-11.1,1.7,15,0.1904761904761904,0.7936507936507936,FS
2024,"Greene, Hunter",668881,Reds,CIN,R,87.0,214,2563,15.820987654320987,0.0834959032383925,FS,Split-Finger,31.7,-32.7,-0.9,-3,4.4,9.1,-10.6,-1.4,-13,0.3333333333333333,0.3015873015873015,FS
2024,"Harvey, Hunter",640451,Royals,KC,R,89.2,210,906,5.592592592592593,0.2317880794701986,FS,Split-Finger,31.1,-32.2,-1.0,-3,3.2,9.8,-11.7,-1.9,-16,0.3015873015873015,0.2063492063492063,FS
2024,"Stanek, Ryne",592773,Mets,NYM,R,89.1,209,977,6.030864197530864,0.2139201637666325,FS,Split-Finger,30.5,-31.0,-0.5,-2,3.9,10.8,-11.0,-0.2,-2,0.3809523809523809,0.492063492063492,FS
2024,"Swanson, Erik",657024,Blue Jays,TOR,R,84.9,206,666,4.111111111111111,0.3093093093093093,FS,Split-Finger,34.3,-33.7,0.5,2,3.6,11.2,-9.3,1.9,20,0.5714285714285714,0.873015873015873,FS
2024,"Estrada, Jeremiah",669093,Padres,SD,R,83.6,199,1003,6.191358024691358,0.1984047856430708,FS,Split-Finger,29.7,-34.9,-5.2,-15,9.4,11.8,-9.4,2.5,26,0.0317460317460317,0.9047619047619048,FS
2024,"Sands, Cole",663485,Twins,MIN,R,87.8,198,1154,7.1234567901234565,0.1715771230502599,FS,Split-Finger,35.9,-34.5,1.4,4,-0.4,12.8,-11.5,1.3,11,0.6984126984126984,0.7142857142857143,FS
2024,"McGough, Scott",543518,D-backs,AZ,R,85.0,185,577,3.561728395061728,0.3206239168110918,FS,Split-Finger,29.5,-34.7,-5.2,-15,8.2,6.7,-9.4,-2.7,-29,0.0317460317460317,0.1428571428571428,FS
2024,"Toussaint, Touki",657053,White Sox,CWS,R,85.8,183,491,3.0308641975308643,0.3727087576374745,FS,Split-Finger,35.0,-33.7,1.3,4,1.9,8.6,-10.3,-1.7,-16,0.6666666666666666,0.238095238095238,FS
2024,"García, Luis",472610,Red Sox,BOS,R,87.1,166,897,5.537037037037037,0.1850613154960981,FS,Split-Finger,31.2,-31.8,-0.6,-2,4.8,9.5,-9.8,-0.3,-3,0.3492063492063492,0.4603174603174603,FS
2024,"Hoeing, Bryan",663773,Padres,SD,R,86.8,161,782,4.827160493827161,0.2058823529411764,FS,Split-Finger,35.1,-32.3,2.8,9,1.1,7.1,-9.7,-2.7,-27,0.8571428571428571,0.1428571428571428,FS
2024,"Miller, Shelby",571946,Tigers,DET,R,86.8,160,850,5.246913580246914,0.188235294117647,FS,Split-Finger,29.4,-33.1,-3.7,-11,6.9,14.8,-11.6,3.1,27,0.1269841269841269,0.9523809523809524,FS
2024,"Rodríguez, Yariel",684320,Blue Jays,TOR,R,88.9,142,1501,9.265432098765432,0.0946035976015989,FS,Split-Finger,29.6,-31.2,-1.6,-5,5.1,13.3,-11.1,2.2,20,0.2698412698412698,0.8888888888888888,FS
2024,"Chapman, Aroldis",547973,Pirates,PIT,L,91.6,138,1128,6.962962962962963,0.1223404255319148,FS,Split-Finger,28.9,-28.7,0.2,1,3.5,4.0,-7.7,-3.6,-47,0.5238095238095238,0.0634920634920634,FS
2024,"Soriano, José",667755,Angels,LAA,R,92.7,138,1736,10.716049382716047,0.0794930875576036,FS,Split-Finger,32.4,-29.1,3.3,11,-0.6,12.2,-11.8,0.4,3,0.9047619047619048,0.6349206349206349,FS
2024,"Ramirez, Emmanuel",642629,Marlins,MIA,R,84.5,137,371,2.2901234567901234,0.3692722371967655,FS,Split-Finger,36.8,-34.4,2.5,7,1.8,4.8,-9.8,-5.0,-51,,,FS
2024,"Bassitt, Chris",605135,Blue Jays,TOR,R,84.1,132,2959,18.265432098765437,0.0446096654275092,FS,Split-Finger,38.1,-35.3,2.8,8,0.6,13.3,-10.7,2.7,25,,,FS
2024,"Hoffman, Jeff",656546,Phillies,PHI,R,90.5,120,1001,6.179012345679013,0.1198801198801198,FS,Split-Finger,29.2,-30.2,-1.0,-3,4.3,15.6,-11.3,4.3,38,0.3015873015873015,0.984126984126984,FS
2024,"Cobb, Alex",502171,Guardians,CLE,R,89.2,106,242,1.5031055900621118,0.4380165289256198,FS,Split-Finger,35.0,-34.1,0.9,3,-0.6,11.6,-12.2,-0.6,-5,,,FS
2024,"Beede, Tyler",595881,Guardians,CLE,R,86.2,105,265,1.6459627329192548,0.3962264150943396,FS,Split-Finger,34.4,-34.2,0.2,1,2.5,12.5,-11.8,0.6,5,,,FS
2024,"Megill, Tylor",656731,Mets,NYM,R,84.7,103,1365,8.425925925925926,0.0754578754578754,FS,Split-Finger,41.2,-34.6,6.6,19,-2.6,4.4,-9.1,-4.8,-52,1.0,0.0158730158730158,FS
2024,"Allen, Logan",663531,D-backs,AZ,L,79.6,98,470,2.9012345679012346,0.2085106382978723,FS,Split-Finger,36.7,-38.2,-1.6,-4,6.4,11.3,-8.8,2.5,28,,,FS
2024,"Holman, Grant",680880,Athletics,ATH,R,87.2,97,292,1.8024691358024687,0.3321917808219178,FS,Split-Finger,33.1,-32.4,0.7,2,2.8,12.9,-9.9,3.1,31,,,FS
2024,"Pagán, Emilio",641941,Reds,CIN,R,83.9,89,593,3.6604938271604937,0.1500843170320404,FS,Split-Finger,33.0,-34.8,-1.8,-5,5.8,11.4,-9.7,1.7,18,0.2539682539682539,0.7936507936507936,FS
2024,"Blalock, Bradley",687134,Rockies,COL,R,85.3,88,551,3.4012345679012346,0.1597096188747731,FS,Split-Finger,29.3,-33.5,-4.2,-13,8.2,10.0,-9.1,0.9,10,0.0793650793650793,0.6825396825396826,FS
2024,"Martin, Chris",455119,Red Sox,BOS,R,88.3,86,657,4.055555555555555,0.1308980213089802,FS,Split-Finger,32.3,-31.6,0.7,2,2.7,11.0,-11.0,0.0,0,0.5873015873015873,0.5555555555555556,FS
2024,"Lugo, Seth",607625,Royals,KC,R,85.9,86,3112,19.20987654320988,0.0276349614395886,FS,Split-Finger,32.4,-34.7,-2.3,-7,4.4,10.6,-10.8,-0.2,-2,,,FS
2024,"Scott, Christian",681035,Mets,NYM,R,84.8,82,787,4.8580246913580245,0.1041931385006353,FS,Split-Finger,34.7,-34.4,0.3,1,3.4,13.7,-11.0,2.7,25,0.5396825396825397,0.9365079365079364,FS
2024,"Guenther, Sean",674944,Tigers,DET,L,82.2,76,243,1.5,0.3127572016460905,FS,Split-Finger,40.0,-36.0,3.9,11,0.4,10.3,-9.4,0.8,9,,,FS
2024,"Chirinos, Yonny",630023,Marlins,MIA,R,85.7,76,515,3.1790123456790123,0.1475728155339805,FS,Split-Finger,32.7,-32.9,-0.2,-1,4.5,7.6,-9.1,-1.5,-16,0.4285714285714285,0.2698412698412698,FS
2024,"Bowman, Matt",621199,Orioles,BAL,R,84.3,75,497,3.067901234567901,0.1509054325955734,FS,Split-Finger,39.2,-34.4,4.8,14,-0.6,9.2,-9.4,-0.2,-2,0.9682539682539684,0.492063492063492,FS
2024,"Blewett, Scott",656240,Twins,MIN,R,85.3,71,319,1.969135802469136,0.2225705329153605,FS,Split-Finger,33.5,-33.4,0.1,0,3.9,6.8,-8.7,-2.0,-23,,,FS
2024,"Mahle, Tyler",641816,Rangers,TEX,R,85.5,69,229,1.4135802469135803,0.3013100436681222,FS,Split-Finger,25.0,-34.2,-9.2,-27,12.5,13.6,-10.9,2.7,25,,,FS
2024,"Pinto, Ricardo",620982,Phillies,PHI,R,85.0,66,220,1.3580246913580247,0.3,FS,Split-Finger,30.4,-34.2,-3.8,-11,7.5,12.5,-9.4,3.0,32,,,FS
2024,"Hernández, Carlos",672578,Royals,KC,R,89.9,64,560,3.45679012345679,0.1142857142857142,FS,Split-Finger,23.4,-30.0,-6.6,-22,10.3,12.2,-10.5,1.6,16,0.0,0.7777777777777778,FS
2024,"Madden, Ty",680744,Tigers,DET,R,85.2,61,403,2.4876543209876543,0.1513647642679901,FS,Split-Finger,34.9,-34.9,0.0,0,2.6,10.7,-10.6,0.1,1,,,FS
2024,"Winn, Cole",668390,Rangers,TEX,R,86.8,60,286,1.7654320987654322,0.2097902097902098,FS,Split-Finger,33.4,-33.2,0.2,1,2.9,13.5,-11.5,2.0,17,,,FS
2024,"Long, Sam",669674,Royals,KC,L,87.6,60,702,4.333333333333333,0.0854700854700854,FS,Split-Finger,27.6,-33.3,-5.7,-17,7.9,12.2,-11.0,1.3,12,0.0158730158730158,0.7142857142857143,FS
2024,"Civale, Aaron",650644,Brewers,MIL,R,85.6,54,2699,16.660493827160494,0.0200074101519081,FS,Split-Finger,28.9,-34.0,-5.1,-15,8.5,16.1,-9.4,6.8,72,,,FS
2024,"Darvish, Yu",506433,Padres,SD,R,87.2,51,1260,7.777777777777778,0.0404761904761904,FS,Split-Finger,33.3,-32.8,0.4,1,2.8,5.7,-11.4,-5.7,-50,,,FS
2024,"Halvorsen, Seth",678020,Rockies,COL,R,89.4,50,177,1.0925925925925926,0.2824858757062147,FS,Split-Finger,31.2,-31.4,-0.3,-1,2.8,13.0,-11.7,1.4,12,,,FS
2024,"Waldrep, Hurston",694462,Braves,ATL,R,85.9,45,133,0.8209876543209876,0.3383458646616541,FS,Split-Finger,34.6,-32.8,1.8,6,2.2,8.1,-9.2,-1.2,-13,,,FS
2024,"Barnes, Matt",598264,Nationals,WSH,R,86.3,41,237,1.462962962962963,0.1729957805907173,FS,Split-Finger,32.2,-32.2,0.0,0,4.6,13.3,-9.4,3.9,41,,,FS
2024,"Phillips, Tyler",663969,Phillies,PHI,R,85.8,40,578,3.567901234567901,0.0692041522491349,FS,Split-Finger,33.4,-33.4,0.0,0,3.6,9.8,-10.3,-0.5,-4,0.4761904761904761,0.4126984126984127,FS
2024,"Uwasawa, Naoyuki",683822,Red Sox,BOS,R,85.0,35,62,0.382716049382716,0.5645161290322581,FS,Split-Finger,32.2,-33.9,-1.7,-5,5.6,11.3,-9.1,2.3,25,,,FS
2024,"Bachar, Lake",669199,Marlins,MIA,R,85.5,34,161,0.9938271604938272,0.2111801242236025,FS,Split-Finger,31.6,-35.1,-3.4,-10,5.8,15.1,-10.9,4.2,38,,,FS
2024,"Fitts, Richard",690916,Red Sox,BOS,R,88.7,34,314,1.938271604938272,0.10828025477707,FS,Split-Finger,29.3,-31.5,-2.2,-7,5.5,12.1,-11.1,1.0,9,,,FS
2024,"Bazardo, Eduard",660825,Mariners,SEA,R,90.9,32,441,2.7222222222222223,0.0725623582766439,FS,Split-Finger,26.8,-31.3,-4.6,-15,6.4,12.4,-12.1,0.3,2,,,FS
2024,"Silseth, Chase",681217,Angels,LAA,R,85.7,32,167,1.030864197530864,0.1916167664670658,FS,Split-Finger,36.1,-34.1,2.0,6,1.3,2.9,-9.7,-6.9,-70,,,FS
2024,"Marte, Yunior",628708,Phillies,PHI,R,90.1,30,482,2.9753086419753085,0.0622406639004149,FS,Split-Finger,30.4,-32.7,-2.4,-7,3.5,18.4,-12.1,6.3,52,,,FS
2024,"Puk, A.J.",640462,D-backs,AZ,L,84.4,30,1173,7.24074074074074,0.0255754475703324,FS,Split-Finger,33.7,-34.6,-0.9,-2,5.0,8.6,-9.2,-0.6,-6,,,FS
2024,"Palencia, Daniel",694037,Cubs,CHC,R,89.0,27,263,1.623456790123457,0.1026615969581749,FS,Split-Finger,30.4,-31.4,-1.0,-3,4.2,8.3,-11.4,-3.1,-28,,,FS
2024,"Berríos, José",621244,Blue Jays,TOR,R,83.2,832,2914,17.987654320987655,0.2855181880576527,SV,Slurve,44.7,-45.0,-0.3,-1,-4.9,15.1,13.8,1.3,9,0.3636363636363636,0.8181818181818182,SV
2024,"Harrison, Kyle",690986,Giants,SF,L,80.6,463,2078,12.82716049382716,0.2228103946102021,SV,Slurve,47.0,-46.7,0.3,1,-4.6,8.7,9.5,-0.8,-8,0.6363636363636364,0.3636363636363636,SV
2024,"Irvin, Cole",608344,Twins,MIN,L,77.4,447,1767,10.907407407407408,0.2529711375212224,SV,Slurve,50.6,-50.6,0.0,0,-4.7,13.5,13.3,0.2,1,0.4545454545454545,0.6363636363636364,SV
2024,"Stroman, Marcus",573186,Yankees,NYY,R,82.2,368,2657,16.401234567901234,0.1385020700037636,SV,Slurve,41.8,-44.6,-2.8,-6,-1.1,15.7,14.8,0.9,6,0.0,0.7272727272727273,SV
2024,"Lugo, Seth",607625,Royals,KC,R,78.8,327,3112,19.20987654320988,0.1050771208226221,SV,Slurve,51.8,-49.9,1.9,4,-7.2,17.8,15.3,2.4,16,0.9090909090909092,1.0,SV
2024,"Pérez, Cionel",672335,Orioles,BAL,L,83.1,323,864,5.333333333333333,0.3738425925925926,SV,Slurve,46.5,-44.8,1.6,4,-6.6,13.6,14.4,-0.8,-6,0.8181818181818182,0.3636363636363636,SV
2024,"Ferguson, Caleb",657571,Astros,HOU,L,81.1,190,940,5.838509316770186,0.202127659574468,SV,Slurve,51.4,-47.6,3.8,8,-9.7,8.8,13.3,-4.5,-34,1.0,0.0,SV
2024,"Oller, Adam",670124,Marlins,MIA,R,85.5,183,710,4.382716049382716,0.2577464788732394,SV,Slurve,41.7,-42.5,-0.8,-2,-3.9,10.5,12.7,-2.2,-17,0.2727272727272727,0.2727272727272727,SV
2024,"Quintana, Jose",500779,Mets,NYM,L,77.9,168,2819,17.401234567901234,0.0595956012770486,SV,Slurve,47.2,-49.7,-2.5,-5,-1.8,10.2,12.6,-2.4,-19,0.0909090909090909,0.1818181818181818,SV
2024,"Lambert, Peter",663567,Rockies,COL,R,81.3,109,1039,6.41358024691358,0.1049085659287776,SV,Slurve,48.2,-47.7,0.5,1,-6.8,14.9,12.6,2.3,18,0.7272727272727273,0.9090909090909092,SV
2024,"Soroka, Michael",647336,White Sox,CWS,R,81.3,81,1442,8.901234567901234,0.0561719833564493,SV,Slurve,48.2,-48.0,0.2,0,-6.8,8.1,12.5,-4.4,-35,0.5454545454545454,0.0909090909090909,SV
2024,"Santillan, Tony",663574,Reds,CIN,R,86.2,70,504,3.111111111111111,0.1388888888888889,SV,Slurve,40.9,-42.1,-1.2,-3,-4.0,13.1,13.0,0.1,1,0.1818181818181818,0.5454545454545454,SV
2024,"Newcomb, Sean",656794,Athletics,ATH,L,82.4,38,184,1.1358024691358024,0.2065217391304347,SV,Slurve,47.9,-46.7,1.3,3,-7.2,16.9,13.5,3.4,25,,,SV
2024,"Armstrong, Shawn",542888,Cubs,CHC,R,83.6,33,1109,6.845679012345679,0.0297565374211,SV,Slurve,41.6,-44.4,-2.8,-6,-2.5,11.9,13.4,-1.5,-11,,,SV
