mlbam_id,name,season,birth_date,primary_pos,bats,team,G,PA,AB,H,2B,3B,HR,R,RBI,BB,HBP,SB,CS,K,SF,1B,E,CSA,AOF,g_C,g_1B,g_2B,g_3B,g_SS,g_OF,g_DH,player_age,pa_savant,k_percent,bb_percent,batting_avg,slg_percent,on_base_percent,isolated_power,babip,xba,xslg,woba,xwoba,xobp,xiso,wobacon,xwobacon,xbadiff,xslgdiff,wobadiff,exit_velocity_avg,launch_angle_avg,sweet_spot_percent,barrel_batted_rate,hard_hit_percent,avg_best_speed,avg_hyper_speed,z_swing_percent,oz_swing_percent,oz_contact_percent,iz_contact_percent,whiff_percent,swing_percent,pull_percent,groundballs_percent,flyballs_percent,linedrives_percent,popups_percent,avg_swing_length,avg_swing_speed,blasts_swing,squared_up_swing,fast_swing_rate,attack_angle,ideal_angle_rate,swing_take_run_value,sprint_speed,hp_to_1b,b_hit_fly,b_hit_ground,b_hit_line_drive,batted_ball,meatball_swing_percent,f_strike_percent,nkey,team_abbr,adp_name,adp_team,adp_pos,adp,adp_hitter_rank,adp_nfbc,adp_fantrax,pts,age,pts_g,pts_pa,final_hitter_rank,elig,elig_next,undrafted,adp_hitter_rank_f,exp_pts,exp_pts_g,pts_over_exp,ppg_over_exp,rank_gain,beat,big_beat,produced_like_rank,bust,x1B,x2B,x3B,xHR,xR,xRBI,xLP,xLP_pa,luck_pts,luck_pa,repl_pts,LPAR,repl_levels,lp_pa,std_pa,roto_z,pct_league,pct_std_points,pct_roto,fit_vs_points,fit_vs_roto,sb_per600,hr_per600,bb_per600,xwoba_minus_woba,career_best_pa,seasons_200,career_PA,gap_to_best,prior_best_pa_x,prior_seasons_200,prior_top90_x,jump_vs_prior_x,yoy_k_change,yoy_barrel_change,yoy_bat_speed_change,il_days,il_stints,il_days_3yr,il_60,il_reasons,il_days_w,first_game,last_game,games,window_games,avail_games,il_games_in_window,pa_pace_162,g_share,days_late,late_callup,pedigree,pipeline_rank,prospect_status,PAS,BI,bi_line,bi_why,bi_skills,bi_comps,proj_rate_raw,track_rate,age_step,proj_rate,proj_PA,durability,proj_pts,proj_pts_600,proj_rank,proj_rank_600,owner,bo_status,prior_best_pa_y,jump_vs_prior_y,prior_top90_y
500743,Miguel Rojas,2026,1989-02-24,2B,R,Los Angeles Dodgers,106,249,223,60,16,0,4,22,23,15,2,1,1,26,7,40,1,0,0,0,4,49,9,27,0,3,37.0,249.0,10.4,6.0,0.269,0.395,0.312,0.126,0.28,0.279,0.388,0.307,0.31,0.322,0.109,0.314,0.317,-0.01,0.007,-0.003,87.2,14.8,36.4,4.9,35.9,98.208554752,93.15273005,68.7,32.3,69.1,91.2,16.7,49.0,35.4,43.7,23.3,24.3,8.7,7.1,69.1,12.4,34.1,5.8,6.8,44.9,1.0,26.1,4.58,8.0,22.0,30.0,206.0,70.3,62.2,miguel rojas,LAD,Miguel Rojas,LAD,"2B,3B,SS",825.0,325.0,1307.0,,212.0,37.3,2.0,0.8514056224899599,330,2B/3B/SS,2B/SS,False,325.0,171.72,2.3941801142166454,40.28,-0.39418011421664545,-5.0,False,False,279,False,47.90445083427661,9.090508943709692,0.4496296097508143,4.772410612262893,26.401058928961366,26.1118209631873,220.2538798921487,0.8845537345066212,-8.253879892148689,-0.033148112016661346,473.0,-261.0,"{'C': 415, 'SS': 586, '2B': 586, '3B': 569, '1B': 598, 'OF': 519, 'UT': 473}",0.8514056224899599,0.4939759036144578,-8.309377601315509,,,,,,2.4096385542168672,9.638554216867469,36.144578313253014,0.0030000000000000027,1.0,6,2372,-0.14859437751004012,1.0,5,False,-0.14859437751004012,-4.1,0.8000000000000007,1.0,0.0,0.0,16.0,0.0,,4.8,2026-03-26,2026-09-11,94.0,149.0,149.0,0.0,223.0,0.631,0.0,0.0,0.15,,established,28.2,0.2,1.08,"deserved 0.88/PA on contact quality, got 0.85 · avg EV 87.2 (29th pct) · 0.85/PA this year against 1.00 at his best, two steps to clear · bat speed up 1.0 mph",xwOBA 0.310 (53rd) · barrels 4.9% (27th) · EV 87.2 (27th) · hard-hit 36% (36th) · K 10% (98th) · BB 6% (21st) · chase 32% (37th) · bat speed 69.1 mph (15th) · sprint 26.1 (17th),"{""n"":20,""b"":0,""c"":[[""Yuli Gurriel"",2023,39,0.84,0.83,54,0],[""Kyle Farmer"",2025,35,0.79,0.82,14,0],[""Nolan Arenado"",2025,34,0.87,1.04,617,0],[""Carlos Santana"",2025,39,0.85,0.27,7,0],[""Mark Canha"",2024,35,0.87,0.63,79,0]]}",0.8432489436908832,0.8993151952618915,-0.07065397350181979,0.8432489436908832,200.0,0.946,169.0,506.0,449,434,FA,established,1.0,-0.14859437751004012,False
502671,Paul Goldschmidt,2026,1987-09-10,1B,R,New York Yankees,105,380,345,87,13,1,18,44,52,29,3,1,0,86,3,55,0,0,0,0,77,0,0,0,0,14,38.0,380.0,22.6,7.6,0.252,0.452,0.313,0.2,0.283,0.238,0.414,0.331,0.311,0.298,0.176,0.397,0.367,0.014,0.038,0.02,86.8,14.6,35.1,9.9,35.9,98.632345115,93.426887557,65.5,32.2,67.3,77.0,26.4,48.3,32.4,43.1,29.4,20.6,6.9,7.5,71.3,9.8,24.0,14.3,11.6,49.5,3.0,25.5,4.73,25.0,25.0,36.0,262.0,78.9,66.4,paul goldschmidt,NYY,Paul Goldschmidt,NYY,"1B,DH",471.8,267.0,994.0,458.0,374.0,38.8,3.5619047619047617,0.9842105263157894,209,1B,1B,False,267.0,217.0,2.8337463512984864,157.0,0.7281584106062753,58.0,False,False,202,False,51.515867903434895,14.91827367085091,1.2258489479935064,14.450009477720693,40.703324778082,46.78428365654774,347.42760843462975,0.914283180091131,26.572391565370253,0.06992734622465846,473.0,-99.0,"{'C': 415, 'SS': 586, '2B': 586, '3B': 569, '1B': 598, 'OF': 519, 'UT': 473}",0.9842105263157894,0.5157894736842106,-4.0221916481798194,53.9622641509434,55.84905660377358,32.45283018867924,-1.8867924528301856,21.509433962264154,1.5789473684210527,28.42105263157895,45.78947368421053,-0.020000000000000018,1.2703533026113671,6,3585,-0.2861427762955777,1.2703533026113671,5,True,-0.2861427762955777,3.900000000000002,1.9000000000000004,-1.2999999999999972,0.0,0.0,0.0,0.0,,0.0,2026-03-27,2026-09-12,100.0,151.0,151.0,0.0,358.0,0.662,2.0,0.0,0.15,,established,29.8,0.1,1.35,avg EV 86.8 (23rd pct) · sprint 25.5 ft/s (9th pct) · got 0.98/PA but deserved 0.91,xwOBA 0.311 (54th) · barrels 9.9% (71st) · EV 86.8 (21st) · hard-hit 36% (36th) · K 23% (50th) · BB 8% (37th) · chase 32% (38th) · bat speed 71.3 mph (38th) · sprint 25.5 (9th),"{""n"":20,""b"":1,""c"":[[""Starling Marte"",2025,37,0.98,0.86,145,0],[""Justin Turner"",2024,40,0.88,0.76,145,0],[""Carlos Santana"",2025,39,0.85,0.27,7,0],[""Jose Altuve"",2025,35,1.01,0.89,508,0],[""Freddie Freeman"",2025,36,1.11,1.0,651,0]]}",0.8058144656802001,0.9561677448137409,-0.07065397350181979,0.8058144656802001,250.0,0.95,201.0,483.0,381,453,FA,established,1.2703533026113671,-0.2861427762955777,True
514888,Jose Altuve,2026,1990-05-06,2B,R,Houston Astros,134,568,519,130,24,2,16,70,49,41,3,5,4,113,4,88,6,0,0,0,0,128,0,0,0,7,36.0,568.0,19.9,7.2,0.25,0.397,0.307,0.147,0.289,0.224,0.325,0.309,0.271,0.283,0.102,0.353,0.302,0.026,0.072,0.038,85.7,10.9,32.1,4.2,31.6,96.9114455,92.480343133,64.0,37.1,65.7,86.8,22.0,49.2,42.8,46.5,21.9,23.6,8.0,7.6,68.6,7.0,28.4,9.2,13.9,55.0,-4.0,27.5,4.34,22.0,45.0,62.0,411.0,66.7,64.6,jose altuve,HOU,Jose Altuve,HOU,"2B,LF,DH",96.2,66.0,106.0,93.0,508.0,36.2,3.791044776119403,0.8943661971830986,125,2B/OF,2B,False,66.0,556.8852459016393,4.062893081761007,-48.88524590163934,-0.2718483056416039,-59.0,False,False,120,False,87.29686596935322,16.283704421885496,1.3719932481693566,11.30343636059193,59.90284129599628,55.121787140847395,453.47462843684366,0.7983708247127529,54.52537156315634,0.09599537247034573,473.0,35.0,"{'C': 415, 'SS': 586, '2B': 586, '3B': 569, '1B': 598, 'OF': 519, 'UT': 473}",0.8943661971830986,0.45422535211267606,-2.537499326819009,18.11320754716981,29.433962264150942,47.16981132075472,-11.320754716981131,-29.056603773584907,5.281690140845071,16.901408450704224,43.309859154929576,-0.03799999999999998,1.2463414634146341,6,3596,-0.3519752662315355,1.2463414634146341,5,True,-0.3519752662315355,3.1999999999999993,-2.0,-1.1000000000000085,18.0,1.0,18.0,0.0,,18.0,2026-03-26,2026-09-12,122.0,150.0,133.0,17.0,579.0,0.917,0.0,0.0,0.15,,established,25.5,0.1,1.326,"568 PA, already has the job · avg EV 85.7 (11th pct) · got 0.89/PA but deserved 0.80",xwOBA 0.271 (14th) · barrels 4.2% (21st) · EV 85.7 (10th) · hard-hit 32% (20th) · K 20% (66th) · BB 7% (32nd) · chase 37% (16th) · bat speed 68.6 mph (10th) · sprint 27.5 (49th),"{""n"":20,""b"":1,""c"":[[""Nick Castellanos"",2025,33,0.94,0.83,101,0],[""Marcus Semien"",2025,35,0.92,0.82,446,0],[""Nolan Arenado"",2024,33,0.9,0.87,381,0],[""Nolan Arenado"",2025,34,0.87,1.04,617,0],[""Marcus Semien"",2024,34,0.93,0.92,489,0]]}",0.8506529314156901,0.9657510729613733,-0.07167096491800606,0.8506529314156901,404.0,0.936,344.0,510.0,201,425,BAMBI,established,1.2463414634146341,-0.3519752662315355,True
516782,Starling Marte,2026,1988-10-09,OF,R,Kansas City Royals,59,168,153,37,5,0,2,15,14,9,4,2,2,41,2,30,0,0,6,0,0,0,0,0,34,19,37.0,168.0,24.4,5.4,0.242,0.314,0.298,0.072,0.313,0.23,0.364,0.276,0.287,0.288,0.135,0.326,0.343,0.012,-0.05,-0.011,87.4,6.4,27.2,9.6,35.1,100.244828571,94.290100631,70.6,35.3,53.1,81.4,27.9,53.2,31.6,52.6,15.8,24.6,7.0,7.2,72.6,11.8,22.0,30.2,8.1,40.3,-7.0,25.6,4.46,3.0,18.0,15.0,114.0,79.2,65.5,starling marte,KC,,,,,,,,145.0,37.7,2.457627118644068,0.8630952380952381,393,OF,OF,True,339.0,171.72,2.3941801142166454,-26.72,0.06344700442742246,-54.0,False,False,339,False,23.75527706463337,6.59529343140551,0.4585819432888901,4.380847560672237,16.82125954341981,18.662776911659442,157.5190364550793,0.9376133122326148,-12.519036455079288,-0.07451807413737666,473.0,-328.0,"{'C': 415, 'SS': 586, '2B': 586, '3B': 569, '1B': 598, 'OF': 519, 'UT': 473}",0.8630952380952381,0.27976190476190477,-9.781785776977518,,,,,,7.142857142857142,7.142857142857142,32.14285714285714,0.010999999999999954,,5,2239,,1.355513307984791,5,True,-0.49241806988955283,3.6999999999999993,1.6999999999999993,-0.10000000000000853,0.0,0.0,68.0,0.0,,24.6,2026-03-27,2026-08-15,59.0,132.0,132.0,0.0,190.0,0.447,0.0,0.0,0.15,,established,30.8,0.4,0.943,"deserved 0.94/PA on contact quality, got 0.86 · avg EV 87.4 (32nd pct) · sprint 25.6 ft/s (10th pct)",xwOBA 0.287 (26th) · barrels 9.6% (69th) · EV 87.4 (30th) · hard-hit 35% (33rd) · K 24% (37th) · BB 5% (15th) · chase 35% (23rd) · bat speed 72.6 mph (60th) · sprint 25.6 (10th),"{""n"":20,""b"":0,""c"":[[""Kyle Farmer"",2025,35,0.79,0.82,14,0],[""Miguel Rojas"",2025,36,0.91,0.85,212,0],[""Andrew McCutchen"",2024,38,0.93,0.85,469,0],[""Christian V\u00e1zquez"",2025,35,0.84,0.86,228,0],[""Elias D\u00edaz"",2025,35,0.85,0.92,217,0]]}",0.863071079128283,0.9605373635600337,-0.07065397350181979,0.863071079128283,200.0,0.931,173.0,518.0,438,405,FA,established,1.355513307984791,-0.49241806988955283,True
518692,Freddie Freeman,2026,1989-09-12,1B,L,Los Angeles Dodgers,152,654,576,167,32,1,16,74,70,66,5,7,0,115,7,118,1,0,0,0,151,0,0,0,0,1,36.0,654.0,17.6,10.1,0.29,0.432,0.364,0.142,0.334,0.291,0.464,0.349,0.364,0.365,0.173,0.384,0.405,-0.001,-0.032,-0.015,89.5,12.2,38.9,8.1,41.2,99.878228197,94.17296985,73.3,29.3,63.7,82.8,23.1,50.1,33.3,43.2,25.9,27.8,3.2,6.7,70.1,10.4,25.8,7.5,7.7,42.6,13.0,25.3,4.7,29.0,46.0,90.0,468.0,87.4,56.3,freddie freeman,LAD,Freddie Freeman,LAD,1B,50.4,37.0,61.0,49.0,651.0,36.8,4.282894736842105,0.9954128440366973,44,1B,1B,False,37.0,642.6,4.485508577873414,8.399999999999977,-0.20261384103130897,-7.0,False,False,24,False,110.72833924656629,34.585494378330594,1.843993503639872,20.458172871463216,77.06080989926797,80.8870604346135,683.8278703338814,1.045608364424895,-32.82787033388138,-0.050195520388197745,473.0,178.0,"{'C': 415, 'SS': 586, '2B': 586, '3B': 569, '1B': 598, 'OF': 519, 'UT': 473}",0.9954128440366973,0.536697247706422,0.8260444360754611,55.84905660377358,65.28301886792453,78.49056603773586,-9.433962264150942,-22.641509433962277,6.422018348623853,14.678899082568808,60.550458715596335,0.015000000000000013,1.3164383561643835,6,4052,-0.32102551212768626,1.3164383561643835,5,True,-0.32102551212768626,-2.799999999999997,-2.3000000000000007,0.29999999999999716,0.0,0.0,8.0,0.0,,4.8,2026-03-26,2026-09-12,141.0,149.0,149.0,0.0,604.0,0.946,0.0,0.0,0.15,,established,31.9,0.4,1.396,"654 PA, already has the job · deserved 1.05/PA on contact quality, got 1.00 · avg EV 89.5 (67th pct)",xwOBA 0.364 (94th) · barrels 8.1% (58th) · EV 89.5 (64th) · hard-hit 41% (63rd) · K 18% (79th) · BB 10% (67th) · chase 29% (57th) · bat speed 70.1 mph (25th) · sprint 25.3 (7th),"{""n"":20,""b"":1,""c"":[[""Paul Goldschmidt"",2025,38,0.94,0.98,374,0],[""Paul Goldschmidt"",2024,37,0.93,0.94,502,0],[""Marcus Semien"",2025,35,0.92,0.82,446,0],[""Salvador Perez"",2025,35,0.98,0.87,541,0],[""Marcell Ozuna"",2025,35,0.9,0.76,213,0]]}",0.9119901723899579,1.044204322200393,-0.07065397350181979,0.9119901723899579,500.0,0.946,456.0,547.0,105,308,MMM,established,1.3164383561643835,-0.32102551212768626,True
521692,Salvador Perez,2026,1990-05-10,DH,R,Kansas City Royals,151,624,577,132,24,1,21,50,77,25,13,1,0,119,7,86,4,12,0,44,25,0,0,0,0,81,36.0,624.0,19.1,4.0,0.229,0.383,0.273,0.154,0.25,0.249,0.437,0.285,0.315,0.291,0.188,0.326,0.366,-0.02,-0.054,-0.03,89.2,15.3,35.3,10.5,42.6,100.382629185,94.384519204,72.5,44.6,61.9,86.1,25.1,56.3,40.2,38.5,30.1,25.2,6.2,7.7,71.6,11.3,24.5,18.8,11.4,56.9,-14.0,23.7,4.99,31.0,31.0,70.0,465.0,77.2,65.1,salvador perez,KC,Salvador Perez,KC,"C,1B,DH",95.0,64.0,84.0,113.0,541.0,36.1,3.5827814569536423,0.8669871794871795,113,C/1B,C/1B,False,64.0,556.8852459016393,4.062893081761007,-15.885245901639337,-0.48011162480736447,-49.0,False,False,120,False,86.40442371466347,30.704316018449557,1.9210968191104876,24.64316344777649,60.86248614731803,82.30037339654355,599.9848595438616,0.9615141979869577,-58.9848595438616,-0.09452701849977818,415.0,126.0,"{'C': 415, 'SS': 586, '2B': 586, '3B': 569, '1B': 598, 'OF': 519, 'UT': 473}",0.8669871794871795,0.40865384615384615,-2.9872591570712625,11.320754716981133,16.9811320754717,41.88679245283019,-5.660377358490566,-30.566037735849058,0.9615384615384615,20.19230769230769,24.03846153846154,0.030000000000000027,1.1924812030075187,6,3635,-0.3254940235203392,1.1924812030075187,5,True,-0.3254940235203392,-0.3999999999999986,-4.300000000000001,-1.3000000000000114,0.0,0.0,0.0,0.0,,0.0,2026-03-27,2026-09-12,139.0,150.0,150.0,0.0,578.0,0.927,0.0,0.0,0.15,,established,31.7,0.3,1.272,"624 PA, already has the job · deserved 0.96/PA on contact quality, got 0.87 · avg EV 89.2 (61st pct)",xwOBA 0.315 (59th) · barrels 10.5% (76th) · EV 89.2 (58th) · hard-hit 43% (70th) · K 19% (71st) · BB 4% (6th) · chase 45% (2nd) · bat speed 71.6 mph (44th) · sprint 23.7 (0th),"{""n"":20,""b"":1,""c"":[[""Paul Goldschmidt"",2025,38,0.94,0.98,374,0],[""Marcell Ozuna"",2025,35,0.9,0.76,213,0],[""Paul Goldschmidt"",2024,37,0.93,0.94,502,0],[""Tommy Pham"",2024,36,0.88,0.92,412,0],[""Marcus Semien"",2025,35,0.92,0.82,446,0]]}",0.9029232312826789,0.9273376515528982,-0.07167096491800606,0.9029232312826789,402.0,0.95,363.0,542.0,183,329,Dan,established,1.1924812030075187,-0.3254940235203392,True
542303,Marcell Ozuna,2026,1990-11-12,DH,R,Pittsburgh Pirates,70,280,251,51,7,0,8,22,29,27,2,0,0,80,0,36,0,0,0,0,0,0,0,0,0,66,35.0,280.0,28.6,9.6,0.203,0.327,0.286,0.124,0.264,0.221,0.389,0.276,0.304,0.3,0.168,0.335,0.382,-0.018,-0.062,-0.028,89.1,20.3,38.6,7.7,36.8,99.258350119,93.737043155,61.3,26.7,48.6,80.8,30.1,42.6,38.0,33.9,28.1,26.3,11.7,7.5,73.5,8.9,20.3,36.9,15.8,48.5,-12.0,24.7,4.88,12.0,10.0,29.0,171.0,62.2,58.4,marcell ozuna,PIT,Marcell Ozuna,,,288.0,172.0,304.0,220.0,213.0,35.6,3.0428571428571427,0.7607142857142857,328,UT,UT,False,172.0,375.06451612903226,3.372093023255814,-162.06451612903226,-0.32923588039867147,-156.0,False,False,279,True,33.36152023516942,11.70136292215617,0.7577134501794215,9.650403392494997,28.121304789633463,34.08179437152892,244.3130991611624,0.8725467827184371,-31.3130991611624,-0.11183249700415143,473.0,-260.0,"{'C': 415, 'SS': 586, '2B': 586, '3B': 569, '1B': 598, 'OF': 519, 'UT': 473}",0.7607142857142857,0.2857142857142857,-8.85333184744988,,,,,,0.0,17.142857142857142,57.85714285714286,0.02799999999999997,1.1570945945945945,6,2867,-0.39638030888030884,1.1570945945945945,5,True,-0.39638030888030884,4.300000000000001,-3.8,0.7000000000000028,0.0,0.0,0.0,0.0,,0.0,2026-03-26,2026-08-01,70.0,122.0,122.0,0.0,342.0,0.574,0.0,0.0,0.15,,established,31.7,0.2,1.237,"deserved 0.87/PA on contact quality, got 0.76 · avg EV 89.1 (59th pct) · only 280 PA, and a breakout needs 350 next year",xwOBA 0.304 (47th) · barrels 7.7% (54th) · EV 89.1 (57th) · hard-hit 37% (41st) · K 29% (18th) · BB 10% (62nd) · chase 27% (73rd) · bat speed 73.5 mph (72nd) · sprint 24.7 (2nd),"{""n"":20,""b"":0,""c"":[[""Joc Pederson"",2025,33,0.76,1.01,438,0],[""Brandon Crawford"",2023,36,0.76,0.61,49,0],[""Mitch Garver"",2025,34,0.86,0.85,126,0],[""Tommy Pham"",2024,36,0.88,0.92,412,0],[""Randal Grichuk"",2025,34,0.86,1.14,317,0]]}",0.8132452947765815,0.9168250950570344,-0.07167096491800606,0.8132452947765815,250.0,0.95,203.0,488.0,376,450,FA,established,1.1570945945945945,-0.39638030888030884,True
543309,Kyle Higashioka,2026,1990-04-20,C,R,Texas Rangers,58,186,165,36,4,0,7,20,18,19,2,0,0,47,0,25,7,7,0,48,0,0,0,0,0,6,36.0,186.0,25.3,10.2,0.218,0.37,0.306,0.152,0.261,0.219,0.351,0.303,0.295,0.307,0.133,0.353,0.341,-0.001,0.019,0.008,88.2,17.3,35.6,8.5,38.1,99.114666552,93.791557241,58.3,31.1,50.4,87.0,26.3,44.2,38.1,33.9,28.0,28.0,10.2,7.3,71.0,8.9,24.9,11.3,12.7,48.8,-2.0,24.6,4.89,9.0,6.0,21.0,118.0,69.1,65.1,kyle higashioka,TEX,,,,,,,,163.0,36.2,2.810344827586207,0.8763440860215054,369,C,C,True,339.0,171.72,2.3941801142166454,-8.719999999999999,0.4161647133695614,-30.0,False,False,339,False,24.818339332907875,5.793365360141117,0.41825128099413283,5.105044025956873,17.773101202735358,20.85476456045162,160.84286576318698,0.8647465901246612,2.1571342368130217,0.011597495896844223,415.0,-252.0,"{'C': 415, 'SS': 586, '2B': 586, '3B': 569, '1B': 598, 'OF': 519, 'UT': 473}",0.8763440860215054,0.3817204301075269,-9.179473927008747,,,,,,0.0,22.580645161290324,61.29032258064517,-0.008000000000000007,,5,1495,,1.0760456273764258,5,False,-0.19970154135492046,3.3000000000000007,-0.09999999999999964,0.09999999999999432,164.0,1.0,176.0,0.0,,171.2,2026-03-26,2026-07-20,56.0,106.0,56.0,50.0,495.0,1.0,0.0,0.0,0.15,,established,29.2,0.2,0.956,"1,495 career PA, a known quantity · sprint 24.6 ft/s (2nd pct) · only 186 PA, and a breakout needs 350 next year",xwOBA 0.295 (35th) · barrels 8.5% (61st) · EV 88.2 (44th) · hard-hit 38% (48th) · K 25% (32nd) · BB 10% (68th) · chase 31% (46th) · bat speed 71.0 mph (35th) · sprint 24.6 (2nd),"{""n"":20,""b"":0,""c"":[[""James McCann"",2024,34,0.97,1.03,141,0],[""Kyle Farmer"",2024,34,0.85,0.79,236,0],[""Austin Barnes"",2024,34,0.84,0.73,32,0],[""Kyle Farmer"",2025,35,0.79,0.82,14,0],[""Donovan Solano"",2024,36,0.95,0.78,139,0]]}",0.8117498437506346,0.9709390587725004,-0.07167096491800606,0.8117498437506346,200.0,0.82,162.0,487.0,454,451,FA,established,1.0760456273764258,-0.19970154135492046,False
543510,James McCann,2026,1990-06-13,C,R,Arizona Diamondbacks,51,162,152,43,6,0,7,17,28,6,1,0,0,42,1,30,2,7,0,44,6,0,0,0,0,0,36.0,162.0,25.9,3.7,0.283,0.461,0.313,0.178,0.346,0.238,0.43,0.335,0.302,0.271,0.192,0.438,0.391,0.045,0.031,0.033,90.0,10.9,36.3,11.5,45.1,101.073058727,95.108505182,64.1,39.9,45.7,86.1,30.6,51.3,31.9,46.9,25.7,23.9,3.5,7.0,72.0,11.6,27.0,23.2,10.5,44.8,2.0,25.2,4.82,9.0,16.0,18.0,113.0,72.1,65.4,james mccann,ARI,James McCann,ARI,"C,1B",851.0,337.0,1235.0,,177.0,36.0,3.4705882352941178,1.0925925925925926,359,C,C,False,337.0,171.72,2.3941801142166454,5.280000000000001,1.0764081210774723,-22.0,False,False,283,False,20.84614069182203,8.130191714948825,0.5451944946362703,6.654473098592879,16.791858298522612,20.90989562927147,158.2377539277941,0.9767762588135438,18.762246072205897,0.11581633377904876,415.0,-238.0,"{'C': 415, 'SS': 586, '2B': 586, '3B': 569, '1B': 598, 'OF': 519, 'UT': 473}",1.0925925925925926,0.4876543209876543,-8.000929709959255,,,,,,0.0,25.925925925925924,22.22222222222222,-0.03300000000000003,,3,1361,,,3,False,0.7425925925925926,,,,48.0,1.0,48.0,0.0,Strained right quad,48.0,2026-03-28,2026-09-11,46.0,148.0,103.0,45.0,214.0,0.447,2.0,0.0,0.15,,established,31.8,0.3,1.173,"avg EV 90.0 (75th pct) · 1,361 career PA, a known quantity · sprint 25.2 ft/s (7th pct)",xwOBA 0.302 (44th) · barrels 11.5% (81st) · EV 90.0 (74th) · hard-hit 45% (82nd) · K 26% (28th) · BB 4% (4th) · chase 40% (7th) · bat speed 72.0 mph (50th) · sprint 25.2 (6th),"{""n"":20,""b"":0,""c"":[[""Kyle Higashioka"",2024,34,1.08,1.02,333,0],[""Kyle Higashioka"",2025,35,1.02,0.88,163,0],[""Travis d'Arnaud"",2024,35,1.03,0.82,189,0],[""Rob Refsnyder"",2025,34,1.11,0.6,78,0],[""Adam Duvall"",2023,35,1.13,0.74,244,0]]}",0.8578960125528887,1.054333764553687,-0.07167096491800606,0.8578960125528887,200.0,0.914,172.0,515.0,441,412,FA,established,,0.7425925925925926,False
543760,Marcus Semien,2026,1990-09-17,2B,R,New York Mets,138,543,490,105,14,1,15,55,49,45,2,10,3,103,5,75,6,0,0,0,0,138,0,0,0,0,35.0,543.0,19.0,8.3,0.214,0.339,0.28,0.125,0.239,0.241,0.376,0.276,0.3,0.305,0.135,0.298,0.332,-0.027,-0.037,-0.024,86.7,18.8,33.6,5.9,33.6,96.986506154,92.54167162,71.6,27.0,53.8,85.7,23.1,49.3,47.1,36.9,32.6,22.4,8.1,7.8,68.6,6.9,29.0,2.7,15.3,58.1,-17.0,28.3,4.42,24.0,36.0,45.0,393.0,78.7,68.1,marcus semien,NYM,Marcus Semien,NYM,2B,203.8,121.0,238.0,183.0,446.0,35.8,3.2318840579710146,0.8213627992633518,166,2B,2B,False,121.0,455.0,3.705765225084571,-9.0,-0.4738811671135563,-45.0,False,False,132,False,83.76406245084854,17.706570441321727,1.4146717648108598,15.204695343018857,64.97254628009574,56.68507569490278,494.98762197499855,0.9115794143185977,-48.98762197499855,-0.09021661505524592,473.0,-27.0,"{'C': 415, 'SS': 586, '2B': 586, '3B': 569, '1B': 598, 'OF': 519, 'UT': 473}",0.8213627992633518,0.4088397790055249,-4.459775688235473,3.7735849056603774,17.358490566037734,28.67924528301887,-13.584905660377355,-24.90566037735849,11.049723756906078,16.574585635359114,49.72375690607735,0.023999999999999966,1.1685082872928176,6,3996,-0.3471454880294659,1.1685082872928176,5,True,-0.3471454880294659,1.6000000000000014,-0.8999999999999995,0.09999999999999432,21.0,1.0,57.0,0.0,Left hip flexor strain,42.599999999999994,2026-03-26,2026-09-12,128.0,152.0,134.0,18.0,557.0,0.955,0.0,0.0,0.15,,established,26.8,0.3,1.249,"deserved 0.91/PA on contact quality, got 0.82 · 543 PA, already has the job · sprint 28.3 ft/s (74th pct)",xwOBA 0.300 (40th) · barrels 5.9% (35th) · EV 86.7 (20th) · hard-hit 34% (26th) · K 19% (72nd) · BB 8% (47th) · chase 27% (71st) · bat speed 68.6 mph (10th) · sprint 28.3 (72nd),"{""n"":20,""b"":1,""c"":[[""Paul Goldschmidt"",2025,38,0.94,0.98,374,0],[""Nick Castellanos"",2025,33,0.94,0.83,101,0],[""George Springer"",2024,35,0.93,1.29,755,1],[""Nolan Arenado"",2025,34,0.87,1.04,617,0],[""Paul Goldschmidt"",2024,37,0.93,0.94,502,0]]}",0.8875966709696157,0.8708750463477939,-0.07167096491800606,0.8875966709696157,346.0,0.918,307.0,533.0,237,362,FA,established,1.1685082872928176,-0.3471454880294659,True
543807,George Springer,2026,1989-09-19,DH,R,Toronto Blue Jays,125,515,460,114,22,2,15,59,54,47,3,12,2,94,2,75,0,0,0,0,0,0,0,0,2,117,36.0,515.0,18.3,9.1,0.248,0.402,0.32,0.154,0.28,0.238,0.38,0.319,0.306,0.311,0.143,0.349,0.331,0.01,0.022,0.013,88.6,12.4,30.2,6.5,38.6,99.592071522,93.993965163,72.8,25.3,52.8,85.4,23.4,48.2,42.4,45.1,25.8,22.3,6.8,7.5,73.2,11.4,24.3,35.4,9.6,56.8,10.0,26.9,4.61,22.0,39.0,53.0,368.0,83.3,59.4,george springer,TOR,George Springer,TOR,"LF,CF,RF,DH",75.4,53.0,88.0,78.0,498.0,36.8,3.984,0.9669902912621359,133,OF,UT,False,53.0,571.0,4.292903702788284,-73.0,-0.3089037027882844,-80.0,False,False,120,False,73.61601058675186,20.024160420935782,1.7636473978728426,14.076181594439513,58.373926880357956,56.42755081730485,485.5414776976628,0.9427989858207044,12.458522302337201,0.024191305441431443,473.0,25.0,"{'C': 415, 'SS': 586, '2B': 586, '3B': 569, '1B': 598, 'OF': 519, 'UT': 473}",0.9669902912621359,0.5106796116504855,-2.4510740380100167,47.54716981132076,53.58490566037736,48.301886792452834,-6.037735849056602,-0.7547169811320771,13.980582524271846,17.475728155339805,54.75728155339806,-0.013000000000000012,1.28839590443686,6,3323,-0.32140561317472416,1.28839590443686,5,True,-0.32140561317472416,-0.5999999999999979,-9.7,-0.5999999999999943,17.0,1.0,32.0,0.0,Left great toe fracture,26.0,2026-03-27,2026-09-12,115.0,151.0,135.0,16.0,524.0,0.852,0.0,0.0,0.15,,established,31.9,0.2,1.368,"515 PA, already has the job · got 0.97/PA but deserved 0.94 · sprint 26.9 ft/s (34th pct)",xwOBA 0.306 (48th) · barrels 6.5% (42nd) · EV 88.6 (50th) · hard-hit 39% (51st) · K 18% (75th) · BB 9% (55th) · chase 25% (81st) · bat speed 73.2 mph (68th) · sprint 26.9 (34th),"{""n"":20,""b"":0,""c"":[[""Paul Goldschmidt"",2025,38,0.94,0.98,374,0],[""Marcus Semien"",2025,35,0.92,0.82,446,0],[""Tommy Pham"",2024,36,0.88,0.92,412,0],[""Nick Castellanos"",2025,33,0.94,0.83,101,0],[""J.T. Realmuto"",2025,34,1.01,0.89,410,0]]}",0.973968205847779,1.0677578987438143,-0.07065397350181979,0.973968205847779,399.0,0.93,389.0,584.0,153,142,LTTA,established,1.28839590443686,-0.32140561317472416,True
543877,Christian Vázquez,2026,1990-08-21,C,R,Houston Astros,86,266,242,50,7,0,7,22,25,18,0,1,0,53,1,36,2,17,0,80,0,0,0,0,0,4,35.0,266.0,19.9,6.8,0.207,0.322,0.261,0.115,0.235,0.195,0.267,0.258,0.233,0.248,0.073,0.291,0.257,0.012,0.055,0.025,85.9,15.1,31.3,2.1,22.6,95.312310968,91.672859355,61.4,36.5,66.3,89.2,20.0,48.2,33.8,43.1,24.6,23.6,8.7,6.7,65.6,5.6,29.7,0.5,9.8,59.6,-14.0,23.4,5.03,9.0,19.0,22.0,195.0,64.6,60.9,christian vazquez,HOU,,,,,,,,228.0,35.9,2.6511627906976742,0.8571428571428571,311,C,C,True,339.0,171.72,2.3941801142166454,56.28,0.2569826764810288,28.0,False,False,257,False,37.828048948636095,5.046534206826222,0.3267847404392927,3.9886321040983974,18.610265322801123,26.344157158240236,210.00042248104137,0.789475272485118,17.99957751895863,0.06766758465773914,415.0,-187.0,"{'C': 415, 'SS': 586, '2B': 586, '3B': 569, '1B': 598, 'OF': 519, 'UT': 473}",0.8571428571428571,0.34210526315789475,-8.999020648221206,,,,,,2.2556390977443606,15.789473684210526,40.6015037593985,-0.024999999999999994,0.9835680751173709,6,2074,-0.12642521797451378,0.9835680751173709,5,False,-0.12642521797451378,3.5,-1.6999999999999997,-1.4000000000000057,0.0,0.0,45.0,0.0,,27.0,2026-03-29,2026-09-12,84.0,147.0,147.0,0.0,264.0,0.571,3.0,0.0,0.15,,established,23.6,0.1,1.064,"0.86/PA this year against 0.98 at his best, two steps to clear · only 266 PA, and a breakout needs 350 next year · got 0.86/PA but deserved 0.79",xwOBA 0.233 (1st) · barrels 2.1% (5th) · EV 85.9 (12th) · hard-hit 23% (3rd) · K 20% (66th) · BB 7% (29th) · chase 36% (17th) · bat speed 65.6 mph (2nd) · sprint 23.4 (0th),"{""n"":20,""b"":0,""c"":[[""Elias D\u00edaz"",2024,34,0.95,0.85,240,0],[""Adam Frazier"",2025,34,0.9,0.89,131,0],[""Elias D\u00edaz"",2025,35,0.85,0.92,217,0],[""Kyle Farmer"",2025,35,0.79,0.82,14,0],[""Miguel Rojas"",2025,36,0.91,0.85,212,0]]}",0.7473250308056913,0.8431172018817754,-0.07167096491800606,0.7473250308056913,200.0,0.929,149.0,448.0,462,462,FA,established,0.9835680751173709,-0.12642521797451378,False
545121,Ildemaro Vargas,2026,1991-07-16,1B,S,Arizona Diamondbacks,141,486,453,115,19,5,9,62,67,27,2,3,1,49,2,82,3,0,0,0,74,55,9,5,2,8,34.0,486.0,10.1,5.6,0.254,0.377,0.298,0.123,0.267,0.268,0.363,0.295,0.297,0.309,0.095,0.304,0.305,-0.014,0.014,-0.002,87.4,11.3,30.7,3.2,35.0,98.067283881,93.061632394,63.1,39.2,74.6,91.8,15.2,50.6,40.3,43.7,20.9,26.3,9.1,7.4,70.9,11.2,30.9,17.0,5.7,52.5,-9.0,27.1,4.44,12.0,37.0,66.0,407.0,70.2,59.7,ildemaro vargas,ARI,,,,,,,,450.0,35.0,3.1914893617021276,0.9259259259259259,163,1B/2B,1B/2B,True,339.0,171.72,2.3941801142166454,278.28,0.7973092474854822,176.0,False,False,127,False,97.21921479984333,13.619198919332844,2.280957761804373,8.284628519019472,52.32786662984086,47.7156034171778,420.8864700470187,0.8660215433066228,29.11352995298131,0.05990438261930309,473.0,-23.0,"{'C': 415, 'SS': 586, '2B': 586, '3B': 569, '1B': 598, 'OF': 519, 'UT': 473}",0.9259259259259259,0.5781893004115226,-2.8521346212169605,30.0,80.37735849056604,44.15094339622642,-50.37735849056604,-14.150943396226417,3.7037037037037033,11.11111111111111,33.33333333333333,0.0020000000000000018,0.9259259259259259,4,1501,0.0,,3,False,0.575925925925926,,,,0.0,0.0,54.0,0.0,,32.4,2026-03-30,2026-09-12,132.0,147.0,147.0,0.0,475.0,0.898,4.0,0.0,0.15,,established,28.5,1.8,1.006,"0.93/PA is his best rate yet, so the bar is one step up · 486 PA, already has the job · sprint 27.1 ft/s (40th pct)",xwOBA 0.297 (37th) · barrels 3.2% (13th) · EV 87.4 (30th) · hard-hit 35% (32nd) · K 10% (98th) · BB 6% (17th) · chase 39% (9th) · bat speed 70.9 mph (33rd) · sprint 27.1 (39th),"{""n"":20,""b"":0,""c"":[[""Mark Canha"",2023,34,0.99,0.87,400,0],[""Elvis Andrus"",2022,34,0.97,0.9,364,0],[""Miguel Rojas"",2024,35,1.0,0.91,288,0],[""Mark Canha"",2022,33,0.98,0.99,504,0],[""David Peralta"",2021,34,0.93,0.9,440,0]]}",0.9282547357919821,0.90795631825273,-0.06282389232984148,0.9282547357919821,253.0,0.925,235.0,557.0,319,258,FA,established,,0.575925925925926,False
545341,Randal Grichuk,2026,1991-08-13,DH,R,multi,116,277,262,75,25,2,14,40,44,11,1,0,0,61,3,34,2,0,1,0,0,0,0,0,55,47,34.0,277.0,22.0,4.0,0.286,0.557,0.314,0.271,0.321,0.276,0.471,0.366,0.332,0.301,0.195,0.459,0.413,0.01,0.086,0.034,91.2,17.0,37.7,10.8,49.5,102.644154804,95.860405123,70.0,36.5,56.5,86.6,24.0,52.9,43.6,35.8,29.4,26.0,8.8,7.7,74.5,15.4,26.6,45.9,8.8,60.8,9.0,27.3,4.57,17.0,21.0,37.0,204.0,74.7,62.3,randal grichuk,multi,,,,,,,,317.0,34.9,2.7327586206896552,1.144404332129964,242,OF,OF,True,339.0,171.72,2.3941801142166454,145.28,0.3385785064730098,97.0,False,False,237,False,43.75197660999831,16.610140393931374,1.3697893821423464,10.58009361392798,33.981322185274756,34.839613226358146,276.5349354116329,0.9983210664679888,40.46506458836711,0.14608326566197516,473.0,-156.0,"{'C': 415, 'SS': 586, '2B': 586, '3B': 569, '1B': 598, 'OF': 519, 'UT': 473}",1.144404332129964,0.6498194945848376,-4.566396366138814,,,,,,0.0,30.324909747292416,23.826714801444044,-0.033999999999999975,1.144404332129964,6,2403,0.0,1.1433691756272402,5,False,0.0010351565027237886,1.1999999999999993,-0.8999999999999986,0.5999999999999943,0.0,0.0,8.0,0.0,,2.4,2026-03-27,2026-09-12,105.0,140.0,140.0,0.0,253.0,0.75,2.0,0.0,0.15,,established,35.7,0.2,1.224,"1.14/PA is his best rate yet, so the bar is one step up · avg EV 91.2 (89th pct) · only 277 PA, and a breakout needs 350 next year",xwOBA 0.332 (76th) · barrels 10.8% (77th) · EV 91.2 (88th) · hard-hit 50% (93rd) · K 22% (54th) · BB 4% (6th) · chase 36% (17th) · bat speed 74.5 mph (84th) · sprint 27.3 (45th),"{""n"":20,""b"":0,""c"":[[""Max Muncy"",2024,34,1.07,1.05,409,0],[""Rob Refsnyder"",2025,34,1.11,0.6,78,0],[""Adam Duvall"",2023,35,1.13,0.74,244,0],[""James McCann"",2025,35,1.03,1.09,177,0],[""Max Muncy"",2025,35,1.05,1.04,577,0]]}",0.9386709299388007,1.051071761416589,-0.06282389232984148,0.9386709299388007,200.0,0.948,188.0,563.0,409,233,FA,established,1.1433691756272402,0.0010351565027237886,False
545361,Mike Trout,2026,1991-08-07,OF,R,Los Angeles Angels,142,634,513,124,26,0,22,86,54,107,11,11,1,165,2,76,2,0,4,0,0,0,0,0,109,33,34.0,634.0,26.0,16.9,0.242,0.421,0.382,0.179,0.311,0.255,0.487,0.354,0.381,0.384,0.232,0.416,0.462,-0.013,-0.066,-0.027,90.1,17.4,38.0,16.0,46.3,102.780727771,95.785464011,62.0,20.7,48.8,84.2,25.6,39.8,36.0,36.3,31.4,25.1,7.1,7.5,74.7,12.6,20.9,48.5,6.5,42.2,22.0,28.6,4.42,33.0,37.0,53.0,350.0,69.1,55.7,mike trout,LAA,Mike Trout,LAA,"CF,RF,DH",167.8,98.0,177.0,132.0,637.0,34.9,4.485915492957746,1.0047318611987381,54,OF,OF,False,98.0,556.8852459016393,4.003049236131642,80.11475409836066,0.48286625682610396,44.0,True,False,38,False,67.68338542366355,34.513302474699344,1.3522387796106488,27.266073322026458,93.66951511675173,81.27684928099927,712.592364397751,1.1239627198702697,-75.592364397751,-0.1192308586715316,473.0,164.0,"{'C': 415, 'SS': 586, '2B': 586, '3B': 569, '1B': 598, 'OF': 519, 'UT': 473}",1.0047318611987381,0.48738170347003157,-0.34717497823340554,60.0,45.28301886792453,66.41509433962264,14.716981132075468,-6.415094339622641,10.410094637223974,20.820189274447948,101.26182965299685,0.027000000000000024,1.2645290581162325,4,2323,-0.25979719691749437,1.2645290581162325,3,True,-0.25979719691749437,-6.0,0.1999999999999993,0.7000000000000028,20.0,1.0,200.0,0.0,Right hamstring strain,82.4,2026-03-26,2026-09-12,129.0,148.0,130.0,18.0,659.0,0.992,0.0,0.0,0.15,,established,36.7,3.3,1.345,"634 PA, already has the job · deserved 1.12/PA on contact quality, got 1.00 · avg EV 90.1 (77th pct)",xwOBA 0.381 (98th) · barrels 16.0% (98th) · EV 90.1 (74th) · hard-hit 46% (85th) · K 26% (28th) · BB 17% (99th) · chase 21% (97th) · bat speed 74.7 mph (86th) · sprint 28.6 (81st),"{""n"":20,""b"":1,""c"":[[""Paul Goldschmidt"",2023,36,1.04,0.93,607,0],[""Paul Goldschmidt"",2024,37,0.93,0.94,502,0],[""Bryce Harper"",2025,33,1.09,1.07,734,0],[""J.T. Realmuto"",2024,33,1.03,1.01,553,0],[""Salvador Perez"",2024,34,1.02,0.98,628,0]]}",1.0246817073654717,0.9968995452666392,-0.06282389232984148,1.0246817073654717,483.0,0.887,495.0,615.0,85,59,THALER,established,1.2645290581162325,-0.25979719691749437,True
547180,Bryce Harper,2026,1992-10-16,1B,L,Philadelphia Phillies,161,688,572,154,32,3,28,92,86,107,1,7,6,147,8,91,5,0,1,0,109,0,0,0,42,12,33.0,688.0,21.4,15.6,0.269,0.483,0.381,0.214,0.311,0.271,0.48,0.375,0.38,0.384,0.209,0.424,0.431,-0.002,0.003,-0.005,89.9,12.6,37.6,10.2,43.0,101.124989256,94.788488907,73.0,32.5,49.7,80.6,30.9,49.9,39.5,43.6,26.1,25.9,4.4,7.3,74.1,11.2,20.3,45.4,12.0,43.4,33.0,27.2,4.47,38.0,48.0,68.0,433.0,79.5,62.3,bryce harper,PHI,Bryce Harper,PHI,"1B,RF,DH",37.6,30.0,43.0,35.0,734.0,33.7,4.559006211180124,1.066860465116279,18,1B/OF,1B/OF,False,30.0,648.0,4.495412844036697,86.0,0.06359336714342678,12.0,False,False,1,False,92.15559211226571,33.02008999582969,2.981043671543489,26.85527422036111,93.81752016438892,87.1958691828307,736.5853893472197,1.070618298469796,-2.5853893472196887,-0.0037578333535170927,473.0,261.0,"{'C': 415, 'SS': 586, '2B': 586, '3B': 569, '1B': 598, 'OF': 519, 'UT': 473}",1.066860465116279,0.6119186046511628,3.297013968406209,79.62264150943396,89.43396226415095,89.43396226415095,-9.811320754716988,-9.811320754716988,6.104651162790698,24.41860465116279,93.31395348837209,0.0050000000000000044,1.333889816360601,6,3470,-0.26702935124432203,1.333889816360601,5,True,-0.26702935124432203,0.5,-2.1000000000000014,0.0,0.0,0.0,34.0,0.0,,17.099999999999998,2026-03-26,2026-09-12,149.0,150.0,150.0,0.0,630.0,0.993,0.0,0.0,0.15,,established,35.6,0.6,1.414,"688 PA, already has the job · avg EV 89.9 (74th pct) · deserved 1.07/PA on contact quality, got 1.07",xwOBA 0.380 (98th) · barrels 10.2% (73rd) · EV 89.9 (72nd) · hard-hit 43% (73rd) · K 21% (57th) · BB 16% (98th) · chase 32% (37th) · bat speed 74.1 mph (79th) · sprint 27.2 (42nd),"{""n"":20,""b"":0,""c"":[[""Freddie Freeman"",2024,35,1.08,1.11,695,0],[""Teoscar Hern\u00e1ndez"",2025,33,1.04,1.03,504,0],[""Nick Castellanos"",2024,32,0.99,0.94,556,0],[""Freddie Freeman"",2025,36,1.11,1.0,651,0],[""Christian Yelich"",2025,34,1.12,0.97,482,0]]}",1.0082896961023942,1.0828368562800945,-0.059832570521558714,1.0082896961023942,574.0,0.937,579.0,605.0,48,89,BAMBI,established,1.333889816360601,-0.26702935124432203,True
553869,Elias Díaz,2026,1990-11-17,C,R,multi,86,236,217,50,13,0,7,20,34,9,2,0,0,58,4,30,6,12,0,75,0,0,0,0,0,9,35.0,236.0,24.6,3.8,0.23,0.387,0.263,0.157,0.276,0.214,0.347,0.279,0.264,0.25,0.133,0.353,0.331,0.016,0.04,0.015,88.4,15.7,32.3,9.0,40.1,100.807890123,94.525936522,72.7,37.9,54.9,81.0,28.3,54.9,37.7,36.5,26.3,25.1,12.0,7.0,75.0,10.9,17.6,50.6,8.5,55.4,-9.0,24.4,4.91,12.0,13.0,25.0,167.0,76.3,61.3,elias diaz,multi,Elias Diaz,TEX,"C,DH",609.5,283.0,739.0,,217.0,35.6,2.5232558139534884,0.9194915254237288,324,C,C,False,283.0,171.72,2.744186046511628,45.28,-0.22093023255813948,-41.0,False,False,270,False,30.388952276645117,9.39098067581799,0.504181818428676,6.1538852291082184,20.25540745956582,26.885435457369372,197.8778429169352,0.8384654360887085,19.122157083064792,0.08102608933502031,415.0,-198.0,"{'C': 415, 'SS': 586, '2B': 586, '3B': 569, '1B': 598, 'OF': 519, 'UT': 473}",0.9194915254237288,0.3771186440677966,-8.21386659745863,,,,,,0.0,17.796610169491526,22.88135593220339,-0.015000000000000013,1.0673854447439353,6,2148,-0.14789391932020646,1.0673854447439353,5,False,-0.14789391932020646,-1.2999999999999972,1.4000000000000004,2.200000000000003,0.0,0.0,16.0,0.0,,4.8,2026-04-19,2026-09-12,80.0,114.0,114.0,0.0,282.0,0.702,23.0,1.0,0.15,,established,31.8,0.2,1.147,"0.92/PA this year against 1.07 at his best, two steps to clear · only 236 PA, and a breakout needs 350 next year · got 0.92/PA but deserved 0.84 · bat speed up 2.2 mph",xwOBA 0.264 (10th) · barrels 9.0% (65th) · EV 88.4 (47th) · hard-hit 40% (58th) · K 25% (36th) · BB 4% (5th) · chase 38% (13th) · bat speed 75.0 mph (88th) · sprint 24.4 (1st),"{""n"":20,""b"":0,""c"":[[""Miguel Rojas"",2025,36,0.91,0.85,212,0],[""Christian V\u00e1zquez"",2024,34,0.81,0.84,180,0],[""Kyle Farmer"",2025,35,0.79,0.82,14,0],[""Mark Canha"",2024,35,0.87,0.63,79,0],[""Hunter Renfroe"",2024,32,0.92,0.56,60,0]]}",0.8540955282375434,0.9011935042066131,-0.07167096491800606,0.8540955282375434,200.0,0.946,171.0,512.0,445,419,FA,established,1.0673854447439353,-0.14789391932020646,False
553993,Eugenio Suárez,2026,1991-07-18,DH,R,Cincinnati Reds,125,498,434,92,18,0,26,50,74,52,9,1,1,169,3,48,4,0,0,0,0,0,50,0,0,74,34.0,498.0,33.9,10.4,0.212,0.433,0.307,0.221,0.273,0.201,0.379,0.324,0.303,0.299,0.178,0.443,0.406,0.011,0.054,0.021,88.5,21.2,37.3,12.5,36.2,99.429068636,93.792559886,65.9,28.5,39.6,79.3,33.8,46.0,47.0,33.6,32.5,23.5,10.4,7.8,72.3,7.8,17.5,22.9,18.0,50.2,6.0,26.2,4.75,36.0,17.0,39.0,268.0,75.5,66.4,eugenio suarez,CIN,Eugenio Suarez,CIN,"3B,DH",84.6,58.0,97.0,62.0,464.0,35.0,3.712,0.9317269076305221,149,3B,3B,False,58.0,563.0,4.292903702788284,-99.0,-0.5809037027882842,-91.0,False,False,121,True,49.039504714801105,18.237213495069064,0.8570588654585923,19.10022292467125,54.77195763397268,59.46895636581987,425.9609139997925,0.8553432008027962,38.039086000207476,0.07638370682772588,473.0,-9.0,"{'C': 415, 'SS': 586, '2B': 586, '3B': 569, '1B': 598, 'OF': 519, 'UT': 473}",0.9317269076305221,0.39357429718875503,-2.854694224084329,33.58490566037736,12.830188679245284,43.77358490566038,20.754716981132077,-10.18867924528302,1.2048192771084336,31.325301204819276,62.65060240963855,-0.02100000000000002,1.0791476407914764,6,3692,-0.14742073316095428,1.0791476407914764,5,True,-0.14742073316095428,4.099999999999998,-1.8000000000000007,0.0,27.0,1.0,27.0,0.0,,27.0,2026-03-26,2026-09-12,114.0,151.0,126.0,25.0,538.0,0.905,0.0,0.0,0.15,,established,30.9,0.1,1.159,"498 PA, already has the job · 0.93/PA this year against 1.08 at his best, two steps to clear · sprint 26.2 ft/s (20th pct)",xwOBA 0.303 (45th) · barrels 12.5% (87th) · EV 88.5 (48th) · hard-hit 36% (38th) · K 34% (3rd) · BB 10% (71st) · chase 28% (63rd) · bat speed 72.3 mph (55th) · sprint 26.2 (19th),"{""n"":20,""b"":0,""c"":[[""Christian Walker"",2025,34,0.93,0.92,578,0],[""Teoscar Hern\u00e1ndez"",2025,33,1.04,1.03,504,0],[""Jorge Soler"",2025,33,0.85,0.86,310,0],[""Mike Yastrzemski"",2024,34,0.97,0.96,533,0],[""Adolis Garc\u00eda"",2025,32,0.97,0.78,201,0]]}",0.8464764573656622,1.0026747832503227,-0.06282389232984148,0.8464764573656622,406.0,0.929,344.0,508.0,201,430,FA,established,1.0791476407914764,-0.14742073316095428,True
571448,Nolan Arenado,2026,1991-04-16,3B,R,Arizona Diamondbacks,151,596,530,135,24,1,30,79,86,52,10,4,0,120,3,80,8,0,0,0,0,0,144,0,0,8,35.0,596.0,20.1,8.7,0.255,0.474,0.331,0.219,0.274,0.23,0.365,0.349,0.299,0.307,0.136,0.399,0.328,0.025,0.109,0.05,85.1,18.7,33.7,7.0,31.1,96.908678454,92.466606852,63.4,31.9,63.3,83.1,24.3,46.3,49.4,37.5,27.6,21.3,13.6,8.4,71.3,7.0,22.8,14.9,12.8,59.6,22.0,25.1,4.79,43.0,35.0,57.0,413.0,67.6,59.2,nolan arenado,ARI,Nolan Arenado,ARI,"3B,DH",323.2,197.0,377.0,344.0,617.0,35.2,4.086092715231788,1.0352348993288591,68,3B,3B,False,197.0,375.06451612903226,3.180509813450934,241.93548387096774,0.9055829017808543,129.0,True,True,41,False,85.8406400286359,17.501525324095244,1.095029265901843,17.462805381367026,59.528138984357675,66.97649672932953,508.3846357136872,0.8529943552243073,108.6153642863128,0.18224054410455182,473.0,144.0,"{'C': 415, 'SS': 586, '2B': 586, '3B': 569, '1B': 598, 'OF': 519, 'UT': 473}",1.0352348993288591,0.5906040268456376,1.7936105067734576,69.81132075471697,83.39622641509435,84.15094339622642,-13.584905660377373,-14.33962264150945,4.026845637583892,30.201342281879192,52.348993288590606,-0.04999999999999999,1.1258064516129032,6,3552,-0.09057155228404401,1.1258064516129032,5,True,-0.09057155228404401,8.900000000000002,3.0,-0.10000000000000853,0.0,0.0,45.0,0.0,,27.0,2026-03-26,2026-09-12,139.0,150.0,150.0,0.0,541.0,0.927,0.0,0.0,0.15,,established,28.2,0.1,1.206,"596 PA, already has the job · 1.04/PA this year against 1.13 at his best, two steps to clear · sprint 25.1 ft/s (6th pct) · barrel rate up 3.0 pts on last year",xwOBA 0.299 (40th) · barrels 7.0% (47th) · EV 85.1 (6th) · hard-hit 31% (18th) · K 20% (65th) · BB 9% (52nd) · chase 32% (40th) · bat speed 71.3 mph (38th) · sprint 25.1 (5th),"{""n"":20,""b"":0,""c"":[[""Jose Altuve"",2025,35,1.01,0.89,508,0],[""Jose Altuve"",2024,34,1.08,1.01,661,0],[""Eugenio Su\u00e1rez"",2025,34,1.08,0.93,464,0],[""Adam Frazier"",2025,34,0.9,0.89,131,0],[""Whit Merrifield"",2023,34,1.02,0.91,304,0]]}",0.8333610719059803,0.9705180803358459,-0.06282389232984148,0.8333610719059803,428.0,0.929,357.0,500.0,187,442,FA,established,1.1258064516129032,-0.09057155228404401,True
571970,Max Muncy,2026,1990-08-25,3B,L,Los Angeles Dodgers,148,556,485,121,26,1,29,80,76,63,7,3,0,140,1,65,15,0,0,0,0,0,144,0,0,2,35.0,556.0,25.2,11.3,0.249,0.487,0.344,0.238,0.29,0.24,0.464,0.359,0.345,0.331,0.223,0.439,0.417,0.009,0.023,0.014,89.9,17.5,35.5,12.7,45.7,100.975024971,94.881893208,65.8,25.9,47.1,80.9,29.3,45.0,50.9,37.9,32.7,22.3,7.2,7.0,71.3,11.2,24.7,14.1,17.1,49.6,21.0,27.2,4.42,38.0,33.0,50.0,346.0,75.0,55.4,max muncy,LAD,Max Muncy,LAD,3B,232.0,141.0,234.0,239.0,577.0,35.8,3.8986486486486487,1.0377697841726619,94,3B,3B,False,141.0,422.61764705882354,3.705765225084571,154.38235294117646,0.19288342356407773,47.0,True,False,53,False,61.43446030120096,27.544922632984758,1.6517738304275922,25.768843235386687,71.85917119290161,72.5722795418707,549.3864507347723,0.9881051272208136,27.613549265227675,0.049664656951848296,473.0,104.0,"{'C': 415, 'SS': 586, '2B': 586, '3B': 569, '1B': 598, 'OF': 519, 'UT': 473}",1.0377697841726619,0.5719424460431655,0.8846309073459577,70.56603773584905,78.11320754716982,79.62264150943396,-7.547169811320771,-9.05660377358491,3.2374100719424463,31.29496402877698,67.98561151079137,-0.014000000000000012,1.135135135135135,6,2973,-0.09736535096247323,1.135135135135135,5,True,-0.09736535096247323,3.8000000000000007,-0.9000000000000004,0.20000000000000284,0.0,0.0,150.0,0.0,,61.8,2026-03-26,2026-09-12,136.0,149.0,149.0,0.0,512.0,0.913,0.0,0.0,0.15,,established,33.1,0.4,1.215,"556 PA, already has the job · avg EV 89.9 (74th pct) · sprint 27.2 ft/s (43rd pct)",xwOBA 0.345 (88th) · barrels 12.7% (89th) · EV 89.9 (72nd) · hard-hit 46% (83rd) · K 25% (33rd) · BB 11% (82nd) · chase 26% (78th) · bat speed 71.3 mph (38th) · sprint 27.2 (42nd),"{""n"":20,""b"":0,""c"":[[""Christian Walker"",2024,33,1.03,0.93,596,0],[""Christian Walker"",2025,34,0.93,0.92,578,0],[""Freddie Freeman"",2025,36,1.11,1.0,651,0],[""Mike Yastrzemski"",2025,35,0.96,0.9,365,0],[""Eugenio Su\u00e1rez"",2024,33,1.03,1.08,709,0]]}",0.9457463190698036,1.0455115775065584,-0.07167096491800606,0.9457463190698036,392.0,0.903,371.0,567.0,172,220,Dpf,established,1.135135135135135,-0.09736535096247323,True
572233,Christian Walker,2026,1991-03-28,1B,R,Houston Astros,155,630,568,127,26,1,28,70,86,49,10,0,0,147,3,72,3,0,0,0,153,0,0,0,0,2,35.0,630.0,23.3,7.8,0.224,0.421,0.295,0.197,0.25,0.227,0.394,0.312,0.303,0.296,0.168,0.368,0.355,-0.003,0.027,0.009,89.1,14.7,31.8,9.4,40.8,101.073666934,94.712385708,73.1,31.6,46.5,83.5,29.1,50.5,41.3,42.7,28.1,21.5,7.8,7.4,74.3,11.8,20.4,43.6,7.7,47.5,3.0,25.9,4.69,28.0,45.0,54.0,424.0,80.6,57.9,christian walker,HOU,Christian Walker,HOU,1B,195.2,115.0,196.0,154.0,578.0,35.3,3.729032258064516,0.9174603174603174,93,1B,1B,False,115.0,556.8852459016393,4.003049236131642,21.114754098360663,-0.274016978067126,22.0,False,False,53,False,80.17119102096399,24.69478306406873,1.4808608089706303,22.58916510599667,67.64267148342742,75.12259490449422,552.0612663879217,0.8762877244252726,25.938733612078295,0.041172593035044835,473.0,105.0,"{'C': 415, 'SS': 586, '2B': 586, '3B': 569, '1B': 598, 'OF': 519, 'UT': 473}",0.9174603174603174,0.4714285714285714,-0.7400464803124254,26.41509433962264,36.60377358490566,60.37735849056604,-10.18867924528302,-33.9622641509434,0.0,26.666666666666668,46.666666666666664,-0.009000000000000008,1.1028744326777609,6,3595,-0.18541411521744344,1.1028744326777609,5,True,-0.18541411521744344,-4.399999999999999,-3.5,0.20000000000000284,0.0,0.0,35.0,0.0,,10.5,2026-03-26,2026-09-12,144.0,150.0,150.0,0.0,583.0,0.96,0.0,0.0,0.15,,established,33.4,0.2,1.183,"630 PA, already has the job · avg EV 89.1 (59th pct) · got 0.92/PA but deserved 0.88",xwOBA 0.303 (45th) · barrels 9.4% (67th) · EV 89.1 (57th) · hard-hit 41% (60th) · K 23% (47th) · BB 8% (39th) · chase 32% (42nd) · bat speed 74.3 mph (82nd) · sprint 25.9 (14th),"{""n"":20,""b"":0,""c"":[[""Marcus Semien"",2025,35,0.92,0.82,446,0],[""Jos\u00e9 Abreu"",2023,36,0.89,0.47,56,0],[""Teoscar Hern\u00e1ndez"",2025,33,1.04,1.03,504,0],[""Nick Castellanos"",2025,33,0.94,0.83,101,0],[""Adolis Garc\u00eda"",2025,32,0.97,0.78,201,0]]}",0.8774556165959914,0.9378602916242794,-0.06282389232984148,0.8774556165959914,413.0,0.942,362.0,526.0,184,382,FA,established,1.1028744326777609,-0.18541411521744344,True
573262,Mike Yastrzemski,2026,1990-08-23,OF,L,Atlanta Braves,138,404,357,81,18,1,12,51,41,41,4,1,0,97,2,50,3,0,5,0,0,0,0,0,133,3,35.0,404.0,24.0,10.1,0.227,0.384,0.312,0.157,0.276,0.236,0.367,0.309,0.309,0.321,0.131,0.357,0.356,-0.009,0.017,0.0,90.3,16.1,31.7,6.5,42.7,99.599357231,94.30174695,59.3,26.2,59.8,84.8,23.1,42.4,44.7,39.3,29.4,24.0,7.3,7.5,71.4,10.0,27.5,8.2,11.4,63.7,-3.0,27.1,4.41,21.0,26.0,34.0,262.0,63.4,58.2,mike yastrzemski,ATL,Mike Yastrzemski,ATL,"LF,CF,RF",361.8,221.0,409.0,361.0,365.0,35.9,2.6449275362318843,0.9034653465346535,215,OF,OF,False,221.0,338.3666666666667,3.0792137196109657,26.633333333333326,-0.4342861833790814,6.0,False,False,204,False,58.68996485773552,14.440228704688069,1.0386480174172856,10.083158420159121,45.692619137305655,42.67121046965301,358.6348296069587,0.8877099742746503,6.365170393041296,0.01575537226000323,473.0,-108.0,"{'C': 415, 'SS': 586, '2B': 586, '3B': 569, '1B': 598, 'OF': 519, 'UT': 473}",0.9034653465346535,0.4306930693069307,-5.594771722415148,21.50943396226415,24.150943396226417,16.22641509433962,-2.6415094339622662,5.283018867924529,1.4851485148514851,17.82178217821782,60.8910891089109,0.0,1.018796992481203,6,2907,-0.11533164594654954,1.018796992481203,5,False,-0.11533164594654954,4.600000000000001,-2.0,0.30000000000001137,10.0,1.0,20.0,0.0,Left elbow inflammation,13.0,2026-03-28,2026-09-11,126.0,152.0,145.0,7.0,377.0,0.869,1.0,0.0,0.15,,established,30.6,0.2,1.099,"avg EV 90.3 (80th pct) · 404 PA, already has the job · sprint 27.1 ft/s (40th pct)",xwOBA 0.309 (51st) · barrels 6.5% (42nd) · EV 90.3 (77th) · hard-hit 43% (71st) · K 24% (41st) · BB 10% (67th) · chase 26% (76th) · bat speed 71.4 mph (40th) · sprint 27.1 (39th),"{""n"":20,""b"":0,""c"":[[""Mark Canha"",2024,35,0.87,0.63,79,0],[""Tommy Pham"",2025,37,0.92,0.71,22,0],[""Jos\u00e9 Abreu"",2023,36,0.89,0.47,56,0],[""DJ LeMahieu"",2023,35,0.85,0.68,155,0],[""Miguel Rojas"",2025,36,0.91,0.85,212,0]]}",0.8903339442688905,0.9346197502837685,-0.07167096491800606,0.8903339442688905,270.0,0.94,240.0,534.0,309,358,FA,established,1.018796992481203,-0.11533164594654954,False
575929,Willson Contreras,2026,1992-05-13,1B,R,Boston Red Sox,129,533,446,123,21,3,27,68,81,59,24,3,3,134,3,72,5,0,0,0,128,0,0,0,0,1,34.0,533.0,25.1,11.1,0.276,0.518,0.387,0.242,0.333,0.256,0.486,0.393,0.377,0.371,0.23,0.479,0.452,0.02,0.032,0.016,89.8,18.0,32.3,13.4,44.0,102.418738599,95.490996422,67.5,34.1,49.2,82.4,30.6,48.8,49.7,38.0,28.5,22.5,11.1,7.9,77.0,11.5,18.3,71.1,11.2,49.9,40.0,27.3,4.6,35.0,34.0,52.0,316.0,70.0,61.3,willson contreras,BOS,Willson Contreras,BOS,1B,181.0,108.0,174.0,159.0,590.0,34.1,4.573643410852713,1.1069418386491556,86,1B,1B,False,108.0,556.8852459016393,4.003049236131642,33.11475409836066,0.5705941747210712,22.0,False,False,53,False,62.85723627717385,24.310743288989684,2.7548045904991088,24.253215843337365,73.20929120429386,70.26757670298453,561.4088679072784,1.0532999397885148,28.591132092721637,0.05364189886064086,473.0,117.0,"{'C': 415, 'SS': 586, '2B': 586, '3B': 569, '1B': 598, 'OF': 519, 'UT': 473}",1.1069418386491556,0.5778611632270169,1.1188893194294585,87.9245283018868,80.0,81.13207547169812,7.924528301886795,6.7924528301886795,3.377110694183865,30.393996247654783,66.41651031894935,-0.016000000000000014,1.1069418386491556,6,2919,0.0,1.094972067039106,5,False,0.011969771610049529,-0.09999999999999787,-0.5,1.0,13.0,1.0,71.0,0.0,Left hamstring strain,33.7,2026-03-26,2026-08-30,125.0,147.0,140.0,7.0,550.0,0.893,0.0,0.0,0.15,,established,37.1,0.9,1.187,"533 PA, already has the job · 1.11/PA is his best rate yet, so the bar is one step up · avg EV 89.8 (72nd pct) · bat speed up 1.0 mph",xwOBA 0.377 (97th) · barrels 13.4% (92nd) · EV 89.8 (70th) · hard-hit 44% (77th) · K 25% (34th) · BB 11% (80th) · chase 34% (29th) · bat speed 77.0 mph (97th) · sprint 27.3 (45th),"{""n"":20,""b"":0,""c"":[[""Christian Walker"",2024,33,1.03,0.93,596,0],[""Eugenio Su\u00e1rez"",2024,33,1.03,1.08,709,0],[""Max Muncy"",2025,35,1.05,1.04,577,0],[""Jorge Polanco"",2025,32,1.07,0.5,73,0],[""Max Muncy"",2023,33,1.05,1.07,314,0]]}",1.0235015318778982,1.0717644653445104,-0.059832570521558714,1.0235015318778982,443.0,0.924,453.0,614.0,109,65,LTTA,established,1.094972067039106,0.011969771610049529,False
592206,Nick Castellanos,2026,1992-03-04,OF,R,San Diego Padres,39,122,115,22,5,0,4,9,20,5,0,2,0,34,2,13,0,0,0,0,3,0,0,0,23,7,34.0,122.0,27.9,4.1,0.191,0.339,0.221,0.148,0.228,0.244,0.4,0.239,0.285,0.265,0.156,0.314,0.382,-0.053,-0.061,-0.046,87.7,13.0,42.2,8.4,37.3,98.254014286,93.44007,77.9,40.2,50.9,76.5,33.5,57.0,55.4,32.5,37.3,28.9,1.2,7.7,69.7,8.4,22.3,10.1,15.5,45.7,-5.0,27.2,4.46,6.0,1.0,15.0,83.0,78.1,62.8,nick castellanos,SD,Nick Castellanos,,,310.4,190.0,356.0,281.0,101.0,34.3,2.58974358974359,0.8278688524590164,438,OF,OF,False,190.0,375.06451612903226,3.180509813450934,-274.06451612903226,-0.5907662237073441,-248.0,False,False,339,True,18.389159154843696,5.350255109646785,0.3720123161753349,3.948573419334182,13.474339219091746,13.953851293948292,112.48819051304004,0.9220343484675413,-11.488190513040038,-0.09416549600852486,473.0,-372.0,"{'C': 415, 'SS': 586, '2B': 586, '3B': 569, '1B': 598, 'OF': 519, 'UT': 473}",0.8278688524590164,0.3360655737704918,-9.992511853531862,,,,,,9.836065573770492,19.672131147540984,24.59016393442623,0.045999999999999985,,5,3184,,1.2547008547008547,5,True,-0.42683200224183826,5.299999999999997,0.8000000000000007,-0.7999999999999972,0.0,0.0,0.0,0.0,,0.0,2026-03-26,2026-05-31,39.0,64.0,64.0,0.0,284.0,0.609,0.0,0.0,0.15,,established,27.2,0.2,0.908,"deserved 0.92/PA on contact quality, got 0.83 · sprint 27.2 ft/s (43rd pct) · avg EV 87.7 (37th pct)",xwOBA 0.285 (24th) · barrels 8.4% (60th) · EV 87.7 (35th) · hard-hit 37% (43rd) · K 28% (19th) · BB 4% (7th) · chase 40% (7th) · bat speed 69.7 mph (21st) · sprint 27.2 (42nd),"{""n"":20,""b"":0,""c"":[[""Enrique Hern\u00e1ndez"",2025,34,0.82,0.9,85,0],[""Jorge Soler"",2025,33,0.85,0.86,310,0],[""Kyle Farmer"",2025,35,0.79,0.82,14,0],[""Kyle Farmer"",2024,34,0.85,0.79,236,0],[""Elias D\u00edaz"",2025,35,0.85,0.92,217,0]]}",0.9345333724113001,0.960805661404464,-0.059832570521558714,0.9345333724113001,220.0,0.95,206.0,561.0,367,239,FA,established,1.2547008547008547,-0.42683200224183826,True
592450,Aaron Judge,2026,1992-04-26,OF,R,New York Yankees,66,285,237,57,10,0,18,45,41,43,2,5,3,85,1,29,0,0,3,0,0,0,0,0,59,7,34.0,285.0,29.8,15.1,0.241,0.511,0.36,0.27,0.289,0.258,0.569,0.372,0.396,0.364,0.311,0.493,0.537,-0.017,-0.058,-0.024,94.0,15.0,34.0,20.9,57.5,105.082238571,97.706457908,64.0,26.4,45.8,78.0,32.8,43.3,43.1,37.9,32.7,22.9,6.5,8.1,76.1,14.0,21.5,63.9,12.3,50.6,17.0,26.7,4.84,21.0,12.0,24.0,153.0,73.8,57.4,aaron judge,NYY,Aaron Judge,NYY,"LF,CF,RF,DH",1.8,2.0,2.0,2.0,330.0,34.2,5.0,1.1578947368421053,230,OF,OF,False,2.0,651.0652173913044,4.875776397515528,-321.0652173913044,0.12422360248447184,-228.0,False,False,237,True,24.799741587651887,17.162143528696035,1.0074881796522874,18.176626703999794,41.47437982882012,44.38935351079073,347.8627333396109,1.2205709941740732,-17.862733339610884,-0.06267625733196791,473.0,-143.0,"{'C': 415, 'SS': 586, '2B': 586, '3B': 569, '1B': 598, 'OF': 519, 'UT': 473}",1.1578947368421053,0.5964912280701754,-4.388221128657252,,,,,,10.526315789473683,37.89473684210527,90.52631578947368,0.02400000000000002,1.4497126436781609,6,3455,-0.2918179068360556,1.4497126436781609,5,True,-0.2918179068360556,6.199999999999999,-3.900000000000002,-0.8000000000000114,100.0,3.0,109.0,1.0,Right rib stress fracture; Right rib stress fracture,105.4,2026-03-25,2026-09-12,63.0,152.0,66.0,86.0,623.0,0.955,0.0,0.0,0.15,,established,37.3,0.7,1.53,"avg EV 94.0 (98th pct) · deserved 1.22/PA on contact quality, got 1.16 · sprint 26.7 ft/s (29th pct)",xwOBA 0.396 (99th) · barrels 20.9% (100th) · EV 94.0 (98th) · hard-hit 58% (99th) · K 30% (14th) · BB 15% (97th) · chase 26% (74th) · bat speed 76.1 mph (94th) · sprint 26.7 (28th),"{""n"":20,""b"":0,""c"":[[""Corey Seager"",2025,31,1.05,0.93,400,0],[""Bryce Harper"",2025,33,1.09,1.07,734,0],[""Teoscar Hern\u00e1ndez"",2025,33,1.04,1.03,504,0],[""Mike Trout"",2023,32,1.08,1.21,153,0],[""Shohei Ohtani"",2025,31,1.34,1.14,700,0]]}",1.1004970039874329,1.3472775564409032,-0.059832570521558714,1.1004970039874329,574.0,0.87,632.0,660.0,30,14,MMM,established,1.4497126436781609,-0.2918179068360556,True
592518,Manny Machado,2026,1992-07-06,3B,R,San Diego Padres,157,675,587,127,22,0,30,82,90,76,1,5,4,143,10,75,3,0,0,0,0,0,138,0,0,19,33.0,675.0,21.2,11.3,0.216,0.407,0.303,0.191,0.229,0.242,0.42,0.31,0.327,0.326,0.178,0.344,0.37,-0.026,-0.013,-0.017,90.1,14.5,32.5,9.7,43.5,101.060899912,94.86682592,67.5,30.5,57.8,83.5,25.2,47.9,40.0,39.3,28.6,24.0,8.1,7.9,74.7,11.8,22.1,45.5,7.3,56.0,-1.0,25.2,4.77,34.0,26.0,66.0,455.0,83.1,62.6,manny machado,SD,Manny Machado,SD,"3B,DH",30.4,26.0,32.0,28.0,627.0,34.0,3.9936305732484074,0.9288888888888889,58,3B,3B,False,26.0,650.0,4.559006211180124,-23.0,-0.5653756379317167,-32.0,False,False,40,False,90.34439318691895,24.791694849263656,1.0594307407158345,25.858481223101556,74.30551708527064,83.55423628431477,635.4537533695855,0.9414129679549414,-8.453753369585456,-0.012524079066052574,473.0,154.0,"{'C': 415, 'SS': 586, '2B': 586, '3B': 569, '1B': 598, 'OF': 519, 'UT': 473}",0.9288888888888889,0.5170370370370371,0.5642820915996938,31.32075471698113,56.9811320754717,75.47169811320755,-25.660377358490567,-44.150943396226424,4.444444444444445,26.666666666666668,67.55555555555556,0.017000000000000015,1.1816770186335404,6,3881,-0.2527881297446515,1.1816770186335404,5,True,-0.2527881297446515,1.8999999999999986,-3.200000000000001,0.20000000000000284,0.0,0.0,0.0,0.0,,0.0,2026-03-26,2026-09-12,144.0,148.0,148.0,0.0,621.0,0.973,0.0,0.0,0.15,,established,34.7,0.4,1.262,"675 PA, already has the job · avg EV 90.1 (77th pct) · deserved 0.94/PA on contact quality, got 0.93",xwOBA 0.327 (71st) · barrels 9.7% (71st) · EV 90.1 (74th) · hard-hit 44% (75th) · K 21% (59th) · BB 11% (82nd) · chase 30% (49th) · bat speed 74.7 mph (86th) · sprint 25.2 (6th),"{""n"":20,""b"":0,""c"":[[""Christian Walker"",2025,34,0.93,0.92,578,0],[""Adolis Garc\u00eda"",2025,32,0.97,0.78,201,0],[""Marcus Semien"",2025,35,0.92,0.82,446,0],[""Marcell Ozuna"",2025,35,0.9,0.76,213,0],[""Teoscar Hern\u00e1ndez"",2025,33,1.04,1.03,504,0]]}",0.9381580259199314,0.9957637091080255,-0.059832570521558714,0.9381580259199314,509.0,0.95,478.0,563.0,88,233,CS,established,1.1816770186335404,-0.2527881297446515,True
592626,Joc Pederson,2026,1992-04-21,DH,L,Texas Rangers,136,432,374,88,12,2,26,56,53,49,5,2,0,102,3,48,1,0,0,0,9,0,0,0,3,117,34.0,432.0,23.6,11.3,0.235,0.487,0.329,0.252,0.249,0.242,0.445,0.352,0.343,0.334,0.203,0.416,0.402,-0.007,0.042,0.009,92.1,16.0,30.9,11.3,50.9,102.047397007,95.678260401,64.8,30.1,52.4,78.7,30.0,47.0,42.9,41.1,31.3,20.7,6.9,7.5,72.2,13.1,25.6,22.5,9.5,56.0,13.0,25.0,4.6,28.0,25.0,35.0,275.0,68.5,58.5,joc pederson,TEX,,,,,,,,438.0,34.2,3.2205882352941178,1.0138888888888888,171,1B,UT,True,339.0,171.72,2.3941801142166454,266.28,0.8264081210774723,168.0,False,False,132,False,54.33270106293838,15.423588705926974,1.75671939933089,18.99499083180375,49.09348597264264,56.56654723747565,421.5980332101183,0.9759213731715701,16.401966789881726,0.03796751571731871,473.0,-35.0,"{'C': 415, 'SS': 586, '2B': 586, '3B': 569, '1B': 598, 'OF': 519, 'UT': 473}",1.0138888888888888,0.5555555555555556,-2.708772465451533,63.0188679245283,72.0754716981132,45.660377358490564,-9.056603773584904,17.358490566037737,2.7777777777777777,36.11111111111111,68.05555555555556,-0.008999999999999952,1.135857461024499,6,2526,-0.12196857213561008,1.135857461024499,5,False,-0.12196857213561008,2.400000000000002,1.8000000000000007,-1.0999999999999943,5.0,1.0,107.0,0.0,,66.19999999999999,2026-03-26,2026-09-12,136.0,149.0,149.0,0.0,432.0,0.913,0.0,0.0,0.15,,established,34.4,0.4,1.216,"avg EV 92.1 (93rd pct) · 432 PA, already has the job · 1.01/PA this year against 1.14 at his best, two steps to clear",xwOBA 0.343 (86th) · barrels 11.3% (81st) · EV 92.1 (93rd) · hard-hit 51% (95th) · K 24% (44th) · BB 11% (82nd) · chase 30% (52nd) · bat speed 72.2 mph (53rd) · sprint 25.0 (4th),"{""n"":20,""b"":0,""c"":[[""Christian Walker"",2024,33,1.03,0.93,596,0],[""Max Muncy"",2025,35,1.05,1.04,577,0],[""Manny Machado"",2024,32,1.08,1.06,722,0],[""Christian Walker"",2025,34,0.93,0.92,578,0],[""Willson Contreras"",2025,33,1.01,1.11,590,0]]}",0.8681499300576773,0.9748100759696122,-0.059832570521558714,0.8681499300576773,275.0,0.9,239.0,521.0,312,396,FA,established,1.135857461024499,-0.12196857213561008,False
592663,J.T. Realmuto,2026,1991-03-18,C,R,Philadelphia Phillies,122,463,410,84,18,0,11,51,50,37,10,3,0,99,6,55,8,21,0,122,0,0,0,0,0,0,35.0,463.0,21.4,8.0,0.205,0.329,0.283,0.124,0.239,0.249,0.386,0.275,0.317,0.325,0.137,0.297,0.359,-0.044,-0.057,-0.042,89.6,11.9,35.6,5.4,39.7,99.511479554,94.148765255,64.9,29.8,59.0,84.2,24.1,46.7,42.3,42.6,26.8,25.9,4.7,7.4,73.1,10.0,26.3,32.3,12.1,55.5,-16.0,28.1,4.44,18.0,21.0,45.0,317.0,76.8,59.8,jt realmuto,PHI,J.T. Realmuto,PHI,C,233.2,144.0,202.0,252.0,410.0,35.3,3.360655737704918,0.8855291576673866,191,C,C,False,144.0,422.61764705882354,3.705765225084571,-12.617647058823536,-0.34510948737965297,-47.0,False,False,170,False,71.0588362307341,18.037899604863465,0.8476920980708039,12.145572066331642,56.192354724745755,48.779054826053105,455.3214095507989,0.9834155713840148,-45.321409550798876,-0.0978864137166282,415.0,-5.0,"{'C': 415, 'SS': 586, '2B': 586, '3B': 569, '1B': 598, 'OF': 519, 'UT': 473}",0.8855291576673866,0.38228941684665224,-5.817515280038073,15.09433962264151,10.943396226415095,14.716981132075471,4.150943396226415,0.37735849056603854,3.8876889848812093,14.254859611231103,47.94816414686825,0.04199999999999998,1.2562277580071175,6,3065,-0.3706986003397309,1.2562277580071175,5,True,-0.3706986003397309,-2.1000000000000014,-3.4000000000000004,1.0999999999999943,10.0,1.0,49.0,0.0,Back spasms,21.7,2026-03-26,2026-09-12,111.0,150.0,139.0,11.0,450.0,0.799,0.0,0.0,0.15,,established,32.4,0.4,1.336,"deserved 0.98/PA on contact quality, got 0.89 · 463 PA, already has the job · avg EV 89.6 (68th pct) · bat speed up 1.1 mph",xwOBA 0.317 (62nd) · barrels 5.4% (32nd) · EV 89.6 (66th) · hard-hit 40% (56th) · K 21% (57th) · BB 8% (42nd) · chase 30% (53rd) · bat speed 73.1 mph (67th) · sprint 28.1 (67th),"{""n"":20,""b"":1,""c"":[[""Paul Goldschmidt"",2025,38,0.94,0.98,374,0],[""Marcus Semien"",2025,35,0.92,0.82,446,0],[""Paul Goldschmidt"",2024,37,0.93,0.94,502,0],[""Tommy Pham"",2025,37,0.92,0.71,22,0],[""Tommy Pham"",2024,36,0.88,0.92,412,0]]}",0.9549238868327657,0.9484131312029664,-0.06282389232984148,0.9549238868327657,310.0,0.934,296.0,573.0,249,187,Dpf,established,1.2562277580071175,-0.3706986003397309,True
592885,Christian Yelich,2026,1991-12-05,DH,L,Milwaukee Brewers,117,496,438,103,23,2,12,69,58,49,4,11,1,133,4,66,0,0,0,0,0,0,0,0,2,111,34.0,496.0,26.8,9.9,0.235,0.379,0.315,0.144,0.306,0.231,0.388,0.305,0.31,0.309,0.157,0.374,0.381,0.004,-0.009,-0.005,89.0,3.8,29.4,9.7,43.2,100.430161176,94.577783246,68.0,24.5,46.4,79.8,29.6,45.4,34.8,55.8,20.0,21.9,2.3,7.6,73.2,10.0,21.3,31.0,11.7,45.7,-5.0,27.4,4.46,21.0,40.0,41.0,310.0,78.3,57.2,christian yelich,MIL,Christian Yelich,MIL,"LF,DH",89.6,61.0,112.0,83.0,482.0,34.6,4.119658119658119,0.9717741935483871,140,OF,UT,False,61.0,556.8852459016393,4.064516129032258,-74.88524590163934,0.055141990625861226,-79.0,False,False,120,False,62.499696704667855,22.658731028792758,1.9514478284109438,14.068124438128454,58.3738918912838,55.33639295527825,470.83228484656206,0.9492586388035525,11.167715153437939,0.022515554744834576,473.0,9.0,"{'C': 415, 'SS': 586, '2B': 586, '3B': 569, '1B': 598, 'OF': 519, 'UT': 473}",0.9717741935483871,0.4435483870967742,-2.453053767199253,49.81132075471698,26.037735849056602,47.924528301886795,23.77358490566038,1.8867924528301856,13.306451612903226,14.516129032258064,59.274193548387096,0.0050000000000000044,1.3238095238095238,6,3233,-0.35203533026113665,1.3238095238095238,5,True,-0.35203533026113665,0.9000000000000021,-0.6000000000000014,-0.09999999999999432,28.0,1.0,117.0,0.0,,54.7,2026-03-26,2026-09-12,108.0,152.0,127.0,25.0,540.0,0.85,0.0,0.0,0.15,,established,32.7,0.3,1.404,"496 PA, already has the job · avg EV 89.0 (58th pct) · got 0.97/PA but deserved 0.95",xwOBA 0.310 (53rd) · barrels 9.7% (71st) · EV 89.0 (56th) · hard-hit 43% (73rd) · K 27% (24th) · BB 10% (66th) · chase 24% (85th) · bat speed 73.2 mph (68th) · sprint 27.4 (48th),"{""n"":20,""b"":1,""c"":[[""Nick Castellanos"",2025,33,0.94,0.83,101,0],[""J.T. Realmuto"",2025,34,1.01,0.89,410,0],[""Teoscar Hern\u00e1ndez"",2025,33,1.04,1.03,504,0],[""Marcus Semien"",2025,35,0.92,0.82,446,0],[""Starling Marte"",2025,37,0.98,0.86,145,0]]}",0.9259181681344472,1.063670795373119,-0.06282389232984148,0.9259181681344472,411.0,0.908,381.0,556.0,162,263,LTTA,established,1.3238095238095238,-0.35203533026113665,True
593428,Xander Bogaerts,2026,1992-10-01,SS,R,San Diego Padres,153,606,520,120,18,1,13,68,57,77,4,22,1,109,5,88,11,0,0,0,0,0,0,151,0,2,33.0,606.0,18.0,12.7,0.231,0.344,0.332,0.113,0.266,0.248,0.376,0.306,0.325,0.347,0.127,0.311,0.339,-0.017,-0.032,-0.019,89.6,6.7,27.9,5.5,42.3,100.312911827,94.537029735,61.1,22.8,55.4,85.3,23.1,41.5,44.0,52.2,23.3,20.4,4.1,7.3,72.3,12.3,29.2,28.6,9.8,51.6,-5.0,27.1,4.48,20.0,52.0,48.0,416.0,76.3,58.5,xander bogaerts,SD,Xander Bogaerts,SD,SS,249.6,154.0,226.0,295.0,560.0,33.7,3.6601307189542482,0.9240924092409241,106,SS,SS,False,154.0,422.61764705882354,3.705765225084571,137.38235294117646,-0.045634506130322716,48.0,True,False,59,False,93.1815809327878,19.930841845175447,1.43357351128575,14.414003710751018,71.79199474063924,63.07362329246284,594.825618033102,0.981560425797198,-34.825618033102046,-0.05746801655627398,473.0,87.0,"{'C': 415, 'SS': 586, '2B': 586, '3B': 569, '1B': 598, 'OF': 519, 'UT': 473}",0.9240924092409241,0.48514851485148514,-1.7121718810097026,29.433962264150942,44.15094339622642,54.71698113207547,-14.716981132075475,-25.283018867924525,21.782178217821784,12.87128712871287,76.23762376237624,0.019000000000000017,1.0928689883913765,6,3520,-0.1687765791504524,1.0928689883913765,5,True,-0.1687765791504524,1.0,-1.4000000000000004,0.20000000000000284,0.0,0.0,76.0,0.0,,30.299999999999997,2026-03-26,2026-09-12,141.0,148.0,148.0,0.0,564.0,0.953,0.0,0.0,0.15,,established,32.7,1.2,1.173,"606 PA, already has the job · deserved 0.98/PA on contact quality, got 0.92 · avg EV 89.6 (68th pct)",xwOBA 0.325 (68th) · barrels 5.5% (33rd) · EV 89.6 (66th) · hard-hit 42% (69th) · K 18% (77th) · BB 13% (90th) · chase 23% (90th) · bat speed 72.3 mph (55th) · sprint 27.1 (39th),"{""n"":20,""b"":1,""c"":[[""Marcus Semien"",2025,35,0.92,0.82,446,0],[""Marcus Semien"",2024,34,0.93,0.92,489,0],[""Mike Yastrzemski"",2025,35,0.96,0.9,365,0],[""Ty France"",2025,31,0.86,1.06,525,0],[""Adolis Garc\u00eda"",2025,32,0.97,0.78,201,0]]}",0.9555228871161797,0.9416411114208718,-0.059832570521558714,0.9555228871161797,398.0,0.927,380.0,573.0,166,187,FA,established,1.0928689883913765,-0.1687765791504524,True
593871,Jorge Polanco,2026,1993-07-05,DH,S,New York Mets,37,145,135,20,5,0,2,7,6,9,0,0,0,36,0,13,0,0,0,0,2,0,0,0,0,34,32.0,145.0,24.8,6.2,0.148,0.23,0.201,0.082,0.186,0.189,0.284,0.196,0.234,0.239,0.096,0.222,0.277,-0.041,-0.054,-0.038,86.0,14.3,31.0,4.0,31.0,97.0668138,92.589206263,61.9,30.1,58.9,85.4,24.0,45.0,47.0,40.0,24.0,25.0,11.0,7.2,69.5,8.4,26.7,3.1,7.1,52.0,-15.0,26.1,4.36,2.0,5.0,12.0,100.0,61.5,56.6,jorge polanco,NYM,Jorge Polanco,NYM,"2B,3B,DH",201.0,118.0,209.0,186.0,73.0,33.0,1.972972972972973,0.503448275862069,478,1B/2B,UT,False,118.0,556.8852459016393,3.729032258064516,-483.88524590163934,-1.756059285091543,-360.0,False,False,339,True,18.34027188369152,4.13822332950934,0.2877376899067546,2.748767096892384,12.725430328888802,14.239059792583804,99.9544901214726,0.6893413111825697,-26.954490121472602,-0.18589303532050072,473.0,-400.0,"{'C': 415, 'SS': 586, '2B': 586, '3B': 569, '1B': 598, 'OF': 519, 'UT': 473}",0.503448275862069,0.11724137931034483,-11.880696997882895,,,,,,0.0,8.275862068965518,37.241379310344826,0.038000000000000006,,5,2570,,1.110248447204969,5,True,-0.6068001713429,9.200000000000001,-6.300000000000001,-1.7000000000000028,119.0,2.0,147.0,1.0,Left ankle bursitis,127.4,2026-03-26,2026-08-17,37.0,135.0,56.0,79.0,386.0,0.661,0.0,0.0,0.15,,established,25.2,0.2,0.583,"deserved 0.69/PA on contact quality, got 0.50 · sprint 26.1 ft/s (18th pct) · avg EV 86.0 (14th pct)",xwOBA 0.234 (1st) · barrels 4.0% (20th) · EV 86.0 (13th) · hard-hit 31% (18th) · K 25% (34th) · BB 6% (24th) · chase 30% (52nd) · bat speed 69.5 mph (19th) · sprint 26.1 (17th),"{""n"":20,""b"":0,""c"":[[""Jonah Bride"",2025,30,0.51,0.5,3,0],[""Ehire Adrianza"",2022,33,0.6,0.0,0,0],[""Jeimer Candelario"",2025,32,0.52,0.5,10,0],[""Connor Wong"",2025,29,0.7,0.9,213,0],[""Austin Hedges"",2023,31,0.63,0.71,104,0]]}",0.8477192166249262,0.9927488464073831,-0.04373459214881747,0.8477192166249262,233.0,0.853,198.0,509.0,388,428,FA,established,1.110248447204969,-0.6068001713429,True
595879,Javier Báez,2026,1992-12-01,SS,R,Detroit Tigers,58,196,187,45,12,1,3,25,20,6,2,1,2,41,1,29,6,0,0,0,0,12,0,35,26,0,33.0,196.0,20.9,3.1,0.241,0.364,0.27,0.123,0.292,0.242,0.325,0.277,0.266,0.275,0.083,0.331,0.317,-0.001,0.039,0.011,85.6,7.4,34.0,2.7,34.7,97.80478,92.902593904,65.3,47.4,59.6,80.2,30.0,55.0,43.5,51.0,19.7,21.1,8.2,8.6,73.3,10.2,22.1,32.0,8.9,52.9,-8.0,27.0,4.52,8.0,14.0,22.0,147.0,70.5,66.3,javier baez,DET,Javier Baez,DET,"2B,3B,SS,LF,CF",344.6,209.0,445.0,446.0,163.0,33.6,2.810344827586207,0.8316326530612245,369,2B/3B/SS/OF,SS/OF,False,209.0,338.3666666666667,3.1496598639455784,-175.36666666666667,-0.33931503635937155,-160.0,False,False,339,True,36.28398942663388,5.463465712656518,0.4621002947853062,3.0444445659242905,19.429636167776227,18.539000128262586,148.99763629603882,0.7601920219185654,14.00236370396118,0.07144063114265908,473.0,-310.0,"{'C': 415, 'SS': 586, '2B': 586, '3B': 569, '1B': 598, 'OF': 519, 'UT': 473}",0.8316326530612245,0.4030612244897959,-8.854191359168533,,,,,,3.061224489795918,9.183673469387754,18.36734693877551,-0.01100000000000001,,5,2606,,1.1316270566727604,5,True,-0.29999440361153595,-3.900000000000002,-2.8,-0.20000000000000284,90.0,1.0,154.0,0.0,Right ankle sprain,109.2,2026-03-26,2026-09-11,53.0,150.0,70.0,80.0,383.0,0.757,0.0,0.0,0.15,,established,28.8,0.1,0.912,sprint 27.0 ft/s (37th pct) · got 0.83/PA but deserved 0.76 · avg EV 85.6 (10th pct),xwOBA 0.266 (11th) · barrels 2.7% (9th) · EV 85.6 (8th) · hard-hit 35% (31st) · K 21% (60th) · BB 3% (2nd) · chase 47% (0th) · bat speed 73.3 mph (69th) · sprint 27.0 (36th),"{""n"":20,""b"":0,""c"":[[""Adam Frazier"",2025,34,0.9,0.89,131,0],[""Kyle Farmer"",2024,34,0.85,0.79,236,0],[""Elias D\u00edaz"",2024,34,0.95,0.85,240,0],[""Kyle Farmer"",2025,35,0.79,0.82,14,0],[""Gio Urshela"",2023,32,0.89,0.8,367,0]]}",0.8608792472389354,0.8744723802532575,-0.059832570521558714,0.8608792472389354,226.0,0.867,195.0,517.0,398,408,FA,established,1.1316270566727604,-0.29999440361153595,True
595978,Austin Hedges,2026,1992-08-18,C,R,Cleveland Guardians,81,245,213,53,10,0,6,25,25,25,1,1,1,44,2,37,4,3,0,77,0,0,0,0,0,0,33.0,245.0,18.0,10.2,0.249,0.38,0.328,0.131,0.285,0.226,0.317,0.316,0.283,0.308,0.091,0.338,0.292,0.023,0.063,0.033,85.8,12.5,26.9,4.6,32.6,97.504416353,92.752208176,64.4,25.5,52.1,86.2,23.8,44.4,47.4,47.4,22.9,20.0,9.7,7.2,69.1,8.2,26.9,7.6,9.3,60.9,4.0,24.5,5.0,9.0,17.0,26.0,175.0,74.1,60.8,austin hedges,CLE,Austin Hedges,CLE,C,573.5,278.0,669.0,,215.0,33.9,2.654320987654321,0.8775510204081632,326,C,C,False,278.0,215.0,2.8044687189672293,0.0,-0.15014773131290848,-48.0,False,False,279,False,37.485699656589915,6.107677656971378,0.35854571628749066,4.186076970151213,21.88380504803171,24.79089994823759,193.3337049962693,0.7891171632500787,21.66629500373071,0.0884338571580845,415.0,-200.0,"{'C': 415, 'SS': 586, '2B': 586, '3B': 569, '1B': 598, 'OF': 519, 'UT': 473}",0.8775510204081632,0.46122448979591835,-8.124061352459277,,,,,,2.4489795918367347,14.693877551020407,61.224489795918366,-0.03300000000000003,0.8775510204081632,4,1433,0.0,,3,False,0.5275510204081633,-5.899999999999999,1.1999999999999997,-2.4000000000000057,0.0,0.0,7.0,0.0,,4.2,2026-03-30,2026-09-12,73.0,149.0,149.0,0.0,228.0,0.49,4.0,0.0,0.15,,established,26.4,0.5,0.958,"0.88/PA is his best rate yet, so the bar is one step up · only 245 PA, and a breakout needs 350 next year · 1,433 career PA, a known quantity",xwOBA 0.283 (22nd) · barrels 4.6% (25th) · EV 85.8 (11th) · hard-hit 33% (23rd) · K 18% (77th) · BB 10% (68th) · chase 26% (80th) · bat speed 69.1 mph (15th) · sprint 24.5 (2nd),"{""n"":20,""b"":0,""c"":[[""Donovan Solano"",2024,36,0.95,0.78,139,0],[""Miguel Rojas"",2024,35,1.0,0.91,288,0],[""Jason Heyward"",2024,35,0.99,0.68,65,0],[""Kyle Farmer"",2023,33,0.95,0.85,205,0],[""Austin Barnes"",2024,34,0.84,0.73,32,0]]}",0.777046061519052,0.8504249291784702,-0.059832570521558714,0.777046061519052,200.0,0.947,155.0,466.0,459,459,FA,established,,0.5275510204081633,False
596019,Francisco Lindor,2026,1993-11-14,SS,S,New York Mets,104,464,414,92,12,4,20,61,48,45,5,3,2,95,0,56,11,0,0,0,0,0,0,102,0,2,32.0,464.0,20.5,9.7,0.222,0.415,0.306,0.193,0.241,0.237,0.427,0.318,0.327,0.319,0.19,0.352,0.366,-0.015,-0.012,-0.009,91.5,18.9,28.8,8.8,49.2,100.577223522,95.039232271,66.4,29.7,57.6,84.4,25.1,46.2,45.5,35.1,33.9,22.9,8.2,7.7,72.9,11.0,26.3,28.7,14.3,55.7,2.0,27.1,4.45,27.0,19.0,46.0,319.0,76.9,56.0,francisco lindor,NYM,Francisco Lindor,NYM,SS,25.0,21.0,22.0,32.0,421.0,32.6,4.048076923076923,0.9073275862068966,179,SS,SS,False,21.0,651.0652173913044,4.578038442168877,-230.06521739130437,-0.5299615190919535,-158.0,False,False,167,True,59.27304836908237,17.43348798070821,3.0078789313364642,18.403584718872953,56.568653838068286,56.58892559253718,436.0535794306054,0.9397706453245805,-15.053579430605396,-0.03244305911768397,473.0,-52.0,"{'C': 415, 'SS': 586, '2B': 586, '3B': 569, '1B': 598, 'OF': 519, 'UT': 473}",0.9073275862068966,0.5043103448275862,-3.7493329310056955,23.0188679245283,51.320754716981135,34.71698113207547,-28.301886792452834,-11.698113207547166,3.8793103448275863,25.862068965517242,58.189655172413794,0.009000000000000008,1.1886792452830188,6,3802,-0.28135165907612225,1.1886792452830188,5,True,-0.28135165907612225,2.6000000000000014,-0.09999999999999964,2.0,62.0,1.0,62.0,0.0,Left calf strain,62.0,2026-03-26,2026-09-12,91.0,152.0,93.0,59.0,644.0,0.978,0.0,0.0,0.15,,established,33.5,0.5,1.269,"avg EV 91.5 (90th pct) · 464 PA, already has the job · deserved 0.94/PA on contact quality, got 0.91 · bat speed up 2.0 mph",xwOBA 0.327 (71st) · barrels 8.8% (63rd) · EV 91.5 (90th) · hard-hit 49% (92nd) · K 20% (62nd) · BB 10% (63rd) · chase 30% (55th) · bat speed 72.9 mph (65th) · sprint 27.1 (39th),"{""n"":20,""b"":0,""c"":[[""Adolis Garc\u00eda"",2025,32,0.97,0.78,201,0],[""Bryan Reynolds"",2025,30,0.92,1.02,713,0],[""Marcus Semien"",2025,35,0.92,0.82,446,0],[""Xander Bogaerts"",2025,33,0.98,0.92,560,0],[""Teoscar Hern\u00e1ndez"",2025,33,1.04,1.03,504,0]]}",0.9831540395208459,1.052617352914677,-0.04373459214881747,0.9831540395208459,482.0,0.95,474.0,590.0,92,121,Dpf,established,1.1886792452830188,-0.28135165907612225,True
596115,Trevor Story,2026,1992-11-15,SS,R,Boston Red Sox,63,263,249,59,14,0,5,24,29,11,1,5,0,86,2,40,7,0,0,0,0,0,0,61,0,2,33.0,263.0,32.7,4.2,0.237,0.353,0.27,0.116,0.338,0.211,0.318,0.272,0.247,0.244,0.106,0.385,0.345,0.026,0.035,0.025,87.1,14.7,29.7,5.5,36.4,98.464448171,93.275765122,69.3,43.9,55.9,77.1,31.9,55.7,44.2,46.1,24.2,20.6,9.1,7.4,70.9,8.1,19.4,13.4,10.9,47.8,-10.0,27.8,4.43,11.0,23.0,25.0,165.0,72.7,66.9,trevor story,BOS,Trevor Story,BOS,SS,114.8,75.0,102.0,148.0,220.0,33.6,3.492063492063492,0.8365019011406845,322,SS,SS,False,75.0,556.8852459016393,4.003049236131642,-336.88524590163934,-0.51098574406815,-247.0,False,False,266,True,37.40511846071309,9.262077317421511,0.48348998301772045,5.3883142388476815,26.850482212271665,25.653085816779534,203.97556802905117,0.7755725020116014,16.024431970948825,0.06092939912908302,473.0,-253.0,"{'C': 415, 'SS': 586, '2B': 586, '3B': 569, '1B': 598, 'OF': 519, 'UT': 473}",0.8365019011406845,0.26996197718631176,-7.936492406489511,,,,,,11.406844106463877,11.406844106463877,25.09505703422053,-0.025000000000000022,1.1116207951070336,4,2182,-0.27511889396634914,1.1116207951070336,3,True,-0.27511889396634914,5.800000000000004,-4.4,-0.19999999999998863,106.0,1.0,260.0,0.0,,152.2,2026-03-26,2026-09-12,53.0,152.0,57.0,95.0,588.0,0.93,0.0,0.0,0.15,,established,27.0,0.1,1.192,"sprint 27.8 ft/s (59th pct) · avg EV 87.1 (27th pct) · only 263 PA, and a breakout needs 350 next year",xwOBA 0.247 (3rd) · barrels 5.5% (33rd) · EV 87.1 (25th) · hard-hit 36% (39th) · K 33% (5th) · BB 4% (7th) · chase 44% (2nd) · bat speed 70.9 mph (33rd) · sprint 27.8 (57th),"{""n"":20,""b"":0,""c"":[[""Chris Taylor"",2024,34,0.82,0.82,103,0],[""Javier B\u00e1ez"",2025,33,0.94,0.83,163,0],[""Mitch Garver"",2024,34,0.8,0.86,250,0],[""Michael A. Taylor"",2024,33,0.83,0.86,280,0],[""Robbie Grossman"",2022,33,0.79,0.93,389,0]]}",0.8762960492828027,1.001220628623741,-0.059832570521558714,0.8762960492828027,328.0,0.834,287.0,526.0,259,382,CH,established,1.1116207951070336,-0.27511889396634914,True
596142,Gary Sánchez,2026,1992-12-02,C,R,Milwaukee Brewers,86,271,221,46,10,1,11,36,36,46,3,0,0,58,1,24,3,6,0,42,8,0,0,0,0,23,33.0,271.0,21.4,17.0,0.208,0.412,0.351,0.204,0.229,0.22,0.394,0.34,0.336,0.353,0.174,0.355,0.352,-0.012,0.018,0.004,87.8,14.4,29.3,7.9,35.4,99.673031707,93.877173598,51.1,22.4,51.1,81.9,28.1,35.9,43.3,43.3,26.2,18.9,11.6,7.3,71.4,12.6,26.4,22.4,11.2,60.4,8.0,24.5,4.89,17.0,13.0,16.0,164.0,56.8,58.5,gary sanchez,MIL,,,,,,,,267.0,33.6,3.104651162790698,0.985239852398524,281,C,C,True,339.0,171.72,2.3941801142166454,95.28,0.7104710485740524,58.0,False,False,250,False,28.567953800897588,10.38455138042243,0.933035836462373,8.734458982217609,29.168220172898664,33.04687297683107,255.90909314972976,0.9443139968624714,11.090906850270244,0.04092585553605255,415.0,-148.0,"{'C': 415, 'SS': 586, '2B': 586, '3B': 569, '1B': 598, 'OF': 519, 'UT': 473}",0.985239852398524,0.5571955719557196,-7.038303123847851,,,,,,0.0,24.354243542435423,101.84501845018451,-0.0040000000000000036,1.0936329588014981,5,1830,-0.10839310640297417,,4,False,0.635239852398524,,,,0.0,0.0,75.0,0.0,,36.6,2026-03-29,2026-09-08,80.0,150.0,150.0,0.0,252.0,0.533,3.0,0.0,0.15,,established,32.0,0.4,1.174,"avg EV 87.8 (39th pct) · 0.99/PA this year against 1.09 at his best, two steps to clear · got 0.99/PA but deserved 0.94",xwOBA 0.336 (81st) · barrels 7.9% (56th) · EV 87.8 (37th) · hard-hit 35% (34th) · K 21% (57th) · BB 17% (99th) · chase 22% (91st) · bat speed 71.4 mph (40th) · sprint 24.5 (2nd),"{""n"":20,""b"":0,""c"":[[""James McCann"",2024,34,0.97,1.03,141,0],[""Elias D\u00edaz"",2024,34,0.95,0.85,240,0],[""Victor Caratini"",2025,32,0.92,0.83,317,0],[""Kyle Farmer"",2023,33,0.95,0.85,205,0],[""Jacob Stallings"",2024,34,1.07,0.6,78,0]]}",0.876248679864447,0.9684507042253522,-0.059832570521558714,0.876248679864447,200.0,0.922,175.0,526.0,434,382,FA,established,,0.635239852398524,False
596146,Max Kepler,2026,1993-02-10,OF,L,Arizona Diamondbacks,41,145,132,27,7,0,2,11,15,11,0,0,0,32,2,18,0,0,0,0,0,0,0,0,38,3,33.0,145.0,22.1,7.6,0.205,0.303,0.262,0.098,0.25,0.211,0.336,0.25,0.27,0.268,0.125,0.284,0.313,-0.006,-0.033,-0.02,88.7,19.2,32.4,7.8,39.2,99.348171373,93.812456634,71.0,37.3,56.6,84.7,25.9,53.0,43.1,32.4,30.4,25.5,11.8,7.4,71.7,10.5,23.8,16.5,7.7,47.8,-9.0,27.2,4.39,3.0,10.0,14.0,102.0,87.5,61.1,max kepler,ARI,,,,,,,,104.0,33.4,2.5365853658536586,0.7172413793103448,431,OF,OF,True,339.0,171.72,2.3941801142166454,-67.72,0.14240525163701312,-92.0,False,False,339,False,18.547987391127094,5.527068223510508,0.35790137959771073,3.419043005764691,15.057160003110141,15.038708203499548,113.2998682066097,0.7813784014248945,-9.299868206609702,-0.06413702211454964,473.0,-369.0,"{'C': 415, 'SS': 586, '2B': 586, '3B': 569, '1B': 598, 'OF': 519, 'UT': 473}",0.7172413793103448,0.3103448275862069,-10.521292929947755,,,,,,0.0,8.275862068965518,45.51724137931034,0.020000000000000018,,5,2445,,1.0610997963340123,5,False,-0.3438584170236675,2.5,-3.8,0.4000000000000057,0.0,0.0,37.0,0.0,,11.1,2026-06-26,2026-09-05,41.0,69.0,69.0,0.0,313.0,0.594,92.0,1.0,0.15,,established,28.9,0.3,0.797,"deserved 0.78/PA on contact quality, got 0.72 · sprint 27.2 ft/s (43rd pct) · already 33, an age that jumps 3% of the time",xwOBA 0.270 (13th) · barrels 7.8% (56th) · EV 88.7 (52nd) · hard-hit 39% (55th) · K 22% (53rd) · BB 8% (37th) · chase 37% (15th) · bat speed 71.7 mph (46th) · sprint 27.2 (42nd),"{""n"":20,""b"":0,""c"":[[""Connor Joe"",2025,33,0.64,0.73,33,0],[""Kyle Farmer"",2024,34,0.85,0.79,236,0],[""J.D. Davis"",2024,31,0.71,0.22,2,0],[""Kyle Farmer"",2025,35,0.79,0.82,14,0],[""Lane Thomas"",2025,30,0.75,0.96,358,0]]}",0.9151052793925164,0.8982925018559763,-0.04373459214881747,0.9151052793925164,200.0,0.942,183.0,549.0,420,299,FA,established,1.0610997963340123,-0.3438584170236675,False
602104,Ramón Urías,2026,1994-06-03,3B,R,St. Louis Cardinals,43,100,86,13,3,0,4,14,9,9,4,0,1,18,1,6,5,0,0,0,2,7,33,2,0,0,32.0,100.0,18.0,9.0,0.151,0.326,0.26,0.175,0.138,0.191,0.381,0.265,0.302,0.296,0.19,0.251,0.304,-0.04,-0.055,-0.037,88.5,17.9,27.5,10.1,34.8,98.388988857,93.362815362,71.1,25.8,63.8,81.3,23.4,48.3,31.9,39.1,36.2,13.0,11.6,7.4,70.4,9.6,26.3,5.8,12.1,76.7,-2.0,26.8,4.66,6.0,3.0,4.0,69.0,73.9,60.0,ramon urias,STL,Ramon Urias,STL,"2B,3B",835.0,328.0,1177.0,,72.0,32.1,1.6744186046511629,0.72,480,2B/3B,3B,False,328.0,171.72,2.3941801142166454,-99.72,-0.7197615095654826,-152.0,False,False,339,True,7.7871095703235,4.615107172627263,0.3464569437749846,3.6773263132742557,11.422392726695879,12.02864713133083,80.64303985802671,0.8064303985802671,-8.643039858026711,-0.08643039858026713,473.0,-401.0,"{'C': 415, 'SS': 586, '2B': 586, '3B': 569, '1B': 598, 'OF': 519, 'UT': 473}",0.72,0.42,-10.621813188353684,,,,,,0.0,24.0,54.0,0.03699999999999998,,5,1929,,0.946843853820598,5,False,-0.22684385382059802,-4.5,2.0,-0.3999999999999915,110.0,1.0,121.0,0.0,Right elbow lateral epicondylitis,116.6,2026-03-26,2026-09-12,40.0,153.0,52.0,101.0,278.0,0.769,0.0,0.0,0.15,,established,28.7,0.6,0.8,"deserved 0.81/PA on contact quality, got 0.72 · sprint 26.8 ft/s (32nd pct) · already 32, an age that jumps 3% of the time · barrel rate up 2.0 pts on last year",xwOBA 0.302 (44th) · barrels 10.1% (72nd) · EV 88.5 (48th) · hard-hit 35% (31st) · K 18% (77th) · BB 9% (54th) · chase 26% (78th) · bat speed 70.4 mph (28th) · sprint 26.8 (31st),"{""n"":20,""b"":0,""c"":[[""J.D. Davis"",2024,31,0.71,0.22,2,0],[""Connor Joe"",2025,33,0.64,0.73,33,0],[""Kyle Farmer"",2024,34,0.85,0.79,236,0],[""Jason Heyward"",2022,33,0.73,1.02,384,0],[""Andy Ib\u00e1\u00f1ez"",2025,32,0.9,0.31,8,0]]}",0.9051175857532044,0.8744228993536474,-0.04944745880435125,0.9051175857532044,200.0,0.907,181.0,543.0,427,325,FA,established,0.946843853820598,-0.22684385382059802,False
605137,Josh Bell,2026,1992-08-14,DH,S,Minnesota Twins,153,627,566,144,28,1,20,77,93,51,4,2,0,123,5,95,1,0,0,0,20,0,0,0,0,128,33.0,627.0,19.6,8.1,0.254,0.413,0.318,0.159,0.29,0.256,0.442,0.321,0.333,0.321,0.186,0.363,0.38,-0.002,-0.029,-0.012,89.9,13.2,32.8,9.4,42.0,100.346946964,94.448790446,71.4,29.7,64.0,83.6,22.9,48.8,40.6,42.2,26.3,23.4,8.0,7.9,71.9,11.7,25.8,25.6,9.5,57.0,2.0,26.0,4.7,35.0,36.0,72.0,448.0,83.2,59.3,josh bell,MIN,Josh Bell,MIN,"1B,DH",376.0,226.0,355.0,355.0,608.0,33.9,3.973856209150327,0.9696969696969697,73,1B,1B,False,226.0,338.3666666666667,3.0792137196109657,269.6333333333333,0.8946424895393612,153.0,True,True,42,False,87.72895379582499,32.18604446390982,1.8530496847054192,23.127952055559774,72.53411602638772,78.23494846700561,605.8370644933934,0.9662473117916961,2.1629355066065727,0.0034496579052736287,473.0,135.0,"{'C': 415, 'SS': 586, '2B': 586, '3B': 569, '1B': 598, 'OF': 519, 'UT': 473}",0.9696969696969697,0.532695374800638,0.7240429886524392,49.056603773584904,63.39622641509434,76.60377358490567,-14.339622641509436,-27.547169811320764,1.9138755980861244,19.13875598086124,48.80382775119617,0.01200000000000001,1.0422535211267605,6,3595,-0.07255655142979078,1.0422535211267605,5,True,-0.07255655142979078,3.1000000000000014,-2.6999999999999993,-1.1999999999999886,0.0,0.0,0.0,0.0,,0.0,2026-03-26,2026-09-12,142.0,148.0,148.0,0.0,583.0,0.959,0.0,0.0,0.15,,established,32.8,0.4,1.122,"627 PA, already has the job · avg EV 89.9 (74th pct) · sprint 26.0 ft/s (15th pct)",xwOBA 0.333 (78th) · barrels 9.4% (67th) · EV 89.9 (72nd) · hard-hit 42% (67th) · K 20% (69th) · BB 8% (44th) · chase 30% (55th) · bat speed 71.9 mph (48th) · sprint 26.0 (15th),"{""n"":20,""b"":0,""c"":[[""Matt Chapman"",2025,32,0.99,0.84,295,0],[""Brandon Nimmo"",2025,32,1.06,0.92,598,0],[""Mike Yastrzemski"",2025,35,0.96,0.9,365,0],[""Christian Walker"",2025,34,0.93,0.92,578,0],[""Ian Happ"",2025,31,0.99,0.98,618,0]]}",0.9302598733848517,0.9379267535692116,-0.059832570521558714,0.9302598733848517,426.0,0.95,396.0,558.0,148,251,FA,established,1.0422535211267605,-0.07255655142979078,True
605141,Mookie Betts,2026,1992-10-07,SS,R,Los Angeles Dodgers,122,526,476,123,25,0,23,71,69,47,2,2,3,56,1,75,9,0,0,0,0,0,0,121,0,0,33.0,526.0,10.6,8.9,0.258,0.456,0.327,0.198,0.251,0.279,0.437,0.34,0.341,0.342,0.157,0.346,0.347,-0.021,0.019,-0.001,90.2,17.9,40.4,7.8,38.0,98.722352796,93.725941924,61.5,20.2,65.1,94.9,12.3,41.2,40.1,32.8,32.8,27.8,6.7,7.0,69.7,13.0,41.8,8.9,8.3,57.0,13.0,26.7,4.58,28.0,27.0,68.0,421.0,73.9,61.3,mookie betts,LAD,Mookie Betts,LAD,SS,46.8,35.0,54.0,47.0,526.0,33.7,4.311475409836065,1.0,117,SS,SS,False,35.0,642.6,4.485508577873414,-116.60000000000002,-0.17403316803734903,-82.0,False,False,120,True,93.63488321987123,20.968186463713597,0.8389774129591405,17.36195290345604,63.00398810718533,61.06555641723132,510.4095445244167,0.9703603508068758,15.590455475583326,0.02963964919312423,473.0,53.0,"{'C': 415, 'SS': 586, '2B': 586, '3B': 569, '1B': 598, 'OF': 519, 'UT': 473}",1.0,0.6653992395437263,-0.5195391172991861,58.30188679245283,96.60377358490567,64.90566037735849,-38.30188679245284,-6.60377358490566,2.2813688212927756,26.23574144486692,53.61216730038023,0.0010000000000000009,1.3088023088023089,6,3587,-0.30880230880230886,1.3088023088023089,5,True,-0.30880230880230886,0.29999999999999893,2.3,0.7999999999999972,36.0,1.0,140.0,0.0,Right oblique strain,67.2,2026-03-26,2026-09-12,110.0,149.0,116.0,33.0,604.0,0.948,0.0,0.0,0.15,,established,30.2,0.6,1.389,"526 PA, already has the job · avg EV 90.2 (78th pct) · got 1.00/PA but deserved 0.97 · barrel rate up 2.3 pts on last year",xwOBA 0.341 (84th) · barrels 7.8% (56th) · EV 90.2 (76th) · hard-hit 38% (47th) · K 11% (97th) · BB 9% (53rd) · chase 20% (97th) · bat speed 69.7 mph (21st) · sprint 26.7 (28th),"{""n"":20,""b"":0,""c"":[[""Marcus Semien"",2025,35,0.92,0.82,446,0],[""Bryce Harper"",2025,33,1.09,1.07,734,0],[""Freddie Freeman"",2024,35,1.08,1.11,695,0],[""Freddie Freeman"",2025,36,1.11,1.0,651,0],[""Marcus Semien"",2024,34,0.93,0.92,489,0]]}",0.9218808547044619,1.015853884665307,-0.059832570521558714,0.9218808547044619,469.0,0.899,432.0,553.0,120,280,Dpf,established,1.3088023088023089,-0.30880230880230886,True
605170,Victor Caratini,2026,1993-08-17,C,S,Minnesota Twins,106,382,327,72,10,0,7,28,44,34,13,0,0,80,8,55,3,13,0,72,29,0,0,0,0,2,32.0,382.0,20.9,8.9,0.22,0.315,0.312,0.095,0.262,0.224,0.356,0.285,0.306,0.319,0.132,0.298,0.329,-0.004,-0.041,-0.021,89.3,12.6,36.5,6.3,38.0,98.339714453,93.569243294,58.7,25.9,52.8,88.3,22.9,41.9,37.3,45.9,22.0,26.3,5.9,7.0,70.9,9.8,32.0,12.9,11.8,53.5,-8.0,24.4,4.93,11.0,29.0,31.0,255.0,60.2,63.8,victor caratini,MIN,Victor Caratini,MIN,"C,1B,DH",430.0,251.0,386.0,474.0,317.0,32.9,2.990566037735849,0.8298429319371727,242,C/1B,C/1B,False,251.0,252.0,2.9462393912788998,65.0,0.04432664645694917,9.0,False,False,237,False,49.79332764162338,13.212203289941806,0.7756104952462662,9.466858573188556,36.708038429854604,42.83813472352954,339.2061731533842,0.8879742752706393,-22.206173153384213,-0.05813134333346659,415.0,-98.0,"{'C': 415, 'SS': 586, '2B': 586, '3B': 569, '1B': 598, 'OF': 519, 'UT': 473}",0.8298429319371727,0.337696335078534,-7.619131654745755,4.528301886792453,4.528301886792453,1.8867924528301887,0.0,2.641509433962264,0.0,10.994764397905758,53.403141361256544,0.02100000000000002,0.9963503649635036,6,1938,-0.16650743302633086,0.9963503649635036,5,False,-0.16650743302633086,4.099999999999998,-1.4000000000000004,-1.3999999999999915,0.0,0.0,38.0,0.0,,13.5,2026-03-26,2026-09-12,97.0,148.0,148.0,0.0,354.0,0.655,0.0,0.0,0.15,,established,29.1,0.7,1.076,"deserved 0.89/PA on contact quality, got 0.83 · avg EV 89.3 (63rd pct) · 0.83/PA this year against 1.00 at his best, two steps to clear",xwOBA 0.306 (48th) · barrels 6.3% (40th) · EV 89.3 (61st) · hard-hit 38% (47th) · K 21% (60th) · BB 9% (53rd) · chase 26% (78th) · bat speed 70.9 mph (33rd) · sprint 24.4 (1st),"{""n"":20,""b"":0,""c"":[[""Enrique Hern\u00e1ndez"",2024,33,0.82,0.82,209,0],[""Anthony Rizzo"",2023,34,0.86,0.79,296,0],[""Kyle Farmer"",2024,34,0.85,0.79,236,0],[""Josh Bell"",2024,32,0.89,0.9,482,0],[""Jes\u00fas Aguilar"",2022,32,0.8,0.76,87,0]]}",0.8475726125213356,0.8811440068985341,-0.04373459214881747,0.8475726125213356,258.0,0.989,219.0,509.0,346,428,FA,established,0.9963503649635036,-0.16650743302633086,False
606192,Teoscar Hernández,2026,1992-10-15,OF,R,Los Angeles Dodgers,124,488,439,118,18,2,16,66,64,42,4,5,1,135,3,82,1,0,4,0,0,0,0,0,122,4,33.0,488.0,27.7,8.6,0.269,0.428,0.336,0.159,0.351,0.257,0.438,0.335,0.333,0.324,0.181,0.429,0.427,0.012,-0.01,0.002,90.3,13.9,33.6,10.8,45.3,101.607516601,95.134191013,67.1,31.2,49.1,77.0,32.7,48.0,34.9,44.3,28.7,20.2,6.8,7.8,72.5,12.2,23.6,25.3,11.0,54.3,7.0,28.3,4.39,23.0,49.0,46.0,307.0,74.8,59.5,teoscar hernandez,LAD,Teoscar Hernandez,LAD,"LF,RF",109.0,72.0,116.0,106.0,504.0,33.7,4.064516129032258,1.0327868852459017,130,OF,OF,False,72.0,556.8852459016393,4.003049236131642,-52.88524590163934,0.06146689290061591,-58.0,False,False,120,False,70.8565765923548,22.147533054161872,2.145204114611878,17.67368623887146,63.221816030478564,57.2882963426803,493.6151123731589,1.0115063778138502,10.384887626841078,0.021280507432051454,473.0,31.0,"{'C': 415, 'SS': 586, '2B': 586, '3B': 569, '1B': 598, 'OF': 519, 'UT': 473}",1.0327868852459017,0.4713114754098361,-1.2804722855260025,67.9245283018868,36.22641509433962,58.11320754716981,31.698113207547173,9.811320754716988,6.147540983606557,19.672131147540984,51.63934426229508,-0.0020000000000000018,1.2554621848739496,6,3494,-0.22267529962804788,1.2554621848739496,5,True,-0.22267529962804788,3.1999999999999993,-0.6999999999999993,-0.4000000000000057,31.0,1.0,44.0,0.0,Left hamstring strain,38.8,2026-03-26,2026-09-12,112.0,149.0,120.0,29.0,543.0,0.933,0.0,0.0,0.15,,established,34.0,0.2,1.335,"488 PA, already has the job · avg EV 90.3 (80th pct) · sprint 28.3 ft/s (74th pct)",xwOBA 0.333 (78th) · barrels 10.8% (77th) · EV 90.3 (77th) · hard-hit 45% (82nd) · K 28% (20th) · BB 9% (51st) · chase 31% (45th) · bat speed 72.5 mph (58th) · sprint 28.3 (72nd),"{""n"":20,""b"":0,""c"":[[""J.T. Realmuto"",2025,34,1.01,0.89,410,0],[""Adolis Garc\u00eda"",2025,32,0.97,0.78,201,0],[""Christian Yelich"",2025,34,1.12,0.97,482,0],[""Christian Walker"",2025,34,0.93,0.92,578,0],[""Bryce Harper"",2025,33,1.09,1.07,734,0]]}",0.9531218741109831,1.0555775316455696,-0.059832570521558714,0.9531218741109831,425.0,0.921,405.0,572.0,136,194,CJF,established,1.2554621848739496,-0.22267529962804788,True
606466,Ketel Marte,2026,1993-10-12,2B,S,Arizona Diamondbacks,140,620,558,139,31,3,22,78,75,51,6,4,0,86,5,83,3,0,0,0,0,114,0,0,0,25,32.0,620.0,13.9,8.2,0.249,0.434,0.316,0.185,0.257,0.276,0.455,0.324,0.345,0.337,0.179,0.342,0.369,-0.027,-0.021,-0.021,90.1,13.7,31.4,9.3,42.6,101.741103051,95.07366911,67.7,31.6,63.9,88.9,19.8,48.5,48.8,41.7,27.9,22.9,7.5,7.7,74.8,14.7,26.9,46.8,9.1,58.8,4.0,26.8,4.48,29.0,44.0,65.0,477.0,86.3,59.6,ketel marte,ARI,Ketel Marte,ARI,"2B,DH",26.6,22.0,30.0,25.0,600.0,32.7,4.285714285714286,0.967741935483871,79,2B,2B,False,22.0,651.0652173913044,4.578038442168877,-51.06521739130437,-0.2923241564545913,-57.0,False,False,42,False,99.80347247085007,29.986708502209254,2.7581655830313294,21.459653443909364,76.14608470449984,75.34417222306695,625.3882569275668,1.0086907369799465,-25.388256927566772,-0.04094880149607549,473.0,127.0,"{'C': 415, 'SS': 586, '2B': 586, '3B': 569, '1B': 598, 'OF': 519, 'UT': 473}",0.967741935483871,0.5870967741935483,-0.04798695205904202,47.924528301886795,82.64150943396227,69.43396226415094,-34.716981132075475,-21.50943396226414,3.870967741935484,21.29032258064516,49.35483870967742,0.020999999999999963,1.2058319039451115,6,3341,-0.23808996846124053,1.2058319039451115,5,True,-0.23808996846124053,-1.0,-4.199999999999999,0.20000000000000284,11.0,1.0,56.0,0.0,Left knee inflammation,32.6,2026-03-26,2026-09-12,128.0,150.0,139.0,11.0,606.0,0.921,0.0,0.0,0.15,,established,35.9,0.6,1.286,"620 PA, already has the job · avg EV 90.1 (77th pct) · deserved 1.01/PA on contact quality, got 0.97",xwOBA 0.345 (88th) · barrels 9.3% (67th) · EV 90.1 (74th) · hard-hit 43% (70th) · K 14% (92nd) · BB 8% (45th) · chase 32% (42nd) · bat speed 74.8 mph (87th) · sprint 26.8 (31st),"{""n"":20,""b"":0,""c"":[[""Mookie Betts"",2025,33,0.98,1.0,526,0],[""Nick Castellanos"",2024,32,0.99,0.94,556,0],[""Yandy D\u00edaz"",2024,33,0.9,1.06,690,0],[""Carlos Correa"",2025,31,0.88,1.01,143,0],[""Teoscar Hern\u00e1ndez"",2025,33,1.04,1.03,504,0]]}",1.0343655030866756,1.0492689410722196,-0.04373459214881747,1.0343655030866756,515.0,0.974,533.0,621.0,64,44,GK,established,1.2058319039451115,-0.23808996846124053,True
607043,Brandon Nimmo,2026,1993-03-27,OF,L,Texas Rangers,154,651,589,153,36,4,14,64,62,51,7,7,1,149,4,99,5,0,3,0,0,0,0,0,146,9,33.0,651.0,22.9,7.8,0.26,0.406,0.324,0.146,0.323,0.268,0.444,0.321,0.34,0.333,0.175,0.38,0.408,-0.008,-0.038,-0.019,92.0,10.3,34.5,9.0,50.5,101.770894414,95.658785079,72.5,29.0,58.6,82.8,23.9,51.3,32.9,41.9,26.4,28.2,3.6,7.0,72.4,12.6,24.9,28.4,7.3,52.3,-2.0,28.0,4.23,25.0,45.0,83.0,444.0,81.5,62.0,brandon nimmo,TEX,Brandon Nimmo,TEX,"LF,CF,RF,DH",129.6,83.0,136.0,97.0,598.0,33.3,3.883116883116883,0.9185867895545314,81,OF,OF,False,83.0,556.8852459016393,4.003049236131642,41.11475409836066,-0.11993235301475913,2.0,False,False,47,False,97.25680449361136,37.4585012968507,3.7935839254646013,19.34311028407336,83.67041335099958,75.88595066791255,658.3353640189122,1.0112678402748267,-60.33536401891217,-0.09268105072029531,473.0,125.0,"{'C': 415, 'SS': 586, '2B': 586, '3B': 569, '1B': 598, 'OF': 519, 'UT': 473}",0.9185867895545314,0.42089093701996927,-1.8127760325180964,26.79245283018868,20.37735849056604,53.20754716981132,6.415094339622641,-26.41509433962264,6.451612903225807,12.903225806451614,47.004608294930875,0.019000000000000017,1.0552147239263803,6,3707,-0.13662793437184884,1.0552147239263803,5,True,-0.13662793437184884,1.2999999999999972,0.1999999999999993,0.20000000000000284,0.0,0.0,0.0,0.0,,0.0,2026-03-26,2026-09-12,143.0,149.0,149.0,0.0,606.0,0.96,0.0,0.0,0.15,,established,34.2,1.1,1.135,"651 PA, already has the job · deserved 1.01/PA on contact quality, got 0.92 · avg EV 92.0 (93rd pct)",xwOBA 0.340 (83rd) · barrels 9.0% (65th) · EV 92.0 (92nd) · hard-hit 50% (94th) · K 23% (49th) · BB 8% (39th) · chase 29% (59th) · bat speed 72.4 mph (56th) · sprint 28.0 (63rd),"{""n"":20,""b"":0,""c"":[[""Dansby Swanson"",2025,31,1.01,1.05,507,0],[""Adolis Garc\u00eda"",2025,32,0.97,0.78,201,0],[""Ian Happ"",2025,31,0.99,0.98,618,0],[""Bryan Reynolds"",2025,30,0.92,1.02,713,0],[""Christian Walker"",2025,34,0.93,0.92,578,0]]}",0.9746576870254663,0.9773587946176779,-0.04373459214881747,0.9746576870254663,454.0,0.95,442.0,585.0,116,137,Dan,established,1.0552147239263803,-0.13662793437184884,True
607208,Trea Turner,2026,1993-06-30,SS,R,Philadelphia Phillies,156,695,640,154,29,1,19,100,58,48,4,21,4,146,3,105,21,0,0,0,0,0,0,153,0,2,33.0,695.0,21.0,6.9,0.241,0.378,0.296,0.137,0.282,0.241,0.362,0.297,0.292,0.298,0.121,0.343,0.337,0.0,0.016,0.005,88.4,11.1,31.8,6.0,39.0,98.867028306,93.523426283,68.8,34.7,51.3,84.8,27.6,50.4,34.0,45.5,25.4,21.1,8.0,7.6,71.6,8.7,24.7,19.1,8.4,63.0,-9.0,29.9,4.23,29.0,67.0,58.0,497.0,76.4,60.5,trea turner,PHI,Trea Turner,PHI,SS,27.0,23.0,25.0,30.0,648.0,33.0,4.153846153846154,0.9323741007194245,47,SS,SS,False,23.0,651.0652173913044,4.559006211180124,-3.0652173913043725,-0.40516005733397,-24.0,False,False,31,False,111.66899602705897,24.44654390323059,1.3799241123619632,16.74453595734849,88.04465118441992,67.022417203155,634.9870683875749,0.9136504581116186,13.012931612425064,0.0187236426078059,473.0,175.0,"{'C': 415, 'SS': 586, '2B': 586, '3B': 569, '1B': 598, 'OF': 519, 'UT': 473}",0.9323741007194245,0.46474820143884893,1.1749048595312899,33.9622641509434,33.20754716981132,81.88679245283019,0.7547169811320771,-47.924528301886795,18.1294964028777,16.402877697841724,41.43884892086331,-0.0050000000000000044,1.2770897832817338,6,3918,-0.34471568256230933,1.2770897832817338,5,True,-0.34471568256230933,4.300000000000001,0.20000000000000018,0.5,0.0,0.0,64.0,0.0,,25.2,2026-03-26,2026-09-12,144.0,150.0,150.0,0.0,636.0,0.96,0.0,0.0,0.15,,established,29.2,0.5,1.357,"695 PA, already has the job · sprint 29.9 ft/s (98th pct) · got 0.93/PA but deserved 0.91",xwOBA 0.292 (30th) · barrels 6.0% (36th) · EV 88.4 (47th) · hard-hit 39% (53rd) · K 21% (60th) · BB 7% (29th) · chase 35% (25th) · bat speed 71.6 mph (44th) · sprint 29.9 (98th),"{""n"":20,""b"":1,""c"":[[""Nick Castellanos"",2025,33,0.94,0.83,101,0],[""Marcus Semien"",2025,35,0.92,0.82,446,0],[""Marcus Semien"",2024,34,0.93,0.92,489,0],[""Mookie Betts"",2025,33,0.98,1.0,526,0],[""Nick Castellanos"",2024,32,0.99,0.94,556,0]]}",0.9721461328586387,1.0370937827594549,-0.04373459214881747,0.9721461328586387,535.0,0.931,520.0,583.0,70,146,CS,established,1.2770897832817338,-0.34471568256230933,True
608070,José Ramírez,2026,1992-09-17,3B,S,Cleveland Guardians,125,544,473,111,27,0,12,71,53,60,3,37,4,69,7,72,13,0,0,0,0,0,99,0,0,25,33.0,544.0,12.7,11.0,0.235,0.368,0.32,0.133,0.248,0.266,0.391,0.301,0.325,0.34,0.125,0.299,0.329,-0.031,-0.023,-0.024,88.6,19.0,35.3,4.1,38.8,99.346632184,93.830361144,65.2,28.5,72.8,90.7,15.3,45.4,49.9,33.8,27.0,27.0,12.2,7.2,70.2,11.0,28.2,11.4,9.3,58.3,-2.0,27.9,4.35,24.0,28.0,59.0,411.0,76.4,57.6,jose ramirez,CLE,Jose Ramirez,CLE,"3B,DH",5.4,5.0,5.0,5.0,570.0,33.8,4.56,1.0477941176470589,100,3B,3B,False,5.0,651.0652173913044,4.803563586172282,-81.06521739130437,-0.24356358617228224,-95.0,False,False,54,True,91.69861679820923,21.20953840434277,0.814072796686815,12.0957720007612,67.61963201630324,55.68983300387133,595.0704650201747,1.0938795312870857,-25.07046502017465,-0.04608541364002683,473.0,97.0,"{'C': 415, 'SS': 586, '2B': 586, '3B': 569, '1B': 598, 'OF': 519, 'UT': 473}",1.0477941176470589,0.5992647058823529,-0.20099300854454105,72.45283018867924,86.0377358490566,68.30188679245282,-13.584905660377359,4.150943396226424,40.80882352941176,13.23529411764706,66.17647058823529,0.02400000000000002,1.3299120234604105,6,3911,-0.2821179058133516,1.3299120234604105,5,True,-0.2821179058133516,1.6999999999999993,-2.9000000000000004,-0.7000000000000028,38.0,1.0,38.0,0.0,Left hamate fracture,38.0,2026-03-26,2026-09-12,114.0,153.0,120.0,33.0,613.0,0.95,0.0,0.0,0.15,,established,30.4,0.5,1.41,"544 PA, already has the job · deserved 1.09/PA on contact quality, got 1.05 · sprint 27.9 ft/s (61st pct)",xwOBA 0.325 (68th) · barrels 4.1% (20th) · EV 88.6 (50th) · hard-hit 39% (52nd) · K 13% (95th) · BB 11% (79th) · chase 28% (63rd) · bat speed 70.2 mph (26th) · sprint 27.9 (60th),"{""n"":20,""b"":1,""c"":[[""Mookie Betts"",2025,33,0.98,1.0,526,0],[""Marcus Semien"",2025,35,0.92,0.82,446,0],[""Marcus Semien"",2024,34,0.93,0.92,489,0],[""Nick Castellanos"",2025,33,0.94,0.83,101,0],[""Freddie Freeman"",2024,35,1.08,1.11,695,0]]}",1.1050813728845204,1.1717285664699755,-0.059832570521558714,1.1050813728845204,548.0,0.921,606.0,663.0,36,13,MMM,established,1.3299120234604105,-0.2821179058133516,True
608324,Alex Bregman,2026,1994-03-30,3B,R,Chicago Cubs,154,697,604,157,32,2,26,89,89,75,12,3,1,102,6,97,6,0,0,0,0,0,143,0,0,12,32.0,697.0,14.6,10.8,0.26,0.449,0.35,0.189,0.272,0.249,0.382,0.35,0.322,0.34,0.133,0.361,0.323,0.011,0.067,0.028,88.1,17.7,32.5,6.1,37.4,97.932358189,93.103923688,60.1,23.4,69.1,90.3,15.7,41.6,48.0,37.6,27.6,23.2,11.6,7.0,69.8,9.3,33.8,3.3,14.0,66.3,22.0,26.2,4.67,36.0,48.0,71.0,508.0,66.2,59.3,alex bregman,CHC,Alex Bregman,CHC,"3B,DH",88.8,60.0,107.0,75.0,696.0,32.3,4.51948051948052,0.9985652797704447,31,3B,3B,False,60.0,556.8852459016393,4.119658119658119,139.11475409836066,0.3998223998224004,29.0,True,False,1,False,107.64301485419591,23.133021572200096,1.6609122930120543,17.959051280591932,77.69340110805743,75.81410284921854,624.631503957276,0.8961714547450158,71.36849604272402,0.10239382502542893,473.0,223.0,"{'C': 415, 'SS': 586, '2B': 586, '3B': 569, '1B': 598, 'OF': 519, 'UT': 473}",0.9985652797704447,0.6097560975609756,2.2725443250975186,56.9811320754717,88.30188679245283,86.79245283018868,-31.320754716981135,-29.81132075471698,2.582496413199426,22.38163558106169,64.56241032998565,-0.02799999999999997,1.0228658536585367,6,3606,-0.024300573888091925,1.0228658536585367,5,True,-0.024300573888091925,0.5,-0.5,-1.2000000000000028,0.0,0.0,48.0,0.0,,28.799999999999997,2026-03-26,2026-09-12,146.0,152.0,152.0,0.0,652.0,0.961,0.0,0.0,0.15,,established,29.1,0.6,1.103,"697 PA, already has the job · 1.00/PA is his best rate yet, so the bar is one step up · avg EV 88.1 (45th pct)",xwOBA 0.322 (66th) · barrels 6.1% (38th) · EV 88.1 (42nd) · hard-hit 37% (44th) · K 15% (90th) · BB 11% (78th) · chase 23% (89th) · bat speed 69.8 mph (22nd) · sprint 26.2 (19th),"{""n"":20,""b"":0,""c"":[[""Brandon Nimmo"",2025,32,1.06,0.92,598,0],[""Lourdes Gurriel Jr."",2025,32,0.99,0.74,149,0],[""Francisco Lindor"",2025,32,1.14,0.91,421,0],[""J.P. Crawford"",2025,30,0.88,0.81,392,0],[""Marcus Semien"",2023,33,1.12,0.93,667,0]]}",0.9293416055577514,0.9961155210268534,-0.04944745880435125,0.9293416055577514,559.0,0.977,520.0,558.0,70,251,CH,established,1.0228658536585367,-0.024300573888091925,True
608348,Carson Kelly,2026,1994-07-14,C,R,Chicago Cubs,121,425,380,98,15,0,10,57,58,40,5,0,1,70,0,73,7,20,0,105,4,0,0,0,0,6,31.0,425.0,16.5,9.4,0.258,0.376,0.336,0.118,0.293,0.244,0.372,0.32,0.311,0.324,0.128,0.337,0.324,0.014,0.004,0.009,86.7,13.3,31.6,5.2,36.1,98.238746516,93.170265419,67.2,25.2,56.7,89.7,19.8,45.4,39.4,46.1,24.2,21.9,7.7,6.9,70.6,10.0,28.2,8.6,10.3,48.8,2.0,25.9,4.83,21.0,42.0,34.0,310.0,78.4,61.6,carson kelly,CHC,Carson Kelly,CHC,"C,DH",318.3,196.0,312.0,394.0,434.0,32.0,3.5867768595041323,1.0211764705882354,174,C,C,False,196.0,375.06451612903226,3.180509813450934,58.935483870967744,0.4062670460531983,22.0,False,False,132,False,66.12913850017608,15.180744459880016,0.7710955797117074,10.639021460232192,45.12598522341402,46.077205481887695,403.2831907053017,0.9489016251889452,30.716809294698294,0.07227484539929019,415.0,19.0,"{'C': 415, 'SS': 586, '2B': 586, '3B': 569, '1B': 598, 'OF': 519, 'UT': 473}",1.0211764705882354,0.5364705882352941,-3.720233279042443,64.15094339622641,64.90566037735849,35.094339622641506,-0.7547169811320771,29.056603773584904,0.0,14.117647058823529,56.470588235294116,-0.009000000000000008,1.0593824228028503,5,2023,-0.03820595221461498,1.0593824228028503,4,False,-0.03820595221461498,-2.5,-4.3999999999999995,0.19999999999998863,0.0,0.0,0.0,0.0,,0.0,2026-03-26,2026-09-12,110.0,152.0,152.0,0.0,387.0,0.724,0.0,0.0,0.15,,established,29.1,0.3,1.139,"425 PA, already has the job · 1.02/PA is his best rate yet, so the bar is one step up · avg EV 86.7 (21st pct)",xwOBA 0.311 (54th) · barrels 5.2% (31st) · EV 86.7 (20th) · hard-hit 36% (37th) · K 16% (84th) · BB 9% (58th) · chase 25% (81st) · bat speed 70.6 mph (29th) · sprint 25.9 (14th),"{""n"":20,""b"":0,""c"":[[""Lourdes Gurriel Jr."",2024,31,1.03,0.99,541,0],[""Kolten Wong"",2022,32,1.0,0.72,180,0],[""Adam Frazier"",2023,32,0.98,0.78,228,0],[""Mark Canha"",2022,33,0.98,0.99,504,0],[""Jean Segura"",2022,32,0.98,0.7,228,0]]}",0.9108835061847774,1.0303305249513934,-0.04944745880435125,0.9108835061847774,328.0,1.0,299.0,547.0,246,308,FA,established,1.0593824228028503,-0.03820595221461498,False
608369,Corey Seager,2026,1994-04-27,SS,L,Texas Rangers,101,432,380,86,16,0,19,56,49,45,4,2,0,103,3,51,5,0,0,0,0,0,0,94,0,6,32.0,432.0,23.8,10.4,0.226,0.418,0.313,0.192,0.257,0.252,0.483,0.318,0.35,0.329,0.231,0.373,0.422,-0.026,-0.065,-0.032,91.9,12.6,36.1,14.6,48.9,102.149789071,95.712366929,82.8,28.6,41.6,78.0,33.1,52.5,43.9,44.3,30.4,21.8,3.6,6.7,71.5,13.1,26.3,12.5,14.9,57.2,1.0,25.0,4.78,24.0,26.0,36.0,280.0,92.9,62.0,corey seager,TEX,Corey Seager,TEX,SS,83.8,56.0,90.0,77.0,400.0,32.2,3.9603960396039604,0.9259259259259259,193,SS,SS,False,56.0,563.0,4.292903702788284,-163.0,-0.332507663184324,-137.0,False,False,170,True,50.9431854594556,22.772052619953026,1.1263383817271864,20.9184235388642,50.76284301895851,60.16280630789421,440.2256493268527,1.0190408549232701,-40.225649326852704,-0.09311492899734419,473.0,-73.0,"{'C': 415, 'SS': 586, '2B': 586, '3B': 569, '1B': 598, 'OF': 519, 'UT': 473}",0.9259259259259259,0.48148148148148145,-4.004827624191485,30.0,41.132075471698116,32.83018867924528,-11.132075471698116,-2.830188679245282,2.7777777777777777,26.38888888888889,62.5,0.03199999999999997,1.2835820895522387,6,3018,-0.3576561636263128,1.2835820895522387,5,True,-0.3576561636263128,4.199999999999999,-0.7000000000000011,-1.0,57.0,3.0,137.0,0.0,Lower back inflammation,97.5,2026-03-26,2026-09-12,89.0,149.0,99.0,50.0,570.0,0.899,0.0,0.0,0.15,,established,34.0,0.6,1.364,"deserved 1.02/PA on contact quality, got 0.93 · avg EV 91.9 (92nd pct) · 432 PA, already has the job",xwOBA 0.350 (90th) · barrels 14.6% (95th) · EV 91.9 (92nd) · hard-hit 49% (92nd) · K 24% (42nd) · BB 10% (71st) · chase 29% (62nd) · bat speed 71.5 mph (42nd) · sprint 25.0 (4th),"{""n"":20,""b"":0,""c"":[[""Marcell Ozuna"",2025,35,0.9,0.76,213,0],[""Adolis Garc\u00eda"",2025,32,0.97,0.78,201,0],[""Randal Grichuk"",2025,34,0.86,1.14,317,0],[""Carlos Correa"",2025,31,0.88,1.01,143,0],[""Matt Olson"",2024,30,0.98,1.05,758,0]]}",0.9284258156746819,0.9906857608569102,-0.04944745880435125,0.9284258156746819,417.0,0.922,387.0,557.0,156,258,BB,established,1.2835820895522387,-0.3576561636263128,True
608701,Rob Refsnyder,2026,1991-03-26,DH,R,Seattle Mariners,53,129,114,16,1,0,4,9,11,8,3,0,0,37,3,11,0,0,1,0,0,0,0,0,21,29,35.0,129.0,28.7,6.2,0.14,0.254,0.211,0.114,0.158,0.17,0.316,0.207,0.255,0.241,0.146,0.241,0.316,-0.03,-0.062,-0.048,86.6,19.5,24.7,8.6,34.6,98.02099925,93.073923671,64.8,25.7,47.8,80.9,29.0,44.5,50.6,39.5,29.6,17.3,13.6,7.6,71.9,9.8,20.6,19.1,12.3,59.2,-12.0,27.0,4.55,3.0,4.0,9.0,81.0,81.1,63.3,rob refsnyder,SEA,,,,,,,,78.0,35.3,1.471698113207547,0.6046511627906976,475,OF,OF,True,339.0,171.72,2.3941801142166454,-93.72,-0.9224820010090984,-136.0,False,False,339,False,10.76092843068197,4.426094912703588,0.36102488254692705,3.831951774067518,12.90054074157527,13.96155989685977,95.26610063843503,0.738496904173915,-17.266100638435034,-0.13384574138321736,473.0,-395.0,"{'C': 415, 'SS': 586, '2B': 586, '3B': 569, '1B': 598, 'OF': 519, 'UT': 473}",0.6046511627906976,0.15503875968992248,-11.13884207062299,,,,,,0.0,18.6046511627907,37.2093023255814,0.048000000000000015,,3,1222,,1.1148325358851674,3,False,-0.5101813730944698,2.8999999999999986,-3.700000000000001,-1.2999999999999972,29.0,1.0,69.0,0.0,,44.0,2026-03-28,2026-08-01,53.0,116.0,93.0,23.0,207.0,0.57,2.0,0.0,0.15,,established,27.6,0.3,0.685,"deserved 0.74/PA on contact quality, got 0.60 · sprint 27.0 ft/s (37th pct) · 1,222 career PA, a known quantity",xwOBA 0.255 (6th) · barrels 8.6% (62nd) · EV 86.6 (18th) · hard-hit 35% (30th) · K 29% (17th) · BB 6% (24th) · chase 26% (79th) · bat speed 71.9 mph (48th) · sprint 27.0 (36th),"{""n"":20,""b"":0,""c"":[[""Nick Ahmed"",2024,34,0.71,0.5,5,0],[""Ehire Adrianza"",2022,33,0.6,0.0,0,0],[""Kris Bryant"",2024,32,0.73,0.46,19,0],[""Mart\u00edn Maldonado"",2024,38,0.54,0.75,121,0],[""Jason Heyward"",2022,33,0.73,1.02,384,0]]}",0.907545854128925,1.0786206896551722,-0.06282389232984148,0.907545854128925,200.0,0.917,182.0,545.0,424,316,FA,established,1.1148325358851674,-0.5101813730944698,False
609280,Miguel Andujar,2026,1995-03-02,DH,R,San Diego Padres,74,254,239,62,20,2,5,24,22,11,4,2,2,38,0,35,1,0,0,0,3,0,7,0,0,60,31.0,254.0,15.0,4.3,0.259,0.423,0.303,0.164,0.291,0.264,0.376,0.314,0.298,0.302,0.112,0.348,0.327,-0.005,0.047,0.016,88.3,6.5,26.4,4.5,36.3,99.775366436,94.026464328,68.7,40.8,71.1,88.3,18.5,54.2,44.8,53.2,17.9,22.9,6.0,7.6,71.2,9.7,26.1,19.2,7.3,58.2,-3.0,27.3,4.46,8.0,23.0,31.0,201.0,67.6,65.6,miguel andujar,SD,Miguel Andujar,SD,"3B,LF,DH",476.0,269.0,462.0,490.0,229.0,31.3,3.0945945945945947,0.9015748031496063,310,3B/OF,UT,False,269.0,217.0,2.8337463512984864,12.0,0.26084824329610834,-41.0,False,False,257,False,47.2103673961059,9.983895528575813,0.9211067545306914,4.980630320787601,28.002940845704067,25.94593334424332,226.9088741899474,0.8933420243698716,2.0911258100526027,0.008232778779734606,473.0,-244.0,"{'C': 415, 'SS': 586, '2B': 586, '3B': 569, '1B': 598, 'OF': 519, 'UT': 473}",0.9015748031496063,0.48031496062992124,-8.193852571454624,,,,,,4.724409448818897,11.811023622047244,25.984251968503937,-0.016000000000000014,1.0410557184750733,3,1306,-0.13948091532546703,1.0410557184750733,2,False,-0.13948091532546703,0.5999999999999996,-0.20000000000000018,-0.5,77.0,2.0,203.0,0.0,Right wrist fracture,125.9,2026-03-26,2026-07-19,74.0,106.0,91.0,15.0,416.0,0.813,0.0,0.0,0.15,,established,30.1,0.8,1.121,"0.90/PA this year against 1.04 at his best, two steps to clear · 1,306 career PA, a known quantity · only 254 PA, and a breakout needs 350 next year",xwOBA 0.298 (39th) · barrels 4.5% (24th) · EV 88.3 (45th) · hard-hit 36% (38th) · K 15% (88th) · BB 4% (8th) · chase 41% (6th) · bat speed 71.2 mph (37th) · sprint 27.3 (45th),"{""n"":20,""b"":0,""c"":[[""Andy Ib\u00e1\u00f1ez"",2025,32,0.9,0.31,8,0],[""Gio Urshela"",2023,32,0.89,0.8,367,0],[""Enrique Hern\u00e1ndez"",2022,31,0.83,0.84,425,0],[""Joey Wendle"",2022,32,0.87,0.73,233,0],[""Corey Dickerson"",2022,33,0.89,0.8,122,0]]}",0.9356183442540812,0.9619339707739493,-0.03556545422470473,0.9356183442540812,273.0,0.899,255.0,561.0,288,239,FA,established,1.0410557184750733,-0.13948091532546703,False
620443,Luis Torrens,2026,1996-05-02,C,R,New York Mets,92,277,252,60,14,0,9,36,41,17,4,1,0,58,1,37,2,17,0,85,2,0,0,0,0,2,30.0,277.0,20.9,6.1,0.238,0.401,0.296,0.163,0.274,0.231,0.366,0.306,0.289,0.29,0.135,0.354,0.331,0.007,0.035,0.017,88.7,8.1,30.3,5.6,40.9,98.968667629,93.763317979,65.7,32.9,63.3,87.1,21.5,48.3,31.3,53.0,21.7,20.7,4.5,7.1,70.2,9.9,26.9,6.9,7.3,51.9,-4.0,26.6,4.65,12.0,24.0,24.0,198.0,82.0,61.0,luis torrens,NYM,,,,,,,,294.0,30.2,3.1956521739130435,1.0613718411552346,266,C,C,True,339.0,171.72,2.3941801142166454,122.28,0.801472059696398,73.0,False,False,250,False,39.55841006979146,10.691335527894166,0.5580987348373109,7.404155667477073,29.38113453124108,30.100642925413023,265.92577745665415,0.9600208572442388,28.074222543345854,0.10135098391099584,415.0,-121.0,"{'C': 415, 'SS': 586, '2B': 586, '3B': 569, '1B': 598, 'OF': 519, 'UT': 473}",1.0613718411552346,0.4981949458483754,-6.417348778617602,,,,,,2.1660649819494586,19.494584837545123,36.82310469314079,-0.017000000000000015,1.0613718411552346,3,1264,0.0,0.9312169312169312,2,False,0.13015490993830348,1.0999999999999979,-5.1,-0.5,0.0,0.0,9.0,0.0,,5.3999999999999995,2026-03-28,2026-09-12,84.0,151.0,151.0,0.0,258.0,0.556,2.0,0.0,0.15,,established,28.2,0.5,1.141,"1.06/PA is his best rate yet, so the bar is one step up · sprint 26.6 ft/s (26th pct) · already 30, an age that jumps 3% of the time",xwOBA 0.289 (28th) · barrels 5.6% (34th) · EV 88.7 (52nd) · hard-hit 41% (60th) · K 21% (60th) · BB 6% (23rd) · chase 33% (34th) · bat speed 70.2 mph (26th) · sprint 26.6 (26th),"{""n"":20,""b"":0,""c"":[[""Dominic Smith"",2025,30,1.0,0.95,282,0],[""Edmundo Sosa"",2025,29,1.0,0.99,244,0],[""Tyrone Taylor"",2023,29,1.13,1.01,349,0],[""Eric Haase"",2022,30,1.01,0.75,221,0],[""Andy Ib\u00e1\u00f1ez"",2024,31,0.89,0.9,174,0]]}",0.8995991866965046,1.0031333930170099,-0.035928731828200076,0.8995991866965046,225.0,0.996,202.0,540.0,378,335,FA,established,0.9312169312169312,0.13015490993830348,False
621020,Dansby Swanson,2026,1994-02-11,SS,R,Chicago Cubs,125,482,425,91,16,3,19,82,69,50,2,17,1,113,4,53,8,0,0,0,0,0,0,123,0,1,32.0,482.0,23.4,10.4,0.214,0.4,0.297,0.186,0.242,0.22,0.381,0.307,0.302,0.303,0.161,0.352,0.346,-0.006,0.019,0.005,89.4,15.6,29.0,7.3,40.7,99.368358981,93.952908694,70.9,26.5,44.6,80.1,30.3,47.6,50.2,42.9,30.0,19.9,7.3,7.6,71.5,10.0,26.2,9.9,15.6,54.5,-3.0,28.3,4.34,24.0,27.0,39.0,317.0,83.7,58.1,dansby swanson,CHC,Dansby Swanson,CHC,SS,161.4,95.0,140.0,126.0,507.0,32.4,4.056,1.0518672199170125,127,SS,SS,False,95.0,556.8852459016393,4.003049236131642,-49.88524590163934,0.05295076386835795,-32.0,False,False,120,False,58.59339344544759,17.054362326725425,2.1860950102064063,15.666149217620584,59.30695874964633,52.96561741354405,462.6975761631904,0.9599534775169924,44.30242383680962,0.09191374240002004,473.0,34.0,"{'C': 415, 'SS': 586, '2B': 586, '3B': 569, '1B': 598, 'OF': 519, 'UT': 473}",1.0518672199170125,0.5705394190871369,-0.31803350116313167,74.33962264150942,77.73584905660378,67.16981132075472,-3.396226415094361,7.169811320754704,21.16182572614108,23.651452282157674,62.240663900414944,-0.0050000000000000044,1.0862068965517242,6,3707,-0.03433967663471171,1.0862068965517242,5,True,-0.03433967663471171,-2.6000000000000014,-4.3999999999999995,0.5999999999999943,32.0,1.0,42.0,0.0,Left oblique strain,35.0,2026-03-26,2026-08-16,119.0,134.0,128.0,6.0,533.0,0.93,0.0,0.0,0.15,,established,30.2,0.2,1.166,"482 PA, already has the job · sprint 28.3 ft/s (74th pct) · avg EV 89.4 (65th pct)",xwOBA 0.302 (44th) · barrels 7.3% (50th) · EV 89.4 (63rd) · hard-hit 41% (59th) · K 23% (46th) · BB 10% (71st) · chase 26% (74th) · bat speed 71.5 mph (42nd) · sprint 28.3 (72nd),"{""n"":20,""b"":0,""c"":[[""Jake Cronenworth"",2025,31,0.9,0.84,354,0],[""Brandon Nimmo"",2025,32,1.06,0.92,598,0],[""Eugenio Su\u00e1rez"",2024,33,1.03,1.08,709,0],[""Alex Bregman"",2025,31,1.01,1.0,696,0],[""Trea Turner"",2025,32,1.19,0.93,648,0]]}",0.9714901616436283,1.0261725093132104,-0.04944745880435125,0.9714901616436283,438.0,0.972,426.0,583.0,123,146,Dan,established,1.0862068965517242,-0.03433967663471171,True
621043,Carlos Correa,2026,1994-09-22,SS,R,Houston Astros,32,141,122,34,8,0,3,22,16,18,0,1,0,26,1,23,1,0,0,0,0,0,14,23,0,0,31.0,141.0,18.4,12.8,0.279,0.418,0.369,0.139,0.33,0.289,0.459,0.347,0.364,0.373,0.17,0.379,0.403,-0.01,-0.041,-0.017,89.2,7.2,36.1,10.3,41.2,101.668709184,94.924922887,61.2,32.0,66.0,84.3,22.9,45.0,40.2,47.4,16.5,32.0,4.1,7.2,73.4,12.9,22.0,38.8,7.2,39.7,3.0,27.2,4.61,5.0,10.0,18.0,97.0,61.4,57.1,carlos correa,HOU,Carlos Correa,HOU,"3B,SS",238.0,146.0,253.0,233.0,143.0,31.8,4.46875,1.0141843971631206,400,3B/SS,SS,False,146.0,422.61764705882354,3.705765225084571,-279.61764705882354,0.762984774915429,-254.0,False,False,339,True,23.621439133215446,6.869804080626199,0.43007443910125115,4.3366823470571,18.281172283920725,16.58752553591978,146.1246978198405,1.0363453746087978,-3.1246978198404918,-0.022160977445677243,473.0,-330.0,"{'C': 415, 'SS': 586, '2B': 586, '3B': 569, '1B': 598, 'OF': 519, 'UT': 473}",1.0141843971631206,0.5815602836879432,-8.83552947794063,,,,,,4.25531914893617,12.76595744680851,76.59574468085106,0.017000000000000015,,5,2902,,1.119891008174387,5,True,-0.10570661101126633,-0.9000000000000021,3.4000000000000004,-0.29999999999999716,144.0,1.0,223.0,0.0,,169.79999999999998,2026-03-26,2026-05-04,32.0,43.0,38.0,5.0,553.0,0.842,0.0,0.0,0.15,,established,35.3,0.5,1.094,"deserved 1.04/PA on contact quality, got 1.01 · avg EV 89.2 (61st pct) · sprint 27.2 ft/s (43rd pct) · barrel rate up 3.4 pts on last year",xwOBA 0.364 (94th) · barrels 10.3% (74th) · EV 89.2 (58th) · hard-hit 41% (63rd) · K 18% (74th) · BB 13% (91st) · chase 32% (39th) · bat speed 73.4 mph (70th) · sprint 27.2 (42nd),"{""n"":20,""b"":0,""c"":[[""Max Muncy"",2025,35,1.05,1.04,577,0],[""Randal Grichuk"",2024,33,1.14,0.86,252,0],[""Andrew Benintendi"",2025,31,0.95,0.97,456,0],[""Amed Rosario"",2025,30,0.94,0.91,222,0],[""Ram\u00f3n Ur\u00edas"",2024,30,0.95,0.85,331,0]]}",0.9416193925397057,0.936156351791531,-0.04944745880435125,0.9416193925397057,280.0,0.864,264.0,565.0,280,229,Dan,established,1.119891008174387,-0.10570661101126633,True
621438,Tyrone Taylor,2026,1994-01-22,OF,R,multi,96,237,215,59,16,0,11,34,38,14,2,3,2,40,2,32,2,0,3,0,0,0,0,0,84,6,32.0,237.0,16.9,5.9,0.274,0.502,0.322,0.228,0.289,0.245,0.418,0.354,0.31,0.296,0.174,0.403,0.345,0.029,0.084,0.044,86.8,17.8,33.1,8.8,34.3,98.122758409,93.07996142,63.8,34.7,63.7,88.1,20.8,48.7,53.0,37.0,33.7,21.0,8.3,7.5,71.6,11.0,27.6,15.0,11.4,56.8,6.0,29.2,4.45,21.0,13.0,25.0,181.0,60.9,61.6,tyrone taylor,multi,,,,,,,,268.0,32.4,2.7916666666666665,1.130801687763713,279,OF,OF,True,339.0,171.72,2.3941801142166454,96.28,0.39748655245002107,60.0,False,False,250,False,32.28028086534846,11.600197499450186,0.5737624050542629,8.220759230147095,30.66862659758494,26.825738639549034,229.25436523713395,0.9673179967811559,38.74563476286605,0.1634836909825571,473.0,-205.0,"{'C': 415, 'SS': 586, '2B': 586, '3B': 569, '1B': 598, 'OF': 519, 'UT': 473}",1.130801687763713,0.6624472573839663,-5.6420646487306305,,,,,,7.594936708860759,27.848101265822788,35.44303797468354,-0.043999999999999984,1.130801687763713,6,1842,0.0,1.1275720164609053,5,False,0.003229671302807713,-5.400000000000002,5.000000000000001,1.2999999999999972,31.0,1.0,53.0,0.0,Right hip flexor strain,44.2,2026-03-28,2026-09-12,92.0,152.0,123.0,29.0,274.0,0.748,2.0,0.0,0.15,,established,29.7,0.6,1.211,"1.13/PA is his best rate yet, so the bar is one step up · sprint 29.2 ft/s (92nd pct) · avg EV 86.8 (23rd pct) · barrel rate up 5.0 pts on last year · bat speed up 1.3 mph",xwOBA 0.310 (53rd) · barrels 8.8% (63rd) · EV 86.8 (21st) · hard-hit 34% (28th) · K 17% (81st) · BB 6% (20th) · chase 35% (25th) · bat speed 71.6 mph (44th) · sprint 29.2 (91st),"{""n"":20,""b"":0,""c"":[[""Jose Altuve"",2023,33,1.25,1.08,735,0],[""Myles Straw"",2025,31,1.06,0.91,297,0],[""Jason Heyward"",2023,34,1.02,0.99,255,0],[""Harrison Bader"",2025,31,1.06,0.76,84,0],[""Jose Iglesias"",2024,34,1.07,0.78,266,0]]}",0.9585542252162373,1.0183452577508714,-0.04944745880435125,0.9585542252162373,214.0,0.965,205.0,575.0,368,180,FA,established,1.1275720164609053,0.003229671302807713,False
621439,Byron Buxton,2026,1993-12-18,OF,R,Minnesota Twins,93,408,370,94,18,1,25,65,46,30,6,7,1,100,2,50,0,0,0,0,0,0,0,0,72,20,32.0,408.0,24.5,7.4,0.254,0.511,0.319,0.257,0.279,0.248,0.488,0.355,0.343,0.311,0.24,0.442,0.424,0.006,0.023,0.012,90.2,20.3,32.4,15.9,46.7,101.614948971,95.255176912,74.1,34.4,41.6,83.5,31.3,52.7,48.2,33.5,33.1,21.0,12.5,8.0,74.1,11.7,21.0,40.4,14.1,57.4,7.0,29.7,4.15,29.0,32.0,33.0,272.0,78.9,65.0,byron buxton,MIN,Byron Buxton,MIN,"CF,DH",72.0,50.0,72.0,61.0,451.0,32.5,4.849462365591398,1.1053921568627452,162,OF,OF,False,50.0,597.1666666666666,4.318350772404012,-146.16666666666663,0.5311115931873855,-112.0,False,False,123,True,47.59606427415467,21.087518465700672,1.516770246134653,21.559647014010007,59.11942390350194,53.002891240924015,441.44231514442595,1.0819664586873186,9.557684855574053,0.023425698175426612,473.0,-22.0,"{'C': 415, 'SS': 586, '2B': 586, '3B': 569, '1B': 598, 'OF': 519, 'UT': 473}",1.1053921568627452,0.5808823529411765,-1.6430839322159372,87.16981132075472,81.13207547169812,55.471698113207545,6.037735849056602,31.698113207547173,10.294117647058824,36.76470588235294,44.11764705882353,-0.011999999999999955,1.3818897637795275,6,2321,-0.2764976069167824,1.3818897637795275,5,True,-0.2764976069167824,-2.8000000000000007,-1.799999999999999,-0.9000000000000057,57.0,3.0,126.0,0.0,Right hip strain; Right hip impingement,85.5,2026-03-26,2026-08-25,93.0,139.0,111.0,28.0,548.0,0.838,0.0,0.0,0.15,,established,35.3,0.4,1.462,"sprint 29.7 ft/s (96th pct) · avg EV 90.2 (78th pct) · 408 PA, already has the job",xwOBA 0.343 (86th) · barrels 15.9% (98th) · EV 90.2 (76th) · hard-hit 47% (86th) · K 24% (37th) · BB 7% (34th) · chase 34% (27th) · bat speed 74.1 mph (79th) · sprint 29.7 (96th),"{""n"":20,""b"":0,""c"":[[""J.T. Realmuto"",2024,33,1.03,1.01,553,0],[""Teoscar Hern\u00e1ndez"",2025,33,1.04,1.03,504,0],[""Bryce Harper"",2025,33,1.09,1.07,734,0],[""Bryce Harper"",2024,32,1.13,1.09,632,0],[""J.T. Realmuto"",2023,32,1.14,1.03,426,0]]}",1.0437646985396682,1.1872645951035783,-0.04373459214881747,1.0437646985396682,440.0,0.932,459.0,626.0,103,34,BAMBI,established,1.3818897637795275,-0.2764976069167824,True
621493,Taylor Ward,2026,1993-12-14,DH,R,multi,143,607,498,112,20,1,7,71,37,99,7,4,4,130,3,84,3,0,3,0,0,0,0,0,105,33,32.0,607.0,21.4,16.3,0.225,0.311,0.359,0.086,0.288,0.241,0.36,0.312,0.334,0.371,0.12,0.313,0.348,-0.016,-0.049,-0.022,88.7,14.8,35.3,5.1,38.3,98.776249027,93.58431897,54.1,14.9,57.1,87.0,19.5,34.4,32.9,38.8,26.7,27.0,7.5,6.9,68.5,10.6,33.4,3.0,6.5,47.2,-2.0,27.5,4.5,17.0,27.0,66.0,371.0,63.1,56.9,taylor ward,multi,Taylor Ward,SEA,"LF,RF,DH",117.8,77.0,144.0,104.0,496.0,32.5,3.4685314685314683,0.8171334431630972,134,OF,OF,False,77.0,556.8852459016393,4.003049236131642,-60.88524590163934,-0.5345177676001738,-57.0,False,False,120,False,85.25538363683796,21.5265216046398,1.47480588020655,11.761288878315698,73.69995358594906,60.766430856865746,555.2623844428149,0.9147650485054611,-59.26238444281489,-0.09763160534236393,473.0,23.0,"{'C': 415, 'SS': 586, '2B': 586, '3B': 569, '1B': 598, 'OF': 519, 'UT': 473}",0.8171334431630972,0.38879736408566723,-5.250973160994566,3.3962264150943398,11.69811320754717,20.37735849056604,-8.30188679245283,-16.9811320754717,3.9538714991762767,6.919275123558485,97.85831960461284,0.02200000000000002,1.0585106382978724,6,3143,-0.24137719513477518,1.0585106382978724,5,True,-0.24137719513477518,-5.0,-8.6,-1.0,0.0,0.0,0.0,0.0,,0.0,2026-03-26,2026-09-11,137.0,151.0,151.0,0.0,589.0,0.907,0.0,0.0,0.15,,established,29.5,0.3,1.139,"607 PA, already has the job · deserved 0.91/PA on contact quality, got 0.82 · 0.82/PA this year against 1.06 at his best, two steps to clear",xwOBA 0.334 (79th) · barrels 5.1% (30th) · EV 88.7 (52nd) · hard-hit 38% (50th) · K 21% (57th) · BB 16% (98th) · chase 15% (100th) · bat speed 68.5 mph (9th) · sprint 27.5 (49th),"{""n"":20,""b"":0,""c"":[[""Carlos Correa"",2025,31,0.88,1.01,143,0],[""Marcell Ozuna"",2025,35,0.9,0.76,213,0],[""Jorge Polanco"",2024,31,0.81,1.07,563,0],[""J.P. Crawford"",2025,30,0.88,0.81,392,0],[""Nick Castellanos"",2024,32,0.99,0.94,556,0]]}",0.897671721002983,0.9155105092631054,-0.04373459214881747,0.897671721002983,423.0,1.0,380.0,539.0,166,340,FA,established,1.0585106382978724,-0.24137719513477518,True
621566,Matt Olson,2026,1994-03-29,1B,L,Atlanta Braves,161,696,623,157,34,0,41,99,93,64,3,4,0,170,6,82,8,0,0,0,161,0,0,0,1,0,32.0,696.0,24.4,9.2,0.252,0.504,0.322,0.252,0.278,0.247,0.503,0.352,0.351,0.315,0.256,0.436,0.435,0.005,0.001,0.001,92.5,18.0,32.0,14.2,51.9,103.620535721,96.5404231,66.7,27.9,60.5,80.8,25.4,46.8,37.9,37.0,35.3,20.0,7.6,7.6,74.8,15.1,24.1,50.0,10.0,48.9,26.0,25.3,4.77,53.0,41.0,63.0,459.0,75.7,58.2,matt olson,ATL,Matt Olson,ATL,1B,36.0,29.0,44.0,31.0,734.0,32.3,4.559006211180124,1.0545977011494252,18,1B,1B,False,29.0,650.0,4.53030303030303,84.0,0.028703180877093892,11.0,False,False,1,False,74.44713418641162,38.75581965105015,1.30195813866484,39.37608802387339,84.15953211477124,101.3456001701911,723.7551322849623,1.0398780636278193,10.244867715037685,0.014719637521605877,473.0,261.0,"{'C': 415, 'SS': 586, '2B': 586, '3B': 569, '1B': 598, 'OF': 519, 'UT': 473}",1.0545977011494252,0.5804597701149425,4.548499362405573,75.47169811320755,80.75471698113208,93.58490566037736,-5.283018867924525,-18.113207547169807,3.4482758620689653,35.3448275862069,55.172413793103445,-0.0010000000000000009,1.261111111111111,6,4197,-0.20651340996168588,1.261111111111111,5,True,-0.20651340996168588,0.09999999999999787,-0.20000000000000107,0.8999999999999915,0.0,0.0,0.0,0.0,,0.0,2026-03-27,2026-09-12,149.0,153.0,153.0,0.0,628.0,0.974,0.0,0.0,0.15,,established,36.5,1.1,1.341,"696 PA, already has the job · avg EV 92.5 (95th pct) · sprint 25.3 ft/s (8th pct) · bat speed up 0.9 mph",xwOBA 0.351 (91st) · barrels 14.2% (94th) · EV 92.5 (95th) · hard-hit 52% (96th) · K 24% (37th) · BB 9% (56th) · chase 28% (66th) · bat speed 74.8 mph (87th) · sprint 25.3 (7th),"{""n"":20,""b"":0,""c"":[[""Manny Machado"",2025,33,1.06,0.93,627,0],[""Adolis Garc\u00eda"",2025,32,0.97,0.78,201,0],[""Bryce Harper"",2025,33,1.09,1.07,734,0],[""Freddie Freeman"",2025,36,1.11,1.0,651,0],[""Teoscar Hern\u00e1ndez"",2025,33,1.04,1.03,504,0]]}",1.0062843064001101,1.0407964668014074,-0.04944745880435125,1.0062843064001101,597.0,1.0,601.0,604.0,40,91,MMM,established,1.261111111111111,-0.20651340996168588,True
622268,Donovan Walton,2026,1994-05-25,2B,L,multi,91,266,228,60,14,1,9,36,32,28,7,3,2,45,0,36,3,0,0,0,0,54,13,18,0,7,32.0,266.0,16.9,10.5,0.263,0.452,0.361,0.189,0.293,0.247,0.375,0.359,0.324,0.347,0.128,0.381,0.331,0.016,0.077,0.035,86.8,12.2,39.2,4.8,31.7,96.726321868,92.508275193,73.6,28.8,49.7,82.8,26.8,50.7,49.5,43.5,26.9,26.3,3.2,6.9,67.9,6.0,27.9,0.7,13.4,51.5,8.0,26.4,4.47,13.0,17.0,29.0,186.0,92.0,65.4,donovan walton,multi,,,,,,,,272.0,32.1,2.989010989010989,1.0225563909774436,276,2B/3B/SS,2B,True,339.0,171.72,2.3941801142166454,100.28,0.5948308747943436,63.0,False,False,250,False,40.33817188845545,9.014628924278442,0.7202264860767732,6.242972701189338,30.09496468410461,28.294083311291647,241.20504799539626,0.9067858947195347,30.794952004603743,0.1157704962579088,473.0,-201.0,"{'C': 415, 'SS': 586, '2B': 586, '3B': 569, '1B': 598, 'OF': 519, 'UT': 473}",1.0225563909774436,0.5902255639097744,-6.26598511454307,,,,,,6.7669172932330826,20.30075187969925,63.1578947368421,-0.034999999999999976,1.0225563909774436,1,447,0.0,,0,False,0.6725563909774436,,,,0.0,0.0,0.0,0.0,,0.0,2026-05-22,2026-09-12,79.0,93.0,93.0,0.0,368.0,0.849,57.0,1.0,0.15,,established,29.7,0.6,1.103,"447 career PA, still new · sprint 26.4 ft/s (23rd pct) · only 266 PA, and a breakout needs 350 next year",xwOBA 0.324 (68th) · barrels 4.8% (26th) · EV 86.8 (21st) · hard-hit 32% (20th) · K 17% (81st) · BB 10% (74th) · chase 29% (61st) · bat speed 67.9 mph (5th) · sprint 26.4 (22nd),"{""n"":20,""b"":0,""c"":[[""Austin Barnes"",2022,32,1.0,0.69,139,0],[""Ehire Adrianza"",2021,32,0.97,0.6,66,0],[""Elias D\u00edaz"",2021,31,1.07,0.88,335,0],[""Nathan Lukes"",2025,31,1.0,0.92,414,0],[""Matt Duffy"",2021,30,0.99,0.69,171,0]]}",0.8479569762432044,1.0225563909774436,-0.04944745880435125,0.8479569762432044,231.0,1.0,196.0,509.0,395,428,FA,established,,0.6725563909774436,False
622761,Jorge Mateo,2026,1995-06-23,SS,R,multi,98,218,204,41,7,0,5,40,18,11,1,19,4,69,1,29,6,0,0,0,0,9,2,61,1,10,31.0,218.0,31.7,5.0,0.201,0.309,0.244,0.108,0.275,0.22,0.355,0.246,0.271,0.263,0.135,0.33,0.371,-0.019,-0.046,-0.025,87.2,14.6,40.9,7.3,35.0,98.721192388,93.37221694,68.5,44.2,52.2,80.3,32.2,55.1,35.8,37.2,29.2,25.5,8.0,7.7,73.9,8.5,17.6,37.7,6.4,45.4,-12.0,30.2,4.14,11.0,13.0,17.0,137.0,70.4,64.7,jorge mateo,multi,Jorge Mateo,TB,"2B,SS,CF,DH",787.0,312.0,1122.0,,225.0,31.0,2.295918367346939,1.0321100917431192,315,2B/SS,SS,False,312.0,171.72,2.3941801142166454,53.28,-0.09826174686970646,-3.0,False,False,258,False,29.94663183028006,8.359398787176394,0.5413069348070394,6.032662447736509,27.75532880019297,21.47255189479753,229.5278806949905,1.0528801866742683,-4.5278806949905,-0.02077009493114912,473.0,-248.0,"{'C': 415, 'SS': 586, '2B': 586, '3B': 569, '1B': 598, 'OF': 519, 'UT': 473}",1.0321100917431192,0.3761467889908257,-6.731206997237082,,,,,,52.29357798165138,13.761467889908257,30.275229357798167,0.025000000000000022,1.0771428571428572,5,1601,-0.045032765399737995,,4,False,0.6821100917431192,,,,0.0,0.0,161.0,0.0,,74.39999999999999,2026-03-28,2026-09-12,87.0,139.0,139.0,0.0,212.0,0.626,1.0,0.0,0.15,,established,29.9,1.2,1.157,"sprint 30.2 ft/s (99th pct) · deserved 1.05/PA on contact quality, got 1.03 · avg EV 87.2 (29th pct)",xwOBA 0.271 (14th) · barrels 7.3% (50th) · EV 87.2 (27th) · hard-hit 35% (32nd) · K 32% (9th) · BB 5% (11th) · chase 44% (2nd) · bat speed 73.9 mph (77th) · sprint 30.2 (99th),"{""n"":20,""b"":1,""c"":[[""Eli White"",2025,31,1.07,1.03,210,0],[""Wil Myers"",2022,32,0.95,0.72,102,0],[""Tyrone Taylor"",2024,30,1.01,0.89,304,0],[""Kevin Kiermaier"",2022,32,0.95,1.05,429,0],[""Trevor Story"",2023,31,0.87,1.02,108,0]]}",1.0717442646677333,1.0324536376604851,-0.03556545422470473,1.0717442646677333,228.0,0.94,244.0,643.0,305,24,FA,established,,0.6821100917431192,False
623168,Tyler Heineman,2026,1991-06-19,C,S,multi,79,200,177,31,3,1,1,15,10,5,6,1,0,30,0,26,3,19,0,73,0,0,0,0,0,1,35.0,200.0,15.0,2.5,0.175,0.22,0.223,0.045,0.205,0.214,0.259,0.205,0.236,0.26,0.045,0.208,0.248,-0.039,-0.039,-0.031,82.0,10.0,27.0,0.6,11.9,91.606485493,90.139217234,70.1,42.9,65.6,90.0,19.5,56.3,46.5,53.5,19.5,20.1,6.9,7.0,65.0,2.2,26.8,0.3,6.5,45.1,-19.0,26.0,4.55,6.0,7.0,18.0,159.0,79.2,63.0,tyler heineman,multi,,,,,,,,144.0,35.0,1.8227848101265822,0.72,398,C,C,True,339.0,171.72,2.3941801142166454,-27.72,-0.5713953040900632,-59.0,False,False,339,False,33.50151899623647,2.4419356595243826,0.28057169224182954,1.653973651997319,16.80468092761382,17.098406656071777,166.6240875836856,0.8331204379184279,-22.624087583685593,-0.11312043791842796,415.0,-271.0,"{'C': 415, 'SS': 586, '2B': 586, '3B': 569, '1B': 598, 'OF': 519, 'UT': 473}",0.72,0.2,-11.153889454757827,,,,,,3.0,3.0,15.0,0.031,0.72,1,611,0.0,,0,False,0.37,-2.8000000000000007,-2.6,-1.0999999999999943,0.0,0.0,34.0,0.0,,12.899999999999999,2026-03-29,2026-09-12,70.0,138.0,138.0,0.0,200.0,0.507,2.0,0.0,0.15,,established,23.2,0.8,0.8,"deserved 0.83/PA on contact quality, got 0.72 · 611 career PA, still new · sprint 26.0 ft/s (15th pct)",xwOBA 0.236 (2nd) · barrels 0.6% (1st) · EV 82.0 (0th) · hard-hit 12% (0th) · K 15% (88th) · BB 2% (0th) · chase 43% (3rd) · bat speed 65.0 mph (1st) · sprint 26.0 (15th),"{""n"":20,""b"":0,""c"":[[""Nick Ahmed"",2024,34,0.71,0.5,5,0],[""Nick Ahmed"",2023,33,0.72,0.71,162,0],[""Kurt Suzuki"",2021,38,0.75,0.76,121,0],[""Andrelton Simmons"",2021,32,0.66,0.71,60,0],[""Curt Casali"",2023,35,0.7,0.75,94,0]]}",0.8529555650470461,0.8633377135348227,-0.06282389232984148,0.8529555650470461,200.0,0.94,171.0,512.0,445,419,FA,established,,0.37,False
624413,Pete Alonso,2026,1994-12-07,1B,R,Baltimore Orioles,161,700,602,161,24,0,43,100,113,81,12,5,1,169,5,94,4,0,0,0,143,0,0,0,0,19,31.0,700.0,24.1,11.6,0.267,0.522,0.363,0.255,0.299,0.285,0.563,0.379,0.402,0.375,0.279,0.462,0.496,-0.018,-0.041,-0.023,93.9,14.9,36.8,15.3,56.2,104.058997078,97.241695881,66.3,26.6,54.5,81.9,26.8,45.0,36.8,41.6,31.3,22.4,4.8,7.2,74.7,16.9,25.1,47.3,10.4,55.1,37.0,24.9,4.9,50.0,47.0,64.0,438.0,72.4,62.1,pete alonso,BAL,Pete Alonso,BAL,"1B,DH",24.6,20.0,24.0,24.0,792.0,31.6,4.919254658385094,1.1314285714285715,5,1B,1B,False,20.0,651.0652173913044,4.578038442168877,140.93478260869563,0.3412162162162167,15.0,False,False,1,False,92.36477674342177,34.13119835800067,1.395273053733318,43.67875184484424,92.75658665967187,107.55062486647837,815.4052115261503,1.1648645878945005,-23.40521152615031,-0.033436016465929086,473.0,319.0,"{'C': 415, 'SS': 586, '2B': 586, '3B': 569, '1B': 598, 'OF': 519, 'UT': 473}",1.1314285714285715,0.6342857142857142,6.794463943782329,91.69811320754717,94.33962264150944,98.49056603773585,-2.64150943396227,-6.7924528301886795,4.285714285714286,36.85714285714286,69.42857142857143,0.02300000000000002,1.143065693430657,6,4084,-0.011637122002085443,1.143065693430657,5,True,-0.011637122002085443,1.3000000000000007,-3.599999999999998,-0.5,0.0,0.0,0.0,0.0,,0.0,2026-03-26,2026-09-12,149.0,152.0,152.0,0.0,634.0,0.98,0.0,0.0,0.15,,established,36.9,1.8,1.223,"700 PA, already has the job · avg EV 93.9 (98th pct) · deserved 1.16/PA on contact quality, got 1.13",xwOBA 0.402 (99th) · barrels 15.3% (96th) · EV 93.9 (98th) · hard-hit 56% (98th) · K 24% (40th) · BB 12% (84th) · chase 27% (73rd) · bat speed 74.7 mph (86th) · sprint 24.9 (3rd),"{""n"":20,""b"":0,""c"":[[""Kyle Schwarber"",2024,31,1.1,1.21,876,0],[""Manny Machado"",2025,33,1.06,0.93,627,0],[""Kyle Schwarber"",2025,32,1.21,1.05,731,0],[""Rafael Devers"",2025,29,1.06,1.08,686,0],[""Matt Olson"",2025,31,1.05,1.05,734,0]]}",1.0386835943479944,1.0991078791513604,-0.04944745880435125,1.0386835943479944,611.0,1.0,635.0,623.0,29,39,GK,established,1.143065693430657,-0.011637122002085443,True
624424,Michael Conforto,2026,1993-03-01,DH,L,Chicago Cubs,112,309,266,63,16,0,15,32,44,35,4,1,0,80,4,32,0,0,2,0,0,0,0,0,45,52,33.0,309.0,25.9,11.3,0.237,0.466,0.33,0.229,0.274,0.235,0.435,0.342,0.331,0.323,0.2,0.418,0.4,0.002,0.031,0.011,90.4,17.3,38.9,11.6,42.1,100.534084526,94.675819048,64.7,27.5,48.9,84.2,27.1,45.2,46.3,36.3,34.2,23.7,5.8,7.3,72.5,9.1,21.7,29.1,11.9,52.8,8.0,25.9,4.62,20.0,11.0,32.0,190.0,74.4,61.7,michael conforto,CHC,Michael Conforto,CHC,"LF,RF,DH",841.0,331.0,1265.0,,309.0,33.3,2.7589285714285716,1.0,252,OF,OF,False,331.0,171.72,2.3941801142166454,137.28,0.36474845721192617,79.0,False,False,243,False,34.50958291531049,15.028948942600538,0.7433533688674623,12.228114773221511,35.98927392667627,39.36746999266625,299.57674391934256,0.9695040256289403,9.423256080657438,0.030495974371059664,473.0,-164.0,"{'C': 415, 'SS': 586, '2B': 586, '3B': 569, '1B': 598, 'OF': 519, 'UT': 473}",1.0,0.5048543689320388,-5.8572910413762695,58.30188679245283,52.075471698113205,14.339622641509434,6.226415094339622,43.96226415094339,1.941747572815534,29.12621359223301,67.96116504854369,-0.01100000000000001,1.0,5,2232,0.0,0.9795081967213115,4,False,0.020491803278688492,1.0,1.9000000000000004,-1.4000000000000057,0.0,0.0,0.0,0.0,,0.0,2026-03-26,2026-09-12,102.0,152.0,152.0,0.0,269.0,0.671,0.0,0.0,0.15,,established,33.3,0.7,1.08,"1.00/PA is his best rate yet, so the bar is one step up · avg EV 90.4 (81st pct) · only 309 PA, and a breakout needs 350 next year",xwOBA 0.331 (75th) · barrels 11.6% (82nd) · EV 90.4 (79th) · hard-hit 42% (67th) · K 26% (28th) · BB 11% (82nd) · chase 28% (68th) · bat speed 72.5 mph (58th) · sprint 25.9 (14th),"{""n"":20,""b"":0,""c"":[[""Mike Yastrzemski"",2023,33,1.01,0.97,462,0],[""Mike Yastrzemski"",2024,34,0.97,0.96,533,0],[""Travis d'Arnaud"",2024,35,1.03,0.82,189,0],[""Willson Contreras"",2024,32,1.09,1.01,568,0],[""Christian Walker"",2024,33,1.03,0.93,596,0]]}",0.8794822075629067,0.9156626506024096,-0.04373459214881747,0.8794822075629067,247.0,0.95,217.0,528.0,347,375,FA,established,0.9795081967213115,0.020491803278688492,False
624428,Adam Frazier,2026,1991-12-14,2B,L,Los Angeles Angels,67,147,129,31,9,1,1,19,13,11,3,3,2,39,0,20,0,0,0,0,0,43,0,0,9,6,34.0,147.0,26.5,7.5,0.24,0.349,0.315,0.109,0.337,0.223,0.294,0.293,0.265,0.289,0.071,0.365,0.321,0.017,0.055,0.028,85.6,12.9,35.1,2.1,19.1,94.340358667,91.213758989,70.1,36.5,52.0,84.4,26.4,53.6,43.6,51.1,21.3,26.6,1.1,6.8,65.2,2.7,23.8,1.6,11.7,46.2,-2.0,26.1,4.63,4.0,10.0,17.0,94.0,76.9,60.0,adam frazier,LAA,,,,,,,,131.0,34.5,1.955223880597015,0.891156462585034,408,2B/OF,2B,True,339.0,171.72,2.3941801142166454,-40.72,-0.43895623361963043,-69.0,False,False,339,False,23.452782952013283,3.241521608105248,0.3006079277496515,1.7720875121318163,13.789403874454877,13.481926552392803,116.96433042684768,0.79567571718944,14.035669573152319,0.09548074539559404,473.0,-342.0,"{'C': 415, 'SS': 586, '2B': 586, '3B': 569, '1B': 598, 'OF': 519, 'UT': 473}",0.891156462585034,0.35374149659863946,-9.597947475264998,,,,,,12.244897959183673,4.081632653061225,44.89795918367347,-0.02799999999999997,,5,2596,,0.9824175824175824,5,True,-0.09126111983254837,8.899999999999999,0.10000000000000009,-0.5999999999999943,57.0,1.0,68.0,0.0,,60.3,2026-03-29,2026-09-11,62.0,145.0,98.0,47.0,213.0,0.633,3.0,0.0,0.15,,established,23.9,0.0,0.971,sprint 26.1 ft/s (18th pct) · avg EV 85.6 (10th pct) · got 0.89/PA but deserved 0.80,xwOBA 0.265 (10th) · barrels 2.1% (5th) · EV 85.6 (8th) · hard-hit 19% (1st) · K 26% (25th) · BB 8% (35th) · chase 36% (17th) · bat speed 65.2 mph (1st) · sprint 26.1 (17th),"{""n"":20,""b"":1,""c"":[[""Kyle Farmer"",2025,35,0.79,0.82,14,0],[""Elias D\u00edaz"",2024,34,0.95,0.85,240,0],[""Kyle Farmer"",2024,34,0.85,0.79,236,0],[""Austin Barnes"",2024,34,0.84,0.73,32,0],[""Miguel Rojas"",2025,36,0.91,0.85,212,0]]}",0.7829686048401588,0.8663366336633664,-0.06282389232984148,0.7829686048401588,200.0,0.904,157.0,470.0,458,458,FA,established,0.9824175824175824,-0.09126111983254837,True
624431,Jose Trevino,2026,1992-11-28,C,R,Cincinnati Reds,52,156,152,33,3,0,5,12,19,1,0,0,1,29,1,25,6,11,0,46,1,0,0,0,0,0,33.0,156.0,18.6,0.6,0.217,0.336,0.221,0.119,0.235,0.213,0.295,0.24,0.222,0.217,0.082,0.293,0.271,0.004,0.041,0.018,85.8,7.8,30.2,2.4,29.4,96.674777333,92.415685583,60.9,37.6,61.6,88.3,21.5,49.6,32.5,56.3,20.6,17.5,5.6,7.1,68.4,7.3,28.4,2.6,7.6,64.0,-8.0,23.4,5.0,6.0,17.0,10.0,126.0,60.9,67.3,jose trevino,CIN,,,,,,,,132.0,33.6,2.5384615384615383,0.8461538461538461,404,C,C,True,339.0,171.72,2.3941801142166454,-39.72,0.14428142424489288,-65.0,False,False,339,False,25.86582500864802,3.40543902041146,0.2556469332330109,2.8490890377075058,10.533640425328231,16.184958574164625,120.93459899949285,0.7752217884582875,11.065401000507151,0.07093205769555866,415.0,-283.0,"{'C': 415, 'SS': 586, '2B': 586, '3B': 569, '1B': 598, 'OF': 519, 'UT': 473}",0.8461538461538461,0.34615384615384615,-9.82191107070814,,,,,,0.0,19.23076923076923,3.846153846153846,-0.017999999999999988,,4,1515,,0.9688385269121813,4,False,-0.12268468075833516,5.700000000000001,-2.1,-0.3999999999999915,46.0,2.0,79.0,0.0,Left hamstring injury,55.9,2026-03-28,2026-09-09,43.0,150.0,107.0,43.0,194.0,0.402,2.0,0.0,0.15,,established,24.4,0.1,0.926,"got 0.85/PA but deserved 0.78 · 1,515 career PA, a known quantity · avg EV 85.8 (12th pct)",xwOBA 0.222 (0th) · barrels 2.4% (8th) · EV 85.8 (11th) · hard-hit 29% (14th) · K 19% (73rd) · BB 1% (0th) · chase 38% (14th) · bat speed 68.4 mph (8th) · sprint 23.4 (0th),"{""n"":20,""b"":0,""c"":[[""Austin Wynns"",2023,33,0.83,1.6,32,0],[""Austin Barnes"",2024,34,0.84,0.73,32,0],[""Christian V\u00e1zquez"",2023,33,0.84,0.81,254,0],[""Elias D\u00edaz"",2024,34,0.95,0.85,240,0],[""Austin Wynns"",2022,32,0.86,0.83,120,0]]}",0.7696901805684492,0.8777614138438882,-0.059832570521558714,0.7696901805684492,200.0,0.908,154.0,462.0,460,460,FA,established,0.9688385269121813,-0.12268468075833516,False
624585,Jorge Soler,2026,1992-02-25,DH,R,Los Angeles Angels,86,361,316,64,16,1,12,36,49,35,6,0,0,118,4,35,0,0,1,0,0,0,0,0,9,76,34.0,361.0,32.7,9.7,0.203,0.373,0.291,0.17,0.274,0.206,0.362,0.295,0.294,0.296,0.156,0.384,0.383,-0.003,0.011,0.001,88.5,14.5,35.1,10.9,42.6,101.551384059,94.859988762,69.1,27.4,35.9,74.9,36.9,47.3,52.0,39.6,27.2,27.2,5.9,7.9,74.9,9.9,16.8,51.2,11.8,53.0,-4.0,26.0,4.81,15.0,13.0,36.0,202.0,77.1,63.4,jorge soler,LAA,Jorge Soler,,,381.5,231.0,390.0,373.0,310.0,34.3,3.604651162790698,0.8587257617728532,250,OF,UT,False,231.0,338.3666666666667,3.0792137196109657,-28.366666666666674,0.5254374431797322,-19.0,False,False,243,False,38.50118029489617,14.688262215466873,1.1119346843776954,10.794622805259245,37.93462289352484,41.18301793215363,301.60564082567845,0.8354726892678074,8.39435917432155,0.023253072505045824,473.0,-163.0,"{'C': 415, 'SS': 586, '2B': 586, '3B': 569, '1B': 598, 'OF': 519, 'UT': 473}",0.8587257617728532,0.33240997229916897,-6.668618875982544,9.056603773584905,3.018867924528302,8.679245283018867,6.037735849056603,0.37735849056603854,0.0,19.94459833795014,58.171745152354575,-0.0010000000000000009,1.053448275862069,6,2738,-0.1947225140892157,1.053448275862069,5,True,-0.1947225140892157,2.900000000000002,-1.9000000000000004,0.9000000000000057,16.0,1.0,100.0,0.0,,63.7,2026-03-26,2026-08-01,86.0,117.0,101.0,16.0,533.0,0.851,0.0,0.0,0.15,,established,33.3,0.1,1.133,"got 0.86/PA but deserved 0.84 · sprint 26.0 ft/s (15th pct) · 0.86/PA this year against 1.05 at his best, two steps to clear · bat speed up 0.9 mph",xwOBA 0.294 (33rd) · barrels 10.9% (78th) · EV 88.5 (48th) · hard-hit 43% (70th) · K 33% (5th) · BB 10% (63rd) · chase 27% (69th) · bat speed 74.9 mph (88th) · sprint 26.0 (15th),"{""n"":20,""b"":0,""c"":[[""Rhys Hoskins"",2025,32,0.91,0.85,268,0],[""Mitch Garver"",2025,34,0.86,0.85,126,0],[""Michael A. Taylor"",2024,33,0.83,0.86,280,0],[""Kyle Farmer"",2025,35,0.79,0.82,14,0],[""Mitch Garver"",2024,34,0.8,0.86,250,0]]}",0.8629931049577597,0.8857657158681805,-0.059832570521558714,0.8629931049577597,290.0,0.902,250.0,518.0,299,405,Dan,established,1.053448275862069,-0.1947225140892157,True
624641,Edmundo Sosa,2026,1996-03-06,OF,R,Philadelphia Phillies,83,246,227,55,10,2,8,29,43,7,6,4,0,53,3,35,5,0,2,0,0,14,20,18,32,1,30.0,246.0,21.5,2.8,0.242,0.41,0.28,0.168,0.278,0.276,0.443,0.299,0.327,0.312,0.168,0.358,0.397,-0.034,-0.033,-0.028,87.9,10.7,33.1,7.3,39.3,100.022935056,94.197390508,71.3,52.6,57.6,85.9,27.3,61.1,42.1,47.2,19.7,25.3,7.9,8.1,72.6,10.3,21.2,27.8,10.9,58.4,0.0,28.7,4.41,10.0,18.0,27.0,178.0,70.1,68.3,edmundo sosa,PHI,Edmundo Sosa,PHI,"2B,3B,SS,LF",848.5,334.0,1298.0,,244.0,30.3,2.9397590361445785,0.991869918699187,298,2B/3B/SS/OF,3B/OF,False,334.0,171.72,2.3941801142166454,72.28,0.545578921927933,36.0,False,False,255,False,42.2033754247758,10.942929055733291,1.3240156142060473,8.181679905284872,31.845090028731917,28.123640035927274,247.4087300646592,1.0057265449782895,-3.40873006465921,-0.013856626279102557,473.0,-229.0,"{'C': 415, 'SS': 586, '2B': 586, '3B': 569, '1B': 598, 'OF': 519, 'UT': 473}",0.991869918699187,0.5,-6.457937120342374,,,,,,9.756097560975611,19.512195121951223,17.073170731707318,0.028000000000000025,1.0036496350364963,5,1597,-0.011779716337309343,1.0036496350364963,4,False,-0.011779716337309343,0.0,1.0,0.29999999999999716,0.0,0.0,17.0,0.0,,7.5,2026-03-28,2026-09-12,79.0,149.0,149.0,0.0,237.0,0.53,2.0,0.0,0.15,,established,32.8,1.0,1.084,"sprint 28.7 ft/s (83rd pct) · 0.99/PA is his best rate yet, so the bar is one step up · deserved 1.01/PA on contact quality, got 0.99",xwOBA 0.327 (71st) · barrels 7.3% (50th) · EV 87.9 (38th) · hard-hit 39% (55th) · K 22% (57th) · BB 3% (1st) · chase 53% (0th) · bat speed 72.6 mph (60th) · sprint 28.7 (82nd),"{""n"":20,""b"":0,""c"":[[""Ram\u00f3n Ur\u00edas"",2024,30,0.95,0.85,331,0],[""Harrison Bader"",2024,30,0.99,1.06,533,0],[""Alex Call"",2025,31,0.94,0.84,162,0],[""Jake Meyers"",2025,29,1.02,0.77,118,0],[""Tyrone Taylor"",2024,30,1.01,0.89,304,0]]}",1.0252625970456601,0.9964933993399341,-0.035928731828200076,1.0252625970456601,233.0,0.994,239.0,615.0,312,59,FA,established,1.0036496350364963,-0.011779716337309343,False
630105,Jake Cronenworth,2026,1994-01-21,2B,L,San Diego Padres,108,420,375,85,13,1,7,46,40,36,6,9,2,96,0,64,7,0,0,0,8,92,5,3,0,2,32.0,420.0,22.9,8.6,0.227,0.323,0.305,0.096,0.287,0.214,0.307,0.285,0.272,0.293,0.093,0.32,0.301,0.013,0.016,0.013,87.2,11.4,30.5,3.9,29.4,97.102482353,92.582481845,63.7,29.1,56.0,89.7,21.3,46.0,30.1,48.6,22.0,21.3,8.2,7.2,71.5,7.8,23.8,18.6,8.3,41.4,-10.0,28.0,4.33,14.0,38.0,33.0,282.0,70.0,62.1,jake cronenworth,SD,Jake Cronenworth,SD,"1B,2B,SS",340.4,206.0,403.0,321.0,354.0,32.4,3.2777777777777777,0.8428571428571429,219,2B,2B,False,206.0,340.0,3.180509813450934,14.0,0.0972679643268437,-13.0,False,False,206,False,60.89227572442421,11.141339118373942,0.9154945899794983,7.300890567222354,45.65036679441258,38.70007697689125,341.72544377130384,0.8136320089792949,12.274556228696156,0.029225133877847975,473.0,-119.0,"{'C': 415, 'SS': 586, '2B': 586, '3B': 569, '1B': 598, 'OF': 519, 'UT': 473}",0.8428571428571429,0.37142857142857144,-5.812393426000803,7.169811320754717,9.245283018867925,15.09433962264151,-2.0754716981132075,-7.9245283018867925,12.857142857142858,10.0,51.42857142857143,-0.012999999999999956,1.0031104199066874,6,3440,-0.1602532770495445,1.0031104199066874,5,True,-0.1602532770495445,2.099999999999998,-2.3000000000000003,0.5999999999999943,55.0,1.0,83.0,0.0,Concussion symptoms,71.8,2026-03-26,2026-09-12,95.0,148.0,99.0,49.0,554.0,0.96,0.0,0.0,0.15,,established,27.3,0.2,1.083,"420 PA, already has the job · sprint 28.0 ft/s (65th pct) · got 0.84/PA but deserved 0.81",xwOBA 0.272 (15th) · barrels 3.9% (18th) · EV 87.2 (27th) · hard-hit 29% (14th) · K 23% (49th) · BB 9% (51st) · chase 29% (58th) · bat speed 71.5 mph (42nd) · sprint 28.0 (63rd),"{""n"":20,""b"":0,""c"":[[""Xander Bogaerts"",2024,32,0.93,0.98,541,0],[""Adam Frazier"",2025,34,0.9,0.89,131,0],[""Hunter Renfroe"",2024,32,0.92,0.56,60,0],[""Javier B\u00e1ez"",2025,33,0.94,0.83,163,0],[""Mark Canha"",2024,35,0.87,0.63,79,0]]}",0.8508737975596965,0.8775113415424498,-0.04944745880435125,0.8508737975596965,336.0,0.943,286.0,511.0,260,422,FA,established,1.0031104199066874,-0.1602532770495445,True
641343,Jake Bauers,2026,1995-10-06,1B,L,Milwaukee Brewers,143,574,473,126,22,2,26,92,86,94,4,11,6,155,3,76,10,0,0,0,118,0,0,0,48,4,30.0,574.0,27.0,16.4,0.266,0.486,0.39,0.22,0.339,0.251,0.465,0.382,0.37,0.376,0.214,0.473,0.452,0.015,0.021,0.012,92.1,12.1,38.3,13.8,52.0,103.230030189,96.543736246,62.0,21.7,40.2,81.9,29.9,40.5,41.4,41.1,30.2,25.2,3.4,7.7,76.5,14.5,23.5,68.1,10.9,48.1,27.0,26.9,4.49,33.0,35.0,58.0,321.0,75.7,60.1,jake bauers,MIL,Jake Bauers,MIL,"1B,LF,RF",810.5,316.0,1189.0,,655.0,30.7,4.580419580419581,1.1411149825783973,42,1B/OF,1B/OF,False,316.0,171.72,2.3941801142166454,483.28,2.1862394662029354,274.0,True,True,1,False,67.51398987835582,25.09728145000225,2.2104674649280662,23.90126120671387,76.74883010617447,73.36886284450532,609.7856929506797,1.0623444128060622,45.21430704932027,0.0787705697723351,473.0,182.0,"{'C': 415, 'SS': 586, '2B': 586, '3B': 569, '1B': 598, 'OF': 519, 'UT': 473}",1.1411149825783973,0.6236933797909407,3.244729466547801,93.58490566037736,93.20754716981132,89.05660377358491,0.37735849056603854,4.528301886792448,11.498257839721253,27.177700348432058,98.25783972125434,-0.01200000000000001,1.1411149825783973,5,1725,0.0,1.0504587155963303,4,False,0.09065626698206697,-0.10000000000000142,0.10000000000000142,0.0,0.0,0.0,33.0,0.0,,19.8,2026-03-26,2026-09-12,133.0,152.0,152.0,0.0,522.0,0.875,0.0,0.0,0.15,,established,37.1,4.3,1.221,"574 PA, already has the job · avg EV 92.1 (93rd pct) · 1.14/PA is his best rate yet, so the bar is one step up",xwOBA 0.370 (95th) · barrels 13.8% (93rd) · EV 92.1 (93rd) · hard-hit 52% (96th) · K 27% (23rd) · BB 16% (98th) · chase 22% (93rd) · bat speed 76.5 mph (96th) · sprint 26.9 (34th),"{""n"":20,""b"":0,""c"":[[""Seiya Suzuki"",2024,30,1.13,1.04,677,0],[""Adolis Garc\u00eda"",2023,30,1.18,0.95,605,0],[""Ram\u00f3n Laureano"",2025,31,1.18,0.94,194,0],[""Brent Rooker"",2024,30,1.23,1.05,736,0],[""Christian Yelich"",2023,32,1.18,1.32,417,0]]}",1.0261480698226344,1.1042542666336879,-0.03556545422470473,1.0261480698226344,493.0,0.984,506.0,616.0,80,55,THALER,broke_out,1.0504587155963303,0.09065626698206697,False
641355,Cody Bellinger,2026,1995-07-13,OF,L,New York Yankees,132,562,496,131,25,3,17,73,73,59,0,12,6,89,7,86,3,0,8,0,6,0,0,0,145,1,30.0,562.0,15.8,10.5,0.264,0.429,0.338,0.165,0.287,0.271,0.411,0.336,0.335,0.347,0.14,0.357,0.356,-0.007,0.018,0.001,89.2,17.6,38.2,6.6,37.8,98.486220194,93.510838881,64.9,30.3,66.1,86.8,20.0,47.1,45.2,36.2,30.2,24.9,8.7,7.9,69.8,10.6,32.2,4.1,13.7,61.6,13.0,27.3,4.24,30.0,36.0,65.0,414.0,74.8,61.2,cody bellinger,NYY,Cody Bellinger,NYY,"1B,LF,CF,RF",55.2,38.0,75.0,65.0,598.0,31.0,4.53030303030303,1.0640569395017794,81,OF,OF,False,38.0,636.5,4.485508577873414,-38.5,0.044794452429615994,-43.0,False,False,47,False,96.55534523330358,20.983066551356796,2.175831197375646,14.701757017963972,68.52806880341025,61.127494273809,575.9275630772192,1.0247821407067959,22.072436922780753,0.03927479879498352,473.0,125.0,"{'C': 415, 'SS': 586, '2B': 586, '3B': 569, '1B': 598, 'OF': 519, 'UT': 473}",1.0640569395017794,0.6067615658362989,0.32864627318016326,78.11320754716982,87.9245283018868,73.20754716981132,-9.811320754716974,4.905660377358501,12.811387900355871,18.14946619217082,62.989323843416365,-0.0010000000000000009,1.2859712230215827,6,3243,-0.22191428351980336,1.2859712230215827,5,True,-0.22191428351980336,2.1000000000000014,-0.9000000000000004,-0.29999999999999716,28.0,1.0,59.0,0.0,Left hamstring strain,37.3,2026-03-25,2026-09-12,121.0,152.0,126.0,26.0,608.0,0.96,0.0,0.0,0.15,,established,30.0,0.4,1.366,"562 PA, already has the job · avg EV 89.2 (61st pct) · got 1.06/PA but deserved 1.02",xwOBA 0.335 (80th) · barrels 6.6% (43rd) · EV 89.2 (58th) · hard-hit 38% (46th) · K 16% (87th) · BB 10% (74th) · chase 30% (50th) · bat speed 69.8 mph (22nd) · sprint 27.3 (45th),"{""n"":20,""b"":0,""c"":[[""Trea Turner"",2024,31,1.13,1.19,759,0],[""Mookie Betts"",2025,33,0.98,1.0,526,0],[""Nick Castellanos"",2024,32,0.99,0.94,556,0],[""Teoscar Hern\u00e1ndez"",2025,33,1.04,1.03,504,0],[""Cedric Mullins"",2025,31,1.01,0.92,460,0]]}",1.005753588927703,1.0791085856343783,-0.03556545422470473,1.005753588927703,528.0,0.97,531.0,603.0,66,93,LTTA,established,1.2859712230215827,-0.22191428351980336,True
641487,J.P. Crawford,2026,1995-01-11,SS,L,Seattle Mariners,115,486,409,90,12,0,14,54,40,64,8,1,3,95,3,64,11,0,0,0,0,0,33,84,0,1,31.0,486.0,19.5,13.2,0.22,0.352,0.335,0.132,0.251,0.234,0.36,0.312,0.319,0.346,0.125,0.318,0.329,-0.014,-0.008,-0.007,87.7,13.6,32.6,6.3,34.5,97.955458654,93.03627141,56.4,19.5,67.2,88.4,16.9,38.2,37.6,47.6,22.6,20.7,9.1,7.4,71.3,8.9,29.0,17.9,7.0,45.8,-2.0,26.2,4.59,18.0,39.0,33.0,319.0,72.5,59.6,jp crawford,SEA,J.P. Crawford,SEA,"3B,SS",312.0,192.0,395.0,328.0,392.0,31.5,3.408695652173913,0.8065843621399177,199,3B/SS,3B/SS,False,192.0,375.06451612903226,3.180509813450934,16.935483870967744,0.22818583872297893,-7.0,False,False,171,False,69.32364649454271,13.634301506705016,0.7534575029618286,11.994594495790443,53.632141754575024,51.27664919270959,411.44579094728465,0.84659627766931,-19.44579094728465,-0.04001191552939232,473.0,-81.0,"{'C': 415, 'SS': 586, '2B': 586, '3B': 569, '1B': 598, 'OF': 519, 'UT': 473}",0.8065843621399177,0.4279835390946502,-5.568796601864486,2.2641509433962264,23.77358490566038,16.60377358490566,-21.50943396226415,-14.339622641509434,1.234567901234568,17.283950617283953,79.01234567901236,0.007000000000000006,0.9811912225705329,6,3519,-0.17460686043061524,0.9811912225705329,5,True,-0.17460686043061524,0.8000000000000007,1.3999999999999995,0.29999999999999716,41.0,3.0,102.0,0.0,,59.3,2026-04-03,2026-09-12,104.0,142.0,111.0,31.0,584.0,0.937,8.0,0.0,0.15,,established,29.9,0.7,1.061,"486 PA, already has the job · deserved 0.85/PA on contact quality, got 0.81 · avg EV 87.7 (37th pct)",xwOBA 0.319 (64th) · barrels 6.3% (40th) · EV 87.7 (35th) · hard-hit 34% (29th) · K 20% (69th) · BB 13% (92nd) · chase 20% (98th) · bat speed 71.3 mph (38th) · sprint 26.2 (19th),"{""n"":20,""b"":0,""c"":[[""Ty France"",2025,31,0.86,1.06,525,0],[""Ty France"",2024,30,0.81,0.86,419,0],[""Nathaniel Lowe"",2025,30,0.88,0.94,401,0],[""Xander Bogaerts"",2024,32,0.93,0.98,541,0],[""Andrew Benintendi"",2024,30,0.89,0.95,447,0]]}",0.8274308836935789,0.8368353556278978,-0.03556545422470473,0.8274308836935789,357.0,0.953,295.0,496.0,251,446,FA,established,0.9811912225705329,-0.17460686043061524,True
641598,Mitch Garver,2026,1991-01-15,C,R,Seattle Mariners,50,149,126,22,3,0,4,17,15,22,1,1,0,49,0,15,3,6,0,36,0,0,0,0,0,8,35.0,149.0,32.9,14.8,0.175,0.294,0.302,0.119,0.247,0.194,0.341,0.278,0.301,0.318,0.147,0.329,0.373,-0.019,-0.047,-0.023,90.6,18.3,28.6,9.1,48.1,100.526305641,94.874987922,61.7,24.9,46.0,76.4,33.7,41.3,53.2,33.8,37.7,23.4,5.2,7.4,72.5,9.4,23.1,18.8,15.3,65.4,-1.0,25.1,4.81,7.0,5.0,10.0,77.0,66.7,61.1,mitch garver,SEA,,,,,,,,126.0,35.5,2.52,0.8456375838926175,412,C,C,True,339.0,171.72,2.3941801142166454,-45.72,0.12581988578335457,-73.0,False,False,339,False,14.6514951934842,5.231396269975652,0.39272187959609933,4.168386656944049,15.093754448357686,16.750478540405535,134.25423298876322,0.9010351207299545,-8.25423298876322,-0.05539753683733706,415.0,-289.0,"{'C': 415, 'SS': 586, '2B': 586, '3B': 569, '1B': 598, 'OF': 519, 'UT': 473}",0.8456375838926175,0.28859060402684567,-10.092642690405963,,,,,,4.026845637583892,16.10738255033557,88.59060402684564,0.022999999999999965,,5,1671,,1.102880658436214,5,False,-0.25724307454359663,5.299999999999997,1.1999999999999993,0.7999999999999972,0.0,0.0,0.0,0.0,,0.0,2026-03-30,2026-08-01,50.0,114.0,114.0,0.0,195.0,0.439,4.0,0.0,0.15,,established,31.8,0.4,0.926,"deserved 0.90/PA on contact quality, got 0.85 · avg EV 90.6 (83rd pct) · sprint 25.1 ft/s (6th pct)",xwOBA 0.301 (42nd) · barrels 9.1% (65th) · EV 90.6 (81st) · hard-hit 48% (90th) · K 33% (4th) · BB 15% (97th) · chase 25% (83rd) · bat speed 72.5 mph (58th) · sprint 25.1 (5th),"{""n"":20,""b"":0,""c"":[[""Kyle Higashioka"",2023,33,0.93,1.08,283,0],[""Enrique Hern\u00e1ndez"",2025,34,0.82,0.9,85,0],[""James McCann"",2024,34,0.97,1.03,141,0],[""Travis d'Arnaud"",2023,34,0.93,1.03,351,0],[""Evan Longoria"",2022,37,0.94,0.89,210,0]]}",0.9071334532623987,0.8376237623762377,-0.06282389232984148,0.9071334532623987,200.0,0.95,181.0,544.0,427,322,FA,established,1.102880658436214,-0.25724307454359663,False
641680,Jonah Heim,2026,1995-06-27,C,S,multi,105,390,358,73,19,0,13,34,43,27,2,0,0,70,3,41,5,17,0,72,7,0,1,0,0,19,31.0,390.0,17.9,6.9,0.204,0.366,0.262,0.162,0.216,0.227,0.361,0.276,0.285,0.284,0.134,0.299,0.312,-0.023,0.005,-0.009,87.3,13.3,33.0,5.9,32.3,97.523598,92.806524966,66.3,33.6,64.4,86.0,21.4,49.8,39.2,44.0,26.5,21.3,8.2,7.6,70.2,7.2,26.0,11.4,9.1,54.1,-12.0,25.1,4.86,18.0,17.0,38.0,291.0,73.2,61.5,jonah heim,multi,Jonah Heim,ATH,"C,1B,DH",837.5,329.0,1201.0,,339.0,31.0,3.2285714285714286,0.8692307692307693,226,C,C,False,329.0,171.72,2.3941801142166454,167.28,0.8343913143547832,103.0,False,False,207,False,55.07921743470095,14.951399106207052,0.6855494834830455,10.549833975608953,37.33207894925807,43.78563782516318,349.62171677442126,0.896465940447234,-10.621716774421259,-0.027235171216464793,415.0,-76.0,"{'C': 415, 'SS': 586, '2B': 586, '3B': 569, '1B': 598, 'OF': 519, 'UT': 473}",0.8692307692307693,0.4230769230769231,-7.154699307263072,11.69811320754717,21.50943396226415,4.150943396226415,-9.81132075471698,7.547169811320755,0.0,20.0,41.53846153846154,0.008999999999999952,1.1317365269461077,6,2550,-0.26250575771533846,1.1317365269461077,5,False,-0.26250575771533846,-2.400000000000002,-0.1999999999999993,1.2000000000000028,0.0,0.0,0.0,0.0,,0.0,2026-03-27,2026-09-12,96.0,149.0,149.0,0.0,360.0,0.644,0.0,0.0,0.15,,established,27.1,0.6,1.212,"deserved 0.90/PA on contact quality, got 0.87 · 390 PA, already has the job · avg EV 87.3 (30th pct) · bat speed up 1.2 mph",xwOBA 0.285 (24th) · barrels 5.9% (35th) · EV 87.3 (29th) · hard-hit 32% (22nd) · K 18% (78th) · BB 7% (29th) · chase 34% (31st) · bat speed 70.2 mph (26th) · sprint 25.1 (5th),"{""n"":20,""b"":0,""c"":[[""Hunter Renfroe"",2024,32,0.92,0.56,60,0],[""Xander Bogaerts"",2024,32,0.93,0.98,541,0],[""Jeff McNeil"",2024,32,0.88,0.91,419,0],[""Andrew Benintendi"",2024,30,0.89,0.95,447,0],[""Nolan Arenado"",2025,34,0.87,1.04,617,0]]}",0.8450799770952059,0.8494542717350396,-0.03556545422470473,0.8450799770952059,284.0,1.0,240.0,507.0,309,432,GK,established,1.1317365269461077,-0.26250575771533846,False
641857,Ryan McMahon,2026,1994-12-14,3B,L,New York Yankees,124,360,328,70,14,0,11,33,41,28,2,3,2,106,1,45,9,0,0,0,0,0,122,2,0,0,31.0,360.0,29.4,7.8,0.213,0.357,0.279,0.144,0.278,0.23,0.381,0.282,0.297,0.294,0.152,0.36,0.384,-0.017,-0.024,-0.015,90.5,14.3,32.1,9.0,44.8,101.386570182,95.088092055,62.9,28.2,42.7,82.3,30.2,45.5,41.5,41.1,31.3,23.2,4.5,7.4,74.7,13.1,22.4,49.1,11.1,50.3,-10.0,25.9,4.61,18.0,18.0,34.0,224.0,75.7,61.4,ryan mcmahon,NYY,Ryan McMahon,NYY,3B,343.4,208.0,410.0,346.0,291.0,31.5,2.346774193548387,0.8083333333333333,268,3B,3B,False,208.0,338.3666666666667,3.180509813450934,-47.366666666666674,-0.833735619902547,-60.0,False,False,250,False,48.635253415095136,14.890470912241028,0.7772979302325159,11.136977742431315,37.86908986643388,41.36818974938639,309.9732796158203,0.8610368878217229,-18.973279615820275,-0.05270355448838959,473.0,-182.0,"{'C': 415, 'SS': 586, '2B': 586, '3B': 569, '1B': 598, 'OF': 519, 'UT': 473}",0.8083333333333333,0.32222222222222224,-6.911564532393114,2.6415094339622645,1.8867924528301887,5.283018867924529,0.7547169811320757,-2.6415094339622645,5.0,18.333333333333332,46.666666666666664,0.015000000000000013,1.0251677852348993,6,3411,-0.21683445190156592,1.0251677852348993,5,True,-0.21683445190156592,-2.8999999999999986,-3.0999999999999996,0.7000000000000028,20.0,2.0,20.0,0.0,,20.0,2026-03-25,2026-09-11,115.0,152.0,131.0,21.0,380.0,0.878,0.0,0.0,0.15,,established,33.4,0.2,1.105,"deserved 0.86/PA on contact quality, got 0.81 · avg EV 90.5 (82nd pct) · sprint 25.9 ft/s (14th pct)",xwOBA 0.297 (37th) · barrels 9.0% (65th) · EV 90.5 (81st) · hard-hit 45% (80th) · K 29% (16th) · BB 8% (39th) · chase 28% (65th) · bat speed 74.7 mph (86th) · sprint 25.9 (14th),"{""n"":20,""b"":0,""c"":[[""Adolis Garc\u00eda"",2025,32,0.97,0.78,201,0],[""Jorge Soler"",2025,33,0.85,0.86,310,0],[""Seth Brown"",2024,32,0.85,0.68,52,0],[""Rhys Hoskins"",2025,32,0.91,0.85,268,0],[""Ty France"",2025,31,0.86,1.06,525,0]]}",0.8692232289406434,0.8339410009943653,-0.03556545422470473,0.8692232289406434,300.0,0.984,261.0,522.0,282,393,FA,established,1.0251677852348993,-0.21683445190156592,True
641933,Tyler O'Neill,2026,1995-06-22,OF,R,Baltimore Orioles,85,260,231,49,8,0,10,31,23,27,2,1,0,72,0,31,3,0,7,0,0,0,0,0,67,11,31.0,260.0,27.7,10.4,0.212,0.377,0.3,0.165,0.262,0.214,0.394,0.302,0.307,0.301,0.18,0.366,0.374,-0.002,-0.017,-0.005,89.4,22.5,34.0,8.8,42.8,100.1054135,94.28693195,69.5,27.9,44.6,79.3,31.7,47.2,44.0,30.2,40.9,20.8,8.2,7.4,72.3,9.1,22.1,18.9,15.2,53.6,-5.0,28.0,4.49,18.0,9.0,22.0,159.0,70.0,61.9,tyler oneill,BAL,Tyler O'Neill,BAL,"LF,RF,DH",380.8,230.0,376.0,368.0,233.0,31.0,2.7411764705882353,0.8961538461538462,305,OF,OF,False,230.0,338.3666666666667,3.0792137196109657,-105.36666666666667,-0.33803724902273036,-75.0,False,False,255,True,27.881870354086377,11.187990257922422,0.7004084218960219,9.663730966095178,31.718549041849585,30.14848694680419,245.31503598865376,0.9435193691871299,-12.315035988653761,-0.047365523033283674,473.0,-240.0,"{'C': 415, 'SS': 586, '2B': 586, '3B': 569, '1B': 598, 'OF': 519, 'UT': 473}",0.8961538461538462,0.3730769230769231,-8.07316758225482,,,,,,2.307692307692308,23.076923076923077,62.307692307692314,0.0050000000000000044,1.2625698324022345,6,2128,-0.36641598624838834,1.2625698324022345,5,True,-0.36641598624838834,3.3000000000000007,-7.699999999999999,-1.7000000000000028,44.0,2.0,161.0,0.0,,107.6,2026-03-26,2026-08-22,85.0,139.0,123.0,16.0,315.0,0.691,0.0,0.0,0.15,,established,31.6,0.2,1.343,"deserved 0.94/PA on contact quality, got 0.90 · avg EV 89.4 (65th pct) · sprint 28.0 ft/s (65th pct)",xwOBA 0.307 (49th) · barrels 8.8% (63rd) · EV 89.4 (63rd) · hard-hit 43% (72nd) · K 28% (20th) · BB 10% (71st) · chase 28% (66th) · bat speed 72.3 mph (55th) · sprint 28.0 (63rd),"{""n"":20,""b"":0,""c"":[[""Sean Murphy"",2024,30,0.86,1.02,345,0],[""Jorge Polanco"",2024,31,0.81,1.07,563,0],[""Austin Slater"",2024,32,0.8,0.86,138,0],[""Chas McCormick"",2024,29,0.86,0.76,88,0],[""Luke Raley"",2025,31,0.79,0.93,267,0]]}",0.9362908509433759,0.9635880902711929,-0.03556545422470473,0.9362908509433759,269.0,0.914,252.0,562.0,295,235,FA,established,1.2625698324022345,-0.36641598624838834,True
642086,Dominic Smith,2026,1995-06-15,DH,L,Atlanta Braves,107,298,267,68,6,1,9,40,46,23,2,0,0,48,5,52,0,0,0,0,5,0,0,0,1,75,31.0,298.0,16.1,7.7,0.255,0.386,0.313,0.131,0.274,0.239,0.378,0.307,0.301,0.302,0.139,0.33,0.323,0.016,0.008,0.006,87.7,13.3,34.2,5.8,32.4,97.687855045,92.923984009,67.2,31.2,62.2,86.9,21.4,48.3,35.6,40.4,29.3,24.4,5.8,6.9,68.8,8.6,29.6,6.7,8.6,48.7,-5.0,26.1,4.53,14.0,17.0,37.0,225.0,81.4,64.3,dominic smith,ATL,,,,,,,,282.0,31.0,2.635514018691589,0.9463087248322147,270,1B,UT,True,339.0,171.72,2.3941801142166454,110.28,0.2413339044749434,69.0,False,False,250,False,44.72790954959883,9.579540607178934,0.9831901368456337,8.522359706376603,31.480618284979556,33.17694740879165,254.3965656937712,0.8536797506502389,27.60343430622879,0.0926289741819758,473.0,-191.0,"{'C': 415, 'SS': 586, '2B': 586, '3B': 569, '1B': 598, 'OF': 519, 'UT': 473}",0.9463087248322147,0.5503355704697986,-5.658846442761165,,,,,,0.0,18.120805369127517,46.308724832214764,-0.006000000000000005,0.9955555555555555,5,2061,-0.049246830723340795,0.9955555555555555,4,False,-0.049246830723340795,-2.599999999999998,1.5999999999999996,1.0,0.0,0.0,15.0,0.0,,9.0,2026-03-28,2026-09-12,105.0,152.0,152.0,0.0,287.0,0.691,1.0,0.0,0.15,,established,27.3,0.5,1.076,"avg EV 87.7 (37th pct) · only 298 PA, and a breakout needs 350 next year · sprint 26.1 ft/s (18th pct) · bat speed up 1.0 mph",xwOBA 0.301 (42nd) · barrels 5.8% (35th) · EV 87.7 (35th) · hard-hit 32% (22nd) · K 16% (86th) · BB 8% (38th) · chase 31% (45th) · bat speed 68.8 mph (12th) · sprint 26.1 (17th),"{""n"":20,""b"":0,""c"":[[""Adam Frazier"",2023,32,0.98,0.78,228,0],[""Jose Trevino"",2024,32,0.93,0.88,267,0],[""Kevin Newman"",2024,31,0.94,0.66,76,0],[""Jeff McNeil"",2024,32,0.88,0.91,419,0],[""Carson Kelly"",2025,31,1.06,1.02,434,0]]}",0.8773982252302576,0.9432489049704817,-0.03556545422470473,0.8773982252302576,231.0,0.993,203.0,526.0,376,382,FA,established,0.9955555555555555,-0.049246830723340795,False
642201,Eli White,2026,1994-06-26,OF,R,multi,96,204,191,47,9,1,6,27,29,11,1,5,1,45,1,31,0,0,2,0,0,1,0,0,81,5,32.0,204.0,22.1,5.4,0.246,0.398,0.289,0.152,0.291,0.229,0.333,0.3,0.269,0.274,0.104,0.36,0.317,0.017,0.065,0.031,85.6,8.6,31.3,6.2,29.3,97.362570986,92.709488239,73.0,32.7,55.2,82.2,26.4,52.4,36.7,51.7,24.5,19.7,4.1,7.3,73.1,7.9,18.2,29.5,9.1,53.4,1.0,30.3,4.19,9.0,16.0,21.0,147.0,77.8,63.7,eli white,multi,Eli White,BOS,"LF,CF,RF,DH",743.0,301.0,995.0,,210.0,32.0,2.1875,1.0294117647058822,334,OF,OF,False,301.0,171.72,2.3941801142166454,38.28,-0.20668011421664545,-33.0,False,False,279,False,32.928448756202854,6.005367945514337,0.5569178403627758,4.248265457920038,24.938012016047114,18.523895597142946,181.80390761319006,0.8911956255548532,28.196092386809937,0.13821613915102904,473.0,-263.0,"{'C': 415, 'SS': 586, '2B': 586, '3B': 569, '1B': 598, 'OF': 519, 'UT': 473}",1.0294117647058822,0.5049019607843137,-7.418568994267216,,,,,,14.705882352941176,17.647058823529413,32.35294117647059,-0.030999999999999972,1.070110701107011,3,871,-0.04069893640112876,1.070110701107011,2,False,-0.04069893640112876,-3.6999999999999993,-2.8999999999999995,0.8999999999999915,25.0,2.0,25.0,0.0,Concussion,25.0,2026-03-27,2026-09-08,96.0,154.0,143.0,11.0,213.0,0.671,0.0,0.0,0.15,,established,28.5,0.4,1.15,"sprint 30.3 ft/s (99th pct) · 1.03/PA is his best rate yet, so the bar is one step up · avg EV 85.6 (10th pct) · bat speed up 0.9 mph",xwOBA 0.269 (13th) · barrels 6.2% (39th) · EV 85.6 (8th) · hard-hit 29% (14th) · K 22% (53rd) · BB 5% (15th) · chase 33% (35th) · bat speed 73.1 mph (67th) · sprint 30.3 (100th),"{""n"":20,""b"":0,""c"":[[""Kevin Kiermaier"",2021,31,0.98,0.95,209,0],[""Kevin Kiermaier"",2023,33,1.05,0.79,222,0],[""Aaron Hicks"",2023,34,1.0,0.57,36,0],[""Kevin Pillar"",2021,32,0.98,0.38,5,0],[""Travis Jankowski"",2021,30,0.96,0.77,49,0]]}",0.9414345477001069,1.0474631751227494,-0.04944745880435125,0.9414345477001069,208.0,0.98,196.0,565.0,395,229,FA,established,1.070110701107011,-0.04069893640112876,False
642215,Weston Wilson,2026,1994-09-11,3B,R,multi,74,179,160,33,5,0,4,23,13,18,1,6,1,57,0,24,3,0,1,0,3,0,55,0,9,2,31.0,179.0,31.8,10.1,0.206,0.313,0.291,0.107,0.293,0.19,0.278,0.275,0.255,0.276,0.088,0.348,0.315,0.016,0.035,0.02,85.1,13.7,35.0,3.9,33.0,97.364898627,92.685190882,66.5,26.0,39.2,77.4,33.7,45.8,45.6,44.7,27.2,21.4,6.8,7.6,72.1,7.1,16.6,20.1,14.0,47.6,-6.0,27.8,4.54,6.0,11.0,16.0,103.0,60.3,65.9,weston wilson,multi,,,,,,,,155.0,31.8,2.0945945945945947,0.8659217877094972,381,3B/OF,3B,True,339.0,171.72,2.3941801142166454,-16.72,-0.2995855196220507,-42.0,False,False,339,False,22.809953227435855,4.199085392632481,0.29196953242746465,3.098991847504196,18.57839028965337,16.140060607651037,145.59845089730442,0.813399167024047,9.401549102695583,0.052522620685450216,473.0,-318.0,"{'C': 415, 'SS': 586, '2B': 586, '3B': 569, '1B': 598, 'OF': 519, 'UT': 473}",0.8659217877094972,0.29608938547486036,-9.178074480411693,,,,,,20.11173184357542,13.40782122905028,60.33519553072626,-0.020000000000000018,,0,424,,,0,False,0.5159217877094973,,,,0.0,0.0,27.0,0.0,,16.2,2026-04-15,2026-09-12,62.0,115.0,115.0,0.0,207.0,0.539,20.0,0.0,0.15,,established,27.5,0.6,0.43,"424 career PA, still new · sprint 27.8 ft/s (59th pct) · got 0.87/PA but deserved 0.81",xwOBA 0.255 (6th) · barrels 3.9% (18th) · EV 85.1 (6th) · hard-hit 33% (24th) · K 32% (8th) · BB 10% (67th) · chase 26% (77th) · bat speed 72.1 mph (52nd) · sprint 27.8 (57th),"{""n"":20,""b"":0,""c"":[[""Austin Barnes"",2021,32,0.9,1.0,213,0],[""Charlie Culberson"",2021,32,0.86,0.88,109,0],[""Luke Maile"",2022,31,0.9,1.05,208,0],[""Charlie Culberson"",2022,33,0.88,2.0,2,0],[""Ender Inciarte"",2021,31,0.84,0.38,3,0]]}",0.8619418166729572,0.8659217877094972,-0.04944745880435125,0.8619418166729572,200.0,0.987,172.0,517.0,441,408,FA,established,,0.5159217877094973,False
642350,Jose Siri,2026,1995-07-22,OF,R,Los Angeles Angels,107,249,227,54,10,0,9,35,31,15,3,9,1,80,1,35,3,0,5,0,0,0,0,0,101,0,30.0,249.0,32.1,6.0,0.238,0.401,0.293,0.163,0.324,0.226,0.422,0.301,0.302,0.277,0.197,0.421,0.423,0.012,-0.021,-0.001,89.0,15.4,33.1,13.3,42.7,101.09251027,94.788821837,69.0,40.2,45.6,74.6,37.0,53.6,43.0,41.7,31.8,21.2,5.3,7.7,73.4,10.5,16.7,37.7,12.0,52.1,-4.0,30.0,4.24,17.0,16.0,20.0,151.0,67.7,66.8,jose siri,LAA,,,,,,,,263.0,30.9,2.457943925233645,1.0562248995983936,286,OF,OF,True,339.0,171.72,2.3941801142166454,91.28,0.06376381101699957,53.0,False,False,250,False,27.510577032744475,12.947595970452982,0.7600769608606159,10.083750035941929,33.65491425862701,29.010759252988294,261.9886735116153,1.052163347436206,1.011326488384725,0.0040615521621876205,473.0,-210.0,"{'C': 415, 'SS': 586, '2B': 586, '3B': 569, '1B': 598, 'OF': 519, 'UT': 473}",1.0562248995983936,0.40562248995983935,-6.254010573834961,,,,,,21.686746987951807,21.686746987951807,36.144578313253014,0.0010000000000000009,1.1428571428571428,4,1471,-0.08663224325874919,,3,False,0.7062248995983936,,,,0.0,0.0,145.0,0.0,,87.0,2026-05-16,2026-09-12,94.0,103.0,103.0,0.0,304.0,0.913,51.0,1.0,0.15,,established,27.8,0.9,1.223,"sprint 30.0 ft/s (98th pct) · avg EV 89.0 (58th pct) · 1.06/PA this year against 1.14 at his best, two steps to clear",xwOBA 0.302 (44th) · barrels 13.3% (91st) · EV 89.0 (56th) · hard-hit 43% (71st) · K 32% (7th) · BB 6% (21st) · chase 40% (7th) · bat speed 73.4 mph (70th) · sprint 30.0 (98th),"{""n"":20,""b"":1,""c"":[[""Eli White"",2025,31,1.07,1.03,210,0],[""Ram\u00f3n Laureano"",2024,30,1.06,1.18,578,1],[""Trevor Story"",2022,30,1.08,0.87,146,0],[""Luke Raley"",2024,30,1.06,0.79,173,0],[""Derek Hill"",2024,28,1.04,0.97,144,0]]}",1.03077841969615,0.9942618675013042,-0.03556545422470473,1.03077841969615,230.0,0.93,237.0,618.0,317,49,FA,established,,0.7062248995983936,False
642708,Amed Rosario,2026,1995-11-20,3B,R,New York Yankees,87,244,227,54,6,1,10,28,34,14,0,3,1,57,3,37,9,0,0,0,0,7,55,0,9,7,30.0,244.0,23.4,5.7,0.238,0.405,0.279,0.167,0.27,0.25,0.424,0.297,0.309,0.289,0.175,0.362,0.381,-0.012,-0.019,-0.012,90.2,11.5,34.7,10.4,39.3,101.20099,94.834235434,72.2,40.8,59.1,82.7,26.7,55.3,36.4,43.4,25.4,24.9,6.4,7.4,74.1,12.1,22.1,41.2,6.5,50.0,-2.0,28.6,4.4,13.0,16.0,24.0,173.0,80.3,63.9,amed rosario,NYY,Amed Rosario,NYY,"2B,3B,OF,DH",830.0,327.0,1237.0,,222.0,30.6,2.5517241379310347,0.9098360655737705,321,3B,3B,False,327.0,171.72,2.3941801142166454,50.28,0.15754402371438925,6.0,False,False,258,False,36.51438193076771,9.97884105977605,1.0241720881447676,9.232604921311468,30.564072417698185,28.249619313104247,226.03869173080238,0.9263880808639442,-4.038691730802384,-0.016552015290173694,473.0,-251.0,"{'C': 415, 'SS': 586, '2B': 586, '3B': 569, '1B': 598, 'OF': 519, 'UT': 473}",0.9098360655737705,0.4672131147540984,-6.977829422319817,,,,,,7.377049180327869,24.59016393442623,34.42622950819672,0.01200000000000001,0.9895522388059701,5,2584,-0.0797161732321996,,4,True,0.5598360655737705,7.199999999999999,4.4,1.0,0.0,0.0,9.0,0.0,,5.3999999999999995,2026-03-27,2026-09-12,83.0,151.0,151.0,0.0,228.0,0.55,2.0,0.0,0.15,,established,33.6,0.9,1.07,"avg EV 90.2 (78th pct) · sprint 28.6 ft/s (81st pct) · deserved 0.93/PA on contact quality, got 0.91 · barrel rate up 4.4 pts on last year · bat speed up 1.0 mph",xwOBA 0.309 (51st) · barrels 10.4% (74th) · EV 90.2 (76th) · hard-hit 39% (55th) · K 23% (46th) · BB 6% (18th) · chase 41% (6th) · bat speed 74.1 mph (79th) · sprint 28.6 (81st),"{""n"":20,""b"":1,""c"":[[""Ha-Seong Kim"",2025,30,0.9,0.49,70,0],[""Andrew Benintendi"",2025,31,0.95,0.97,456,0],[""Ram\u00f3n Ur\u00edas"",2025,31,0.85,0.72,72,0],[""Jake Burger"",2025,29,0.91,0.96,589,0],[""Tommy Edman"",2025,30,0.91,0.97,317,0]]}",0.961835489006317,0.9290657439446368,-0.03556545422470473,0.961835489006317,218.0,0.996,210.0,577.0,360,173,FA,established,,0.5598360655737705,True
642715,Willy Adames,2026,1995-09-02,SS,R,San Francisco Giants,121,505,465,107,25,1,21,62,51,37,2,5,2,139,1,60,18,0,0,0,0,0,0,121,0,0,30.0,505.0,27.5,7.3,0.23,0.424,0.289,0.194,0.281,0.222,0.391,0.311,0.296,0.282,0.17,0.396,0.374,0.008,0.033,0.015,87.4,22.8,36.7,8.9,38.8,98.797280736,93.451144018,65.9,31.6,48.3,82.9,28.9,48.1,49.5,33.3,33.3,20.8,12.5,8.2,72.3,9.0,21.2,25.4,15.4,57.6,3.0,27.8,4.43,39.0,25.0,43.0,327.0,72.4,63.4,willy adames,SF,Willy Adames,SF,SS,106.4,71.0,115.0,92.0,453.0,30.8,3.743801652892562,0.897029702970297,158,SS,SS,False,71.0,556.8852459016393,4.003049236131642,-103.88524590163934,-0.2592475832390799,-87.0,False,False,123,True,61.268838817656494,22.72102965690766,1.3914242332152005,17.848707292220652,59.205133987155484,57.9658020242094,438.6809360113649,0.868675120814584,14.319063988635094,0.02835458215571307,473.0,-20.0,"{'C': 415, 'SS': 586, '2B': 586, '3B': 569, '1B': 598, 'OF': 519, 'UT': 473}",0.897029702970297,0.42178217821782177,-3.060323419904165,18.867924528301888,20.754716981132077,40.75471698113208,-1.8867924528301891,-21.88679245283019,5.9405940594059405,24.95049504950495,43.96039603960396,-0.015000000000000013,1.1017441860465116,6,3689,-0.20471448307621454,1.1017441860465116,5,True,-0.20471448307621454,1.3999999999999986,-3.6999999999999993,0.29999999999999716,34.0,1.0,34.0,0.0,Left elbow sprain,34.0,2026-03-25,2026-08-23,121.0,140.0,133.0,7.0,566.0,0.91,0.0,0.0,0.15,,established,30.0,0.2,1.182,"505 PA, already has the job · sprint 27.8 ft/s (59th pct) · got 0.90/PA but deserved 0.87",xwOBA 0.296 (36th) · barrels 8.9% (64th) · EV 87.4 (30th) · hard-hit 39% (52nd) · K 28% (21st) · BB 7% (33rd) · chase 32% (42nd) · bat speed 72.3 mph (55th) · sprint 27.8 (57th),"{""n"":20,""b"":0,""c"":[[""Nathaniel Lowe"",2025,30,0.88,0.94,401,0],[""Jake Cronenworth"",2025,31,0.9,0.84,354,0],[""Cedric Mullins"",2025,31,1.01,0.92,460,0],[""Teoscar Hern\u00e1ndez"",2025,33,1.04,1.03,504,0],[""Randy Arozarena"",2024,29,0.98,1.08,767,0]]}",0.9178863266639604,0.9627782724844166,-0.03556545422470473,0.9178863266639604,440.0,0.973,404.0,551.0,137,291,FA,established,1.1017441860465116,-0.20471448307621454,True
643217,Andrew Benintendi,2026,1994-07-06,DH,L,Chicago White Sox,141,468,421,101,24,2,15,58,78,39,1,1,0,112,6,60,0,0,1,0,0,0,0,0,11,121,31.0,468.0,23.9,8.3,0.24,0.413,0.302,0.173,0.287,0.24,0.398,0.311,0.307,0.302,0.158,0.374,0.368,0.0,0.015,0.004,89.3,17.3,36.4,8.6,45.1,99.117923462,93.899353666,73.1,33.8,59.4,78.3,28.3,51.8,50.6,36.1,32.3,25.0,6.6,7.2,70.0,9.9,26.4,5.0,16.6,53.2,-3.0,26.5,4.47,22.0,24.0,55.0,316.0,81.4,58.5,andrew benintendi,CWS,Andrew Benintendi,CWS,"LF,DH",371.5,224.0,413.0,405.0,456.0,32.0,3.234042553191489,0.9743589743589743,155,OF,UT,False,224.0,338.3666666666667,3.0792137196109657,117.63333333333333,0.15482883358052346,69.0,False,False,121,False,64.3617719392052,20.87876565199607,1.7591528783922747,14.040309530406459,51.91371883579646,53.96894199457113,419.4806608303675,0.8963261983554862,36.519339169632474,0.07803277600348812,473.0,-17.0,"{'C': 415, 'SS': 586, '2B': 586, '3B': 569, '1B': 598, 'OF': 519, 'UT': 473}",0.9743589743589743,0.5085470085470085,-2.431374146171774,50.943396226415096,53.20754716981132,48.679245283018865,-2.264150943396224,2.2641509433962312,1.2820512820512822,19.23076923076923,50.0,-0.0040000000000000036,1.0427509293680297,6,3140,-0.06839195500905537,1.0427509293680297,5,False,-0.06839195500905537,6.5,-2.5,1.2999999999999972,0.0,0.0,59.0,0.0,,32.4,2026-03-26,2026-09-12,131.0,150.0,150.0,0.0,434.0,0.873,0.0,0.0,0.15,,established,29.3,0.1,1.123,"468 PA, already has the job · avg EV 89.3 (63rd pct) · sprint 26.5 ft/s (25th pct) · bat speed up 1.3 mph",xwOBA 0.307 (49th) · barrels 8.6% (62nd) · EV 89.3 (61st) · hard-hit 45% (82nd) · K 24% (41st) · BB 8% (47th) · chase 34% (30th) · bat speed 70.0 mph (25th) · sprint 26.5 (25th),"{""n"":20,""b"":0,""c"":[[""Jake Cronenworth"",2025,31,0.9,0.84,354,0],[""Lourdes Gurriel Jr."",2024,31,1.03,0.99,541,0],[""Dansby Swanson"",2024,30,1.0,1.01,649,0],[""Eugenio Su\u00e1rez"",2024,33,1.03,1.08,709,0],[""Alex Bregman"",2025,31,1.01,1.0,696,0]]}",0.9179009859213068,0.9530112508272667,-0.04944745880435125,0.9179009859213068,360.0,0.974,330.0,551.0,210,291,FA,established,1.0427509293680297,-0.06839195500905537,False
643289,Mauricio Dubón,2026,1994-07-19,OF,R,Atlanta Braves,152,615,568,156,28,3,11,65,71,35,4,10,3,73,3,114,6,0,3,0,0,4,7,62,100,1,31.0,615.0,11.9,5.7,0.275,0.393,0.32,0.118,0.298,0.267,0.373,0.314,0.303,0.314,0.105,0.33,0.316,0.008,0.02,0.011,86.4,15.9,36.4,3.8,29.3,96.506413563,92.258215405,72.3,37.7,75.9,89.9,15.4,53.6,31.2,40.6,25.6,25.8,8.0,7.6,69.2,6.9,27.9,4.7,3.8,38.4,-1.0,26.8,4.44,25.0,54.0,76.0,500.0,84.7,61.3,mauricio dubon,ATL,Mauricio Dubon,ATL,"2B,3B,SS,LF,CF",425.7,249.0,460.0,483.0,584.0,31.9,3.8421052631578947,0.9495934959349593,90,2B/3B/SS/OF,SS/OF,False,249.0,296.0,2.962686567164179,288.0,0.8794186959937158,159.0,True,False,53,False,116.94663345740136,21.21019668989816,2.0677062479996136,11.431463604700873,66.7352572921743,62.29675747801201,560.9840147701864,0.9121691297076201,23.015985229813623,0.037424366227339245,473.0,111.0,"{'C': 415, 'SS': 586, '2B': 586, '3B': 569, '1B': 598, 'OF': 519, 'UT': 473}",0.9495934959349593,0.5382113821138211,-0.6476739981941467,40.37735849056604,66.41509433962264,61.50943396226415,-26.037735849056602,-21.13207547169811,9.756097560975611,10.731707317073171,34.146341463414636,-0.01100000000000001,0.9796747967479674,5,2385,-0.030081300813008083,0.9796747967479674,4,False,-0.030081300813008083,1.3000000000000007,2.5999999999999996,1.1000000000000085,0.0,0.0,0.0,0.0,,0.0,2026-03-27,2026-09-12,141.0,153.0,153.0,0.0,553.0,0.922,0.0,0.0,0.15,,established,27.0,1.1,1.06,"615 PA, already has the job · 0.95/PA is his best rate yet, so the bar is one step up · sprint 26.8 ft/s (32nd pct) · barrel rate up 2.6 pts on last year · bat speed up 1.1 mph",xwOBA 0.303 (45th) · barrels 3.8% (17th) · EV 86.4 (16th) · hard-hit 29% (14th) · K 12% (96th) · BB 6% (18th) · chase 38% (13th) · bat speed 69.2 mph (16th) · sprint 26.8 (31st),"{""n"":20,""b"":1,""c"":[[""Lourdes Gurriel Jr."",2025,32,0.99,0.74,149,0],[""Alex Bregman"",2024,30,0.97,1.01,498,0],[""Adam Frazier"",2023,32,0.98,0.78,228,0],[""Jeff McNeil"",2024,32,0.88,0.91,419,0],[""Jeff McNeil"",2023,31,0.93,0.88,417,0]]}",0.8735031974644061,0.907350845041743,-0.04944745880435125,0.8735031974644061,402.0,1.0,351.0,524.0,193,390,LTTA,established,0.9796747967479674,-0.030081300813008083,False
643376,Danny Jansen,2026,1995-04-15,C,R,Texas Rangers,66,224,194,39,9,1,7,20,25,18,8,1,1,55,0,22,5,6,0,59,0,0,0,0,0,4,31.0,224.0,24.6,8.0,0.201,0.366,0.295,0.165,0.242,0.186,0.309,0.295,0.268,0.279,0.122,0.337,0.294,0.015,0.057,0.027,87.6,22.4,23.1,6.3,33.6,97.445882286,92.790613094,66.3,22.6,48.5,82.5,25.9,44.9,55.2,37.8,30.1,18.2,14.0,7.0,69.9,7.1,24.9,6.5,15.0,60.0,-5.0,26.7,4.63,12.0,12.0,15.0,143.0,63.2,60.1,danny jansen,TEX,Danny Jansen,TEX,C,458.5,263.0,431.0,486.0,191.0,31.2,2.893939393939394,0.8526785714285714,347,C,C,False,263.0,220.25,2.8337463512984864,-29.25,0.060193042640907635,-84.0,False,False,280,False,23.34460813176233,6.952702552576924,0.6447704995591691,5.141918816101579,22.633267306464,22.88670818908584,177.35597549554987,0.7917677477479905,13.64402450445013,0.06091082368058087,415.0,-224.0,"{'C': 415, 'SS': 586, '2B': 586, '3B': 569, '1B': 598, 'OF': 519, 'UT': 473}",0.8526785714285714,0.35714285714285715,-9.02528760578069,,,,,,2.6785714285714284,18.75,48.214285714285715,-0.02699999999999997,1.1733870967741935,6,1639,-0.3207085253456221,1.1733870967741935,5,False,-0.3207085253456221,-0.8999999999999986,-2.500000000000001,0.4000000000000057,73.0,1.0,91.0,0.0,,78.4,2026-03-26,2026-09-11,55.0,149.0,86.0,63.0,319.0,0.64,0.0,0.0,0.15,,established,26.3,0.1,1.253,avg EV 87.6 (36th pct) · sprint 26.7 ft/s (29th pct) · got 0.85/PA but deserved 0.79,xwOBA 0.268 (12th) · barrels 6.3% (40th) · EV 87.6 (34th) · hard-hit 34% (26th) · K 25% (36th) · BB 8% (42nd) · chase 23% (91st) · bat speed 69.9 mph (23rd) · sprint 26.7 (28th),"{""n"":20,""b"":0,""c"":[[""Eddie Rosario"",2022,31,0.77,1.01,523,0],[""Elias D\u00edaz"",2022,32,0.88,0.99,522,0],[""Chas McCormick"",2024,29,0.86,0.76,88,0],[""Hunter Renfroe"",2024,32,0.92,0.56,60,0],[""Austin Hays"",2024,29,0.88,1.07,445,0]]}",0.8585791116660697,0.8991211310661064,-0.03556545422470473,0.8585791116660697,231.0,0.937,198.0,515.0,388,412,FA,established,1.1733870967741935,-0.3207085253456221,False
643396,Isiah Kiner-Falefa,2026,1995-03-23,2B,R,Boston Red Sox,66,183,161,39,5,0,2,23,16,19,0,8,2,27,0,32,2,0,0,0,1,43,8,19,0,1,31.0,183.0,14.8,10.4,0.242,0.311,0.322,0.069,0.28,0.256,0.319,0.29,0.297,0.335,0.063,0.29,0.301,-0.014,-0.008,-0.007,82.5,7.6,32.8,2.2,25.5,94.66774,91.634413462,66.2,31.8,66.4,91.2,17.7,47.8,39.4,50.4,16.1,23.4,10.2,7.0,68.4,7.0,24.5,3.7,5.2,40.2,-5.0,27.5,4.42,6.0,16.0,17.0,137.0,64.7,66.1,isiah kinerfalefa,BOS,Isiah Kiner-Falefa,BOS,"2B,3B,SS",850.0,336.0,1282.0,,169.0,31.3,2.5606060606060606,0.9234972677595629,366,2B/3B/SS,2B,False,336.0,171.72,2.3941801142166454,-2.719999999999999,0.1664259463894151,-30.0,False,False,339,False,35.60077875897247,3.2387345085812678,0.22519470592007806,2.151292026526192,20.200285610661222,15.829679682214481,169.60496529287573,0.9268030890321078,-0.6049652928757325,-0.003305821272544973,473.0,-304.0,"{'C': 415, 'SS': 586, '2B': 586, '3B': 569, '1B': 598, 'OF': 519, 'UT': 473}",0.9234972677595629,0.48633879781420764,-8.600873999120457,,,,,,26.229508196721312,6.557377049180328,62.295081967213115,0.007000000000000006,,5,2707,,0.9390581717451524,5,True,-0.015560903985589514,-2.0,0.8000000000000003,1.9000000000000057,73.0,1.0,131.0,0.0,,98.19999999999999,2026-03-26,2026-09-12,56.0,152.0,85.0,67.0,272.0,0.659,0.0,0.0,0.15,,established,25.8,0.4,1.003,"already 31, an age that jumps 3% of the time · only 183 PA, and a breakout needs 350 next year · avg EV 82.5 (0th pct) · bat speed up 1.9 mph",xwOBA 0.297 (37th) · barrels 2.2% (6th) · EV 82.5 (0th) · hard-hit 26% (6th) · K 15% (89th) · BB 10% (71st) · chase 32% (40th) · bat speed 68.4 mph (8th) · sprint 27.5 (49th),"{""n"":20,""b"":0,""c"":[[""Kevin Newman"",2024,31,0.94,0.66,76,0],[""Adam Frazier"",2023,32,0.98,0.78,228,0],[""Jeff McNeil"",2025,33,0.91,0.91,468,0],[""Jeff McNeil"",2024,32,0.88,0.91,419,0],[""Kevin Newman"",2023,30,0.93,0.94,291,0]]}",0.8734167882858617,0.8959156785243743,-0.03556545422470473,0.8734167882858617,228.0,0.921,199.0,524.0,385,390,FA,established,0.9390581717451524,-0.015560903985589514,True
643446,Jeff McNeil,2026,1992-04-08,2B,L,Athletics,143,516,474,126,23,0,9,52,59,31,5,8,2,59,4,94,5,0,0,0,42,103,1,0,3,4,34.0,516.0,11.4,6.0,0.266,0.371,0.315,0.105,0.285,0.271,0.359,0.304,0.3,0.318,0.088,0.313,0.309,-0.005,0.012,0.004,86.3,14.1,37.9,1.7,29.8,96.226013828,92.138716196,84.0,36.0,68.9,91.2,15.8,59.1,41.2,41.9,21.9,29.0,7.1,7.3,68.7,5.3,29.5,3.8,6.8,39.2,-9.0,26.3,4.35,13.0,42.0,69.0,420.0,93.2,63.3,jeff mcneil,ATH,Jeff McNeil,ATH,"1B,2B,LF,CF,RF",310.4,191.0,333.0,333.0,468.0,34.2,3.272727272727273,0.9069767441860465,148,1B/2B/OF,1B/2B,False,191.0,375.06451612903226,3.180509813450934,92.93548387096774,0.09221745927633895,43.0,True,False,121,False,104.21418798972903,15.186428356741269,0.6345793173304114,8.418804336199303,53.54044045238836,50.67189757520366,457.832338027592,0.8872719729216899,10.167661972407984,0.019704771264356546,473.0,-5.0,"{'C': 415, 'SS': 586, '2B': 586, '3B': 569, '1B': 598, 'OF': 519, 'UT': 473}",0.9069767441860465,0.5174418604651163,-3.0169937812220846,22.641509433962266,57.35849056603774,41.509433962264154,-34.716981132075475,-18.867924528301888,9.30232558139535,10.465116279069766,36.04651162790698,-0.0040000000000000036,1.0458404074702887,6,3113,-0.13886366328424227,1.0458404074702887,5,True,-0.13886366328424227,-0.5,-3.3999999999999995,-2.0,0.0,0.0,49.0,0.0,,23.1,2026-03-27,2026-09-12,131.0,149.0,149.0,0.0,472.0,0.879,0.0,0.0,0.15,,established,26.4,0.1,1.126,"516 PA, already has the job · got 0.91/PA but deserved 0.89 · 0.91/PA this year against 1.05 at his best, two steps to clear",xwOBA 0.300 (40th) · barrels 1.7% (4th) · EV 86.3 (15th) · hard-hit 30% (15th) · K 11% (97th) · BB 6% (21st) · chase 36% (20th) · bat speed 68.7 mph (11th) · sprint 26.3 (21st),"{""n"":20,""b"":0,""c"":[[""Adam Frazier"",2025,34,0.9,0.89,131,0],[""Nolan Arenado"",2024,33,0.9,0.87,381,0],[""Josh Bell"",2024,32,0.89,0.9,482,0],[""Nolan Arenado"",2025,34,0.87,1.04,617,0],[""Marcus Semien"",2024,34,0.93,0.92,489,0]]}",0.8473386101424504,0.9034017971758665,-0.059832570521558714,0.8473386101424504,335.0,0.932,284.0,508.0,262,430,FA,established,1.0458404074702887,-0.13886366328424227,True
645277,Ozzie Albies,2026,1997-01-07,2B,S,Atlanta Braves,161,681,613,146,27,1,22,85,73,46,8,4,4,104,14,96,7,0,0,0,0,157,0,0,0,4,29.0,681.0,15.3,6.8,0.238,0.393,0.294,0.155,0.248,0.222,0.338,0.299,0.274,0.28,0.116,0.318,0.285,0.016,0.055,0.025,87.1,17.9,32.3,3.9,27.7,96.564201731,92.322736012,78.7,38.1,66.6,86.4,21.1,56.1,45.9,35.4,32.9,23.3,8.4,7.2,68.8,6.1,26.2,5.1,12.4,57.3,-12.0,27.1,4.28,32.0,39.0,75.0,523.0,87.3,60.9,ozzie albies,ATL,Ozzie Albies,ATL,2B,128.0,82.0,149.0,125.0,604.0,29.5,3.751552795031056,0.8869309838472834,78,2B,2B,False,82.0,556.8852459016393,4.003049236131642,47.11475409836066,-0.2514964411005862,4.0,False,False,42,False,98.19496305992509,20.675266566294017,1.2145776876367447,16.001192686144165,71.16662123159972,69.42197393525365,542.8685951668534,0.7971638695548509,61.131404833146576,0.08976711429243256,473.0,131.0,"{'C': 415, 'SS': 586, '2B': 586, '3B': 569, '1B': 598, 'OF': 519, 'UT': 473}",0.8869309838472834,0.5066079295154186,-0.2711204374120981,15.849056603773585,52.45283018867924,67.54716981132076,-36.60377358490566,-51.69811320754717,3.5242290748898677,19.383259911894275,40.52863436123348,-0.024999999999999967,1.156060606060606,6,3398,-0.2691296222133226,1.156060606060606,5,True,-0.2691296222133226,1.200000000000001,-1.0000000000000004,-0.20000000000000284,0.0,0.0,75.0,0.0,,24.0,2026-03-27,2026-09-12,149.0,153.0,153.0,0.0,615.0,0.974,0.0,0.0,0.15,,established,25.5,0.3,1.236,"681 PA, already has the job · sprint 27.1 ft/s (40th pct) · already 30, an age that jumps 3% of the time",xwOBA 0.274 (16th) · barrels 3.9% (18th) · EV 87.1 (25th) · hard-hit 28% (9th) · K 15% (87th) · BB 7% (29th) · chase 38% (12th) · bat speed 68.8 mph (12th) · sprint 27.1 (39th),"{""n"":20,""b"":0,""c"":[[""TJ Friedl"",2025,30,0.94,0.65,178,0],[""Nathaniel Lowe"",2025,30,0.88,0.94,401,0],[""Cody Bellinger"",2024,29,1.03,1.12,736,0],[""Cedric Mullins"",2025,31,1.01,0.92,460,0],[""Nolan Arenado"",2024,33,0.9,0.87,381,0]]}",0.8821617589484213,0.9052570768342,-0.019875156067583864,0.8821617589484213,495.0,0.981,437.0,529.0,118,373,Dpf,established,1.156060606060606,-0.2691296222133226,True
645302,Victor Robles,2026,1997-05-19,OF,R,Seattle Mariners,66,149,133,34,3,2,0,15,9,9,3,10,2,22,1,29,2,0,3,0,0,0,0,0,66,1,29.0,149.0,14.8,6.0,0.256,0.308,0.315,0.052,0.304,0.238,0.321,0.283,0.28,0.301,0.083,0.293,0.29,0.018,-0.013,0.003,83.5,12.3,32.2,1.7,20.0,94.611457222,91.363833704,76.2,36.1,59.4,89.0,21.6,54.5,44.3,45.2,27.0,22.6,5.2,6.7,68.1,5.0,27.3,2.5,11.5,55.4,-5.0,28.4,4.36,1.0,15.0,18.0,115.0,97.6,66.4,victor robles,SEA,Victor Robles,SEA,"LF,CF,RF",390.5,238.0,373.0,408.0,145.0,29.1,2.196969696969697,0.9731543624161074,393,OF,OF,False,238.0,315.5,3.0792137196109657,-170.5,-0.8822440226412689,-155.0,False,False,339,True,25.513489012443337,3.426207662119693,0.5301176384305982,2.1841856870063703,16.999045951222318,13.274016114448246,150.62006206567054,1.0108728997696008,-5.620062065670538,-0.0377185373534934,473.0,-328.0,"{'C': 415, 'SS': 586, '2B': 586, '3B': 569, '1B': 598, 'OF': 519, 'UT': 473}",0.9731543624161074,0.4161073825503356,-9.366355423642657,,,,,,40.26845637583892,0.0,36.241610738255034,-0.002999999999999947,,3,1460,,,3,False,0.6231543624161074,,,,44.0,1.0,215.0,0.0,,136.7,2026-03-28,2026-09-12,65.0,147.0,107.0,40.0,207.0,0.607,2.0,0.0,0.15,,established,24.8,0.6,1.053,"deserved 1.01/PA on contact quality, got 0.97 · sprint 28.4 ft/s (77th pct) · already 29, an age that jumps 4% of the time",xwOBA 0.280 (19th) · barrels 1.7% (4th) · EV 83.5 (1st) · hard-hit 20% (2nd) · K 15% (89th) · BB 6% (21st) · chase 36% (20th) · bat speed 68.1 mph (6th) · sprint 28.4 (76th),"{""n"":20,""b"":0,""c"":[[""Tyler Wade"",2024,30,0.85,0.74,94,0],[""Kevin Newman"",2023,30,0.93,0.94,291,0],[""Harrison Bader"",2023,29,1.01,0.99,431,0],[""Nicky Lopez"",2023,28,0.87,0.73,326,0],[""Kevin Newman"",2022,29,0.9,0.93,236,0]]}",0.9983045191119446,1.352542372881356,-0.019875156067583864,0.9983045191119446,236.0,0.891,236.0,599.0,318,102,FA,established,,0.6231543624161074,False
646240,Rafael Devers,2026,1996-10-24,1B,L,San Francisco Giants,148,633,558,144,36,1,37,88,98,69,2,0,0,161,4,70,8,0,0,0,100,0,0,0,0,48,29.0,633.0,25.4,10.9,0.258,0.525,0.34,0.267,0.294,0.238,0.473,0.367,0.342,0.316,0.235,0.462,0.422,0.02,0.052,0.025,93.0,15.0,30.7,12.5,51.6,103.03671575,96.43028802,66.4,30.0,63.2,74.9,29.0,47.3,34.2,40.6,35.2,18.2,6.0,7.5,71.9,13.8,25.6,21.2,9.8,58.4,24.0,26.1,4.6,58.0,39.0,47.0,401.0,68.8,58.7,rafael devers,SF,Rafael Devers,SF,"1B,DH",42.4,32.0,56.0,37.0,686.0,29.7,4.635135135135135,1.0837282780410742,35,1B,1B,False,32.0,646.0,4.485508577873414,40.0,0.1496265572617208,-3.0,False,False,1,False,65.73825408903465,34.18503019476007,1.6971773433759438,31.183538372829346,77.18030288918237,86.75547868928385,623.6737815784662,0.9852666375647176,62.32621842153378,0.09846164047635664,473.0,213.0,"{'C': 415, 'SS': 586, '2B': 586, '3B': 569, '1B': 598, 'OF': 519, 'UT': 473}",1.0837282780410742,0.6113744075829384,3.591492182616186,83.39622641509435,89.05660377358491,90.56603773584906,-5.660377358490564,-7.169811320754718,0.0,35.07109004739337,65.40284360189574,-0.024999999999999967,1.1430722891566265,6,3897,-0.05934401111555232,1.1430722891566265,5,True,-0.05934401111555232,-0.9000000000000021,-3.5,0.30000000000001137,164.0,1.0,172.0,1.0,Core muscle injury,166.4,2026-03-25,2026-09-12,148.0,152.0,152.0,0.0,621.0,0.974,0.0,0.0,0.15,,established,34.3,0.4,1.223,"633 PA, already has the job · avg EV 93.0 (97th pct) · already 30, an age that jumps 3% of the time",xwOBA 0.342 (85th) · barrels 12.5% (87th) · EV 93.0 (97th) · hard-hit 52% (96th) · K 25% (32nd) · BB 11% (78th) · chase 30% (53rd) · bat speed 71.9 mph (48th) · sprint 26.1 (17th),"{""n"":20,""b"":0,""c"":[[""Randy Arozarena"",2025,30,1.08,1.2,801,0],[""Brandon Nimmo"",2025,32,1.06,0.92,598,0],[""Kyle Schwarber"",2024,31,1.1,1.21,876,0],[""Francisco Lindor"",2025,32,1.14,0.91,421,0],[""Matt Olson"",2025,31,1.05,1.05,734,0]]}",0.9735451164412942,1.0745182697689295,-0.035928731828200076,0.9735451164412942,575.0,0.867,560.0,584.0,53,142,Dan,established,1.1430722891566265,-0.05934401111555232,True
647304,Josh Naylor,2026,1997-06-22,1B,L,Seattle Mariners,151,646,593,155,22,0,10,58,56,45,5,30,9,79,2,123,7,0,0,0,151,0,0,0,0,0,29.0,646.0,12.2,7.0,0.261,0.349,0.318,0.088,0.287,0.27,0.383,0.297,0.312,0.323,0.112,0.306,0.324,-0.009,-0.034,-0.015,87.1,11.0,35.5,4.5,35.9,98.429174824,93.305643863,69.3,38.0,72.4,90.2,17.0,51.9,40.7,45.2,21.1,24.6,9.1,7.5,70.1,10.5,32.0,8.9,7.2,44.2,-16.0,24.3,4.76,27.0,49.0,77.0,516.0,80.4,61.0,josh naylor,SEA,Josh Naylor,SEA,"1B,DH",57.6,41.0,60.0,55.0,609.0,29.0,4.033112582781457,0.9427244582043344,72,1B,1B,False,41.0,609.0,4.485508577873414,0.0,-0.4523959950919574,-31.0,False,False,42,False,122.1272492178658,23.268946821079187,0.9943587042442754,13.719445256810753,63.00977873563795,70.603209820726,653.248988556364,1.0112213445144953,-44.248988556364,-0.06849688631016093,473.0,136.0,"{'C': 415, 'SS': 586, '2B': 586, '3B': 569, '1B': 598, 'OF': 519, 'UT': 473}",0.9427244582043344,0.4907120743034056,-0.7078727446231052,37.35849056603773,46.79245283018868,61.13207547169811,-9.43396226415095,-23.77358490566038,27.863777089783284,9.287925696594428,41.795665634674926,0.015000000000000013,1.1937086092715232,6,3126,-0.25098415106718885,1.1937086092715232,5,True,-0.25098415106718885,-1.5,-2.2,-0.8000000000000114,0.0,0.0,0.0,0.0,,0.0,2026-03-26,2026-09-12,139.0,149.0,149.0,0.0,594.0,0.933,0.0,0.0,0.15,,established,29.0,0.9,1.274,"646 PA, already has the job · deserved 1.01/PA on contact quality, got 0.94 · already 29, an age that jumps 4% of the time",xwOBA 0.312 (56th) · barrels 4.5% (24th) · EV 87.1 (25th) · hard-hit 36% (36th) · K 12% (96th) · BB 7% (31st) · chase 38% (12th) · bat speed 70.1 mph (25th) · sprint 24.3 (1st),"{""n"":20,""b"":0,""c"":[[""Ozzie Albies"",2025,28,0.92,0.89,604,0],[""Alex Verdugo"",2024,28,0.86,0.73,156,0],[""Carlos Correa"",2025,31,0.88,1.01,143,0],[""Luis Arraez"",2025,28,0.92,0.96,627,0],[""J.P. Crawford"",2025,30,0.88,0.81,392,0]]}",0.9590413029191318,1.0344654927814403,-0.019875156067583864,0.9590413029191318,529.0,1.0,507.0,575.0,78,180,GLIZZY,established,1.1937086092715232,-0.25098415106718885,True
650333,Luis Arraez,2026,1997-04-09,2B,L,multi,151,655,596,185,33,7,6,67,64,34,5,10,1,28,14,139,8,0,0,0,0,149,1,0,0,1,29.0,655.0,4.3,5.2,0.31,0.419,0.345,0.109,0.311,0.289,0.377,0.331,0.307,0.323,0.088,0.325,0.298,0.021,0.042,0.024,86.4,16.2,39.3,1.2,19.4,94.068574724,91.077369275,63.2,33.1,90.1,94.2,7.1,48.6,31.0,37.6,30.8,26.9,4.8,5.9,63.1,1.7,42.6,0.1,8.6,52.6,4.0,26.8,4.55,27.0,54.0,104.0,588.0,68.2,62.0,luis arraez,multi,Luis Arraez,PHI,"1B,2B,DH",232.6,143.0,251.0,231.0,627.0,29.2,4.152317880794702,0.9572519083969465,58,1B/2B,2B,False,143.0,422.61764705882354,3.705765225084571,204.38235294117646,0.44655265571013114,85.0,True,True,40,False,139.77032646943272,20.809036682841597,3.3549472260186377,8.309689621707044,70.86152108530565,63.96514481432907,592.7626658996347,0.9049811693124195,34.237334100365274,0.05227073908452706,473.0,154.0,"{'C': 415, 'SS': 586, '2B': 586, '3B': 569, '1B': 598, 'OF': 519, 'UT': 473}",0.9572519083969465,0.6061068702290077,0.19210822195385502,44.15094339622642,87.54716981132076,71.32075471698113,-43.39622641509434,-27.16981132075471,9.16030534351145,5.4961832061068705,31.14503816793893,-0.02400000000000002,1.0632090761750406,6,3701,-0.10595716777809405,1.0632090761750406,5,True,-0.10595716777809405,1.1999999999999997,0.09999999999999987,0.6000000000000014,0.0,0.0,8.0,0.0,,4.8,2026-03-25,2026-09-12,141.0,151.0,151.0,0.0,604.0,0.934,0.0,0.0,0.15,,established,25.7,0.5,1.143,"655 PA, already has the job · already 29, an age that jumps 4% of the time · 0.96/PA this year against 1.06 at his best, two steps to clear",xwOBA 0.307 (49th) · barrels 1.2% (2nd) · EV 86.4 (16th) · hard-hit 19% (2nd) · K 4% (100th) · BB 5% (14th) · chase 33% (34th) · bat speed 63.1 mph (0th) · sprint 26.8 (31st),"{""n"":20,""b"":0,""c"":[[""Steven Kwan"",2025,28,0.98,0.93,590,0],[""Nico Hoerner"",2025,28,1.07,0.92,633,0],[""Ozzie Albies"",2025,28,0.92,0.89,604,0],[""Alex Bregman"",2024,30,0.97,1.01,498,0],[""Lourdes Gurriel Jr."",2025,32,0.99,0.74,149,0]]}",0.889575291801489,0.9409480025364616,-0.019875156067583864,0.889575291801489,525.0,0.996,467.0,534.0,98,358,GLIZZY,established,1.0632090761750406,-0.10595716777809405,True
650402,Gleyber Torres,2026,1996-12-13,2B,R,Detroit Tigers,96,420,358,93,13,0,8,57,38,57,3,0,0,81,2,72,4,0,0,0,0,76,0,0,0,19,29.0,420.0,19.3,13.6,0.26,0.363,0.364,0.103,0.314,0.252,0.368,0.328,0.325,0.354,0.115,0.347,0.343,0.008,-0.005,0.003,86.2,9.4,38.4,6.1,32.3,96.706167857,92.398034014,66.7,18.9,55.2,84.2,22.5,42.2,27.2,45.2,24.7,26.9,3.2,7.0,68.1,6.4,28.4,3.4,8.5,53.8,2.0,25.3,4.81,17.0,29.0,46.0,279.0,77.4,60.8,gleyber torres,DET,Gleyber Torres,DET,"2B,DH",207.2,123.0,231.0,160.0,374.0,29.5,3.8958333333333335,0.8904761904761904,209,2B,2B,False,123.0,450.5,3.705765225084571,-76.5,0.19006810824876252,-86.0,False,False,202,True,67.57023349902214,13.033771976039887,0.6997555508538106,8.912238974084163,44.23793616985878,44.501949666269724,366.3418858361284,0.8722425853241152,7.6581141638715735,0.018233605152075172,473.0,-99.0,"{'C': 415, 'SS': 586, '2B': 586, '3B': 569, '1B': 598, 'OF': 519, 'UT': 473}",0.8904761904761904,0.4785714285714286,-5.038571262675295,16.9811320754717,39.62264150943396,22.264150943396228,-22.641509433962263,-5.283018867924529,0.0,11.428571428571429,81.42857142857142,-0.0030000000000000027,1.0227272727272727,6,3473,-0.13225108225108229,1.0227272727272727,5,True,-0.13225108225108229,3.1999999999999993,-2.0999999999999996,-2.0,60.0,2.0,71.0,0.0,,66.6,2026-03-26,2026-09-12,88.0,150.0,97.0,53.0,590.0,0.907,0.0,0.0,0.15,,established,27.7,0.1,1.103,"420 PA, already has the job · got 0.89/PA but deserved 0.87 · already 30, an age that jumps 3% of the time",xwOBA 0.325 (68th) · barrels 6.1% (38th) · EV 86.2 (15th) · hard-hit 32% (22nd) · K 19% (70th) · BB 14% (95th) · chase 19% (99th) · bat speed 68.1 mph (6th) · sprint 25.3 (7th),"{""n"":20,""b"":0,""c"":[[""J.P. Crawford"",2025,30,0.88,0.81,392,0],[""Nathaniel Lowe"",2024,29,0.94,0.88,537,0],[""Nathaniel Lowe"",2025,30,0.88,0.94,401,0],[""Josh Bell"",2024,32,0.89,0.9,482,0],[""Ty France"",2024,30,0.81,0.86,419,0]]}",0.7959886903736995,0.9053497942386831,-0.019875156067583864,0.7959886903736995,403.0,0.947,321.0,478.0,225,454,FA,established,1.0227272727272727,-0.13225108225108229,True
650489,Willi Castro,2026,1997-04-24,2B,S,Colorado Rockies,120,477,427,111,20,1,15,65,56,41,6,10,6,129,3,75,12,0,1,0,11,73,47,25,9,0,29.0,477.0,27.0,8.6,0.26,0.417,0.331,0.157,0.336,0.236,0.39,0.33,0.309,0.311,0.154,0.413,0.38,0.024,0.027,0.021,87.6,17.7,31.9,8.0,39.9,100.348595338,94.260288576,73.4,37.7,50.8,81.1,30.8,53.6,44.5,38.9,31.2,23.3,6.6,7.3,72.8,8.9,17.6,27.8,9.3,46.7,2.0,28.1,4.27,30.0,35.0,45.0,301.0,85.4,65.0,willi castro,COL,Willi Castro,COL,"1B,2B,3B,SS,LF,RF",287.2,171.0,285.0,285.0,477.0,29.2,3.975,1.0,142,1B/2B/3B/SS/OF,2B/3B/SS,False,171.0,375.06451612903226,3.372093023255814,101.93548387096774,0.6029069767441859,29.0,True,False,120,False,65.30231033595408,19.65233292882271,1.3464031344923604,14.470953600730857,58.18820664972571,52.19451881712083,444.68472546684654,0.9322530932219005,32.315274533153456,0.06774690677809947,473.0,4.0,"{'C': 415, 'SS': 586, '2B': 586, '3B': 569, '1B': 598, 'OF': 519, 'UT': 473}",1.0,0.46331236897274636,-1.7368481357825847,58.30188679245283,32.075471698113205,54.339622641509436,26.22641509433962,3.9622641509433905,12.578616352201259,18.867924528301888,51.57232704402516,-0.02100000000000002,1.178484107579462,6,2817,-0.1784841075794621,1.178484107579462,5,True,-0.1784841075794621,2.6000000000000014,1.5,1.2000000000000028,22.0,1.0,33.0,0.0,,28.6,2026-03-27,2026-08-31,120.0,145.0,143.0,2.0,497.0,0.839,0.0,0.0,0.15,,established,32.3,0.3,1.258,"477 PA, already has the job · sprint 28.1 ft/s (68th pct) · already 29, an age that jumps 4% of the time · bat speed up 1.2 mph",xwOBA 0.309 (51st) · barrels 8.0% (57th) · EV 87.6 (34th) · hard-hit 40% (57th) · K 27% (23rd) · BB 9% (51st) · chase 38% (13th) · bat speed 72.8 mph (63rd) · sprint 28.1 (67th),"{""n"":20,""b"":0,""c"":[[""Cedric Mullins"",2025,31,1.01,0.92,460,0],[""Cedric Mullins"",2023,29,1.08,1.11,552,0],[""Dansby Swanson"",2024,30,1.0,1.01,649,0],[""Ha-Seong Kim"",2024,29,0.99,0.9,171,0],[""Jake Cronenworth"",2025,31,0.9,0.84,354,0]]}",0.9494346347260743,0.963932333226939,-0.019875156067583864,0.9494346347260743,412.0,0.977,391.0,570.0,151,206,THALER,established,1.178484107579462,-0.1784841075794621,True
650490,Yandy Díaz,2026,1991-08-08,DH,R,Tampa Bay Rays,154,686,614,180,26,1,22,93,85,56,10,3,1,98,6,131,0,0,0,0,0,0,0,0,0,154,34.0,686.0,14.3,8.2,0.293,0.446,0.359,0.153,0.316,0.281,0.439,0.351,0.346,0.346,0.157,0.376,0.371,0.012,0.007,0.005,90.9,6.0,29.7,7.1,48.1,102.454762731,95.709031327,67.1,29.0,77.5,88.7,14.8,47.5,22.8,50.8,19.5,24.1,5.6,7.6,73.5,17.2,29.3,38.3,1.5,27.9,23.0,26.0,4.66,29.0,70.0,81.0,522.0,63.8,64.1,yandy diaz,TB,Yandy Diaz,TB,"1B,DH",126.2,81.0,123.0,133.0,707.0,34.9,4.590909090909091,1.030612244897959,26,1B,UT,False,81.0,556.8852459016393,4.003049236131642,150.11475409836066,0.5878598547774487,55.0,True,False,1,False,121.43498463600754,27.62134474575946,1.6563566004585404,21.821314017774487,79.74515747974108,80.818480532086,677.0296380118272,0.9869236705711766,29.97036198817284,0.043688574326782526,473.0,234.0,"{'C': 415, 'SS': 586, '2B': 586, '3B': 569, '1B': 598, 'OF': 519, 'UT': 473}",1.030612244897959,0.6020408163265306,3.4133889542158773,67.16981132075472,86.41509433962264,89.81132075471699,-19.245283018867923,-22.64150943396227,2.623906705539359,19.24198250728863,48.97959183673469,-0.0050000000000000044,1.1483333333333334,6,3657,-0.11772108843537432,1.1483333333333334,5,True,-0.11772108843537432,0.20000000000000107,-1.200000000000001,0.0,0.0,0.0,0.0,0.0,,0.0,2026-03-26,2026-09-12,143.0,150.0,150.0,0.0,633.0,0.953,0.0,0.0,0.15,,established,35.5,0.6,1.228,"686 PA, already has the job · avg EV 90.9 (87th pct) · 1.03/PA this year against 1.15 at his best, two steps to clear",xwOBA 0.346 (89th) · barrels 7.1% (48th) · EV 90.9 (86th) · hard-hit 48% (90th) · K 14% (91st) · BB 8% (45th) · chase 29% (59th) · bat speed 73.5 mph (72nd) · sprint 26.0 (15th),"{""n"":20,""b"":0,""c"":[[""Freddie Freeman"",2025,36,1.11,1.0,651,0],[""Freddie Freeman"",2024,35,1.08,1.11,695,0],[""Manny Machado"",2025,33,1.06,0.93,627,0],[""Mike Yastrzemski"",2025,35,0.96,0.9,365,0],[""Brandon Nimmo"",2025,32,1.06,0.92,598,0]]}",0.9558248776280875,1.0197165254572806,-0.06282389232984148,0.9558248776280875,540.0,0.95,516.0,573.0,74,187,LTTA,established,1.1483333333333334,-0.11772108843537432,True
650859,Luis Rengifo,2026,1997-02-26,OF,S,multi,95,354,312,75,12,0,4,38,36,34,3,6,4,49,2,59,7,0,0,0,3,7,56,0,22,8,29.0,354.0,13.8,9.6,0.24,0.317,0.319,0.077,0.272,0.253,0.345,0.289,0.304,0.33,0.091,0.286,0.306,-0.013,-0.028,-0.015,87.7,6.0,28.4,4.1,34.3,97.721405038,92.981872644,70.5,30.6,66.8,86.7,20.1,48.9,38.8,54.1,17.5,23.9,4.5,7.2,71.4,8.8,28.3,17.0,7.5,46.6,-9.0,27.1,4.36,5.0,34.0,35.0,268.0,76.2,59.3,luis rengifo,multi,Luis Rengifo,SD,"2B,3B,LF,DH",413.3,241.0,389.0,447.0,296.0,29.3,3.1157894736842104,0.8361581920903954,264,2B/3B/OF,3B/OF,False,241.0,310.0,3.0792137196109657,-14.0,0.03657575407324476,-23.0,False,False,250,False,62.6950946386779,9.892031771684413,0.5466525405974848,5.802221049040205,38.92021248060587,33.75755922162297,306.94177170222883,0.8670671517012114,-10.941771702228834,-0.030908959610815967,473.0,-177.0,"{'C': 415, 'SS': 586, '2B': 586, '3B': 569, '1B': 598, 'OF': 519, 'UT': 473}",0.8361581920903954,0.4632768361581921,-6.694574488192359,6.037735849056604,31.69811320754717,8.30188679245283,-25.660377358490564,-2.264150943396226,10.169491525423728,6.779661016949152,57.6271186440678,0.015000000000000013,1.1842105263157894,5,2345,-0.34805233422539394,1.1842105263157894,4,False,-0.34805233422539394,-5.399999999999999,-0.9000000000000004,1.9000000000000057,28.0,1.0,103.0,0.0,Right knee sprain,50.5,2026-03-26,2026-08-29,95.0,120.0,114.0,6.0,463.0,0.833,0.0,0.0,0.15,,established,29.0,1.0,1.264,"deserved 0.87/PA on contact quality, got 0.84 · sprint 27.1 ft/s (40th pct) · already 29, an age that jumps 4% of the time · bat speed up 1.9 mph",xwOBA 0.304 (47th) · barrels 4.1% (20th) · EV 87.7 (35th) · hard-hit 34% (28th) · K 14% (93rd) · BB 10% (62nd) · chase 31% (49th) · bat speed 71.4 mph (40th) · sprint 27.1 (39th),"{""n"":20,""b"":0,""c"":[[""Jonah Heim"",2024,29,0.84,0.82,357,0],[""Andr\u00e9s Gim\u00e9nez"",2025,27,0.85,0.92,463,0],[""Willi Castro"",2025,28,0.9,1.0,477,0],[""Jonathan India"",2025,28,0.8,0.84,49,0],[""Santiago Espinal"",2025,31,0.68,0.8,48,0]]}",0.884305243313235,0.8685372824110158,-0.019875156067583864,0.884305243313235,317.0,0.96,280.0,531.0,266,367,FA,established,1.1842105263157894,-0.34805233422539394,False
655316,Andruw Monasterio,2026,1997-05-30,SS,R,Boston Red Sox,106,344,310,73,23,1,6,35,42,26,3,4,4,67,4,43,7,0,0,0,10,22,4,54,0,12,29.0,344.0,19.5,7.6,0.235,0.374,0.297,0.139,0.278,0.231,0.354,0.296,0.289,0.296,0.123,0.329,0.318,0.004,0.02,0.007,87.5,20.9,36.3,6.5,31.5,97.322719268,92.736840816,66.5,26.6,60.4,89.0,18.9,47.1,36.3,33.5,31.0,23.8,11.7,6.9,69.6,8.4,25.6,3.7,11.0,56.4,-9.0,27.2,4.49,16.0,20.0,37.0,248.0,76.9,66.3,andruw monasterio,BOS,,,,,,,,300.0,29.1,2.830188679245283,0.872093023255814,259,2B/SS,2B/SS,True,339.0,171.72,2.3941801142166454,128.28,0.4360085650286374,80.0,False,False,247,False,48.77727219295913,14.713590135826733,0.9410031494691394,7.178134521744997,37.50342368677519,35.538161462647196,288.39158514942244,0.838347631248321,11.60841485057756,0.033745392007492936,473.0,-173.0,"{'C': 415, 'SS': 586, '2B': 586, '3B': 569, '1B': 598, 'OF': 519, 'UT': 473}",0.872093023255814,0.45348837209302323,-6.6176752077474195,12.452830188679245,28.30188679245283,9.433962264150944,-15.849056603773585,3.018867924528301,6.976744186046512,10.465116279069766,45.348837209302324,-0.007000000000000006,0.8952380952380953,2,936,-0.02314507198228133,,1,False,0.522093023255814,,,,0.0,0.0,0.0,0.0,,0.0,2026-03-29,2026-09-08,99.0,150.0,150.0,0.0,325.0,0.66,3.0,0.0,0.15,,established,26.8,1.9,0.975,"0.87/PA is his best rate yet, so the bar is one step up · sprint 27.2 ft/s (43rd pct) · only 344 PA, and a breakout needs 350 next year",xwOBA 0.289 (28th) · barrels 6.5% (42nd) · EV 87.5 (32nd) · hard-hit 32% (19th) · K 20% (69th) · BB 8% (37th) · chase 27% (73rd) · bat speed 69.6 mph (19th) · sprint 27.2 (42nd),"{""n"":20,""b"":1,""c"":[[""Manuel Margot"",2023,29,0.96,0.83,285,0],[""Rougned Odor"",2022,28,0.82,0.87,137,0],[""Guillermo Heredia"",2021,30,0.82,0.77,63,0],[""Yerm\u00edn Mercedes"",2021,28,0.94,0.82,68,0],[""Kevin Newman"",2022,29,0.9,0.93,236,0]]}",0.8995847552168647,0.872093023255814,-0.019875156067583864,0.8995847552168647,238.0,1.0,214.0,540.0,351,335,FA,established,,0.522093023255814,False
656305,Matt Chapman,2026,1993-04-28,3B,R,San Francisco Giants,84,352,307,72,18,1,7,35,42,37,5,0,2,81,3,46,9,0,0,0,0,0,83,0,0,1,33.0,352.0,23.0,10.5,0.235,0.368,0.324,0.133,0.293,0.21,0.319,0.309,0.286,0.305,0.11,0.348,0.313,0.025,0.049,0.023,88.2,11.3,25.3,6.6,35.8,99.903629381,94.013173319,62.9,26.4,58.7,84.6,23.1,44.5,39.3,45.4,20.5,21.8,12.2,7.4,76.1,10.3,17.0,61.1,3.6,43.0,-2.0,28.1,4.44,13.0,26.0,32.0,229.0,70.3,61.3,matt chapman,SF,Matt Chapman,SF,3B,126.0,80.0,152.0,103.0,295.0,33.2,3.511904761904762,0.8380681818181818,265,3B,3B,False,80.0,556.8852459016393,4.003049236131642,-261.88524590163934,-0.49114447422688023,-185.0,False,False,250,True,45.07174952724009,11.78842052607835,0.8479103661230415,6.761919580558523,39.51725579740051,33.803224497287914,269.0304802946884,0.7642911372008193,25.969519705311598,0.07377704461736245,473.0,-178.0,"{'C': 415, 'SS': 586, '2B': 586, '3B': 569, '1B': 598, 'OF': 519, 'UT': 473}",0.8380681818181818,0.4147727272727273,-6.904321375959119,6.7924528301886795,18.49056603773585,5.660377358490567,-11.69811320754717,1.132075471698113,0.0,11.931818181818182,63.06818181818182,-0.02300000000000002,1.0571870170015456,6,3358,-0.21911883518336384,1.0571870170015456,5,True,-0.21911883518336384,-0.6000000000000014,-3.3000000000000007,1.1999999999999886,88.0,1.0,121.0,0.0,Abdominal strain,107.8,2026-03-25,2026-06-30,84.0,94.0,88.0,6.0,596.0,0.955,0.0,0.0,0.15,,established,32.2,0.2,1.137,"sprint 28.1 ft/s (68th pct) · got 0.84/PA but deserved 0.76 · 0.84/PA this year against 1.06 at his best, two steps to clear · bat speed up 1.2 mph",xwOBA 0.286 (25th) · barrels 6.6% (43rd) · EV 88.2 (44th) · hard-hit 36% (36th) · K 23% (49th) · BB 10% (74th) · chase 26% (74th) · bat speed 76.1 mph (94th) · sprint 28.1 (67th),"{""n"":20,""b"":0,""c"":[[""Jake Cronenworth"",2025,31,0.9,0.84,354,0],[""Hunter Renfroe"",2024,32,0.92,0.56,60,0],[""Mark Canha"",2024,35,0.87,0.63,79,0],[""Javier B\u00e1ez"",2025,33,0.94,0.83,163,0],[""Xander Bogaerts"",2024,32,0.93,0.98,541,0]]}",0.9005757637230842,0.9422211970937607,-0.04373459214881747,0.9005757637230842,359.0,0.868,323.0,540.0,222,335,FA,established,1.0571870170015456,-0.21911883518336384,True
656484,Tristan Gray,2026,1996-03-22,SS,L,Minnesota Twins,66,188,173,39,5,0,4,16,29,10,1,2,0,60,3,30,8,0,0,0,2,6,18,37,0,0,30.0,188.0,31.9,5.3,0.225,0.324,0.267,0.099,0.313,0.218,0.322,0.262,0.263,0.266,0.104,0.355,0.358,0.007,0.002,-0.001,88.5,14.3,38.5,6.0,37.6,99.69709193,93.943316637,74.7,39.3,46.0,77.7,33.9,56.2,40.2,34.2,23.9,34.2,7.7,7.1,72.7,6.5,15.8,31.1,7.0,40.4,-11.0,26.2,4.61,5.0,11.0,23.0,117.0,86.4,70.2,tristan gray,MIN,,,,,,,,149.0,30.3,2.257575757575758,0.7925531914893617,389,2B/3B/SS,SS,True,339.0,171.72,2.3941801142166454,-22.72,-0.13660435664088766,-50.0,False,False,339,False,28.015127732104112,5.365763095471848,0.3730906127439591,3.9600185596800785,17.92564045082761,19.006806360214263,139.35244681104186,0.7412364192076695,9.647553188958142,0.05131677228169218,473.0,-324.0,"{'C': 415, 'SS': 586, '2B': 586, '3B': 569, '1B': 598, 'OF': 519, 'UT': 473}",0.7925531914893617,0.28191489361702127,-8.877831256256966,,,,,,6.382978723404255,12.76595744680851,31.914893617021278,0.0010000000000000009,,0,310,,,0,False,0.4425531914893617,,,,0.0,0.0,0.0,0.0,,0.0,2026-03-29,2026-08-06,66.0,121.0,121.0,0.0,232.0,0.545,3.0,0.0,0.15,,established,21.2,0.7,0.43,"310 career PA, still new · already 30, an age that jumps 3% of the time · sprint 26.2 ft/s (20th pct)",xwOBA 0.263 (9th) · barrels 6.0% (36th) · EV 88.5 (48th) · hard-hit 38% (45th) · K 32% (8th) · BB 5% (15th) · chase 39% (9th) · bat speed 72.7 mph (62nd) · sprint 26.2 (19th),"{""n"":20,""b"":0,""c"":[[""Yoshi Tsutsugo"",2021,30,0.87,0.6,115,0],[""Tom Murphy"",2021,30,0.85,1.02,43,0],[""Aramis Garcia"",2021,28,0.76,0.66,76,0],[""Jhonny Pereda"",2025,29,0.73,1.0,97,0],[""Sean Bouchard"",2024,28,0.86,0.68,50,0]]}",0.8528941409905046,0.7925531914893617,-0.035928731828200076,0.8528941409905046,200.0,1.0,171.0,512.0,445,419,FA,established,,0.4425531914893617,False
656537,Derek Hill,2026,1995-12-30,OF,R,multi,116,216,199,48,5,1,11,30,31,13,1,13,4,69,0,31,2,0,4,0,1,0,0,0,120,2,30.0,216.0,31.9,6.0,0.241,0.442,0.291,0.201,0.311,0.225,0.386,0.319,0.289,0.276,0.162,0.447,0.399,0.016,0.056,0.03,88.9,14.1,36.1,10.6,33.8,98.863739672,93.597008182,70.8,34.6,48.0,77.6,32.7,51.9,36.8,46.6,28.6,21.1,3.8,7.1,71.5,8.6,20.3,18.6,15.0,48.1,2.0,29.5,4.29,14.0,19.0,15.0,133.0,78.0,67.1,derek hill,multi,,,,,,,,256.0,30.5,2.206896551724138,1.1851851851851851,288,OF,OF,True,339.0,171.72,2.3941801142166454,84.28,-0.18728356249250755,51.0,False,False,250,False,28.641563486190545,7.672879241230289,0.816551058967785,7.644006213611379,27.650942637887443,23.348483595190523,231.78742623307795,1.0730899362642499,24.21257376692205,0.11209524892093525,473.0,-217.0,"{'C': 415, 'SS': 586, '2B': 586, '3B': 569, '1B': 598, 'OF': 519, 'UT': 473}",1.1851851851851851,0.49074074074074076,-5.865496684748478,,,,,,36.11111111111111,30.555555555555554,36.11111111111111,-0.030000000000000027,1.1851851851851851,1,829,0.0,,0,False,0.8351851851851851,,,,0.0,0.0,102.0,0.0,,57.6,2026-03-26,2026-09-11,108.0,148.0,148.0,0.0,207.0,0.73,0.0,0.0,0.15,,established,29.0,0.8,1.265,"sprint 29.5 ft/s (95th pct) · avg EV 88.9 (56th pct) · 829 career PA, still new",xwOBA 0.289 (28th) · barrels 10.6% (76th) · EV 88.9 (54th) · hard-hit 34% (27th) · K 32% (8th) · BB 6% (21st) · chase 35% (26th) · bat speed 71.5 mph (42nd) · sprint 29.5 (95th),"{""n"":20,""b"":0,""c"":[[""Trevor Story"",2022,30,1.08,0.87,146,0],[""Luke Raley"",2023,29,1.14,1.06,481,0],[""Dane Myers"",2024,28,1.26,0.97,322,0],[""Tyrone Taylor"",2023,29,1.13,1.01,349,0],[""Seth Brown"",2021,29,1.06,0.99,550,0]]}",0.9522064760822613,1.1573243647234677,-0.03556545422470473,0.9522064760822613,211.0,0.954,201.0,571.0,381,200,FA,established,,0.8351851851851851,False
656555,Rhys Hoskins,2026,1993-03-17,1B,R,Cleveland Guardians,95,317,263,47,13,0,13,33,38,47,3,1,0,100,4,21,2,0,0,0,62,0,0,0,1,25,33.0,317.0,31.5,14.8,0.179,0.376,0.306,0.197,0.221,0.174,0.348,0.305,0.297,0.304,0.174,0.37,0.353,0.005,0.028,0.008,89.4,26.6,34.1,12.6,41.3,99.856401548,94.354466347,64.1,22.2,50.3,74.1,32.4,42.2,54.5,26.3,32.3,22.2,19.2,8.2,71.9,8.7,21.7,17.0,16.9,55.2,-2.0,24.8,4.95,15.0,8.0,24.0,167.0,77.1,56.8,rhys hoskins,CLE,Rhys Hoskins,CLE,"1B,DH",554.3,275.0,818.0,488.0,268.0,33.3,2.8210526315789473,0.8454258675078864,279,1B,1B,False,275.0,216.5,2.8210526315789473,51.5,0.0,-4.0,False,False,250,False,21.772006305944995,12.7614236669586,0.6851337482478097,10.543436278848592,31.818844659590734,37.94068260100073,258.0455272605915,0.8140237453015504,9.954472739408516,0.03140212220633598,473.0,-205.0,"{'C': 415, 'SS': 586, '2B': 586, '3B': 569, '1B': 598, 'OF': 519, 'UT': 473}",0.8454258675078864,0.3722397476340694,-7.5379278616760015,8.30188679245283,9.811320754716983,2.2641509433962264,-1.5094339622641524,6.037735849056604,1.8927444794952681,24.605678233438486,88.9589905362776,-0.008000000000000007,1.1151241534988714,5,2277,-0.269698285990985,1.1151241534988714,4,True,-0.269698285990985,3.8000000000000007,2.299999999999999,0.9000000000000057,39.0,1.0,120.0,0.0,Lower back inflammation,82.5,2026-03-26,2026-08-18,95.0,137.0,130.0,7.0,363.0,0.731,0.0,0.0,0.15,,established,30.6,0.2,1.195,"avg EV 89.4 (65th pct) · only 317 PA, and a breakout needs 350 next year · got 0.85/PA but deserved 0.81 · barrel rate up 2.3 pts on last year · bat speed up 0.9 mph",xwOBA 0.297 (37th) · barrels 12.6% (88th) · EV 89.4 (63rd) · hard-hit 41% (64th) · K 32% (10th) · BB 15% (97th) · chase 22% (92nd) · bat speed 71.9 mph (48th) · sprint 24.8 (3rd),"{""n"":20,""b"":0,""c"":[[""Jorge Soler"",2025,33,0.85,0.86,310,0],[""Mitch Garver"",2025,34,0.86,0.85,126,0],[""Enrique Hern\u00e1ndez"",2025,34,0.82,0.9,85,0],[""Elias D\u00edaz"",2025,35,0.85,0.92,217,0],[""Mitch Garver"",2024,34,0.8,0.86,250,0]]}",0.8496252381421473,0.8890716101061443,-0.04373459214881747,0.8496252381421473,249.0,0.887,212.0,510.0,356,425,FA,established,1.1151241534988714,-0.269698285990985,True
656716,Zach McKinstry,2026,1995-04-29,OF,L,Detroit Tigers,128,420,368,74,15,4,4,42,26,42,5,3,5,68,2,51,4,0,9,0,0,45,7,34,70,0,31.0,420.0,16.2,10.0,0.201,0.296,0.29,0.095,0.235,0.232,0.312,0.267,0.286,0.317,0.08,0.261,0.287,-0.031,-0.016,-0.019,85.8,14.5,37.4,2.0,22.6,95.184713533,91.593953133,67.1,28.2,63.3,90.7,17.0,48.3,39.3,40.3,27.9,26.6,5.2,6.6,68.0,5.4,26.7,4.4,8.0,40.4,-14.0,27.9,4.31,8.0,21.0,45.0,305.0,71.5,64.0,zach mckinstry,DET,Zach McKinstry,DET,"2B,3B,SS,LF,CF,RF",302.6,183.0,324.0,323.0,321.0,31.2,2.5078125,0.7642857142857142,239,2B/3B/SS/OF,2B/SS/OF,False,183.0,375.06451612903226,3.180509813450934,-54.064516129032256,-0.672697313450934,-56.0,False,False,237,False,68.34428077177037,10.032102436361233,1.5909528119664542,5.408663979901955,46.07999473931978,37.52713892902443,353.7991336683442,0.8423788896865338,-32.79913366834421,-0.07809317540081961,473.0,-152.0,"{'C': 415, 'SS': 586, '2B': 586, '3B': 569, '1B': 598, 'OF': 519, 'UT': 473}",0.7642857142857142,0.36666666666666664,-8.482503520467528,0.37735849056603776,8.679245283018867,0.37735849056603776,-8.301886792452828,0.0,4.285714285714286,5.714285714285714,60.0,0.01899999999999996,1.0450097847358122,4,2131,-0.28072407045009795,1.0450097847358122,3,False,-0.28072407045009795,-5.5,-4.1,0.5,18.0,1.0,18.0,0.0,,18.0,2026-03-27,2026-09-13,119.0,149.0,131.0,18.0,453.0,0.908,1.0,0.0,0.15,,established,25.1,0.4,1.125,"deserved 0.84/PA on contact quality, got 0.76 · 420 PA, already has the job · sprint 27.9 ft/s (61st pct)",xwOBA 0.286 (25th) · barrels 2.0% (5th) · EV 85.8 (11th) · hard-hit 23% (3rd) · K 16% (85th) · BB 10% (66th) · chase 28% (65th) · bat speed 68.0 mph (5th) · sprint 27.9 (60th),"{""n"":20,""b"":0,""c"":[[""Jonathan Schoop"",2022,31,0.74,0.64,96,0],[""Javier B\u00e1ez"",2023,31,0.82,0.76,221,0],[""Adam Frazier"",2024,32,0.78,0.9,411,0],[""Tyrone Taylor"",2025,31,0.89,1.13,268,0],[""Santiago Espinal"",2025,31,0.68,0.8,48,0]]}",0.8826321072801783,0.8816891153986166,-0.03556545422470473,0.8826321072801783,303.0,0.986,267.0,530.0,278,370,FA,established,1.0450097847358122,-0.28072407045009795,False
656775,Cedric Mullins,2026,1994-10-01,OF,L,Tampa Bay Rays,136,498,435,89,10,3,15,56,48,43,7,21,10,95,4,61,2,0,3,0,0,0,0,0,131,1,31.0,498.0,19.1,8.6,0.205,0.345,0.284,0.14,0.225,0.192,0.312,0.281,0.265,0.274,0.12,0.298,0.273,0.013,0.033,0.016,88.1,25.2,24.6,4.3,33.0,97.742058121,92.994934468,71.7,31.0,67.8,83.3,21.9,49.7,45.7,33.1,31.7,18.6,16.9,7.4,71.0,8.0,25.2,9.4,11.8,63.8,-12.0,27.9,4.33,18.0,35.0,35.0,350.0,77.7,57.8,cedric mullins,TB,Cedric Mullins II,TB,CF,328.0,203.0,294.0,279.0,460.0,31.7,3.3823529411764706,0.9236947791164659,153,OF,OF,False,203.0,373.0,3.180509813450934,87.0,0.2018431277255366,50.0,False,False,121,False,57.20678373297313,12.42469552582372,1.890257749433169,11.998262991769979,54.47183536521056,49.16248234070501,439.8743177059156,0.8832817624616779,20.125682294084413,0.040413016654788025,473.0,-13.0,"{'C': 415, 'SS': 586, '2B': 586, '3B': 569, '1B': 598, 'OF': 519, 'UT': 473}",0.9236947791164659,0.44779116465863456,-3.552394215500267,28.67924528301887,27.92452830188679,36.60377358490566,0.7547169811320771,-7.924528301886792,25.301204819277107,18.072289156626507,51.807228915662655,-0.016000000000000014,1.1881481481481482,6,3297,-0.26445336903168226,1.1881481481481482,5,True,-0.26445336903168226,-5.0,-1.9000000000000004,-0.09999999999999432,0.0,0.0,11.0,0.0,,6.6,2026-03-26,2026-09-12,128.0,150.0,150.0,0.0,474.0,0.853,0.0,0.0,0.15,,established,27.0,0.3,1.268,"498 PA, already has the job · sprint 27.9 ft/s (61st pct) · avg EV 88.1 (45th pct)",xwOBA 0.265 (10th) · barrels 4.3% (23rd) · EV 88.1 (42nd) · hard-hit 33% (24th) · K 19% (71st) · BB 9% (51st) · chase 31% (47th) · bat speed 71.0 mph (35th) · sprint 27.9 (60th),"{""n"":20,""b"":0,""c"":[[""Nick Castellanos"",2025,33,0.94,0.83,101,0],[""Javier B\u00e1ez"",2025,33,0.94,0.83,163,0],[""Hunter Renfroe"",2024,32,0.92,0.56,60,0],[""Xander Bogaerts"",2024,32,0.93,0.98,541,0],[""Nolan Arenado"",2024,33,0.9,0.87,381,0]]}",0.9701022244179869,0.9791864764923403,-0.04944745880435125,0.9701022244179869,360.0,0.995,349.0,582.0,195,152,FA,established,1.1881481481481482,-0.26445336903168226,True
656811,Ryan O'Hearn,2026,1993-07-26,OF,L,Pittsburgh Pirates,109,448,404,108,17,0,18,58,76,35,6,1,0,97,3,73,2,0,0,0,53,0,0,0,42,26,32.0,448.0,21.7,7.8,0.267,0.443,0.333,0.176,0.308,0.249,0.399,0.339,0.316,0.316,0.15,0.398,0.364,0.018,0.044,0.023,89.1,13.7,33.9,6.8,42.3,99.141163806,93.932647,63.8,31.6,60.9,86.7,22.4,47.0,40.0,42.3,28.4,23.9,5.5,7.1,70.7,9.7,27.2,8.6,11.6,45.4,6.0,26.7,4.58,30.0,29.0,48.0,310.0,66.1,60.4,ryan ohearn,PIT,Ryan O'Hearn,PIT,"1B,LF,RF,DH",275.4,169.0,267.0,271.0,463.0,32.9,4.247706422018348,1.0334821428571428,151,1B/OF,1B/OF,False,169.0,420.0,3.4134451172178237,43.0,0.8342613048005245,18.0,False,False,121,False,69.22910538711456,16.35618475219927,0.7883143342578008,14.222395526428375,50.84884003375197,50.64609041589072,405.28693044964274,0.9046583268965239,57.71306955035726,0.12882381596061887,473.0,-10.0,"{'C': 415, 'SS': 586, '2B': 586, '3B': 569, '1B': 598, 'OF': 519, 'UT': 473}",1.0334821428571428,0.5625,-1.329986948507663,69.0566037735849,75.09433962264151,57.73584905660377,-6.037735849056617,11.320754716981128,1.3392857142857142,24.107142857142858,46.875,-0.02300000000000002,1.0978260869565217,5,2253,-0.06434394409937894,1.0978260869565217,4,False,-0.06434394409937894,1.6999999999999993,-0.7999999999999998,-1.0999999999999943,55.0,2.0,55.0,0.0,Right quad muscle strain; Left quad strain,55.0,2026-03-26,2026-09-12,98.0,152.0,101.0,51.0,596.0,0.97,0.0,0.0,0.15,,established,30.2,0.3,1.178,"448 PA, already has the job · avg EV 89.1 (59th pct) · sprint 26.7 ft/s (29th pct)",xwOBA 0.316 (61st) · barrels 6.8% (45th) · EV 89.1 (57th) · hard-hit 42% (69th) · K 22% (56th) · BB 8% (39th) · chase 32% (42nd) · bat speed 70.7 mph (31st) · sprint 26.7 (28th),"{""n"":20,""b"":0,""c"":[[""Javier B\u00e1ez"",2025,33,0.94,0.83,163,0],[""Elias D\u00edaz"",2023,33,0.99,0.95,332,0],[""Mike Yastrzemski"",2024,34,0.97,0.96,533,0],[""Nolan Arenado"",2023,32,1.0,0.9,572,0],[""Max Muncy"",2024,34,1.07,1.05,409,0]]}",0.8905539091642707,1.0081292000867117,-0.04373459214881747,0.8905539091642707,388.0,0.956,346.0,534.0,198,358,GK,established,1.0978260869565217,-0.06434394409937894,False
656941,Kyle Schwarber,2026,1993-03-05,DH,L,Philadelphia Phillies,155,696,577,133,19,1,45,94,95,104,8,3,1,219,6,68,1,0,0,0,8,0,0,0,2,146,33.0,696.0,31.5,14.9,0.231,0.501,0.353,0.27,0.276,0.235,0.486,0.367,0.363,0.351,0.251,0.49,0.485,-0.004,0.015,0.004,92.3,20.2,37.4,15.4,49.2,103.355917692,96.246500826,66.4,26.2,44.6,77.4,33.2,44.3,53.8,31.0,32.1,26.4,10.4,7.5,77.1,11.8,16.9,74.5,14.6,67.3,38.0,25.6,4.56,45.0,20.0,68.0,364.0,77.7,56.1,kyle schwarber,PHI,Kyle Schwarber,PHI,"1B,LF,DH",21.0,17.0,23.0,15.0,731.0,33.3,4.716129032258064,1.0502873563218391,21,OF,UT,False,17.0,651.0652173913044,4.664516129032258,79.93478260869563,0.05161290322580658,-4.0,False,False,1,False,69.44898905865081,25.896826553229143,1.8173797175892943,38.43180467053075,88.0706271861867,98.55661059784181,722.6442377840285,1.0382819508391214,8.355762215971481,0.012005405482717668,473.0,258.0,"{'C': 415, 'SS': 586, '2B': 586, '3B': 569, '1B': 598, 'OF': 519, 'UT': 473}",1.0502873563218391,0.5258620689655172,3.7680780428463505,73.58490566037736,60.75471698113207,91.32075471698113,12.830188679245289,-17.73584905660377,2.586206896551724,38.793103448275865,89.65517241379311,-0.0040000000000000036,1.2099447513812154,6,3972,-0.15965739505937626,1.2099447513812154,5,True,-0.15965739505937626,4.300000000000001,-5.4,-0.20000000000000284,0.0,0.0,10.0,0.0,,3.0,2026-03-26,2026-09-12,143.0,150.0,150.0,0.0,637.0,0.953,0.0,0.0,0.15,,established,37.2,0.6,1.29,"696 PA, already has the job · avg EV 92.3 (94th pct) · 1.05/PA this year against 1.21 at his best, two steps to clear",xwOBA 0.363 (94th) · barrels 15.4% (96th) · EV 92.3 (94th) · hard-hit 49% (92nd) · K 32% (10th) · BB 15% (97th) · chase 26% (76th) · bat speed 77.1 mph (98th) · sprint 25.6 (10th),"{""n"":20,""b"":0,""c"":[[""Matt Olson"",2025,31,1.05,1.05,734,0],[""Teoscar Hern\u00e1ndez"",2025,33,1.04,1.03,504,0],[""Christian Walker"",2025,34,0.93,0.92,578,0],[""Manny Machado"",2025,33,1.06,0.93,627,0],[""Adolis Garc\u00eda"",2025,32,0.97,0.78,201,0]]}",1.0371203929326078,1.1095665171898355,-0.04373459214881747,1.0371203929326078,580.0,0.948,602.0,622.0,39,42,CS,established,1.2099447513812154,-0.15965739505937626,True
656976,Pavin Smith,2026,1996-02-06,1B,L,Arizona Diamondbacks,39,118,105,20,3,0,3,12,12,12,0,2,0,24,1,14,1,0,0,0,24,0,0,0,0,14,30.0,118.0,20.3,10.2,0.19,0.305,0.271,0.115,0.215,0.219,0.325,0.261,0.287,0.3,0.106,0.273,0.31,-0.029,-0.02,-0.026,87.5,14.1,24.4,4.9,37.8,99.036548537,93.593931341,62.0,27.5,64.1,88.2,19.0,45.2,40.2,43.9,30.5,18.3,7.3,7.4,71.0,9.6,24.5,11.7,10.5,55.2,-6.0,25.2,4.75,5.0,8.0,7.0,82.0,75.0,61.0,pavin smith,ARI,,,,,,,,93.0,30.4,2.3846153846153846,0.788135593220339,450,1B,1B,True,339.0,171.72,2.3941801142166454,-78.72,-0.009564729601260868,-111.0,False,False,339,False,17.03467430937625,3.2533728856629276,0.2442313005454043,2.4627215044154216,11.199573431827874,12.17078116613003,97.4903545979579,0.826189445745406,-4.490354597957904,-0.03805385252506699,473.0,-380.0,"{'C': 415, 'SS': 586, '2B': 586, '3B': 569, '1B': 598, 'OF': 519, 'UT': 473}",0.788135593220339,0.3898305084745763,-10.332619883579584,,,,,,10.169491525423728,15.254237288135593,61.016949152542374,0.025999999999999968,,4,1614,,0.96875,4,False,-0.180614406779661,-11.599999999999998,-6.799999999999999,-1.0,63.0,1.0,217.0,0.0,Left elbow inflammation,155.39999999999998,2026-03-27,2026-09-12,29.0,149.0,93.0,56.0,144.0,0.312,1.0,0.0,0.15,,established,27.8,0.5,0.868,"deserved 0.83/PA on contact quality, got 0.79 · avg EV 87.5 (34th pct) · already 30, an age that jumps 3% of the time",xwOBA 0.287 (26th) · barrels 4.9% (27th) · EV 87.5 (32nd) · hard-hit 38% (46th) · K 20% (63rd) · BB 10% (68th) · chase 28% (68th) · bat speed 71.0 mph (35th) · sprint 25.2 (6th),"{""n"":20,""b"":0,""c"":[[""Jesse Winker"",2023,30,0.73,1.05,531,0],[""Gio Urshela"",2023,32,0.89,0.8,367,0],[""Jose Trevino"",2023,31,0.8,0.93,218,0],[""Carson Kelly"",2023,29,0.87,0.99,311,0],[""J.D. Davis"",2024,31,0.71,0.22,2,0]]}",0.914914155073063,1.0313351498637602,-0.035928731828200076,0.914914155073063,200.0,0.876,183.0,549.0,420,299,FA,established,0.96875,-0.180614406779661,False
657041,Lane Thomas,2026,1995-08-23,OF,R,multi,118,374,326,73,19,0,11,37,40,44,2,9,3,93,2,43,2,0,6,0,0,0,0,0,115,7,30.0,374.0,24.9,11.8,0.224,0.383,0.318,0.159,0.277,0.238,0.365,0.313,0.311,0.331,0.127,0.361,0.359,-0.014,0.018,0.002,89.3,17.4,36.2,6.4,40.9,99.948774746,94.29288566,62.7,20.6,56.5,84.1,22.9,41.3,44.7,37.9,24.3,24.7,13.2,6.9,72.6,10.7,24.9,25.9,8.4,59.1,-2.0,29.1,4.38,12.0,21.0,40.0,235.0,72.2,60.7,lane thomas,multi,Lane Thomas,ATL,"LF,CF,RF,DH",440.5,259.0,444.0,437.0,358.0,30.9,3.0338983050847457,0.9572192513368984,218,OF,OF,False,259.0,220.25,2.8337463512984864,137.75,0.20015195378625927,41.0,False,False,205,False,54.56825213307568,13.518693175709274,0.619857249354395,8.881197441860646,47.522193681858816,36.988863630998246,364.0890573128571,0.9735001532429335,-6.089057312857108,-0.01628090190603504,473.0,-115.0,"{'C': 415, 'SS': 586, '2B': 586, '3B': 569, '1B': 598, 'OF': 519, 'UT': 473}",0.9572192513368984,0.43315508021390375,-5.875939058784526,43.77358490566038,24.528301886792452,13.962264150943396,19.245283018867926,29.81132075471698,14.43850267379679,17.647058823529413,70.58823529411765,-0.0020000000000000018,1.153958944281525,5,2538,-0.19673969294462657,,4,True,0.6072192513368985,,,,16.0,1.0,173.0,0.0,,100.3,2026-03-27,2026-09-07,118.0,150.0,148.0,2.0,377.0,0.797,0.0,0.0,0.15,,established,31.9,0.7,1.234,"sprint 29.1 ft/s (90th pct) · avg EV 89.3 (63rd pct) · deserved 0.97/PA on contact quality, got 0.96",xwOBA 0.311 (54th) · barrels 6.4% (41st) · EV 89.3 (61st) · hard-hit 41% (60th) · K 25% (34th) · BB 12% (86th) · chase 21% (97th) · bat speed 72.6 mph (60th) · sprint 29.1 (90th),"{""n"":20,""b"":0,""c"":[[""Tommy Edman"",2025,30,0.91,0.97,317,0],[""Xander Bogaerts"",2024,32,0.93,0.98,541,0],[""Ram\u00f3n Ur\u00edas"",2025,31,0.85,0.72,72,0],[""Cedric Mullins"",2025,31,1.01,0.92,460,0],[""Hunter Renfroe"",2024,32,0.92,0.56,60,0]]}",0.9632090447441147,1.000939143501127,-0.03556545422470473,0.9632090447441147,320.0,0.92,308.0,578.0,235,170,FA,established,,0.6072192513368985,True
657136,Connor Wong,2026,1996-05-19,C,R,Boston Red Sox,76,237,209,49,12,0,4,22,25,17,6,3,1,57,1,33,4,8,0,72,0,0,0,0,0,3,30.0,237.0,24.1,7.2,0.234,0.349,0.309,0.115,0.302,0.22,0.328,0.296,0.282,0.296,0.108,0.345,0.324,0.014,0.021,0.014,86.0,12.7,24.8,4.5,35.0,99.160801333,93.582785067,64.9,31.8,53.1,86.9,24.7,47.9,41.4,46.5,24.8,19.7,8.9,7.4,72.9,9.4,20.3,29.1,13.0,48.9,-5.0,27.6,4.47,11.0,15.0,22.0,157.0,75.7,63.7,connor wong,BOS,Connor Wong,BOS,C,849.5,335.0,1303.0,,213.0,30.1,2.8026315789473686,0.8987341772151899,328,C,C,False,335.0,171.72,2.3941801142166454,41.28,0.40845146473072313,7.0,False,False,279,False,33.06827430910952,7.864290685772773,0.4345957011258956,4.612839303991811,25.780662702466678,23.12940140697315,207.44206410943983,0.8752829709259065,5.557935890560174,0.023451206289283433,415.0,-202.0,"{'C': 415, 'SS': 586, '2B': 586, '3B': 569, '1B': 598, 'OF': 519, 'UT': 473}",0.8987341772151899,0.350210970464135,-8.576006616493089,,,,,,7.594936708860759,10.126582278481012,43.037974683544306,-0.014000000000000012,1.0431211498973305,3,1385,-0.14438697268214062,,2,False,0.5487341772151899,1.8000000000000007,1.4,0.6000000000000085,0.0,0.0,24.0,0.0,,14.399999999999999,2026-03-28,2026-09-08,72.0,151.0,151.0,0.0,226.0,0.477,2.0,0.0,0.15,,established,30.1,0.9,1.123,"got 0.90/PA but deserved 0.88 · already 30, an age that jumps 3% of the time · 0.90/PA this year against 1.04 at his best, two steps to clear",xwOBA 0.282 (21st) · barrels 4.5% (24th) · EV 86.0 (13th) · hard-hit 35% (32nd) · K 24% (40th) · BB 7% (32nd) · chase 32% (40th) · bat speed 72.9 mph (65th) · sprint 27.6 (52nd),"{""n"":20,""b"":0,""c"":[[""Taylor Walls"",2025,29,0.91,0.9,390,0],[""Josh Rojas"",2023,29,0.93,0.81,385,0],[""Nick Fortes"",2025,29,0.88,0.94,300,0],[""Thairo Estrada"",2024,28,0.82,0.84,138,0],[""Nicky Lopez"",2023,28,0.87,0.73,326,0]]}",0.8894335214337227,0.8953418027828192,-0.035928731828200076,0.8894335214337227,224.0,0.988,199.0,534.0,385,358,FA,established,,0.5487341772151899,False
657656,Ramón Laureano,2026,1994-07-15,OF,R,San Diego Padres,53,206,182,37,6,2,7,23,21,20,2,7,2,65,2,22,0,0,1,0,0,0,0,0,51,1,31.0,206.0,31.6,9.7,0.203,0.374,0.286,0.171,0.268,0.222,0.409,0.292,0.312,0.303,0.187,0.376,0.411,-0.019,-0.035,-0.02,88.0,12.1,37.0,14.3,41.2,99.9726525,94.305977731,70.9,32.7,45.3,81.4,31.1,50.5,35.3,41.2,31.1,21.8,5.9,7.1,72.5,8.4,18.4,26.0,14.8,46.6,-3.0,28.0,4.3,12.0,9.0,16.0,119.0,80.0,61.7,ramon laureano,SD,Ramon Laureano,SD,"LF,CF,RF",225.6,134.0,215.0,194.0,194.0,32.0,3.660377358490566,0.941747572815534,345,OF,OF,False,134.0,422.61764705882354,3.705765225084571,-228.61764705882354,-0.045387866594004844,-211.0,False,False,279,True,22.559330242927246,9.119778970171359,1.2604513308755636,7.464439456025837,25.768399874007134,24.259048100614322,209.8694479746215,1.0187837280321432,-15.869447974621494,-0.07703615521660923,473.0,-279.0,"{'C': 415, 'SS': 586, '2B': 586, '3B': 569, '1B': 598, 'OF': 519, 'UT': 473}",0.941747572815534,0.3592233009708738,-8.410880628439628,,,,,,20.388349514563107,20.388349514563107,58.25242718446602,0.020000000000000018,1.1844262295081966,6,2168,-0.24267865669266264,1.1844262295081966,5,True,-0.24267865669266264,7.200000000000003,0.40000000000000036,0.29999999999999716,117.0,1.0,140.0,0.0,,128.1,2026-03-26,2026-05-30,53.0,63.0,58.0,5.0,529.0,0.914,0.0,0.0,0.15,,established,31.9,0.4,1.264,"deserved 1.02/PA on contact quality, got 0.94 · sprint 28.0 ft/s (65th pct) · avg EV 88.0 (42nd pct)",xwOBA 0.312 (56th) · barrels 14.3% (94th) · EV 88.0 (40th) · hard-hit 41% (63rd) · K 32% (10th) · BB 10% (63rd) · chase 33% (35th) · bat speed 72.5 mph (58th) · sprint 28.0 (63rd),"{""n"":20,""b"":0,""c"":[[""Michael A. Taylor"",2024,33,0.83,0.86,280,0],[""Mitch Haniger"",2023,32,0.86,0.8,337,0],[""J.T. Realmuto"",2024,33,1.03,1.01,553,0],[""Jorge Soler"",2025,33,0.85,0.86,310,0],[""Seth Brown"",2023,31,0.92,0.85,342,0]]}",0.9786754703390745,1.0796280642434488,-0.04944745880435125,0.9786754703390745,294.0,0.898,288.0,587.0,257,126,FA,established,1.1844262295081966,-0.24267865669266264,True
657757,Gavin Sheets,2026,1996-04-23,1B,L,San Diego Padres,124,417,361,76,16,0,16,46,47,49,5,4,0,85,2,44,0,0,1,0,43,0,0,0,42,31,30.0,417.0,20.4,11.8,0.211,0.388,0.312,0.177,0.229,0.227,0.374,0.312,0.313,0.326,0.146,0.332,0.334,-0.016,0.014,-0.001,87.3,13.5,30.9,6.8,38.1,98.82247554,93.450402482,58.1,31.1,64.9,88.2,20.9,43.4,38.1,45.0,23.7,20.5,10.8,7.7,74.4,9.3,20.1,46.8,8.2,51.1,-3.0,26.6,4.51,18.0,20.0,37.0,278.0,63.7,53.5,gavin sheets,SD,Gavin Sheets,SD,"1B,LF,RF,DH",384.3,233.0,375.0,375.0,377.0,30.2,3.0403225806451615,0.9040767386091128,208,1B/OF,1B/OF,False,233.0,338.3666666666667,3.0792137196109657,38.633333333333326,-0.038891138965804206,25.0,False,False,171,False,54.42787528931169,14.565472486706534,0.7204291586518711,12.233223065329906,47.13384694035798,45.982551539932466,377.7163984802904,0.905794720576236,-0.7163984802904224,-0.00171798196712325,473.0,-96.0,"{'C': 415, 'SS': 586, '2B': 586, '3B': 569, '1B': 598, 'OF': 519, 'UT': 473}",0.9040767386091128,0.48201438848920863,-5.2859796715747445,21.88679245283019,41.509433962264154,20.0,-19.622641509433965,1.8867924528301891,5.755395683453237,23.02158273381295,70.50359712230217,0.0010000000000000009,0.9577981651376147,5,2396,-0.05372142652850198,0.9577981651376147,4,False,-0.05372142652850198,0.7999999999999972,-2.8,-0.3999999999999915,27.0,1.0,27.0,0.0,Left foot sprain,27.0,2026-03-26,2026-08-29,123.0,142.0,136.0,6.0,451.0,0.904,0.0,0.0,0.15,,established,32.3,1.1,1.038,"417 PA, already has the job · sprint 26.6 ft/s (26th pct) · avg EV 87.3 (30th pct)",xwOBA 0.313 (56th) · barrels 6.8% (45th) · EV 87.3 (29th) · hard-hit 38% (48th) · K 20% (63rd) · BB 12% (86th) · chase 31% (46th) · bat speed 74.4 mph (84th) · sprint 26.6 (26th),"{""n"":20,""b"":1,""c"":[[""Isiah Kiner-Falefa"",2024,29,0.91,0.87,400,0],[""Nathaniel Lowe"",2024,29,0.94,0.88,537,0],[""Ram\u00f3n Ur\u00edas"",2025,31,0.85,0.72,72,0],[""Jake Cronenworth"",2023,29,0.87,0.91,600,0],[""Jeimer Candelario"",2024,31,0.9,0.52,47,0]]}",0.9137975743224541,0.9062954265906296,-0.035928731828200076,0.9137975743224541,334.0,0.978,305.0,548.0,240,303,FA,established,0.9577981651376147,-0.05372142652850198,False
660162,Yoán Moncada,2026,1995-05-27,3B,S,Los Angeles Angels,41,130,111,21,1,1,3,9,10,17,2,1,0,45,0,16,4,0,0,0,0,0,31,0,0,3,31.0,130.0,34.6,13.1,0.189,0.297,0.308,0.108,0.286,0.169,0.286,0.281,0.269,0.293,0.117,0.352,0.331,0.02,0.011,0.012,90.3,15.8,33.3,7.7,40.9,100.980665625,94.815858438,56.7,21.1,41.4,82.2,28.8,38.9,39.4,34.8,36.4,25.8,3.0,7.4,72.3,9.9,21.5,30.4,11.4,36.4,-4.0,26.4,4.39,6.0,4.0,11.0,66.0,50.0,58.5,yoan moncada,LAA,,,,,,,,91.0,31.1,2.2195121951219514,0.7,452,3B,3B,True,339.0,171.72,2.3941801142166454,-80.72,-0.17466791909469404,-113.0,False,False,339,False,11.955406620403377,3.493804385234858,0.43617136832016146,2.873617626041606,12.986351838168156,13.003959185109784,94.49531102327794,0.7268870078713687,-3.495311023277935,-0.026887007871368773,473.0,-382.0,"{'C': 415, 'SS': 586, '2B': 586, '3B': 569, '1B': 598, 'OF': 519, 'UT': 473}",0.7,0.19230769230769232,-10.769592388668668,,,,,,4.615384615384616,13.846153846153847,78.46153846153847,-0.01200000000000001,,4,1870,,0.9446366782006921,4,False,-0.24463667820069213,8.600000000000001,-6.6000000000000005,-1.0,128.0,1.0,349.0,0.0,Right knee inflammation,212.89999999999998,2026-03-26,2026-05-21,41.0,57.0,51.0,6.0,380.0,0.804,0.0,0.0,0.15,,established,30.5,0.3,0.78,"avg EV 90.3 (80th pct) · deserved 0.73/PA on contact quality, got 0.70 · sprint 26.4 ft/s (23rd pct)",xwOBA 0.269 (13th) · barrels 7.7% (54th) · EV 90.3 (77th) · hard-hit 41% (60th) · K 35% (3rd) · BB 13% (92nd) · chase 21% (95th) · bat speed 72.3 mph (55th) · sprint 26.4 (22nd),"{""n"":20,""b"":0,""c"":[[""Seby Zavala"",2023,30,0.76,0.72,31,0],[""J.D. Davis"",2024,31,0.71,0.22,2,0],[""Zack Short"",2024,29,0.6,0.88,49,0],[""Jared Walsh"",2023,30,0.64,0.83,50,0],[""Brad Miller"",2022,33,0.83,0.82,55,0]]}",0.8445707497381074,0.9446366782006921,-0.03556545422470473,0.8445707497381074,200.0,0.83,169.0,507.0,449,432,FA,established,0.9446366782006921,-0.24463667820069213,False
660271,Shohei Ohtani,2026,1994-07-05,TWP,L,Los Angeles Dodgers,138,615,520,143,26,4,30,89,81,81,7,11,3,152,5,83,1,0,0,0,0,0,0,0,0,133,31.0,615.0,24.7,13.2,0.275,0.513,0.377,0.238,0.329,0.286,0.552,0.377,0.397,0.372,0.267,0.468,0.501,-0.011,-0.039,-0.02,93.3,12.4,38.3,16.4,52.0,103.740457135,96.717453432,66.0,30.1,51.7,77.2,31.8,46.5,47.7,42.4,30.6,23.9,3.2,7.9,74.7,14.6,25.3,49.1,13.4,49.5,26.0,27.7,4.23,33.0,43.0,67.0,373.0,77.2,59.8,shohei ohtani,LAD,Shohei Ohtani,LAD,"SP,DH",1.0,1.0,1.0,1.0,700.0,32.0,5.072463768115942,1.1382113821138211,30,UT,UT,False,1.0,651.0652173913044,5.0,48.93478260869563,0.07246376811594235,-29.0,False,False,1,False,78.56264287057321,33.75168924857636,4.128692891127641,32.27697498972278,90.63689026767989,87.69774626083675,734.6146365285166,1.1944953439488075,-34.6146365285166,-0.05628396183498641,473.0,227.0,"{'C': 415, 'SS': 586, '2B': 586, '3B': 569, '1B': 598, 'OF': 519, 'UT': 473}",1.1382113821138211,0.6130081300813008,3.6124947437690733,92.83018867924528,89.81132075471699,90.9433962264151,3.018867924528294,1.8867924528301785,10.731707317073171,29.26829268292683,79.02439024390245,0.020000000000000018,1.5540355677154583,6,3977,-0.41582418560163714,1.5540355677154583,5,True,-0.41582418560163714,-1.0,-7.100000000000001,-1.0999999999999943,12.0,1.0,12.0,0.0,,12.0,2026-03-26,2026-09-07,130.0,149.0,147.0,2.0,604.0,0.884,0.0,0.0,0.15,,established,36.8,2.0,1.634,"615 PA, already has the job · avg EV 93.3 (97th pct) · deserved 1.19/PA on contact quality, got 1.14",xwOBA 0.397 (99th) · barrels 16.4% (98th) · EV 93.3 (97th) · hard-hit 52% (96th) · K 25% (35th) · BB 13% (92nd) · chase 30% (52nd) · bat speed 74.7 mph (86th) · sprint 27.7 (55th),"{""n"":20,""b"":0,""c"":[[""Matt Olson"",2024,30,0.98,1.05,758,0],[""Bryce Harper"",2025,33,1.09,1.07,734,0],[""Bryce Harper"",2024,32,1.13,1.09,632,0],[""Matt Olson"",2025,31,1.05,1.05,734,0],[""Teoscar Hern\u00e1ndez"",2025,33,1.04,1.03,504,0]]}",1.1158368900513025,1.278236914600551,-0.04944745880435125,1.1158368900513025,632.0,0.99,705.0,670.0,14,10,BB,established,1.5540355677154583,-0.41582418560163714,True
660670,Ronald Acuña Jr.,2026,1997-12-18,OF,R,Atlanta Braves,107,469,408,104,18,1,20,61,55,53,5,21,8,103,3,65,1,0,6,0,0,0,0,0,93,14,28.0,469.0,22.0,11.3,0.255,0.451,0.345,0.196,0.292,0.261,0.495,0.348,0.366,0.349,0.235,0.4,0.428,-0.006,-0.044,-0.018,89.6,15.7,34.7,13.0,43.5,102.06326039,95.280739838,75.6,28.6,57.0,77.7,29.0,49.4,37.0,41.2,27.9,23.1,7.8,7.6,75.7,12.5,20.4,58.6,11.1,54.5,14.0,27.1,4.46,28.0,32.0,44.0,308.0,82.4,62.5,ronald acuna,ATL,Ronald Acuna Jr.,ATL,"RF,DH",6.6,6.0,6.0,7.0,536.0,28.5,5.009345794392523,1.1428571428571428,116,OF,OF,False,6.0,651.0652173913044,4.803563586172282,-115.06521739130437,0.20578220822024118,-110.0,False,False,120,True,57.27020338240894,24.988032884883868,1.7973240830054573,22.432439649701738,63.739383840731165,62.99072282796116,567.5861066686923,1.2102049182701329,-31.58610666869231,-0.06734777541299009,473.0,63.0,"{'C': 415, 'SS': 586, '2B': 586, '3B': 569, '1B': 598, 'OF': 519, 'UT': 473}",1.1428571428571428,0.5778251599147122,-0.5871470473478108,93.9622641509434,79.62264150943396,63.77358490566037,14.339622641509436,30.188679245283026,26.865671641791042,25.586353944562898,67.80383795309169,0.018000000000000016,1.6027210884353742,6,2731,-0.4598639455782314,1.6027210884353742,5,True,-0.4598639455782314,-2.8000000000000007,-2.6999999999999993,-0.7000000000000028,62.0,2.0,263.0,0.0,Left hamstring strain; Strained left hamstring,145.1,2026-03-27,2026-09-12,96.0,153.0,97.0,56.0,647.0,0.99,0.0,0.0,0.15,,established,36.6,1.7,1.683,"deserved 1.21/PA on contact quality, got 1.14 · 469 PA, already has the job · avg EV 89.6 (68th pct)",xwOBA 0.366 (95th) · barrels 13.0% (90th) · EV 89.6 (66th) · hard-hit 44% (75th) · K 22% (54th) · BB 11% (82nd) · chase 29% (62nd) · bat speed 75.7 mph (93rd) · sprint 27.1 (39th),"{""n"":20,""b"":0,""c"":[[""Matt Olson"",2024,30,0.98,1.05,758,0],[""Corey Seager"",2024,30,1.07,1.05,467,0],[""Josh Lowe"",2025,27,0.97,0.9,304,0],[""Bryce Harper"",2025,33,1.09,1.07,734,0],[""Fernando Tatis Jr."",2025,26,1.16,1.19,838,0]]}",1.091235414918992,1.162621359223301,-0.019875156067583864,1.091235414918992,598.0,0.884,653.0,655.0,24,18,GK,established,1.6027210884353742,-0.4598639455782314,True
660688,Keibert Ruiz,2026,1998-07-20,C,S,Washington Nationals,105,354,332,93,24,0,10,44,48,16,3,2,1,37,3,59,5,18,0,102,0,0,0,0,0,0,27.0,354.0,10.5,4.5,0.28,0.443,0.316,0.163,0.288,0.247,0.374,0.329,0.289,0.285,0.127,0.347,0.299,0.033,0.069,0.04,88.1,17.2,33.9,5.0,36.6,98.084002838,93.093035608,66.6,38.7,72.9,93.3,14.2,52.6,58.7,37.9,28.9,23.2,10.1,7.1,67.7,13.0,39.9,0.8,9.8,57.2,1.0,25.1,4.83,18.0,29.0,46.0,298.0,70.0,67.4,keibert ruiz,WSH,Keibert Ruiz,WSH,C,434.5,255.0,401.0,468.0,388.0,27.9,3.6952380952380954,1.0960451977401129,201,C,C,False,255.0,229.0,2.9462393912788998,159.0,0.7489987039591957,54.0,False,False,171,False,57.608495536162565,15.200559559767088,0.6213942719781427,8.57355063209221,33.98083382501993,39.456772930534974,335.6096067555549,0.9480497365976128,52.39039324444508,0.14799546114250006,415.0,-27.0,"{'C': 415, 'SS': 586, '2B': 586, '3B': 569, '1B': 598, 'OF': 519, 'UT': 473}",1.0960451977401129,0.6214689265536724,-4.345765806646975,85.66037735849056,90.9433962264151,29.433962264150942,-5.28301886792454,56.22641509433962,3.389830508474576,16.949152542372882,27.11864406779661,-0.040000000000000036,1.0960451977401129,5,2197,0.0,0.9715302491103203,4,False,0.12451494862979262,0.8000000000000007,2.8,1.6000000000000085,0.0,0.0,102.0,0.0,,58.199999999999996,2026-03-26,2026-09-12,96.0,150.0,150.0,0.0,327.0,0.64,0.0,0.0,0.15,,established,26.5,2.4,1.176,"1.10/PA is his best rate yet, so the bar is one step up · avg EV 88.1 (45th pct) · sprint 25.1 ft/s (6th pct) · barrel rate up 2.8 pts on last year · bat speed up 1.6 mph",xwOBA 0.289 (28th) · barrels 5.0% (29th) · EV 88.1 (42nd) · hard-hit 37% (40th) · K 10% (97th) · BB 4% (8th) · chase 39% (10th) · bat speed 67.7 mph (5th) · sprint 25.1 (5th),"{""n"":20,""b"":1,""c"":[[""Isaac Paredes"",2025,26,0.98,0.98,641,0],[""Miguel Andujar"",2025,30,1.04,0.9,229,0],[""Geraldo Perdomo"",2024,25,0.97,1.13,814,1],[""Steven Kwan"",2024,27,1.08,0.98,680,0],[""Harold Ram\u00edrez"",2023,29,1.11,0.9,221,0]]}",0.9593432262198832,0.9996968318932847,-0.026330886137737278,0.9593432262198832,347.0,0.953,333.0,576.0,208,176,FA,candidate,0.9715302491103203,0.12451494862979262,False
660821,Jesús Sánchez,2026,1997-10-07,DH,L,multi,105,315,284,72,18,0,8,24,35,18,8,1,2,75,5,46,3,0,0,0,0,0,0,0,87,19,28.0,315.0,23.8,5.7,0.254,0.401,0.311,0.147,0.311,0.255,0.419,0.311,0.321,0.313,0.164,0.374,0.388,-0.001,-0.018,-0.01,90.7,10.9,32.2,10.8,45.3,101.621661682,95.111932864,71.3,38.0,59.4,79.8,28.1,53.3,31.8,44.4,27.1,22.0,6.5,6.8,73.5,12.1,22.6,43.3,7.0,50.5,-4.0,26.4,4.57,17.0,24.0,31.0,214.0,78.9,64.6,jesus sanchez,multi,Jesus Sanchez,TOR,"LF,CF,RF,DH",353.0,215.0,340.0,366.0,271.0,28.7,2.580952380952381,0.8603174603174604,277,OF,OF,False,215.0,338.3666666666667,3.0792137196109657,-67.36666666666667,-0.4982613386585846,-62.0,False,False,250,False,45.89653755913942,16.11844993441945,0.7574874537428525,9.647525052698281,35.766275191695655,37.10589282336164,290.2881680150573,0.9215497397303406,-19.288168015057295,-0.06123227941288023,473.0,-202.0,"{'C': 415, 'SS': 586, '2B': 586, '3B': 569, '1B': 598, 'OF': 519, 'UT': 473}",0.8603174603174604,0.37142857142857144,-7.3238642030362895,9.433962264150944,9.245283018867925,3.7735849056603774,0.18867924528301927,5.660377358490567,1.9047619047619047,15.238095238095237,34.285714285714285,0.010000000000000009,1.0167597765363128,6,2345,-0.1564423162188524,1.0167597765363128,5,False,-0.1564423162188524,1.6999999999999993,-0.29999999999999893,-2.299999999999997,34.0,1.0,53.0,0.0,Right ankle sprain,45.4,2026-03-28,2026-09-09,99.0,150.0,122.0,28.0,365.0,0.811,1.0,0.0,0.15,,established,34.1,0.7,1.097,"deserved 0.92/PA on contact quality, got 0.86 · avg EV 90.7 (85th pct) · already 29, an age that jumps 4% of the time",xwOBA 0.321 (65th) · barrels 10.8% (77th) · EV 90.7 (84th) · hard-hit 45% (82nd) · K 24% (42nd) · BB 6% (18th) · chase 38% (12th) · bat speed 73.5 mph (72nd) · sprint 26.4 (22nd),"{""n"":20,""b"":0,""c"":[[""Ryan Mountcastle"",2024,27,0.95,0.85,302,0],[""Jake Burger"",2025,29,0.91,0.96,589,0],[""Josh Jung"",2025,27,0.89,0.99,440,0],[""Ryan Mountcastle"",2025,28,0.85,0.73,11,0],[""Josh Rojas"",2024,30,0.81,0.63,133,0]]}",0.9207375734636926,0.930388738215162,-0.019875156067583864,0.9207375734636926,316.0,0.964,291.0,552.0,254,285,FA,established,1.0167597765363128,-0.1564423162188524,False
660844,Leo Rivas,2026,1997-10-10,3B,S,Seattle Mariners,51,146,122,18,3,1,0,10,11,16,4,2,0,41,2,14,2,0,0,0,0,1,30,16,0,2,28.0,146.0,28.1,11.0,0.148,0.189,0.264,0.041,0.217,0.172,0.232,0.222,0.245,0.285,0.06,0.215,0.256,-0.024,-0.043,-0.023,86.1,19.2,31.8,1.2,15.3,93.376740714,90.730316627,55.7,16.3,54.0,82.9,23.4,36.6,45.9,38.8,30.6,20.0,10.6,7.1,65.6,2.1,28.9,0.5,16.1,53.5,-11.0,27.5,,2.0,5.0,11.0,85.0,82.4,50.7,leo rivas,SEA,,,,,,,,86.0,28.7,1.6862745098039216,0.589041095890411,459,2B/3B/SS,3B,True,339.0,171.72,2.3941801142166454,-85.72,-0.7079056044127239,-120.0,False,False,339,False,16.90176675615247,2.3295220282073696,0.267655675127846,1.4850555405123123,14.202040268256647,11.974502650702044,99.46454291895868,0.6812639925956074,-13.464542918958685,-0.09222289670519646,473.0,-387.0,"{'C': 415, 'SS': 586, '2B': 586, '3B': 569, '1B': 598, 'OF': 519, 'UT': 473}",0.589041095890411,0.14383561643835616,-11.343861146590699,,,,,,8.21917808219178,0.0,65.75342465753424,0.022999999999999993,,0,343,,,0,False,0.239041095890411,,,,0.0,0.0,0.0,0.0,,0.0,2026-03-26,2026-08-23,47.0,137.0,137.0,0.0,151.0,0.343,0.0,0.0,0.15,,established,25.6,0.7,0.43,"deserved 0.68/PA on contact quality, got 0.59 · 343 career PA, still new · already 29, an age that jumps 4% of the time",xwOBA 0.245 (3rd) · barrels 1.2% (2nd) · EV 86.1 (14th) · hard-hit 15% (1st) · K 28% (19th) · BB 11% (79th) · chase 16% (100th) · bat speed 65.6 mph (2nd) · sprint 27.5 (49th),"{""n"":20,""b"":0,""c"":[[""Andrew Knapp"",2021,30,0.58,0.59,27,0],[""Brett Sullivan"",2023,29,0.66,0.82,14,0],[""Dominic Fletcher"",2024,27,0.66,1.12,38,0],[""Hayden Senger"",2025,28,0.65,0.71,12,0],[""Ildemaro Vargas"",2021,30,0.6,0.87,194,0]]}",0.8413364102286562,0.589041095890411,-0.019875156067583864,0.8413364102286562,200.0,1.0,168.0,505.0,451,437,FA,established,,0.239041095890411,False
661388,William Contreras,2026,1997-12-24,C,R,Milwaukee Brewers,147,640,566,153,27,1,18,82,94,61,4,1,2,94,9,107,0,25,0,128,0,0,0,0,0,20,28.0,640.0,14.7,9.5,0.27,0.417,0.341,0.147,0.292,0.261,0.441,0.33,0.334,0.328,0.181,0.349,0.355,0.009,-0.024,-0.004,90.3,13.2,33.3,8.5,44.1,101.24009195,94.956986071,68.0,28.3,62.5,87.1,20.7,47.2,36.4,40.5,25.6,25.2,8.7,7.2,73.5,15.8,31.4,37.1,8.6,59.1,10.0,26.0,4.61,27.0,52.0,74.0,481.0,78.4,61.5,william contreras,MIL,William Contreras,MIL,"C,DH",56.0,40.0,48.0,58.0,683.0,28.5,4.64625850340136,1.0671875,36,C,C,False,40.0,626.0,4.485508577873414,57.0,0.16074992552794587,4.0,False,False,1,False,91.57259760341896,32.06525965772865,1.8836878742858583,22.204454864566543,74.28384637406687,79.01519096431971,669.1970373383866,1.045620370841229,13.802962661613378,0.021567129158770904,415.0,268.0,"{'C': 415, 'SS': 586, '2B': 586, '3B': 569, '1B': 598, 'OF': 519, 'UT': 473}",1.0671875,0.59375,1.461923838574183,80.37735849056604,84.52830188679246,83.01886792452831,-4.150943396226424,-2.64150943396227,0.9375,16.875,57.1875,0.0040000000000000036,1.1443298969072164,5,3150,-0.07714239690721647,1.1443298969072164,4,True,-0.07714239690721647,-3.5,2.0999999999999996,0.29999999999999716,0.0,0.0,0.0,0.0,,0.0,2026-03-26,2026-09-12,137.0,152.0,152.0,0.0,585.0,0.901,0.0,0.0,0.15,,established,34.5,2.4,1.224,"640 PA, already has the job · avg EV 90.3 (80th pct) · got 1.07/PA but deserved 1.05 · barrel rate up 2.1 pts on last year",xwOBA 0.334 (79th) · barrels 8.5% (61st) · EV 90.3 (77th) · hard-hit 44% (78th) · K 15% (89th) · BB 10% (61st) · chase 28% (64th) · bat speed 73.5 mph (72nd) · sprint 26.0 (15th),"{""n"":20,""b"":0,""c"":[[""Bo Bichette"",2025,27,1.08,0.89,614,0],[""Alec Bohm"",2024,28,1.0,0.93,470,0],[""Anthony Santander"",2024,30,1.08,0.68,151,0],[""Alex Bregman"",2024,30,0.97,1.01,498,0],[""Gleyber Torres"",2025,28,0.94,0.89,374,0]]}",1.0266672207207146,1.0690823985150513,-0.019875156067583864,1.0266672207207146,596.0,1.0,612.0,616.0,35,55,GLIZZY,established,1.1443298969072164,-0.07714239690721647,True
662139,Daulton Varsho,2026,1996-07-02,OF,L,multi,140,526,484,107,23,3,12,51,40,39,2,12,0,107,1,69,2,0,5,0,0,0,0,0,137,1,29.0,526.0,20.3,7.4,0.221,0.355,0.281,0.134,0.26,0.228,0.354,0.281,0.283,0.285,0.126,0.317,0.32,-0.007,0.001,-0.002,86.7,16.2,32.0,6.9,36.5,98.36044754,93.211984706,72.4,36.5,65.8,85.4,21.9,53.1,38.1,39.4,28.8,22.0,9.8,7.7,72.9,7.8,20.4,28.2,10.1,55.0,-16.0,27.4,4.29,19.0,41.0,47.0,378.0,80.9,62.0,daulton varsho,multi,Daulton Varsho,HOU,"LF,CF",193.6,114.0,192.0,171.0,455.0,30.0,3.25,0.8650190114068441,156,OF,OF,False,114.0,556.8852459016393,4.003049236131642,-101.88524590163934,-0.7530492361316421,-42.0,False,False,123,True,76.10562983804269,19.805182040291136,2.1447464052896503,12.296441716376524,57.62016592074339,54.57271751477258,478.88088343551595,0.9104199304857717,-23.880883435515955,-0.045400919078927626,473.0,-18.0,"{'C': 415, 'SS': 586, '2B': 586, '3B': 569, '1B': 598, 'OF': 519, 'UT': 473}",0.8650190114068441,0.3935361216730038,-5.098444163606283,10.943396226415095,12.452830188679245,21.50943396226415,-1.5094339622641506,-10.566037735849056,13.688212927756654,13.688212927756654,44.48669201520912,0.0019999999999999463,1.1734317343173433,6,2798,-0.30841272291049915,1.1734317343173433,5,True,-0.30841272291049915,-8.099999999999998,-9.0,-2.6999999999999886,11.0,2.0,117.0,0.0,,71.0,2026-03-27,2026-09-12,134.0,150.0,142.0,8.0,531.0,0.944,0.0,0.0,0.15,,established,29.4,0.6,1.253,"526 PA, already has the job · deserved 0.91/PA on contact quality, got 0.87 · already 30, an age that jumps 3% of the time",xwOBA 0.283 (22nd) · barrels 6.9% (46th) · EV 86.7 (20th) · hard-hit 36% (39th) · K 20% (63rd) · BB 7% (34th) · chase 36% (17th) · bat speed 72.9 mph (65th) · sprint 27.4 (48th),"{""n"":20,""b"":0,""c"":[[""Jorge Polanco"",2024,31,0.81,1.07,563,0],[""Danny Jansen"",2024,29,0.83,0.98,331,0],[""Max Kepler"",2024,31,0.89,0.9,427,0],[""Jonah Heim"",2025,30,0.82,0.87,339,0],[""Sean Murphy"",2024,30,0.86,1.02,345,0]]}",0.9707670213961955,0.946706231454006,-0.035928731828200076,0.9707670213961955,397.0,0.943,385.0,582.0,159,152,FA,established,1.1734317343173433,-0.30841272291049915,True
663330,Jahmai Jones,2026,1997-08-04,DH,R,multi,93,179,158,33,6,1,6,20,16,17,4,3,2,58,0,20,0,0,0,0,0,0,0,0,11,64,28.0,179.0,32.4,9.5,0.209,0.373,0.302,0.164,0.287,0.23,0.432,0.302,0.331,0.321,0.202,0.393,0.446,-0.021,-0.059,-0.029,90.6,18.6,35.0,11.0,44.0,101.9869932,95.352581515,71.7,29.6,41.8,76.5,34.8,48.9,53.0,32.0,30.0,27.0,11.0,7.7,73.2,11.3,19.5,34.5,14.5,55.3,-1.0,28.5,4.35,8.0,6.0,19.0,100.0,81.0,60.3,jahmai jones,multi,,,,,,,,158.0,28.9,1.6989247311827957,0.88268156424581,377,OF,UT,True,339.0,171.72,2.3941801142166454,-13.719999999999999,-0.6952553830338497,-38.0,False,False,339,False,19.407246996105613,8.980286473346593,0.9216860649899962,7.030780465557804,23.708834134055056,21.613963236676152,179.9187973707312,1.0051329462052023,-21.9187973707312,-0.12245138195939231,473.0,-315.0,"{'C': 415, 'SS': 586, '2B': 586, '3B': 569, '1B': 598, 'OF': 519, 'UT': 473}",0.88268156424581,0.31843575418994413,-9.213540729997836,,,,,,10.05586592178771,20.11173184357542,56.98324022346369,0.029000000000000026,,0,459,,,0,False,0.53268156424581,11.099999999999998,-2.4000000000000004,-0.3999999999999915,0.0,0.0,0.0,0.0,,0.0,2026-03-27,2026-09-11,84.0,149.0,149.0,0.0,153.0,0.564,1.0,0.0,0.15,,established,34.6,2.7,0.43,"deserved 1.01/PA on contact quality, got 0.88 · avg EV 90.6 (83rd pct) · 459 career PA, still new",xwOBA 0.331 (75th) · barrels 11.0% (79th) · EV 90.6 (81st) · hard-hit 44% (77th) · K 32% (6th) · BB 10% (61st) · chase 30% (55th) · bat speed 73.2 mph (68th) · sprint 28.5 (78th),"{""n"":20,""b"":1,""c"":[[""Billy McKinney"",2023,29,0.93,0.79,22,0],[""Jorge Soler"",2022,30,0.89,1.05,611,1],[""Weston Wilson"",2025,31,0.9,0.87,155,0],[""Jorge Alfaro"",2021,28,0.9,0.92,252,0],[""Franchy Cordero"",2022,28,0.89,1.01,72,0]]}",1.0194816861441207,0.9843866171003718,-0.019875156067583864,1.0194816861441207,200.0,1.0,204.0,612.0,372,73,FA,established,,0.53268156424581,False
663368,Blake Perkins,2026,1996-09-10,OF,S,Milwaukee Brewers,55,101,89,14,6,0,1,14,11,10,1,3,1,22,0,7,0,0,1,0,0,0,0,0,52,1,29.0,101.0,21.8,9.9,0.157,0.258,0.25,0.101,0.197,0.196,0.295,0.236,0.264,0.285,0.099,0.237,0.279,-0.039,-0.037,-0.028,86.4,13.4,23.5,4.4,33.8,97.263370606,92.781445846,59.2,28.9,71.4,83.2,20.9,43.4,42.6,44.1,22.1,20.6,13.2,7.4,70.4,8.0,24.7,8.7,9.4,64.7,-4.0,28.7,4.29,1.0,3.0,10.0,68.0,67.5,68.3,blake perkins,MIL,,,,,,,,84.0,29.8,1.5272727272727273,0.8316831683168316,464,OF,OF,True,339.0,171.72,2.3941801142166454,-87.72,-0.8669073869439181,-125.0,False,False,339,False,12.448498937487132,2.987580973199935,0.20034124113873106,1.807578848174201,11.3277045458502,9.178786352524076,86.20549089837426,0.8535197118650917,-2.205490898374265,-0.021836543548260035,473.0,-389.0,"{'C': 415, 'SS': 586, '2B': 586, '3B': 569, '1B': 598, 'OF': 519, 'UT': 473}",0.8316831683168316,0.38613861386138615,-10.544289342731734,,,,,,17.82178217821782,5.9405940594059405,59.40594059405941,0.028000000000000025,,1,874,,,1,False,0.48168316831683167,-5.699999999999999,0.7000000000000002,0.4000000000000057,0.0,0.0,119.0,0.0,,68.39999999999999,2026-03-26,2026-07-26,55.0,114.0,114.0,0.0,132.0,0.482,0.0,0.0,0.15,,established,24.6,1.7,0.912,"sprint 28.7 ft/s (83rd pct) · deserved 0.85/PA on contact quality, got 0.83 · already 30, an age that jumps 3% of the time",xwOBA 0.264 (10th) · barrels 4.4% (24th) · EV 86.4 (16th) · hard-hit 34% (27th) · K 22% (55th) · BB 10% (66th) · chase 29% (60th) · bat speed 70.4 mph (28th) · sprint 28.7 (82nd),"{""n"":20,""b"":0,""c"":[[""Jos\u00e9 Az\u00f3car"",2024,28,0.87,1.0,21,0],[""Tyler Wade"",2024,30,0.85,0.74,94,0],[""Nick Sogard"",2025,28,0.89,0.84,228,0],[""Tyler Wade"",2022,28,0.81,0.98,54,0],[""Garrett Hampson"",2022,28,0.9,0.95,239,0]]}",1.0238096445883513,1.01159793814433,-0.035928731828200076,1.0238096445883513,200.0,0.945,205.0,614.0,368,65,FA,established,,0.48168316831683167,False
663457,Lars Nootbaar,2026,1997-09-08,OF,L,multi,89,330,281,67,14,1,8,39,32,46,0,2,1,68,2,44,2,0,3,0,0,0,0,0,75,17,28.0,330.0,20.6,13.9,0.238,0.381,0.343,0.143,0.285,0.249,0.44,0.322,0.345,0.347,0.192,0.348,0.384,-0.011,-0.059,-0.023,92.0,9.4,35.2,10.2,49.5,101.726384486,95.612642535,53.7,20.3,64.2,87.7,18.6,37.2,40.3,46.3,28.7,21.8,3.2,6.8,73.3,15.4,31.3,34.8,8.8,52.9,-3.0,27.5,4.33,13.0,21.0,33.0,216.0,58.9,57.2,lars nootbaar,multi,Lars Nootbaar,ARI,"LF,CF,RF,DH",403.7,240.0,419.0,379.0,301.0,28.8,3.3820224719101124,0.9121212121212121,258,OF,OF,False,240.0,314.0,3.0792137196109657,-13.0,0.3028087522991467,-18.0,False,False,247,False,40.1267175960145,17.104152889224252,1.36654143350797,11.371588081253268,42.5733568988032,39.924532745782614,332.3878896445858,1.0072360292260176,-31.38788964458581,-0.09511481710480552,473.0,-172.0,"{'C': 415, 'SS': 586, '2B': 586, '3B': 569, '1B': 598, 'OF': 519, 'UT': 473}",0.9121212121212121,0.47878787878787876,-6.7935803587314325,24.150943396226417,40.0,7.547169811320755,-15.849056603773583,16.60377358490566,3.6363636363636362,14.545454545454545,83.63636363636364,0.022999999999999965,1.057636887608069,5,2292,-0.14551567548685695,1.057636887608069,4,False,-0.14551567548685695,0.20000000000000284,0.0,-0.10000000000000853,0.0,0.0,73.0,0.0,,27.9,2026-06-05,2026-09-12,78.0,89.0,89.0,0.0,472.0,0.876,71.0,1.0,0.15,,established,35.0,1.9,1.138,"deserved 1.01/PA on contact quality, got 0.91 · avg EV 92.0 (93rd pct) · already 29, an age that jumps 4% of the time",xwOBA 0.345 (88th) · barrels 10.2% (73rd) · EV 92.0 (92nd) · hard-hit 50% (93rd) · K 21% (62nd) · BB 14% (95th) · chase 20% (97th) · bat speed 73.3 mph (69th) · sprint 27.5 (49th),"{""n"":20,""b"":0,""c"":[[""Jake Burger"",2025,29,0.91,0.96,589,0],[""Jes\u00fas S\u00e1nchez"",2025,28,0.96,0.86,271,0],[""LaMonte Wade Jr."",2024,30,0.91,0.65,158,0],[""Ryan Mountcastle"",2025,28,0.85,0.73,11,0],[""Andrew Vaughn"",2025,27,0.89,0.99,329,0]]}",0.9841266394283983,0.9001622363659054,-0.019875156067583864,0.9841266394283983,339.0,0.978,334.0,590.0,207,121,FA,established,1.057636887608069,-0.14551567548685695,False
663494,Bryan Torres,2026,1997-07-02,OF,L,St. Louis Cardinals,74,189,166,38,1,2,4,17,19,18,2,2,0,39,2,31,2,0,0,0,0,13,3,0,40,7,28.0,189.0,20.6,9.5,0.229,0.331,0.309,0.102,0.272,0.229,0.329,0.289,0.288,0.31,0.1,0.312,0.311,0.0,0.002,0.001,86.5,11.0,35.4,3.1,26.2,95.647026349,91.92324296,61.6,27.0,57.8,87.1,21.8,44.3,48.5,46.2,23.1,26.2,4.6,6.5,65.8,3.1,31.8,1.0,8.6,53.4,-4.0,27.2,4.36,5.0,14.0,19.0,130.0,65.6,57.1,bryan torres,STL,,,,,,,,153.0,29.0,2.0675675675675675,0.8095238095238095,383,C/2B/OF,OF,True,339.0,171.72,2.3941801142166454,-18.72,-0.3266125466490779,-44.0,False,False,339,False,29.43075195391561,4.220137048743336,0.7094700407665081,3.6536409565745496,20.334682269943013,18.28657764617096,155.24925991611397,0.8214246556408147,-2.249259916113971,-0.011900846117005148,415.0,-262.0,"{'C': 415, 'SS': 586, '2B': 586, '3B': 569, '1B': 598, 'OF': 519, 'UT': 473}",0.8095238095238095,0.38095238095238093,-9.324397815827872,,,,,,6.349206349206349,12.698412698412698,57.14285714285714,-0.0010000000000000009,,0,189,,,0,False,0.45952380952380956,,,,0.0,0.0,0.0,0.0,,0.0,2026-05-23,2026-09-09,66.0,102.0,102.0,0.0,241.0,0.647,58.0,1.0,0.15,,established,30.0,0.8,0.43,"deserved 0.82/PA on contact quality, got 0.81 · sprint 27.2 ft/s (43rd pct) · already 29, an age that jumps 4% of the time",xwOBA 0.288 (27th) · barrels 3.1% (13th) · EV 86.5 (17th) · hard-hit 26% (7th) · K 21% (62nd) · BB 10% (61st) · chase 27% (71st) · bat speed 65.8 mph (2nd) · sprint 27.2 (42nd),"{""n"":20,""b"":0,""c"":[[""Bryce Johnson"",2024,29,0.75,1.11,93,0],[""Nick Sogard"",2025,28,0.89,0.84,228,0],[""Guillermo Heredia"",2021,30,0.82,0.77,63,0],[""Jos\u00e9 Az\u00f3car"",2024,28,0.87,1.0,21,0],[""Mauricio Dub\u00f3n"",2021,27,0.87,0.77,204,0]]}",0.8581147824755975,0.8095238095238095,-0.019875156067583864,0.8581147824755975,200.0,1.0,172.0,515.0,441,412,FA,established,,0.45952380952380956,False
663538,Nico Hoerner,2026,1997-05-13,2B,R,Chicago Cubs,158,687,626,165,29,1,8,62,72,43,10,23,5,58,8,127,8,0,0,0,0,119,0,44,0,0,29.0,687.0,8.4,6.3,0.264,0.351,0.317,0.087,0.276,0.298,0.376,0.298,0.323,0.351,0.078,0.291,0.32,-0.034,-0.025,-0.025,86.0,12.0,36.8,1.4,29.2,96.146831608,92.100652715,61.7,33.6,75.4,95.2,11.8,47.6,31.6,43.4,20.8,28.3,7.5,7.3,68.3,6.7,35.5,1.5,5.5,45.4,-8.0,28.3,4.36,17.0,55.0,92.0,576.0,67.9,62.9,nico hoerner,CHC,Nico Hoerner,CHC,"2B,SS",90.0,62.0,96.0,86.0,633.0,29.1,4.006329113924051,0.9213973799126638,55,2B/SS,2B/SS,False,62.0,556.8852459016393,4.064516129032258,76.11475409836066,-0.05818701510820734,7.0,False,False,40,False,157.00072790525215,19.360491257606398,1.0928337690307857,9.093947068110678,83.21784468620177,62.365952553812605,681.5077972400144,0.9920055272780414,-48.50779724001438,-0.07060814736537757,473.0,160.0,"{'C': 415, 'SS': 586, '2B': 586, '3B': 569, '1B': 598, 'OF': 519, 'UT': 473}",0.9213973799126638,0.5269286754002911,-0.32439038482405985,27.92452830188679,61.50943396226415,66.79245283018868,-33.58490566037736,-38.867924528301884,20.087336244541483,6.986899563318778,37.55458515283843,0.025000000000000022,1.1061046511627908,5,3352,-0.18470727125012698,1.1061046511627908,4,True,-0.18470727125012698,0.8000000000000007,-1.0,-0.10000000000000853,0.0,0.0,0.0,0.0,,0.0,2026-03-26,2026-09-12,146.0,152.0,152.0,0.0,624.0,0.961,0.0,0.0,0.15,,established,27.4,1.4,1.186,"687 PA, already has the job · deserved 0.99/PA on contact quality, got 0.92 · sprint 28.3 ft/s (74th pct)",xwOBA 0.323 (67th) · barrels 1.4% (3rd) · EV 86.0 (13th) · hard-hit 29% (13th) · K 8% (99th) · BB 6% (25th) · chase 34% (31st) · bat speed 68.3 mph (7th) · sprint 28.3 (72nd),"{""n"":20,""b"":0,""c"":[[""Luis Arraez"",2025,28,0.92,0.96,627,0],[""Steven Kwan"",2025,28,0.98,0.93,590,0],[""Ozzie Albies"",2025,28,0.92,0.89,604,0],[""Luis Arraez"",2024,27,0.94,0.92,619,0],[""J.P. Crawford"",2025,30,0.88,0.81,392,0]]}",0.9552998113554757,0.980373610782691,-0.019875156067583864,0.9552998113554757,541.0,1.0,517.0,573.0,72,187,Dan,established,1.1061046511627908,-0.18470727125012698,True
663586,Austin Riley,2026,1997-04-02,3B,R,Atlanta Braves,158,626,563,124,21,2,19,64,72,47,11,9,2,200,5,82,11,0,0,0,0,0,157,0,0,0,29.0,626.0,31.9,7.5,0.22,0.366,0.291,0.146,0.301,0.214,0.398,0.291,0.3,0.286,0.184,0.385,0.4,0.006,-0.032,-0.009,91.3,18.5,34.5,12.5,44.3,102.116084783,95.402762745,68.4,32.6,49.3,78.6,32.1,48.8,39.4,36.7,29.9,24.2,9.2,7.6,75.8,10.8,19.0,58.8,11.1,47.3,-17.0,27.9,4.54,25.0,42.0,57.0,368.0,79.2,63.7,austin riley,ATL,Austin Riley,ATL,3B,55.8,39.0,63.0,53.0,540.0,29.2,3.4177215189873418,0.8626198083067093,114,3B,3B,False,39.0,636.5,4.485508577873414,-96.5,-1.0677870588860725,-75.0,False,False,120,True,65.99416491859034,28.645020969711737,2.581463304805521,23.261350806892406,75.31132141534479,73.59126268904022,567.458584104385,0.9064833611891133,-27.458584104384954,-0.04386355288240407,473.0,67.0,"{'C': 415, 'SS': 586, '2B': 586, '3B': 569, '1B': 598, 'OF': 519, 'UT': 473}",0.8626198083067093,0.31629392971246006,-2.205674361605239,9.811320754716983,1.509433962264151,49.43396226415094,8.301886792452832,-39.62264150943396,8.626198083067091,18.210862619808307,45.04792332268371,0.009000000000000008,1.1178247734138973,6,3612,-0.25520496510718804,1.1178247734138973,5,True,-0.25520496510718804,3.299999999999997,-2.6999999999999993,-0.10000000000000853,0.0,0.0,108.0,0.0,,52.8,2026-03-27,2026-09-12,147.0,153.0,153.0,0.0,567.0,0.961,0.0,0.0,0.15,,established,34.3,0.7,1.198,"626 PA, already has the job · avg EV 91.3 (89th pct) · deserved 0.91/PA on contact quality, got 0.86",xwOBA 0.300 (40th) · barrels 12.5% (87th) · EV 91.3 (89th) · hard-hit 44% (79th) · K 32% (8th) · BB 8% (35th) · chase 33% (36th) · bat speed 75.8 mph (94th) · sprint 27.9 (60th),"{""n"":20,""b"":0,""c"":[[""Bryan Reynolds"",2025,30,0.92,1.02,713,0],[""Ryan McMahon"",2024,30,0.87,0.84,491,0],[""Ryan McMahon"",2025,30,0.84,0.81,291,0],[""Randy Arozarena"",2024,29,0.98,1.08,767,0],[""Adolis Garc\u00eda"",2024,31,0.95,0.97,530,0]]}",0.9491054352935346,0.8968982510387477,-0.019875156067583864,0.9491054352935346,478.0,0.958,454.0,569.0,107,211,CH,established,1.1178247734138973,-0.25520496510718804,True
663604,Brandon Lockridge,2026,1997-03-14,OF,R,Milwaukee Brewers,39,113,101,28,5,0,0,13,12,11,0,6,1,33,0,23,2,0,3,0,1,0,0,0,40,0,29.0,113.0,29.2,9.7,0.277,0.327,0.348,0.05,0.412,0.216,0.263,0.308,0.258,0.294,0.047,0.394,0.312,0.061,0.064,0.05,85.8,0.7,18.8,1.5,33.3,99.04790875,93.64841873,59.0,32.1,56.0,79.0,29.1,45.5,27.5,71.0,11.6,14.5,2.9,7.0,73.4,11.4,16.2,40.5,5.6,45.7,-1.0,29.2,4.31,2.0,17.0,9.0,69.0,71.8,62.8,brandon lockridge,MIL,,,,,,,,119.0,29.3,3.051282051282051,1.0530973451327434,419,OF,OF,True,339.0,171.72,2.3941801142166454,-52.72,0.6571019370654057,-80.0,False,False,339,False,19.108516597166883,1.6310212661596666,0.11340767618001345,0.9630544604934355,12.525061759185116,8.618712330309855,102.52277408949496,0.9072811866326987,16.47722591050504,0.1458161585000447,473.0,-354.0,"{'C': 415, 'SS': 586, '2B': 586, '3B': 569, '1B': 598, 'OF': 519, 'UT': 473}",1.0530973451327434,0.37168141592920356,-9.534099105441811,,,,,,31.858407079646017,0.0,58.4070796460177,-0.04999999999999999,,0,273,,,0,False,0.7030973451327435,,,,84.0,1.0,102.0,0.0,Right knee laceration and contusion,94.8,2026-03-26,2026-08-18,38.0,135.0,60.0,75.0,276.0,0.633,0.0,0.0,0.15,,established,23.0,1.8,0.43,"273 career PA, still new · sprint 29.2 ft/s (92nd pct) · already 29, an age that jumps 4% of the time",xwOBA 0.258 (7th) · barrels 1.5% (3rd) · EV 85.8 (11th) · hard-hit 33% (25th) · K 29% (16th) · BB 10% (63rd) · chase 32% (39th) · bat speed 73.4 mph (70th) · sprint 29.2 (91st),"{""n"":20,""b"":0,""c"":[[""Alex Call"",2022,28,1.0,0.83,364,0],[""Andruw Monasterio"",2025,28,1.02,0.87,300,0],[""Blake Perkins"",2023,27,1.05,1.02,443,0],[""Leo Rivas"",2025,28,1.06,0.59,86,0],[""Sam Haggerty"",2022,28,1.15,1.1,119,0]]}",0.9303825573539868,1.0530973451327434,-0.019875156067583864,0.9303825573539868,200.0,0.924,186.0,558.0,415,251,FA,established,,0.7030973451327435,False
663616,Trevor Larnach,2026,1997-02-26,OF,L,Minnesota Twins,122,433,383,103,23,1,13,57,48,45,4,2,2,79,0,66,1,0,5,0,0,0,0,0,111,3,29.0,433.0,18.2,10.4,0.269,0.436,0.352,0.167,0.309,0.259,0.394,0.347,0.327,0.341,0.136,0.382,0.353,0.01,0.042,0.02,87.7,13.8,38.0,7.5,36.7,99.019390592,93.514289046,60.3,29.7,50.0,86.0,26.8,44.1,44.6,39.0,23.6,28.5,8.9,7.2,72.2,11.6,24.8,23.2,8.5,44.3,14.0,26.7,4.61,17.0,32.0,53.0,305.0,67.7,64.0,trevor larnach,MIN,Trevor Larnach,MIN,"LF,RF,DH",378.0,228.0,417.0,339.0,439.0,29.3,3.598360655737705,1.0138568129330254,170,OF,OF,False,228.0,338.3666666666667,3.0792137196109657,100.63333333333333,0.5191469361267393,58.0,False,False,132,False,70.11190613269952,17.038785643058077,1.0897103157852988,10.956597908457107,50.01156549654502,47.12461107770103,411.61817657424604,0.9506193454370578,27.381823425753964,0.06323746749596759,473.0,-34.0,"{'C': 415, 'SS': 586, '2B': 586, '3B': 569, '1B': 598, 'OF': 519, 'UT': 473}",1.0138568129330254,0.5542725173210161,-3.4312754134962677,62.64150943396226,70.94339622641509,38.113207547169814,-8.301886792452827,24.52830188679245,2.771362586605081,18.013856812933025,62.35565819861432,-0.019999999999999962,1.03,5,2093,-0.016143187066974596,1.03,4,False,-0.016143187066974596,-3.3000000000000007,0.2999999999999998,0.10000000000000853,9.0,1.0,10.0,0.0,,9.3,2026-03-26,2026-09-11,121.0,148.0,148.0,0.0,432.0,0.818,0.0,0.0,0.15,,established,31.7,1.3,1.11,"433 PA, already has the job · 1.01/PA is his best rate yet, so the bar is one step up · already 29, an age that jumps 4% of the time",xwOBA 0.327 (71st) · barrels 7.5% (52nd) · EV 87.7 (35th) · hard-hit 37% (40th) · K 18% (76th) · BB 10% (71st) · chase 30% (55th) · bat speed 72.2 mph (53rd) · sprint 26.7 (28th),"{""n"":20,""b"":0,""c"":[[""Lourdes Gurriel Jr."",2024,31,1.03,0.99,541,0],[""Jeimer Candelario"",2023,30,1.03,0.9,416,0],[""Ram\u00f3n Ur\u00edas"",2024,30,0.95,0.85,331,0],[""Carson Kelly"",2025,31,1.06,1.02,434,0],[""Tyler Stephenson"",2024,28,1.06,1.01,344,0]]}",0.8971127830567982,0.9805194805194805,-0.019875156067583864,0.8971127830567982,368.0,0.993,330.0,538.0,210,344,FA,established,1.03,-0.016143187066974596,False
663647,Ke'Bryan Hayes,2026,1997-01-28,3B,R,Cincinnati Reds,94,242,227,32,2,1,5,19,9,13,2,1,0,48,0,24,5,0,0,0,0,0,94,0,0,0,29.0,242.0,19.8,5.4,0.141,0.225,0.194,0.084,0.155,0.236,0.371,0.191,0.287,0.284,0.135,0.2,0.33,-0.095,-0.146,-0.096,90.4,16.2,36.3,6.9,38.5,99.502539885,93.92032431,62.3,30.9,52.9,89.0,23.4,46.2,30.7,34.6,31.3,29.1,5.0,6.8,70.7,12.9,33.1,5.5,5.5,54.4,-22.0,26.9,4.6,5.0,5.0,22.0,179.0,67.6,61.2,kebryan hayes,CIN,Ke'Bryan Hayes,CIN,3B,634.0,285.0,1023.0,429.0,124.0,29.4,1.3191489361702127,0.512396694214876,414,3B,3B,False,285.0,171.72,2.654320987654321,-47.72,-1.3351720514841081,-129.0,False,False,339,False,37.73785772321077,7.9528803389802905,0.9516661524070896,6.929595785401844,25.97191025123411,26.266379663241285,203.02728991447538,0.8389557434482453,-79.02728991447538,-0.3265590492333693,473.0,-349.0,"{'C': 415, 'SS': 586, '2B': 586, '3B': 569, '1B': 598, 'OF': 519, 'UT': 473}",0.512396694214876,0.1859504132231405,-11.415340475390854,,,,,,2.479338842975207,12.396694214876034,32.231404958677686,0.09599999999999997,1.020952380952381,6,2689,-0.5085556867375051,1.020952380952381,5,False,-0.5085556867375051,0.3000000000000007,2.3000000000000007,-0.3999999999999915,59.0,2.0,117.0,0.0,,76.4,2026-03-26,2026-09-12,82.0,151.0,96.0,55.0,348.0,0.854,0.0,0.0,0.15,,established,28.9,0.4,1.101,"deserved 0.84/PA on contact quality, got 0.51 · avg EV 90.4 (81st pct) · sprint 26.9 ft/s (34th pct) · barrel rate up 2.3 pts on last year",xwOBA 0.287 (26th) · barrels 6.9% (46th) · EV 90.4 (79th) · hard-hit 38% (50th) · K 20% (67th) · BB 5% (15th) · chase 31% (48th) · bat speed 70.7 mph (31st) · sprint 26.9 (34th),"{""n"":20,""b"":0,""c"":[[""Josh Rojas"",2025,31,0.63,0.78,89,0],[""LaMonte Wade Jr."",2025,32,0.65,0.88,128,0],[""Tim Anderson"",2024,31,0.57,0.59,53,0],[""Edouard Julien"",2025,26,0.69,0.82,225,0],[""Javier B\u00e1ez"",2024,32,0.76,0.94,412,0]]}",0.8851753869078302,0.6976380193511669,-0.019875156067583864,0.8851753869078302,234.0,0.939,207.0,531.0,364,367,FA,established,1.020952380952381,-0.5085556867375051,False
663656,Kyle Tucker,2026,1997-01-17,OF,L,Los Angeles Dodgers,153,622,535,125,23,4,17,89,70,78,3,12,0,105,6,81,4,0,7,0,0,0,0,0,151,0,29.0,622.0,16.9,12.5,0.234,0.387,0.331,0.153,0.258,0.255,0.393,0.319,0.332,0.35,0.138,0.327,0.344,-0.021,-0.006,-0.013,88.5,17.8,34.4,6.4,36.5,98.299319724,93.347145242,74.2,23.9,59.0,85.9,20.9,48.4,42.2,36.7,34.9,21.8,6.7,7.3,71.4,8.2,26.7,19.4,10.0,45.1,2.0,26.6,4.53,32.0,29.0,64.0,436.0,85.3,60.1,kyle tucker,LAD,Kyle Tucker,LAD,"RF,DH",10.8,9.0,15.0,12.0,618.0,29.4,4.03921568627451,0.9935691318327974,65,OF,OF,False,9.0,651.0652173913044,4.751552795031056,-33.06521739130437,-0.7123371087565467,-56.0,False,False,41,False,96.64437180134921,21.36245917144158,2.7869662530692487,15.631202774139977,72.78032519184869,67.72046273582662,614.1807879276754,0.9874289194978704,3.8192120723246035,0.006140212334927009,473.0,145.0,"{'C': 415, 'SS': 586, '2B': 586, '3B': 569, '1B': 598, 'OF': 519, 'UT': 473}",0.9935691318327974,0.5643086816720257,-0.07886601141352712,54.71698113207547,75.84905660377359,69.0566037735849,-21.132075471698123,-14.339622641509429,11.575562700964632,16.39871382636656,75.2411575562701,0.013000000000000012,1.3126843657817109,6,3408,-0.3191152339489135,1.3126843657817109,5,True,-0.3191152339489135,2.1999999999999993,-4.4,-0.5999999999999943,0.0,0.0,108.0,0.0,,37.5,2026-03-26,2026-09-12,140.0,149.0,149.0,0.0,571.0,0.94,0.0,0.0,0.15,,established,30.7,0.7,1.393,"622 PA, already has the job · already 29, an age that jumps 4% of the time · sprint 26.6 ft/s (26th pct)",xwOBA 0.332 (76th) · barrels 6.4% (41st) · EV 88.5 (48th) · hard-hit 36% (39th) · K 17% (81st) · BB 12% (90th) · chase 24% (87th) · bat speed 71.4 mph (40th) · sprint 26.6 (26th),"{""n"":20,""b"":0,""c"":[[""Ozzie Albies"",2025,28,0.92,0.89,604,0],[""Nick Castellanos"",2024,32,0.99,0.94,556,0],[""Matt Olson"",2024,30,0.98,1.05,758,0],[""Mookie Betts"",2025,33,0.98,1.0,526,0],[""Carlos Correa"",2025,31,0.88,1.01,143,0]]}",0.987558652909265,1.0839264257325076,-0.019875156067583864,0.987558652909265,576.0,0.97,569.0,593.0,51,113,MMM,established,1.3126843657817109,-0.3191152339489135,True
663698,Joey Bart,2026,1996-12-15,C,R,multi,44,128,112,24,4,0,4,13,13,7,8,0,0,35,1,16,3,9,0,41,0,0,0,0,0,3,29.0,128.0,27.3,5.5,0.214,0.357,0.305,0.143,0.27,0.203,0.362,0.299,0.295,0.295,0.159,0.353,0.346,0.011,-0.005,0.004,85.8,15.5,32.1,7.7,34.6,98.428942564,93.238111923,64.9,32.8,46.0,85.6,29.2,47.6,41.0,41.0,34.6,15.4,9.0,7.4,75.3,10.2,15.6,52.2,10.2,43.1,1.0,26.6,4.69,9.0,8.0,7.0,78.0,66.7,56.3,joey bart,multi,,,,,,,,120.0,29.5,2.727272727272727,0.9375,418,C,C,True,339.0,171.72,2.3941801142166454,-51.72,0.3330926130560816,-79.0,False,False,339,False,13.227622843535169,5.171874327530615,0.3733828143332667,3.963120014600951,13.933009445433228,14.491849946313812,121.70485939174704,0.9508192139980237,-1.7048593917470356,-0.013319213998023716,415.0,-295.0,"{'C': 415, 'SS': 586, '2B': 586, '3B': 569, '1B': 598, 'OF': 519, 'UT': 473}",0.9375,0.296875,-10.120747757016296,,,,,,0.0,18.75,32.8125,-0.0040000000000000036,,3,1134,,1.1382978723404256,3,False,-0.20079787234042556,-0.6999999999999993,-2.7,1.0999999999999943,51.0,1.0,115.0,0.0,Fifth metacarpal fracture in his left hand,76.2,2026-03-28,2026-08-06,44.0,85.0,79.0,6.0,241.0,0.557,2.0,0.0,0.15,,established,31.4,0.9,1.018,"deserved 0.95/PA on contact quality, got 0.94 · 1,134 career PA, a known quantity · already 30, an age that jumps 3% of the time · bat speed up 1.1 mph",xwOBA 0.295 (35th) · barrels 7.7% (54th) · EV 85.8 (11th) · hard-hit 35% (30th) · K 27% (22nd) · BB 6% (16th) · chase 33% (34th) · bat speed 75.3 mph (90th) · sprint 26.6 (26th),"{""n"":20,""b"":0,""c"":[[""Josh Jung"",2024,26,0.93,0.89,457,0],[""Jordan Luplow"",2022,29,0.94,0.87,78,0],[""Carson Kelly"",2023,29,0.87,0.99,311,0],[""Jake Rogers"",2025,30,0.91,0.84,144,0],[""Tyrone Taylor"",2024,30,1.01,0.89,304,0]]}",0.9190367590977927,0.9566596194503173,-0.019875156067583864,0.9190367590977927,200.0,0.939,184.0,551.0,418,291,FA,established,1.1382978723404256,-0.20079787234042556,False
663728,Cal Raleigh,2026,1996-11-26,C,S,Seattle Mariners,125,525,446,79,15,0,23,49,68,72,3,2,1,163,4,41,6,21,0,104,0,0,0,0,0,22,29.0,525.0,31.0,13.7,0.177,0.365,0.293,0.188,0.212,0.188,0.393,0.295,0.31,0.303,0.205,0.358,0.386,-0.011,-0.028,-0.015,90.1,25.5,33.4,14.3,39.5,100.460624167,94.554237317,70.0,35.8,55.2,77.2,31.8,50.4,52.3,26.1,43.6,17.4,12.9,7.9,75.0,8.0,16.1,51.5,17.6,46.0,-12.0,25.9,4.7,35.0,11.0,33.0,287.0,86.0,63.2,cal raleigh,SEA,Cal Raleigh,SEA,"C,DH",14.6,12.0,17.0,13.0,476.0,29.6,3.808,0.9066666666666666,143,C,C,False,12.0,651.0652173913044,4.73384091364456,-175.06521739130437,-0.92584091364456,-131.0,False,False,120,True,38.68251072424613,21.487512138497006,1.0914435502676036,22.586533586989262,58.921310042123395,66.40361384157164,501.45092388369505,0.9551446169213239,-25.450923883695054,-0.04847795025465729,415.0,61.0,"{'C': 415, 'SS': 586, '2B': 586, '3B': 569, '1B': 598, 'OF': 519, 'UT': 473}",0.9066666666666666,0.3638095238095238,-4.741982049956181,22.264150943396228,7.9245283018867925,25.660377358490567,14.339622641509436,-3.3962264150943398,2.2857142857142856,26.28571428571429,82.28571428571429,0.015000000000000013,1.3035460992907801,5,2990,-0.3968794326241135,1.3035460992907801,4,True,-0.3968794326241135,4.300000000000001,-5.199999999999999,-0.20000000000000284,33.0,1.0,33.0,0.0,Right oblique strain,33.0,2026-03-26,2026-09-12,114.0,149.0,119.0,30.0,597.0,0.958,0.0,0.0,0.15,,established,33.7,0.8,1.384,"525 PA, already has the job · deserved 0.96/PA on contact quality, got 0.91 · avg EV 90.1 (77th pct)",xwOBA 0.310 (53rd) · barrels 14.3% (94th) · EV 90.1 (74th) · hard-hit 40% (55th) · K 31% (11th) · BB 14% (95th) · chase 36% (21st) · bat speed 75.0 mph (88th) · sprint 25.9 (14th),"{""n"":20,""b"":0,""c"":[[""Matt Olson"",2024,30,0.98,1.05,758,0],[""Adolis Garc\u00eda"",2024,31,0.95,0.97,530,0],[""Jorge Polanco"",2024,31,0.81,1.07,563,0],[""Bryan Reynolds"",2025,30,0.92,1.02,713,0],[""Adolis Garc\u00eda"",2025,32,0.97,0.78,201,0]]}",1.0202523913260857,1.0843892995424145,-0.035928731828200076,1.0202523913260857,536.0,0.974,547.0,612.0,57,73,CH,established,1.3035460992907801,-0.3968794326241135,True
663743,Nick Fortes,2026,1996-11-11,C,R,Tampa Bay Rays,108,319,294,77,17,0,6,33,35,12,8,0,0,43,1,54,9,16,0,105,0,0,0,0,0,2,29.0,319.0,13.5,3.8,0.262,0.381,0.308,0.119,0.289,0.241,0.329,0.305,0.276,0.289,0.088,0.325,0.288,0.021,0.052,0.029,85.6,8.6,25.0,2.4,35.7,99.09255813,93.578245388,68.1,37.0,71.6,88.5,17.9,51.7,51.6,51.2,17.2,19.5,12.1,7.5,72.7,13.3,24.7,25.8,3.5,37.7,-5.0,26.9,4.51,11.0,37.0,29.0,256.0,66.7,62.7,nick fortes,TB,,,,,,,,300.0,29.6,2.7777777777777777,0.9404388714733543,259,C,C,True,339.0,171.72,2.3941801142166454,128.28,0.38359766356113223,80.0,False,False,247,False,55.88645109127863,9.291415521727481,0.44781568270915567,5.228317704284736,32.2188843195172,30.550842915487117,273.34972723500437,0.8568956966614557,26.650272764995634,0.08354317481189855,415.0,-115.0,"{'C': 415, 'SS': 586, '2B': 586, '3B': 569, '1B': 598, 'OF': 519, 'UT': 473}",0.9404388714733543,0.4670846394984326,-6.8996340490770045,36.60377358490566,34.71698113207547,6.037735849056604,1.8867924528301927,30.566037735849058,0.0,11.285266457680251,22.570532915360502,-0.02899999999999997,1.075,5,1493,-0.1345611285266457,1.075,4,False,-0.1345611285266457,-5.899999999999999,-2.1999999999999997,0.7000000000000028,0.0,0.0,32.0,0.0,,16.5,2026-03-26,2026-09-12,98.0,150.0,150.0,0.0,295.0,0.653,0.0,0.0,0.15,,established,29.7,0.5,1.155,"only 319 PA, and a breakout needs 350 next year · sprint 26.9 ft/s (34th pct) · already 30, an age that jumps 3% of the time",xwOBA 0.276 (18th) · barrels 2.4% (8th) · EV 85.6 (8th) · hard-hit 36% (35th) · K 14% (94th) · BB 4% (5th) · chase 37% (16th) · bat speed 72.7 mph (62nd) · sprint 26.9 (34th),"{""n"":20,""b"":0,""c"":[[""Mauricio Dub\u00f3n"",2024,30,0.86,0.82,328,0],[""TJ Friedl"",2024,29,0.99,0.94,643,0],[""Jake Fraley"",2024,29,1.04,1.0,216,0],[""Nicky Lopez"",2023,28,0.87,0.73,326,0],[""Kevin Newman"",2024,31,0.94,0.66,76,0]]}",0.9111026785086874,0.907915707455286,-0.035928731828200076,0.9111026785086874,233.0,0.987,212.0,547.0,356,308,FA,established,1.075,-0.1345611285266457,False
663757,Trent Grisham,2026,1996-11-01,OF,L,New York Yankees,121,484,418,88,19,2,18,67,59,61,0,9,3,89,4,49,3,0,4,0,0,0,0,0,119,1,29.0,484.0,18.4,12.6,0.211,0.395,0.308,0.184,0.222,0.245,0.429,0.311,0.337,0.339,0.184,0.323,0.361,-0.034,-0.034,-0.026,90.6,17.5,35.7,9.6,45.3,100.542669759,94.739643825,58.8,19.2,59.8,88.9,18.2,39.1,44.4,38.1,30.0,22.5,9.3,7.4,70.7,15.3,34.7,8.7,13.4,62.9,3.0,26.8,4.51,24.0,21.0,42.0,333.0,71.8,60.1,trent grisham,NYY,Trent Grisham,NYY,CF,232.4,142.0,241.0,193.0,472.0,29.7,3.9008264462809916,0.9752066115702479,146,OF,OF,False,142.0,422.61764705882354,3.705765225084571,49.382352941176464,0.19506122119642066,-4.0,False,False,121,False,62.14406950730293,20.952837121777822,1.980117234535572,17.332976136383675,59.5307164820313,58.40217418298258,492.6648906650139,1.0179026666632518,-20.6648906650139,-0.04269605509300389,473.0,-1.0,"{'C': 415, 'SS': 586, '2B': 586, '3B': 569, '1B': 598, 'OF': 519, 'UT': 473}",0.9752066115702479,0.5619834710743802,-2.790986300565719,51.320754716981135,74.71698113207546,45.28301886792453,-23.396226415094326,6.037735849056602,11.15702479338843,22.31404958677686,75.6198347107438,0.026000000000000023,1.0481927710843373,6,2880,-0.07298615951408938,1.0481927710843373,5,True,-0.07298615951408938,-5.200000000000003,-4.6,-0.29999999999999716,42.0,2.0,42.0,0.0,Right hamstring strain; Right hamstring strain,42.0,2026-03-25,2026-09-04,121.0,151.0,126.0,25.0,572.0,0.96,0.0,0.0,0.15,,established,32.3,0.8,1.128,"avg EV 90.6 (83rd pct) · 484 PA, already has the job · deserved 1.02/PA on contact quality, got 0.98",xwOBA 0.337 (82nd) · barrels 9.6% (69th) · EV 90.6 (81st) · hard-hit 45% (82nd) · K 18% (74th) · BB 13% (90th) · chase 19% (98th) · bat speed 70.7 mph (31st) · sprint 26.8 (31st),"{""n"":20,""b"":0,""c"":[[""Alec Bohm"",2025,29,0.93,0.88,551,0],[""Dansby Swanson"",2024,30,1.0,1.01,649,0],[""Ian Happ"",2025,31,0.99,0.98,618,0],[""Ryan Mountcastle"",2024,27,0.95,0.85,302,0],[""Nathaniel Lowe"",2024,29,0.94,0.88,537,0]]}",1.0043791268924012,0.9983245839383447,-0.035928731828200076,1.0043791268924012,404.0,0.966,406.0,603.0,134,93,FA,established,1.0481927710843373,-0.07298615951408938,True
663837,Matt Vierling,2026,1996-09-16,OF,R,Detroit Tigers,92,291,266,55,13,3,5,24,31,19,0,4,2,49,5,34,2,0,2,0,0,0,1,0,103,1,29.0,291.0,16.8,6.5,0.207,0.335,0.255,0.128,0.23,0.256,0.381,0.259,0.304,0.307,0.125,0.278,0.337,-0.049,-0.046,-0.045,87.9,17.4,36.3,5.0,37.2,98.761562252,93.539494751,63.4,32.4,67.0,89.2,18.2,48.0,33.6,37.2,28.3,23.3,11.2,7.4,70.9,11.0,29.3,7.6,8.8,58.1,-14.0,28.3,4.5,13.0,15.0,27.0,223.0,74.0,60.1,matt vierling,DET,,,,,,,,232.0,29.8,2.5217391304347827,0.7972508591065293,306,OF,OF,True,339.0,171.72,2.3941801142166454,60.28,0.12755901621813726,33.0,False,False,255,False,49.29815224415039,10.819102161080636,1.505338945387581,6.473406649381401,34.5721741983755,29.786846084362605,266.80102028273814,0.9168419940987564,-34.801020282738136,-0.11959113499222718,473.0,-241.0,"{'C': 415, 'SS': 586, '2B': 586, '3B': 569, '1B': 598, 'OF': 519, 'UT': 473}",0.7972508591065293,0.4054982817869416,-8.56121252442433,,,,,,8.24742268041237,10.309278350515465,39.175257731958766,0.044999999999999984,0.9753086419753086,4,1922,-0.17805778286877938,,3,False,0.4472508591065293,,,,58.0,1.0,196.0,0.0,,140.8,2026-03-27,2026-07-29,92.0,115.0,110.0,5.0,394.0,0.836,1.0,0.0,0.15,,established,29.3,3.0,1.055,"deserved 0.92/PA on contact quality, got 0.80 · sprint 28.3 ft/s (74th pct) · avg EV 87.9 (40th pct)",xwOBA 0.304 (47th) · barrels 5.0% (29th) · EV 87.9 (38th) · hard-hit 37% (42nd) · K 17% (82nd) · BB 6% (26th) · chase 32% (37th) · bat speed 70.9 mph (33rd) · sprint 28.3 (72nd),"{""n"":20,""b"":0,""c"":[[""Manuel Margot"",2024,30,0.83,0.75,15,0],[""Tommy Edman"",2025,30,0.91,0.97,317,0],[""Luis Ur\u00edas"",2025,28,0.77,0.95,56,0],[""Abraham Toro"",2024,28,0.8,0.83,237,0],[""J.P. Crawford"",2024,30,0.81,0.88,577,0]]}",0.9766393920421172,0.8629364563001518,-0.035928731828200076,0.9766393920421172,235.0,0.887,230.0,586.0,331,131,FA,established,,0.4472508591065293,False
663886,Tyler Stephenson,2026,1996-08-16,C,R,Cincinnati Reds,130,468,411,99,22,0,15,41,54,49,3,0,1,128,5,62,4,22,0,116,1,0,0,0,0,11,29.0,468.0,27.4,10.5,0.241,0.404,0.323,0.163,0.308,0.235,0.426,0.32,0.326,0.318,0.192,0.395,0.405,0.006,-0.022,-0.006,90.8,18.0,39.9,12.4,44.1,100.162882887,94.627044841,67.2,22.3,36.8,85.3,26.5,45.0,36.1,33.7,32.6,28.5,5.2,7.4,70.6,10.6,25.4,7.8,12.6,54.3,-1.0,27.0,4.59,22.0,24.0,53.0,288.0,86.0,61.0,tyler stephenson,CIN,Tyler Stephenson,CIN,"C,DH",275.0,168.0,244.0,348.0,452.0,29.9,3.476923076923077,0.9658119658119658,160,C,C,False,168.0,420.0,3.4134451172178237,32.0,0.06347795970525327,8.0,False,False,123,False,53.460013084414015,24.703646305104755,1.055668136548416,17.365672473932808,56.60867759177338,57.336371658434246,478.0270492502076,1.0214253189107,-26.027049250207597,-0.055613353098734275,415.0,37.0,"{'C': 415, 'SS': 586, '2B': 586, '3B': 569, '1B': 598, 'OF': 519, 'UT': 473}",0.9658119658119658,0.3888888888888889,-4.906811109002177,47.16981132075472,12.075471698113208,23.39622641509434,35.09433962264151,23.77358490566038,0.0,19.23076923076923,62.820512820512825,0.006000000000000005,1.062135922330097,5,2427,-0.09632395651813119,1.062135922330097,4,False,-0.09632395651813119,-6.5,-2.0999999999999996,0.5,0.0,0.0,53.0,0.0,,31.799999999999997,2026-03-26,2026-09-12,118.0,151.0,151.0,0.0,421.0,0.781,0.0,0.0,0.15,,established,31.3,0.8,1.142,"avg EV 90.8 (86th pct) · deserved 1.02/PA on contact quality, got 0.97 · 468 PA, already has the job",xwOBA 0.326 (70th) · barrels 12.4% (86th) · EV 90.8 (85th) · hard-hit 44% (78th) · K 27% (21st) · BB 10% (74th) · chase 22% (92nd) · bat speed 70.6 mph (29th) · sprint 27.0 (36th),"{""n"":20,""b"":0,""c"":[[""Dansby Swanson"",2024,30,1.0,1.01,649,0],[""Jes\u00fas S\u00e1nchez"",2025,28,0.96,0.86,271,0],[""Ryan McMahon"",2024,30,0.87,0.84,491,0],[""Brandon Lowe"",2025,31,1.04,1.05,690,0],[""Jake Burger"",2025,29,0.91,0.96,589,0]]}",0.9241498790723539,0.993717530506222,-0.035928731828200076,0.9241498790723539,372.0,0.975,344.0,554.0,201,275,FA,established,1.062135922330097,-0.09632395651813119,False
663968,Jake Mangum,2026,1996-03-08,OF,S,Pittsburgh Pirates,132,475,432,118,19,2,5,56,32,25,12,23,9,93,2,92,3,0,4,0,0,0,0,0,162,0,30.0,475.0,19.6,5.3,0.273,0.361,0.329,0.088,0.336,0.245,0.329,0.308,0.283,0.303,0.084,0.35,0.316,0.028,0.032,0.025,85.9,4.6,27.2,2.3,27.8,96.429074049,92.277365231,73.1,45.3,72.0,83.2,21.4,58.3,29.9,58.3,16.8,20.6,4.3,6.7,68.0,5.9,24.7,4.3,4.7,35.9,-5.0,29.6,4.04,12.0,62.0,44.0,345.0,78.2,67.4,jake mangum,PIT,Jake Mangum,PIT,"LF,CF,RF",367.3,223.0,379.0,401.0,473.0,30.3,3.5833333333333335,0.9957894736842106,144,OF,OF,False,223.0,338.3666666666667,3.0792137196109657,134.63333333333333,0.5041196137223678,79.0,True,False,121,False,84.43650573095475,13.331313269936807,1.2598562672621418,6.812324731846304,57.52710414965871,41.25500188575784,457.7501060354166,0.9636844337587718,15.249893964583407,0.03210503992543878,473.0,0.0,"{'C': 415, 'SS': 586, '2B': 586, '3B': 569, '1B': 598, 'OF': 519, 'UT': 473}",0.9957894736842106,0.4189473684210526,-3.116152291820489,56.22641509433962,19.622641509433965,40.0,36.60377358490565,16.22641509433962,29.05263157894737,6.315789473684211,31.57894736842105,-0.025000000000000022,1.074766355140187,2,903,-0.07897688145597637,1.074766355140187,1,False,-0.07897688145597637,4.600000000000001,-0.40000000000000036,0.7000000000000028,9.0,1.0,45.0,0.0,,30.599999999999998,2026-03-28,2026-09-12,123.0,151.0,142.0,9.0,465.0,0.866,2.0,0.0,0.15,,established,25.4,1.0,1.155,"sprint 29.6 ft/s (96th pct) · 475 PA, already has the job · got 1.00/PA but deserved 0.96",xwOBA 0.283 (22nd) · barrels 2.3% (7th) · EV 85.9 (12th) · hard-hit 28% (10th) · K 20% (69th) · BB 5% (15th) · chase 45% (1st) · bat speed 68.0 mph (5th) · sprint 29.6 (95th),"{""n"":20,""b"":0,""c"":[[""Harrison Bader"",2024,30,0.99,1.06,533,0],[""Harrison Bader"",2023,29,1.01,0.99,431,0],[""Leury Garc\u00eda"",2021,30,0.93,0.66,207,0],[""Tyrone Taylor"",2024,30,1.01,0.89,304,0],[""Michael A. Taylor"",2022,31,0.89,1.03,401,0]]}",0.9527997353360977,1.0235036895326592,-0.035928731828200076,0.9527997353360977,385.0,0.976,367.0,572.0,177,194,FA,established,1.074766355140187,-0.07897688145597637,False
663993,Nathaniel Lowe,2026,1995-07-07,1B,L,multi,125,425,377,95,22,0,17,38,64,38,2,0,0,99,8,56,4,0,0,0,68,0,0,0,0,47,30.0,425.0,23.3,8.9,0.252,0.446,0.318,0.194,0.29,0.267,0.437,0.33,0.335,0.332,0.17,0.393,0.404,-0.015,0.009,-0.005,89.6,14.8,39.5,8.5,41.6,101.096888298,94.758008505,65.3,27.3,57.2,87.1,21.9,46.1,36.0,37.8,25.9,30.1,6.3,7.5,74.5,12.4,20.2,44.1,8.0,54.9,11.0,25.6,4.6,24.0,22.0,49.0,286.0,72.1,59.2,nathaniel lowe,multi,,,,,,,,401.0,31.0,3.208,0.9435294117647058,192,1B,1B,True,339.0,171.72,2.3941801142166454,229.28,0.8138198857833547,147.0,False,False,170,False,66.19215685146567,19.244083207166426,0.8223630312701685,14.400396910097745,47.96960815454382,51.807700124622386,401.18530827916624,0.943965431245097,-0.18530827916623593,-0.000436019480391181,473.0,-72.0,"{'C': 415, 'SS': 586, '2B': 586, '3B': 569, '1B': 598, 'OF': 519, 'UT': 473}",0.9435294117647058,0.49176470588235294,-3.9346994059557723,37.735849056603776,47.16981132075472,33.58490566037736,-9.433962264150942,4.150943396226417,0.0,24.0,53.64705882352941,0.0050000000000000044,1.0387596899224807,6,3610,-0.09523027815777485,1.0387596899224807,5,True,-0.09523027815777485,-2.8000000000000007,1.5,1.9000000000000057,0.0,0.0,23.0,0.0,,6.8999999999999995,2026-03-28,2026-09-12,115.0,149.0,149.0,0.0,397.0,0.772,2.0,0.0,0.15,,established,35.1,0.4,1.119,"avg EV 89.6 (68th pct) · 425 PA, already has the job · 0.94/PA this year against 1.04 at his best, two steps to clear · bat speed up 1.9 mph",xwOBA 0.335 (80th) · barrels 8.5% (61st) · EV 89.6 (66th) · hard-hit 42% (65th) · K 23% (47th) · BB 9% (53rd) · chase 27% (70th) · bat speed 74.5 mph (84th) · sprint 25.6 (10th),"{""n"":20,""b"":0,""c"":[[""Jake Cronenworth"",2025,31,0.9,0.84,354,0],[""Xander Bogaerts"",2025,33,0.98,0.92,560,0],[""Andrew Benintendi"",2025,31,0.95,0.97,456,0],[""Ty France"",2025,31,0.86,1.06,525,0],[""Dansby Swanson"",2024,30,1.0,1.01,649,0]]}",0.8936677455113701,0.9193666006875716,-0.03556545422470473,0.8936677455113701,306.0,0.994,273.0,536.0,272,349,FA,established,1.0387596899224807,-0.09523027815777485,True
664023,Ian Happ,2026,1994-08-12,OF,S,Chicago Cubs,155,631,541,119,28,3,24,89,68,81,7,4,1,186,1,64,1,0,9,0,0,0,0,0,149,5,31.0,631.0,29.5,12.8,0.22,0.416,0.329,0.196,0.286,0.208,0.392,0.328,0.314,0.314,0.184,0.411,0.387,0.012,0.024,0.014,89.3,14.4,31.9,11.2,42.1,100.455877247,94.502937163,64.9,23.6,48.6,78.1,30.2,43.4,45.9,41.2,31.4,21.0,6.4,6.9,71.8,9.8,20.8,18.1,11.1,46.2,4.0,28.0,4.37,33.0,33.0,52.0,357.0,72.5,57.1,ian happ,CHC,Ian Happ,CHC,"LF,DH",146.8,89.0,173.0,105.0,618.0,31.9,3.9870967741935486,0.9793977812995246,65,OF,OF,False,89.0,556.8852459016393,4.003049236131642,61.11475409836066,-0.01595246193809352,24.0,False,False,41,False,59.96109822556263,27.726856599044364,2.702992125223362,22.137053050169637,78.37791428041312,73.2008649960643,593.1787792764774,0.940061456856541,24.82122072352263,0.03933632444298363,473.0,145.0,"{'C': 415, 'SS': 586, '2B': 586, '3B': 569, '1B': 598, 'OF': 519, 'UT': 473}",0.9793977812995246,0.44532488114104596,-0.7420394517403689,52.83018867924528,27.169811320754718,60.0,25.660377358490564,-7.169811320754718,3.8034865293185423,22.820919175911254,77.02060221870047,-0.014000000000000012,1.0806697108066972,6,3818,-0.10127192950717256,1.0806697108066972,5,True,-0.10127192950717256,6.699999999999999,0.7999999999999989,0.20000000000000284,0.0,0.0,7.0,0.0,,4.2,2026-03-26,2026-09-12,143.0,152.0,152.0,0.0,579.0,0.941,0.0,0.0,0.15,,established,31.9,0.5,1.161,"631 PA, already has the job · avg EV 89.3 (63rd pct) · sprint 28.0 ft/s (65th pct)",xwOBA 0.314 (58th) · barrels 11.2% (80th) · EV 89.3 (61st) · hard-hit 42% (67th) · K 30% (15th) · BB 13% (91st) · chase 24% (88th) · bat speed 71.8 mph (47th) · sprint 28.0 (63rd),"{""n"":20,""b"":0,""c"":[[""Randy Arozarena"",2025,30,1.08,1.2,801,0],[""Willy Adames"",2025,30,0.97,0.9,453,0],[""Nathaniel Lowe"",2025,30,0.88,0.94,401,0],[""Taylor Ward"",2025,32,1.04,0.82,496,0],[""Dansby Swanson"",2024,30,1.0,1.01,649,0]]}",0.9359758754067372,1.0004078636104088,-0.04944745880435125,0.9359758754067372,501.0,0.997,469.0,562.0,97,235,CJF,established,1.0806697108066972,-0.10127192950717256,True
664034,Ty France,2026,1994-07-13,1B,R,San Diego Padres,132,495,436,128,24,2,21,57,71,36,14,1,1,108,8,81,3,0,0,0,126,0,3,0,0,3,31.0,495.0,21.8,7.3,0.294,0.502,0.36,0.208,0.34,0.25,0.424,0.372,0.328,0.323,0.174,0.442,0.378,0.044,0.078,0.044,91.6,14.5,39.0,9.3,47.6,100.948477917,95.140722567,77.0,34.4,50.0,82.9,28.2,54.3,38.7,41.7,25.3,26.2,6.8,7.6,72.1,10.9,21.9,21.9,11.4,48.2,25.0,24.7,4.9,27.0,44.0,57.0,336.0,81.2,58.9,ty france,SD,,,,,,,,525.0,32.0,3.977272727272727,1.0606060606060606,118,1B,1B,True,339.0,171.72,2.3941801142166454,353.28,1.5830926130560816,221.0,True,False,120,False,68.9742363326205,21.212988969201742,1.7873130637350307,17.025461634442728,52.50205966561463,61.59087310033068,457.9569327659453,0.9251655207392834,67.04306723405472,0.13544053986677718,473.0,52.0,"{'C': 415, 'SS': 586, '2B': 586, '3B': 569, '1B': 598, 'OF': 519, 'UT': 473}",1.0606060606060606,0.5575757575757576,-0.42512754647626094,76.9811320754717,73.20754716981132,66.0377358490566,3.7735849056603854,10.943396226415103,1.2121212121212122,25.454545454545457,43.63636363636363,-0.043999999999999984,1.0606060606060606,6,3448,0.0,0.9953846153846154,5,True,0.06522144522144513,4.900000000000002,1.6000000000000005,1.0999999999999943,0.0,0.0,14.0,0.0,,5.699999999999999,2026-03-27,2026-09-09,120.0,147.0,147.0,0.0,448.0,0.816,1.0,0.0,0.15,,established,33.1,0.3,1.141,"avg EV 91.6 (91st pct) · 1.06/PA is his best rate yet, so the bar is one step up · 495 PA, already has the job · bat speed up 1.1 mph",xwOBA 0.328 (73rd) · barrels 9.3% (67th) · EV 91.6 (91st) · hard-hit 48% (88th) · K 22% (55th) · BB 7% (33rd) · chase 34% (27th) · bat speed 72.1 mph (52nd) · sprint 24.7 (2nd),"{""n"":20,""b"":0,""c"":[[""Alex Bregman"",2025,31,1.01,1.0,696,0],[""Jorge Polanco"",2025,32,1.07,0.5,73,0],[""Eugenio Su\u00e1rez"",2025,34,1.08,0.93,464,0],[""Brandon Nimmo"",2025,32,1.06,0.92,598,0],[""Anthony Santander"",2024,30,1.08,0.68,151,0]]}",0.865208551761229,0.9545023696682464,-0.04944745880435125,0.865208551761229,367.0,0.995,318.0,519.0,228,402,BB,established,0.9953846153846154,0.06522144522144513,True
664040,Brandon Lowe,2026,1994-07-06,2B,L,Pittsburgh Pirates,150,656,584,152,29,1,35,94,96,62,3,2,0,189,7,87,11,0,0,0,0,138,0,0,0,11,31.0,655.0,28.7,9.5,0.261,0.494,0.331,0.233,0.319,0.24,0.445,0.355,0.331,0.315,0.205,0.466,0.428,0.021,0.049,0.024,91.0,15.8,35.1,12.4,45.8,101.348135373,95.153058955,70.8,33.6,38.2,79.5,35.4,50.6,46.3,36.1,33.6,23.4,7.0,7.1,73.5,11.3,21.6,38.7,16.1,46.6,23.0,27.0,4.38,47.0,34.0,70.0,402.0,80.7,60.6,brandon lowe,PIT,Brandon Lowe,PIT,"2B,DH",153.4,93.0,166.0,138.0,690.0,32.0,4.6,1.0518292682926829,34,2B,2B,False,93.0,556.8852459016393,4.003049236131642,133.11475409836066,0.5969507638683575,59.0,True,False,1,False,80.2709083248728,29.150902936816433,1.6454691517486986,29.09271958656206,80.685748004391,83.16951459517591,623.8952625995669,0.95105985152373,66.10473740043312,0.1007694167689529,473.0,217.0,"{'C': 415, 'SS': 586, '2B': 586, '3B': 569, '1B': 598, 'OF': 519, 'UT': 473}",1.0518292682926829,0.538109756097561,3.918274997312629,73.9622641509434,66.0377358490566,91.69811320754717,7.924528301886795,-17.73584905660377,1.829268292682927,32.012195121951216,56.707317073170735,-0.023999999999999966,1.1284552845528455,6,2951,-0.07662601626016263,1.1284552845528455,5,True,-0.07662601626016263,1.8000000000000007,-0.5999999999999996,-0.29999999999999716,0.0,0.0,57.0,0.0,,22.8,2026-03-26,2026-09-12,138.0,152.0,152.0,0.0,594.0,0.908,0.0,0.0,0.15,,established,34.4,0.4,1.208,"656 PA, already has the job · avg EV 91.0 (87th pct) · sprint 27.0 ft/s (37th pct)",xwOBA 0.331 (75th) · barrels 12.4% (86th) · EV 91.0 (87th) · hard-hit 46% (84th) · K 29% (17th) · BB 10% (61st) · chase 34% (31st) · bat speed 73.5 mph (72nd) · sprint 27.0 (36th),"{""n"":20,""b"":0,""c"":[[""Taylor Ward"",2025,32,1.04,0.82,496,0],[""Eugenio Su\u00e1rez"",2024,33,1.03,1.08,709,0],[""Brandon Nimmo"",2025,32,1.06,0.92,598,0],[""Teoscar Hern\u00e1ndez"",2024,32,1.14,1.04,566,0],[""Randy Arozarena"",2025,30,1.08,1.2,801,0]]}",0.9445293790392351,1.0471621985116113,-0.04944745880435125,0.9445293790392351,543.0,0.982,513.0,567.0,76,220,BB,established,1.1284552845528455,-0.07662601626016263,True
664056,Harrison Bader,2026,1994-06-03,OF,R,San Francisco Giants,30,111,106,18,5,0,5,10,14,4,0,0,0,34,1,8,0,0,0,0,0,0,0,0,30,0,32.0,111.0,30.6,3.6,0.17,0.358,0.198,0.188,0.191,0.215,0.367,0.239,0.272,0.248,0.152,0.324,0.375,-0.045,-0.009,-0.033,89.2,12.3,32.9,8.2,41.1,99.221853514,93.717596301,69.1,38.7,50.0,78.7,32.0,53.4,46.6,47.9,21.9,21.9,8.2,7.2,72.9,8.4,22.7,37.9,12.4,50.0,-7.0,27.5,4.44,4.0,6.0,8.0,73.0,66.7,68.5,harrison bader,SF,Harrison Bader,SF,"LF,CF,RF",350.7,213.0,323.0,353.0,84.0,32.1,2.8,0.7567567567567568,464,OF,OF,False,213.0,338.3666666666667,3.0792137196109657,-254.36666666666667,-0.27921371961096586,-251.0,False,False,339,True,14.210476678333134,4.651569231729325,0.3234315015419499,3.604522588395592,11.883864621807732,12.36669146385926,89.942556085667,0.810293298069072,-5.942556085666993,-0.05353654131231522,473.0,-389.0,"{'C': 415, 'SS': 586, '2B': 586, '3B': 569, '1B': 598, 'OF': 519, 'UT': 473}",0.7567567567567568,0.2882882882882883,-10.480503778505549,,,,,,0.0,27.027027027027025,21.62162162162162,0.03300000000000003,,5,2107,,1.0638722554890219,5,False,-0.30711549873226507,3.5,-2.0,-0.5999999999999943,149.0,2.0,149.0,0.0,Left hamstring strain; Left plantar fasciitis,149.0,2026-03-25,2026-05-29,30.0,65.0,31.0,34.0,534.0,0.968,0.0,0.0,0.15,,established,29.8,0.1,0.837,"deserved 0.81/PA on contact quality, got 0.76 · avg EV 89.2 (61st pct) · already 32, an age that jumps 3% of the time",xwOBA 0.272 (15th) · barrels 8.2% (58th) · EV 89.2 (58th) · hard-hit 41% (62nd) · K 31% (12th) · BB 4% (4th) · chase 39% (10th) · bat speed 72.9 mph (65th) · sprint 27.5 (49th),"{""n"":20,""b"":0,""c"":[[""Connor Joe"",2025,33,0.64,0.73,33,0],[""J.D. Davis"",2024,31,0.71,0.22,2,0],[""Trevor Story"",2023,31,0.87,1.02,108,0],[""Lane Thomas"",2025,30,0.75,0.96,358,0],[""Michael A. Taylor"",2024,33,0.83,0.86,280,0]]}",0.9042498567584182,1.0403057678943712,-0.04944745880435125,0.9042498567584182,216.0,0.881,195.0,543.0,398,325,FA,established,1.0638722554890219,-0.30711549873226507,False
664702,Myles Straw,2026,1994-10-17,OF,R,Toronto Blue Jays,146,327,292,71,19,1,3,44,26,27,1,7,2,43,3,48,0,0,3,0,0,0,0,0,156,2,31.0,327.0,13.1,8.3,0.243,0.346,0.307,0.103,0.273,0.252,0.345,0.291,0.294,0.315,0.092,0.296,0.299,-0.009,0.001,-0.003,86.3,16.8,34.8,2.7,25.8,95.750441301,91.876440854,58.0,23.1,77.5,91.1,12.6,40.9,35.2,40.6,27.3,23.0,9.0,7.0,68.6,6.3,35.3,5.6,7.2,51.9,-6.0,29.7,4.15,12.0,23.0,36.0,256.0,69.0,60.6,myles straw,TOR,,,,,,,,297.0,31.7,2.0342465753424657,0.908256880733945,263,OF,OF,True,339.0,171.72,2.3941801142166454,125.28,-0.3599335388741798,76.0,False,False,247,False,57.29463780323593,10.629081065482273,0.7459244593276697,4.914356671954128,40.42080237273524,29.146295012074834,298.5990973848101,0.9131470868037006,-1.5990973848100793,-0.004890206069755654,473.0,-176.0,"{'C': 415, 'SS': 586, '2B': 586, '3B': 569, '1B': 598, 'OF': 519, 'UT': 473}",0.908256880733945,0.4954128440366973,-6.823771602583335,23.77358490566038,48.679245283018865,7.169811320754717,-24.905660377358487,16.60377358490566,12.844036697247706,5.5045871559633035,49.54128440366973,0.0030000000000000027,1.0568561872909699,5,2382,-0.1485993065570249,1.0568561872909699,4,True,-0.1485993065570249,-3.5999999999999996,-1.1999999999999997,1.5999999999999943,0.0,0.0,0.0,0.0,,0.0,2026-03-27,2026-09-12,134.0,151.0,151.0,0.0,292.0,0.887,0.0,0.0,0.15,,established,25.9,0.3,1.137,"sprint 29.7 ft/s (96th pct) · deserved 0.91/PA on contact quality, got 0.91 · only 327 PA, and a breakout needs 350 next year · bat speed up 1.6 mph",xwOBA 0.294 (33rd) · barrels 2.7% (9th) · EV 86.3 (15th) · hard-hit 26% (6th) · K 13% (95th) · BB 8% (47th) · chase 23% (89th) · bat speed 68.6 mph (10th) · sprint 29.7 (96th),"{""n"":20,""b"":0,""c"":[[""Xander Bogaerts"",2024,32,0.93,0.98,541,0],[""Tommy Edman"",2025,30,0.91,0.97,317,0],[""Jeff McNeil"",2024,32,0.88,0.91,419,0],[""Jeff McNeil"",2025,33,0.91,0.91,468,0],[""Jake Cronenworth"",2025,31,0.9,0.84,354,0]]}",0.9489907255465908,0.9609004739336494,-0.04944745880435125,0.9489907255465908,208.0,1.0,197.0,569.0,391,211,FA,established,1.0568561872909699,-0.1485993065570249,True
664728,Kyle Isbel,2026,1997-03-03,OF,L,Kansas City Royals,99,319,290,64,9,1,6,32,24,15,3,6,0,73,2,48,3,0,0,0,0,0,0,0,97,0,29.0,319.0,22.9,4.7,0.221,0.321,0.265,0.1,0.272,0.223,0.3,0.26,0.254,0.267,0.077,0.311,0.301,-0.002,0.021,0.006,88.2,11.0,24.6,2.6,32.0,98.369652596,93.30164976,61.8,35.7,62.5,93.5,18.2,48.4,32.0,49.1,20.6,20.6,9.6,7.1,71.4,9.6,26.9,14.0,2.7,39.3,-17.0,27.3,4.44,10.0,30.0,24.0,228.0,66.3,65.2,kyle isbel,KC,,,,,,,,246.0,29.3,2.484848484848485,0.7711598746081505,294,OF,OF,True,339.0,171.72,2.3941801142166454,74.28,0.09066837063183941,45.0,False,False,255,False,52.51738173207862,6.7508994272722065,0.6260559492197333,4.775662891429441,31.47906521995205,29.048729206469307,245.19779442642135,0.7686451235937973,0.8022055735786466,0.002514751014353167,473.0,-227.0,"{'C': 415, 'SS': 586, '2B': 586, '3B': 569, '1B': 598, 'OF': 519, 'UT': 473}",0.7711598746081505,0.30407523510971785,-7.937389724699003,1.1320754716981132,0.7547169811320755,1.1320754716981132,0.37735849056603765,0.0,11.285266457680251,11.285266457680251,28.213166144200628,-0.006000000000000005,0.9648562300319489,5,1828,-0.19369635542379837,0.9648562300319489,4,False,-0.19369635542379837,4.799999999999997,1.0,1.0,53.0,1.0,63.0,0.0,Left plantar fasciitis,59.0,2026-03-28,2026-09-12,89.0,149.0,103.0,46.0,425.0,0.864,1.0,0.0,0.15,,established,27.4,0.7,1.045,"already 29, an age that jumps 4% of the time · only 319 PA, and a breakout needs 350 next year · 0.77/PA this year against 0.96 at his best, two steps to clear · bat speed up 1.0 mph",xwOBA 0.254 (5th) · barrels 2.6% (9th) · EV 88.2 (44th) · hard-hit 32% (21st) · K 23% (49th) · BB 5% (10th) · chase 36% (21st) · bat speed 71.4 mph (40th) · sprint 27.3 (45th),"{""n"":20,""b"":0,""c"":[[""Thairo Estrada"",2024,28,0.82,0.84,138,0],[""Nick Fortes"",2025,29,0.88,0.94,300,0],[""Garrett Hampson"",2024,30,0.78,0.7,64,0],[""Austin Hays"",2024,29,0.88,1.07,445,0],[""Taylor Walls"",2025,29,0.91,0.9,390,0]]}",0.8409254314156496,0.8225946258306847,-0.019875156067583864,0.8409254314156496,240.0,0.953,202.0,505.0,378,437,FA,established,0.9648562300319489,-0.19369635542379837,False
664761,Alec Bohm,2026,1996-08-03,3B,R,Philadelphia Phillies,154,625,565,141,29,1,15,58,88,46,9,2,0,88,5,96,14,0,0,0,49,0,106,0,0,0,29.0,625.0,14.1,7.4,0.25,0.384,0.314,0.134,0.27,0.265,0.413,0.308,0.327,0.329,0.148,0.32,0.345,-0.015,-0.029,-0.019,90.6,8.6,33.8,6.0,43.8,100.312855851,94.547896008,66.4,26.0,70.4,88.7,16.5,46.1,28.8,47.3,23.2,24.9,4.6,7.2,71.1,13.6,34.1,14.1,5.1,45.7,-2.0,26.5,4.69,26.0,41.0,74.0,482.0,73.5,61.5,alec bohm,PHI,Alec Bohm,PHI,"1B,3B",229.6,137.0,239.0,214.0,551.0,29.9,3.5779220779220777,0.8816,110,1B/3B,1B/3B,False,137.0,422.61764705882354,3.705765225084571,128.38235294117646,-0.12784314716249323,27.0,True,False,120,False,102.30808685318303,28.510703677835448,1.6093320847800066,17.296877384201508,71.59929897315003,70.86137329026569,572.5306722634157,0.9160490756214651,-21.53067226341568,-0.03444907562146504,473.0,78.0,"{'C': 415, 'SS': 586, '2B': 586, '3B': 569, '1B': 598, 'OF': 519, 'UT': 473}",0.8816,0.5168,-1.520818868620412,13.584905660377359,56.60377358490566,56.22641509433962,-43.0188679245283,-42.64150943396226,1.9200000000000002,14.4,44.16,0.019000000000000017,1.0114566284779052,6,3394,-0.12985662847790513,1.0114566284779052,5,True,-0.12985662847790513,-2.200000000000001,-0.20000000000000018,-0.6000000000000085,0.0,0.0,48.0,0.0,,26.099999999999998,2026-03-26,2026-09-12,142.0,150.0,150.0,0.0,570.0,0.947,0.0,0.0,0.15,,established,31.8,1.8,1.091,"625 PA, already has the job · avg EV 90.6 (83rd pct) · deserved 0.92/PA on contact quality, got 0.88",xwOBA 0.327 (71st) · barrels 6.0% (36th) · EV 90.6 (81st) · hard-hit 44% (76th) · K 14% (91st) · BB 7% (34th) · chase 26% (77th) · bat speed 71.1 mph (36th) · sprint 26.5 (25th),"{""n"":20,""b"":0,""c"":[[""Ty France"",2025,31,0.86,1.06,525,0],[""J.P. Crawford"",2025,30,0.88,0.81,392,0],[""Gleyber Torres"",2025,28,0.94,0.89,374,0],[""Carlos Correa"",2025,31,0.88,1.01,143,0],[""Nathaniel Lowe"",2024,29,0.94,0.88,537,0]]}",0.9221039734676402,0.9154345474215653,-0.035928731828200076,0.9221039734676402,435.0,0.979,401.0,553.0,141,280,CS,established,1.0114566284779052,-0.12985662847790513,True
664770,Nathan Lukes,2026,1994-07-12,OF,L,Toronto Blue Jays,125,450,408,113,15,0,10,48,41,25,7,1,1,64,3,88,1,0,10,0,0,0,0,0,141,0,31.0,450.0,14.2,5.6,0.277,0.387,0.327,0.11,0.306,0.258,0.348,0.317,0.293,0.31,0.09,0.339,0.309,0.019,0.039,0.024,86.9,7.8,30.8,2.5,29.1,96.384292965,92.230606851,66.3,34.1,78.9,86.8,15.9,50.2,31.6,54.0,19.5,22.0,4.5,6.4,67.0,6.3,29.4,3.2,6.0,43.7,-5.0,27.0,4.4,18.0,48.0,47.0,354.0,70.9,65.8,nathan lukes,TOR,Nathan Lukes,TOR,"LF,CF,RF",845.0,333.0,1206.0,484.0,414.0,32.0,3.312,0.92,187,OF,OF,False,333.0,171.72,2.3941801142166454,242.28,0.9178198857833544,146.0,False,False,170,False,85.18964896641585,11.460463334021261,0.5821264327099895,8.03176126685292,47.64343254975149,43.46366453628397,392.35509708603547,0.8719002157467455,21.64490291396453,0.04809978425325456,473.0,-59.0,"{'C': 415, 'SS': 586, '2B': 586, '3B': 569, '1B': 598, 'OF': 519, 'UT': 473}",0.92,0.46444444444444444,-4.547644380630952,27.547169811320753,32.83018867924528,27.547169811320753,-5.283018867924529,0.0,1.3333333333333333,13.333333333333334,33.33333333333333,-0.02400000000000002,1.0022831050228311,2,1010,-0.0822831050228311,1.0022831050228311,1,False,-0.0822831050228311,0.5,-2.3,-1.0,30.0,1.0,39.0,0.0,Left hamstring strain,35.4,2026-03-27,2026-09-12,113.0,151.0,122.0,29.0,498.0,0.926,0.0,0.0,0.15,,established,25.7,0.5,1.082,"450 PA, already has the job · 0.92/PA this year against 1.00 at his best, two steps to clear · 1,010 career PA, a known quantity",xwOBA 0.293 (31st) · barrels 2.5% (9th) · EV 86.9 (23rd) · hard-hit 29% (13th) · K 14% (91st) · BB 6% (17th) · chase 34% (29th) · bat speed 67.0 mph (3rd) · sprint 27.0 (36th),"{""n"":20,""b"":0,""c"":[[""Jean Segura"",2022,32,0.98,0.7,228,0],[""Joey Wendle"",2022,32,0.87,0.73,233,0],[""Masataka Yoshida"",2024,31,0.98,0.91,187,0],[""Mauricio Dub\u00f3n"",2024,30,0.86,0.82,328,0],[""Miguel Rojas"",2021,32,0.94,0.76,385,0]]}",0.8279232505547786,0.9503367003367005,-0.04944745880435125,0.8279232505547786,311.0,0.972,257.0,497.0,285,445,FA,established,1.0022831050228311,-0.0822831050228311,False
664774,LaMonte Wade Jr.,2026,1994-01-01,OF,L,Houston Astros,55,145,126,26,6,0,4,18,19,19,0,0,0,36,0,16,0,0,1,0,11,0,0,0,37,0,32.0,145.0,24.8,13.1,0.206,0.349,0.31,0.143,0.256,0.188,0.287,0.299,0.268,0.294,0.099,0.334,0.284,0.018,0.062,0.031,86.6,14.7,28.9,3.3,32.2,97.551448409,92.865183409,59.1,21.0,56.2,83.0,24.5,39.2,42.2,37.8,30.0,24.4,7.8,6.9,71.4,8.2,22.9,10.4,9.4,57.3,-2.0,25.8,4.63,6.0,10.0,10.0,90.0,77.4,46.2,lamonte wade,HOU,LaMonte Wade Jr.,HOU,"1B,LF,RF",648.0,288.0,806.0,,128.0,32.5,2.327272727272727,0.8827586206896552,411,1B/OF,OF,False,288.0,171.72,2.654320987654321,-43.72,-0.3270482603815936,-123.0,False,False,339,False,16.901126901967285,3.815383626303381,0.25585204149138147,2.7156374302379525,13.672617602026055,14.211033530221187,108.73365113224723,0.7498872491879119,19.266348867752768,0.13287137150174322,473.0,-345.0,"{'C': 415, 'SS': 586, '2B': 586, '3B': 569, '1B': 598, 'OF': 519, 'UT': 473}",0.8827586206896552,0.4413793103448276,-9.590151209765994,,,,,,0.0,16.551724137931036,78.62068965517243,-0.030999999999999972,,5,1939,,1.0761154855643045,5,False,-0.19335686487464931,0.8000000000000007,-1.2000000000000002,1.4000000000000057,25.0,1.0,56.0,0.0,Right hamstring strain,34.3,2026-06-04,2026-09-09,47.0,86.0,63.0,23.0,303.0,0.746,70.0,1.0,0.15,,established,26.5,0.2,0.963,"avg EV 86.6 (20th pct) · sprint 25.8 ft/s (13th pct) · already 32, an age that jumps 3% of the time · bat speed up 1.4 mph",xwOBA 0.268 (12th) · barrels 3.3% (14th) · EV 86.6 (18th) · hard-hit 32% (21st) · K 25% (34th) · BB 13% (92nd) · chase 21% (95th) · bat speed 71.4 mph (40th) · sprint 25.8 (13th),"{""n"":20,""b"":0,""c"":[[""Elias D\u00edaz"",2024,34,0.95,0.85,240,0],[""Andy Ib\u00e1\u00f1ez"",2024,31,0.89,0.9,174,0],[""Jose Trevino"",2024,32,0.93,0.88,267,0],[""Kevin Newman"",2024,31,0.94,0.66,76,0],[""Gio Urshela"",2023,32,0.89,0.8,367,0]]}",0.7883442351057314,0.768361581920904,-0.04373459214881747,0.7883442351057314,204.0,0.973,161.0,473.0,456,456,FA,established,1.0761154855643045,-0.19335686487464931,False
664954,Brett Sullivan,2026,1994-02-22,C,L,Colorado Rockies,84,237,218,49,13,1,7,23,33,13,1,1,2,40,3,28,5,12,0,67,3,0,0,0,0,3,32.0,237.0,16.9,5.5,0.225,0.39,0.268,0.165,0.241,0.235,0.354,0.286,0.281,0.284,0.119,0.317,0.311,-0.01,0.036,0.005,86.9,20.5,32.2,3.8,33.3,96.916041111,92.519100782,69.3,33.3,70.4,88.1,17.5,51.7,50.8,35.5,27.3,25.7,11.5,7.3,68.9,7.6,30.3,4.8,8.3,58.8,-7.0,28.1,4.36,8.0,14.0,27.0,183.0,77.8,62.4,brett sullivan,COL,,,,,,,,226.0,32.4,2.6904761904761907,0.9535864978902954,313,C,C,True,339.0,171.72,2.3941801142166454,54.28,0.29629607625954524,26.0,False,False,258,False,36.83062843994301,8.287558979465429,0.6809967212400901,5.430815859351465,26.544885372285997,23.89727726103924,214.84416263332523,0.9065154541490515,11.155837366674774,0.04707104374124382,415.0,-189.0,"{'C': 415, 'SS': 586, '2B': 586, '3B': 569, '1B': 598, 'OF': 519, 'UT': 473}",0.9535864978902954,0.48523206751054854,-8.085624236541658,,,,,,2.531645569620253,17.72151898734177,32.911392405063296,-0.004999999999999949,0.9535864978902954,1,349,0.0,,0,False,0.6035864978902954,,,,0.0,0.0,0.0,0.0,,0.0,2026-03-27,2026-09-13,76.0,150.0,150.0,0.0,213.0,0.507,0.0,0.0,0.15,,established,26.0,2.2,1.034,"349 career PA, still new · sprint 28.1 ft/s (68th pct) · got 0.95/PA but deserved 0.91",xwOBA 0.281 (20th) · barrels 3.8% (17th) · EV 86.9 (23rd) · hard-hit 33% (25th) · K 17% (81st) · BB 6% (16th) · chase 33% (32nd) · bat speed 68.9 mph (13th) · sprint 28.1 (67th),"{""n"":20,""b"":0,""c"":[[""Corey Dickerson"",2021,32,0.95,0.89,264,0],[""Austin Barnes"",2022,32,1.0,0.69,139,0],[""Phil Gosselin"",2021,33,0.9,0.44,34,0],[""Corey Dickerson"",2022,33,0.89,0.8,122,0],[""Ehire Adrianza"",2021,32,0.97,0.6,66,0]]}",0.9458572826752026,0.9535864978902954,-0.04944745880435125,0.9458572826752026,200.0,1.0,189.0,568.0,407,216,FA,established,,0.6035864978902954,False
664983,Jake McCarthy,2026,1997-07-30,OF,L,Colorado Rockies,146,592,544,159,30,13,15,80,83,30,8,32,6,95,5,101,4,0,3,0,0,0,0,0,172,9,28.0,592.0,16.0,5.1,0.292,0.478,0.336,0.186,0.328,0.273,0.41,0.351,0.321,0.32,0.137,0.395,0.357,0.019,0.068,0.03,85.3,11.9,37.3,5.5,28.4,97.138250185,92.577966574,79.2,37.6,62.8,87.3,21.2,57.2,38.2,45.6,21.2,27.3,5.9,7.1,71.5,8.9,24.3,15.9,8.5,50.3,13.0,30.0,4.17,31.0,58.0,69.0,458.0,89.1,68.4,jake mccarthy,COL,Jake McCarthy,COL,"LF,CF,RF,DH",422.7,247.0,424.0,451.0,718.0,28.9,4.917808219178082,1.212837837837838,24,OF,OF,False,247.0,296.0,2.990566037735849,422.0,1.927242181442233,223.0,True,True,1,False,106.75197762371154,22.204636060741308,6.342795007382773,13.212591308164383,80.11723846299469,59.95043510928214,647.6196735722768,1.0939521513045216,70.38032642772316,0.11888568653331633,473.0,245.0,"{'C': 415, 'SS': 586, '2B': 586, '3B': 569, '1B': 598, 'OF': 519, 'UT': 473}",1.212837837837838,0.6587837837837838,4.229327495214348,98.11320754716981,96.22641509433963,92.83018867924528,1.8867924528301785,5.283018867924525,32.432432432432435,15.202702702702704,30.405405405405407,-0.02999999999999997,1.212837837837838,5,2045,0.0,1.2118644067796611,4,False,0.0009734310581768213,-2.0,0.20000000000000018,1.7999999999999972,0.0,0.0,0.0,0.0,,0.0,2026-03-27,2026-09-13,134.0,150.0,150.0,0.0,534.0,0.893,0.0,0.0,0.15,,established,29.7,1.2,1.293,"592 PA, already has the job · 1.21/PA is his best rate yet, so the bar is one step up · sprint 30.0 ft/s (98th pct) · bat speed up 1.8 mph",xwOBA 0.321 (65th) · barrels 5.5% (33rd) · EV 85.3 (7th) · hard-hit 28% (12th) · K 16% (86th) · BB 5% (13th) · chase 38% (14th) · bat speed 71.5 mph (42nd) · sprint 30.0 (98th),"{""n"":20,""b"":0,""c"":[[""Cedric Mullins"",2024,30,1.11,1.01,502,0],[""Jos\u00e9 Ram\u00edrez"",2022,30,1.19,1.12,773,0],[""Cody Bellinger"",2025,30,1.12,1.06,598,0],[""Bryson Stott"",2025,28,1.03,1.02,618,0],[""Ha-Seong Kim"",2023,28,1.09,0.99,465,0]]}",1.0130757281413487,1.1352867116859335,-0.019875156067583864,1.0130757281413487,574.0,1.0,582.0,608.0,47,82,MMM,established,1.2118644067796611,0.0009734310581768213,False
665019,Kody Clemens,2026,1996-05-15,2B,L,Minnesota Twins,144,579,527,126,22,7,27,74,80,39,7,10,2,127,3,70,3,0,1,0,52,71,0,0,63,0,30.0,579.0,21.9,6.7,0.239,0.461,0.299,0.222,0.263,0.253,0.453,0.327,0.333,0.312,0.2,0.389,0.397,-0.014,0.008,-0.006,91.9,15.4,33.3,11.1,46.1,101.0475656,95.121695825,68.2,32.6,60.2,83.4,24.4,49.9,47.3,39.4,32.8,21.7,6.2,7.2,72.0,13.6,29.0,12.7,11.8,63.1,13.0,28.1,4.31,37.0,38.0,51.0,406.0,74.6,63.5,kody clemens,MIN,Kody Clemens,MIN,"1B,2B,LF,CF,RF",417.0,243.0,396.0,438.0,598.0,30.1,4.152777777777778,1.0328151986183074,81,1B/2B/OF,1B/2B/OF,False,243.0,305.5,3.0742153443766345,292.5,1.0785624334011432,162.0,True,False,47,False,80.32677523316487,24.353538027032688,4.9055982464399985,23.745088493362438,75.0560575759878,71.31185172070495,593.4299092966927,1.0249221231376384,4.570090703307301,0.007893075480668976,473.0,125.0,"{'C': 415, 'SS': 586, '2B': 586, '3B': 569, '1B': 598, 'OF': 519, 'UT': 473}",1.0328151986183074,0.5509499136442142,0.7395106304399512,68.30188679245282,69.43396226415094,77.35849056603774,-1.1320754716981156,-9.056603773584925,10.362694300518134,27.979274611398964,40.41450777202073,0.006000000000000005,1.0328151986183074,2,1360,0.0,0.9689119170984456,1,False,0.0639032815198618,-2.200000000000003,-0.9000000000000004,-0.20000000000000284,0.0,0.0,25.0,0.0,,7.5,2026-03-26,2026-09-12,131.0,148.0,148.0,0.0,534.0,0.885,0.0,0.0,0.15,,established,33.3,6.5,1.113,"579 PA, already has the job · avg EV 91.9 (92nd pct) · 1.03/PA is his best rate yet, so the bar is one step up",xwOBA 0.333 (78th) · barrels 11.1% (79th) · EV 91.9 (92nd) · hard-hit 46% (84th) · K 22% (54th) · BB 7% (28th) · chase 33% (36th) · bat speed 72.0 mph (50th) · sprint 28.1 (67th),"{""n"":20,""b"":1,""c"":[[""Seiya Suzuki"",2023,29,1.07,1.13,663,0],[""Christian Yelich"",2022,31,1.0,1.18,744,1],[""Brandon Nimmo"",2023,30,1.01,1.02,674,0],[""Matt Chapman"",2022,29,0.96,0.91,528,0],[""Enrique Hern\u00e1ndez"",2021,30,0.99,0.83,334,0]]}",1.0227219062865613,1.0145571181840611,-0.035928731828200076,1.0227219062865613,435.0,0.994,445.0,614.0,112,65,LTTA,established,0.9689119170984456,0.0639032815198618,False
665052,Griffin Conine,2026,1997-07-11,OF,L,Miami Marlins,93,319,280,74,8,0,18,44,42,34,5,4,0,93,0,48,0,0,0,0,20,0,0,0,58,18,28.0,319.0,29.2,10.7,0.264,0.486,0.354,0.222,0.331,0.257,0.494,0.367,0.364,0.348,0.237,0.48,0.473,0.007,-0.008,0.003,90.9,12.5,39.6,15.5,48.7,103.173862128,96.264374171,67.9,33.5,41.6,75.5,37.4,48.8,41.2,42.2,26.7,23.0,8.0,7.5,74.0,13.7,22.2,42.1,13.4,51.1,15.0,26.8,4.45,19.0,24.0,31.0,187.0,73.8,59.2,griffin conine,MIA,,,,,,,,347.0,29.0,3.7311827956989245,1.0877742946708464,220,1B/OF,1B/OF,True,339.0,171.72,2.3941801142166454,175.28,1.337002681482279,119.0,False,False,206,False,39.73170890126329,14.70223040208237,0.9204124920454174,16.605648204608933,42.30902428111089,43.41409892580021,347.00312320691114,1.0877840852881226,-0.0031232069111410965,-9.790617276239644e-06,473.0,-126.0,"{'C': 415, 'SS': 586, '2B': 586, '3B': 569, '1B': 598, 'OF': 519, 'UT': 473}",1.0877742946708464,0.5235109717868338,-4.026188299576002,84.15094339622642,60.37735849056604,32.075471698113205,23.773584905660385,52.07547169811322,7.523510971786833,33.85579937304075,63.94984326018809,-0.0030000000000000027,1.0877742946708464,1,494,0.0,,0,False,0.7377742946708464,,,,72.0,1.0,233.0,0.0,Left hamstring strain,168.6,2026-03-27,2026-09-12,81.0,149.0,84.0,65.0,490.0,0.964,0.0,0.0,0.15,,established,36.2,4.0,1.168,"avg EV 90.9 (87th pct) · 494 career PA, still new · already 29, an age that jumps 4% of the time",xwOBA 0.364 (94th) · barrels 15.5% (97th) · EV 90.9 (86th) · hard-hit 49% (91st) · K 29% (16th) · BB 11% (77th) · chase 34% (32nd) · bat speed 74.0 mph (78th) · sprint 26.8 (31st),"{""n"":20,""b"":1,""c"":[[""Rhys Hoskins"",2021,28,1.12,0.97,649,0],[""Eric Haase"",2021,28,1.06,1.01,356,0],[""Garrett Cooper"",2021,30,1.05,0.88,415,0],[""Austin Slater"",2022,30,1.08,0.96,198,0],[""Willson Contreras"",2021,29,1.02,1.06,514,0]]}",0.9496186968284428,1.0877742946708464,-0.019875156067583864,0.9496186968284428,303.0,0.865,288.0,570.0,257,206,FA,established,,0.7377742946708464,False
665161,Jeremy Peña,2026,1997-09-22,SS,R,Houston Astros,111,477,442,122,19,2,22,81,55,24,9,12,2,114,2,79,13,0,0,0,0,0,0,108,0,2,28.0,477.0,23.9,5.0,0.276,0.477,0.325,0.201,0.325,0.268,0.433,0.348,0.328,0.319,0.165,0.432,0.403,0.008,0.044,0.02,88.6,13.0,34.8,7.3,39.4,99.898654606,94.028066182,74.4,39.0,46.8,81.5,31.9,55.1,48.5,43.6,25.5,23.9,7.0,7.6,72.3,10.2,22.4,16.4,13.2,61.6,11.0,29.3,4.33,25.0,42.0,55.0,330.0,75.0,67.5,jeremy pena,HOU,Jeremy Pena,HOU,SS,105.8,70.0,99.0,166.0,525.0,28.8,4.72972972972973,1.10062893081761,118,SS,SS,False,70.0,556.8852459016393,4.003049236131642,-31.885245901639337,0.7266804935980877,-48.0,False,False,120,False,81.29660976679052,18.404442868827413,1.7392849619736046,17.015662402408463,63.81063684176,53.11342852345644,482.76606536521643,1.0120881873484622,42.233934634783566,0.08854074346914786,473.0,52.0,"{'C': 415, 'SS': 586, '2B': 586, '3B': 569, '1B': 598, 'OF': 519, 'UT': 473}",1.10062893081761,0.5639412997903563,0.7391995286950868,86.79245283018868,75.47169811320755,76.9811320754717,11.320754716981128,9.811320754716974,15.09433962264151,27.67295597484277,30.18867924528302,-0.019999999999999962,1.1289134438305708,5,2862,-0.028284513012960755,1.1289134438305708,4,True,-0.028284513012960755,6.799999999999997,-0.8999999999999995,0.0,45.0,2.0,59.0,0.0,Left calf strain,53.4,2026-03-27,2026-09-12,99.0,149.0,106.0,43.0,602.0,0.934,1.0,0.0,0.15,,established,32.6,0.4,1.209,"sprint 29.3 ft/s (93rd pct) · 477 PA, already has the job · 1.10/PA is his best rate yet, so the bar is one step up",xwOBA 0.328 (73rd) · barrels 7.3% (50th) · EV 88.6 (50th) · hard-hit 39% (55th) · K 24% (41st) · BB 5% (11th) · chase 39% (9th) · bat speed 72.3 mph (55th) · sprint 29.3 (93rd),"{""n"":20,""b"":0,""c"":[[""Lane Thomas"",2024,29,1.1,0.75,107,0],[""Cedric Mullins"",2024,30,1.11,1.01,502,0],[""Brandon Marsh"",2025,28,1.04,0.97,549,0],[""Cedric Mullins"",2023,29,1.08,1.11,552,0],[""Willy Adames"",2024,29,1.1,0.97,668,0]]}",0.9939473728885136,1.082681900180397,-0.019875156067583864,0.9939473728885136,499.0,0.957,496.0,596.0,84,108,CS,established,1.1289134438305708,-0.028284513012960755,True
665487,Fernando Tatis Jr.,2026,1999-01-02,OF,R,San Diego Padres,159,704,626,181,32,3,25,96,83,64,7,38,13,130,6,121,7,0,3,0,0,53,0,0,120,2,27.0,704.0,18.5,9.1,0.289,0.47,0.358,0.181,0.327,0.296,0.5,0.358,0.379,0.365,0.204,0.407,0.435,-0.007,-0.03,-0.021,92.9,5.3,32.2,12.7,53.9,104.706101084,97.191219378,67.6,26.4,46.7,85.8,25.9,46.1,33.4,51.3,21.1,23.5,4.2,7.3,76.3,18.9,28.0,64.6,7.1,55.6,28.0,28.9,4.31,26.0,78.0,77.0,503.0,76.4,60.9,fernando tatis,SD,Fernando Tatis Jr.,SD,"2B,RF",13.0,10.0,13.0,14.0,838.0,27.5,5.270440251572327,1.1903409090909092,3,2B/OF,2B/OF,False,10.0,651.0652173913044,4.73384091364456,186.93478260869563,0.5365993379277674,7.0,False,False,1,False,116.96781754775219,36.97139072900975,3.3377658987239474,28.019025824514113,103.07974456590125,86.4366778618896,871.8124224277908,1.2383699182212937,-33.81242242779081,-0.04802900913038455,473.0,365.0,"{'C': 415, 'SS': 586, '2B': 586, '3B': 569, '1B': 598, 'OF': 519, 'UT': 473}",1.1903409090909092,0.6321022727272727,7.013672239273482,96.60377358490567,93.58490566037736,98.86792452830188,3.0188679245283083,-2.264150943396217,32.38636363636364,21.306818181818183,54.54545454545455,0.02100000000000002,1.3626373626373627,5,3014,-0.1722964535464535,1.3626373626373627,4,True,-0.1722964535464535,-0.1999999999999993,1.6999999999999993,2.3999999999999915,0.0,0.0,70.0,0.0,,21.0,2026-03-26,2026-09-12,146.0,148.0,148.0,0.0,649.0,0.986,0.0,0.0,0.15,,established,37.3,5.8,1.443,"704 PA, already has the job · avg EV 92.9 (96th pct) · deserved 1.24/PA on contact quality, got 1.19 · bat speed up 2.4 mph",xwOBA 0.379 (98th) · barrels 12.7% (89th) · EV 92.9 (97th) · hard-hit 54% (97th) · K 18% (73rd) · BB 9% (55th) · chase 26% (74th) · bat speed 76.3 mph (95th) · sprint 28.9 (87th),"{""n"":20,""b"":0,""c"":[[""Vladimir Guerrero Jr."",2025,26,1.06,0.88,537,0],[""Vladimir Guerrero Jr."",2024,25,1.16,1.06,723,0],[""Bobby Witt Jr."",2025,25,1.23,1.19,746,0],[""Jarren Duran"",2025,29,1.09,0.94,571,0],[""Kyle Tucker"",2025,28,1.18,0.99,618,0]]}",1.1673631550603136,1.17584,-0.01697502965936144,1.1673631550603136,606.0,0.983,707.0,700.0,13,3,BB,established,1.3626373626373627,-0.1722964535464535,True
665489,Vladimir Guerrero Jr.,2026,1999-03-16,1B,R,Toronto Blue Jays,144,609,542,141,25,0,9,72,57,56,5,7,4,81,6,107,8,0,0,0,128,0,0,0,0,16,27.0,609.0,13.3,9.2,0.26,0.356,0.332,0.096,0.288,0.28,0.4,0.306,0.331,0.346,0.121,0.311,0.344,-0.02,-0.044,-0.025,90.3,8.3,28.7,6.9,44.3,102.693695855,95.562990899,67.3,30.6,67.0,86.9,20.1,47.2,35.1,48.6,19.3,25.3,6.9,7.6,76.3,17.0,26.4,62.4,1.1,30.3,-6.0,26.4,4.57,15.0,60.0,66.0,467.0,76.9,59.2,vladimir guerrero,TOR,Vladimir Guerrero Jr.,TOR,"1B,DH",18.4,15.0,18.0,20.0,537.0,27.3,3.7291666666666665,0.8817733990147784,115,1B,1B,False,15.0,651.0652173913044,4.716129032258064,-114.06521739130437,-0.9869623655913977,-100.0,False,False,120,True,113.21237920147453,24.539495033748324,0.9818723280798013,13.026253436697356,69.11298522894465,64.91371201433368,577.1286972432783,0.9476661695291927,-40.12869724327834,-0.06589277051441433,473.0,64.0,"{'C': 415, 'SS': 586, '2B': 586, '3B': 569, '1B': 598, 'OF': 519, 'UT': 473}",0.8817733990147784,0.49917898193760263,-2.167986368500865,14.339622641509434,49.43396226415094,50.18867924528302,-35.094339622641506,-35.84905660377358,6.896551724137931,8.866995073891625,55.172413793103445,0.025000000000000022,1.2621776504297995,6,4072,-0.3804042514150211,1.2621776504297995,5,True,-0.3804042514150211,-0.5,-5.299999999999999,-0.4000000000000057,7.0,1.0,7.0,0.0,Concussion,7.0,2026-03-27,2026-09-12,134.0,151.0,144.0,7.0,588.0,0.931,0.0,0.0,0.15,,established,36.2,1.4,1.342,"609 PA, already has the job · deserved 0.95/PA on contact quality, got 0.88 · avg EV 90.3 (80th pct)",xwOBA 0.331 (75th) · barrels 6.9% (46th) · EV 90.3 (77th) · hard-hit 44% (79th) · K 13% (94th) · BB 9% (56th) · chase 31% (49th) · bat speed 76.3 mph (95th) · sprint 26.4 (22nd),"{""n"":20,""b"":0,""c"":[[""Jonathan India"",2025,28,0.8,0.84,49,0],[""Ozzie Albies"",2025,28,0.92,0.89,604,0],[""Carlos Correa"",2025,31,0.88,1.01,143,0],[""Bo Bichette"",2024,26,0.78,1.08,677,0],[""Matt Olson"",2024,30,0.98,1.05,758,0]]}",0.9910654281875374,0.9889894788353315,-0.01697502965936144,0.9910654281875374,549.0,0.994,544.0,595.0,59,110,CJF,established,1.2621776504297995,-0.3804042514150211,True
665742,Juan Soto,2026,1998-10-25,OF,L,New York Mets,110,477,395,110,11,2,27,63,68,78,1,9,3,65,2,70,2,0,0,0,0,0,0,0,65,43,27.0,477.0,13.6,16.4,0.278,0.522,0.397,0.244,0.272,0.295,0.572,0.389,0.411,0.392,0.277,0.406,0.436,-0.017,-0.05,-0.022,92.5,15.9,31.9,13.9,47.9,102.455866098,96.057418171,62.5,20.8,62.6,85.2,20.9,40.5,40.4,39.5,32.5,19.3,8.7,7.1,72.5,18.4,34.5,28.8,12.6,66.9,35.0,25.6,4.54,35.0,28.0,47.0,332.0,76.4,57.2,juan soto,NYM,Juan Soto,NYM,"LF,RF,DH",3.6,4.0,4.0,3.0,551.0,27.7,5.009090909090909,1.1551362683438156,110,OF,OF,False,4.0,651.0652173913044,4.803563586172282,-100.06521739130437,0.20552732291862696,-106.0,False,False,120,True,65.00467318300232,21.322043305379083,2.5018938402348088,27.69638967138377,66.67059932230713,72.01933392162793,585.154933243935,1.2267399019788994,-34.154933243935034,-0.07160363363508382,473.0,78.0,"{'C': 415, 'SS': 586, '2B': 586, '3B': 569, '1B': 598, 'OF': 519, 'UT': 473}",1.1551362683438156,0.7526205450733753,0.6445325931076726,94.71698113207547,99.62264150943396,75.84905660377359,-4.905660377358487,18.867924528301884,11.320754716981131,33.9622641509434,98.11320754716981,0.021999999999999964,1.3132867132867132,6,3931,-0.15815044494289765,1.3132867132867132,5,True,-0.15815044494289765,-5.6,-4.299999999999999,-1.0999999999999943,51.0,2.0,51.0,0.0,Left calf strain,51.0,2026-03-26,2026-09-12,97.0,152.0,105.0,47.0,592.0,0.924,0.0,0.0,0.15,,established,35.3,0.9,1.393,"avg EV 92.5 (95th pct) · deserved 1.23/PA on contact quality, got 1.16 · 477 PA, already has the job",xwOBA 0.411 (100th) · barrels 13.9% (93rd) · EV 92.5 (95th) · hard-hit 48% (89th) · K 14% (93rd) · BB 16% (98th) · chase 21% (96th) · bat speed 72.5 mph (58th) · sprint 25.6 (10th),"{""n"":20,""b"":1,""c"":[[""Kyle Tucker"",2025,28,1.18,0.99,618,0],[""Yordan Alvarez"",2024,27,1.2,0.95,190,0],[""Vladimir Guerrero Jr."",2025,26,1.06,0.88,537,0],[""Fernando Tatis Jr."",2025,26,1.16,1.19,838,0],[""Vladimir Guerrero Jr."",2024,25,1.16,1.06,723,0]]}",1.1096290579620243,1.2369854451290292,-0.026330886137737278,1.1096290579620243,629.0,0.959,698.0,666.0,16,12,THALER,established,1.3132867132867132,-0.15815044494289765,True
665750,Leody Taveras,2026,1998-09-08,OF,S,Baltimore Orioles,139,482,429,94,18,6,8,58,56,41,1,11,4,124,2,62,6,0,4,0,0,0,1,0,148,0,27.0,482.0,25.7,8.5,0.219,0.345,0.288,0.126,0.288,0.214,0.32,0.282,0.273,0.286,0.106,0.338,0.325,0.005,0.025,0.009,88.0,16.1,28.8,4.1,32.6,98.966147671,93.538008356,67.5,32.0,56.8,86.0,24.3,48.5,36.7,42.7,25.6,23.4,8.2,7.4,73.0,8.5,20.7,29.2,6.6,39.6,-12.0,28.9,4.24,14.0,38.0,42.0,316.0,82.9,65.6,leody taveras,BAL,,,,,,,,433.0,27.8,3.115107913669065,0.8983402489626556,176,OF,OF,True,339.0,171.72,2.3941801142166454,261.28,0.7209277994524195,163.0,False,False,132,False,66.20647349244547,14.260555033886831,2.803469454889909,8.535502018777782,55.425147533399276,45.00537405061665,406.5165215840159,0.8433952729958836,26.48347841598411,0.05494497596677206,473.0,-40.0,"{'C': 415, 'SS': 586, '2B': 586, '3B': 569, '1B': 598, 'OF': 519, 'UT': 473}",0.8983402489626556,0.3941908713692946,-4.221153470412149,19.622641509433965,13.584905660377359,31.32075471698113,6.037735849056606,-11.698113207547166,13.692946058091286,9.95850622406639,51.03734439834025,-0.008999999999999952,1.032490974729242,4,2271,-0.13415072576658627,,3,False,0.5483402489626557,-2.1000000000000014,-2.3000000000000007,1.7999999999999972,0.0,0.0,0.0,0.0,,0.0,2026-03-28,2026-09-12,131.0,151.0,151.0,0.0,448.0,0.868,2.0,0.0,0.15,,established,29.6,0.7,1.112,"sprint 28.9 ft/s (88th pct) · 482 PA, already has the job · avg EV 88.0 (42nd pct) · bat speed up 1.8 mph",xwOBA 0.273 (16th) · barrels 4.1% (20th) · EV 88.0 (40th) · hard-hit 33% (23rd) · K 26% (31st) · BB 8% (50th) · chase 32% (39th) · bat speed 73.0 mph (66th) · sprint 28.9 (87th),"{""n"":20,""b"":0,""c"":[[""Taylor Walls"",2025,29,0.91,0.9,390,0],[""Thairo Estrada"",2024,28,0.82,0.84,138,0],[""Austin Hays"",2024,29,0.88,1.07,445,0],[""Josh Rojas"",2023,29,0.93,0.81,385,0],[""Amed Rosario"",2024,29,0.96,0.94,180,0]]}",0.934608239755746,0.9028983571523974,-0.026330886137737278,0.934608239755746,327.0,1.0,306.0,561.0,238,239,FA,candidate,,0.5483402489626557,False
665804,Miguel Amaya,2026,1999-03-09,C,R,Chicago Cubs,82,250,211,49,11,0,6,35,28,23,11,0,0,67,1,32,1,11,0,69,1,0,0,0,0,10,27.0,250.0,26.8,9.2,0.232,0.37,0.337,0.138,0.309,0.2,0.325,0.32,0.292,0.311,0.124,0.377,0.329,0.032,0.045,0.028,88.0,21.9,36.5,7.4,34.5,97.688687808,93.066126,66.5,31.5,55.9,82.6,27.6,46.6,38.5,34.5,33.1,20.9,11.5,7.4,70.3,6.7,23.5,9.7,12.5,56.8,2.0,25.4,4.78,16.0,12.0,21.0,148.0,68.9,56.0,miguel amaya,CHC,,,,,,,,245.0,27.3,2.9878048780487805,0.98,295,C,C,True,339.0,171.72,2.3941801142166454,73.28,0.593624763832135,44.0,False,False,255,False,27.70653913007164,8.418552903822686,0.4792768021397151,5.595631163965962,24.64679482206175,26.50048958448134,216.7112844065431,0.8668451376261723,28.288715593456914,0.11315486237382766,415.0,-170.0,"{'C': 415, 'SS': 586, '2B': 586, '3B': 569, '1B': 598, 'OF': 519, 'UT': 473}",0.98,0.388,-7.696481322144412,,,,,,0.0,14.4,55.199999999999996,-0.028000000000000025,0.98,2,872,0.0,,1,False,0.63,,,,0.0,0.0,163.0,0.0,,97.8,2026-03-28,2026-09-08,77.0,151.0,151.0,0.0,230.0,0.51,2.0,0.0,0.15,,established,27.6,1.3,1.06,"0.98/PA is his best rate yet, so the bar is one step up · 27 years old, an age that jumps 3% of the time · avg EV 88.0 (42nd pct)",xwOBA 0.292 (30th) · barrels 7.4% (52nd) · EV 88.0 (40th) · hard-hit 34% (29th) · K 27% (24th) · BB 9% (56th) · chase 32% (44th) · bat speed 70.3 mph (27th) · sprint 25.4 (8th),"{""n"":20,""b"":0,""c"":[[""JJ Bleday"",2025,28,0.92,0.95,513,0],[""Seby Zavala"",2022,29,0.94,0.76,147,0],[""Pedro Pag\u00e9s"",2024,26,0.98,0.93,362,0],[""Yu Chang"",2021,26,0.94,0.74,140,0],[""Andruw Monasterio"",2025,28,1.02,0.87,300,0]]}",0.8925479920084278,0.9576483700195041,-0.01697502965936144,0.8925479920084278,232.0,0.922,207.0,536.0,364,349,FA,candidate,,0.63,False
665833,Oneil Cruz,2026,1998-10-04,OF,L,Pittsburgh Pirates,97,419,368,103,14,1,20,65,67,47,4,30,7,139,0,68,4,0,6,0,0,0,0,0,87,8,27.0,419.0,33.2,11.2,0.28,0.486,0.368,0.206,0.397,0.251,0.472,0.371,0.352,0.338,0.221,0.528,0.494,0.029,0.014,0.019,94.1,5.4,33.2,15.4,53.7,105.969307193,97.770739031,57.4,30.1,47.1,75.9,35.6,42.2,40.6,50.7,22.3,24.0,3.1,7.5,77.7,14.4,20.3,72.7,7.6,40.8,20.0,28.5,4.31,23.0,36.0,44.0,229.0,63.2,61.1,oneil cruz,PIT,Oneil Cruz,PIT,"CF,DH",84.6,59.0,89.0,73.0,563.0,27.7,5.804123711340206,1.3436754176610979,104,OF,OF,False,59.0,556.8852459016393,4.292903702788284,6.114754098360663,1.5112200085519216,-45.0,False,False,59,False,51.67632710576912,19.59089896230429,1.5652207580840518,19.535553173842537,59.29435350883675,52.94327083318364,527.3016243420204,1.25847643041055,35.69837565797957,0.08519898725054786,473.0,90.0,"{'C': 415, 'SS': 586, '2B': 586, '3B': 569, '1B': 598, 'OF': 519, 'UT': 473}",1.3436754176610979,0.594272076372315,1.915942941227239,99.62264150943396,84.90566037735849,85.66037735849056,14.716981132075475,13.962264150943398,42.95942720763723,28.63961813842482,67.30310262529832,-0.019000000000000017,1.3436754176610979,4,1972,0.0,1.0625,3,True,0.2811754176610979,1.2000000000000028,-2.5999999999999996,-1.0999999999999943,68.0,1.0,81.0,0.0,,75.8,2026-03-26,2026-09-12,86.0,152.0,89.0,63.0,628.0,0.966,0.0,0.0,0.15,,established,37.3,1.3,1.424,"avg EV 94.1 (98th pct) · 1.34/PA is his best rate yet, so the bar is one step up · sprint 28.5 ft/s (79th pct)",xwOBA 0.352 (91st) · barrels 15.4% (96th) · EV 94.1 (98th) · hard-hit 54% (97th) · K 33% (4th) · BB 11% (81st) · chase 30% (52nd) · bat speed 77.7 mph (99th) · sprint 28.5 (78th),"{""n"":20,""b"":1,""c"":[[""Brent Rooker"",2024,30,1.23,1.05,736,0],[""Shea Langeliers"",2025,28,1.19,1.09,507,0],[""Teoscar Hern\u00e1ndez"",2021,29,1.26,1.11,596,0],[""Tyler O'Neill"",2021,26,1.26,1.07,410,0],[""Luke Raley"",2023,29,1.14,1.06,481,0]]}",1.1223539717929367,1.186142038698519,-0.026330886137737278,1.1223539717929367,540.0,0.939,606.0,673.0,36,8,CJF,established,1.0625,0.2811754176610979,True
665862,Jazz Chisholm Jr.,2026,1998-02-01,2B,L,New York Yankees,137,532,471,109,16,3,19,69,55,56,1,41,9,157,4,71,9,0,0,0,0,137,0,0,0,1,28.0,532.0,29.5,10.5,0.231,0.399,0.312,0.168,0.301,0.216,0.366,0.312,0.294,0.296,0.15,0.4,0.37,0.015,0.033,0.018,90.4,16.3,29.9,8.2,42.8,100.204570455,94.436904935,64.3,29.4,54.6,76.7,30.9,45.8,50.9,42.1,28.9,20.1,8.8,7.9,72.9,10.4,23.2,28.2,15.6,59.4,-6.0,28.3,4.22,24.0,40.0,42.0,318.0,78.5,62.8,jazz chisholm,NYY,Jazz Chisholm Jr.,NYY,"2B,3B",21.4,19.0,21.0,21.0,592.0,28.4,4.321167883211679,1.112781954887218,85,2B/3B,2B,False,19.0,651.0652173913044,4.578038442168877,-59.06521739130437,-0.256870558957198,-66.0,False,False,53,False,65.69432293636643,17.608925076845466,2.2571810372098295,16.175570949578287,65.03877678422522,56.56826754645532,566.7290443306806,1.065280158516317,25.27095566931939,0.04750179637090102,473.0,119.0,"{'C': 415, 'SS': 586, '2B': 586, '3B': 569, '1B': 598, 'OF': 519, 'UT': 473}",1.112781954887218,0.47368421052631576,0.852377577066207,88.67924528301887,37.735849056603776,78.8679245283019,50.943396226415096,9.811320754716974,46.24060150375939,21.428571428571427,63.1578947368421,-0.018000000000000016,1.2780082987551866,6,2815,-0.16522634386796864,1.2780082987551866,5,True,-0.16522634386796864,1.6000000000000014,-6.800000000000001,-1.0,12.0,1.0,53.0,0.0,,33.9,2026-03-25,2026-09-08,134.0,152.0,149.0,3.0,520.0,0.899,0.0,0.0,0.15,,established,31.4,0.5,1.358,"532 PA, already has the job · avg EV 90.4 (81st pct) · sprint 28.3 ft/s (74th pct)",xwOBA 0.294 (33rd) · barrels 8.2% (58th) · EV 90.4 (79th) · hard-hit 43% (72nd) · K 30% (15th) · BB 10% (74th) · chase 29% (57th) · bat speed 72.9 mph (65th) · sprint 28.3 (72nd),"{""n"":20,""b"":0,""c"":[[""Randy Arozarena"",2024,29,0.98,1.08,767,0],[""Lane Thomas"",2024,29,1.1,0.75,107,0],[""William Contreras"",2025,28,1.03,1.07,683,0],[""Luis Robert Jr."",2024,27,0.98,1.1,473,0],[""Brandon Marsh"",2025,28,1.04,0.97,549,0]]}",1.0548903164146348,1.1397434661008774,-0.026330886137737278,1.0548903164146348,559.0,0.973,590.0,633.0,45,28,MMM,established,1.2780082987551866,-0.16522634386796864,True
665877,José Fermín,2026,1999-03-29,OF,R,St. Louis Cardinals,117,366,323,81,17,0,6,33,41,30,2,8,0,49,7,58,2,0,0,0,1,21,35,5,71,2,27.0,366.0,13.4,8.2,0.251,0.359,0.312,0.108,0.273,0.25,0.338,0.298,0.293,0.315,0.088,0.304,0.297,0.001,0.021,0.005,86.1,16.3,34.6,2.1,31.4,96.332647589,92.230020747,56.6,22.3,75.9,90.2,13.7,39.8,48.1,39.9,23.3,25.8,11.0,7.4,68.0,7.2,34.7,2.3,7.5,63.2,-4.0,27.1,4.49,10.0,23.0,48.0,283.0,66.7,61.5,jose fermin,STL,,,,,,,,325.0,27.3,2.7777777777777777,0.8879781420765027,235,2B/3B/OF,2B/3B/OF,True,339.0,171.72,2.3941801142166454,153.28,0.38359766356113223,104.0,False,False,237,False,64.3060602125272,10.207915692238016,0.49198797794237165,5.744036117292414,39.317172818555164,34.671761543996304,317.9129343625515,0.8686145747610696,7.087065637448518,0.019363567315433095,473.0,-148.0,"{'C': 415, 'SS': 586, '2B': 586, '3B': 569, '1B': 598, 'OF': 519, 'UT': 473}",0.8879781420765027,0.4890710382513661,-6.05614789135994,16.22641509433962,46.0377358490566,12.075471698113208,-29.81132075471698,4.150943396226413,13.114754098360656,9.836065573770492,49.18032786885246,-0.0050000000000000044,0.8879781420765027,1,576,0.0,,0,False,0.5379781420765027,,,,0.0,0.0,0.0,0.0,,0.0,2026-03-28,2026-09-12,109.0,152.0,152.0,0.0,337.0,0.717,2.0,0.0,0.15,,established,25.7,6.3,0.968,"576 career PA, still new · 27 years old, an age that jumps 3% of the time · got 0.89/PA but deserved 0.87",xwOBA 0.293 (31st) · barrels 2.1% (5th) · EV 86.1 (14th) · hard-hit 31% (19th) · K 13% (94th) · BB 8% (45th) · chase 22% (92nd) · bat speed 68.0 mph (5th) · sprint 27.1 (39th),"{""n"":20,""b"":0,""c"":[[""Yonathan Daza"",2021,27,0.85,0.92,375,0],[""Jurickson Profar"",2021,28,0.87,0.93,613,0],[""Yonathan Daza"",2022,28,0.92,0.85,68,0],[""Liam Hicks"",2025,26,0.89,1.06,582,0],[""Kevin Newman"",2022,29,0.9,0.93,236,0]]}",0.9244063226067463,0.8879781420765027,-0.01697502965936144,0.9244063226067463,271.0,1.0,251.0,555.0,297,269,FA,candidate,,0.5379781420765027,False
665923,Esteury Ruiz,2026,1999-02-15,OF,R,Miami Marlins,108,251,210,45,12,1,6,37,16,25,12,33,8,81,1,26,4,0,2,0,0,0,0,0,112,0,27.0,251.0,32.3,10.0,0.214,0.367,0.331,0.153,0.315,0.175,0.29,0.316,0.275,0.298,0.114,0.402,0.323,0.039,0.077,0.041,82.8,24.7,39.4,7.6,24.2,95.472068871,91.806012661,67.4,31.8,54.0,75.0,32.6,48.0,51.5,30.3,26.5,27.3,15.9,7.6,71.3,4.7,14.6,19.0,15.9,38.5,1.0,29.9,4.31,10.0,14.0,21.0,132.0,75.7,60.6,esteury ruiz,MIA,,,,,,,,311.0,27.4,2.8796296296296298,1.2390438247011952,248,OF,OF,True,339.0,171.72,2.3941801142166454,139.28,0.4854495154129843,91.0,False,False,241,False,23.412069862475516,7.710805005182991,0.6521804022074745,4.97494473013402,31.97734442111388,22.274531972481014,287.6918763935949,1.1461827744764737,23.308123606405104,0.09286105022472158,473.0,-162.0,"{'C': 415, 'SS': 586, '2B': 586, '3B': 569, '1B': 598, 'OF': 519, 'UT': 473}",1.2390438247011952,0.4262948207171315,-5.38932078830776,,,,,,78.88446215139442,14.342629482071713,59.7609561752988,-0.04099999999999998,1.2390438247011952,2,872,0.0,,1,True,0.8890438247011953,,,,29.0,1.0,158.0,0.0,,67.69999999999999,2026-04-24,2026-09-12,98.0,124.0,124.0,0.0,264.0,0.79,28.0,1.0,0.15,,established,26.5,0.8,1.319,"1.24/PA is his best rate yet, so the bar is one step up · sprint 29.9 ft/s (98th pct) · 27 years old, an age that jumps 3% of the time",xwOBA 0.275 (17th) · barrels 7.6% (53rd) · EV 82.8 (0th) · hard-hit 24% (4th) · K 32% (6th) · BB 10% (66th) · chase 32% (40th) · bat speed 71.3 mph (38th) · sprint 29.9 (98th),"{""n"":20,""b"":0,""c"":[[""Sam Haggerty"",2022,28,1.15,1.1,119,0],[""David Hamilton"",2024,27,1.19,1.1,213,0],[""Jos\u00e9 Caballero"",2025,29,1.25,1.04,473,0],[""Tyler Wade"",2021,27,1.22,0.81,132,0],[""Jos\u00e9 Caballero"",2023,27,1.09,1.05,506,0]]}",1.0522222398770102,1.2390438247011952,-0.01697502965936144,1.0522222398770102,264.0,0.946,278.0,631.0,267,32,FA,established,,0.8890438247011953,True
665926,Andrés Giménez,2026,1998-09-04,SS,L,Toronto Blue Jays,147,505,466,114,25,1,9,38,59,17,15,20,4,94,5,79,8,0,0,0,0,0,0,147,0,0,27.0,505.0,18.6,3.4,0.245,0.361,0.29,0.116,0.285,0.237,0.333,0.286,0.275,0.284,0.096,0.323,0.309,0.008,0.028,0.011,85.4,13.0,30.1,3.4,24.8,95.843330652,91.921944701,73.4,43.9,61.7,84.8,24.3,58.0,39.8,45.4,23.2,22.2,9.2,7.0,68.2,5.0,24.5,4.1,10.0,50.6,-16.0,27.7,4.3,22.0,35.0,53.0,379.0,78.3,63.8,andres gimenez,TOR,Andres Gimenez,TOR,"2B,SS",336.2,205.0,298.0,267.0,463.0,27.8,3.1496598639455784,0.9168316831683169,151,2B/SS,SS,False,205.0,354.0,3.180509813450934,109.0,-0.03084994950535558,54.0,False,False,121,False,84.20859332251305,16.477571006571196,1.009078019318415,8.746757651597326,54.52928745547157,48.0876055362117,452.23689299168325,0.8955185999835312,10.763107008316751,0.02131308318478564,473.0,-10.0,"{'C': 415, 'SS': 586, '2B': 586, '3B': 569, '1B': 598, 'OF': 519, 'UT': 473}",0.9168316831683169,0.41188118811881186,-3.506296121227723,25.660377358490567,18.11320754716981,37.735849056603776,7.547169811320757,-12.075471698113208,23.762376237623762,10.693069306930692,20.198019801980198,-0.010999999999999954,1.1131059245960502,6,2890,-0.1962742414277333,1.1131059245960502,5,True,-0.1962742414277333,0.7000000000000028,0.3999999999999999,-1.0999999999999943,0.0,0.0,62.0,0.0,,37.199999999999996,2026-03-27,2026-09-12,138.0,151.0,151.0,0.0,468.0,0.914,0.0,0.0,0.15,,established,25.0,0.3,1.193,"505 PA, already has the job · sprint 27.7 ft/s (56th pct) · got 0.92/PA but deserved 0.90",xwOBA 0.275 (17th) · barrels 3.4% (15th) · EV 85.4 (7th) · hard-hit 25% (5th) · K 19% (73rd) · BB 3% (3rd) · chase 44% (2nd) · bat speed 68.2 mph (7th) · sprint 27.7 (55th),"{""n"":20,""b"":0,""c"":[[""Ozzie Albies"",2025,28,0.92,0.89,604,0],[""Ozzie Albies"",2024,28,0.96,0.92,612,0],[""Myles Straw"",2023,29,0.86,2.5,10,0],[""Spencer Steer"",2025,28,0.96,0.96,368,0],[""Gleyber Torres"",2024,28,0.87,0.94,591,0]]}",0.8935461177234214,0.9060351413292591,-0.026330886137737278,0.8935461177234214,398.0,0.97,356.0,536.0,189,349,Dan,established,1.1131059245960502,-0.1962742414277333,True
665953,Andrés Chaparro,2026,1999-05-04,1B,R,Washington Nationals,82,224,194,50,13,0,11,34,37,25,5,0,0,53,0,26,3,0,0,0,55,0,6,0,0,21,27.0,224.0,23.7,11.2,0.258,0.495,0.357,0.237,0.3,0.228,0.432,0.372,0.336,0.331,0.204,0.441,0.384,0.03,0.063,0.036,89.6,16.9,29.1,12.1,43.3,101.115486761,94.94349844,71.8,32.2,47.4,78.5,32.8,49.6,50.4,40.4,28.4,19.1,12.1,7.3,74.2,10.8,21.4,44.7,11.7,52.2,12.0,25.0,4.89,12.0,17.0,21.0,141.0,80.4,62.1,andres chaparro,WSH,,,,,,,,244.0,27.2,2.975609756097561,1.0892857142857142,298,1B,1B,True,339.0,171.72,2.3941801142166454,72.28,0.5814296418809155,41.0,False,False,255,False,23.10684195654272,11.588652001705679,0.6221701269604791,8.914335914791122,25.161163362788955,29.145126441190158,209.34628980397912,0.9345816509106211,34.65371019602088,0.15470406337509313,473.0,-229.0,"{'C': 415, 'SS': 586, '2B': 586, '3B': 569, '1B': 598, 'OF': 519, 'UT': 473}",1.0892857142857142,0.6205357142857143,-6.265585959245974,,,,,,0.0,29.464285714285715,66.96428571428572,-0.035999999999999976,1.0892857142857142,1,429,0.0,,0,False,0.7392857142857142,,,,0.0,0.0,63.0,0.0,,37.8,2026-03-26,2026-09-12,74.0,150.0,150.0,0.0,196.0,0.493,0.0,0.0,0.15,,established,40.4,2.3,1.169,"429 career PA, still new · avg EV 89.6 (68th pct) · 27 years old, an age that jumps 3% of the time",xwOBA 0.336 (81st) · barrels 12.1% (84th) · EV 89.6 (66th) · hard-hit 43% (74th) · K 24% (43rd) · BB 11% (81st) · chase 32% (38th) · bat speed 74.2 mph (81st) · sprint 25.0 (4th),"{""n"":20,""b"":0,""c"":[[""Gavin Sheets"",2021,25,1.08,0.9,371,0],[""Joey Bart"",2024,28,1.14,0.88,292,0],[""Ryan Jeffers"",2023,26,1.14,1.0,464,0],[""LaMonte Wade Jr."",2021,28,1.08,0.85,213,0],[""Tyrone Taylor"",2021,27,1.08,0.99,400,0]]}",0.9246204558697917,1.0892857142857142,-0.01697502965936144,0.9246204558697917,221.0,0.97,204.0,555.0,372,269,FA,candidate,,0.7392857142857142,False
665966,Carlos Narváez,2026,1998-11-26,C,R,multi,95,285,248,40,7,0,3,22,10,19,8,2,0,90,3,30,6,11,0,93,0,1,0,0,0,1,27.0,285.0,31.6,6.7,0.161,0.226,0.241,0.065,0.234,0.191,0.303,0.219,0.26,0.269,0.112,0.259,0.331,-0.03,-0.077,-0.041,90.6,18.3,35.1,6.6,36.9,99.444669241,94.185727389,70.5,32.3,45.9,76.4,33.2,51.4,31.5,39.3,30.4,21.4,8.9,7.5,72.1,7.0,20.7,20.1,11.4,50.7,-19.0,25.3,4.92,8.0,11.0,21.0,168.0,73.4,63.5,carlos narvaez,multi,Carlos Narvaez,BAL,C,345.8,210.0,289.0,392.0,177.0,27.6,1.8631578947368421,0.6210526315789474,359,C,C,False,210.0,338.3666666666667,3.0833333333333335,-161.36666666666667,-1.2201754385964914,-149.0,False,False,283,True,31.919378833835967,8.993740120457845,0.582383257576416,5.872497788129775,25.67028301957478,29.535936144233478,226.71821916380827,0.7955025233817834,-49.71821916380827,-0.174449891802836,415.0,-238.0,"{'C': 415, 'SS': 586, '2B': 586, '3B': 569, '1B': 598, 'OF': 519, 'UT': 473}",0.6210526315789474,0.06666666666666667,-11.101155343217547,,,,,,4.2105263157894735,6.315789473684211,40.0,0.04100000000000001,1.0403587443946187,2,746,-0.4193061128156713,1.0403587443946187,1,False,-0.4193061128156713,6.700000000000003,-2.5,-0.20000000000000284,0.0,0.0,0.0,0.0,,0.0,2026-03-26,2026-09-12,89.0,151.0,151.0,0.0,268.0,0.589,0.0,0.0,0.15,,established,29.0,0.7,1.12,"deserved 0.80/PA on contact quality, got 0.62 · avg EV 90.6 (83rd pct) · 746 career PA, still new",xwOBA 0.260 (8th) · barrels 6.6% (43rd) · EV 90.6 (81st) · hard-hit 37% (41st) · K 32% (10th) · BB 7% (28th) · chase 32% (37th) · bat speed 72.1 mph (52nd) · sprint 25.3 (7th),"{""n"":20,""b"":0,""c"":[[""Jared Walsh"",2022,29,0.81,0.64,74,0],[""Michael Toglia"",2025,27,0.76,0.43,12,0],[""Edouard Julien"",2025,26,0.69,0.82,225,0],[""Josh Rojas"",2025,31,0.63,0.78,89,0],[""Avisa\u00edl Garc\u00eda"",2022,31,0.78,0.76,90,0]]}",0.8689011026097774,0.8241042345276873,-0.026330886137737278,0.8689011026097774,263.0,1.0,229.0,521.0,334,396,FA,candidate,1.0403587443946187,-0.4193061128156713,False
666018,Jonathan Aranda,2026,1998-05-23,1B,L,Tampa Bay Rays,154,666,578,158,26,0,22,73,92,69,11,0,1,162,8,110,7,0,0,0,147,0,0,0,0,6,28.0,666.0,24.3,10.4,0.273,0.433,0.357,0.16,0.338,0.254,0.438,0.347,0.343,0.341,0.184,0.415,0.407,0.019,-0.005,0.004,91.0,14.4,38.9,9.9,45.9,100.537695708,94.730870142,66.2,29.0,69.1,81.9,22.5,46.7,30.0,37.0,31.4,27.6,4.0,7.1,70.3,11.1,27.4,12.9,8.3,52.9,16.0,25.7,4.55,38.0,38.0,82.0,424.0,73.5,64.8,jonathan aranda,TB,Jonathan Aranda,TB,"1B,DH",208.2,124.0,181.0,175.0,646.0,28.1,4.194805194805195,0.96996996996997,48,1B,1B,False,124.0,450.5,3.705765225084571,195.5,0.4890399697206238,76.0,True,True,33,False,90.39795925402859,30.840884795231098,1.2083526474520376,24.36480330328828,77.4149352602816,82.79901418482703,633.1899494451086,0.9507356598274904,12.810050554891404,0.01923431014247956,473.0,173.0,"{'C': 415, 'SS': 586, '2B': 586, '3B': 569, '1B': 598, 'OF': 519, 'UT': 473}",0.96996996996997,0.48348348348348347,1.297128167869161,49.43396226415094,43.39622641509434,82.26415094339623,6.037735849056602,-32.83018867924529,0.0,19.81981981981982,62.16216216216216,-0.003999999999999948,1.0829383886255923,2,1421,-0.11296841865562235,1.0829383886255923,1,False,-0.11296841865562235,-1.0999999999999979,-3.0,-0.20000000000000284,0.0,0.0,242.0,0.0,,89.4,2026-03-26,2026-09-12,144.0,150.0,150.0,0.0,621.0,0.96,0.0,0.0,0.15,,established,32.2,2.2,1.163,"666 PA, already has the job · avg EV 91.0 (87th pct) · got 0.97/PA but deserved 0.95",xwOBA 0.343 (86th) · barrels 9.9% (71st) · EV 91.0 (87th) · hard-hit 46% (84th) · K 24% (38th) · BB 10% (71st) · chase 29% (59th) · bat speed 70.3 mph (27th) · sprint 25.7 (11th),"{""n"":20,""b"":1,""c"":[[""Trevor Larnach"",2025,28,0.92,1.01,439,0],[""Nathaniel Lowe"",2023,28,0.95,0.94,531,0],[""Bryan Reynolds"",2022,27,1.01,1.06,680,0],[""Matt Olson"",2022,28,1.0,1.26,908,1],[""Jake Burger"",2024,28,0.96,0.91,344,0]]}",0.9447211561080936,1.0010879025239339,-0.026330886137737278,0.9447211561080936,537.0,0.928,507.0,567.0,78,220,BAMBI,established,1.0829383886255923,-0.11296841865562235,False
666023,Freddy Fermin,2026,1995-05-16,C,R,San Diego Padres,95,261,228,45,13,0,4,22,21,21,3,1,1,55,3,28,7,24,0,94,0,0,0,0,0,1,31.0,261.0,21.1,8.0,0.197,0.307,0.271,0.11,0.238,0.211,0.316,0.26,0.271,0.286,0.105,0.281,0.295,-0.014,-0.009,-0.011,87.5,15.1,35.0,3.9,29.4,96.953946667,92.610096034,71.4,34.1,51.1,85.2,26.8,51.6,38.3,39.4,27.8,25.0,7.8,7.6,69.8,6.9,24.7,6.2,13.5,54.0,-9.0,27.5,4.56,8.0,11.0,26.0,180.0,81.7,62.1,freddy fermin,SD,Freddy Fermin,SD,C,432.0,252.0,392.0,472.0,226.0,31.1,2.3789473684210525,0.8659003831417624,313,C,C,False,252.0,252.0,2.9462393912788998,-26.0,-0.5672920228578473,-61.0,False,False,258,False,34.310146352422436,8.498643409005904,0.45627412472087225,4.842936113850784,27.51597438623859,25.274255191465922,240.9462295777045,0.9231656305659176,-14.946229577704486,-0.057265247424155175,415.0,-189.0,"{'C': 415, 'SS': 586, '2B': 586, '3B': 569, '1B': 598, 'OF': 519, 'UT': 473}",0.8659003831417624,0.3065134099616858,-9.677427377648089,,,,,,2.2988505747126435,9.195402298850574,48.275862068965516,0.01100000000000001,1.0893617021276596,4,1218,-0.22346131898589716,1.0893617021276596,3,False,-0.22346131898589716,2.1000000000000014,-0.30000000000000027,0.29999999999999716,23.0,2.0,23.0,0.0,Concussion; Head contusion,23.0,2026-03-26,2026-09-12,90.0,148.0,128.0,20.0,290.0,0.703,0.0,0.0,0.15,,established,26.1,0.9,1.169,"deserved 0.92/PA on contact quality, got 0.87 · avg EV 87.5 (34th pct) · 1,218 career PA, a known quantity",xwOBA 0.271 (14th) · barrels 3.9% (18th) · EV 87.5 (32nd) · hard-hit 29% (14th) · K 21% (59th) · BB 8% (42nd) · chase 34% (29th) · bat speed 69.8 mph (22nd) · sprint 27.5 (49th),"{""n"":20,""b"":0,""c"":[[""Eddie Rosario"",2022,31,0.77,1.01,523,0],[""Tyrone Taylor"",2025,31,0.89,1.13,268,0],[""Enrique Hern\u00e1ndez"",2022,31,0.83,0.84,425,0],[""Rafael Ortega"",2022,31,0.94,0.9,123,0],[""Elias D\u00edaz"",2022,32,0.88,0.99,522,0]]}",0.8981813933495546,0.8754313319530712,-0.03556545422470473,0.8981813933495546,246.0,0.982,221.0,539.0,343,340,FA,established,1.0893617021276596,-0.22346131898589716,False
666126,Carlos Cortes,2026,1997-06-30,OF,L,Athletics,123,379,341,86,16,2,10,30,43,31,4,2,1,63,3,58,0,0,3,0,0,0,0,0,93,27,29.0,379.0,16.6,8.2,0.252,0.399,0.319,0.147,0.28,0.242,0.369,0.317,0.301,0.312,0.127,0.34,0.319,0.01,0.03,0.016,88.4,10.9,36.3,6.1,35.7,98.816606714,93.579143118,66.0,28.1,63.3,84.0,22.3,46.6,30.2,45.2,21.4,25.6,7.8,7.0,70.6,11.0,26.3,12.7,6.9,43.0,-4.0,26.1,4.59,14.0,27.0,44.0,281.0,69.2,60.2,carlos cortes,ATH,,,,,,,,342.0,29.0,2.7804878048780486,0.9023746701846965,224,OF,OF,True,339.0,171.72,2.3941801142166454,170.28,0.38630769066140314,115.0,False,False,206,False,58.75344664153441,13.32037018183108,1.3579197117345783,9.090263464899921,40.03254108942172,40.82896948255103,336.21251057197276,0.8871042495302711,5.787489428027243,0.01527042065442541,473.0,-131.0,"{'C': 415, 'SS': 586, '2B': 586, '3B': 569, '1B': 598, 'OF': 519, 'UT': 473}",0.9023746701846965,0.47229551451187335,-6.2166574948765545,20.754716981132077,36.9811320754717,11.320754716981133,-16.22641509433962,9.433962264150944,3.1662269129287597,15.8311345646438,49.07651715039578,-0.016000000000000014,0.9023746701846965,1,478,0.0,,0,False,0.5523746701846965,,,,0.0,0.0,0.0,0.0,,0.0,2026-03-27,2026-09-12,113.0,149.0,149.0,0.0,352.0,0.758,0.0,0.0,0.15,,established,29.0,8.5,0.982,"478 career PA, still new · already 29, an age that jumps 4% of the time · sprint 26.1 ft/s (18th pct)",xwOBA 0.301 (42nd) · barrels 6.1% (38th) · EV 88.4 (47th) · hard-hit 36% (35th) · K 17% (83rd) · BB 8% (45th) · chase 28% (65th) · bat speed 70.6 mph (29th) · sprint 26.1 (17th),"{""n"":20,""b"":2,""c"":[[""Yerm\u00edn Mercedes"",2021,28,0.94,0.82,68,0],[""Od\u00fabel Herrera"",2021,30,0.96,0.98,194,0],[""Jose Trevino"",2022,30,0.97,0.8,135,0],[""Jeff McNeil"",2021,29,0.85,1.05,616,1],[""Andy Ib\u00e1\u00f1ez"",2021,28,0.92,0.73,94,0]]}",0.8541148287833848,0.9023746701846965,-0.019875156067583864,0.8541148287833848,266.0,1.0,227.0,512.0,336,419,FA,established,,0.5523746701846965,False
666139,Josh Lowe,2026,1998-02-02,OF,L,Los Angeles Angels,113,339,307,64,11,0,12,32,29,25,3,10,1,103,2,41,2,0,6,0,0,0,0,0,115,0,28.0,339.0,30.4,7.4,0.208,0.362,0.273,0.154,0.268,0.21,0.375,0.28,0.286,0.274,0.165,0.364,0.374,-0.002,-0.013,-0.006,88.8,18.9,32.7,9.1,37.5,99.122218333,93.838034828,78.0,36.0,59.5,72.4,32.1,55.9,34.1,34.6,34.1,23.1,8.2,7.5,73.7,6.8,16.3,35.7,11.6,44.9,-13.0,28.1,4.31,19.0,18.0,27.0,208.0,83.8,65.4,josh lowe,LAA,Josh Lowe,LAA,"LF,CF,RF",297.5,179.0,268.0,247.0,304.0,28.4,2.690265486725664,0.8967551622418879,255,OF,OF,False,179.0,375.06451612903226,3.180509813450934,-71.06451612903226,-0.4902443267252701,-76.0,False,False,245,False,38.07365557103647,13.872139129646282,0.7897550275980441,11.734450271719208,39.845607323628585,37.92890315445865,325.36951047808725,0.9597920663070421,-21.36951047808725,-0.06303690406515416,473.0,-169.0,"{'C': 415, 'SS': 586, '2B': 586, '3B': 569, '1B': 598, 'OF': 519, 'UT': 473}",0.8967551622418879,0.30678466076696165,-6.922804489795593,18.49056603773585,1.1320754716981132,4.905660377358491,17.358490566037737,13.584905660377359,17.699115044247787,21.238938053097346,44.24778761061947,0.00599999999999995,1.3153692614770458,4,1862,-0.4186140992351579,1.3153692614770458,3,True,-0.4186140992351579,5.299999999999997,3.1999999999999993,1.2999999999999972,0.0,0.0,95.0,0.0,,42.599999999999994,2026-03-26,2026-09-12,101.0,148.0,148.0,0.0,306.0,0.682,0.0,0.0,0.15,,established,36.9,0.9,1.395,"deserved 0.96/PA on contact quality, got 0.90 · sprint 28.1 ft/s (68th pct) · avg EV 88.8 (55th pct) · barrel rate up 3.2 pts on last year · bat speed up 1.3 mph",xwOBA 0.286 (25th) · barrels 9.1% (65th) · EV 88.8 (53rd) · hard-hit 38% (44th) · K 30% (13th) · BB 7% (34th) · chase 36% (20th) · bat speed 73.7 mph (75th) · sprint 28.1 (67th),"{""n"":20,""b"":0,""c"":[[""Willi Castro"",2025,28,0.9,1.0,477,0],[""Tyler O'Neill"",2023,28,0.94,1.09,517,0],[""Javier B\u00e1ez"",2024,32,0.76,0.94,412,0],[""Chas McCormick"",2024,29,0.86,0.76,88,0],[""Luis Rengifo"",2025,28,0.82,0.84,296,0]]}",0.9338990572702541,0.9469347856444629,-0.026330886137737278,0.9338990572702541,328.0,0.966,306.0,560.0,238,244,FA,established,1.3153692614770458,-0.4186140992351579,True
666152,David Hamilton,2026,1997-09-29,3B,L,Milwaukee Brewers,120,384,336,82,13,3,4,48,26,32,2,30,7,86,0,62,10,0,0,0,0,14,86,34,0,0,28.0,384.0,22.4,8.3,0.244,0.336,0.314,0.092,0.317,0.225,0.315,0.293,0.276,0.296,0.09,0.338,0.314,0.019,0.021,0.017,86.9,13.2,29.3,3.4,27.9,96.712895614,92.356447807,61.4,29.6,61.7,86.1,22.1,45.2,34.2,48.3,24.0,23.2,4.6,7.1,69.3,6.8,25.5,5.0,6.2,39.9,-12.0,29.4,4.05,8.0,40.0,34.0,263.0,67.2,59.4,david hamilton,MIL,,,,,,,,383.0,28.8,3.191666666666667,0.9973958333333334,205,2B/3B/SS,3B/SS,True,339.0,171.72,2.3941801142166454,211.28,0.7974865524500214,134.0,False,False,171,False,58.30319583772762,10.121096057614132,1.408220371588902,5.767487733069355,46.19002137592314,33.59810286705818,375.2281242429813,0.9771565735494305,7.771875757018677,0.02023925978390284,473.0,-90.0,"{'C': 415, 'SS': 586, '2B': 586, '3B': 569, '1B': 598, 'OF': 519, 'UT': 473}",0.9973958333333334,0.4244791666666667,-4.281962037661524,56.60377358490566,22.264150943396228,30.566037735849054,34.339622641509436,26.037735849056606,46.875,6.25,50.0,-0.01699999999999996,1.1861198738170347,2,934,-0.18872404048370128,,1,False,0.6473958333333334,-1.8000000000000007,-2.6,-1.2000000000000028,17.0,1.0,48.0,0.0,Strained left hamstring,26.299999999999997,2026-03-26,2026-09-12,111.0,152.0,137.0,15.0,392.0,0.81,0.0,0.0,0.15,,established,25.9,0.7,1.266,"sprint 29.4 ft/s (94th pct) · 384 PA, already has the job · already 29, an age that jumps 4% of the time",xwOBA 0.276 (18th) · barrels 3.4% (15th) · EV 86.9 (23rd) · hard-hit 28% (10th) · K 22% (52nd) · BB 8% (47th) · chase 30% (55th) · bat speed 69.3 mph (17th) · sprint 29.4 (94th),"{""n"":20,""b"":1,""c"":[[""Jake Fraley"",2024,29,1.04,1.0,216,0],[""Josh Rojas"",2023,29,0.93,0.81,385,0],[""Jorge Mateo"",2024,29,1.03,1.08,90,0],[""Lane Thomas"",2022,27,0.95,1.15,787,1],[""Raimel Tapia"",2022,28,0.94,1.04,176,0]]}",0.9752238629030889,1.047187237615449,-0.019875156067583864,0.9752238629030889,283.0,0.979,276.0,585.0,270,137,FA,established,,0.6473958333333334,False
666160,Mickey Moniak,2026,1998-05-13,OF,L,Colorado Rockies,117,436,404,96,17,6,23,49,65,22,3,1,1,120,7,50,1,0,5,0,0,0,0,0,85,40,28.0,436.0,27.5,5.0,0.238,0.48,0.278,0.242,0.272,0.212,0.392,0.322,0.279,0.255,0.179,0.422,0.358,0.026,0.088,0.043,89.7,21.4,32.0,9.6,41.6,99.875625205,94.179652165,76.4,44.0,51.3,82.0,30.3,59.0,48.1,34.0,36.8,20.3,8.9,7.8,74.3,10.0,21.1,45.4,13.8,52.0,8.0,28.1,4.37,29.0,27.0,39.0,291.0,85.7,66.5,mickey moniak,COL,Mickey Moniak,COL,"LF,CF,RF,DH",238.3,147.0,236.0,230.0,441.0,28.1,3.769230769230769,1.011467889908257,168,OF,OF,False,147.0,422.61764705882354,3.705765225084571,18.382352941176464,0.0634655441461982,-21.0,False,False,132,False,49.46854275806606,16.45263042378402,3.3171108782337884,16.409715939916136,50.41993571116326,50.90293118737469,381.93486689853796,0.8759974011434357,59.06513310146204,0.13547048876482126,473.0,-32.0,"{'C': 415, 'SS': 586, '2B': 586, '3B': 569, '1B': 598, 'OF': 519, 'UT': 473}",1.011467889908257,0.48394495412844035,-2.8714214101323687,61.886792452830186,43.77358490566038,43.39622641509434,18.113207547169807,18.490566037735846,1.3761467889908259,31.651376146788994,30.275229357798167,-0.04299999999999998,1.1323210412147506,4,1787,-0.12085315130649366,1.1323210412147506,3,False,-0.12085315130649366,3.6000000000000014,-4.200000000000001,0.5999999999999943,38.0,2.0,38.0,0.0,Right ankle tendonitis,38.0,2026-04-03,2026-09-13,107.0,144.0,115.0,29.0,517.0,0.93,7.0,0.0,0.15,,established,31.3,0.5,1.212,"avg EV 89.7 (71st pct) · 436 PA, already has the job · sprint 28.1 ft/s (68th pct)",xwOBA 0.279 (19th) · barrels 9.6% (69th) · EV 89.7 (68th) · hard-hit 42% (65th) · K 28% (21st) · BB 5% (11th) · chase 44% (2nd) · bat speed 74.3 mph (82nd) · sprint 28.1 (67th),"{""n"":20,""b"":0,""c"":[[""Cedric Mullins"",2023,29,1.08,1.11,552,0],[""JJ Bleday"",2025,28,0.92,0.95,513,0],[""Daulton Varsho"",2024,28,0.99,1.17,318,0],[""Ram\u00f3n Ur\u00edas"",2023,29,0.9,0.95,285,0],[""Danny Jansen"",2023,28,1.07,0.83,270,0]]}",0.9917833389393936,1.0371121718377088,-0.026330886137737278,0.9917833389393936,404.0,0.97,401.0,595.0,141,110,Dpf,established,1.1323210412147506,-0.12085315130649366,False
666176,Jo Adell,2026,1999-04-08,OF,R,multi,158,656,600,143,26,1,22,69,93,33,18,5,0,157,5,94,5,0,8,0,0,0,0,0,151,19,27.0,656.0,23.9,5.0,0.238,0.395,0.296,0.157,0.284,0.255,0.438,0.303,0.325,0.312,0.183,0.364,0.397,-0.017,-0.043,-0.022,90.3,16.3,32.1,8.8,44.5,102.428170811,95.506593356,74.0,35.4,52.4,82.5,28.2,53.3,40.8,40.6,26.6,23.4,9.4,7.7,77.4,12.1,18.1,72.3,10.0,48.5,-10.0,28.3,4.52,31.0,38.0,73.0,448.0,81.6,61.1,jo adell,multi,Jo Adell,CLE,"LF,CF,RF,DH",121.4,79.0,113.0,115.0,619.0,27.2,3.9177215189873418,0.9435975609756098,64,OF,OF,False,79.0,556.8852459016393,4.003049236131642,62.11475409836066,-0.08532771714430032,15.0,False,False,41,False,94.79680193607362,31.46147900458919,1.8866361826007565,24.855082876736432,83.92554308171046,77.60425385337057,654.329796935081,0.9974539587425016,-35.32979693508105,-0.053856397766891884,473.0,146.0,"{'C': 415, 'SS': 586, '2B': 586, '3B': 569, '1B': 598, 'OF': 519, 'UT': 473}",0.9435975609756098,0.4268292682926829,-0.005352524600111042,38.113207547169814,23.0188679245283,70.56603773584905,15.094339622641513,-32.452830188679236,4.573170731707317,20.121951219512198,30.182926829268293,0.02200000000000002,1.0453752181500873,4,2167,-0.10177765717447751,1.0453752181500873,3,True,-0.10177765717447751,-2.5,-8.5,-0.19999999999998863,0.0,0.0,22.0,0.0,,6.6,2026-03-26,2026-09-12,146.0,148.0,148.0,0.0,607.0,0.986,0.0,0.0,0.15,,established,35.9,5.3,1.125,"656 PA, already has the job · deserved 1.00/PA on contact quality, got 0.94 · avg EV 90.3 (80th pct)",xwOBA 0.325 (68th) · barrels 8.8% (63rd) · EV 90.3 (77th) · hard-hit 44% (80th) · K 24% (41st) · BB 5% (11th) · chase 35% (22nd) · bat speed 77.4 mph (98th) · sprint 28.3 (72nd),"{""n"":20,""b"":0,""c"":[[""Nathaniel Lowe"",2023,28,0.95,0.94,531,0],[""Ryan Mountcastle"",2024,27,0.95,0.85,302,0],[""Heliot Ramos"",2025,26,0.93,0.93,411,0],[""Randy Arozarena"",2024,29,0.98,1.08,767,0],[""Jake Burger"",2024,28,0.96,0.91,344,0]]}",1.0243835579275864,0.981411329398291,-0.01697502965936144,1.0243835579275864,530.0,0.995,543.0,615.0,61,59,FA,established,1.0453752181500873,-0.10177765717447751,True
666181,Will Benson,2026,1998-06-16,OF,L,Cincinnati Reds,51,114,96,18,3,1,3,11,6,16,1,1,1,38,0,11,1,0,0,0,0,0,0,0,41,2,28.0,114.0,33.3,14.0,0.188,0.333,0.31,0.145,0.273,0.189,0.355,0.29,0.3,0.308,0.166,0.368,0.39,-0.001,-0.022,-0.01,91.1,24.9,32.8,12.7,37.9,100.247945926,94.298298333,67.3,22.1,52.7,68.0,36.1,43.4,41.4,31.0,46.6,15.5,6.9,7.7,73.5,8.8,19.9,37.6,14.4,48.6,-5.0,28.8,,5.0,6.0,7.0,58.0,90.6,54.9,will benson,CIN,,,,,,,,86.0,28.0,1.6862745098039216,0.7543859649122807,459,OF,OF,True,339.0,171.72,2.3941801142166454,-85.72,-0.7079056044127239,-120.0,False,False,339,False,9.622849572143405,4.552207575586702,0.5230361323963801,3.4459067198735123,14.209931230741754,12.296699994158326,97.73063122490008,0.857286238814913,-11.73063122490008,-0.10290027390263223,473.0,-387.0,"{'C': 415, 'SS': 586, '2B': 586, '3B': 569, '1B': 598, 'OF': 519, 'UT': 473}",0.7543859649122807,0.24561403508771928,-10.808856351742765,,,,,,5.263157894736842,15.789473684210526,84.21052631578947,0.010000000000000009,,3,1145,,1.2583586626139818,3,False,-0.5039726977017011,6.799999999999997,-2.700000000000001,1.7000000000000028,0.0,0.0,0.0,0.0,,0.0,2026-03-26,2026-06-14,51.0,78.0,78.0,0.0,218.0,0.654,0.0,0.0,0.15,,established,31.4,1.0,0.834,"deserved 0.86/PA on contact quality, got 0.75 · avg EV 91.1 (88th pct) · sprint 28.8 ft/s (85th pct) · bat speed up 1.7 mph",xwOBA 0.300 (40th) · barrels 12.7% (89th) · EV 91.1 (88th) · hard-hit 38% (47th) · K 33% (3rd) · BB 14% (95th) · chase 22% (92nd) · bat speed 73.5 mph (72nd) · sprint 28.8 (84th),"{""n"":20,""b"":1,""c"":[[""Garrett Mitchell"",2025,27,0.83,1.06,561,0],[""Trevor Story"",2023,31,0.87,1.02,108,0],[""Dominic Canzone"",2024,27,0.82,1.08,291,0],[""Yu Chang"",2022,27,0.74,0.89,100,0],[""Jake Rogers"",2024,29,0.89,0.91,129,0]]}",0.9325332699715458,0.9809843400447427,-0.026330886137737278,0.9325332699715458,200.0,1.0,187.0,560.0,412,244,FA,candidate,1.2583586626139818,-0.5039726977017011,False
666182,Bo Bichette,2026,1998-03-05,3B,R,New York Mets,159,691,633,165,25,2,18,76,78,49,2,2,2,126,7,120,10,0,0,0,0,1,112,47,0,6,28.0,691.0,18.2,7.1,0.261,0.392,0.313,0.131,0.296,0.281,0.425,0.31,0.332,0.333,0.143,0.347,0.376,-0.02,-0.033,-0.022,89.6,8.0,37.5,6.4,41.8,100.778102179,94.719911637,67.4,40.8,67.0,90.0,19.5,53.0,26.3,46.5,23.9,27.2,2.3,7.2,69.8,11.1,26.4,14.4,2.7,29.1,-7.0,26.1,4.69,26.0,58.0,81.0,514.0,72.3,64.3,bo bichette,NYM,Bo Bichette,NYM,"3B,SS,DH",84.4,57.0,87.0,88.0,614.0,28.3,3.861635220125786,0.8885672937771346,70,3B/SS,3B/SS,False,57.0,563.0,4.292903702788284,51.0,-0.4312684826624982,-13.0,False,False,41,False,128.8340354359608,27.17829005857545,2.2413135749667252,19.619360930497034,77.93907481489745,78.84963471799479,650.0537095328923,0.9407434291358788,-36.0537095328923,-0.05217613535874421,473.0,141.0,"{'C': 415, 'SS': 586, '2B': 586, '3B': 569, '1B': 598, 'OF': 519, 'UT': 473}",0.8885672937771346,0.4732272069464544,-0.12150750303581928,16.60377358490566,37.35849056603773,68.67924528301886,-20.75471698113207,-52.0754716981132,1.7366136034732271,15.629522431259044,42.54703328509407,0.02200000000000002,1.1898550724637682,6,3643,-0.3012877786866336,1.1898550724637682,5,True,-0.3012877786866336,3.6999999999999993,-1.5,0.7000000000000028,0.0,0.0,95.0,0.0,,34.2,2026-03-26,2026-09-12,146.0,152.0,152.0,0.0,619.0,0.961,0.0,0.0,0.15,,established,31.6,0.6,1.27,"691 PA, already has the job · deserved 0.94/PA on contact quality, got 0.89 · avg EV 89.6 (68th pct)",xwOBA 0.332 (76th) · barrels 6.4% (41st) · EV 89.6 (66th) · hard-hit 42% (66th) · K 18% (76th) · BB 7% (31st) · chase 41% (6th) · bat speed 69.8 mph (22nd) · sprint 26.1 (17th),"{""n"":20,""b"":0,""c"":[[""Jonathan India"",2025,28,0.8,0.84,49,0],[""Ozzie Albies"",2025,28,0.92,0.89,604,0],[""Bryan Reynolds"",2025,30,0.92,1.02,713,0],[""Carlos Correa"",2025,31,0.88,1.01,143,0],[""Alex Verdugo"",2024,28,0.86,0.73,156,0]]}",0.9175158096063525,0.9400136915967825,-0.026330886137737278,0.9175158096063525,520.0,0.973,477.0,551.0,90,291,GLIZZY,established,1.1898550724637682,-0.3012877786866336,True
666211,Taylor Trammell,2026,1997-09-13,OF,L,Houston Astros,98,285,252,49,10,2,8,29,22,28,4,4,3,90,0,29,2,0,1,0,0,0,0,0,104,1,28.0,285.0,31.6,9.8,0.194,0.345,0.285,0.151,0.266,0.188,0.364,0.282,0.285,0.277,0.176,0.358,0.363,0.006,-0.019,-0.003,88.5,15.6,28.2,12.3,38.0,101.38532275,94.747912063,69.7,29.0,35.0,73.0,38.6,48.8,49.7,42.9,30.1,18.4,8.6,7.9,76.5,10.0,15.4,67.6,9.7,52.3,-7.0,27.4,4.28,14.0,22.0,13.0,163.0,78.8,63.4,taylor trammell,HOU,,,,,,,,231.0,28.8,2.357142857142857,0.8105263157894737,307,OF,OF,True,339.0,171.72,2.3941801142166454,59.28,-0.03703725707378824,32.0,False,False,255,False,23.594339701060832,12.726578285081889,1.5398243266537288,9.515257687203551,32.35128618467027,32.799923257166945,248.25520944183722,0.8710709103222358,-17.255209441837223,-0.060544594532762175,473.0,-242.0,"{'C': 415, 'SS': 586, '2B': 586, '3B': 569, '1B': 598, 'OF': 519, 'UT': 473}",0.8105263157894737,0.2807017543859649,-8.608592594836527,,,,,,8.421052631578947,16.842105263157894,58.94736842105263,0.0030000000000000027,0.8105263157894737,1,779,0.0,,0,False,0.4605263157894737,,,,35.0,1.0,134.0,0.0,Left groin strain,94.4,2026-04-10,2026-09-12,90.0,137.0,104.0,33.0,374.0,0.865,15.0,0.0,0.15,,established,33.2,4.0,0.891,"deserved 0.87/PA on contact quality, got 0.81 · 779 career PA, still new · already 29, an age that jumps 4% of the time",xwOBA 0.285 (24th) · barrels 12.3% (85th) · EV 88.5 (48th) · hard-hit 38% (47th) · K 32% (10th) · BB 10% (65th) · chase 29% (59th) · bat speed 76.5 mph (96th) · sprint 27.4 (48th),"{""n"":20,""b"":0,""c"":[[""Zack Short"",2023,28,0.81,0.6,53,0],[""Tom Murphy"",2021,30,0.85,1.02,43,0],[""Rougned Odor"",2021,27,0.81,0.82,386,0],[""Ryan O'Hearn"",2021,28,0.81,0.79,115,0],[""Franchy Cordero"",2022,28,0.89,1.01,72,0]]}",0.9479902790285999,0.8105263157894737,-0.019875156067583864,0.9479902790285999,227.0,0.924,215.0,569.0,350,211,FA,established,,0.4605263157894737,False
666397,Edouard Julien,2026,1999-04-30,2B,L,Colorado Rockies,88,276,236,49,9,1,3,37,20,39,1,5,3,71,0,36,5,0,0,0,12,72,0,0,0,9,27.0,276.0,25.7,14.1,0.208,0.292,0.322,0.084,0.284,0.247,0.401,0.287,0.338,0.356,0.155,0.31,0.396,-0.039,-0.109,-0.051,90.8,7.7,42.4,7.3,49.7,100.290529512,94.870091768,62.8,18.6,48.6,84.4,23.7,40.9,37.0,50.3,20.0,27.3,2.4,7.0,71.5,11.5,27.9,15.2,11.6,38.7,-3.0,26.7,4.55,9.0,19.0,21.0,165.0,77.6,57.2,edouard julien,COL,,,,,,,,225.0,27.2,2.5568181818181817,0.8152173913043478,315,1B/2B,2B,True,339.0,171.72,2.3941801142166454,53.28,0.1626380676015362,24.0,False,False,258,False,37.644699795620134,12.119011888355551,1.123876836428501,7.404411479595817,33.261455181379226,31.028021619327134,267.45347680070637,0.9690343362344433,-42.45347680070637,-0.15381694493009557,473.0,-248.0,"{'C': 415, 'SS': 586, '2B': 586, '3B': 569, '1B': 598, 'OF': 519, 'UT': 473}",0.8152173913043478,0.358695652173913,-8.383415754664155,,,,,,10.869565217391305,6.521739130434782,84.78260869565217,0.051000000000000045,1.0147058823529411,4,1193,-0.19948849104859334,1.0147058823529411,3,False,-0.19948849104859334,-3.6000000000000014,-4.8999999999999995,1.2999999999999972,0.0,0.0,0.0,0.0,,0.0,2026-03-27,2026-08-07,88.0,124.0,124.0,0.0,332.0,0.71,0.0,0.0,0.15,,established,32.6,2.1,1.095,"deserved 0.97/PA on contact quality, got 0.82 · avg EV 90.8 (86th pct) · 27 years old, an age that jumps 3% of the time · bat speed up 1.3 mph",xwOBA 0.338 (82nd) · barrels 7.3% (50th) · EV 90.8 (85th) · hard-hit 50% (94th) · K 26% (31st) · BB 14% (96th) · chase 19% (99th) · bat speed 71.5 mph (42nd) · sprint 26.7 (28th),"{""n"":20,""b"":0,""c"":[[""Brandon Lowe"",2022,28,0.85,1.03,449,0],[""Sam Hilliard"",2022,28,0.81,1.12,87,0],[""Jack Suwinski"",2024,26,0.84,0.76,135,0],[""MJ Melendez"",2024,26,0.86,0.49,32,0],[""Emmanuel Rivera"",2024,28,0.79,0.71,90,0]]}",0.9117280909849009,0.7831398900427612,-0.01697502965936144,0.9117280909849009,224.0,1.0,204.0,547.0,372,308,FA,candidate,1.0147058823529411,-0.19948849104859334,False
666624,Christopher Morel,2026,1999-06-24,1B,R,multi,36,105,98,17,4,0,1,6,6,6,1,1,0,35,0,12,1,0,1,0,20,0,1,0,2,12,27.0,105.0,33.3,5.7,0.173,0.245,0.229,0.072,0.258,0.173,0.234,0.216,0.211,0.228,0.062,0.282,0.273,0.0,0.011,0.005,87.2,16.7,25.4,3.2,38.1,99.574998438,93.995871746,64.9,34.7,53.6,71.3,35.1,49.4,57.1,46.0,22.2,19.0,12.7,8.0,76.3,9.4,18.8,62.4,12.7,74.0,-9.0,27.7,4.49,2.0,6.0,9.0,63.0,68.0,63.8,christopher morel,multi,Christopher Morel,NYM,"1B,LF,DH",811.0,317.0,1149.0,473.0,64.0,27.0,1.7777777777777777,0.6095238095238096,490,1B/OF,1B,False,317.0,171.72,2.3941801142166454,-107.72,-0.6164023364388678,-173.0,False,False,339,True,13.574187991630193,1.9609333448826092,0.14156933534419505,1.277309328143,9.493950602835202,8.819893994808815,69.297844597644,0.6599794723585143,-5.297844597644001,-0.050455662834704706,473.0,-409.0,"{'C': 415, 'SS': 586, '2B': 586, '3B': 569, '1B': 598, 'OF': 519, 'UT': 473}",0.6095238095238096,0.0761904761904762,-11.463273277274517,,,,,,5.714285714285714,5.714285714285714,34.285714285714285,-0.0050000000000000044,,4,1875,,1.1235431235431235,4,False,-0.5140193140193139,-2.4000000000000057,-11.600000000000001,0.29999999999999716,30.0,1.0,30.0,0.0,,30.0,2026-04-28,2026-09-11,33.0,61.0,61.0,0.0,237.0,0.541,32.0,1.0,0.15,,established,40.2,0.3,0.69,"deserved 0.66/PA on contact quality, got 0.61 · 27 years old, an age that jumps 3% of the time · sprint 27.7 ft/s (56th pct)",xwOBA 0.211 (0th) · barrels 3.2% (13th) · EV 87.2 (27th) · hard-hit 38% (48th) · K 33% (3rd) · BB 6% (18th) · chase 35% (25th) · bat speed 76.3 mph (95th) · sprint 27.7 (55th),"{""n"":20,""b"":0,""c"":[[""Ryan Noda"",2024,28,0.52,0.58,34,0],[""Jared Walsh"",2023,30,0.64,0.83,50,0],[""Lane Thomas"",2025,30,0.75,0.96,358,0],[""Jonah Bride"",2025,30,0.51,0.5,3,0],[""James Outman"",2024,27,0.69,0.72,107,0]]}",0.9336714856955102,0.8746928746928747,-0.01697502965936144,0.9336714856955102,211.0,0.976,197.0,560.0,391,244,FA,candidate,1.1235431235431235,-0.5140193140193139,False
666969,Adolis García,2026,1993-03-02,OF,R,Philadelphia Phillies,67,259,231,45,8,1,7,21,21,21,4,3,0,84,3,29,4,0,4,0,0,0,0,0,67,0,33.0,259.0,32.4,8.1,0.195,0.329,0.27,0.134,0.266,0.22,0.362,0.268,0.294,0.296,0.142,0.346,0.39,-0.025,-0.033,-0.026,92.1,14.6,38.0,9.3,48.0,101.568957067,95.459607133,63.5,29.8,41.6,78.3,34.6,45.4,36.0,39.3,23.3,28.7,8.7,7.7,71.7,10.4,24.7,25.6,9.7,58.6,-12.0,26.5,4.5,8.0,15.0,22.0,150.0,74.1,54.8,adolis garcia,PHI,Adolis Garcia,PHI,RF,218.6,130.0,218.0,184.0,201.0,33.3,3.0,0.7760617760617761,339,OF,OF,False,130.0,446.0,3.705765225084571,-245.0,-0.705765225084571,-209.0,False,False,279,True,33.30858734164016,9.415058819586218,0.9021203359070941,7.194233502866532,27.77530437053308,28.439076073472975,228.65638044400606,0.8828431677374752,-27.65638044400606,-0.10678139167569911,473.0,-272.0,"{'C': 415, 'SS': 586, '2B': 586, '3B': 569, '1B': 598, 'OF': 519, 'UT': 473}",0.7760617760617761,0.22393822393822393,-9.266291585592283,,,,,,6.949806949806949,16.216216216216218,48.64864864864865,0.025999999999999968,1.1819620253164558,6,3354,-0.4059002492546797,1.1819620253164558,5,True,-0.4059002492546797,7.699999999999999,-2.299999999999999,-0.3999999999999915,107.0,1.0,126.0,1.0,Right latissimus dorsi tear,118.4,2026-03-26,2026-06-10,67.0,75.0,69.0,6.0,559.0,0.971,0.0,0.0,0.15,,established,31.4,0.2,1.262,"deserved 0.88/PA on contact quality, got 0.78 · avg EV 92.1 (93rd pct) · sprint 26.5 ft/s (25th pct)",xwOBA 0.294 (33rd) · barrels 9.3% (67th) · EV 92.1 (93rd) · hard-hit 48% (89th) · K 32% (6th) · BB 8% (44th) · chase 30% (53rd) · bat speed 71.7 mph (46th) · sprint 26.5 (25th),"{""n"":20,""b"":0,""c"":[[""Joc Pederson"",2025,33,0.76,1.01,438,0],[""Randal Grichuk"",2025,34,0.86,1.14,317,0],[""Jorge Soler"",2025,33,0.85,0.86,310,0],[""Javier B\u00e1ez"",2024,32,0.76,0.94,412,0],[""Jorge Polanco"",2024,31,0.81,1.07,563,0]]}",0.8650341555427699,0.9000385455479892,-0.04373459214881747,0.8650341555427699,295.0,0.86,255.0,519.0,288,402,FA,established,1.1819620253164558,-0.4059002492546797,True
666971,Lourdes Gurriel Jr.,2026,1993-10-10,OF,R,Arizona Diamondbacks,51,201,186,39,9,0,2,13,22,10,2,1,0,38,3,28,0,0,3,0,0,0,0,0,38,13,32.0,201.0,18.9,5.0,0.21,0.29,0.254,0.08,0.248,0.234,0.312,0.243,0.273,0.284,0.078,0.267,0.308,-0.024,-0.022,-0.03,87.3,14.9,31.8,4.6,33.8,97.317038289,92.728770066,68.0,40.5,58.9,88.2,24.2,52.8,39.1,42.4,21.9,23.8,11.9,7.5,70.8,7.3,27.1,10.9,10.6,50.4,-13.0,26.1,4.63,7.0,14.0,18.0,151.0,63.3,64.2,lourdes gurriel,ARI,Lourdes Gurriel Jr.,ARI,"LF,DH",439.5,258.0,452.0,427.0,149.0,32.7,2.9215686274509802,0.7412935323383084,389,OF,OF,False,258.0,220.25,2.893939393939394,-71.25,0.027629233511586193,-131.0,False,False,339,False,35.200887236593296,5.076862616949488,0.30761305632114294,2.938637090136075,18.878482006107987,19.048090149647518,160.4825721557555,0.7984207569938084,-11.482572155755491,-0.05712722465550002,473.0,-324.0,"{'C': 415, 'SS': 586, '2B': 586, '3B': 569, '1B': 598, 'OF': 519, 'UT': 473}",0.7412935323383084,0.30845771144278605,-10.04190373665399,,,,,,2.9850746268656714,5.970149253731343,29.850746268656717,0.030000000000000027,1.0609981515711646,6,2926,-0.3197046192328562,1.0609981515711646,5,True,-0.3197046192328562,4.999999999999998,-2.6000000000000005,0.20000000000000284,92.0,3.0,136.0,0.0,Left hamstring strain; Right adductor strain,113.0,2026-04-18,2026-09-11,51.0,130.0,64.0,66.0,468.0,0.797,23.0,1.0,0.15,,established,27.0,0.1,1.141,"deserved 0.80/PA on contact quality, got 0.74 · avg EV 87.3 (30th pct) · sprint 26.1 ft/s (18th pct)",xwOBA 0.273 (16th) · barrels 4.6% (25th) · EV 87.3 (29th) · hard-hit 34% (27th) · K 19% (72nd) · BB 5% (11th) · chase 40% (6th) · bat speed 70.8 mph (32nd) · sprint 26.1 (17th),"{""n"":20,""b"":0,""c"":[[""Adam Frazier"",2024,32,0.78,0.9,411,0],[""Javier B\u00e1ez"",2024,32,0.76,0.94,412,0],[""Josh Rojas"",2025,31,0.63,0.78,89,0],[""Orlando Arcia"",2025,31,0.6,0.8,40,0],[""Kyle Farmer"",2025,35,0.79,0.82,14,0]]}",0.880847920906197,0.9290136789056876,-0.04373459214881747,0.880847920906197,240.0,0.91,211.0,529.0,358,373,FA,established,1.0609981515711646,-0.3197046192328562,True
667472,Dane Myers,2026,1996-03-08,OF,R,Cincinnati Reds,117,334,292,75,11,0,8,39,27,37,3,10,0,82,2,56,2,0,1,0,0,0,0,0,106,5,30.0,334.0,24.6,11.1,0.257,0.377,0.344,0.12,0.328,0.236,0.356,0.324,0.309,0.33,0.119,0.378,0.356,0.021,0.021,0.015,89.2,13.5,33.5,4.9,36.3,98.774903,93.702558844,62.5,25.2,69.1,82.5,21.6,43.2,25.9,45.3,24.5,23.6,6.6,7.2,71.2,9.1,24.3,18.4,7.8,50.1,7.0,28.0,4.43,11.0,33.0,31.0,212.0,65.5,58.4,dane myers,CIN,,,,,,,,321.0,30.3,2.7435897435897436,0.9610778443113772,239,OF,OF,True,339.0,171.72,2.3941801142166454,149.28,0.34940962937309816,100.0,False,False,237,False,50.085830764315425,10.56452914452141,0.6014494180108898,7.660190673152269,39.86756436722897,33.216840106418815,315.6564044736478,0.9450790553103228,5.343595526352203,0.015998789001054448,473.0,-152.0,"{'C': 415, 'SS': 586, '2B': 586, '3B': 569, '1B': 598, 'OF': 519, 'UT': 473}",0.9610778443113772,0.4221556886227545,-5.913837712958955,45.660377358490564,21.132075471698116,13.20754716981132,24.52830188679245,32.45283018867924,17.964071856287426,14.371257485029941,66.46706586826348,-0.015000000000000013,0.9669669669669669,2,845,-0.005889122655589718,0.9669669669669669,1,False,-0.005889122655589718,1.5,-2.8999999999999995,0.29999999999999716,17.0,1.0,127.0,0.0,Left shoulder contusion,61.1,2026-03-26,2026-09-12,108.0,151.0,138.0,13.0,326.0,0.783,0.0,0.0,0.15,,established,29.7,2.4,1.047,"0.96/PA is his best rate yet, so the bar is one step up · sprint 28.0 ft/s (65th pct) · avg EV 89.2 (61st pct)",xwOBA 0.309 (51st) · barrels 4.9% (27th) · EV 89.2 (58th) · hard-hit 36% (38th) · K 25% (36th) · BB 11% (80th) · chase 25% (81st) · bat speed 71.2 mph (37th) · sprint 28.0 (63rd),"{""n"":20,""b"":1,""c"":[[""Ben Gamel"",2022,30,0.9,0.6,9,0],[""Jace Peterson"",2021,31,0.97,0.99,325,0],[""Alex Call"",2025,31,0.94,0.84,162,0],[""Eric Haase"",2022,30,1.01,0.75,221,0],[""Jonathan Villar"",2021,30,0.96,0.78,171,0]]}",0.906650470246108,0.9632821281378795,-0.035928731828200076,0.906650470246108,252.0,0.951,228.0,544.0,335,322,FA,established,0.9669669669669669,-0.005889122655589718,False
667670,Brent Rooker,2026,1994-11-01,DH,R,Athletics,48,203,180,36,4,0,10,20,29,19,2,2,0,65,2,22,0,0,0,0,0,0,0,0,4,42,31.0,202.0,31.7,9.4,0.201,0.391,0.282,0.19,0.243,0.208,0.438,0.294,0.312,0.281,0.23,0.386,0.424,-0.007,-0.047,-0.018,89.9,19.7,34.2,15.5,41.9,101.773379828,95.03524069,71.1,31.0,35.5,74.7,38.4,49.7,39.3,34.2,41.0,20.5,4.3,7.1,74.0,12.1,18.5,41.1,13.3,45.7,-5.0,27.6,4.57,12.0,14.0,10.0,117.0,78.2,62.7,brent rooker,ATH,Brent Rooker,ATH,"LF,RF,DH",41.4,31.0,42.0,39.0,182.0,31.7,3.7916666666666665,0.896551724137931,355,OF,UT,False,31.0,646.0,4.485508577873414,-464.0,-0.6938419112067478,-324.0,False,False,283,True,16.72042970887346,10.017740674849486,0.7232295236806482,9.978600092596405,25.21497623580346,26.566195934982147,195.0611721707856,0.9608924737477123,-13.061172170785596,-0.0643407496097812,473.0,-291.0,"{'C': 415, 'SS': 586, '2B': 586, '3B': 569, '1B': 598, 'OF': 519, 'UT': 473}",0.896551724137931,0.3694581280788177,-8.316126082520004,,,,,,5.911330049261084,29.55665024630542,56.15763546798029,0.018000000000000016,1.234527687296417,5,2291,-0.337975963158486,1.234527687296417,4,True,-0.337975963158486,9.5,1.8000000000000007,0.5,123.0,2.0,131.0,0.0,Oblique strain,125.4,2026-03-27,2026-06-08,48.0,72.0,52.0,20.0,582.0,0.923,0.0,0.0,0.15,,established,34.0,0.6,1.315,"deserved 0.96/PA on contact quality, got 0.90 · avg EV 89.9 (74th pct) · already 32, an age that jumps 3% of the time",xwOBA 0.312 (56th) · barrels 15.5% (97th) · EV 89.9 (72nd) · hard-hit 42% (66th) · K 32% (9th) · BB 9% (58th) · chase 31% (47th) · bat speed 74.0 mph (78th) · sprint 27.6 (52nd),"{""n"":20,""b"":0,""c"":[[""Luke Raley"",2025,31,0.79,0.93,267,0],[""Mitch Haniger"",2023,32,0.86,0.8,337,0],[""Randal Grichuk"",2025,34,0.86,1.14,317,0],[""Javier B\u00e1ez"",2024,32,0.76,0.94,412,0],[""Jorge Soler"",2025,33,0.85,0.86,310,0]]}",0.9429029443410271,1.0550458715596331,-0.04944745880435125,0.9429029443410271,403.0,0.9,380.0,566.0,166,225,GLIZZY,established,1.234527687296417,-0.337975963158486,True
668227,Randy Arozarena,2026,1995-02-28,OF,R,Seattle Mariners,153,666,569,160,33,2,26,112,77,68,25,26,8,144,4,99,2,0,4,0,0,0,0,0,148,5,31.0,666.0,21.6,10.2,0.281,0.483,0.38,0.202,0.333,0.258,0.419,0.378,0.348,0.362,0.162,0.434,0.389,0.023,0.064,0.03,90.9,10.0,35.9,8.2,43.5,100.59672528,94.761460818,63.2,30.5,68.0,76.6,26.4,45.8,35.9,48.5,23.8,23.3,4.4,7.2,70.9,11.2,26.3,22.3,7.9,58.8,36.0,27.1,4.41,33.0,59.0,67.0,429.0,76.4,61.1,randy arozarena,SEA,Randy Arozarena,SEA,"LF,CF",83.0,55.0,83.0,50.0,801.0,31.3,5.235294117647059,1.2027027027027026,4,OF,OF,False,55.0,563.0,4.292903702788284,238.0,0.9423904148587745,51.0,True,False,1,False,97.5162560297388,26.891742846008537,1.8957462187665404,20.498254905486128,84.20837029764569,75.76515987969562,722.7555301773414,1.0852185137797918,78.24446982265863,0.11748418892291079,473.0,328.0,"{'C': 415, 'SS': 586, '2B': 586, '3B': 569, '1B': 598, 'OF': 519, 'UT': 473}",1.2027027027027026,0.6216216216216216,6.137027831879479,96.98113207547169,91.32075471698113,97.35849056603773,5.660377358490564,-0.37735849056603854,23.423423423423426,23.423423423423426,61.26126126126126,-0.030000000000000027,1.2027027027027026,6,3926,0.0,1.1423841059602649,5,True,0.06031859674243778,-5.299999999999997,-3.3000000000000007,-1.3999999999999915,7.0,1.0,7.0,0.0,,7.0,2026-03-26,2026-09-12,141.0,149.0,142.0,7.0,642.0,0.993,0.0,0.0,0.15,,established,32.8,0.5,1.283,"666 PA, already has the job · 1.20/PA is his best rate yet, so the bar is one step up · avg EV 90.9 (87th pct)",xwOBA 0.348 (90th) · barrels 8.2% (58th) · EV 90.9 (86th) · hard-hit 44% (75th) · K 22% (56th) · BB 10% (68th) · chase 30% (49th) · bat speed 70.9 mph (33rd) · sprint 27.1 (39th),"{""n"":20,""b"":0,""c"":[[""Francisco Lindor"",2025,32,1.14,0.91,421,0],[""Brandon Nimmo"",2025,32,1.06,0.92,598,0],[""Trea Turner"",2025,32,1.19,0.93,648,0],[""Jos\u00e9 Ram\u00edrez"",2025,33,1.26,1.05,570,0],[""Manny Machado"",2024,32,1.08,1.06,722,0]]}",1.0203162357938587,1.1285580961269248,-0.03556545422470473,1.0203162357938587,647.0,0.994,660.0,612.0,22,73,GLIZZY,established,1.1423841059602649,0.06031859674243778,True
668670,Jake Rogers,2026,1995-04-18,C,R,multi,60,171,143,23,4,1,4,17,14,23,1,1,0,51,3,14,0,11,0,57,0,0,0,0,0,0,31.0,171.0,29.8,13.5,0.161,0.287,0.276,0.126,0.209,0.171,0.296,0.259,0.267,0.286,0.124,0.288,0.301,-0.01,-0.009,-0.008,88.0,21.7,30.2,9.4,36.5,97.758656809,92.974029574,60.5,25.6,54.3,81.9,26.8,42.3,44.8,37.5,35.4,17.7,9.4,7.6,70.6,7.1,24.4,4.7,16.4,64.5,-6.0,26.4,4.71,7.0,5.0,11.0,96.0,72.9,61.4,jake rogers,multi,Jake Rogers,CWS,C,748.5,302.0,1000.0,,144.0,31.2,2.4,0.8421052631578947,398,C,C,False,302.0,171.72,2.3941801142166454,-27.72,0.0058198857833544615,-96.0,False,False,339,False,14.998299254543072,5.037725598095149,0.5566510401804952,3.8603241071812864,17.081826655789193,17.480569039331023,150.20039569512022,0.8783648871059662,-6.200395695120221,-0.03625962394807147,415.0,-271.0,"{'C': 415, 'SS': 586, '2B': 586, '3B': 569, '1B': 598, 'OF': 519, 'UT': 473}",0.8421052631578947,0.2631578947368421,-10.407393628928865,,,,,,3.508771929824561,14.035087719298245,80.7017543859649,0.008000000000000007,,2,1142,,,2,False,0.4921052631578947,,,,0.0,0.0,42.0,0.0,,25.2,2026-03-28,2026-09-12,56.0,139.0,139.0,0.0,177.0,0.403,2.0,0.0,0.15,,established,26.8,0.8,0.922,"deserved 0.88/PA on contact quality, got 0.84 · avg EV 88.0 (42nd pct) · 1,142 career PA, a known quantity",xwOBA 0.267 (11th) · barrels 9.4% (67th) · EV 88.0 (40th) · hard-hit 36% (39th) · K 30% (14th) · BB 14% (94th) · chase 26% (79th) · bat speed 70.6 mph (29th) · sprint 26.4 (22nd),"{""n"":20,""b"":0,""c"":[[""Jake Cave"",2023,31,0.84,0.96,331,0],[""Travis Shaw"",2021,31,0.82,0.0,0,0],[""Brian Anderson"",2023,30,0.87,0.0,0,0],[""Tom Murphy"",2021,30,0.85,1.02,43,0],[""Jake Marisnick"",2022,31,0.91,0.95,79,0]]}",0.9289066778931699,0.8599779492833516,-0.03556545422470473,0.9289066778931699,200.0,0.98,186.0,557.0,415,258,FA,established,,0.4921052631578947,False
668709,JJ Bleday,2026,1997-11-10,OF,L,Cincinnati Reds,132,541,462,99,16,2,24,61,58,72,3,6,5,120,3,57,1,0,6,0,0,0,0,0,138,7,28.0,541.0,22.2,13.3,0.214,0.413,0.322,0.199,0.234,0.239,0.42,0.325,0.339,0.344,0.182,0.358,0.38,-0.025,-0.007,-0.014,88.4,23.2,39.1,9.6,40.1,99.817016959,94.083242258,69.9,23.0,47.6,82.0,26.5,46.2,46.7,28.7,33.6,27.2,10.7,7.3,73.6,10.3,22.5,32.1,14.1,54.0,10.0,27.5,4.42,28.0,22.0,49.0,345.0,76.9,62.6,jj bleday,CIN,,,,,,,,513.0,28.6,3.8863636363636362,0.9482439926062847,123,OF,OF,True,339.0,171.72,2.3941801142166454,341.28,1.4921835221469908,216.0,True,False,120,False,68.85699027298399,19.31499922704279,1.969030726962431,20.276979773010783,68.72836357679998,63.852977950858815,541.5013415276587,1.000926694136153,-28.501341527658724,-0.052682701529868314,473.0,40.0,"{'C': 415, 'SS': 586, '2B': 586, '3B': 569, '1B': 598, 'OF': 519, 'UT': 473}",0.9482439926062847,0.4953789279112754,-2.8443051558619024,39.62264150943396,48.301886792452834,44.905660377358494,-8.679245283018872,-5.2830188679245325,6.654343807763401,26.617375231053604,79.85212569316081,0.014000000000000012,0.9485981308411215,5,2068,-0.000354138234836876,0.9485981308411215,4,True,-0.000354138234836876,-4.300000000000001,1.7999999999999998,2.0,0.0,0.0,0.0,0.0,,0.0,2026-04-26,2026-09-12,120.0,124.0,124.0,0.0,598.0,0.968,31.0,1.0,0.15,,established,41.9,8.6,1.029,"541 PA, already has the job · deserved 1.00/PA on contact quality, got 0.95 · 0.95/PA is his best rate yet, so the bar is one step up · bat speed up 2.0 mph",xwOBA 0.339 (83rd) · barrels 9.6% (69th) · EV 88.4 (47th) · hard-hit 40% (58th) · K 22% (52nd) · BB 13% (93rd) · chase 23% (89th) · bat speed 73.6 mph (74th) · sprint 27.5 (49th),"{""n"":20,""b"":2,""c"":[[""Gavin Sheets"",2025,29,0.96,0.9,377,0],[""Jake Cronenworth"",2024,30,0.91,0.9,464,0],[""Jes\u00fas S\u00e1nchez"",2025,28,0.96,0.86,271,0],[""Jonathan India"",2024,28,0.96,0.8,452,0],[""Bryson Stott"",2025,28,1.03,1.02,618,0]]}",0.9684803128009454,0.9424468085106382,-0.019875156067583864,0.9684803128009454,398.0,1.0,385.0,581.0,159,159,THALER,established,0.9485981308411215,-0.000354138234836876,True
668715,Spencer Steer,2026,1997-12-07,1B,R,Cincinnati Reds,98,384,340,81,14,0,16,54,40,35,6,3,0,86,2,51,4,0,2,0,48,16,2,0,59,1,28.0,384.0,22.4,9.1,0.238,0.421,0.319,0.183,0.271,0.246,0.452,0.326,0.342,0.33,0.206,0.375,0.402,-0.008,-0.031,-0.016,89.7,16.9,35.5,12.4,39.1,99.548552583,94.118224167,65.3,26.2,50.5,84.9,25.3,45.3,47.3,43.0,29.7,19.1,8.2,7.4,71.2,11.6,26.2,8.3,13.4,59.0,2.0,28.5,4.44,21.0,27.0,33.0,256.0,70.1,64.8,spencer steer,CIN,Spencer Steer,CIN,"1B,2B,LF,RF",271.4,166.0,263.0,302.0,368.0,28.6,3.7551020408163267,0.9583333333333334,212,1B/2B/OF,1B/OF,False,166.0,422.61764705882354,3.4210526315789473,-54.617647058823536,0.33404940923737936,-46.0,False,False,204,False,47.56293970471297,18.609863416537696,0.9714540527857296,16.49574282596361,51.74710398065626,47.20945037332339,386.2765543539797,1.0059285269634888,-18.27655435397969,-0.04759519363015541,473.0,-105.0,"{'C': 415, 'SS': 586, '2B': 586, '3B': 569, '1B': 598, 'OF': 519, 'UT': 473}",0.9583333333333334,0.4921875,-4.484496324249396,44.716981132075475,47.54716981132076,28.30188679245283,-2.830188679245282,16.415094339622645,4.6875,25.0,54.6875,0.016000000000000014,1.0586466165413533,4,2381,-0.10031328320801991,1.0586466165413533,3,True,-0.10031328320801991,-0.3000000000000007,4.800000000000001,0.29999999999999716,62.0,1.0,62.0,0.0,Right wrist sprain,62.0,2026-03-26,2026-07-26,98.0,114.0,106.0,8.0,540.0,0.925,0.0,0.0,0.15,,established,31.9,1.0,1.139,"deserved 1.01/PA on contact quality, got 0.96 · sprint 28.5 ft/s (79th pct) · avg EV 89.7 (71st pct) · barrel rate up 4.8 pts on last year",xwOBA 0.342 (85th) · barrels 12.4% (86th) · EV 89.7 (68th) · hard-hit 39% (53rd) · K 22% (52nd) · BB 9% (55th) · chase 26% (76th) · bat speed 71.2 mph (37th) · sprint 28.5 (78th),"{""n"":20,""b"":0,""c"":[[""Jake Burger"",2025,29,0.91,0.96,589,0],[""Jorge Polanco"",2023,30,1.0,0.81,380,0],[""Brandon Lowe"",2024,30,1.04,1.04,575,0],[""Dansby Swanson"",2023,29,0.97,1.0,593,0],[""Ryan Mountcastle"",2025,28,0.85,0.73,11,0]]}",0.9652201765517588,0.9764539930555556,-0.019875156067583864,0.9652201765517588,391.0,0.95,377.0,579.0,170,166,CJF,established,1.0586466165413533,-0.10031328320801991,True
668723,Ryan Vilade,2026,1999-02-18,OF,R,Tampa Bay Rays,95,276,243,60,8,2,11,28,43,26,3,3,1,65,3,39,3,0,2,0,24,12,2,0,53,2,27.0,276.0,23.6,9.4,0.247,0.432,0.324,0.185,0.288,0.253,0.424,0.329,0.329,0.328,0.171,0.39,0.39,-0.006,0.008,0.0,89.3,16.7,29.7,7.2,40.3,101.56719618,94.999955955,70.8,27.3,59.2,83.1,23.7,48.7,35.2,41.2,29.1,19.8,9.9,7.5,76.5,11.8,18.0,65.5,4.3,38.6,5.0,28.5,4.47,16.0,21.0,23.0,182.0,77.1,59.6,ryan vilade,TB,,,,,,,,275.0,27.4,2.8947368421052633,0.9963768115942029,274,1B/2B/OF,1B/OF,True,339.0,171.72,2.3941801142166454,103.28,0.5005567278886178,65.0,False,False,250,False,40.16044795608769,10.522471334095188,1.35771346354656,9.438367246270566,35.79354602190321,31.400362641122374,270.70490866302555,0.9808148864602375,4.295091336974451,0.01556192513396537,473.0,-198.0,"{'C': 415, 'SS': 586, '2B': 586, '3B': 569, '1B': 598, 'OF': 519, 'UT': 473}",0.9963768115942029,0.5072463768115942,-6.204440095294029,,,,,,6.521739130434782,23.913043478260867,56.52173913043478,0.0,0.9963768115942029,1,347,0.0,,0,False,0.6463768115942029,,,,0.0,0.0,0.0,0.0,,0.0,2026-03-26,2026-09-12,85.0,150.0,150.0,0.0,239.0,0.567,0.0,0.0,0.15,,established,35.6,8.3,1.076,"347 career PA, still new · sprint 28.5 ft/s (79th pct) · avg EV 89.3 (63rd pct)",xwOBA 0.329 (74th) · barrels 7.2% (49th) · EV 89.3 (61st) · hard-hit 40% (58th) · K 24% (44th) · BB 9% (58th) · chase 27% (70th) · bat speed 76.5 mph (96th) · sprint 28.5 (78th),"{""n"":20,""b"":0,""c"":[[""Taylor Ward"",2021,28,1.01,1.06,597,0],[""Victor Reyes"",2021,27,0.98,0.83,280,0],[""Ram\u00f3n Ur\u00edas"",2021,27,0.94,0.89,397,0],[""Danny Jansen"",2021,26,1.05,1.17,291,0],[""Lane Thomas"",2021,26,1.03,0.95,518,0]]}",0.9857748122240476,0.9963768115942029,-0.01697502965936144,0.9857748122240476,234.0,1.0,231.0,591.0,328,118,FA,candidate,,0.6463768115942029,False
668804,Bryan Reynolds,2026,1995-01-27,OF,S,Pittsburgh Pirates,161,697,594,155,40,3,17,102,72,88,11,9,0,161,3,95,2,0,4,0,0,0,0,0,151,31,31.0,697.0,23.1,12.6,0.261,0.424,0.365,0.163,0.329,0.255,0.444,0.349,0.355,0.359,0.189,0.401,0.409,0.006,-0.02,-0.006,90.8,8.3,38.5,11.2,47.9,101.857125046,95.370003739,70.3,24.7,40.1,83.7,28.2,46.7,38.8,45.9,26.8,24.3,3.0,7.0,72.8,12.9,24.7,29.9,10.9,46.5,20.0,28.2,4.4,36.0,54.0,64.0,436.0,81.8,63.7,bryan reynolds,PIT,Bryan Reynolds,PIT,"LF,CF,RF,DH",178.6,106.0,194.0,150.0,713.0,31.4,4.428571428571429,1.0229555236728838,25,OF,OF,False,106.0,556.8852459016393,4.003049236131642,156.11475409836066,0.42552219243978673,81.0,True,True,1,False,85.77818020624136,40.80023862953033,3.208982122215271,21.682599042013045,94.10523383872736,82.31136595828956,723.622599797017,1.0381959824921334,-10.62259979701696,-0.015240458819249625,473.0,240.0,"{'C': 415, 'SS': 586, '2B': 586, '3B': 569, '1B': 598, 'OF': 519, 'UT': 473}",1.0229555236728838,0.5193687230989957,1.704900189101727,64.90566037735849,58.490566037735846,83.77358490566039,6.415094339622641,-18.8679245283019,7.747489239598279,14.634146341463415,75.7532281205165,0.006000000000000005,1.1578947368421053,6,3943,-0.13493921316922153,1.1578947368421053,5,True,-0.13493921316922153,-3.3999999999999986,1.0999999999999996,0.5999999999999943,0.0,0.0,0.0,0.0,,0.0,2026-03-26,2026-09-12,149.0,152.0,152.0,0.0,636.0,0.98,0.0,0.0,0.15,,established,34.9,1.4,1.238,"697 PA, already has the job · avg EV 90.8 (86th pct) · sprint 28.2 ft/s (71st pct)",xwOBA 0.355 (92nd) · barrels 11.2% (80th) · EV 90.8 (85th) · hard-hit 48% (89th) · K 23% (48th) · BB 13% (90th) · chase 25% (84th) · bat speed 72.8 mph (63rd) · sprint 28.2 (70th),"{""n"":20,""b"":0,""c"":[[""Ian Happ"",2025,31,0.99,0.98,618,0],[""Dansby Swanson"",2025,31,1.01,1.05,507,0],[""Randy Arozarena"",2025,30,1.08,1.2,801,0],[""Matt Olson"",2025,31,1.05,1.05,734,0],[""Manny Machado"",2025,33,1.06,0.93,627,0]]}",1.0053350009272772,0.9954510408635312,-0.03556545422470473,1.0053350009272772,581.0,1.0,584.0,603.0,46,93,MMM,established,1.1578947368421053,-0.13493921316922153,True
668885,Austin Martin,2026,1999-03-23,OF,R,Minnesota Twins,117,354,299,69,17,0,3,42,24,44,8,12,7,67,3,49,1,0,5,0,0,0,0,0,120,0,27.0,354.0,18.9,12.4,0.231,0.318,0.342,0.087,0.284,0.232,0.316,0.305,0.304,0.344,0.084,0.303,0.302,-0.001,0.002,0.001,86.8,12.2,34.5,3.0,28.5,96.41045287,92.270358957,62.7,18.1,53.2,88.1,19.9,40.2,40.0,47.7,22.6,23.8,6.0,6.7,69.1,7.5,32.9,4.0,10.8,51.6,-4.0,27.8,4.49,8.0,30.0,31.0,235.0,78.8,57.6,austin martin,MIN,,,,,,,,327.0,27.3,2.7948717948717947,0.923728813559322,233,OF,OF,True,339.0,171.72,2.3941801142166454,155.28,0.40069168065514926,106.0,False,False,237,False,54.283011890440775,9.832534251068429,0.47389582654083245,4.778558031949969,40.68036856535161,31.69533017267299,333.2276987380246,0.9413211828757758,-6.227698738024628,-0.017592369316453804,473.0,-146.0,"{'C': 415, 'SS': 586, '2B': 586, '3B': 569, '1B': 598, 'OF': 519, 'UT': 473}",0.923728813559322,0.423728813559322,-6.875856831301549,29.056603773584904,21.88679245283019,6.415094339622642,7.1698113207547145,22.641509433962263,20.338983050847457,5.084745762711864,74.57627118644068,-0.0010000000000000009,0.9416342412451362,2,792,-0.017905427685814157,,1,False,0.573728813559322,1.7999999999999972,-2.5,0.8999999999999915,24.0,1.0,37.0,0.0,Left hamstring strain,27.9,2026-03-26,2026-09-12,112.0,148.0,127.0,21.0,401.0,0.882,0.0,0.0,0.15,,established,26.9,1.9,1.022,"deserved 0.94/PA on contact quality, got 0.92 · 0.92/PA is his best rate yet, so the bar is one step up · 27 years old, an age that jumps 3% of the time · bat speed up 0.9 mph",xwOBA 0.304 (47th) · barrels 3.0% (12th) · EV 86.8 (21st) · hard-hit 28% (12th) · K 19% (72nd) · BB 12% (89th) · chase 18% (99th) · bat speed 69.1 mph (15th) · sprint 27.8 (57th),"{""n"":20,""b"":0,""c"":[[""Owen Miller"",2023,27,0.94,0.59,16,0],[""Richie Palacios"",2024,27,0.98,1.27,61,0],[""Harold Ram\u00edrez"",2022,28,0.97,1.11,480,0],[""Carson Kelly"",2022,28,0.89,0.87,132,0],[""Will Brennan"",2024,26,0.9,0.46,6,0]]}",0.924915353130563,0.9505280711506392,-0.01697502965936144,0.924915353130563,292.0,0.978,270.0,555.0,275,269,FA,candidate,,0.573728813559322,False
668901,Mark Vientos,2026,1999-12-11,1B,R,New York Mets,87,295,274,58,11,0,13,28,41,15,3,0,0,71,3,34,8,0,0,0,67,0,3,0,0,14,26.0,295.0,24.1,5.1,0.212,0.394,0.258,0.182,0.233,0.231,0.433,0.283,0.304,0.276,0.202,0.344,0.374,-0.019,-0.039,-0.021,89.8,14.6,31.1,9.7,43.7,100.784554369,94.654892913,74.4,35.2,48.0,79.7,31.1,53.9,37.4,43.7,29.6,17.5,9.2,7.5,73.7,13.2,23.6,34.5,13.1,62.0,-9.0,25.8,4.78,17.0,21.0,19.0,206.0,77.9,61.0,mark vientos,NYM,Mark Vientos,NYM,"1B,3B,DH",288.2,173.0,315.0,315.0,245.0,26.6,2.8160919540229883,0.8305084745762712,295,1B/3B,1B,False,173.0,375.06451612903226,3.372093023255814,-130.06451612903226,-0.5560010692328259,-122.0,False,False,255,True,34.7037703800776,14.790330140762919,0.8420285782413603,12.957870900918124,32.20131976177902,38.26218597211261,262.39950573389166,0.8894898499453955,-17.399505733891658,-0.05898137536912429,473.0,-228.0,"{'C': 415, 'SS': 586, '2B': 586, '3B': 569, '1B': 598, 'OF': 519, 'UT': 473}",0.8305084745762712,0.4101694915254237,-7.14240828433339,,,,,,0.0,26.440677966101696,30.508474576271187,0.02100000000000002,1.0638766519823788,4,1486,-0.2333681774061076,1.0638766519823788,3,False,-0.2333681774061076,-0.6999999999999993,-1.8000000000000007,2.5,52.0,1.0,76.0,0.0,Right hand fracture,66.4,2026-03-28,2026-09-11,79.0,151.0,106.0,45.0,380.0,0.745,2.0,0.0,0.15,,established,33.0,1.3,1.144,"deserved 0.89/PA on contact quality, got 0.83 · avg EV 89.8 (72nd pct) · 27 years old, an age that jumps 3% of the time · bat speed up 2.5 mph",xwOBA 0.304 (47th) · barrels 9.7% (71st) · EV 89.8 (70th) · hard-hit 44% (76th) · K 24% (40th) · BB 5% (13th) · chase 35% (23rd) · bat speed 73.7 mph (75th) · sprint 25.8 (13th),"{""n"":20,""b"":0,""c"":[[""Bo Naylor"",2025,25,0.95,0.64,63,0],[""Jared Triolo"",2025,27,0.88,0.83,300,0],[""Austin Hays"",2024,29,0.88,1.07,445,0],[""Jared Triolo"",2024,26,0.82,0.88,330,0],[""Jonah Heim"",2024,29,0.84,0.82,357,0]]}",0.9034900527864891,0.8960507757404795,-0.01697502965936144,0.9034900527864891,338.0,0.947,305.0,542.0,240,329,FA,candidate,1.0638766519823788,-0.2333681774061076,False
668904,Royce Lewis,2026,1999-06-05,1B,R,Minnesota Twins,124,505,459,103,24,1,14,50,56,38,3,15,0,129,5,64,11,0,0,0,81,16,40,0,0,0,27.0,505.0,25.5,7.5,0.224,0.373,0.285,0.149,0.277,0.236,0.39,0.289,0.303,0.296,0.154,0.351,0.372,-0.012,-0.017,-0.014,89.7,20.9,33.1,10.5,39.7,100.442555629,94.407402102,70.5,33.6,45.2,79.3,32.8,50.7,46.9,32.8,29.3,23.9,14.0,8.1,75.1,10.5,19.8,54.3,11.4,72.1,-14.0,27.7,4.36,25.0,26.0,51.0,335.0,81.5,63.1,royce lewis,MIN,Royce Lewis,MIN,"1B,2B,3B",222.4,132.0,188.0,195.0,455.0,27.1,3.6693548387096775,0.900990099009901,156,1B/2B/3B,1B/3B,False,132.0,422.61764705882354,3.705765225084571,32.382352941176464,-0.036410386374893466,-24.0,False,False,123,False,68.9704194640619,22.968818340056536,1.4371049277012158,14.947657268180345,59.500708727190904,55.92343958928829,477.7581483164792,0.9460557392405529,-22.758148316479208,-0.04506564023065185,473.0,-18.0,"{'C': 415, 'SS': 586, '2B': 586, '3B': 569, '1B': 598, 'OF': 519, 'UT': 473}",0.900990099009901,0.39801980198019804,-3.5508715019535275,20.37735849056604,14.716981132075471,36.9811320754717,5.6603773584905674,-16.60377358490566,17.82178217821782,16.633663366336634,45.148514851485146,0.014000000000000012,1.292887029288703,4,1513,-0.3918969302788019,1.292887029288703,3,False,-0.3918969302788019,5.600000000000001,1.8000000000000007,1.5,10.0,1.0,141.0,0.0,,61.900000000000006,2026-03-26,2026-09-12,113.0,148.0,139.0,9.0,493.0,0.813,0.0,0.0,0.15,,established,33.3,1.6,1.373,"505 PA, already has the job · deserved 0.95/PA on contact quality, got 0.90 · avg EV 89.7 (71st pct) · bat speed up 1.5 mph",xwOBA 0.303 (45th) · barrels 10.5% (76th) · EV 89.7 (68th) · hard-hit 40% (56th) · K 26% (32nd) · BB 8% (35th) · chase 34% (31st) · bat speed 75.1 mph (89th) · sprint 27.7 (55th),"{""n"":20,""b"":0,""c"":[[""Willi Castro"",2025,28,0.9,1.0,477,0],[""Tyler O'Neill"",2023,28,0.94,1.09,517,0],[""Luis Rengifo"",2025,28,0.82,0.84,296,0],[""Bo Naylor"",2025,25,0.95,0.64,63,0],[""Jonah Heim"",2024,29,0.84,0.82,357,0]]}",0.9757295480146123,0.9162619921828733,-0.01697502965936144,0.9757295480146123,420.0,0.95,410.0,585.0,132,137,Dpf,candidate,1.292887029288703,-0.3918969302788019,False
668930,Brice Turang,2026,1999-11-21,2B,L,Milwaukee Brewers,150,676,578,155,37,3,21,102,99,90,1,19,5,171,2,94,6,0,0,0,0,150,0,4,0,0,26.0,676.0,25.3,13.3,0.268,0.452,0.367,0.184,0.345,0.254,0.428,0.359,0.344,0.353,0.174,0.436,0.411,0.014,0.024,0.015,90.2,8.9,38.6,7.8,41.5,100.318934925,94.585293234,62.4,24.8,62.3,82.8,23.3,43.2,29.0,46.6,22.7,28.7,1.9,6.8,70.1,10.8,25.0,11.2,8.5,48.9,24.0,28.5,4.29,29.0,48.0,78.0,414.0,68.7,60.3,brice turang,MIL,Brice Turang,MIL,2B,44.8,34.0,50.0,40.0,759.0,26.6,5.06,1.1227810650887573,12,2B,2B,False,34.0,642.6,4.485508577873414,116.39999999999998,0.5744914221265853,22.0,False,False,1,False,90.34793407293786,33.04464580443051,2.7309061723254433,20.6885139503062,90.91869643815375,76.63093604614521,703.745632484299,1.0410438350359452,55.254367515701006,0.08173723005281208,473.0,286.0,"{'C': 415, 'SS': 586, '2B': 586, '3B': 569, '1B': 598, 'OF': 519, 'UT': 473}",1.1227810650887573,0.591715976331361,4.968582221201851,90.9433962264151,83.77358490566039,94.71698113207547,7.169811320754718,-3.773584905660371,16.86390532544379,18.63905325443787,79.88165680473374,-0.015000000000000013,1.1227810650887573,4,2402,0.0,1.1077389984825494,3,True,0.015042066606207882,2.5,-0.20000000000000018,-0.5,0.0,0.0,0.0,0.0,,0.0,2026-03-26,2026-09-12,138.0,152.0,152.0,0.0,614.0,0.908,0.0,0.0,0.15,,established,31.9,2.2,1.203,"676 PA, already has the job · 1.12/PA is his best rate yet, so the bar is one step up · avg EV 90.2 (78th pct)",xwOBA 0.344 (87th) · barrels 7.8% (56th) · EV 90.2 (76th) · hard-hit 42% (65th) · K 25% (32nd) · BB 13% (93rd) · chase 25% (83rd) · bat speed 70.1 mph (25th) · sprint 28.5 (78th),"{""n"":20,""b"":1,""c"":[[""Austin Riley"",2023,26,1.1,0.97,456,0],[""Shea Langeliers"",2025,28,1.19,1.09,507,0],[""Randy Arozarena"",2022,27,1.13,1.12,732,0],[""Lane Thomas"",2023,28,1.15,1.1,583,0],[""CJ Abrams"",2025,25,1.06,1.21,784,1]]}",1.0206702378776304,1.109935565985204,-0.01697502965936144,1.0206702378776304,656.0,1.0,670.0,612.0,21,73,CH,established,1.1077389984825494,0.015042066606207882,True
668939,Adley Rutschman,2026,1998-02-06,C,S,multi,98,407,362,87,26,1,12,43,59,38,2,0,1,68,5,48,7,21,0,80,0,0,0,0,0,18,28.0,407.0,16.7,9.3,0.24,0.417,0.312,0.177,0.261,0.253,0.408,0.319,0.325,0.327,0.155,0.34,0.348,-0.013,0.009,-0.006,88.9,14.7,39.5,6.7,38.5,99.083716711,93.724566162,57.0,25.8,72.3,89.4,16.4,40.5,37.8,39.8,30.4,25.1,4.7,6.9,70.6,11.8,30.8,11.9,7.4,45.1,2.0,26.6,4.41,21.0,26.0,40.0,299.0,62.9,54.8,adley rutschman,multi,Adley Rutschman,BOS,"C,DH",151.0,91.0,143.0,234.0,415.0,28.4,4.23469387755102,1.0196560196560196,185,C,C,False,91.0,556.8852459016393,4.003049236131642,-141.88524590163934,0.23164464141937824,-94.0,False,False,170,True,59.44129664717148,19.575128617989588,1.173852822506395,11.395721912332537,46.86757506753141,46.50324252301293,407.6528175905443,1.0016039744239418,7.347182409455684,0.018052045232077818,415.0,0.0,"{'C': 415, 'SS': 586, '2B': 586, '3B': 569, '1B': 598, 'OF': 519, 'UT': 473}",1.0196560196560196,0.547911547911548,-4.798361001734182,63.39622641509434,68.30188679245282,24.528301886792452,-4.90566037735848,38.867924528301884,0.0,17.69041769041769,56.01965601965602,0.006000000000000005,1.0319148936170213,5,2567,-0.01225887396100167,1.0319148936170213,4,True,-0.01225887396100167,1.0999999999999996,-0.7999999999999998,0.5999999999999943,40.0,3.0,109.0,0.0,Left ankle inflammation,81.4,2026-03-26,2026-09-12,88.0,132.0,112.0,20.0,488.0,0.786,0.0,0.0,0.15,,established,30.4,2.2,1.112,"1.02/PA is his best rate yet, so the bar is one step up · 407 PA, already has the job · avg EV 88.9 (56th pct)",xwOBA 0.325 (68th) · barrels 6.7% (44th) · EV 88.9 (54th) · hard-hit 38% (50th) · K 17% (83rd) · BB 9% (58th) · chase 26% (78th) · bat speed 70.6 mph (29th) · sprint 26.6 (26th),"{""n"":20,""b"":0,""c"":[[""Alec Bohm"",2024,28,1.0,0.93,470,0],[""Lourdes Gurriel Jr."",2024,31,1.03,0.99,541,0],[""Alec Bohm"",2025,29,0.93,0.88,551,0],[""Ha-Seong Kim"",2024,29,0.99,0.9,171,0],[""Tommy Edman"",2023,28,1.04,1.04,159,0]]}",0.9498874448250977,0.9650110105211647,-0.026330886137737278,0.9498874448250977,424.0,0.935,403.0,570.0,138,206,BAMBI,established,1.0319148936170213,-0.01225887396100167,True
668942,Josh Rojas,2026,1994-06-30,3B,L,Kansas City Royals,43,114,105,24,4,0,2,11,14,5,1,1,0,16,1,18,3,0,0,0,0,3,30,5,0,4,32.0,114.0,14.0,4.4,0.229,0.324,0.268,0.095,0.25,0.191,0.264,0.262,0.222,0.232,0.073,0.28,0.229,0.038,0.06,0.04,86.1,17.6,31.5,1.1,28.3,95.932095333,92.04715618,70.4,30.9,58.7,90.2,19.4,50.6,32.6,39.1,34.8,17.4,8.7,7.3,68.7,6.0,33.0,2.7,10.0,53.8,-5.0,26.2,4.42,4.0,9.0,11.0,92.0,92.0,64.0,josh rojas,KC,,,,,,,,89.0,32.0,2.0697674418604652,0.7807017543859649,454,2B/3B,3B,True,339.0,171.72,2.3941801142166454,-82.72,-0.3244126723561802,-115.0,False,False,339,False,15.852396366927517,2.385302155572564,0.17220658807232384,1.645094889427596,9.627937672911639,10.479659250579097,73.88259692349075,0.6480929554692171,15.117403076509248,0.13260879891674782,473.0,-384.0,"{'C': 415, 'SS': 586, '2B': 586, '3B': 569, '1B': 598, 'OF': 519, 'UT': 473}",0.7807017543859649,0.4298245614035088,-10.181964527069358,,,,,,5.263157894736842,10.526315789473683,26.31578947368421,-0.04000000000000001,,5,2211,,1.0274509803921568,5,False,-0.24674922600619187,-8.7,-2.4,0.9000000000000057,0.0,0.0,38.0,0.0,,22.8,2026-06-04,2026-09-12,38.0,87.0,87.0,0.0,176.0,0.437,69.0,1.0,0.15,,established,18.0,0.2,0.861,"sprint 26.2 ft/s (20th pct) · avg EV 86.1 (15th pct) · already 32, an age that jumps 3% of the time · bat speed up 0.9 mph",xwOBA 0.222 (0th) · barrels 1.1% (2nd) · EV 86.1 (14th) · hard-hit 28% (11th) · K 14% (92nd) · BB 4% (8th) · chase 31% (48th) · bat speed 68.7 mph (11th) · sprint 26.2 (19th),"{""n"":20,""b"":0,""c"":[[""Kevin Newman"",2024,31,0.94,0.66,76,0],[""Gio Urshela"",2023,32,0.89,0.8,367,0],[""Jose Trevino"",2024,32,0.93,0.88,267,0],[""Isiah Kiner-Falefa"",2025,30,0.87,0.92,169,0],[""Hanser Alberto"",2022,30,0.77,0.87,78,0]]}",0.7927861101688156,0.7249443207126949,-0.04944745880435125,0.7927861101688156,200.0,0.982,159.0,476.0,457,455,FA,established,1.0274509803921568,-0.24674922600619187,False
668952,Ryan Kreidler,2026,1997-11-12,SS,R,Minnesota Twins,105,267,243,53,9,3,8,33,29,21,2,4,4,61,0,33,4,0,1,0,0,16,7,58,26,0,28.0,267.0,22.8,7.9,0.218,0.379,0.286,0.161,0.259,0.221,0.382,0.293,0.295,0.288,0.162,0.34,0.343,-0.003,-0.003,-0.002,88.3,12.9,26.2,8.2,37.2,99.404474111,93.790732067,75.4,28.3,44.4,79.0,30.4,51.8,41.5,50.3,26.8,14.8,8.2,7.9,73.9,10.9,21.0,39.1,12.4,64.6,-6.0,27.8,4.44,13.0,24.0,16.0,183.0,85.7,61.0,ryan kreidler,MIN,,,,,,,,240.0,28.6,2.2857142857142856,0.898876404494382,300,2B/3B/SS/OF,SS/OF,True,339.0,171.72,2.3941801142166454,68.28,-0.10846582850235986,39.0,False,False,255,False,32.781812758666106,10.847130990883795,1.7032997422340965,8.370756508216004,31.248998836205228,29.934859235251846,240.95585807145707,0.9024563972713748,-0.9558580714570724,-0.0035799927769928352,473.0,-233.0,"{'C': 415, 'SS': 586, '2B': 586, '3B': 569, '1B': 598, 'OF': 519, 'UT': 473}",0.898876404494382,0.4419475655430712,-7.476043143329188,,,,,,8.98876404494382,17.97752808988764,47.19101123595505,0.0020000000000000018,0.898876404494382,1,478,0.0,,0,False,0.548876404494382,,,,0.0,0.0,0.0,0.0,,0.0,2026-04-11,2026-09-12,94.0,134.0,134.0,0.0,265.0,0.701,16.0,0.0,0.15,,established,33.8,4.6,0.979,"478 career PA, still new · sprint 27.8 ft/s (59th pct) · already 29, an age that jumps 4% of the time",xwOBA 0.295 (35th) · barrels 8.2% (58th) · EV 88.3 (45th) · hard-hit 37% (42nd) · K 23% (50th) · BB 8% (41st) · chase 28% (64th) · bat speed 73.9 mph (77th) · sprint 27.8 (57th),"{""n"":20,""b"":0,""c"":[[""Brian Anderson"",2021,28,0.91,0.8,308,0],[""Jordan Luplow"",2022,29,0.94,0.87,78,0],[""Ben Gamel"",2021,29,0.89,0.9,379,0],[""Lewis Brinson"",2021,27,0.85,1.0,39,0],[""Yerm\u00edn Mercedes"",2021,28,0.94,0.82,68,0]]}",0.9458112592617274,0.898876404494382,-0.019875156067583864,0.9458112592617274,215.0,1.0,203.0,567.0,376,220,FA,established,,0.548876404494382,False
669003,Garrett Mitchell,2026,1998-09-04,OF,L,Milwaukee Brewers,144,527,458,120,30,4,11,73,65,59,6,14,10,167,1,75,3,0,4,0,0,0,0,0,139,3,27.0,527.0,31.7,11.2,0.262,0.417,0.353,0.155,0.388,0.267,0.444,0.34,0.351,0.354,0.178,0.457,0.478,-0.005,-0.027,-0.011,93.2,2.1,31.2,11.5,52.5,104.792469041,97.122898322,66.2,22.7,35.2,74.5,35.9,43.9,32.9,56.3,15.3,26.1,2.4,7.3,77.7,15.3,21.1,80.9,8.8,57.5,5.0,29.8,4.07,17.0,53.0,50.0,295.0,76.5,59.1,garrett mitchell,MIL,Garrett Mitchell,MIL,"CF,RF",636.7,286.0,954.0,485.0,561.0,27.8,3.8958333333333335,1.064516129032258,105,OF,OF,False,286.0,171.72,2.654320987654321,389.28,1.2415123456790127,181.0,True,False,59,False,74.46242444537421,29.31785076872241,3.3110251264325554,15.194699659470828,75.60605969281694,58.881662128776824,572.5837218215938,1.0864966258474267,-11.583721821593826,-0.02198049681516867,473.0,88.0,"{'C': 415, 'SS': 586, '2B': 586, '3B': 569, '1B': 598, 'OF': 519, 'UT': 473}",1.064516129032258,0.4459203036053131,-0.7170424142645752,78.8679245283019,27.547169811320753,60.75471698113207,51.32075471698114,18.11320754716983,15.939278937381404,12.523719165085389,67.17267552182163,0.010999999999999954,1.1651785714285714,2,970,-0.10066244239631339,,1,False,0.714516129032258,,,,0.0,0.0,250.0,0.0,,121.5,2026-03-26,2026-09-12,133.0,152.0,152.0,0.0,475.0,0.875,0.0,0.0,0.15,,established,37.2,7.1,1.245,"avg EV 93.2 (97th pct) · 527 PA, already has the job · sprint 29.8 ft/s (97th pct)",xwOBA 0.351 (91st) · barrels 11.5% (81st) · EV 93.2 (97th) · hard-hit 52% (97th) · K 32% (9th) · BB 11% (81st) · chase 23% (90th) · bat speed 77.7 mph (99th) · sprint 29.8 (97th),"{""n"":20,""b"":2,""c"":[[""Teoscar Hern\u00e1ndez"",2022,30,1.11,1.01,684,0],[""Jake Burger"",2023,27,1.05,0.96,554,0],[""Willson Contreras"",2021,29,1.02,1.06,514,0],[""Brandon Lowe"",2023,29,1.03,1.04,443,0],[""Shea Langeliers"",2024,27,1.07,1.19,622,1]]}",1.038818121249122,1.0759003702457084,-0.026330886137737278,1.038818121249122,413.0,0.903,429.0,623.0,121,39,FA,candidate,,0.714516129032258,False
669004,MJ Melendez,2026,1998-11-29,DH,L,New York Mets,56,144,120,23,5,1,4,14,11,17,5,0,1,50,1,13,0,0,2,0,0,0,0,0,25,23,27.0,144.0,34.7,11.8,0.192,0.35,0.315,0.158,0.284,0.166,0.317,0.302,0.28,0.294,0.15,0.39,0.346,0.026,0.033,0.022,94.2,23.6,29.2,11.1,55.6,102.543121111,96.42811507,67.4,29.5,49.5,73.9,34.5,46.7,50.0,26.4,43.1,19.4,11.1,7.9,74.1,12.5,21.1,40.6,13.3,58.8,-3.0,27.2,,5.0,8.0,10.0,72.0,78.9,59.0,mj melendez,NYM,,,,,,,,116.0,27.6,2.0714285714285716,0.8055555555555556,422,OF,OF,True,339.0,171.72,2.3941801142166454,-55.72,-0.32275154278807383,-83.0,False,False,339,False,10.231954064617462,5.2525781094153405,0.5589815873169396,3.876486238650261,15.718436208019831,15.360445430002292,114.91888163802213,0.7980477891529314,1.0811183619778717,0.007507766402624183,473.0,-357.0,"{'C': 415, 'SS': 586, '2B': 586, '3B': 569, '1B': 598, 'OF': 519, 'UT': 473}",0.8055555555555556,0.2361111111111111,-10.40715669575497,,,,,,0.0,16.666666666666664,70.83333333333333,-0.021999999999999964,,3,1796,,,3,False,0.4555555555555556,,,,0.0,0.0,12.0,0.0,,3.5999999999999996,2026-04-15,2026-06-25,56.0,72.0,72.0,0.0,298.0,0.778,20.0,0.0,0.15,,established,40.2,1.2,0.886,"avg EV 94.2 (99th pct) · 28 years old, an age that jumps 4% of the time · sprint 27.2 ft/s (43rd pct)",xwOBA 0.280 (19th) · barrels 11.1% (79th) · EV 94.2 (99th) · hard-hit 56% (98th) · K 35% (2nd) · BB 12% (86th) · chase 30% (56th) · bat speed 74.1 mph (79th) · sprint 27.2 (42nd),"{""n"":20,""b"":0,""c"":[[""Trent Grisham"",2024,28,0.9,1.05,609,0],[""Taylor Trammell"",2025,28,0.87,0.81,231,0],[""Daz Cameron"",2024,28,0.87,0.81,34,0],[""Kyle Stowers"",2024,26,0.79,1.19,545,0],[""Romy Gonzalez"",2022,26,0.83,1.03,100,0]]}",0.9738423113299076,0.8647450110864745,-0.026330886137737278,0.9738423113299076,203.0,0.997,198.0,584.0,388,142,FA,candidate,,0.4555555555555556,False
669016,Brandon Marsh,2026,1997-12-18,OF,L,Philadelphia Phillies,154,564,522,136,20,2,18,71,61,34,2,11,3,142,4,96,2,0,0,0,0,0,0,0,175,0,28.0,564.0,25.2,6.0,0.261,0.41,0.306,0.149,0.322,0.251,0.402,0.31,0.302,0.292,0.151,0.393,0.381,0.01,0.008,0.008,89.2,13.0,41.2,8.1,42.7,99.774267382,94.140222467,69.1,36.2,53.8,87.1,25.0,52.0,38.6,42.0,26.9,26.9,4.1,7.3,71.6,11.2,25.2,16.3,9.8,42.9,-6.0,28.1,4.4,24.0,47.0,65.0,386.0,84.9,58.6,brandon marsh,PHI,Brandon Marsh,PHI,"LF,CF,RF",351.5,214.0,358.0,345.0,549.0,28.5,3.564935064935065,0.973404255319149,112,OF,OF,False,214.0,338.3666666666667,3.0792137196109657,210.63333333333333,0.4857213453240994,102.0,True,False,120,False,89.50887677756656,21.850719301443466,2.0159310644133703,17.6464728565766,67.38468624291878,62.205408566411656,537.4560948093304,0.9529363383144155,11.543905190669648,0.020467917004733494,473.0,76.0,"{'C': 415, 'SS': 586, '2B': 586, '3B': 569, '1B': 598, 'OF': 519, 'UT': 473}",0.973404255319149,0.44148936170212766,-0.5877710133442025,50.18867924528302,25.660377358490567,63.39622641509434,24.528301886792452,-13.20754716981132,11.702127659574469,19.148936170212764,36.170212765957444,-0.008000000000000007,1.0714285714285714,6,2658,-0.09802431610942242,1.0714285714285714,5,False,-0.09802431610942242,-0.6999999999999993,-0.3000000000000007,0.19999999999998863,0.0,0.0,12.0,0.0,,3.5999999999999996,2026-03-26,2026-09-12,143.0,150.0,150.0,0.0,530.0,0.953,0.0,0.0,0.15,,established,30.6,1.1,1.151,"564 PA, already has the job · sprint 28.1 ft/s (68th pct) · avg EV 89.2 (61st pct)",xwOBA 0.302 (44th) · barrels 8.1% (58th) · EV 89.2 (58th) · hard-hit 43% (71st) · K 25% (33rd) · BB 6% (21st) · chase 36% (19th) · bat speed 71.6 mph (44th) · sprint 28.1 (67th),"{""n"":20,""b"":0,""c"":[[""Dansby Swanson"",2024,30,1.0,1.01,649,0],[""Nathaniel Lowe"",2024,29,0.94,0.88,537,0],[""Randy Arozarena"",2024,29,0.98,1.08,767,0],[""Spencer Steer"",2025,28,0.96,0.96,368,0],[""Lane Thomas"",2024,29,1.1,0.75,107,0]]}",0.9485037611459192,1.0062383031815347,-0.019875156067583864,0.9485037611459192,420.0,0.997,398.0,569.0,146,211,Dpf,established,1.0714285714285714,-0.09802431610942242,False
669065,Kyle Stowers,2026,1998-01-02,1B,L,Miami Marlins,121,512,447,107,27,4,21,57,65,52,10,1,1,161,2,55,7,0,1,0,59,0,0,0,52,20,28.0,512.0,31.4,10.2,0.239,0.459,0.331,0.22,0.322,0.227,0.437,0.341,0.329,0.314,0.21,0.46,0.438,0.012,0.022,0.012,92.5,18.1,33.2,12.8,56.4,103.41265375,96.673495417,76.5,33.7,42.9,76.1,35.6,53.0,46.0,37.0,33.2,22.1,7.6,6.8,75.4,14.0,20.6,55.2,15.2,55.1,11.0,26.3,4.56,32.0,31.0,44.0,289.0,83.4,61.8,kyle stowers,MIA,Kyle Stowers,MIA,"1B,LF,CF,RF,DH",117.6,76.0,127.0,124.0,494.0,28.5,4.082644628099174,0.96484375,136,1B/OF,1B/OF,False,76.0,556.8852459016393,4.003049236131642,-62.88524590163934,0.07959539196753163,-60.0,False,False,120,False,51.22966927200145,26.817182927567163,3.2136263288613494,20.208521471570045,60.69253874167802,65.89051884469427,483.3910575863723,0.9441231593483834,10.608942413627688,0.020720590651616577,473.0,21.0,"{'C': 415, 'SS': 586, '2B': 586, '3B': 569, '1B': 598, 'OF': 519, 'UT': 473}",0.96484375,0.427734375,-2.6014274391876597,46.79245283018868,23.39622641509434,46.41509433962264,23.39622641509434,0.37735849056603854,1.171875,24.609375,60.9375,-0.01200000000000001,1.1925601750547046,3,1309,-0.22771642505470457,1.1925601750547046,2,False,-0.22771642505470457,4.0,-6.300000000000001,0.4000000000000057,38.0,2.0,80.0,0.0,,63.2,2026-04-19,2026-09-12,111.0,128.0,114.0,14.0,612.0,0.974,23.0,1.0,0.15,,established,36.0,1.0,1.273,"avg EV 92.5 (95th pct) · 512 PA, already has the job · got 0.96/PA but deserved 0.94",xwOBA 0.329 (74th) · barrels 12.8% (90th) · EV 92.5 (95th) · hard-hit 56% (99th) · K 31% (11th) · BB 10% (68th) · chase 34% (30th) · bat speed 75.4 mph (91st) · sprint 26.3 (21st),"{""n"":20,""b"":1,""c"":[[""Kerry Carpenter"",2025,28,1.04,0.9,234,0],[""Matt Wallner"",2025,28,0.97,0.72,97,0],[""Franmil Reyes"",2022,27,0.82,0.68,44,0],[""Kyle Schwarber"",2023,30,1.02,1.1,760,0],[""Patrick Wisdom"",2022,31,0.94,1.03,310,0]]}",1.001060842020187,1.025444693132289,-0.019875156067583864,1.001060842020187,453.0,0.949,453.0,601.0,109,98,GLIZZY,established,1.1925601750547046,-0.22771642505470457,False
669127,Shea Langeliers,2026,1997-11-18,C,R,Athletics,105,464,422,110,21,0,23,58,58,36,5,3,1,109,1,66,3,17,0,74,0,0,0,0,0,33,28.0,464.0,23.5,7.8,0.261,0.474,0.325,0.213,0.299,0.267,0.493,0.346,0.353,0.328,0.226,0.422,0.432,-0.006,-0.019,-0.007,91.3,18.4,37.6,13.4,43.3,102.121069363,95.381180892,71.9,33.3,52.6,81.2,29.2,50.6,40.1,35.7,29.9,25.5,8.9,7.3,75.1,12.3,22.3,52.1,12.2,61.9,13.0,28.4,4.52,23.0,31.0,55.0,314.0,77.9,60.5,shea langeliers,ATH,Shea Langeliers,ATH,"C,DH",67.8,48.0,49.0,70.0,507.0,28.6,4.828571428571428,1.0926724137931034,127,C,C,False,48.0,597.1666666666666,4.318350772404012,-90.16666666666663,0.5102206561674159,-79.0,False,False,120,True,63.794523370233165,25.084803603281504,1.0968226827375285,22.69785034374781,63.9504046397221,60.42765119147957,526.0980558312017,1.13383201687759,-19.09805583120169,-0.04115960308448652,415.0,92.0,"{'C': 415, 'SS': 586, '2B': 586, '3B': 569, '1B': 598, 'OF': 519, 'UT': 473}",1.0926724137931034,0.5301724137931034,-1.795797530018835,84.90566037735849,62.264150943396224,53.9622641509434,22.641509433962263,30.94339622641509,3.8793103448275863,29.74137931034483,46.55172413793104,0.007000000000000006,1.1892925430210326,4,2164,-0.09662012922792917,1.1892925430210326,3,True,-0.09662012922792917,4.0,2.0999999999999996,1.2999999999999972,48.0,1.0,72.0,0.0,,62.4,2026-03-27,2026-09-12,94.0,149.0,104.0,45.0,600.0,0.904,0.0,0.0,0.15,,established,36.3,2.4,1.269,"avg EV 91.3 (89th pct) · deserved 1.13/PA on contact quality, got 1.09 · 464 PA, already has the job · barrel rate up 2.1 pts on last year · bat speed up 1.3 mph",xwOBA 0.353 (92nd) · barrels 13.4% (92nd) · EV 91.3 (89th) · hard-hit 43% (74th) · K 24% (46th) · BB 8% (39th) · chase 33% (32nd) · bat speed 75.1 mph (89th) · sprint 28.4 (76th),"{""n"":20,""b"":0,""c"":[[""Bryan Reynolds"",2023,28,1.06,1.05,727,0],[""Brandon Lowe"",2024,30,1.04,1.04,575,0],[""Luis Robert Jr."",2025,28,1.1,0.92,212,0],[""Trent Grisham"",2025,29,1.05,0.98,472,0],[""Randy Arozarena"",2023,28,1.12,0.98,633,0]]}",1.0557133140599024,1.1219616204690832,-0.019875156067583864,1.0557133140599024,503.0,0.95,531.0,633.0,66,28,CS,established,1.1892925430210326,-0.09662012922792917,True
669134,Luis Campusano,2026,1998-09-29,C,R,San Diego Padres,70,245,213,57,12,0,8,23,30,29,3,0,0,52,0,37,3,16,0,56,0,0,0,0,0,12,27.0,245.0,21.2,11.8,0.268,0.437,0.363,0.169,0.32,0.24,0.393,0.355,0.327,0.34,0.153,0.401,0.357,0.028,0.044,0.028,87.4,16.9,37.9,8.1,37.9,98.919272125,93.561102188,66.7,29.1,52.9,84.8,25.8,46.7,41.6,37.3,24.2,24.8,13.7,7.9,72.9,8.9,20.9,30.0,10.7,63.6,8.0,25.5,4.87,10.0,15.0,32.0,161.0,83.5,65.3,luis campusano,SD,,,,,,,,264.0,27.8,3.7714285714285714,1.0775510204081633,284,C,C,True,339.0,171.72,2.3941801142166454,92.28,1.377248457211926,55.0,False,False,250,False,33.32768196251043,10.114503675108173,0.55894676225236,7.118867600129034,26.849864775504685,28.279863387447755,250.95872816295244,1.0243213394406223,13.04127183704756,0.05322968096754099,415.0,-151.0,"{'C': 415, 'SS': 586, '2B': 586, '3B': 569, '1B': 598, 'OF': 519, 'UT': 473}",1.0775510204081633,0.5020408163265306,-7.523528810509142,,,,,,0.0,19.591836734693878,71.0204081632653,-0.02799999999999997,1.0775510204081633,2,833,0.0,,1,False,0.7275510204081633,,,,57.0,1.0,70.0,0.0,Left toe fracture,60.9,2026-03-27,2026-09-12,63.0,147.0,96.0,51.0,334.0,0.656,1.0,0.0,0.15,,established,32.1,2.0,1.158,"1.08/PA is his best rate yet, so the bar is one step up · avg EV 87.4 (32nd pct) · got 1.08/PA but deserved 1.02",xwOBA 0.327 (71st) · barrels 8.1% (58th) · EV 87.4 (30th) · hard-hit 38% (47th) · K 21% (59th) · BB 12% (86th) · chase 29% (58th) · bat speed 72.9 mph (65th) · sprint 25.5 (9th),"{""n"":20,""b"":0,""c"":[[""Joey Bart"",2024,28,1.14,0.88,292,0],[""David Fry"",2024,29,1.02,0.83,131,0],[""Freddy Fermin"",2023,28,1.09,0.96,352,0],[""Jake Fraley"",2022,27,1.05,1.19,452,0],[""Connor Joe"",2021,29,1.06,0.89,417,0]]}",0.9160129548458549,1.0343591275769346,-0.026330886137737278,0.9160129548458549,255.0,0.951,234.0,550.0,322,295,FA,candidate,,0.7275510204081633,False
669221,Sean Murphy,2026,1994-10-04,C,R,Atlanta Braves,32,117,106,18,4,0,3,11,10,11,0,0,0,36,0,11,1,4,0,31,0,0,0,0,0,1,31.0,117.0,30.8,9.4,0.17,0.292,0.248,0.122,0.224,0.2,0.33,0.245,0.271,0.275,0.129,0.3,0.343,-0.03,-0.038,-0.026,87.3,6.1,25.7,8.6,40.0,100.897673143,94.565482286,66.7,34.6,45.0,80.7,32.3,49.9,48.6,55.7,24.3,15.7,4.3,7.9,72.4,13.1,22.0,28.8,12.8,51.3,-6.0,25.7,4.81,5.0,6.0,7.0,70.0,73.3,64.1,sean murphy,ATL,Sean Murphy,ATL,C,423.0,248.0,402.0,444.0,88.0,31.7,2.75,0.7521367521367521,457,C,C,False,248.0,296.0,2.990566037735849,-208.0,-0.24056603773584895,-209.0,False,False,339,True,13.804224841749884,4.108361420265512,0.29660263421933913,2.990811103765269,11.231025982163484,12.616984566032901,97.92201054819638,0.8369402610956955,-9.922010548196383,-0.0848035089589434,415.0,-327.0,"{'C': 415, 'SS': 586, '2B': 586, '3B': 569, '1B': 598, 'OF': 519, 'UT': 473}",0.7521367521367521,0.23076923076923078,-10.873620274596298,,,,,,0.0,15.384615384615383,56.41025641025641,0.026000000000000023,,5,2216,,1.1369863013698631,5,True,-0.384849549233111,-0.3999999999999986,-4.800000000000001,-0.19999999999998863,123.0,2.0,214.0,0.0,Right hip labrum repair,160.20000000000002,2026-05-04,2026-09-12,24.0,118.0,42.0,76.0,312.0,0.571,38.0,1.0,0.15,,established,30.6,0.2,0.832,"deserved 0.84/PA on contact quality, got 0.75 · avg EV 87.3 (30th pct) · sprint 25.7 ft/s (12th pct)",xwOBA 0.271 (14th) · barrels 8.6% (62nd) · EV 87.3 (29th) · hard-hit 40% (57th) · K 31% (12th) · BB 9% (58th) · chase 35% (26th) · bat speed 72.4 mph (56th) · sprint 25.7 (11th),"{""n"":20,""b"":0,""c"":[[""Kris Bryant"",2024,32,0.73,0.46,19,0],[""J.D. Davis"",2024,31,0.71,0.22,2,0],[""Lane Thomas"",2025,30,0.75,0.96,358,0],[""Jesse Winker"",2023,30,0.73,1.05,531,0],[""Trevor Story"",2023,31,0.87,1.02,108,0]]}",0.9090073271730948,0.976545842217484,-0.04944745880435125,0.9090073271730948,200.0,0.872,182.0,545.0,424,316,FA,established,1.1369863013698631,-0.384849549233111,True
669224,Austin Wells,2026,1999-07-12,C,L,New York Yankees,122,388,334,62,7,0,14,39,32,48,3,4,0,103,2,41,7,14,0,122,0,0,0,0,0,0,26.0,388.0,26.5,12.4,0.186,0.332,0.292,0.146,0.219,0.208,0.36,0.281,0.3,0.309,0.153,0.318,0.349,-0.022,-0.028,-0.019,89.3,20.5,33.8,7.7,42.7,100.248392609,94.397822435,66.6,28.0,53.2,81.0,27.9,46.3,47.4,33.3,34.2,20.5,12.0,7.6,72.8,9.5,20.9,26.8,13.9,51.4,-8.0,25.9,4.66,18.0,11.0,31.0,234.0,74.8,60.5,austin wells,NYY,Austin Wells,NYY,C,238.4,148.0,223.0,309.0,328.0,27.0,2.6885245901639343,0.845360824742268,232,C,C,False,148.0,422.61764705882354,3.705765225084571,-94.61764705882354,-1.0172406349206367,-84.0,False,False,237,True,44.10769595073678,12.103576811356954,0.7837585250757272,12.476968712830532,41.36575488188488,43.981003651282656,359.3927585331675,0.9262699962195039,-31.392758533167523,-0.08090917147723586,415.0,-87.0,"{'C': 415, 'SS': 586, '2B': 586, '3B': 569, '1B': 598, 'OF': 519, 'UT': 473}",0.845360824742268,0.33762886597938147,-7.349255371279355,7.9245283018867925,4.150943396226415,3.3962264150943398,3.7735849056603774,4.528301886792453,6.185567010309279,21.649484536082472,74.22680412371135,0.01899999999999996,1.0625,3,1325,-0.21713917525773196,1.0625,2,False,-0.21713917525773196,0.1999999999999993,-2.499999999999999,-0.6000000000000085,15.0,1.0,15.0,0.0,Cervical headaches,15.0,2026-03-25,2026-09-12,113.0,152.0,138.0,14.0,385.0,0.819,0.0,0.0,0.15,,established,31.7,1.6,1.142,"deserved 0.93/PA on contact quality, got 0.85 · avg EV 89.3 (63rd pct) · 27 years old, an age that jumps 3% of the time",xwOBA 0.300 (40th) · barrels 7.7% (54th) · EV 89.3 (61st) · hard-hit 43% (71st) · K 26% (25th) · BB 12% (89th) · chase 28% (66th) · bat speed 72.8 mph (63rd) · sprint 25.9 (14th),"{""n"":20,""b"":0,""c"":[[""Joey Bart"",2025,28,0.88,0.94,120,0],[""Mark Vientos"",2025,26,0.88,0.83,245,0],[""Jared Walsh"",2022,29,0.81,0.64,74,0],[""Brandon Lowe"",2022,28,0.85,1.03,449,0],[""Jack Suwinski"",2024,26,0.84,0.76,135,0]]}",0.9544735189057458,0.9416133162612037,-0.01697502965936144,0.9544735189057458,354.0,0.988,338.0,573.0,204,187,FA,candidate,1.0625,-0.21713917525773196,False
669236,Jeremiah Jackson,2026,2000-03-26,2B,R,Baltimore Orioles,102,293,277,60,11,0,10,29,45,10,2,2,2,69,3,39,10,0,1,0,0,80,1,0,9,2,26.0,293.0,23.5,3.4,0.217,0.365,0.247,0.148,0.249,0.236,0.385,0.264,0.282,0.264,0.149,0.328,0.353,-0.019,-0.02,-0.018,89.2,8.3,29.7,8.0,37.7,100.146694762,94.308516048,76.5,36.8,52.8,81.5,27.8,56.6,40.6,50.5,23.1,19.3,7.1,7.5,73.1,10.9,24.3,30.5,10.1,62.8,-14.0,27.2,4.66,14.0,21.0,25.0,212.0,79.1,65.2,jeremiah jackson,BAL,,,,,,,,245.0,26.3,2.4019607843137254,0.8361774744027304,295,2B/OF,2B,True,339.0,171.72,2.3941801142166454,73.28,0.007780670097079945,44.0,False,False,255,False,43.459928366806025,11.893065282199258,0.6770843351834311,9.34192201581129,31.776118473405923,32.866545639109646,246.65966411251554,0.8418418570393021,-1.659664112515543,-0.005664382636571763,473.0,-228.0,"{'C': 415, 'SS': 586, '2B': 586, '3B': 569, '1B': 598, 'OF': 519, 'UT': 473}",0.8361774744027304,0.40273037542662116,-6.90742786900701,,,,,,4.09556313993174,20.477815699658702,20.477815699658702,0.01799999999999996,0.8361774744027304,1,476,0.0,,0,False,0.4861774744027304,-3.8000000000000007,0.5,1.1999999999999886,0.0,0.0,0.0,0.0,,0.0,2026-03-28,2026-09-12,91.0,151.0,151.0,0.0,251.0,0.603,2.0,0.0,0.15,,established,30.9,4.0,0.916,"476 career PA, still new · 26 years old, an age that jumps 4% of the time · avg EV 89.2 (61st pct) · bat speed up 1.2 mph",xwOBA 0.282 (21st) · barrels 8.0% (57th) · EV 89.2 (58th) · hard-hit 38% (46th) · K 24% (46th) · BB 3% (3rd) · chase 37% (17th) · bat speed 73.1 mph (67th) · sprint 27.2 (42nd),"{""n"":20,""b"":0,""c"":[[""Cavan Biggio"",2021,26,0.81,0.84,255,0],[""Billy McKinney"",2021,27,0.82,0.47,27,0],[""Lewis Brinson"",2021,27,0.85,1.0,39,0],[""Josh VanMeter"",2021,26,0.8,0.7,134,0],[""Rougned Odor"",2021,27,0.81,0.82,386,0]]}",0.9345570857036802,0.8748758689175768,-0.020377176503197886,0.9345570857036802,263.0,1.0,246.0,561.0,304,239,FA,candidate,,0.4861774744027304,False
669242,Tommy Edman,2026,1995-05-09,2B,S,Los Angeles Dodgers,83,327,288,70,11,2,8,44,42,21,14,6,3,67,1,49,3,0,1,0,0,52,7,1,32,1,31.0,327.0,20.5,6.4,0.243,0.378,0.324,0.135,0.29,0.239,0.344,0.315,0.301,0.322,0.105,0.347,0.328,0.004,0.034,0.014,87.3,13.0,28.4,5.4,32.0,98.380045676,93.219247919,64.2,30.6,51.3,91.1,22.8,46.4,42.7,45.8,28.4,20.0,5.8,7.0,70.8,10.3,25.2,14.4,9.7,58.5,5.0,28.0,4.31,14.0,24.0,32.0,225.0,68.9,62.1,tommy edman,LAD,Tommy Edman,LAD,"2B,3B,LF,CF",326.8,201.0,342.0,351.0,317.0,31.1,3.819277108433735,0.9694189602446484,242,2B/OF,2B/OF,False,201.0,375.06451612903226,3.180509813450934,-58.064516129032256,0.6387672949828009,-41.0,False,False,237,False,52.49300237393768,8.868206012894134,1.040580852398689,6.430210760769495,37.82913441087822,31.454441123054075,289.1875755339323,0.8843656744156951,27.812424466067682,0.08505328582895322,473.0,-156.0,"{'C': 415, 'SS': 586, '2B': 586, '3B': 569, '1B': 598, 'OF': 519, 'UT': 473}",0.9694189602446484,0.4740061162079511,-5.437854573218895,48.679245283018865,38.113207547169814,17.358490566037734,10.56603773584905,31.32075471698113,11.009174311926607,14.678899082568808,38.53211009174312,-0.014000000000000012,1.0746031746031746,5,2706,-0.1051842143585262,1.0746031746031746,4,True,-0.1051842143585262,4.300000000000001,0.9000000000000004,0.7000000000000028,85.0,1.0,282.0,0.0,,159.7,2026-06-17,2026-09-12,71.0,75.0,75.0,0.0,558.0,0.947,83.0,1.0,0.15,,established,28.8,0.2,1.155,"sprint 28.0 ft/s (65th pct) · only 327 PA, and a breakout needs 350 next year · 0.97/PA this year against 1.07 at his best, two steps to clear",xwOBA 0.301 (42nd) · barrels 5.4% (32nd) · EV 87.3 (29th) · hard-hit 32% (21st) · K 20% (62nd) · BB 6% (26th) · chase 31% (49th) · bat speed 70.8 mph (32nd) · sprint 28.0 (63rd),"{""n"":20,""b"":0,""c"":[[""Cedric Mullins"",2025,31,1.01,0.92,460,0],[""Jake Cronenworth"",2025,31,0.9,0.84,354,0],[""Myles Straw"",2025,31,1.06,0.91,297,0],[""Xander Bogaerts"",2024,32,0.93,0.98,541,0],[""Hunter Renfroe"",2024,32,0.92,0.56,60,0]]}",0.9228484367451713,0.9532632281755967,-0.03556545422470473,0.9228484367451713,335.0,0.872,309.0,554.0,234,275,FA,established,1.0746031746031746,-0.1051842143585262,True
669257,Will Smith,2026,1995-03-28,C,R,Los Angeles Dodgers,73,276,235,61,9,0,10,35,34,34,3,0,0,45,4,42,3,10,0,67,0,0,0,0,0,3,31.0,276.0,16.3,12.3,0.26,0.426,0.355,0.166,0.277,0.279,0.502,0.345,0.389,0.379,0.224,0.357,0.419,-0.019,-0.076,-0.044,89.1,20.1,43.3,12.4,41.2,99.794320103,94.064249742,62.9,20.9,69.6,87.9,16.7,41.6,29.9,27.3,40.2,27.3,5.2,7.3,69.9,11.9,28.8,6.4,12.4,65.7,9.0,27.1,4.58,15.0,15.0,31.0,194.0,68.3,55.1,will smith,LAD,Will Smith,LAD,C,95.2,65.0,91.0,179.0,284.0,31.3,3.8904109589041096,1.0289855072463767,269,C,C,False,65.0,556.8852459016393,4.062893081761007,-272.88524590163934,-0.17248212285689712,-204.0,False,False,250,True,38.055564409793085,14.50472426358083,0.878858243459128,12.125853083166971,37.87016784666488,36.43726193173823,312.07742977840314,1.1307153252840694,-28.077429778403143,-0.10172981803769265,415.0,-131.0,"{'C': 415, 'SS': 586, '2B': 586, '3B': 569, '1B': 598, 'OF': 519, 'UT': 473}",1.0289855072463767,0.572463768115942,-6.44811800976116,,,,,,0.0,21.73913043478261,73.91304347826087,0.04400000000000004,1.2224770642201834,6,2889,-0.1934915569738067,1.2224770642201834,5,True,-0.1934915569738067,-4.099999999999998,0.20000000000000107,0.20000000000000284,82.0,1.0,97.0,0.0,,91.0,2026-03-26,2026-09-12,63.0,149.0,78.0,71.0,449.0,0.808,0.0,0.0,0.15,,established,31.9,0.4,1.302,"deserved 1.13/PA on contact quality, got 1.03 · avg EV 89.1 (59th pct) · sprint 27.1 ft/s (40th pct)",xwOBA 0.389 (98th) · barrels 12.4% (86th) · EV 89.1 (57th) · hard-hit 41% (63rd) · K 16% (85th) · BB 12% (89th) · chase 21% (96th) · bat speed 69.9 mph (23rd) · sprint 27.1 (39th),"{""n"":20,""b"":0,""c"":[[""Corey Seager"",2025,31,1.05,0.93,400,0],[""Corey Seager"",2024,30,1.07,1.05,467,0],[""J.T. Realmuto"",2024,33,1.03,1.01,553,0],[""Ketel Marte"",2025,32,1.12,0.97,600,0],[""Bryce Harper"",2025,33,1.09,1.07,734,0]]}",1.0340357858662257,1.1162956621004567,-0.03556545422470473,1.0340357858662257,373.0,0.927,386.0,620.0,157,46,LTTA,established,1.2224770642201834,-0.1934915569738067,True
669357,Nolan Gorman,2026,2000-05-10,3B,L,St. Louis Cardinals,84,298,262,49,6,0,9,26,33,33,0,0,1,95,3,34,4,0,0,0,2,0,65,0,0,16,26.0,298.0,31.9,11.1,0.187,0.313,0.275,0.126,0.248,0.196,0.356,0.263,0.281,0.279,0.16,0.331,0.363,-0.009,-0.043,-0.018,89.5,21.6,35.3,10.0,42.4,100.770028353,94.541718882,68.5,31.4,40.5,74.0,37.4,48.9,45.9,32.9,37.6,22.4,7.1,7.6,73.4,9.7,18.5,33.0,17.6,46.9,-11.0,25.0,4.59,13.0,16.0,20.0,170.0,80.7,64.8,nolan gorman,STL,Nolan Gorman,STL,"2B,3B,DH",373.0,225.0,394.0,378.0,219.0,26.1,2.607142857142857,0.7348993288590604,323,2B/3B,3B,False,225.0,338.3666666666667,3.0792137196109657,-119.36666666666667,-0.4720708624681085,-98.0,False,False,266,True,29.783774184080706,11.022756649333145,0.739164149091606,9.80630501749455,28.856707077365325,35.097830850759884,237.57853792812523,0.7972434158661921,-18.57853792812523,-0.06234408700713168,473.0,-254.0,"{'C': 415, 'SS': 586, '2B': 586, '3B': 569, '1B': 598, 'OF': 519, 'UT': 473}",0.7348993288590604,0.2651006711409396,-8.634123754214857,,,,,,0.0,18.120805369127517,66.44295302013423,0.018000000000000016,1.0689655172413792,5,1879,-0.33406618838231883,1.0689655172413792,4,False,-0.33406618838231883,-1.8999999999999986,0.8000000000000007,0.7000000000000028,0.0,0.0,79.0,0.0,,47.4,2026-03-26,2026-09-12,77.0,153.0,153.0,0.0,273.0,0.503,0.0,0.0,0.15,,established,39.6,0.6,1.149,"deserved 0.80/PA on contact quality, got 0.73 · 26 years old, an age that jumps 4% of the time · avg EV 89.5 (67th pct)",xwOBA 0.281 (20th) · barrels 10.0% (72nd) · EV 89.5 (64th) · hard-hit 42% (70th) · K 32% (8th) · BB 11% (80th) · chase 31% (44th) · bat speed 73.4 mph (70th) · sprint 25.0 (4th),"{""n"":20,""b"":0,""c"":[[""Jared Walsh"",2022,29,0.81,0.64,74,0],[""Edouard Julien"",2024,25,0.81,0.69,144,0],[""Dylan Carlson"",2025,27,0.8,0.25,1,0],[""Franmil Reyes"",2022,27,0.82,0.68,44,0],[""Ryan Mountcastle"",2025,28,0.85,0.73,11,0]]}",0.8690928542993378,0.8016065474386178,-0.020377176503197886,0.8690928542993378,295.0,0.962,256.0,521.0,286,396,FA,candidate,1.0689655172413792,-0.33406618838231883,False
669364,Xavier Edwards,2026,1999-08-09,2B,S,Miami Marlins,142,595,518,145,17,6,6,61,52,68,0,21,5,83,6,116,7,0,0,0,0,138,0,0,0,2,26.0,595.0,13.9,11.4,0.28,0.371,0.36,0.091,0.32,0.258,0.356,0.325,0.311,0.337,0.098,0.332,0.312,0.022,0.015,0.014,86.8,9.4,36.3,3.2,28.4,96.430260463,92.25030956,65.5,24.4,66.0,89.3,17.6,43.8,28.6,48.2,22.7,24.8,4.3,6.5,68.3,6.5,32.7,2.4,5.6,44.7,2.0,28.3,4.22,12.0,66.0,67.0,444.0,74.9,57.7,xavier edwards,MIA,Xavier Edwards,MIA,"2B,SS",158.0,94.0,171.0,163.0,574.0,26.9,4.042253521126761,0.9647058823529412,96,2B/SS,2B,False,94.0,556.8852459016393,4.003049236131642,17.114754098360663,0.039204284995118854,-2.0,False,False,53,False,104.67150853569308,16.4213364388496,3.3108015152215873,9.240353510235742,71.54034459592333,55.857251419401805,569.4495960153251,0.9570581445635716,4.550403984674858,0.0076477377893695575,473.0,101.0,"{'C': 415, 'SS': 586, '2B': 586, '3B': 569, '1B': 598, 'OF': 519, 'UT': 473}",0.9647058823529412,0.5226890756302521,-1.3577879603633707,46.41509433962264,59.62264150943396,56.9811320754717,-13.20754716981132,-10.566037735849058,21.176470588235293,6.050420168067228,68.57142857142857,-0.014000000000000012,1.2640264026402641,3,1601,-0.2993205202873229,1.2640264026402641,2,True,-0.2993205202873229,-0.29999999999999893,2.4000000000000004,1.3999999999999915,13.0,1.0,74.0,0.0,Left thumb sprain,35.2,2026-03-27,2026-08-30,137.0,144.0,137.0,7.0,624.0,1.0,0.0,0.0,0.15,,established,26.9,2.6,1.344,"595 PA, already has the job · sprint 28.3 ft/s (74th pct) · 27 years old, an age that jumps 3% of the time · barrel rate up 2.4 pts on last year · bat speed up 1.4 mph",xwOBA 0.311 (54th) · barrels 3.2% (13th) · EV 86.8 (21st) · hard-hit 28% (12th) · K 14% (92nd) · BB 11% (83rd) · chase 24% (86th) · bat speed 68.3 mph (7th) · sprint 28.3 (72nd),"{""n"":20,""b"":0,""c"":[[""Willi Castro"",2025,28,0.9,1.0,477,0],[""Ozzie Albies"",2025,28,0.92,0.89,604,0],[""Andr\u00e9s Gim\u00e9nez"",2025,27,0.85,0.92,463,0],[""Cody Bellinger"",2024,29,1.03,1.12,736,0],[""Alex Verdugo"",2024,28,0.86,0.73,156,0]]}",0.9184914888974139,0.9909202686087202,-0.01697502965936144,0.9184914888974139,503.0,0.972,462.0,551.0,101,291,LTTA,established,1.2640264026402641,-0.2993205202873229,True
669392,Samad Taylor,2026,1998-07-11,OF,R,San Diego Padres,46,172,149,47,4,2,2,26,18,18,1,12,3,44,1,39,1,0,2,0,0,1,0,0,45,2,27.0,172.0,25.6,10.5,0.315,0.409,0.391,0.094,0.433,0.257,0.33,0.357,0.311,0.343,0.073,0.444,0.371,0.058,0.079,0.046,85.7,8.5,33.9,3.7,24.8,95.289466596,91.694303656,58.8,30.3,56.1,85.3,25.3,43.9,33.0,52.3,17.4,26.6,3.7,7.0,69.0,4.0,22.9,5.3,14.8,53.6,4.0,29.2,4.23,6.0,19.0,22.0,109.0,54.0,59.9,samad taylor,SD,,,,,,,,210.0,28.0,4.565217391304348,1.2209302325581395,334,2B/OF,OF,True,339.0,171.72,2.3941801142166454,38.28,2.171037277087702,5.0,False,False,279,False,32.35320551116405,3.230821634660523,0.4807401971868074,2.2282326569886206,21.413895206995242,14.494237760738466,181.37113296773373,1.0544833312077542,28.62886703226627,0.1664469013503853,473.0,-263.0,"{'C': 415, 'SS': 586, '2B': 586, '3B': 569, '1B': 598, 'OF': 519, 'UT': 473}",1.2209302325581395,0.5290697674418605,-7.0655199028689095,,,,,,41.860465116279066,6.976744186046512,62.79069767441861,-0.045999999999999985,,0,255,,,0,False,0.8709302325581395,,,,53.0,1.0,53.0,0.0,Right oblique strain,53.0,2026-06-03,2026-09-12,35.0,89.0,43.0,46.0,464.0,0.814,69.0,1.0,0.15,,established,31.3,0.6,0.43,"255 career PA, still new · sprint 29.2 ft/s (92nd pct) · avg EV 85.7 (11th pct)",xwOBA 0.311 (54th) · barrels 3.7% (16th) · EV 85.7 (10th) · hard-hit 25% (5th) · K 26% (31st) · BB 10% (74th) · chase 30% (50th) · bat speed 69.0 mph (14th) · sprint 29.2 (91st),"{""n"":20,""b"":1,""c"":[[""Sam Haggerty"",2022,28,1.15,1.1,119,0],[""Garrett Stubbs"",2022,29,1.18,0.83,104,0],[""Leo Rivas"",2025,28,1.06,0.59,86,0],[""David Hamilton"",2024,27,1.19,1.1,213,0],[""Adam Engel"",2021,30,1.22,0.88,230,0]]}",0.9192296806388318,1.2209302325581395,-0.026330886137737278,0.9192296806388318,251.0,0.958,231.0,552.0,328,285,GLIZZY,candidate,,0.8709302325581395,False
669394,Jake Burger,2026,1996-04-10,1B,R,Texas Rangers,154,616,552,127,23,0,28,71,90,56,4,4,2,165,4,76,5,0,0,0,153,0,0,0,0,1,30.0,616.0,26.8,9.1,0.23,0.424,0.304,0.194,0.273,0.228,0.422,0.318,0.316,0.303,0.194,0.394,0.391,0.002,0.002,0.002,90.1,13.9,29.2,12.3,45.5,102.450399026,95.552990463,67.0,35.5,43.9,80.1,34.1,49.7,44.0,43.5,29.2,18.9,8.4,7.5,75.7,13.0,21.1,62.4,9.4,59.5,-3.0,27.3,4.46,32.0,44.0,51.0,391.0,71.2,63.6,jake burger,TEX,Jake Burger,TEX,1B,267.0,163.0,249.0,249.0,589.0,30.2,3.824675324675325,0.9561688311688312,88,1B,1B,False,163.0,422.61764705882354,3.705765225084571,166.38235294117646,0.11891009959075394,75.0,True,False,53,False,71.98581620747306,26.703363009426734,1.11582535872736,26.050995424372854,74.55724013909686,75.50028283754969,575.8575229766466,0.9348336411958549,13.142477023353422,0.021335189972976343,473.0,116.0,"{'C': 415, 'SS': 586, '2B': 586, '3B': 569, '1B': 598, 'OF': 519, 'UT': 473}",0.9561688311688312,0.4707792207792208,0.24742007625844398,42.64150943396226,35.84905660377358,72.45283018867924,6.7924528301886795,-29.81132075471698,3.8961038961038965,27.272727272727273,54.54545454545455,-0.0020000000000000018,1.05,4,2336,-0.09383116883116882,1.05,3,False,-0.09383116883116882,2.1000000000000014,-1.5999999999999996,1.1000000000000085,0.0,0.0,69.0,0.0,,35.099999999999994,2026-03-26,2026-09-12,142.0,149.0,149.0,0.0,566.0,0.953,0.0,0.0,0.15,,established,35.3,1.6,1.13,"616 PA, already has the job · avg EV 90.1 (77th pct) · 0.96/PA this year against 1.05 at his best, two steps to clear · bat speed up 1.1 mph",xwOBA 0.316 (61st) · barrels 12.3% (85th) · EV 90.1 (74th) · hard-hit 46% (83rd) · K 27% (24th) · BB 9% (55th) · chase 36% (22nd) · bat speed 75.7 mph (93rd) · sprint 27.3 (45th),"{""n"":20,""b"":0,""c"":[[""Dansby Swanson"",2024,30,1.0,1.01,649,0],[""Brandon Lowe"",2025,31,1.04,1.05,690,0],[""Randy Arozarena"",2024,29,0.98,1.08,767,0],[""Dansby Swanson"",2023,29,0.97,1.0,593,0],[""Brandon Nimmo"",2024,31,1.02,1.06,688,0]]}",0.9596492076846237,0.9471092287993698,-0.035928731828200076,0.9596492076846237,451.0,0.972,433.0,576.0,119,176,CJF,established,1.05,-0.09383116883116882,False
669397,Nick Allen,2026,1998-10-08,SS,R,Houston Astros,93,161,144,40,6,0,3,25,14,10,1,2,0,32,3,31,5,0,0,0,0,42,14,35,0,1,27.0,161.0,19.9,6.2,0.278,0.382,0.323,0.104,0.33,0.216,0.269,0.31,0.244,0.268,0.054,0.359,0.268,0.062,0.113,0.066,85.5,13.3,24.6,1.7,26.3,96.005594464,92.054576757,65.9,26.8,60.8,81.7,24.0,47.1,39.8,49.2,20.3,18.6,11.9,6.7,68.9,8.3,27.1,1.7,7.1,60.2,-2.0,26.9,4.49,8.0,21.0,11.0,118.0,77.6,65.2,nick allen,HOU,,,,,,,,146.0,27.7,1.5698924731182795,0.906832298136646,391,2B/3B/SS,2B/SS,True,339.0,171.72,2.3941801142166454,-25.72,-0.8242876410983659,-52.0,False,False,339,False,26.81791886888062,2.458684450816329,0.16487449172547614,1.662522188577573,14.871971592944751,13.754625460120232,110.61059705306498,0.687022341944503,35.38940294693502,0.21980995619214305,473.0,-327.0,"{'C': 415, 'SS': 586, '2B': 586, '3B': 569, '1B': 598, 'OF': 519, 'UT': 473}",0.906832298136646,0.45962732919254656,-8.638559275231422,,,,,,7.453416149068323,11.180124223602485,37.267080745341616,-0.066,,3,1337,,0.6899696048632219,3,False,0.2168626932734241,-3.900000000000002,1.7,4.400000000000006,36.0,2.0,36.0,0.0,Left hamstring strain,36.0,2026-03-26,2026-09-11,85.0,150.0,115.0,35.0,194.0,0.739,0.0,0.0,0.15,,established,24.5,0.6,0.987,"28 years old, an age that jumps 4% of the time · sprint 26.9 ft/s (34th pct) · 1,337 career PA, a known quantity · bat speed up 4.4 mph",xwOBA 0.244 (2nd) · barrels 1.7% (4th) · EV 85.5 (8th) · hard-hit 26% (7th) · K 20% (66th) · BB 6% (24th) · chase 27% (72nd) · bat speed 68.9 mph (13th) · sprint 26.9 (34th),"{""n"":20,""b"":1,""c"":[[""Reese McGuire"",2025,30,1.06,0.53,18,0],[""Taylor Walls"",2025,29,0.91,0.9,390,0],[""Matthew Batten"",2023,28,0.91,1.33,4,0],[""Vidal Bruj\u00e1n"",2025,27,0.85,0.62,8,0],[""Geraldo Perdomo"",2024,25,0.97,1.13,814,1]]}",0.7492045274299636,0.7661958110082806,-0.026330886137737278,0.7492045274299636,200.0,0.971,150.0,450.0,461,461,FA,candidate,0.6899696048632219,0.2168626932734241,False
669477,Casey Schmitt,2026,1999-03-01,OF,R,San Francisco Giants,98,409,387,105,17,1,21,47,55,11,7,9,1,81,4,66,5,0,0,0,16,7,24,7,30,23,27.0,409.0,19.8,2.7,0.271,0.483,0.301,0.212,0.291,0.288,0.512,0.336,0.355,0.317,0.224,0.403,0.428,-0.017,-0.029,-0.019,89.9,21.6,39.4,12.3,44.8,100.777605742,94.749369773,71.5,36.5,57.6,89.3,21.4,53.8,39.0,29.7,34.5,25.2,10.6,7.6,72.5,14.0,27.4,27.5,9.7,48.6,8.0,28.0,4.53,32.0,24.0,48.0,310.0,81.7,62.3,casey schmitt,SF,Casey Schmitt,SF,"1B,2B,3B,SS,LF,DH",818.5,321.0,1145.0,,434.0,27.3,4.428571428571429,1.061124694376528,174,1B/2B/3B/OF,3B/OF,False,321.0,171.72,2.3941801142166454,262.28,2.0343913143547834,147.0,False,False,132,False,67.52758261168084,21.74654220300531,1.6041677589468255,20.577707426367017,55.354926431969936,54.13647260739879,459.0913990393687,1.122472858286965,-25.091399039368696,-0.06134816391043696,473.0,-39.0,"{'C': 415, 'SS': 586, '2B': 586, '3B': 569, '1B': 598, 'OF': 519, 'UT': 473}",1.061124694376528,0.5574572127139364,-1.9995274414667643,77.35849056603774,72.83018867924528,52.075471698113205,4.5283018867924625,25.28301886792454,13.202933985330073,30.806845965770172,16.13691931540342,0.01899999999999996,1.061124694376528,3,1147,0.0,0.8477011494252874,2,False,0.2134235449512406,-4.099999999999998,3.3000000000000007,0.9000000000000057,61.0,1.0,98.0,0.0,Left knee meniscus tear,83.2,2026-03-25,2026-07-27,98.0,116.0,109.0,7.0,559.0,0.899,0.0,0.0,0.15,,established,34.1,5.9,1.141,"deserved 1.12/PA on contact quality, got 1.06 · 1.06/PA is his best rate yet, so the bar is one step up · avg EV 89.9 (74th pct) · barrel rate up 3.3 pts on last year · bat speed up 0.9 mph",xwOBA 0.355 (92nd) · barrels 12.3% (85th) · EV 89.9 (72nd) · hard-hit 45% (80th) · K 20% (67th) · BB 3% (1st) · chase 36% (17th) · bat speed 72.5 mph (58th) · sprint 28.0 (63rd),"{""n"":20,""b"":1,""c"":[[""Jordan Westburg"",2024,25,1.05,1.02,360,0],[""Taylor Ward"",2022,28,1.06,1.01,412,0],[""Nick Gordon"",2022,27,0.95,0.7,65,0],[""Jes\u00fas S\u00e1nchez"",2023,26,1.01,1.02,546,0],[""Anthony Santander"",2022,28,0.99,1.05,692,0]]}",0.9994708216038461,0.9889932016833928,-0.01697502965936144,0.9994708216038461,381.0,0.933,381.0,600.0,162,100,FA,candidate,0.8477011494252874,0.2134235449512406,False
669701,Josh Smith,2026,1997-08-07,2B,L,multi,79,242,211,43,5,1,6,23,15,25,2,4,1,56,2,31,2,0,0,0,1,45,17,0,17,2,28.0,242.0,23.1,10.3,0.204,0.322,0.292,0.118,0.245,0.204,0.32,0.276,0.276,0.291,0.117,0.305,0.301,0.0,0.002,0.0,85.9,16.1,32.7,6.3,30.2,96.888717922,92.478037712,61.0,34.2,54.7,88.0,24.6,47.1,34.6,40.3,32.1,21.4,6.3,7.0,68.7,6.5,23.4,2.5,12.7,43.3,-9.0,27.9,4.38,10.0,15.0,18.0,159.0,72.0,61.8,josh smith,multi,Josh Smith,TOR,"1B,2B,3B,SS,LF,RF",317.0,194.0,325.0,337.0,186.0,28.9,2.3544303797468356,0.768595041322314,351,1B/2B/3B/SS,2B,False,194.0,375.06451612903226,3.180509813450934,-189.06451612903226,-0.8260794337040984,-157.0,False,False,283,True,30.063716047514355,6.766859881275822,0.7201320949052786,5.4932919763045405,26.784169129100338,23.821245530485534,198.38041465958588,0.8197537795850657,-12.380414659585881,-0.051158738262751635,473.0,-287.0,"{'C': 415, 'SS': 586, '2B': 586, '3B': 569, '1B': 598, 'OF': 519, 'UT': 473}",0.768595041322314,0.32644628099173556,-9.262040575394037,,,,,,9.917355371900827,14.87603305785124,61.98347107438017,0.0,0.9391891891891891,5,1882,-0.1705941478668751,0.9391891891891891,4,False,-0.1705941478668751,5.300000000000001,1.2999999999999998,-0.29999999999999716,52.0,2.0,52.0,0.0,,52.0,2026-03-26,2026-09-12,68.0,145.0,97.0,48.0,323.0,0.701,0.0,0.0,0.15,,established,23.5,0.5,1.019,"deserved 0.82/PA on contact quality, got 0.77 · sprint 27.9 ft/s (61st pct) · already 29, an age that jumps 4% of the time",xwOBA 0.276 (18th) · barrels 6.3% (40th) · EV 85.9 (12th) · hard-hit 30% (16th) · K 23% (48th) · BB 10% (70th) · chase 34% (28th) · bat speed 68.7 mph (11th) · sprint 27.9 (60th),"{""n"":20,""b"":0,""c"":[[""Thairo Estrada"",2024,28,0.82,0.84,138,0],[""Dylan Carlson"",2025,27,0.8,0.25,1,0],[""Taylor Walls"",2024,28,0.84,0.91,289,0],[""J.P. Crawford"",2024,30,0.81,0.88,577,0],[""Jeimer Candelario"",2022,29,0.79,1.03,593,0]]}",0.8679143701994576,0.8658568787958805,-0.019875156067583864,0.8679143701994576,292.0,0.958,253.0,521.0,293,396,FA,established,0.9391891891891891,-0.1705941478668751,False
669707,Jared Triolo,2026,1998-02-08,SS,R,Pittsburgh Pirates,124,361,323,77,12,0,3,34,29,28,5,13,1,71,1,62,10,0,0,0,8,0,50,71,7,1,28.0,361.0,19.7,7.8,0.238,0.303,0.308,0.065,0.296,0.242,0.317,0.279,0.285,0.312,0.075,0.302,0.31,-0.004,-0.014,-0.006,86.3,6.1,32.9,2.4,32.9,97.382690726,92.701064274,64.4,25.6,55.6,87.3,21.7,45.1,38.4,51.0,18.4,27.1,3.5,7.6,70.4,9.9,27.8,4.8,7.4,47.5,-11.0,28.3,4.42,11.0,30.0,36.0,255.0,79.8,60.4,jared triolo,PIT,Jared Triolo,PIT,"1B,2B,3B,SS,RF",445.0,262.0,408.0,454.0,300.0,28.4,2.4193548387096775,0.8310249307479224,259,1B/3B/SS,3B/SS,False,262.0,220.25,2.8337463512984864,79.75,-0.4143915125888089,3.0,False,False,247,False,64.12592399923123,8.707030447390704,0.48116710752489816,4.851878445853167,40.63921616950007,31.594539430684208,314.7907556001843,0.8719965529090978,-14.790755600184298,-0.04097162216117545,473.0,-173.0,"{'C': 415, 'SS': 586, '2B': 586, '3B': 569, '1B': 598, 'OF': 519, 'UT': 473}",0.8310249307479224,0.3628808864265928,-6.848756854628848,4.905660377358491,7.547169811320755,6.7924528301886795,-2.6415094339622636,-1.8867924528301883,21.606648199445985,4.986149584487535,46.53739612188365,0.00599999999999995,1.0478468899521531,4,1392,-0.21682195920423075,1.0478468899521531,3,False,-0.21682195920423075,-0.5,-3.8000000000000003,-1.1999999999999886,27.0,1.0,36.0,0.0,,32.4,2026-03-26,2026-09-12,112.0,152.0,126.0,26.0,408.0,0.889,0.0,0.0,0.15,,established,27.1,0.6,1.128,"deserved 0.87/PA on contact quality, got 0.83 · sprint 28.3 ft/s (74th pct) · 1,392 career PA, a known quantity",xwOBA 0.285 (24th) · barrels 2.4% (8th) · EV 86.3 (15th) · hard-hit 33% (24th) · K 20% (68th) · BB 8% (39th) · chase 26% (79th) · bat speed 70.4 mph (28th) · sprint 28.3 (72nd),"{""n"":20,""b"":0,""c"":[[""Santiago Espinal"",2023,29,0.81,0.88,345,0],[""Myles Straw"",2023,29,0.86,2.5,10,0],[""Taylor Walls"",2024,28,0.84,0.91,289,0],[""Nicky Lopez"",2023,28,0.87,0.73,326,0],[""Danny Jansen"",2024,29,0.83,0.98,331,0]]}",0.8829370474021073,0.8428650749583566,-0.026330886137737278,0.8829370474021073,302.0,0.974,267.0,530.0,278,370,FA,established,1.0478468899521531,-0.21682195920423075,False
669720,Austin Hays,2026,1995-07-05,DH,R,multi,37,100,96,26,3,0,3,14,13,3,0,0,1,26,1,20,0,0,0,0,0,0,0,0,19,13,30.0,100.0,26.0,3.0,0.271,0.396,0.29,0.125,0.338,0.284,0.392,0.294,0.298,0.296,0.108,0.391,0.397,-0.013,0.004,-0.004,87.1,5.2,35.2,4.2,42.3,99.184637714,93.834369143,76.5,37.9,46.8,76.2,34.8,55.5,52.1,50.7,15.5,31.0,2.8,7.3,73.0,8.9,22.2,26.1,15.9,59.7,-2.0,27.1,4.49,1.0,9.0,16.0,71.0,75.0,72.7,austin hays,multi,Austin Hays,SD,"LF,DH",363.3,222.0,361.0,381.0,94.0,31.0,2.5405405405405403,0.94,448,OF,UT,False,222.0,338.3666666666667,3.0792137196109657,-244.36666666666667,-0.5386731790704253,-226.0,False,False,339,True,21.71173973401733,3.0306352271835793,0.22751034358084027,2.2941146952182474,10.82800040169587,10.347842730797117,89.07184313249299,0.8907184313249299,4.928156867507013,0.04928156867507005,473.0,-379.0,"{'C': 415, 'SS': 586, '2B': 586, '3B': 569, '1B': 598, 'OF': 519, 'UT': 473}",0.94,0.42,-9.703112340775343,,,,,,0.0,18.0,18.0,0.0040000000000000036,,5,2448,,1.0697115384615385,5,True,-0.1297115384615386,0.3000000000000007,-6.3,1.0999999999999943,113.0,2.0,222.0,1.0,Right hamstring strain,162.2,2026-03-26,2026-09-12,31.0,63.0,44.0,19.0,305.0,0.705,0.0,0.0,0.15,,established,31.0,0.1,1.02,sprint 27.1 ft/s (40th pct) · avg EV 87.1 (27th pct) · got 0.94/PA but deserved 0.89 · bat speed up 1.1 mph,xwOBA 0.298 (39th) · barrels 4.2% (21st) · EV 87.1 (25th) · hard-hit 42% (69th) · K 26% (28th) · BB 3% (2nd) · chase 38% (13th) · bat speed 73.0 mph (66th) · sprint 27.1 (39th),"{""n"":20,""b"":0,""c"":[[""Andy Ib\u00e1\u00f1ez"",2024,31,0.89,0.9,174,0],[""Rafael Ortega"",2023,32,0.9,0.88,15,0],[""Ha-Seong Kim"",2025,30,0.9,0.49,70,0],[""Gio Urshela"",2023,32,0.89,0.8,367,0],[""Dominic Smith"",2025,30,1.0,0.95,282,0]]}",0.8682599194755205,1.0257589696412144,-0.03556545422470473,0.8682599194755205,214.0,0.87,186.0,521.0,415,396,FA,established,1.0697115384615385,-0.1297115384615386,True
669743,Alex Call,2026,1994-09-27,OF,R,Los Angeles Dodgers,87,193,161,37,8,0,1,24,19,23,7,1,1,35,2,28,1,0,1,0,0,0,0,0,68,5,31.0,193.0,18.1,11.9,0.23,0.298,0.347,0.068,0.283,0.2,0.254,0.302,0.274,0.324,0.054,0.29,0.248,0.03,0.044,0.028,83.3,15.3,27.3,1.6,15.6,92.591885625,90.485118583,61.1,24.2,66.0,89.4,17.4,42.4,35.9,44.5,24.2,18.8,12.5,6.7,66.6,2.6,24.7,3.2,8.0,43.1,-1.0,27.8,4.36,3.0,16.0,17.0,128.0,70.8,58.0,alex call,LAD,Alex Call,LAD,"LF,CF,RF,DH",685.0,291.0,925.0,,162.0,31.8,1.8620689655172413,0.8393782383419689,373,OF,OF,False,291.0,171.72,2.5,-9.719999999999999,-0.6379310344827587,-82.0,False,False,339,False,27.182142720783908,3.083273902001255,0.19302403364578113,1.7415593435690602,20.210802013296174,15.512160702577104,142.81696271587327,0.7399842627765455,19.183037284126726,0.0993939755654234,473.0,-311.0,"{'C': 415, 'SS': 586, '2B': 586, '3B': 569, '1B': 598, 'OF': 519, 'UT': 473}",0.8393782383419689,0.41450777202072536,-9.304916603773897,,,,,,3.1088082901554404,3.1088082901554404,71.50259067357513,-0.02799999999999997,,2,1198,,0.9440993788819876,2,False,-0.10472114054001869,1.0,-2.9,0.5,0.0,0.0,36.0,0.0,,10.799999999999999,2026-04-03,2026-09-12,81.0,143.0,143.0,0.0,191.0,0.566,8.0,0.0,0.15,,established,24.2,0.3,0.919,"sprint 27.8 ft/s (59th pct) · 1,198 career PA, a known quantity · already 32, an age that jumps 3% of the time",xwOBA 0.274 (16th) · barrels 1.6% (3rd) · EV 83.3 (1st) · hard-hit 16% (1st) · K 18% (76th) · BB 12% (87th) · chase 24% (86th) · bat speed 66.6 mph (2nd) · sprint 27.8 (57th),"{""n"":20,""b"":0,""c"":[[""Kevin Newman"",2024,31,0.94,0.66,76,0],[""Austin Wynns"",2022,32,0.86,0.83,120,0],[""Charlie Culberson"",2022,33,0.88,2.0,2,0],[""Hanser Alberto"",2022,30,0.77,0.87,78,0],[""Gio Urshela"",2023,32,0.89,0.8,367,0]]}",0.8118729868751487,0.8917659243915069,-0.04944745880435125,0.8118729868751487,200.0,0.991,162.0,487.0,454,451,FA,established,0.9440993788819876,-0.10472114054001869,False
670032,Nicky Lopez,2026,1995-03-13,2B,L,multi,99,268,235,63,5,1,1,25,24,12,7,5,3,44,2,56,3,0,0,0,0,68,2,28,4,0,31.0,268.0,16.4,4.5,0.268,0.311,0.32,0.043,0.323,0.247,0.298,0.285,0.27,0.299,0.051,0.31,0.291,0.021,0.013,0.015,84.7,3.1,28.3,0.0,22.4,94.415922766,91.211672181,70.5,34.2,70.9,86.6,18.4,52.6,28.8,60.0,15.1,22.0,2.9,6.8,66.4,3.5,27.2,0.9,7.9,59.2,-10.0,27.6,4.22,5.0,31.0,27.0,205.0,85.7,62.9,nicky lopez,multi,,,,,,,,216.0,31.3,2.1818181818181817,0.8059701492537313,325,2B/3B/SS,2B/SS,True,339.0,171.72,2.3941801142166454,44.28,-0.2123619323984638,14.0,False,False,276,False,51.3309536189581,3.8725123682778406,0.41211440657002907,2.429419606194033,27.426358545796994,22.45002588294063,208.9513844287376,0.7796693448833493,7.048615571262388,0.02630080437038207,473.0,-257.0,"{'C': 415, 'SS': 586, '2B': 586, '3B': 569, '1B': 598, 'OF': 519, 'UT': 473}",0.8059701492537313,0.35447761194029853,-8.030052299126757,,,,,,11.194029850746269,2.2388059701492535,26.865671641791042,-0.014999999999999958,1.008849557522124,5,2048,-0.20287940826839257,,4,False,0.45597014925373136,,,,0.0,0.0,0.0,0.0,,0.0,2026-04-25,2026-09-12,88.0,109.0,109.0,0.0,334.0,0.807,30.0,1.0,0.15,,established,24.2,0.2,1.089,"got 0.81/PA but deserved 0.78 · only 268 PA, and a breakout needs 350 next year · already 31, an age that jumps 3% of the time",xwOBA 0.270 (13th) · barrels 0.0% (0th) · EV 84.7 (4th) · hard-hit 22% (3rd) · K 16% (84th) · BB 4% (8th) · chase 34% (28th) · bat speed 66.4 mph (2nd) · sprint 27.6 (52nd),"{""n"":20,""b"":1,""c"":[[""Adam Frazier"",2024,32,0.78,0.9,411,0],[""Mauricio Dub\u00f3n"",2025,31,0.82,0.95,584,0],[""Isiah Kiner-Falefa"",2025,30,0.87,0.92,169,0],[""Mauricio Dub\u00f3n"",2024,30,0.86,0.82,328,0],[""Thairo Estrada"",2024,28,0.82,0.84,138,0]]}",0.8195270718664385,0.7815691158156912,-0.03556545422470473,0.8195270718664385,206.0,1.0,169.0,492.0,449,447,FA,established,,0.45597014925373136,False
670042,Luke Raley,2026,1994-09-19,OF,L,Seattle Mariners,95,287,262,59,9,1,15,28,39,15,7,1,2,93,1,34,1,0,1,0,0,0,0,0,89,5,31.0,287.0,32.4,5.2,0.225,0.439,0.284,0.214,0.284,0.252,0.486,0.313,0.342,0.308,0.234,0.435,0.484,-0.027,-0.047,-0.029,90.8,15.1,40.1,15.7,47.1,102.124981786,95.507658563,76.7,34.6,35.1,71.7,40.9,54.1,45.9,36.6,29.1,27.9,6.4,7.3,75.3,11.3,18.7,57.2,14.7,59.2,-4.0,28.6,4.31,16.0,14.0,29.0,172.0,83.3,61.5,luke raley,SEA,Luke Raley,SEA,"1B,LF,CF,RF,DH",813.5,319.0,1184.0,,267.0,31.8,2.8105263157894735,0.9303135888501742,281,1B/OF,OF,False,319.0,171.72,2.3941801142166454,95.28,0.4163462015728281,38.0,False,False,250,False,35.345927288133296,14.682314568988723,1.36158899762266,14.63416914525532,39.1711759008961,37.765911959176286,296.2930878600724,1.032380097073423,-29.293087860072376,-0.1020665082232487,473.0,-206.0,"{'C': 415, 'SS': 586, '2B': 586, '3B': 569, '1B': 598, 'OF': 519, 'UT': 473}",0.9303135888501742,0.36585365853658536,-6.619881098841453,,,,,,2.0905923344947737,31.358885017421603,31.358885017421603,0.029000000000000026,1.1379310344827587,4,1511,-0.20761744563258444,1.1379310344827587,3,False,-0.20761744563258444,3.1999999999999993,5.1,1.5,57.0,1.0,124.0,0.0,,97.19999999999999,2026-03-26,2026-07-30,95.0,116.0,111.0,5.0,385.0,0.856,0.0,0.0,0.15,,established,36.1,0.9,1.218,"deserved 1.03/PA on contact quality, got 0.93 · avg EV 90.8 (86th pct) · sprint 28.6 ft/s (81st pct) · barrel rate up 5.1 pts on last year · bat speed up 1.5 mph",xwOBA 0.342 (85th) · barrels 15.7% (97th) · EV 90.8 (85th) · hard-hit 47% (87th) · K 32% (6th) · BB 5% (14th) · chase 35% (26th) · bat speed 75.3 mph (90th) · sprint 28.6 (81st),"{""n"":20,""b"":2,""c"":[[""Austin Slater"",2023,30,0.96,0.8,170,0],[""Seth Brown"",2023,31,0.92,0.85,342,0],[""Jorge Polanco"",2023,30,1.0,0.81,380,0],[""Mitch Haniger"",2023,32,0.86,0.8,337,0],[""Jake Burger"",2025,29,0.91,0.96,589,0]]}",0.9152503503426629,0.9282753649306182,-0.04944745880435125,0.9152503503426629,254.0,0.922,232.0,549.0,326,299,FA,established,1.1379310344827587,-0.20761744563258444,False
670231,John Rave,2026,1997-12-30,OF,L,Kansas City Royals,52,161,142,33,8,1,6,26,13,17,0,8,1,38,0,18,3,0,3,0,0,0,0,0,53,1,28.0,161.0,23.6,10.6,0.232,0.43,0.314,0.198,0.276,0.237,0.391,0.326,0.315,0.319,0.154,0.385,0.368,-0.005,0.039,0.011,87.9,14.2,31.1,10.5,34.9,99.59267898,93.981784227,57.6,27.4,61.1,83.1,24.3,42.0,44.3,45.3,25.5,18.9,10.4,7.2,73.8,13.7,24.2,36.6,10.3,65.7,0.0,28.8,4.23,10.0,10.0,12.0,106.0,75.0,54.0,john rave,KC,,,,,,,,177.0,28.5,3.4038461538461537,1.0993788819875776,359,OF,OF,True,339.0,171.72,2.3941801142166454,5.280000000000001,1.0096660396295083,-20.0,False,False,283,False,21.85062690885879,6.461499687068402,0.6191198992868225,4.7227535047859845,20.72914662281447,17.227564011655932,171.1327106344704,1.0629360908973318,5.867289365529587,0.03644279109024584,473.0,-296.0,"{'C': 415, 'SS': 586, '2B': 586, '3B': 569, '1B': 598, 'OF': 519, 'UT': 473}",1.0993788819875776,0.5403726708074534,-8.21857478983067,,,,,,29.81366459627329,22.36024844720497,63.35403726708075,-0.01100000000000001,,0,336,,,0,False,0.7493788819875776,-2.6999999999999993,5.0,-0.10000000000000853,0.0,0.0,0.0,0.0,,0.0,2026-06-15,2026-09-12,41.0,77.0,77.0,0.0,238.0,0.532,80.0,1.0,0.15,,established,37.4,3.5,0.43,"336 career PA, still new · sprint 28.8 ft/s (85th pct) · avg EV 87.9 (40th pct) · barrel rate up 5.0 pts on last year",xwOBA 0.315 (59th) · barrels 10.5% (76th) · EV 87.9 (38th) · hard-hit 35% (32nd) · K 24% (44th) · BB 11% (76th) · chase 27% (69th) · bat speed 73.8 mph (76th) · sprint 28.8 (84th),"{""n"":20,""b"":0,""c"":[[""Bryce Johnson"",2025,30,1.11,1.0,49,0],[""Freddy Fermin"",2023,28,1.09,0.96,352,0],[""Dylan Moore"",2022,30,1.2,1.0,165,0],[""Carlos Cortes"",2025,28,1.1,0.9,342,0],[""Tyrone Taylor"",2021,27,1.08,0.99,400,0]]}",0.9942386410305869,1.0082706766917293,-0.019875156067583864,0.9942386410305869,200.0,1.0,199.0,597.0,385,105,FA,established,,0.7493788819875776,False
670242,Matt Wallner,2026,1997-12-12,OF,L,Minnesota Twins,34,135,120,20,3,0,4,14,10,10,5,0,1,53,0,13,1,0,2,0,0,0,0,0,33,0,28.0,135.0,39.3,7.4,0.167,0.292,0.259,0.125,0.254,0.2,0.333,0.253,0.281,0.289,0.134,0.352,0.408,-0.033,-0.041,-0.028,88.4,8.1,26.9,10.4,40.3,101.422806765,95.021781343,74.2,31.6,29.3,68.2,44.0,52.1,44.8,50.7,20.9,23.9,4.5,7.5,75.2,7.6,13.3,56.8,10.9,57.1,-8.0,26.0,4.43,3.0,5.0,12.0,67.0,75.8,65.2,matt wallner,MIN,Matt Wallner,MIN,"LF,RF",305.0,184.0,296.0,277.0,97.0,28.5,2.8529411764705883,0.7185185185185186,444,OF,OF,False,184.0,375.06451612903226,3.180509813450934,-278.06451612903226,-0.32756863698034566,-260.0,False,False,339,True,15.49857049515311,4.541672174776401,0.34094416498786734,3.618813165082622,13.576290978659245,14.582726069923991,110.23901704858324,0.8165853114709869,-13.239017048583236,-0.09806679295246834,473.0,-376.0,"{'C': 415, 'SS': 586, '2B': 586, '3B': 569, '1B': 598, 'OF': 519, 'UT': 473}",0.7185185185185186,0.11851851851851852,-10.695240562052815,,,,,,0.0,17.77777777777778,44.44444444444444,0.028000000000000025,,3,1107,,1.1574803149606299,3,False,-0.4389617964421113,10.199999999999996,-3.5,-1.3999999999999915,0.0,0.0,57.0,0.0,,33.0,2026-03-26,2026-05-13,34.0,50.0,50.0,0.0,402.0,0.68,0.0,0.0,0.15,,established,34.8,0.3,0.799,"deserved 0.82/PA on contact quality, got 0.72 · 1,107 career PA, a known quantity · sprint 26.0 ft/s (15th pct)",xwOBA 0.281 (20th) · barrels 10.4% (74th) · EV 88.4 (47th) · hard-hit 40% (58th) · K 39% (0th) · BB 7% (34th) · chase 32% (42nd) · bat speed 75.2 mph (90th) · sprint 26.0 (15th),"{""n"":20,""b"":0,""c"":[[""Seby Zavala"",2023,30,0.76,0.72,31,0],[""James Outman"",2024,27,0.69,0.72,107,0],[""Zack Collins"",2022,27,0.75,1.0,6,0],[""Matt Thaiss"",2024,29,0.81,0.85,161,0],[""Paul DeJong"",2022,29,0.69,0.8,321,0]]}",0.8500907546948511,1.0066985645933013,-0.019875156067583864,0.8500907546948511,261.0,0.974,222.0,510.0,341,425,FA,established,1.1574803149606299,-0.4389617964421113,False
670541,Yordan Alvarez,2026,1997-06-27,DH,L,Houston Astros,157,687,563,178,34,1,42,104,105,109,10,1,0,119,5,101,2,0,0,0,0,0,0,0,25,133,29.0,686.0,17.2,15.9,0.317,0.605,0.433,0.288,0.334,0.319,0.64,0.43,0.443,0.408,0.32,0.491,0.51,-0.002,-0.035,-0.013,94.4,18.9,40.3,16.1,53.9,104.915906161,97.262319441,62.2,29.0,64.9,89.4,19.8,43.5,41.4,30.3,37.6,26.9,5.1,7.7,76.1,17.8,26.8,61.6,8.3,43.4,61.0,25.4,4.66,56.0,41.0,81.0,449.0,68.5,57.5,yordan alvarez,HOU,Yordan Alvarez,HOU,"LF,DH",30.2,24.0,33.0,33.0,847.0,29.0,5.3949044585987265,1.232896652110626,2,OF,OF,False,24.0,650.0,4.559006211180124,197.0,0.8358982474186023,22.0,False,False,1,False,90.24176662739812,42.85122082156778,2.2032584746701245,44.300754076363994,101.31447597598148,112.88874284205586,873.5572188180374,1.2715534480611899,-26.557218818037427,-0.03865679595056393,473.0,374.0,"{'C': 415, 'SS': 586, '2B': 586, '3B': 569, '1B': 598, 'OF': 519, 'UT': 473}",1.232896652110626,0.7860262008733624,8.169109249237648,99.24528301886792,100.0,99.62264150943396,-0.7547169811320771,-0.37735849056603854,0.8733624454148472,36.68122270742358,95.19650655021833,0.013000000000000012,1.2887700534759359,5,3176,-0.05587340136530994,,4,True,0.882896652110626,0.5999999999999979,2.3000000000000007,0.0,0.0,0.0,122.0,0.0,,73.2,2026-03-26,2026-09-10,145.0,150.0,150.0,0.0,633.0,0.967,0.0,0.0,0.15,,established,37.4,5.5,1.369,"687 PA, already has the job · avg EV 94.4 (99th pct) · deserved 1.27/PA on contact quality, got 1.23 · barrel rate up 2.3 pts on last year",xwOBA 0.443 (100th) · barrels 16.1% (98th) · EV 94.4 (99th) · hard-hit 54% (97th) · K 17% (80th) · BB 16% (98th) · chase 29% (59th) · bat speed 76.1 mph (94th) · sprint 25.4 (8th),"{""n"":20,""b"":1,""c"":[[""Juan Soto"",2025,27,1.31,1.16,551,0],[""Pete Alonso"",2025,31,1.1,1.13,792,0],[""Vladimir Guerrero Jr."",2024,25,1.16,1.06,723,0],[""Juan Soto"",2024,26,1.27,1.31,939,0],[""Ketel Marte"",2024,31,1.21,1.12,622,0]]}",1.1399544208243668,1.192396428929682,-0.019875156067583864,1.1399544208243668,594.0,0.941,677.0,684.0,19,5,MMM,established,,0.882896652110626,True
670623,Isaac Paredes,2026,1999-02-18,3B,R,Houston Astros,154,655,559,147,27,1,25,69,94,70,19,0,0,88,7,94,9,0,0,0,15,3,137,0,0,9,27.0,655.0,13.4,10.7,0.263,0.449,0.36,0.186,0.269,0.246,0.374,0.356,0.323,0.346,0.128,0.357,0.312,0.017,0.075,0.033,86.1,24.3,38.5,4.8,29.5,96.593307029,92.324088239,62.0,26.9,74.9,90.3,14.8,43.4,49.4,27.0,30.8,27.8,14.4,7.8,67.2,6.0,27.9,6.7,14.9,52.7,27.0,25.1,4.9,40.0,29.0,78.0,478.0,68.7,54.2,isaac paredes,HOU,Isaac Paredes,HOU,"1B,3B,DH",196.8,116.0,212.0,162.0,641.0,27.4,4.162337662337662,0.9786259541984733,51,1B/3B,3B,False,116.0,556.8852459016393,4.003049236131642,84.11475409836066,0.1592884262060199,65.0,True,False,38,False,100.10865338268347,19.751854215823737,1.1603314203021398,16.493160981190663,68.55859051218013,72.02477117986682,567.1633616920469,0.8658982621252624,73.83663830795308,0.11272769207321087,473.0,168.0,"{'C': 415, 'SS': 586, '2B': 586, '3B': 569, '1B': 598, 'OF': 519, 'UT': 473}",0.9786259541984733,0.6045801526717557,1.0304714438907512,52.45283018867924,86.79245283018868,80.37735849056604,-34.339622641509436,-27.924528301886795,0.0,22.900763358778626,64.12213740458016,-0.032999999999999974,1.0542907180385288,5,2771,-0.0756647638400555,1.0542907180385288,4,True,-0.0756647638400555,-3.9999999999999982,-1.5,-1.7999999999999972,0.0,0.0,61.0,0.0,,36.6,2026-03-26,2026-09-12,142.0,150.0,150.0,0.0,599.0,0.947,0.0,0.0,0.15,,established,27.5,0.6,1.134,"655 PA, already has the job · 27 years old, an age that jumps 3% of the time · avg EV 86.1 (15th pct)",xwOBA 0.323 (67th) · barrels 4.8% (26th) · EV 86.1 (14th) · hard-hit 30% (15th) · K 13% (94th) · BB 11% (77th) · chase 27% (71st) · bat speed 67.2 mph (4th) · sprint 25.1 (5th),"{""n"":20,""b"":0,""c"":[[""Steven Kwan"",2025,28,0.98,0.93,590,0],[""Adley Rutschman"",2024,26,0.96,0.87,318,0],[""Nathaniel Lowe"",2024,29,0.94,0.88,537,0],[""Nico Hoerner"",2024,27,1.01,1.07,693,0],[""Gleyber Torres"",2024,28,0.87,0.94,591,0]]}",0.9122921005359125,0.9617151607963247,-0.01697502965936144,0.9122921005359125,550.0,0.971,502.0,547.0,83,308,Dan,established,1.0542907180385288,-0.0756647638400555,True
670764,Taylor Walls,2026,1996-07-10,SS,S,Tampa Bay Rays,124,433,369,82,18,2,2,60,36,45,3,21,3,105,4,60,9,0,0,0,0,0,0,123,0,0,29.0,433.0,24.2,10.4,0.222,0.298,0.309,0.076,0.301,0.19,0.261,0.278,0.251,0.281,0.071,0.311,0.268,0.032,0.037,0.027,85.6,19.4,32.1,2.2,21.9,95.29496336,91.704933333,62.0,25.6,62.9,84.8,22.0,43.2,41.1,42.5,27.9,19.6,10.0,7.1,68.2,3.7,27.6,2.0,12.9,61.6,-14.0,27.9,4.38,9.0,33.0,39.0,280.0,72.6,61.9,taylor walls,TB,,,,,,,,390.0,30.0,3.1451612903225805,0.9006928406466512,200,SS,SS,True,339.0,171.72,2.3941801142166454,218.28,0.7509811761059351,139.0,False,False,171,False,54.16917534952016,10.312313037506746,0.9988478764260432,4.629663736547056,44.68933111583009,36.67625044170761,349.7845815575377,0.807816585583228,40.215418442462294,0.09287625506342323,473.0,-83.0,"{'C': 415, 'SS': 586, '2B': 586, '3B': 569, '1B': 598, 'OF': 519, 'UT': 473}",0.9006928406466512,0.3856812933025404,-4.70494136886868,20.0,11.320754716981133,26.037735849056602,8.679245283018867,-6.037735849056602,29.09930715935335,2.771362586605081,62.35565819861432,-0.027000000000000024,1.005730659025788,5,1993,-0.10503781837913673,1.005730659025788,4,False,-0.10503781837913673,2.099999999999998,-1.0,-0.5,22.0,2.0,141.0,0.0,,71.8,2026-04-06,2026-09-05,117.0,141.0,135.0,6.0,453.0,0.867,11.0,0.0,0.15,,established,24.2,0.4,1.086,"433 PA, already has the job · sprint 27.9 ft/s (61st pct) · 0.90/PA this year against 1.01 at his best, two steps to clear",xwOBA 0.251 (5th) · barrels 2.2% (6th) · EV 85.6 (8th) · hard-hit 22% (3rd) · K 24% (39th) · BB 10% (71st) · chase 26% (79th) · bat speed 68.2 mph (7th) · sprint 27.9 (60th),"{""n"":20,""b"":0,""c"":[[""Josh Rojas"",2023,29,0.93,0.81,385,0],[""Isiah Kiner-Falefa"",2025,30,0.87,0.92,169,0],[""Jeimer Candelario"",2024,31,0.9,0.52,47,0],[""Daulton Varsho"",2024,28,0.99,1.17,318,0],[""Kyle Isbel"",2025,28,0.83,0.77,246,0]]}",0.8955609947325144,0.8968231253577563,-0.035928731828200076,0.8955609947325144,284.0,0.943,254.0,537.0,291,346,FA,established,1.005730659025788,-0.10503781837913673,False
670770,TJ Friedl,2026,1995-08-14,OF,L,Cincinnati Reds,91,272,239,41,6,1,4,20,13,22,5,5,1,63,1,30,1,0,1,0,0,0,0,0,110,0,30.0,272.0,23.2,8.1,0.172,0.255,0.255,0.083,0.214,0.191,0.268,0.236,0.25,0.275,0.076,0.249,0.271,-0.019,-0.013,-0.014,87.3,21.0,26.9,2.9,28.0,96.910295,92.496872453,63.0,24.1,45.2,86.9,25.0,43.2,39.6,44.0,25.3,20.3,10.4,6.8,71.0,7.6,26.7,11.8,9.5,62.8,-16.0,26.7,4.45,6.0,15.0,20.0,182.0,75.6,62.5,tj friedl,CIN,TJ Friedl,CIN,"LF,CF",239.6,149.0,252.0,198.0,178.0,30.9,1.956043956043956,0.6544117647058824,358,OF,OF,False,149.0,422.61764705882354,3.705765225084571,-244.61764705882354,-1.749721269040615,-209.0,False,False,283,True,35.78335756907572,5.437430037079604,0.5580672186136492,3.870145175231032,25.72018489473414,24.473671505160993,202.65585639989513,0.7450582955878498,-24.65585639989513,-0.09064653088196739,473.0,-295.0,"{'C': 415, 'SS': 586, '2B': 586, '3B': 569, '1B': 598, 'OF': 519, 'UT': 473}",0.6544117647058824,0.21323529411764705,-10.399695228862498,,,,,,11.029411764705882,8.823529411764707,48.529411764705884,0.014000000000000012,1.183453237410072,5,2148,-0.5290414727041896,1.183453237410072,4,True,-0.5290414727041896,6.399999999999999,0.19999999999999973,1.0999999999999943,0.0,0.0,89.0,0.0,,26.7,2026-03-26,2026-09-12,87.0,151.0,151.0,0.0,264.0,0.576,0.0,0.0,0.15,,established,26.3,0.3,1.263,"deserved 0.75/PA on contact quality, got 0.65 · sprint 26.7 ft/s (29th pct) · avg EV 87.3 (30th pct) · bat speed up 1.1 mph",xwOBA 0.250 (5th) · barrels 2.9% (11th) · EV 87.3 (29th) · hard-hit 28% (11th) · K 23% (48th) · BB 8% (44th) · chase 24% (86th) · bat speed 71.0 mph (35th) · sprint 26.7 (28th),"{""n"":20,""b"":0,""c"":[[""Tim Anderson"",2024,31,0.57,0.59,53,0],[""Josh Rojas"",2025,31,0.63,0.78,89,0],[""Javier B\u00e1ez"",2024,32,0.76,0.94,412,0],[""Tim Anderson"",2023,30,0.76,0.57,138,0],[""Orlando Arcia"",2025,31,0.6,0.8,40,0]]}",0.8317977382825289,0.8470648159938878,-0.03556545422470473,0.8317977382825289,281.0,0.979,234.0,499.0,322,444,FA,established,1.183453237410072,-0.5290414727041896,True
671056,Iván Herrera,2026,2000-06-01,DH,R,St. Louis Cardinals,160,713,602,146,26,1,19,97,69,75,31,8,0,137,5,100,3,2,0,52,1,0,0,0,0,107,26.0,713.0,19.2,10.5,0.243,0.384,0.353,0.141,0.282,0.248,0.386,0.33,0.334,0.355,0.139,0.346,0.351,-0.005,-0.002,-0.004,89.4,9.3,31.3,6.0,40.5,100.66316515,94.554132489,61.6,28.4,63.1,87.5,20.7,44.3,37.9,48.7,20.0,22.6,8.7,7.7,73.6,12.0,24.7,40.4,7.5,45.9,16.0,26.1,4.71,31.0,48.0,66.0,470.0,67.6,62.1,ivan herrera,STL,Ivan Herrera,STL,"C,DH",176.0,103.0,156.0,317.0,674.0,26.1,4.2125,0.9453015427769986,38,C,C,False,103.0,556.8852459016393,4.003049236131642,117.11475409836066,0.20945076386835826,65.0,True,False,1,False,104.00714534590966,25.334665798399968,1.519232365471033,18.434956490219324,81.41321166264356,78.41049751410536,673.0937091767489,0.9440304476532243,0.9062908232510836,0.001271095123774324,415.0,259.0,"{'C': 415, 'SS': 586, '2B': 586, '3B': 569, '1B': 598, 'OF': 519, 'UT': 473}",0.9453015427769986,0.48106591865357645,0.5043416361114212,38.49056603773585,40.75471698113208,74.71698113207546,-2.264150943396224,-36.22641509433961,6.732117812061711,15.988779803646564,63.113604488078536,0.0040000000000000036,1.086283185840708,3,1490,-0.14098164306370942,1.086283185840708,2,False,-0.14098164306370942,0.5999999999999979,-5.1,-0.7000000000000028,0.0,0.0,75.0,0.0,,39.0,2026-03-26,2026-09-12,148.0,153.0,153.0,0.0,649.0,0.967,0.0,0.0,0.15,,established,34.3,3.8,1.166,"713 PA, already has the job · 26 years old, an age that jumps 4% of the time · avg EV 89.4 (65th pct)",xwOBA 0.334 (79th) · barrels 6.0% (36th) · EV 89.4 (63rd) · hard-hit 40% (59th) · K 19% (70th) · BB 10% (74th) · chase 28% (64th) · bat speed 73.6 mph (74th) · sprint 26.1 (17th),"{""n"":20,""b"":0,""c"":[[""Heliot Ramos"",2025,26,0.93,0.93,411,0],[""Adley Rutschman"",2024,26,0.96,0.87,318,0],[""Alex Verdugo"",2022,26,0.95,0.99,596,0],[""Nathaniel Lowe"",2023,28,0.95,0.94,531,0],[""Yainer Diaz"",2024,26,1.07,0.99,559,0]]}",0.9941752875223817,0.9906770882380638,-0.020377176503197886,0.9941752875223817,563.0,0.969,560.0,597.0,53,105,LTTA,candidate,1.086283185840708,-0.14098164306370942,False
671218,Heliot Ramos,2026,1999-09-07,OF,R,multi,112,442,404,99,20,4,13,48,46,31,5,4,1,121,2,62,2,0,3,0,0,0,0,0,111,1,26.0,442.0,27.4,7.0,0.245,0.411,0.305,0.166,0.316,0.256,0.446,0.312,0.329,0.313,0.19,0.398,0.425,-0.011,-0.035,-0.017,92.2,6.8,34.4,13.8,48.4,103.254738156,96.13377,69.2,33.1,47.7,82.6,29.3,50.4,34.0,50.5,23.9,23.2,2.5,6.9,72.8,13.2,23.9,28.9,7.8,50.7,-4.0,27.2,4.5,19.0,38.0,41.0,285.0,75.7,63.0,heliot ramos,multi,Heliot Ramos,NYY,"LF,CF,RF",211.4,126.0,208.0,161.0,411.0,26.8,3.669642857142857,0.9298642533936652,189,OF,OF,False,126.0,450.5,3.705765225084571,-39.5,-0.03612236794171375,-63.0,False,False,170,False,61.47506960106981,22.940373424015807,3.2060443487589763,15.802512626155417,54.15728995081428,54.2711478967119,444.03643784752626,1.004607325446892,-33.03643784752626,-0.07474307205322672,473.0,-62.0,"{'C': 415, 'SS': 586, '2B': 586, '3B': 569, '1B': 598, 'OF': 519, 'UT': 473}",0.9298642533936652,0.3936651583710407,-4.634784095216487,32.83018867924528,13.20754716981132,26.79245283018868,19.62264150943396,6.037735849056602,5.429864253393665,17.647058823529413,42.081447963800905,0.017000000000000015,1.0444015444015444,3,1737,-0.11453729100787924,1.0444015444015444,2,True,-0.11453729100787924,4.699999999999999,5.0,-1.1000000000000085,43.0,1.0,43.0,0.0,Right quad strain,43.0,2026-03-25,2026-09-12,101.0,150.0,110.0,40.0,535.0,0.918,0.0,0.0,0.15,,established,34.6,3.4,1.124,"deserved 1.00/PA on contact quality, got 0.93 · avg EV 92.2 (94th pct) · 442 PA, already has the job · barrel rate up 5.0 pts on last year",xwOBA 0.329 (74th) · barrels 13.8% (93rd) · EV 92.2 (94th) · hard-hit 48% (90th) · K 27% (21st) · BB 7% (31st) · chase 33% (34th) · bat speed 72.8 mph (63rd) · sprint 27.2 (42nd),"{""n"":20,""b"":1,""c"":[[""Trent Grisham"",2023,27,0.9,0.9,188,0],[""Ryan McMahon"",2022,28,0.92,0.95,593,0],[""Austin Riley"",2024,27,0.97,0.94,419,0],[""Jake Burger"",2025,29,0.91,0.96,589,0],[""Christopher Morel"",2025,26,0.95,0.61,64,0]]}",0.9519387848708573,0.9490339116719243,-0.01697502965936144,0.9519387848708573,433.0,0.966,412.0,571.0,130,200,GLIZZY,established,1.0444015444015444,-0.11453729100787924,True
671277,Luis García Jr.,2026,2000-05-16,1B,L,multi,147,543,516,143,26,5,30,69,92,25,0,5,2,97,2,82,5,0,0,0,131,0,0,0,0,11,26.0,543.0,17.9,4.6,0.277,0.521,0.309,0.244,0.289,0.276,0.486,0.355,0.341,0.309,0.21,0.416,0.398,0.001,0.035,0.014,91.4,11.5,33.0,12.2,46.1,102.267913349,95.535729017,70.2,38.4,66.7,87.6,20.8,52.6,41.8,43.7,23.5,25.4,7.4,7.4,74.3,15.4,26.7,45.3,10.5,63.7,20.0,26.4,4.39,32.0,38.0,73.0,421.0,78.6,63.4,luis garcia,multi,Luis Garcia,NYY,"1B,2B,DH",257.2,157.0,230.0,306.0,608.0,26.1,4.136054421768708,1.1197053406998159,73,1B/2B,1B,False,157.0,422.61764705882354,3.705765225084571,185.38235294117646,0.4302891966841367,84.0,True,True,42,False,87.66627506033186,26.07851521798236,3.732144383039815,24.939065338646003,65.85644004644223,71.7756189254042,565.8240589718465,1.0420332577750395,42.17594102815349,0.07767208292477634,473.0,135.0,"{'C': 415, 'SS': 586, '2B': 586, '3B': 569, '1B': 598, 'OF': 519, 'UT': 473}",1.1197053406998159,0.6685082872928176,2.501914425765355,90.56603773584906,96.98113207547169,87.54716981132076,-6.415094339622627,3.0188679245283083,5.524861878453039,33.14917127071823,27.624309392265193,-0.013999999999999957,1.1197053406998159,6,2703,0.0,1.0871212121212122,5,True,0.03258412857860371,1.8999999999999986,3.1999999999999993,1.8999999999999915,0.0,0.0,0.0,0.0,,0.0,2026-03-26,2026-09-11,137.0,148.0,148.0,0.0,506.0,0.926,0.0,0.0,0.15,,established,35.7,2.0,1.2,"543 PA, already has the job · avg EV 91.4 (90th pct) · 1.12/PA is his best rate yet, so the bar is one step up · barrel rate up 3.2 pts on last year · bat speed up 1.9 mph",xwOBA 0.341 (84th) · barrels 12.2% (84th) · EV 91.4 (89th) · hard-hit 46% (84th) · K 18% (78th) · BB 5% (9th) · chase 38% (11th) · bat speed 74.3 mph (82nd) · sprint 26.4 (22nd),"{""n"":20,""b"":1,""c"":[[""William Contreras"",2024,26,1.14,1.03,681,0],[""Vinnie Pasquantino"",2025,28,1.02,0.95,453,0],[""Maikel Garcia"",2025,25,1.08,0.93,315,0],[""Alec Burleson"",2025,27,1.01,1.08,725,0],[""Tyler Stephenson"",2024,28,1.06,1.01,344,0]]}",1.0281026005087832,1.0745329400196657,-0.020377176503197886,1.0281026005087832,516.0,1.0,531.0,617.0,66,52,Dan,established,1.0871212121212122,0.03258412857860371,True
671289,Tyler Freeman,2026,1999-05-21,OF,R,Colorado Rockies,79,288,255,63,6,1,3,29,23,11,15,6,4,34,0,53,1,0,6,0,0,13,0,0,63,10,27.0,288.0,11.8,3.8,0.247,0.314,0.317,0.067,0.275,0.265,0.353,0.289,0.309,0.333,0.088,0.283,0.309,-0.018,-0.039,-0.02,87.7,9.9,30.7,1.3,36.0,98.258503889,93.223297037,72.0,30.2,74.7,93.3,12.4,50.6,33.8,51.8,20.2,23.2,4.8,7.0,70.5,11.6,30.0,12.7,2.6,30.7,-4.0,27.7,4.5,5.0,25.0,33.0,228.0,87.0,62.5,tyler freeman,COL,,,,,,,,250.0,27.1,3.1645569620253164,0.8680555555555556,290,2B/OF,OF,True,339.0,171.72,2.3941801142166454,78.28,0.770376847808671,49.0,False,False,255,False,55.23149281247541,6.93916248825851,0.7121965860567636,4.692148113209321,32.916722661492926,26.97926383116783,272.48598649266074,0.9461318975439609,-22.485986492660743,-0.0780763419884053,473.0,-223.0,"{'C': 415, 'SS': 586, '2B': 586, '3B': 569, '1B': 598, 'OF': 519, 'UT': 473}",0.8680555555555556,0.3993055555555556,-7.909468645190103,,,,,,12.5,6.25,22.916666666666668,0.020000000000000018,0.9906542056074766,3,1353,-0.12259865005192105,0.9906542056074766,2,False,-0.12259865005192105,-0.09999999999999964,-0.8,-0.7999999999999972,25.0,3.0,58.0,0.0,Concussion,44.8,2026-04-01,2026-08-08,79.0,120.0,108.0,12.0,397.0,0.731,5.0,0.0,0.15,,established,38.5,3.3,1.071,"deserved 0.95/PA on contact quality, got 0.87 · 27 years old, an age that jumps 3% of the time · sprint 27.7 ft/s (56th pct)",xwOBA 0.309 (51st) · barrels 1.3% (2nd) · EV 87.7 (35th) · hard-hit 36% (37th) · K 12% (96th) · BB 4% (5th) · chase 30% (51st) · bat speed 70.5 mph (29th) · sprint 27.7 (55th),"{""n"":20,""b"":0,""c"":[[""Nicky Lopez"",2023,28,0.87,0.73,326,0],[""Jacob Young"",2025,26,0.87,1.02,478,0],[""Abraham Toro"",2024,28,0.8,0.83,237,0],[""Keibert Ruiz"",2025,27,0.86,1.1,388,0],[""Santiago Espinal"",2023,29,0.81,0.88,345,0]]}",0.9541057703197436,0.9228437168409882,-0.01697502965936144,0.9541057703197436,271.0,0.964,259.0,572.0,284,194,FA,candidate,0.9906542056074766,-0.12259865005192105,False
671732,Lawrence Butler,2026,2000-07-10,OF,L,Athletics,153,535,468,110,19,2,17,64,62,61,2,10,7,138,2,72,4,0,3,0,0,0,0,0,164,2,25.0,536.0,25.9,11.4,0.235,0.392,0.324,0.157,0.295,0.245,0.399,0.318,0.327,0.334,0.155,0.38,0.395,-0.01,-0.007,-0.009,89.8,7.5,30.5,8.7,45.0,101.779790182,95.182614347,68.2,24.6,58.5,78.7,26.9,45.7,36.5,52.1,21.6,21.6,4.8,7.0,73.6,11.3,20.3,37.3,5.6,41.7,2.0,26.7,4.47,27.0,41.0,41.0,334.0,74.5,62.3,lawrence butler,ATH,Lawrence Butler,ATH,"CF,RF",138.8,84.0,145.0,122.0,515.0,26.0,3.366013071895425,0.9626168224299065,122,OF,OF,False,84.0,556.8852459016393,4.003049236131642,-41.88524590163934,-0.6370361642362172,-38.0,False,False,120,False,76.40309077504128,20.162643277097427,1.9054411206813155,16.188824827179985,62.798636538842274,60.56672665723828,520.2253631960806,0.9723838564412721,-5.225363196080593,-0.009767034011365583,473.0,42.0,"{'C': 415, 'SS': 586, '2B': 586, '3B': 569, '1B': 598, 'OF': 519, 'UT': 473}",0.9626168224299065,0.4542056074766355,-2.114439170106023,46.0377358490566,29.056603773584904,50.56603773584906,16.9811320754717,-4.528301886792455,11.214953271028037,19.065420560747665,68.41121495327103,0.009000000000000008,1.1507760532150777,3,1745,-0.18815923078517116,1.1507760532150777,2,True,-0.18815923078517116,-2.5,-0.5,-0.10000000000000853,0.0,0.0,0.0,0.0,,0.0,2026-03-27,2026-09-12,141.0,149.0,149.0,0.0,482.0,0.946,0.0,0.0,0.15,,established,34.5,3.3,1.231,"535 PA, already has the job · 26 years old, an age that jumps 4% of the time · avg EV 89.8 (72nd pct)",xwOBA 0.327 (71st) · barrels 8.7% (63rd) · EV 89.8 (70th) · hard-hit 45% (81st) · K 26% (28th) · BB 11% (83rd) · chase 25% (84th) · bat speed 73.6 mph (74th) · sprint 26.7 (28th),"{""n"":20,""b"":0,""c"":[[""Bryan Reynolds"",2022,27,1.01,1.06,680,0],[""Bo Bichette"",2023,25,1.04,0.78,261,0],[""Mark Vientos"",2025,26,0.88,0.83,245,0],[""Ryan Jeffers"",2025,28,0.96,1.06,387,0],[""Brenton Doyle"",2025,27,0.96,1.02,224,0]]}",0.9515547111786531,1.0061051225794144,-0.020377176503197886,0.9515547111786531,474.0,1.0,451.0,571.0,111,200,FA,established,1.1507760532150777,-0.18815923078517116,True
671739,Michael Harris II,2026,2001-03-07,OF,L,Atlanta Braves,155,621,591,174,36,1,26,79,87,23,2,12,3,119,3,111,0,0,2,0,0,0,0,0,147,3,25.0,621.0,19.2,3.7,0.294,0.491,0.321,0.197,0.33,0.29,0.477,0.35,0.342,0.317,0.187,0.419,0.41,0.004,0.014,0.008,90.5,10.0,31.9,10.3,47.6,103.130943957,95.926012511,69.9,45.1,58.0,88.8,24.6,56.4,35.6,44.9,22.9,26.4,5.9,8.1,74.9,16.1,24.2,49.9,7.1,46.6,11.0,27.7,4.28,27.0,56.0,91.0,477.0,76.0,64.4,michael harris,ATL,Michael Harris II,ATL,CF,97.8,67.0,94.0,98.0,695.0,25.3,4.483870967741935,1.1191626409017714,33,OF,OF,False,67.0,556.8852459016393,4.006329113924051,138.11475409836066,0.4775418538178844,34.0,True,False,1,False,111.44596917848727,33.81806683868088,1.678958787176387,24.44700519565545,79.42065723326536,76.36451589050183,674.0821731237671,1.085478539651799,20.91782687623288,0.033684101249972453,473.0,222.0,"{'C': 415, 'SS': 586, '2B': 586, '3B': 569, '1B': 598, 'OF': 519, 'UT': 473}",1.1191626409017714,0.5990338164251208,3.9637491873484145,90.18867924528303,85.66037735849056,92.0754716981132,4.5283018867924625,-1.8867924528301785,11.594202898550725,25.1207729468599,22.22222222222222,-0.007999999999999952,1.2811791383219955,5,2712,-0.16201649742022406,1.2811791383219955,4,True,-0.16201649742022406,-0.8000000000000007,1.200000000000001,0.6000000000000085,0.0,0.0,60.0,0.0,,18.0,2026-03-27,2026-09-12,143.0,153.0,153.0,0.0,555.0,0.935,0.0,0.0,0.15,,established,36.2,1.8,1.361,"621 PA, already has the job · avg EV 90.5 (82nd pct) · 25 years old, an age that jumps 5% of the time",xwOBA 0.342 (85th) · barrels 10.3% (74th) · EV 90.5 (81st) · hard-hit 48% (88th) · K 19% (70th) · BB 4% (4th) · chase 45% (1st) · bat speed 74.9 mph (88th) · sprint 27.7 (55th),"{""n"":20,""b"":1,""c"":[[""Bo Bichette"",2023,25,1.04,0.78,261,0],[""Julio Rodr\u00edguez"",2025,24,1.18,1.0,651,0],[""CJ Abrams"",2025,25,1.06,1.21,784,1],[""Bo Bichette"",2022,24,1.06,1.04,624,0],[""Gunnar Henderson"",2025,24,1.1,0.9,630,0]]}",1.038393794457434,1.0532879818594103,-0.01249045949552797,1.038393794457434,619.0,0.986,643.0,623.0,28,39,CS,established,1.2811791383219955,-0.16201649742022406,True
671976,Tristan Peters,2026,2000-02-29,OF,L,Chicago White Sox,155,490,436,116,31,4,12,63,56,37,11,8,2,90,2,69,3,0,3,0,0,0,0,0,177,0,26.0,490.0,18.4,7.6,0.266,0.438,0.337,0.172,0.31,0.249,0.385,0.34,0.314,0.323,0.136,0.378,0.341,0.017,0.053,0.026,87.5,17.9,33.2,5.4,34.2,98.255124545,93.24520234,74.7,32.6,62.2,83.4,23.1,53.6,51.4,40.9,28.4,22.4,8.2,6.9,69.8,9.5,26.5,7.3,13.7,56.2,11.0,28.6,4.27,21.0,39.0,56.0,352.0,83.6,61.6,tristan peters,CWS,,,,,,,,501.0,26.3,3.232258064516129,1.0224489795918368,132,OF,OF,True,339.0,171.72,2.3941801142166454,329.28,0.8380779502994837,207.0,True,False,120,False,73.91778362017016,21.1495449935762,2.3435591523371238,11.153112233916517,60.90283824427492,50.70374773703226,463.0305859813071,0.9449603795536881,37.96941401869287,0.07748860003814872,473.0,28.0,"{'C': 415, 'SS': 586, '2B': 586, '3B': 569, '1B': 598, 'OF': 519, 'UT': 473}",1.0224489795918368,0.5408163265306123,-2.1854565987215295,64.52830188679245,67.16981132075472,49.81132075471698,-2.64150943396227,14.716981132075468,9.795918367346939,14.693877551020407,45.30612244897959,-0.026000000000000023,1.0224489795918368,1,502,0.0,,0,False,0.6724489795918368,,,,0.0,0.0,0.0,0.0,,0.0,2026-03-26,2026-09-12,143.0,150.0,150.0,0.0,450.0,0.953,0.0,0.0,0.15,,established,28.8,3.3,1.102,"490 PA, already has the job · sprint 28.6 ft/s (81st pct) · 502 career PA, still new",xwOBA 0.314 (58th) · barrels 5.4% (32nd) · EV 87.5 (32nd) · hard-hit 34% (28th) · K 18% (74th) · BB 8% (37th) · chase 33% (36th) · bat speed 69.8 mph (22nd) · sprint 28.6 (81st),"{""n"":20,""b"":1,""c"":[[""Thairo Estrada"",2022,26,1.03,1.03,546,0],[""Joey Ortiz"",2024,26,0.95,0.84,427,0],[""Austin Hays"",2021,26,1.06,0.94,546,0],[""Amed Rosario"",2021,26,0.98,0.99,663,0],[""Trent Grisham"",2021,25,1.0,0.83,437,0]]}",1.000731774408917,1.0224489795918368,-0.020377176503197886,1.000731774408917,388.0,1.0,388.0,600.0,154,100,Dpf,candidate,,0.6724489795918368,False
672275,Patrick Bailey,2026,1999-05-29,C,S,multi,111,343,308,64,8,1,10,31,37,28,1,3,0,90,3,45,8,24,0,107,0,0,0,0,0,0,27.0,343.0,26.2,8.2,0.208,0.338,0.274,0.13,0.256,0.242,0.401,0.272,0.309,0.305,0.159,0.327,0.384,-0.034,-0.063,-0.037,90.5,13.4,36.6,7.7,42.4,100.12206633,94.504192064,69.7,31.1,51.4,84.0,26.7,49.6,36.2,42.4,26.8,25.0,5.8,7.4,72.8,9.9,23.4,30.2,7.9,39.5,-14.0,25.3,4.78,16.0,13.0,34.0,224.0,72.6,65.6,patrick bailey,multi,Patrick Bailey,CLE,C,417.3,244.0,422.0,450.0,314.0,27.1,2.828828828828829,0.9154518950437318,246,C,C,False,244.0,305.5,3.0742153443766345,8.5,-0.24538651554780566,-2.0,False,False,241,False,49.16814245131749,12.945584411308236,1.2404038234310557,11.181869313943219,35.9534756468558,40.75832275637966,352.7557984032355,1.0284425609423775,-38.755798403235474,-0.1129906658986457,415.0,-101.0,"{'C': 415, 'SS': 586, '2B': 586, '3B': 569, '1B': 598, 'OF': 519, 'UT': 473}",0.9154518950437318,0.3294460641399417,-7.445634074092761,25.28301886792453,2.6415094339622645,3.018867924528302,22.641509433962263,22.264150943396228,5.247813411078718,17.49271137026239,48.97959183673469,0.03699999999999998,0.9461756373937678,4,1596,-0.030723742350035943,0.9461756373937678,3,False,-0.030723742350035943,-3.1999999999999993,2.1000000000000005,1.2999999999999972,0.0,0.0,30.0,0.0,,11.1,2026-03-25,2026-09-11,102.0,150.0,150.0,0.0,309.0,0.68,0.0,0.0,0.15,,established,32.1,5.4,1.026,"deserved 1.03/PA on contact quality, got 0.92 · avg EV 90.5 (82nd pct) · 27 years old, an age that jumps 3% of the time · barrel rate up 2.1 pts on last year · bat speed up 1.3 mph",xwOBA 0.309 (51st) · barrels 7.7% (54th) · EV 90.5 (81st) · hard-hit 42% (70th) · K 26% (27th) · BB 8% (45th) · chase 31% (46th) · bat speed 72.8 mph (63rd) · sprint 25.3 (7th),"{""n"":20,""b"":0,""c"":[[""Yo\u00e1n Moncada"",2023,28,0.92,0.82,37,0],[""Emmanuel Rivera"",2024,28,0.79,0.71,90,0],[""Jes\u00fas S\u00e1nchez"",2025,28,0.96,0.86,271,0],[""MJ Melendez"",2024,26,0.86,0.49,32,0],[""Dominic Smith"",2024,29,0.86,1.0,224,0]]}",0.9136184647410771,0.9163772375100188,-0.01697502965936144,0.9136184647410771,324.0,0.991,296.0,548.0,249,303,FA,candidate,0.9461756373937678,-0.030723742350035943,False
672356,Gabriel Arias,2026,2000-02-27,3B,R,multi,50,147,139,34,3,0,5,14,13,8,0,4,0,60,0,26,4,0,0,0,3,3,28,15,0,0,26.0,147.0,40.8,5.4,0.245,0.374,0.286,0.129,0.392,0.221,0.373,0.288,0.275,0.259,0.152,0.471,0.449,0.024,0.001,0.013,89.6,4.4,36.7,10.1,43.0,102.272927949,95.443930128,69.2,38.4,33.6,67.4,46.0,52.4,32.9,55.7,17.7,21.5,5.1,7.4,74.4,10.9,17.1,43.8,9.4,45.6,-5.0,26.8,4.63,5.0,16.0,13.0,79.0,75.6,69.9,gabriel arias,multi,,,,,,,,129.0,26.3,2.58,0.8775510204081632,410,2B/3B/SS,3B,True,339.0,171.72,2.3941801142166454,-42.72,0.18581988578335462,-71.0,False,False,339,False,19.68345946587897,5.7726344370389375,0.4333527282852258,4.829553368796869,15.594235804651534,16.60609488581147,130.766330690463,0.8895668754453265,-1.7663306904630076,-0.012015855037163292,473.0,-344.0,"{'C': 415, 'SS': 586, '2B': 586, '3B': 569, '1B': 598, 'OF': 519, 'UT': 473}",0.8775510204081632,0.2108843537414966,-9.323889683447634,,,,,,16.3265306122449,20.408163265306126,32.6530612244898,-0.012999999999999956,,2,1181,,0.8365180467091295,2,False,0.04103297369903369,6.399999999999999,-1.200000000000001,-0.6999999999999886,0.0,0.0,24.0,0.0,,14.399999999999999,2026-03-26,2026-09-11,50.0,141.0,141.0,0.0,155.0,0.355,0.0,0.0,0.15,,established,32.8,0.8,0.958,"26 years old, an age that jumps 4% of the time · avg EV 89.6 (68th pct) · deserved 0.89/PA on contact quality, got 0.88",xwOBA 0.275 (17th) · barrels 10.1% (72nd) · EV 89.6 (66th) · hard-hit 43% (73rd) · K 41% (0th) · BB 5% (15th) · chase 38% (11th) · bat speed 74.4 mph (84th) · sprint 26.8 (31st),"{""n"":20,""b"":0,""c"":[[""Adrian Del Castillo"",2025,26,0.85,0.77,150,0],[""Meibrys Viloria"",2022,25,0.83,0.25,1,0],[""Romy Gonzalez"",2022,26,0.83,1.03,100,0],[""Dalton Rushing"",2025,24,0.9,1.11,278,0],[""Joey Bart"",2022,26,0.9,0.72,68,0]]}",0.8150881677025285,0.8359020852221214,-0.020377176503197886,0.8150881677025285,200.0,0.988,163.0,489.0,453,449,FA,candidate,0.8365180467091295,0.04103297369903369,False
672386,Alejandro Kirk,2026,1998-11-06,C,R,Toronto Blue Jays,79,313,277,77,8,0,10,26,43,33,0,1,0,38,3,59,4,15,0,72,0,0,0,0,0,3,27.0,313.0,12.1,10.5,0.278,0.415,0.351,0.137,0.289,0.263,0.368,0.333,0.308,0.326,0.104,0.344,0.313,0.015,0.047,0.025,88.0,7.9,32.6,3.7,38.8,99.504610744,93.893597884,58.3,29.1,72.3,90.3,15.8,43.5,24.0,50.8,18.6,24.8,5.8,7.1,71.6,14.1,31.6,15.6,5.6,51.3,4.0,23.9,4.82,11.0,27.0,39.0,242.0,67.3,62.3,alejandro kirk,TOR,Alejandro Kirk,TOR,C,176.6,104.0,148.0,242.0,323.0,27.6,4.0886075949367084,1.0319488817891374,236,C,C,False,104.0,556.8852459016393,4.003049236131642,-233.88524590163934,0.08555835880506635,-132.0,False,False,237,True,57.91897136028187,7.751409892982903,0.4852661331885666,6.695352613546654,28.799102992083373,33.891952371953444,299.2010553640368,0.955913914901076,23.79894463596321,0.07603496688806133,415.0,-92.0,"{'C': 415, 'SS': 586, '2B': 586, '3B': 569, '1B': 598, 'OF': 519, 'UT': 473}",1.0319488817891374,0.5750798722044729,-5.993511697400902,67.54716981132076,78.8679245283019,12.452830188679245,-11.320754716981142,55.09433962264151,1.9169329073482428,19.169329073482427,63.25878594249201,-0.025000000000000022,1.0319488817891374,5,2357,0.0,1.017786561264822,4,True,0.01416232052431532,0.40000000000000036,-6.3999999999999995,-0.9000000000000057,69.0,1.0,76.0,0.0,Left thumb fracture,73.2,2026-03-27,2026-09-12,70.0,151.0,88.0,63.0,471.0,0.795,0.0,0.0,0.15,,established,30.7,0.6,1.112,"1.03/PA is his best rate yet, so the bar is one step up · 28 years old, an age that jumps 4% of the time · avg EV 88.0 (42nd pct)",xwOBA 0.308 (50th) · barrels 3.7% (16th) · EV 88.0 (40th) · hard-hit 39% (52nd) · K 12% (96th) · BB 10% (74th) · chase 29% (58th) · bat speed 71.6 mph (44th) · sprint 23.9 (1st),"{""n"":20,""b"":0,""c"":[[""Dominic Smith"",2025,30,1.0,0.95,282,0],[""Luis Rengifo"",2024,27,1.18,0.82,441,0],[""Ty France"",2022,28,0.97,0.87,578,0],[""Keibert Ruiz"",2024,26,0.92,0.86,230,0],[""Josh Naylor"",2025,28,1.19,0.94,609,0]]}",0.8591557402397774,1.0140633533588204,-0.026330886137737278,0.8591557402397774,393.0,0.941,338.0,515.0,204,412,FA,established,1.017786561264822,0.01416232052431532,True
672515,Gabriel Moreno,2026,2000-02-14,C,R,Arizona Diamondbacks,130,549,473,147,33,1,16,72,83,61,5,6,4,80,10,97,3,14,0,104,0,0,1,0,0,25,26.0,549.0,14.6,11.1,0.311,0.486,0.388,0.175,0.339,0.289,0.451,0.38,0.363,0.372,0.162,0.403,0.38,0.022,0.035,0.017,89.3,12.9,36.2,7.7,42.2,99.899212438,94.093065075,55.2,28.7,75.1,90.4,15.5,41.1,35.2,41.9,25.3,26.6,6.2,7.1,71.7,12.4,28.3,22.7,8.5,41.5,25.0,26.2,4.49,24.0,46.0,76.0,403.0,58.6,59.9,gabriel moreno,ARI,Gabriel Moreno,ARI,"C,DH",215.8,128.0,170.0,314.0,641.0,26.4,4.930769230769231,1.1675774134790529,51,C,C,False,128.0,446.0,3.705765225084571,195.0,1.22500400568466,77.0,True,True,38,False,92.74270858616408,26.913971026152684,1.4089321892023914,15.631388198480845,67.25016080035714,64.76953321927869,591.0396940196358,1.0765750346441454,49.96030598036418,0.09100237883490747,415.0,226.0,"{'C': 415, 'SS': 586, '2B': 586, '3B': 569, '1B': 598, 'OF': 519, 'UT': 473}",1.1675774134790529,0.6775956284153005,1.8344610162550716,95.47169811320755,98.49056603773585,84.52830188679246,-3.018867924528294,10.94339622641509,6.557377049180328,17.48633879781421,66.66666666666666,-0.017000000000000015,1.1675774134790529,4,1662,0.0,1.0938511326860842,3,False,0.07372628079296861,-2.5999999999999996,0.6000000000000005,0.7999999999999972,17.0,1.0,131.0,0.0,,70.4,2026-03-26,2026-09-12,118.0,150.0,136.0,14.0,541.0,0.868,0.0,0.0,0.15,,established,33.0,4.1,1.248,"549 PA, already has the job · 1.17/PA is his best rate yet, so the bar is one step up · 26 years old, an age that jumps 4% of the time",xwOBA 0.363 (94th) · barrels 7.7% (54th) · EV 89.3 (61st) · hard-hit 42% (68th) · K 15% (90th) · BB 11% (80th) · chase 29% (62nd) · bat speed 71.7 mph (46th) · sprint 26.2 (19th),"{""n"":20,""b"":1,""c"":[[""Josh Naylor"",2023,26,1.15,1.04,660,0],[""Ozzie Albies"",2023,26,1.16,0.96,419,0],[""Pete Alonso"",2022,28,1.14,1.08,711,0],[""Jonah Heim"",2023,28,1.13,0.84,413,0],[""Geraldo Perdomo"",2025,26,1.13,0.96,646,0]]}",1.0165479255975343,1.134571870906276,-0.020377176503197886,1.0165479255975343,550.0,0.944,559.0,610.0,55,76,THALER,candidate,1.0938511326860842,0.07372628079296861,False
672580,Maikel Garcia,2026,2000-03-03,3B,R,Kansas City Royals,81,340,308,82,20,3,3,39,38,30,0,5,4,50,2,56,6,0,0,0,0,0,75,3,0,1,26.0,340.0,14.7,8.8,0.266,0.38,0.329,0.114,0.307,0.27,0.366,0.315,0.315,0.336,0.096,0.331,0.332,-0.004,0.014,0.0,89.7,8.7,33.1,4.2,40.0,99.77677031,94.073406318,54.8,22.9,68.5,92.7,14.5,38.8,34.2,45.8,21.2,26.5,6.5,7.1,71.6,13.5,35.6,17.9,3.8,42.1,-2.0,27.6,4.5,6.0,37.0,39.0,260.0,62.4,62.9,maikel garcia,KC,Maikel Garcia,KC,"2B,3B,SS,OF",64.4,45.0,68.0,59.0,315.0,26.3,3.888888888888889,0.9264705882352942,245,3B,3B,False,45.0,598.0,4.321100917431193,-283.0,-0.4322120285423039,-200.0,False,False,239,True,65.23966933377578,11.433321081088355,1.3263498364959807,5.160659748639897,39.15440370053903,32.71273112868268,306.75513482922173,0.9022209847918287,8.244865170778269,0.024249603443465495,473.0,-158.0,"{'C': 415, 'SS': 586, '2B': 586, '3B': 569, '1B': 598, 'OF': 519, 'UT': 473}",0.9264705882352942,0.5264705882352941,-6.109777146149331,30.943396226415093,61.13207547169811,11.69811320754717,-30.188679245283016,19.245283018867923,8.823529411764707,5.294117647058823,52.94117647058824,0.0,1.075075075075075,4,2170,-0.1486044868397809,1.075075075075075,3,True,-0.1486044868397809,2.0999999999999996,-1.3999999999999995,-0.30000000000001137,80.0,2.0,80.0,0.0,Left hand muscle strain; Left hamstring strain,80.0,2026-03-27,2026-08-20,73.0,136.0,83.0,53.0,555.0,0.88,0.0,0.0,0.15,,established,31.3,1.6,1.155,"avg EV 89.7 (71st pct) · 26 years old, an age that jumps 4% of the time · only 340 PA, and a breakout needs 350 next year",xwOBA 0.315 (59th) · barrels 4.2% (21st) · EV 89.7 (68th) · hard-hit 40% (57th) · K 15% (89th) · BB 9% (52nd) · chase 23% (90th) · bat speed 71.6 mph (44th) · sprint 27.6 (52nd),"{""n"":20,""b"":0,""c"":[[""Ozzie Albies"",2024,28,0.96,0.92,612,0],[""Ryan Jeffers"",2025,28,0.96,1.06,387,0],[""Alex Verdugo"",2023,27,0.99,0.86,533,0],[""Alec Bohm"",2025,29,0.93,0.88,551,0],[""Amed Rosario"",2023,28,0.95,0.96,332,0]]}",0.957681007234739,0.9985982316152685,-0.020377176503197886,0.957681007234739,465.0,0.936,445.0,575.0,112,180,CS,established,1.075075075075075,-0.1486044868397809,True
672640,Otto Lopez,2026,1998-10-01,SS,R,Miami Marlins,157,687,627,191,32,9,11,94,71,40,9,34,5,89,11,139,21,0,0,0,0,0,0,156,0,1,27.0,687.0,13.0,5.8,0.305,0.437,0.349,0.132,0.335,0.281,0.417,0.342,0.327,0.329,0.136,0.366,0.347,0.024,0.02,0.015,89.1,8.4,30.4,6.0,40.8,100.262247259,94.353564593,62.2,31.2,62.2,90.1,19.5,46.3,34.1,51.4,22.6,21.9,4.2,6.8,71.9,14.9,31.1,23.5,5.0,45.3,17.0,28.5,4.22,24.0,90.0,77.0,549.0,72.4,60.7,otto lopez,MIA,Otto Lopez,MIA,"2B,SS",270.2,165.0,213.0,300.0,760.0,27.7,4.840764331210191,1.1062590975254731,11,2B/SS,SS,False,165.0,422.61764705882354,3.476923076923077,337.38235294117646,1.363841254287114,154.0,True,True,1,False,126.18620667418708,29.40728879715148,5.915802383135822,14.677702145525625,87.68138066175422,72.214904381236,727.5422850429903,1.0590135153464197,32.45771495700967,0.04724558217905339,473.0,287.0,"{'C': 415, 'SS': 586, '2B': 586, '3B': 569, '1B': 598, 'OF': 519, 'UT': 473}",1.1062590975254731,0.6171761280931587,4.982415374487797,87.54716981132076,90.56603773584906,95.09433962264151,-3.0188679245283083,-7.547169811320757,29.694323144104803,9.606986899563319,34.93449781659388,-0.015000000000000013,1.1062590975254731,3,1726,0.0,0.9838709677419355,2,False,0.12238812978353764,-0.8000000000000007,-1.0999999999999996,0.20000000000000284,0.0,0.0,29.0,0.0,,12.9,2026-03-27,2026-09-12,145.0,149.0,149.0,0.0,631.0,0.973,0.0,0.0,0.15,,established,32.4,8.4,1.186,"687 PA, already has the job · 1.11/PA is his best rate yet, so the bar is one step up · sprint 28.5 ft/s (79th pct)",xwOBA 0.327 (71st) · barrels 6.0% (36th) · EV 89.1 (57th) · hard-hit 41% (60th) · K 13% (95th) · BB 6% (19th) · chase 31% (45th) · bat speed 71.9 mph (48th) · sprint 28.5 (78th),"{""n"":20,""b"":1,""c"":[[""Francisco Lindor"",2022,29,1.08,1.17,802,1],[""Tommy Edman"",2022,27,1.07,1.04,547,0],[""Alec Bohm"",2023,27,1.01,1.0,608,0],[""Tommy Edman"",2023,28,1.04,1.04,159,0],[""Nico Hoerner"",2023,26,1.11,1.01,650,0]]}",1.0397552461921207,1.041496250852079,-0.026330886137737278,1.0397552461921207,656.0,0.99,682.0,624.0,17,36,Dan,broke_out,0.9838709677419355,0.12238812978353764,False
672695,Geraldo Perdomo,2026,1999-10-22,SS,S,Arizona Diamondbacks,156,676,559,146,20,9,9,75,59,95,5,21,10,86,8,108,8,0,0,0,0,0,0,156,0,0,26.0,676.0,12.7,14.1,0.261,0.377,0.369,0.116,0.29,0.259,0.354,0.336,0.332,0.371,0.095,0.321,0.314,0.002,0.023,0.004,87.6,14.6,36.3,3.1,31.9,96.769079149,92.478909701,56.4,20.9,75.8,92.6,11.9,38.8,42.7,41.8,25.1,28.4,4.7,7.0,67.3,7.2,34.7,1.7,8.3,50.4,11.0,27.0,4.5,17.0,46.0,83.0,490.0,62.5,57.7,geraldo perdomo,ARI,Geraldo Perdomo,ARI,SS,60.8,42.0,73.0,56.0,646.0,26.7,4.141025641025641,0.9556213017751479,48,SS,SS,False,42.0,598.0,4.485508577873414,48.0,-0.34448293684777287,-6.0,False,False,33,False,114.95918628737468,16.099402813752178,4.161635510371613,9.560775388501533,78.9148390731357,64.52559104232168,641.1074301154573,0.9483837723601439,4.892569884542695,0.007237529415003996,473.0,173.0,"{'C': 415, 'SS': 586, '2B': 586, '3B': 569, '1B': 598, 'OF': 519, 'UT': 473}",0.9556213017751479,0.5547337278106509,-0.47896041178258963,42.26415094339623,71.32075471698113,65.28301886792453,-29.056603773584897,-23.018867924528294,18.63905325443787,7.988165680473373,84.31952662721893,-0.0040000000000000036,1.1305555555555555,5,2816,-0.1749342537804076,1.1305555555555555,4,True,-0.1749342537804076,1.1999999999999993,-3.1,-0.9000000000000057,0.0,0.0,65.0,0.0,,19.5,2026-03-26,2026-09-12,144.0,150.0,150.0,0.0,617.0,0.96,0.0,0.0,0.15,,established,28.0,0.8,1.211,"676 PA, already has the job · 27 years old, an age that jumps 3% of the time · sprint 27.0 ft/s (37th pct)",xwOBA 0.332 (76th) · barrels 3.1% (13th) · EV 87.6 (34th) · hard-hit 32% (20th) · K 13% (95th) · BB 14% (96th) · chase 21% (96th) · bat speed 67.3 mph (4th) · sprint 27.0 (36th),"{""n"":20,""b"":0,""c"":[[""Steven Kwan"",2025,28,0.98,0.93,590,0],[""Luis Arraez"",2024,27,0.94,0.92,619,0],[""Ozzie Albies"",2025,28,0.92,0.89,604,0],[""Andr\u00e9s Gim\u00e9nez"",2024,26,0.94,0.85,315,0],[""Gleyber Torres"",2024,28,0.87,0.94,591,0]]}",0.9789303358925201,1.0188663835347924,-0.01697502965936144,0.9789303358925201,582.0,0.984,570.0,587.0,50,126,CS,established,1.1305555555555555,-0.1749342537804076,True
672724,Oswald Peraza,2026,2000-06-15,2B,R,Los Angeles Angels,122,366,337,76,12,2,7,33,25,17,10,12,2,109,1,55,4,0,0,0,1,73,32,12,0,5,26.0,366.0,29.8,4.6,0.226,0.335,0.282,0.109,0.311,0.225,0.332,0.276,0.274,0.282,0.107,0.357,0.353,0.001,0.003,0.002,87.6,9.2,32.2,6.1,36.1,99.404325089,93.747571345,74.0,38.4,47.5,82.5,30.4,55.2,34.8,51.3,20.4,23.5,4.8,7.6,72.6,8.1,18.8,27.9,5.8,46.5,-9.0,28.6,4.39,8.0,32.0,36.0,230.0,78.6,63.9,oswald peraza,LAA,,,,,,,,306.0,26.0,2.5081967213114753,0.8360655737704918,253,2B/3B/SS,2B/3B,True,339.0,171.72,2.3941801142166454,134.28,0.11401660709482986,86.0,False,False,243,False,55.9905648710527,11.090555398235466,1.2631945903709978,7.480685140340846,41.669237874168495,34.88900460870753,323.26724248287604,0.8832438319204263,-17.267242482876043,-0.04717825814993448,473.0,-167.0,"{'C': 415, 'SS': 586, '2B': 586, '3B': 569, '1B': 598, 'OF': 519, 'UT': 473}",0.8360655737704918,0.24863387978142076,-7.132224485962149,5.660377358490567,0.37735849056603776,4.528301886792453,5.283018867924529,1.1320754716981138,19.672131147540984,11.475409836065573,27.868852459016395,-0.0020000000000000018,0.8360655737704918,2,890,0.0,0.6867924528301886,1,False,0.1492731209403032,-0.3999999999999986,-0.6000000000000005,-1.0,0.0,0.0,53.0,0.0,,15.899999999999999,2026-03-26,2026-09-12,117.0,148.0,148.0,0.0,358.0,0.791,0.0,0.0,0.15,,established,29.8,3.0,0.916,"0.84/PA is his best rate yet, so the bar is one step up · deserved 0.88/PA on contact quality, got 0.84 · sprint 28.6 ft/s (81st pct)",xwOBA 0.274 (16th) · barrels 6.1% (38th) · EV 87.6 (34th) · hard-hit 36% (37th) · K 30% (14th) · BB 5% (9th) · chase 38% (11th) · bat speed 72.6 mph (60th) · sprint 28.6 (81st),"{""n"":20,""b"":1,""c"":[[""Billy McKinney"",2021,27,0.82,0.47,27,0],[""Cavan Biggio"",2021,26,0.81,0.84,255,0],[""Cody Bellinger"",2021,26,0.75,0.95,523,0],[""Cavan Biggio"",2022,27,0.84,0.97,329,0],[""JJ Bleday"",2023,26,0.88,0.95,609,0]]}",0.8791558521262515,0.7908571428571428,-0.020377176503197886,0.8791558521262515,262.0,0.987,230.0,527.0,331,377,FA,candidate,0.6867924528301886,0.1492731209403032,False
672761,Wenceel Pérez,2026,1999-10-30,OF,S,Detroit Tigers,53,175,161,29,4,1,7,22,17,14,0,3,1,29,0,17,1,0,0,0,0,0,0,0,61,1,26.0,175.0,16.6,8.0,0.18,0.348,0.246,0.168,0.176,0.203,0.348,0.262,0.272,0.267,0.145,0.274,0.286,-0.023,0.0,-0.01,87.2,17.0,23.5,7.6,33.3,97.732311667,92.919937803,67.2,29.1,68.8,87.6,18.2,47.9,44.7,41.7,31.8,13.6,12.9,7.0,71.4,11.2,30.0,18.1,7.7,50.2,-10.0,28.2,4.28,7.0,12.0,10.0,132.0,75.6,57.1,wenceel perez,DET,Wenceel Perez,DET,"CF,RF",442.0,260.0,450.0,434.0,146.0,26.7,2.7547169811320753,0.8342857142857143,391,OF,OF,False,260.0,220.25,2.8337463512984864,-74.25,-0.0790293701664111,-131.0,False,False,339,False,20.65164047464004,6.040795890311845,0.6674867954561897,5.323076839591925,19.812906594567785,18.56470882721655,149.08861542178434,0.851934945267339,-3.08861542178434,-0.01764923098162474,473.0,-327.0,"{'C': 415, 'SS': 586, '2B': 586, '3B': 569, '1B': 598, 'OF': 519, 'UT': 473}",0.8342857142857143,0.4742857142857143,-9.285922893306518,,,,,,10.285714285714286,24.0,48.0,0.010000000000000009,,2,983,,1.010443864229765,2,False,-0.17615814994405077,-6.099999999999998,-1.200000000000001,0.9000000000000057,100.0,1.0,194.0,0.0,,146.5,2026-04-10,2026-06-16,53.0,68.0,63.0,5.0,414.0,0.841,15.0,0.0,0.15,,established,27.5,3.2,0.914,"sprint 28.2 ft/s (71st pct) · 27 years old, an age that jumps 3% of the time · deserved 0.85/PA on contact quality, got 0.83 · bat speed up 0.9 mph",xwOBA 0.272 (15th) · barrels 7.6% (53rd) · EV 87.2 (27th) · hard-hit 33% (25th) · K 17% (83rd) · BB 8% (42nd) · chase 29% (58th) · bat speed 71.4 mph (40th) · sprint 28.2 (70th),"{""n"":20,""b"":0,""c"":[[""Miguel Andujar"",2021,26,0.87,0.85,119,0],[""Josh Jung"",2024,26,0.93,0.89,457,0],[""Gavin Sheets"",2023,27,0.77,0.8,401,0],[""Mauricio Dub\u00f3n"",2021,27,0.87,0.77,204,0],[""Christian Encarnacion-Strand"",2025,26,0.8,1.08,231,0]]}",0.9710832779424695,0.9308660529776442,-0.01697502965936144,0.9710832779424695,280.0,0.883,272.0,583.0,274,146,FA,candidate,1.010443864229765,-0.17615814994405077,False
672820,Lenyn Sosa,2026,2000-01-25,2B,R,multi,40,117,113,22,7,0,1,11,9,1,1,0,0,25,1,14,0,0,0,0,12,14,0,0,0,9,26.0,117.0,21.4,0.9,0.195,0.283,0.207,0.088,0.239,0.222,0.345,0.214,0.249,0.234,0.123,0.262,0.309,-0.027,-0.062,-0.035,88.7,20.0,34.4,5.6,36.7,98.841732,93.512313708,64.8,50.0,68.5,89.7,21.5,56.0,38.9,40.0,25.6,23.3,11.1,7.6,72.4,10.6,23.5,22.6,12.3,48.9,-10.0,26.7,4.72,4.0,7.0,11.0,90.0,46.4,66.7,lenyn sosa,multi,Lenyn Sosa,TOR,"1B,2B,DH",300.5,181.0,290.0,304.0,76.0,26.4,1.9,0.6495726495726496,476,1B/2B,2B,False,181.0,375.06451612903226,3.180509813450934,-299.06451612903226,-1.280509813450934,-295.0,False,False,339,True,17.134057463309873,4.822282078510917,0.3122634530485622,2.8173970051306525,11.25265964526283,12.433626588347236,89.75728623361007,0.7671562925949579,-13.757286233610074,-0.11758364302230828,473.0,-397.0,"{'C': 415, 'SS': 586, '2B': 586, '3B': 569, '1B': 598, 'OF': 519, 'UT': 473}",0.6495726495726496,0.23931623931623933,-10.98769470191987,,,,,,0.0,5.128205128205129,5.128205128205129,0.035,,2,1239,,0.9375,2,False,-0.2879273504273504,-1.9000000000000021,-4.800000000000001,-0.09999999999999432,82.0,1.0,95.0,1.0,,89.8,2026-03-26,2026-05-26,40.0,63.0,58.0,5.0,301.0,0.69,0.0,0.0,0.15,,established,28.5,1.0,0.73,"deserved 0.77/PA on contact quality, got 0.65 · 26 years old, an age that jumps 4% of the time · sprint 26.7 ft/s (29th pct)",xwOBA 0.249 (4th) · barrels 5.6% (34th) · EV 88.7 (52nd) · hard-hit 37% (40th) · K 21% (57th) · BB 1% (0th) · chase 50% (0th) · bat speed 72.4 mph (56th) · sprint 26.7 (28th),"{""n"":20,""b"":0,""c"":[[""Jose F Miranda"",2023,25,0.68,0.95,408,0],[""Joey Bart"",2023,26,0.72,1.14,321,0],[""Dominic Smith"",2022,27,0.71,0.82,483,0],[""Connor Wong"",2025,29,0.7,0.9,213,0],[""Andy Ib\u00e1\u00f1ez"",2022,29,0.73,0.92,354,0]]}",0.970452827081796,0.903225806451613,-0.020377176503197886,0.970452827081796,262.0,0.928,254.0,582.0,291,152,FA,candidate,0.9375,-0.2879273504273504,False
672960,Kazuma Okamoto,2026,1996-06-30,3B,R,Toronto Blue Jays,155,633,566,132,26,0,33,81,92,58,6,1,1,181,3,73,21,0,0,0,14,0,142,0,0,3,30.0,633.0,28.6,9.2,0.233,0.454,0.31,0.221,0.279,0.225,0.447,0.332,0.328,0.305,0.222,0.427,0.42,0.008,0.007,0.004,90.6,19.4,35.1,13.1,44.1,101.291152371,94.970378557,67.8,27.4,42.1,77.9,32.8,47.1,50.8,35.8,33.8,20.6,9.8,7.9,73.1,10.6,22.5,33.5,15.6,57.9,12.0,26.4,4.49,42.0,35.0,55.0,388.0,75.6,61.3,kazuma okamoto,TOR,Kazuma Okamoto,TOR,"1B,3B",167.4,97.0,228.0,177.0,608.0,30.0,3.92258064516129,0.9605055292259084,73,1B/3B,3B,False,97.0,556.8852459016393,4.003049236131642,51.11475409836066,-0.08046859097035197,24.0,False,False,42,False,64.80764869716369,30.392141559843683,1.1907707888216257,30.95943895417102,75.80000431793877,83.79883657972466,585.9508408976634,0.9256727344354873,22.049159102336603,0.03483279479042112,473.0,135.0,"{'C': 415, 'SS': 586, '2B': 586, '3B': 569, '1B': 598, 'OF': 519, 'UT': 473}",0.9605055292259084,0.48657187993680884,1.373656857046858,45.28301886792453,44.905660377358494,82.64150943396227,0.37735849056603854,-37.35849056603774,0.9478672985781991,31.279620853080566,54.976303317535546,-0.0040000000000000036,0.9605055292259084,1,633,0.0,,0,False,0.6105055292259084,,,,0.0,0.0,0.0,0.0,,0.0,2026-03-27,2026-09-12,143.0,151.0,151.0,0.0,576.0,0.947,0.0,0.0,0.15,,established,34.0,11.4,1.041,"633 PA in his first season, already has the job · avg EV 90.6 (83rd pct) · got 0.96/PA but deserved 0.93",xwOBA 0.328 (73rd) · barrels 13.1% (91st) · EV 90.6 (81st) · hard-hit 44% (78th) · K 29% (18th) · BB 9% (56th) · chase 27% (69th) · bat speed 73.1 mph (67th) · sprint 26.4 (22nd),"{""n"":20,""b"":3,""c"":[[""Eugenio Su\u00e1rez"",2022,31,0.97,0.89,620,0],[""Eugenio Su\u00e1rez"",2021,30,0.89,0.97,611,0],[""Mike Yastrzemski"",2021,31,1.02,0.93,520,0],[""Trey Mancini"",2021,29,0.95,0.87,512,0],[""Joc Pederson"",2021,29,0.95,1.13,489,0]]}",0.9444130020831858,0.9605055292259084,-0.035928731828200076,0.9444130020831858,491.0,1.0,464.0,567.0,99,220,Dpf,broke_out,,0.6105055292259084,False
673237,Yainer Diaz,2026,1998-09-21,C,R,Houston Astros,97,356,339,96,15,1,14,37,44,12,3,0,2,56,2,66,3,19,0,87,1,0,0,0,0,9,27.0,356.0,15.7,3.4,0.283,0.457,0.312,0.174,0.303,0.272,0.416,0.333,0.313,0.302,0.145,0.379,0.354,0.011,0.041,0.02,89.2,7.6,29.5,7.0,38.2,99.635943357,94.007631439,74.5,42.1,61.0,88.8,22.0,57.4,36.5,54.4,17.5,21.8,6.3,7.3,72.6,13.5,31.1,22.7,7.7,55.9,10.0,26.0,4.48,16.0,38.0,41.0,285.0,83.9,64.3,yainer diaz,HOU,Yainer Diaz,HOU,"C,DH",144.4,87.0,104.0,250.0,382.0,27.8,3.9381443298969074,1.0730337078651686,206,C,C,False,87.0,556.8852459016393,4.003049236131642,-174.88524590163934,-0.06490490623473466,-119.0,False,False,171,True,66.31708934664658,13.725346098539747,1.0670397629807848,11.098524791832892,38.278198332535844,41.10979206654627,362.9589903990821,1.0195477258401182,19.041009600917903,0.053485982025050394,415.0,-33.0,"{'C': 415, 'SS': 586, '2B': 586, '3B': 569, '1B': 598, 'OF': 519, 'UT': 473}",1.0730337078651686,0.5393258426966292,-4.651447178668305,81.13207547169812,66.79245283018868,26.41509433962264,14.339622641509436,54.716981132075475,0.0,23.595505617977526,20.224719101123593,-0.020000000000000018,1.1724137931034482,4,1928,-0.09938008523827957,1.1724137931034482,3,True,-0.09938008523827957,-1.1000000000000014,-2.5999999999999996,0.3999999999999915,42.0,1.0,42.0,0.0,Left oblique strain,42.0,2026-03-26,2026-09-12,85.0,150.0,111.0,39.0,415.0,0.766,0.0,0.0,0.15,,established,31.9,0.6,1.252,"avg EV 89.2 (61st pct) · 1.07/PA this year against 1.17 at his best, two steps to clear · got 1.07/PA but deserved 1.02",xwOBA 0.313 (56th) · barrels 7.0% (47th) · EV 89.2 (58th) · hard-hit 38% (49th) · K 16% (87th) · BB 3% (3rd) · chase 42% (5th) · bat speed 72.6 mph (60th) · sprint 26.0 (15th),"{""n"":20,""b"":0,""c"":[[""Will Smith"",2023,28,1.08,1.09,595,0],[""Ozzie Albies"",2024,28,0.96,0.92,612,0],[""Ryan Jeffers"",2025,28,0.96,1.06,387,0],[""Tommy Edman"",2023,28,1.04,1.04,159,0],[""Ha-Seong Kim"",2024,29,0.99,0.9,171,0]]}",0.9311925074868368,1.0386665154779453,-0.026330886137737278,0.9311925074868368,422.0,0.966,393.0,559.0,149,247,FA,established,1.1724137931034482,-0.09938008523827957,True
673357,Luis Robert Jr.,2026,1997-08-03,OF,R,multi,61,230,204,45,5,0,11,26,26,24,0,2,3,55,2,29,0,0,1,0,0,0,0,0,57,1,28.0,230.0,23.9,10.4,0.221,0.407,0.3,0.186,0.243,0.239,0.418,0.311,0.321,0.317,0.179,0.362,0.378,-0.018,-0.011,-0.01,89.8,15.1,27.2,9.9,40.4,101.990246842,95.216749073,71.6,32.7,50.0,84.0,28.1,50.3,44.4,44.4,27.2,17.9,10.6,7.7,77.3,11.8,18.8,72.9,10.4,54.0,1.0,28.9,4.34,12.0,15.0,18.0,151.0,81.1,65.2,luis robert,multi,Luis Robert Jr.,BAL,"LF,CF",119.2,78.0,109.0,110.0,212.0,28.9,3.4754098360655736,0.9217391304347826,330,OF,OF,False,78.0,556.8852459016393,4.003049236131642,-344.88524590163934,-0.5276394000660685,-252.0,False,False,279,True,30.48135548240609,8.846413698781978,0.6151061552177762,8.813124663594156,30.130839664083464,26.346967970734315,222.50580763481776,0.9674165549339903,-10.505807634817756,-0.04567742449920764,473.0,-261.0,"{'C': 415, 'SS': 586, '2B': 586, '3B': 569, '1B': 598, 'OF': 519, 'UT': 473}",0.9217391304347826,0.4608695652173913,-7.779923292894243,,,,,,5.217391304347826,28.695652173913043,62.60869565217391,0.010000000000000009,1.260135135135135,6,2378,-0.33839600470035247,1.260135135135135,5,True,-0.33839600470035247,-2.1000000000000014,-0.40000000000000036,1.7000000000000028,102.0,2.0,202.0,0.0,,144.29999999999998,2026-03-26,2026-09-04,61.0,150.0,72.0,78.0,476.0,0.847,0.0,0.0,0.15,,established,35.6,1.1,1.34,"sprint 28.9 ft/s (88th pct) · deserved 0.97/PA on contact quality, got 0.92 · avg EV 89.8 (72nd pct) · bat speed up 1.7 mph",xwOBA 0.321 (65th) · barrels 9.9% (71st) · EV 89.8 (70th) · hard-hit 40% (59th) · K 24% (41st) · BB 10% (71st) · chase 33% (35th) · bat speed 77.3 mph (98th) · sprint 28.9 (87th),"{""n"":20,""b"":0,""c"":[[""Willi Castro"",2025,28,0.9,1.0,477,0],[""Tyler O'Neill"",2023,28,0.94,1.09,517,0],[""Austin Hays"",2024,29,0.88,1.07,445,0],[""Ryan Mountcastle"",2025,28,0.85,0.73,11,0],[""Chas McCormick"",2024,29,0.86,0.76,88,0]]}",1.0100711090446042,1.0082778769680247,-0.019875156067583864,1.0100711090446042,365.0,0.885,369.0,606.0,174,87,Dpf,established,1.260135135135135,-0.33839600470035247,True
673490,Ha-Seong Kim,2026,1995-10-17,SS,R,Atlanta Braves,50,143,127,15,1,1,0,10,9,14,1,2,0,37,0,13,3,0,0,0,0,0,0,46,0,0,30.0,143.0,25.9,9.8,0.118,0.142,0.211,0.024,0.167,0.158,0.208,0.176,0.217,0.249,0.049,0.16,0.226,-0.04,-0.066,-0.041,85.9,19.9,20.9,2.2,25.3,95.595131163,91.857617326,57.6,26.8,62.5,87.3,20.3,42.6,41.8,40.7,28.6,16.5,14.3,7.1,71.8,6.2,18.5,17.6,5.2,52.2,-17.0,27.7,4.45,1.0,5.0,9.0,91.0,57.8,58.7,haseong kim,ATL,Ha-Seong Kim,ATL,"2B,SS",385.0,234.0,366.0,404.0,70.0,30.7,1.4,0.48951048951048953,484,SS,SS,False,234.0,338.3666666666667,3.0792137196109657,-268.3666666666667,-1.6792137196109658,-250.0,False,False,339,True,16.667133553113484,1.870068690345898,0.23346195996775368,1.2953357965728647,13.016573413634003,11.262905611720377,88.63447902535438,0.6198215316458349,-18.63447902535438,-0.13031104213534533,473.0,-403.0,"{'C': 415, 'SS': 586, '2B': 586, '3B': 569, '1B': 598, 'OF': 519, 'UT': 473}",0.48951048951048953,0.11188811188811189,-11.787379636282687,,,,,,8.391608391608392,0.0,58.74125874125874,0.04100000000000001,,4,2310,,,4,True,0.13951048951048955,5.5,-3.0,1.3999999999999915,77.0,2.0,260.0,0.0,Right middle finger laceration,174.8,2026-05-12,2026-09-12,43.0,112.0,85.0,27.0,209.0,0.506,46.0,1.0,0.15,,established,25.9,0.3,0.57,"deserved 0.62/PA on contact quality, got 0.49 · sprint 27.7 ft/s (56th pct) · already 31, an age that jumps 3% of the time · bat speed up 1.4 mph",xwOBA 0.217 (0th) · barrels 2.2% (6th) · EV 85.9 (12th) · hard-hit 25% (5th) · K 26% (28th) · BB 10% (65th) · chase 27% (72nd) · bat speed 71.8 mph (47th) · sprint 27.7 (55th),"{""n"":20,""b"":0,""c"":[[""Jeimer Candelario"",2025,32,0.52,0.5,10,0],[""Jonah Bride"",2025,30,0.51,0.5,3,0],[""Austin Hedges"",2023,31,0.63,0.71,104,0],[""Omar Narv\u00e1ez"",2024,32,0.48,0.9,9,0],[""Andrew Knapp"",2021,30,0.58,0.59,27,0]]}",0.901013279171077,0.9471830985915493,-0.03556545422470473,0.901013279171077,201.0,0.86,181.0,541.0,427,332,FA,established,,0.13951048951048955,True
673548,Seiya Suzuki,2026,1994-08-18,OF,R,Chicago Cubs,143,634,545,147,31,1,26,96,86,81,5,3,0,155,3,89,2,0,8,0,0,0,0,0,111,30,31.0,634.0,24.4,12.8,0.27,0.473,0.368,0.203,0.33,0.246,0.427,0.366,0.34,0.344,0.181,0.441,0.398,0.024,0.046,0.026,88.6,17.5,36.9,10.7,38.9,100.235200558,94.190827557,59.6,22.5,53.7,86.1,23.5,40.2,41.0,35.9,30.8,24.9,8.4,7.2,73.3,11.1,21.6,36.3,8.4,47.8,23.0,27.9,4.41,41.0,33.0,73.0,393.0,70.7,58.8,seiya suzuki,CHC,Seiya Suzuki,CHC,"LF,RF,DH",93.6,63.0,92.0,118.0,696.0,31.9,4.8671328671328675,1.0977917981072556,31,OF,OF,False,63.0,556.8852459016393,4.062893081761007,139.11475409836066,0.8042397853718608,32.0,True,False,1,False,81.78598128291438,28.33396502473898,1.5391261017788902,22.41092759056775,81.9367918816214,74.24801977462833,631.9698116562497,0.9967978101833591,64.0301883437503,0.10099398792389647,473.0,223.0,"{'C': 415, 'SS': 586, '2B': 586, '3B': 569, '1B': 598, 'OF': 519, 'UT': 473}",1.0977917981072556,0.582018927444795,2.9281327346795845,86.41509433962264,81.50943396226415,88.30188679245283,4.905660377358487,-1.8867924528301927,2.8391167192429023,24.605678233438486,76.65615141955837,-0.025999999999999968,1.1333333333333333,5,2899,-0.035541535226077725,1.1333333333333333,4,True,-0.035541535226077725,-0.8000000000000007,-5.900000000000002,0.0,16.0,1.0,41.0,0.0,,23.5,2026-04-10,2026-09-12,131.0,139.0,138.0,1.0,625.0,0.949,15.0,0.0,0.15,,established,33.9,0.4,1.213,"634 PA, already has the job · sprint 27.9 ft/s (61st pct) · 1.10/PA is his best rate yet, so the bar is one step up",xwOBA 0.340 (83rd) · barrels 10.7% (77th) · EV 88.6 (50th) · hard-hit 39% (53rd) · K 24% (37th) · BB 13% (91st) · chase 22% (91st) · bat speed 73.3 mph (69th) · sprint 27.9 (60th),"{""n"":20,""b"":0,""c"":[[""Eugenio Su\u00e1rez"",2024,33,1.03,1.08,709,0],[""Francisco Lindor"",2025,32,1.14,0.91,421,0],[""Taylor Ward"",2025,32,1.04,0.82,496,0],[""Lourdes Gurriel Jr."",2024,31,1.03,0.99,541,0],[""Brandon Nimmo"",2025,32,1.06,0.92,598,0]]}",0.969996422546882,1.0841596533622198,-0.04944745880435125,0.969996422546882,577.0,0.981,560.0,582.0,53,152,BAMBI,established,1.1333333333333333,-0.035541535226077725,True
673962,Josh Jung,2026,1998-02-12,3B,R,Texas Rangers,104,444,398,119,27,1,12,54,42,35,8,1,1,80,3,79,5,0,0,0,0,0,100,0,0,4,28.0,444.0,18.0,7.9,0.299,0.462,0.365,0.163,0.346,0.285,0.44,0.362,0.348,0.354,0.156,0.407,0.387,0.014,0.022,0.014,90.7,12.0,41.1,7.2,49.2,100.183736149,94.6575581,67.1,29.3,62.1,90.6,18.5,47.4,39.3,42.4,23.1,31.2,3.4,7.0,70.5,13.1,32.5,8.4,12.1,56.4,13.0,25.7,4.73,19.0,38.0,62.0,321.0,72.7,63.1,josh jung,TEX,Josh Jung,TEX,3B,324.6,199.0,328.0,357.0,440.0,28.4,4.230769230769231,0.990990990990991,169,3B,3B,False,199.0,375.06451612903226,3.180509813450934,64.93548387096774,1.0502594173182969,30.0,False,False,132,False,77.66965545202936,21.95173463717152,1.2895643695688668,12.51904554123025,51.24925508410844,52.435140246644885,433.6323953307533,0.9766495390332282,6.3676046692467025,0.014341451957762819,473.0,-33.0,"{'C': 415, 'SS': 586, '2B': 586, '3B': 569, '1B': 598, 'OF': 519, 'UT': 473}",0.990990990990991,0.5315315315315315,-3.2313701645838586,54.339622641509436,62.64150943396226,38.86792452830189,-8.301886792452827,15.471698113207545,1.3513513513513513,16.216216216216218,47.2972972972973,-0.014000000000000012,1.0271844660194174,3,1760,-0.0361934750284264,1.0271844660194174,2,False,-0.0361934750284264,-7.199999999999999,-1.1000000000000005,0.29999999999999716,50.0,2.0,182.0,0.0,Right hand fracture,92.3,2026-03-26,2026-09-12,93.0,149.0,103.0,46.0,580.0,0.903,0.0,0.0,0.15,,established,32.1,2.0,1.107,"avg EV 90.7 (85th pct) · 444 PA, already has the job · 0.99/PA is his best rate yet, so the bar is one step up",xwOBA 0.348 (90th) · barrels 7.2% (49th) · EV 90.7 (84th) · hard-hit 49% (92nd) · K 18% (77th) · BB 8% (41st) · chase 29% (57th) · bat speed 70.5 mph (29th) · sprint 25.7 (11th),"{""n"":20,""b"":0,""c"":[[""Alec Bohm"",2024,28,1.0,0.93,470,0],[""Taylor Ward"",2023,30,1.01,0.97,640,0],[""Alec Bohm"",2023,27,1.01,1.0,608,0],[""Tyler Stephenson"",2024,28,1.06,1.01,344,0],[""Alex Verdugo"",2023,27,0.99,0.86,533,0]]}",0.9001704849530159,0.9500619578686493,-0.026330886137737278,0.9001704849530159,401.0,0.926,361.0,540.0,185,335,MMM,established,1.0271844660194174,-0.0361934750284264,False
675961,Alika Williams,2026,1999-03-12,SS,R,Athletics,88,231,215,58,20,1,4,29,16,10,2,2,1,50,1,33,6,0,0,0,0,20,1,66,0,0,27.0,231.0,21.6,4.3,0.27,0.428,0.307,0.158,0.333,0.217,0.299,0.32,0.248,0.258,0.082,0.388,0.289,0.053,0.129,0.072,84.7,14.0,30.8,1.2,32.7,97.052140482,92.554231818,68.5,37.1,56.6,88.6,22.4,52.9,43.8,46.2,23.1,21.9,8.9,7.0,69.1,7.1,21.9,3.1,7.0,44.5,-1.0,28.0,4.4,15.0,19.0,24.0,169.0,74.2,69.7,alika williams,ATH,,,,,,,,207.0,27.3,2.352272727272727,0.8961038961038961,336,2B/3B/SS,2B/SS,True,339.0,171.72,2.3941801142166454,35.28,-0.04190738694391838,3.0,False,False,279,False,36.03432028309338,6.880330052330998,0.47137904605788666,3.268970618517742,23.440692026470433,20.90119485598568,167.28188688245615,0.7241640124781652,39.71811311754385,0.17193988362573087,473.0,-266.0,"{'C': 415, 'SS': 586, '2B': 586, '3B': 569, '1B': 598, 'OF': 519, 'UT': 473}",0.8961038961038961,0.42857142857142855,-8.174170738614833,,,,,,5.194805194805195,10.38961038961039,25.974025974025974,-0.07200000000000001,0.8961038961038961,1,439,0.0,,0,False,0.5461038961038961,,,,0.0,0.0,17.0,0.0,,5.1,2026-05-17,2026-09-12,79.0,104.0,104.0,0.0,292.0,0.76,51.0,1.0,0.15,,established,32.4,1.5,0.976,"439 career PA, still new · sprint 28.0 ft/s (65th pct) · 27 years old, an age that jumps 3% of the time",xwOBA 0.248 (3rd) · barrels 1.2% (2nd) · EV 84.7 (4th) · hard-hit 33% (23rd) · K 22% (56th) · BB 4% (8th) · chase 37% (16th) · bat speed 69.1 mph (15th) · sprint 28.0 (63rd),"{""n"":20,""b"":0,""c"":[[""Matthew Batten"",2023,28,0.91,1.33,4,0],[""Reese McGuire"",2023,28,0.87,0.82,130,0],[""Wilmer Difo"",2021,29,0.87,0.0,0,0],[""Jason Delay"",2023,28,0.87,1.11,21,0],[""Alex Call"",2022,28,1.0,0.83,364,0]]}",0.8560092447497385,0.8961038961038961,-0.01697502965936144,0.8560092447497385,219.0,0.996,187.0,514.0,412,415,FA,candidate,,0.5461038961038961,False
676356,Jonny DeLuca,2026,1998-07-10,OF,R,Tampa Bay Rays,111,366,346,91,24,0,9,42,48,17,0,17,6,78,0,58,1,0,2,0,0,0,0,0,115,2,27.0,366.0,21.3,4.6,0.263,0.41,0.298,0.147,0.317,0.231,0.32,0.309,0.259,0.267,0.09,0.375,0.307,0.032,0.09,0.05,85.8,14.2,28.4,3.0,29.9,97.890255833,92.95530678,70.7,36.2,56.5,85.2,25.0,52.8,45.0,43.2,21.4,21.0,14.4,7.8,73.4,10.0,19.8,33.7,7.3,60.0,-1.0,29.2,4.28,13.0,38.0,36.0,271.0,72.9,63.7,jonny deluca,TB,Jonny DeLuca,TB,"LF,CF,RF",778.5,309.0,1195.0,,394.0,28.0,3.5495495495495497,1.0765027322404372,195,OF,OF,False,309.0,171.72,2.3941801142166454,222.28,1.1553694353329043,114.0,False,False,171,False,61.72538692747672,11.495944248860365,0.4699507198491159,6.234718103813803,41.612605922622,32.87637914839284,336.48098507101486,0.9193469537459422,57.51901492898514,0.15715577849449502,473.0,-79.0,"{'C': 415, 'SS': 586, '2B': 586, '3B': 569, '1B': 598, 'OF': 519, 'UT': 473}",1.0765027322404372,0.5136612021857924,-3.579528251421412,81.50943396226415,54.71698113207547,36.22641509433962,26.792452830188687,45.28301886792453,27.868852459016395,14.754098360655737,27.868852459016395,-0.04999999999999999,1.0765027322404372,2,832,0.0,,1,False,0.7265027322404373,,,,26.0,1.0,222.0,0.0,,132.5,2026-03-26,2026-09-12,98.0,150.0,127.0,23.0,375.0,0.772,0.0,0.0,0.15,,established,28.7,2.4,1.157,"1.08/PA is his best rate yet, so the bar is one step up · sprint 29.2 ft/s (92nd pct) · avg EV 85.8 (12th pct)",xwOBA 0.259 (8th) · barrels 3.0% (12th) · EV 85.8 (11th) · hard-hit 30% (16th) · K 21% (58th) · BB 5% (9th) · chase 36% (19th) · bat speed 73.4 mph (70th) · sprint 29.2 (91st),"{""n"":20,""b"":1,""c"":[[""Harrison Bader"",2021,27,1.06,1.03,321,0],[""Sam Haggerty"",2022,28,1.15,1.1,119,0],[""Connor Wong"",2024,28,1.04,0.7,131,0],[""TJ Friedl"",2022,27,1.03,1.18,658,1],[""Raimel Tapia"",2021,27,1.02,0.94,409,0]]}",0.9765051738549697,1.0375052675937633,-0.026330886137737278,0.9765051738549697,334.0,0.894,326.0,586.0,218,131,FA,candidate,,0.7265027322404373,False
676369,Nelson Velázquez,2026,1998-12-26,OF,R,multi,52,113,101,19,4,0,6,12,18,9,1,0,0,38,2,9,2,0,0,0,0,0,0,0,31,10,27.0,113.0,33.6,8.0,0.188,0.406,0.257,0.218,0.22,0.232,0.486,0.287,0.34,0.302,0.254,0.39,0.482,-0.044,-0.08,-0.053,94.8,21.5,41.5,13.8,61.5,103.143481818,97.125894923,67.3,31.6,35.1,73.6,39.2,48.9,43.1,26.2,36.9,30.8,6.2,7.4,74.7,13.7,23.9,52.3,15.9,55.5,-3.0,27.6,4.47,7.0,2.0,10.0,65.0,68.0,65.5,nelson velazquez,multi,,,,,,,,98.0,27.5,1.8846153846153846,0.8672566371681416,441,OF,OF,True,339.0,171.72,2.3941801142166454,-73.72,-0.5095647296012609,-102.0,False,False,339,False,10.056328702796096,6.9843884253712245,0.5042370408692735,5.887045830963411,14.847516858749131,15.62836775443086,110.99388461318,0.9822467664883185,-12.99388461318,-0.11499012932017694,473.0,-375.0,"{'C': 415, 'SS': 586, '2B': 586, '3B': 569, '1B': 598, 'OF': 519, 'UT': 473}",0.8672566371681416,0.37168141592920356,-9.839237712457246,,,,,,0.0,31.858407079646017,47.78761061946903,0.05300000000000005,,2,728,,0.9174757281553398,2,False,-0.050219090987198234,7.100000000000001,5.0,1.4000000000000057,0.0,0.0,0.0,0.0,,0.0,2026-05-29,2026-09-06,45.0,90.0,90.0,0.0,174.0,0.5,64.0,1.0,0.15,,established,39.2,3.6,0.947,"deserved 0.98/PA on contact quality, got 0.87 · avg EV 94.8 (99th pct) · 728 career PA, still new · barrel rate up 5.0 pts on last year · bat speed up 1.4 mph",xwOBA 0.340 (83rd) · barrels 13.8% (93rd) · EV 94.8 (100th) · hard-hit 62% (100th) · K 34% (3rd) · BB 8% (42nd) · chase 32% (42nd) · bat speed 74.7 mph (86th) · sprint 27.6 (52nd),"{""n"":20,""b"":2,""c"":[[""Jerar Encarnacion"",2024,27,0.97,0.86,48,0],[""J.D. Davis"",2022,29,0.93,0.91,499,0],[""Matt Vierling"",2025,29,0.83,0.8,232,0],[""Brent Rooker"",2021,27,0.85,0.5,18,0],[""Chad Pinder"",2021,29,0.93,0.87,329,0]]}",0.9867269527215073,0.8739130434782608,-0.01697502965936144,0.9867269527215073,200.0,1.0,197.0,592.0,391,115,FA,candidate,0.9174757281553398,-0.050219090987198234,False
676391,Ernie Clement,2026,1996-03-22,2B,R,Toronto Blue Jays,157,618,587,153,33,1,9,60,48,22,2,7,1,58,7,110,13,0,0,0,0,131,14,40,3,0,30.0,618.0,9.4,3.6,0.261,0.366,0.286,0.105,0.273,0.241,0.318,0.286,0.258,0.269,0.077,0.298,0.266,0.02,0.048,0.028,84.3,17.4,31.7,2.1,20.7,93.97856406,91.027216685,72.0,44.4,76.7,90.5,15.2,57.3,40.1,38.2,28.2,23.3,10.3,7.1,67.3,4.5,34.4,2.8,11.5,61.6,-19.0,28.1,4.33,28.0,56.0,69.0,536.0,83.2,66.3,ernie clement,TOR,Ernie Clement,TOR,"1B,2B,3B,SS",257.4,158.0,276.0,261.0,508.0,30.3,3.2356687898089174,0.8220064724919094,125,2B/3B/SS,2B/SS,False,158.0,422.61764705882354,3.705765225084571,85.38235294117646,-0.4700964352756536,33.0,True,False,120,False,113.86161022114008,18.328832315601904,0.9595047053759143,8.317052757882088,64.38725737008737,55.67377509308999,480.19403246317734,0.7770129975132319,27.805967536822664,0.04499347497867745,473.0,35.0,"{'C': 415, 'SS': 586, '2B': 586, '3B': 569, '1B': 598, 'OF': 519, 'UT': 473}",0.8220064724919094,0.47572815533980584,-3.3877004976125447,4.150943396226415,38.49056603773585,38.49056603773585,-34.339622641509436,-34.339622641509436,6.7961165048543695,8.737864077669903,21.359223300970875,-0.02799999999999997,0.9446902654867256,3,2022,-0.12268379299481624,0.9446902654867256,2,False,-0.12268379299481624,-1.0,-0.2999999999999998,-0.29999999999999716,0.0,0.0,0.0,0.0,,0.0,2026-03-27,2026-09-12,145.0,151.0,151.0,0.0,567.0,0.96,0.0,0.0,0.15,,established,24.0,1.9,1.025,"618 PA, already has the job · sprint 28.1 ft/s (68th pct) · 0.82/PA this year against 0.94 at his best, two steps to clear",xwOBA 0.258 (7th) · barrels 2.1% (5th) · EV 84.3 (3rd) · hard-hit 21% (2nd) · K 9% (99th) · BB 4% (4th) · chase 44% (2nd) · bat speed 67.3 mph (4th) · sprint 28.1 (67th),"{""n"":20,""b"":1,""c"":[[""Isiah Kiner-Falefa"",2025,30,0.87,0.92,169,0],[""Mauricio Dub\u00f3n"",2025,31,0.82,0.95,584,0],[""Jeff McNeil"",2023,31,0.93,0.88,417,0],[""Tony Kemp"",2022,31,0.86,0.84,351,0],[""Mauricio Dub\u00f3n"",2024,30,0.86,0.82,328,0]]}",0.8669107562307565,0.867227042660882,-0.035928731828200076,0.8669107562307565,399.0,1.0,346.0,520.0,198,400,CS,established,0.9446902654867256,-0.12268379299481624,False
676439,Hunter Feduccia,2026,1997-06-05,C,L,multi,92,246,213,48,9,1,3,21,19,27,1,0,0,59,1,35,5,13,0,89,1,0,0,0,0,1,29.0,246.0,24.0,11.0,0.225,0.319,0.314,0.094,0.296,0.24,0.371,0.289,0.313,0.328,0.131,0.324,0.363,-0.015,-0.052,-0.024,89.3,14.8,36.5,7.5,38.0,99.144368553,93.741564408,61.9,24.6,60.3,85.8,22.1,42.1,32.7,38.4,31.4,27.0,3.1,7.0,71.1,9.6,28.4,13.5,11.2,52.6,-4.0,26.9,4.55,8.0,15.0,25.0,159.0,68.4,56.1,hunter feduccia,multi,,,,,,,,205.0,29.1,2.2282608695652173,0.8333333333333334,337,C,C,True,339.0,171.72,2.3941801142166454,33.28,-0.16591924465142815,2.0,False,False,279,False,35.37036583917956,9.244308056883133,0.8572863686950374,5.648039735242267,27.776809329104285,26.09199747224078,233.0118068013451,0.9472024666721346,-28.011806801345102,-0.11386913333880122,415.0,-210.0,"{'C': 415, 'SS': 586, '2B': 586, '3B': 569, '1B': 598, 'OF': 519, 'UT': 473}",0.8333333333333334,0.3089430894308943,-9.536169737306025,,,,,,0.0,7.317073170731708,65.85365853658537,0.02400000000000002,0.8333333333333334,1,365,0.0,,0,False,0.4833333333333334,,,,0.0,0.0,0.0,0.0,,0.0,2026-03-26,2026-09-12,87.0,146.0,146.0,0.0,235.0,0.596,0.0,0.0,0.15,,established,30.3,6.5,0.913,"deserved 0.95/PA on contact quality, got 0.83 · 365 career PA, still new · avg EV 89.3 (63rd pct)",xwOBA 0.313 (56th) · barrels 7.5% (52nd) · EV 89.3 (61st) · hard-hit 38% (47th) · K 24% (41st) · BB 11% (79th) · chase 25% (84th) · bat speed 71.1 mph (36th) · sprint 26.9 (34th),"{""n"":20,""b"":0,""c"":[[""David Bote"",2021,28,0.76,0.94,119,0],[""Victor Caratini"",2022,29,0.87,0.95,215,0],[""Zack Short"",2023,28,0.81,0.6,53,0],[""Matt Thaiss"",2023,28,0.85,0.81,150,0],[""Ryan O'Hearn"",2021,28,0.81,0.79,115,0]]}",0.9228662418696649,0.8333333333333334,-0.019875156067583864,0.9228662418696649,200.0,1.0,185.0,554.0,417,275,FA,established,,0.4833333333333334,False
676475,Alec Burleson,2026,1998-11-25,1B,L,St. Louis Cardinals,160,670,605,169,37,1,26,89,116,55,6,4,0,121,4,105,8,0,0,0,156,0,0,0,0,3,27.0,670.0,18.1,8.2,0.279,0.473,0.343,0.194,0.31,0.289,0.522,0.353,0.374,0.349,0.234,0.4,0.428,-0.01,-0.049,-0.021,92.0,13.0,34.6,11.3,50.0,102.344379671,95.865822963,72.6,38.1,68.2,83.4,22.5,53.6,48.6,44.7,26.6,22.5,6.1,7.7,73.8,14.9,26.5,37.6,14.1,52.5,21.0,25.6,4.49,35.0,54.0,80.0,488.0,86.0,62.7,alec burleson,STL,Alec Burleson,STL,"1B,LF,RF,DH",172.6,100.0,165.0,185.0,725.0,27.6,4.53125,1.0820895522388059,22,1B/OF,1B,False,100.0,556.8852459016393,4.003049236131642,168.11475409836066,0.5282007638683579,78.0,True,True,1,False,97.71857265723352,43.83491835056595,2.1394453271675307,31.152063665033,84.52060052889216,93.88734457687954,734.6679451057717,1.0965193210533906,-9.66794510577165,-0.014429768814584687,473.0,252.0,"{'C': 415, 'SS': 586, '2B': 586, '3B': 569, '1B': 598, 'OF': 519, 'UT': 473}",1.0820895522388059,0.6402985074626866,4.810658045096048,82.26415094339623,95.09433962264151,94.33962264150944,-12.830188679245282,-12.075471698113205,3.582089552238806,23.283582089552237,49.25373134328358,0.02100000000000002,1.0820895522388059,4,2211,0.0,1.0134453781512605,3,True,0.06864417408754542,3.6000000000000014,1.8000000000000007,1.5,0.0,0.0,10.0,0.0,,6.0,2026-03-26,2026-09-12,148.0,153.0,153.0,0.0,611.0,0.967,0.0,0.0,0.15,,established,36.0,10.4,1.162,"670 PA, already has the job · avg EV 92.0 (93rd pct) · 1.08/PA is his best rate yet, so the bar is one step up · bat speed up 1.5 mph",xwOBA 0.374 (96th) · barrels 11.3% (81st) · EV 92.0 (92nd) · hard-hit 50% (94th) · K 18% (76th) · BB 8% (45th) · chase 38% (12th) · bat speed 73.8 mph (76th) · sprint 25.6 (10th),"{""n"":20,""b"":0,""c"":[[""William Contreras"",2024,26,1.14,1.03,681,0],[""Trent Grisham"",2025,29,1.05,0.98,472,0],[""Vinnie Pasquantino"",2025,28,1.02,0.95,453,0],[""Rafael Devers"",2023,27,1.08,1.08,651,0],[""Alec Bohm"",2024,28,1.0,0.93,470,0]]}",1.0754795623593794,1.0513561771958166,-0.026330886137737278,1.0754795623593794,614.0,0.995,660.0,645.0,22,23,LTTA,established,1.0134453781512605,0.06864417408754542,True
676609,José Caballero,2026,1996-08-30,SS,R,New York Yankees,136,456,411,95,13,0,14,50,51,29,7,34,11,111,5,68,11,0,0,0,0,23,37,70,24,1,29.0,456.0,24.3,6.4,0.231,0.365,0.29,0.134,0.278,0.227,0.333,0.29,0.278,0.287,0.106,0.346,0.33,0.004,0.032,0.012,83.8,13.9,31.7,4.2,25.6,95.732982153,91.957054306,67.5,37.0,61.7,78.7,27.9,51.1,43.4,46.3,20.4,21.7,11.7,6.8,68.8,5.5,20.4,6.7,10.1,52.0,-6.0,28.0,4.29,15.0,38.0,42.0,309.0,75.0,62.5,jose caballero,NYY,Jose Caballero,NYY,"2B,3B,SS,LF,RF",202.4,119.0,207.0,238.0,473.0,29.8,3.4779411764705883,1.037280701754386,144,2B/3B/SS/OF,2B/3B/SS/OF,False,119.0,556.8852459016393,3.729032258064516,-83.88524590163934,-0.2510910815939278,-25.0,False,False,121,True,70.65179050551448,11.866276639500688,0.6370752044551571,10.141857650529664,51.54300891576976,43.87292624010847,452.5759351558782,0.9924910858681539,20.4240648441218,0.04478961588623198,473.0,0.0,"{'C': 415, 'SS': 586, '2B': 586, '3B': 569, '1B': 598, 'OF': 519, 'UT': 473}",1.037280701754386,0.4451754385964912,-1.690120626236739,70.18867924528301,26.79245283018868,55.094339622641506,43.39622641509433,15.094339622641506,44.73684210526316,18.421052631578945,38.15789473684211,-0.011999999999999955,1.2459459459459459,4,1589,-0.20866524419155996,1.2459459459459459,3,False,-0.20866524419155996,-2.1999999999999993,-1.7000000000000002,-0.29999999999999716,10.0,1.0,10.0,0.0,Right middle finger fracture,10.0,2026-03-25,2026-09-11,125.0,152.0,142.0,10.0,443.0,0.88,0.0,0.0,0.15,,established,25.3,0.2,1.326,"456 PA, already has the job · sprint 28.0 ft/s (65th pct) · already 30, an age that jumps 3% of the time",xwOBA 0.278 (18th) · barrels 4.2% (21st) · EV 83.8 (2nd) · hard-hit 26% (6th) · K 24% (38th) · BB 6% (26th) · chase 37% (16th) · bat speed 68.8 mph (12th) · sprint 28.0 (63rd),"{""n"":20,""b"":0,""c"":[[""Jake Fraley"",2024,29,1.04,1.0,216,0],[""Jake Fraley"",2025,30,1.0,0.86,83,0],[""Cedric Mullins"",2024,30,1.11,1.01,502,0],[""Tyrone Taylor"",2024,30,1.01,0.89,304,0],[""Josh Rojas"",2023,29,0.93,0.81,385,0]]}",0.9671030329140043,1.0953943371004982,-0.035928731828200076,0.9671030329140043,405.0,0.992,392.0,580.0,150,163,FA,established,1.2459459459459459,-0.20866524419155996,False
676694,Jake Meyers,2026,1996-06-18,OF,R,Houston Astros,57,153,141,30,7,0,3,15,11,10,1,1,2,31,1,20,0,0,1,0,0,0,0,0,54,0,30.0,153.0,20.3,6.5,0.213,0.326,0.268,0.113,0.25,0.205,0.316,0.265,0.256,0.261,0.11,0.295,0.284,0.008,0.01,0.009,85.4,15.4,25.2,6.3,27.9,95.71614,91.922291171,72.7,32.6,58.2,87.6,21.8,52.2,38.7,42.3,28.8,19.8,9.0,7.0,67.5,5.4,26.1,4.6,8.5,50.8,-5.0,27.9,4.49,5.0,11.0,14.0,111.0,80.0,67.3,jake meyers,HOU,Jake Meyers,HOU,CF,445.0,261.0,454.0,436.0,118.0,30.0,2.0701754385964914,0.7712418300653595,420,OF,OF,False,261.0,220.25,2.8337463512984864,-102.25,-0.763570912701995,-159.0,False,False,339,True,20.278555793231412,5.02206614589218,0.325200328521393,3.279177732355012,16.04376620797242,14.938127270231579,120.301893478204,0.7862868854784575,-2.3018934782039935,-0.015045055413097974,473.0,-355.0,"{'C': 415, 'SS': 586, '2B': 586, '3B': 569, '1B': 598, 'OF': 519, 'UT': 473}",0.7712418300653595,0.33986928104575165,-10.237477448986716,,,,,,3.9215686274509807,11.76470588235294,39.21568627450981,-0.009000000000000008,,3,1711,,1.0183727034120735,3,False,-0.24713087334671402,2.6999999999999993,1.2999999999999998,-0.9000000000000057,43.0,2.0,101.0,1.0,,77.8,2026-03-26,2026-09-06,57.0,150.0,112.0,38.0,204.0,0.509,0.0,0.0,0.15,,established,15.3,0.3,0.851,"deserved 0.79/PA on contact quality, got 0.77 · sprint 27.9 ft/s (61st pct) · already 30, an age that jumps 3% of the time",xwOBA 0.256 (7th) · barrels 6.3% (40th) · EV 85.4 (7th) · hard-hit 28% (10th) · K 20% (63rd) · BB 6% (26th) · chase 33% (36th) · bat speed 67.5 mph (4th) · sprint 27.9 (60th),"{""n"":20,""b"":0,""c"":[[""Taylor Walls"",2024,28,0.84,0.91,289,0],[""Corey Julks"",2024,28,0.8,0.85,11,0],[""Nicky Lopez"",2023,28,0.87,0.73,326,0],[""Tyler Wade"",2024,30,0.85,0.74,94,0],[""Connor Wong"",2025,29,0.7,0.9,213,0]]}",0.883564558777338,0.9127917833800187,-0.035928731828200076,0.883564558777338,228.0,0.938,201.0,530.0,381,370,FA,established,1.0183727034120735,-0.24713087334671402,False
676724,Jared Young,2026,1995-07-09,1B,L,New York Mets,103,342,308,82,17,3,9,46,39,25,6,3,1,63,3,53,5,0,1,0,84,0,0,0,8,9,30.0,342.0,18.4,7.3,0.266,0.429,0.33,0.163,0.305,0.25,0.4,0.333,0.321,0.32,0.15,0.371,0.354,0.016,0.029,0.012,90.4,11.7,30.2,7.7,46.8,101.896708525,95.331303402,70.2,27.5,60.5,82.3,24.4,47.4,42.7,48.0,23.4,21.8,6.9,7.2,73.1,14.6,27.1,32.5,7.8,58.9,5.0,27.5,4.37,17.0,35.0,30.0,248.0,80.2,54.4,jared young,NYM,,,,,,,,336.0,31.0,3.262135922330097,0.9824561403508771,227,1B/OF,1B,True,339.0,171.72,2.3941801142166454,164.28,0.8679558081134515,112.0,False,False,237,False,51.27076916103884,14.583086733839263,1.8215190492049447,9.324625055916949,40.72710946171895,37.791871706254085,315.718981167973,0.9231549156958275,20.281018832026973,0.05930122465504961,473.0,-137.0,"{'C': 415, 'SS': 586, '2B': 586, '3B': 569, '1B': 598, 'OF': 519, 'UT': 473}",0.9824561403508771,0.5321637426900585,-5.1269795323371055,53.58490566037736,63.0188679245283,21.132075471698116,-9.433962264150942,32.45283018867924,5.263157894736842,15.789473684210526,43.859649122807014,-0.01200000000000001,0.9824561403508771,1,458,0.0,,0,False,0.6324561403508772,,,,52.0,2.0,52.0,0.0,Left meniscus tear; Concussion,52.0,2026-03-28,2026-09-12,98.0,151.0,110.0,41.0,439.0,0.891,2.0,0.0,0.15,,established,34.1,4.8,1.062,"avg EV 90.4 (81st pct) · 458 career PA, still new · only 342 PA, and a breakout needs 350 next year",xwOBA 0.321 (65th) · barrels 7.7% (54th) · EV 90.4 (79th) · hard-hit 47% (86th) · K 18% (74th) · BB 7% (33rd) · chase 28% (68th) · bat speed 73.1 mph (67th) · sprint 27.5 (49th),"{""n"":20,""b"":0,""c"":[[""Alex Call"",2025,31,0.94,0.84,162,0],[""Aledmys D\u00edaz"",2021,31,0.91,0.89,292,0],[""Nathan Lukes"",2025,31,1.0,0.92,414,0],[""Eddie Rosario"",2021,30,1.05,0.77,209,0],[""Matt Duffy"",2021,30,0.99,0.69,171,0]]}",0.9697990924253151,0.9824561403508771,-0.03556545422470473,0.9697990924253151,276.0,0.958,268.0,582.0,276,152,FA,established,,0.6324561403508772,False
676914,Davis Schneider,2026,1999-01-26,OF,R,Toronto Blue Jays,68,152,121,18,6,0,5,20,15,28,1,1,0,50,1,7,2,0,2,0,0,12,0,0,52,2,27.0,152.0,32.9,18.4,0.149,0.322,0.311,0.173,0.194,0.151,0.285,0.294,0.285,0.315,0.133,0.334,0.316,-0.002,0.037,0.009,87.9,27.3,24.7,11.1,43.8,100.316491111,94.905986761,58.3,20.6,44.0,76.5,32.8,38.2,42.5,32.9,42.5,13.7,11.0,7.1,70.7,9.4,21.4,10.3,17.6,47.7,-3.0,26.9,4.57,7.0,4.0,7.0,73.0,69.8,50.0,davis schneider,TOR,Davis Schneider,TOR,"2B,LF",810.0,315.0,1236.0,,126.0,27.4,1.8529411764705883,0.8289473684210527,412,2B/OF,OF,False,315.0,171.72,2.3941801142166454,-45.72,-0.5412389377460571,-97.0,False,False,339,False,9.62231318352644,4.766707267818739,0.3196459137832068,3.562333634871616,16.338348424739557,15.371040841343763,118.34438926608331,0.7785815083294955,7.655610733916689,0.05036586009155719,473.0,-347.0,"{'C': 415, 'SS': 586, '2B': 586, '3B': 569, '1B': 598, 'OF': 519, 'UT': 473}",0.8289473684210527,0.34868421052631576,-10.00229102190828,,,,,,3.9473684210526314,19.736842105263158,110.52631578947368,-0.009000000000000008,,2,974,,1.0440528634361232,2,False,-0.2151054950150706,6.5,-2.9000000000000004,-0.7999999999999972,0.0,0.0,0.0,0.0,,0.0,2026-03-28,2026-08-21,62.0,137.0,137.0,0.0,152.0,0.453,1.0,0.0,0.15,,established,41.7,0.7,0.909,"27 years old, an age that jumps 3% of the time · 974 career PA, a known quantity · avg EV 87.9 (40th pct)",xwOBA 0.285 (24th) · barrels 11.1% (79th) · EV 87.9 (38th) · hard-hit 44% (76th) · K 33% (4th) · BB 18% (100th) · chase 21% (97th) · bat speed 70.7 mph (31st) · sprint 26.9 (34th),"{""n"":20,""b"":0,""c"":[[""Seby Zavala"",2022,29,0.94,0.76,147,0],[""Jake Rogers"",2025,30,0.91,0.84,144,0],[""Zach McKinstry"",2021,26,0.94,0.88,163,0],[""Taylor Trammell"",2025,28,0.87,0.81,231,0],[""Garrett Mitchell"",2025,27,0.83,1.06,561,0]]}",0.9231268209203422,0.9005655042412817,-0.01697502965936144,0.9231268209203422,217.0,1.0,200.0,554.0,383,275,FA,candidate,1.0440528634361232,-0.2151054950150706,False
677587,Brayan Rocchio,2026,2001-01-13,SS,S,Cleveland Guardians,153,592,534,135,25,2,15,66,73,38,11,20,7,85,4,93,12,0,0,0,0,10,0,143,0,0,25.0,592.0,14.4,6.4,0.253,0.391,0.313,0.138,0.274,0.246,0.35,0.312,0.294,0.309,0.104,0.327,0.305,0.007,0.041,0.018,87.0,13.8,34.9,2.9,30.0,96.81810991,92.455591951,68.9,33.2,61.8,86.7,22.1,50.0,43.2,41.5,25.5,25.5,7.4,7.3,69.8,7.1,27.2,6.4,9.1,50.2,-7.0,27.4,4.5,21.0,43.0,69.0,458.0,75.2,55.9,brayan rocchio,CLE,,,,,,,,580.0,25.5,3.7908496732026142,0.9797297297297297,92,2B/SS,SS,True,339.0,171.72,2.3941801142166454,408.28,1.3966695589859688,247.0,True,False,53,False,100.5728311526056,17.689358605540477,1.4587893311022542,11.64302091075167,65.80099333915331,58.09694975208551,539.1619430912388,0.9107465254919573,40.838056908761246,0.06898320423777238,473.0,107.0,"{'C': 415, 'SS': 586, '2B': 586, '3B': 569, '1B': 598, 'OF': 519, 'UT': 473}",0.9797297297297297,0.5422297297297297,-0.009045799700509422,53.20754716981132,67.9245283018868,70.18867924528301,-14.716981132075475,-16.98113207547169,20.27027027027027,15.202702702702704,38.51351351351351,-0.018000000000000016,0.9797297297297297,3,1503,0.0,0.8276762402088773,2,False,0.1520534895208524,-5.700000000000001,-0.3999999999999999,-0.20000000000000284,0.0,0.0,0.0,0.0,,0.0,2026-03-26,2026-09-12,142.0,153.0,153.0,0.0,535.0,0.928,0.0,0.0,0.15,,established,26.9,6.1,1.06,"592 PA, already has the job · 0.98/PA is his best rate yet, so the bar is one step up · 26 years old, an age that jumps 4% of the time",xwOBA 0.294 (33rd) · barrels 2.9% (11th) · EV 87.0 (24th) · hard-hit 30% (16th) · K 14% (91st) · BB 6% (26th) · chase 33% (33rd) · bat speed 69.8 mph (22nd) · sprint 27.4 (48th),"{""n"":20,""b"":2,""c"":[[""Bryson Stott"",2023,26,1.07,1.0,572,0],[""Isiah Kiner-Falefa"",2022,27,0.92,0.94,339,0],[""J.P. Crawford"",2021,26,0.88,0.78,472,0],[""Thairo Estrada"",2022,26,1.03,1.03,546,0],[""Luis Rengifo"",2022,25,0.9,0.99,440,0]]}",0.9049823843077425,0.9189019279128249,-0.01249045949552797,0.9049823843077425,439.0,1.0,397.0,543.0,147,325,CJF,candidate,0.8276762402088773,0.1520534895208524,False
677588,José Tena,2026,2001-03-20,DH,L,Washington Nationals,115,288,257,57,13,2,7,36,25,27,3,6,2,90,1,35,0,0,0,0,0,21,2,1,18,57,25.0,288.0,31.3,9.4,0.222,0.37,0.302,0.148,0.311,0.221,0.351,0.299,0.291,0.302,0.13,0.388,0.374,0.001,0.019,0.008,90.6,8.1,30.4,8.3,46.4,102.541901667,95.570783929,67.6,29.5,42.9,76.8,34.3,47.6,32.1,48.8,20.8,25.0,5.4,7.1,73.9,12.3,20.1,42.1,7.6,40.6,-1.0,27.8,4.24,10.0,16.0,31.0,168.0,80.8,60.1,jose tena,WSH,,,,,,,,261.0,25.3,2.2695652173913046,0.90625,287,2B/3B/OF,2B,True,339.0,171.72,2.3941801142166454,89.28,-0.12461489682534088,52.0,False,False,250,False,38.28531816061336,10.482554203507481,1.1599371111449561,6.869190524734204,32.99279800356322,29.617329319664684,257.61412732322793,0.894493497650097,3.385872676772067,0.011756502349902997,473.0,-212.0,"{'C': 415, 'SS': 586, '2B': 586, '3B': 569, '1B': 598, 'OF': 519, 'UT': 473}",0.90625,0.34375,-7.407600641753917,,,,,,12.5,14.583333333333334,56.25,-0.008000000000000007,0.90625,1,659,0.0,,0,False,0.55625,9.400000000000002,3.000000000000001,3.200000000000003,0.0,0.0,0.0,0.0,,0.0,2026-03-28,2026-09-12,109.0,149.0,149.0,0.0,278.0,0.732,2.0,0.0,0.15,,established,33.2,10.1,0.986,"avg EV 90.6 (83rd pct) · 25 years old, an age that jumps 5% of the time · 659 career PA, still new · barrel rate up 3.0 pts on last year · bat speed up 3.2 mph",xwOBA 0.291 (30th) · barrels 8.3% (60th) · EV 90.6 (81st) · hard-hit 46% (85th) · K 31% (11th) · BB 9% (58th) · chase 30% (56th) · bat speed 73.9 mph (77th) · sprint 27.8 (57th),"{""n"":20,""b"":0,""c"":[[""Jordan Walker"",2024,22,0.83,0.85,338,0],[""Andruw Monasterio"",2024,27,0.84,1.02,138,0],[""Gabriel Arias"",2025,25,0.84,0.88,129,0],[""Davis Schneider"",2025,26,1.04,0.83,126,0],[""Addison Barger"",2025,26,1.03,0.5,14,0]]}",0.9125537180513775,0.8894952251023193,-0.01249045949552797,0.9125537180513775,261.0,1.0,238.0,548.0,315,303,FA,candidate,,0.55625,False
677592,Everson Pereira,2026,2001-04-10,OF,R,multi,38,111,98,23,5,0,5,10,12,6,5,1,0,37,1,13,0,0,1,0,0,0,0,0,34,5,25.0,111.0,33.3,5.4,0.235,0.439,0.309,0.204,0.316,0.205,0.4,0.327,0.299,0.283,0.194,0.454,0.403,0.03,0.039,0.028,88.5,9.7,39.7,12.7,41.3,100.122989677,94.214766452,73.6,37.4,36.1,78.4,37.8,53.7,36.5,50.8,23.8,17.5,7.9,8.0,74.3,10.5,18.3,47.1,13.1,66.8,-2.0,27.6,4.41,8.0,7.0,7.0,63.0,81.8,61.3,everson pereira,multi,,,,,,,,104.0,25.2,2.736842105263158,0.9369369369369369,431,OF,OF,True,339.0,171.72,2.3941801142166454,-67.72,0.3426619910465125,-92.0,False,False,339,False,9.966247679274426,5.488805501094707,0.3816459599873107,4.253300859643557,13.192169125841826,13.381805988016053,101.76597511385788,0.9168105866113322,2.234024886142123,0.020126350325604725,473.0,-369.0,"{'C': 415, 'SS': 586, '2B': 586, '3B': 569, '1B': 598, 'OF': 519, 'UT': 473}",0.9369369369369369,0.3153153153153153,-9.95600982844562,,,,,,5.405405405405405,27.027027027027025,32.432432432432435,-0.028000000000000025,,0,287,,,0,False,0.5869369369369369,,,,126.0,4.0,128.0,0.0,Right pectoral strain; Concussion; Left hand contusion,127.2,2026-03-26,2026-08-21,38.0,133.0,48.0,85.0,345.0,0.792,0.0,0.0,0.15,,established,32.5,1.8,0.43,"287 career PA, still new · 25 years old, an age that jumps 5% of the time · got 0.94/PA but deserved 0.92",xwOBA 0.299 (40th) · barrels 12.7% (89th) · EV 88.5 (48th) · hard-hit 41% (64th) · K 33% (3rd) · BB 5% (15th) · chase 37% (15th) · bat speed 74.3 mph (82nd) · sprint 27.6 (52nd),"{""n"":20,""b"":1,""c"":[[""Riley Adams"",2021,25,0.91,0.74,114,0],[""Zach Dezenzo"",2025,25,0.95,0.76,62,0],[""Nolan Jones"",2022,24,0.94,1.37,580,0],[""Taylor Trammell"",2022,25,0.93,0.88,49,0],[""Hunter Goodman"",2024,25,0.92,1.13,654,1]]}",0.893887406696451,0.9369369369369369,-0.01249045949552797,0.893887406696451,205.0,0.898,183.0,536.0,420,349,FA,candidate,,0.5869369369369369,False
677594,Julio Rodríguez,2026,2000-12-29,OF,R,Seattle Mariners,149,649,591,147,26,0,22,69,71,47,7,22,3,144,4,99,3,0,4,0,0,0,0,0,142,7,25.0,649.0,22.2,7.2,0.249,0.404,0.31,0.155,0.291,0.266,0.442,0.313,0.336,0.324,0.177,0.368,0.402,-0.017,-0.038,-0.023,90.3,12.7,31.7,8.9,44.1,102.3967876,95.564433133,68.7,38.5,56.9,85.1,26.5,51.9,39.2,42.8,25.5,24.8,6.9,7.8,76.6,13.3,21.2,67.1,8.1,50.1,-4.0,28.7,4.35,27.0,57.0,63.0,451.0,66.2,63.8,julio rodriguez,SEA,Julio Rodriguez,SEA,"CF,DH",10.0,8.0,9.0,10.0,651.0,25.5,4.369127516778524,1.0030816640986133,44,OF,OF,False,8.0,651.0652173913044,4.793478260869565,-0.06521739130437254,-0.4243507440910417,-36.0,False,False,24,False,101.71758830756517,30.334854405885544,1.1885262655334672,23.965031021015843,86.3049749357697,75.07684290140412,705.4008178371738,1.0869041877306223,-54.400817837173804,-0.08382252363200893,473.0,178.0,"{'C': 415, 'SS': 586, '2B': 586, '3B': 569, '1B': 598, 'OF': 519, 'UT': 473}",1.0030816640986133,0.46841294298921415,0.8523880768332932,59.24528301886792,35.471698113207545,79.24528301886792,23.77358490566038,-20.0,20.338983050847457,20.338983050847457,43.45146379044684,0.02300000000000002,1.2267857142857144,5,3246,-0.22370405018710104,1.2267857142857144,4,True,-0.22370405018710104,0.8000000000000007,-0.9000000000000004,0.19999999999998863,15.0,1.0,34.0,0.0,Concussion,20.7,2026-03-26,2026-09-12,138.0,149.0,138.0,11.0,649.0,1.0,0.0,0.0,0.15,,established,36.3,3.2,1.307,"649 PA, already has the job · deserved 1.09/PA on contact quality, got 1.00 · avg EV 90.3 (80th pct)",xwOBA 0.336 (81st) · barrels 8.9% (64th) · EV 90.3 (77th) · hard-hit 44% (78th) · K 22% (52nd) · BB 7% (32nd) · chase 38% (10th) · bat speed 76.6 mph (96th) · sprint 28.7 (82nd),"{""n"":20,""b"":0,""c"":[[""Michael Harris II"",2025,24,0.97,1.12,695,0],[""Bo Bichette"",2023,25,1.04,0.78,261,0],[""Vladimir Guerrero Jr."",2025,26,1.06,0.88,537,0],[""Luis Garc\u00eda Jr."",2025,25,0.99,1.12,608,0],[""Vladimir Guerrero Jr."",2023,24,1.0,1.16,806,0]]}",1.0940982045777783,1.0714115497656684,-0.01249045949552797,1.0940982045777783,647.0,0.983,708.0,656.0,12,16,BB,established,1.2267857142857144,-0.22370405018710104,True
677649,Ezequiel Duran,2026,1999-05-22,SS,R,Texas Rangers,152,593,535,140,27,4,17,71,83,46,5,12,4,140,6,92,6,0,2,0,3,37,56,53,52,0,27.0,593.0,23.6,7.8,0.262,0.422,0.323,0.16,0.32,0.244,0.37,0.326,0.301,0.308,0.127,0.392,0.356,0.018,0.052,0.025,88.9,11.7,34.3,6.0,38.6,99.541154694,93.938850485,70.2,35.6,56.3,83.9,26.2,51.8,37.3,47.0,22.9,23.4,6.7,7.2,72.6,9.4,21.3,27.7,7.0,43.9,11.0,28.9,4.28,28.0,53.0,59.0,402.0,74.9,68.1,ezequiel duran,TEX,,,,,,,,605.0,27.1,3.9802631578947367,1.0202360876897134,77,1B/2B/3B/SS/OF,2B/3B/SS/OF,True,339.0,171.72,2.3941801142166454,433.28,1.5860830436780913,262.0,True,False,42,False,93.14640938337826,20.86755820329452,2.500655443276181,14.025376970051044,72.71927830032472,59.62021925034494,546.3644975506697,0.921356656915126,58.63550244933026,0.09887943077458738,473.0,132.0,"{'C': 415, 'SS': 586, '2B': 586, '3B': 569, '1B': 598, 'OF': 519, 'UT': 473}",1.0202360876897134,0.5025295109612141,0.6991609693697876,63.77358490566037,50.56603773584906,76.22641509433963,13.207547169811313,-12.452830188679258,12.141652613827993,17.200674536256322,46.54300168634064,-0.025000000000000022,1.0202360876897134,5,1756,0.0,1.0022779043280183,4,False,0.01795818336169508,-1.5,3.4,1.0999999999999943,0.0,0.0,0.0,0.0,,0.0,2026-03-26,2026-09-12,140.0,149.0,149.0,0.0,546.0,0.94,0.0,0.0,0.15,,established,31.2,4.9,1.1,"593 PA, already has the job · 1.02/PA is his best rate yet, so the bar is one step up · sprint 28.9 ft/s (88th pct) · barrel rate up 3.4 pts on last year · bat speed up 1.1 mph",xwOBA 0.301 (42nd) · barrels 6.0% (36th) · EV 88.9 (54th) · hard-hit 39% (51st) · K 24% (44th) · BB 8% (39th) · chase 36% (22nd) · bat speed 72.6 mph (60th) · sprint 28.9 (87th),"{""n"":20,""b"":1,""c"":[[""Austin Hays"",2023,28,1.03,0.88,225,0],[""Matt Vierling"",2024,28,0.98,0.83,83,0],[""Tyler Stephenson"",2024,28,1.06,1.01,344,0],[""Tommy Edman"",2022,27,1.07,1.04,547,0],[""Daulton Varsho"",2022,26,1.07,0.97,563,0]]}",0.9497986934721385,0.9611063094209161,-0.01697502965936144,0.9497986934721385,438.0,1.0,416.0,570.0,128,206,CJF,candidate,1.0022779043280183,0.01795818336169508,False
677800,Wilyer Abreu,2026,1999-06-24,OF,L,Boston Red Sox,156,677,594,148,38,4,24,81,76,70,3,8,4,140,7,82,9,0,12,0,0,0,0,0,152,4,27.0,677.0,20.7,10.3,0.249,0.448,0.328,0.199,0.284,0.253,0.47,0.336,0.347,0.331,0.217,0.383,0.399,-0.004,-0.022,-0.011,89.8,19.0,36.1,12.6,43.5,100.876206783,94.727459696,67.8,29.8,61.6,82.3,24.6,47.5,35.7,33.1,35.9,22.3,8.7,7.2,73.8,11.9,24.3,36.4,8.0,50.9,11.0,28.0,4.28,52.0,41.0,55.0,462.0,71.8,58.0,wilyer abreu,BOS,Wilyer Abreu,BOS,"LF,CF,RF",210.6,125.0,214.0,197.0,683.0,27.0,4.378205128205129,1.0088626292466765,36,OF,OF,False,125.0,450.5,3.705765225084571,232.5,0.6724399031205577,89.0,True,True,1,False,79.08173386367645,40.37495246785892,3.952893473252849,26.8724201952118,90.63603947098619,86.09853962819557,718.1965790991817,1.060851667797905,-35.19657909918169,-0.051989038551228495,473.0,210.0,"{'C': 415, 'SS': 586, '2B': 586, '3B': 569, '1B': 598, 'OF': 519, 'UT': 473}",1.0088626292466765,0.5332348596750369,0.7894414853533469,60.75471698113207,63.77358490566037,78.11320754716982,-3.018867924528301,-17.35849056603775,7.0901033973412115,21.270310192023636,62.0384047267356,0.010999999999999954,1.0935251798561152,3,1626,-0.08466255060943872,1.0935251798561152,2,False,-0.08466255060943872,-3.5,0.29999999999999893,-0.29999999999999716,0.0,0.0,60.0,0.0,,30.599999999999998,2026-03-26,2026-09-12,145.0,152.0,152.0,0.0,620.0,0.954,0.0,0.0,0.15,,established,34.9,7.8,1.174,"677 PA, already has the job · deserved 1.06/PA on contact quality, got 1.01 · avg EV 89.8 (72nd pct)",xwOBA 0.347 (89th) · barrels 12.6% (88th) · EV 89.8 (70th) · hard-hit 44% (75th) · K 21% (61st) · BB 10% (70th) · chase 30% (53rd) · bat speed 73.8 mph (76th) · sprint 28.0 (63rd),"{""n"":20,""b"":0,""c"":[[""Carlos Correa"",2022,28,0.99,0.87,505,0],[""Bryan Reynolds"",2023,28,1.06,1.05,727,0],[""Will Smith"",2022,27,1.05,1.08,601,0],[""Dansby Swanson"",2023,29,0.97,1.0,593,0],[""Bo Bichette"",2023,25,1.04,0.78,261,0]]}",1.0544505184873152,1.0367473852822011,-0.01697502965936144,1.0544505184873152,568.0,0.976,599.0,633.0,41,28,GLIZZY,candidate,1.0935251798561152,-0.08466255060943872,False
677870,Leo Jiménez,2026,2001-05-17,3B,R,Miami Marlins,66,194,166,33,4,0,2,18,14,18,8,1,0,38,1,27,5,0,0,0,11,7,40,1,0,9,25.0,194.0,19.6,9.3,0.199,0.259,0.306,0.06,0.244,0.242,0.336,0.267,0.314,0.346,0.095,0.257,0.328,-0.043,-0.077,-0.047,90.0,5.5,30.8,3.9,40.0,99.614902188,94.040225547,62.1,26.2,57.7,84.9,24.3,42.5,34.6,54.6,20.0,23.8,1.5,7.3,71.9,11.5,28.1,16.3,6.4,44.9,-10.0,28.0,4.48,4.0,13.0,16.0,130.0,59.2,56.7,leo jimenez,MIA,,,,,,,,132.0,25.1,2.0,0.6804123711340206,404,1B/2B/3B/SS,3B,True,339.0,171.72,2.3941801142166454,-39.72,-0.39418011421664545,-65.0,False,False,339,False,31.525547385055045,4.907529679501544,0.35429848583177387,3.3846244496116356,22.72938537897153,18.06039628351822,160.90378166248973,0.8294009364045862,-28.903781662489735,-0.1489885652705656,473.0,-341.0,"{'C': 415, 'SS': 586, '2B': 586, '3B': 569, '1B': 598, 'OF': 519, 'UT': 473}",0.6804123711340206,0.28865979381443296,-10.255287669881325,,,,,,3.0927835051546393,6.185567010309279,55.670103092783506,0.046999999999999986,,1,436,,,1,False,0.33041237113402067,,,,13.0,1.0,13.0,0.0,Concussion,13.0,2026-04-01,2026-08-31,66.0,140.0,127.0,13.0,228.0,0.52,5.0,0.0,0.15,,established,31.4,6.0,0.76,"deserved 0.83/PA on contact quality, got 0.68 · 25 years old, an age that jumps 5% of the time · 436 career PA, still new",xwOBA 0.314 (58th) · barrels 3.9% (18th) · EV 90.0 (74th) · hard-hit 40% (57th) · K 20% (69th) · BB 9% (58th) · chase 26% (76th) · bat speed 71.9 mph (48th) · sprint 28.0 (63rd),"{""n"":20,""b"":0,""c"":[[""Curtis Mead"",2024,24,0.69,0.81,213,0],[""Lenyn Sosa"",2023,23,0.68,0.8,296,0],[""Josh Smith"",2022,25,0.73,0.78,180,0],[""Bligh Madris"",2022,26,0.67,0.53,16,0],[""Will Wagner"",2025,27,0.72,0.73,33,0]]}",0.9207133219601172,0.7073929961089495,-0.01249045949552797,0.9207133219601172,210.0,0.99,193.0,552.0,402,285,FA,candidate,,0.33041237113402067,False
677942,Blaze Alexander,2026,1999-06-11,3B,R,Baltimore Orioles,93,289,261,79,13,2,4,35,31,19,4,10,3,63,1,60,7,0,0,0,0,21,56,12,22,0,27.0,289.0,21.8,6.6,0.303,0.414,0.358,0.111,0.385,0.3,0.452,0.341,0.351,0.354,0.152,0.408,0.425,0.003,-0.038,-0.01,92.3,9.2,40.8,6.6,48.8,100.590883438,95.214491406,82.5,30.2,59.5,80.4,25.3,56.1,33.3,47.8,21.4,29.4,1.5,7.4,72.2,10.9,25.6,23.9,8.1,49.9,3.0,28.4,4.4,10.0,27.0,42.0,201.0,86.1,62.2,blaze alexander,BAL,,,,,,,,299.0,27.1,3.21505376344086,1.0346020761245676,262,2B/3B/SS/OF,2B/3B/OF,True,339.0,171.72,2.3941801142166454,127.28,0.8208736492242146,77.0,False,False,247,False,55.552733635425085,13.535993285865839,1.4978125219930838,7.7134605567159955,38.51191503996538,31.951783369939548,312.7356984099049,1.0821304443249304,-13.735698409904899,-0.04752836820036288,473.0,-174.0,"{'C': 415, 'SS': 586, '2B': 586, '3B': 569, '1B': 598, 'OF': 519, 'UT': 473}",1.0346020761245676,0.4844290657439446,-5.470549788253757,,,,,,20.761245674740486,8.304498269896195,39.44636678200692,0.009999999999999953,1.0346020761245676,2,740,0.0,0.8984962406015038,1,False,0.13610583552306377,-10.499999999999996,-6.200000000000001,0.10000000000000853,18.0,1.0,203.0,0.0,Low back discomfort,129.0,2026-03-26,2026-09-08,93.0,152.0,149.0,3.0,289.0,0.624,0.0,0.0,0.15,,established,33.8,2.5,1.115,"avg EV 92.3 (94th pct) · 1.03/PA is his best rate yet, so the bar is one step up · deserved 1.08/PA on contact quality, got 1.03",xwOBA 0.351 (91st) · barrels 6.6% (43rd) · EV 92.3 (94th) · hard-hit 49% (91st) · K 22% (55th) · BB 7% (27th) · chase 30% (51st) · bat speed 72.2 mph (53rd) · sprint 28.4 (76th),"{""n"":20,""b"":1,""c"":[[""Trevor Larnach"",2024,27,1.03,0.92,522,0],[""Joshua Palacios"",2023,28,1.0,0.94,73,0],[""Taylor Ward"",2023,30,1.01,0.97,640,0],[""Christian Arroyo"",2022,27,0.98,0.85,175,0],[""Ryan Mountcastle"",2023,26,1.03,0.95,480,0]]}",0.9689196348564396,0.9722277325927395,-0.01697502965936144,0.9689196348564396,260.0,0.897,252.0,581.0,295,159,FA,candidate,0.8984962406015038,0.13610583552306377,False
677950,Alek Thomas,2026,2000-04-28,OF,L,multi,35,120,113,21,10,0,2,13,13,4,2,4,0,27,0,9,0,0,1,0,0,0,0,0,34,0,26.0,120.0,22.5,3.3,0.186,0.327,0.227,0.141,0.226,0.232,0.374,0.244,0.282,0.271,0.142,0.288,0.342,-0.046,-0.047,-0.038,89.5,13.0,33.3,7.1,40.2,99.80450119,94.395876747,74.4,41.6,53.8,86.2,26.3,57.0,28.7,42.5,26.4,23.0,8.0,6.9,69.9,11.2,29.3,6.4,7.8,57.9,-6.0,27.8,4.29,4.0,7.0,10.0,87.0,80.8,63.3,alek thomas,multi,,,,,,,,104.0,26.2,2.9714285714285715,0.8666666666666667,431,OF,OF,True,339.0,171.72,2.3941801142166454,-67.72,0.5772484572119261,-92.0,False,False,339,False,16.93445772459826,5.73109405554445,0.33643871511632956,3.214009504740963,13.559768307893501,12.915981222206366,114.95374953009988,0.9579479127508324,-10.953749530099884,-0.09128124608416566,473.0,-369.0,"{'C': 415, 'SS': 586, '2B': 586, '3B': 569, '1B': 598, 'OF': 519, 'UT': 473}",0.8666666666666667,0.36666666666666664,-10.21659698683574,,,,,,20.0,10.0,20.0,0.03799999999999998,,3,1505,,0.9303482587064676,3,False,-0.06368159203980095,-3.5,-0.7000000000000002,-1.1999999999999886,0.0,0.0,92.0,0.0,,27.599999999999998,2026-03-26,2026-08-29,35.0,49.0,49.0,0.0,365.0,0.714,0.0,0.0,0.15,,established,41.1,1.0,0.947,"deserved 0.96/PA on contact quality, got 0.87 · 26 years old, an age that jumps 4% of the time · avg EV 89.5 (67th pct)",xwOBA 0.282 (21st) · barrels 7.1% (48th) · EV 89.5 (64th) · hard-hit 40% (58th) · K 22% (51st) · BB 3% (2nd) · chase 42% (5th) · bat speed 69.9 mph (23rd) · sprint 27.8 (57th),"{""n"":20,""b"":0,""c"":[[""Dylan Carlson"",2023,25,0.85,0.72,192,0],[""Pavin Smith"",2023,27,0.86,1.26,199,0],[""Leody Taveras"",2025,27,0.84,0.9,433,0],[""Heston Kjerstad"",2025,26,0.82,0.63,12,0],[""Christian Encarnacion-Strand"",2025,26,0.8,1.08,231,0]]}",0.9986775110332196,0.8678038379530917,-0.020377176503197886,0.9986775110332196,214.0,0.978,214.0,599.0,351,102,FA,candidate,0.9303482587064676,-0.06368159203980095,False
677951,Bobby Witt Jr.,2026,2000-06-14,SS,R,Kansas City Royals,142,628,554,157,33,1,18,94,54,67,3,45,8,108,4,105,10,0,0,0,0,0,0,139,0,3,26.0,628.0,17.2,10.7,0.283,0.444,0.361,0.161,0.322,0.304,0.507,0.348,0.38,0.37,0.203,0.386,0.431,-0.021,-0.063,-0.032,92.3,16.3,37.6,11.5,50.7,103.231204529,96.271249079,67.1,33.8,57.4,86.2,24.9,48.6,30.9,36.0,26.4,28.4,9.1,7.0,73.9,15.8,27.6,41.5,5.1,45.1,17.0,30.1,4.17,25.0,56.0,76.0,450.0,77.6,61.6,bobby witt,KC,Bobby Witt Jr.,KC,SS,3.6,3.0,3.0,4.0,746.0,26.0,5.253521126760563,1.1878980891719746,16,SS,SS,False,3.0,651.0652173913044,4.803563586172282,94.93478260869563,0.4499575405882812,-13.0,False,False,1,False,104.9007659357359,38.04600689827489,1.991688396242521,23.477538769746698,97.55577778126745,74.97662834415749,816.8264061254249,1.3006789906455811,-70.82640612542491,-0.11278090147360653,473.0,273.0,"{'C': 415, 'SS': 586, '2B': 586, '3B': 569, '1B': 598, 'OF': 519, 'UT': 473}",1.1878980891719746,0.6337579617834395,4.680195074056432,96.22641509433963,93.9622641509434,93.9622641509434,2.2641509433962312,2.2641509433962312,42.9936305732484,17.197452229299362,64.0127388535032,0.03200000000000003,1.3568406205923835,5,3350,-0.16894253142040894,1.3568406205923835,4,True,-0.16894253142040894,-1.0,-1.0,-0.3999999999999915,13.0,1.0,13.0,0.0,,13.0,2026-03-27,2026-09-12,130.0,150.0,138.0,12.0,622.0,0.942,0.0,0.0,0.15,,established,36.3,5.2,1.437,"628 PA, already has the job · deserved 1.30/PA on contact quality, got 1.19 · avg EV 92.3 (94th pct)",xwOBA 0.380 (98th) · barrels 11.5% (81st) · EV 92.3 (94th) · hard-hit 51% (95th) · K 17% (80th) · BB 11% (77th) · chase 34% (30th) · bat speed 73.9 mph (77th) · sprint 30.1 (99th),"{""n"":20,""b"":0,""c"":[[""Fernando Tatis Jr."",2025,26,1.16,1.19,838,0],[""Vladimir Guerrero Jr."",2025,26,1.06,0.88,537,0],[""Vladimir Guerrero Jr."",2024,25,1.16,1.06,723,0],[""Kyle Tucker"",2025,28,1.18,0.99,618,0],[""Yordan Alvarez"",2024,27,1.2,0.95,190,0]]}",1.2094221195081531,1.229946524064171,-0.020377176503197886,1.2094221195081531,667.0,0.99,807.0,726.0,1,2,BB,established,1.3568406205923835,-0.16894253142040894,True
678011,Anthony Seigler,2026,1999-06-20,2B,S,Boston Red Sox,49,173,150,37,12,1,3,21,13,18,1,2,0,28,2,21,6,0,0,0,0,46,1,0,0,2,27.0,173.0,16.2,10.4,0.247,0.4,0.327,0.153,0.281,0.241,0.37,0.321,0.312,0.327,0.129,0.335,0.323,0.006,0.03,0.009,86.9,15.3,37.3,5.6,34.9,96.698935968,92.468069113,66.4,26.4,64.4,82.9,22.5,46.0,34.9,42.1,30.2,23.0,4.0,6.8,66.9,7.2,33.5,0.4,10.8,58.3,-1.0,25.6,4.66,6.0,11.0,19.0,126.0,87.5,63.6,anthony seigler,BOS,,,,,,,,150.0,27.0,3.061224489795918,0.8670520231213873,387,C/2B/3B,2B,True,339.0,171.72,2.3941801142166454,-21.72,0.6670443755792728,-48.0,False,False,339,False,24.967105560554455,6.81129189742308,0.5760995234904757,3.79550301853199,18.212818472774465,18.818729982603546,147.68154845537802,0.8536505691062314,2.318451544621979,0.013401454015155911,415.0,-265.0,"{'C': 415, 'SS': 586, '2B': 586, '3B': 569, '1B': 598, 'OF': 519, 'UT': 473}",0.8670520231213873,0.49710982658959535,-9.293268037771995,,,,,,6.936416184971098,10.404624277456646,62.42774566473989,-0.009000000000000008,,0,246,,,0,False,0.5170520231213873,,,,30.0,2.0,30.0,0.0,Right wrist inflammation,30.0,2026-06-04,2026-09-12,49.0,91.0,91.0,0.0,283.0,0.538,70.0,1.0,0.15,,established,35.2,1.8,0.43,"246 career PA, still new · 27 years old, an age that jumps 3% of the time · avg EV 86.9 (25th pct)",xwOBA 0.312 (56th) · barrels 5.6% (34th) · EV 86.9 (23rd) · hard-hit 35% (32nd) · K 16% (85th) · BB 10% (71st) · chase 26% (74th) · bat speed 66.9 mph (3rd) · sprint 25.6 (10th),"{""n"":20,""b"":0,""c"":[[""Andr\u00e9s Chaparro"",2024,25,0.89,0.6,44,0],[""Miguel Andujar"",2021,26,0.87,0.85,119,0],[""Yerm\u00edn Mercedes"",2021,28,0.94,0.82,68,0],[""Yohel Pozo"",2025,28,0.9,0.9,56,0],[""Reese McGuire"",2021,26,0.87,0.92,253,0]]}",0.8714979085690197,0.8670520231213873,-0.01697502965936144,0.8714979085690197,201.0,0.976,175.0,523.0,434,392,FA,candidate,,0.5170520231213873,False
678218,Brandon Valenzuela,2026,2000-10-02,C,S,Toronto Blue Jays,90,268,237,53,9,0,8,28,22,28,1,2,0,68,1,36,10,19,0,83,5,0,0,0,0,2,25.0,268.0,25.4,10.4,0.224,0.363,0.307,0.139,0.278,0.239,0.37,0.3,0.309,0.321,0.131,0.352,0.366,-0.015,-0.007,-0.009,88.3,14.5,37.4,6.4,38.0,99.436471905,93.823788095,71.5,28.8,47.5,85.6,25.7,49.6,43.3,42.1,23.4,26.3,8.2,7.9,72.6,9.0,19.7,22.0,9.1,51.0,-5.0,25.6,4.72,11.0,14.0,28.0,171.0,77.4,64.2,brandon valenzuela,TOR,,,,,,,,252.0,25.7,2.8,0.9402985074626866,289,C,C,True,339.0,171.72,2.3941801142166454,80.28,0.4058198857833544,50.0,False,False,255,False,40.08816121890604,9.035036447680461,0.5474434479209707,6.972358885492532,28.015912001375607,29.4015215155544,264.75043351693,0.9878747519288433,-12.750433516930002,-0.047576244466156714,415.0,-163.0,"{'C': 415, 'SS': 586, '2B': 586, '3B': 569, '1B': 598, 'OF': 519, 'UT': 473}",0.9402985074626866,0.3656716417910448,-8.258277801236924,,,,,,4.477611940298507,17.91044776119403,62.6865671641791,0.009000000000000008,0.9402985074626866,1,268,0.0,,0,False,0.5902985074626866,,,,0.0,0.0,0.0,0.0,,0.0,2026-04-05,2026-09-09,84.0,142.0,142.0,0.0,264.0,0.592,9.0,0.0,0.15,,established,31.4,5.8,1.02,"deserved 0.99/PA on contact quality, got 0.94 · 26 years old, an age that jumps 4% of the time · only 268 PA in his first season, and a breakout needs 350 next year",xwOBA 0.309 (51st) · barrels 6.4% (41st) · EV 88.3 (45th) · hard-hit 38% (47th) · K 25% (32nd) · BB 10% (71st) · chase 29% (61st) · bat speed 72.6 mph (60th) · sprint 25.6 (10th),"{""n"":20,""b"":0,""c"":[[""Andruw Monasterio"",2023,26,0.9,0.84,119,0],[""Patrick Bailey"",2023,24,0.95,0.94,422,0],[""Pedro Pag\u00e9s"",2024,26,0.98,0.93,362,0],[""Emmanuel Rivera"",2022,26,0.91,0.85,241,0],[""Jonah Heim"",2021,26,0.85,0.94,424,0]]}",0.9085726315499654,0.9402985074626866,-0.020377176503197886,0.9085726315499654,247.0,1.0,224.0,545.0,339,316,FA,candidate,,0.5902985074626866,False
678246,Miguel Vargas,2026,1999-11-17,3B,R,Chicago White Sox,159,704,588,147,31,1,33,106,93,101,7,22,2,126,7,82,14,0,0,0,32,0,140,0,0,6,26.0,704.0,17.9,14.3,0.25,0.474,0.363,0.224,0.261,0.263,0.496,0.363,0.378,0.371,0.233,0.387,0.41,-0.013,-0.022,-0.015,90.1,20.5,39.4,13.0,43.8,100.367790769,94.615853953,68.9,20.9,68.6,82.4,21.0,43.9,46.7,30.1,35.4,23.9,10.7,7.8,73.9,13.0,26.3,42.4,12.8,64.9,28.0,28.6,4.37,44.0,32.0,69.0,469.0,75.3,59.6,miguel vargas,CWS,Miguel Vargas,CWS,"1B,3B,DH",289.0,174.0,273.0,229.0,785.0,26.6,4.937106918238993,1.1150568181818181,6,1B/3B,1B/3B,False,174.0,375.06451612903226,3.2573529411764706,409.93548387096774,1.6797539770625227,168.0,True,True,1,False,84.777266673497,35.33829619905885,1.9196075813913118,32.60882954605285,103.60774243340785,91.1303695301019,801.0301119635099,1.137826863584531,-16.030111963509853,-0.02277004540271288,473.0,312.0,"{'C': 415, 'SS': 586, '2B': 586, '3B': 569, '1B': 598, 'OF': 519, 'UT': 473}",1.1150568181818181,0.6747159090909091,5.713342846020609,89.05660377358491,97.73584905660377,96.60377358490567,-8.679245283018858,-7.547169811320757,18.75,28.125,86.07954545454545,0.015000000000000013,1.1150568181818181,4,1864,0.0,0.929701230228471,3,False,0.18535558795334717,0.29999999999999716,3.5999999999999996,3.3000000000000114,0.0,0.0,9.0,0.0,,5.3999999999999995,2026-03-26,2026-09-12,146.0,150.0,150.0,0.0,640.0,0.973,0.0,0.0,0.15,,established,35.0,17.1,1.195,"704 PA, already has the job · 1.12/PA is his best rate yet, so the bar is one step up · avg EV 90.1 (77th pct) · barrel rate up 3.6 pts on last year · bat speed up 3.3 mph",xwOBA 0.378 (97th) · barrels 13.0% (90th) · EV 90.1 (74th) · hard-hit 44% (76th) · K 18% (78th) · BB 14% (96th) · chase 21% (96th) · bat speed 73.9 mph (77th) · sprint 28.6 (81st),"{""n"":20,""b"":1,""c"":[[""Brice Turang"",2025,26,1.11,1.12,759,0],[""Maikel Garcia"",2025,25,1.08,0.93,315,0],[""Gavin Sheets"",2025,29,0.96,0.9,377,0],[""Alejandro Kirk"",2025,27,1.02,1.03,323,0],[""William Contreras"",2024,26,1.14,1.03,681,0]]}",1.0987854413926115,1.0303627407075684,-0.01697502965936144,1.0987854413926115,677.0,0.996,744.0,659.0,8,15,GLIZZY,broke_out,0.929701230228471,0.18535558795334717,False
678391,Jorbit Vivas,2026,2001-03-09,3B,L,Washington Nationals,123,364,311,74,15,1,3,32,31,41,4,2,1,53,4,55,8,0,0,0,0,57,54,0,0,4,25.0,364.0,14.6,11.3,0.238,0.322,0.331,0.084,0.274,0.236,0.309,0.298,0.292,0.329,0.073,0.289,0.281,0.002,0.013,0.006,82.9,12.0,34.3,3.0,21.5,94.277617252,91.318865649,74.1,29.1,62.7,91.0,18.1,49.5,38.1,44.2,21.9,26.8,7.2,7.5,69.3,6.6,22.5,4.0,6.3,42.6,-5.0,27.1,4.48,11.0,20.0,43.0,265.0,82.9,65.1,jorbit vivas,WSH,,,,,,,,280.0,25.3,2.2764227642276422,0.7692307692307693,271,2B/3B,2B/3B,True,339.0,171.72,2.3941801142166454,108.28,-0.11775734998900322,68.0,False,False,250,False,59.987552119480235,8.433357578182395,0.6556284851945069,4.319461817142862,38.489256402570035,32.564279635036286,283.54853603760625,0.7789794946088084,-3.5485360376062545,-0.00974872537803917,473.0,-193.0,"{'C': 415, 'SS': 586, '2B': 586, '3B': 569, '1B': 598, 'OF': 519, 'UT': 473}",0.7692307692307693,0.42032967032967034,-7.905459681671323,0.7547169811320755,20.0,1.509433962264151,-19.245283018867923,-0.7547169811320755,3.296703296703297,4.945054945054945,67.58241758241758,-0.006000000000000005,0.7692307692307693,1,430,0.0,,0,False,0.4192307692307693,,,,0.0,0.0,0.0,0.0,,0.0,2026-03-28,2026-09-12,111.0,149.0,149.0,0.0,332.0,0.745,2.0,0.0,0.15,,established,25.7,5.6,0.849,"25 years old, an age that jumps 5% of the time · 430 career PA, still new · deserved 0.78/PA on contact quality, got 0.77",xwOBA 0.292 (30th) · barrels 3.0% (12th) · EV 82.9 (1st) · hard-hit 22% (2nd) · K 15% (90th) · BB 11% (82nd) · chase 29% (58th) · bat speed 69.3 mph (17th) · sprint 27.1 (39th),"{""n"":20,""b"":0,""c"":[[""Vidal Bruj\u00e1n"",2024,26,0.79,0.85,81,0],[""Brayan Rocchio"",2024,24,0.81,0.83,317,0],[""Liam Hicks"",2025,26,0.89,1.06,582,0],[""Nick Allen"",2023,25,0.69,0.48,50,0],[""Alejo Lopez"",2022,26,0.83,2.5,5,0]]}",0.8548684448506034,0.7692307692307693,-0.01249045949552797,0.8548684448506034,258.0,1.0,221.0,513.0,343,416,FA,candidate,,0.4192307692307693,False
678489,Jorge Barrosa,2026,2001-02-17,OF,S,multi,104,173,144,28,12,1,2,30,12,17,2,3,0,46,1,13,1,0,0,0,0,0,0,0,103,0,25.0,173.0,26.6,9.8,0.194,0.333,0.287,0.139,0.268,0.165,0.252,0.279,0.24,0.262,0.087,0.327,0.262,0.029,0.081,0.039,87.1,18.7,33.3,4.6,24.1,95.754751556,91.906715556,61.1,29.4,59.3,81.2,26.8,43.9,44.4,44.4,30.6,17.6,7.4,7.7,69.0,3.4,23.0,3.1,14.4,53.8,-5.0,28.4,4.19,7.0,7.0,14.0,108.0,61.0,57.8,jorge barrosa,multi,,,,,,,,145.0,25.4,1.3942307692307692,0.838150289017341,393,OF,OF,True,339.0,171.72,2.3941801142166454,-26.72,-0.9999493449858763,-54.0,False,False,339,False,16.42182379647302,4.550810382289159,0.38490784600263145,2.4024579752351927,17.843131326226974,15.067314050100583,119.95844537632756,0.6934014183602749,25.04155462367244,0.1447488706570661,473.0,-328.0,"{'C': 415, 'SS': 586, '2B': 586, '3B': 569, '1B': 598, 'OF': 519, 'UT': 473}",0.838150289017341,0.3699421965317919,-9.384547689074092,,,,,,10.404624277456646,6.936416184971098,58.95953757225434,-0.039000000000000035,,0,268,,,0,False,0.48815028901734103,,,,0.0,0.0,0.0,0.0,,0.0,2026-03-28,2026-09-09,98.0,144.0,144.0,0.0,168.0,0.681,2.0,0.0,0.15,,established,24.5,0.7,0.43,"268 career PA, still new · 25 years old, an age that jumps 5% of the time · sprint 28.4 ft/s (77th pct)",xwOBA 0.240 (2nd) · barrels 4.6% (25th) · EV 87.1 (25th) · hard-hit 24% (4th) · K 27% (24th) · BB 10% (65th) · chase 29% (57th) · bat speed 69.0 mph (14th) · sprint 28.4 (76th),"{""n"":20,""b"":1,""c"":[[""Blaze Alexander"",2024,25,0.86,0.9,239,0],[""Ryan Ritter"",2025,25,0.8,0.48,10,0],[""Alan Roden"",2025,26,0.75,0.94,88,0],[""Brett Wisely"",2024,25,0.81,0.79,50,0],[""Jonathan Aranda"",2023,25,0.88,0.94,135,0]]}",0.9086720807746204,0.838150289017341,-0.01249045949552797,0.9086720807746204,200.0,1.0,182.0,545.0,424,316,FA,candidate,,0.48815028901734103,False
678545,Osleivis Basabe,2026,2000-09-13,2B,R,San Francisco Giants,46,143,129,26,3,0,5,13,13,9,3,2,2,29,1,18,4,0,0,0,0,38,13,2,0,1,25.0,143.0,20.3,6.3,0.202,0.341,0.268,0.139,0.219,0.229,0.343,0.271,0.283,0.293,0.113,0.298,0.314,-0.027,-0.002,-0.012,87.6,8.9,34.3,6.9,34.3,97.9189726,93.015601919,59.0,34.5,69.7,81.0,23.3,46.3,40.2,45.1,29.4,20.6,4.9,7.3,73.7,10.9,23.1,36.7,6.8,60.4,-7.0,27.5,4.44,5.0,10.0,11.0,102.0,73.2,69.2,osleivis basabe,SF,,,,,,,,110.0,25.8,2.391304347826087,0.7692307692307693,426,2B/3B/SS,2B,True,339.0,171.72,2.3941801142166454,-61.72,-0.0028757663905585318,-87.0,False,False,339,False,21.92716649158073,3.982757108515553,0.2989863082267009,3.332090091677015,15.597225483716294,14.312601774303536,117.56882725801982,0.8221596311749638,-7.568827258019823,-0.05292886194419455,473.0,-363.0,"{'C': 415, 'SS': 586, '2B': 586, '3B': 569, '1B': 598, 'OF': 519, 'UT': 473}",0.7692307692307693,0.36363636363636365,-9.996589755245072,,,,,,8.391608391608392,20.97902097902098,37.76223776223777,0.011999999999999955,,0,237,,,0,False,0.4192307692307693,,,,0.0,0.0,0.0,0.0,,0.0,2026-07-29,2026-09-11,37.0,42.0,42.0,0.0,443.0,0.881,126.0,1.0,0.15,,established,40.9,2.8,0.43,"237 career PA, still new · deserved 0.82/PA on contact quality, got 0.77 · 26 years old, an age that jumps 4% of the time",xwOBA 0.283 (22nd) · barrels 6.9% (46th) · EV 87.6 (34th) · hard-hit 34% (28th) · K 20% (63rd) · BB 6% (25th) · chase 34% (26th) · bat speed 73.7 mph (75th) · sprint 27.5 (49th),"{""n"":20,""b"":0,""c"":[[""Christian Encarnacion-Strand"",2025,26,0.8,1.08,231,0],[""Brett Harris"",2024,26,0.69,0.86,72,0],[""Graham Pauley"",2025,25,0.81,0.87,130,0],[""Hoy Park"",2021,25,0.79,0.8,48,0],[""Donovan Walton"",2021,27,0.77,0.67,52,0]]}",0.9275309539076974,0.7692307692307693,-0.020377176503197886,0.9275309539076974,223.0,1.0,207.0,557.0,364,258,FA,candidate,,0.4192307692307693,False
678554,Curtis Mead,2026,2000-10-26,3B,R,multi,88,329,285,72,17,1,17,49,48,39,5,6,2,63,0,37,8,0,0,0,34,7,48,0,0,5,25.0,329.0,19.1,11.9,0.253,0.498,0.353,0.245,0.268,0.259,0.457,0.37,0.358,0.359,0.198,0.409,0.392,-0.006,0.041,0.012,88.0,15.8,35.6,10.9,42.3,100.226240455,94.227892192,57.8,25.1,66.1,89.6,18.1,40.6,46.8,37.4,30.6,23.4,8.6,7.1,72.6,12.8,25.3,27.3,5.5,45.9,13.0,27.0,4.67,24.0,21.0,26.0,222.0,62.6,64.4,curtis mead,multi,,,,,,,,365.0,25.7,4.1477272727272725,1.1094224924012157,215,1B/3B,1B/3B,True,339.0,171.72,2.3941801142166454,193.28,1.753547158510627,124.0,False,False,204,False,44.40353995754738,15.336528535045465,1.1313230572669137,12.943608450140237,42.714430549287556,40.90341221469017,341.6778427639777,1.0385344764862545,23.322157236022292,0.07088801591496119,473.0,-108.0,"{'C': 415, 'SS': 586, '2B': 586, '3B': 569, '1B': 598, 'OF': 519, 'UT': 473}",1.1094224924012157,0.6717325227963525,-3.549008252314963,88.30188679245283,97.35849056603773,37.35849056603773,-9.056603773584897,50.9433962264151,10.94224924012158,31.003039513677813,71.12462006079028,-0.01200000000000001,1.1094224924012157,2,817,0.0,0.8068181818181818,1,False,0.30260431058303394,-4.799999999999997,6.4,-0.7000000000000028,60.0,1.0,60.0,0.0,,60.0,2026-03-31,2026-07-27,88.0,108.0,103.0,5.0,476.0,0.854,5.0,0.0,0.15,,established,33.8,2.8,1.189,"1.11/PA is his best rate yet, so the bar is one step up · 26 years old, an age that jumps 4% of the time · 817 career PA, still new · barrel rate up 6.4 pts on last year",xwOBA 0.358 (93rd) · barrels 10.9% (78th) · EV 88.0 (40th) · hard-hit 42% (69th) · K 19% (71st) · BB 12% (87th) · chase 25% (82nd) · bat speed 72.6 mph (60th) · sprint 27.0 (36th),"{""n"":20,""b"":0,""c"":[[""Luis Rengifo"",2023,26,0.99,1.18,360,0],[""Danny Jansen"",2022,27,1.17,1.07,322,0],[""Wenceel P\u00e9rez"",2025,26,1.01,0.83,146,0],[""Noelvi Marte"",2025,24,1.07,0.81,163,0],[""Willi Castro"",2023,26,1.18,0.97,614,0]]}",0.9630728344420445,1.0110791957324579,-0.020377176503197886,0.9630728344420445,325.0,0.952,313.0,578.0,230,170,GK,candidate,0.8068181818181818,0.30260431058303394,False
678662,Ezequiel Tovar,2026,2001-08-01,SS,R,Colorado Rockies,145,503,462,101,23,0,13,57,44,29,2,8,1,129,8,65,9,0,0,0,0,0,0,145,0,0,24.0,503.0,25.6,5.8,0.219,0.353,0.263,0.134,0.268,0.226,0.371,0.27,0.28,0.272,0.145,0.333,0.348,-0.007,-0.018,-0.01,87.3,17.7,35.6,7.0,33.2,98.528304639,93.32469497,81.5,43.7,55.9,80.2,29.2,61.1,36.4,37.9,31.8,21.9,8.5,7.6,72.1,6.7,18.0,21.9,11.0,49.4,-24.0,28.1,4.38,26.0,24.0,51.0,343.0,87.7,68.8,ezequiel tovar,COL,Ezequiel Tovar,COL,SS,218.0,129.0,198.0,207.0,411.0,24.9,2.8344827586206898,0.8170974155069582,189,SS,SS,False,129.0,446.0,3.705765225084571,-35.0,-0.8712824664638812,-60.0,False,False,170,False,66.94831140210142,22.235957604185717,0.9291505853243294,14.298580408388538,57.487424069490864,54.0987650925906,433.4001891620815,0.8616305947556293,-22.400189162081517,-0.04453317924867106,473.0,-62.0,"{'C': 415, 'SS': 586, '2B': 586, '3B': 569, '1B': 598, 'OF': 519, 'UT': 473}",0.8170974155069582,0.341948310139165,-4.795603020823785,3.018867924528302,4.905660377358491,24.90566037735849,-1.8867924528301891,-21.88679245283019,9.542743538767395,15.506958250497018,34.59244532803181,0.010000000000000009,0.9798561151079137,4,2238,-0.16275869960095546,0.9798561151079137,3,True,-0.16275869960095546,0.5,-2.3000000000000007,0.5,0.0,0.0,69.0,0.0,,41.4,2026-03-27,2026-09-12,135.0,150.0,150.0,0.0,468.0,0.9,0.0,0.0,0.15,,established,28.8,1.8,1.06,"25 years old, an age that jumps 5% of the time · 503 PA, already has the job · deserved 0.86/PA on contact quality, got 0.82",xwOBA 0.280 (19th) · barrels 7.0% (47th) · EV 87.3 (29th) · hard-hit 33% (25th) · K 26% (31st) · BB 6% (19th) · chase 44% (3rd) · bat speed 72.1 mph (52nd) · sprint 28.1 (67th),"{""n"":20,""b"":0,""c"":[[""Alek Thomas"",2025,25,0.87,0.87,104,0],[""Leody Taveras"",2024,26,0.96,0.84,151,0],[""Trent Grisham"",2022,26,0.83,0.9,498,0],[""Jarred Kelenic"",2024,25,0.91,0.62,40,0],[""Daulton Varsho"",2023,27,0.97,0.99,506,0]]}",0.919700085907765,0.8665256478053939,-0.01249045949552797,0.919700085907765,418.0,0.967,384.0,552.0,161,285,FA,established,0.9798561151079137,-0.16275869960095546,True
678882,Ceddanne Rafaela,2026,2000-09-18,OF,R,Boston Red Sox,137,574,539,152,32,3,16,67,70,22,8,17,9,116,3,101,2,0,8,0,0,0,0,0,136,0,25.0,574.0,20.2,3.8,0.282,0.442,0.318,0.16,0.332,0.249,0.362,0.33,0.284,0.287,0.113,0.394,0.333,0.033,0.08,0.046,86.4,12.0,34.3,5.4,32.0,96.938008578,92.480510713,71.6,45.3,61.5,84.9,24.7,57.7,34.3,43.9,25.9,25.0,5.1,7.3,69.5,6.8,24.4,7.0,8.6,50.7,6.0,28.9,4.13,32.0,51.0,69.0,428.0,77.7,68.1,ceddanne rafaela,BOS,Ceddanne Rafaela,BOS,"2B,CF",153.0,92.0,119.0,139.0,622.0,25.8,4.54014598540146,1.083623693379791,63,2B/OF,OF,False,92.0,556.8852459016393,4.003049236131642,65.11475409836066,0.5370967492698178,29.0,False,False,41,False,99.54804407383668,20.610575642294588,1.860716493900847,12.191663789967906,67.8562211248723,56.02470939706971,548.209930521942,0.955069565369237,73.79006947805794,0.12855412801055388,473.0,149.0,"{'C': 415, 'SS': 586, '2B': 586, '3B': 569, '1B': 598, 'OF': 519, 'UT': 473}",1.083623693379791,0.519163763066202,0.9203901964504522,83.01886792452831,57.73584905660377,80.0,25.28301886792454,3.0188679245283083,17.770034843205575,16.72473867595819,22.996515679442506,-0.04600000000000004,1.083623693379791,3,1821,0.0,1.0442930153321976,2,True,0.03933067804759327,0.3000000000000007,-3.799999999999999,-1.5,17.0,1.0,17.0,0.0,,17.0,2026-03-26,2026-09-02,135.0,150.0,146.0,4.0,581.0,0.925,0.0,0.0,0.15,,established,26.4,1.4,1.164,"574 PA, already has the job · 1.08/PA is his best rate yet, so the bar is one step up · sprint 28.9 ft/s (88th pct)",xwOBA 0.284 (23rd) · barrels 5.4% (32nd) · EV 86.4 (16th) · hard-hit 32% (21st) · K 20% (65th) · BB 4% (5th) · chase 45% (1st) · bat speed 69.5 mph (19th) · sprint 28.9 (87th),"{""n"":20,""b"":1,""c"":[[""Daulton Varsho"",2024,28,0.99,1.17,318,0],[""Andy Pages"",2025,25,1.08,1.14,649,0],[""Thairo Estrada"",2023,27,1.03,0.82,313,0],[""Ha-Seong Kim"",2023,28,1.09,0.99,465,0],[""Andr\u00e9s Gim\u00e9nez"",2023,25,1.03,0.94,594,0]]}",0.9627840996062764,1.0571298405466971,-0.020377176503197886,0.9627840996062764,558.0,0.986,537.0,578.0,63,170,GK,established,1.0442930153321976,0.03933067804759327,True
679529,Spencer Torkelson,2026,1999-08-26,1B,R,Detroit Tigers,158,610,525,121,28,1,26,66,77,71,9,1,1,193,4,66,4,0,0,0,155,0,0,0,0,1,26.0,610.0,31.6,11.6,0.23,0.436,0.33,0.206,0.306,0.211,0.393,0.337,0.314,0.314,0.182,0.444,0.402,0.019,0.043,0.023,89.5,20.0,40.8,12.2,42.0,100.004777083,94.454666358,64.9,21.6,33.7,80.0,32.4,42.3,47.9,31.5,36.0,25.3,7.1,7.7,73.1,10.0,21.3,25.6,14.7,50.9,7.0,26.5,4.72,34.0,30.0,57.0,336.0,76.4,58.9,spencer torkelson,DET,Spencer Torkelson,DET,1B,180.8,107.0,178.0,129.0,572.0,26.8,3.6202531645569622,0.9377049180327869,97,1B,1B,False,107.0,556.8852459016393,4.003049236131642,15.114754098360663,-0.3827960715746799,10.0,False,False,53,False,60.872029817197216,26.321743367378986,1.5154238136503695,22.06580300177342,70.08503253837544,73.01950441176075,539.2045369501361,0.8839418638526821,32.79546304986388,0.05376305418010474,473.0,99.0,"{'C': 415, 'SS': 586, '2B': 586, '3B': 569, '1B': 598, 'OF': 519, 'UT': 473}",0.9377049180327869,0.41147540983606556,-1.2481798738838272,35.471698113207545,17.735849056603772,58.867924528301884,17.735849056603772,-23.39622641509434,0.9836065573770492,25.573770491803277,69.83606557377048,-0.02300000000000002,0.9768875192604006,5,2728,-0.039182601227613745,0.9768875192604006,4,True,-0.039182601227613745,5.600000000000001,-1.3000000000000007,0.09999999999999432,0.0,0.0,0.0,0.0,,0.0,2026-03-26,2026-09-13,146.0,150.0,150.0,0.0,554.0,0.973,0.0,0.0,0.15,,established,32.5,2.1,1.057,"610 PA, already has the job · avg EV 89.5 (67th pct) · 27 years old, an age that jumps 3% of the time",xwOBA 0.314 (58th) · barrels 12.2% (84th) · EV 89.5 (64th) · hard-hit 42% (67th) · K 32% (10th) · BB 12% (84th) · chase 22% (94th) · bat speed 73.1 mph (67th) · sprint 26.5 (25th),"{""n"":20,""b"":0,""c"":[[""Ryan McMahon"",2023,28,0.95,0.87,564,0],[""Brandon Marsh"",2025,28,1.04,0.97,549,0],[""Nathaniel Lowe"",2023,28,0.95,0.94,531,0],[""Nathaniel Lowe"",2024,29,0.94,0.88,537,0],[""Anthony Santander"",2023,29,1.05,1.08,717,0]]}",0.8847554469222707,0.9408278710604291,-0.01697502965936144,0.8847554469222707,476.0,1.0,421.0,531.0,125,367,Dan,established,0.9768875192604006,-0.039182601227613745,True
679822,Justin Foscue,2026,1999-03-02,2B,R,Texas Rangers,99,246,224,61,13,1,11,26,34,17,4,0,0,62,1,36,2,0,0,0,6,61,0,0,0,28,27.0,246.0,25.2,6.9,0.272,0.487,0.333,0.215,0.329,0.246,0.437,0.355,0.326,0.31,0.191,0.446,0.402,0.026,0.05,0.029,89.3,18.6,34.4,10.4,42.3,99.414065,93.940131963,62.6,27.6,62.3,86.5,20.4,46.0,44.8,36.8,31.3,20.9,11.0,7.1,70.9,11.1,26.3,10.9,11.9,56.4,9.0,27.6,4.46,12.0,25.0,24.0,163.0,66.2,62.6,justin foscue,TEX,,,,,,,,249.0,27.3,2.515151515151515,1.0121951219512195,292,1B/2B,2B,True,339.0,171.72,2.3941801142166454,77.28,0.12097140093486969,47.0,False,False,255,False,32.29017028163417,12.322469952185006,1.0125492507274803,9.478810515453345,30.4587558009068,29.95685210418446,232.40760790509128,0.944746373597932,16.592392094908718,0.06744874835328751,473.0,-224.0,"{'C': 415, 'SS': 586, '2B': 586, '3B': 569, '1B': 598, 'OF': 519, 'UT': 473}",1.0121951219512195,0.5040650406504065,-6.676742756413859,,,,,,0.0,26.829268292682926,41.46341463414634,-0.02899999999999997,1.0121951219512195,1,299,0.0,,0,False,0.6621951219512195,,,,0.0,0.0,79.0,0.0,,23.7,2026-05-05,2026-09-12,90.0,115.0,115.0,0.0,292.0,0.783,40.0,1.0,0.15,,established,39.0,2.0,1.092,"299 career PA, still new · avg EV 89.3 (63rd pct) · 27 years old, an age that jumps 3% of the time",xwOBA 0.326 (70th) · barrels 10.4% (74th) · EV 89.3 (61st) · hard-hit 42% (69th) · K 25% (33rd) · BB 7% (29th) · chase 28% (67th) · bat speed 70.9 mph (33rd) · sprint 27.6 (52nd),"{""n"":20,""b"":0,""c"":[[""Taylor Ward"",2021,28,1.01,1.06,597,0],[""Danny Jansen"",2021,26,1.05,1.17,291,0],[""Heriberto Hern\u00e1ndez"",2025,26,1.02,1.01,507,0],[""Ram\u00f3n Ur\u00edas"",2021,27,0.94,0.89,397,0],[""Tyrone Taylor"",2021,27,1.08,0.99,400,0]]}",0.9267405329237013,1.0121951219512195,-0.01697502965936144,0.9267405329237013,243.0,0.981,225.0,556.0,337,263,FA,candidate,,0.6621951219512195,False
679845,Nick Loftin,2026,1998-09-25,3B,R,Kansas City Royals,118,426,371,89,27,2,8,42,45,41,6,4,1,73,4,52,9,0,1,0,2,36,75,3,14,1,27.0,426.0,17.1,9.6,0.24,0.388,0.322,0.148,0.276,0.228,0.335,0.315,0.293,0.313,0.106,0.331,0.3,0.012,0.053,0.022,86.8,15.6,35.9,4.2,29.7,96.863698054,92.517021275,57.3,25.4,64.3,90.8,17.6,40.9,43.5,41.2,29.1,23.9,5.9,7.2,68.8,7.6,32.4,5.7,8.7,52.6,-2.0,28.0,4.53,17.0,29.0,43.0,306.0,70.5,56.6,nick loftin,KC,,,,,,,,372.0,27.8,3.152542372881356,0.8732394366197183,211,2B/3B/OF,2B/3B,True,339.0,171.72,2.3941801142166454,200.28,0.7583622586647105,128.0,False,False,204,False,61.095764112685934,14.98272348267518,1.1852606965918617,7.324251708047033,48.34614524967778,40.86332294747696,349.7114681971547,0.8209189394299407,22.288531802845284,0.052320497189777604,473.0,-101.0,"{'C': 415, 'SS': 586, '2B': 586, '3B': 569, '1B': 598, 'OF': 519, 'UT': 473}",0.8732394366197183,0.4765258215962441,-5.753411831465572,12.830188679245284,38.86792452830189,15.849056603773585,-26.03773584905661,-3.018867924528301,5.633802816901409,11.267605633802818,57.74647887323944,-0.02200000000000002,0.8732394366197183,1,853,0.0,,0,False,0.5232394366197183,2.700000000000001,-2.0999999999999996,-0.6000000000000085,0.0,0.0,9.0,0.0,,5.3999999999999995,2026-03-29,2026-09-12,109.0,148.0,148.0,0.0,400.0,0.736,2.0,0.0,0.15,,established,26.4,3.3,0.953,"426 PA, already has the job · sprint 28.0 ft/s (65th pct) · got 0.87/PA but deserved 0.82",xwOBA 0.293 (31st) · barrels 4.2% (21st) · EV 86.8 (21st) · hard-hit 30% (15th) · K 17% (81st) · BB 10% (62nd) · chase 25% (81st) · bat speed 68.8 mph (12th) · sprint 28.0 (63rd),"{""n"":20,""b"":1,""c"":[[""Kyle Isbel"",2024,27,0.93,0.83,341,0],[""Harold Ram\u00edrez"",2022,28,0.97,1.11,480,0],[""Yonathan Daza"",2022,28,0.92,0.85,68,0],[""Yonathan Daza"",2021,27,0.85,0.92,375,0],[""Isiah Kiner-Falefa"",2022,27,0.92,0.94,339,0]]}",0.8790832556902594,0.8403660396542958,-0.026330886137737278,0.8790832556902594,273.0,0.996,240.0,527.0,309,377,FA,candidate,,0.5232394366197183,False
680574,Matt McLain,2026,1999-08-06,2B,R,Cincinnati Reds,133,493,434,81,18,1,15,59,40,48,6,20,4,138,2,47,3,0,0,0,0,99,0,34,3,0,26.0,493.0,28.0,9.7,0.187,0.336,0.276,0.149,0.233,0.213,0.362,0.274,0.294,0.298,0.149,0.325,0.358,-0.026,-0.026,-0.02,87.8,20.8,35.5,9.1,35.5,98.621900276,93.439156298,62.9,26.7,50.7,81.4,28.3,44.0,37.9,35.5,35.2,19.9,9.3,6.9,71.5,9.2,23.0,11.8,11.4,58.5,-19.0,28.7,4.3,24.0,18.0,38.0,301.0,64.9,59.8,matt mclain,CIN,Matt McLain,CIN,"2B,SS",174.0,101.0,183.0,168.0,437.0,26.9,3.2857142857142856,0.8864097363083164,172,2B/SS,2B/SS,False,101.0,556.8852459016393,4.003049236131642,-119.88524590163934,-0.7173349504173565,-71.0,False,False,132,True,57.99021289945498,18.673126006421338,1.3431092887923646,14.435551805331311,60.55827346692906,51.8427339782585,472.95100744518754,0.9593326723026117,-35.95100744518754,-0.07292293599429522,473.0,-36.0,"{'C': 415, 'SS': 586, '2B': 586, '3B': 569, '1B': 598, 'OF': 519, 'UT': 473}",0.8864097363083164,0.35496957403651114,-4.513927540534457,15.471698113207546,6.7924528301886795,27.92452830188679,8.679245283018867,-12.452830188679245,24.34077079107505,18.255578093306287,58.41784989858012,0.019999999999999962,1.1935483870967742,3,1473,-0.3071386507884578,1.1935483870967742,2,False,-0.3071386507884578,-0.8999999999999986,1.2999999999999998,1.9000000000000057,20.0,1.0,213.0,0.0,,80.0,2026-03-26,2026-09-11,123.0,151.0,134.0,17.0,509.0,0.918,0.0,0.0,0.15,,established,29.1,1.8,1.274,"deserved 0.96/PA on contact quality, got 0.89 · 493 PA, already has the job · sprint 28.7 ft/s (83rd pct) · bat speed up 1.9 mph",xwOBA 0.294 (33rd) · barrels 9.1% (65th) · EV 87.8 (37th) · hard-hit 36% (34th) · K 28% (19th) · BB 10% (63rd) · chase 27% (73rd) · bat speed 71.5 mph (42nd) · sprint 28.7 (82nd),"{""n"":20,""b"":0,""c"":[[""Willi Castro"",2025,28,0.9,1.0,477,0],[""Jared Triolo"",2024,26,0.82,0.88,330,0],[""Bo Naylor"",2025,25,0.95,0.64,63,0],[""Jared Triolo"",2025,27,0.88,0.83,300,0],[""Brenton Doyle"",2025,27,0.96,1.02,224,0]]}",0.9435007139245356,0.890371782650143,-0.01697502965936144,0.9435007139245356,423.0,0.936,399.0,566.0,144,225,FA,candidate,1.1935483870967742,-0.3071386507884578,False
680664,Eduardo Valencia,2026,2000-01-25,DH,R,Detroit Tigers,41,134,125,43,14,0,7,24,20,6,2,0,0,31,0,22,2,4,0,18,1,0,0,0,0,19,26.0,134.0,23.1,4.5,0.344,0.624,0.383,0.28,0.414,0.285,0.53,0.431,0.367,0.328,0.245,0.549,0.46,0.059,0.094,0.064,90.2,14.6,44.7,14.9,48.9,101.736234043,95.419097849,72.2,35.3,58.9,80.4,26.9,53.2,42.6,41.5,22.3,29.8,6.4,7.9,73.1,14.0,24.4,30.0,13.7,58.3,12.0,24.9,4.9,9.0,9.0,25.0,94.0,74.3,66.4,eduardo valencia,DET,,,,,,,,179.0,26.4,4.365853658536586,1.335820895522388,357,C/1B,UT,True,339.0,171.72,2.3941801142166454,7.280000000000001,1.9716735443199402,-18.0,False,False,283,False,18.470183918199787,10.154681696854468,0.5300848516917088,6.470049533254038,16.08810039400375,19.47568610561427,151.438786499618,1.1301401977583434,27.561213500381996,0.20568069776404463,415.0,-236.0,"{'C': 415, 'SS': 586, '2B': 586, '3B': 569, '1B': 598, 'OF': 519, 'UT': 473}",1.335820895522388,0.7238805970149254,-7.489948688739772,,,,,,0.0,31.34328358208955,26.865671641791042,-0.064,,0,134,,,0,False,0.985820895522388,,,,0.0,0.0,0.0,0.0,,0.0,2026-07-09,2026-09-12,32.0,56.0,56.0,0.0,266.0,0.571,105.0,1.0,0.15,,rookie,43.6,1.5,0.43,"avg EV 90.2 (78th pct) · 26 years old, an age that jumps 4% of the time · sprint 24.9 ft/s (4th pct)",xwOBA 0.367 (95th) · barrels 14.9% (96th) · EV 90.2 (76th) · hard-hit 49% (92nd) · K 23% (48th) · BB 4% (8th) · chase 35% (23rd) · bat speed 73.1 mph (67th) · sprint 24.9 (3rd),"{""n"":20,""b"":0,""c"":[[""Royce Lewis"",2023,24,1.29,0.95,308,0],[""Davis Schneider"",2023,24,1.22,0.84,380,0],[""Dane Myers"",2024,28,1.26,0.97,322,0],[""Frank Schwindel"",2021,29,1.28,0.81,237,0],[""Tyler Stephenson"",2022,26,1.26,0.93,479,0]]}",0.9108601658097017,1.335820895522388,-0.020377176503197886,0.9108601658097017,224.0,1.0,204.0,547.0,372,308,CH,candidate,,0.985820895522388,False
680700,Richie Palacios,2026,1997-05-16,2B,L,Tampa Bay Rays,123,395,341,81,14,2,10,51,57,46,4,17,7,68,2,55,7,0,0,0,0,114,2,0,2,2,29.0,395.0,17.2,11.6,0.238,0.378,0.333,0.14,0.268,0.245,0.336,0.319,0.308,0.342,0.091,0.329,0.311,-0.007,0.042,0.011,86.5,13.2,33.6,4.0,29.2,96.596832761,92.328555843,64.1,32.2,70.6,85.3,20.8,46.4,39.0,41.5,20.2,27.4,10.8,7.3,69.3,7.7,26.9,4.2,7.5,52.7,3.0,26.6,4.43,12.0,19.0,49.0,277.0,73.3,64.1,richie palacios,TB,,,,,,,,412.0,29.1,3.3495934959349594,1.0430379746835443,188,2B/OF,2B,True,339.0,171.72,2.3941801142166454,240.28,0.9554133817183139,151.0,False,False,170,False,66.74368940963544,9.191985026968043,0.9889617171576356,6.620363846238895,43.291114570534475,37.71077799876625,373.1228925693007,0.9446149178969637,38.87710743069931,0.09842305678658059,473.0,-61.0,"{'C': 415, 'SS': 586, '2B': 586, '3B': 569, '1B': 598, 'OF': 519, 'UT': 473}",1.0430379746835443,0.5873417721518988,-3.0662159219022627,71.69811320754717,83.01886792452831,40.37735849056604,-11.320754716981142,31.320754716981128,25.82278481012658,15.189873417721518,69.87341772151899,-0.01100000000000001,1.0430379746835443,2,984,0.0,,1,False,0.6930379746835443,,,,0.0,0.0,210.0,0.0,,110.39999999999999,2026-03-26,2026-09-12,113.0,150.0,150.0,0.0,363.0,0.753,0.0,0.0,0.15,,established,27.3,1.2,1.123,"1.04/PA is his best rate yet, so the bar is one step up · 395 PA, already has the job · 984 career PA, a known quantity",xwOBA 0.308 (50th) · barrels 4.0% (20th) · EV 86.5 (17th) · hard-hit 29% (13th) · K 17% (80th) · BB 12% (84th) · chase 32% (38th) · bat speed 69.3 mph (17th) · sprint 26.6 (26th),"{""n"":20,""b"":0,""c"":[[""Tony Kemp"",2021,30,1.01,0.86,480,0],[""Omar Narv\u00e1ez"",2021,29,0.99,0.76,225,0],[""Kolten Wong"",2021,31,1.05,1.0,499,0],[""Miguel Andujar"",2025,30,1.04,0.9,229,0],[""Elias D\u00edaz"",2021,31,1.07,0.88,335,0]]}",0.9295919425060034,1.0310330747243772,-0.019875156067583864,0.9295919425060034,298.0,0.912,277.0,558.0,268,251,FA,established,,0.6930379746835443,False
680728,Adrian Del Castillo,2026,1999-09-27,DH,L,Arizona Diamondbacks,63,196,180,35,6,0,5,18,24,13,0,1,0,56,1,24,1,1,0,20,3,0,0,0,0,33,26.0,196.0,28.6,6.6,0.194,0.311,0.247,0.117,0.25,0.197,0.328,0.249,0.255,0.25,0.131,0.314,0.324,-0.003,-0.017,-0.006,88.2,16.1,34.6,6.3,36.2,98.273648226,93.368984065,68.4,29.9,48.8,82.0,28.8,48.2,35.4,37.8,29.1,23.6,9.4,6.9,72.1,8.0,23.3,23.6,13.2,47.6,-9.0,26.3,4.55,7.0,5.0,23.0,127.0,80.0,60.7,adrian del castillo,ARI,,,,,,,,150.0,26.8,2.380952380952381,0.7653061224489796,387,C,C,True,339.0,171.72,2.3941801142166454,-21.72,-0.013227733264264518,-48.0,False,False,339,False,22.787655804856364,6.984338369177025,0.4683558470768667,5.219649978889747,18.89363504729058,21.045840387615396,151.43947543490597,0.7726503848719692,-1.4394754349059724,-0.007344262422989689,415.0,-265.0,"{'C': 415, 'SS': 586, '2B': 586, '3B': 569, '1B': 598, 'OF': 519, 'UT': 473}",0.7653061224489796,0.2857142857142857,-9.46630749428841,,,,,,3.061224489795918,15.306122448979592,39.79591836734694,0.006000000000000005,,0,414,,,0,False,0.4153061224489796,,,,186.0,1.0,186.0,0.0,,186.0,2026-04-04,2026-09-09,62.0,142.0,62.0,80.0,469.0,1.0,9.0,0.0,0.15,,established,39.9,1.9,0.43,"414 career PA, still new · 27 years old, an age that jumps 3% of the time · deserved 0.77/PA on contact quality, got 0.77",xwOBA 0.255 (6th) · barrels 6.3% (40th) · EV 88.2 (44th) · hard-hit 36% (38th) · K 29% (18th) · BB 7% (27th) · chase 30% (53rd) · bat speed 72.1 mph (52nd) · sprint 26.3 (21st),"{""n"":20,""b"":0,""c"":[[""Kody Clemens"",2023,27,0.8,0.95,114,0],[""Kody Clemens"",2022,26,0.75,0.8,119,0],[""Aramis Garcia"",2021,28,0.76,0.66,76,0],[""Zack Short"",2021,26,0.71,0.69,9,0],[""Josh VanMeter"",2021,26,0.8,0.7,134,0]]}",0.8780050698571784,0.7653061224489796,-0.01697502965936144,0.8780050698571784,221.0,0.851,194.0,527.0,400,377,FA,candidate,,0.4153061224489796,False
680757,Steven Kwan,2026,1997-09-05,OF,L,Cleveland Guardians,151,637,539,152,21,3,3,80,32,85,4,10,3,62,3,125,3,0,11,0,0,0,0,0,186,3,28.0,637.0,9.7,13.3,0.282,0.349,0.382,0.067,0.312,0.278,0.343,0.334,0.329,0.377,0.066,0.31,0.304,0.004,0.006,0.005,83.9,12.8,40.6,0.4,10.5,92.155845128,90.116779572,51.2,19.8,82.6,95.2,8.2,35.7,27.0,41.9,22.3,30.9,4.9,6.2,62.4,1.6,42.8,0.3,1.6,31.7,10.0,27.4,4.29,16.0,50.0,85.0,485.0,62.1,56.9,steven kwan,CLE,Steven Kwan,CLE,"LF,CF",147.2,90.0,153.0,123.0,590.0,28.8,3.9072847682119205,0.9262166405023547,86,OF,OF,False,90.0,556.8852459016393,4.003049236131642,33.11475409836066,-0.0957644679197216,4.0,False,False,53,False,128.15408753209223,13.954246586828265,1.5812442300668372,6.152421651012689,73.81429585228426,55.98454858292414,603.0568444352084,0.9467140414995422,-13.056844435208404,-0.020497400997187443,473.0,117.0,"{'C': 415, 'SS': 586, '2B': 586, '3B': 569, '1B': 598, 'OF': 519, 'UT': 473}",0.9262166405023547,0.5227629513343799,-2.583763693212399,30.566037735849054,60.0,46.79245283018868,-29.433962264150946,-16.226415094339625,9.419152276295133,2.82574568288854,80.06279434850865,-0.0050000000000000044,1.0777777777777777,5,3226,-0.15156113727542297,1.0777777777777777,4,True,-0.15156113727542297,1.0,-1.5,-1.1000000000000014,0.0,0.0,33.0,0.0,,9.9,2026-03-26,2026-09-12,139.0,153.0,153.0,0.0,567.0,0.908,0.0,0.0,0.15,,established,26.7,0.4,1.158,"637 PA, already has the job · deserved 0.95/PA on contact quality, got 0.93 · already 29, an age that jumps 4% of the time",xwOBA 0.329 (74th) · barrels 0.4% (0th) · EV 83.9 (2nd) · hard-hit 10% (0th) · K 10% (99th) · BB 13% (93rd) · chase 20% (98th) · bat speed 62.4 mph (0th) · sprint 27.4 (48th),"{""n"":20,""b"":0,""c"":[[""Luis Arraez"",2025,28,0.92,0.96,627,0],[""Luis Arraez"",2024,27,0.94,0.92,619,0],[""Nico Hoerner"",2024,27,1.01,1.07,693,0],[""Ozzie Albies"",2025,28,0.92,0.89,604,0],[""J.P. Crawford"",2025,30,0.88,0.81,392,0]]}",0.8407022861915049,0.965261771485018,-0.019875156067583864,0.8407022861915049,491.0,0.992,413.0,504.0,129,440,Dan,established,1.0777777777777777,-0.15156113727542297,True
680776,Jarren Duran,2026,1996-09-05,OF,L,Boston Red Sox,150,606,549,114,15,5,20,66,69,41,6,21,4,165,7,74,3,0,8,0,0,0,0,0,144,8,29.0,606.0,27.2,6.8,0.208,0.362,0.267,0.154,0.253,0.237,0.389,0.275,0.301,0.294,0.152,0.342,0.384,-0.029,-0.027,-0.026,89.6,12.5,31.7,9.2,39.8,101.406402552,94.831178877,68.9,34.4,40.8,80.5,33.5,50.9,38.8,45.7,22.8,21.3,10.2,7.6,75.0,11.5,19.9,50.9,5.7,42.7,-29.0,29.0,4.24,29.0,37.0,46.0,394.0,71.1,60.9,jarren duran,BOS,Jarren Duran,BOS,"LF,CF,DH",61.4,43.0,67.0,54.0,571.0,29.8,3.8066666666666666,0.9422442244224423,98,OF,OF,False,43.0,598.0,4.485508577873414,-27.0,-0.6788419112067476,-55.0,False,False,54,False,88.09963044244878,19.48819181974144,3.6157250331707895,18.90945270463899,75.97975166160387,64.87758793082116,607.531339592425,1.0025269630238036,-36.531339592424956,-0.06028273860136135,473.0,98.0,"{'C': 415, 'SS': 586, '2B': 586, '3B': 569, '1B': 598, 'OF': 519, 'UT': 473}",0.9422442244224423,0.3811881188118812,-1.4860708523159625,36.9811320754717,10.566037735849058,56.60377358490566,26.41509433962264,-19.62264150943396,20.792079207920793,19.801980198019802,40.59405940594059,0.025999999999999968,1.2320441988950277,5,2734,-0.28979997447258543,1.2320441988950277,4,True,-0.28979997447258543,2.8999999999999986,-0.5,0.29999999999999716,0.0,0.0,0.0,0.0,,0.0,2026-03-26,2026-09-12,139.0,152.0,152.0,0.0,566.0,0.914,0.0,0.0,0.15,,established,33.7,1.5,1.312,"606 PA, already has the job · deserved 1.00/PA on contact quality, got 0.94 · sprint 29.0 ft/s (89th pct)",xwOBA 0.301 (42nd) · barrels 9.2% (66th) · EV 89.6 (66th) · hard-hit 40% (56th) · K 27% (23rd) · BB 7% (29th) · chase 34% (27th) · bat speed 75.0 mph (88th) · sprint 29.0 (89th),"{""n"":20,""b"":0,""c"":[[""Bryan Reynolds"",2025,30,0.92,1.02,713,0],[""Randy Arozarena"",2024,29,0.98,1.08,767,0],[""Willi Castro"",2025,28,0.9,1.0,477,0],[""Teoscar Hern\u00e1ndez"",2023,31,1.01,1.14,746,0],[""Adolis Garc\u00eda"",2025,32,0.97,0.78,201,0]]}",0.9706483535122673,1.039385901454867,-0.035928731828200076,0.9706483535122673,506.0,1.0,491.0,582.0,86,152,CH,established,1.2320441988950277,-0.28979997447258543,True
680777,Ryan Jeffers,2026,1997-06-03,C,R,Minnesota Twins,91,365,314,79,18,2,14,49,55,45,3,1,0,66,2,45,4,7,0,79,0,0,0,0,0,7,29.0,365.0,18.1,12.3,0.252,0.455,0.349,0.203,0.274,0.242,0.426,0.35,0.34,0.341,0.183,0.377,0.364,0.01,0.029,0.01,88.7,16.5,35.1,10.4,41.0,100.706233016,94.581650199,56.2,26.3,69.5,89.3,17.5,40.4,39.0,39.0,28.7,23.1,9.2,7.2,73.5,12.5,27.4,40.7,8.7,52.9,9.0,26.3,4.66,17.0,21.0,40.0,251.0,68.2,60.6,ryan jeffers,MIN,Ryan Jeffers,MIN,"C,DH",305.2,185.0,246.0,335.0,387.0,29.1,4.252747252747253,1.0602739726027397,202,C,C,False,185.0,375.06451612903226,3.180509813450934,11.935483870967744,1.0722374392963188,-17.0,False,False,171,False,45.15224973087285,16.713207027476464,1.618836752428518,12.503706489222164,43.50187550512531,44.35580177869474,358.29567728382005,0.9816319925584112,28.704322716179945,0.07864198004432854,415.0,-28.0,"{'C': 415, 'SS': 586, '2B': 586, '3B': 569, '1B': 598, 'OF': 519, 'UT': 473}",1.0602739726027397,0.6219178082191781,-4.0013857008491724,76.60377358490567,91.69811320754717,33.20754716981132,-15.094339622641499,43.39622641509435,1.643835616438356,23.013698630136986,73.97260273972603,-0.009999999999999953,1.1432835820895522,6,2158,-0.08300960948681246,1.1432835820895522,5,False,-0.08300960948681246,-1.5,4.1000000000000005,1.2000000000000028,52.0,1.0,68.0,0.0,Left hamate bone fracture,61.6,2026-03-26,2026-09-11,82.0,148.0,101.0,47.0,487.0,0.812,0.0,0.0,0.15,,established,34.4,1.2,1.223,"1.06/PA this year against 1.14 at his best, two steps to clear · already 29, an age that jumps 4% of the time · sprint 26.3 ft/s (21st pct) · barrel rate up 4.1 pts on last year · bat speed up 1.2 mph",xwOBA 0.340 (83rd) · barrels 10.4% (74th) · EV 88.7 (52nd) · hard-hit 41% (61st) · K 18% (76th) · BB 12% (89th) · chase 26% (75th) · bat speed 73.5 mph (72nd) · sprint 26.3 (21st),"{""n"":20,""b"":0,""c"":[[""Carson Kelly"",2025,31,1.06,1.02,434,0],[""Andrew Benintendi"",2025,31,0.95,0.97,456,0],[""Will Smith"",2024,29,1.09,1.22,533,0],[""Tyler Stephenson"",2024,28,1.06,1.01,344,0],[""Isaac Paredes"",2025,26,0.98,0.98,641,0]]}",0.9798052798057424,1.0123898326733938,-0.019875156067583864,0.9798052798057424,371.0,0.951,364.0,588.0,181,123,CH,established,1.1432835820895522,-0.08300960948681246,False
680779,Henry Davis,2026,1999-09-21,C,R,Pittsburgh Pirates,97,298,256,44,6,0,10,33,38,28,8,3,1,63,2,28,4,17,0,94,0,0,0,0,0,1,26.0,298.0,21.1,9.4,0.172,0.313,0.272,0.141,0.184,0.199,0.342,0.267,0.29,0.298,0.143,0.272,0.308,-0.027,-0.029,-0.023,90.3,20.9,27.8,8.6,40.9,100.662878211,94.625487368,75.3,32.3,53.2,84.2,25.6,53.0,52.5,36.9,25.8,19.7,17.7,7.3,74.2,11.2,22.1,42.7,11.7,60.9,-8.0,28.1,4.49,11.0,14.0,19.0,198.0,86.0,64.8,henry davis,PIT,,,,,,,,270.0,26.8,2.783505154639175,0.9060402684563759,278,C,C,True,339.0,171.72,2.3941801142166454,98.28,0.3893250404225297,61.0,False,False,250,False,32.28990096447707,9.363209446951984,0.6278782126648377,8.663011375906112,34.63996057038112,31.177145189855363,279.31310576023645,0.9372923012088472,-9.313105760236454,-0.03125203275247135,415.0,-145.0,"{'C': 415, 'SS': 586, '2B': 586, '3B': 569, '1B': 598, 'OF': 519, 'UT': 473}",0.9060402684563759,0.39932885906040266,-7.781116987254841,,,,,,6.040268456375839,20.13422818791946,56.375838926174495,0.022999999999999965,0.9060402684563759,3,958,0.0,0.8549019607843137,2,False,0.05113830767206218,-5.799999999999997,-2.9000000000000004,0.29999999999999716,0.0,0.0,43.0,0.0,,12.9,2026-03-26,2026-09-12,91.0,152.0,152.0,0.0,273.0,0.599,0.0,0.0,0.15,,established,32.4,6.0,0.986,"0.91/PA is his best rate yet, so the bar is one step up · avg EV 90.3 (80th pct) · deserved 0.94/PA on contact quality, got 0.91",xwOBA 0.290 (29th) · barrels 8.6% (62nd) · EV 90.3 (77th) · hard-hit 41% (60th) · K 21% (59th) · BB 9% (58th) · chase 32% (37th) · bat speed 74.2 mph (81st) · sprint 28.1 (67th),"{""n"":20,""b"":0,""c"":[[""Emmanuel Rivera"",2023,27,0.85,0.79,240,0],[""Emmanuel Rivera"",2022,26,0.91,0.85,241,0],[""JJ Bleday"",2023,26,0.88,0.95,609,0],[""Andruw Monasterio"",2023,26,0.9,0.84,119,0],[""Kyle Isbel"",2023,26,0.96,0.93,396,0]]}",1.014542262375595,0.8529286019666525,-0.01697502965936144,1.014542262375595,243.0,0.99,247.0,609.0,302,79,FA,candidate,0.8549019607843137,0.05113830767206218,False
680869,Zack Gelof,2026,1999-10-19,3B,R,Athletics,110,431,390,101,16,2,22,76,55,31,7,16,3,104,0,61,9,0,0,0,0,19,69,0,37,2,26.0,431.0,24.1,7.2,0.259,0.479,0.325,0.22,0.299,0.239,0.442,0.349,0.326,0.307,0.203,0.429,0.393,0.02,0.037,0.023,89.7,16.1,29.4,10.8,42.9,100.110326643,94.352585321,67.4,25.1,57.8,76.0,28.9,46.6,39.4,43.6,30.4,18.7,7.3,7.3,73.8,10.8,24.0,32.4,14.5,62.2,13.0,28.8,4.34,30.0,31.0,40.0,289.0,79.5,60.3,zack gelof,ATH,Zack Gelof,ATH,"2B,3B,LF,CF",703.7,294.0,1212.0,471.0,496.0,26.7,4.509090909090909,1.1508120649651972,134,2B/3B/OF,3B/OF,False,294.0,171.72,2.4,324.28,2.109090909090909,160.0,True,False,120,False,53.59974612998557,18.868618173744707,1.9235252625538597,18.81811043371586,57.723279905824846,52.28916228758866,452.6024421934135,1.0501216756227691,43.39755780658652,0.10069038934242802,473.0,23.0,"{'C': 415, 'SS': 586, '2B': 586, '3B': 569, '1B': 598, 'OF': 519, 'UT': 473}",1.1508120649651972,0.605568445475638,0.21734701953806035,94.33962264150944,87.16981132075472,71.69811320754717,7.169811320754718,22.64150943396227,22.2737819025522,30.62645011600928,43.15545243619489,-0.022999999999999965,1.16,3,1379,-0.009187935034802752,,2,False,0.8008120649651972,,,,40.0,2.0,305.0,0.0,Right knee laceration,151.9,2026-04-10,2026-09-12,98.0,137.0,102.0,35.0,557.0,0.961,14.0,0.0,0.15,,established,33.5,2.2,1.24,"sprint 28.8 ft/s (85th pct) · avg EV 89.7 (71st pct) · 431 PA, already has the job",xwOBA 0.326 (70th) · barrels 10.8% (77th) · EV 89.7 (68th) · hard-hit 43% (73rd) · K 24% (40th) · BB 7% (32nd) · chase 25% (82nd) · bat speed 73.8 mph (76th) · sprint 28.8 (84th),"{""n"":20,""b"":0,""c"":[[""Shea Langeliers"",2025,28,1.19,1.09,507,0],[""Chas McCormick"",2023,28,1.19,0.86,230,0],[""Mickey Moniak"",2025,27,1.13,1.01,441,0],[""Wilyer Abreu"",2025,26,1.09,1.01,683,0],[""Randy Arozarena"",2022,27,1.13,1.12,732,0]]}",1.012765344283392,1.0875483112082003,-0.01697502965936144,1.012765344283392,437.0,0.878,443.0,608.0,115,82,LTTA,candidate,,0.8008120649651972,False
680977,Brendan Donovan,2026,1997-01-16,3B,L,Seattle Mariners,39,159,137,38,7,1,3,12,15,15,6,1,1,23,1,27,6,0,0,0,0,1,38,0,0,0,29.0,159.0,14.5,9.4,0.277,0.409,0.371,0.132,0.313,0.25,0.344,0.349,0.314,0.349,0.094,0.353,0.305,0.027,0.065,0.035,85.7,10.6,34.8,2.7,27.8,95.766860526,91.930381239,66.2,25.3,63.3,90.9,17.4,44.7,34.8,47.8,20.0,25.2,7.0,6.8,68.3,6.8,27.5,0.8,8.5,58.8,3.0,25.7,4.54,5.0,13.0,20.0,115.0,72.5,54.7,brendan donovan,SEA,Brendan Donovan,SEA,"2B,3B,SS,LF",223.6,133.0,261.0,210.0,139.0,29.5,3.5641025641025643,0.8742138364779874,402,2B/3B,3B,False,133.0,422.61764705882354,3.705765225084571,-283.61764705882354,-0.14166266098200664,-269.0,False,False,339,True,27.103184320058155,4.079087491956408,0.4042720559127237,2.6634561320727146,16.549605976264967,15.762776301528879,131.69038227779384,0.8282413979735462,7.309617722206156,0.045972438504441215,473.0,-334.0,"{'C': 415, 'SS': 586, '2B': 586, '3B': 569, '1B': 598, 'OF': 519, 'UT': 473}",0.8742138364779874,0.4779874213836478,-9.50086566763829,,,,,,3.7735849056603774,11.320754716981131,56.60377358490567,-0.034999999999999976,,4,2165,,1.005390835579515,4,True,-0.13117699910152747,1.5,-6.1000000000000005,-1.0,132.0,3.0,157.0,0.0,,147.0,2026-03-26,2026-08-21,39.0,135.0,47.0,88.0,504.0,0.83,0.0,0.0,0.15,,established,26.9,0.2,0.954,"already 30, an age that jumps 3% of the time · got 0.87/PA but deserved 0.83 · sprint 25.7 ft/s (12th pct)",xwOBA 0.314 (58th) · barrels 2.7% (9th) · EV 85.7 (10th) · hard-hit 28% (10th) · K 14% (90th) · BB 9% (58th) · chase 25% (81st) · bat speed 68.3 mph (7th) · sprint 25.7 (11th),"{""n"":20,""b"":0,""c"":[[""Dominic Smith"",2025,30,1.0,0.95,282,0],[""Gio Urshela"",2023,32,0.89,0.8,367,0],[""Nicky Lopez"",2023,28,0.87,0.73,326,0],[""Mauricio Dub\u00f3n"",2024,30,0.86,0.82,328,0],[""Santiago Espinal"",2023,29,0.81,0.88,345,0]]}",0.788068311774165,0.9422845087402049,-0.019875156067583864,0.788068311774165,302.0,0.882,238.0,473.0,315,456,FA,established,1.005390835579515,-0.13117699910152747,True
681082,Bryson Stott,2026,1997-10-06,2B,L,Philadelphia Phillies,154,604,533,134,34,6,10,70,66,61,3,26,0,100,3,84,4,0,0,0,0,115,43,0,0,0,28.0,604.0,16.6,10.1,0.251,0.394,0.33,0.143,0.291,0.266,0.4,0.321,0.329,0.343,0.134,0.339,0.35,-0.015,-0.006,-0.008,89.3,14.2,35.0,5.9,37.3,98.654084725,93.504662897,54.7,30.1,69.4,88.4,18.8,41.8,36.1,42.0,27.0,24.8,6.1,7.2,69.9,10.7,31.2,7.1,9.8,55.6,2.0,28.3,4.26,20.0,40.0,74.0,440.0,62.1,59.4,bryson stott,PHI,Bryson Stott,PHI,"2B,3B,SS",184.6,110.0,176.0,151.0,618.0,28.7,4.012987012987013,1.0231788079470199,65,2B/3B,2B/3B,False,110.0,556.8852459016393,4.003049236131642,61.11475409836066,0.009937776855371006,45.0,False,False,41,False,98.89563729905927,26.734081276716903,3.756925549388439,12.391355874835407,76.78564212327665,62.65695291464253,632.4205950379192,1.047053965294568,-14.420595037919156,-0.023875157347548193,473.0,145.0,"{'C': 415, 'SS': 586, '2B': 586, '3B': 569, '1B': 598, 'OF': 519, 'UT': 473}",1.0231788079470199,0.5513245033112583,-0.21155907515053904,65.28301886792453,69.81132075471697,67.9245283018868,-4.528301886792448,-2.64150943396227,25.82781456953642,9.933774834437086,60.59602649006623,0.008000000000000007,1.0671875,5,2841,-0.04400869205298008,1.0671875,4,True,-0.04400869205298008,0.3000000000000007,0.8000000000000007,0.6000000000000085,0.0,0.0,0.0,0.0,,0.0,2026-03-26,2026-09-12,142.0,150.0,150.0,0.0,549.0,0.947,0.0,0.0,0.15,,established,29.9,2.2,1.147,"604 PA, already has the job · sprint 28.3 ft/s (74th pct) · deserved 1.05/PA on contact quality, got 1.02",xwOBA 0.329 (74th) · barrels 5.9% (35th) · EV 89.3 (61st) · hard-hit 37% (43rd) · K 17% (83rd) · BB 10% (67th) · chase 30% (52nd) · bat speed 69.9 mph (23rd) · sprint 28.3 (72nd),"{""n"":20,""b"":1,""c"":[[""Alec Bohm"",2024,28,1.0,0.93,470,0],[""Alex Bregman"",2024,30,0.97,1.01,498,0],[""Tommy Edman"",2023,28,1.04,1.04,159,0],[""Alec Bohm"",2025,29,0.93,0.88,551,0],[""Alex Verdugo"",2023,27,0.99,0.86,533,0]]}",1.021548567976117,1.0225861603527402,-0.019875156067583864,1.021548567976117,513.0,1.0,524.0,613.0,69,69,CS,established,1.0671875,-0.04400869205298008,True
681198,TJ Rumfield,2026,2000-05-17,1B,L,Colorado Rockies,155,631,547,164,30,3,16,67,73,72,10,0,0,86,2,115,7,0,0,0,139,0,0,0,0,11,26.0,631.0,13.6,11.4,0.3,0.453,0.39,0.153,0.331,0.261,0.386,0.373,0.333,0.357,0.125,0.384,0.329,0.039,0.067,0.04,84.3,15.7,37.4,5.0,27.9,96.180816261,92.096667739,70.6,30.4,61.5,91.7,18.8,48.3,40.8,39.5,28.7,25.7,6.0,6.5,68.4,6.4,25.0,7.5,8.9,44.2,29.0,24.9,4.72,37.0,39.0,88.0,463.0,82.4,62.4,tj rumfield,COL,,,,,,,,627.0,26.1,4.04516129032258,0.993660855784469,58,1B,1B,True,339.0,171.72,2.3941801142166454,455.28,1.650981176105935,281.0,True,True,40,False,104.22708585783144,22.56470959303099,2.1153232404436784,13.859881308693884,66.40052801517355,69.4775217069963,564.7870497221699,0.8950666398132644,62.212950277830146,0.09859421597120466,473.0,154.0,"{'C': 415, 'SS': 586, '2B': 586, '3B': 569, '1B': 598, 'OF': 519, 'UT': 473}",0.993660855784469,0.5927099841521395,0.23298484483956572,55.094339622641506,84.15094339622642,72.0754716981132,-29.056603773584918,-16.9811320754717,0.0,15.213946117274169,68.46275752773376,-0.03999999999999998,0.993660855784469,1,631,0.0,,0,False,0.6436608557844691,,,,0.0,0.0,0.0,0.0,,0.0,2026-03-27,2026-09-13,144.0,150.0,150.0,0.0,579.0,0.96,0.0,0.0,0.15,,established,27.9,3.4,1.074,"631 PA in his first season, already has the job · 26 years old, an age that jumps 4% of the time · sprint 24.9 ft/s (4th pct)",xwOBA 0.333 (78th) · barrels 5.0% (29th) · EV 84.3 (3rd) · hard-hit 28% (10th) · K 14% (93rd) · BB 11% (83rd) · chase 30% (50th) · bat speed 68.4 mph (8th) · sprint 24.9 (3rd),"{""n"":20,""b"":0,""c"":[[""Thairo Estrada"",2022,26,1.03,1.03,546,0],[""Caleb Durbin"",2025,25,0.99,0.98,569,0],[""Ty France"",2021,27,1.0,0.97,592,0],[""Steven Kwan"",2022,25,1.05,0.98,706,0],[""Ty France"",2022,28,0.97,0.87,578,0]]}",0.8860095158504672,0.993660855784469,-0.020377176503197886,0.8860095158504672,524.0,1.0,464.0,532.0,99,364,BB,broke_out,,0.6436608557844691,False
681297,Colton Cowser,2026,2000-03-20,OF,L,Baltimore Orioles,142,392,341,77,10,0,13,41,40,46,1,10,4,121,3,54,3,0,4,0,0,0,0,0,130,2,26.0,392.0,30.9,11.7,0.226,0.37,0.317,0.144,0.305,0.221,0.4,0.307,0.315,0.313,0.179,0.392,0.405,0.005,-0.03,-0.008,87.9,13.0,33.0,9.4,41.1,100.438488468,94.32395819,60.3,29.6,45.0,79.5,32.6,44.2,38.4,42.0,30.4,23.2,4.5,7.5,74.6,9.5,17.5,47.9,14.7,40.3,-5.0,28.1,4.23,17.0,26.0,34.0,224.0,68.1,60.7,colton cowser,BAL,Colton Cowser,BAL,"LF,CF,RF",253.0,156.0,245.0,201.0,366.0,26.3,2.5774647887323945,0.9336734693877551,213,OF,OF,False,156.0,422.61764705882354,3.705765225084571,-56.617647058823536,-1.1283004363521765,-57.0,False,False,204,False,44.07117189139319,15.947160320593905,0.9361636846326425,14.406504103380268,49.21905169934378,45.1712974029115,388.15134910225527,0.9901820130159573,-22.151349102255267,-0.056508543628202235,473.0,-107.0,"{'C': 415, 'SS': 586, '2B': 586, '3B': 569, '1B': 598, 'OF': 519, 'UT': 473}",0.9336734693877551,0.3622448979591837,-5.291743685906868,34.71698113207547,7.169811320754717,19.622641509433965,27.54716981132075,15.094339622641503,15.306122448979592,19.89795918367347,70.40816326530613,0.008000000000000007,1.035650623885918,3,1390,-0.10197715449816291,1.035650623885918,2,True,-0.10197715449816291,-4.700000000000003,-4.699999999999999,1.0,0.0,0.0,72.0,0.0,,43.199999999999996,2026-03-26,2026-09-12,132.0,152.0,152.0,0.0,350.0,0.868,0.0,0.0,0.15,,established,33.8,1.5,1.116,"deserved 0.99/PA on contact quality, got 0.93 · 26 years old, an age that jumps 4% of the time · sprint 28.1 ft/s (68th pct) · bat speed up 1.0 mph",xwOBA 0.315 (59th) · barrels 9.4% (67th) · EV 87.9 (38th) · hard-hit 41% (62nd) · K 31% (12th) · BB 12% (85th) · chase 30% (55th) · bat speed 74.6 mph (85th) · sprint 28.1 (67th),"{""n"":20,""b"":0,""c"":[[""Mickey Moniak"",2024,26,0.92,1.13,522,0],[""Jarred Kelenic"",2024,25,0.91,0.62,40,0],[""Ram\u00f3n Laureano"",2023,29,0.95,1.06,326,0],[""Chas McCormick"",2022,27,0.96,1.19,545,0],[""Daulton Varsho"",2023,27,0.97,0.99,506,0]]}",0.9632067547729344,0.9641891021512302,-0.020377176503197886,0.9632067547729344,378.0,0.965,364.0,578.0,181,170,FA,established,1.035650623885918,-0.10197715449816291,True
681351,Logan O'Hoppe,2026,2000-02-09,DH,R,multi,85,274,251,55,9,0,4,25,24,17,3,0,0,67,2,42,5,14,0,75,0,0,0,0,0,8,26.0,275.0,24.7,6.2,0.218,0.302,0.274,0.084,0.28,0.206,0.332,0.259,0.267,0.264,0.126,0.306,0.32,0.012,-0.03,-0.008,86.8,16.8,30.5,9.1,35.8,98.818916667,93.427971774,71.1,34.8,46.8,85.8,28.7,51.2,44.4,39.0,28.9,22.5,9.6,7.4,71.9,11.2,22.8,24.8,12.7,60.5,-13.0,27.2,4.53,8.0,25.0,22.0,187.0,76.1,60.4,logan ohoppe,multi,Logan O'Hoppe,TEX,"C,DH",266.4,162.0,233.0,299.0,223.0,26.4,2.623529411764706,0.8138686131386861,319,C,C,False,162.0,422.61764705882354,3.705765225084571,-199.61764705882354,-1.082235813319865,-157.0,False,False,258,True,34.043054875079015,10.367333251002064,0.6281688727588205,6.6674430011601,28.276018724819924,28.447861606757584,234.76188033157752,0.8567951836918888,-11.761880331577515,-0.0429265705532027,415.0,-192.0,"{'C': 415, 'SS': 586, '2B': 586, '3B': 569, '1B': 598, 'OF': 519, 'UT': 473}",0.8138686131386861,0.2737226277372263,-9.098423459737678,,,,,,0.0,8.75912408759124,37.22627737226277,0.008000000000000007,1.0229885057471264,3,1462,-0.20911989260844033,1.0229885057471264,2,False,-0.20911989260844033,-6.100000000000001,-4.200000000000001,0.0,19.0,1.0,171.0,0.0,Left wrist fracture,110.2,2026-03-26,2026-09-11,85.0,127.0,110.0,17.0,371.0,0.773,0.0,0.0,0.15,,established,39.4,0.7,1.103,"deserved 0.86/PA on contact quality, got 0.81 · 26 years old, an age that jumps 4% of the time · sprint 27.2 ft/s (43rd pct)",xwOBA 0.267 (11th) · barrels 9.1% (65th) · EV 86.8 (21st) · hard-hit 36% (36th) · K 25% (35th) · BB 6% (24th) · chase 35% (24th) · bat speed 71.9 mph (48th) · sprint 27.2 (42nd),"{""n"":20,""b"":0,""c"":[[""Jack Suwinski"",2024,26,0.84,0.76,135,0],[""Parker Meadows"",2025,26,0.83,0.97,38,0],[""Ezequiel Duran"",2024,25,0.76,0.82,180,0],[""Mickey Moniak"",2024,26,0.92,1.13,522,0],[""Gavin Sheets"",2023,27,0.77,0.8,401,0]]}",0.9299971274027687,0.8750713063320021,-0.020377176503197886,0.9299971274027687,334.0,0.912,311.0,558.0,232,251,FA,candidate,1.0229885057471264,-0.20911989260844033,False
681393,Connor Norby,2026,2000-06-08,2B,R,multi,104,379,327,79,23,0,7,36,33,40,10,10,3,108,2,49,7,0,0,0,47,27,21,0,0,13,26.0,379.0,28.5,10.6,0.242,0.376,0.34,0.134,0.336,0.217,0.364,0.323,0.307,0.32,0.147,0.394,0.367,0.025,0.012,0.016,87.4,18.6,34.8,7.7,36.2,97.918922818,93.052277409,75.2,28.0,46.3,80.7,29.3,50.5,40.7,37.1,37.1,19.9,5.9,7.0,70.7,7.2,20.6,9.5,16.5,42.2,-1.0,28.0,4.53,26.0,24.0,29.0,221.0,85.6,64.6,connor norby,multi,Connor Norby,COL,"1B,2B,3B,DH",387.0,235.0,383.0,391.0,344.0,26.1,3.3076923076923075,0.9076517150395779,223,1B/2B/3B,1B/2B/3B,False,235.0,338.3666666666667,3.0792137196109657,5.633333333333326,0.2284785880813418,12.0,False,False,206,False,42.41881891993536,18.391518103450416,0.768507033293102,9.380155943321125,45.81516761042353,40.12807342429732,348.9302410347209,0.920660266582377,-4.930241034720893,-0.013008551542799118,473.0,-129.0,"{'C': 415, 'SS': 586, '2B': 586, '3B': 569, '1B': 598, 'OF': 519, 'UT': 473}",0.9076517150395779,0.35356200527704484,-6.253384586169144,23.39622641509434,6.415094339622642,10.943396226415095,16.9811320754717,12.452830188679245,15.8311345646438,11.08179419525066,63.3245382585752,-0.016000000000000014,0.9317507418397626,2,910,-0.02409902680018472,0.9317507418397626,1,False,-0.02409902680018472,1.8000000000000007,-1.7000000000000002,1.4000000000000057,0.0,0.0,78.0,0.0,,46.8,2026-03-27,2026-09-12,94.0,109.0,109.0,0.0,466.0,0.862,0.0,0.0,0.15,,established,43.0,3.8,1.012,"26 years old, an age that jumps 4% of the time · sprint 28.0 ft/s (65th pct) · deserved 0.92/PA on contact quality, got 0.91 · bat speed up 1.4 mph",xwOBA 0.307 (49th) · barrels 7.7% (54th) · EV 87.4 (30th) · hard-hit 36% (38th) · K 28% (18th) · BB 11% (76th) · chase 28% (66th) · bat speed 70.7 mph (31st) · sprint 28.0 (63rd),"{""n"":20,""b"":0,""c"":[[""Josh Jung"",2024,26,0.93,0.89,457,0],[""Gavin Lux"",2024,27,0.9,0.89,447,0],[""DJ Stewart"",2021,28,0.87,0.0,0,0],[""JJ Bleday"",2023,26,0.88,0.95,609,0],[""Jake Meyers"",2023,27,0.91,0.9,460,0]]}",0.9159767577989288,0.9208633093525179,-0.020377176503197886,0.9159767577989288,363.0,0.963,332.0,550.0,209,295,FA,candidate,0.9317507418397626,-0.02409902680018472,False
681481,Kerry Carpenter,2026,1997-09-02,OF,L,Detroit Tigers,81,259,231,48,5,2,13,27,36,18,5,0,0,75,3,28,0,0,2,0,0,0,0,0,49,31,28.0,259.0,29.0,6.9,0.208,0.416,0.276,0.208,0.24,0.212,0.388,0.301,0.295,0.283,0.177,0.384,0.376,-0.004,0.028,0.006,89.8,21.4,35.2,9.6,44.0,99.080080759,93.824390955,67.0,36.3,55.4,81.9,28.6,50.2,43.4,32.1,39.0,20.8,8.2,7.4,71.8,8.1,21.5,16.5,17.8,48.7,1.0,26.9,4.44,19.0,10.0,19.0,159.0,74.1,56.0,kerry carpenter,DET,Kerry Carpenter,DET,"LF,RF,DH",231.4,140.0,220.0,241.0,234.0,28.8,2.888888888888889,0.9034749034749034,304,OF,OF,False,140.0,422.61764705882354,3.705765225084571,-188.61764705882354,-0.8168763361956821,-164.0,False,False,255,True,28.84681181257932,9.0927454674701,1.3030736273218475,9.729369092628735,29.03623930681563,30.695353351303208,225.56259265811883,0.870898041151038,8.437407341881169,0.032576862323865474,473.0,-239.0,"{'C': 415, 'SS': 586, '2B': 586, '3B': 569, '1B': 598, 'OF': 519, 'UT': 473}",0.9034749034749034,0.3938223938223938,-7.412758619517337,,,,,,0.0,30.115830115830114,41.6988416988417,-0.006000000000000005,1.212837837837838,4,1591,-0.3093629343629345,1.212837837837838,3,False,-0.3093629343629345,6.199999999999999,-3.0,-0.10000000000000853,83.0,2.0,184.0,0.0,Left AC Joint Sprain; Left foot plantar fasciitis,120.8,2026-03-26,2026-07-26,81.0,114.0,87.0,27.0,444.0,0.931,0.0,0.0,0.15,,established,29.8,0.2,1.293,"avg EV 89.8 (72nd pct) · already 29, an age that jumps 4% of the time · sprint 26.9 ft/s (34th pct)",xwOBA 0.295 (35th) · barrels 9.6% (69th) · EV 89.8 (70th) · hard-hit 44% (77th) · K 29% (17th) · BB 7% (29th) · chase 36% (18th) · bat speed 71.8 mph (47th) · sprint 26.9 (34th),"{""n"":20,""b"":0,""c"":[[""Brandon Lowe"",2022,28,0.85,1.03,449,0],[""Jared Walsh"",2022,29,0.81,0.64,74,0],[""Josh Lowe"",2025,27,0.97,0.9,304,0],[""Austin Hays"",2024,29,0.88,1.07,445,0],[""Chas McCormick"",2024,29,0.86,0.76,88,0]]}",0.9223086101618387,1.0065474289364418,-0.019875156067583864,0.9223086101618387,334.0,0.903,308.0,553.0,235,280,FA,established,1.212837837837838,-0.3093629343629345,False
681508,Mickey Gasper,2026,1995-10-11,DH,S,Boston Red Sox,67,225,191,48,9,1,10,26,24,27,5,0,1,39,1,28,1,3,0,15,10,0,0,0,0,33,30.0,225.0,17.3,12.0,0.251,0.466,0.357,0.215,0.266,0.249,0.444,0.361,0.353,0.357,0.196,0.382,0.37,0.002,0.022,0.008,88.9,15.9,31.8,10.4,37.7,99.00274974,93.70203817,57.8,21.0,52.6,93.6,18.1,38.5,44.2,42.2,31.2,20.1,6.5,6.6,72.0,12.5,32.2,14.2,12.7,58.4,8.0,26.7,4.45,15.0,16.0,17.0,154.0,64.1,56.4,mickey gasper,BOS,,,,,,,,224.0,30.7,3.343283582089552,0.9955555555555555,317,C/1B/2B,UT,True,339.0,171.72,2.3941801142166454,52.28,0.9491034678729067,22.0,False,False,258,False,28.00983304982259,10.135771561390154,0.9399577277519154,8.47343766103534,28.3603734335789,27.921449758584995,225.8358231921639,1.0037147697429507,-1.8358231921639003,-0.00815921418739518,415.0,-191.0,"{'C': 415, 'SS': 586, '2B': 586, '3B': 569, '1B': 598, 'OF': 519, 'UT': 473}",0.9955555555555555,0.5644444444444444,-7.711548877512437,,,,,,0.0,26.666666666666668,72.0,-0.008000000000000007,0.9955555555555555,1,358,0.0,,0,False,0.6455555555555555,,,,0.0,1.0,0.0,0.0,,0.0,2026-05-10,2026-09-12,56.0,112.0,112.0,0.0,269.0,0.5,45.0,1.0,0.15,,established,35.0,4.3,1.076,"358 career PA, still new · avg EV 88.9 (56th pct) · deserved 1.00/PA on contact quality, got 1.00",xwOBA 0.353 (92nd) · barrels 10.4% (74th) · EV 88.9 (54th) · hard-hit 38% (46th) · K 17% (80th) · BB 12% (88th) · chase 21% (95th) · bat speed 72.0 mph (50th) · sprint 26.7 (28th),"{""n"":20,""b"":0,""c"":[[""Connor Joe"",2021,29,1.06,0.89,417,0],[""Andy Ib\u00e1\u00f1ez"",2023,30,0.92,0.89,218,0],[""Aledmys D\u00edaz"",2021,31,0.91,0.89,292,0],[""Alex Dickerson"",2021,31,0.94,0.53,19,0],[""Matt Duffy"",2021,30,0.99,0.69,171,0]]}",0.9147377965496846,0.9955555555555555,-0.03556545422470473,0.9147377965496846,200.0,1.0,183.0,549.0,420,299,CS,established,,0.6455555555555555,False
681546,James Outman,2026,1997-05-14,OF,L,multi,94,170,157,27,4,2,5,23,17,10,3,6,3,71,0,16,3,0,0,0,0,0,0,0,85,3,29.0,170.0,41.8,5.9,0.172,0.318,0.235,0.146,0.272,0.162,0.273,0.247,0.225,0.226,0.111,0.381,0.338,0.01,0.045,0.022,86.5,16.2,33.7,7.0,37.2,97.862507442,92.931253721,75.0,30.2,29.7,71.2,41.8,51.2,54.7,37.2,30.2,22.1,10.5,7.8,72.3,6.4,16.1,19.3,15.2,48.2,-14.0,28.0,4.28,6.0,7.0,14.0,86.0,88.6,65.3,james outman,multi,James Outman,DET,"LF,CF,RF",825.5,326.0,1157.0,,145.0,29.1,1.5425531914893618,0.8529411764705882,393,OF,OF,False,326.0,171.72,2.3941801142166454,-26.72,-0.8516269227272837,-67.0,False,False,339,False,16.261704530078358,4.695595318409204,0.6986957729465252,3.7780043785659156,16.992529329560625,16.249486497345426,129.53701582690607,0.7619824460406239,15.462984173093929,0.09095873042996427,473.0,-328.0,"{'C': 415, 'SS': 586, '2B': 586, '3B': 569, '1B': 598, 'OF': 519, 'UT': 473}",0.8529411764705882,0.20588235294117646,-9.23973406394048,,,,,,21.176470588235293,17.647058823529413,35.294117647058826,-0.021999999999999992,,1,1057,,,1,True,0.5029411764705882,,,,45.0,1.0,45.0,0.0,Concussion,45.0,2026-03-26,2026-08-12,94.0,123.0,116.0,7.0,218.0,0.81,0.0,0.0,0.15,,established,27.5,0.5,0.933,"sprint 28.0 ft/s (65th pct) · 1,057 career PA, a known quantity · already 29, an age that jumps 4% of the time",xwOBA 0.225 (1st) · barrels 7.0% (47th) · EV 86.5 (17th) · hard-hit 37% (42nd) · K 42% (0th) · BB 6% (20th) · chase 30% (51st) · bat speed 72.3 mph (55th) · sprint 28.0 (63rd),"{""n"":20,""b"":0,""c"":[[""Jason Vosler"",2023,30,0.8,0.67,20,0],[""Grayson Greiner"",2021,29,0.88,0.38,3,0],[""David Fry"",2025,30,0.83,0.83,175,0],[""Jake Marisnick"",2021,30,0.89,0.91,75,0],[""Greg Allen"",2022,29,0.86,1.29,36,0]]}",0.8673689357878577,0.8182656826568265,-0.019875156067583864,0.8673689357878577,200.0,0.964,173.0,520.0,438,400,FA,established,,0.5029411764705882,True
681624,Andy Pages,2026,2000-12-08,OF,R,Los Angeles Dodgers,133,569,508,139,26,2,22,74,81,48,8,13,7,112,5,89,3,0,14,0,0,0,0,0,131,1,25.0,569.0,19.7,8.4,0.274,0.463,0.343,0.189,0.309,0.273,0.438,0.35,0.342,0.342,0.165,0.4,0.388,0.001,0.025,0.008,88.8,15.7,37.2,7.7,42.1,99.824365771,94.146939751,66.0,31.7,59.0,89.1,21.9,47.3,37.4,37.7,27.2,26.9,8.2,7.6,73.0,10.9,24.5,28.4,6.5,44.6,14.0,28.3,4.37,31.0,42.0,65.0,401.0,73.4,61.5,andy pages,LAD,Andy Pages,LAD,"LF,CF,RF",140.0,86.0,122.0,127.0,649.0,25.6,4.879699248120301,1.140597539543058,46,OF,OF,False,86.0,556.8852459016393,4.003049236131642,92.11475409836066,0.8766500119886587,40.0,True,False,30,False,94.28206225813794,23.73458854996586,1.9166361256544502,18.75071306624175,74.62012444884606,64.51497757583358,620.3231020246797,1.0901987733298413,28.676897975320344,0.05039876621321682,473.0,176.0,"{'C': 415, 'SS': 586, '2B': 586, '3B': 569, '1B': 598, 'OF': 519, 'UT': 473}",1.140597539543058,0.5957820738137083,1.8905189966194484,93.20754716981132,85.28301886792453,84.90566037735849,7.924528301886795,8.301886792452834,13.708260105448156,23.198594024604567,50.61511423550088,-0.007999999999999952,1.140597539543058,3,1636,0.0,1.080128205128205,2,True,0.060469334414853027,-1.9000000000000021,-0.7000000000000002,0.5,30.0,1.0,30.0,0.0,Left hand fracture,30.0,2026-03-26,2026-08-21,128.0,136.0,130.0,6.0,630.0,0.985,0.0,0.0,0.15,,established,33.5,4.6,1.221,"569 PA, already has the job · 1.14/PA is his best rate yet, so the bar is one step up · 26 years old, an age that jumps 4% of the time",xwOBA 0.342 (85th) · barrels 7.7% (54th) · EV 88.8 (53rd) · hard-hit 42% (67th) · K 20% (68th) · BB 8% (49th) · chase 32% (42nd) · bat speed 73.0 mph (66th) · sprint 28.3 (72nd),"{""n"":20,""b"":1,""c"":[[""Ozzie Albies"",2023,26,1.16,0.96,419,0],[""CJ Abrams"",2024,24,1.07,1.06,674,0],[""Spencer Steer"",2023,26,1.06,1.03,677,0],[""CJ Abrams"",2025,25,1.06,1.21,784,1],[""Spencer Steer"",2024,27,1.03,0.96,548,0]]}",1.0267955127738335,1.0957911363002881,-0.020377176503197886,1.0267955127738335,599.0,0.976,615.0,616.0,34,55,CS,established,1.080128205128205,0.060469334414853027,True
681715,Heriberto Hernández,2026,1999-12-16,OF,R,Miami Marlins,129,501,444,100,16,2,24,49,66,52,4,13,5,133,1,58,3,0,4,0,0,0,0,0,126,5,26.0,501.0,26.5,10.4,0.225,0.432,0.311,0.207,0.264,0.24,0.467,0.326,0.344,0.325,0.226,0.398,0.427,-0.015,-0.035,-0.018,91.4,13.1,31.4,12.5,47.8,101.785849423,95.474729775,69.6,23.8,40.9,78.1,32.4,45.2,46.2,40.4,31.4,20.5,7.7,7.7,74.3,13.6,25.0,46.6,13.5,63.3,5.0,28.3,4.39,32.0,30.0,38.0,312.0,84.7,60.3,heriberto hernandez,MIA,,,,,,,,507.0,26.5,3.9302325581395348,1.0119760479041917,127,OF,OF,True,339.0,171.72,2.3941801142166454,335.28,1.5360524439228893,212.0,True,False,120,False,56.962003234293164,23.050096123381163,2.3497980503581917,24.198102591967487,68.36531344260368,64.3933904872953,546.222703929899,1.0902648781035909,-39.22270392989901,-0.07828883019939914,473.0,34.0,"{'C': 415, 'SS': 586, '2B': 586, '3B': 569, '1B': 598, 'OF': 519, 'UT': 473}",1.0119760479041917,0.47704590818363274,-2.033238839315406,62.264150943396224,39.24528301886793,51.698113207547166,23.018867924528294,10.566037735849058,15.568862275449101,28.742514970059883,62.275449101796404,0.01799999999999996,1.0170068027210883,2,795,-0.005030754816896632,1.0170068027210883,1,False,-0.005030754816896632,0.3000000000000007,1.5,1.0,0.0,0.0,0.0,0.0,,0.0,2026-03-27,2026-09-12,117.0,149.0,149.0,0.0,446.0,0.785,0.0,0.0,0.15,,established,35.6,9.5,1.097,"deserved 1.09/PA on contact quality, got 1.01 · avg EV 91.4 (90th pct) · 501 PA, already has the job · bat speed up 1.0 mph",xwOBA 0.344 (87th) · barrels 12.5% (87th) · EV 91.4 (89th) · hard-hit 48% (88th) · K 26% (25th) · BB 10% (71st) · chase 24% (87th) · bat speed 74.3 mph (82nd) · sprint 28.3 (72nd),"{""n"":20,""b"":2,""c"":[[""Jes\u00fas S\u00e1nchez"",2023,26,1.01,1.02,546,0],[""Jes\u00fas S\u00e1nchez"",2024,27,1.02,0.96,476,0],[""Nick Gordon"",2022,27,0.95,0.7,65,0],[""Dillon Dingler"",2025,27,1.05,1.03,627,0],[""Jake Burger"",2023,27,1.05,0.96,554,0]]}",1.0326932341292432,1.013286093888397,-0.01697502965936144,1.0326932341292432,388.0,1.0,401.0,620.0,141,46,FA,candidate,1.0170068027210883,-0.005030754816896632,False
681807,David Fry,2026,1995-11-20,OF,R,Cleveland Guardians,90,210,180,35,6,0,8,23,20,28,2,0,0,58,0,21,0,0,1,9,14,0,2,0,46,12,30.0,210.0,27.6,13.3,0.194,0.361,0.31,0.167,0.237,0.177,0.291,0.301,0.27,0.292,0.114,0.35,0.296,0.017,0.07,0.031,86.6,19.6,25.4,6.6,34.4,97.913227333,93.01379395,63.1,27.5,57.9,78.1,28.8,43.9,54.1,36.9,29.5,16.4,17.2,8.2,71.3,6.7,18.7,14.0,15.7,60.6,-2.0,26.3,4.78,11.0,8.0,15.0,122.0,67.6,57.4,david fry,CLE,,,,,,,,175.0,30.6,1.9444444444444444,0.8333333333333334,364,1B/OF,OF,True,339.0,171.72,2.3941801142166454,3.280000000000001,-0.44973566977220103,-25.0,False,False,283,False,21.19492367020339,5.5514789241777995,0.3722711410342275,4.741326264584582,20.735660121299272,21.042684852303093,158.01834497360238,0.7524683093981066,16.98165502639762,0.08086502393522677,473.0,-298.0,"{'C': 415, 'SS': 586, '2B': 586, '3B': 569, '1B': 598, 'OF': 519, 'UT': 473}",0.8333333333333334,0.37142857142857144,-9.138021662601307,,,,,,0.0,22.857142857142858,80.0,-0.030999999999999972,1.0153061224489797,2,872,-0.1819727891156463,,1,False,0.4833333333333334,-9.299999999999997,-2.5,0.8999999999999915,0.0,0.0,105.0,0.0,,63.0,2026-03-28,2026-09-12,83.0,151.0,151.0,0.0,186.0,0.55,2.0,0.0,0.15,,established,27.4,0.6,1.095,"sprint 26.3 ft/s (21st pct) · already 31, an age that jumps 3% of the time · avg EV 86.6 (20th pct) · bat speed up 0.9 mph",xwOBA 0.270 (13th) · barrels 6.6% (43rd) · EV 86.6 (18th) · hard-hit 34% (29th) · K 28% (21st) · BB 13% (93rd) · chase 28% (68th) · bat speed 71.3 mph (38th) · sprint 26.3 (21st),"{""n"":20,""b"":0,""c"":[[""Andy Ib\u00e1\u00f1ez"",2024,31,0.89,0.9,174,0],[""Elias D\u00edaz"",2022,32,0.88,0.99,522,0],[""Eddie Rosario"",2022,31,0.77,1.01,523,0],[""Carson Kelly"",2023,29,0.87,0.99,311,0],[""Austin Wynns"",2022,32,0.86,0.83,120,0]]}",0.83398633362477,0.8843053579895684,-0.03556545422470473,0.83398633362477,200.0,0.95,167.0,500.0,452,442,FA,established,,0.4833333333333334,False
682177,Daniel Schneemann,2026,1997-01-23,OF,L,Cleveland Guardians,90,282,258,53,11,0,6,29,29,24,0,6,2,84,0,36,1,0,2,0,0,14,33,6,40,0,29.0,282.0,29.8,8.5,0.205,0.318,0.273,0.113,0.28,0.222,0.359,0.266,0.287,0.288,0.137,0.335,0.369,-0.017,-0.041,-0.021,87.9,11.9,33.3,7.5,37.6,98.620901494,93.412797989,66.8,33.3,39.8,82.8,31.8,49.6,47.7,43.7,28.7,23.0,4.6,7.0,71.2,8.6,21.3,11.4,14.4,56.3,-13.0,27.6,4.42,13.0,15.0,25.0,174.0,82.6,67.0,daniel schneemann,CLE,,,,,,,,238.0,29.4,2.6444444444444444,0.8439716312056738,301,2B/3B/OF,3B/OF,True,339.0,171.72,2.3941801142166454,66.28,0.2502643302277989,38.0,False,False,255,False,37.696200737330386,11.372961738974038,0.6474743100607847,7.5593632136348,31.723846583741377,29.851750972419435,256.4735975561608,0.9094808423977334,-18.473597556160826,-0.06550921119205966,473.0,-235.0,"{'C': 415, 'SS': 586, '2B': 586, '3B': 569, '1B': 598, 'OF': 519, 'UT': 473}",0.8439716312056738,0.3049645390070922,-8.056160061524384,,,,,,12.76595744680851,12.76595744680851,51.06382978723404,0.020999999999999963,0.8791469194312796,3,925,-0.035175288225605894,0.8791469194312796,2,False,-0.035175288225605894,2.1000000000000014,-4.0,0.29999999999999716,0.0,0.0,0.0,0.0,,0.0,2026-03-26,2026-09-06,88.0,153.0,153.0,0.0,274.0,0.575,0.0,0.0,0.15,,established,33.4,1.4,0.959,"deserved 0.91/PA on contact quality, got 0.84 · 0.84/PA is his best rate yet, so the bar is one step up · avg EV 87.9 (40th pct)",xwOBA 0.287 (26th) · barrels 7.5% (52nd) · EV 87.9 (38th) · hard-hit 38% (45th) · K 30% (14th) · BB 8% (50th) · chase 33% (32nd) · bat speed 71.2 mph (37th) · sprint 27.6 (52nd),"{""n"":20,""b"":0,""c"":[[""Jake Cave"",2023,31,0.84,0.96,331,0],[""Jake Rogers"",2024,29,0.89,0.91,129,0],[""Paul DeJong"",2023,30,0.8,0.88,424,0],[""Jordan Luplow"",2022,29,0.94,0.87,78,0],[""Zack Short"",2023,28,0.81,0.6,53,0]]}",0.9089442694818392,0.8575228595178719,-0.019875156067583864,0.9089442694818392,217.0,1.0,197.0,545.0,391,316,FA,established,0.8791469194312796,-0.035175288225605894,False
682622,Noelvi Marte,2026,2001-10-16,OF,R,Cincinnati Reds,63,201,190,36,7,0,6,19,15,10,0,7,2,52,1,23,1,0,1,0,0,0,0,0,59,1,24.0,201.0,25.9,5.0,0.189,0.321,0.229,0.132,0.226,0.193,0.304,0.242,0.237,0.233,0.111,0.299,0.294,-0.004,0.017,0.005,87.9,10.5,19.4,5.1,30.2,98.929259559,93.570955294,65.5,41.2,52.9,87.8,27.5,52.0,44.6,56.1,20.9,12.2,10.8,7.4,72.2,8.2,21.2,27.2,9.1,54.6,-14.0,29.1,4.36,6.0,23.0,7.0,139.0,78.0,63.2,noelvi marte,CIN,Noelvi Marte,CIN,"3B,RF",145.0,88.0,133.0,147.0,163.0,24.7,2.5873015873015874,0.8109452736318408,369,3B/OF,OF,False,88.0,556.8852459016393,4.003049236131642,-393.88524590163934,-1.4157476488300547,-281.0,False,False,339,True,25.367748119089562,6.207399933095754,0.401955776539816,4.692896171274872,21.913584720823934,19.024247432744836,167.36783215356877,0.8326757818585511,-4.36783215356877,-0.0217305082267103,473.0,-310.0,"{'C': 415, 'SS': 586, '2B': 586, '3B': 569, '1B': 598, 'OF': 519, 'UT': 473}",0.8109452736318408,0.29850746268656714,-9.349361231884687,,,,,,20.895522388059703,17.91044776119403,29.850746268656717,-0.0050000000000000044,1.075,3,926,-0.2640547263681592,1.075,2,False,-0.2640547263681592,2.299999999999997,-4.0,-1.0,0.0,0.0,58.0,0.0,,34.8,2026-03-26,2026-08-17,63.0,135.0,135.0,0.0,222.0,0.467,0.0,0.0,0.15,,young / establishing,43.3,0.9,1.155,"25 years old, an age that jumps 5% of the time · sprint 29.1 ft/s (90th pct) · deserved 0.83/PA on contact quality, got 0.81",xwOBA 0.237 (2nd) · barrels 5.1% (30th) · EV 87.9 (38th) · hard-hit 30% (16th) · K 26% (28th) · BB 5% (11th) · chase 41% (6th) · bat speed 72.2 mph (53rd) · sprint 29.1 (90th),"{""n"":20,""b"":0,""c"":[[""Ezequiel Duran"",2024,25,0.76,0.82,180,0],[""Akil Baddoo"",2022,24,0.81,0.97,346,0],[""Dylan Carlson"",2024,26,0.72,0.8,192,0],[""Parker Meadows"",2025,26,0.83,0.97,38,0],[""Ezequiel Duran"",2025,26,0.82,1.02,605,0]]}",0.9763955424786536,0.9211601307189542,-0.01249045949552797,0.9763955424786536,357.0,0.972,349.0,586.0,195,131,FA,candidate,1.075,-0.2640547263681592,False
682626,Francisco Alvarez,2026,2001-11-19,C,R,New York Mets,113,420,373,87,14,0,16,38,43,39,4,0,0,129,2,57,6,15,0,88,0,0,0,0,0,24,24.0,420.0,30.7,9.3,0.233,0.399,0.311,0.166,0.309,0.23,0.431,0.313,0.322,0.307,0.202,0.412,0.426,0.003,-0.032,-0.009,90.8,10.2,32.9,15.4,48.0,102.913628049,95.848454472,62.0,31.8,45.7,77.3,34.8,45.4,39.0,47.6,25.6,19.9,6.9,7.3,74.2,13.2,21.8,42.9,10.6,59.5,-4.0,25.3,4.72,22.0,29.0,36.0,246.0,64.6,57.8,francisco alvarez,NYM,Francisco Alvarez,NYM,"C,DH",251.4,155.0,162.0,284.0,384.0,24.6,3.398230088495575,0.9142857142857143,204,C,C,False,155.0,422.61764705882354,3.705765225084571,-38.617647058823536,-0.3075351365889958,-49.0,False,False,171,False,46.979860293993475,20.019685450920182,1.0450482161792347,17.745406038907117,46.42862888360023,54.54383604803116,414.8984649316314,0.9878534879324558,-30.898464931631395,-0.0735677736467415,415.0,-31.0,"{'C': 415, 'SS': 586, '2B': 586, '3B': 569, '1B': 598, 'OF': 519, 'UT': 473}",0.9142857142857143,0.3333333333333333,-5.781950405422822,24.90566037735849,3.3962264150943398,15.471698113207546,21.50943396226415,9.433962264150944,0.0,22.857142857142858,55.714285714285715,0.009000000000000008,1.0433212996389891,4,1476,-0.12903558535327486,1.0433212996389891,3,False,-0.12903558535327486,4.300000000000001,3.3000000000000007,0.29999999999999716,137.0,1.0,235.0,0.0,Right meniscus tear,180.2,2026-03-26,2026-09-11,103.0,152.0,103.0,49.0,550.0,1.0,0.0,0.0,0.15,,established,35.1,4.1,1.123,"deserved 0.99/PA on contact quality, got 0.91 · 25 years old, an age that jumps 5% of the time · avg EV 90.8 (86th pct) · barrel rate up 3.3 pts on last year",xwOBA 0.322 (66th) · barrels 15.4% (96th) · EV 90.8 (85th) · hard-hit 48% (89th) · K 31% (12th) · BB 9% (58th) · chase 32% (40th) · bat speed 74.2 mph (81st) · sprint 25.3 (7th),"{""n"":20,""b"":1,""c"":[[""Jarred Kelenic"",2024,25,0.91,0.62,40,0],[""Logan O'Hoppe"",2025,25,0.85,0.81,223,0],[""Colton Cowser"",2025,25,0.96,0.93,366,0],[""Trent Grisham"",2023,27,0.9,0.9,188,0],[""Christopher Morel"",2025,26,0.95,0.61,64,0]]}",0.935085723142794,0.9573170731707318,-0.01249045949552797,0.935085723142794,393.0,0.856,367.0,561.0,177,239,FA,candidate,1.0433212996389891,-0.12903558535327486,False
682657,Angel Martínez,2026,2002-01-27,OF,S,Cleveland Guardians,113,412,385,99,24,2,18,49,62,13,7,11,3,90,1,55,4,0,6,0,0,0,0,0,131,0,24.0,412.0,21.8,3.2,0.257,0.47,0.293,0.213,0.291,0.253,0.404,0.329,0.302,0.29,0.151,0.403,0.366,0.004,0.066,0.027,87.6,14.7,35.4,7.3,35.9,99.044986757,93.632778746,66.9,42.7,66.3,88.6,20.6,54.3,44.4,41.7,25.2,25.2,7.9,7.3,71.4,9.1,24.1,17.7,11.4,49.9,0.0,27.6,4.41,23.0,30.0,45.0,302.0,72.7,68.0,angel martinez,CLE,,,,,,,,452.0,24.4,4.0,1.0970873786407767,160,2B/OF,OF,True,339.0,171.72,2.3941801142166454,280.28,1.6058198857833546,179.0,False,False,123,False,66.0810555285309,17.194068450461497,1.4486965134843328,12.681179507523282,48.047439860380514,45.99762130571466,407.9900611660952,0.9902671387526583,44.00993883390481,0.1068202398881184,473.0,-21.0,"{'C': 415, 'SS': 586, '2B': 586, '3B': 569, '1B': 598, 'OF': 519, 'UT': 473}",1.0970873786407767,0.5485436893203883,-2.049453354130829,86.0377358490566,69.0566037735849,50.943396226415096,16.981132075471706,35.094339622641506,16.019417475728154,26.21359223300971,18.932038834951456,-0.027000000000000024,1.0970873786407767,2,1065,0.0,0.8512396694214877,1,False,0.245847709219289,-0.8999999999999986,3.8,1.3000000000000114,38.0,1.0,100.0,0.0,Left foot non-displaced fracture,56.599999999999994,2026-03-26,2026-09-12,104.0,153.0,119.0,34.0,472.0,0.874,0.0,0.0,0.15,,young / establishing,29.8,3.3,1.177,"24 years old, an age that jumps 8% of the time · 1.10/PA is his best rate yet, so the bar is one step up · 412 PA, already has the job · barrel rate up 3.8 pts on last year · bat speed up 1.3 mph",xwOBA 0.302 (44th) · barrels 7.3% (50th) · EV 87.6 (34th) · hard-hit 36% (36th) · K 22% (55th) · BB 3% (2nd) · chase 43% (4th) · bat speed 71.4 mph (40th) · sprint 27.6 (52nd),"{""n"":20,""b"":1,""c"":[[""Noelvi Marte"",2025,24,1.07,0.81,163,0],[""Willi Castro"",2023,26,1.18,0.97,614,0],[""Andr\u00e9s Gim\u00e9nez"",2022,24,1.11,1.03,636,0],[""Geraldo Perdomo"",2024,25,0.97,1.13,814,1],[""Wenceel P\u00e9rez"",2025,26,1.01,0.83,146,0]]}",0.9523200354072735,0.9826052317089365,-0.012246653109530594,0.9523200354072735,383.0,0.955,365.0,571.0,180,200,GK,candidate,0.8512396694214877,0.245847709219289,False
682663,Agustín Ramírez,2026,2001-09-10,DH,R,Miami Marlins,71,251,222,53,10,1,5,31,24,26,2,4,1,60,1,37,4,3,0,28,0,0,0,0,0,37,24.0,251.0,23.9,10.4,0.239,0.36,0.323,0.121,0.304,0.228,0.322,0.305,0.287,0.311,0.094,0.352,0.324,0.011,0.038,0.018,89.9,6.8,27.0,4.3,41.1,102.140472317,95.262292761,70.0,29.5,51.3,79.5,29.5,48.7,44.2,52.1,16.0,23.3,8.6,7.7,75.8,10.8,18.9,57.9,8.4,54.1,-4.0,27.2,4.7,3.0,22.0,28.0,163.0,83.3,62.2,agustin ramirez,MIA,Agustin Ramirez,MIA,"C,DH",111.8,73.0,79.0,107.0,230.0,24.8,3.23943661971831,0.9163346613545816,309,C,C,False,73.0,556.8852459016393,4.003049236131642,-326.88524590163934,-0.7636126164133321,-236.0,False,False,255,True,39.03392593356192,6.640779241709394,0.5966637158954707,4.3446311088332195,26.8647687558862,23.81934217808698,214.78411093397315,0.855713589378379,15.215889066026847,0.06062107197620259,415.0,-185.0,"{'C': 415, 'SS': 586, '2B': 586, '3B': 569, '1B': 598, 'OF': 519, 'UT': 473}",0.9163346613545816,0.41832669322709165,-7.812524838568661,,,,,,9.56175298804781,11.952191235059761,62.15139442231076,-0.018000000000000016,0.9965811965811966,2,836,-0.08024653522661496,0.9965811965811966,1,True,-0.08024653522661496,4.599999999999998,-6.7,0.5999999999999943,0.0,0.0,0.0,0.0,,0.0,2026-03-27,2026-09-12,60.0,149.0,149.0,0.0,213.0,0.403,0.0,0.0,0.15,,young / establishing,48.1,2.0,1.077,"25 years old, an age that jumps 5% of the time · avg EV 89.9 (74th pct) · sprint 27.2 ft/s (43rd pct)",xwOBA 0.287 (26th) · barrels 4.3% (23rd) · EV 89.9 (72nd) · hard-hit 41% (62nd) · K 24% (41st) · BB 10% (71st) · chase 30% (56th) · bat speed 75.8 mph (94th) · sprint 27.2 (42nd),"{""n"":20,""b"":0,""c"":[[""Alex Kirilloff"",2022,25,0.85,0.98,312,0],[""Jes\u00fas S\u00e1nchez"",2022,25,0.9,1.01,406,0],[""Gavin Sheets"",2022,26,0.9,0.77,266,0],[""Jos\u00e9 Tena"",2025,24,0.86,0.91,261,0],[""Leody Taveras"",2022,24,0.97,1.03,572,0]]}",0.9483535119318093,0.9631229235880397,-0.01249045949552797,0.9483535119318093,401.0,1.0,380.0,569.0,166,211,FA,established,0.9965811965811966,-0.08024653522661496,True
682668,Luisangel Acuña,2026,2002-03-12,SS,R,Chicago White Sox,103,221,207,47,4,0,2,22,13,9,1,17,6,43,2,41,4,0,2,0,0,1,0,64,32,4,24.0,221.0,19.5,4.1,0.227,0.275,0.26,0.048,0.274,0.246,0.323,0.241,0.268,0.281,0.077,0.275,0.311,-0.019,-0.048,-0.027,88.5,2.2,24.4,3.6,36.3,99.243124268,93.738814417,71.0,34.1,53.9,85.3,26.0,51.2,36.9,58.3,16.1,20.2,5.4,7.5,72.1,12.2,28.3,27.7,8.8,64.9,-16.0,29.8,4.22,4.0,23.0,20.0,168.0,83.3,64.3,luisangel acuna,CWS,Luisangel Acuna,CWS,"2B,SS,CF",389.0,237.0,385.0,372.0,200.0,24.3,1.941747572815534,0.9049773755656109,340,2B/SS/OF,SS/OF,False,237.0,315.5,3.0792137196109657,-115.5,-1.1374661467954317,-103.0,False,False,279,True,42.1828872397205,4.960121468711168,0.3580953434161474,3.4208959481521792,26.43357075981544,18.784755908277546,224.001326668093,1.0135806636565294,-24.001326668092986,-0.10860328809091857,473.0,-273.0,"{'C': 415, 'SS': 586, '2B': 586, '3B': 569, '1B': 598, 'OF': 519, 'UT': 473}",0.9049773755656109,0.3393665158371041,-8.263124521910036,,,,,,46.15384615384615,5.429864253393665,24.434389140271495,0.027000000000000024,0.9049773755656109,1,454,0.0,,0,False,0.5549773755656109,0.3000000000000007,2.2,1.3999999999999915,0.0,0.0,0.0,0.0,,0.0,2026-03-26,2026-09-12,93.0,150.0,150.0,0.0,208.0,0.62,0.0,0.0,0.15,,young / establishing,29.1,20.7,0.985,"deserved 1.01/PA on contact quality, got 0.90 · 24 years old, an age that jumps 8% of the time · sprint 29.8 ft/s (97th pct) · barrel rate up 2.2 pts on last year · bat speed up 1.4 mph",xwOBA 0.268 (12th) · barrels 3.6% (16th) · EV 88.5 (48th) · hard-hit 36% (38th) · K 20% (69th) · BB 4% (7th) · chase 34% (29th) · bat speed 72.1 mph (52nd) · sprint 29.8 (97th),"{""n"":20,""b"":2,""c"":[[""Jos\u00e9 Az\u00f3car"",2022,26,0.83,1.07,109,0],[""Ben Williamson"",2025,25,0.82,0.87,248,0],[""Alek Thomas"",2023,23,0.93,0.98,101,0],[""Curtis Mead"",2025,25,0.81,1.11,365,0],[""Jarren Duran"",2022,26,0.88,1.23,446,0]]}",1.0380964603750187,0.9287410926365796,-0.012246653109530594,1.0380964603750187,272.0,1.0,282.0,623.0,264,39,FA,candidate,,0.5549773755656109,False
682674,Victor Bericoto,2026,2001-12-03,OF,R,San Francisco Giants,40,113,110,26,5,0,5,9,15,3,0,1,2,31,0,16,4,0,2,0,2,0,0,0,33,5,24.0,113.0,27.4,2.7,0.236,0.418,0.257,0.182,0.284,0.231,0.452,0.291,0.299,0.252,0.221,0.39,0.401,0.005,-0.034,-0.008,91.0,10.1,31.6,13.9,50.6,101.04516375,95.278937848,73.4,42.8,44.6,86.3,30.8,56.8,32.9,48.1,25.3,22.8,3.8,7.6,74.6,10.0,23.2,48.6,13.1,49.1,-3.0,27.1,4.66,7.0,11.0,8.0,79.0,82.4,67.3,victor bericoto,SF,,,,,,,,102.0,24.6,2.55,0.9026548672566371,436,1B/OF,OF,True,339.0,171.72,2.3941801142166454,-69.72,0.15581988578335437,-97.0,False,False,339,False,12.465101045821655,7.018349554576706,0.48799775338162865,5.438551646220012,13.191367858022373,14.933439438397905,109.2548072964203,0.9668567017382327,-7.254807296420296,-0.06420183448159555,473.0,-371.0,"{'C': 415, 'SS': 586, '2B': 586, '3B': 569, '1B': 598, 'OF': 519, 'UT': 473}",0.9026548672566371,0.3805309734513274,-9.852495612321603,,,,,,5.3097345132743365,26.548672566371682,15.929203539823009,0.008000000000000007,,0,113,,,0,False,0.5526548672566372,,,,57.0,2.0,57.0,0.0,Left oblique strain; Right knee bone bruise,57.0,2026-05-22,2026-08-23,33.0,89.0,55.0,34.0,236.0,0.6,58.0,1.0,0.15,,rookie,45.9,5.7,0.43,"deserved 0.97/PA on contact quality, got 0.90 · avg EV 91.0 (87th pct) · 25 years old, an age that jumps 5% of the time",xwOBA 0.299 (40th) · barrels 13.9% (93rd) · EV 91.0 (87th) · hard-hit 51% (95th) · K 27% (21st) · BB 3% (1st) · chase 43% (3rd) · bat speed 74.6 mph (85th) · sprint 27.1 (39th),"{""n"":20,""b"":0,""c"":[[""Trey Sweeney"",2024,24,0.87,0.74,241,0],[""Kyle Stowers"",2022,24,0.92,0.27,9,0],[""Trevor Larnach"",2022,25,0.93,1.0,211,0],[""Sam Huff"",2022,24,0.85,1.02,46,0],[""William Contreras"",2021,24,0.98,1.09,408,0]]}",0.966700624625074,0.9026548672566371,-0.01249045949552797,0.966700624625074,200.0,0.954,193.0,580.0,402,163,FA,candidate,,0.5526548672566372,False
682818,Yohendrick Piñango,2026,2002-05-07,OF,L,Toronto Blue Jays,58,180,169,44,8,0,5,12,20,11,0,0,0,44,0,31,1,0,1,0,0,0,0,0,64,1,24.0,180.0,24.4,6.1,0.26,0.396,0.306,0.136,0.325,0.262,0.398,0.309,0.309,0.308,0.136,0.384,0.383,-0.002,-0.002,0.0,90.9,9.6,35.2,8.0,45.6,101.811230635,95.30729608,67.1,35.2,64.0,80.0,25.6,50.9,28.8,42.4,21.6,30.4,5.6,7.1,75.6,13.2,20.8,57.4,0.9,29.7,-4.0,27.2,4.49,5.0,15.0,24.0,125.0,76.8,61.7,yohendrick pinango,TOR,,,,,,,,155.0,24.1,2.6724137931034484,0.8611111111111112,381,OF,OF,True,339.0,171.72,2.3941801142166454,-16.72,0.27823367888680295,-42.0,False,False,339,False,31.70651123366605,7.141685551085245,0.4470951968313666,4.982708018417342,20.4687938519052,19.614847153076166,163.62364100498138,0.9090202278054521,-8.62364100498138,-0.04790911669434095,473.0,-318.0,"{'C': 415, 'SS': 586, '2B': 586, '3B': 569, '1B': 598, 'OF': 519, 'UT': 473}",0.8611111111111112,0.36666666666666664,-9.252317181088488,,,,,,0.0,16.666666666666664,36.666666666666664,0.0,,0,180,,,0,False,0.5111111111111112,,,,0.0,0.0,0.0,0.0,,0.0,2026-04-26,2026-07-29,58.0,90.0,90.0,0.0,298.0,0.644,30.0,1.0,0.15,,young / establishing,50.9,6.7,0.43,"24 years old, an age that jumps 8% of the time · avg EV 90.9 (87th pct) · deserved 0.91/PA on contact quality, got 0.86",xwOBA 0.309 (51st) · barrels 8.0% (57th) · EV 90.9 (86th) · hard-hit 46% (83rd) · K 24% (37th) · BB 6% (23rd) · chase 35% (23rd) · bat speed 75.6 mph (92nd) · sprint 27.2 (42nd),"{""n"":20,""b"":1,""c"":[[""Trey Sweeney"",2024,24,0.87,0.74,241,0],[""Jos\u00e9 Tena"",2024,23,0.86,0.86,145,0],[""Ronny Mauricio"",2025,24,0.83,0.76,44,0],[""Jos\u00e9 Tena"",2025,24,0.86,0.91,261,0],[""Josh Naylor"",2021,24,0.9,1.01,502,0]]}",0.9089130146648111,0.8611111111111112,-0.012246653109530594,0.9089130146648111,234.0,1.0,213.0,545.0,353,316,FA,candidate,,0.5111111111111112,False
682829,Elly De La Cruz,2026,2002-01-11,SS,S,Cincinnati Reds,142,632,555,157,30,5,30,99,79,72,2,30,8,173,3,92,18,0,0,0,0,0,0,131,0,11,24.0,632.0,27.4,11.4,0.283,0.517,0.366,0.234,0.358,0.281,0.507,0.381,0.377,0.364,0.225,0.492,0.488,0.002,0.01,0.004,94.7,10.0,36.1,16.4,53.5,105.391663333,97.765516897,57.5,25.1,56.0,79.8,28.1,40.2,34.3,47.3,26.5,24.2,2.1,7.2,76.2,17.0,25.2,61.4,8.3,50.8,37.0,28.4,4.33,36.0,57.0,64.0,385.0,64.9,57.4,elly de la cruz,CIN,Elly De La Cruz,CIN,"SS,DH",7.8,7.0,8.0,9.0,768.0,24.5,5.408450704225352,1.2151898734177216,9,SS,SS,False,7.0,651.0652173913044,4.793478260869565,116.93478260869563,0.6149724433557866,-2.0,False,False,1,False,91.6489469437975,31.91328919716683,4.216580774273893,28.1761830847618,91.89304572978,81.5011078042524,756.1791535340324,1.1964860024272663,11.820846465967634,0.01870387099045523,473.0,295.0,"{'C': 415, 'SS': 586, '2B': 586, '3B': 569, '1B': 598, 'OF': 519, 'UT': 473}",1.2151898734177216,0.6234177215189873,6.3253568758871745,98.49056603773585,92.83018867924528,98.11320754716981,5.660377358490564,0.37735849056603854,28.48101265822785,28.48101265822785,68.35443037974683,-0.0040000000000000036,1.2629310344827587,4,2454,-0.04774116106503712,1.2629310344827587,3,True,-0.04774116106503712,1.5,6.099999999999998,1.7999999999999972,22.0,1.0,22.0,0.0,Right hamstring strain,22.0,2026-03-26,2026-09-12,129.0,151.0,131.0,20.0,655.0,0.985,0.0,0.0,0.15,,established,37.3,5.8,1.343,"632 PA, already has the job · avg EV 94.7 (99th pct) · 24 years old, an age that jumps 8% of the time · barrel rate up 6.1 pts on last year · bat speed up 1.8 mph",xwOBA 0.377 (97th) · barrels 16.4% (98th) · EV 94.7 (99th) · hard-hit 54% (97th) · K 27% (21st) · BB 11% (83rd) · chase 25% (82nd) · bat speed 76.2 mph (95th) · sprint 28.4 (76th),"{""n"":20,""b"":1,""c"":[[""Corbin Carroll"",2025,25,1.29,1.08,723,0],[""James Wood"",2025,23,1.1,1.21,747,1],[""Juan Soto"",2023,25,1.19,1.27,903,0],[""Zach Neto"",2025,24,1.13,1.05,732,0],[""Vladimir Guerrero Jr."",2024,25,1.16,1.06,723,0]]}",1.1345823160462338,1.1924297730518965,-0.01249045949552797,1.1345823160462338,680.0,0.982,772.0,681.0,4,7,MMM,established,1.2629310344827587,-0.04774116106503712,True
682848,Endy Rodríguez,2026,2000-05-26,C,S,Pittsburgh Pirates,45,159,135,36,6,0,7,20,20,23,0,6,1,41,0,23,4,5,0,38,4,0,0,0,0,1,26.0,159.0,25.8,14.5,0.267,0.467,0.373,0.2,0.333,0.245,0.403,0.37,0.338,0.355,0.158,0.451,0.397,0.022,0.064,0.032,92.4,19.1,37.2,10.6,46.8,100.7717,95.060794946,64.4,26.1,47.6,85.4,25.9,44.8,45.7,33.0,33.0,27.7,6.4,7.3,72.7,11.1,27.0,26.2,10.1,47.2,7.0,27.0,,7.0,7.0,22.0,94.0,76.5,64.2,endy rodriguez,PIT,,,,,,,,186.0,26.1,4.133333333333334,1.169811320754717,351,C/1B,C,True,339.0,171.72,2.3941801142166454,14.280000000000001,1.7391532191166883,-12.0,False,False,283,False,21.87071343738226,5.942193985740764,0.3984717163716985,4.863620860505281,19.649534592934785,17.865117161813735,171.99465175474853,1.0817273695267202,14.005348245251469,0.08808395122799673,415.0,-229.0,"{'C': 415, 'SS': 586, '2B': 586, '3B': 569, '1B': 598, 'OF': 519, 'UT': 473}",1.169811320754717,0.5723270440251572,-7.901064701846113,,,,,,22.641509433962263,26.41509433962264,86.79245283018868,-0.03199999999999997,,1,420,,,1,False,0.819811320754717,,,,64.0,2.0,220.0,0.0,,157.6,2026-05-14,2026-08-07,45.0,84.0,64.0,20.0,370.0,0.703,49.0,1.0,0.15,,established,40.0,3.2,1.25,"avg EV 92.4 (95th pct) · 420 career PA, still new · 26 years old, an age that jumps 4% of the time",xwOBA 0.338 (82nd) · barrels 10.6% (76th) · EV 92.4 (95th) · hard-hit 47% (86th) · K 26% (30th) · BB 14% (96th) · chase 26% (77th) · bat speed 72.7 mph (62nd) · sprint 27.0 (36th),"{""n"":20,""b"":0,""c"":[[""Gavin Sheets"",2021,25,1.08,0.9,371,0],[""Stone Garrett"",2023,28,1.08,2.67,16,0],[""Wilyer Abreu"",2023,24,1.24,1.07,479,0],[""Danny Jansen"",2021,26,1.05,1.17,291,0],[""Ryan Jeffers"",2023,26,1.14,1.0,464,0]]}",0.9690852085708993,1.169811320754717,-0.020377176503197886,0.9690852085708993,239.0,0.874,232.0,581.0,326,159,FA,candidate,,0.819811320754717,False
682877,Juan Brito,2026,2001-09-24,2B,S,multi,32,111,102,26,6,0,3,13,14,7,1,1,0,25,1,17,4,0,0,0,0,26,3,1,3,0,24.0,111.0,22.5,6.3,0.255,0.402,0.306,0.147,0.307,0.244,0.377,0.311,0.297,0.298,0.133,0.37,0.35,0.011,0.025,0.014,85.6,16.8,34.6,6.4,32.1,96.817201026,92.438370513,71.7,31.4,52.8,82.1,26.9,51.4,55.1,42.3,21.8,23.1,12.8,7.5,69.6,8.5,21.3,4.3,13.1,61.0,-3.0,27.3,,7.0,6.0,12.0,78.0,71.9,62.2,juan brito,multi,,,,,,,,101.0,24.8,3.15625,0.9099099099099099,438,2B/SS,2B,True,339.0,171.72,2.3941801142166454,-70.72,0.7620698857833546,-99.0,False,False,339,False,17.41050815010732,4.289417857481266,0.28763983471551047,2.9004341576959045,12.430545418516049,11.85921615518044,94.6317615736965,0.8525383925558243,6.368238426303506,0.05737151735408563,473.0,-372.0,"{'C': 415, 'SS': 586, '2B': 586, '3B': 569, '1B': 598, 'OF': 519, 'UT': 473}",0.9099099099099099,0.4594594594594595,-9.730851797187704,,,,,,5.405405405405405,16.216216216216218,37.83783783783783,-0.014000000000000012,,0,111,,,0,False,0.55990990990991,,,,0.0,0.0,0.0,0.0,,0.0,2026-04-07,2026-09-12,22.0,28.0,28.0,0.0,415.0,0.786,12.0,0.0,0.15,,rookie,41.3,0.8,0.43,"25 years old, an age that jumps 5% of the time · got 0.91/PA but deserved 0.85 · avg EV 85.6 (10th pct)",xwOBA 0.297 (37th) · barrels 6.4% (41st) · EV 85.6 (8th) · hard-hit 32% (21st) · K 22% (51st) · BB 6% (25th) · chase 31% (44th) · bat speed 69.6 mph (19th) · sprint 27.3 (45th),"{""n"":20,""b"":0,""c"":[[""Alan Trejo"",2022,26,0.96,0.86,195,0],[""Drew Gilbert"",2025,25,0.86,0.94,366,0],[""Cole Tucker"",2021,25,0.83,0.49,31,0],[""Juan Yepez"",2022,24,0.92,0.66,43,0],[""Christian Arroyo"",2021,26,1.0,0.98,294,0]]}",0.8899007666526211,0.9099099099099099,-0.01249045949552797,0.8899007666526211,219.0,1.0,195.0,534.0,398,358,FA,candidate,,0.55990990990991,False
682928,CJ Abrams,2026,2000-10-03,SS,L,Washington Nationals,151,650,575,150,30,3,33,93,105,57,12,34,6,158,6,84,20,0,0,0,0,13,0,132,0,11,25.0,650.0,24.3,8.8,0.261,0.496,0.337,0.235,0.3,0.247,0.435,0.357,0.332,0.323,0.188,0.438,0.399,0.014,0.061,0.025,89.6,17.7,34.3,10.4,40.7,99.997933128,94.251934242,68.6,36.9,54.1,80.8,29.7,51.3,44.9,36.6,28.6,23.4,11.3,7.7,73.0,10.3,23.0,27.6,14.2,57.6,25.0,28.4,4.29,42.0,41.0,67.0,423.0,70.1,64.2,cj abrams,WSH,CJ Abrams,WSH,"2B,SS,DH",68.6,49.0,58.0,71.0,784.0,25.7,5.19205298013245,1.2061538461538461,7,SS,SS,False,49.0,597.1666666666666,4.318350772404012,186.83333333333337,0.8737022077284378,42.0,True,False,1,False,87.17239003265024,26.96500119509084,2.5278275118676317,25.359781260391298,86.24183381481161,76.69889680430691,706.0907306191186,1.086293431721721,77.90926938088137,0.11986041443212514,473.0,311.0,"{'C': 415, 'SS': 586, '2B': 586, '3B': 569, '1B': 598, 'OF': 519, 'UT': 473}",1.2061538461538461,0.64,7.2237118791582615,97.35849056603773,94.71698113207547,99.24528301886792,2.6415094339622556,-1.8867924528301927,31.384615384615383,30.46153846153846,52.61538461538461,-0.024999999999999967,1.2061538461538461,5,2803,0.0,1.1091205211726385,4,True,0.09703332498120765,4.600000000000001,2.8000000000000007,0.5999999999999943,0.0,0.0,12.0,0.0,,7.199999999999999,2026-03-26,2026-09-12,141.0,150.0,150.0,0.0,605.0,0.94,0.0,0.0,0.15,,established,33.3,1.8,1.286,"650 PA, already has the job · 1.21/PA is his best rate yet, so the bar is one step up · 26 years old, an age that jumps 4% of the time · barrel rate up 2.8 pts on last year",xwOBA 0.332 (76th) · barrels 10.4% (74th) · EV 89.6 (66th) · hard-hit 41% (59th) · K 24% (38th) · BB 9% (52nd) · chase 37% (17th) · bat speed 73.0 mph (66th) · sprint 28.4 (76th),"{""n"":20,""b"":0,""c"":[[""Ozzie Albies"",2023,26,1.16,0.96,419,0],[""Julio Rodr\u00edguez"",2025,24,1.18,1.0,651,0],[""Jeremy Pe\u00f1a"",2025,28,1.13,1.1,525,0],[""Lane Thomas"",2023,28,1.15,1.1,583,0],[""Shea Langeliers"",2025,28,1.19,1.09,507,0]]}",1.0705434976733756,1.1400627269725985,-0.020377176503197886,1.0705434976733756,684.0,0.994,732.0,642.0,10,25,BAMBI,established,1.1091205211726385,0.09703332498120765,True
682985,Riley Greene,2026,2000-09-28,OF,L,Detroit Tigers,139,588,507,143,32,2,21,79,75,71,5,3,1,154,5,88,2,0,2,0,0,0,0,0,124,16,25.0,588.0,26.2,12.1,0.282,0.477,0.372,0.195,0.362,0.263,0.501,0.369,0.372,0.355,0.237,0.461,0.465,0.019,-0.024,-0.003,89.9,17.7,39.7,14.8,46.1,102.310241788,95.531759972,68.8,26.0,44.0,81.5,29.8,46.1,38.8,35.5,34.1,26.0,4.5,7.3,75.6,11.6,19.6,58.9,15.8,42.5,24.0,26.6,4.73,36.0,37.0,69.0,358.0,80.3,60.5,riley greene,DET,Riley Greene,DET,"LF,CF,RF,DH",62.8,44.0,71.0,60.0,626.0,25.8,4.503597122302159,1.064625850340136,62,OF,OF,False,44.0,598.0,4.485508577873414,28.0,0.018088544428744413,-18.0,False,False,41,False,67.31880412597371,37.60384711799941,2.6998933860800918,25.7184553699468,77.66276768642246,80.11109040918967,631.6148580956121,1.0741749287340343,-5.614858095612135,-0.009549078393898291,473.0,153.0,"{'C': 415, 'SS': 586, '2B': 586, '3B': 569, '1B': 598, 'OF': 519, 'UT': 473}",1.064625850340136,0.5374149659863946,1.1175211193590437,79.24528301886792,65.66037735849056,80.75471698113208,13.584905660377359,-1.5094339622641542,3.061224489795918,21.428571428571427,72.44897959183673,0.0030000000000000027,1.0748091603053436,5,2661,-0.010183309965207554,1.0748091603053436,4,True,-0.010183309965207554,-4.5,-2.3000000000000007,0.0,20.0,1.0,43.0,0.0,Right hamstring strain,26.9,2026-03-26,2026-09-13,128.0,150.0,131.0,19.0,610.0,0.977,0.0,0.0,0.15,,established,36.7,4.1,1.155,"588 PA, already has the job · 26 years old, an age that jumps 4% of the time · avg EV 89.9 (74th pct)",xwOBA 0.372 (96th) · barrels 14.8% (95th) · EV 89.9 (72nd) · hard-hit 46% (84th) · K 26% (27th) · BB 12% (88th) · chase 26% (77th) · bat speed 75.6 mph (92nd) · sprint 26.6 (26th),"{""n"":20,""b"":2,""c"":[[""Austin Riley"",2023,26,1.1,0.97,456,0],[""Ryan Mountcastle"",2023,26,1.03,0.95,480,0],[""Rafael Devers"",2024,28,1.08,1.06,771,0],[""Trent Grisham"",2025,29,1.05,0.98,472,0],[""Cal Raleigh"",2024,28,1.09,1.3,919,1]]}",1.0296146864155953,1.0678948278844491,-0.020377176503197886,1.0296146864155953,587.0,0.978,604.0,618.0,38,49,CH,established,1.0748091603053436,-0.010183309965207554,True
682987,Spencer Jones,2026,2001-05-14,OF,L,New York Yankees,86,289,261,64,13,1,11,36,40,25,1,10,3,105,1,39,2,0,3,0,0,0,0,0,88,5,25.0,289.0,36.3,8.7,0.245,0.429,0.313,0.184,0.363,0.238,0.455,0.323,0.328,0.304,0.217,0.48,0.489,0.007,-0.026,-0.005,94.1,20.6,43.9,15.9,55.1,104.238740633,97.083013248,77.0,35.3,41.9,73.0,38.7,53.2,35.0,26.8,39.5,28.0,5.7,7.9,77.1,9.5,15.7,71.7,14.1,43.6,4.0,28.9,4.27,16.0,15.0,32.0,157.0,85.9,61.1,spencer jones,NYY,Spencer Jones,NYY,"LF,CF,RF,DH",578.5,280.0,1111.0,481.0,312.0,25.1,3.627906976744186,1.0795847750865053,247,OF,OF,False,280.0,188.5,2.7826193390452874,123.5,0.8452876376988985,33.0,False,False,241,False,31.917297079303342,16.312353465826064,1.3404018304378342,12.547947624432759,39.274936593650025,36.035517897433195,316.18345449108324,1.0940603961629178,-4.183454491083239,-0.014475621076412537,473.0,-161.0,"{'C': 415, 'SS': 586, '2B': 586, '3B': 569, '1B': 598, 'OF': 519, 'UT': 473}",1.0795847750865053,0.4083044982698962,-5.255561206473484,,,,,,20.761245674740486,22.837370242214533,51.903114186851205,0.0050000000000000044,1.0795847750865053,1,289,0.0,,0,False,0.7295847750865053,,,,0.0,0.0,0.0,0.0,,0.0,2026-05-08,2026-09-12,75.0,114.0,114.0,0.0,318.0,0.658,44.0,1.0,0.15,,established,52.4,10.4,1.16,"avg EV 94.1 (98th pct) · 25 years old, an age that jumps 5% of the time · sprint 28.9 ft/s (88th pct)",xwOBA 0.328 (73rd) · barrels 15.9% (98th) · EV 94.1 (98th) · hard-hit 55% (98th) · K 36% (1st) · BB 9% (52nd) · chase 35% (23rd) · bat speed 77.1 mph (98th) · sprint 28.9 (87th),"{""n"":20,""b"":0,""c"":[[""Matt Wallner"",2024,26,1.12,0.97,380,0],[""Bobby Dalbec"",2021,26,1.02,0.85,300,0],[""Oneil Cruz"",2022,24,1.02,1.15,46,0],[""Matt Wallner"",2023,26,1.16,1.12,292,0],[""Cal Raleigh"",2022,26,1.1,1.06,605,0]]}",1.0687878079235624,1.0795847750865053,-0.01249045949552797,1.0687878079235624,330.0,1.0,353.0,641.0,192,26,FA,candidate,,0.7295847750865053,False
682997,Tyler Callihan,2026,2000-06-22,OF,L,Pittsburgh Pirates,40,107,95,20,4,2,3,13,15,9,1,1,0,38,1,11,2,0,0,0,8,5,5,0,18,1,26.0,107.0,35.5,8.4,0.211,0.389,0.283,0.178,0.309,0.185,0.296,0.294,0.252,0.261,0.111,0.417,0.339,0.026,0.093,0.042,84.5,26.1,40.7,6.8,27.1,96.384928276,92.268426667,77.0,33.5,50.0,72.7,34.3,55.0,44.1,25.4,42.4,23.7,8.5,7.5,70.2,4.9,13.3,10.8,12.5,39.6,-3.0,28.0,,7.0,5.0,8.0,59.0,82.9,63.6,tyler callihan,PIT,,,,,,,,96.0,26.0,2.4,0.897196261682243,446,OF,OF,True,339.0,171.72,2.3941801142166454,-75.72,0.0058198857833544615,-107.0,False,False,339,False,11.890550907905618,3.0288314218800405,0.4506844325230619,2.2049332376912787,11.21092610399331,10.296769169055082,78.20269527304839,0.7308663109630691,17.79730472695161,0.1663299507191739,473.0,-377.0,"{'C': 415, 'SS': 586, '2B': 586, '3B': 569, '1B': 598, 'OF': 519, 'UT': 473}",0.897196261682243,0.34579439252336447,-9.998289385611278,,,,,,5.607476635514018,16.822429906542055,50.467289719626166,-0.04199999999999998,,0,113,,,0,False,0.547196261682243,,,,0.0,0.0,145.0,0.0,,87.0,2026-05-28,2026-07-28,37.0,62.0,62.0,0.0,257.0,0.597,63.0,1.0,0.15,,rookie,32.8,0.9,0.43,"113 career PA, still new · 26 years old, an age that jumps 4% of the time · sprint 28.0 ft/s (65th pct)",xwOBA 0.252 (5th) · barrels 6.8% (45th) · EV 84.5 (4th) · hard-hit 27% (8th) · K 36% (2nd) · BB 8% (49th) · chase 34% (32nd) · bat speed 70.2 mph (26th) · sprint 28.0 (63rd),"{""n"":20,""b"":0,""c"":[[""Shea Langeliers"",2022,25,0.93,1.03,506,0],[""David Villar"",2022,25,0.93,0.71,100,0],[""Taylor Trammell"",2021,24,0.85,0.93,109,0],[""Dom Nu\u00f1ez"",2021,26,0.95,0.61,25,0],[""Luke Williams"",2022,26,1.04,0.79,15,0]]}",0.8664523004193292,0.897196261682243,-0.020377176503197886,0.8664523004193292,200.0,0.93,173.0,520.0,438,400,FA,candidate,,0.547196261682243,False
682998,Corbin Carroll,2026,2000-08-21,OF,L,Arizona Diamondbacks,155,668,579,138,32,17,22,90,77,73,8,21,3,151,8,67,4,0,4,0,0,0,0,0,151,4,25.0,668.0,22.6,10.9,0.238,0.466,0.328,0.228,0.28,0.25,0.447,0.341,0.342,0.336,0.197,0.395,0.397,-0.012,0.019,-0.001,91.8,15.5,30.0,12.3,47.9,101.921570694,95.479155522,64.2,29.7,61.5,78.9,27.3,45.5,42.7,40.8,29.4,20.9,8.9,7.5,75.5,13.7,24.7,57.7,10.6,65.2,13.0,29.7,4.12,38.0,46.0,54.0,436.0,76.7,57.1,corbin carroll,ARI,Corbin Carroll,ARI,"CF,RF",13.8,11.0,11.0,16.0,723.0,25.9,4.664516129032258,1.0823353293413174,23,OF,OF,False,11.0,651.0652173913044,4.73384091364456,71.93478260869563,-0.06932478461230218,-12.0,False,False,1,False,83.25841883103021,29.974959197264454,10.461825112380415,21.05479685932491,95.18202953703891,77.78180101133509,724.526830548374,1.0846210038149313,-1.5268305483740505,-0.002285674473613941,473.0,250.0,"{'C': 415, 'SS': 586, '2B': 586, '3B': 569, '1B': 598, 'OF': 519, 'UT': 473}",1.0823353293413174,0.5688622754491018,1.9457896839117974,82.64150943396227,77.35849056603774,86.0377358490566,5.283018867924525,-3.3962264150943327,18.862275449101794,19.76047904191617,65.5688622754491,0.0010000000000000009,1.3643410852713178,4,2754,-0.28200575593000043,1.3643410852713178,3,True,-0.28200575593000043,-1.1999999999999993,-2.1999999999999993,0.9000000000000057,0.0,0.0,11.0,0.0,,6.6,2026-03-26,2026-09-12,143.0,150.0,150.0,0.0,612.0,0.953,0.0,0.0,0.15,,established,36.1,3.3,1.444,"668 PA, already has the job · avg EV 91.8 (91st pct) · sprint 29.7 ft/s (96th pct) · bat speed up 0.9 mph",xwOBA 0.342 (85th) · barrels 12.3% (85th) · EV 91.8 (91st) · hard-hit 48% (89th) · K 23% (50th) · BB 11% (78th) · chase 30% (55th) · bat speed 75.5 mph (92nd) · sprint 29.7 (96th),"{""n"":20,""b"":0,""c"":[[""Fernando Tatis Jr."",2025,26,1.16,1.19,838,0],[""Michael Harris II"",2025,24,0.97,1.12,695,0],[""Vladimir Guerrero Jr."",2025,26,1.06,0.88,537,0],[""Bobby Witt Jr."",2025,25,1.23,1.19,746,0],[""Jarren Duran"",2025,29,1.09,0.94,571,0]]}",1.1568682695546784,1.15599173553719,-0.020377176503197886,1.1568682695546784,651.0,0.995,753.0,694.0,5,4,Dan,established,1.3643410852713178,-0.28200575593000043,True
683002,Gunnar Henderson,2026,2001-06-29,SS,L,Baltimore Orioles,158,702,623,141,27,6,24,88,60,67,10,10,5,156,2,84,18,0,0,0,0,0,0,149,0,9,25.0,702.0,22.2,9.5,0.226,0.404,0.311,0.178,0.263,0.246,0.401,0.314,0.322,0.326,0.155,0.358,0.369,-0.02,0.003,-0.008,89.2,12.2,32.6,7.7,43.3,100.503316128,94.513387015,66.2,30.4,59.0,85.6,23.3,47.5,42.6,44.1,26.0,23.2,6.6,7.3,74.1,11.5,22.6,41.6,9.9,49.1,9.0,28.2,4.25,29.0,52.0,60.0,469.0,65.7,60.8,gunnar henderson,BAL,Gunnar Henderson,BAL,"SS,DH",15.2,13.0,14.0,18.0,630.0,25.0,3.9873417721518987,0.8974358974358975,57,SS,SS,False,13.0,651.0652173913044,4.73384091364456,-21.065217391304373,-0.7464991414926612,-44.0,False,False,40,False,102.59868796071555,25.64747942027768,4.117977277298016,20.89385534170876,87.76355617014488,76.98211655247398,656.8266727226188,0.9356505309439015,-26.82667272261881,-0.038214633508004026,473.0,157.0,"{'C': 415, 'SS': 586, '2B': 586, '3B': 569, '1B': 598, 'OF': 519, 'UT': 473}",0.8974358974358975,0.45726495726495725,-0.6063099620251029,19.245283018867926,30.18867924528302,62.264150943396224,-10.943396226415093,-43.018867924528294,8.547008547008547,20.512820512820515,57.26495726495727,0.008000000000000007,1.172461752433936,4,2826,-0.27502585499803855,1.172461752433936,3,True,-0.27502585499803855,1.1999999999999993,-0.8999999999999995,-1.2000000000000028,0.0,0.0,8.0,0.0,,4.8,2026-03-26,2026-09-12,147.0,152.0,152.0,0.0,642.0,0.967,0.0,0.0,0.15,,established,33.9,1.9,1.252,"702 PA, already has the job · 25 years old, an age that jumps 5% of the time · deserved 0.94/PA on contact quality, got 0.90",xwOBA 0.322 (66th) · barrels 7.7% (54th) · EV 89.2 (58th) · hard-hit 43% (74th) · K 22% (52nd) · BB 10% (61st) · chase 30% (50th) · bat speed 74.1 mph (79th) · sprint 28.2 (70th),"{""n"":20,""b"":0,""c"":[[""Michael Harris II"",2025,24,0.97,1.12,695,0],[""Willi Castro"",2024,27,0.97,0.9,408,0],[""Gleyber Torres"",2024,28,0.87,0.94,591,0],[""Andr\u00e9s Gim\u00e9nez"",2024,26,0.94,0.85,315,0],[""Bo Bichette"",2023,25,1.04,0.78,261,0]]}",1.0250138040505001,1.0027516624627377,-0.01249045949552797,1.0250138040505001,613.0,0.996,628.0,615.0,32,59,GK,established,1.172461752433936,-0.27502585499803855,True
683011,Anthony Volpe,2026,2001-04-28,SS,R,New York Yankees,70,246,220,54,12,1,2,24,28,25,0,12,4,56,1,39,6,0,0,0,0,12,1,57,0,0,25.0,246.0,22.8,10.2,0.245,0.336,0.321,0.091,0.319,0.232,0.334,0.297,0.291,0.311,0.103,0.337,0.328,0.013,0.002,0.006,87.9,12.6,33.3,4.9,37.0,98.213619268,93.220690982,66.5,25.7,53.5,83.2,25.2,45.9,32.7,43.0,23.0,27.3,6.7,7.1,70.9,9.4,24.9,14.0,9.8,56.4,-5.0,28.3,4.35,8.0,18.0,28.0,165.0,76.9,64.6,anthony volpe,NYY,Anthony Volpe,NYY,SS,327.2,202.0,357.0,360.0,235.0,25.2,3.357142857142857,0.9552845528455285,303,SS,SS,False,202.0,373.0,3.180509813450934,-138.0,0.17663304369192323,-101.0,False,False,255,True,37.767085506711254,8.231271013942557,0.6962014519811326,4.34544202736506,28.707402461395116,23.18389358090737,231.6312960423025,0.9415906343183028,3.3687039576975053,0.01369391852722568,473.0,-238.0,"{'C': 415, 'SS': 586, '2B': 586, '3B': 569, '1B': 598, 'OF': 519, 'UT': 473}",0.9552845528455285,0.4349593495934959,-7.479388658493979,,,,,,29.26829268292683,4.878048780487806,60.97560975609756,-0.006000000000000005,0.9552845528455285,4,2132,0.0,0.9448476052249637,3,True,0.010436947620564796,-2.3999999999999986,-5.6,-1.6999999999999886,186.0,1.0,186.0,0.0,,186.0,2026-05-13,2026-09-12,59.0,109.0,59.0,50.0,518.0,1.0,49.0,1.0,0.15,,established,43.9,1.3,1.035,"0.96/PA is his best rate yet, so the bar is one step up · 25 years old, an age that jumps 5% of the time · sprint 28.3 ft/s (74th pct)",xwOBA 0.291 (30th) · barrels 4.9% (27th) · EV 87.9 (38th) · hard-hit 37% (42nd) · K 23% (50th) · BB 10% (68th) · chase 26% (79th) · bat speed 70.9 mph (33rd) · sprint 28.3 (72nd),"{""n"":20,""b"":0,""c"":[[""Spencer Torkelson"",2024,25,0.83,0.98,634,0],[""Connor Norby"",2025,25,0.93,0.91,344,0],[""Oswaldo Cabrera"",2024,25,0.9,0.78,95,0],[""Kyle Isbel"",2024,27,0.93,0.83,341,0],[""Owen Miller"",2023,27,0.94,0.59,16,0]]}",0.9531796363796545,0.9338516598790572,-0.01249045949552797,0.9531796363796545,353.0,0.851,336.0,572.0,206,194,FA,established,0.9448476052249637,0.010436947620564796,True
683083,Nasim Nuñez,2026,2000-08-18,2B,S,Washington Nationals,146,489,427,89,5,3,1,55,36,49,2,49,10,99,2,80,17,0,0,0,0,105,0,43,0,1,25.0,489.0,20.2,10.0,0.208,0.241,0.292,0.033,0.267,0.221,0.273,0.25,0.267,0.304,0.052,0.256,0.281,-0.013,-0.032,-0.017,85.0,8.4,28.6,0.9,21.5,94.930401083,91.486427764,68.1,26.1,60.6,85.1,21.6,47.1,32.4,53.1,18.9,22.7,5.3,6.8,68.3,5.1,23.8,3.3,5.2,42.5,-25.0,29.7,4.17,7.0,41.0,40.0,339.0,84.0,68.3,nasim nunez,WSH,Nasim Nunez,WSH,"2B,SS",439.0,257.0,412.0,479.0,464.0,25.9,3.1780821917808217,0.9488752556237219,149,2B/SS,2B/SS,False,257.0,226.0,2.893939393939394,238.0,0.2841427978414277,108.0,True,False,121,False,81.98906060824915,6.847918866411965,1.233980442428663,4.296040082910236,57.96296222292552,37.02649112873847,486.92745335166404,0.9957616632958365,-22.92745335166404,-0.046886407672114605,473.0,-9.0,"{'C': 415, 'SS': 586, '2B': 586, '3B': 569, '1B': 598, 'OF': 519, 'UT': 473}",0.9488752556237219,0.3946830265848671,-3.0554820224321038,40.0,13.962264150943396,41.132075471698116,26.037735849056602,-1.1320754716981156,60.122699386503065,1.2269938650306749,60.122699386503065,0.017000000000000015,0.9488752556237219,1,659,0.0,,0,False,0.5988752556237219,,,,0.0,0.0,0.0,0.0,,0.0,2026-03-26,2026-09-09,135.0,150.0,150.0,0.0,463.0,0.9,0.0,0.0,0.15,,established,24.5,7.6,1.029,"sprint 29.7 ft/s (96th pct) · 489 PA, already has the job · deserved 1.00/PA on contact quality, got 0.95",xwOBA 0.267 (11th) · barrels 0.9% (1st) · EV 85.0 (5th) · hard-hit 22% (2nd) · K 20% (65th) · BB 10% (66th) · chase 26% (77th) · bat speed 68.3 mph (7th) · sprint 29.7 (96th),"{""n"":20,""b"":3,""c"":[[""Jonny DeLuca"",2024,26,0.91,1.29,76,0],[""Jacob Young"",2024,25,1.02,0.87,316,0],[""Victor Scott II"",2025,24,0.97,0.81,158,0],[""Garrett Hampson"",2021,27,0.95,0.9,203,0],[""Brice Turang"",2023,24,0.89,1.07,661,1]]}",0.9760240401753875,0.9488752556237219,-0.020377176503197886,0.9760240401753875,401.0,1.0,391.0,586.0,151,131,FA,candidate,,0.5988752556237219,False
683146,Brett Baty,2026,1999-11-13,3B,L,New York Mets,142,469,416,99,22,1,11,53,56,44,3,5,1,123,5,65,10,0,1,0,25,25,58,3,30,11,26.0,469.0,26.2,9.4,0.238,0.375,0.312,0.137,0.307,0.244,0.415,0.305,0.323,0.319,0.171,0.368,0.397,-0.006,-0.04,-0.018,90.4,13.1,36.9,10.4,41.9,101.408662282,94.99135404,69.2,28.8,46.3,80.9,29.3,49.0,35.2,39.6,28.9,26.5,5.0,7.5,75.3,11.8,20.8,56.5,10.8,47.6,-3.0,26.8,4.43,15.0,30.0,54.0,298.0,77.2,63.1,brett baty,NYM,Brett Baty,NYM,"1B,2B,3B,LF,RF,DH",309.8,188.0,266.0,325.0,418.0,26.6,2.943661971830986,0.8912579957356077,182,1B/2B/3B/OF,1B/2B/3B/OF,False,188.0,375.06451612903226,3.180509813450934,42.935483870967744,-0.23684784161994799,6.0,False,False,170,False,61.28898999979294,23.970620200854704,1.567789598911734,14.676600200440616,55.188619450458766,55.16365972218409,438.49627917264286,0.9349600835237588,-20.496279172642858,-0.0437020877881511,473.0,-55.0,"{'C': 415, 'SS': 586, '2B': 586, '3B': 569, '1B': 598, 'OF': 519, 'UT': 473}",0.8912579957356077,0.4072494669509595,-4.12290100976854,17.358490566037734,16.41509433962264,31.69811320754717,0.9433962264150928,-14.339622641509436,6.3965884861407245,14.072494669509595,56.28997867803838,0.018000000000000016,0.9837962962962963,3,1503,-0.09253830056068857,0.9837962962962963,2,False,-0.09253830056068857,1.1999999999999993,-2.5,0.5,0.0,0.0,1.0,0.0,,0.6,2026-03-26,2026-09-09,129.0,152.0,152.0,0.0,423.0,0.849,0.0,0.0,0.15,,established,35.0,2.8,1.064,"avg EV 90.4 (81st pct) · deserved 0.93/PA on contact quality, got 0.89 · 469 PA, already has the job",xwOBA 0.323 (67th) · barrels 10.4% (74th) · EV 90.4 (79th) · hard-hit 42% (66th) · K 26% (27th) · BB 9% (58th) · chase 29% (61st) · bat speed 75.3 mph (90th) · sprint 26.8 (31st),"{""n"":20,""b"":0,""c"":[[""MJ Melendez"",2024,26,0.86,0.49,32,0],[""Tyler Stephenson"",2023,27,0.93,1.06,547,0],[""Jarred Kelenic"",2024,25,0.91,0.62,40,0],[""Jes\u00fas S\u00e1nchez"",2025,28,0.96,0.86,271,0],[""Bryan De La Cruz"",2023,26,0.94,0.88,548,0]]}",0.9542066204479706,0.9137908915971776,-0.01697502965936144,0.9542066204479706,368.0,1.0,351.0,573.0,193,187,FA,candidate,0.9837962962962963,-0.09253830056068857,False
683357,Owen Caissie,2026,2002-07-08,OF,L,Miami Marlins,108,330,291,64,14,0,14,45,58,27,4,5,1,123,8,36,0,0,0,0,0,0,0,0,88,15,23.0,330.0,37.3,8.2,0.22,0.412,0.288,0.192,0.309,0.211,0.405,0.304,0.302,0.285,0.194,0.446,0.442,0.009,0.007,0.002,91.1,16.9,42.6,14.2,44.9,101.808296322,95.280737126,64.6,30.0,39.4,77.6,35.6,46.2,33.5,36.9,32.4,25.0,5.7,7.1,75.1,10.3,18.9,55.7,12.1,39.7,-4.0,28.3,4.3,16.0,22.0,26.0,176.0,72.5,62.7,owen caissie,MIA,Owen Caissie,MIA,"CF,RF,DH",346.8,211.0,370.0,343.0,333.0,24.0,3.0833333333333335,1.009090909090909,229,OF,OF,False,211.0,338.3666666666667,3.0833333333333335,-5.366666666666674,0.0,-18.0,False,False,237,False,31.848025523698965,15.69286972673372,0.8191839754356576,13.040920774131655,40.90400286117006,39.301880069176995,305.46188293034703,0.9256420694859001,27.53811706965297,0.08344883960500893,473.0,-140.0,"{'C': 415, 'SS': 586, '2B': 586, '3B': 569, '1B': 598, 'OF': 519, 'UT': 473}",1.009090909090909,0.4,-4.399213039126458,61.13207547169811,15.09433962264151,29.056603773584904,46.0377358490566,32.075471698113205,9.090909090909092,25.454545454545457,49.09090909090909,-0.0020000000000000018,1.009090909090909,1,357,0.0,,0,False,0.6590909090909091,,,,37.0,2.0,52.0,0.0,Right calf strain; Lumbar stress reaction,46.0,2026-03-27,2026-09-12,108.0,149.0,130.0,19.0,378.0,0.831,0.0,0.0,0.15,,young / establishing,34.1,4.7,1.089,"24 years old, an age that jumps 8% of the time · avg EV 91.1 (88th pct) · 357 career PA, still new",xwOBA 0.302 (44th) · barrels 14.2% (94th) · EV 91.1 (88th) · hard-hit 45% (81st) · K 37% (1st) · BB 8% (45th) · chase 30% (53rd) · bat speed 75.1 mph (89th) · sprint 28.3 (72nd),"{""n"":20,""b"":0,""c"":[[""Oneil Cruz"",2022,24,1.02,1.15,46,0],[""Mickey Moniak"",2023,25,1.08,0.92,383,0],[""Jes\u00fas S\u00e1nchez"",2021,24,1.02,0.9,308,0],[""Colby Thomas"",2025,24,1.02,0.74,89,0],[""Blake Sabol"",2023,26,0.95,0.76,29,0]]}",0.9735970786902731,1.009090909090909,-0.012246653109530594,0.9735970786902731,370.0,0.963,360.0,584.0,186,142,FA,candidate,,0.6590909090909091,False
683734,Andrew Vaughn,2026,1998-04-03,1B,R,Milwaukee Brewers,104,331,288,88,18,2,6,33,43,35,6,0,0,53,2,62,4,0,0,0,75,0,14,0,0,4,28.0,331.0,16.0,10.6,0.306,0.444,0.39,0.138,0.355,0.264,0.38,0.368,0.329,0.351,0.116,0.394,0.342,0.042,0.064,0.039,90.1,11.3,30.4,5.1,43.5,99.521519328,94.307560675,55.4,23.5,65.5,87.7,19.5,38.3,32.1,45.1,24.1,24.9,5.9,7.2,70.4,11.6,33.9,12.9,7.7,50.7,14.0,25.8,4.76,13.0,35.0,39.0,237.0,65.1,55.3,andrew vaughn,MIL,Andrew Vaughn,MIL,"1B,3B",269.0,164.0,274.0,243.0,329.0,28.2,3.1634615384615383,0.9939577039274925,231,1B/3B,1B,False,164.0,422.61764705882354,3.6601307189542482,-93.61764705882354,-0.4966691804927099,-67.0,False,False,237,True,56.67320368709433,11.764444022191164,1.1395008943347367,6.454851396379787,35.9245709235248,34.97435919207292,293.3709301155978,0.8863170094126821,35.62906988440221,0.1076406945148104,473.0,-144.0,"{'C': 415, 'SS': 586, '2B': 586, '3B': 569, '1B': 598, 'OF': 519, 'UT': 473}",0.9939577039274925,0.5619335347432024,-5.478358384713821,55.471698113207545,74.33962264150942,16.9811320754717,-18.867924528301877,38.490566037735846,0.0,10.876132930513597,63.4441087613293,-0.03899999999999998,0.9939577039274925,6,3036,0.0,0.9567567567567568,5,True,0.03720094717073574,-1.8999999999999986,-6.9,-0.19999999999998863,39.0,2.0,39.0,0.0,,39.0,2026-03-26,2026-09-11,100.0,152.0,118.0,34.0,403.0,0.847,0.0,0.0,0.15,,established,30.9,0.4,1.074,"0.99/PA is his best rate yet, so the bar is one step up · avg EV 90.1 (77th pct) · only 331 PA, and a breakout needs 350 next year",xwOBA 0.329 (74th) · barrels 5.1% (30th) · EV 90.1 (74th) · hard-hit 44% (75th) · K 16% (86th) · BB 11% (76th) · chase 24% (88th) · bat speed 70.4 mph (28th) · sprint 25.8 (13th),"{""n"":20,""b"":0,""c"":[[""Dominic Smith"",2025,30,1.0,0.95,282,0],[""Alec Bohm"",2025,29,0.93,0.88,551,0],[""Alex Bregman"",2025,31,1.01,1.0,696,0],[""Carlos Correa"",2024,30,1.12,0.88,513,0],[""Nathaniel Lowe"",2024,29,0.94,0.88,537,0]]}",0.8639321665383463,0.9313288316983055,-0.026330886137737278,0.8639321665383463,374.0,0.969,323.0,518.0,222,405,FA,established,0.9567567567567568,0.03720094717073574,True
683737,Michael Busch,2026,1997-11-09,1B,L,Chicago Cubs,159,707,597,145,27,2,20,78,77,92,13,3,2,165,5,96,4,0,0,0,159,0,0,0,0,0,28.0,707.0,23.3,13.0,0.243,0.395,0.354,0.152,0.3,0.233,0.402,0.334,0.332,0.343,0.17,0.375,0.37,0.01,-0.007,0.002,88.4,15.7,34.3,9.2,39.8,98.881320459,93.615550621,64.5,25.1,51.9,84.0,25.6,43.8,39.6,39.6,34.6,21.3,4.6,7.0,68.6,10.4,28.7,5.4,15.3,49.5,17.0,26.0,4.66,38.0,38.0,68.0,437.0,76.4,62.4,michael busch,CHC,Michael Busch,CHC,1B,99.4,68.0,101.0,95.0,646.0,28.6,4.062893081761007,0.9137199434229137,48,1B,1B,False,68.0,556.8852459016393,4.003049236131642,89.11475409836066,0.05984384562936462,20.0,False,False,33,False,84.32404384379173,30.22491064711381,2.391047174397188,22.160998334697275,81.57835295563473,83.47820271564493,654.7485556712796,0.9260941381489104,-8.748555671279632,-0.012374194725996657,473.0,173.0,"{'C': 415, 'SS': 586, '2B': 586, '3B': 569, '1B': 598, 'OF': 519, 'UT': 473}",0.9137199434229137,0.45403111739745405,-0.5630155456287799,24.528301886792452,28.67924528301887,64.52830188679245,-4.150943396226417,-40.0,2.545968882602546,16.973125884016973,78.07637906647807,-0.0020000000000000018,1.1030405405405406,3,1947,-0.18932059711762683,1.1030405405405406,2,True,-0.18932059711762683,-0.1999999999999993,-7.900000000000002,-1.0,0.0,0.0,0.0,0.0,,0.0,2026-03-26,2026-09-12,147.0,152.0,152.0,0.0,642.0,0.967,0.0,0.0,0.15,,established,29.5,1.1,1.183,"707 PA, already has the job · deserved 0.93/PA on contact quality, got 0.91 · already 29, an age that jumps 4% of the time",xwOBA 0.332 (76th) · barrels 9.2% (66th) · EV 88.4 (47th) · hard-hit 40% (56th) · K 23% (47th) · BB 13% (92nd) · chase 25% (82nd) · bat speed 68.6 mph (10th) · sprint 26.0 (15th),"{""n"":20,""b"":0,""c"":[[""Nathaniel Lowe"",2023,28,0.95,0.94,531,0],[""Randy Arozarena"",2024,29,0.98,1.08,767,0],[""Gleyber Torres"",2024,28,0.87,0.94,591,0],[""Trevor Larnach"",2025,28,0.92,1.01,439,0],[""Carlos Correa"",2023,29,0.87,1.12,411,0]]}",0.9445439665862437,0.9755741296762153,-0.019875156067583864,0.9445439665862437,546.0,1.0,516.0,567.0,74,220,THALER,established,1.1030405405405406,-0.18932059711762683,True
683748,Victor Mesa Jr.,2026,2001-09-08,OF,L,Tampa Bay Rays,78,258,231,60,8,3,14,37,33,23,1,9,4,51,1,35,3,0,4,0,0,0,0,0,76,0,24.0,258.0,19.8,8.9,0.26,0.502,0.328,0.242,0.275,0.251,0.444,0.358,0.332,0.32,0.193,0.413,0.377,0.009,0.058,0.026,89.4,21.3,32.2,10.9,42.1,100.38923625,94.533590286,76.9,34.6,62.0,80.4,25.6,54.8,37.7,32.2,31.1,23.5,13.1,7.9,74.1,10.9,23.4,39.0,9.8,64.0,9.0,28.0,4.29,14.0,19.0,26.0,183.0,87.1,67.4,victor mesa,TB,,,,,,,,302.0,24.8,3.871794871794872,1.1705426356589148,257,OF,OF,True,339.0,171.72,2.3941801142166454,130.28,1.4776147575782264,82.0,False,False,245,False,35.67199439366554,10.333721151258066,1.6765745164872508,10.298709938589143,33.52092264618286,31.2054168478225,281.27133949400536,1.0901989902868425,20.72866050599464,0.08034364537207228,473.0,-171.0,"{'C': 415, 'SS': 586, '2B': 586, '3B': 569, '1B': 598, 'OF': 519, 'UT': 473}",1.1705426356589148,0.6472868217054264,-5.063848733442647,,,,,,20.930232558139533,32.55813953488372,53.48837209302326,-0.025999999999999968,1.1705426356589148,1,296,0.0,,0,False,0.8205426356589148,,,,13.0,1.0,13.0,0.0,Left hamstring strain,13.0,2026-05-25,2026-09-12,67.0,98.0,85.0,13.0,382.0,0.788,60.0,1.0,0.15,,young / establishing,51.4,3.2,1.251,"296 career PA, still new · 25 years old, an age that jumps 5% of the time · avg EV 89.4 (65th pct)",xwOBA 0.332 (76th) · barrels 10.9% (78th) · EV 89.4 (63rd) · hard-hit 42% (67th) · K 20% (67th) · BB 9% (53rd) · chase 35% (26th) · bat speed 74.1 mph (79th) · sprint 28.0 (63rd),"{""n"":20,""b"":0,""c"":[[""Jakob Marsee"",2025,24,1.24,0.97,600,0],[""Zack Gelof"",2023,24,1.16,0.92,504,0],[""Yainer Diaz"",2023,25,1.17,1.07,662,0],[""Bo Naylor"",2023,23,1.14,0.89,348,0],[""Gavin Sheets"",2021,25,1.08,0.9,371,0]]}",1.0250825774653134,1.1705426356589148,-0.01249045949552797,1.0250825774653134,312.0,0.99,320.0,615.0,226,59,FA,candidate,,0.8205426356589148,False
683766,Christian Koss,2026,1998-01-27,SS,R,San Francisco Giants,70,217,199,44,6,0,4,27,12,9,2,5,0,56,0,34,7,0,0,0,0,5,20,40,0,1,28.0,217.0,25.8,4.1,0.221,0.312,0.262,0.091,0.288,0.21,0.284,0.256,0.239,0.252,0.074,0.322,0.298,0.011,0.028,0.017,84.0,10.6,29.3,4.1,26.7,96.280178841,92.151438406,71.0,39.2,55.4,80.2,29.5,53.9,40.7,53.3,18.0,20.0,8.7,7.1,69.3,7.3,19.0,6.4,10.3,57.3,-8.0,29.0,4.32,6.0,19.0,18.0,150.0,75.4,66.4,christian koss,SF,,,,,,,,164.0,28.4,2.342857142857143,0.7557603686635944,368,2B/3B/SS,3B/SS,True,339.0,171.72,2.3941801142166454,-7.719999999999999,-0.05132297135950248,-29.0,False,False,339,False,33.77785527965129,4.504195869884847,0.3020424212764216,3.2059064291874364,22.97111221674784,18.540820178976308,158.81793239572414,0.7318798727913555,5.182067604275858,0.02388049587223895,473.0,-309.0,"{'C': 415, 'SS': 586, '2B': 586, '3B': 569, '1B': 598, 'OF': 519, 'UT': 473}",0.7557603686635944,0.271889400921659,-9.00286676875223,,,,,,13.824884792626728,11.059907834101383,24.88479262672811,-0.017000000000000015,0.7557603686635944,1,408,0.0,,0,False,0.40576036866359444,2.1999999999999993,-1.9000000000000004,-0.7000000000000028,0.0,0.0,31.0,0.0,,18.599999999999998,2026-03-31,2026-09-12,57.0,148.0,148.0,0.0,174.0,0.385,6.0,0.0,0.15,,established,24.7,1.0,0.836,"sprint 29.0 ft/s (89th pct) · 408 career PA, still new · got 0.76/PA but deserved 0.73",xwOBA 0.239 (2nd) · barrels 4.1% (20th) · EV 84.0 (2nd) · hard-hit 27% (8th) · K 26% (30th) · BB 4% (7th) · chase 39% (9th) · bat speed 69.3 mph (17th) · sprint 29.0 (89th),"{""n"":20,""b"":0,""c"":[[""Tyler Wade"",2022,28,0.81,0.98,54,0],[""Eli White"",2021,27,0.8,1.13,132,0],[""Danny Mendick"",2021,28,0.73,1.12,119,0],[""Derek Hill"",2022,26,0.78,0.52,26,0],[""Brian Serven"",2022,27,0.8,0.7,16,0]]}",0.8554388823243527,0.8112183353437876,-0.026330886137737278,0.8554388823243527,200.0,0.985,171.0,513.0,445,416,FA,established,,0.40576036866359444,False
683953,Travis Bazzana,2026,2002-08-28,2B,L,Cleveland Guardians,123,513,445,110,22,3,15,56,57,56,7,19,6,107,5,70,8,0,0,0,0,112,0,0,0,11,23.0,513.0,20.9,10.9,0.247,0.411,0.337,0.164,0.29,0.226,0.35,0.33,0.301,0.319,0.124,0.366,0.323,0.021,0.061,0.029,87.8,15.2,30.0,5.2,36.7,98.375730765,93.369689882,65.7,27.0,54.7,86.1,23.5,45.7,39.1,41.1,28.6,20.7,9.6,7.0,69.7,7.8,25.5,12.0,10.4,49.9,5.0,28.3,4.2,26.0,35.0,48.0,343.0,78.2,60.8,travis bazzana,CLE,Travis Bazzana,CLE,"2B,DH",601.3,282.0,966.0,431.0,518.0,23.8,4.211382113821138,1.0097465886939572,121,2B,2B,False,282.0,188.5,2.7826193390452874,329.5,1.4287627747758505,161.0,True,False,120,False,70.51921453515924,16.56870824421038,1.8349399061015697,11.647137314528825,61.636021708614315,51.06003971344291,481.0160614220572,0.9376531411736008,36.98393857794281,0.0720934475203564,473.0,45.0,"{'C': 415, 'SS': 586, '2B': 586, '3B': 569, '1B': 598, 'OF': 519, 'UT': 473}",1.0097465886939572,0.5146198830409356,-1.810074107435711,61.50943396226415,55.471698113207545,53.58490566037736,6.037735849056602,7.924528301886788,22.22222222222222,17.543859649122805,65.49707602339181,-0.029000000000000026,1.0097465886939572,1,513,0.0,,0,False,0.6597465886939572,,,,0.0,0.0,0.0,0.0,,0.0,2026-04-28,2026-09-12,111.0,122.0,122.0,0.0,569.0,0.91,33.0,1.0,0.15,,young / establishing,52.5,11.4,1.09,"24 years old, an age that jumps 8% of the time · 513 PA in his first season, already has the job · sprint 28.3 ft/s (74th pct)",xwOBA 0.301 (42nd) · barrels 5.2% (31st) · EV 87.8 (37th) · hard-hit 37% (40th) · K 21% (60th) · BB 11% (78th) · chase 27% (71st) · bat speed 69.7 mph (21st) · sprint 28.3 (72nd),"{""n"":20,""b"":1,""c"":[[""Trent Grisham"",2021,25,1.0,0.83,437,0],[""Brendan Rodgers"",2021,25,1.0,0.91,529,0],[""Dylan Carlson"",2021,23,0.99,0.91,445,0],[""Ceddanne Rafaela"",2024,24,0.99,1.04,613,0],[""Tyler Stephenson"",2021,25,1.03,1.26,230,0]]}",0.9679050725114546,1.0097465886939572,-0.012246653109530594,0.9679050725114546,472.0,1.0,457.0,581.0,104,159,THALER,candidate,,0.6597465886939572,False
685133,Wade Meckler,2026,2000-04-21,OF,L,Los Angeles Angels,97,335,298,90,15,1,3,43,27,32,3,8,0,62,0,71,2,0,1,0,0,0,0,0,104,2,26.0,335.0,18.5,9.6,0.302,0.389,0.375,0.087,0.373,0.263,0.36,0.344,0.315,0.341,0.097,0.381,0.341,0.039,0.029,0.029,86.9,6.7,34.0,3.0,33.6,96.826536783,92.501233522,65.9,23.0,51.8,89.2,20.7,44.1,33.2,53.4,18.9,26.1,1.7,6.8,69.0,6.9,32.0,2.2,12.0,46.2,4.0,28.8,4.12,9.0,43.0,37.0,238.0,76.0,57.6,wade meckler,LAA,Wade Meckler,LAA,"LF,CF,RF",569.0,277.0,674.0,,335.0,26.2,3.4536082474226806,1.0,228,OF,OF,False,277.0,215.0,2.8044687189672293,120.0,0.6491395284554513,49.0,False,False,237,False,61.30204499694736,10.737551607934652,0.8347617932886588,5.499641601829344,41.33045427894823,31.070486395622833,317.0549406745711,0.9464326587300631,17.945059325428872,0.0535673412699369,473.0,-138.0,"{'C': 415, 'SS': 586, '2B': 586, '3B': 569, '1B': 598, 'OF': 519, 'UT': 473}",1.0,0.48955223880597015,-5.387669855148091,58.30188679245283,46.41509433962264,18.11320754716981,11.886792452830186,40.18867924528301,14.328358208955224,5.373134328358209,57.3134328358209,-0.02899999999999997,1.0,1,399,0.0,,0,False,0.65,,,,6.0,1.0,6.0,0.0,,6.0,2026-05-22,2026-09-12,84.0,97.0,91.0,6.0,455.0,0.923,57.0,1.0,0.15,,established,34.4,2.6,1.08,"399 career PA, still new · sprint 28.8 ft/s (85th pct) · 26 years old, an age that jumps 4% of the time",xwOBA 0.315 (59th) · barrels 3.0% (12th) · EV 86.9 (23rd) · hard-hit 34% (26th) · K 18% (73rd) · BB 10% (62nd) · chase 23% (89th) · bat speed 69.0 mph (14th) · sprint 28.8 (84th),"{""n"":20,""b"":1,""c"":[[""Austin Martin"",2024,25,0.94,1.04,189,0],[""Joey Ortiz"",2024,26,0.95,0.84,427,0],[""Manuel Margot"",2021,27,0.99,0.97,352,0],[""\u00d3scar Mercado"",2021,26,0.93,0.91,116,0],[""Richie Palacios"",2024,27,0.98,1.27,61,0]]}",0.9037763006045013,1.0,-0.020377176503197886,0.9037763006045013,361.0,0.995,326.0,542.0,218,329,FA,candidate,,0.65,False
686217,Sal Frelick,2026,2000-04-19,OF,L,Milwaukee Brewers,110,381,336,78,18,0,4,36,40,31,2,7,3,38,4,56,1,0,2,0,0,0,0,0,107,2,26.0,381.0,10.0,8.1,0.232,0.321,0.298,0.089,0.248,0.239,0.322,0.277,0.28,0.303,0.083,0.267,0.27,-0.007,-0.001,-0.003,85.6,9.9,27.3,2.3,27.1,96.350537973,92.186631723,59.9,24.7,79.2,94.1,10.2,42.9,38.8,50.7,21.4,19.1,8.9,7.1,68.3,9.2,35.2,3.1,5.4,46.4,-11.0,28.7,4.25,15.0,32.0,31.0,304.0,59.7,56.7,sal frelick,MIL,Sal Frelick,MIL,"LF,CF,RF",206.6,122.0,201.0,188.0,319.0,26.2,2.9,0.8372703412073491,241,OF,OF,False,122.0,455.0,3.705765225084571,-136.0,-0.805765225084571,-119.0,False,False,237,True,63.662138204378024,10.765822479467024,0.5059404279318974,5.370098888223061,43.36617889353215,33.865275285676,322.72745417920817,0.8470536855097327,-3.7274541792081664,-0.00978334430238359,473.0,-154.0,"{'C': 415, 'SS': 586, '2B': 586, '3B': 569, '1B': 598, 'OF': 519, 'UT': 473}",0.8372703412073491,0.48293963254593175,-6.7369800229884405,6.415094339622642,42.26415094339623,7.9245283018867925,-35.84905660377359,-1.5094339622641506,11.023622047244094,6.299212598425196,48.818897637795274,0.0030000000000000027,1.0656565656565657,4,1722,-0.22838622444921663,1.0656565656565657,3,True,-0.22838622444921663,-3.5,-0.8000000000000003,0.20000000000000284,38.0,1.0,46.0,0.0,Right shoulder strain,42.8,2026-03-26,2026-09-12,102.0,152.0,117.0,35.0,457.0,0.872,0.0,0.0,0.15,,established,25.3,2.0,1.146,"sprint 28.7 ft/s (83rd pct) · 26 years old, an age that jumps 4% of the time · deserved 0.85/PA on contact quality, got 0.84",xwOBA 0.280 (19th) · barrels 2.3% (7th) · EV 85.6 (8th) · hard-hit 27% (8th) · K 10% (98th) · BB 8% (44th) · chase 25% (84th) · bat speed 68.3 mph (7th) · sprint 28.7 (82nd),"{""n"":20,""b"":0,""c"":[[""Nick Fortes"",2024,28,0.84,0.88,213,0],[""Nicky Lopez"",2023,28,0.87,0.73,326,0],[""Thairo Estrada"",2024,28,0.82,0.84,138,0],[""Andr\u00e9s Gim\u00e9nez"",2025,27,0.85,0.92,463,0],[""Myles Straw"",2022,28,0.85,0.86,444,0]]}",0.9542403860174334,0.9441090990386765,-0.020377176503197886,0.9542403860174334,392.0,0.966,374.0,573.0,171,187,FA,established,1.0656565656565657,-0.22838622444921663,True
686452,Drew Millas,2026,1998-01-15,C,S,Washington Nationals,50,152,130,24,4,0,2,18,11,14,3,0,1,37,1,18,1,9,0,50,0,0,0,0,0,0,28.0,152.0,24.3,9.2,0.185,0.262,0.277,0.077,0.239,0.204,0.282,0.251,0.266,0.295,0.079,0.268,0.291,-0.019,-0.02,-0.015,83.6,12.8,34.4,3.2,21.9,94.435516667,91.391984222,61.8,28.8,58.6,85.7,23.3,44.8,36.5,44.8,19.8,29.2,6.3,7.1,68.1,3.6,23.4,3.6,7.9,41.6,-7.0,27.6,4.41,3.0,5.0,16.0,96.0,61.1,69.7,drew millas,WSH,,,,,,,,121.0,28.5,2.42,0.7960526315789473,416,C,C,True,339.0,171.72,2.3941801142166454,-50.72,0.02581988578335448,-77.0,False,False,339,False,20.88911424505487,3.195962575046345,0.23073211474269611,2.204191065156088,15.654326770899049,13.515864639816346,126.48019141071539,0.832106522438917,-5.480191410715392,-0.036053890859969684,415.0,-294.0,"{'C': 415, 'SS': 586, '2B': 586, '3B': 569, '1B': 598, 'OF': 519, 'UT': 473}",0.7960526315789473,0.2631578947368421,-10.506058445619868,,,,,,0.0,7.894736842105263,55.26315789473684,0.015000000000000013,,0,302,,,0,False,0.44605263157894737,,,,74.0,1.0,104.0,0.0,,92.0,2026-03-28,2026-07-11,50.0,98.0,96.0,2.0,236.0,0.521,2.0,0.0,0.15,,established,24.3,0.9,0.43,"302 career PA, still new · deserved 0.83/PA on contact quality, got 0.80 · avg EV 83.6 (2nd pct)",xwOBA 0.266 (11th) · barrels 3.2% (13th) · EV 83.6 (2nd) · hard-hit 22% (3rd) · K 24% (38th) · BB 9% (56th) · chase 29% (61st) · bat speed 68.1 mph (6th) · sprint 27.6 (52nd),"{""n"":20,""b"":0,""c"":[[""Tyler Wade"",2022,28,0.81,0.98,54,0],[""Danny Mendick"",2021,28,0.73,1.12,119,0],[""Brian Serven"",2022,27,0.8,0.7,16,0],[""Brett Harris"",2025,27,0.86,0.48,24,0],[""Miguel Andujar"",2022,27,0.85,1.13,102,0]]}",0.8578790346675227,0.7960526315789473,-0.019875156067583864,0.8578790346675227,200.0,0.926,172.0,515.0,441,412,FA,established,,0.44605263157894737,False
686469,Vinnie Pasquantino,2026,1997-10-10,1B,L,Kansas City Royals,113,477,417,103,20,2,15,52,61,51,4,5,0,75,5,66,5,0,0,0,107,0,0,0,0,4,28.0,477.0,15.7,10.7,0.247,0.412,0.331,0.165,0.265,0.253,0.428,0.326,0.333,0.334,0.175,0.34,0.35,-0.006,-0.016,-0.007,89.9,20.5,36.0,9.0,41.5,99.763217457,94.316177971,66.0,30.7,72.6,91.8,15.2,46.5,43.8,31.1,31.1,25.9,11.8,7.4,70.6,12.1,29.3,10.8,11.7,58.7,4.0,25.8,4.74,20.0,27.0,56.0,347.0,78.3,60.5,vinnie pasquantino,KC,Vinnie Pasquantino,KC,"1B,DH",74.4,52.0,76.0,64.0,453.0,28.7,4.008849557522124,0.949685534591195,158,1B,1B,False,52.0,597.1666666666666,4.318350772404012,-144.16666666666663,-0.3095012148818883,-106.0,False,False,123,True,66.17871857833165,21.503952809254848,1.9839386464953703,15.834389965918135,54.806628044865626,57.96029046796857,461.74391851283417,0.9680166006558368,-8.74391851283417,-0.018331066064641854,473.0,-20.0,"{'C': 415, 'SS': 586, '2B': 586, '3B': 569, '1B': 598, 'OF': 519, 'UT': 473}",0.949685534591195,0.5576519916142557,-3.1569296212708062,40.75471698113208,73.58490566037736,39.62264150943396,-32.83018867924528,1.1320754716981156,6.289308176100629,18.867924528301888,64.15094339622642,0.007000000000000006,1.0249266862170088,5,2271,-0.0752411516258138,1.0249266862170088,4,True,-0.0752411516258138,0.0,-1.8000000000000007,-1.9000000000000057,45.0,2.0,75.0,0.0,Right hamate fracture; Right wrist soreness,54.0,2026-03-27,2026-09-12,102.0,150.0,108.0,42.0,603.0,0.944,0.0,0.0,0.15,,established,31.4,1.5,1.105,"477 PA, already has the job · avg EV 89.9 (74th pct) · deserved 0.97/PA on contact quality, got 0.95",xwOBA 0.333 (78th) · barrels 9.0% (65th) · EV 89.9 (72nd) · hard-hit 42% (65th) · K 16% (87th) · BB 11% (77th) · chase 31% (48th) · bat speed 70.6 mph (29th) · sprint 25.8 (13th),"{""n"":20,""b"":0,""c"":[[""Alec Bohm"",2025,29,0.93,0.88,551,0],[""Ryan Mountcastle"",2024,27,0.95,0.85,302,0],[""Nathaniel Lowe"",2024,29,0.94,0.88,537,0],[""Trevor Larnach"",2025,28,0.92,1.01,439,0],[""Brendan Donovan"",2025,28,0.97,0.87,139,0]]}",0.98848238716204,0.9877423033067274,-0.019875156067583864,0.98848238716204,480.0,0.957,474.0,593.0,92,113,FA,established,1.0249266862170088,-0.0752411516258138,True
686475,Tyler Tolbert,2026,1998-01-27,SS,R,Kansas City Royals,79,144,126,37,5,0,3,32,8,12,1,22,4,29,1,29,2,0,0,0,0,13,2,23,35,2,28.0,144.0,20.1,8.3,0.294,0.405,0.357,0.111,0.358,0.246,0.314,0.339,0.293,0.319,0.068,0.391,0.326,0.048,0.091,0.046,84.8,10.5,36.3,2.9,24.5,95.502392553,91.79153172,72.0,26.6,43.3,81.1,29.4,49.5,33.3,48.0,21.6,22.5,7.8,6.7,69.0,5.9,26.0,2.5,6.5,42.0,3.0,29.3,4.28,5.0,17.0,15.0,102.0,83.7,65.3,tyler tolbert,KC,,,,,,,,205.0,28.4,2.5949367088607596,1.4236111111111112,337,2B/SS/OF,SS/OF,True,339.0,171.72,2.3941801142166454,33.28,0.2007565946441141,2.0,False,False,279,False,26.317121708159746,2.642450407467922,0.18373406058491606,1.852693823787416,17.920968386226146,11.762952865065504,177.24392125129165,1.230860564245081,27.756078748708347,0.19275054686603021,473.0,-268.0,"{'C': 415, 'SS': 586, '2B': 586, '3B': 569, '1B': 598, 'OF': 519, 'UT': 473}",1.4236111111111112,0.6666666666666666,-6.510060550329761,,,,,,91.66666666666667,12.5,50.0,-0.04600000000000004,,0,201,,,0,False,1.073611111111111,,,,0.0,0.0,0.0,0.0,,0.0,2026-03-28,2026-09-11,71.0,149.0,149.0,0.0,135.0,0.477,1.0,0.0,0.15,,established,25.9,0.8,0.43,"201 career PA, still new · sprint 29.3 ft/s (93rd pct) · avg EV 84.8 (5th pct)",xwOBA 0.293 (31st) · barrels 2.9% (11th) · EV 84.8 (5th) · hard-hit 24% (5th) · K 20% (65th) · BB 8% (47th) · chase 27% (73rd) · bat speed 69.0 mph (14th) · sprint 29.3 (93rd),"{""n"":20,""b"":0,""c"":[[""Dairon Blanco"",2023,30,1.57,1.73,229,0],[""Tyler Wade"",2021,27,1.22,0.81,132,0],[""Victor Robles"",2024,27,1.35,0.95,108,0],[""Xavier Edwards"",2024,25,1.26,0.97,598,0],[""Frank Schwindel"",2021,29,1.28,0.81,237,0]]}",1.010110422694961,1.4236111111111112,-0.026330886137737278,1.010110422694961,205.0,1.0,207.0,606.0,364,87,FA,established,,1.073611111111111,False
686527,Dominic Canzone,2026,1997-08-16,DH,L,Seattle Mariners,145,528,473,125,28,4,23,59,77,47,5,2,1,110,3,70,3,0,5,0,0,0,0,0,44,95,28.0,528.0,20.8,8.9,0.264,0.486,0.335,0.222,0.297,0.274,0.492,0.354,0.359,0.342,0.219,0.413,0.42,-0.01,-0.006,-0.005,91.1,10.7,35.8,12.3,44.8,102.358481585,95.617127268,61.8,34.7,57.7,83.3,26.8,47.3,39.3,44.3,27.6,22.7,5.5,7.4,74.3,15.7,26.7,43.7,13.3,54.6,13.0,26.4,4.5,35.0,35.0,54.0,366.0,67.4,62.0,dominic canzone,SEA,Dominic Canzone,SEA,"LF,RF,DH",360.8,220.0,332.0,364.0,556.0,28.9,3.8344827586206898,1.053030303030303,109,OF,OF,False,220.0,338.3666666666667,3.0792137196109657,217.63333333333333,0.7552690390097241,111.0,True,False,120,False,74.59431115819643,29.014270365525363,3.407525794359998,22.585892681918214,66.98604279039144,70.3262634936042,565.1033062839956,1.0702714134166584,-9.103306283995607,-0.01724111038635545,473.0,83.0,"{'C': 415, 'SS': 586, '2B': 586, '3B': 569, '1B': 598, 'OF': 519, 'UT': 473}",1.053030303030303,0.5776515151515151,-0.5960858703753016,74.71698113207546,79.24528301886792,62.64150943396226,-4.5283018867924625,12.075471698113198,2.272727272727273,26.136363636363637,53.409090909090914,0.0050000000000000044,1.0817843866171004,2,1167,-0.02875408358679743,1.0817843866171004,1,False,-0.02875408358679743,-1.0999999999999979,-2.1999999999999993,1.2000000000000028,0.0,0.0,59.0,0.0,,17.7,2026-03-26,2026-09-12,133.0,149.0,149.0,0.0,474.0,0.893,0.0,0.0,0.15,,established,36.1,4.6,1.162,"528 PA, already has the job · avg EV 91.1 (88th pct) · deserved 1.07/PA on contact quality, got 1.05 · bat speed up 1.2 mph",xwOBA 0.359 (93rd) · barrels 12.3% (85th) · EV 91.1 (88th) · hard-hit 45% (80th) · K 21% (61st) · BB 9% (53rd) · chase 35% (25th) · bat speed 74.3 mph (82nd) · sprint 26.4 (22nd),"{""n"":20,""b"":0,""c"":[[""Willson Contreras"",2022,30,1.06,1.08,537,0],[""Seiya Suzuki"",2023,29,1.07,1.13,663,0],[""Josh Bell"",2021,29,1.04,0.94,606,0],[""Taylor Ward"",2023,30,1.01,0.97,640,0],[""Taylor Ward"",2022,28,1.06,1.01,412,0]]}",1.0001325123634237,1.0419683561276483,-0.019875156067583864,1.0001325123634237,401.0,0.986,401.0,600.0,141,100,GK,established,1.0817843866171004,-0.02875408358679743,False
686555,Isaac Collins,2026,1997-07-22,OF,S,Kansas City Royals,144,515,439,93,24,3,6,47,40,63,7,8,5,120,3,60,2,0,11,0,0,7,0,0,135,2,28.0,515.0,23.3,12.2,0.212,0.321,0.318,0.109,0.275,0.218,0.302,0.293,0.292,0.326,0.084,0.313,0.312,-0.006,0.019,0.001,88.0,16.1,29.5,4.9,39.1,99.66231325,93.936986897,58.8,21.8,52.0,88.0,21.8,40.2,38.8,40.9,25.5,23.1,10.5,6.8,73.5,11.7,24.7,33.1,3.6,34.9,-9.0,27.6,4.43,15.0,27.0,49.0,325.0,73.0,58.4,isaac collins,KC,Isaac Collins,KC,"2B,LF,RF",353.7,216.0,365.0,358.0,435.0,28.9,3.0208333333333335,0.8446601941747572,173,OF,OF,False,216.0,338.3666666666667,3.0792137196109657,96.63333333333333,-0.0583803862776322,43.0,False,False,132,False,73.61838740481866,13.948539985770875,1.477757814002231,6.657314795408224,56.41460720224684,46.28109398354615,444.975701185793,0.8640304877394039,-9.975701185793014,-0.0193702935646467,473.0,-38.0,"{'C': 415, 'SS': 586, '2B': 586, '3B': 569, '1B': 598, 'OF': 519, 'UT': 473}",0.8446601941747572,0.34757281553398056,-6.603830570434129,7.547169811320755,6.037735849056604,9.811320754716983,1.5094339622641506,-2.2641509433962277,9.320388349514563,6.990291262135923,73.39805825242719,-0.0010000000000000009,1.0680272108843538,2,975,-0.22336701670959658,1.0680272108843538,1,False,-0.22336701670959658,2.1999999999999993,0.0,0.7999999999999972,0.0,0.0,0.0,0.0,,0.0,2026-03-27,2026-09-12,134.0,150.0,150.0,0.0,481.0,0.893,0.0,0.0,0.15,,established,31.3,4.0,1.148,"515 PA, already has the job · deserved 0.86/PA on contact quality, got 0.84 · 975 career PA, a known quantity",xwOBA 0.292 (30th) · barrels 4.9% (27th) · EV 88.0 (40th) · hard-hit 39% (53rd) · K 23% (47th) · BB 12% (89th) · chase 22% (93rd) · bat speed 73.5 mph (72nd) · sprint 27.6 (52nd),"{""n"":20,""b"":0,""c"":[[""Jeimer Candelario"",2022,29,0.79,1.03,593,0],[""Thairo Estrada"",2024,28,0.82,0.84,138,0],[""Jared Triolo"",2024,26,0.82,0.88,330,0],[""Ketel Marte"",2022,29,0.91,1.08,701,0],[""Javier B\u00e1ez"",2022,30,0.87,0.82,446,0]]}",0.9250857091434292,0.9204720369420215,-0.019875156067583864,0.9250857091434292,352.0,1.0,326.0,555.0,218,269,FA,established,1.0680272108843538,-0.22336701670959658,False
686611,Dylan Crews,2026,2002-02-26,OF,R,Washington Nationals,108,439,400,89,19,1,13,54,44,30,8,12,0,106,1,56,1,0,4,0,0,0,0,0,128,3,24.0,439.0,24.1,6.8,0.223,0.372,0.289,0.149,0.27,0.241,0.421,0.294,0.318,0.306,0.18,0.346,0.383,-0.018,-0.049,-0.024,90.1,13.6,34.2,9.5,42.7,101.03180911,94.700976199,73.5,32.1,46.5,82.0,29.6,51.7,33.2,39.3,27.8,25.8,7.1,7.6,74.1,11.8,21.2,38.6,9.2,47.0,-6.0,29.3,4.29,21.0,30.0,38.0,295.0,82.9,62.4,dylan crews,WSH,Dylan Crews,WSH,"LF,CF,RF",246.2,151.0,179.0,278.0,417.0,24.3,3.861111111111111,0.9498861047835991,184,OF,OF,False,151.0,422.61764705882354,3.705765225084571,-5.617647058823536,0.1553458860265402,-33.0,False,False,170,False,57.146236912068794,22.105005415695672,1.551278432402271,15.59747923983326,58.32450603927099,49.953388586570696,454.07789462584174,1.0343460014256076,-37.077894625841736,-0.08445989664200848,473.0,-56.0,"{'C': 415, 'SS': 586, '2B': 586, '3B': 569, '1B': 598, 'OF': 519, 'UT': 473}",0.9498861047835991,0.4168564920273349,-4.3028676066199765,41.509433962264154,19.245283018867926,29.81132075471698,22.264150943396228,11.698113207547173,16.40091116173121,17.767653758542142,41.00227790432802,0.02400000000000002,0.9782608695652174,2,893,-0.028374764781618267,0.9782608695652174,1,False,-0.028374764781618267,0.5,-0.3000000000000007,0.8999999999999915,0.0,0.0,85.0,0.0,,51.0,2026-05-19,2026-09-12,97.0,102.0,102.0,0.0,578.0,0.951,54.0,1.0,0.15,,young / establishing,49.7,15.8,1.058,"deserved 1.03/PA on contact quality, got 0.95 · 24 years old, an age that jumps 8% of the time · sprint 29.3 ft/s (93rd pct) · bat speed up 0.9 mph",xwOBA 0.318 (63rd) · barrels 9.5% (68th) · EV 90.1 (74th) · hard-hit 43% (71st) · K 24% (40th) · BB 7% (29th) · chase 32% (39th) · bat speed 74.1 mph (79th) · sprint 29.3 (93rd),"{""n"":20,""b"":1,""c"":[[""Jo Adell"",2024,25,1.0,1.05,599,0],[""MJ Melendez"",2022,24,0.92,0.92,554,0],[""Andy Pages"",2024,24,0.95,1.08,674,1],[""Joey Wiemer"",2023,24,0.93,0.5,14,0],[""Jarred Kelenic"",2024,25,0.91,0.62,40,0]]}",1.0220143873815937,0.9585574185384371,-0.012246653109530594,1.0220143873815937,444.0,0.959,454.0,613.0,107,69,FA,candidate,0.9782608695652174,-0.028374764781618267,False
686668,Brenton Doyle,2026,1998-05-14,OF,R,multi,86,219,206,48,7,1,5,34,14,12,0,14,4,72,0,35,0,0,1,0,0,0,0,0,82,1,28.0,219.0,32.9,5.5,0.233,0.35,0.275,0.117,0.333,0.204,0.303,0.276,0.244,0.248,0.099,0.387,0.337,0.029,0.047,0.032,89.0,8.5,26.7,6.8,35.6,99.491902769,93.930677442,73.5,35.1,36.8,82.9,32.0,54.3,36.3,51.1,24.4,21.5,3.0,7.4,72.5,9.3,21.3,19.1,13.0,58.5,-8.0,29.2,4.33,6.0,25.0,17.0,135.0,82.6,64.4,brenton doyle,multi,Brenton Doyle,CWS,CF,211.6,127.0,154.0,236.0,224.0,28.1,2.604651162790698,1.0228310502283104,317,OF,OF,False,127.0,446.0,3.705765225084571,-222.0,-1.101114062293873,-190.0,False,False,258,True,30.98309922516116,6.0638612068810716,0.600979910754368,4.376059657203397,24.508747434358508,19.919049046121838,204.86979648048035,0.9354785227419193,19.130203519519654,0.08735252748639111,473.0,-249.0,"{'C': 415, 'SS': 586, '2B': 586, '3B': 569, '1B': 598, 'OF': 519, 'UT': 473}",1.0228310502283104,0.3378995433789954,-7.3097663121430605,,,,,,38.35616438356164,13.698630136986301,32.87671232876712,-0.03200000000000003,1.1409618573797677,4,1791,-0.1181308071514573,1.1409618573797677,3,True,-0.1181308071514573,7.199999999999999,-4.1000000000000005,1.7999999999999972,71.0,1.0,71.0,0.0,,71.0,2026-03-27,2026-09-12,74.0,150.0,90.0,60.0,308.0,0.822,0.0,0.0,0.15,,established,29.0,0.7,1.221,"sprint 29.2 ft/s (92nd pct) · avg EV 89.0 (58th pct) · 1.02/PA this year against 1.14 at his best, two steps to clear · bat speed up 1.8 mph",xwOBA 0.244 (2nd) · barrels 6.8% (45th) · EV 89.0 (56th) · hard-hit 36% (34th) · K 33% (4th) · BB 6% (16th) · chase 35% (24th) · bat speed 72.5 mph (58th) · sprint 29.2 (91st),"{""n"":20,""b"":0,""c"":[[""Blake Perkins"",2025,29,1.0,0.83,84,0],[""Taylor Walls"",2025,29,0.91,0.9,390,0],[""David Hamilton"",2025,28,1.1,1.0,383,0],[""Ryan McKenna"",2023,26,1.05,1.47,22,0],[""JJ Bleday"",2025,28,0.92,0.95,513,0]]}",0.9585587199195166,1.0222775702227755,-0.026330886137737278,0.9585587199195166,340.0,0.943,326.0,575.0,218,180,FA,established,1.1409618573797677,-0.1181308071514573,True
686681,Michael Massey,2026,1998-03-22,2B,L,Kansas City Royals,131,452,423,115,25,1,13,49,50,21,0,3,0,75,5,76,5,0,0,0,0,126,2,0,4,1,28.0,452.0,16.6,4.6,0.272,0.428,0.303,0.156,0.3,0.257,0.414,0.317,0.307,0.292,0.157,0.361,0.349,0.015,0.014,0.01,89.3,15.6,36.5,6.2,39.0,98.938369885,93.697569454,68.9,38.8,67.9,88.0,19.5,53.5,50.0,39.6,29.8,26.1,4.5,7.1,71.9,10.7,28.7,13.0,15.7,59.4,-1.0,26.7,4.49,20.0,35.0,60.0,356.0,75.4,62.4,michael massey,KC,,,,,,,,420.0,28.3,3.2061068702290076,0.9292035398230089,180,2B,2B,True,339.0,171.72,2.3941801142166454,248.28,0.8119267560123622,159.0,False,False,170,False,71.2088959424776,22.362909516768646,1.3694931390299352,13.76970140172383,50.42817730711151,52.401811341999576,411.6629886491111,0.9107588244449362,8.337011350888872,0.018444715378072685,473.0,-53.0,"{'C': 415, 'SS': 586, '2B': 586, '3B': 569, '1B': 598, 'OF': 519, 'UT': 473}",0.9292035398230089,0.5066371681415929,-3.581998927210421,32.45283018867924,52.83018867924528,35.84905660377358,-20.37735849056604,-3.3962264150943398,3.982300884955752,17.256637168141594,27.876106194690266,-0.010000000000000009,0.9634831460674157,4,1740,-0.034279606244406846,0.9634831460674157,3,False,-0.034279606244406846,1.1000000000000014,2.2,1.8000000000000114,18.0,2.0,148.0,0.0,,79.8,2026-04-06,2026-09-12,119.0,140.0,133.0,7.0,450.0,0.895,10.0,0.0,0.15,,established,30.3,6.7,1.043,"452 PA, already has the job · avg EV 89.3 (63rd pct) · 0.93/PA is his best rate yet, so the bar is one step up · barrel rate up 2.2 pts on last year · bat speed up 1.8 mph",xwOBA 0.307 (49th) · barrels 6.2% (39th) · EV 89.3 (61st) · hard-hit 39% (53rd) · K 17% (83rd) · BB 5% (9th) · chase 39% (10th) · bat speed 71.9 mph (48th) · sprint 26.7 (28th),"{""n"":20,""b"":1,""c"":[[""Ha-Seong Kim"",2024,29,0.99,0.9,171,0],[""Gavin Sheets"",2025,29,0.96,0.9,377,0],[""Isiah Kiner-Falefa"",2023,28,0.94,0.91,450,0],[""Bryson Stott"",2025,28,1.03,1.02,618,0],[""Alex Bregman"",2024,30,0.97,1.01,498,0]]}",0.931281440592666,0.8884137931034483,-0.026330886137737278,0.931281440592666,319.0,0.936,297.0,559.0,248,247,FA,established,0.9634831460674157,-0.034279606244406846,False
686765,Nick Sogard,2026,1997-09-09,2B,S,Boston Red Sox,65,273,236,60,14,1,5,28,19,30,1,1,1,56,1,40,4,0,0,0,26,38,9,5,0,1,28.0,273.0,20.5,11.0,0.254,0.386,0.34,0.132,0.313,0.248,0.352,0.324,0.308,0.334,0.104,0.36,0.336,0.006,0.034,0.016,86.6,16.4,38.2,4.8,28.0,96.459915,92.254408057,56.9,24.7,61.5,87.8,20.6,40.1,44.6,38.7,23.1,28.0,10.2,7.1,69.1,7.0,28.2,4.7,12.7,50.5,0.0,27.6,4.42,9.0,14.0,37.0,186.0,62.1,60.8,nick sogard,BOS,,,,,,,,228.0,28.8,3.5076923076923077,0.8351648351648352,311,1B/2B/3B,1B/2B,True,339.0,171.72,2.3941801142166454,56.28,1.1135121934756622,28.0,False,False,257,False,44.48921820903394,8.448668242748948,0.6750088874002719,4.915104660816837,31.267291384631477,26.548774427893985,229.41606581252546,0.8403518894231702,-1.41606581252546,-0.005187054258334989,473.0,-245.0,"{'C': 415, 'SS': 586, '2B': 586, '3B': 569, '1B': 598, 'OF': 519, 'UT': 473}",0.8351648351648352,0.4139194139194139,-8.306860448043706,,,,,,2.197802197802198,10.989010989010989,65.93406593406593,-0.016000000000000014,0.8351648351648352,1,463,0.0,,0,False,0.4851648351648352,,,,39.0,1.0,39.0,0.0,,39.0,2026-05-17,2026-09-12,53.0,106.0,70.0,36.0,479.0,0.757,52.0,1.0,0.15,,established,31.0,1.7,0.915,"463 career PA, still new · deserved 0.84/PA on contact quality, got 0.84 · already 29, an age that jumps 4% of the time",xwOBA 0.308 (50th) · barrels 4.8% (26th) · EV 86.6 (18th) · hard-hit 28% (11th) · K 20% (62nd) · BB 11% (79th) · chase 25% (84th) · bat speed 69.1 mph (15th) · sprint 27.6 (52nd),"{""n"":20,""b"":1,""c"":[[""Guillermo Heredia"",2021,30,0.82,0.77,63,0],[""Yonathan Daza"",2021,27,0.85,0.92,375,0],[""Yerm\u00edn Mercedes"",2021,28,0.94,0.82,68,0],[""Alex Call"",2023,29,0.83,1.29,146,0],[""Zack Short"",2023,28,0.81,0.6,53,0]]}",0.8429958713300005,0.8351648351648352,-0.019875156067583864,0.8429958713300005,253.0,0.969,213.0,506.0,353,434,FA,established,,0.4851648351648352,False
686780,Pedro Pagés,2026,1998-09-17,C,R,St. Louis Cardinals,83,208,188,40,6,0,4,14,12,12,2,2,0,56,2,30,5,19,0,78,3,0,0,0,0,1,27.0,208.0,26.9,5.8,0.213,0.309,0.265,0.096,0.277,0.214,0.324,0.257,0.265,0.27,0.11,0.317,0.331,-0.001,-0.015,-0.008,86.5,14.9,30.4,4.4,37.2,99.115614925,93.617365038,64.6,35.4,48.4,85.3,28.2,49.5,38.4,44.9,27.5,17.4,10.1,7.2,72.8,8.0,17.4,24.6,10.9,43.8,-13.0,25.5,4.78,9.0,15.0,15.0,138.0,75.0,65.9,pedro pages,STL,,,,,,,,177.0,27.8,2.1325301204819276,0.8509615384615384,359,C,C,True,339.0,171.72,2.3941801142166454,5.280000000000001,-0.26164999373471787,-20.0,False,False,283,False,28.980393805730596,6.3253273522489915,0.4241638783102268,4.502114963710186,19.21268440360921,21.65731139232783,195.01399579593706,0.9375672874804667,-18.013995795937063,-0.08660574901892826,415.0,-238.0,"{'C': 415, 'SS': 586, '2B': 586, '3B': 569, '1B': 598, 'OF': 519, 'UT': 473}",0.8509615384615384,0.20192307692307693,-10.188627778347925,,,,,,5.769230769230769,11.538461538461538,34.61538461538462,0.008000000000000007,0.981651376146789,3,815,-0.13068983768525055,0.981651376146789,2,False,-0.13068983768525055,-0.6000000000000014,-3.0,0.20000000000000284,0.0,0.0,0.0,0.0,,0.0,2026-03-26,2026-09-07,76.0,153.0,153.0,0.0,193.0,0.497,0.0,0.0,0.15,,established,29.4,1.4,1.062,"deserved 0.94/PA on contact quality, got 0.85 · 815 career PA, still new · 0.85/PA this year against 0.98 at his best, two steps to clear",xwOBA 0.265 (10th) · barrels 4.4% (24th) · EV 86.5 (17th) · hard-hit 37% (42nd) · K 27% (23rd) · BB 6% (19th) · chase 35% (22nd) · bat speed 72.8 mph (63rd) · sprint 25.5 (9th),"{""n"":20,""b"":0,""c"":[[""Carson Kelly"",2023,29,0.87,0.99,311,0],[""Carson Kelly"",2022,28,0.89,0.87,132,0],[""Zach McKinstry"",2022,27,0.88,0.9,465,0],[""Matt Thaiss"",2024,29,0.81,0.85,161,0],[""Corey Julks"",2024,28,0.8,0.85,11,0]]}",0.8872595167550889,0.9044988161010261,-0.026330886137737278,0.8872595167550889,200.0,1.0,177.0,532.0,432,364,FA,candidate,0.981651376146789,-0.13068983768525055,False
686797,Brooks Lee,2026,2001-02-14,3B,S,Minnesota Twins,155,627,582,147,25,3,24,72,83,37,4,8,5,102,3,95,10,0,0,0,0,0,109,48,0,0,25.0,627.0,16.3,5.9,0.253,0.43,0.3,0.177,0.268,0.231,0.352,0.317,0.278,0.279,0.121,0.352,0.301,0.022,0.078,0.039,88.1,16.1,32.0,4.3,33.9,97.46075834,92.854622869,73.4,35.2,59.5,89.6,20.8,53.4,42.4,39.5,30.2,23.1,7.2,7.0,70.2,8.3,27.3,8.0,11.8,56.7,2.0,26.3,4.46,32.0,46.0,69.0,484.0,75.8,63.9,brooks lee,MIN,Brooks Lee,MIN,"2B,3B,SS",318.2,195.0,313.0,383.0,607.0,25.4,3.9161290322580644,0.9681020733652312,76,2B/3B/SS,3B/SS,False,195.0,375.06451612903226,3.180509813450934,231.93548387096774,0.7356192188071304,119.0,True,False,42,False,97.81736690539448,18.7536246149353,1.944650053945979,15.926358425724247,63.388421702015435,66.43983510929836,524.1342568113139,0.8359398035268164,82.86574318868611,0.13216226983841484,473.0,134.0,"{'C': 415, 'SS': 586, '2B': 586, '3B': 569, '1B': 598, 'OF': 519, 'UT': 473}",0.9681020733652312,0.5550239234449761,0.7884147590422382,48.301886792452834,71.69811320754717,77.73584905660378,-23.396226415094333,-29.43396226415095,7.655502392344498,22.966507177033492,35.4066985645933,-0.03899999999999998,0.9681020733652312,2,1339,0.0,0.8406072106261859,1,False,0.1274948627390453,-1.1999999999999993,-1.5,0.7000000000000028,0.0,0.0,42.0,0.0,,18.3,2026-03-26,2026-09-12,142.0,148.0,148.0,0.0,576.0,0.959,0.0,0.0,0.15,,established,26.8,8.0,1.048,"627 PA, already has the job · 0.97/PA is his best rate yet, so the bar is one step up · 25 years old, an age that jumps 5% of the time",xwOBA 0.278 (18th) · barrels 4.3% (23rd) · EV 88.1 (42nd) · hard-hit 34% (27th) · K 16% (85th) · BB 6% (20th) · chase 35% (23rd) · bat speed 70.2 mph (26th) · sprint 26.3 (21st),"{""n"":20,""b"":1,""c"":[[""Isaac Paredes"",2023,24,1.05,0.88,566,0],[""Geraldo Perdomo"",2023,24,0.97,0.97,377,0],[""Geraldo Perdomo"",2024,25,0.97,1.13,814,1],[""Nicky Lopez"",2021,26,1.01,0.74,354,0],[""J.P. Crawford"",2021,26,0.88,0.78,472,0]]}",0.8826296401482959,0.9174927405627314,-0.01249045949552797,0.8826296401482959,503.0,0.985,444.0,530.0,114,370,BAMBI,broke_out,0.8406072106261859,0.1274948627390453,False
686948,Drake Baldwin,2026,2001-03-28,C,L,Atlanta Braves,138,615,549,156,21,0,25,85,79,55,9,3,1,132,2,110,2,8,0,89,0,0,0,0,0,61,25.0,615.0,21.5,8.9,0.284,0.459,0.358,0.175,0.332,0.279,0.505,0.358,0.37,0.352,0.226,0.419,0.437,0.005,-0.046,-0.012,91.5,11.0,37.5,12.9,50.6,102.266130048,95.835253771,70.5,34.4,61.0,83.7,24.4,51.2,30.8,44.2,26.3,24.8,4.8,7.3,75.4,14.4,24.5,56.7,12.0,46.5,19.0,26.0,4.45,35.0,47.0,73.0,419.0,79.3,60.3,drake baldwin,ATL,Drake Baldwin,ATL,"C,DH",101.8,69.0,81.0,119.0,659.0,25.3,4.77536231884058,1.0715447154471545,41,C,C,False,69.0,556.8852459016393,4.003049236131642,102.11475409836066,0.772313082708938,28.0,True,False,1,False,90.36646673944087,31.481541194151855,1.3765173933737556,29.946474673033546,78.35086462237622,83.9401500651234,679.7070146874996,1.1052146580284548,-20.707014687499623,-0.033669942581300294,415.0,244.0,"{'C': 415, 'SS': 586, '2B': 586, '3B': 569, '1B': 598, 'OF': 519, 'UT': 473}",1.0715447154471545,0.5560975609756098,2.3471526354329035,80.75471698113208,72.45283018867924,87.16981132075472,8.301886792452834,-6.415094339622641,2.926829268292683,24.390243902439025,53.65853658536585,0.01200000000000001,1.1255605381165918,2,1061,-0.054015822669437386,1.1255605381165918,1,False,-0.054015822669437386,6.300000000000001,1.9000000000000004,0.10000000000000853,27.0,1.0,27.0,0.0,Strained right oblique muscle,27.0,2026-03-27,2026-09-12,126.0,153.0,129.0,24.0,646.0,0.977,0.0,0.0,0.15,,established,36.6,10.9,1.206,"615 PA, already has the job · avg EV 91.5 (90th pct) · 25 years old, an age that jumps 5% of the time",xwOBA 0.370 (95th) · barrels 12.9% (90th) · EV 91.5 (90th) · hard-hit 51% (95th) · K 22% (57th) · BB 9% (53rd) · chase 34% (27th) · bat speed 75.4 mph (91st) · sprint 26.0 (15th),"{""n"":20,""b"":1,""c"":[[""Pete Alonso"",2021,27,1.08,1.14,783,0],[""Austin Riley"",2022,25,1.07,1.1,787,0],[""Iv\u00e1n Herrera"",2025,25,1.09,0.95,674,0],[""Rafael Devers"",2023,27,1.08,1.08,651,0],[""Rafael Devers"",2021,25,1.14,1.1,676,0]]}",1.0425140709787486,1.0879220484930887,-0.01249045949552797,1.0425140709787486,593.0,0.978,618.0,626.0,33,34,BAMBI,candidate,1.1255605381165918,-0.054015822669437386,False
687093,Vaughn Grissom,2026,2001-01-05,1B,R,Los Angeles Angels,118,470,419,102,22,0,13,47,71,31,12,1,0,86,6,67,10,0,0,0,55,38,28,0,0,3,25.0,470.0,18.3,6.6,0.243,0.389,0.31,0.146,0.273,0.245,0.381,0.309,0.311,0.316,0.136,0.337,0.339,-0.002,0.008,-0.002,87.4,12.5,33.5,6.8,35.6,98.585027633,93.425487012,66.3,31.5,57.4,87.3,22.2,48.9,39.4,45.3,24.7,24.4,5.9,7.2,70.9,9.9,26.2,16.0,8.9,45.5,4.0,26.9,4.58,21.0,36.0,44.0,340.0,71.3,61.7,vaughn grissom,LAA,,,,,,,,419.0,25.5,3.5508474576271185,0.8914893617021277,181,1B/2B/3B,1B/2B/3B,True,339.0,171.72,2.3941801142166454,247.28,1.156667343410473,158.0,False,False,170,False,70.97328271297627,18.632462693960942,0.7962264731493133,12.253028119913477,52.79505238140977,50.87596188345179,401.96501426486157,0.8552447112018331,17.034985735138434,0.03624465050029457,473.0,-54.0,"{'C': 415, 'SS': 586, '2B': 586, '3B': 569, '1B': 598, 'OF': 519, 'UT': 473}",0.8914893617021277,0.4829787234042553,-3.6242398759913015,17.735849056603772,42.64150943396226,35.471698113207545,-24.90566037735849,-17.735849056603772,1.2765957446808511,16.595744680851062,39.57446808510638,0.0020000000000000018,0.8914893617021277,1,820,0.0,,0,False,0.5414893617021277,,,,28.0,2.0,150.0,0.0,,70.3,2026-04-11,2026-09-12,105.0,134.0,124.0,10.0,497.0,0.847,16.0,0.0,0.15,,established,29.5,6.8,0.971,"26 years old, an age that jumps 4% of the time · 470 PA, already has the job · 820 career PA, still new",xwOBA 0.311 (54th) · barrels 6.8% (45th) · EV 87.4 (30th) · hard-hit 36% (34th) · K 18% (75th) · BB 7% (27th) · chase 32% (44th) · bat speed 70.9 mph (33rd) · sprint 26.9 (34th),"{""n"":20,""b"":4,""c"":[[""Pavin Smith"",2021,25,0.91,0.85,235,0],[""Luis Rengifo"",2022,25,0.9,0.99,440,0],[""Joey Ortiz"",2024,26,0.95,0.84,427,0],[""Jose F Miranda"",2024,26,0.95,0.58,21,0],[""Wenceel P\u00e9rez"",2024,25,0.92,1.01,387,0]]}",0.9288927524047346,0.8914893617021277,-0.01249045949552797,0.9288927524047346,348.0,0.944,323.0,557.0,222,258,FA,candidate,,0.5414893617021277,False
687221,Dalton Rushing,2026,2001-02-21,C,L,Los Angeles Dodgers,79,251,222,55,12,0,12,37,36,23,5,0,0,74,1,31,1,10,0,59,9,0,0,0,0,6,25.0,251.0,29.5,9.2,0.248,0.464,0.331,0.216,0.314,0.251,0.428,0.347,0.338,0.336,0.178,0.452,0.432,-0.003,0.036,0.009,89.5,18.6,36.2,12.1,44.3,101.946806486,95.147794354,69.8,30.3,50.7,76.4,31.9,49.1,45.6,32.2,27.5,31.5,8.7,7.5,72.4,12.6,21.6,15.3,12.6,54.2,5.0,27.3,4.45,13.0,11.0,31.0,149.0,80.7,63.7,dalton rushing,LAD,Dalton Rushing,LAD,"C,1B,DH",462.7,265.0,442.0,476.0,278.0,25.4,3.518987341772152,1.1075697211155378,272,C,C,False,265.0,220.25,2.8337463512984864,57.75,0.6852409904736656,-7.0,False,False,250,False,34.9749475829712,11.057061473676116,0.6110343037341845,9.078956639618506,31.147278822398167,29.763197700723502,258.87047652312174,1.0313564801717998,19.129523476878262,0.07621324094373794,415.0,-137.0,"{'C': 415, 'SS': 586, '2B': 586, '3B': 569, '1B': 598, 'OF': 519, 'UT': 473}",1.1075697211155378,0.49800796812749004,-6.188778490198089,,,,,,0.0,28.685258964143426,54.9800796812749,-0.008999999999999952,1.1075697211155378,1,406,0.0,,0,False,0.7575697211155378,-7.899999999999999,-1.9000000000000004,-0.6999999999999886,48.0,2.0,58.0,0.0,Right elbow inflammation,54.0,2026-03-30,2026-09-04,78.0,145.0,114.0,31.0,327.0,0.684,4.0,0.0,0.15,,established,34.3,1.2,1.188,"406 career PA, still new · 25 years old, an age that jumps 5% of the time · avg EV 89.5 (67th pct)",xwOBA 0.338 (82nd) · barrels 12.1% (84th) · EV 89.5 (64th) · hard-hit 44% (79th) · K 30% (15th) · BB 9% (56th) · chase 30% (50th) · bat speed 72.4 mph (56th) · sprint 27.3 (45th),"{""n"":20,""b"":0,""c"":[[""Colson Montgomery"",2025,23,1.11,0.88,558,0],[""Chas McCormick"",2021,26,1.07,0.96,389,0],[""Heriberto Hern\u00e1ndez"",2025,26,1.02,1.01,507,0],[""Ryan Jeffers"",2023,26,1.14,1.0,464,0],[""Jake Meyers"",2021,25,1.08,0.76,122,0]]}",0.9355746735734483,1.052325581395349,-0.01249045949552797,0.9355746735734483,311.0,0.957,291.0,561.0,254,239,FA,candidate,,0.7575697211155378,False
687231,Darell Hernaiz,2026,2001-08-03,SS,R,Athletics,56,157,137,32,3,0,1,13,9,16,1,3,0,31,1,28,5,0,0,0,0,12,14,31,1,0,24.0,157.0,19.7,10.2,0.234,0.277,0.316,0.043,0.292,0.216,0.267,0.275,0.262,0.3,0.052,0.288,0.269,0.018,0.01,0.013,85.2,12.2,30.3,0.9,27.5,96.082802407,92.100201589,68.0,36.2,61.5,82.7,25.6,50.6,26.6,45.9,22.0,23.9,8.3,7.1,69.3,6.3,22.4,7.7,6.3,42.2,-5.0,27.8,4.34,4.0,16.0,11.0,109.0,78.9,63.7,darell hernaiz,ATH,Darell Hernaiz,ATH,"2B,3B,SS",821.0,322.0,1196.0,,113.0,24.9,2.017857142857143,0.7197452229299363,424,2B/3B/SS,SS,False,322.0,171.72,2.3941801142166454,-58.72,-0.37632297135950266,-102.0,False,False,339,False,25.668797454575902,2.2387713304864776,0.1680649752993385,1.5163662396382815,16.07885516097069,12.795429503025757,116.18228466399644,0.7400145519999773,-3.182284663996441,-0.020269329070041087,473.0,-360.0,"{'C': 415, 'SS': 586, '2B': 586, '3B': 569, '1B': 598, 'OF': 519, 'UT': 473}",0.7197452229299363,0.3057324840764331,-10.278948008541875,,,,,,11.464968152866241,3.821656050955414,61.146496815286625,-0.013000000000000012,,0,489,,,0,False,0.3697452229299363,7.5,-2.3000000000000003,1.0999999999999943,0.0,0.0,86.0,0.0,,25.8,2026-03-28,2026-09-07,56.0,148.0,148.0,0.0,158.0,0.378,1.0,0.0,0.15,,young / establishing,40.2,1.3,0.43,"25 years old, an age that jumps 5% of the time · 489 career PA, still new · deserved 0.74/PA on contact quality, got 0.72 · bat speed up 1.1 mph",xwOBA 0.262 (8th) · barrels 0.9% (1st) · EV 85.2 (7th) · hard-hit 28% (9th) · K 20% (68th) · BB 10% (68th) · chase 36% (19th) · bat speed 69.3 mph (17th) · sprint 27.8 (57th),"{""n"":20,""b"":1,""c"":[[""Luke Williams"",2021,25,0.77,1.04,141,0],[""Vidal Bruj\u00e1n"",2022,24,0.7,0.71,60,0],[""Richie Palacios"",2022,25,0.77,1.1,112,0],[""Spencer Steer"",2022,25,0.76,1.06,704,1],[""Nick Allen"",2023,25,0.69,0.48,50,0]]}",0.8195001933339046,0.7332848837209301,-0.01249045949552797,0.8195001933339046,259.0,0.979,212.0,492.0,356,447,FA,candidate,,0.3697452229299363,False
687263,Zach Neto,2026,2001-01-31,SS,R,Los Angeles Angels,156,699,616,148,31,5,27,101,77,68,14,24,12,213,1,85,18,0,0,0,0,0,0,153,0,2,25.0,699.0,30.5,9.7,0.24,0.438,0.329,0.198,0.321,0.216,0.411,0.337,0.317,0.307,0.195,0.441,0.406,0.024,0.027,0.02,89.9,22.8,38.1,11.7,41.4,99.862864677,94.281938329,68.6,37.0,46.1,82.2,32.9,50.5,49.0,30.7,35.4,23.5,10.4,7.1,71.5,7.8,21.3,16.9,20.2,39.8,16.0,27.9,4.39,41.0,36.0,68.0,404.0,75.1,65.3,zach neto,LAA,Zach Neto,LAA,SS,34.0,28.0,28.0,42.0,732.0,25.4,4.6923076923076925,1.0472103004291846,20,SS,SS,False,28.0,650.0,4.544654620741577,82.0,0.14765307156611573,8.0,False,False,1,False,69.8988437491665,32.56490458277382,4.221659586952853,26.370592081106825,88.06722898054403,83.65008996214672,693.9493189426908,0.9927744190882557,38.05068105730925,0.054435881340928916,473.0,259.0,"{'C': 415, 'SS': 586, '2B': 586, '3B': 569, '1B': 598, 'OF': 519, 'UT': 473}",1.0472103004291846,0.4678111587982833,3.5260380963610505,72.0754716981132,35.094339622641506,90.18867924528303,36.9811320754717,-18.11320754716982,20.600858369098713,23.175965665236053,58.36909871244635,-0.020000000000000018,1.128158844765343,4,2184,-0.08094854433615839,1.128158844765343,3,True,-0.08094854433615839,3.6000000000000014,-2.3000000000000007,0.09999999999999432,0.0,0.0,34.0,0.0,,20.4,2026-03-26,2026-09-12,143.0,148.0,148.0,0.0,643.0,0.966,0.0,0.0,0.15,,established,31.4,2.7,1.208,"699 PA, already has the job · 25 years old, an age that jumps 5% of the time · avg EV 89.9 (74th pct)",xwOBA 0.317 (62nd) · barrels 11.7% (83rd) · EV 89.9 (72nd) · hard-hit 41% (64th) · K 30% (13th) · BB 10% (63rd) · chase 37% (16th) · bat speed 71.5 mph (42nd) · sprint 27.9 (60th),"{""n"":20,""b"":2,""c"":[[""Lawrence Butler"",2025,25,1.02,0.96,515,0],[""Elly De La Cruz"",2025,24,1.12,1.22,768,0],[""Cal Raleigh"",2023,27,1.06,1.09,683,0],[""CJ Abrams"",2025,25,1.06,1.21,784,1],[""Jazz Chisholm Jr."",2024,26,1.14,1.18,628,0]]}",1.0395229557653505,1.074009900990099,-0.01249045949552797,1.0395229557653505,647.0,0.984,673.0,624.0,20,36,LTTA,established,1.128158844765343,-0.08094854433615839,True
687363,Victor Scott II,2026,2001-02-12,OF,L,St. Louis Cardinals,80,195,166,32,4,0,2,19,9,16,2,12,5,46,1,26,2,0,2,0,0,0,0,0,77,1,25.0,195.0,23.6,8.2,0.193,0.253,0.27,0.06,0.252,0.222,0.296,0.243,0.271,0.298,0.075,0.267,0.311,-0.029,-0.043,-0.028,86.6,6.9,31.3,1.6,23.7,96.063542857,92.068093694,69.4,22.6,40.3,85.8,24.6,47.2,35.9,55.0,16.8,22.9,5.3,6.4,68.5,4.9,23.8,3.4,7.4,43.2,-11.0,29.7,4.16,4.0,12.0,16.0,131.0,86.8,60.0,victor scott,STL,Victor Scott,STL,"LF,CF",306.4,186.0,316.0,310.0,158.0,25.4,1.975,0.8102564102564103,377,OF,OF,False,186.0,375.06451612903226,3.180509813450934,-217.06451612903226,-1.2055098134509339,-191.0,False,False,339,True,30.025853198727674,3.8743655364485874,0.2797093309198215,2.672071933903923,23.254131895934243,16.131428525763052,181.5395604216973,0.9309721047266528,-23.539560421697303,-0.12071569447024255,473.0,-315.0,"{'C': 415, 'SS': 586, '2B': 586, '3B': 569, '1B': 598, 'OF': 519, 'UT': 473}",0.8102564102564103,0.26666666666666666,-9.50336563371708,,,,,,36.92307692307693,6.153846153846154,49.23076923076923,0.028000000000000025,,1,813,,0.9740820734341252,1,False,-0.16382566317771496,-0.3999999999999986,-2.1,-0.5,0.0,0.0,15.0,0.0,,9.0,2026-03-26,2026-09-12,71.0,153.0,153.0,0.0,181.0,0.464,0.0,0.0,0.15,,established,36.2,1.2,0.89,"deserved 0.93/PA on contact quality, got 0.81 · sprint 29.7 ft/s (96th pct) · 25 years old, an age that jumps 5% of the time",xwOBA 0.271 (14th) · barrels 1.6% (3rd) · EV 86.6 (18th) · hard-hit 24% (4th) · K 24% (44th) · BB 8% (45th) · chase 23% (91st) · bat speed 68.5 mph (9th) · sprint 29.7 (96th),"{""n"":20,""b"":0,""c"":[[""Parker Meadows"",2025,26,0.83,0.97,38,0],[""Ezequiel Duran"",2025,26,0.82,1.02,605,0],[""Brooks Baldwin"",2024,24,0.77,0.92,301,0],[""Jos\u00e9 Az\u00f3car"",2022,26,0.83,1.07,109,0],[""Taylor Walls"",2021,25,0.78,0.73,342,0]]}",0.9195694463106905,0.890044290390911,-0.01249045949552797,0.9195694463106905,274.0,0.993,252.0,552.0,295,285,FA,candidate,0.9740820734341252,-0.16382566317771496,False
687401,Joey Ortiz,2026,1998-07-14,SS,R,Milwaukee Brewers,134,415,371,100,14,4,9,49,47,35,0,9,5,82,5,73,10,0,0,0,1,1,58,86,0,0,27.0,415.0,19.8,8.4,0.27,0.402,0.328,0.132,0.319,0.243,0.346,0.321,0.297,0.309,0.103,0.366,0.332,0.027,0.056,0.024,89.2,6.4,29.2,4.0,37.6,99.747955517,94.078216747,57.5,32.8,62.5,90.7,19.9,44.8,32.9,50.3,20.1,23.2,6.4,7.5,73.3,12.1,26.4,33.3,3.0,36.3,-2.0,29.1,4.29,13.0,47.0,40.0,298.0,67.2,63.1,joey ortiz,MIL,Joey Ortiz,MIL,"3B,SS",420.0,246.0,420.0,420.0,397.0,28.0,2.962686567164179,0.9566265060240964,194,3B/SS,3B/SS,False,246.0,301.0,3.0338983050847457,96.0,-0.07121173792056679,52.0,False,False,170,False,69.32051129931997,11.227328652459418,1.829808797121227,7.775351251099377,49.977300164896214,38.751716003458725,359.248016168355,0.8656578702851927,37.75198383164502,0.09096863573890368,473.0,-76.0,"{'C': 415, 'SS': 586, '2B': 586, '3B': 569, '1B': 598, 'OF': 519, 'UT': 473}",0.9566265060240964,0.4987951807228916,-3.7655282229560703,43.39622641509434,49.056603773584904,33.9622641509434,-5.660377358490564,9.433962264150942,13.012048192771084,13.012048192771084,50.602409638554214,-0.02400000000000002,0.9566265060240964,3,1466,0.0,0.9452054794520548,2,False,0.011421026572041582,5.200000000000001,1.0,1.0,0.0,0.0,19.0,0.0,,8.7,2026-03-26,2026-09-12,124.0,152.0,152.0,0.0,368.0,0.816,0.0,0.0,0.15,,established,31.5,2.3,1.037,"0.96/PA is his best rate yet, so the bar is one step up · sprint 29.1 ft/s (90th pct) · 415 PA, already has the job · bat speed up 1.0 mph",xwOBA 0.297 (37th) · barrels 4.0% (20th) · EV 89.2 (58th) · hard-hit 38% (45th) · K 20% (67th) · BB 8% (49th) · chase 33% (34th) · bat speed 73.3 mph (69th) · sprint 29.1 (90th),"{""n"":20,""b"":0,""c"":[[""Kyle Isbel"",2024,27,0.93,0.83,341,0],[""Josh Rojas"",2022,28,1.03,0.93,326,0],[""Manuel Margot"",2022,28,0.97,0.96,324,0],[""Manuel Margot"",2023,29,0.96,0.83,285,0],[""Harold Ram\u00edrez"",2022,28,0.97,1.11,480,0]]}",0.9253380155232989,0.9153572657414841,-0.026330886137737278,0.9253380155232989,353.0,0.993,327.0,555.0,215,269,FA,candidate,0.9452054794520548,0.011421026572041582,False
687462,Spencer Horwitz,2026,1997-11-14,1B,L,Pittsburgh Pirates,113,447,382,94,14,1,10,44,49,53,7,1,0,72,5,69,4,0,0,0,106,0,0,0,0,3,28.0,447.0,16.1,11.9,0.246,0.366,0.345,0.12,0.275,0.228,0.347,0.321,0.311,0.332,0.119,0.321,0.307,0.018,0.019,0.01,86.8,16.0,30.2,5.7,30.5,97.088006879,92.602561624,58.5,24.6,67.4,91.1,16.4,40.9,40.3,41.0,27.9,21.9,9.2,6.9,68.7,8.2,29.2,4.4,9.1,49.4,1.0,24.7,4.77,15.0,30.0,48.0,315.0,65.9,54.4,spencer horwitz,PIT,Spencer Horwitz,PIT,1B,387.3,236.0,378.0,396.0,386.0,28.6,3.415929203539823,0.8635346756152126,203,1B,1B,False,236.0,338.3666666666667,3.0792137196109657,47.633333333333326,0.3367154839288573,33.0,False,False,171,False,62.451967303390056,13.690159347965713,1.0937793938984193,9.860093954745816,43.86559434823016,48.12661002761472,370.64220437584487,0.8291771909974158,15.35779562415513,0.03435748461779675,473.0,-87.0,"{'C': 415, 'SS': 586, '2B': 586, '3B': 569, '1B': 598, 'OF': 519, 'UT': 473}",0.8635346756152126,0.4809843400447427,-5.292207219578457,10.18867924528302,40.37735849056604,19.245283018867926,-30.18867924528302,-9.056603773584907,1.342281879194631,13.422818791946309,71.14093959731544,-0.010000000000000009,0.9854014598540146,3,1283,-0.12186678423880204,0.9854014598540146,2,False,-0.12186678423880204,-1.6999999999999993,-2.6000000000000005,0.29999999999999716,38.0,1.0,89.0,0.0,Left hamstring strain,68.6,2026-03-26,2026-09-12,105.0,152.0,116.0,36.0,542.0,0.905,0.0,0.0,0.15,,established,27.5,1.0,1.065,"447 PA, already has the job · already 29, an age that jumps 4% of the time · 0.86/PA this year against 0.99 at his best, two steps to clear",xwOBA 0.311 (54th) · barrels 5.7% (35th) · EV 86.8 (21st) · hard-hit 30% (17th) · K 16% (86th) · BB 12% (87th) · chase 25% (84th) · bat speed 68.7 mph (11th) · sprint 24.7 (2nd),"{""n"":20,""b"":1,""c"":[[""Jurickson Profar"",2023,30,0.85,1.09,727,1],[""Carson Kelly"",2022,28,0.89,0.87,132,0],[""Rowdy Tellez"",2024,29,0.88,0.95,297,0],[""Ty France"",2022,28,0.97,0.87,578,0],[""Mauricio Dub\u00f3n"",2024,30,0.86,0.82,328,0]]}",0.8608605791591069,0.9126129471469241,-0.019875156067583864,0.8608605791591069,363.0,0.945,312.0,517.0,231,408,FA,established,0.9854014598540146,-0.12186678423880204,False
687515,Colby Thomas,2026,2001-01-26,OF,R,Athletics,55,121,114,23,3,0,4,11,11,4,1,1,1,37,0,16,2,0,0,0,0,0,0,0,50,2,25.0,121.0,30.6,3.3,0.202,0.333,0.235,0.131,0.26,0.182,0.357,0.25,0.248,0.217,0.174,0.341,0.338,0.02,-0.024,0.002,89.1,20.9,30.4,8.9,34.2,99.091770769,93.666947013,80.4,42.9,38.0,82.1,34.3,60.6,35.4,32.9,34.2,20.3,12.7,7.6,75.5,10.0,18.0,57.3,9.5,44.6,-8.0,28.2,4.33,5.0,7.0,10.0,79.0,89.7,66.1,colby thomas,ATH,,,,,,,,89.0,25.4,1.6181818181818182,0.7355371900826446,454,OF,OF,True,339.0,171.72,2.3941801142166454,-82.72,-0.7759982960348273,-115.0,False,False,339,False,10.260788827229922,5.602525451421933,0.4205826154663766,4.464103105881771,13.176436185273927,13.826186977050558,94.33462316232448,0.779624984812599,-5.334623162324476,-0.04408779472995439,473.0,-384.0,"{'C': 415, 'SS': 586, '2B': 586, '3B': 569, '1B': 598, 'OF': 519, 'UT': 473}",0.7355371900826446,0.23140495867768596,-10.379708908657054,,,,,,4.958677685950414,19.834710743801654,19.834710743801654,-0.0020000000000000018,,0,253,,,0,False,0.38553719008264464,,,,0.0,0.0,0.0,0.0,,0.0,2026-04-25,2026-07-30,55.0,89.0,89.0,0.0,203.0,0.618,29.0,1.0,0.15,,established,36.4,2.1,0.43,"253 career PA, still new · 25 years old, an age that jumps 5% of the time · deserved 0.78/PA on contact quality, got 0.74",xwOBA 0.248 (3rd) · barrels 8.9% (64th) · EV 89.1 (57th) · hard-hit 34% (28th) · K 31% (12th) · BB 3% (2nd) · chase 43% (3rd) · bat speed 75.5 mph (92nd) · sprint 28.2 (70th),"{""n"":20,""b"":0,""c"":[[""Kody Clemens"",2022,26,0.75,0.8,119,0],[""Michael Busch"",2023,26,0.69,0.97,548,0],[""Cal Raleigh"",2021,25,0.7,1.1,455,0],[""Michael Toglia"",2023,25,0.68,1.02,465,0],[""Kevin Smith"",2022,26,0.7,0.7,102,0]]}",0.9473512379195018,0.7355371900826446,-0.01249045949552797,0.9473512379195018,200.0,1.0,189.0,568.0,407,216,FA,candidate,,0.38553719008264464,False
687551,Drew Gilbert,2026,2000-09-27,OF,L,San Francisco Giants,133,390,338,81,14,3,11,53,43,38,9,2,4,70,3,53,2,0,2,0,0,0,0,0,143,0,25.0,390.0,17.9,9.7,0.24,0.396,0.33,0.156,0.269,0.261,0.401,0.321,0.334,0.349,0.14,0.34,0.359,-0.021,-0.005,-0.013,86.8,14.1,36.6,5.9,37.4,98.388191045,93.219289288,59.7,25.2,53.0,88.6,22.4,42.0,43.6,43.6,20.1,25.6,10.6,7.5,69.8,9.7,29.0,6.4,5.1,42.3,-1.0,27.5,4.35,16.0,23.0,41.0,273.0,68.8,61.3,drew gilbert,SF,,,,,,,,366.0,25.8,2.7518796992481205,0.9384615384615385,213,OF,OF,True,339.0,171.72,2.3941801142166454,194.28,0.35769958503147503,126.0,False,False,204,False,62.860939691893634,13.464805188633232,1.8215705470526293,10.070684572420506,47.63923714992725,42.00974543145293,368.4049825813802,0.9446281604650774,-2.4049825813801817,-0.006166622003538902,473.0,-107.0,"{'C': 415, 'SS': 586, '2B': 586, '3B': 569, '1B': 598, 'OF': 519, 'UT': 473}",0.9384615384615385,0.5128205128205128,-5.00052052309319,35.84905660377358,54.339622641509436,22.641509433962266,-18.490566037735853,13.207547169811317,3.076923076923077,16.923076923076923,58.46153846153846,0.013000000000000012,0.9384615384615385,1,499,0.0,,0,False,0.5884615384615385,,,,0.0,0.0,0.0,0.0,,0.0,2026-04-15,2026-09-12,121.0,135.0,135.0,0.0,404.0,0.896,21.0,0.0,0.15,,established,29.9,5.9,1.018,"26 years old, an age that jumps 4% of the time · 499 career PA, still new · 390 PA, already has the job",xwOBA 0.334 (79th) · barrels 5.9% (35th) · EV 86.8 (21st) · hard-hit 37% (44th) · K 18% (78th) · BB 10% (63rd) · chase 25% (81st) · bat speed 69.8 mph (22nd) · sprint 27.5 (49th),"{""n"":20,""b"":0,""c"":[[""Brendan Donovan"",2022,26,0.96,1.01,373,0],[""Nick Gonzales"",2024,25,0.94,0.78,320,0],[""Otto Lopez"",2024,26,0.98,0.94,557,0],[""Abraham Toro"",2021,24,0.92,0.74,260,0],[""Pavin Smith"",2021,25,0.91,0.85,235,0]]}",0.922070892166983,0.9384615384615385,-0.020377176503197886,0.922070892166983,316.0,1.0,291.0,553.0,254,280,FA,candidate,,0.5884615384615385,False
687597,Jordan Beck,2026,2001-04-19,OF,R,Colorado Rockies,62,176,162,32,8,2,1,16,11,13,0,2,1,55,1,21,1,0,4,0,0,0,0,0,62,0,25.0,176.0,31.3,7.4,0.198,0.29,0.256,0.092,0.29,0.21,0.29,0.245,0.249,0.264,0.08,0.315,0.327,-0.012,0.0,-0.004,87.0,18.6,29.6,3.7,31.5,98.108977885,93.160079709,68.6,38.5,52.5,79.6,30.9,52.6,40.7,39.8,28.7,23.1,8.3,7.9,73.9,8.1,16.2,38.5,13.0,53.4,-11.0,28.0,4.42,4.0,12.0,16.0,108.0,82.9,65.9,jordan beck,COL,Jordan Beck,COL,"LF,RF",259.0,159.0,227.0,213.0,132.0,25.2,2.129032258064516,0.75,404,OF,OF,False,159.0,422.61764705882354,3.705765225084571,-290.61764705882354,-1.576732967020055,-245.0,False,False,339,True,26.58496130316026,4.3893775630013225,0.5663609645165676,2.4793001693218475,17.92770280066735,15.715604956280888,140.64330775694825,0.7991097031644787,-8.643307756948246,-0.04910970316447871,473.0,-341.0,"{'C': 415, 'SS': 586, '2B': 586, '3B': 569, '1B': 598, 'OF': 519, 'UT': 473}",0.75,0.19318181818181818,-10.5667313056389,,,,,,6.818181818181818,3.409090909090909,44.31818181818182,0.0040000000000000036,,1,948,,1.0255102040816326,1,True,-0.2755102040816326,1.6999999999999993,-5.8999999999999995,0.7000000000000028,41.0,1.0,167.0,0.0,Left hamstring strain,78.8,2026-03-27,2026-09-12,54.0,150.0,113.0,37.0,210.0,0.478,0.0,0.0,0.15,,established,42.8,0.6,0.83,"deserved 0.80/PA on contact quality, got 0.75 · 25 years old, an age that jumps 5% of the time · sprint 28.0 ft/s (65th pct)",xwOBA 0.249 (4th) · barrels 3.7% (16th) · EV 87.0 (24th) · hard-hit 32% (19th) · K 31% (11th) · BB 7% (34th) · chase 38% (10th) · bat speed 73.9 mph (77th) · sprint 28.0 (63rd),"{""n"":20,""b"":1,""c"":[[""Jake Meyers"",2022,26,0.76,0.91,311,0],[""Joey Bart"",2023,26,0.72,1.14,321,0],[""Zach McKinstry"",2022,27,0.88,0.9,465,0],[""Luis Torrens"",2022,26,0.83,0.8,24,0],[""Alex Kirilloff"",2022,25,0.85,0.98,312,0]]}",0.9293231485674955,0.9200342465753424,-0.01249045949552797,0.9293231485674955,305.0,0.937,283.0,558.0,263,251,FA,established,1.0255102040816326,-0.2755102040816326,True
687637,Dylan Beavers,2026,2001-08-11,OF,L,Baltimore Orioles,104,363,324,74,20,0,9,41,44,35,2,5,5,99,1,45,0,0,4,0,0,0,0,0,91,13,24.0,363.0,27.3,9.6,0.228,0.373,0.307,0.145,0.3,0.219,0.369,0.302,0.295,0.297,0.15,0.371,0.36,0.009,0.004,0.007,87.8,19.0,38.3,8.4,38.3,99.418492655,93.865557644,60.5,23.8,53.3,83.2,25.3,42.0,40.1,35.2,32.2,24.7,7.9,7.4,72.5,11.3,23.7,21.3,9.5,46.9,-3.0,29.1,4.22,18.0,23.0,33.0,227.0,74.8,62.7,dylan beavers,BAL,Dylan Beavers,BAL,"LF,CF,RF,DH",325.3,200.0,317.0,268.0,340.0,24.9,3.269230769230769,0.9366391184573003,225,OF,OF,False,200.0,375.06451612903226,3.180509813450934,-35.064516129032256,0.08872095577983519,-25.0,False,False,207,False,43.218566283876044,16.927292669326942,0.7577158097179931,10.052425237079024,45.06557212458554,38.120828031200986,333.69840015578654,0.9192793392721392,6.301599844213456,0.017359779185161073,473.0,-133.0,"{'C': 415, 'SS': 586, '2B': 586, '3B': 569, '1B': 598, 'OF': 519, 'UT': 473}",0.9366391184573003,0.4049586776859504,-5.893079816648872,35.094339622641506,15.849056603773585,13.584905660377359,19.245283018867923,21.509433962264147,8.264462809917356,14.87603305785124,57.85123966942149,-0.007000000000000006,0.9366391184573003,1,500,0.0,,0,False,0.5866391184573003,,,,46.0,1.0,46.0,0.0,,46.0,2026-03-28,2026-09-12,93.0,151.0,108.0,43.0,433.0,0.861,2.0,0.0,0.15,,young / establishing,30.6,8.7,1.017,"25 years old, an age that jumps 5% of the time · sprint 29.1 ft/s (90th pct) · 500 career PA, still new",xwOBA 0.295 (35th) · barrels 8.4% (60th) · EV 87.8 (37th) · hard-hit 38% (50th) · K 27% (22nd) · BB 10% (62nd) · chase 24% (87th) · bat speed 72.5 mph (58th) · sprint 29.1 (90th),"{""n"":20,""b"":3,""c"":[[""Joey Wiemer"",2023,24,0.93,0.5,14,0],[""Parker Meadows"",2024,25,1.01,0.83,176,0],[""Wenceel P\u00e9rez"",2024,25,0.92,1.01,387,0],[""Bryan De La Cruz"",2021,24,0.94,0.97,344,0],[""Coby Mayo"",2025,24,0.86,1.01,457,0]]}",0.978825763256402,0.9366391184573003,-0.01249045949552797,0.978825763256402,374.0,0.963,366.0,587.0,179,126,FA,candidate,,0.5866391184573003,False
687859,Troy Johnston,2026,1997-06-22,OF,L,Colorado Rockies,128,445,393,110,32,1,4,41,50,37,9,4,5,81,5,73,4,0,2,0,22,0,0,0,88,26,29.0,445.0,18.2,8.3,0.28,0.397,0.351,0.117,0.339,0.276,0.376,0.332,0.323,0.349,0.1,0.363,0.351,0.004,0.021,0.009,89.7,13.9,39.9,2.2,36.5,98.298591795,93.335496527,70.4,35.9,57.0,86.1,24.4,52.2,38.1,40.6,23.9,32.1,3.5,6.8,70.1,9.3,28.3,5.4,10.5,43.9,2.0,26.2,4.51,14.0,31.0,64.0,318.0,79.3,60.9,troy johnston,COL,,,,,,,,415.0,29.0,3.2421875,0.9325842696629213,185,1B/OF,1B/OF,True,339.0,171.72,2.3941801142166454,243.28,0.8480073857833546,154.0,False,False,170,False,83.22904490596177,17.735627742247377,0.9456097976199543,6.557717554170904,48.59846578319096,44.896025478614376,407.7304912618053,0.916248294970349,7.269508738194702,0.016335974692572308,473.0,-58.0,"{'C': 415, 'SS': 586, '2B': 586, '3B': 569, '1B': 598, 'OF': 519, 'UT': 473}",0.9325842696629213,0.4651685393258427,-4.801012689565596,34.33962264150943,33.58490566037736,24.150943396226417,0.75471698113207,10.188679245283012,5.393258426966293,5.393258426966293,49.88764044943821,-0.009000000000000008,0.9325842696629213,1,566,0.0,,0,False,0.5825842696629213,,,,0.0,0.0,0.0,0.0,,0.0,2026-03-28,2026-09-13,120.0,149.0,149.0,0.0,421.0,0.805,1.0,0.0,0.15,,established,29.5,3.1,1.013,"avg EV 89.7 (71st pct) · 566 career PA, still new · 445 PA, already has the job",xwOBA 0.323 (67th) · barrels 2.2% (6th) · EV 89.7 (68th) · hard-hit 36% (39th) · K 18% (76th) · BB 8% (47th) · chase 36% (21st) · bat speed 70.1 mph (25th) · sprint 26.2 (19th),"{""n"":20,""b"":2,""c"":[[""Od\u00fabel Herrera"",2021,30,0.96,0.98,194,0],[""Yandy D\u00edaz"",2021,30,0.92,0.99,555,0],[""Harold Ram\u00edrez"",2022,28,0.97,1.11,480,0],[""Manuel Margot"",2022,28,0.97,0.96,324,0],[""Orlando Arcia"",2023,29,0.93,0.75,449,0]]}",0.8939019180871861,0.9325842696629213,-0.019875156067583864,0.8939019180871861,306.0,1.0,274.0,536.0,271,349,FA,established,,0.5825842696629213,False
687952,Christian Encarnacion-Strand,2026,1999-12-01,3B,R,Baltimore Orioles,58,213,195,54,13,0,11,25,39,11,4,1,1,55,2,30,5,0,0,0,1,0,50,0,0,4,26.0,213.0,25.8,5.2,0.277,0.513,0.325,0.236,0.328,0.248,0.483,0.358,0.332,0.296,0.235,0.463,0.424,0.029,0.03,0.026,89.5,19.1,35.7,14.0,37.8,100.754412535,94.581771761,75.9,46.4,57.6,81.2,28.6,60.0,45.5,35.0,31.5,24.5,9.1,7.4,73.4,8.5,17.8,33.8,14.1,53.7,9.0,26.8,4.61,19.0,16.0,19.0,143.0,80.7,65.6,christian encarnacionstrand,BAL,,,,,,,,231.0,26.6,3.9827586206896552,1.0845070422535212,307,1B/3B,3B,True,339.0,171.72,2.3941801142166454,59.28,1.5885785064730098,32.0,False,False,255,False,23.899206404350373,13.41848539463722,0.7204099976744479,10.32189820333796,26.38980620992422,29.04899254134722,210.98379875127145,0.9905342664378941,20.01620124872855,0.09397277581562713,473.0,-242.0,"{'C': 415, 'SS': 586, '2B': 586, '3B': 569, '1B': 598, 'OF': 519, 'UT': 473}",1.0845070422535212,0.568075117370892,-6.32660290018732,,,,,,2.8169014084507045,30.985915492957748,30.985915492957748,-0.025999999999999968,1.0845070422535212,2,714,0.0,,1,False,0.7345070422535213,,,,0.0,0.0,194.0,0.0,,73.19999999999999,2026-07-18,2026-09-12,47.0,52.0,52.0,0.0,490.0,0.904,114.0,1.0,0.15,,established,38.8,1.1,1.165,"1.08/PA is his best rate yet, so the bar is one step up · avg EV 89.5 (67th pct) · 27 years old, an age that jumps 3% of the time",xwOBA 0.332 (76th) · barrels 14.0% (94th) · EV 89.5 (64th) · hard-hit 38% (46th) · K 26% (30th) · BB 5% (14th) · chase 46% (1st) · bat speed 73.4 mph (70th) · sprint 26.8 (31st),"{""n"":20,""b"":0,""c"":[[""Joey Bart"",2024,28,1.14,0.88,292,0],[""Ryan Jeffers"",2023,26,1.14,1.0,464,0],[""Heriberto Hern\u00e1ndez"",2025,26,1.02,1.01,507,0],[""LaMonte Wade Jr."",2021,28,1.08,0.85,213,0],[""Gavin Sheets"",2021,25,1.08,0.9,371,0]]}",0.9756722279105761,1.0845070422535212,-0.01697502965936144,0.9756722279105761,280.0,0.941,273.0,585.0,272,137,FA,candidate,,0.7345070422535213,False
687957,Dustin Harris,2026,1999-07-08,OF,L,multi,44,147,128,37,4,4,0,22,19,11,3,10,1,20,3,29,0,0,2,0,0,0,0,0,45,1,26.0,147.0,13.6,7.5,0.289,0.383,0.352,0.094,0.333,0.275,0.357,0.325,0.313,0.343,0.082,0.336,0.32,0.014,0.026,0.012,85.0,15.7,39.8,1.8,18.6,94.855388519,91.470289813,65.3,32.8,68.2,87.0,19.6,48.4,49.6,41.6,19.5,31.0,8.0,6.6,66.8,7.0,36.3,3.3,13.4,42.5,0.0,28.9,4.17,3.0,8.0,26.0,113.0,69.8,62.6,dustin harris,multi,,,,,,,,175.0,27.0,3.977272727272727,1.1904761904761905,364,OF,OF,True,339.0,171.72,2.3941801142166454,3.280000000000001,1.5830926130560816,-25.0,False,False,283,False,29.33481041145793,3.1902419266631874,0.7190849122998506,1.955862749579037,18.337868052340344,13.020115748747802,160.25398380108817,1.0901631551094433,14.746016198911832,0.10031303536674718,473.0,-298.0,"{'C': 415, 'SS': 586, '2B': 586, '3B': 569, '1B': 598, 'OF': 519, 'UT': 473}",1.1904761904761905,0.6190476190476191,-8.03245052381286,,,,,,40.81632653061225,0.0,44.89795918367347,-0.01200000000000001,,0,197,,,0,False,0.8404761904761905,,,,0.0,0.0,14.0,0.0,,8.4,2026-04-07,2026-09-12,31.0,38.0,38.0,0.0,357.0,0.816,12.0,0.0,0.15,,established,37.6,0.8,0.43,"197 career PA, still new · sprint 28.9 ft/s (88th pct) · 27 years old, an age that jumps 3% of the time",xwOBA 0.313 (56th) · barrels 1.8% (4th) · EV 85.0 (5th) · hard-hit 19% (1st) · K 14% (93rd) · BB 8% (35th) · chase 33% (34th) · bat speed 66.8 mph (3rd) · sprint 28.9 (87th),"{""n"":20,""b"":2,""c"":[[""Thairo Estrada"",2021,25,1.08,1.03,555,1],[""Richie Palacios"",2023,26,1.1,0.98,310,0],[""Xavier Edwards"",2024,25,1.26,0.97,598,0],[""Nate Eaton"",2022,26,1.2,0.46,26,0],[""Leo Rivas"",2025,28,1.06,0.59,86,0]]}",1.015203168761293,1.1904761904761905,-0.01697502965936144,1.015203168761293,227.0,0.993,230.0,609.0,331,79,FA,candidate,,0.8404761904761905,False
688363,Graham Pauley,2026,2000-09-24,3B,L,Miami Marlins,61,150,138,29,9,1,4,15,25,8,1,1,1,37,1,15,3,0,0,0,13,0,53,0,0,0,25.0,150.0,24.7,5.3,0.21,0.377,0.257,0.167,0.255,0.192,0.312,0.276,0.244,0.24,0.12,0.338,0.292,0.018,0.065,0.032,84.9,18.6,34.6,6.7,26.0,96.194966078,92.101302745,66.7,31.1,60.0,85.9,22.9,47.9,54.8,39.4,29.8,19.2,11.5,7.4,71.9,7.4,20.2,19.4,14.9,53.8,-5.0,26.5,4.6,9.0,8.0,12.0,104.0,82.7,62.7,graham pauley,MIA,,,,,,,,130.0,25.8,2.1311475409836067,0.8666666666666667,409,1B/3B,3B,True,339.0,171.72,2.3941801142166454,-41.72,-0.26303257323303875,-70.0,False,False,339,False,17.267325651965873,5.31649451665062,0.4930340108011512,3.4191458205823593,14.144949653916472,15.554971639781268,108.25192129369775,0.7216794752913184,21.748078706302252,0.14498719137534832,473.0,-343.0,"{'C': 415, 'SS': 586, '2B': 586, '3B': 569, '1B': 598, 'OF': 519, 'UT': 473}",0.8666666666666667,0.4266666666666667,-9.34440521670496,,,,,,4.0,16.0,32.0,-0.03200000000000003,,0,366,,,0,False,0.5166666666666667,5.099999999999998,1.2000000000000002,2.3000000000000114,0.0,0.0,28.0,0.0,,16.8,2026-03-27,2026-09-12,54.0,149.0,149.0,0.0,142.0,0.362,0.0,0.0,0.15,,established,36.4,1.3,0.43,"366 career PA, still new · 26 years old, an age that jumps 4% of the time · sprint 26.5 ft/s (25th pct) · bat speed up 2.3 mph",xwOBA 0.244 (2nd) · barrels 6.7% (44th) · EV 84.9 (5th) · hard-hit 26% (7th) · K 25% (35th) · BB 5% (15th) · chase 31% (46th) · bat speed 71.9 mph (48th) · sprint 26.5 (25th),"{""n"":20,""b"":0,""c"":[[""Reese McGuire"",2023,28,0.87,0.82,130,0],[""Alan Trejo"",2022,26,0.96,0.86,195,0],[""Jason Delay"",2023,28,0.87,1.11,21,0],[""Mauricio Dub\u00f3n"",2021,27,0.87,0.77,204,0],[""Jose Herrera"",2024,27,0.8,0.73,149,0]]}",0.872725384554356,0.8425499231950845,-0.020377176503197886,0.872725384554356,200.0,0.987,175.0,524.0,434,390,FA,candidate,,0.5166666666666667,False
689414,Liam Hicks,2026,1999-06-02,C,L,multi,141,550,475,134,14,1,18,66,82,56,11,3,0,55,7,101,2,11,0,75,29,0,0,0,0,42,27.0,550.0,10.0,10.2,0.282,0.429,0.366,0.147,0.284,0.261,0.358,0.35,0.319,0.347,0.097,0.342,0.304,0.021,0.071,0.031,84.6,14.5,30.6,3.7,27.1,96.121024292,92.072565934,58.6,26.6,71.7,97.3,11.4,41.6,42.8,43.5,24.5,22.4,9.6,6.9,68.3,9.7,33.1,4.3,7.6,49.3,14.0,25.7,4.65,24.0,46.0,64.0,428.0,67.7,56.2,liam hicks,multi,Liam Hicks,TB,"C,1B,DH",739.0,300.0,1065.0,,582.0,27.1,4.127659574468085,1.0581818181818181,91,C/1B,C/1B,False,300.0,171.72,2.3941801142166454,410.28,1.7334794602514396,209.0,True,False,53,False,100.60097659252447,11.561673425376213,0.9237233716741635,10.888626610425154,57.639512075765836,55.51044541667292,503.1749574924388,0.9148635590771614,78.8250425075612,0.14331825910465668,415.0,167.0,"{'C': 415, 'SS': 586, '2B': 586, '3B': 569, '1B': 598, 'OF': 519, 'UT': 473}",1.0581818181818181,0.6472727272727272,0.30449471328442945,76.22641509433963,95.47169811320755,72.83018867924528,-19.245283018867923,3.396226415094347,3.272727272727273,19.636363636363637,61.09090909090909,-0.030999999999999972,1.0581818181818181,2,940,0.0,0.8871794871794871,1,False,0.17100233100233098,-4.4,0.10000000000000009,0.8999999999999915,9.0,1.0,9.0,0.0,,9.0,2026-03-28,2026-09-12,132.0,148.0,139.0,9.0,555.0,0.95,1.0,0.0,0.15,,established,27.3,4.7,1.138,"550 PA, already has the job · 1.06/PA is his best rate yet, so the bar is one step up · 27 years old, an age that jumps 3% of the time · bat speed up 0.9 mph",xwOBA 0.319 (64th) · barrels 3.7% (16th) · EV 84.6 (4th) · hard-hit 27% (8th) · K 10% (98th) · BB 10% (68th) · chase 27% (73rd) · bat speed 68.3 mph (7th) · sprint 25.7 (11th),"{""n"":20,""b"":0,""c"":[[""Raimel Tapia"",2021,27,1.02,0.94,409,0],[""Nicky Lopez"",2021,26,1.01,0.74,354,0],[""Thairo Estrada"",2022,26,1.03,1.03,546,0],[""Steven Kwan"",2024,27,1.08,0.98,680,0],[""Sal Frelick"",2025,25,1.07,0.84,319,0]]}",0.8881035457972977,1.0071428571428571,-0.01697502965936144,0.8881035457972977,449.0,0.993,399.0,533.0,144,362,MMM,candidate,0.8871794871794871,0.17100233100233098,False
690976,Alex Freeland,2026,2001-08-24,2B,S,Los Angeles Dodgers,89,269,231,54,9,0,4,32,21,32,1,4,0,74,2,41,4,0,0,0,0,80,3,5,0,0,24.0,269.0,27.5,11.9,0.234,0.325,0.327,0.091,0.323,0.22,0.34,0.298,0.297,0.317,0.12,0.353,0.353,0.014,-0.015,0.001,89.6,10.8,34.6,6.2,39.5,99.359352564,93.907805449,59.6,21.7,53.2,79.7,27.7,40.1,34.6,46.9,24.7,23.5,4.9,6.9,70.8,10.7,26.6,9.0,8.9,51.7,-6.0,26.9,4.5,8.0,17.0,29.0,162.0,65.8,59.1,alex freeland,LAD,Alex Freeland,LAD,"2B,3B,SS",840.5,330.0,1239.0,,223.0,24.8,2.50561797752809,0.828996282527881,319,2B/SS,2B,False,330.0,171.72,2.3941801142166454,51.28,0.11143786331144456,11.0,False,False,258,False,35.33853415345571,9.086905638328501,0.5505862629758587,5.843973945239928,29.45851527041569,27.43555094322237,227.25406621363805,0.8448106550692864,-4.254066213638055,-0.015814372541405386,473.0,-250.0,"{'C': 415, 'SS': 586, '2B': 586, '3B': 569, '1B': 598, 'OF': 519, 'UT': 473}",0.828996282527881,0.3345724907063197,-8.135204723909746,,,,,,8.921933085501859,8.921933085501859,71.37546468401487,-0.0010000000000000009,0.828996282527881,1,366,0.0,,0,False,0.47899628252788107,,,,0.0,0.0,0.0,0.0,,0.0,2026-03-27,2026-09-12,83.0,148.0,148.0,0.0,253.0,0.561,1.0,0.0,0.15,,young / establishing,45.3,5.6,0.909,"25 years old, an age that jumps 5% of the time · 366 career PA, still new · avg EV 89.6 (68th pct)",xwOBA 0.297 (37th) · barrels 6.2% (39th) · EV 89.6 (66th) · hard-hit 40% (55th) · K 28% (21st) · BB 12% (87th) · chase 22% (93rd) · bat speed 70.8 mph (32nd) · sprint 26.9 (34th),"{""n"":20,""b"":0,""c"":[[""Henry Davis"",2023,24,0.85,0.6,73,0],[""Oscar Col\u00e1s"",2023,25,0.8,0.74,28,0],[""Cavan Biggio"",2021,26,0.81,0.84,255,0],[""Diego Castillo"",2022,25,0.78,0.0,0,0],[""Kyle Isbel"",2022,25,0.89,0.96,302,0]]}",0.8909581287034045,0.828996282527881,-0.01249045949552797,0.8909581287034045,263.0,1.0,234.0,535.0,322,354,FA,candidate,,0.47899628252788107,False
690984,Petey Halpin,2026,2002-05-26,OF,L,Cleveland Guardians,82,191,174,39,4,1,4,27,14,9,2,10,1,35,1,30,0,0,5,0,0,0,0,0,83,0,24.0,191.0,18.3,4.7,0.224,0.328,0.269,0.104,0.257,0.25,0.378,0.265,0.294,0.293,0.128,0.297,0.335,-0.026,-0.05,-0.029,85.8,21.1,38.6,5.5,26.2,96.886509552,92.459284552,81.2,38.4,64.1,80.1,25.4,58.8,35.9,34.5,34.5,20.7,10.3,7.0,69.9,8.3,23.9,4.6,9.2,49.7,-9.0,28.5,4.34,11.0,9.0,17.0,145.0,86.7,63.4,petey halpin,CLE,,,,,,,,188.0,24.1,2.292682926829268,0.9842931937172775,350,OF,OF,True,339.0,171.72,2.3941801142166454,16.28,-0.10149718738737734,-11.0,False,False,283,False,31.624571678162823,6.327556086215609,0.6991727930803062,4.8486994425412595,22.94155500365512,19.558761270796158,202.77231627445127,1.0616351637405825,-14.77231627445127,-0.077341970023305,473.0,-285.0,"{'C': 415, 'SS': 586, '2B': 586, '3B': 569, '1B': 598, 'OF': 519, 'UT': 473}",0.9842931937172775,0.4293193717277487,-8.30376343567105,,,,,,31.413612565445025,12.565445026178011,28.272251308900525,0.02899999999999997,,0,199,,,0,False,0.6342931937172775,,,,0.0,0.0,0.0,0.0,,0.0,2026-05-02,2026-09-11,71.0,119.0,119.0,0.0,217.0,0.597,37.0,1.0,0.15,,young / establishing,42.9,3.7,0.43,"deserved 1.06/PA on contact quality, got 0.98 · 24 years old, an age that jumps 8% of the time · 199 career PA, still new",xwOBA 0.294 (33rd) · barrels 5.5% (33rd) · EV 85.8 (11th) · hard-hit 26% (7th) · K 18% (75th) · BB 5% (10th) · chase 38% (11th) · bat speed 69.9 mph (23rd) · sprint 28.5 (78th),"{""n"":20,""b"":1,""c"":[[""Tyler Freeman"",2023,24,0.92,0.91,348,0],[""Nico Hoerner"",2021,24,0.95,1.02,528,0],[""Edward Olivares"",2021,25,0.96,0.98,170,0],[""Luisangel Acu\u00f1a"",2025,23,0.97,0.9,200,0],[""Austin Martin"",2024,25,0.94,1.04,189,0]]}",1.0276917687149658,0.9842931937172775,-0.012246653109530594,1.0276917687149658,227.0,1.0,233.0,617.0,324,52,FA,candidate,,0.6342931937172775,False
690993,Colt Keith,2026,2001-08-14,3B,L,Detroit Tigers,140,423,384,99,19,4,10,51,36,32,5,6,0,84,2,66,4,0,0,0,18,0,66,0,0,50,24.0,423.0,19.9,7.6,0.258,0.406,0.322,0.148,0.305,0.272,0.423,0.321,0.333,0.336,0.15,0.363,0.381,-0.014,-0.017,-0.012,88.7,13.3,38.1,7.6,42.1,100.101906954,94.295002159,62.8,24.6,56.3,86.0,22.3,43.8,37.4,39.7,25.2,26.8,8.3,6.9,72.0,13.9,29.7,19.7,10.7,48.9,-3.0,28.1,4.33,21.0,33.0,45.0,302.0,75.2,61.0,colt keith,DET,Colt Keith,DET,"1B,2B,3B,DH",310.4,189.0,300.0,318.0,393.0,24.9,2.807142857142857,0.9290780141843972,198,1B/2B/3B,3B,False,189.0,375.06451612903226,3.180509813450934,17.935483870967744,-0.37336695630807704,-9.0,False,False,171,False,72.32527617884764,18.0892971316624,2.589577200132284,11.443849489357676,53.416483283712246,46.45477554978481,417.36725883349703,0.9866838270295438,-24.367258833497033,-0.05760581284514665,473.0,-80.0,"{'C': 415, 'SS': 586, '2B': 586, '3B': 569, '1B': 598, 'OF': 519, 'UT': 473}",0.9290780141843972,0.4657210401891253,-4.773960089444133,31.69811320754717,33.9622641509434,25.28301886792453,-2.2641509433962277,6.415094339622641,8.51063829787234,14.184397163120567,45.39007092198582,0.01200000000000001,0.9290780141843972,3,1447,0.0,0.9273504273504274,2,False,0.0017275868339697853,-1.9000000000000021,-1.5999999999999996,1.2999999999999972,6.0,1.0,15.0,0.0,,11.399999999999999,2026-03-26,2026-09-13,136.0,150.0,150.0,0.0,407.0,0.907,0.0,0.0,0.15,,established,32.6,7.3,1.009,"0.93/PA is his best rate yet, so the bar is one step up · deserved 0.99/PA on contact quality, got 0.93 · 25 years old, an age that jumps 5% of the time · bat speed up 1.3 mph",xwOBA 0.333 (78th) · barrels 7.6% (53rd) · EV 88.7 (52nd) · hard-hit 42% (67th) · K 20% (66th) · BB 8% (37th) · chase 25% (84th) · bat speed 72.0 mph (50th) · sprint 28.1 (67th),"{""n"":20,""b"":4,""c"":[[""Gavin Lux"",2024,27,0.9,0.89,447,0],[""Nick Gonzales"",2024,25,0.94,0.78,320,0],[""MJ Melendez"",2024,26,0.86,0.49,32,0],[""Leody Taveras"",2024,26,0.96,0.84,151,0],[""Austin Wells"",2024,25,0.98,1.06,476,0]]}",0.942057963570355,0.9200551343900759,-0.01249045949552797,0.942057963570355,390.0,0.991,367.0,565.0,177,229,FA,candidate,0.9273504273504274,0.0017275868339697853,False
691011,Drew Romo,2026,2001-08-29,C,S,Chicago White Sox,60,203,177,25,5,0,7,17,16,20,3,1,0,47,1,13,7,17,0,59,1,0,0,0,0,0,24.0,203.0,23.2,9.9,0.141,0.288,0.239,0.147,0.145,0.188,0.293,0.241,0.262,0.28,0.105,0.246,0.279,-0.047,-0.005,-0.021,84.3,18.1,26.3,6.0,26.3,95.388517077,91.793234806,72.1,34.5,48.6,82.4,30.3,51.2,38.3,40.6,30.1,17.3,12.0,7.5,69.9,6.4,21.0,5.2,13.3,48.8,-12.0,26.4,4.53,9.0,4.0,12.0,133.0,78.0,62.1,drew romo,CWS,,,,,,,,162.0,24.8,2.7,0.7980295566502463,373,C,C,True,339.0,171.72,2.3941801142166454,-9.719999999999999,0.30581988578335473,-34.0,False,False,339,False,23.601931538434847,5.043269161207003,0.3506670622814689,4.280132238076686,19.697610224630537,20.00323529093572,177.83784551556624,0.876048500076681,-15.837845515566244,-0.07801894342643467,415.0,-253.0,"{'C': 415, 'SS': 586, '2B': 586, '3B': 569, '1B': 598, 'OF': 519, 'UT': 473}",0.7980295566502463,0.2857142857142857,-10.467956125463308,,,,,,2.955665024630542,20.689655172413794,59.11330049261084,0.02100000000000002,0.7980295566502463,1,259,0.0,,0,False,0.44802955665024635,,,,0.0,0.0,0.0,0.0,,0.0,2026-04-25,2026-09-02,60.0,120.0,120.0,0.0,252.0,0.5,30.0,1.0,0.15,,young / establishing,25.2,4.0,0.878,"deserved 0.88/PA on contact quality, got 0.80 · 259 career PA, still new · 25 years old, an age that jumps 5% of the time",xwOBA 0.262 (8th) · barrels 6.0% (36th) · EV 84.3 (3rd) · hard-hit 26% (7th) · K 23% (48th) · BB 10% (66th) · chase 34% (26th) · bat speed 69.9 mph (23rd) · sprint 26.4 (22nd),"{""n"":20,""b"":1,""c"":[[""JJ Bleday"",2022,25,0.75,0.88,267,0],[""Spencer Steer"",2022,25,0.76,1.06,704,1],[""Hoy Park"",2021,25,0.79,0.8,48,0],[""Curtis Mead"",2025,25,0.81,1.11,365,0],[""Victor Robles"",2021,24,0.8,0.86,350,0]]}",0.8751812459126159,0.7980295566502463,-0.01249045949552797,0.8751812459126159,215.0,1.0,188.0,525.0,409,387,FA,candidate,,0.44802955665024635,False
691016,Tyler Soderstrom,2026,2001-11-24,OF,L,Athletics,109,453,396,97,27,3,19,58,56,53,3,2,1,91,1,48,1,0,6,0,0,0,0,0,101,7,24.0,453.0,20.1,11.7,0.245,0.472,0.338,0.227,0.272,0.246,0.411,0.35,0.327,0.331,0.165,0.394,0.363,-0.001,0.061,0.023,90.7,11.1,31.0,9.5,45.4,101.631681895,95.094575115,68.2,25.9,52.1,87.7,22.9,45.9,38.9,46.4,27.1,19.3,7.2,7.5,74.4,13.9,24.0,45.1,10.2,53.5,11.0,27.1,4.42,31.0,26.0,39.0,306.0,81.9,57.8,tyler soderstrom,ATH,Tyler Soderstrom,ATH,"1B,LF,DH",81.8,54.0,82.0,79.0,471.0,24.6,4.321100917431193,1.0397350993377483,147,1B/OF,OF,False,54.0,563.0,4.292903702788284,-92.0,0.028197214642908364,-93.0,False,False,121,True,61.93502808825566,19.577743652769275,1.9474284296944482,13.955799829280611,54.417927372667904,52.14811050170583,439.73803787437373,0.9707241454180435,31.26196212562627,0.0690109539197048,473.0,-2.0,"{'C': 415, 'SS': 586, '2B': 586, '3B': 569, '1B': 598, 'OF': 519, 'UT': 473}",1.0397350993377483,0.5849889624724062,-2.9496084501268665,70.94339622641509,82.26415094339623,42.64150943396226,-11.320754716981142,28.301886792452827,2.6490066225165565,25.165562913907284,70.19867549668874,-0.022999999999999965,1.107371794871795,3,1428,-0.06763669553404661,1.107371794871795,2,True,-0.06763669553404661,-2.5,-1.9000000000000004,0.5,51.0,2.0,131.0,0.0,,75.0,2026-03-27,2026-08-14,109.0,129.0,115.0,14.0,587.0,0.948,0.0,0.0,0.15,,established,34.9,3.1,1.187,"25 years old, an age that jumps 5% of the time · avg EV 90.7 (85th pct) · 453 PA, already has the job",xwOBA 0.327 (71st) · barrels 9.5% (68th) · EV 90.7 (84th) · hard-hit 45% (83rd) · K 20% (65th) · BB 12% (85th) · chase 26% (78th) · bat speed 74.4 mph (84th) · sprint 27.1 (39th),"{""n"":20,""b"":1,""c"":[[""William Contreras"",2023,26,1.1,1.14,777,0],[""Gabriel Moreno"",2025,25,1.09,1.17,641,0],[""Gabriel Moreno"",2024,24,1.03,1.09,338,0],[""CJ Abrams"",2024,24,1.07,1.06,674,0],[""Bo Bichette"",2022,24,1.06,1.04,624,0]]}",0.9843908713912202,1.0572197913160553,-0.01249045949552797,0.9843908713912202,517.0,0.94,509.0,591.0,77,118,Dpf,established,1.107371794871795,-0.06763669553404661,True
691019,Kyle Teel,2026,2002-02-15,C,L,Chicago White Sox,39,144,119,25,3,0,5,21,26,19,4,0,0,51,1,17,0,9,0,38,0,0,0,0,0,1,24.0,144.0,35.4,13.2,0.21,0.361,0.336,0.151,0.313,0.211,0.375,0.317,0.321,0.337,0.165,0.423,0.431,-0.001,-0.014,-0.004,85.7,13.6,41.4,11.4,47.1,100.879383824,94.639000588,64.4,31.3,45.5,76.8,35.6,45.4,40.0,38.6,30.0,27.1,4.3,6.9,72.1,8.1,16.1,29.0,12.9,40.3,2.0,27.1,4.52,7.0,7.0,11.0,70.0,53.8,63.2,kyle teel,CWS,Kyle Teel,CWS,C,263.6,161.0,197.0,293.0,156.0,24.4,4.0,1.0833333333333333,379,C,C,False,161.0,422.61764705882354,3.705765225084571,-266.61764705882354,0.29423477491542904,-218.0,False,False,339,True,14.853280651861676,5.364713989552231,0.4027300653105078,4.488275293275584,17.15834229177841,16.234539163832622,144.24588145561103,1.0017075101084099,11.754118544388973,0.0816258232249234,415.0,-259.0,"{'C': 415, 'SS': 586, '2B': 586, '3B': 569, '1B': 598, 'OF': 519, 'UT': 473}",1.0833333333333333,0.4027777777777778,-8.830615975641706,,,,,,0.0,20.833333333333336,79.16666666666667,0.0040000000000000036,,1,441,,1.0505050505050506,1,False,0.03282828282828265,9.5,1.8000000000000007,2.6999999999999886,134.0,2.0,134.0,1.0,Right hamstrain strain; Left ankle sprain,134.0,2026-06-22,2026-09-12,27.0,72.0,29.0,43.0,478.0,0.931,88.0,1.0,0.15,,young / establishing,32.8,2.7,1.163,"24 years old, an age that jumps 8% of the time · 441 career PA, still new · sprint 27.1 ft/s (40th pct) · bat speed up 2.7 mph",xwOBA 0.321 (65th) · barrels 11.4% (81st) · EV 85.7 (10th) · hard-hit 47% (87th) · K 35% (2nd) · BB 13% (92nd) · chase 31% (45th) · bat speed 72.1 mph (52nd) · sprint 27.1 (39th),"{""n"":20,""b"":0,""c"":[[""Kerry Carpenter"",2022,25,1.0,1.1,503,0],[""Jared Triolo"",2023,25,1.05,0.82,364,0],[""Drew Waters"",2022,24,1.07,1.02,344,0],[""Esteury Ruiz"",2024,25,1.08,1.22,28,0],[""Jhonkensy Noel"",2024,23,1.02,0.73,112,0]]}",0.9806269887565222,1.0505050505050506,-0.012246653109530594,0.9806269887565222,329.0,0.893,323.0,588.0,222,123,FA,candidate,1.0505050505050506,0.03282828282828265,False
691023,Jordan Walker,2026,2002-05-22,OF,R,St. Louis Cardinals,157,663,605,164,33,0,29,96,101,50,4,22,5,173,4,102,8,0,9,0,0,0,0,0,148,7,24.0,663.0,26.1,7.5,0.271,0.469,0.329,0.198,0.332,0.263,0.463,0.346,0.34,0.322,0.199,0.44,0.431,0.008,0.006,0.006,92.7,11.7,32.3,13.3,50.0,104.865571697,96.883113463,71.1,35.9,49.2,78.7,32.3,52.1,38.8,42.9,24.3,24.5,8.3,8.3,79.3,15.6,19.9,85.5,6.0,48.4,16.0,29.1,4.35,35.0,53.0,76.0,436.0,77.0,67.4,jordan walker,STL,Jordan Walker,STL,"LF,RF,DH",379.3,229.0,345.0,370.0,775.0,24.1,4.936305732484076,1.1689291101055808,8,OF,OF,False,229.0,338.3666666666667,3.0792137196109657,436.6333333333333,1.8570920128731103,221.0,True,True,1,False,95.78123380906331,34.21796277205257,1.170373028704977,27.945430390179162,91.63201388434081,79.9352506949848,740.1922645793256,1.1164287550216072,34.80773542067436,0.05250035508397355,473.0,302.0,"{'C': 415, 'SS': 586, '2B': 586, '3B': 569, '1B': 598, 'OF': 519, 'UT': 473}",1.1689291101055808,0.5731523378582202,6.067901251139517,95.84905660377359,78.49056603773586,96.98113207547169,17.35849056603773,-1.1320754716981014,19.90950226244344,26.244343891402714,45.24886877828054,-0.00599999999999995,1.1689291101055808,3,1702,0.0,1.032258064516129,2,False,0.13667104558945176,-5.699999999999999,2.4000000000000004,1.2000000000000028,0.0,0.0,14.0,0.0,,8.4,2026-03-26,2026-09-12,145.0,153.0,153.0,0.0,600.0,0.948,0.0,0.0,0.15,,established,36.9,9.7,1.249,"663 PA, already has the job · avg EV 92.7 (96th pct) · 24 years old, an age that jumps 8% of the time · barrel rate up 2.4 pts on last year · bat speed up 1.2 mph",xwOBA 0.340 (83rd) · barrels 13.3% (91st) · EV 92.7 (96th) · hard-hit 50% (94th) · K 26% (27th) · BB 8% (35th) · chase 36% (21st) · bat speed 79.3 mph (100th) · sprint 29.1 (90th),"{""n"":20,""b"":3,""c"":[[""Gunnar Henderson"",2024,23,1.17,1.1,715,0],[""Zach Neto"",2025,24,1.13,1.05,732,0],[""Julio Rodr\u00edguez"",2023,22,1.23,1.06,650,0],[""Pete Crow-Armstrong"",2025,23,1.19,1.35,978,1],[""Riley Greene"",2025,25,1.07,1.06,626,0]]}",1.0894774305225676,1.0711740041928721,-0.012246653109530594,1.0894774305225676,676.0,0.993,736.0,654.0,9,19,CJF,broke_out,1.032258064516129,0.13667104558945176,False
691026,Masyn Winn,2026,2002-03-21,SS,R,St. Louis Cardinals,136,532,470,109,21,2,5,54,56,48,7,10,3,116,7,81,10,0,0,0,0,0,0,135,0,0,24.0,532.0,21.8,9.0,0.232,0.317,0.308,0.085,0.292,0.245,0.329,0.283,0.297,0.324,0.084,0.31,0.331,-0.013,-0.012,-0.014,88.3,11.5,33.0,3.3,34.9,98.548306592,93.333175698,58.4,24.0,55.1,85.0,23.7,41.2,29.9,44.0,21.1,26.6,8.3,7.3,71.3,10.8,27.9,15.3,5.8,42.9,-13.0,28.5,4.34,12.0,43.0,53.0,361.0,62.1,58.6,masyn winn,STL,Masyn Winn,STL,SS,291.2,176.0,272.0,262.0,443.0,24.3,3.2573529411764706,0.8327067669172933,167,SS,SS,False,176.0,375.06451612903226,3.180509813450934,67.93548387096774,0.07684312772553659,9.0,False,False,132,False,91.57943491421074,14.942543400529914,1.3466084563079324,7.281413228951408,61.76102581063047,47.55036796953073,454.0913937801612,0.8535552514664684,-11.091393780161184,-0.020848484549175095,473.0,-30.0,"{'C': 415, 'SS': 586, '2B': 586, '3B': 569, '1B': 598, 'OF': 519, 'UT': 473}",0.8327067669172933,0.37781954887218044,-4.558235455501265,5.283018867924529,10.18867924528302,27.169811320754718,-4.90566037735849,-21.88679245283019,11.278195488721805,5.639097744360902,54.13533834586466,0.014000000000000012,0.9419152276295133,3,1843,-0.10920846071222001,0.9419152276295133,2,True,-0.10920846071222001,2.8000000000000007,-1.5,0.20000000000000284,145.0,1.0,170.0,0.0,Left thumb fracture,160.0,2026-03-26,2026-09-12,125.0,153.0,125.0,28.0,598.0,1.0,0.0,0.0,0.15,,established,29.0,5.5,1.022,"532 PA, already has the job · 24 years old, an age that jumps 8% of the time · sprint 28.5 ft/s (79th pct)",xwOBA 0.297 (37th) · barrels 3.3% (14th) · EV 88.3 (45th) · hard-hit 35% (32nd) · K 22% (55th) · BB 9% (54th) · chase 24% (87th) · bat speed 71.3 mph (38th) · sprint 28.5 (78th),"{""n"":20,""b"":0,""c"":[[""Alek Thomas"",2025,25,0.87,0.87,104,0],[""Dylan Carlson"",2022,24,0.91,0.85,218,0],[""Leody Taveras"",2024,26,0.96,0.84,151,0],[""Gavin Lux"",2024,27,0.9,0.89,447,0],[""Ke'Bryan Hayes"",2022,25,0.88,1.02,536,0]]}",0.8981383171069675,0.8778341146082463,-0.012246653109530594,0.8981383171069675,421.0,0.872,378.0,539.0,169,340,FA,established,0.9419152276295133,-0.10920846071222001,True
691176,Jasson Domínguez,2026,2003-02-07,OF,S,New York Yankees,57,222,209,47,12,0,6,22,14,10,2,8,1,48,0,29,3,0,1,0,0,0,0,0,47,10,23.0,222.0,21.6,4.5,0.225,0.368,0.267,0.143,0.265,0.25,0.364,0.279,0.289,0.29,0.115,0.331,0.344,-0.025,0.004,-0.01,88.1,15.5,30.4,5.6,39.1,100.452019875,94.3967335,70.5,34.4,59.9,84.4,24.8,50.7,47.2,42.9,22.4,24.2,10.6,7.8,74.5,11.4,22.1,42.0,7.2,52.1,-6.0,28.8,4.27,7.0,20.0,20.0,161.0,72.1,65.8,jasson dominguez,NYY,Jasson Dominguez,NYY,"LF,CF,RF,DH",292.2,177.0,265.0,273.0,195.0,23.4,3.4210526315789473,0.8783783783783784,343,OF,OF,False,177.0,375.06451612903226,3.180509813450934,-180.06451612903226,0.24054281812801337,-166.0,False,False,279,True,38.83270489853949,7.8904227478350775,0.4360398087113868,5.090832544914049,26.36313258537522,21.844751137870038,211.74288372324526,0.9537967735281317,-16.742883723245257,-0.07541839514975335,473.0,-278.0,"{'C': 415, 'SS': 586, '2B': 586, '3B': 569, '1B': 598, 'OF': 519, 'UT': 473}",0.8783783783783784,0.3738738738738739,-8.651128467850333,,,,,,21.62162162162162,16.216216216216218,27.027027027027025,0.009999999999999953,1.0862470862470863,2,751,-0.20786870786870792,1.0862470862470863,1,False,-0.20786870786870792,-5.199999999999999,-1.4000000000000004,0.5,36.0,1.0,36.0,0.0,Left shoulder AC joint sprain,36.0,2026-04-27,2026-09-10,57.0,124.0,91.0,33.0,363.0,0.626,33.0,1.0,0.15,,young / establishing,53.7,2.9,1.166,"23 years old, an age that jumps 11% of the time · deserved 0.95/PA on contact quality, got 0.88 · sprint 28.8 ft/s (85th pct)",xwOBA 0.289 (28th) · barrels 5.6% (34th) · EV 88.1 (42nd) · hard-hit 39% (53rd) · K 22% (56th) · BB 4% (8th) · chase 34% (27th) · bat speed 74.5 mph (84th) · sprint 28.8 (84th),"{""n"":20,""b"":0,""c"":[[""Parker Meadows"",2025,26,0.83,0.97,38,0],[""Dylan Carlson"",2023,25,0.85,0.72,192,0],[""Jacob Young"",2025,26,0.87,1.02,478,0],[""Akil Baddoo"",2023,25,0.97,0.67,55,0],[""Jes\u00fas S\u00e1nchez"",2022,25,0.9,1.01,406,0]]}",1.0124733980727616,0.9899874843554444,0.000982437627337522,1.0124733980727616,344.0,0.971,348.0,607.0,197,84,FA,candidate,1.0862470862470863,-0.20786870786870792,False
691406,Junior Caminero,2026,2003-07-05,3B,R,Tampa Bay Rays,161,700,614,170,25,1,42,100,101,79,4,3,3,128,3,102,21,0,0,0,1,0,160,0,0,0,22.0,700.0,18.3,11.3,0.277,0.526,0.361,0.249,0.286,0.273,0.5,0.377,0.364,0.345,0.227,0.43,0.411,0.004,0.026,0.013,92.7,10.4,27.2,13.1,49.6,105.143721347,97.096077157,62.8,30.5,62.5,84.7,24.0,44.3,45.2,48.9,22.3,20.0,8.8,8.7,79.5,18.5,22.9,84.9,8.3,62.1,35.0,26.7,4.55,41.0,56.0,72.0,489.0,72.8,55.0,junior caminero,TB,Junior Caminero,TB,3B,16.6,14.0,16.0,17.0,765.0,23.0,4.751552795031056,1.0928571428571427,10,3B,3B,False,14.0,651.0652173913044,4.716129032258064,113.93478260869563,0.035423762772992085,4.0,False,False,1,False,101.28018726811328,28.937655488326186,1.7721272190078168,35.63203002455273,91.34056363577945,94.45471778476345,731.417281420543,1.0448818306007757,33.58271857945704,0.047975312256367086,473.0,292.0,"{'C': 415, 'SS': 586, '2B': 586, '3B': 569, '1B': 598, 'OF': 519, 'UT': 473}",1.0928571428571427,0.6828571428571428,6.263175662325235,85.28301886792453,98.86792452830188,97.73584905660377,-13.584905660377359,-12.452830188679243,2.5714285714285716,36.0,67.71428571428571,-0.013000000000000012,1.119448698315467,2,1566,-0.026591555458324256,1.119448698315467,1,True,-0.026591555458324256,-0.8000000000000007,-0.9000000000000004,1.0,0.0,0.0,0.0,0.0,,0.0,2026-03-26,2026-09-12,148.0,150.0,150.0,0.0,643.0,0.987,0.0,0.0,0.15,,established,37.4,15.0,1.199,"700 PA, already has the job · 23 years old, an age that jumps 11% of the time · avg EV 92.7 (96th pct) · bat speed up 1.0 mph",xwOBA 0.364 (94th) · barrels 13.1% (91st) · EV 92.7 (96th) · hard-hit 50% (94th) · K 18% (75th) · BB 11% (82nd) · chase 30% (49th) · bat speed 79.5 mph (100th) · sprint 26.7 (28th),"{""n"":20,""b"":2,""c"":[[""Gunnar Henderson"",2024,23,1.17,1.1,715,0],[""Bo Bichette"",2022,24,1.06,1.04,624,0],[""Rafael Devers"",2022,26,1.1,1.08,706,0],[""Bo Bichette"",2021,23,1.19,1.06,738,0],[""Rafael Devers"",2021,25,1.14,1.1,676,0]]}",1.0933369809380027,1.0921477858328237,0.000982437627337522,1.0933369809380027,683.0,1.0,747.0,656.0,6,16,BAMBI,established,1.119448698315467,-0.026591555458324256,True
691458,Blaze Jordan,2026,2002-12-19,3B,R,St. Louis Cardinals,58,199,186,46,8,4,3,16,28,7,2,0,0,30,4,31,5,0,0,0,10,0,52,0,0,0,23.0,199.0,15.1,3.5,0.247,0.382,0.276,0.135,0.274,0.266,0.425,0.284,0.317,0.299,0.159,0.314,0.355,-0.019,-0.043,-0.033,88.4,9.1,33.1,10.1,45.0,100.055589,94.265054591,73.4,35.7,64.6,86.5,20.8,54.3,38.8,45.6,20.6,26.9,6.9,7.3,72.7,12.3,25.6,26.5,5.9,40.7,-5.0,25.8,4.7,11.0,13.0,22.0,160.0,76.7,66.8,blaze jordan,STL,,,,,,,,165.0,23.5,2.8448275862068964,0.8291457286432161,367,1B/3B,3B,True,339.0,171.72,2.3941801142166454,-6.719999999999999,0.4506474719902509,-28.0,False,False,339,False,33.02905309506205,9.003523099616968,1.7597945155799253,5.68362928974106,21.393556629264772,23.69710682441094,177.61666345367573,0.8925460475059082,-12.616663453675727,-0.06340031886269204,473.0,-308.0,"{'C': 415, 'SS': 586, '2B': 586, '3B': 569, '1B': 598, 'OF': 519, 'UT': 473}",0.8291457286432161,0.4623115577889447,-8.956443310224122,,,,,,0.0,9.045226130653266,21.105527638190953,0.03300000000000003,,0,199,,,0,False,0.47914572864321614,,,,30.0,1.0,30.0,0.0,Left ankle sprain,30.0,2026-06-12,2026-08-27,58.0,76.0,70.0,6.0,424.0,0.829,78.0,1.0,0.15,,young / establishing,54.8,11.9,0.43,"24 years old, an age that jumps 8% of the time · deserved 0.89/PA on contact quality, got 0.83 · sprint 25.8 ft/s (13th pct)",xwOBA 0.317 (62nd) · barrels 10.1% (72nd) · EV 88.4 (47th) · hard-hit 45% (81st) · K 15% (88th) · BB 4% (3rd) · chase 36% (21st) · bat speed 72.7 mph (62nd) · sprint 25.8 (13th),"{""n"":20,""b"":3,""c"":[[""Josh Naylor"",2021,24,0.9,1.01,502,0],[""Andr\u00e9s Chaparro"",2024,25,0.89,0.6,44,0],[""Graham Pauley"",2025,25,0.81,0.87,130,0],[""Miguel Amaya"",2023,24,0.87,0.91,329,0],[""Cal Mitchell"",2022,23,0.81,0.2,1,0]]}",0.968476171450776,0.8291457286432161,0.000982437627337522,0.968476171450776,268.0,0.976,260.0,581.0,283,159,FA,candidate,,0.47914572864321614,False
691594,Javier Sanoja,2026,2002-09-03,3B,R,Miami Marlins,143,486,457,136,32,5,11,50,69,27,0,11,5,39,1,88,15,0,1,0,0,22,119,10,27,0,23.0,486.0,8.0,5.6,0.298,0.462,0.336,0.164,0.306,0.272,0.357,0.345,0.294,0.309,0.085,0.356,0.297,0.026,0.105,0.051,87.0,12.1,33.6,2.9,31.7,97.18184522,92.612532756,66.2,39.6,81.8,92.3,11.8,52.3,40.0,42.9,19.5,27.6,10.0,7.4,69.3,9.1,33.1,8.0,5.0,51.7,12.0,28.6,4.25,11.0,52.0,72.0,420.0,72.2,67.8,javier sanoja,MIA,Javier Sanoja,MIA,"2B,3B,SS,LF,CF,RF",759.0,304.0,1224.0,,513.0,23.8,3.5874125874125875,1.0555555555555556,123,2B/3B/SS/OF,2B/3B/OF,False,304.0,171.72,2.3941801142166454,341.28,1.193232473195942,181.0,True,False,120,False,101.34626909451063,14.116018142418975,1.796156431630186,7.04555633144022,56.444310254530365,44.519108337004646,435.41641859153503,0.8959185567727058,77.58358140846497,0.15963699878284976,473.0,40.0,"{'C': 415, 'SS': 586, '2B': 586, '3B': 569, '1B': 598, 'OF': 519, 'UT': 473}",1.0555555555555556,0.676954732510288,-0.9521924294255446,75.84905660377359,98.11320754716981,59.24528301886792,-22.264150943396217,16.603773584905667,13.580246913580247,13.580246913580247,33.33333333333333,-0.05099999999999999,1.0555555555555556,2,864,0.0,0.935672514619883,1,False,0.11988304093567259,-4.0,1.0999999999999999,1.0,0.0,0.0,0.0,0.0,,0.0,2026-03-27,2026-09-12,131.0,149.0,149.0,0.0,435.0,0.879,0.0,0.0,0.15,,young / establishing,26.9,13.0,1.136,"24 years old, an age that jumps 8% of the time · 1.06/PA is his best rate yet, so the bar is one step up · 486 PA, already has the job · bat speed up 1.0 mph",xwOBA 0.294 (33rd) · barrels 2.9% (11th) · EV 87.0 (24th) · hard-hit 32% (20th) · K 8% (99th) · BB 6% (17th) · chase 40% (8th) · bat speed 69.3 mph (17th) · sprint 28.6 (81st),"{""n"":20,""b"":2,""c"":[[""Jacob Wilson"",2025,23,1.02,0.92,310,0],[""Sal Frelick"",2025,25,1.07,0.84,319,0],[""Geraldo Perdomo"",2024,25,0.97,1.13,814,1],[""Nicky Lopez"",2021,26,1.01,0.74,354,0],[""Steven Kwan"",2022,25,1.05,0.98,706,0]]}",0.9713750157595522,1.0199652777777777,-0.012246653109530594,0.9713750157595522,424.0,1.0,412.0,583.0,130,146,CS,candidate,0.935672514619883,0.11988304093567259,False
691718,Pete Crow-Armstrong,2026,2002-03-25,OF,L,Chicago Cubs,161,725,625,174,31,8,45,119,107,83,12,41,7,187,4,90,6,0,5,0,0,0,0,0,157,4,24.0,725.0,25.8,11.4,0.278,0.57,0.372,0.292,0.325,0.263,0.508,0.399,0.374,0.354,0.245,0.508,0.467,0.015,0.062,0.025,90.6,22.1,38.1,13.3,48.5,102.33625445,95.784270506,68.6,34.3,58.0,82.8,26.4,50.0,51.2,31.2,33.6,23.5,11.7,7.5,75.1,12.5,20.5,53.7,15.6,51.4,51.0,29.5,4.26,64.0,43.0,64.0,443.0,76.0,62.9,pete crowarmstrong,CHC,Pete Crow-Armstrong,CHC,CF,30.4,25.0,29.0,29.0,978.0,24.3,6.074534161490683,1.3489655172413793,1,OF,OF,False,25.0,650.0,4.559006211180124,328.0,1.5155279503105588,24.0,False,False,1,False,90.1755115346957,31.779253679628315,5.914958036656311,36.50527674901968,111.05070015771962,94.76189555112332,909.6875957088429,1.254741511322542,68.31240429115712,0.09422400591883728,473.0,505.0,"{'C': 415, 'SS': 586, '2B': 586, '3B': 569, '1B': 598, 'OF': 519, 'UT': 473}",1.3489655172413793,0.7158620689655173,11.85047808051011,100.0,99.24528301886792,100.0,0.7547169811320771,0.0,33.93103448275862,37.241379310344826,68.6896551724138,-0.025000000000000022,1.3489655172413793,3,1801,0.0,1.1854714064914993,2,True,0.16349411074987996,1.8000000000000007,0.20000000000000107,2.3999999999999915,0.0,0.0,0.0,0.0,,0.0,2026-03-26,2026-09-12,149.0,152.0,152.0,0.0,655.0,0.98,0.0,0.0,0.15,,established,36.6,8.1,1.429,"725 PA, already has the job · 24 years old, an age that jumps 8% of the time · 1.35/PA is his best rate yet, so the bar is one step up · bat speed up 2.4 mph",xwOBA 0.374 (96th) · barrels 13.3% (91st) · EV 90.6 (81st) · hard-hit 48% (90th) · K 26% (30th) · BB 11% (83rd) · chase 34% (28th) · bat speed 75.1 mph (89th) · sprint 29.5 (95th),"{""n"":20,""b"":1,""c"":[[""Gunnar Henderson"",2024,23,1.17,1.1,715,0],[""Julio Rodr\u00edguez"",2023,22,1.23,1.06,650,0],[""Corbin Carroll"",2025,25,1.29,1.08,723,0],[""Corbin Carroll"",2023,23,1.36,1.14,781,0],[""Julio Rodr\u00edguez"",2025,24,1.18,1.0,651,0]]}",1.2256524339368173,1.2713962142048212,-0.012246653109530594,1.2256524339368173,593.0,1.0,727.0,735.0,11,1,GLIZZY,established,1.1854714064914993,0.16349411074987996,True
691720,Kyle Karros,2026,2002-07-26,3B,R,Colorado Rockies,130,471,407,103,21,3,13,63,49,54,7,5,0,98,3,66,10,0,0,0,0,0,128,0,0,0,23.0,471.0,20.8,11.5,0.253,0.415,0.348,0.162,0.301,0.252,0.405,0.337,0.336,0.347,0.153,0.374,0.372,0.001,0.01,0.001,89.6,12.7,40.7,8.4,41.0,100.448458645,94.505560645,67.4,24.8,47.2,88.0,24.4,44.3,40.7,42.6,24.7,26.9,5.8,7.0,70.1,10.4,27.1,6.9,7.4,42.6,7.0,27.0,4.62,18.0,31.0,54.0,312.0,74.3,62.1,kyle karros,COL,,,,,,,,450.0,23.9,3.4615384615384617,0.9554140127388535,163,3B,3B,True,339.0,171.72,2.3941801142166454,278.28,1.0673583473218162,176.0,False,False,127,False,68.2899766185638,19.188357780425918,2.1743545834568105,12.911311017553485,56.80790852731726,52.69016927573122,442.89707780304843,0.9403334985202727,7.1029221969515675,0.01508051421858081,473.0,-23.0,"{'C': 415, 'SS': 586, '2B': 586, '3B': 569, '1B': 598, 'OF': 519, 'UT': 473}",0.9554140127388535,0.5138004246284501,-3.187575812612744,41.88679245283019,55.094339622641506,39.24528301886793,-13.207547169811313,2.6415094339622627,6.369426751592356,16.56050955414013,68.78980891719745,-0.0010000000000000009,0.9554140127388535,1,627,0.0,,0,False,0.6054140127388535,-5.5,7.4,1.0,24.0,2.0,24.0,0.0,Concussion; Concussion,24.0,2026-03-27,2026-09-12,119.0,150.0,128.0,22.0,492.0,0.93,0.0,0.0,0.15,,young / establishing,31.8,10.9,1.035,"24 years old, an age that jumps 8% of the time · 471 PA, already has the job · avg EV 89.6 (68th pct) · barrel rate up 7.4 pts on last year · bat speed up 1.0 mph",xwOBA 0.336 (81st) · barrels 8.4% (60th) · EV 89.6 (66th) · hard-hit 41% (61st) · K 21% (61st) · BB 12% (84th) · chase 25% (83rd) · bat speed 70.1 mph (25th) · sprint 27.0 (36th),"{""n"":20,""b"":2,""c"":[[""Brett Baty"",2025,26,0.98,0.89,418,0],[""Miguel Vargas"",2025,26,0.93,1.12,785,1],[""Wenceel P\u00e9rez"",2025,26,1.01,0.83,146,0],[""Lenyn Sosa"",2025,25,0.94,0.65,76,0],[""Ezequiel Duran"",2023,24,1.0,0.76,218,0]]}",0.9106907539962792,0.9171094580233793,-0.012246653109530594,0.9106907539962792,389.0,0.981,354.0,546.0,191,312,FA,candidate,,0.6054140127388535,False
691723,Coby Mayo,2026,2001-12-10,3B,R,Baltimore Orioles,132,454,412,94,18,3,24,64,63,36,5,4,0,138,1,49,7,0,0,0,19,0,76,0,0,37,24.0,454.0,30.4,7.9,0.228,0.461,0.297,0.233,0.279,0.235,0.478,0.329,0.336,0.304,0.243,0.438,0.451,-0.007,-0.017,-0.007,91.3,19.0,34.5,13.5,47.3,103.504519203,96.350757345,63.5,31.3,47.1,83.4,29.6,46.4,50.9,34.5,35.3,20.0,10.2,7.4,75.7,11.6,19.9,58.3,13.6,48.2,5.0,27.9,4.46,33.0,24.0,37.0,275.0,66.9,59.3,coby mayo,BAL,Coby Mayo,BAL,"1B,3B,DH",383.8,232.0,387.0,389.0,457.0,24.6,3.462121212121212,1.0066079295154184,154,1B/3B,3B,False,232.0,338.3666666666667,3.0792137196109657,118.63333333333333,0.38290749251024625,78.0,False,False,121,False,46.731944389835064,23.63481678496782,2.878533260559154,23.574705564637956,60.1485387741051,61.16335266697148,461.06789144107654,1.0155680428217544,-4.06789144107654,-0.008960113306335948,473.0,-16.0,"{'C': 415, 'SS': 586, '2B': 586, '3B': 569, '1B': 598, 'OF': 519, 'UT': 473}",1.0066079295154184,0.48237885462555063,-1.9648039510241406,60.37735849056604,41.88679245283019,52.45283018867924,18.490566037735846,7.924528301886795,5.286343612334802,31.718061674008812,47.57709251101322,0.007000000000000006,1.0066079295154184,2,794,0.0,0.8639455782312925,1,False,0.14266235128412597,1.7999999999999972,3.4000000000000004,1.0,0.0,0.0,0.0,0.0,,0.0,2026-03-26,2026-09-12,120.0,152.0,152.0,0.0,394.0,0.789,0.0,0.0,0.15,,young / establishing,36.4,13.7,1.087,"1.01/PA is his best rate yet, so the bar is one step up · avg EV 91.3 (89th pct) · 25 years old, an age that jumps 5% of the time · barrel rate up 3.4 pts on last year · bat speed up 1.0 mph",xwOBA 0.336 (81st) · barrels 13.5% (92nd) · EV 91.3 (89th) · hard-hit 47% (87th) · K 30% (13th) · BB 8% (41st) · chase 31% (45th) · bat speed 75.7 mph (93rd) · sprint 27.9 (60th),"{""n"":20,""b"":0,""c"":[[""Jack Suwinski"",2023,25,1.05,0.84,234,0],[""Addison Barger"",2025,26,1.03,0.5,14,0],[""Ezequiel Duran"",2023,24,1.0,0.76,218,0],[""Nolan Gorman"",2023,23,1.07,0.88,355,0],[""Jes\u00fas S\u00e1nchez"",2023,26,1.01,1.02,546,0]]}",1.0243493303186963,0.9666878172588832,-0.01249045949552797,1.0243493303186963,396.0,1.0,406.0,615.0,134,59,FA,candidate,0.8639455782312925,0.14266235128412597,False
691740,Daniel Susac,2026,2001-05-14,C,R,San Francisco Giants,53,161,144,35,8,1,3,11,22,8,3,2,2,36,4,23,2,13,0,47,0,0,1,0,0,0,25.0,161.0,22.4,5.0,0.243,0.375,0.289,0.132,0.294,0.249,0.369,0.29,0.296,0.3,0.12,0.342,0.351,-0.006,0.006,-0.006,86.3,16.9,42.1,5.3,32.5,97.0900975,92.54504875,72.3,41.8,58.5,88.6,23.8,55.6,42.1,38.6,28.9,26.3,6.1,7.5,68.7,7.1,21.4,3.9,13.1,49.1,-5.0,26.9,4.59,6.0,9.0,20.0,114.0,81.8,65.2,daniel susac,SF,,,,,,,,163.0,25.1,3.0754716981132075,1.0124223602484472,369,C,C,True,339.0,171.72,2.3941801142166454,-8.719999999999999,0.6812915838965621,-30.0,False,False,339,False,26.183454938114075,5.600506430916761,0.536622323824262,3.535416307144906,17.435785085495397,16.814845459457654,164.24263054495304,1.0201405623910127,-1.2426305449530446,-0.007718202142565467,415.0,-252.0,"{'C': 415, 'SS': 586, '2B': 586, '3B': 569, '1B': 598, 'OF': 519, 'UT': 473}",1.0124223602484472,0.37888198757763975,-9.437728393635915,,,,,,7.453416149068323,11.180124223602485,29.81366459627329,0.006000000000000005,,0,161,,,0,False,0.6624223602484473,,,,93.0,3.0,93.0,0.0,Low back strain; Left knee patella fracture,93.0,2026-04-01,2026-08-09,53.0,122.0,75.0,47.0,320.0,0.707,7.0,0.0,0.15,,established,26.7,1.5,0.43,"25 years old, an age that jumps 5% of the time · deserved 1.02/PA on contact quality, got 1.01 · sprint 26.9 ft/s (34th pct)",xwOBA 0.296 (36th) · barrels 5.3% (31st) · EV 86.3 (15th) · hard-hit 32% (22nd) · K 22% (52nd) · BB 5% (11th) · chase 42% (5th) · bat speed 68.7 mph (11th) · sprint 26.9 (34th),"{""n"":20,""b"":0,""c"":[[""Edward Olivares"",2021,25,0.96,0.98,170,0],[""Enmanuel Valdez"",2023,24,1.03,0.81,181,0],[""Christian Arroyo"",2021,26,1.0,0.98,294,0],[""Conner Capel"",2023,26,0.97,1.0,8,0],[""Alan Trejo"",2022,26,0.96,0.86,195,0]]}",0.965779782992558,1.0124223602484472,-0.01249045949552797,0.965779782992558,233.0,0.926,225.0,579.0,337,166,FA,candidate,,0.6624223602484473,False
691777,Max Muncy,2026,2002-08-25,3B,R,Athletics,82,284,256,59,9,2,9,31,30,21,4,3,2,91,3,39,3,0,0,0,0,0,56,1,4,22,23.0,284.0,32.0,7.4,0.23,0.387,0.296,0.157,0.314,0.218,0.366,0.3,0.288,0.285,0.149,0.403,0.381,0.012,0.021,0.012,89.1,15.9,33.3,10.7,43.5,101.562068929,95.003906131,68.8,33.2,42.6,81.1,32.4,50.0,44.0,41.1,22.6,22.0,14.3,7.5,74.1,11.2,18.9,45.5,10.1,53.5,-2.0,27.7,4.46,13.0,25.0,21.0,168.0,79.5,68.0,max muncy,ATH,,,,,,,,250.0,23.8,3.048780487804878,0.8802816901408451,290,3B,3B,True,339.0,171.72,2.3941801142166454,78.28,0.6546003735882326,49.0,False,False,255,False,35.71423022902859,10.418134988810097,1.3010393352940668,8.374595446867254,32.302900231642916,30.912468260257064,243.97536849189999,0.8590681989151407,6.024631508100015,0.021213491225704373,473.0,-223.0,"{'C': 415, 'SS': 586, '2B': 586, '3B': 569, '1B': 598, 'OF': 519, 'UT': 473}",0.8802816901408451,0.3274647887323944,-7.318995270910024,,,,,,6.338028169014084,19.014084507042252,44.36619718309859,-0.01200000000000001,0.8802816901408451,2,504,0.0,0.7636363636363637,1,False,0.11664532650448145,1.1000000000000014,0.5999999999999996,1.0,46.0,2.0,106.0,0.0,Left knee chondromalacia,82.0,2026-03-27,2026-09-12,79.0,149.0,111.0,38.0,375.0,0.712,0.0,0.0,0.15,,young / establishing,32.6,4.8,0.96,"24 years old, an age that jumps 8% of the time · 0.88/PA is his best rate yet, so the bar is one step up · 504 career PA, still new · bat speed up 1.0 mph",xwOBA 0.288 (27th) · barrels 10.7% (77th) · EV 89.1 (57th) · hard-hit 44% (75th) · K 32% (7th) · BB 7% (34th) · chase 33% (33rd) · bat speed 74.1 mph (79th) · sprint 27.7 (55th),"{""n"":20,""b"":2,""c"":[[""Coby Mayo"",2025,24,0.86,1.01,457,0],[""Henry Davis"",2023,24,0.85,0.6,73,0],[""Hunter Goodman"",2024,25,0.92,1.13,654,1],[""Rodolfo Castro"",2022,23,0.88,0.72,184,0],[""Trevor Larnach"",2021,24,0.84,0.93,168,0]]}",0.9150944163279908,0.8432692307692308,-0.012246653109530594,0.9150944163279908,279.0,0.934,255.0,549.0,288,299,Dpf,candidate,0.7636363636363637,0.11664532650448145,False
691781,Brady House,2026,2003-06-04,3B,R,Washington Nationals,94,351,317,78,18,0,10,43,45,28,3,3,0,91,3,50,10,0,0,0,1,0,82,0,0,11,23.0,351.0,25.9,8.0,0.246,0.397,0.311,0.151,0.311,0.266,0.435,0.312,0.333,0.329,0.169,0.383,0.416,-0.02,-0.038,-0.021,90.0,10.3,31.4,9.6,47.6,102.201305526,95.429088904,70.9,34.4,55.8,78.6,29.9,50.8,31.0,46.3,26.6,23.1,3.9,7.5,73.5,12.8,23.2,33.4,9.8,47.6,-2.0,28.1,4.41,17.0,22.0,39.0,229.0,75.9,63.8,brady house,WSH,Brady House,WSH,"3B,DH",565.3,276.0,869.0,433.0,322.0,23.1,3.425531914893617,0.9173789173789174,238,3B,3B,False,276.0,215.0,2.8044687189672293,107.0,0.6210631959263879,38.0,False,False,237,False,54.4366509240921,17.627325051836966,0.828397124049789,11.42962690002115,44.784676878770476,40.368108327483036,337.3697852062535,0.9611674792200954,-15.369785206253482,-0.043788561841177964,473.0,-151.0,"{'C': 415, 'SS': 586, '2B': 586, '3B': 569, '1B': 598, 'OF': 519, 'UT': 473}",0.9173789173789174,0.43874643874643876,-5.3433425191337856,26.037735849056602,25.28301886792453,18.49056603773585,0.7547169811320735,7.547169811320753,5.128205128205129,17.094017094017094,47.863247863247864,0.02100000000000002,0.9173789173789174,2,625,0.0,0.7883211678832117,1,False,0.1290577494957057,-2.6000000000000014,5.3,1.0999999999999943,0.0,0.0,0.0,0.0,,0.0,2026-03-26,2026-09-12,84.0,150.0,150.0,0.0,320.0,0.56,0.0,0.0,0.15,,young / establishing,53.7,12.5,0.997,"23 years old, an age that jumps 11% of the time · 0.92/PA is his best rate yet, so the bar is one step up · deserved 0.96/PA on contact quality, got 0.92 · barrel rate up 5.3 pts on last year · bat speed up 1.1 mph",xwOBA 0.333 (78th) · barrels 9.6% (69th) · EV 90.0 (74th) · hard-hit 48% (88th) · K 26% (28th) · BB 8% (42nd) · chase 34% (27th) · bat speed 73.5 mph (72nd) · sprint 28.1 (67th),"{""n"":20,""b"":2,""c"":[[""Ezequiel Duran"",2023,24,1.0,0.76,218,0],[""Colt Keith"",2025,24,0.93,0.93,393,0],[""Zach Neto"",2023,22,0.88,1.08,649,1],[""Riley Greene"",2022,22,0.86,1.01,420,0],[""Andy Pages"",2024,24,0.95,1.08,674,1]]}",0.9537140843460716,0.8762126503686458,0.000982437627337522,0.9537140843460716,358.0,1.0,341.0,572.0,203,194,FA,candidate,0.7883211678832117,0.1290577494957057,False
691783,Jordan Lawlar,2026,2002-07-17,OF,R,Arizona Diamondbacks,43,133,121,31,5,1,6,17,16,5,6,5,1,39,0,19,1,0,0,0,0,1,0,0,48,0,23.0,133.0,29.3,3.8,0.256,0.463,0.318,0.207,0.329,0.245,0.397,0.341,0.311,0.308,0.151,0.453,0.405,0.011,0.066,0.03,88.1,18.3,37.3,7.2,31.3,98.4241435,93.531386962,67.5,26.7,50.0,83.1,27.1,45.9,43.4,36.1,36.1,25.3,2.4,7.2,69.5,9.2,26.2,3.9,15.5,58.4,3.0,28.7,4.4,11.0,10.0,10.0,83.0,76.7,56.4,jordan lawlar,ARI,Jordan Lawlar,ARI,"3B,LF,CF",301.4,182.0,301.0,298.0,145.0,24.0,3.372093023255814,1.0902255639097744,393,3B/SS/OF,OF,False,182.0,375.06451612903226,3.180509813450934,-230.06451612903226,0.1915832098048802,-211.0,False,False,339,True,20.038212294087366,5.008194470401043,0.5329741769358102,4.06561905857578,16.753042966132064,14.309584883594859,133.62362784972692,1.0046889312009541,11.376372150273085,0.08553663270882028,473.0,-328.0,"{'C': 415, 'SS': 586, '2B': 586, '3B': 569, '1B': 598, 'OF': 519, 'UT': 473}",1.0902255639097744,0.45112781954887216,-8.633982358491956,,,,,,22.55639097744361,27.06766917293233,22.55639097744361,-0.030000000000000027,,0,241,,,0,False,0.7402255639097745,,,,128.0,2.0,128.0,0.0,Right wrist fracture; Right hamstring strain,128.0,2026-03-26,2026-09-12,33.0,150.0,36.0,114.0,435.0,0.917,0.0,0.0,0.15,,young / establishing,28.6,1.1,0.43,"24 years old, an age that jumps 8% of the time · 241 career PA, still new · sprint 28.7 ft/s (83rd pct)",xwOBA 0.311 (54th) · barrels 7.2% (49th) · EV 88.1 (42nd) · hard-hit 31% (18th) · K 29% (16th) · BB 4% (5th) · chase 27% (73rd) · bat speed 69.5 mph (19th) · sprint 28.7 (82nd),"{""n"":20,""b"":0,""c"":[[""Jake Meyers"",2021,25,1.08,0.76,122,0],[""Oswaldo Cabrera"",2022,23,1.06,0.8,264,0],[""Ryan Bliss"",2024,24,1.1,0.82,32,0],[""Jared Triolo"",2023,25,1.05,0.82,364,0],[""Kerry Carpenter"",2022,25,1.0,1.1,503,0]]}",0.923751160104719,1.0902255639097744,-0.012246653109530594,0.923751160104719,317.0,0.898,293.0,554.0,252,275,BAMBI,candidate,,0.7402255639097745,False
691785,Marcelo Mayer,2026,2002-12-12,2B,L,multi,75,241,216,45,10,0,3,19,22,18,3,3,0,50,3,32,4,0,0,0,0,46,2,24,0,2,23.0,241.0,20.7,7.5,0.208,0.296,0.275,0.088,0.253,0.197,0.291,0.258,0.257,0.269,0.095,0.28,0.277,0.011,0.005,0.001,86.0,8.6,26.6,6.0,35.5,97.978207738,93.028730299,72.0,28.9,43.8,85.1,27.7,49.2,36.1,51.5,24.9,16.0,7.7,7.9,74.6,8.7,20.2,46.4,8.9,42.5,-11.0,27.3,4.45,7.0,20.0,18.0,169.0,79.7,62.2,marcelo mayer,multi,Marcelo Mayer,SF,"2B,3B,SS",348.8,212.0,363.0,416.0,176.0,23.5,2.3466666666666667,0.7302904564315352,363,2B/3B/SS,2B/SS,False,212.0,338.3666666666667,3.0833333333333335,-162.36666666666667,-0.7366666666666668,-151.0,False,False,283,True,30.84496529168374,7.092376281367097,0.41635156221458924,4.198306864734575,24.118601444645872,22.700260188085917,178.4428616327318,0.7404268117540739,-2.442861632731791,-0.010136355322538648,473.0,-297.0,"{'C': 415, 'SS': 586, '2B': 586, '3B': 569, '1B': 598, 'OF': 519, 'UT': 473}",0.7302904564315352,0.3153526970954357,-9.49295904150017,,,,,,7.468879668049792,7.468879668049792,44.81327800829875,-0.0010000000000000009,0.7302904564315352,1,377,0.0,,0,False,0.38029045643153525,,,,87.0,1.0,152.0,0.0,Bone stress reaction to the left ulna,126.0,2026-03-26,2026-06-25,70.0,87.0,81.0,6.0,419.0,0.864,0.0,0.0,0.15,,young / establishing,29.5,12.2,0.81,"24 years old, an age that jumps 8% of the time · 377 career PA, still new · deserved 0.74/PA on contact quality, got 0.73",xwOBA 0.257 (7th) · barrels 6.0% (36th) · EV 86.0 (13th) · hard-hit 36% (34th) · K 21% (61st) · BB 8% (35th) · chase 29% (60th) · bat speed 74.6 mph (85th) · sprint 27.3 (45th),"{""n"":20,""b"":2,""c"":[[""Vidal Bruj\u00e1n"",2022,24,0.7,0.71,60,0],[""Jonathan Ara\u00faz"",2021,23,0.77,0.49,20,0],[""Casey Schmitt"",2023,24,0.75,0.95,107,0],[""Oswaldo Cabrera"",2023,24,0.8,0.9,293,0],[""Nick Allen"",2022,24,0.67,0.69,227,0]]}",0.9170984767498787,0.7302904564315352,0.000982437627337522,0.9170984767498787,315.0,0.899,289.0,550.0,256,295,FA,candidate,,0.38029045643153525,False
691788,Joe Mack,2026,2002-12-27,C,L,Miami Marlins,105,330,303,71,9,0,14,40,52,19,2,0,0,82,2,48,12,26,0,104,0,0,0,0,0,0,23.0,330.0,24.8,5.8,0.234,0.403,0.282,0.169,0.273,0.225,0.396,0.299,0.292,0.275,0.171,0.371,0.361,0.009,0.007,0.007,88.8,9.9,26.9,8.4,38.3,99.584000631,94.018511081,68.7,28.1,54.1,83.1,25.5,48.0,47.6,50.2,24.7,19.4,5.7,7.4,74.3,11.2,23.5,43.4,13.2,57.4,-5.0,26.1,4.58,18.0,25.0,28.0,227.0,79.1,62.7,joe mack,MIA,,,,,,,,346.0,23.5,3.295238095238095,1.0484848484848486,221,C,C,True,339.0,171.72,2.3941801142166454,174.28,0.9010579810214496,118.0,False,False,206,False,42.039919804075765,12.905151176231522,0.7819382353096416,12.447990784383066,34.9547814231302,39.646297839562614,323.76407926269286,0.9811032704930087,22.23592073730714,0.06738157799183986,415.0,-69.0,"{'C': 415, 'SS': 586, '2B': 586, '3B': 569, '1B': 598, 'OF': 519, 'UT': 473}",1.0484848484848486,0.4575757575757576,-5.2265304503869725,72.83018867924528,30.566037735849054,20.754716981132077,42.26415094339623,52.075471698113205,0.0,25.454545454545457,34.54545454545455,-0.007000000000000006,1.0484848484848486,1,330,0.0,,0,False,0.6984848484848486,,,,0.0,0.0,0.0,0.0,,0.0,2026-05-04,2026-09-12,96.0,115.0,115.0,0.0,391.0,0.835,38.0,1.0,0.15,,young / establishing,52.5,6.3,1.128,"24 years old, an age that jumps 8% of the time · avg EV 88.8 (55th pct) · only 330 PA in his first season, and a breakout needs 350 next year",xwOBA 0.292 (30th) · barrels 8.4% (60th) · EV 88.8 (53rd) · hard-hit 38% (50th) · K 25% (34th) · BB 6% (19th) · chase 28% (65th) · bat speed 74.3 mph (82nd) · sprint 26.1 (17th),"{""n"":20,""b"":1,""c"":[[""Kyle Teel"",2025,23,1.05,1.08,156,0],[""Gabriel Moreno"",2023,23,1.08,1.03,363,0],[""Brendan Rodgers"",2021,25,1.0,0.91,529,0],[""Enmanuel Valdez"",2023,24,1.03,0.81,181,0],[""Oswaldo Cabrera"",2022,23,1.06,0.8,264,0]]}",0.9605911660626563,1.0484848484848486,0.000982437627337522,0.9605911660626563,341.0,1.0,328.0,576.0,213,176,FA,candidate,,0.6984848484848486,False
693304,Nick Gonzales,2026,1999-05-27,3B,R,Pittsburgh Pirates,147,604,547,165,27,1,6,71,61,43,13,7,3,99,1,131,15,0,0,0,0,36,112,4,0,9,27.0,604.0,16.4,7.1,0.302,0.388,0.366,0.086,0.359,0.28,0.384,0.338,0.325,0.347,0.104,0.367,0.35,0.022,0.004,0.013,86.4,7.7,34.5,3.1,33.9,97.593345202,92.857441933,75.8,31.2,58.8,85.3,22.8,52.6,36.3,51.9,21.4,23.8,2.9,7.4,70.8,8.0,24.6,11.9,8.8,47.3,8.0,28.8,4.32,20.0,73.0,72.0,449.0,82.7,60.1,nick gonzales,PIT,Nick Gonzales,PIT,"2B,3B,SS,DH",824.0,324.0,1152.0,496.0,571.0,27.1,3.8843537414965987,0.945364238410596,98,2B/3B,2B/3B,False,324.0,171.72,2.3941801142166454,399.28,1.4901736272799533,226.0,True,False,54,False,118.33963632016116,23.10780636232311,1.3574783148703484,10.355079002645397,75.774809724907,57.790539988808135,558.7733497137152,0.9251214399233696,12.22665028628478,0.020242798487226432,473.0,98.0,"{'C': 415, 'SS': 586, '2B': 586, '3B': 569, '1B': 598, 'OF': 519, 'UT': 473}",0.945364238410596,0.48841059602649006,-0.5928495478196596,38.86792452830189,45.660377358490564,63.0188679245283,-6.792452830188672,-24.15094339622641,6.953642384105961,5.960264900662252,42.71523178807947,-0.013000000000000012,0.945364238410596,3,1527,0.0,0.9354005167958657,2,False,0.009963721614730359,-1.5,-1.4,0.29999999999999716,0.0,0.0,96.0,0.0,,48.89999999999999,2026-03-26,2026-09-11,137.0,152.0,152.0,0.0,557.0,0.901,0.0,0.0,0.15,,established,29.6,8.8,1.025,"604 PA, already has the job · 0.95/PA is his best rate yet, so the bar is one step up · sprint 28.8 ft/s (85th pct)",xwOBA 0.325 (68th) · barrels 3.1% (13th) · EV 86.4 (16th) · hard-hit 34% (27th) · K 16% (84th) · BB 7% (31st) · chase 31% (45th) · bat speed 70.8 mph (32nd) · sprint 28.8 (84th),"{""n"":20,""b"":2,""c"":[[""Amed Rosario"",2023,28,0.95,0.96,332,0],[""Isiah Kiner-Falefa"",2022,27,0.92,0.94,339,0],[""Ha-Seong Kim"",2022,27,0.91,1.09,683,1],[""Bryson Stott"",2024,27,1.0,1.03,578,0],[""Amed Rosario"",2022,27,0.99,0.95,520,0]]}",0.9000022925196652,0.9033060420768991,-0.01697502965936144,0.9000022925196652,445.0,0.961,401.0,540.0,141,335,CJF,candidate,0.9354005167958657,0.009963721614730359,False
693307,Dillon Dingler,2026,1998-09-17,C,R,Detroit Tigers,145,607,551,134,27,2,27,72,91,34,15,0,0,139,5,78,5,20,0,116,0,0,0,0,0,29,27.0,607.0,22.9,5.6,0.243,0.446,0.302,0.203,0.274,0.266,0.468,0.325,0.344,0.325,0.202,0.389,0.415,-0.023,-0.022,-0.019,88.8,17.6,39.1,10.1,43.4,100.44813399,94.484766322,65.0,33.4,59.6,88.0,22.4,48.2,42.2,37.2,29.0,24.7,9.1,7.6,71.9,12.2,25.7,16.7,13.4,55.8,9.0,27.3,4.52,42.0,30.0,61.0,417.0,74.6,60.8,dillon dingler,DET,Dillon Dingler,DET,"C,DH",259.4,160.0,224.0,342.0,627.0,27.8,4.324137931034483,1.0329489291598024,58,C,C,False,160.0,422.61764705882354,3.705765225084571,204.38235294117646,0.6183727059499118,102.0,True,True,40,False,89.0882835011684,29.402577913279853,2.325993669935108,25.74914491561665,76.97800108465741,76.79886945410095,642.2108705387584,1.0580080239518261,-15.2108705387584,-0.02505909479202373,415.0,212.0,"{'C': 415, 'SS': 586, '2B': 586, '3B': 569, '1B': 598, 'OF': 519, 'UT': 473}",1.0329489291598024,0.500823723228995,0.42937339473562697,68.67924528301886,50.18867924528302,73.9622641509434,18.49056603773584,-5.28301886792454,0.0,26.68863261943987,33.60790774299835,0.01899999999999996,1.0533049040511726,2,1163,-0.0203559748913702,1.0533049040511726,1,False,-0.0203559748913702,-0.6000000000000014,0.9000000000000004,0.20000000000000284,0.0,0.0,0.0,0.0,,0.0,2026-03-26,2026-09-13,136.0,150.0,150.0,0.0,563.0,0.907,0.0,0.0,0.15,,established,33.2,5.4,1.133,"607 PA, already has the job · deserved 1.06/PA on contact quality, got 1.03 · 1.03/PA is his best rate yet, so the bar is one step up",xwOBA 0.344 (87th) · barrels 10.1% (72nd) · EV 88.8 (53rd) · hard-hit 43% (74th) · K 23% (49th) · BB 6% (17th) · chase 33% (32nd) · bat speed 71.9 mph (48th) · sprint 27.3 (45th),"{""n"":20,""b"":1,""c"":[[""Carlos Correa"",2022,28,0.99,0.87,505,0],[""Nathaniel Lowe"",2022,27,1.04,0.95,690,0],[""Sean Murphy"",2022,28,0.98,1.14,498,0],[""Willy Adames"",2022,27,1.03,0.9,576,0],[""Dansby Swanson"",2021,27,1.0,1.09,756,1]]}",1.0038321292141823,1.0393966681674922,-0.026330886137737278,1.0038321292141823,514.0,1.0,516.0,602.0,74,96,MMM,candidate,1.0533049040511726,-0.0203559748913702,False
694192,Jackson Chourio,2026,2004-03-11,OF,R,Milwaukee Brewers,126,569,518,149,27,0,25,94,73,47,2,23,5,134,2,97,0,0,8,0,0,0,0,0,136,1,22.0,569.0,23.6,8.3,0.288,0.485,0.348,0.197,0.343,0.263,0.474,0.359,0.343,0.32,0.211,0.445,0.422,0.025,0.011,0.016,91.6,11.9,33.4,12.5,47.0,102.245813782,95.687641844,63.3,33.8,57.2,85.2,25.3,47.7,30.1,44.8,31.1,19.7,4.4,7.4,74.4,14.4,26.2,46.5,9.5,66.3,20.0,28.8,4.23,34.0,59.0,56.0,386.0,72.2,66.8,jackson chourio,MIL,Jackson Chourio,MIL,"LF,CF,RF",21.2,18.0,20.0,22.0,701.0,22.3,5.563492063492063,1.2319859402460458,29,OF,OF,False,18.0,651.0652173913044,4.664516129032258,49.93478260869563,0.8989759344598056,-11.0,False,False,1,False,79.0678210851533,30.51465564956483,1.1712254454104478,25.480297819871428,78.67319702966886,70.89136445808356,665.3305614877524,1.1692979990997407,35.66943851224755,0.06268794114630505,473.0,228.0,"{'C': 415, 'SS': 586, '2B': 586, '3B': 569, '1B': 598, 'OF': 519, 'UT': 473}",1.2319859402460458,0.6221441124780316,4.547753870421959,98.86792452830188,92.45283018867924,93.20754716981132,6.415094339622641,5.660377358490564,24.253075571177504,26.362038664323375,49.560632688927946,-0.01599999999999996,1.2319859402460458,3,1731,0.0,1.1605584642233857,2,True,0.07142747602266009,3.1000000000000014,2.8000000000000007,0.5,39.0,1.0,68.0,0.0,,56.4,2026-05-04,2026-09-12,114.0,118.0,117.0,1.0,662.0,0.974,39.0,1.0,0.15,,established,35.9,7.4,1.312,"22 years old, an age that jumps 17% of the time · 569 PA, already has the job · avg EV 91.6 (91st pct) · barrel rate up 2.8 pts on last year",xwOBA 0.343 (86th) · barrels 12.5% (87th) · EV 91.6 (91st) · hard-hit 47% (86th) · K 24% (44th) · BB 8% (47th) · chase 34% (30th) · bat speed 74.4 mph (84th) · sprint 28.8 (84th),"{""n"":20,""b"":3,""c"":[[""Julio Rodr\u00edguez"",2023,22,1.23,1.06,650,0],[""Gunnar Henderson"",2024,23,1.17,1.1,715,0],[""Julio Rodr\u00edguez"",2022,22,1.23,1.23,875,0],[""Bo Bichette"",2021,23,1.19,1.06,738,0],[""Junior Caminero"",2025,22,1.12,1.09,765,0]]}",1.136018053293713,1.1913552042401536,0.010387702304990686,1.136018053293713,692.0,0.955,786.0,682.0,2,6,BAMBI,established,1.1605584642233857,0.07142747602266009,True
694197,Angel Genao,2026,2004-05-19,2B,S,Cleveland Guardians,42,135,123,26,4,0,2,15,6,11,1,1,0,21,0,20,3,0,0,0,0,22,12,6,0,0,22.0,135.0,15.6,8.1,0.211,0.293,0.281,0.082,0.24,0.239,0.335,0.262,0.288,0.307,0.096,0.264,0.299,-0.028,-0.042,-0.026,90.6,-2.6,20.6,4.9,51.0,100.438330392,94.807043922,66.1,26.8,57.9,86.0,23.5,44.2,37.3,70.6,12.7,14.7,2.0,7.2,72.4,11.4,30.8,24.4,5.1,41.5,-6.0,28.3,4.34,2.0,16.0,8.0,102.0,72.5,62.2,angel genao,CLE,,,,,,,,95.0,22.1,2.261904761904762,0.7037037037037037,447,2B/3B/SS,2B,True,339.0,171.72,2.3941801142166454,-76.72,-0.1322753523118836,-108.0,False,False,339,False,22.922852094022193,3.674578976255817,0.26528576542178733,2.5342831643002026,15.318680688571256,12.63983280672867,110.56051349529992,0.8189667666318512,-15.560513495299915,-0.11526306292814748,473.0,-378.0,"{'C': 415, 'SS': 586, '2B': 586, '3B': 569, '1B': 598, 'OF': 519, 'UT': 473}",0.7037037037037037,0.35555555555555557,-10.58958061818571,,,,,,4.444444444444445,8.88888888888889,48.88888888888889,0.025999999999999968,,0,135,,,0,False,0.35370370370370374,,,,0.0,0.0,0.0,0.0,,0.0,2026-08-05,2026-09-11,32.0,35.0,35.0,0.0,490.0,0.914,132.0,1.0,0.72,29.0,top-100 prospect,74.7,27.8,0.43,"22 years old, an age that jumps 17% of the time · deserved 0.82/PA on contact quality, got 0.70 · avg EV 90.6 (83rd pct)",xwOBA 0.288 (27th) · barrels 4.9% (27th) · EV 90.6 (81st) · hard-hit 51% (95th) · K 16% (87th) · BB 8% (44th) · chase 27% (72nd) · bat speed 72.4 mph (56th) · sprint 28.3 (72nd),"{""n"":20,""b"":1,""c"":[[""Bryan Ramos"",2024,22,0.77,0.75,9,0],[""Curtis Mead"",2024,24,0.69,0.81,213,0],[""Cole Young"",2025,22,0.75,0.88,559,0],[""Lenyn Sosa"",2023,23,0.68,0.8,296,0],[""Darell Hernaiz"",2024,23,0.62,0.75,148,0]]}",0.948733611790169,0.7037037037037037,0.010387702304990686,0.948733611790169,252.0,1.0,239.0,569.0,312,211,FA,candidate,,0.35370370370370374,False
694203,Denzer Guzman,2026,2004-02-08,3B,R,Los Angeles Angels,86,300,279,61,9,0,8,33,33,17,1,2,1,76,0,44,8,0,0,0,0,0,83,2,0,0,22.0,300.0,25.3,5.7,0.219,0.337,0.266,0.118,0.272,0.227,0.33,0.268,0.267,0.274,0.103,0.33,0.329,-0.008,0.007,0.001,86.6,10.8,34.6,4.9,34.6,98.172515098,93.111868374,73.6,33.5,59.8,80.0,26.4,53.3,43.4,45.9,22.0,25.4,6.8,8.0,74.3,9.3,18.1,45.3,5.9,40.9,-12.0,27.7,4.48,9.0,23.0,29.0,205.0,89.2,64.3,denzer guzman,LAA,,,,,,,,237.0,22.4,2.755813953488372,0.79,302,3B/SS,3B,True,339.0,171.72,2.3941801142166454,65.28,0.36163383927172665,37.0,False,False,255,False,48.009896252381964,8.362799703578235,0.5067118356976498,6.453592208342155,31.677299585065693,29.220807448511735,232.30110703357747,0.7743370234452582,4.698892966422534,0.015662976554741803,473.0,-236.0,"{'C': 415, 'SS': 586, '2B': 586, '3B': 569, '1B': 598, 'OF': 519, 'UT': 473}",0.79,0.3433333333333333,-7.532168428513946,1.8867924528301887,5.660377358490567,2.6415094339622645,-3.773584905660378,-0.7547169811320757,4.0,16.0,34.0,-0.0010000000000000009,0.79,1,343,0.0,,0,False,0.44000000000000006,,,,0.0,0.0,0.0,0.0,,0.0,2026-06-08,2026-09-12,73.0,82.0,82.0,0.0,451.0,0.89,74.0,1.0,0.15,,young / establishing,54.1,7.3,0.87,"22 years old, an age that jumps 17% of the time · 343 career PA, still new · sprint 27.7 ft/s (56th pct)",xwOBA 0.267 (11th) · barrels 4.9% (27th) · EV 86.6 (18th) · hard-hit 35% (30th) · K 25% (32nd) · BB 6% (18th) · chase 34% (32nd) · bat speed 74.3 mph (82nd) · sprint 27.7 (55th),"{""n"":20,""b"":2,""c"":[[""Rodolfo Castro"",2022,23,0.88,0.72,184,0],[""Max Muncy"",2025,23,0.76,0.88,250,0],[""Ezequiel Duran"",2022,23,0.86,1.0,440,0],[""Andr\u00e9s Gim\u00e9nez"",2021,23,0.9,1.11,620,1],[""Miguel Vargas"",2023,24,0.85,0.68,160,0]]}",0.9084619003616492,0.79,0.010387702304990686,0.9084619003616492,309.0,1.0,281.0,545.0,265,316,FA,candidate,,0.44000000000000006,False
694208,Moisés Ballesteros,2026,2003-11-08,DH,L,multi,103,348,314,68,10,0,9,26,35,29,1,1,1,82,4,49,2,4,0,28,7,0,0,0,0,65,22.0,348.0,23.6,8.3,0.217,0.334,0.282,0.117,0.26,0.225,0.363,0.275,0.29,0.291,0.139,0.317,0.339,-0.008,-0.029,-0.015,90.2,11.0,31.4,8.5,45.8,100.87519453,94.864338419,70.0,37.3,55.0,82.9,28.6,51.5,36.0,46.6,26.3,22.0,5.1,7.1,72.2,11.6,24.7,28.9,7.2,49.8,-13.0,25.1,4.7,10.0,27.0,31.0,236.0,76.4,61.8,moises ballesteros,multi,Moises Ballesteros,LAA,"C,DH",359.3,219.0,371.0,384.0,273.0,22.6,2.650485436893204,0.7844827586206896,275,C/1B,C,False,219.0,338.3666666666667,3.0792137196109657,-65.36666666666667,-0.42872828271776164,-56.0,False,False,250,False,47.42943498672076,12.636927787436903,0.7418394649639404,9.841797760878405,33.94161260118589,39.41829421232599,297.30590681351185,0.8543273184296317,-24.305906813511854,-0.06984455980894211,415.0,-142.0,"{'C': 415, 'SS': 586, '2B': 586, '3B': 569, '1B': 598, 'OF': 519, 'UT': 473}",0.7844827586206896,0.3275862068965517,-7.98500873626748,1.509433962264151,2.2641509433962264,0.7547169811320755,-0.7547169811320753,0.7547169811320755,1.7241379310344827,15.517241379310345,50.0,0.014999999999999958,0.7844827586206896,1,414,0.0,,0,False,0.43448275862068964,,,,0.0,0.0,0.0,0.0,,0.0,2026-03-26,2026-09-12,92.0,111.0,111.0,0.0,408.0,0.829,0.0,0.0,0.15,,young / establishing,52.1,21.2,0.864,"23 years old, an age that jumps 11% of the time · deserved 0.85/PA on contact quality, got 0.78 · 414 career PA, still new",xwOBA 0.290 (29th) · barrels 8.5% (61st) · EV 90.2 (76th) · hard-hit 46% (84th) · K 24% (44th) · BB 8% (47th) · chase 37% (15th) · bat speed 72.2 mph (53rd) · sprint 25.1 (5th),"{""n"":20,""b"":2,""c"":[[""Cal Mitchell"",2022,23,0.81,0.2,1,0],[""Brett Baty"",2023,24,0.75,0.77,131,0],[""Brady House"",2025,22,0.79,0.92,322,0],[""Diego Castillo"",2022,25,0.78,0.0,0,0],[""Zach Neto"",2023,22,0.88,1.08,649,1]]}",0.9242654823258799,0.7844827586206896,0.000982437627337522,0.9242654823258799,356.0,1.0,329.0,555.0,212,269,FA,candidate,,0.43448275862068964,False
694212,Samuel Basallo,2026,2004-08-13,C,L,Baltimore Orioles,112,399,360,80,10,1,18,40,54,32,4,0,0,106,3,51,1,12,0,63,12,0,0,0,0,34,21.0,399.0,26.6,8.0,0.222,0.406,0.291,0.184,0.259,0.234,0.439,0.303,0.318,0.296,0.205,0.376,0.401,-0.012,-0.033,-0.015,90.4,11.4,30.7,12.1,42.8,102.043554531,95.284916523,69.8,39.9,54.3,79.1,31.5,52.9,43.6,44.7,27.6,22.2,5.4,7.6,74.3,12.9,23.3,44.5,12.0,53.0,-3.0,24.7,4.85,19.0,20.0,41.0,257.0,65.9,60.7,samuel basallo,BAL,Samuel Basallo,BAL,"C,1B,DH",229.0,136.0,159.0,269.0,379.0,21.9,3.3839285714285716,0.949874686716792,207,C/1B,C,False,136.0,422.61764705882354,3.705765225084571,-43.617647058823536,-0.32183665365599934,-71.0,False,False,171,False,47.84062085915012,16.938136082189228,1.5218652581712246,17.93937780048944,42.319523691799034,53.06063100773445,396.6601546995335,0.9941357260639937,-17.660154699533507,-0.044261039347201714,415.0,-36.0,"{'C': 415, 'SS': 586, '2B': 586, '3B': 569, '1B': 598, 'OF': 519, 'UT': 473}",0.949874686716792,0.41604010025062654,-5.0870957580072025,41.132075471698116,18.867924528301888,21.88679245283019,22.264150943396228,19.245283018867926,0.0,27.06766917293233,48.1203007518797,0.015000000000000013,0.949874686716792,1,517,0.0,,0,False,0.599874686716792,,,,32.0,2.0,32.0,0.0,,32.0,2026-03-26,2026-09-12,105.0,152.0,126.0,26.0,445.0,0.833,0.0,0.0,0.15,,young / establishing,34.7,19.8,1.03,"22 years old, an age that jumps 17% of the time · avg EV 90.4 (81st pct) · deserved 0.99/PA on contact quality, got 0.95",xwOBA 0.318 (63rd) · barrels 12.1% (84th) · EV 90.4 (79th) · hard-hit 43% (72nd) · K 27% (24th) · BB 8% (42nd) · chase 40% (7th) · bat speed 74.3 mph (82nd) · sprint 24.7 (2nd),"{""n"":20,""b"":3,""c"":[[""Francisco Alvarez"",2023,22,1.0,0.99,340,0],[""Andrew Vaughn"",2021,23,0.89,0.96,531,0],[""Patrick Bailey"",2023,24,0.95,0.94,422,0],[""Riley Greene"",2022,22,0.86,1.01,420,0],[""Zach Neto"",2023,22,0.88,1.08,649,1]]}",0.9772058279890666,0.949874686716792,0.010387702304990686,0.9772058279890666,428.0,0.974,418.0,586.0,126,131,GK,candidate,,0.599874686716792,False
694249,Cole Carrigg,2026,2002-05-08,OF,S,Colorado Rockies,92,368,329,92,22,4,11,49,52,28,5,11,5,87,4,55,6,0,5,0,0,0,0,22,84,0,24.0,368.0,23.6,7.6,0.28,0.471,0.342,0.191,0.345,0.25,0.404,0.35,0.315,0.314,0.153,0.43,0.378,0.03,0.067,0.035,88.0,16.5,37.1,6.1,37.5,99.147453967,93.731998347,74.1,36.1,57.4,85.8,24.7,53.3,48.0,37.5,28.6,27.0,6.9,7.5,73.2,9.5,19.1,34.7,12.1,50.4,9.0,28.7,4.23,16.0,30.0,45.0,248.0,84.2,61.2,cole carrigg,COL,,,,,,,,418.0,24.1,4.543478260869565,1.1358695652173914,182,SS/OF,SS/OF,True,339.0,171.72,2.3941801142166454,246.28,2.14929814665292,157.0,False,False,170,False,53.93731999858747,16.21858886759976,2.1638622690380886,9.930228864774685,46.680859112609866,39.769531252821594,371.28739036543146,1.0089331259930203,46.71260963456854,0.12693643922437103,473.0,-55.0,"{'C': 415, 'SS': 586, '2B': 586, '3B': 569, '1B': 598, 'OF': 519, 'UT': 473}",1.1358695652173914,0.5652173913043478,-2.851239773550597,92.45283018867924,76.60377358490567,44.528301886792455,15.849056603773576,47.92452830188679,17.934782608695652,17.934782608695652,45.652173913043484,-0.034999999999999976,1.1358695652173914,1,368,0.0,,0,False,0.7858695652173914,,,,0.0,0.0,0.0,0.0,,0.0,2026-06-09,2026-09-13,80.0,82.0,82.0,0.0,569.0,0.976,74.0,1.0,0.15,,young / establishing,55.2,4.9,1.216,"24 years old, an age that jumps 8% of the time · sprint 28.7 ft/s (83rd pct) · avg EV 88.0 (42nd pct)",xwOBA 0.315 (59th) · barrels 6.1% (38th) · EV 88.0 (40th) · hard-hit 38% (44th) · K 24% (44th) · BB 8% (37th) · chase 36% (20th) · bat speed 73.2 mph (68th) · sprint 28.7 (82nd),"{""n"":20,""b"":0,""c"":[[""Bo Naylor"",2023,23,1.14,0.89,348,0],[""Jake McCarthy"",2022,25,1.21,1.02,318,0],[""Akil Baddoo"",2021,23,1.1,0.81,183,0],[""Tyler Stephenson"",2021,25,1.03,1.26,230,0],[""Zack Gelof"",2023,24,1.16,0.92,504,0]]}",1.0285021595150572,1.1358695652173914,-0.012246653109530594,1.0285021595150572,410.0,1.0,422.0,617.0,124,52,BB,candidate,,0.7858695652173914,False
694362,Blake Dunn,2026,1998-09-05,OF,R,Cincinnati Reds,38,155,142,40,7,1,2,20,7,10,2,6,3,33,1,30,1,0,1,0,0,0,0,0,41,2,27.0,155.0,21.3,6.5,0.282,0.387,0.335,0.105,0.352,0.242,0.319,0.321,0.28,0.304,0.077,0.375,0.32,0.04,0.068,0.041,89.2,14.6,34.5,2.9,30.3,99.240218776,93.85786433,64.2,28.7,51.9,87.2,23.3,46.8,24.5,46.4,21.8,25.5,6.4,6.2,71.8,9.7,29.5,21.2,3.9,38.4,1.0,29.6,4.21,4.0,20.0,16.0,110.0,70.2,64.5,blake dunn,CIN,,,,,,,,153.0,27.8,4.026315789473684,0.9870967741935484,383,OF,OF,True,339.0,171.72,2.3941801142166454,-18.72,1.6321356752570386,-44.0,False,False,339,False,28.21425469686171,3.5802037261792448,0.3548284570563815,2.2147131199026635,18.545151854122462,13.167203105919564,142.374354960042,0.9185442255486581,10.625645039957988,0.06855254864489024,473.0,-320.0,"{'C': 415, 'SS': 586, '2B': 586, '3B': 569, '1B': 598, 'OF': 519, 'UT': 473}",0.9870967741935484,0.41935483870967744,-9.039686866782608,,,,,,23.225806451612904,7.741935483870968,38.70967741935484,-0.04099999999999998,,0,259,,,0,False,0.6370967741935484,,,,91.0,1.0,91.0,0.0,,91.0,2026-05-04,2026-06-26,38.0,55.0,49.0,6.0,471.0,0.776,39.0,1.0,0.15,,established,31.1,1.5,0.43,"259 career PA, still new · sprint 29.6 ft/s (96th pct) · avg EV 89.2 (61st pct)",xwOBA 0.280 (19th) · barrels 2.9% (11th) · EV 89.2 (58th) · hard-hit 30% (17th) · K 21% (58th) · BB 6% (26th) · chase 29% (62nd) · bat speed 71.8 mph (47th) · sprint 29.6 (95th),"{""n"":20,""b"":1,""c"":[[""Blake Perkins"",2025,29,1.0,0.83,84,0],[""Brandon Lockridge"",2025,28,0.96,1.05,119,0],[""Pablo Reyes"",2021,28,0.95,0.56,9,0],[""Alex Call"",2022,28,1.0,0.83,364,0],[""Victor Reyes"",2021,27,0.98,0.83,280,0]]}",0.9086662630399162,0.9870967741935484,-0.026330886137737278,0.9086662630399162,228.0,0.927,207.0,545.0,364,316,FA,candidate,,0.6370967741935484,False
694371,Tommy Troy,2026,2002-01-17,OF,R,Arizona Diamondbacks,45,143,129,28,3,1,4,23,9,13,0,1,0,34,0,20,0,0,0,0,0,1,0,0,47,2,24.0,143.0,23.8,9.1,0.217,0.349,0.289,0.132,0.264,0.229,0.393,0.285,0.304,0.3,0.164,0.33,0.36,-0.012,-0.044,-0.019,84.9,12.1,31.3,9.4,30.2,98.007827021,93.060625699,63.2,27.7,57.3,81.9,25.9,45.0,32.3,47.9,22.9,22.9,6.3,7.0,72.0,9.3,20.5,23.3,13.1,52.3,-4.0,30.1,4.16,7.0,10.0,11.0,96.0,77.5,58.7,tommy troy,ARI,,,,,,,,121.0,24.4,2.688888888888889,0.8461538461538461,416,2B/OF,OF,True,339.0,171.72,2.3941801142166454,-50.72,0.29470877467224366,-77.0,False,False,339,False,18.3692678905125,5.8438755489323,0.6714452305979007,4.6564113299573,18.998632078162768,15.307676571411976,130.54430864957476,0.9128972632837395,-9.54430864957476,-0.0667434171298934,473.0,-352.0,"{'C': 415, 'SS': 586, '2B': 586, '3B': 569, '1B': 598, 'OF': 519, 'UT': 473}",0.8461538461538461,0.3986013986013986,-9.658506559563222,,,,,,4.195804195804196,16.783216783216783,54.54545454545455,0.019000000000000017,,0,143,,,0,False,0.49615384615384617,,,,51.0,1.0,51.0,0.0,,51.0,2026-05-24,2026-09-11,43.0,99.0,53.0,46.0,396.0,0.811,59.0,1.0,0.15,,rookie,47.6,5.4,0.43,"deserved 0.91/PA on contact quality, got 0.85 · sprint 30.1 ft/s (99th pct) · 24 years old, an age that jumps 8% of the time",xwOBA 0.304 (47th) · barrels 9.4% (67th) · EV 84.9 (5th) · hard-hit 30% (16th) · K 24% (42nd) · BB 9% (55th) · chase 28% (67th) · bat speed 72.0 mph (50th) · sprint 30.1 (99th),"{""n"":20,""b"":2,""c"":[[""Jonatan Clase"",2025,23,0.82,1.24,31,0],[""Hoy Park"",2021,25,0.79,0.8,48,0],[""Jorge Mateo"",2021,26,0.93,0.99,529,0],[""Tyler Freeman"",2023,24,0.92,0.91,348,0],[""Spencer Steer"",2022,25,0.76,1.06,704,1]]}",0.9502587536596601,0.8461538461538461,-0.012246653109530594,0.9502587536596601,231.0,0.959,220.0,570.0,345,206,FA,candidate,,0.49615384615384617,False
694374,Tim Tawa,2026,1999-04-07,1B,R,Arizona Diamondbacks,103,347,309,74,13,1,11,40,41,27,0,8,4,84,4,49,5,0,0,0,50,3,10,0,53,5,27.0,347.0,24.2,7.8,0.239,0.395,0.297,0.156,0.289,0.248,0.421,0.303,0.317,0.306,0.173,0.368,0.389,-0.009,-0.026,-0.014,90.6,12.4,35.6,10.7,44.1,100.850535664,94.840655689,68.7,31.6,55.6,80.4,28.1,48.9,37.3,43.6,26.3,23.7,6.4,7.2,74.0,12.6,23.3,37.4,10.4,58.7,-3.0,27.6,4.48,17.0,24.0,33.0,236.0,72.4,62.5,tim tawa,ARI,,,,,,,,323.0,27.2,3.1359223300970873,0.930835734870317,236,1B/2B/3B/OF,1B/OF,True,339.0,171.72,2.3941801142166454,151.28,0.7417422158804419,103.0,False,False,237,False,48.12697720515422,15.396463075774912,1.2651422329875397,11.843417486083336,42.24910156602529,40.523691442993815,335.49379300901916,0.9668409020432829,-12.493793009019157,-0.03600516717296587,473.0,-150.0,"{'C': 415, 'SS': 586, '2B': 586, '3B': 569, '1B': 598, 'OF': 519, 'UT': 473}",0.930835734870317,0.4438040345821326,-5.316367065078375,33.20754716981132,26.41509433962264,18.867924528301888,6.7924528301886795,14.339622641509433,13.832853025936599,19.020172910662826,46.68587896253602,0.014000000000000012,0.930835734870317,2,572,0.0,0.8755555555555555,1,False,0.05528017931476148,-4.199999999999999,1.3999999999999986,0.9000000000000057,0.0,0.0,0.0,0.0,,0.0,2026-03-26,2026-09-12,92.0,150.0,150.0,0.0,301.0,0.613,0.0,0.0,0.15,,established,33.9,8.2,1.011,"0.93/PA is his best rate yet, so the bar is one step up · avg EV 90.6 (83rd pct) · deserved 0.97/PA on contact quality, got 0.93 · bat speed up 0.9 mph",xwOBA 0.317 (62nd) · barrels 10.7% (77th) · EV 90.6 (81st) · hard-hit 44% (78th) · K 24% (39th) · BB 8% (39th) · chase 32% (42nd) · bat speed 74.0 mph (78th) · sprint 27.6 (52nd),"{""n"":20,""b"":0,""c"":[[""Emmanuel Rivera"",2022,26,0.91,0.85,241,0],[""Anthony Santander"",2021,27,0.94,0.99,641,0],[""Nick Gordon"",2022,27,0.95,0.7,65,0],[""Ram\u00f3n Ur\u00edas"",2021,27,0.94,0.89,397,0],[""Joshua Palacios"",2023,28,1.0,0.94,73,0]]}",0.9626881116024393,0.9153526970954357,-0.01697502965936144,0.9626881116024393,257.0,1.0,247.0,578.0,302,170,FA,candidate,0.8755555555555555,0.05528017931476148,False
694376,Shay Whitcomb,2026,1998-09-28,3B,R,multi,48,120,114,23,3,0,4,8,13,4,0,1,1,35,0,16,3,0,0,0,5,7,35,2,1,2,27.0,120.0,29.2,3.3,0.202,0.333,0.229,0.131,0.253,0.21,0.373,0.246,0.263,0.237,0.162,0.332,0.357,-0.008,-0.04,-0.017,86.5,17.3,35.8,11.1,33.3,99.1572995,93.653542278,64.9,35.0,42.7,89.8,27.9,49.2,34.6,37.0,29.6,23.5,9.9,7.6,71.1,9.4,18.8,15.5,10.9,65.5,-7.0,27.3,4.54,8.0,6.0,9.0,81.0,72.3,69.2,shay whitcomb,multi,,,,,,,,86.0,27.8,1.7916666666666667,0.7166666666666667,459,2B/3B/OF,3B,True,339.0,171.72,2.3941801142166454,-85.72,-0.6025134475499787,-120.0,False,False,339,False,14.176044770179578,5.216144385806627,0.39157691784800586,4.156233926165787,12.712324935658083,13.747109431972431,96.80743436763052,0.8067286197302543,-10.80743436763052,-0.09006195306358766,473.0,-387.0,"{'C': 415, 'SS': 586, '2B': 586, '3B': 569, '1B': 598, 'OF': 519, 'UT': 473}",0.7166666666666667,0.24166666666666667,-10.452140270682909,,,,,,5.0,20.0,20.0,0.017000000000000015,,0,198,,,0,False,0.3666666666666667,,,,0.0,0.0,0.0,0.0,,0.0,2026-04-03,2026-09-12,36.0,83.0,83.0,0.0,153.0,0.434,8.0,0.0,0.15,,established,29.7,1.2,0.43,"deserved 0.81/PA on contact quality, got 0.72 · 198 career PA, still new · avg EV 86.5 (18th pct)",xwOBA 0.263 (9th) · barrels 11.1% (79th) · EV 86.5 (17th) · hard-hit 33% (25th) · K 29% (16th) · BB 3% (2nd) · chase 35% (24th) · bat speed 71.1 mph (36th) · sprint 27.3 (45th),"{""n"":20,""b"":0,""c"":[[""Kevin Smith"",2022,26,0.7,0.7,102,0],[""Hunter Feduccia"",2025,28,0.7,0.83,205,0],[""Jake Cave"",2021,29,0.72,0.92,163,0],[""Alex Jackson"",2024,28,0.72,1.09,109,0],[""Kevin Smith"",2023,27,0.7,NaN,0,0]]}",0.8960622577485113,0.7166666666666667,-0.026330886137737278,0.8960622577485113,200.0,1.0,179.0,538.0,430,344,FA,candidate,,0.3666666666666667,False
694377,Nick Yorke,2026,2002-04-02,3B,R,Pittsburgh Pirates,40,117,104,22,4,0,1,7,12,9,2,1,0,26,1,17,2,0,0,0,5,0,29,0,9,1,24.0,117.0,22.2,7.7,0.212,0.279,0.284,0.067,0.269,0.235,0.335,0.258,0.289,0.307,0.1,0.281,0.326,-0.023,-0.056,-0.031,88.1,7.8,27.5,5.0,43.8,101.015123,94.760928354,68.8,31.8,59.0,83.3,25.0,49.2,31.3,53.8,26.3,16.3,3.8,7.3,72.6,10.9,22.3,24.3,3.9,36.4,-7.0,27.7,4.49,4.0,8.0,10.0,80.0,77.4,65.8,nick yorke,PIT,,,,,,,,82.0,24.2,2.05,0.7008547008547008,469,2B/3B,3B,True,339.0,171.72,2.3941801142166454,-89.72,-0.3441801142166456,-130.0,False,False,339,False,18.654936654534893,3.356436271688469,0.24231749301837208,2.1863095807582624,12.9063550236094,11.222753086910824,95.40910811052022,0.8154624624830789,-13.409108110520222,-0.11460776162837805,473.0,-391.0,"{'C': 415, 'SS': 586, '2B': 586, '3B': 569, '1B': 598, 'OF': 519, 'UT': 473}",0.7008547008547008,0.27350427350427353,-10.792414784088747,,,,,,5.128205128205129,5.128205128205129,46.15384615384615,0.030999999999999972,,0,231,,,0,False,0.35085470085470083,,,,0.0,0.0,0.0,0.0,,0.0,2026-03-28,2026-09-05,40.0,151.0,151.0,0.0,115.0,0.265,2.0,0.0,0.15,,young / establishing,45.0,3.5,0.43,"deserved 0.82/PA on contact quality, got 0.70 · 24 years old, an age that jumps 8% of the time · 231 career PA, still new",xwOBA 0.289 (28th) · barrels 5.0% (29th) · EV 88.1 (42nd) · hard-hit 44% (76th) · K 22% (52nd) · BB 8% (38th) · chase 32% (40th) · bat speed 72.6 mph (60th) · sprint 27.7 (55th),"{""n"":20,""b"":0,""c"":[[""Curtis Mead"",2024,24,0.69,0.81,213,0],[""Luis Rengifo"",2021,24,0.71,0.9,460,0],[""Oswald Peraza"",2023,23,0.71,1.0,11,0],[""Tyler Nevin"",2022,25,0.67,0.76,84,0],[""Brooks Baldwin"",2024,24,0.77,0.92,301,0]]}",0.9517035510124059,0.7008547008547008,-0.012246653109530594,0.9517035510124059,200.0,1.0,190.0,571.0,405,200,FA,candidate,,0.35085470085470083,False
694378,Jacob Gonzalez,2026,2002-05-30,SS,L,multi,80,223,206,46,9,0,7,21,31,11,4,2,1,42,1,30,5,0,0,0,32,0,13,36,0,0,24.0,223.0,18.8,4.9,0.223,0.369,0.275,0.146,0.247,0.251,0.402,0.284,0.307,0.301,0.151,0.318,0.349,-0.028,-0.033,-0.023,88.1,16.7,33.7,4.8,37.6,98.972972561,93.523509024,74.1,37.9,72.0,83.0,20.6,55.9,42.2,42.2,26.5,23.5,7.8,7.2,71.1,8.7,22.4,13.9,8.6,55.6,-7.0,26.5,4.55,8.0,12.0,26.0,166.0,86.4,63.2,jacob gonzalez,multi,,,,,,,,190.0,24.1,2.375,0.852017937219731,348,1B/2B/SS,1B/SS,True,339.0,171.72,2.3941801142166454,18.28,-0.01918011421664545,-9.0,False,False,280,False,34.940170455544205,9.313583836347187,0.564320960673035,6.887924747435581,24.679064930960678,25.478350288645522,200.67541521960624,0.89988975434801,-10.675415219606236,-0.04787181712827904,473.0,-283.0,"{'C': 415, 'SS': 586, '2B': 586, '3B': 569, '1B': 598, 'OF': 519, 'UT': 473}",0.852017937219731,0.4439461883408072,-8.222919915437796,,,,,,5.381165919282511,18.83408071748879,29.59641255605381,0.02300000000000002,0.852017937219731,1,223,0.0,,0,False,0.502017937219731,,,,0.0,0.0,0.0,0.0,,0.0,2026-05-31,2026-09-12,76.0,90.0,90.0,0.0,359.0,0.844,66.0,1.0,0.15,,young / establishing,54.6,12.7,0.932,"24 years old, an age that jumps 8% of the time · deserved 0.90/PA on contact quality, got 0.85 · avg EV 88.1 (45th pct)",xwOBA 0.307 (49th) · barrels 4.8% (26th) · EV 88.1 (42nd) · hard-hit 38% (45th) · K 19% (73rd) · BB 5% (11th) · chase 38% (13th) · bat speed 71.1 mph (36th) · sprint 26.5 (25th),"{""n"":20,""b"":1,""c"":[[""Josh Naylor"",2021,24,0.9,1.01,502,0],[""Graham Pauley"",2025,25,0.81,0.87,130,0],[""Miguel Vargas"",2023,24,0.85,0.68,160,0],[""Curtis Mead"",2025,25,0.81,1.11,365,0],[""Andr\u00e9s Chaparro"",2024,25,0.89,0.6,44,0]]}",0.9610659258910405,0.852017937219731,-0.012246653109530594,0.9610659258910405,260.0,1.0,250.0,577.0,299,173,FA,candidate,,0.502017937219731,False
694384,Nolan Schanuel,2026,2002-02-14,1B,L,Los Angeles Angels,107,446,392,108,22,0,7,43,49,42,6,1,1,58,5,79,8,0,0,0,105,0,0,0,0,1,24.0,446.0,13.0,9.4,0.276,0.385,0.351,0.109,0.304,0.286,0.389,0.328,0.335,0.362,0.102,0.332,0.34,-0.01,-0.004,-0.007,87.4,12.2,36.5,2.4,32.9,97.253987337,92.679381893,62.4,27.2,68.2,90.6,16.4,44.5,42.1,43.5,21.5,30.0,5.0,6.8,68.1,7.8,33.4,5.6,7.8,50.1,2.0,25.7,4.59,14.0,29.0,65.0,340.0,65.8,61.4,nolan schanuel,LAA,Nolan Schanuel,LAA,1B,324.2,198.0,311.0,303.0,394.0,24.4,3.682242990654206,0.8834080717488789,195,1B,1B,False,198.0,375.06451612903226,3.180509813450934,18.935483870967744,0.5017331772032718,3.0,False,False,171,False,88.51111527633516,15.086969154668612,0.6447158616572861,7.869199707338936,48.44352462855525,46.05488675492793,401.7064113834831,0.9006870210391997,-7.7064113834831005,-0.01727894929032081,473.0,-79.0,"{'C': 415, 'SS': 586, '2B': 586, '3B': 569, '1B': 598, 'OF': 519, 'UT': 473}",0.8834080717488789,0.5112107623318386,-4.8138008950716475,14.716981132075471,53.9622641509434,23.77358490566038,-39.24528301886792,-9.056603773584907,1.3452914798206277,9.417040358744394,56.502242152466366,0.007000000000000006,0.9113475177304965,3,1749,-0.027939445981617572,0.9113475177304965,2,False,-0.027939445981617572,0.40000000000000036,-2.1,0.6999999999999886,46.0,2.0,72.0,0.0,,61.6,2026-03-26,2026-08-20,107.0,134.0,119.0,15.0,558.0,0.899,0.0,0.0,0.15,,established,28.5,5.0,0.991,"24 years old, an age that jumps 8% of the time · 446 PA, already has the job · deserved 0.90/PA on contact quality, got 0.88",xwOBA 0.335 (80th) · barrels 2.4% (8th) · EV 87.4 (30th) · hard-hit 33% (24th) · K 13% (95th) · BB 9% (58th) · chase 27% (70th) · bat speed 68.1 mph (6th) · sprint 25.7 (11th),"{""n"":20,""b"":3,""c"":[[""Luis Garc\u00eda Jr."",2023,23,0.93,1.09,574,1],[""Alejandro Kirk"",2023,25,0.89,0.96,369,0],[""Keibert Ruiz"",2024,26,0.92,0.86,230,0],[""Alejandro Kirk"",2024,26,0.96,1.02,515,0],[""Keibert Ruiz"",2023,25,0.97,0.92,445,0]]}",0.8764628463776621,0.8924987066735643,-0.012246653109530594,0.8764628463776621,423.0,0.951,371.0,526.0,172,382,FA,candidate,0.9113475177304965,-0.027939445981617572,False
694388,Joey Loperfido,2026,1999-05-11,OF,L,Houston Astros,40,121,103,22,7,1,1,13,12,14,1,1,1,32,1,13,1,0,2,0,0,0,0,0,39,0,27.0,121.0,26.4,11.6,0.214,0.33,0.311,0.116,0.296,0.229,0.334,0.287,0.294,0.318,0.105,0.334,0.346,-0.015,-0.004,-0.007,89.0,11.9,32.9,6.8,35.6,98.647922778,93.55777,68.6,29.8,50.0,76.5,31.6,49.0,27.4,52.1,26.0,19.2,2.7,7.7,71.7,6.4,21.2,18.7,15.4,40.4,-4.0,28.3,4.28,5.0,9.0,8.0,73.0,80.6,75.8,joey loperfido,HOU,,,,,,,,102.0,27.1,2.55,0.8429752066115702,436,OF,OF,True,339.0,171.72,2.3941801142166454,-69.72,0.15581988578335437,-97.0,False,False,339,False,17.41764730094789,3.664916923053309,0.3632242510497071,2.141211524949092,14.021005358374858,11.478096657566542,104.4881020159414,0.8635380331895983,-2.4881020159413936,-0.020562826578028104,473.0,-371.0,"{'C': 415, 'SS': 586, '2B': 586, '3B': 569, '1B': 598, 'OF': 519, 'UT': 473}",0.8429752066115702,0.34710743801652894,-10.400051165734963,,,,,,4.958677685950414,4.958677685950414,69.42148760330579,0.007000000000000006,,1,487,,,1,False,0.49297520661157024,,,,46.0,1.0,46.0,0.0,,46.0,2026-03-26,2026-07-01,39.0,96.0,53.0,43.0,337.0,0.736,0.0,0.0,0.15,,established,34.5,1.4,0.923,"487 career PA, still new · sprint 28.3 ft/s (74th pct) · deserved 0.86/PA on contact quality, got 0.84",xwOBA 0.294 (33rd) · barrels 6.8% (45th) · EV 89.0 (56th) · hard-hit 36% (34th) · K 26% (26th) · BB 12% (84th) · chase 30% (53rd) · bat speed 71.7 mph (46th) · sprint 28.3 (72nd),"{""n"":20,""b"":0,""c"":[[""Kody Clemens"",2023,27,0.8,0.95,114,0],[""Mike Brosseau"",2021,27,0.83,0.94,151,0],[""Jason Vosler"",2021,28,0.87,1.01,112,0],[""Tim Tawa"",2025,26,0.88,0.93,323,0],[""Lewis Brinson"",2021,27,0.85,1.0,39,0]]}",0.8972635740258427,0.8358778625954197,-0.01697502965936144,0.8972635740258427,200.0,0.963,179.0,538.0,430,344,FA,candidate,,0.49297520661157024,False
694497,Evan Carter,2026,2002-08-29,OF,L,Texas Rangers,140,453,390,76,14,3,9,52,40,47,5,17,3,114,2,50,2,0,1,0,0,0,0,0,139,0,23.0,453.0,25.2,10.4,0.195,0.315,0.288,0.12,0.249,0.206,0.32,0.275,0.28,0.298,0.114,0.307,0.316,-0.011,-0.005,-0.005,87.5,17.9,28.9,4.9,34.8,98.747692164,93.417492537,61.5,21.6,42.3,80.7,29.1,41.7,40.1,40.8,29.6,20.2,9.4,7.1,71.6,8.5,22.0,22.9,8.3,46.4,-15.0,28.9,4.15,13.0,29.0,34.0,287.0,74.5,64.0,evan carter,TEX,Evan Carter,TEX,"LF,CF,RF",289.2,175.0,283.0,218.0,394.0,23.8,2.8142857142857145,0.869757174392936,195,OF,OF,False,175.0,375.06451612903226,3.2573529411764706,18.935483870967744,-0.44306722689075606,-20.0,False,False,171,False,56.06862885452212,13.278849822653964,1.7964137911256903,9.19610753169822,53.586235159734514,42.83430815717392,404.56054331690837,0.8930696320461553,-10.560543316908365,-0.02331245765321932,473.0,-79.0,"{'C': 415, 'SS': 586, '2B': 586, '3B': 569, '1B': 598, 'OF': 519, 'UT': 473}",0.869757174392936,0.36423841059602646,-5.436344705542967,12.075471698113208,8.30188679245283,17.735849056603772,3.7735849056603783,-5.660377358490564,22.516556291390728,11.920529801324504,62.25165562913907,0.0050000000000000044,1.1454545454545455,2,910,-0.2756973710616095,1.1454545454545455,1,False,-0.2756973710616095,6.599999999999998,-1.0,1.6999999999999886,15.0,1.0,203.0,0.0,Right oblique strain,90.6,2026-03-26,2026-09-12,129.0,149.0,134.0,15.0,470.0,0.963,0.0,0.0,0.15,,young / establishing,28.6,6.3,1.225,"24 years old, an age that jumps 8% of the time · sprint 28.9 ft/s (88th pct) · 453 PA, already has the job · bat speed up 1.7 mph",xwOBA 0.280 (19th) · barrels 4.9% (27th) · EV 87.5 (32nd) · hard-hit 35% (31st) · K 25% (33rd) · BB 10% (71st) · chase 22% (94th) · bat speed 71.6 mph (44th) · sprint 28.9 (87th),"{""n"":20,""b"":0,""c"":[[""Jared Triolo"",2024,26,0.82,0.88,330,0],[""Bo Naylor"",2025,25,0.95,0.64,63,0],[""Zack Gelof"",2024,25,0.92,0.68,69,0],[""Mickey Moniak"",2024,26,0.92,1.13,522,0],[""Jonathan India"",2022,26,0.87,1.01,536,0]]}",0.9731624313917526,0.929135101010101,-0.012246653109530594,0.9731624313917526,399.0,0.928,388.0,584.0,154,142,FA,candidate,1.1454545454545455,-0.2756973710616095,False
694671,Wyatt Langford,2026,2001-11-15,OF,R,Texas Rangers,109,467,407,97,20,2,17,64,44,55,4,15,4,107,1,58,1,0,5,0,0,0,0,0,108,9,24.0,467.0,22.9,11.8,0.238,0.423,0.334,0.185,0.282,0.231,0.388,0.334,0.319,0.327,0.157,0.382,0.359,0.007,0.035,0.015,88.6,20.1,32.6,8.0,36.9,99.539381192,93.9315299,68.4,26.2,55.1,82.8,25.3,46.5,43.2,33.2,30.9,23.3,12.6,6.9,72.8,9.7,22.9,27.2,13.7,52.9,7.0,28.2,4.36,24.0,26.0,46.0,301.0,80.0,64.8,wyatt langford,TEX,Wyatt Langford,TEX,"LF,CF,DH",44.4,33.0,40.0,44.0,490.0,24.6,4.495412844036697,1.0492505353319057,139,OF,OF,False,33.0,642.6,4.485508577873414,-152.60000000000002,0.009904266163283104,-106.0,False,False,120,True,60.114453830708484,18.07072351750414,1.66719147286631,14.164631178921079,58.672687844226495,50.89673309160587,474.5024209358324,1.0160651411902193,15.49757906416761,0.03318539414168642,473.0,17.0,"{'C': 415, 'SS': 586, '2B': 586, '3B': 569, '1B': 598, 'OF': 519, 'UT': 473}",1.0492505353319057,0.5203426124197003,-2.4616291538260784,73.20754716981132,59.056603773584904,47.54716981132076,14.150943396226417,25.660377358490564,19.271948608137045,21.84154175588865,70.66381156316916,-0.015000000000000013,1.0897666068222622,3,1597,-0.04051607149035652,1.0897666068222622,2,True,-0.04051607149035652,-3.5,-6.0,-0.29999999999999716,55.0,2.0,100.0,0.0,Right forearm strain; Left hamstring strain,75.39999999999999,2026-03-26,2026-09-12,97.0,149.0,99.0,50.0,628.0,0.98,0.0,0.0,0.15,,established,32.3,3.1,1.17,"25 years old, an age that jumps 5% of the time · 467 PA, already has the job · sprint 28.2 ft/s (71st pct)",xwOBA 0.319 (64th) · barrels 8.0% (57th) · EV 88.6 (50th) · hard-hit 37% (41st) · K 23% (49th) · BB 12% (86th) · chase 26% (76th) · bat speed 72.8 mph (63rd) · sprint 28.2 (70th),"{""n"":20,""b"":1,""c"":[[""Andy Pages"",2025,25,1.08,1.14,649,0],[""Lars Nootbaar"",2023,26,1.04,0.96,389,0],[""CJ Abrams"",2024,24,1.07,1.06,674,0],[""William Contreras"",2023,26,1.1,1.14,777,0],[""Cal Raleigh"",2023,27,1.06,1.09,683,0]]}",1.0128020946455722,1.0646282851007258,-0.01249045949552797,1.0128020946455722,552.0,0.94,559.0,608.0,55,82,BAMBI,established,1.0897666068222622,-0.04051607149035652,True
694673,Abimelec Ortiz,2026,2002-02-22,1B,L,Washington Nationals,44,136,128,24,5,0,5,16,14,7,0,0,0,36,1,14,0,0,0,0,30,0,0,0,0,11,24.0,136.0,26.5,5.1,0.188,0.344,0.228,0.156,0.216,0.211,0.382,0.246,0.271,0.246,0.171,0.312,0.348,-0.023,-0.038,-0.025,89.7,15.1,39.8,7.5,38.7,99.94839,94.273607419,66.4,37.1,63.9,85.0,23.4,50.5,44.1,35.5,32.3,25.8,6.5,7.3,75.8,8.1,18.9,62.2,8.8,54.6,-7.0,25.3,4.63,6.0,4.0,14.0,93.0,65.7,55.1,abimelec ortiz,WSH,Abimelec Ortiz,WSH,"1B,OF,DH",872.0,338.0,1256.0,,105.0,24.4,2.3863636363636362,0.7720588235294118,430,1B/OF,1B,False,338.0,171.72,2.3941801142166454,-66.72,-0.007816477853009207,-92.0,False,False,339,False,15.352798506414821,6.319112918575688,0.4393786436041584,4.896709931405333,13.086269518298446,16.596443213014478,112.58671273131293,0.8278434759655362,-7.586712731312929,-0.055784652436124404,473.0,-368.0,"{'C': 415, 'SS': 586, '2B': 586, '3B': 569, '1B': 598, 'OF': 519, 'UT': 473}",0.7720588235294118,0.33088235294117646,-10.078898979111127,,,,,,0.0,22.058823529411764,30.882352941176467,0.025000000000000022,,0,136,,,0,False,0.4220588235294118,,,,0.0,0.0,0.0,0.0,,0.0,2026-07-12,2026-09-12,36.0,54.0,54.0,0.0,320.0,0.667,108.0,1.0,0.15,,rookie,49.2,4.0,0.43,"24 years old, an age that jumps 8% of the time · deserved 0.83/PA on contact quality, got 0.77 · avg EV 89.7 (71st pct)",xwOBA 0.271 (14th) · barrels 7.5% (52nd) · EV 89.7 (68th) · hard-hit 39% (51st) · K 26% (25th) · BB 5% (13th) · chase 37% (16th) · bat speed 75.8 mph (94th) · sprint 25.3 (7th),"{""n"":20,""b"":0,""c"":[[""Ronny Mauricio"",2025,24,0.83,0.76,44,0],[""Kyle Manzardo"",2024,24,0.84,0.94,499,0],[""Nomar Mazara"",2021,26,0.73,0.85,145,0],[""Jonathan Aranda"",2022,24,0.7,0.88,91,0],[""Oscar Col\u00e1s"",2023,25,0.8,0.74,28,0]]}",0.9764684976500326,0.7720588235294118,-0.012246653109530594,0.9764684976500326,249.0,1.0,243.0,586.0,306,131,FA,candidate,,0.4220588235294118,False
694728,Brice Matthews,2026,2002-03-16,OF,R,Houston Astros,84,233,214,43,5,1,7,23,22,16,0,4,4,74,1,30,1,0,2,0,0,22,4,0,76,0,24.0,233.0,31.8,6.9,0.201,0.332,0.255,0.131,0.269,0.193,0.338,0.26,0.261,0.252,0.145,0.347,0.349,0.008,-0.006,-0.001,86.7,11.9,30.1,8.5,36.4,99.48979209,93.878187068,68.1,25.5,35.8,74.7,36.0,46.6,34.3,50.3,23.8,18.2,7.7,7.3,73.0,8.7,18.0,29.9,13.7,52.7,-14.0,28.6,4.36,6.0,21.0,16.0,143.0,75.0,62.7,brice matthews,HOU,,,,,,,,190.0,24.3,2.261904761904762,0.8154506437768241,348,2B/SS/OF,2B/OF,True,339.0,171.72,2.3941801142166454,18.28,-0.1322753523118836,-9.0,False,False,280,False,25.16242756376281,8.255102881654349,0.8785115454028765,7.005958009179965,26.320400197174322,24.424050812598104,195.37845100977242,0.838534124505461,-5.378451009772419,-0.023083480728636974,473.0,-283.0,"{'C': 415, 'SS': 586, '2B': 586, '3B': 569, '1B': 598, 'OF': 519, 'UT': 473}",0.8154506437768241,0.26609442060085836,-8.808761676197175,,,,,,10.300429184549357,18.025751072961373,41.201716738197426,0.0010000000000000009,0.8154506437768241,1,280,0.0,,0,False,0.4654506437768241,,,,68.0,2.0,68.0,0.0,Left knee inflammation,68.0,2026-03-27,2026-07-12,82.0,101.0,98.0,3.0,344.0,0.837,1.0,0.0,0.15,,young / establishing,29.7,8.1,0.895,"24 years old, an age that jumps 8% of the time · 280 career PA, still new · sprint 28.6 ft/s (81st pct)",xwOBA 0.261 (8th) · barrels 8.5% (61st) · EV 86.7 (20th) · hard-hit 36% (39th) · K 32% (8th) · BB 7% (29th) · chase 26% (80th) · bat speed 73.0 mph (66th) · sprint 28.6 (81st),"{""n"":20,""b"":1,""c"":[[""Max Muncy"",2025,23,0.76,0.88,250,0],[""Josh Lowe"",2022,24,0.85,1.32,659,1],[""Coby Mayo"",2025,24,0.86,1.01,457,0],[""Justyn-Henry Malloy"",2024,24,0.8,0.85,108,0],[""Ryan McKenna"",2022,25,0.87,1.05,146,0]]}",0.8984840438196096,0.8154506437768241,-0.012246653109530594,0.8984840438196096,247.0,0.946,222.0,539.0,341,340,FA,candidate,,0.4654506437768241,False
695336,Thomas Saggese,2026,2002-04-10,SS,R,St. Louis Cardinals,56,176,158,37,5,1,4,25,14,13,2,4,2,49,3,27,0,0,1,0,0,11,12,22,15,2,24.0,176.0,27.8,7.4,0.234,0.354,0.295,0.12,0.306,0.236,0.4,0.288,0.309,0.301,0.164,0.358,0.393,-0.002,-0.046,-0.021,90.7,12.0,37.5,9.9,42.9,100.817700179,95.013595405,67.7,35.6,59.7,78.9,28.0,51.1,29.5,42.9,27.7,26.8,2.7,7.0,72.2,10.9,23.1,22.5,7.9,40.7,-1.0,28.2,4.3,6.0,16.0,15.0,112.0,72.2,61.4,thomas saggese,STL,,,,,,,,161.0,24.2,2.875,0.9147727272727273,375,2B/SS/OF,SS,True,339.0,171.72,2.3941801142166454,-10.719999999999999,0.48081988578335455,-36.0,False,False,339,False,23.341519651242642,7.561377998398351,0.8046850494753632,5.580417300883642,21.593380408222068,19.73185186324297,170.81323227146504,0.9705297288151423,-9.81323227146504,-0.05575700154241503,473.0,-312.0,"{'C': 415, 'SS': 586, '2B': 586, '3B': 569, '1B': 598, 'OF': 519, 'UT': 473}",0.9147727272727273,0.35795454545454547,-8.84053249563991,,,,,,13.636363636363637,13.636363636363637,44.31818181818182,0.02100000000000002,,1,523,,0.7932203389830509,1,False,0.1215523882896764,-0.3000000000000007,4.300000000000001,2.4000000000000057,0.0,0.0,0.0,0.0,,0.0,2026-03-29,2026-09-12,45.0,151.0,151.0,0.0,131.0,0.298,3.0,0.0,0.15,,young / establishing,48.6,7.2,0.995,"24 years old, an age that jumps 8% of the time · deserved 0.97/PA on contact quality, got 0.91 · avg EV 90.7 (85th pct) · barrel rate up 4.3 pts on last year · bat speed up 2.4 mph",xwOBA 0.309 (51st) · barrels 9.9% (71st) · EV 90.7 (84th) · hard-hit 43% (73rd) · K 28% (20th) · BB 7% (34th) · chase 36% (22nd) · bat speed 72.2 mph (53rd) · sprint 28.2 (70th),"{""n"":20,""b"":0,""c"":[[""Jordan Walker"",2024,22,0.83,0.85,338,0],[""Casey Schmitt"",2024,25,0.95,0.85,295,0],[""Trevor Larnach"",2022,25,0.93,1.0,211,0],[""Andruw Monasterio"",2024,27,0.84,1.02,138,0],[""Trey Sweeney"",2024,24,0.87,0.74,241,0]]}",0.9668160781563911,0.8538243626062322,-0.012246653109530594,0.9668160781563911,211.0,1.0,204.0,580.0,372,163,MMM,candidate,0.7932203389830509,0.1215523882896764,False
695490,Edwin Arroyo,2026,2003-08-25,2B,S,Cincinnati Reds,50,160,148,33,4,1,0,14,5,6,3,1,1,38,1,28,5,0,0,0,0,42,5,4,0,0,22.0,160.0,23.8,3.8,0.223,0.264,0.266,0.041,0.297,0.268,0.348,0.24,0.291,0.309,0.08,0.284,0.358,-0.045,-0.084,-0.051,88.0,15.8,41.6,2.7,27.4,96.289835849,92.181635566,77.3,39.7,53.4,84.1,26.8,57.8,42.5,42.5,19.5,31.0,7.1,7.3,69.2,5.7,25.1,5.7,13.8,44.4,-10.0,28.8,4.27,2.0,9.0,22.0,113.0,81.3,60.6,edwin arroyo,CIN,,,,,,,,98.0,22.8,1.96,0.6125,441,2B/SS,2B,True,339.0,171.72,2.3941801142166454,-73.72,-0.4341801142166455,-102.0,False,False,339,False,32.99549687292009,3.868999254976956,0.42751087128580956,2.3719930008171417,18.504645438145985,14.363962043540203,131.0366074816862,0.8189787967605386,-33.03660748168619,-0.2064787967605386,473.0,-375.0,"{'C': 415, 'SS': 586, '2B': 586, '3B': 569, '1B': 598, 'OF': 519, 'UT': 473}",0.6125,0.16875,-10.889174257806092,,,,,,3.75,0.0,22.5,0.05099999999999999,,0,160,,,0,False,0.26250000000000007,,,,0.0,0.0,0.0,0.0,,0.0,2026-06-01,2026-09-04,50.0,90.0,90.0,0.0,265.0,0.556,67.0,1.0,0.15,,young / establishing,48.5,2.1,0.43,"deserved 0.82/PA on contact quality, got 0.61 · 23 years old, an age that jumps 11% of the time · sprint 28.8 ft/s (85th pct)",xwOBA 0.291 (30th) · barrels 2.7% (9th) · EV 88.0 (40th) · hard-hit 27% (9th) · K 24% (42nd) · BB 4% (5th) · chase 40% (8th) · bat speed 69.2 mph (16th) · sprint 28.8 (84th),"{""n"":20,""b"":2,""c"":[[""Oswald Peraza"",2023,23,0.71,1.0,11,0],[""Cristian Pache"",2022,24,0.6,1.02,97,0],[""Lenyn Sosa"",2023,23,0.68,0.8,296,0],[""Curtis Mead"",2024,24,0.69,0.81,213,0],[""Darell Hernaiz"",2024,23,0.62,0.75,148,0]]}",0.9032398778207528,0.6125,0.000982437627337522,0.9032398778207528,209.0,1.0,189.0,542.0,407,329,FA,candidate,,0.26250000000000007,False
695491,Joshua Báez,2026,2003-06-28,OF,R,St. Louis Cardinals,29,108,100,23,7,0,7,18,18,4,3,2,1,33,1,9,1,0,0,0,0,0,0,0,28,0,23.0,108.0,30.6,3.7,0.23,0.51,0.278,0.28,0.262,0.212,0.446,0.335,0.303,0.261,0.234,0.459,0.408,0.018,0.064,0.032,92.1,23.1,35.3,11.8,47.1,101.884043529,95.475688088,70.5,39.6,47.4,74.6,35.2,55.0,47.1,32.4,39.7,17.6,10.3,7.8,77.5,9.5,17.5,74.1,10.8,58.9,3.0,29.2,4.36,7.0,7.0,9.0,68.0,75.0,72.2,joshua baez,STL,,,,,,,,122.0,23.0,4.206896551724138,1.1296296296296295,415,OF,OF,True,339.0,171.72,2.3941801142166454,-49.72,1.8127164375074925,-76.0,False,False,339,False,8.799362923020743,6.684529629782272,0.4328519713732282,5.283255475823758,14.263458851763179,13.877994148718054,105.94145300048125,0.9809393796340856,16.058546999518754,0.14869024999554392,473.0,-351.0,"{'C': 415, 'SS': 586, '2B': 586, '3B': 569, '1B': 598, 'OF': 519, 'UT': 473}",1.1296296296296295,0.5555555555555556,-8.833783376786888,,,,,,11.11111111111111,38.888888888888886,22.22222222222222,-0.03200000000000003,,0,108,,,0,False,0.7796296296296296,,,,9.0,1.0,9.0,0.0,Left oblique strain,9.0,2026-08-15,2026-09-12,27.0,27.0,27.0,0.0,552.0,1.0,142.0,1.0,0.42000000000000004,59.0,top-100 prospect,65.5,4.9,0.43,"23 years old, an age that jumps 11% of the time · avg EV 92.1 (93rd pct) · sprint 29.2 ft/s (92nd pct)",xwOBA 0.303 (45th) · barrels 11.8% (83rd) · EV 92.1 (93rd) · hard-hit 47% (87th) · K 31% (12th) · BB 4% (4th) · chase 40% (8th) · bat speed 77.5 mph (98th) · sprint 29.2 (91st),"{""n"":20,""b"":0,""c"":[[""Colby Thomas"",2025,24,1.02,0.74,89,0],[""Jake Meyers"",2021,25,1.08,0.76,122,0],[""Colson Montgomery"",2025,23,1.11,0.88,558,0],[""Zack Gelof"",2023,24,1.16,0.92,504,0],[""Gavin Sheets"",2021,25,1.08,0.9,371,0]]}",1.0533231411931527,1.1296296296296295,0.000982437627337522,1.0533231411931527,271.0,0.993,285.0,632.0,261,30,BAMBI,candidate,,0.7796296296296296,False
695506,Jac Caglianone,2026,2003-02-09,OF,L,Kansas City Royals,142,549,508,146,31,2,23,72,75,33,7,7,2,143,1,90,5,0,7,0,39,0,0,0,94,12,23.0,549.0,26.0,6.0,0.287,0.492,0.339,0.205,0.359,0.282,0.499,0.359,0.357,0.33,0.217,0.463,0.461,0.005,-0.007,0.002,93.2,7.6,34.2,13.1,54.4,105.481907432,97.554601667,72.9,39.5,52.6,82.9,29.3,54.5,46.2,46.2,22.7,28.4,2.7,7.9,77.0,17.2,23.4,73.0,9.1,43.8,25.0,27.0,4.43,24.0,47.0,75.0,366.0,79.8,65.4,jac caglianone,KC,Jac Caglianone,KC,"1B,RF,DH",177.8,105.0,195.0,157.0,613.0,23.4,4.316901408450704,1.116575591985428,71,1B/OF,1B/OF,False,105.0,556.8852459016393,4.003049236131642,56.11475409836066,0.31385217231906193,34.0,False,False,41,False,83.76878507550197,32.90916561517659,2.407313543140921,24.170735766180524,70.98323363818284,72.4672143550595,610.1984479932423,1.1114725828656509,2.8015520067576745,0.005103009119777235,473.0,140.0,"{'C': 415, 'SS': 586, '2B': 586, '3B': 569, '1B': 598, 'OF': 519, 'UT': 473}",1.116575591985428,0.5355191256830601,1.5040064157710824,89.43396226415095,64.52830188679245,83.39622641509435,24.9056603773585,6.037735849056602,7.650273224043716,25.136612021857925,36.0655737704918,-0.0020000000000000018,1.116575591985428,2,781,0.0,0.6767241379310345,1,False,0.43985145405439363,3.6000000000000014,1.0999999999999996,-0.4000000000000057,0.0,0.0,36.0,0.0,,21.599999999999998,2026-03-27,2026-09-12,132.0,150.0,150.0,0.0,508.0,0.88,0.0,0.0,0.15,,young / establishing,37.3,15.6,1.197,"23 years old, an age that jumps 11% of the time · avg EV 93.2 (97th pct) · 549 PA, already has the job",xwOBA 0.357 (93rd) · barrels 13.1% (91st) · EV 93.2 (97th) · hard-hit 54% (98th) · K 26% (28th) · BB 6% (21st) · chase 40% (8th) · bat speed 77.0 mph (97th) · sprint 27.0 (36th),"{""n"":20,""b"":2,""c"":[[""Tyler Soderstrom"",2025,24,1.11,1.04,471,0],[""Nolan Gorman"",2023,23,1.07,0.88,355,0],[""Riley Greene"",2024,24,1.06,1.07,704,0],[""Mark Vientos"",2024,25,1.06,0.88,409,0],[""Christopher Morel"",2023,24,1.12,0.8,488,0]]}",1.0533031023650663,1.027608253414705,0.000982437627337522,1.0533031023650663,550.0,0.983,579.0,632.0,48,30,CH,broke_out,0.6767241379310345,0.43985145405439363,False
695578,James Wood,2026,2002-09-17,OF,L,Washington Nationals,134,619,510,136,30,1,30,105,77,101,4,21,4,177,4,75,7,0,5,0,0,0,0,0,112,31,23.0,619.0,28.6,16.3,0.267,0.506,0.389,0.239,0.345,0.271,0.55,0.385,0.404,0.386,0.279,0.498,0.533,-0.004,-0.044,-0.019,95.4,8.6,36.8,18.7,58.8,106.421978631,98.539459137,56.6,21.3,42.6,82.2,29.9,37.6,33.8,47.5,24.6,26.1,1.8,7.4,76.8,18.7,25.6,68.4,11.1,43.1,27.0,27.1,4.29,29.0,49.0,58.0,337.0,71.7,56.9,james wood,WSH,James Wood,WSH,"LF,RF,DH",32.6,27.0,31.0,27.0,747.0,23.8,5.574626865671642,1.2067851373182552,15,OF,OF,False,27.0,650.0,4.544654620741577,97.0,1.0299722449300655,12.0,False,False,1,False,64.84891059942963,37.84891292886776,2.095442343975629,33.416734127727,91.39060123624569,90.21308101421911,771.3136822504648,1.2460641070282146,-24.313682250464808,-0.039278969709959366,473.0,274.0,"{'C': 415, 'SS': 586, '2B': 586, '3B': 569, '1B': 598, 'OF': 519, 'UT': 473}",1.2067851373182552,0.6219709208400647,4.992135651378418,97.73584905660377,92.0754716981132,95.47169811320755,5.660377358490564,2.264150943396217,20.355411954765753,29.079159935379646,97.89983844911147,0.019000000000000017,1.2067851373182552,3,1644,0.0,1.1160714285714286,2,True,0.0907137087468266,-3.5,2.3000000000000007,0.7999999999999972,29.0,1.0,29.0,0.0,Left oblique strain,29.0,2026-03-26,2026-09-12,123.0,150.0,123.0,27.0,697.0,1.0,0.0,0.0,0.15,,established,37.6,17.7,1.287,"619 PA, already has the job · avg EV 95.4 (100th pct) · 24 years old, an age that jumps 8% of the time · barrel rate up 2.3 pts on last year",xwOBA 0.404 (99th) · barrels 18.7% (99th) · EV 95.4 (100th) · hard-hit 59% (100th) · K 29% (18th) · BB 16% (98th) · chase 21% (94th) · bat speed 76.8 mph (97th) · sprint 27.1 (39th),"{""n"":20,""b"":1,""c"":[[""Yordan Alvarez"",2021,24,1.16,1.29,723,1],[""Austin Riley"",2022,25,1.07,1.1,787,0],[""Rafael Devers"",2021,25,1.14,1.1,676,0],[""Juan Soto"",2023,25,1.19,1.27,903,0],[""Yordan Alvarez"",2022,25,1.29,1.25,619,0]]}",1.1200256396665111,1.159812919166961,-0.012246653109530594,1.1200256396665111,700.0,0.977,784.0,672.0,3,9,BB,established,1.1160714285714286,0.0907137087468266,True
695600,Carter Jensen,2026,2003-07-03,C,L,Kansas City Royals,149,603,527,126,35,2,27,80,81,65,4,2,1,170,7,62,5,19,0,106,0,0,0,0,0,42,22.0,603.0,28.2,10.8,0.239,0.467,0.323,0.228,0.294,0.217,0.423,0.341,0.318,0.304,0.206,0.434,0.395,0.022,0.044,0.023,91.5,20.6,33.0,12.7,44.8,102.069247033,95.57430843,67.5,24.1,45.1,80.4,29.7,44.7,41.8,32.7,38.7,19.5,9.1,7.1,73.9,11.3,23.2,37.4,6.7,48.8,14.0,27.8,4.37,38.0,41.0,46.0,364.0,75.4,55.7,carter jensen,KC,Carter Jensen,KC,"C,DH",230.0,139.0,182.0,320.0,641.0,23.0,4.302013422818792,1.0630182421227197,51,C,C,False,139.0,422.61764705882354,3.705765225084571,218.38235294117646,0.5962481977342211,88.0,True,True,38,False,56.13019646010567,31.974641400595356,2.175127818492271,24.0790343208067,75.44983358367429,74.44856870016051,595.1784022838348,0.987028859508847,45.82159771616523,0.07598938261387267,415.0,226.0,"{'C': 415, 'SS': 586, '2B': 586, '3B': 569, '1B': 598, 'OF': 519, 'UT': 473}",1.0630182421227197,0.5041459369817579,0.4043210265487258,77.73584905660378,50.943396226415096,73.58490566037736,26.792452830188687,4.150943396226424,1.9900497512437811,26.865671641791042,64.67661691542288,-0.02300000000000002,1.0630182421227197,1,672,0.0,,0,False,0.7130182421227197,,,,0.0,0.0,0.0,0.0,,0.0,2026-03-27,2026-09-12,138.0,150.0,150.0,0.0,552.0,0.92,0.0,0.0,0.15,,young / establishing,34.5,13.6,1.143,"603 PA, already has the job · 23 years old, an age that jumps 11% of the time · avg EV 91.5 (90th pct)",xwOBA 0.318 (63rd) · barrels 12.7% (89th) · EV 91.5 (90th) · hard-hit 45% (80th) · K 28% (19th) · BB 11% (78th) · chase 24% (86th) · bat speed 73.9 mph (77th) · sprint 27.8 (57th),"{""n"":20,""b"":1,""c"":[[""Gunnar Henderson"",2023,22,1.08,1.17,843,1],[""Ryan Mountcastle"",2021,24,1.06,0.94,575,0],[""Colton Cowser"",2024,24,1.04,0.96,347,0],[""Jazz Chisholm Jr."",2021,23,1.02,1.28,308,0],[""Wilyer Abreu"",2024,25,1.07,1.09,456,0]]}",1.0236308520797481,1.0630182421227197,0.000982437627337522,1.0236308520797481,583.0,1.0,597.0,614.0,43,65,BB,broke_out,,0.7130182421227197,False
695657,Colson Montgomery,2026,2002-02-27,SS,L,Chicago White Sox,152,634,564,112,24,0,31,71,87,54,14,1,1,225,2,57,12,0,0,0,0,0,42,126,0,7,24.0,634.0,35.5,8.5,0.199,0.406,0.284,0.207,0.261,0.2,0.39,0.302,0.296,0.281,0.19,0.424,0.414,-0.001,0.016,0.006,88.6,23.7,33.1,12.1,41.2,101.199300412,94.777856401,73.0,32.2,32.2,78.1,37.2,51.4,49.6,31.1,34.3,20.2,14.4,8.0,76.6,9.7,14.7,70.6,13.4,53.6,-4.0,26.6,4.66,38.0,24.0,50.0,341.0,79.7,65.2,colson montgomery,CWS,Colson Montgomery,CWS,"3B,SS,DH",181.2,109.0,217.0,203.0,558.0,24.3,3.6710526315789473,0.8801261829652997,108,3B/SS,3B/SS,False,109.0,556.8852459016393,4.003049236131642,1.1147540983606632,-0.33199660455269475,1.0,False,False,59,False,59.472042124116975,25.882894371620324,1.058084884408467,26.386978619854247,70.70301875763667,77.47072472272954,539.9337434803662,0.8516305102213977,18.06625651963384,0.028495672743901967,473.0,85.0,"{'C': 415, 'SS': 586, '2B': 586, '3B': 569, '1B': 598, 'OF': 519, 'UT': 473}",0.8801261829652997,0.3422712933753943,-1.2611253846845676,13.20754716981132,5.283018867924529,58.490566037735846,7.924528301886792,-45.283018867924525,0.9463722397476341,29.33753943217666,51.10410094637224,-0.006000000000000005,1.1091549295774648,2,918,-0.2290287466121651,1.1091549295774648,1,False,-0.2290287466121651,6.300000000000001,-2.4000000000000004,-0.4000000000000057,0.0,0.0,0.0,0.0,,0.0,2026-03-26,2026-09-12,140.0,150.0,150.0,0.0,587.0,0.933,0.0,0.0,0.15,,young / establishing,33.8,1.6,1.189,"634 PA, already has the job · 24 years old, an age that jumps 8% of the time · got 0.88/PA but deserved 0.85",xwOBA 0.296 (36th) · barrels 12.1% (84th) · EV 88.6 (50th) · hard-hit 41% (63rd) · K 36% (2nd) · BB 8% (50th) · chase 32% (38th) · bat speed 76.6 mph (96th) · sprint 26.6 (26th),"{""n"":20,""b"":0,""c"":[[""Zack Gelof"",2024,25,0.92,0.68,69,0],[""Matt McLain"",2025,26,0.9,0.89,437,0],[""Bo Naylor"",2024,24,0.89,0.95,395,0],[""Lawrence Butler"",2025,25,1.02,0.96,515,0],[""Nolan Gorman"",2024,24,0.88,0.84,339,0]]}",0.955033238984192,0.9286424664346097,-0.012246653109530594,0.955033238984192,495.0,1.0,473.0,573.0,94,187,THALER,candidate,1.1091549295774648,-0.2290287466121651,False
695670,Harry Ford,2026,2003-02-21,C,R,Washington Nationals,37,114,97,18,6,0,3,16,10,16,1,3,0,28,0,9,0,6,0,35,0,0,0,0,0,1,23.0,114.0,24.6,14.0,0.186,0.34,0.307,0.154,0.227,0.184,0.323,0.295,0.288,0.306,0.139,0.315,0.303,0.002,0.017,0.007,84.4,13.4,30.4,10.1,33.3,98.019174286,93.161675217,66.7,18.8,55.1,79.8,25.8,42.4,36.2,50.7,30.4,13.0,5.8,6.5,69.2,7.3,22.4,4.7,14.3,50.8,-2.0,27.2,4.57,5.0,6.0,7.0,69.0,85.3,52.6,harry ford,WSH,Harry Ford,WSH,C,417.7,245.0,407.0,440.0,115.0,23.4,3.108108108108108,1.0087719298245614,423,C,C,False,245.0,301.0,3.0403225806451615,-186.0,0.06778552746294642,-178.0,False,False,339,True,10.41625721567868,4.263174183430629,0.2858799861027,2.8826886147879907,12.700106389404695,11.879413588777151,111.75851997818184,0.9803378945454547,3.2414800218181625,0.028434035279106706,415.0,-300.0,"{'C': 415, 'SS': 586, '2B': 586, '3B': 569, '1B': 598, 'OF': 519, 'UT': 473}",1.0087719298245614,0.43859649122807015,-10.09899124899167,,,,,,15.789473684210526,15.789473684210526,84.21052631578947,-0.007000000000000006,,0,122,,,0,False,0.6587719298245615,,,,0.0,0.0,0.0,0.0,,0.0,2026-07-17,2026-09-12,31.0,53.0,53.0,0.0,284.0,0.585,113.0,1.0,0.15,,rookie,45.5,3.7,0.43,"23 years old, an age that jumps 11% of the time · 122 career PA, still new · sprint 27.2 ft/s (43rd pct)",xwOBA 0.288 (27th) · barrels 10.1% (72nd) · EV 84.4 (3rd) · hard-hit 33% (25th) · K 25% (36th) · BB 14% (95th) · chase 19% (99th) · bat speed 69.2 mph (16th) · sprint 27.2 (42nd),"{""n"":20,""b"":1,""c"":[[""Oswaldo Cabrera"",2022,23,1.06,0.8,264,0],[""Enmanuel Valdez"",2023,24,1.03,0.81,181,0],[""Kerry Carpenter"",2022,25,1.0,1.1,503,0],[""Jo Adell"",2021,22,1.05,0.85,241,0],[""Triston Casas"",2022,22,0.95,1.04,520,0]]}",0.9663711564050145,1.0087719298245614,0.000982437627337522,0.9663711564050145,277.0,1.0,268.0,580.0,276,163,FA,candidate,,0.6587719298245615,False
695681,Christian Moore,2026,2002-10-21,2B,R,Los Angeles Angels,37,143,131,25,4,1,2,5,18,10,1,1,3,47,1,18,1,0,0,0,0,29,0,0,5,4,23.0,143.0,32.9,7.0,0.191,0.282,0.252,0.091,0.277,0.192,0.311,0.241,0.251,0.254,0.119,0.315,0.332,-0.001,-0.029,-0.01,88.3,11.2,29.4,9.5,38.8,99.467511667,93.787557619,70.2,31.8,37.6,81.5,32.2,51.0,24.7,47.1,25.9,20.0,7.1,7.2,71.9,8.3,18.6,23.7,5.7,42.3,-9.0,28.3,4.5,6.0,8.0,11.0,85.0,68.2,62.2,christian moore,LAA,Christian Moore,LAA,"2B,LF",434.0,254.0,456.0,412.0,98.0,23.7,2.6486486486486487,0.6853146853146853,441,2B,2B,False,254.0,252.0,2.9462393912788998,-154.0,-0.2975907426302511,-187.0,False,False,339,True,16.62231269193468,4.738250895079309,0.5235601340373448,3.2678762789486666,15.298393143397771,14.068006246098996,108.25939938949676,0.7570587369894879,-10.259399389496764,-0.07174405167480258,473.0,-375.0,"{'C': 415, 'SS': 586, '2B': 586, '3B': 569, '1B': 598, 'OF': 519, 'UT': 473}",0.6853146853146853,0.16783216783216784,-10.761897586767873,,,,,,4.195804195804196,8.391608391608392,41.95804195804196,0.010000000000000009,,0,327,,,0,False,0.33531468531468533,-0.8000000000000043,2.5999999999999996,-0.7999999999999972,0.0,0.0,31.0,0.0,,18.599999999999998,2026-06-18,2026-09-12,25.0,73.0,73.0,0.0,204.0,0.342,84.0,1.0,0.15,,young / establishing,52.1,3.5,0.43,"24 years old, an age that jumps 8% of the time · deserved 0.76/PA on contact quality, got 0.69 · 327 career PA, still new · barrel rate up 2.6 pts on last year",xwOBA 0.251 (5th) · barrels 9.5% (68th) · EV 88.3 (45th) · hard-hit 39% (52nd) · K 33% (4th) · BB 7% (31st) · chase 32% (40th) · bat speed 71.9 mph (48th) · sprint 28.3 (72nd),"{""n"":20,""b"":1,""c"":[[""Tyler Locklear"",2025,25,0.72,1.12,47,0],[""Cal Raleigh"",2021,25,0.7,1.1,455,0],[""Michael Toglia"",2023,25,0.68,1.02,465,0],[""Brett Wisely"",2023,24,0.63,0.81,221,0],[""Victor Scott II"",2024,23,0.72,0.97,451,0]]}",0.8770947094501529,0.8369565217391306,-0.012246653109530594,0.8770947094501529,265.0,0.985,232.0,526.0,326,382,FA,candidate,,0.33531468531468533,False
695720,Tommy White,2026,2003-03-02,1B,R,Athletics,55,193,187,48,5,0,3,19,10,5,0,0,1,34,1,40,3,0,0,0,34,0,25,0,0,1,23.0,193.0,17.6,2.6,0.257,0.332,0.275,0.075,0.298,0.264,0.385,0.267,0.293,0.285,0.121,0.312,0.344,-0.007,-0.053,-0.026,86.0,7.1,30.5,7.1,32.5,97.272717013,92.639802403,69.5,42.1,64.9,86.7,22.1,55.0,29.2,50.0,22.7,24.0,3.2,7.3,69.3,9.2,25.7,12.7,8.6,60.2,-11.0,26.7,4.65,8.0,18.0,22.0,154.0,76.9,68.4,tommy white,ATH,,,,,,,,141.0,23.3,2.5636363636363635,0.7305699481865285,401,1B/3B,1B/3B,True,339.0,171.72,2.3941801142166454,-30.72,0.16945624941971804,-62.0,False,False,339,False,37.01167657452505,6.978375976864689,0.4852183226954826,4.892729125914783,20.31930075837717,20.662140040446523,164.3444407988237,0.8515255999939052,-23.34444079882371,-0.12095565180737666,473.0,-332.0,"{'C': 415, 'SS': 586, '2B': 586, '3B': 569, '1B': 598, 'OF': 519, 'UT': 473}",0.7305699481865285,0.32124352331606215,-9.660836830379266,,,,,,0.0,9.32642487046632,15.5440414507772,0.025999999999999968,,0,193,,,0,False,0.38056994818652856,,,,0.0,0.0,0.0,0.0,,0.0,2026-07-17,2026-09-12,44.0,53.0,53.0,0.0,467.0,0.83,112.0,1.0,0.15,,young / establishing,46.5,5.8,0.43,"deserved 0.85/PA on contact quality, got 0.73 · 23 years old, an age that jumps 11% of the time · sprint 26.7 ft/s (29th pct)",xwOBA 0.293 (31st) · barrels 7.1% (48th) · EV 86.0 (13th) · hard-hit 32% (22nd) · K 18% (79th) · BB 3% (1st) · chase 42% (5th) · bat speed 69.3 mph (17th) · sprint 26.7 (28th),"{""n"":20,""b"":0,""c"":[[""Luis Rengifo"",2021,24,0.71,0.9,460,0],[""Brooks Lee"",2024,23,0.78,0.84,443,0],[""Darell Hernaiz"",2025,24,0.75,0.72,113,0],[""Cole Young"",2025,22,0.75,0.88,559,0],[""Trey Lipscomb"",2024,24,0.73,1.25,5,0]]}",0.8930101604625376,0.7305699481865285,0.000982437627337522,0.8930101604625376,258.0,1.0,230.0,536.0,331,349,FA,candidate,,0.38056994818652856,False
695731,Braden Montgomery,2026,2003-04-16,OF,S,Chicago White Sox,92,361,319,72,16,3,6,47,38,38,3,1,3,71,1,47,5,0,9,0,0,0,0,0,93,0,23.0,361.0,19.7,10.5,0.226,0.351,0.313,0.125,0.272,0.255,0.391,0.299,0.326,0.339,0.137,0.318,0.355,-0.029,-0.04,-0.027,88.9,3.0,28.1,4.4,41.0,100.102280161,94.278704291,76.3,27.4,42.9,80.9,30.1,50.4,35.7,60.2,17.7,18.5,3.6,6.5,69.7,10.9,24.7,8.6,7.9,49.2,-6.0,28.4,4.34,8.0,36.0,28.0,249.0,86.4,59.8,braden montgomery,CWS,,,,,,,,326.0,23.2,3.5434782608695654,0.9030470914127424,234,OF,OF,True,339.0,171.72,2.3941801142166454,154.28,1.14929814665292,105.0,False,False,237,False,56.404305386801916,14.622365836070074,1.8743521674541042,8.443976609673907,45.193978117846186,37.680296148975565,346.2672742668218,0.9591891253928582,-20.2672742668218,-0.056142033980115746,473.0,-147.0,"{'C': 415, 'SS': 586, '2B': 586, '3B': 569, '1B': 598, 'OF': 519, 'UT': 473}",0.9030470914127424,0.45706371191135736,-6.641263128415821,21.132075471698116,29.81132075471698,9.056603773584905,-8.679245283018865,12.07547169811321,1.6620498614958448,9.97229916897507,63.1578947368421,0.027000000000000024,0.9030470914127424,1,361,0.0,,0,False,0.5530470914127424,,,,0.0,0.0,0.0,0.0,,0.0,2026-06-09,2026-09-12,80.0,84.0,84.0,0.0,576.0,0.952,75.0,1.0,0.15,,young / establishing,53.4,22.3,0.983,"23 years old, an age that jumps 11% of the time · deserved 0.96/PA on contact quality, got 0.90 · sprint 28.4 ft/s (77th pct)",xwOBA 0.326 (70th) · barrels 4.4% (24th) · EV 88.9 (54th) · hard-hit 41% (61st) · K 20% (68th) · BB 10% (74th) · chase 27% (69th) · bat speed 69.7 mph (21st) · sprint 28.4 (76th),"{""n"":20,""b"":4,""c"":[[""Gavin Lux"",2021,24,0.91,0.96,451,0],[""Zach Neto"",2023,22,0.88,1.08,649,1],[""Alek Thomas"",2023,23,0.93,0.98,101,0],[""Colt Keith"",2024,23,0.88,0.93,434,0],[""Wenceel P\u00e9rez"",2024,25,0.92,1.01,387,0]]}",0.9537258881297906,0.9030470914127424,0.000982437627337522,0.9537258881297906,373.0,1.0,356.0,572.0,189,194,CJF,candidate,,0.5530470914127424,False
695734,Daylen Lile,2026,2002-11-30,OF,L,Washington Nationals,159,651,598,148,28,8,22,81,89,40,6,15,7,126,7,90,2,0,4,0,0,0,0,0,143,24,23.0,651.0,19.4,6.1,0.247,0.431,0.298,0.184,0.276,0.257,0.445,0.314,0.326,0.306,0.188,0.362,0.377,-0.01,-0.014,-0.012,88.6,19.0,38.0,9.6,38.1,99.061166778,93.691224277,76.0,38.5,60.8,85.6,23.7,55.7,40.7,32.6,38.0,23.2,6.3,7.5,71.5,10.2,25.1,12.7,12.3,54.7,-7.0,29.4,4.21,42.0,33.0,73.0,479.0,84.3,64.0,daylen lile,WSH,Daylen Lile,WSH,"LF,RF,DH",198.4,117.0,204.0,196.0,673.0,23.6,4.232704402515723,1.033794162826421,39,OF,OF,False,117.0,556.8852459016393,3.8958333333333335,116.11475409836066,0.3368710691823895,78.0,True,False,1,False,93.77478527969666,30.633308882341932,6.043026396226189,23.23487944173523,87.97280463429867,75.96578213676702,680.7345867710658,1.0456752484962608,-7.7345867710657785,-0.01188108566983992,473.0,200.0,"{'C': 415, 'SS': 586, '2B': 586, '3B': 569, '1B': 598, 'OF': 519, 'UT': 473}",1.033794162826421,0.5483870967741935,1.8928013419045149,69.43396226415094,68.67924528301886,85.28301886792453,0.7547169811320771,-15.84905660377359,13.824884792626728,20.276497695852534,36.866359447004605,0.01200000000000001,1.1396011396011396,2,1002,-0.10580697677471873,1.1396011396011396,1,False,-0.10580697677471873,3.3999999999999986,4.3999999999999995,2.4000000000000057,0.0,0.0,0.0,0.0,,0.0,2026-03-26,2026-09-12,148.0,150.0,150.0,0.0,606.0,0.987,0.0,0.0,0.15,,young / establishing,31.1,12.5,1.22,"651 PA, already has the job · 24 years old, an age that jumps 8% of the time · sprint 29.4 ft/s (94th pct) · barrel rate up 4.4 pts on last year · bat speed up 2.4 mph",xwOBA 0.326 (70th) · barrels 9.6% (69th) · EV 88.6 (50th) · hard-hit 38% (48th) · K 19% (70th) · BB 6% (23rd) · chase 38% (10th) · bat speed 71.5 mph (42nd) · sprint 29.4 (94th),"{""n"":20,""b"":6,""c"":[[""Ceddanne Rafaela"",2025,25,1.04,1.08,622,0],[""CJ Abrams"",2024,24,1.07,1.06,674,0],[""Pete Crow-Armstrong"",2025,23,1.19,1.35,978,1],[""Jordan Beck"",2025,24,1.03,0.75,132,0],[""Zach Neto"",2024,23,1.08,1.13,625,0]]}",1.078478302962751,1.0596564531104922,-0.012246653109530594,1.078478302962751,598.0,1.0,645.0,647.0,26,21,GK,candidate,1.1396011396011396,-0.10580697677471873,False
696030,Alejandro Osuna,2026,2002-10-10,OF,L,Texas Rangers,83,231,202,53,6,0,1,27,25,19,9,5,2,35,0,46,1,0,1,0,0,0,0,0,85,6,23.0,231.0,15.2,8.2,0.262,0.307,0.352,0.045,0.313,0.255,0.312,0.306,0.303,0.346,0.057,0.303,0.299,0.007,-0.005,0.003,86.8,5.5,33.9,0.6,29.2,97.972907439,93.067395828,64.4,32.0,73.5,87.7,17.0,48.3,26.2,49.4,14.9,28.6,7.1,7.0,71.7,9.0,26.8,23.0,2.1,32.3,-2.0,28.5,4.2,5.0,20.0,27.0,168.0,71.1,62.8,alejandro osuna,TEX,,,,,,,,211.0,23.7,2.5421686746987953,0.9134199134199135,332,OF,OF,True,339.0,171.72,2.3941801142166454,39.28,0.1479885604821498,7.0,False,False,279,False,44.982000994918494,3.9040979826834703,0.2618010498775791,2.3620999725204572,26.781709248922905,18.975373346632075,204.29108259555497,0.8843769809331384,6.708917404445032,0.02904293248677503,473.0,-262.0,"{'C': 415, 'SS': 586, '2B': 586, '3B': 569, '1B': 598, 'OF': 519, 'UT': 473}",0.9134199134199135,0.4458874458874459,-7.969330072696174,,,,,,12.987012987012987,2.5974025974025974,49.350649350649356,-0.0030000000000000027,0.9134199134199135,1,407,0.0,,0,False,0.5634199134199135,-4.100000000000001,-5.4,0.5,0.0,0.0,0.0,0.0,,0.0,2026-04-23,2026-08-08,76.0,100.0,100.0,0.0,328.0,0.76,28.0,1.0,0.15,,young / establishing,50.2,5.6,0.993,"24 years old, an age that jumps 8% of the time · 407 career PA, still new · sprint 28.5 ft/s (79th pct)",xwOBA 0.303 (45th) · barrels 0.6% (1st) · EV 86.8 (21st) · hard-hit 29% (13th) · K 15% (88th) · BB 8% (45th) · chase 32% (39th) · bat speed 71.7 mph (46th) · sprint 28.5 (78th),"{""n"":20,""b"":1,""c"":[[""Austin Martin"",2024,25,0.94,1.04,189,0],[""Nico Hoerner"",2021,24,0.95,1.02,528,0],[""Javier Sanoja"",2025,23,0.94,1.06,513,0],[""Miguel Vargas"",2023,24,0.85,0.68,160,0],[""Tyler Freeman"",2023,24,0.92,0.91,348,0]]}",0.9193323654865608,0.8817587641117053,-0.012246653109530594,0.9193323654865608,256.0,1.0,235.0,552.0,319,285,FA,candidate,,0.5634199134199135,False
696100,Hunter Goodman,2026,1999-10-08,C,R,Colorado Rockies,137,570,515,127,20,2,41,84,88,45,5,5,5,174,5,64,11,17,0,98,0,0,0,0,0,39,26.0,570.0,30.5,7.9,0.247,0.532,0.311,0.285,0.282,0.229,0.458,0.357,0.322,0.292,0.229,0.49,0.434,0.018,0.074,0.035,89.7,18.7,32.4,14.5,44.2,102.213328372,95.370909622,73.8,40.3,49.9,77.8,34.0,54.6,48.0,34.4,34.7,22.0,9.0,7.3,75.0,10.8,18.0,49.0,14.0,66.6,20.0,27.3,4.56,47.0,32.0,48.0,346.0,78.4,65.3,hunter goodman,COL,Hunter Goodman,COL,"C,DH",72.8,51.0,62.0,85.0,661.0,26.7,4.824817518248175,1.1596491228070176,40,C,C,False,51.0,597.1666666666666,4.318350772404012,63.83333333333337,0.506466745844163,11.0,False,False,1,False,62.94443639933554,22.48129179484,2.0741072123133937,30.43516459351107,71.21544413723468,75.67494366958,588.6953878068147,1.0327989259768677,72.30461219318533,0.12685019683014986,415.0,246.0,"{'C': 415, 'SS': 586, '2B': 586, '3B': 569, '1B': 598, 'OF': 519, 'UT': 473}",1.1596491228070176,0.5649122807017544,3.24359491114006,95.09433962264151,76.22641509433963,88.67924528301887,18.867924528301884,6.415094339622641,5.263157894736842,43.15789473684211,47.368421052631575,-0.034999999999999976,1.1596491228070176,3,1450,0.0,1.1295336787564767,2,True,0.030115444050540896,4.199999999999999,1.5999999999999996,0.7000000000000028,7.0,1.0,7.0,0.0,,7.0,2026-03-27,2026-09-12,128.0,150.0,143.0,7.0,553.0,0.895,0.0,0.0,0.15,,established,35.2,3.1,1.24,"570 PA, already has the job · 1.16/PA is his best rate yet, so the bar is one step up · avg EV 89.7 (71st pct)",xwOBA 0.322 (66th) · barrels 14.5% (95th) · EV 89.7 (68th) · hard-hit 44% (79th) · K 30% (13th) · BB 8% (41st) · chase 40% (7th) · bat speed 75.0 mph (88th) · sprint 27.3 (45th),"{""n"":20,""b"":0,""c"":[[""Brandon Lowe"",2021,27,1.13,0.85,225,0],[""Mickey Moniak"",2025,27,1.13,1.01,441,0],[""Jared Walsh"",2021,28,1.09,0.81,366,0],[""Javier B\u00e1ez"",2021,29,1.13,0.87,514,0],[""James Outman"",2023,26,1.1,0.69,108,0]]}",1.0199010121514414,1.1326426975421493,-0.01697502965936144,1.0199010121514414,584.0,0.994,596.0,612.0,44,73,CJF,established,1.1295336787564767,0.030115444050540896,True
696285,Jacob Young,2026,1999-07-27,OF,R,Washington Nationals,139,467,417,105,22,3,10,57,49,33,9,18,4,77,3,70,2,0,5,0,0,0,0,0,135,0,26.0,467.0,16.5,7.1,0.252,0.391,0.318,0.139,0.285,0.258,0.386,0.314,0.315,0.326,0.127,0.336,0.338,-0.006,0.005,-0.001,87.7,12.0,36.6,5.8,31.4,97.70378432,92.896918876,60.6,27.4,60.7,87.7,20.8,43.9,37.5,39.5,28.0,27.4,5.2,7.2,69.6,10.6,32.5,2.6,12.2,61.5,2.0,29.2,4.3,23.0,31.0,51.0,347.0,65.6,66.0,jacob young,WSH,,,,,,,,478.0,26.9,3.4388489208633093,1.0235546038543897,141,OF,OF,True,339.0,171.72,2.3941801142166454,306.28,1.0446688066466638,198.0,True,False,120,False,77.47238733107176,17.710238354535402,1.9613612977139083,10.442013016678928,60.02605907698581,46.61019967292105,478.76725874990683,1.0251975562096507,-0.76725874990683,-0.0016429523552610181,473.0,5.0,"{'C': 415, 'SS': 586, '2B': 586, '3B': 569, '1B': 598, 'OF': 519, 'UT': 473}",1.0235546038543897,0.5203426124197003,-2.7014442563267216,65.66037735849056,59.056603773584904,46.0377358490566,6.60377358490566,19.62264150943396,23.126338329764454,12.84796573875803,42.3982869379015,0.0010000000000000009,1.0235546038543897,3,1473,0.0,1.0153550863723608,2,False,0.00819951748202885,-1.3999999999999986,3.9,1.2999999999999972,0.0,0.0,14.0,0.0,,8.4,2026-03-26,2026-09-12,131.0,150.0,150.0,0.0,437.0,0.873,0.0,0.0,0.15,,established,28.5,3.3,1.104,"1.02/PA is his best rate yet, so the bar is one step up · sprint 29.2 ft/s (92nd pct) · 467 PA, already has the job · barrel rate up 3.9 pts on last year · bat speed up 1.3 mph",xwOBA 0.315 (59th) · barrels 5.8% (35th) · EV 87.7 (35th) · hard-hit 31% (19th) · K 16% (84th) · BB 7% (31st) · chase 27% (69th) · bat speed 69.6 mph (19th) · sprint 29.2 (91st),"{""n"":20,""b"":2,""c"":[[""Bryson Stott"",2025,28,1.03,1.02,618,0],[""Jeremy Pe\u00f1a"",2024,27,0.96,1.13,613,1],[""Tommy Edman"",2022,27,1.07,1.04,547,0],[""Ceddanne Rafaela"",2025,25,1.04,1.08,622,0],[""Amed Rosario"",2022,27,0.99,0.95,520,0]]}",0.9827139156356154,0.981703694903172,-0.01697502965936144,0.9827139156356154,375.0,0.993,369.0,590.0,174,121,FA,candidate,1.0153550863723608,0.00819951748202885,False
699013,Esmerlyn Valdez,2026,2004-01-27,OF,R,Pittsburgh Pirates,72,287,241,56,14,1,17,40,47,42,1,0,1,108,3,24,2,0,2,0,1,0,0,0,72,0,22.0,287.0,37.6,14.6,0.232,0.51,0.345,0.278,0.328,0.2,0.44,0.368,0.332,0.319,0.241,0.555,0.48,0.032,0.07,0.036,91.9,18.0,34.6,19.9,49.3,102.626347206,95.946204412,64.8,21.0,39.9,67.4,40.2,41.3,37.5,34.6,39.7,19.9,5.9,8.0,74.8,11.3,18.7,50.9,15.7,51.8,10.0,28.1,4.56,25.0,14.0,17.0,136.0,76.5,56.4,esmerlyn valdez,PIT,,,,,,,,311.0,22.4,4.319444444444445,1.083623693379791,248,OF,OF,True,339.0,171.72,2.3941801142166454,139.28,1.9252643302277992,91.0,False,False,241,False,18.52014450369527,14.884675436628008,1.1892156156581828,13.605964444018543,38.271106138875936,37.51754547234299,275.26965161121893,0.9591277059624354,35.73034838878107,0.12449598741735557,473.0,-162.0,"{'C': 415, 'SS': 586, '2B': 586, '3B': 569, '1B': 598, 'OF': 519, 'UT': 473}",1.083623693379791,0.5017421602787456,-5.104618203335683,,,,,,0.0,35.54006968641115,87.80487804878048,-0.035999999999999976,1.083623693379791,1,287,0.0,,0,False,0.7336236933797909,,,,15.0,1.0,15.0,0.0,Left hamstring strain,15.0,2026-05-22,2026-09-11,72.0,102.0,101.0,1.0,423.0,0.713,57.0,1.0,0.15,,young / establishing,60.4,6.6,1.164,"22 years old, an age that jumps 17% of the time · avg EV 91.9 (92nd pct) · sprint 28.1 ft/s (68th pct)",xwOBA 0.332 (76th) · barrels 19.9% (99th) · EV 91.9 (92nd) · hard-hit 49% (93rd) · K 38% (1st) · BB 15% (97th) · chase 21% (95th) · bat speed 74.8 mph (87th) · sprint 28.1 (67th),"{""n"":20,""b"":0,""c"":[[""Oneil Cruz"",2022,24,1.02,1.15,46,0],[""Colson Montgomery"",2025,23,1.11,0.88,558,0],[""Christopher Morel"",2023,24,1.12,0.8,488,0],[""Jhonkensy Noel"",2024,23,1.02,0.73,112,0],[""Jes\u00fas S\u00e1nchez"",2021,24,1.02,0.9,308,0]]}",0.9395362420206006,1.083623693379791,0.010387702304990686,0.9395362420206006,347.0,0.988,326.0,564.0,218,231,LTTA,candidate,,0.7336236933797909,False
699302,Héctor Rodríguez,2026,2004-03-11,OF,L,Cincinnati Reds,40,148,140,33,4,2,6,16,17,7,1,0,2,39,0,21,1,0,0,0,0,0,0,0,37,2,22.0,148.0,26.4,4.7,0.236,0.421,0.277,0.185,0.284,0.199,0.333,0.303,0.254,0.242,0.135,0.389,0.317,0.037,0.088,0.049,88.5,9.6,26.7,6.9,35.6,99.56243,93.7922904,71.8,42.6,59.8,81.5,27.7,55.7,41.6,54.5,29.7,11.9,4.0,7.9,75.0,9.7,17.9,51.9,11.8,56.7,-1.0,28.2,4.21,8.0,16.0,9.0,101.0,88.6,67.6,hector rodriguez,CIN,,,,,,,,132.0,22.3,3.3,0.8918918918918919,404,OF,OF,True,339.0,171.72,2.3941801142166454,-39.72,0.9058198857833544,-65.0,False,False,339,False,18.02196427637442,4.939555304847439,0.7349965611818782,4.163483857596269,15.847853495376032,15.399352395398367,112.86720589077441,0.762616256018746,19.132794109225586,0.12927563587314583,473.0,-341.0,"{'C': 415, 'SS': 586, '2B': 586, '3B': 569, '1B': 598, 'OF': 519, 'UT': 473}",0.8918918918918919,0.40540540540540543,-9.337296235246209,,,,,,0.0,24.324324324324326,28.37837837837838,-0.04899999999999999,,0,148,,,0,False,0.5418918918918919,,,,0.0,0.0,0.0,0.0,,0.0,2026-08-04,2026-09-12,30.0,37.0,37.0,0.0,459.0,0.811,131.0,1.0,0.15,,young / establishing,52.6,3.7,0.43,"22 years old, an age that jumps 17% of the time · sprint 28.2 ft/s (71st pct) · got 0.89/PA but deserved 0.76",xwOBA 0.254 (5th) · barrels 6.9% (46th) · EV 88.5 (48th) · hard-hit 36% (34th) · K 26% (26th) · BB 5% (10th) · chase 43% (4th) · bat speed 75.0 mph (88th) · sprint 28.2 (70th),"{""n"":20,""b"":1,""c"":[[""Marcelo Mayer"",2025,22,0.85,0.73,176,0],[""Elehuris Montero"",2022,24,0.88,0.93,284,0],[""Liover Peguero"",2023,22,0.91,0.6,6,0],[""Nick Maton"",2021,24,0.91,1.18,100,0],[""Ezequiel Duran"",2022,23,0.86,1.0,440,0]]}",0.9436326988476857,0.8918918918918919,0.010387702304990686,0.9436326988476857,265.0,1.0,250.0,566.0,299,225,FA,candidate,,0.5418918918918919,False
699393,Pedro Ramírez,2026,2004-04-01,2B,S,Chicago Cubs,79,261,237,61,12,2,6,36,32,20,1,9,1,48,2,41,5,0,0,0,4,42,18,0,1,12,22.0,261.0,18.4,7.7,0.257,0.401,0.315,0.144,0.297,0.243,0.344,0.312,0.284,0.297,0.101,0.352,0.314,0.014,0.057,0.028,88.9,13.2,30.2,4.2,39.1,99.455335729,93.899426649,68.7,32.6,61.3,88.6,20.5,50.2,41.1,44.3,23.4,23.4,8.9,7.5,72.2,12.9,26.1,22.2,4.9,43.8,-1.0,28.3,4.25,8.0,26.0,26.0,192.0,76.9,60.4,pedro ramirez,CHC,,,,,,,,267.0,22.2,3.3797468354430378,1.0229885057471264,281,2B/3B/SS,2B,True,339.0,171.72,2.3941801142166454,95.28,0.9855667212263923,58.0,False,False,250,False,44.28009409396951,7.566928964617403,0.8618597888566606,4.882117152556426,29.816591696232937,24.828281103547305,236.76387279978024,0.9071412750949435,30.236127200219755,0.11584723065218294,473.0,-206.0,"{'C': 415, 'SS': 586, '2B': 586, '3B': 569, '1B': 598, 'OF': 519, 'UT': 473}",1.0229885057471264,0.5517241379310345,-6.133740821029968,,,,,,20.689655172413794,13.793103448275861,45.97701149425287,-0.028000000000000025,1.0229885057471264,1,261,0.0,,0,False,0.6729885057471264,,,,0.0,0.0,0.0,0.0,,0.0,2026-05-23,2026-09-12,70.0,100.0,100.0,0.0,334.0,0.7,58.0,1.0,0.15,,young / establishing,56.3,8.0,1.103,"22 years old, an age that jumps 17% of the time · sprint 28.3 ft/s (74th pct) · avg EV 88.9 (56th pct)",xwOBA 0.284 (23rd) · barrels 4.2% (21st) · EV 88.9 (54th) · hard-hit 39% (53rd) · K 18% (74th) · BB 8% (38th) · chase 33% (36th) · bat speed 72.2 mph (53rd) · sprint 28.3 (72nd),"{""n"":20,""b"":2,""c"":[[""Lars Nootbaar"",2021,24,1.01,1.06,367,0],[""Javier Sanoja"",2025,23,0.94,1.06,513,0],[""Leody Taveras"",2022,24,0.97,1.03,572,0],[""Oswaldo Cabrera"",2022,23,1.06,0.8,264,0],[""Luis Matos"",2025,23,0.97,0.57,12,0]]}",0.9934707967874429,1.0229885057471264,0.010387702304990686,0.9934707967874429,305.0,1.0,303.0,596.0,242,108,FA,candidate,,0.6729885057471264,False
699625,Jimmy Crooks,2026,2001-07-19,C,L,St. Louis Cardinals,52,149,134,24,6,0,5,10,14,9,5,0,0,48,1,13,1,2,0,46,0,0,0,0,0,5,24.0,149.0,32.2,6.0,0.179,0.336,0.255,0.157,0.232,0.198,0.397,0.264,0.294,0.274,0.2,0.338,0.391,-0.019,-0.061,-0.03,91.7,19.4,37.9,11.6,48.3,101.08186907,95.158178721,66.1,36.3,51.3,75.6,34.2,49.7,36.8,32.2,42.5,19.5,5.7,7.2,71.9,9.9,22.6,20.6,17.1,41.5,-9.0,26.9,4.48,7.0,6.0,10.0,87.0,73.5,61.1,jimmy crooks,STL,,,,,,,,110.0,24.9,2.1153846153846154,0.738255033557047,426,C,C,True,339.0,171.72,2.3941801142166454,-61.72,-0.27879549883203003,-87.0,False,False,339,False,12.129166054713762,7.938094499319096,0.532312837220527,5.932426608746617,16.909686683109587,18.467741646953698,132.2414283300633,0.8875263646312972,-22.241428330063286,-0.14927133107425017,415.0,-305.0,"{'C': 415, 'SS': 586, '2B': 586, '3B': 569, '1B': 598, 'OF': 519, 'UT': 473}",0.738255033557047,0.20134228187919462,-10.569746176221356,,,,,,0.0,20.13422818791946,36.241610738255034,0.02999999999999997,,0,195,,,0,False,0.38825503355704705,,,,0.0,0.0,0.0,0.0,,0.0,2026-05-30,2026-08-29,52.0,89.0,89.0,0.0,249.0,0.584,65.0,1.0,0.15,,young / establishing,49.7,4.9,0.43,"deserved 0.89/PA on contact quality, got 0.74 · 195 career PA, still new · avg EV 91.7 (91st pct)",xwOBA 0.294 (33rd) · barrels 11.6% (82nd) · EV 91.7 (91st) · hard-hit 48% (90th) · K 32% (7th) · BB 6% (21st) · chase 36% (18th) · bat speed 71.9 mph (48th) · sprint 26.9 (34th),"{""n"":20,""b"":0,""c"":[[""Riley Adams"",2022,26,0.74,1.04,165,0],[""Mark Vientos"",2023,24,0.77,1.06,483,0],[""Keston Hiura"",2021,25,0.73,0.99,263,0],[""Niko Kavadas"",2024,26,0.78,0.3,7,0],[""Kyle Stowers"",2024,26,0.79,1.19,545,0]]}",0.958079198586051,0.738255033557047,-0.01249045949552797,0.958079198586051,200.0,1.0,192.0,575.0,404,180,FA,candidate,,0.38825503355704705,False
699912,Jose Fernandez,2026,2003-09-22,DH,R,Arizona Diamondbacks,72,221,203,52,9,0,3,26,16,11,2,9,2,50,0,40,6,0,0,0,20,0,22,7,0,22,22.0,221.0,22.6,5.0,0.256,0.345,0.301,0.089,0.327,0.246,0.344,0.288,0.282,0.291,0.098,0.347,0.338,0.01,0.001,0.006,87.8,10.7,28.5,3.8,38.6,100.3141396,94.264477919,56.4,36.3,60.2,86.0,24.8,45.8,41.1,48.7,11.4,25.3,14.6,7.8,74.0,11.8,23.0,42.9,7.8,46.7,-3.0,29.5,4.36,5.0,21.0,26.0,158.0,62.7,62.9,jose fernandez,ARI,,,,,,,,198.0,22.8,2.75,0.8959276018099548,341,1B/3B/SS,1B/3B,True,339.0,171.72,2.3941801142166454,26.28,0.35581988578335455,-2.0,False,False,279,False,38.68108356992518,6.734353460511082,0.40804236920230424,4.114520600361437,26.647133300273875,20.233093134006044,200.65022643427992,0.907919576625701,-2.650226434279915,-0.01199197481574621,473.0,-275.0,"{'C': 415, 'SS': 586, '2B': 586, '3B': 569, '1B': 598, 'OF': 519, 'UT': 473}",0.8959276018099548,0.37104072398190047,-8.030914370967773,,,,,,24.434389140271495,8.144796380090497,29.864253393665155,-0.006000000000000005,0.8959276018099548,1,221,0.0,,0,False,0.5459276018099548,,,,0.0,0.0,0.0,0.0,,0.0,2026-03-31,2026-08-29,65.0,140.0,140.0,0.0,220.0,0.464,5.0,0.0,0.15,,young / establishing,50.3,10.1,0.976,"23 years old, an age that jumps 11% of the time · sprint 29.5 ft/s (95th pct) · deserved 0.91/PA on contact quality, got 0.90",xwOBA 0.282 (21st) · barrels 3.8% (17th) · EV 87.8 (37th) · hard-hit 39% (51st) · K 23% (50th) · BB 5% (11th) · chase 36% (18th) · bat speed 74.0 mph (78th) · sprint 29.5 (95th),"{""n"":20,""b"":2,""c"":[[""Andr\u00e9s Gim\u00e9nez"",2021,23,0.9,1.11,620,1],[""Luisangel Acu\u00f1a"",2025,23,0.97,0.9,200,0],[""Henry Davis"",2023,24,0.85,0.6,73,0],[""Rodolfo Castro"",2022,23,0.88,0.72,184,0],[""Evan Carter"",2024,22,0.9,1.15,252,0]]}",1.0034832065969441,0.8959276018099548,0.000982437627337522,1.0034832065969441,237.0,1.0,238.0,602.0,315,96,FA,candidate,,0.5459276018099548,False
700250,Ben Rice,2026,1999-02-22,DH,L,New York Yankees,154,667,573,151,24,4,41,105,97,85,6,3,1,162,3,82,4,0,0,0,56,0,0,0,0,95,27.0,667.0,24.3,12.7,0.264,0.534,0.363,0.27,0.295,0.267,0.511,0.384,0.378,0.364,0.243,0.468,0.458,-0.003,0.023,0.006,91.9,14.5,38.4,14.3,48.6,101.739325556,95.439571618,63.8,24.5,53.4,83.6,25.4,43.2,44.9,40.3,32.1,23.4,4.1,7.7,72.6,14.1,27.5,24.3,13.1,54.9,36.0,26.8,4.56,49.0,40.0,61.0,414.0,80.1,59.0,ben rice,NYY,Ben Rice,NYY,"C,1B,DH",65.4,46.0,47.0,72.0,755.0,27.4,4.902597402597403,1.1319340329835081,13,C/1B,1B,False,46.0,598.0,4.318350772404012,157.0,0.5842466301933902,33.0,True,False,1,False,86.68613222093927,28.04790368528983,3.579795966602578,34.677168127168336,90.62449750291157,91.9785403047124,723.824037807624,1.0851934599814452,31.175962192376005,0.04674057300206291,415.0,340.0,"{'C': 415, 'SS': 586, '2B': 586, '3B': 569, '1B': 598, 'OF': 519, 'UT': 473}",1.1319340329835081,0.6506746626686657,5.575939643911596,92.0754716981132,95.84905660377359,96.22641509433963,-3.7735849056603854,-4.150943396226424,2.6986506746626686,36.8815592203898,76.46176911544228,-0.006000000000000005,1.1319340329835081,2,1375,0.0,1.0566037735849056,1,False,0.0753302593986025,5.400000000000002,-1.0999999999999996,-0.8000000000000114,0.0,0.0,0.0,0.0,,0.0,2026-03-25,2026-09-11,141.0,152.0,152.0,0.0,596.0,0.928,0.0,0.0,0.15,,established,34.9,5.4,1.212,"667 PA, already has the job · avg EV 91.9 (92nd pct) · 1.13/PA is his best rate yet, so the bar is one step up",xwOBA 0.378 (97th) · barrels 14.3% (94th) · EV 91.9 (92nd) · hard-hit 49% (91st) · K 24% (38th) · BB 13% (90th) · chase 24% (85th) · bat speed 72.6 mph (60th) · sprint 26.8 (31st),"{""n"":20,""b"":2,""c"":[[""Austin Riley"",2023,26,1.1,0.97,456,0],[""Pete Alonso"",2022,28,1.14,1.08,711,0],[""Matt Olson"",2021,27,1.15,1.0,702,0],[""Nathaniel Lowe"",2022,27,1.04,0.95,690,0],[""Seiya Suzuki"",2023,29,1.07,1.13,663,0]]}",1.0088721606976674,1.0913906009244991,-0.01697502965936144,1.0088721606976674,624.0,1.0,630.0,605.0,31,89,CS,candidate,1.0566037735849056,0.0753302593986025,False
700337,Edgar Quero,2026,2003-04-06,C,S,Chicago White Sox,69,217,187,38,1,0,3,14,19,18,5,1,0,43,5,34,7,11,0,55,0,0,0,0,0,5,23.0,217.0,19.8,8.3,0.203,0.257,0.284,0.054,0.24,0.222,0.315,0.251,0.282,0.305,0.093,0.253,0.298,-0.019,-0.058,-0.031,90.7,9.8,26.5,2.7,39.1,99.170153425,94.034440205,75.3,25.7,61.6,85.0,21.3,49.4,33.1,51.7,26.5,17.9,4.0,6.9,68.9,10.2,29.8,3.9,4.8,50.0,-12.0,24.3,4.87,5.0,18.0,15.0,151.0,81.7,54.8,edgar quero,CWS,Edgar Quero,CWS,"C,DH",354.0,217.0,308.0,407.0,160.0,23.2,2.318840579710145,0.7373271889400922,376,C,C,False,217.0,338.3666666666667,3.0792137196109657,-178.36666666666667,-0.7603731399008207,-159.0,False,False,339,True,32.39335247612923,4.790112853114332,0.3907168653836639,3.9398178053727793,19.063059859685332,22.160423748986613,182.64248360867194,0.8416704313763684,-22.642483608671938,-0.10434324243627624,415.0,-255.0,"{'C': 415, 'SS': 586, '2B': 586, '3B': 569, '1B': 598, 'OF': 519, 'UT': 473}",0.7373271889400922,0.2626728110599078,-10.133674975784478,,,,,,2.7649769585253456,8.294930875576037,49.76958525345622,0.030999999999999972,0.8808933002481389,2,620,-0.14356611130804675,0.8808933002481389,1,False,-0.14356611130804675,2.1999999999999993,-1.0,1.4000000000000057,0.0,0.0,0.0,0.0,,0.0,2026-03-26,2026-09-11,69.0,150.0,150.0,0.0,216.0,0.46,0.0,0.0,0.15,,young / establishing,43.4,14.2,0.961,"deserved 0.84/PA on contact quality, got 0.74 · 23 years old, an age that jumps 11% of the time · avg EV 90.7 (85th pct) · bat speed up 1.4 mph",xwOBA 0.282 (21st) · barrels 2.7% (9th) · EV 90.7 (84th) · hard-hit 39% (53rd) · K 20% (67th) · BB 8% (47th) · chase 26% (79th) · bat speed 68.9 mph (13th) · sprint 24.3 (1st),"{""n"":20,""b"":0,""c"":[[""Cal Mitchell"",2022,23,0.81,0.2,1,0],[""Curtis Mead"",2024,24,0.69,0.81,213,0],[""Jose F Miranda"",2023,25,0.68,0.95,408,0],[""Ronny Mauricio"",2025,24,0.83,0.76,44,0],[""Samuel Basallo"",2025,21,0.81,0.95,379,0]]}",0.8764542390709351,0.8129904097646034,0.000982437627337522,0.8764542390709351,300.0,1.0,263.0,526.0,281,382,FA,candidate,0.8808933002481389,-0.14356611130804675,False
700932,Kyle Manzardo,2026,2000-07-18,1B,L,Cleveland Guardians,102,356,312,67,10,1,13,40,39,36,6,0,0,114,2,43,2,0,0,0,83,0,0,0,0,17,25.0,356.0,32.0,10.1,0.215,0.378,0.306,0.163,0.289,0.22,0.38,0.305,0.307,0.311,0.16,0.396,0.397,-0.005,-0.002,-0.002,89.5,19.3,34.5,12.0,41.0,98.784676465,93.74206596,63.5,30.7,50.0,79.8,30.6,46.5,43.5,36.0,33.5,22.0,8.5,7.4,69.8,8.3,24.0,6.3,17.9,49.7,-4.0,25.4,4.65,21.0,15.0,31.0,200.0,82.6,57.9,kyle manzardo,CLE,Kyle Manzardo,CLE,"1B,DH",245.0,150.0,235.0,215.0,304.0,25.9,2.980392156862745,0.8539325842696629,255,1B,1B,False,150.0,422.61764705882354,3.705765225084571,-118.61764705882354,-0.7253730682218258,-105.0,False,False,245,True,43.06008486061921,12.833344651992292,1.1530561141577658,11.593514373230729,37.37000274010531,41.76613269039618,306.3361354305015,0.8604947624452289,-2.3361354305014856,-0.006562178175566036,473.0,-169.0,"{'C': 415, 'SS': 586, '2B': 586, '3B': 569, '1B': 598, 'OF': 519, 'UT': 473}",0.8539325842696629,0.3342696629213483,-6.5660533019723495,8.679245283018867,3.7735849056603774,10.18867924528302,4.9056603773584895,-1.5094339622641524,0.0,21.91011235955056,60.674157303370784,0.0020000000000000018,0.9397363465160076,2,1043,-0.08580376224634467,0.9397363465160076,1,False,-0.08580376224634467,6.600000000000001,0.1999999999999993,-0.7999999999999972,0.0,0.0,0.0,0.0,,0.0,2026-03-26,2026-08-02,102.0,123.0,123.0,0.0,431.0,0.829,0.0,0.0,0.15,,established,38.1,1.1,1.02,"26 years old, an age that jumps 4% of the time · avg EV 89.5 (67th pct) · deserved 0.86/PA on contact quality, got 0.85",xwOBA 0.307 (49th) · barrels 12.0% (83rd) · EV 89.5 (64th) · hard-hit 41% (61st) · K 32% (7th) · BB 10% (67th) · chase 31% (48th) · bat speed 69.8 mph (22nd) · sprint 25.4 (8th),"{""n"":20,""b"":0,""c"":[[""Davis Schneider"",2024,25,0.84,1.04,237,0],[""Yo\u00e1n Moncada"",2023,28,0.92,0.82,37,0],[""Triston Casas"",2024,24,0.97,0.67,75,0],[""Colton Cowser"",2025,25,0.96,0.93,366,0],[""Jes\u00fas S\u00e1nchez"",2022,25,0.9,1.01,406,0]]}",0.8424930698327031,0.8909065705572499,-0.020377176503197886,0.8424930698327031,357.0,1.0,301.0,505.0,243,437,FA,candidate,0.9397363465160076,-0.08580376224634467,False
701162,Ben Malgeri,2026,2000-01-12,OF,R,Detroit Tigers,59,139,119,30,5,0,5,18,20,17,2,5,0,36,1,20,0,0,2,0,0,0,0,0,63,1,26.0,139.0,25.9,12.2,0.252,0.42,0.353,0.168,0.316,0.244,0.356,0.343,0.319,0.348,0.112,0.409,0.369,0.008,0.064,0.024,90.0,11.9,39.3,7.1,41.7,100.339069286,94.371042262,66.8,23.9,47.7,82.5,27.1,44.7,35.7,41.7,25.0,28.6,4.8,6.4,68.7,13.9,26.3,2.9,7.4,36.8,3.0,28.9,4.3,8.0,6.0,16.0,84.0,79.1,68.3,ben malgeri,DET,,,,,,,,156.0,26.5,2.6440677966101696,1.1223021582733812,379,OF,OF,True,339.0,171.72,2.3941801142166454,-15.719999999999999,0.2498876823935241,-40.0,False,False,339,False,21.938936517429493,3.847822413138558,0.2675456214344034,2.981695447997545,17.650880933466706,13.222252944398125,140.27313387786484,1.0091592365314017,15.726866122135164,0.11314292174197949,473.0,-317.0,"{'C': 415, 'SS': 586, '2B': 586, '3B': 569, '1B': 598, 'OF': 519, 'UT': 473}",1.1223021582733812,0.5323741007194245,-8.495429605878416,,,,,,21.58273381294964,21.58273381294964,73.38129496402878,-0.02400000000000002,,0,139,,,0,False,0.7723021582733812,,,,0.0,0.0,0.0,0.0,,0.0,2026-06-23,2026-09-12,49.0,70.0,70.0,0.0,249.0,0.7,89.0,1.0,0.15,,rookie,40.2,1.4,0.43,"sprint 28.9 ft/s (88th pct) · avg EV 90.0 (75th pct) · 26 years old, an age that jumps 4% of the time",xwOBA 0.319 (64th) · barrels 7.1% (48th) · EV 90.0 (74th) · hard-hit 42% (66th) · K 26% (28th) · BB 12% (89th) · chase 24% (87th) · bat speed 68.7 mph (11th) · sprint 28.9 (87th),"{""n"":20,""b"":1,""c"":[[""Jake Meyers"",2021,25,1.08,0.76,122,0],[""Garrett Mitchell"",2024,26,1.17,0.83,65,0],[""Tyrone Taylor"",2021,27,1.08,0.99,400,0],[""Gavin Sheets"",2021,25,1.08,0.9,371,0],[""Ryan McKenna"",2023,26,1.05,1.47,22,0]]}",0.9260968642758436,1.1223021582733812,-0.01697502965936144,0.9260968642758436,208.0,1.0,193.0,556.0,402,263,FA,candidate,,0.7723021582733812,False
701350,Roman Anthony,2026,2004-05-13,OF,L,Boston Red Sox,54,240,210,52,11,3,5,24,15,29,1,2,0,64,0,33,2,0,3,0,0,0,0,0,33,21,22.0,240.0,26.7,12.1,0.248,0.4,0.342,0.152,0.333,0.262,0.428,0.329,0.344,0.352,0.166,0.399,0.424,-0.014,-0.028,-0.015,92.0,6.1,38.4,11.7,46.6,102.442735205,95.858888345,55.8,23.3,45.5,82.6,28.3,39.6,41.8,48.6,23.3,26.7,1.4,7.4,75.6,15.5,26.4,55.2,11.9,46.8,3.0,27.6,4.41,9.0,13.0,30.0,146.0,55.3,53.3,roman anthony,BOS,Roman Anthony,BOS,"LF,CF,RF,DH",47.2,36.0,52.0,36.0,215.0,22.1,3.9814814814814814,0.8958333333333334,326,OF,OF,False,36.0,642.6,4.485508577873414,-427.6,-0.5040270963919329,-290.0,False,False,279,True,35.59810172956961,10.898829589344805,1.6080356326015661,6.915033048484021,30.521926006393688,27.429937631075283,242.851863637469,1.0118827651561209,-27.851863637468995,-0.11604943182278749,473.0,-258.0,"{'C': 415, 'SS': 586, '2B': 586, '3B': 569, '1B': 598, 'OF': 519, 'UT': 473}",0.8958333333333334,0.375,-8.791747865998266,,,,,,5.0,12.5,72.5,0.014999999999999958,1.1023102310231023,2,543,-0.20647689768976896,1.1023102310231023,1,False,-0.20647689768976896,-1.0,-3.9000000000000004,0.5999999999999943,115.0,1.0,140.0,0.0,,130.0,2026-03-26,2026-09-12,43.0,152.0,49.0,103.0,584.0,0.878,0.0,0.0,0.15,,young / establishing,36.4,5.8,1.182,"22 years old, an age that jumps 17% of the time · deserved 1.01/PA on contact quality, got 0.90 · avg EV 92.0 (93rd pct)",xwOBA 0.344 (87th) · barrels 11.7% (83rd) · EV 92.0 (92nd) · hard-hit 47% (85th) · K 27% (24th) · BB 12% (88th) · chase 23% (89th) · bat speed 75.6 mph (92nd) · sprint 27.6 (52nd),"{""n"":20,""b"":4,""c"":[[""William Contreras"",2021,24,0.98,1.09,408,0],[""Jos\u00e9 Tena"",2024,23,0.86,0.86,145,0],[""Tyler Soderstrom"",2024,23,0.89,1.11,691,1],[""Gunnar Henderson"",2022,21,0.98,1.08,674,1],[""Jes\u00fas S\u00e1nchez"",2022,25,0.9,1.01,406,0]]}",0.9949995678882663,0.9848269321953533,0.010387702304990686,0.9949995678882663,480.0,0.896,478.0,597.0,88,105,CJF,candidate,1.1023102310231023,-0.20647689768976896,False
701358,Cam Smith,2026,2003-02-22,OF,R,Houston Astros,156,563,506,105,17,6,21,66,55,43,7,12,2,147,6,61,6,0,8,0,0,0,0,0,157,0,23.0,563.0,26.1,7.6,0.208,0.389,0.276,0.181,0.244,0.234,0.419,0.291,0.316,0.302,0.186,0.352,0.39,-0.026,-0.03,-0.025,88.6,12.4,31.2,11.3,43.3,101.627030442,94.978146077,69.3,29.8,50.0,80.6,29.3,48.5,38.6,44.7,26.3,21.6,7.4,7.7,78.0,11.4,16.8,78.4,10.0,47.7,-11.0,29.2,4.38,22.0,33.0,49.0,365.0,78.7,61.1,cam smith,HOU,Cam Smith,HOU,RF,313.3,193.0,314.0,290.0,519.0,23.4,3.326923076923077,0.9218472468916519,120,OF,OF,False,193.0,375.06451612903226,3.180509813450934,143.93548387096774,0.14641326347214312,73.0,True,False,120,False,70.74975191311327,22.186770010790788,4.473204239078668,20.99427383701729,74.29845577394455,65.00451282722608,566.2269686011707,1.0057317381903566,-47.22696860117071,-0.08388449129870468,473.0,46.0,"{'C': 415, 'SS': 586, '2B': 586, '3B': 569, '1B': 598, 'OF': 519, 'UT': 473}",0.9218472468916519,0.40142095914742454,-2.8765219259546932,28.30188679245283,15.471698113207546,43.0188679245283,12.830188679245284,-14.716981132075471,12.788632326820604,22.380106571936054,45.825932504440495,0.025000000000000022,0.9218472468916519,2,1056,0.0,0.9168356997971603,1,False,0.005011547094491586,-1.6999999999999993,4.4,3.5,0.0,0.0,0.0,0.0,,0.0,2026-03-26,2026-09-12,145.0,150.0,150.0,0.0,518.0,0.967,0.0,0.0,0.15,,young / establishing,35.2,40.8,1.002,"23 years old, an age that jumps 11% of the time · 563 PA, already has the job · deserved 1.01/PA on contact quality, got 0.92 · barrel rate up 4.4 pts on last year · bat speed up 3.5 mph",xwOBA 0.316 (61st) · barrels 11.3% (81st) · EV 88.6 (50th) · hard-hit 43% (74th) · K 26% (27th) · BB 8% (37th) · chase 30% (53rd) · bat speed 78.0 mph (99th) · sprint 29.2 (91st),"{""n"":20,""b"":4,""c"":[[""Anthony Volpe"",2025,24,0.91,0.96,235,0],[""Jordan Beck"",2025,24,1.03,0.75,132,0],[""Brett Baty"",2025,26,0.98,0.89,418,0],[""Lenyn Sosa"",2025,25,0.94,0.65,76,0],[""Zach Neto"",2024,23,1.08,1.13,625,0]]}",1.0220558585219788,0.9201210992081976,0.000982437627337522,1.0220558585219788,461.0,1.0,471.0,613.0,95,69,FA,candidate,0.9168356997971603,0.005011547094491586,False
701398,Sal Stewart,2026,2003-12-07,1B,R,Cincinnati Reds,161,696,619,164,25,0,32,87,111,63,4,15,8,155,10,107,4,0,0,0,116,8,45,0,0,11,22.0,696.0,22.3,9.1,0.265,0.46,0.332,0.195,0.299,0.257,0.467,0.341,0.344,0.325,0.21,0.406,0.41,0.008,-0.007,-0.003,90.4,12.7,35.4,12.3,41.6,100.825005129,94.794541469,68.9,32.0,61.7,78.7,27.1,49.4,32.1,45.1,27.8,22.8,4.2,7.6,72.1,11.7,24.2,26.4,11.5,54.7,14.0,26.6,4.68,41.0,57.0,66.0,474.0,77.3,61.7,sal stewart,CIN,Sal Stewart,CIN,"1B,2B,3B,DH",190.0,113.0,190.0,190.0,755.0,22.6,4.6894409937888195,1.0847701149425288,13,1B/3B,1B/3B,False,113.0,556.8852459016393,4.003049236131642,198.11475409836066,0.6863917576571774,100.0,True,True,1,False,94.38746382351655,31.41972254212592,1.2571634451985025,32.018650189159025,86.66008317703597,90.34054318566368,733.1566263626996,1.0533859574176718,21.843373637300374,0.031384157524857015,473.0,282.0,"{'C': 415, 'SS': 586, '2B': 586, '3B': 569, '1B': 598, 'OF': 519, 'UT': 473}",1.0847701149425288,0.5833333333333334,5.474585917815274,83.77358490566039,81.88679245283019,95.84905660377359,1.8867924528301927,-12.075471698113205,12.931034482758621,27.586206896551722,54.310344827586206,0.002999999999999947,1.0847701149425288,1,754,0.0,,0,False,0.7347701149425289,,,,0.0,0.0,0.0,0.0,,0.0,2026-03-26,2026-09-12,148.0,151.0,151.0,0.0,633.0,0.98,0.0,0.0,0.15,,young / establishing,33.7,20.8,1.165,"696 PA, already has the job · 23 years old, an age that jumps 11% of the time · avg EV 90.4 (81st pct)",xwOBA 0.344 (87th) · barrels 12.3% (85th) · EV 90.4 (79th) · hard-hit 42% (65th) · K 22% (52nd) · BB 9% (55th) · chase 32% (39th) · bat speed 72.1 mph (52nd) · sprint 26.6 (26th),"{""n"":20,""b"":2,""c"":[[""Gunnar Henderson"",2023,22,1.08,1.17,843,1],[""Austin Riley"",2021,24,1.12,1.07,740,0],[""Bo Bichette"",2021,23,1.19,1.06,738,0],[""Tyler Soderstrom"",2025,24,1.11,1.04,471,0],[""Junior Caminero"",2025,22,1.12,1.09,765,0]]}",1.0122955931184252,1.0847701149425288,0.000982437627337522,1.0122955931184252,694.0,1.0,703.0,607.0,15,84,BB,broke_out,,0.7347701149425289,False
701538,Jackson Merrill,2026,2003-04-19,OF,L,San Diego Padres,158,664,613,156,26,5,26,86,87,41,3,27,4,160,3,99,3,0,11,0,0,0,0,0,156,1,23.0,664.0,24.1,6.2,0.254,0.44,0.303,0.186,0.302,0.27,0.491,0.321,0.347,0.315,0.221,0.4,0.438,-0.016,-0.051,-0.026,91.5,14.3,39.8,12.4,48.7,101.402458194,95.327540397,77.9,37.6,56.3,81.6,27.6,56.1,38.0,37.0,29.8,27.8,5.4,7.5,73.4,12.1,22.9,31.7,9.3,46.7,3.0,29.0,4.23,39.0,41.0,76.0,460.0,87.2,65.2,jackson merrill,SD,Jackson Merrill,SD,CF,65.6,47.0,65.0,66.0,743.0,23.2,4.7025316455696204,1.1189759036144578,17,OF,OF,False,47.0,597.1666666666666,4.318350772404012,145.83333333333337,0.384180873165608,30.0,True,False,1,False,95.5737491664867,34.68589506113644,4.963962378267036,30.286393394109833,93.30848131215302,84.53045714354893,788.331938455702,1.1872468952646116,-45.331938455702016,-0.06827099165015382,473.0,270.0,"{'C': 415, 'SS': 586, '2B': 586, '3B': 569, '1B': 598, 'OF': 519, 'UT': 473}",1.1189759036144578,0.5286144578313253,4.012416722266801,89.81132075471699,61.886792452830186,92.45283018867924,27.924528301886802,-2.6415094339622556,24.397590361445783,23.49397590361446,37.04819277108434,0.025999999999999968,1.1753794266441822,3,1740,-0.0564035230297244,1.1753794266441822,2,True,-0.0564035230297244,1.7000000000000028,-0.5999999999999996,1.5,0.0,0.0,37.0,0.0,,22.2,2026-03-26,2026-09-12,145.0,148.0,148.0,0.0,614.0,0.98,0.0,0.0,0.15,,established,34.9,17.9,1.255,"664 PA, already has the job · 23 years old, an age that jumps 11% of the time · deserved 1.19/PA on contact quality, got 1.12 · bat speed up 1.5 mph",xwOBA 0.347 (89th) · barrels 12.4% (86th) · EV 91.5 (90th) · hard-hit 49% (91st) · K 24% (40th) · BB 6% (24th) · chase 38% (14th) · bat speed 73.4 mph (70th) · sprint 29.0 (89th),"{""n"":20,""b"":4,""c"":[[""Gunnar Henderson"",2024,23,1.17,1.1,715,0],[""Julio Rodr\u00edguez"",2025,24,1.18,1.0,651,0],[""Michael Harris II"",2023,22,1.16,0.99,463,0],[""Austin Riley"",2022,25,1.07,1.1,787,0],[""Zach Neto"",2025,24,1.13,1.05,732,0]]}",1.1127567100537068,1.1063886188919323,0.000982437627337522,1.1127567100537068,671.0,0.982,747.0,668.0,6,11,CH,established,1.1753794266441822,-0.0564035230297244,True
701675,Nathan Church,2026,2000-07-12,OF,L,St. Louis Cardinals,141,466,430,107,17,2,10,53,50,25,4,10,5,80,6,78,4,0,5,0,0,0,0,0,147,0,25.0,466.0,17.2,5.4,0.249,0.367,0.292,0.118,0.28,0.243,0.355,0.29,0.283,0.287,0.112,0.322,0.314,0.006,0.012,0.007,85.6,13.5,34.2,5.3,30.0,96.977391047,92.488695523,72.4,42.1,71.3,85.5,20.3,56.0,33.1,45.1,23.2,21.6,10.1,7.1,69.7,7.6,22.2,8.7,5.8,39.6,-12.0,28.5,4.24,17.0,45.0,45.0,357.0,75.6,62.4,nathan church,STL,,,,,,,,433.0,26.0,3.0709219858156027,0.9291845493562232,176,OF,OF,True,339.0,171.72,2.3941801142166454,261.28,0.6767418715989573,163.0,False,False,132,False,77.88396747146437,15.080049708265964,1.4979981690749602,10.027984651194704,53.59451725239423,45.7205073343936,421.4550245867878,0.9044099240059823,11.544975413212228,0.024774625350240886,473.0,-40.0,"{'C': 415, 'SS': 586, '2B': 586, '3B': 569, '1B': 598, 'OF': 519, 'UT': 473}",0.9291845493562232,0.463519313304721,-3.7597141215487637,32.075471698113205,32.45283018867924,34.33962264150943,-0.37735849056603854,-2.264150943396224,12.875536480686696,12.875536480686696,32.18884120171674,-0.007000000000000006,0.9291845493562232,1,531,0.0,,0,False,0.5791845493562232,,,,18.0,1.0,18.0,0.0,,18.0,2026-03-26,2026-09-12,129.0,153.0,136.0,17.0,467.0,0.949,0.0,0.0,0.15,,established,26.4,9.2,1.009,"466 PA, already has the job · sprint 28.5 ft/s (79th pct) · 26 years old, an age that jumps 4% of the time",xwOBA 0.283 (22nd) · barrels 5.3% (31st) · EV 85.6 (8th) · hard-hit 30% (16th) · K 17% (80th) · BB 5% (15th) · chase 42% (5th) · bat speed 69.7 mph (21st) · sprint 28.5 (78th),"{""n"":20,""b"":2,""c"":[[""Luis Rengifo"",2022,25,0.9,0.99,440,0],[""Nick Solak"",2021,26,0.88,0.92,87,0],[""Willi Castro"",2022,25,0.91,1.18,482,0],[""Joey Ortiz"",2024,26,0.95,0.84,427,0],[""Bryson Stott"",2022,25,0.91,1.07,683,1]]}",0.9461554575980925,0.9291845493562232,-0.020377176503197886,0.9461554575980925,347.0,0.986,328.0,568.0,213,216,FA,candidate,,0.5791845493562232,False
701678,Hao-Yu Lee,2026,2003-02-03,2B,R,Detroit Tigers,113,360,326,87,19,2,10,40,46,30,0,3,2,85,3,56,7,0,0,0,0,73,41,1,0,4,23.0,360.0,23.6,8.3,0.267,0.429,0.326,0.162,0.329,0.236,0.396,0.329,0.304,0.297,0.16,0.4,0.363,0.031,0.033,0.025,89.6,13.2,34.7,8.6,41.2,100.225797869,94.385773909,66.0,29.0,52.2,82.9,26.9,46.9,26.9,39.2,26.1,26.9,7.8,7.0,71.3,11.4,27.4,21.1,7.3,52.2,5.0,28.1,4.42,17.0,25.0,45.0,245.0,74.5,61.4,haoyu lee,DET,,,,,,,,345.0,23.4,3.0530973451327434,0.9583333333333334,222,2B/3B,2B/3B,True,339.0,171.72,2.3941801142166454,173.28,0.658917230916098,117.0,False,False,206,False,47.75224395149769,16.89721096533414,1.596846214838646,10.689698868329524,43.26259297812356,40.136634839398766,321.43122781752237,0.8928645217153399,23.56877218247763,0.06546881161799345,473.0,-128.0,"{'C': 415, 'SS': 586, '2B': 586, '3B': 569, '1B': 598, 'OF': 519, 'UT': 473}",0.9583333333333334,0.48333333333333334,-4.956596902578495,44.716981132075475,43.0188679245283,23.0188679245283,1.6981132075471734,21.698113207547173,5.0,16.666666666666664,50.0,-0.025000000000000022,0.9583333333333334,1,360,0.0,,0,False,0.6083333333333334,,,,0.0,0.0,0.0,0.0,,0.0,2026-04-17,2026-09-13,102.0,131.0,131.0,0.0,345.0,0.779,22.0,1.0,0.15,,young / establishing,30.7,13.9,1.038,"23 years old, an age that jumps 11% of the time · avg EV 89.6 (68th pct) · sprint 28.1 ft/s (68th pct)",xwOBA 0.304 (47th) · barrels 8.6% (62nd) · EV 89.6 (66th) · hard-hit 41% (63rd) · K 24% (44th) · BB 8% (47th) · chase 29% (59th) · bat speed 71.3 mph (38th) · sprint 28.1 (67th),"{""n"":20,""b"":2,""c"":[[""Ke'Bryan Hayes"",2021,24,0.94,0.88,494,0],[""Oscar Gonzalez"",2022,24,0.99,0.69,124,0],[""Bryan De La Cruz"",2021,24,0.94,0.97,344,0],[""Brendan Rodgers"",2021,25,1.0,0.91,529,0],[""Andy Pages"",2024,24,0.95,1.08,674,1]]}",0.9336832052346161,0.9583333333333334,0.000982437627337522,0.9336832052346161,320.0,1.0,299.0,560.0,246,244,FA,candidate,,0.6083333333333334,False
701762,Nick Kurtz,2026,2003-03-12,1B,L,Athletics,99,434,352,90,15,1,21,62,69,79,3,7,1,141,0,53,3,0,0,0,94,0,0,0,0,3,23.0,434.0,32.5,18.2,0.256,0.483,0.396,0.227,0.363,0.244,0.483,0.381,0.374,0.374,0.239,0.525,0.51,0.012,0.0,0.007,93.4,11.9,38.9,18.0,57.3,106.18726581,98.206808714,66.4,23.3,39.5,73.0,36.9,43.1,34.6,41.7,28.9,26.1,3.3,7.8,78.2,13.9,16.9,80.4,12.8,49.6,26.0,26.6,4.47,24.0,27.0,39.0,211.0,73.8,57.7,nick kurtz,ATH,Nick Kurtz,ATH,1B,19.2,16.0,19.0,19.0,491.0,23.3,4.959595959595959,1.131336405529954,138,1B,1B,False,16.0,651.0652173913044,4.6923076923076925,-160.06521739130437,0.2672882672882668,-122.0,False,False,120,True,43.796118385581934,20.285309277827135,1.5770262875999492,20.229546048990986,58.52897538329585,58.603133872302664,473.0361092555985,1.0899449522018398,17.96389074440151,0.041391453328114114,473.0,18.0,"{'C': 415, 'SS': 586, '2B': 586, '3B': 569, '1B': 598, 'OF': 519, 'UT': 473}",1.131336405529954,0.5668202764976958,-0.9280265048212519,91.32075471698113,76.9811320754717,59.62264150943396,14.339622641509422,31.698113207547166,9.67741935483871,29.032258064516128,109.21658986175115,-0.007000000000000006,1.2658486707566463,2,923,-0.13451226522669235,1.2658486707566463,1,True,-0.13451226522669235,1.6000000000000014,-0.5,1.0,69.0,2.0,82.0,0.0,Right thumb capsule sprain,76.8,2026-03-27,2026-07-31,99.0,116.0,101.0,15.0,640.0,0.98,0.0,0.0,0.15,,young / establishing,37.5,9.2,1.346,"23 years old, an age that jumps 11% of the time · avg EV 93.4 (97th pct) · 434 PA, already has the job · bat speed up 1.0 mph",xwOBA 0.374 (96th) · barrels 18.0% (99th) · EV 93.4 (98th) · hard-hit 57% (99th) · K 32% (6th) · BB 18% (100th) · chase 23% (89th) · bat speed 78.2 mph (99th) · sprint 26.6 (26th),"{""n"":20,""b"":2,""c"":[[""Franmil Reyes"",2021,26,1.13,0.82,387,0],[""Yordan Alvarez"",2021,24,1.16,1.29,723,1],[""Christopher Morel"",2023,24,1.12,0.8,488,0],[""Matt Wallner"",2023,26,1.16,1.12,292,0],[""Matt Wallner"",2024,26,1.12,0.97,380,0]]}",1.0769725589269756,1.185592521308771,0.000982437627337522,1.0769725589269756,603.0,0.939,649.0,646.0,25,22,BB,established,1.2658486707566463,-0.13451226522669235,True
701785,Kaelen Culpepper,2026,2002-12-29,SS,R,Minnesota Twins,32,123,112,31,5,0,3,15,11,6,4,1,0,25,1,23,3,0,0,0,0,0,0,32,0,0,23.0,123.0,20.3,4.9,0.277,0.402,0.333,0.125,0.329,0.245,0.364,0.326,0.297,0.306,0.119,0.374,0.335,0.032,0.038,0.029,87.4,15.7,36.4,3.4,30.7,97.586712955,92.898421379,66.4,42.8,56.4,88.9,25.2,53.6,40.9,40.9,23.9,25.0,10.2,7.3,73.6,6.9,19.9,35.2,12.4,58.6,2.0,27.9,4.4,6.0,10.0,15.0,88.0,78.0,69.9,kaelen culpepper,MIN,,,,,,,,112.0,23.5,3.5,0.9105691056910569,425,SS,SS,True,339.0,171.72,2.3941801142166454,-59.72,1.1058198857833546,-86.0,False,False,339,False,20.161744879359606,4.110478411616767,0.28580853868764716,2.8819681703359796,14.103882296543654,12.46348097249603,104.77536326903969,0.8518322216995097,7.224636730960313,0.058736883991547195,473.0,-361.0,"{'C': 415, 'SS': 586, '2B': 586, '3B': 569, '1B': 598, 'OF': 519, 'UT': 473}",0.9105691056910569,0.43089430894308944,-9.589228418312608,,,,,,4.878048780487806,14.634146341463415,29.26829268292683,-0.029000000000000026,,0,123,,,0,False,0.5605691056910569,,,,10.0,1.0,10.0,0.0,Left hamstring strain,10.0,2026-08-07,2026-09-12,30.0,32.0,32.0,0.0,545.0,0.938,134.0,1.0,0.6699999999999999,34.0,top-100 prospect,70.3,1.6,0.43,"24 years old, an age that jumps 8% of the time · sprint 27.9 ft/s (61st pct) · avg EV 87.4 (32nd pct)",xwOBA 0.297 (37th) · barrels 3.4% (15th) · EV 87.4 (30th) · hard-hit 31% (17th) · K 20% (63rd) · BB 5% (11th) · chase 43% (3rd) · bat speed 73.6 mph (74th) · sprint 27.9 (60th),"{""n"":20,""b"":1,""c"":[[""Bryan De La Cruz"",2021,24,0.94,0.97,344,0],[""Drew Gilbert"",2025,25,0.86,0.94,366,0],[""Terrin Vavra"",2022,25,0.89,0.82,46,0],[""Lars Nootbaar"",2021,24,1.01,1.06,367,0],[""Cole Tucker"",2021,25,0.83,0.49,31,0]]}",0.9287861927681837,0.9105691056910569,0.000982437627337522,0.9287861927681837,261.0,0.992,242.0,557.0,307,258,FA,candidate,,0.5605691056910569,False
701807,Carson Benge,2026,2003-01-20,OF,L,New York Mets,155,649,590,165,22,3,20,86,64,50,8,22,5,140,1,120,6,0,10,0,0,0,0,0,163,1,23.0,649.0,21.6,7.7,0.28,0.429,0.344,0.149,0.336,0.278,0.437,0.34,0.341,0.342,0.159,0.4,0.402,0.002,-0.008,-0.001,88.8,12.1,37.9,7.4,38.8,99.524777758,93.938077758,63.6,27.9,61.3,86.4,21.4,45.6,32.8,42.8,27.7,26.4,3.1,6.6,71.0,10.6,25.4,17.1,6.6,41.7,16.0,28.6,4.27,33.0,54.0,78.0,451.0,77.8,54.9,carson benge,NYM,Carson Benge,NYM,"LF,CF,RF",298.6,180.0,330.0,332.0,706.0,23.4,4.554838709677419,1.0878274268104777,27,OF,OF,False,180.0,375.06451612903226,3.180509813450934,330.93548387096774,1.3743288962264852,153.0,True,True,1,False,114.76769012477425,25.5582131085338,2.830503408609688,20.863593358082277,86.20983226623089,72.1659010857409,718.2257333519718,1.1066652285854728,-12.225733351971826,-0.018837801774995055,473.0,233.0,"{'C': 415, 'SS': 586, '2B': 586, '3B': 569, '1B': 598, 'OF': 519, 'UT': 473}",1.0878274268104777,0.5161787365177196,2.6886904994816145,84.52830188679246,56.22641509433962,87.9245283018868,28.30188679245284,-3.3962264150943327,20.338983050847457,18.48998459167951,46.22496147919876,0.0010000000000000009,1.0878274268104777,1,649,0.0,,0,False,0.7378274268104777,,,,0.0,0.0,0.0,0.0,,0.0,2026-03-26,2026-09-12,142.0,152.0,152.0,0.0,579.0,0.934,0.0,0.0,0.15,,young / establishing,31.7,15.0,1.168,"649 PA in his first season, already has the job · 23 years old, an age that jumps 11% of the time · sprint 28.6 ft/s (81st pct)",xwOBA 0.341 (84th) · barrels 7.4% (52nd) · EV 88.8 (53rd) · hard-hit 39% (52nd) · K 22% (56th) · BB 8% (38th) · chase 28% (66th) · bat speed 71.0 mph (35th) · sprint 28.6 (81st),"{""n"":20,""b"":2,""c"":[[""Wyatt Langford"",2024,23,1.09,1.07,615,0],[""Jonathan India"",2021,24,1.06,0.87,375,0],[""Bobby Witt Jr."",2022,22,1.06,1.25,866,1],[""CJ Abrams"",2024,24,1.07,1.06,674,0],[""Dylan Carlson"",2021,23,0.99,0.91,445,0]]}",1.0170712338890568,1.0878274268104777,0.000982437627337522,1.0170712338890568,633.0,1.0,644.0,610.0,27,76,GK,broke_out,,0.7378274268104777,False
701852,Drew Cavanaugh,2026,2002-01-27,C,L,San Francisco Giants,58,162,140,33,4,1,1,9,12,18,0,1,0,47,0,27,4,10,0,51,0,0,0,0,0,2,24.0,162.0,29.0,11.1,0.236,0.3,0.323,0.064,0.348,0.239,0.344,0.287,0.303,0.327,0.105,0.352,0.382,-0.003,-0.044,-0.016,85.1,12.3,41.2,4.2,27.8,97.893949556,93.006878889,67.6,27.2,46.2,81.6,29.2,46.5,28.9,45.4,20.6,26.8,7.2,6.6,69.1,7.0,20.2,4.3,6.4,37.6,-6.0,26.4,4.54,5.0,11.0,16.0,97.0,83.7,61.7,drew cavanaugh,SF,,,,,,,,133.0,24.4,2.293103448275862,0.8209876543209876,403,C,C,True,339.0,171.72,2.3941801142166454,-38.72,-0.10107666594078335,-64.0,False,False,339,False,25.302986840745007,4.629734985875869,0.5115695060132485,3.0157086673658777,17.203832944709944,16.23908614911823,152.06291909382819,0.9386599944063468,-19.062919093828185,-0.1176723400853592,415.0,-282.0,"{'C': 415, 'SS': 586, '2B': 586, '3B': 569, '1B': 598, 'OF': 519, 'UT': 473}",0.8209876543209876,0.21604938271604937,-10.529787237513789,,,,,,3.7037037037037033,3.7037037037037033,66.66666666666666,0.016000000000000014,,0,162,,,0,False,0.47098765432098766,,,,0.0,0.0,0.0,0.0,,0.0,2026-06-26,2026-09-12,50.0,69.0,69.0,0.0,313.0,0.725,93.0,1.0,0.15,,young / establishing,48.0,1.7,0.43,"deserved 0.94/PA on contact quality, got 0.82 · 24 years old, an age that jumps 8% of the time · sprint 26.4 ft/s (23rd pct)",xwOBA 0.303 (45th) · barrels 4.2% (21st) · EV 85.1 (6th) · hard-hit 28% (10th) · K 29% (17th) · BB 11% (80th) · chase 27% (70th) · bat speed 69.1 mph (15th) · sprint 26.4 (22nd),"{""n"":20,""b"":2,""c"":[[""Hoy Park"",2021,25,0.79,0.8,48,0],[""JJ Bleday"",2022,25,0.75,0.88,267,0],[""Curtis Mead"",2025,25,0.81,1.11,365,0],[""Jonatan Clase"",2025,23,0.82,1.24,31,0],[""Jace Jung"",2024,24,0.76,0.51,28,0]]}",0.8398225693232606,0.8209876543209876,-0.012246653109530594,0.8398225693232606,223.0,1.0,187.0,504.0,412,440,FA,candidate,,0.47098765432098766,False
702222,Justin Crawford,2026,2004-01-13,OF,L,Philadelphia Phillies,148,461,421,111,19,5,3,48,41,27,3,17,4,82,4,84,1,0,2,0,0,0,0,0,145,1,22.0,461.0,17.8,5.9,0.264,0.354,0.31,0.09,0.318,0.256,0.328,0.294,0.284,0.305,0.072,0.329,0.316,0.008,0.026,0.01,87.1,1.0,28.7,2.0,35.2,98.078971617,93.096790871,69.2,37.6,71.5,88.0,17.9,53.3,28.7,59.0,16.3,20.9,3.7,7.0,69.2,9.7,26.8,6.1,3.4,39.3,-10.0,29.6,4.16,13.0,57.0,41.0,349.0,78.3,66.4,justin crawford,PHI,Justin Crawford,PHI,CF,284.4,170.0,278.0,291.0,433.0,22.5,2.925675675675676,0.9392624728850325,176,OF,OF,False,170.0,394.0,3.372093023255814,39.0,-0.4464173475801383,-6.0,False,False,132,False,89.62639794231123,11.13587874334007,1.8650486863861842,5.148674627962521,55.10863570103127,38.8771223542485,423.8497580552798,0.9194137918769626,9.150241944720221,0.019848681008069913,473.0,-40.0,"{'C': 415, 'SS': 586, '2B': 586, '3B': 569, '1B': 598, 'OF': 519, 'UT': 473}",0.9392624728850325,0.43383947939262474,-4.224157268816318,36.22641509433962,24.90566037735849,30.943396226415093,11.320754716981131,5.283018867924529,22.12581344902386,3.9045553145336225,35.140997830802604,-0.010000000000000009,0.9392624728850325,1,461,0.0,,0,False,0.5892624728850325,,,,0.0,0.0,0.0,0.0,,0.0,2026-03-26,2026-09-12,138.0,150.0,150.0,0.0,425.0,0.92,0.0,0.0,0.15,,young / establishing,26.8,18.4,1.019,"22 years old, an age that jumps 17% of the time · sprint 29.6 ft/s (96th pct) · 461 PA in his first season, already has the job",xwOBA 0.284 (23rd) · barrels 2.0% (5th) · EV 87.1 (25th) · hard-hit 35% (33rd) · K 18% (79th) · BB 6% (20th) · chase 38% (14th) · bat speed 69.2 mph (16th) · sprint 29.6 (95th),"{""n"":20,""b"":2,""c"":[[""Alek Thomas"",2022,22,0.84,0.93,374,0],[""Bryson Stott"",2022,25,0.91,1.07,683,1],[""Masyn Winn"",2024,22,0.94,0.91,491,0],[""Brice Turang"",2023,24,0.89,1.07,661,1],[""Alek Thomas"",2023,23,0.93,0.98,101,0]]}",0.9751595864610189,0.9392624728850325,0.000982437627337522,0.9751595864610189,419.0,1.0,409.0,585.0,133,137,FA,candidate,,0.5892624728850325,False
702284,Cole Young,2026,2003-07-29,2B,L,Seattle Mariners,159,634,575,141,19,4,17,74,66,42,13,4,5,109,3,101,8,0,0,0,0,156,0,9,0,0,22.0,634.0,17.2,6.6,0.245,0.381,0.31,0.136,0.274,0.259,0.391,0.306,0.315,0.323,0.132,0.331,0.343,-0.014,-0.01,-0.009,88.3,13.6,33.0,5.1,37.7,99.083510598,93.648177244,66.7,30.7,69.2,85.7,19.7,48.2,41.9,42.6,26.4,22.1,8.9,6.9,71.6,10.2,27.4,21.7,5.9,48.0,-10.0,27.8,4.32,22.0,51.0,68.0,470.0,65.8,61.8,cole young,SEA,Cole Young,SEA,2B,639.7,287.0,1094.0,459.0,559.0,22.9,3.5157232704402515,0.8817034700315457,107,2B,2B,False,287.0,171.72,2.654320987654321,387.28,0.8614022827859307,180.0,True,False,59,False,108.95080431119868,20.5410167126218,2.940553641160365,16.49262533501916,75.46074242591753,66.91443025308782,575.1251726790053,0.9071374963391251,-16.125172679005345,-0.025434026307579405,473.0,86.0,"{'C': 415, 'SS': 586, '2B': 586, '3B': 569, '1B': 598, 'OF': 519, 'UT': 473}",0.8817034700315457,0.4668769716088328,-1.5583052454660757,13.962264150943396,34.33962264150943,55.84905660377358,-20.37735849056603,-41.886792452830186,3.7854889589905363,16.08832807570978,39.74763406940063,0.009000000000000008,0.8817034700315457,2,891,0.0,0.7470817120622568,1,False,0.13462175796928888,-1.1000000000000014,-0.5,0.29999999999999716,0.0,0.0,0.0,0.0,,0.0,2026-03-26,2026-09-12,148.0,149.0,149.0,0.0,593.0,0.993,0.0,0.0,0.15,,young / establishing,30.7,36.0,0.962,"634 PA, already has the job · 23 years old, an age that jumps 11% of the time · 0.88/PA is his best rate yet, so the bar is one step up",xwOBA 0.315 (59th) · barrels 5.1% (30th) · EV 88.3 (45th) · hard-hit 38% (46th) · K 17% (80th) · BB 7% (27th) · chase 31% (48th) · bat speed 71.6 mph (44th) · sprint 27.8 (57th),"{""n"":20,""b"":8,""c"":[[""Colt Keith"",2024,23,0.88,0.93,434,0],[""Nolan Schanuel"",2024,22,0.88,0.91,514,0],[""Luis Garc\u00eda Jr."",2023,23,0.93,1.09,574,1],[""Jackson Holliday"",2025,22,0.91,0.86,306,0],[""Chase Meidroth"",2025,24,0.82,0.96,615,1]]}",0.9263828681321351,0.8553666582085765,0.000982437627337522,0.9263828681321351,450.0,1.0,417.0,556.0,127,263,FA,candidate,0.7470817120622568,0.13462175796928888,False
702332,Caleb Durbin,2026,2000-02-22,3B,R,Boston Red Sox,152,582,504,125,25,1,13,74,64,51,15,20,6,79,4,86,11,0,0,0,0,0,150,0,0,0,26.0,582.0,13.6,8.8,0.248,0.379,0.333,0.131,0.269,0.236,0.318,0.318,0.293,0.323,0.082,0.318,0.285,0.012,0.061,0.025,83.1,12.3,29.6,2.8,25.2,95.172815,91.629110238,64.4,28.1,70.6,89.2,16.5,46.1,41.3,48.6,19.3,21.6,10.6,7.0,69.2,6.4,27.1,6.0,9.9,61.9,3.0,27.9,4.39,20.0,47.0,56.0,436.0,66.9,61.6,caleb durbin,BOS,Caleb Durbin,BOS,"2B,3B",230.0,138.0,229.0,199.0,569.0,26.4,3.7434210526315788,0.9776632302405498,101,3B,3B,False,138.0,422.61764705882354,3.705765225084571,146.38235294117646,0.0376558275470078,37.0,True,False,54,False,95.60619517114202,13.916584970999,0.8522445445758859,8.568975313283078,65.44283225878905,52.231311564123956,511.89014382291293,0.879536329592634,57.10985617708707,0.09812690064791585,473.0,96.0,"{'C': 415, 'SS': 586, '2B': 586, '3B': 569, '1B': 598, 'OF': 519, 'UT': 473}",0.9776632302405498,0.5515463917525774,-0.4316807322719786,52.075471698113205,70.18867924528301,65.66037735849056,-18.113207547169807,-13.584905660377359,20.61855670103093,13.402061855670103,52.577319587628864,-0.025000000000000022,0.9881422924901185,2,1088,-0.010479062249568738,0.9881422924901185,1,False,-0.010479062249568738,3.6999999999999993,-1.2000000000000002,1.2999999999999972,0.0,0.0,0.0,0.0,,0.0,2026-03-26,2026-09-12,141.0,152.0,152.0,0.0,527.0,0.928,0.0,0.0,0.15,,established,25.9,3.0,1.068,"582 PA, already has the job · 26 years old, an age that jumps 4% of the time · 0.98/PA is his best rate yet, so the bar is one step up · bat speed up 1.3 mph",xwOBA 0.293 (31st) · barrels 2.8% (10th) · EV 83.1 (1st) · hard-hit 25% (5th) · K 14% (93rd) · BB 9% (52nd) · chase 28% (65th) · bat speed 69.2 mph (16th) · sprint 27.9 (60th),"{""n"":20,""b"":1,""c"":[[""Sal Frelick"",2025,25,1.07,0.84,319,0],[""Raimel Tapia"",2021,27,1.02,0.94,409,0],[""Thairo Estrada"",2022,26,1.03,1.03,546,0],[""Nicky Lopez"",2021,26,1.01,0.74,354,0],[""Steven Kwan"",2022,25,1.05,0.98,706,0]]}",0.9290086762328916,0.9812556458897923,-0.020377176503197886,0.9290086762328916,475.0,1.0,441.0,557.0,117,258,GK,candidate,0.9881422924901185,-0.010479062249568738,False
702616,Jackson Holliday,2026,2003-12-04,2B,L,Baltimore Orioles,98,354,315,72,12,1,7,45,30,34,0,8,3,84,4,52,6,0,0,0,0,85,4,7,0,5,22.0,354.0,23.7,9.6,0.229,0.34,0.3,0.111,0.285,0.236,0.352,0.284,0.293,0.304,0.116,0.329,0.342,-0.007,-0.012,-0.009,87.0,12.5,36.4,6.4,33.1,97.252535641,92.656907564,64.3,26.8,53.5,81.8,26.9,45.0,33.9,44.1,24.2,25.4,6.4,7.0,70.6,8.6,26.3,6.2,9.3,53.6,-7.0,28.9,4.24,9.0,28.0,35.0,236.0,79.3,62.5,jackson holliday,BAL,Jackson Holliday,BAL,"2B,SS,DH",175.4,102.0,160.0,280.0,306.0,22.6,3.122448979591837,0.864406779661017,253,2B,2B,False,102.0,556.8852459016393,4.003049236131642,-250.88524590163934,-0.8806002565398052,-151.0,False,False,243,True,54.207397107935066,11.444899170092386,0.9680103360100085,7.719693385962532,42.54015312230772,34.38995956452513,314.1501126868328,0.8874296968554599,-8.150112686832813,-0.023022917194442938,473.0,-167.0,"{'C': 415, 'SS': 586, '2B': 586, '3B': 569, '1B': 598, 'OF': 519, 'UT': 473}",0.864406779661017,0.3954802259887006,-6.359388582152886,10.566037735849058,14.339622641509434,10.566037735849058,-3.7735849056603765,0.0,13.559322033898304,11.864406779661017,57.6271186440678,0.009000000000000008,0.9090909090909091,3,1211,-0.04468412942989208,0.9090909090909091,2,True,-0.04468412942989208,2.099999999999998,-1.3999999999999995,0.0,65.0,2.0,65.0,0.0,,65.0,2026-05-19,2026-09-12,96.0,103.0,103.0,0.0,501.0,0.932,54.0,1.0,0.15,,established,27.5,7.7,0.989,"23 years old, an age that jumps 11% of the time · sprint 28.9 ft/s (88th pct) · deserved 0.89/PA on contact quality, got 0.86",xwOBA 0.293 (31st) · barrels 6.4% (41st) · EV 87.0 (24th) · hard-hit 33% (24th) · K 24% (43rd) · BB 10% (62nd) · chase 27% (72nd) · bat speed 70.6 mph (29th) · sprint 28.9 (87th),"{""n"":20,""b"":3,""c"":[[""Alek Thomas"",2023,23,0.93,0.98,101,0],[""Dylan Carlson"",2022,24,0.91,0.85,218,0],[""Miguel Vargas"",2023,24,0.85,0.68,160,0],[""Luis Garc\u00eda Jr."",2022,22,0.86,0.93,448,0],[""Cam Smith"",2025,22,0.92,0.92,519,0]]}",0.9036247847801266,0.8830975428145942,0.000982437627337522,0.9036247847801266,421.0,0.948,380.0,542.0,166,329,FA,established,0.9090909090909091,-0.04468412942989208,True
703520,Brett Bateman,2026,2002-03-19,OF,L,Toronto Blue Jays,40,177,154,50,7,1,2,27,11,18,2,3,0,34,1,40,0,0,1,0,0,0,0,0,49,0,24.0,177.0,19.2,10.2,0.325,0.422,0.4,0.097,0.403,0.264,0.333,0.367,0.31,0.345,0.069,0.414,0.335,0.061,0.089,0.057,84.5,2.5,34.1,1.6,19.5,94.469450877,91.247185351,57.3,28.5,71.3,92.0,14.9,42.8,32.5,59.3,13.0,26.8,0.8,7.0,67.8,4.7,27.9,2.7,6.4,42.4,5.0,28.8,4.12,4.0,25.0,21.0,123.0,61.1,60.5,brett bateman,TOR,,,,,,,,184.0,24.3,4.6,1.03954802259887,354,OF,OF,True,339.0,171.72,2.3941801142166454,12.280000000000001,2.205819885783354,-15.0,False,False,283,False,34.67948695892194,3.479352916991098,0.3448332892519765,2.1523268348349838,21.160096889304075,15.093073272257945,159.191170161562,0.8993851421557176,24.808829838437987,0.1401628804431524,473.0,-289.0,"{'C': 415, 'SS': 586, '2B': 586, '3B': 569, '1B': 598, 'OF': 519, 'UT': 473}",1.03954802259887,0.5084745762711864,-8.129825317018174,,,,,,10.169491525423728,6.779661016949152,61.016949152542374,-0.056999999999999995,,0,177,,,0,False,0.68954802259887,,,,0.0,0.0,0.0,0.0,,0.0,2026-08-07,2026-09-12,30.0,33.0,33.0,0.0,628.0,0.909,133.0,1.0,0.15,,young / establishing,46.1,1.5,0.43,"24 years old, an age that jumps 8% of the time · sprint 28.8 ft/s (85th pct) · avg EV 84.5 (4th pct)",xwOBA 0.310 (53rd) · barrels 1.6% (3rd) · EV 84.5 (4th) · hard-hit 20% (2nd) · K 19% (70th) · BB 10% (68th) · chase 28% (63rd) · bat speed 67.8 mph (5th) · sprint 28.8 (84th),"{""n"":20,""b"":3,""c"":[[""Sal Frelick"",2023,23,1.01,0.93,486,0],[""Thairo Estrada"",2021,25,1.08,1.03,555,1],[""Max Schrock"",2021,27,1.0,0.41,11,0],[""Francisco Mej\u00eda"",2021,26,0.99,0.91,272,0],[""Christian Arroyo"",2021,26,1.0,0.98,294,0]]}",0.8411898394195314,1.03954802259887,-0.012246653109530594,0.8411898394195314,303.0,1.0,255.0,505.0,288,437,THALER,candidate,,0.68954802259887,False
703601,Max Clark,2026,2004-12-21,OF,L,Detroit Tigers,50,202,176,49,11,3,3,27,23,18,4,5,1,41,1,32,0,0,0,0,0,0,0,0,50,0,21.0,202.0,20.3,8.9,0.278,0.426,0.357,0.148,0.346,0.268,0.351,0.344,0.318,0.347,0.083,0.392,0.355,0.01,0.075,0.026,87.7,15.4,36.0,2.2,38.8,98.39110806,93.356319624,63.5,28.6,67.9,90.0,16.9,45.9,34.5,41.0,25.2,27.3,6.5,7.6,73.6,9.5,24.7,31.4,6.2,42.3,1.0,28.7,4.22,10.0,15.0,24.0,139.0,73.6,57.4,max clark,DET,,,,,,,,211.0,21.5,4.22,1.0445544554455446,332,OF,OF,True,339.0,171.72,2.3941801142166454,39.28,1.8258198857833543,7.0,False,False,279,False,38.832937450660175,4.841436124747711,0.7143153985240701,2.7793110260680502,24.612826846084022,18.04778351212158,188.60461035820563,0.933686189892107,22.395389641794367,0.11086826555343754,473.0,-262.0,"{'C': 415, 'SS': 586, '2B': 586, '3B': 569, '1B': 598, 'OF': 519, 'UT': 473}",1.0445544554455446,0.5297029702970297,-7.651871180011191,,,,,,14.851485148514852,8.91089108910891,53.46534653465346,-0.025999999999999968,1.0445544554455446,1,202,0.0,,0,False,0.6945544554455446,,,,0.0,0.0,0.0,0.0,,0.0,2026-07-31,2026-09-13,39.0,39.0,39.0,0.0,573.0,1.0,127.0,1.0,0.88,13.0,top-100 prospect,80.0,5.9,1.125,"22 years old, an age that jumps 17% of the time · sprint 28.7 ft/s (83rd pct) · avg EV 87.7 (37th pct)",xwOBA 0.318 (63rd) · barrels 2.2% (6th) · EV 87.7 (35th) · hard-hit 39% (52nd) · K 20% (63rd) · BB 9% (53rd) · chase 29% (62nd) · bat speed 73.6 mph (74th) · sprint 28.7 (82nd),"{""n"":20,""b"":2,""c"":[[""Wander Franco"",2021,20,1.06,0.99,342,0],[""Evan Carter"",2025,23,1.15,0.87,394,0],[""Jo Adell"",2021,22,1.05,0.85,241,0],[""Oswaldo Cabrera"",2022,23,1.06,0.8,264,0],[""Lars Nootbaar"",2021,24,1.01,1.06,367,0]]}",0.9704093543996245,1.0445544554455446,0.00931160134854931,0.9704093543996245,329.0,1.0,319.0,582.0,227,152,CS,candidate,,0.6945544554455446,False
703607,Henry Bolte,2026,2003-08-04,OF,R,Athletics,118,469,411,115,16,2,11,57,38,39,15,21,8,132,2,86,7,0,3,0,0,0,0,0,127,1,22.0,469.0,28.1,8.3,0.28,0.409,0.362,0.129,0.385,0.247,0.377,0.344,0.318,0.333,0.13,0.436,0.396,0.033,0.032,0.026,91.0,1.0,27.7,8.2,48.8,104.430945108,96.698645162,73.6,28.4,37.5,79.6,32.9,50.0,32.3,62.4,14.9,19.5,3.2,7.6,76.8,14.6,20.2,70.3,6.7,42.6,8.0,30.5,4.18,16.0,62.0,37.0,282.0,87.3,64.6,henry bolte,ATH,,,,,,,,494.0,22.9,4.186440677966102,1.0533049040511726,136,OF,OF,True,339.0,171.72,2.3941801142166454,322.28,1.7922605637494566,203.0,True,False,120,False,72.46476691671023,16.04548638434005,1.6357264811892034,11.371020217760513,64.54045991164688,45.19390871777463,482.19836862942157,1.028141510936933,11.801631370578434,0.02516339311423965,473.0,21.0,"{'C': 415, 'SS': 586, '2B': 586, '3B': 569, '1B': 598, 'OF': 519, 'UT': 473}",1.0533049040511726,0.4072494669509595,-2.0387681483053464,75.09433962264151,16.41509433962264,51.320754716981135,58.67924528301887,23.77358490566038,26.865671641791042,14.072494669509595,49.89339019189765,-0.025999999999999968,1.0533049040511726,1,469,0.0,,0,False,0.7033049040511726,,,,0.0,0.0,0.0,0.0,,0.0,2026-05-13,2026-09-12,106.0,108.0,108.0,0.0,573.0,0.981,47.0,1.0,0.15,,young / establishing,63.5,20.8,1.133,"23 years old, an age that jumps 11% of the time · sprint 30.5 ft/s (99th pct) · avg EV 91.0 (87th pct)",xwOBA 0.318 (63rd) · barrels 8.2% (58th) · EV 91.0 (87th) · hard-hit 49% (91st) · K 28% (19th) · BB 8% (47th) · chase 28% (64th) · bat speed 76.8 mph (97th) · sprint 30.5 (100th),"{""n"":20,""b"":5,""c"":[[""Jazz Chisholm Jr."",2021,23,1.02,1.28,308,0],[""Jasson Dom\u00ednguez"",2025,22,1.09,0.88,195,0],[""Pete Crow-Armstrong"",2024,22,1.09,1.19,767,1],[""Elly De La Cruz"",2023,22,1.15,1.26,879,1],[""Wyatt Langford"",2024,23,1.09,1.07,615,0]]}",1.0344274526606303,1.0533049040511726,0.000982437627337522,1.0344274526606303,454.0,1.0,470.0,621.0,96,44,CS,candidate,,0.7033049040511726,False
800050,Chase DeLauter,2026,2001-10-08,OF,L,Cleveland Guardians,133,559,495,142,30,3,16,62,67,60,1,11,2,82,3,93,0,0,2,0,0,0,0,0,68,60,24.0,559.0,14.7,10.7,0.287,0.457,0.363,0.17,0.315,0.277,0.427,0.359,0.346,0.357,0.149,0.38,0.362,0.01,0.03,0.013,91.4,11.8,35.1,6.3,46.3,101.342521401,95.083377367,65.4,21.1,67.4,91.2,15.0,42.3,37.7,43.8,19.5,27.4,9.4,7.2,71.5,16.1,35.0,18.5,4.5,44.7,15.0,26.6,4.52,24.0,51.0,67.0,416.0,82.1,54.4,chase delauter,CLE,Chase DeLauter,CLE,"CF,RF,DH",272.6,167.0,288.0,282.0,595.0,24.7,4.473684210526316,1.0644007155635062,84,OF,OF,False,167.0,420.0,3.4134451172178237,175.0,1.0602390933084922,83.0,True,False,53,False,95.54262168108752,24.340185097389405,2.2817647619586614,14.950428459564423,67.46302899271562,63.18836584309871,576.6363948358144,1.0315499013163048,18.36360516418563,0.03285081424720149,473.0,122.0,"{'C': 415, 'SS': 586, '2B': 586, '3B': 569, '1B': 598, 'OF': 519, 'UT': 473}",1.0644007155635062,0.6153846153846154,-0.03841159879036837,78.49056603773586,90.18867924528303,69.81132075471697,-11.698113207547166,8.679245283018886,11.806797853309481,17.173524150268335,64.40071556350625,-0.013000000000000012,1.0644007155635062,1,559,0.0,,0,False,0.7144007155635063,,,,11.0,1.0,11.0,0.0,,11.0,2026-03-26,2026-09-12,123.0,153.0,142.0,11.0,538.0,0.866,0.0,0.0,0.15,,young / establishing,33.5,19.3,1.144,"559 PA in his first season, already has the job · avg EV 91.4 (90th pct) · 25 years old, an age that jumps 5% of the time",xwOBA 0.346 (89th) · barrels 6.3% (40th) · EV 91.4 (89th) · hard-hit 46% (85th) · K 15% (89th) · BB 11% (77th) · chase 21% (95th) · bat speed 71.5 mph (42nd) · sprint 26.6 (26th),"{""n"":20,""b"":0,""c"":[[""Alex Verdugo"",2021,25,1.04,0.95,614,0],[""Drake Baldwin"",2025,24,1.13,1.07,659,0],[""Josh Naylor"",2022,25,1.01,1.15,571,0],[""Vinnie Pasquantino"",2024,27,1.01,1.02,699,0],[""Carlos Correa"",2021,27,1.07,0.99,586,0]]}",0.9859078484438506,1.0644007155635062,-0.01249045949552797,0.9859078484438506,511.0,0.991,504.0,592.0,81,115,GK,broke_out,,0.7144007155635063,False
800325,Luis Lara,2026,2004-11-17,OF,S,Milwaukee Brewers,61,212,191,47,8,2,1,25,26,18,1,3,2,46,2,36,0,0,2,0,0,0,0,0,67,0,21.0,212.0,21.7,8.5,0.246,0.325,0.311,0.079,0.315,0.256,0.331,0.286,0.293,0.321,0.075,0.322,0.332,-0.01,-0.006,-0.007,88.0,5.3,34.7,3.4,41.5,98.840899189,93.57850966,61.9,24.7,71.6,88.2,17.0,42.1,30.6,51.0,15.0,29.9,4.1,6.9,71.4,11.1,27.9,16.7,1.1,28.4,-7.0,28.4,4.26,3.0,17.0,27.0,147.0,68.6,61.8,luis lara,MIL,,,,,,,,192.0,21.6,3.1475409836065573,0.9056603773584906,346,OF,OF,True,339.0,171.72,2.3941801142166454,20.28,0.7533608693899119,-7.0,False,False,279,False,40.67787273671071,4.851684690585953,0.6260124086959746,2.7404301640073663,24.177691599105078,18.685058505330254,186.97975010443537,0.8819799533228083,5.020249895564632,0.023680424035682268,473.0,-281.0,"{'C': 415, 'SS': 586, '2B': 586, '3B': 569, '1B': 598, 'OF': 519, 'UT': 473}",0.9056603773584906,0.41509433962264153,-8.47340498676494,,,,,,8.49056603773585,2.830188679245283,50.94339622641509,0.007000000000000006,0.9056603773584906,1,212,0.0,,0,False,0.5556603773584906,,,,0.0,0.0,0.0,0.0,,0.0,2026-07-07,2026-09-11,51.0,61.0,61.0,0.0,423.0,0.836,103.0,1.0,0.15,,young / establishing,55.4,13.1,0.986,"22 years old, an age that jumps 17% of the time · sprint 28.4 ft/s (77th pct) · avg EV 88.0 (42nd pct)",xwOBA 0.293 (31st) · barrels 3.4% (15th) · EV 88.0 (40th) · hard-hit 42% (65th) · K 22% (56th) · BB 8% (50th) · chase 25% (84th) · bat speed 71.4 mph (40th) · sprint 28.4 (76th),"{""n"":20,""b"":3,""c"":[[""Andr\u00e9s Gim\u00e9nez"",2021,23,0.9,1.11,620,1],[""Luis Garc\u00eda Jr."",2021,21,0.83,0.86,325,0],[""Rodolfo Castro"",2022,23,0.88,0.72,184,0],[""Evan Carter"",2024,22,0.9,1.15,252,0],[""Miguel Vargas"",2023,24,0.85,0.68,160,0]]}",0.9437879298248242,0.9056603773584906,0.010387702304990686,0.9437879298248242,294.0,1.0,277.0,566.0,268,225,FA,candidate,,0.5556603773584906,False
802139,JJ Wetherholt,2026,2002-09-10,2B,L,St. Louis Cardinals,139,619,537,130,15,0,17,89,51,64,16,14,1,104,2,98,2,0,0,0,0,131,0,12,0,0,23.0,619.0,16.8,10.3,0.242,0.365,0.339,0.123,0.27,0.255,0.435,0.318,0.347,0.35,0.18,0.324,0.366,-0.013,-0.07,-0.029,89.7,11.5,34.9,7.4,44.9,99.375158009,94.023919118,63.0,21.2,63.2,85.4,20.2,42.0,36.3,45.3,29.2,22.1,3.4,7.5,71.9,11.6,30.1,19.2,11.7,63.6,1.0,27.6,4.25,27.0,43.0,60.0,435.0,75.7,59.4,jj wetherholt,STL,JJ Wetherholt,STL,"2B,3B,SS",222.2,131.0,240.0,221.0,586.0,23.8,4.215827338129497,0.9466882067851373,89,2B/SS,2B,False,131.0,446.0,3.705765225084571,140.0,0.5100621130449259,42.0,True,False,53,False,87.18789518904842,25.639487071281003,1.3023402902927534,22.805277449377833,80.16836022906482,72.995635979473,643.6939962085379,1.0398933702884297,-57.6939962085379,-0.09320516350329233,473.0,113.0,"{'C': 415, 'SS': 586, '2B': 586, '3B': 569, '1B': 598, 'OF': 519, 'UT': 473}",0.9466882067851373,0.5008077544426495,-0.6239060338159002,39.24528301886793,49.81132075471698,61.886792452830186,-10.56603773584905,-22.641509433962256,13.5702746365105,16.478190630048466,62.035541195476576,0.02899999999999997,0.9466882067851373,1,619,0.0,,0,False,0.5966882067851373,,,,17.0,1.0,17.0,0.0,Right wrist tendinitis,17.0,2026-03-26,2026-08-29,130.0,147.0,141.0,6.0,619.0,0.922,0.0,0.0,0.15,,young / establishing,32.5,40.8,1.027,"619 PA in his first season, already has the job · deserved 1.04/PA on contact quality, got 0.95 · 24 years old, an age that jumps 8% of the time",xwOBA 0.347 (89th) · barrels 7.4% (52nd) · EV 89.7 (68th) · hard-hit 45% (81st) · K 17% (82nd) · BB 10% (70th) · chase 21% (94th) · bat speed 71.9 mph (48th) · sprint 27.6 (52nd),"{""n"":20,""b"":5,""c"":[[""Agust\u00edn Ram\u00edrez"",2025,24,1.0,0.92,230,0],[""MJ Melendez"",2022,24,0.92,0.92,554,0],[""Gleyber Torres"",2021,24,0.9,1.02,585,1],[""Alec Bohm"",2022,26,0.91,1.01,618,1],[""Colt Keith"",2024,23,0.88,0.93,434,0]]}",1.023289695870841,0.9466882067851373,-0.012246653109530594,1.023289695870841,526.0,0.986,538.0,614.0,62,65,THALER,broke_out,,0.5966882067851373,False
802415,Chandler Simpson,2026,2000-11-18,OF,L,Tampa Bay Rays,151,612,571,175,16,6,0,66,38,26,0,46,14,48,6,153,3,0,5,0,0,0,0,0,150,0,25.0,612.0,7.8,4.2,0.306,0.356,0.333,0.05,0.331,0.261,0.297,0.305,0.263,0.292,0.037,0.314,0.267,0.045,0.059,0.042,83.6,1.2,25.7,0.0,13.4,92.6114076,90.38555626,65.1,31.2,80.3,93.2,10.8,48.5,29.2,61.5,14.1,21.6,2.8,6.6,65.1,2.4,41.7,0.5,2.8,35.6,-11.0,29.4,3.96,3.0,108.0,63.0,538.0,71.3,68.5,chandler simpson,TB,Chandler Simpson,TB,"LF,CF",169.4,99.0,164.0,152.0,653.0,25.6,4.324503311258278,1.0669934640522876,43,OF,OF,False,99.0,556.8852459016393,4.003049236131642,96.11475409836066,0.3214540751266357,56.0,True,False,1,False,136.17624209356512,7.901229376465818,1.6348149663730314,3.318713563596039,69.4066520042844,46.30875445851783,605.9044064628023,0.9900398798411802,47.095593537197715,0.07695358421110732,473.0,180.0,"{'C': 415, 'SS': 586, '2B': 586, '3B': 569, '1B': 598, 'OF': 519, 'UT': 473}",1.0669934640522876,0.5408496732026143,1.1306086420252992,80.0,67.54716981132076,81.50943396226415,12.452830188679243,-1.5094339622641542,45.09803921568627,0.0,25.490196078431374,-0.04199999999999998,1.145124716553288,2,1053,-0.0781312525010005,1.145124716553288,1,False,-0.0781312525010005,-2.000000000000001,0.0,1.0,0.0,0.0,0.0,0.0,,0.0,2026-03-26,2026-09-12,140.0,150.0,150.0,0.0,564.0,0.933,0.0,0.0,0.15,,established,23.8,2.4,1.225,"612 PA, already has the job · sprint 29.4 ft/s (94th pct) · 26 years old, an age that jumps 4% of the time · bat speed up 1.0 mph",xwOBA 0.263 (9th) · barrels 0.0% (0th) · EV 83.6 (2nd) · hard-hit 13% (0th) · K 8% (100th) · BB 4% (7th) · chase 31% (45th) · bat speed 65.1 mph (1st) · sprint 29.4 (94th),"{""n"":20,""b"":1,""c"":[[""Steven Kwan"",2022,25,1.05,0.98,706,0],[""Sal Frelick"",2025,25,1.07,0.84,319,0],[""Raimel Tapia"",2021,27,1.02,0.94,409,0],[""Andr\u00e9s Gim\u00e9nez"",2023,25,1.03,0.94,594,0],[""Nicky Lopez"",2021,26,1.01,0.74,354,0]]}",0.94047282938858,1.0905772302076204,-0.020377176503197886,0.94047282938858,578.0,1.0,544.0,564.0,59,231,BAMBI,candidate,1.145124716553288,-0.0781312525010005,False
803011,Sam Antonacci,2026,2003-02-06,OF,L,Chicago White Sox,139,553,477,131,24,4,8,81,48,43,28,19,8,82,2,95,3,0,2,0,0,31,1,0,121,3,23.0,553.0,14.8,7.8,0.275,0.392,0.367,0.117,0.316,0.282,0.397,0.342,0.346,0.375,0.115,0.347,0.353,-0.007,-0.005,-0.004,87.5,9.8,37.5,5.0,33.6,97.511373636,92.852940557,62.9,21.8,71.1,90.2,14.7,42.5,32.0,50.0,21.8,25.0,3.3,6.6,69.6,8.0,30.9,7.2,7.8,47.2,11.0,28.2,4.33,16.0,43.0,70.0,400.0,76.3,57.9,sam antonacci,CWS,,,,,,,,576.0,23.4,4.143884892086331,1.0415913200723328,95,2B/3B/SS/OF,2B/OF,True,339.0,171.72,2.3941801142166454,404.28,1.7497047778696855,244.0,True,False,53,False,102.41973909934754,19.471314811083428,2.4851530797905053,10.137793009778521,71.18080527384234,54.82625700311368,578.890062276956,1.0468174724718915,-2.890062276955973,-0.005226152399558703,473.0,103.0,"{'C': 415, 'SS': 586, '2B': 586, '3B': 569, '1B': 598, 'OF': 519, 'UT': 473}",1.0415913200723328,0.5352622061482821,-0.5782020386594794,71.32075471698113,64.15094339622641,64.15094339622641,7.169811320754718,7.169811320754718,20.61482820976492,8.679927667269439,46.65461121157324,0.003999999999999948,1.0415913200723328,1,553,0.0,,0,False,0.6915913200723328,,,,0.0,0.0,0.0,0.0,,0.0,2026-04-15,2026-09-12,128.0,132.0,132.0,0.0,578.0,0.97,20.0,0.0,0.15,,young / establishing,29.7,13.3,1.122,"23 years old, an age that jumps 11% of the time · 553 PA in his first season, already has the job · sprint 28.2 ft/s (71st pct)",xwOBA 0.346 (89th) · barrels 5.0% (29th) · EV 87.5 (32nd) · hard-hit 34% (26th) · K 15% (89th) · BB 8% (39th) · chase 22% (93rd) · bat speed 69.6 mph (19th) · sprint 28.2 (70th),"{""n"":20,""b"":2,""c"":[[""Adley Rutschman"",2022,24,1.03,1.03,706,0],[""Alex Verdugo"",2021,25,1.04,0.95,614,0],[""Nico Hoerner"",2022,25,1.02,1.11,761,1],[""Brendan Donovan"",2022,26,0.96,1.01,373,0],[""Jonathan India"",2021,24,1.06,0.87,375,0]]}",0.985101604099112,1.0415913200723328,0.000982437627337522,0.985101604099112,490.0,1.0,483.0,591.0,87,118,BAMBI,candidate,,0.6915913200723328,False
804606,Konnor Griffin,2026,2006-04-24,SS,R,Pittsburgh Pirates,79,335,308,83,15,4,5,42,31,20,5,23,4,82,2,59,10,0,0,0,0,0,0,75,0,4,20.0,335.0,24.5,6.0,0.269,0.393,0.322,0.124,0.35,0.258,0.399,0.316,0.313,0.314,0.141,0.386,0.384,0.011,-0.006,0.003,88.1,7.9,33.3,6.7,37.3,100.463727411,94.352872332,68.0,37.6,55.9,80.3,29.1,51.8,38.6,50.9,18.4,26.8,3.9,7.7,75.4,10.8,19.2,56.1,9.1,46.4,-3.0,29.9,4.27,11.0,30.0,42.0,228.0,73.9,62.7,konnor griffin,PIT,Konnor Griffin,PIT,"SS,CF",188.4,112.0,187.0,187.0,361.0,20.2,4.569620253164557,1.0776119402985074,217,SS,SS,False,112.0,556.8852459016393,4.003049236131642,-195.88524590163934,0.5665710170329152,-105.0,False,False,205,True,54.62537702110798,14.401958657701954,2.283951621272152,8.152712699917915,45.06173827429372,34.078606117822254,365.49634439211593,1.0910338638570625,-4.49634439211593,-0.013421923558555093,473.0,-112.0,"{'C': 415, 'SS': 586, '2B': 586, '3B': 569, '1B': 598, 'OF': 519, 'UT': 473}",1.0776119402985074,0.4626865671641791,-4.296816275405847,81.88679245283019,31.32075471698113,30.18867924528302,50.566037735849065,51.69811320754717,41.19402985074627,8.955223880597014,35.82089552238806,-0.0030000000000000027,1.0776119402985074,1,335,0.0,,0,False,0.7276119402985074,,,,85.0,2.0,85.0,0.0,Right elbow strain,85.0,2026-04-03,2026-09-12,67.0,146.0,69.0,77.0,605.0,0.971,8.0,0.0,0.15,,young / establishing,34.0,17.6,1.158,"20 years old, an age that jumps 20% of the time · sprint 29.9 ft/s (98th pct) · deserved 1.09/PA on contact quality, got 1.08",xwOBA 0.313 (56th) · barrels 6.7% (44th) · EV 88.1 (42nd) · hard-hit 37% (43rd) · K 24% (37th) · BB 6% (21st) · chase 38% (14th) · bat speed 75.4 mph (91st) · sprint 29.9 (98th),"{""n"":20,""b"":3,""c"":[[""Jordan Walker"",2023,21,1.03,0.83,147,0],[""Pete Crow-Armstrong"",2024,22,1.09,1.19,767,1],[""Jasson Dom\u00ednguez"",2025,22,1.09,0.88,195,0],[""Wyatt Langford"",2024,23,1.09,1.07,615,0],[""Jackson Chourio"",2024,20,1.16,1.14,672,0]]}",1.0822405321369786,1.0776119402985074,0.007541583097214544,1.0822405321369786,489.0,0.932,529.0,649.0,68,20,THALER,candidate,,0.7276119402985074,False
804668,Rafael Flores Jr.,2026,2000-11-07,C,R,Pittsburgh Pirates,46,159,144,39,6,0,11,17,25,15,0,0,0,44,0,22,2,7,0,36,11,0,0,0,0,0,25.0,159.0,27.7,9.4,0.271,0.542,0.34,0.271,0.315,0.253,0.519,0.377,0.358,0.32,0.266,0.497,0.464,0.018,0.023,0.019,91.0,12.8,36.0,15.0,47.0,101.7870292,95.5007194,61.2,27.6,48.8,77.7,30.8,45.1,46.0,44.0,37.0,18.0,1.0,7.5,73.9,12.9,23.5,39.6,15.4,60.1,8.0,26.4,4.66,14.0,13.0,12.0,100.0,70.0,67.7,rafael flores,PIT,,,,,,,,186.0,25.6,4.043478260869565,1.169811320754717,351,C/1B,C,True,339.0,171.72,2.3941801142166454,14.280000000000001,1.64929814665292,-12.0,False,False,283,False,17.0930552688246,9.536662289036485,0.6395096154532379,9.162772826685682,20.61967423944447,23.171174842736583,181.95884908218108,1.1443952772464219,4.041150917818925,0.025416043508295072,415.0,-229.0,"{'C': 415, 'SS': 586, '2B': 586, '3B': 569, '1B': 598, 'OF': 519, 'UT': 473}",1.169811320754717,0.5723270440251572,-7.867539277461466,,,,,,0.0,41.50943396226415,56.60377358490567,-0.019000000000000017,,0,176,,,0,False,0.819811320754717,,,,8.0,1.0,8.0,0.0,,8.0,2026-06-10,2026-09-12,37.0,85.0,76.0,9.0,241.0,0.487,76.0,1.0,0.15,,established,45.6,3.7,0.43,"176 career PA, still new · avg EV 91.0 (87th pct) · 26 years old, an age that jumps 4% of the time",xwOBA 0.358 (93rd) · barrels 15.0% (96th) · EV 91.0 (87th) · hard-hit 47% (86th) · K 28% (20th) · BB 9% (58th) · chase 28% (67th) · bat speed 73.9 mph (77th) · sprint 26.4 (22nd),"{""n"":20,""b"":0,""c"":[[""Matt Wallner"",2023,26,1.16,1.12,292,0],[""Wilyer Abreu"",2023,24,1.24,1.07,479,0],[""Matt Wallner"",2024,26,1.12,0.97,380,0],[""Adalberto Mondesi"",2021,26,1.26,0.72,39,0],[""Jahmai Jones"",2025,28,1.19,0.88,158,0]]}",0.9582170409503873,1.169811320754717,-0.020377176503197886,0.9582170409503873,226.0,0.994,217.0,575.0,347,180,FA,candidate,,0.819811320754717,False
805300,Jakob Marsee,2026,2001-06-28,OF,L,Miami Marlins,155,616,516,119,19,7,11,83,41,78,15,23,12,126,1,82,0,0,5,0,0,0,0,0,150,2,25.0,616.0,20.5,12.7,0.231,0.359,0.348,0.128,0.284,0.233,0.334,0.321,0.314,0.349,0.101,0.334,0.323,-0.002,0.025,0.007,87.3,18.1,33.5,3.8,34.5,97.82960178,92.989467585,60.1,22.2,56.1,91.9,18.0,40.9,40.3,37.0,22.7,28.7,11.6,6.7,70.2,8.8,28.5,5.8,6.9,45.6,2.0,27.9,4.38,17.0,36.0,63.0,397.0,78.3,59.8,jakob marsee,MIA,Jakob Marsee,MIA,"LF,CF",139.6,85.0,139.0,109.0,600.0,25.0,3.870967741935484,0.974025974025974,79,OF,OF,False,85.0,556.8852459016393,4.003049236131642,43.11475409836066,-0.1320814941961581,6.0,False,False,42,False,91.54329921557499,15.314110893884296,3.309880565506452,10.060709325034269,73.27882460787855,57.7351940598946,595.5860186677731,0.9668604199152161,4.413981332226854,0.007165554110757921,473.0,127.0,"{'C': 415, 'SS': 586, '2B': 586, '3B': 569, '1B': 598, 'OF': 519, 'UT': 473}",0.974025974025974,0.461038961038961,-1.8218012736704559,50.56603773584906,30.943396226415093,52.83018867924528,19.622641509433965,-2.264150943396224,22.4025974025974,10.714285714285714,75.97402597402596,-0.007000000000000006,1.235042735042735,2,850,-0.2610167610167611,1.235042735042735,1,False,-0.2610167610167611,0.0,-4.3,-0.29999999999999716,0.0,0.0,0.0,0.0,,0.0,2026-03-27,2026-09-12,143.0,149.0,149.0,0.0,568.0,0.96,0.0,0.0,0.15,,young / establishing,28.8,1.7,1.315,"616 PA, already has the job · 25 years old, an age that jumps 5% of the time · sprint 27.9 ft/s (61st pct)",xwOBA 0.314 (58th) · barrels 3.8% (17th) · EV 87.3 (29th) · hard-hit 34% (29th) · K 20% (62nd) · BB 13% (90th) · chase 22% (92nd) · bat speed 70.2 mph (26th) · sprint 27.9 (60th),"{""n"":20,""b"":0,""c"":[[""Matt McLain"",2025,26,0.9,0.89,437,0],[""Jonathan India"",2022,26,0.87,1.01,536,0],[""Austin Hays"",2022,27,0.94,1.03,581,0],[""Luis Robert Jr."",2022,25,1.08,1.22,723,0],[""Andr\u00e9s Gim\u00e9nez"",2024,26,0.94,0.85,315,0]]}",1.0025702705621387,1.022474881015336,-0.01249045949552797,1.0025702705621387,546.0,1.0,547.0,602.0,57,96,FA,candidate,1.235042735042735,-0.2610167610167611,False
805347,Jim Jarvis,2026,2000-11-06,SS,L,Atlanta Braves,38,124,111,23,5,1,1,10,11,8,1,0,1,23,0,16,7,0,0,0,0,0,0,38,0,0,25.0,124.0,18.5,6.5,0.207,0.297,0.267,0.09,0.253,0.234,0.304,0.254,0.268,0.291,0.07,0.275,0.294,-0.027,-0.007,-0.014,89.0,3.4,27.2,3.3,37.0,98.895795,93.590665909,61.9,28.0,64.2,89.6,18.8,44.2,27.2,58.7,18.5,20.7,2.2,7.1,71.0,11.0,30.6,12.1,4.2,45.2,-6.0,27.9,4.33,5.0,9.0,9.0,92.0,79.4,59.7,jim jarvis,ATL,,,,,,,,79.0,25.6,2.0789473684210527,0.6370967741935484,473,SS,SS,True,339.0,171.72,2.3941801142166454,-92.72,-0.3152327457955928,-134.0,False,False,339,False,21.621213985757564,2.5105899959548457,0.26717805081761586,1.575017967469974,12.92995743297371,10.883997709257002,85.53195514223071,0.6897738317921832,-6.531955142230714,-0.052677057598634836,473.0,-394.0,"{'C': 415, 'SS': 586, '2B': 586, '3B': 569, '1B': 598, 'OF': 519, 'UT': 473}",0.6370967741935484,0.31451612903225806,-10.819466057688931,,,,,,0.0,4.838709677419355,38.70967741935484,0.014000000000000012,,0,124,,,0,False,0.2870967741935484,,,,0.0,0.0,0.0,0.0,,0.0,2026-05-06,2026-08-22,38.0,103.0,103.0,0.0,179.0,0.369,40.0,1.0,0.15,,rookie,42.9,4.3,0.43,"deserved 0.69/PA on contact quality, got 0.64 · 26 years old, an age that jumps 4% of the time · sprint 27.9 ft/s (61st pct)",xwOBA 0.268 (12th) · barrels 3.3% (14th) · EV 89.0 (56th) · hard-hit 37% (42nd) · K 18% (73rd) · BB 6% (26th) · chase 28% (66th) · bat speed 71.0 mph (35th) · sprint 27.9 (60th),"{""n"":20,""b"":0,""c"":[[""Brett Harris"",2024,26,0.69,0.86,72,0],[""Ronny Simon"",2025,25,0.7,1.06,70,0],[""Anthony Seigler"",2025,26,0.67,0.87,150,0],[""Ben Rortvedt"",2023,26,0.63,0.82,268,0],[""Andrew Knizner"",2021,26,0.67,0.77,227,0]]}",0.8752894725739675,0.6370967741935484,-0.020377176503197886,0.8752894725739675,200.0,1.0,175.0,525.0,434,387,FA,candidate,,0.2870967741935484,False
805367,Chase Meidroth,2026,2001-07-23,2B,R,Chicago White Sox,154,643,566,156,31,0,16,90,63,61,6,4,2,141,4,109,8,0,0,0,0,150,3,19,0,0,24.0,643.0,21.9,9.5,0.276,0.415,0.35,0.139,0.339,0.239,0.348,0.339,0.301,0.32,0.109,0.394,0.337,0.037,0.067,0.038,87.2,8.5,34.1,4.6,34.6,97.389329665,92.822576483,55.5,28.9,69.4,86.1,19.7,42.0,41.0,49.5,21.7,24.4,4.4,6.7,66.9,6.6,29.4,1.0,12.2,60.2,7.0,27.3,4.41,24.0,58.0,74.0,434.0,61.9,60.3,chase meidroth,CWS,Chase Meidroth,CWS,"2B,3B,SS",376.7,227.0,337.0,359.0,615.0,24.9,3.9935064935064934,0.9564541213063764,69,2B/SS,2B,False,227.0,338.3666666666667,3.0792137196109657,276.6333333333333,0.9142927738955278,158.0,True,True,41,False,100.16969300552533,21.429183265165538,0.7605544530929254,12.914569276216207,71.49707695807325,63.82901943345576,538.568096391529,0.837586464061476,76.43190360847098,0.11886765724490045,473.0,142.0,"{'C': 415, 'SS': 586, '2B': 586, '3B': 569, '1B': 598, 'OF': 519, 'UT': 473}",0.9564541213063764,0.48522550544323484,0.48384284363630425,43.0188679245283,44.528301886792455,74.33962264150942,-1.5094339622641542,-31.32075471698112,3.7325038880248833,14.930015552099533,56.92068429237947,-0.038000000000000034,0.9564541213063764,2,1148,0.0,0.8237623762376237,1,False,0.1326917450687527,7.599999999999998,2.9999999999999996,-0.5,0.0,0.0,18.0,0.0,,10.799999999999999,2026-03-26,2026-09-12,142.0,150.0,150.0,0.0,591.0,0.947,0.0,0.0,0.15,,young / establishing,26.8,4.5,1.036,"643 PA, already has the job · 0.96/PA is his best rate yet, so the bar is one step up · 25 years old, an age that jumps 5% of the time · barrel rate up 3.0 pts on last year",xwOBA 0.301 (42nd) · barrels 4.6% (25th) · EV 87.2 (27th) · hard-hit 35% (30th) · K 22% (54th) · BB 10% (61st) · chase 29% (60th) · bat speed 66.9 mph (3rd) · sprint 27.3 (45th),"{""n"":20,""b"":0,""c"":[[""Joey Ortiz"",2024,26,0.95,0.84,427,0],[""Isaac Paredes"",2023,24,1.05,0.88,566,0],[""Josh Rojas"",2021,27,0.93,1.03,524,0],[""Trent Grisham"",2021,25,1.0,0.83,437,0],[""J.P. Crawford"",2021,26,0.88,0.78,472,0]]}",0.8750935826749916,0.913953488372093,-0.01249045949552797,0.8750935826749916,521.0,0.991,456.0,525.0,105,387,LTTA,broke_out,0.8237623762376237,0.1326917450687527,False
805779,Jacob Wilson,2026,2002-03-30,SS,R,Athletics,80,337,320,85,16,1,7,37,37,12,3,4,0,39,1,61,0,0,0,0,0,0,0,75,0,5,24.0,337.0,11.6,3.6,0.266,0.388,0.298,0.122,0.284,0.262,0.345,0.301,0.282,0.295,0.083,0.321,0.299,0.004,0.043,0.019,84.1,7.9,31.4,2.5,27.6,95.600927914,91.814204116,70.4,42.3,76.3,90.9,14.8,55.9,35.0,51.2,21.2,24.0,3.5,6.2,64.7,6.1,33.0,0.6,4.6,38.2,-3.0,27.0,4.49,12.0,31.0,42.0,283.0,82.9,65.6,jacob wilson,ATH,Jacob Wilson,ATH,"SS,DH",166.8,96.0,172.0,174.0,310.0,24.3,3.875,0.9198813056379822,250,SS,SS,False,96.0,556.8852459016393,4.003049236131642,-246.88524590163934,-0.1280492361316421,-154.0,False,False,243,True,68.78357613155642,8.965289454089492,0.6786926971517723,5.412441717202323,34.81511143760983,32.097250884338095,288.152362321948,0.8550515202431691,21.847637678052024,0.0648297853948131,473.0,-163.0,"{'C': 415, 'SS': 586, '2B': 586, '3B': 569, '1B': 598, 'OF': 519, 'UT': 473}",0.9198813056379822,0.5192878338278932,-5.936932266953848,27.169811320754718,58.11320754716981,12.830188679245284,-30.94339622641509,14.339622641509434,7.121661721068249,12.462908011869436,21.36498516320475,-0.019000000000000017,1.0191204588910134,2,963,-0.09923915325303123,1.0191204588910134,1,False,-0.09923915325303123,4.1,0.2999999999999998,0.9000000000000057,76.0,3.0,274.0,0.0,Left shoulder subluxation,173.8,2026-03-27,2026-08-16,80.0,131.0,92.0,39.0,546.0,0.87,0.0,0.0,0.15,,young / establishing,24.7,1.0,1.099,"24 years old, an age that jumps 8% of the time · only 337 PA, and a breakout needs 350 next year · 0.92/PA this year against 1.02 at his best, two steps to clear · bat speed up 0.9 mph",xwOBA 0.282 (21st) · barrels 2.5% (9th) · EV 84.1 (3rd) · hard-hit 28% (9th) · K 12% (97th) · BB 4% (4th) · chase 42% (4th) · bat speed 64.7 mph (0th) · sprint 27.0 (36th),"{""n"":20,""b"":2,""c"":[[""Nick Madrigal"",2023,26,0.93,0.68,64,0],[""Geraldo Perdomo"",2024,25,0.97,1.13,814,1],[""Sal Frelick"",2024,24,0.93,1.07,633,0],[""Will Brennan"",2024,26,0.9,0.46,6,0],[""Caleb Durbin"",2025,25,0.99,0.98,569,0]]}",0.8918491167571541,0.9677320221266134,-0.012246653109530594,0.8918491167571541,433.0,0.861,386.0,535.0,157,354,FA,candidate,1.0191204588910134,-0.09923915325303123,False
805808,Kevin McGonigle,2026,2004-08-18,SS,L,Detroit Tigers,155,704,602,166,28,5,17,96,71,95,3,12,4,99,4,116,19,0,0,0,0,0,93,96,0,5,21.0,704.0,14.1,13.5,0.276,0.424,0.375,0.148,0.304,0.264,0.444,0.355,0.355,0.364,0.18,0.358,0.359,0.012,-0.02,0.0,87.8,19.5,36.5,7.1,37.5,98.445477154,93.399221838,67.1,19.5,67.0,88.9,16.2,42.8,37.3,33.7,35.5,22.9,7.9,6.9,71.3,10.5,29.9,16.0,15.4,49.9,23.0,28.2,4.34,37.0,48.0,80.0,507.0,76.5,54.9,kevin mcgonigle,DET,Kevin McGonigle,DET,"3B,SS",248.4,152.0,264.0,245.0,703.0,21.9,4.535483870967742,0.9985795454545454,28,3B/SS,3B/SS,False,152.0,422.61764705882354,3.705765225084571,280.38235294117646,0.8297186458831707,124.0,True,True,1,False,99.05985819206865,33.33228832402826,4.5798487757375685,21.95600470816553,95.10215392169499,81.78806057440403,718.106214496099,1.0200372365001407,-15.106214496099028,-0.02145769104559525,473.0,230.0,"{'C': 415, 'SS': 586, '2B': 586, '3B': 569, '1B': 598, 'OF': 519, 'UT': 473}",0.9985795454545454,0.6107954545454546,2.2519983602793796,57.35849056603774,88.67924528301887,86.41509433962264,-31.320754716981135,-29.056603773584904,10.227272727272727,14.488636363636363,80.9659090909091,0.0,0.9985795454545454,1,704,0.0,,0,False,0.6485795454545454,,,,0.0,0.0,0.0,0.0,,0.0,2026-03-26,2026-09-13,144.0,150.0,150.0,0.0,641.0,0.96,0.0,0.0,0.15,,young / establishing,31.4,40.8,1.079,"704 PA in his first season, already has the job · 22 years old, an age that jumps 17% of the time · deserved 1.02/PA on contact quality, got 1.00",xwOBA 0.355 (92nd) · barrels 7.1% (48th) · EV 87.8 (37th) · hard-hit 38% (44th) · K 14% (91st) · BB 14% (94th) · chase 20% (98th) · bat speed 71.3 mph (38th) · sprint 28.2 (70th),"{""n"":20,""b"":4,""c"":[[""Bobby Witt Jr."",2022,22,1.06,1.25,866,1],[""Nolan Schanuel"",2024,22,0.88,0.91,514,0],[""Wyatt Langford"",2024,23,1.09,1.07,615,0],[""Dylan Carlson"",2021,23,0.99,0.91,445,0],[""Colt Keith"",2024,23,0.88,0.93,434,0]]}",1.0474412920365883,0.9985795454545454,0.010387702304990686,1.0474412920365883,648.0,1.0,679.0,628.0,18,33,GLIZZY,broke_out,,0.6485795454545454,False
805811,Bryce Eldridge,2026,2004-10-20,DH,L,San Francisco Giants,107,448,386,104,23,0,17,50,57,59,0,1,1,119,3,64,1,0,0,0,41,0,0,0,0,66,21.0,448.0,26.6,13.2,0.269,0.461,0.364,0.192,0.344,0.26,0.467,0.361,0.359,0.355,0.207,0.448,0.444,0.009,-0.006,0.002,92.7,13.7,36.7,11.5,52.2,102.568509037,96.138444275,64.7,24.6,52.0,82.1,27.1,43.1,37.8,39.3,30.4,26.3,4.1,7.4,73.4,13.8,23.8,34.4,12.2,42.8,20.0,26.0,4.52,27.0,29.0,48.0,270.0,73.8,59.6,bryce eldridge,SF,Bryce Eldridge,SF,"1B,DH",341.0,207.0,369.0,362.0,450.0,21.7,4.205607476635514,1.0044642857142858,163,1B,1B,False,207.0,338.3666666666667,3.180509813450934,111.63333333333333,1.0250976631845798,44.0,False,False,127,False,57.13994017952745,24.369929419568408,1.0183206222808314,17.831809778623313,55.471378890604754,58.07706857202291,455.17044746262764,1.0160054630862223,-5.170447462627635,-0.011541177371936495,473.0,-23.0,"{'C': 415, 'SS': 586, '2B': 586, '3B': 569, '1B': 598, 'OF': 519, 'UT': 473}",1.0044642857142858,0.5044642857142857,-2.9762939461043945,59.62264150943396,51.698113207547166,42.26415094339623,7.924528301886795,17.35849056603773,1.3392857142857142,22.767857142857142,79.01785714285714,-0.0020000000000000018,1.0044642857142858,1,485,0.0,,0,False,0.6544642857142858,,,,6.0,1.0,6.0,0.0,,6.0,2026-05-04,2026-09-12,103.0,117.0,117.0,0.0,546.0,0.88,40.0,1.0,0.15,,young / establishing,57.9,20.5,1.084,"22 years old, an age that jumps 17% of the time · avg EV 92.7 (96th pct) · 485 career PA, still new",xwOBA 0.359 (93rd) · barrels 11.5% (81st) · EV 92.7 (96th) · hard-hit 52% (97th) · K 27% (24th) · BB 13% (92nd) · chase 25% (84th) · bat speed 73.4 mph (70th) · sprint 26.0 (15th),"{""n"":20,""b"":1,""c"":[[""Triston Casas"",2023,24,1.04,0.97,235,0],[""Francisco Alvarez"",2023,22,1.0,0.99,340,0],[""James Wood"",2024,22,1.12,1.1,758,0],[""Nolan Gorman"",2023,23,1.07,0.88,355,0],[""Roman Anthony"",2025,21,1.1,0.9,215,0]]}",0.9885327182679183,1.0044642857142858,0.010387702304990686,0.9885327182679183,467.0,0.995,462.0,593.0,101,113,CH,candidate,,0.6544642857142858,False
805999,A.J. Ewing,2026,2004-08-10,OF,L,New York Mets,119,488,433,110,19,1,11,55,43,45,2,25,8,124,4,79,4,0,6,0,0,3,0,0,121,1,21.0,488.0,25.4,9.2,0.254,0.379,0.324,0.125,0.328,0.255,0.398,0.312,0.319,0.326,0.143,0.379,0.39,-0.001,-0.019,-0.007,89.5,10.8,35.0,7.3,42.0,99.984776903,94.31779822,67.6,26.8,53.9,84.4,24.8,46.3,30.9,46.1,24.6,25.2,4.1,6.5,70.4,10.3,25.4,12.5,9.3,40.4,-3.0,29.4,4.16,15.0,46.0,47.0,317.0,78.6,62.2,aj ewing,NYM,,,,,,,,502.0,21.9,4.218487394957983,1.028688524590164,131,OF,OF,True,339.0,171.72,2.3941801142166454,330.28,1.8243072807413379,208.0,True,False,120,False,76.04191110142608,19.901802005338354,1.3966626850450847,13.07462420819049,64.72375506682826,50.450168939933334,527.9229240067616,1.081809270505659,-25.922924006761605,-0.05312074591549498,473.0,29.0,"{'C': 415, 'SS': 586, '2B': 586, '3B': 569, '1B': 598, 'OF': 519, 'UT': 473}",1.028688524590164,0.4262295081967213,-2.314380566380602,66.79245283018868,22.641509433962266,49.056603773584904,44.15094339622641,17.735849056603776,30.737704918032787,13.524590163934427,55.32786885245902,0.007000000000000006,1.028688524590164,1,488,0.0,,0,False,0.678688524590164,,,,0.0,0.0,0.0,0.0,,0.0,2026-05-12,2026-09-12,106.0,110.0,110.0,0.0,593.0,0.964,47.0,1.0,0.15,,young / establishing,30.9,23.4,1.109,"22 years old, an age that jumps 17% of the time · sprint 29.4 ft/s (94th pct) · deserved 1.08/PA on contact quality, got 1.03",xwOBA 0.319 (64th) · barrels 7.3% (50th) · EV 89.5 (64th) · hard-hit 42% (67th) · K 25% (32nd) · BB 9% (56th) · chase 27% (72nd) · bat speed 70.4 mph (28th) · sprint 29.4 (94th),"{""n"":20,""b"":4,""c"":[[""Jordan Walker"",2023,21,1.03,0.83,147,0],[""Bobby Witt Jr."",2022,22,1.06,1.25,866,1],[""Wyatt Langford"",2024,23,1.09,1.07,615,0],[""Jazz Chisholm Jr."",2021,23,1.02,1.28,308,0],[""Pete Crow-Armstrong"",2024,22,1.09,1.19,767,1]]}",1.0094372660918243,1.028688524590164,0.010387702304990686,1.0094372660918243,470.0,1.0,474.0,606.0,92,87,CH,candidate,,0.678688524590164,False
806068,Colt Emerson,2026,2005-07-20,SS,L,Seattle Mariners,69,241,221,42,6,1,8,24,23,15,2,3,1,83,2,27,9,0,0,0,0,0,15,54,0,1,20.0,241.0,34.4,6.2,0.19,0.335,0.246,0.145,0.258,0.196,0.3,0.256,0.248,0.253,0.104,0.354,0.34,-0.006,0.035,0.008,86.7,14.0,36.2,5.0,31.2,97.184861884,92.601587174,69.4,38.9,53.1,73.6,34.1,53.6,41.1,46.1,22.7,22.7,8.5,7.2,72.5,5.0,15.7,26.4,10.1,55.3,-13.0,27.0,4.37,9.0,12.0,21.0,141.0,71.2,63.9,colt emerson,SEA,Colt Emerson,SEA,"3B,SS",429.3,250.0,435.0,432.0,180.0,20.9,2.608695652173913,0.7468879668049793,356,3B/SS,SS,False,250.0,252.0,2.9462393912788998,-72.0,-0.3375437391049867,-106.0,False,False,283,False,31.378851871594634,6.100653805717153,0.6261367737818125,5.210357548906407,23.45824202954144,23.621243329566767,173.69548535910823,0.7207281550170466,6.304514640891767,0.026159811787932696,473.0,-293.0,"{'C': 415, 'SS': 586, '2B': 586, '3B': 569, '1B': 598, 'OF': 519, 'UT': 473}",0.7468879668049793,0.23236514522821577,-8.886509975176043,,,,,,7.468879668049792,19.91701244813278,37.344398340248965,-0.008000000000000007,0.7468879668049793,1,241,0.0,,0,False,0.3968879668049793,,,,44.0,1.0,44.0,0.0,Left wrist tendon inflammation,44.0,2026-05-17,2026-08-13,69.0,81.0,75.0,6.0,479.0,0.92,52.0,1.0,0.15,,young / establishing,48.3,5.7,0.827,"21 years old, an age that jumps 20% of the time · sprint 27.0 ft/s (37th pct) · got 0.75/PA but deserved 0.72",xwOBA 0.248 (3rd) · barrels 5.0% (29th) · EV 86.7 (20th) · hard-hit 31% (18th) · K 34% (3rd) · BB 6% (24th) · chase 39% (10th) · bat speed 72.5 mph (58th) · sprint 27.0 (36th),"{""n"":20,""b"":2,""c"":[[""Max Muncy"",2025,23,0.76,0.88,250,0],[""Jackson Holliday"",2024,21,0.83,0.91,590,1],[""Carson Williams"",2025,22,0.77,0.65,26,0],[""Kyle Karros"",2025,23,0.72,0.96,450,0],[""Brayan Rocchio"",2023,22,0.73,0.81,356,0]]}",0.8509411255383821,0.7468879668049793,0.00931160134854931,0.8509411255383821,352.0,0.965,300.0,511.0,244,422,FA,candidate,,0.3968879668049793,False
806146,George Lombard Jr.,2026,2005-06-02,SS,R,New York Yankees,42,166,152,36,4,1,7,23,22,10,1,2,1,44,2,24,9,0,0,0,0,0,0,42,0,0,21.0,166.0,26.5,6.0,0.237,0.414,0.285,0.177,0.282,0.24,0.388,0.304,0.298,0.29,0.148,0.385,0.378,-0.003,0.026,0.006,87.1,8.5,33.3,8.2,35.1,99.125989074,93.611228241,66.2,27.2,54.5,82.5,25.6,46.8,36.9,49.5,24.3,20.7,5.4,7.4,72.4,7.6,20.8,26.5,10.2,55.0,-3.0,29.3,4.23,9.0,15.0,12.0,111.0,77.8,62.0,george lombard,NYY,George Lombard,NYY,"2B,3B,SS",684.0,290.0,886.0,,152.0,21.1,3.619047619047619,0.9156626506024096,385,SS,SS,False,290.0,171.72,2.5,-19.72,1.119047619047619,-95.0,False,False,339,False,24.886191309381122,5.8211070614030955,0.6432119490504368,5.129489680165344,20.75942282032236,17.56850492722041,141.78392774754275,0.8541200466719443,10.216072252457252,0.06154260393046529,473.0,-321.0,"{'C': 415, 'SS': 586, '2B': 586, '3B': 569, '1B': 598, 'OF': 519, 'UT': 473}",0.9156626506024096,0.4578313253012048,-8.318077104607099,,,,,,7.228915662650603,25.301204819277107,36.144578313253014,-0.006000000000000005,,0,166,,,0,False,0.5656626506024096,,,,0.0,0.0,0.0,0.0,,0.0,2026-08-04,2026-09-12,31.0,35.0,35.0,0.0,507.0,0.886,132.0,1.0,0.87,14.0,top-100 prospect,79.5,4.3,0.43,"21 years old, an age that jumps 20% of the time · sprint 29.3 ft/s (93rd pct) · avg EV 87.1 (27th pct)",xwOBA 0.298 (39th) · barrels 8.2% (58th) · EV 87.1 (25th) · hard-hit 35% (33rd) · K 26% (25th) · BB 6% (21st) · chase 27% (70th) · bat speed 72.4 mph (56th) · sprint 29.3 (93rd),"{""n"":20,""b"":3,""c"":[[""Evan Carter"",2024,22,0.9,1.15,252,0],[""Jo Adell"",2021,22,1.05,0.85,241,0],[""Andr\u00e9s Gim\u00e9nez"",2021,23,0.9,1.11,620,1],[""Rodolfo Castro"",2022,23,0.88,0.72,184,0],[""Liover Peguero"",2023,22,0.91,0.6,6,0]]}",0.9245251194718883,0.9156626506024096,0.00931160134854931,0.9245251194718883,335.0,1.0,310.0,555.0,233,269,THALER,candidate,,0.5656626506024096,False
806198,Cooper Pratt,2026,2004-08-18,SS,R,Milwaukee Brewers,73,262,224,63,7,2,3,33,34,26,2,19,3,46,7,51,4,0,0,0,0,0,0,73,0,0,21.0,262.0,17.6,9.9,0.281,0.371,0.351,0.09,0.33,0.265,0.362,0.321,0.316,0.342,0.097,0.344,0.338,0.016,0.009,0.005,87.2,9.1,40.4,3.2,27.7,96.649511444,92.378917989,62.8,29.4,60.7,87.3,21.2,46.1,33.0,48.4,21.3,28.2,2.1,7.0,69.9,8.0,26.6,8.7,6.6,40.0,4.0,28.9,4.42,9.0,24.0,30.0,188.0,76.3,59.2,cooper pratt,MIL,,,,,,,,294.0,21.9,4.027397260273973,1.1221374045801527,266,SS,SS,True,339.0,171.72,2.3941801142166454,122.28,1.6332171460573273,73.0,False,False,250,False,47.32719724165189,6.735720678769978,0.8989669175043815,4.398115162073754,33.16879775795488,24.106392854582577,278.72319061253745,1.063828971803578,15.27680938746255,0.058308432776574604,473.0,-179.0,"{'C': 415, 'SS': 586, '2B': 586, '3B': 569, '1B': 598, 'OF': 519, 'UT': 473}",1.1221374045801527,0.5687022900763359,-5.1811520935619315,,,,,,43.51145038167939,6.870229007633588,59.541984732824424,-0.0050000000000000044,1.1221374045801527,1,262,0.0,,0,False,0.7721374045801527,,,,10.0,1.0,10.0,0.0,Right hamstring strain,10.0,2026-06-16,2026-09-12,63.0,81.0,71.0,10.0,481.0,0.887,82.0,1.0,0.15,,young / establishing,50.8,4.3,1.202,"22 years old, an age that jumps 17% of the time · sprint 28.9 ft/s (88th pct) · avg EV 87.2 (29th pct)",xwOBA 0.316 (61st) · barrels 3.2% (13th) · EV 87.2 (27th) · hard-hit 28% (9th) · K 18% (79th) · BB 10% (66th) · chase 29% (57th) · bat speed 69.9 mph (23rd) · sprint 28.9 (87th),"{""n"":20,""b"":1,""c"":[[""Evan Carter"",2025,23,1.15,0.87,394,0],[""Daylen Lile"",2025,23,1.14,1.03,673,0],[""Luke Keaschall"",2025,23,1.2,1.03,632,0],[""Wander Franco"",2021,20,1.06,0.99,342,0],[""Gabriel Moreno"",2023,23,1.08,1.03,363,0]]}",1.0145818201951746,1.1221374045801527,0.010387702304990686,1.0145818201951746,351.0,0.992,356.0,609.0,189,79,CH,candidate,,0.7721374045801527,False
806367,Turner Hill,2026,1999-04-04,OF,L,San Francisco Giants,33,122,103,23,7,0,1,13,16,13,2,2,1,20,4,15,3,0,2,0,0,0,0,0,31,2,27.0,122.0,16.4,10.7,0.223,0.32,0.311,0.097,0.256,0.249,0.371,0.285,0.318,0.338,0.123,0.279,0.325,-0.026,-0.051,-0.033,87.7,14.5,32.2,4.6,31.0,96.391401163,92.201363023,58.7,19.5,71.7,91.7,13.1,39.5,44.8,41.4,28.7,25.3,4.6,6.4,65.4,7.9,39.6,0.6,9.6,59.6,-3.0,28.4,4.23,5.0,9.0,9.0,87.0,65.8,60.7,turner hill,SF,,,,,,,,107.0,27.2,3.242424242424242,0.8770491803278688,428,OF,OF,True,339.0,171.72,2.3941801142166454,-64.72,0.8482441282075968,-89.0,False,False,339,False,18.3987691922205,4.395531452094023,0.2846295191504593,2.5680698365350194,15.050749928266544,12.20925433000244,113.22300425826899,0.9280574119530245,-6.223004258268986,-0.051008231625155664,473.0,-366.0,"{'C': 415, 'SS': 586, '2B': 586, '3B': 569, '1B': 598, 'OF': 519, 'UT': 473}",0.8770491803278688,0.4672131147540984,-9.999601769406038,,,,,,9.836065573770492,4.918032786885246,63.93442622950819,0.03300000000000003,,0,122,,,0,False,0.5270491803278688,,,,0.0,0.0,0.0,0.0,,0.0,2026-08-15,2026-09-12,23.0,27.0,27.0,0.0,475.0,0.852,143.0,1.0,0.15,,rookie,38.3,3.2,0.43,"deserved 0.93/PA on contact quality, got 0.88 · sprint 28.4 ft/s (77th pct) · 27 years old, an age that jumps 3% of the time",xwOBA 0.318 (63rd) · barrels 4.6% (25th) · EV 87.7 (35th) · hard-hit 31% (18th) · K 16% (84th) · BB 11% (77th) · chase 20% (98th) · bat speed 65.4 mph (1st) · sprint 28.4 (76th),"{""n"":20,""b"":0,""c"":[[""Miguel Andujar"",2021,26,0.87,0.85,119,0],[""Nick Sogard"",2025,28,0.89,0.84,228,0],[""Christian Koss"",2025,27,0.92,0.76,164,0],[""Pablo Reyes"",2021,28,0.95,0.56,9,0],[""Nick Solak"",2022,28,0.92,NaN,1,0]]}",0.9929073333258964,0.8770491803278688,-0.01697502965936144,0.9929073333258964,213.0,1.0,211.0,596.0,358,108,FA,candidate,,0.5270491803278688,False
807712,Luke Keaschall,2026,2002-08-15,2B,R,Minnesota Twins,151,615,526,149,28,4,10,83,52,57,22,20,7,87,8,107,8,0,1,0,0,76,0,0,80,0,23.0,615.0,14.1,9.3,0.283,0.409,0.372,0.126,0.318,0.251,0.369,0.347,0.32,0.344,0.118,0.352,0.315,0.032,0.04,0.027,85.4,17.9,35.2,3.8,29.2,96.610734706,92.309919864,63.5,22.9,64.6,89.9,17.0,42.8,39.0,37.0,29.6,24.5,8.9,6.7,69.1,6.9,28.0,9.5,10.4,49.8,18.0,28.8,4.25,20.0,53.0,73.0,449.0,72.6,58.6,luke keaschall,MIN,Luke Keaschall,MIN,"2B,CF,RF",112.6,74.0,118.0,101.0,632.0,23.9,4.185430463576159,1.0276422764227642,56,2B/OF,2B/OF,False,74.0,556.8852459016393,4.003049236131642,75.11475409836066,0.1823812274445169,18.0,False,False,40,False,95.64537738302302,22.231467706562988,2.610932437805006,11.538222472609002,77.93574183049493,59.85983285241518,596.9155746829101,0.9705944303787156,35.08442531708988,0.057047846044048556,473.0,159.0,"{'C': 415, 'SS': 586, '2B': 586, '3B': 569, '1B': 598, 'OF': 519, 'UT': 473}",1.0276422764227642,0.5528455284552846,0.518506710771654,66.41509433962264,70.56603773584905,75.09433962264151,-4.15094339622641,-8.679245283018872,19.512195121951223,9.756097560975611,55.609756097560975,-0.02699999999999997,1.2028985507246377,2,822,-0.17525627430187352,1.2028985507246377,1,False,-0.17525627430187352,0.09999999999999964,-1.4000000000000004,2.0,0.0,0.0,104.0,0.0,,62.4,2026-03-26,2026-09-12,139.0,148.0,148.0,0.0,565.0,0.939,0.0,0.0,0.15,,young / establishing,27.9,11.7,1.283,"615 PA, already has the job · 24 years old, an age that jumps 8% of the time · sprint 28.8 ft/s (85th pct) · bat speed up 2.0 mph",xwOBA 0.320 (65th) · barrels 3.8% (17th) · EV 85.4 (7th) · hard-hit 29% (13th) · K 14% (91st) · BB 9% (58th) · chase 23% (90th) · bat speed 69.1 mph (15th) · sprint 28.8 (84th),"{""n"":20,""b"":1,""c"":[[""Xavier Edwards"",2025,26,0.97,0.96,574,0],[""Andr\u00e9s Gim\u00e9nez"",2023,25,1.03,0.94,594,0],[""Sal Frelick"",2025,25,1.07,0.84,319,0],[""CJ Abrams"",2024,24,1.07,1.06,674,0],[""Steven Kwan"",2022,25,1.05,0.98,706,0]]}",1.0313445073933538,1.0570887445887445,-0.012246653109530594,1.0313445073933538,581.0,0.95,599.0,619.0,41,48,Dpf,candidate,1.2028985507246377,-0.17525627430187352,False
807713,Matt Shaw,2026,2001-11-06,OF,R,Chicago Cubs,76,199,171,41,9,3,5,25,24,20,3,4,2,35,2,24,1,0,1,0,2,13,8,0,35,16,24.0,199.0,17.6,10.1,0.24,0.415,0.327,0.175,0.271,0.228,0.351,0.326,0.3,0.317,0.122,0.346,0.308,0.012,0.064,0.026,86.9,16.3,30.5,4.3,34.8,97.683329706,92.879891259,60.5,32.6,67.9,87.4,20.1,45.6,31.2,40.4,27.7,22.0,9.9,7.1,69.6,8.4,26.9,7.5,10.5,62.3,1.0,29.1,4.31,11.0,15.0,15.0,141.0,67.9,55.8,matt shaw,CHC,Matt Shaw,CHC,"2B,3B,RF,DH",292.8,178.0,259.0,313.0,197.0,24.6,2.5921052631578947,0.9899497487437185,342,2B/3B/OF,OF,False,178.0,375.06451612903226,3.180509813450934,-178.06451612903226,-0.5884045502930393,-164.0,False,False,279,True,27.542793086820122,6.246382884134089,0.980854971271458,4.21796905777433,24.592815177283594,19.351021229191016,178.7818364064746,0.8984011879722342,18.21816359352539,0.09154856077148432,473.0,-276.0,"{'C': 415, 'SS': 586, '2B': 586, '3B': 569, '1B': 598, 'OF': 519, 'UT': 473}",0.9899497487437185,0.5477386934673367,-8.105190524495988,,,,,,12.06030150753769,15.075376884422111,60.301507537688444,-0.026000000000000023,,1,636,,0.9816933638443935,1,False,0.008256384899325009,-3.8999999999999986,-2.7,0.0,78.0,2.0,78.0,0.0,left-hand sprain,78.0,2026-03-26,2026-09-12,69.0,152.0,84.0,68.0,314.0,0.821,0.0,0.0,0.15,,young / establishing,27.6,2.3,1.07,"25 years old, an age that jumps 5% of the time · sprint 29.1 ft/s (90th pct) · 636 career PA, still new",xwOBA 0.300 (40th) · barrels 4.3% (23rd) · EV 86.9 (23rd) · hard-hit 35% (31st) · K 18% (79th) · BB 10% (67th) · chase 33% (36th) · bat speed 69.6 mph (19th) · sprint 29.1 (90th),"{""n"":20,""b"":2,""c"":[[""Edward Olivares"",2021,25,0.96,0.98,170,0],[""Lars Nootbaar"",2021,24,1.01,1.06,367,0],[""Francisco Mej\u00eda"",2021,26,0.99,0.91,272,0],[""Christian Arroyo"",2021,26,1.0,0.98,294,0],[""Thairo Estrada"",2021,25,1.08,1.03,555,1]]}",0.9705342356765064,0.9852558542931483,-0.01249045949552797,0.9705342356765064,327.0,0.938,317.0,582.0,229,152,FA,candidate,0.9816933638443935,0.008256384899325009,False
807727,Charles McAdoo,2026,2002-03-06,2B,R,Toronto Blue Jays,35,102,94,24,4,0,2,11,12,7,0,2,0,25,1,18,0,0,0,0,10,12,7,0,4,0,24.0,102.0,24.5,6.9,0.255,0.362,0.304,0.107,0.324,0.241,0.335,0.295,0.279,0.291,0.094,0.36,0.337,0.014,0.027,0.016,85.1,14.1,27.1,4.3,25.7,96.335314286,92.167657143,66.1,33.7,70.1,82.1,22.1,49.4,24.3,41.4,22.9,25.7,10.0,7.2,73.7,6.1,18.4,36.2,6.1,41.0,-3.0,28.9,4.41,3.0,10.0,11.0,70.0,80.0,57.8,charles mcadoo,TOR,,,,,,,,94.0,24.3,2.6857142857142855,0.9215686274509803,448,2B/3B,2B,True,339.0,171.72,2.3941801142166454,-77.72,0.29153417149764005,-109.0,False,False,339,False,17.809354768189372,2.749710351812026,0.19851499180783477,1.8964198881907686,11.745244185110842,9.385217643294148,88.27446182840498,0.8654359002784802,5.725538171595019,0.056132727172500174,473.0,-379.0,"{'C': 415, 'SS': 586, '2B': 586, '3B': 569, '1B': 598, 'OF': 519, 'UT': 473}",0.9215686274509803,0.4019607843137255,-9.983601799189142,,,,,,11.76470588235294,11.76470588235294,41.1764705882353,-0.01599999999999996,,0,102,,,0,False,0.5715686274509804,,,,0.0,0.0,0.0,0.0,,0.0,2026-05-29,2026-09-11,29.0,93.0,93.0,0.0,141.0,0.312,63.0,1.0,0.15,,rookie,46.1,1.3,0.43,"24 years old, an age that jumps 8% of the time · sprint 28.9 ft/s (88th pct) · got 0.92/PA but deserved 0.87",xwOBA 0.279 (19th) · barrels 4.3% (23rd) · EV 85.1 (6th) · hard-hit 26% (6th) · K 24% (37th) · BB 7% (29th) · chase 34% (30th) · bat speed 73.7 mph (75th) · sprint 28.9 (87th),"{""n"":20,""b"":1,""c"":[[""Cole Tucker"",2021,25,0.83,0.49,31,0],[""Estevan Florial"",2023,26,0.89,0.85,94,0],[""Ezequiel Duran"",2022,23,0.86,1.0,440,0],[""Drew Gilbert"",2025,25,0.86,0.94,366,0],[""Andr\u00e9s Gim\u00e9nez"",2021,23,0.9,1.11,620,1]]}",0.8984559039165506,0.9215686274509803,-0.012246653109530594,0.8984559039165506,200.0,1.0,180.0,539.0,429,340,FA,candidate,,0.5715686274509804,False
807799,Masataka Yoshida,2026,1993-07-15,DH,L,Boston Red Sox,87,297,263,72,16,1,5,34,28,28,3,2,0,33,3,50,0,0,1,0,0,0,0,0,7,65,32.0,297.0,11.1,9.4,0.274,0.399,0.347,0.125,0.294,0.262,0.372,0.33,0.318,0.338,0.11,0.329,0.314,0.012,0.027,0.012,88.8,8.9,30.0,3.4,39.9,99.027488034,93.672635923,58.3,28.1,72.4,90.7,15.6,42.6,43.3,49.8,22.7,22.3,5.2,7.1,71.5,14.1,36.8,17.8,8.1,48.4,2.0,26.1,4.42,14.0,29.0,29.0,233.0,67.6,56.8,masataka yoshida,BOS,,,,,,,,278.0,33.0,3.1954022988505746,0.936026936026936,272,OF,UT,True,339.0,171.72,2.3941801142166454,106.28,0.8012221846339291,67.0,False,False,250,False,52.12682585141317,10.313387825785862,0.7807467941887811,5.685039528612191,32.02302022257526,30.73908446564613,268.50410468822145,0.9040542245394662,9.495895311778554,0.03197271148746983,473.0,-195.0,"{'C': 415, 'SS': 586, '2B': 586, '3B': 569, '1B': 598, 'OF': 519, 'UT': 473}",0.936026936026936,0.5521885521885522,-6.933313238454742,,,,,,4.040404040404041,10.1010101010101,56.56565656565657,-0.01200000000000001,1.05,4,1503,-0.11397306397306406,1.05,3,True,-0.11397306397306406,-0.5999999999999996,-3.1999999999999997,-0.4000000000000057,42.0,1.0,187.0,0.0,Left hamstring strain,116.7,2026-03-28,2026-08-15,87.0,131.0,125.0,6.0,354.0,0.696,2.0,0.0,0.15,,established,30.7,0.6,1.13,"avg EV 88.8 (55th pct) · 0.94/PA this year against 1.05 at his best, two steps to clear · got 0.94/PA but deserved 0.90",xwOBA 0.318 (63rd) · barrels 3.4% (15th) · EV 88.8 (53rd) · hard-hit 40% (57th) · K 11% (97th) · BB 9% (58th) · chase 28% (65th) · bat speed 71.5 mph (42nd) · sprint 26.1 (17th),"{""n"":20,""b"":0,""c"":[[""Gio Urshela"",2023,32,0.89,0.8,367,0],[""Andy Ib\u00e1\u00f1ez"",2025,32,0.9,0.31,8,0],[""Jose Trevino"",2025,33,0.88,0.85,132,0],[""Jean Segura"",2022,32,0.98,0.7,228,0],[""Joey Wendle"",2022,32,0.87,0.73,233,0]]}",0.906866081427085,0.9399597290865825,-0.04373459214881747,0.906866081427085,216.0,0.861,196.0,544.0,395,322,FA,established,1.05,-0.11397306397306406,True
808959,Munetaka Murakami,2026,2000-02-02,1B,L,Chicago White Sox,126,549,450,93,15,1,35,81,77,92,6,1,3,195,1,42,3,0,0,0,118,0,0,0,0,6,26.0,549.0,35.5,16.8,0.207,0.478,0.348,0.271,0.262,0.202,0.465,0.356,0.349,0.335,0.263,0.507,0.493,0.005,0.013,0.007,93.9,16.0,30.1,20.3,56.6,104.446589606,97.331589921,61.7,22.1,35.9,66.7,42.3,40.5,46.5,41.4,38.3,15.6,4.7,7.9,74.7,13.5,19.5,50.1,19.4,44.6,20.0,26.8,4.4,39.0,23.0,31.0,256.0,73.1,57.6,munetaka murakami,CWS,Munetaka Murakami,CWS,"1B,3B,DH",187.0,111.0,205.0,142.0,564.0,26.4,4.476190476190476,1.0273224043715847,103,1B/3B,1B,False,111.0,556.8852459016393,4.003049236131642,7.114754098360663,0.4731412400588342,8.0,False,False,54,False,35.923172681037485,22.418796739883398,1.7428884771207795,30.815142101958347,72.18026005488133,76.86959057478687,547.1998506296682,0.9967210393983027,16.800149370331837,0.03060136497328203,473.0,91.0,"{'C': 415, 'SS': 586, '2B': 586, '3B': 569, '1B': 598, 'OF': 519, 'UT': 473}",1.0273224043715847,0.4936247723132969,0.026907001022769217,66.0377358490566,47.924528301886795,70.94339622641509,18.113207547169807,-4.905660377358487,1.092896174863388,38.251366120218584,100.5464480874317,-0.007000000000000006,1.0273224043715847,1,549,0.0,,0,False,0.6773224043715848,,,,41.0,1.0,41.0,0.0,Right hamstring strain,41.0,2026-03-26,2026-09-12,113.0,150.0,113.0,37.0,649.0,1.0,0.0,0.0,0.15,,established,36.5,15.4,1.107,"avg EV 93.9 (98th pct) · 549 PA in his first season, already has the job · 26 years old, an age that jumps 4% of the time",xwOBA 0.349 (90th) · barrels 20.3% (100th) · EV 93.9 (98th) · hard-hit 57% (99th) · K 36% (2nd) · BB 17% (99th) · chase 22% (92nd) · bat speed 74.7 mph (86th) · sprint 26.8 (31st),"{""n"":20,""b"":2,""c"":[[""Bobby Dalbec"",2021,26,1.02,0.85,300,0],[""Miguel San\u00f3"",2021,28,0.97,0.39,28,0],[""Joey Gallo"",2021,28,1.06,0.85,350,0],[""Franmil Reyes"",2021,26,1.13,0.82,387,0],[""Jake Burger"",2023,27,1.05,0.96,554,0]]}",0.9790349689851318,1.0273224043715847,-0.020377176503197886,0.9790349689851318,514.0,0.967,503.0,587.0,82,126,CJF,candidate,,0.6773224043715848,False
808975,Hyeseong Kim,2026,1999-01-27,SS,L,Los Angeles Dodgers,43,131,116,30,3,1,1,16,11,12,0,5,1,31,2,25,4,0,0,0,0,16,0,27,1,0,27.0,131.0,23.7,9.2,0.259,0.328,0.323,0.069,0.337,0.261,0.341,0.293,0.304,0.333,0.08,0.341,0.358,-0.002,-0.013,-0.011,85.8,9.1,42.5,3.4,25.3,95.588878636,91.838053563,64.5,29.2,39.7,87.1,27.0,47.4,32.2,47.1,19.5,29.9,3.4,7.2,66.7,5.6,27.0,0.0,8.1,39.2,-3.0,28.8,4.09,2.0,8.0,20.0,87.0,67.6,68.7,hyeseong kim,LAD,Hyeseong Kim,LAD,"2B,SS,CF",549.7,274.0,881.0,419.0,118.0,27.4,2.744186046511628,0.9007633587786259,420,2B/SS,SS,False,274.0,216.5,2.8337463512984864,-98.5,-0.0895603047868585,-146.0,False,False,339,True,25.176973795991767,2.8450926453717855,0.3268933212811272,1.9270402373553197,15.766290996815497,11.552676725763828,120.15096772257932,0.9171829597143459,-2.150967722579324,-0.016419600935720036,473.0,-355.0,"{'C': 415, 'SS': 586, '2B': 586, '3B': 569, '1B': 598, 'OF': 519, 'UT': 473}",0.9007633587786259,0.3893129770992366,-9.52796809717874,,,,,,22.900763358778626,4.580152671755725,54.961832061068705,0.01100000000000001,,0,301,,,0,False,0.5507633587786259,-6.900000000000002,0.6999999999999997,-0.5,0.0,0.0,34.0,0.0,,20.4,2026-04-05,2026-05-27,43.0,54.0,54.0,0.0,361.0,0.796,10.0,0.0,0.15,,established,27.0,0.7,0.43,"301 career PA, still new · sprint 28.8 ft/s (85th pct) · deserved 0.92/PA on contact quality, got 0.90",xwOBA 0.304 (47th) · barrels 3.4% (15th) · EV 85.8 (11th) · hard-hit 25% (5th) · K 24% (43rd) · BB 9% (56th) · chase 29% (58th) · bat speed 66.7 mph (3rd) · sprint 28.8 (84th),"{""n"":20,""b"":0,""c"":[[""Nick Sogard"",2025,28,0.89,0.84,228,0],[""Christian Koss"",2025,27,0.92,0.76,164,0],[""Jos\u00e9 Az\u00f3car"",2024,28,0.87,1.0,21,0],[""Leo Rivas"",2024,27,0.85,1.06,118,0],[""Mauricio Dub\u00f3n"",2021,27,0.87,0.77,204,0]]}",0.8917608025432682,1.111764705882353,-0.01697502965936144,0.8917608025432682,242.0,0.984,216.0,535.0,349,354,FA,candidate,,0.5507633587786259,False
808982,Jung Hoo Lee,2026,1998-08-20,OF,L,San Francisco Giants,143,579,539,149,31,4,10,65,57,29,7,12,1,57,4,104,3,0,4,0,0,0,0,0,146,4,27.0,579.0,9.8,5.0,0.276,0.404,0.32,0.128,0.292,0.288,0.382,0.317,0.315,0.33,0.095,0.326,0.324,-0.012,0.022,0.002,87.5,11.3,36.0,2.3,31.5,96.907185726,92.569166245,64.0,31.1,74.1,93.9,12.5,47.7,37.7,43.6,22.6,29.0,4.7,7.7,68.5,8.7,35.8,3.6,4.7,40.4,0.0,27.5,4.3,24.0,46.0,79.0,486.0,68.6,62.7,jung hoo lee,SF,Jung Hoo Lee,SF,"CF,RF",249.2,153.0,282.0,226.0,566.0,27.9,3.958041958041958,0.9775474956822107,102,OF,OF,False,153.0,422.61764705882354,3.705765225084571,143.38235294117646,0.25227673295738695,51.0,True,False,54,False,124.77373405467895,19.03052267485301,2.108752486257134,9.318990784210907,66.42202599946017,56.48943942659909,561.5804654260593,0.9699144480588243,4.419534573940723,0.0076330476233863465,473.0,93.0,"{'C': 415, 'SS': 586, '2B': 586, '3B': 569, '1B': 598, 'OF': 519, 'UT': 473}",0.9775474956822107,0.5595854922279793,-1.3356036297455196,51.698113207547166,73.9622641509434,57.35849056603774,-22.26415094339623,-5.660377358490571,12.435233160621761,10.362694300518134,30.05181347150259,-0.0020000000000000018,0.9775474956822107,2,1354,0.0,0.9708265802269044,1,True,0.006720915455306287,-1.6999999999999993,-1.4000000000000004,0.20000000000000284,13.0,2.0,152.0,0.0,Groin contusion,54.699999999999996,2026-03-25,2026-09-12,136.0,152.0,145.0,7.0,566.0,0.938,0.0,0.0,0.15,,established,27.5,10.6,1.058,"579 PA, already has the job · 0.98/PA is his best rate yet, so the bar is one step up · avg EV 87.5 (34th pct)",xwOBA 0.315 (59th) · barrels 2.3% (7th) · EV 87.5 (32nd) · hard-hit 32% (19th) · K 10% (98th) · BB 5% (11th) · chase 31% (46th) · bat speed 68.5 mph (9th) · sprint 27.5 (49th),"{""n"":20,""b"":1,""c"":[[""Isiah Kiner-Falefa"",2022,27,0.92,0.94,339,0],[""Brendan Donovan"",2024,28,0.96,0.97,498,0],[""Ernie Clement"",2025,29,0.92,0.82,508,0],[""Alex Verdugo"",2023,27,0.99,0.86,533,0],[""Andrew Benintendi"",2022,28,0.99,0.91,566,0]]}",0.921305561676558,0.9670880995384307,-0.026330886137737278,0.921305561676558,463.0,0.956,427.0,553.0,122,280,GLIZZY,established,0.9708265802269044,0.006720915455306287,True
810938,Ben Williamson,2026,2000-11-05,2B,R,Tampa Bay Rays,88,284,259,62,10,1,3,32,26,22,2,8,1,54,0,48,3,0,0,0,0,63,6,22,0,1,25.0,284.0,19.0,7.7,0.239,0.32,0.304,0.081,0.292,0.247,0.326,0.282,0.287,0.312,0.079,0.308,0.313,-0.008,-0.006,-0.005,87.2,2.9,31.1,2.0,32.5,97.852945149,92.96844204,55.2,31.8,69.9,90.0,17.7,42.9,27.7,55.8,13.1,26.7,4.4,6.9,69.4,10.7,29.4,11.7,2.7,35.0,-10.0,28.1,4.5,3.0,27.0,32.0,206.0,56.0,60.9,ben williamson,TB,,,,,,,,248.0,25.6,2.8181818181818183,0.8732394366197183,293,2B/3B/SS,2B/SS,True,339.0,171.72,2.3941801142166454,76.28,0.4240017039651729,46.0,False,False,255,False,52.330034819181236,6.922940057431206,0.6220154275938916,4.098009695793669,31.759143931428493,25.435464277792185,250.60160820922067,0.8824000289057066,-2.6016082092206716,-0.009160592285988312,473.0,-225.0,"{'C': 415, 'SS': 586, '2B': 586, '3B': 569, '1B': 598, 'OF': 519, 'UT': 473}",0.8732394366197183,0.4119718309859155,-7.516911309084788,,,,,,16.901408450704224,6.338028169014084,46.478873239436616,0.0050000000000000044,0.8732394366197183,2,579,0.0,0.8169491525423729,1,False,0.056290284077345376,-2.6999999999999993,-1.2999999999999998,-0.29999999999999716,53.0,2.0,53.0,0.0,,53.0,2026-03-26,2026-08-05,83.0,122.0,108.0,14.0,372.0,0.769,0.0,0.0,0.15,,established,26.9,4.0,0.953,"0.87/PA is his best rate yet, so the bar is one step up · 26 years old, an age that jumps 4% of the time · 579 career PA, still new",xwOBA 0.287 (26th) · barrels 2.0% (5th) · EV 87.2 (27th) · hard-hit 32% (22nd) · K 19% (72nd) · BB 8% (38th) · chase 32% (40th) · bat speed 69.4 mph (19th) · sprint 28.1 (67th),"{""n"":20,""b"":1,""c"":[[""Austin Martin"",2024,25,0.94,1.04,189,0],[""Reese McGuire"",2021,26,0.87,0.92,253,0],[""Jos\u00e9 Az\u00f3car"",2022,26,0.83,1.07,109,0],[""Owen Miller"",2023,27,0.94,0.59,16,0],[""Ha-Seong Kim"",2021,26,0.83,0.91,531,1]]}",0.8899949607799607,0.8516268980477223,-0.020377176503197886,0.8899949607799607,280.0,0.958,249.0,534.0,301,358,FA,candidate,0.8169491525423729,0.056290284077345376,False
813841,Jonah Cox,2026,2001-08-04,OF,R,San Francisco Giants,61,165,147,38,4,2,4,26,16,10,0,16,4,63,0,28,1,0,0,0,0,18,0,0,52,0,24.0,165.0,38.2,6.1,0.259,0.395,0.306,0.136,0.425,0.213,0.326,0.308,0.261,0.263,0.113,0.493,0.404,0.046,0.069,0.047,88.3,11.1,35.2,5.5,35.2,98.979316842,93.737031467,71.2,33.0,48.0,69.1,37.5,52.3,22.0,50.5,22.0,24.2,3.3,6.5,68.8,5.7,19.6,5.7,9.2,49.8,-1.0,30.0,4.18,8.0,17.0,13.0,91.0,79.2,67.3,jonah cox,SF,,,,,,,,195.0,24.9,3.19672131147541,1.1818181818181819,343,OF,OF,True,339.0,171.72,2.3941801142166454,23.28,0.8025411972587646,-4.0,False,False,279,False,22.465762791943376,4.618726866331409,0.6872578915070545,3.5392524502181617,20.28540641295708,15.231881638881186,171.75028805183828,1.0409108366778077,23.249711948161718,0.14090734514037417,473.0,-278.0,"{'C': 415, 'SS': 586, '2B': 586, '3B': 569, '1B': 598, 'OF': 519, 'UT': 473}",1.1818181818181819,0.38181818181818183,-7.223599782082748,,,,,,58.18181818181818,14.545454545454545,36.36363636363637,-0.046999999999999986,,0,165,,,0,False,0.8318181818181819,,,,27.0,1.0,27.0,0.0,,27.0,2026-05-31,2026-09-12,49.0,93.0,70.0,23.0,241.0,0.7,67.0,1.0,0.15,,young / establishing,39.6,1.8,0.43,"sprint 30.0 ft/s (98th pct) · 25 years old, an age that jumps 5% of the time · only 165 PA in his first season, and a breakout needs 350 next year",xwOBA 0.261 (8th) · barrels 5.5% (33rd) · EV 88.3 (45th) · hard-hit 35% (33rd) · K 38% (1st) · BB 6% (23rd) · chase 33% (34th) · bat speed 68.8 mph (12th) · sprint 30.0 (98th),"{""n"":20,""b"":0,""c"":[[""Cade Marlowe"",2023,26,1.13,0.67,6,0],[""Garrett Mitchell"",2024,26,1.17,0.83,65,0],[""Hyeseong Kim"",2025,26,1.11,0.9,118,0],[""Brett Phillips"",2021,27,1.14,0.71,160,0],[""Tyler Fitzgerald"",2024,27,1.16,0.79,193,0]]}",0.9515565478448791,1.1818181818181819,-0.01249045949552797,0.9515565478448791,234.0,0.978,223.0,571.0,340,200,FA,candidate,,0.8318181818181819,False
814439,Ryan Waldschmidt,2026,2002-10-07,OF,R,Arizona Diamondbacks,81,284,250,64,15,2,3,30,22,22,5,7,2,85,3,44,2,0,5,0,0,0,0,0,101,2,23.0,284.0,29.9,7.7,0.256,0.368,0.325,0.112,0.37,0.236,0.356,0.309,0.297,0.31,0.12,0.402,0.382,0.02,0.012,0.012,86.6,15.8,45.6,6.5,29.8,97.453410241,92.72670512,62.2,25.0,37.4,80.7,31.7,43.6,38.0,35.7,27.5,32.7,4.1,7.0,72.4,7.7,20.4,21.8,10.5,42.4,-1.0,29.1,4.29,13.0,16.0,35.0,171.0,72.1,64.8,ryan waldschmidt,ARI,Ryan Waldschmidt,ARI,"LF,CF,RF",729.5,297.0,960.0,499.0,264.0,23.7,3.259259259259259,0.9295774647887324,284,OF,OF,False,297.0,171.72,2.3941801142166454,92.28,0.8650791450426136,13.0,False,False,250,False,41.33527481911787,10.925206472556425,1.1437625975335428,5.595756110792163,34.88403127013707,27.629849491324396,266.51388076146145,0.9384291576107797,-2.5138807614614507,-0.008851692822047341,473.0,-209.0,"{'C': 415, 'SS': 586, '2B': 586, '3B': 569, '1B': 598, 'OF': 519, 'UT': 473}",0.9295774647887324,0.30985915492957744,-7.633179742859461,,,,,,14.788732394366196,6.338028169014084,46.478873239436616,-0.01200000000000001,0.9295774647887324,1,284,0.0,,0,False,0.5795774647887324,,,,0.0,0.0,0.0,0.0,,0.0,2026-05-08,2026-09-12,79.0,114.0,114.0,0.0,366.0,0.693,43.0,1.0,0.15,,young / establishing,50.6,5.3,1.01,"24 years old, an age that jumps 8% of the time · sprint 29.1 ft/s (90th pct) · deserved 0.94/PA on contact quality, got 0.93",xwOBA 0.297 (37th) · barrels 6.5% (42nd) · EV 86.6 (18th) · hard-hit 30% (15th) · K 30% (14th) · BB 8% (38th) · chase 25% (83rd) · bat speed 72.4 mph (56th) · sprint 29.1 (90th),"{""n"":20,""b"":3,""c"":[[""Coby Mayo"",2025,24,0.86,1.01,457,0],[""Rodolfo Castro"",2022,23,0.88,0.72,184,0],[""Andr\u00e9s Gim\u00e9nez"",2021,23,0.9,1.11,620,1],[""Henry Davis"",2023,24,0.85,0.6,73,0],[""Parker Meadows"",2024,25,1.01,0.83,176,0]]}",0.9129081700707524,0.9295774647887324,-0.012246653109530594,0.9129081700707524,329.0,1.0,300.0,548.0,244,303,FA,candidate,,0.5795774647887324,False
823550,Sung-Mun Song,2026,1996-08-29,2B,L,San Diego Padres,77,150,128,25,4,0,1,21,17,18,0,13,4,30,1,20,1,0,0,0,0,34,16,20,0,1,29.0,150.0,20.0,12.0,0.195,0.25,0.293,0.055,0.245,0.185,0.271,0.252,0.254,0.279,0.086,0.252,0.254,0.01,-0.021,-0.002,87.6,17.0,26.5,3.9,28.4,97.362835417,92.705740417,62.6,23.8,61.6,84.7,21.8,43.0,40.2,43.1,26.5,16.7,13.7,7.6,72.0,8.0,25.8,15.0,7.7,60.1,-8.0,27.2,4.31,3.0,13.0,9.0,102.0,83.3,63.1,sungmun song,SD,Sung-Mun Song,SD,"2B,3B,SS",791.5,313.0,1117.0,466.0,151.0,29.8,1.9610389610389611,1.0066666666666666,386,2B/SS,2B/SS,False,313.0,171.72,2.3941801142166454,-20.72,-0.4331411531776843,-73.0,False,False,339,False,17.55673295126155,3.552658699879487,0.2564837464563692,2.314124602402591,15.39648417720973,13.49648499625174,143.26096917346146,0.9550731278230764,7.739030826538539,0.05159353884359019,473.0,-322.0,"{'C': 415, 'SS': 586, '2B': 586, '3B': 569, '1B': 598, 'OF': 519, 'UT': 473}",1.0066666666666666,0.47333333333333333,-8.732480484501458,,,,,,52.0,4.0,72.0,0.0020000000000000018,,0,150,,,0,False,0.6566666666666666,,,,22.0,1.0,22.0,0.0,Right oblique strain,22.0,2026-04-26,2026-09-12,69.0,122.0,122.0,0.0,176.0,0.566,31.0,1.0,0.15,,rookie,18.3,3.1,0.43,"sprint 27.2 ft/s (43rd pct) · avg EV 87.6 (36th pct) · already 30, an age that jumps 3% of the time",xwOBA 0.254 (5th) · barrels 3.9% (18th) · EV 87.6 (34th) · hard-hit 28% (12th) · K 20% (66th) · BB 12% (88th) · chase 24% (87th) · bat speed 72.0 mph (50th) · sprint 27.2 (42nd),"{""n"":20,""b"":1,""c"":[[""Travis Jankowski"",2021,30,0.96,0.77,49,0],[""Brandon Drury"",2021,29,0.99,1.08,612,1],[""Pablo Reyes"",2021,28,0.95,0.56,9,0],[""Andruw Monasterio"",2025,28,1.02,0.87,300,0],[""Pablo Reyes"",2023,30,1.01,0.58,37,0]]}",1.0347783663917833,1.0066666666666666,-0.035928731828200076,1.0347783663917833,202.0,0.982,209.0,621.0,361,44,FA,established,,0.6566666666666666,False
