mlbam_id,name,season,birth_date,primary_pos,bats,team,G,PA,AB,H,2B,3B,HR,R,RBI,BB,HBP,SB,CS,K,SF,1B,E,CSA,AOF,g_C,g_1B,g_2B,g_3B,g_SS,g_OF,g_DH,player_age,pa_savant,k_percent,bb_percent,batting_avg,slg_percent,on_base_percent,isolated_power,babip,xba,xslg,woba,xwoba,xobp,xiso,wobacon,xwobacon,xbadiff,xslgdiff,wobadiff,exit_velocity_avg,launch_angle_avg,sweet_spot_percent,barrel_batted_rate,hard_hit_percent,avg_best_speed,avg_hyper_speed,z_swing_percent,oz_swing_percent,oz_contact_percent,iz_contact_percent,whiff_percent,swing_percent,pull_percent,groundballs_percent,flyballs_percent,linedrives_percent,popups_percent,avg_swing_length,avg_swing_speed,blasts_swing,squared_up_swing,fast_swing_rate,attack_angle,ideal_angle_rate,swing_take_run_value,sprint_speed,hp_to_1b,b_hit_fly,b_hit_ground,b_hit_line_drive,batted_ball,meatball_swing_percent,f_strike_percent,nkey,team_abbr,adp_name,adp_team,adp_pos,adp,adp_hitter_rank,adp_nfbc,adp_fantrax,pts,age,pts_g,pts_pa,final_hitter_rank,elig,elig_next,undrafted,adp_hitter_rank_f,exp_pts,exp_pts_g,pts_over_exp,ppg_over_exp,rank_gain,beat,big_beat,produced_like_rank,bust,x1B,x2B,x3B,xHR,xR,xRBI,xLP,xLP_pa,luck_pts,luck_pa,repl_pts,LPAR,repl_levels,lp_pa,std_pa,roto_z,pct_league,pct_std_points,pct_roto,fit_vs_points,fit_vs_roto,sb_per600,hr_per600,bb_per600,xwoba_minus_woba,career_best_pa,seasons_200,career_PA,gap_to_best,prior_best_pa_x,prior_seasons_200,prior_top90_x,jump_vs_prior_x,yoy_k_change,yoy_barrel_change,yoy_bat_speed_change,il_days,il_stints,il_days_3yr,il_60,il_reasons,il_days_w,first_game,last_game,games,window_games,avail_games,il_games_in_window,pa_pace_162,g_share,days_late,late_callup,pedigree,pipeline_rank,prospect_status,PAS,BI,bi_line,bi_why,bi_skills,bi_comps,proj_rate_raw,track_rate,age_step,proj_rate,proj_PA,proj_PA_28,avail_note,durability,proj_pts,proj_pts_600,proj_rank,proj_rank_600,owner,bo_status,prior_best_pa_y,jump_vs_prior_y,prior_top90_y,pool_repl_1st,pool_repl_2nd,KSV,KSV_2nd,keep_tier,proj_sd,rank_lo,rank_hi,n_tied,kept_2026_as,team_rank
694192,Jackson Chourio,2026,2004-03-11,OF,R,Milwaukee Brewers,127,573,522,152,27,0,25,96,75,47,2,23,5,134,2,100,0,0,8,0,0,0,0,0,137,1,22.0,573.0,23.4,8.2,0.291,0.487,0.351,0.196,0.348,0.265,0.475,0.361,0.344,0.321,0.21,0.447,0.423,0.026,0.012,0.017,91.6,11.8,33.3,12.3,47.0,102.267018667,95.707575064,63.4,33.8,57.3,85.3,25.1,47.8,30.0,45.1,30.8,19.7,4.4,7.4,74.4,14.5,26.4,46.5,9.4,66.3,21.0,28.8,4.23,34.0,61.0,57.0,390.0,72.2,66.8,jackson chourio,MIL,Jackson Chourio,MIL,"LF,CF,RF",21.2,18.0,20.0,22.0,711.0,22.3,5.5984251968503935,1.2408376963350785,29,OF,OF,False,18.0,653.0434782608696,4.666666666666667,57.95652173913038,0.9317585301837266,-11.0,False,False,1,False,80.99799239791406,30.60101905637798,1.1739846935019138,25.557003852206066,79.26574119666257,71.29758439799843,670.843325594661,1.1707562401302984,40.156674405339004,0.07008145620478001,473.0,238.0,"{'C': 423, 'SS': 594, '2B': 592, '3B': 570, '1B': 601, 'OF': 526, 'UT': 473}",1.2408376963350785,0.6300174520069808,4.876643890952933,99.25093632958801,93.25842696629213,94.3820224719101,5.992509363295881,4.86891385767791,24.083769633507853,26.17801047120419,49.21465968586387,-0.017000000000000015,1.2408376963350785,3,1735,0.0,1.1605584642233857,2,True,0.08027923211169274,2.8999999999999986,2.6000000000000014,0.5,39.0,1.0,68.0,0.0,,56.4,2026-05-04,2026-09-27,127.0,131.0,130.0,1.0,714.0,0.977,39.0,1.0,0.15,,established,35.9,6.8,1.321,"22 years old, an age that jumps 18% of the time · 573 PA, already has the job · avg EV 91.6 (91st pct) · barrel rate up 2.6 pts on last year",xwOBA 0.344 (86th) · barrels 12.3% (85th) · EV 91.6 (91st) · hard-hit 47% (86th) · K 23% (46th) · BB 8% (45th) · chase 34% (30th) · bat speed 74.4 mph (83rd) · sprint 28.8 (84th),"{""n"":20,""b"":3,""c"":[[""Julio Rodr\u00edguez"",2023,22,1.23,1.06,650,0],[""Gunnar Henderson"",2024,23,1.17,1.1,715,0],[""Julio Rodr\u00edguez"",2022,22,1.23,1.23,875,0],[""Bo Bichette"",2021,23,1.19,1.06,738,0],[""Junior Caminero"",2025,22,1.12,1.09,765,0]]}",1.1382637891365417,1.1961212783392516,0.009942511913038151,1.1382637891365417,637.0,637.0,,0.955,725.0,683.0,1,6,BAMBI,established,1.1605584642233857,0.08027923211169274,True,516.0,495.0,209.0,230.0,lock,161.0,2.0,89.0,25.0,,1.0
691406,Junior Caminero,2026,2003-07-05,3B,R,Tampa Bay Rays,162,702,616,170,25,1,42,100,101,79,4,3,3,129,3,102,21,0,0,0,1,0,161,0,0,0,22.0,702.0,18.4,11.3,0.276,0.524,0.36,0.248,0.286,0.273,0.499,0.375,0.364,0.345,0.226,0.429,0.411,0.003,0.025,0.011,92.7,10.4,27.1,13.1,49.7,105.207732408,97.122382367,62.9,30.5,62.5,84.5,24.1,44.4,45.1,48.8,22.2,20.2,8.8,8.7,79.4,18.5,22.9,84.9,8.3,62.1,34.0,26.7,4.55,41.0,56.0,72.0,490.0,73.0,55.1,junior caminero,TB,Junior Caminero,TB,3B,16.6,14.0,16.0,17.0,765.0,23.0,4.722222222222222,1.0897435897435896,10,3B,3B,False,14.0,653.0434782608696,4.722222222222222,111.95652173913038,0.0,4.0,False,False,1,False,101.90561481648926,28.900889201539268,1.7693771474536901,35.592118834517784,91.50239474074434,94.55027437524095,732.6046691159853,1.0435963947521159,32.3953308840147,0.046147194991473794,473.0,292.0,"{'C': 423, 'SS': 594, '2B': 592, '3B': 570, '1B': 601, 'OF': 526, 'UT': 473}",1.0897435897435896,0.6794871794871795,6.149407596045242,83.89513108614233,98.87640449438202,97.37827715355806,-14.981273408239687,-13.483146067415731,2.5641025641025643,35.8974358974359,67.52136752136752,-0.01100000000000001,1.119448698315467,2,1568,-0.02970510857187736,1.119448698315467,1,True,-0.02970510857187736,-0.7000000000000028,-0.9000000000000004,0.9000000000000057,0.0,0.0,0.0,0.0,,0.0,2026-03-26,2026-09-27,162.0,164.0,164.0,0.0,693.0,0.988,0.0,0.0,0.15,,established,37.4,23.9,1.199,"702 PA, already has the job · 23 years old, an age that jumps 11% of the time · avg EV 92.7 (96th pct) · bat speed up 0.9 mph",xwOBA 0.364 (94th) · barrels 13.1% (91st) · EV 92.7 (96th) · hard-hit 50% (93rd) · K 18% (74th) · BB 11% (82nd) · chase 30% (49th) · bat speed 79.4 mph (100th) · sprint 26.7 (29th),"{""n"":20,""b"":2,""c"":[[""Gunnar Henderson"",2024,23,1.17,1.1,715,0],[""Bo Bichette"",2022,24,1.06,1.04,624,0],[""Rafael Devers"",2022,26,1.1,1.08,706,0],[""Bo Bichette"",2021,23,1.19,1.06,738,0],[""Rafael Devers"",2021,25,1.14,1.1,676,0]]}",1.0935984956274512,1.0902432644520008,0.009987067316739042,1.0935984956274512,631.0,631.0,,1.0,690.0,656.0,6,16,BAMBI,established,1.119448698315467,-0.02970510857187736,True,516.0,495.0,174.0,195.0,lock,160.0,3.0,101.0,42.0,,2.0
682928,CJ Abrams,2026,2000-10-03,SS,L,Washington Nationals,152,654,579,151,30,4,33,93,106,57,12,34,6,158,6,84,20,0,0,0,0,14,0,132,0,11,25.0,654.0,24.2,8.7,0.261,0.497,0.336,0.236,0.299,0.247,0.438,0.358,0.333,0.323,0.191,0.437,0.4,0.014,0.059,0.025,89.6,18.0,34.2,10.6,40.5,99.979603803,94.2347827,68.7,36.9,54.0,81.0,29.6,51.3,45.0,36.5,28.6,23.2,11.7,7.7,73.0,10.3,22.9,27.5,14.3,57.5,26.0,28.4,4.29,42.0,42.0,67.0,427.0,70.3,64.4,cj abrams,WSH,CJ Abrams,WSH,"2B,SS,DH",68.6,49.0,58.0,71.0,789.0,25.7,5.190789473684211,1.2064220183486238,6,SS,SS,False,49.0,598.2727272727273,4.308335730801607,190.72727272727275,0.8824537428826034,43.0,True,False,1,False,86.90730817080139,27.321424996055104,3.085225495485645,25.69904133765787,87.03625966621789,77.69120887142543,712.3424685376433,1.0892086674887511,76.6575314623567,0.11721335085987272,473.0,316.0,"{'C': 423, 'SS': 594, '2B': 592, '3B': 570, '1B': 601, 'OF': 526, 'UT': 473}",1.2064220183486238,0.6422018348623854,7.210400132937366,98.12734082397003,95.13108614232209,99.25093632958801,2.9962546816479403,-1.1235955056179847,31.192660550458715,30.275229357798167,52.29357798165138,-0.024999999999999967,1.2064220183486238,5,2807,0.0,1.1091205211726385,4,True,0.09730149717598535,4.5,3.0,0.5999999999999943,0.0,0.0,12.0,0.0,,7.199999999999999,2026-03-26,2026-09-27,152.0,162.0,162.0,0.0,654.0,0.938,0.0,0.0,0.15,,established,33.4,2.0,1.286,"654 PA, already has the job · 1.21/PA is his best rate yet, so the bar is one step up · 26 years old, an age that jumps 4% of the time · barrel rate up 3.0 pts on last year",xwOBA 0.333 (77th) · barrels 10.6% (76th) · EV 89.6 (66th) · hard-hit 40% (58th) · K 24% (38th) · BB 9% (51st) · chase 37% (17th) · bat speed 73.0 mph (66th) · sprint 28.4 (76th),"{""n"":20,""b"":0,""c"":[[""Ozzie Albies"",2023,26,1.16,0.96,419,0],[""Julio Rodr\u00edguez"",2025,24,1.18,1.0,651,0],[""Jeremy Pe\u00f1a"",2025,28,1.13,1.1,531,0],[""Lane Thomas"",2023,28,1.15,1.1,583,0],[""Riley Greene"",2025,25,1.07,1.06,626,0]]}",1.0731069446115693,1.1404244817374138,-0.012922554732705567,1.0731069446115693,614.0,614.0,,0.994,659.0,644.0,13,24,BAMBI,established,1.1091205211726385,0.09730149717598535,True,516.0,495.0,143.0,164.0,lock,159.0,5.0,121.0,51.0,,3.0
547180,Bryce Harper,2026,1992-10-16,1B,L,Philadelphia Phillies,162,693,577,155,32,3,29,93,87,107,1,7,6,148,8,91,5,0,1,0,109,0,0,0,43,12,33.0,693.0,21.4,15.4,0.269,0.485,0.38,0.216,0.309,0.271,0.481,0.375,0.379,0.383,0.21,0.425,0.431,-0.002,0.004,-0.004,90.0,12.8,37.5,10.3,42.8,101.134831567,94.786960576,73.1,32.4,50.0,80.7,30.7,49.9,39.4,43.5,26.1,25.9,4.6,7.3,74.1,11.2,20.3,45.4,12.0,43.3,33.0,27.2,4.47,38.0,48.0,69.0,437.0,80.0,62.1,bryce harper,PHI,Bryce Harper,PHI,"1B,RF,DH",37.6,30.0,43.0,35.0,741.0,33.7,4.574074074074074,1.0692640692640694,18,1B/OF,1B/OF,False,30.0,651.0,4.472727272727273,90.0,0.10134680134680174,12.0,False,False,1,False,93.01202547410456,32.95987496631768,2.975173645051021,27.419925914526758,94.50562965436784,88.05731264133735,742.4669422957052,1.0713808691135718,-1.4669422957051665,-0.0021167998495024154,473.0,268.0,"{'C': 423, 'SS': 594, '2B': 592, '3B': 570, '1B': 601, 'OF': 526, 'UT': 473}",1.0692640692640694,0.6147186147186147,3.4444048205642854,80.52434456928839,89.13857677902621,89.8876404494382,-8.614232209737821,-9.363295880149806,6.060606060606061,25.10822510822511,92.64069264069263,0.0040000000000000036,1.333889816360601,6,3475,-0.26462574709653164,1.333889816360601,5,True,-0.26462574709653164,0.5,-2.0,0.0,0.0,0.0,34.0,0.0,,17.099999999999998,2026-03-26,2026-09-27,162.0,163.0,163.0,0.0,689.0,0.994,0.0,0.0,0.15,,established,35.6,0.6,1.414,"693 PA, already has the job · avg EV 90.0 (75th pct) · sprint 27.2 ft/s (43rd pct)",xwOBA 0.379 (98th) · barrels 10.3% (74th) · EV 90.0 (73rd) · hard-hit 43% (71st) · K 21% (58th) · BB 15% (98th) · chase 32% (37th) · bat speed 74.1 mph (79th) · sprint 27.2 (42nd),"{""n"":20,""b"":0,""c"":[[""Freddie Freeman"",2024,35,1.08,1.11,695,0],[""Teoscar Hern\u00e1ndez"",2025,33,1.04,1.03,504,0],[""Freddie Freeman"",2025,36,1.11,0.99,651,0],[""Nick Castellanos"",2024,32,0.99,0.94,556,0],[""Christian Yelich"",2025,34,1.12,0.97,485,0]]}",1.0060032310579086,1.0841258229700075,-0.043716138561946734,1.0060032310579086,587.0,587.0,,0.937,591.0,604.0,35,90,BAMBI,established,1.333889816360601,-0.26462574709653164,True,516.0,495.0,75.0,96.0,clear keep,157.0,10.0,158.0,84.0,,4.0
686948,Drake Baldwin,2026,2001-03-28,C,L,Atlanta Braves,138,615,549,156,21,0,25,85,79,55,9,3,1,132,2,110,2,8,0,89,0,0,0,0,0,61,25.0,615.0,21.5,8.9,0.284,0.459,0.358,0.175,0.332,0.279,0.505,0.358,0.37,0.352,0.226,0.419,0.437,0.005,-0.046,-0.012,91.5,11.0,37.5,12.9,50.6,102.266130048,95.835253771,70.5,34.4,61.0,83.7,24.4,51.2,30.8,44.2,26.3,24.8,4.8,7.3,75.4,14.4,24.5,56.7,12.0,46.5,19.0,26.0,4.45,35.0,47.0,73.0,419.0,79.3,60.3,drake baldwin,ATL,Drake Baldwin,ATL,"C,DH",101.8,69.0,81.0,119.0,659.0,25.3,4.77536231884058,1.0715447154471545,42,C,C,False,69.0,560.7627118644068,4.015944775657477,98.23728813559319,0.759417543183103,27.0,True,False,1,False,90.36940074398944,31.477546307269872,1.3757051534919618,29.948347795248736,78.35853588879743,83.95986250381794,679.7343983926154,1.1052591843782364,-20.73439839261539,-0.03371446893108199,423.0,236.0,"{'C': 423, 'SS': 594, '2B': 592, '3B': 570, '1B': 601, 'OF': 526, 'UT': 473}",1.0715447154471545,0.5560975609756098,2.2881693392492943,80.89887640449437,71.91011235955057,86.51685393258427,8.988764044943807,-5.617977528089895,2.926829268292683,24.390243902439025,53.65853658536585,0.01200000000000001,1.1255605381165918,2,1061,-0.054015822669437386,1.1255605381165918,1,False,-0.054015822669437386,6.300000000000001,1.9000000000000004,0.10000000000000853,27.0,1.0,27.0,0.0,Strained right oblique muscle,27.0,2026-03-27,2026-09-26,138.0,166.0,142.0,24.0,702.0,0.972,0.0,0.0,0.15,,established,36.6,12.1,1.206,"615 PA, already has the job · avg EV 91.5 (90th pct) · 25 years old, an age that jumps 5% of the time",xwOBA 0.370 (95th) · barrels 12.9% (90th) · EV 91.5 (89th) · hard-hit 51% (95th) · K 22% (57th) · BB 9% (53rd) · chase 34% (27th) · bat speed 75.4 mph (91st) · sprint 26.0 (15th),"{""n"":20,""b"":1,""c"":[[""Pete Alonso"",2021,27,1.08,1.14,783,0],[""Austin Riley"",2022,25,1.07,1.1,787,0],[""Iv\u00e1n Herrera"",2025,25,1.09,0.94,676,0],[""Rafael Devers"",2023,27,1.08,1.08,651,0],[""Rafael Devers"",2021,25,1.14,1.1,676,0]]}",1.0420006648573996,1.0879220484930887,-0.012781966159275364,1.0420006648573996,565.0,565.0,,0.978,589.0,625.0,36,39,BAMBI,candidate,1.1255605381165918,-0.054015822669437386,False,516.0,495.0,73.0,94.0,clear keep,157.0,11.0,164.0,84.0,,5.0
673548,Seiya Suzuki,2026,1994-08-18,OF,R,Chicago Cubs,143,634,545,147,31,1,26,96,86,81,5,3,0,155,3,89,2,0,8,0,0,0,0,0,111,30,31.0,634.0,24.4,12.8,0.27,0.473,0.368,0.203,0.33,0.246,0.427,0.366,0.34,0.344,0.181,0.441,0.398,0.024,0.046,0.026,88.6,17.5,36.9,10.7,38.9,100.235200558,94.190827557,59.6,22.5,53.7,86.1,23.5,40.2,41.0,35.9,30.8,24.9,8.4,7.2,73.3,11.1,21.6,36.3,8.4,47.8,23.0,27.9,4.41,41.0,33.0,73.0,393.0,70.7,58.8,seiya suzuki,CHC,Seiya Suzuki,CHC,"LF,RF,DH",93.6,63.0,92.0,118.0,696.0,31.9,4.8671328671328675,1.0977917981072556,32,OF,OF,False,63.0,560.7627118644068,4.0375,135.2372881355932,0.8296328671328679,31.0,True,False,1,False,81.78822566321807,28.33090469191994,1.5385136265058643,22.41235601835611,81.93053100356919,74.24402009793234,631.9595511015015,0.9967816263430622,64.04044889849854,0.10101017176419336,473.0,223.0,"{'C': 423, 'SS': 594, '2B': 592, '3B': 570, '1B': 601, 'OF': 526, 'UT': 473}",1.0977917981072556,0.582018927444795,2.8637908238454193,86.14232209737828,82.39700374531836,88.01498127340824,3.7453183520599254,-1.8726591760299556,2.8391167192429023,24.605678233438486,76.65615141955837,-0.025999999999999968,1.1333333333333333,5,2899,-0.035541535226077725,1.1333333333333333,4,True,-0.035541535226077725,-0.8000000000000007,-5.900000000000002,0.0,16.0,1.0,41.0,0.0,,23.5,2026-04-10,2026-09-25,143.0,152.0,151.0,1.0,680.0,0.947,15.0,0.0,0.15,,established,33.9,0.5,1.213,"634 PA, already has the job · sprint 27.9 ft/s (61st pct) · 1.10/PA is his best rate yet, so the bar is one step up",xwOBA 0.340 (83rd) · barrels 10.7% (77th) · EV 88.6 (50th) · hard-hit 39% (52nd) · K 24% (37th) · BB 13% (91st) · chase 22% (91st) · bat speed 73.3 mph (69th) · sprint 27.9 (60th),"{""n"":20,""b"":0,""c"":[[""Eugenio Su\u00e1rez"",2024,33,1.03,1.08,709,0],[""Francisco Lindor"",2025,32,1.14,0.92,432,0],[""Taylor Ward"",2025,32,1.04,0.82,496,0],[""Lourdes Gurriel Jr."",2024,31,1.03,0.99,541,0],[""Brandon Nimmo"",2025,32,1.06,0.92,601,0]]}",0.970132068344528,1.0841596533622198,-0.03542513660797388,0.970132068344528,574.0,574.0,,0.981,557.0,582.0,50,154,BAMBI,established,1.1333333333333333,-0.035541535226077725,True,516.0,495.0,41.0,62.0,clear keep,155.0,16.0,192.0,94.0,,6.0
694671,Wyatt Langford,2026,2001-11-15,OF,R,Texas Rangers,110,471,411,98,20,2,17,64,44,55,4,15,4,107,1,59,1,0,5,0,0,0,0,0,109,9,24.0,471.0,22.7,11.7,0.238,0.421,0.333,0.183,0.281,0.231,0.387,0.333,0.319,0.327,0.156,0.38,0.358,0.007,0.034,0.014,88.6,20.3,32.5,7.9,36.4,99.42584634,93.857821902,68.3,26.2,55.3,82.7,25.3,46.5,43.0,33.1,30.5,23.3,13.1,6.9,72.8,9.6,22.9,27.2,13.7,53.0,7.0,28.2,4.36,24.0,26.0,47.0,305.0,80.2,64.9,wyatt langford,TEX,Wyatt Langford,TEX,"LF,CF,DH",44.4,33.0,40.0,44.0,492.0,24.6,4.472727272727273,1.0445859872611465,138,OF,OF,False,33.0,645.6,4.468031239230923,-153.60000000000002,0.0046960334963497274,-105.0,False,False,120,True,60.9251346222309,18.129636541204306,1.6723230508986784,14.213905785666116,59.09033525476331,51.20324387106517,477.2915791258285,1.013357917464604,14.708420874171509,0.03122806979654258,473.0,19.0,"{'C': 423, 'SS': 594, '2B': 592, '3B': 570, '1B': 601, 'OF': 526, 'UT': 473}",1.0445859872611465,0.5180467091295117,-2.4989738730136004,72.65917602996255,57.865168539325836,47.940074906367045,14.794007490636716,24.719101123595507,19.10828025477707,21.656050955414013,70.06369426751593,-0.014000000000000012,1.0897666068222622,3,1601,-0.04518061956111574,1.0897666068222622,2,True,-0.04518061956111574,-3.6999999999999993,-6.1,-0.29999999999999716,55.0,2.0,100.0,0.0,Right forearm strain; Left hamstring strain,75.39999999999999,2026-03-26,2026-09-27,110.0,162.0,112.0,50.0,681.0,0.982,0.0,0.0,0.15,,established,32.2,3.1,1.17,"25 years old, an age that jumps 5% of the time · 471 PA, already has the job · sprint 28.2 ft/s (71st pct)",xwOBA 0.319 (64th) · barrels 7.9% (55th) · EV 88.6 (50th) · hard-hit 36% (39th) · K 23% (50th) · BB 12% (85th) · chase 26% (75th) · bat speed 72.8 mph (63rd) · sprint 28.2 (70th),"{""n"":20,""b"":1,""c"":[[""Andy Pages"",2025,25,1.08,1.15,660,0],[""Lars Nootbaar"",2023,26,1.04,0.96,389,0],[""CJ Abrams"",2024,24,1.07,1.06,674,0],[""William Contreras"",2023,26,1.1,1.14,777,0],[""Cal Raleigh"",2023,27,1.06,1.09,683,0]]}",1.011009726803499,1.062328139321723,-0.012781966159275364,1.011009726803499,519.0,519.0,,0.94,525.0,607.0,68,82,BAMBI,established,1.0897666068222622,-0.04518061956111574,True,516.0,495.0,9.0,30.0,marginal,154.0,19.0,212.0,101.0,,7.0
677951,Bobby Witt Jr.,2026,2000-06-14,SS,R,Kansas City Royals,143,632,558,157,33,1,18,94,54,67,3,45,8,109,4,105,10,0,0,0,0,0,0,140,0,3,26.0,632.0,17.2,10.6,0.281,0.441,0.359,0.16,0.32,0.302,0.504,0.345,0.378,0.368,0.202,0.383,0.428,-0.021,-0.063,-0.033,92.2,16.4,37.3,11.4,50.3,103.195144375,96.21586125,67.2,33.8,57.4,86.4,24.8,48.6,31.3,36.0,26.7,28.3,9.1,7.0,73.9,15.7,27.4,41.9,5.2,45.3,15.0,30.1,4.17,25.0,56.0,76.0,453.0,77.8,61.5,bobby witt,KC,Bobby Witt Jr.,KC,SS,3.6,3.0,3.0,4.0,746.0,26.0,5.216783216783217,1.1803797468354431,16,SS,SS,False,3.0,653.0434782608696,4.789578477078477,92.95652173913038,0.4272047397047398,-13.0,False,False,1,False,104.86041589199462,38.12768577160418,1.9953807808077124,23.53251755559347,97.82064203098255,75.23746387406129,817.8061059050439,1.29399700301431,-71.80610590504386,-0.11361725617886687,473.0,273.0,"{'C': 423, 'SS': 594, '2B': 592, '3B': 570, '1B': 601, 'OF': 526, 'UT': 473}",1.1803797468354431,0.6281645569620253,4.549710290276652,96.25468164794007,92.50936329588015,93.63295880149812,3.7453183520599254,2.621722846441955,42.721518987341774,17.088607594936708,63.60759493670886,0.03300000000000003,1.3568406205923835,5,3354,-0.17646087375694042,1.3568406205923835,4,True,-0.17646087375694042,-1.0,-1.0999999999999996,-0.3999999999999915,13.0,1.0,13.0,0.0,,13.0,2026-03-27,2026-09-27,143.0,163.0,151.0,12.0,678.0,0.947,0.0,0.0,0.15,,established,36.3,4.9,1.437,"632 PA, already has the job · deserved 1.29/PA on contact quality, got 1.18 · avg EV 92.2 (94th pct)",xwOBA 0.378 (97th) · barrels 11.4% (82nd) · EV 92.2 (94th) · hard-hit 50% (94th) · K 17% (80th) · BB 11% (76th) · chase 34% (30th) · bat speed 73.9 mph (77th) · sprint 30.1 (99th),"{""n"":20,""b"":0,""c"":[[""Fernando Tatis Jr."",2025,26,1.16,1.19,838,0],[""Vladimir Guerrero Jr."",2025,26,1.06,0.88,537,0],[""Vladimir Guerrero Jr."",2024,25,1.16,1.06,723,0],[""Kyle Tucker"",2025,28,1.18,0.99,621,0],[""Julio Rodr\u00edguez"",2025,24,1.18,1.0,651,0]]}",1.2079566434682605,1.2260323016946455,-0.012922554732705567,1.2079566434682605,593.0,593.0,,0.99,716.0,725.0,2,2,BB,established,1.3568406205923835,-0.17646087375694042,True,516.0,495.0,200.0,221.0,lock,161.0,3.0,91.0,29.0,hitter,1.0
695578,James Wood,2026,2002-09-17,OF,L,Washington Nationals,135,623,513,136,30,1,30,106,77,102,4,21,4,179,4,75,7,0,5,0,0,0,0,0,112,32,23.0,623.0,28.7,16.4,0.265,0.503,0.388,0.238,0.344,0.271,0.548,0.383,0.403,0.386,0.277,0.496,0.533,-0.006,-0.045,-0.02,95.4,8.5,36.7,18.6,58.9,106.450190888,98.576997389,56.8,21.3,42.8,81.8,30.1,37.6,34.0,47.6,24.6,26.0,1.8,7.4,76.9,18.6,25.4,68.8,11.1,43.1,26.0,27.1,4.29,29.0,49.0,58.0,338.0,71.7,56.9,james wood,WSH,James Wood,WSH,"LF,RF,DH",32.6,27.0,31.0,27.0,749.0,23.8,5.548148148148148,1.202247191011236,15,OF,OF,False,27.0,652.3333333333334,4.5305836139169475,96.66666666666663,1.0175645342312007,12.0,False,False,1,False,65.76232255014509,37.79460051497459,2.091831319615535,33.37424561526478,91.78715968518829,90.46264931321218,774.3968089984005,1.243012534507866,-25.396808998400502,-0.04076534349662997,473.0,276.0,"{'C': 423, 'SS': 594, '2B': 592, '3B': 570, '1B': 601, 'OF': 526, 'UT': 473}",1.202247191011236,0.6179775280898876,4.929825902433509,97.00374531835206,91.01123595505618,95.13108614232209,5.992509363295881,1.8726591760299698,20.224719101123593,28.892455858747994,98.23434991974318,0.020000000000000018,1.202247191011236,3,1648,0.0,1.1160714285714286,2,True,0.0861757624398074,-3.400000000000002,2.200000000000003,0.9000000000000057,29.0,1.0,29.0,0.0,Left oblique strain,29.0,2026-03-26,2026-09-27,135.0,162.0,135.0,27.0,740.0,1.0,0.0,0.0,0.15,,established,37.6,20.2,1.282,"623 PA, already has the job · avg EV 95.4 (100th pct) · 24 years old, an age that jumps 8% of the time · barrel rate up 2.2 pts on last year · bat speed up 0.9 mph",xwOBA 0.403 (99th) · barrels 18.6% (99th) · EV 95.4 (100th) · hard-hit 59% (100th) · K 29% (17th) · BB 16% (99th) · chase 21% (94th) · bat speed 76.9 mph (97th) · sprint 27.1 (39th),"{""n"":20,""b"":1,""c"":[[""Yordan Alvarez"",2021,24,1.16,1.29,723,1],[""Austin Riley"",2022,25,1.07,1.1,787,0],[""Rafael Devers"",2021,25,1.14,1.1,676,0],[""Juan Soto"",2023,25,1.19,1.27,903,0],[""Yordan Alvarez"",2022,25,1.29,1.25,619,0]]}",1.117953208668733,1.157492085824833,0.00020861094211438216,1.117953208668733,632.0,632.0,,0.977,707.0,671.0,3,9,BB,established,1.1160714285714286,0.0861757624398074,True,516.0,495.0,191.0,212.0,lock,160.0,3.0,93.0,29.0,hitter,2.0
665487,Fernando Tatis Jr.,2026,1999-01-02,OF,R,San Diego Padres,159,704,626,181,32,3,25,96,83,64,7,38,13,130,6,121,7,0,3,0,0,53,0,0,120,2,27.0,704.0,18.5,9.1,0.289,0.47,0.358,0.181,0.327,0.296,0.5,0.358,0.379,0.365,0.204,0.407,0.435,-0.007,-0.03,-0.021,92.9,5.3,32.2,12.7,53.9,104.706101084,97.191219378,67.6,26.4,46.7,85.8,25.9,46.1,33.4,51.3,21.1,23.5,4.2,7.3,76.3,18.9,28.0,64.6,7.1,55.6,28.0,28.9,4.31,26.0,78.0,77.0,503.0,76.4,60.9,fernando tatis,SD,Fernando Tatis Jr.,SD,"2B,RF",13.0,10.0,13.0,14.0,838.0,27.5,5.270440251572327,1.1903409090909092,3,2B/OF,2B/OF,False,10.0,653.0434782608696,4.732905982905983,184.95652173913038,0.5375342686663442,7.0,False,False,1,False,116.97071926515643,36.967458924698455,3.336924355133761,28.02089745501134,103.07591259023926,86.43775688142821,871.8096694716673,1.2383660077722547,-33.80966947166735,-0.048025098681345524,473.0,365.0,"{'C': 423, 'SS': 594, '2B': 592, '3B': 570, '1B': 601, 'OF': 526, 'UT': 473}",1.1903409090909092,0.6321022727272727,6.95015697844162,96.62921348314607,93.63295880149812,98.87640449438202,2.9962546816479545,-2.247191011235941,32.38636363636364,21.306818181818183,54.54545454545455,0.02100000000000002,1.3626373626373627,5,3014,-0.1722964535464535,1.3626373626373627,4,True,-0.1722964535464535,-0.1999999999999993,1.6999999999999993,2.3999999999999915,0.0,0.0,70.0,0.0,,21.0,2026-03-26,2026-09-26,159.0,162.0,162.0,0.0,704.0,0.981,0.0,0.0,0.15,,established,37.3,6.3,1.443,"704 PA, already has the job · avg EV 92.9 (96th pct) · sprint 28.9 ft/s (88th pct) · bat speed up 2.4 mph",xwOBA 0.379 (98th) · barrels 12.7% (88th) · EV 92.9 (97th) · hard-hit 54% (97th) · K 18% (73rd) · BB 9% (55th) · chase 26% (74th) · bat speed 76.3 mph (95th) · sprint 28.9 (86th),"{""n"":20,""b"":0,""c"":[[""Vladimir Guerrero Jr."",2025,26,1.06,0.88,537,0],[""Vladimir Guerrero Jr."",2024,25,1.16,1.06,723,0],[""Bobby Witt Jr."",2025,25,1.23,1.18,746,0],[""Jarren Duran"",2025,29,1.09,0.94,571,0],[""Kyle Tucker"",2025,28,1.18,0.99,621,0]]}",1.1674814328766352,1.17584,-0.016977266744818423,1.1674814328766352,569.0,569.0,,0.983,664.0,700.0,11,3,BB,established,1.3626373626373627,-0.1722964535464535,True,516.0,495.0,148.0,169.0,lock,159.0,5.0,116.0,50.0,hitter,3.0
701398,Sal Stewart,2026,2003-12-07,1B,R,Cincinnati Reds,162,700,623,164,25,0,32,87,111,63,4,15,8,155,10,107,4,0,0,0,117,8,45,0,0,11,22.0,700.0,22.1,9.0,0.263,0.457,0.33,0.194,0.296,0.256,0.466,0.339,0.343,0.324,0.21,0.402,0.409,0.007,-0.009,-0.004,90.5,12.9,35.4,12.2,41.6,100.796886111,94.787875589,69.1,32.1,61.8,78.8,27.0,49.6,32.2,45.0,27.8,22.8,4.4,7.6,72.1,11.7,24.3,26.6,11.5,54.8,13.0,26.6,4.68,41.0,57.0,66.0,478.0,77.5,61.6,sal stewart,CIN,Sal Stewart,CIN,"1B,2B,3B,DH",190.0,113.0,190.0,190.0,755.0,22.6,4.660493827160494,1.0785714285714285,13,1B/3B,1B/3B,False,113.0,560.7627118644068,4.015944775657477,194.2372881355932,0.6445490515030166,100.0,True,True,1,False,94.37705067304633,31.61914986478006,1.2645482513009085,32.2272512108727,87.0218412178746,90.85593479195948,735.6837760098341,1.0509768228711915,19.316223990165895,0.027594605700236974,473.0,282.0,"{'C': 423, 'SS': 594, '2B': 592, '3B': 570, '1B': 601, 'OF': 526, 'UT': 473}",1.0785714285714285,0.58,5.327323862358618,81.64794007490637,81.27340823970037,95.88014981273409,0.37453183520599964,-14.232209737827716,12.857142857142858,27.428571428571427,54.0,0.0040000000000000036,1.0785714285714285,1,758,0.0,,0,False,0.7285714285714285,,,,0.0,0.0,0.0,0.0,,0.0,2026-03-26,2026-09-27,162.0,165.0,165.0,0.0,687.0,0.982,0.0,0.0,0.15,,young / establishing,33.6,21.2,1.159,"700 PA, already has the job · 23 years old, an age that jumps 11% of the time · avg EV 90.5 (82nd pct)",xwOBA 0.343 (85th) · barrels 12.2% (84th) · EV 90.5 (80th) · hard-hit 42% (65th) · K 22% (53rd) · BB 9% (54th) · chase 32% (39th) · bat speed 72.1 mph (52nd) · sprint 26.6 (26th),"{""n"":20,""b"":2,""c"":[[""Gunnar Henderson"",2023,22,1.08,1.17,843,1],[""Austin Riley"",2021,24,1.12,1.07,740,0],[""Tyler Soderstrom"",2025,24,1.11,1.04,471,0],[""Bo Bichette"",2021,23,1.19,1.06,738,0],[""Junior Caminero"",2025,22,1.12,1.09,765,0]]}",1.0124005363348245,1.0785714285714285,0.009987067316739042,1.0124005363348245,650.0,650.0,,1.0,658.0,607.0,15,82,BB,broke_out,,0.7285714285714285,False,516.0,495.0,142.0,163.0,lock,159.0,5.0,123.0,53.0,,4.0
677594,Julio Rodríguez,2026,2000-12-29,OF,R,Seattle Mariners,150,654,596,147,26,0,22,69,71,47,7,22,3,145,4,99,3,0,4,0,0,0,0,0,143,7,25.0,654.0,22.2,7.2,0.247,0.401,0.307,0.154,0.289,0.264,0.439,0.31,0.334,0.323,0.175,0.365,0.399,-0.017,-0.038,-0.024,90.1,12.8,31.6,8.8,43.7,102.316356211,95.508712313,68.8,38.6,57.0,85.2,26.5,52.0,39.1,42.6,25.5,24.6,7.3,7.8,76.6,13.2,21.1,67.2,8.1,50.2,-5.0,28.7,4.35,27.0,57.0,63.0,455.0,65.9,64.1,julio rodriguez,SEA,Julio Rodriguez,SEA,"CF,DH",10.0,8.0,9.0,10.0,651.0,25.5,4.34,0.9954128440366973,46,OF,OF,False,8.0,653.0434782608696,4.7875059722885815,-2.0434782608696196,-0.4475059722885817,-38.0,False,False,31,False,102.02108229629536,30.24220775669611,1.184337597721687,23.896372349286835,86.60616356835185,75.23850050038523,705.8326640687371,1.079254838025592,-54.83266406873713,-0.08384199398889469,473.0,178.0,"{'C': 423, 'SS': 594, '2B': 592, '3B': 570, '1B': 601, 'OF': 526, 'UT': 473}",0.9954128440366973,0.463302752293578,0.7076722032121086,56.92883895131086,32.958801498127336,77.15355805243446,23.970037453183522,-20.224719101123604,20.183486238532108,20.183486238532108,43.11926605504587,0.02400000000000002,1.2267857142857144,5,3251,-0.2313728702490171,1.2267857142857144,4,True,-0.2313728702490171,0.8000000000000007,-1.0,0.19999999999998863,15.0,1.0,34.0,0.0,Concussion,20.7,2026-03-26,2026-09-27,150.0,162.0,151.0,11.0,702.0,0.993,0.0,0.0,0.15,,established,36.2,3.2,1.307,"654 PA, already has the job · deserved 1.08/PA on contact quality, got 1.00 · 26 years old, an age that jumps 4% of the time",xwOBA 0.334 (78th) · barrels 8.8% (63rd) · EV 90.1 (74th) · hard-hit 44% (76th) · K 22% (52nd) · BB 7% (32nd) · chase 39% (11th) · bat speed 76.6 mph (96th) · sprint 28.7 (83rd),"{""n"":20,""b"":0,""c"":[[""Michael Harris II"",2025,24,0.97,1.12,695,0],[""Bo Bichette"",2023,25,1.04,0.78,261,0],[""Vladimir Guerrero Jr."",2025,26,1.06,0.88,537,0],[""Luis Garc\u00eda Jr."",2025,25,0.99,1.12,608,0],[""Vladimir Guerrero Jr."",2023,24,1.0,1.16,806,0]]}",1.0924799255267874,1.0671730358414433,-0.012922554732705567,1.0924799255267874,586.0,586.0,,0.983,640.0,655.0,17,17,BB,established,1.2267857142857144,-0.2313728702490171,True,516.0,495.0,124.0,145.0,lock,158.0,6.0,131.0,63.0,hitter,5.0
701762,Nick Kurtz,2026,2003-03-12,1B,L,Athletics,99,434,352,90,15,1,21,62,69,79,3,7,1,141,0,53,3,0,0,0,94,0,0,0,0,3,23.0,434.0,32.5,18.2,0.256,0.483,0.396,0.227,0.363,0.244,0.483,0.381,0.374,0.374,0.239,0.525,0.51,0.012,0.0,0.007,93.4,11.9,38.9,18.0,57.3,106.18726581,98.206808714,66.4,23.3,39.5,73.0,36.9,43.1,34.6,41.7,28.9,26.1,3.3,7.8,78.2,13.9,16.9,80.4,12.8,49.6,26.0,26.6,4.47,24.0,27.0,39.0,211.0,73.8,57.7,nick kurtz,ATH,Nick Kurtz,ATH,1B,19.2,16.0,19.0,19.0,491.0,23.3,4.959595959595959,1.131336405529954,139,1B,1B,False,16.0,653.0434782608696,4.681528662420382,-162.04347826086962,0.27806729717557754,-123.0,False,False,120,True,43.798289193086774,20.282373660506288,1.5763850997271096,20.230952046679832,58.52542409203644,58.60378570911252,473.0332098011489,1.0899382714312187,17.966790198851072,0.04139813409873527,473.0,18.0,"{'C': 423, 'SS': 594, '2B': 592, '3B': 570, '1B': 601, 'OF': 526, 'UT': 473}",1.131336405529954,0.5668202764976958,-0.9722576974367897,91.38576779026218,76.77902621722846,59.925093632958806,14.606741573033716,31.460674157303373,9.67741935483871,29.032258064516128,109.21658986175115,-0.007000000000000006,1.2658486707566463,2,923,-0.13451226522669235,1.2658486707566463,1,True,-0.13451226522669235,1.6000000000000014,-0.5,1.0,69.0,2.0,82.0,0.0,Right thumb capsule sprain,76.8,2026-03-27,2026-07-31,99.0,116.0,101.0,15.0,696.0,0.98,0.0,0.0,0.15,,young / establishing,37.5,10.2,1.346,"23 years old, an age that jumps 11% of the time · avg EV 93.4 (97th pct) · 434 PA, already has the job · bat speed up 1.0 mph",xwOBA 0.374 (96th) · barrels 18.0% (99th) · EV 93.4 (98th) · hard-hit 57% (99th) · K 32% (6th) · BB 18% (100th) · chase 23% (89th) · bat speed 78.2 mph (99th) · sprint 26.6 (26th),"{""n"":20,""b"":2,""c"":[[""Franmil Reyes"",2021,26,1.13,0.82,387,0],[""Yordan Alvarez"",2021,24,1.16,1.29,723,1],[""Christopher Morel"",2023,24,1.12,0.8,488,0],[""Matt Wallner"",2023,26,1.16,1.12,292,0],[""Matt Wallner"",2024,26,1.12,0.97,380,0]]}",1.0765466044651977,1.185592521308771,0.009987067316739042,1.0765466044651977,568.0,568.0,,0.939,611.0,646.0,28,22,BB,established,1.2658486707566463,-0.13451226522669235,True,516.0,495.0,95.0,116.0,clear keep,157.0,8.0,150.0,78.0,hitter,6.0
695600,Carter Jensen,2026,2003-07-03,C,L,Kansas City Royals,149,603,527,126,35,2,27,80,81,65,4,2,1,170,7,62,5,19,0,106,0,0,0,0,0,42,22.0,603.0,28.2,10.8,0.239,0.467,0.323,0.228,0.294,0.217,0.423,0.341,0.318,0.304,0.206,0.434,0.395,0.022,0.044,0.023,91.5,20.6,33.0,12.7,44.8,102.069247033,95.57430843,67.5,24.1,45.1,80.4,29.7,44.7,41.8,32.7,38.7,19.5,9.1,7.1,73.9,11.3,23.2,37.4,6.7,48.8,14.0,27.8,4.37,38.0,41.0,46.0,364.0,75.4,55.7,carter jensen,KC,Carter Jensen,KC,"C,DH",230.0,139.0,182.0,320.0,641.0,23.0,4.302013422818792,1.0630182421227197,52,C,C,False,139.0,425.5,3.7174234694899297,215.5,0.5845899533288623,87.0,True,True,38,False,56.13258001469138,31.971397300584634,2.174465354756586,24.080557329967398,75.441931535469,74.44828469612744,595.1702162315964,0.9870152839661632,45.82978376840356,0.07600295815655644,423.0,218.0,"{'C': 423, 'SS': 594, '2B': 592, '3B': 570, '1B': 601, 'OF': 526, 'UT': 473}",1.0630182421227197,0.5041459369817579,0.3494662568754211,77.52808988764045,51.31086142322098,73.78277153558052,26.21722846441947,3.7453183520599254,1.9900497512437811,26.865671641791042,64.67661691542288,-0.02300000000000002,1.0630182421227197,1,672,0.0,,0,False,0.7130182421227197,,,,0.0,0.0,0.0,0.0,,0.0,2026-03-27,2026-09-26,149.0,163.0,163.0,0.0,599.0,0.914,0.0,0.0,0.15,,young / establishing,34.5,12.8,1.143,"603 PA, already has the job · 23 years old, an age that jumps 11% of the time · avg EV 91.5 (90th pct)",xwOBA 0.318 (63rd) · barrels 12.7% (88th) · EV 91.5 (89th) · hard-hit 45% (80th) · K 28% (19th) · BB 11% (78th) · chase 24% (86th) · bat speed 73.9 mph (77th) · sprint 27.8 (57th),"{""n"":20,""b"":1,""c"":[[""Gunnar Henderson"",2023,22,1.08,1.17,843,1],[""Ryan Mountcastle"",2021,24,1.06,0.94,575,0],[""Colton Cowser"",2024,24,1.04,0.96,347,0],[""Jazz Chisholm Jr."",2021,23,1.02,1.28,308,0],[""Wilyer Abreu"",2024,25,1.07,1.09,456,0]]}",1.0236719245763293,1.0630182421227197,0.009987067316739042,1.0236719245763293,579.0,579.0,,1.0,593.0,614.0,32,66,BB,broke_out,,0.7130182421227197,False,516.0,495.0,77.0,98.0,clear keep,157.0,11.0,166.0,83.0,,7.0
701538,Jackson Merrill,2026,2003-04-19,OF,L,San Diego Padres,158,664,613,156,26,5,26,86,87,41,3,27,4,160,3,99,3,0,11,0,0,0,0,0,156,1,23.0,664.0,24.1,6.2,0.254,0.44,0.303,0.186,0.302,0.27,0.491,0.32,0.347,0.315,0.221,0.4,0.438,-0.016,-0.051,-0.027,91.5,14.3,39.8,12.4,48.7,101.402458194,95.327540397,77.9,37.6,56.3,81.6,27.6,56.1,38.0,37.0,29.8,27.8,5.4,7.5,73.4,12.1,22.9,31.7,9.3,46.7,3.0,29.0,4.23,39.0,41.0,76.0,460.0,87.2,65.2,jackson merrill,SD,Jackson Merrill,SD,CF,65.6,47.0,65.0,66.0,743.0,23.2,4.7025316455696204,1.1189759036144578,17,OF,OF,False,47.0,598.2727272727273,4.308335730801607,144.72727272727275,0.3941959147680132,30.0,True,False,1,False,95.57670336848413,34.681937810194576,4.9630142741584935,30.28834454716282,93.30488540804869,84.5364487902212,788.33433419827,1.1872505033106475,-45.33433419826997,-0.06827459969618976,473.0,270.0,"{'C': 423, 'SS': 594, '2B': 592, '3B': 570, '1B': 601, 'OF': 526, 'UT': 473}",1.1189759036144578,0.5286144578313253,3.9537986371499287,89.8876404494382,60.2996254681648,92.50936329588015,29.588014981273396,-2.621722846441955,24.397590361445783,23.49397590361446,37.04819277108434,0.02699999999999997,1.1753794266441822,3,1740,-0.0564035230297244,1.1753794266441822,2,True,-0.0564035230297244,1.7000000000000028,-0.5999999999999996,1.5,0.0,0.0,37.0,0.0,,22.2,2026-03-26,2026-09-26,158.0,162.0,162.0,0.0,664.0,0.975,0.0,0.0,0.15,,established,34.9,19.3,1.255,"664 PA, already has the job · 23 years old, an age that jumps 11% of the time · deserved 1.19/PA on contact quality, got 1.12 · bat speed up 1.5 mph",xwOBA 0.347 (88th) · barrels 12.4% (86th) · EV 91.5 (89th) · hard-hit 49% (91st) · K 24% (39th) · BB 6% (23rd) · chase 38% (14th) · bat speed 73.4 mph (70th) · sprint 29.0 (89th),"{""n"":20,""b"":4,""c"":[[""Gunnar Henderson"",2024,23,1.17,1.1,715,0],[""Julio Rodr\u00edguez"",2025,24,1.18,1.0,651,0],[""Michael Harris II"",2023,22,1.16,0.99,463,0],[""Austin Riley"",2022,25,1.07,1.1,787,0],[""Zach Neto"",2025,24,1.13,1.04,735,0]]}",1.113589879489481,1.1063886188919323,0.009987067316739042,1.113589879489481,627.0,627.0,,0.982,698.0,668.0,4,11,CH,established,1.1753794266441822,-0.0564035230297244,True,516.0,495.0,182.0,203.0,lock,160.0,3.0,97.0,40.0,,1.0
668930,Brice Turang,2026,1999-11-21,2B,L,Milwaukee Brewers,151,680,582,156,37,3,21,102,100,90,1,19,5,171,2,95,6,0,0,0,0,151,0,4,0,0,26.0,680.0,25.1,13.2,0.268,0.45,0.366,0.182,0.344,0.255,0.428,0.358,0.344,0.353,0.173,0.434,0.411,0.013,0.022,0.014,90.3,8.8,38.5,7.7,41.6,100.345718473,94.59448968,62.4,24.8,62.4,82.9,23.1,43.2,29.2,46.9,22.5,28.7,1.9,6.8,70.1,10.9,25.2,11.2,8.5,48.8,24.0,28.5,4.29,29.0,49.0,78.0,418.0,68.7,60.3,brice turang,MIL,Brice Turang,MIL,2B,44.8,34.0,50.0,40.0,762.0,26.6,5.046357615894039,1.1205882352941177,11,2B,2B,False,34.0,645.6,4.468031239230923,116.39999999999998,0.5783263766631164,23.0,False,False,1,False,91.8844251377363,33.078708361164836,2.7333078644614397,20.713558636637423,91.37327834836128,76.93990658076471,707.819184929126,1.0409105660722442,54.18081507087402,0.07967766922187347,473.0,289.0,"{'C': 423, 'SS': 594, '2B': 592, '3B': 570, '1B': 601, 'OF': 526, 'UT': 473}",1.1205882352941177,0.5911764705882353,4.955020183712843,91.01123595505618,83.52059925093633,95.50561797752809,7.490636704119851,-4.49438202247191,16.764705882352942,18.529411764705884,79.41176470588235,-0.014000000000000012,1.1205882352941177,4,2406,0.0,1.1077389984825494,3,True,0.012849236811568243,2.3000000000000007,-0.2999999999999998,-0.5,0.0,0.0,0.0,0.0,,0.0,2026-03-26,2026-09-27,151.0,165.0,165.0,0.0,668.0,0.915,0.0,0.0,0.15,,established,31.9,2.6,1.201,"680 PA, already has the job · 1.12/PA is his best rate yet, so the bar is one step up · avg EV 90.3 (79th pct)",xwOBA 0.344 (86th) · barrels 7.7% (53rd) · EV 90.3 (77th) · hard-hit 42% (65th) · K 25% (33rd) · BB 13% (93rd) · chase 25% (83rd) · bat speed 70.1 mph (25th) · sprint 28.5 (78th),"{""n"":20,""b"":1,""c"":[[""Austin Riley"",2023,26,1.1,0.97,456,0],[""Shea Langeliers"",2025,28,1.19,1.09,510,0],[""Randy Arozarena"",2022,27,1.13,1.12,732,0],[""CJ Abrams"",2025,25,1.06,1.21,789,1],[""Julio Rodr\u00edguez"",2025,24,1.18,1.0,651,0]]}",1.0213955041033036,1.108793910078503,-0.020388161675196873,1.0213955041033036,601.0,601.0,,1.0,614.0,613.0,26,70,CH,established,1.1077389984825494,0.012849236811568243,True,516.0,495.0,98.0,119.0,clear keep,157.0,8.0,156.0,75.0,,2.0
695506,Jac Caglianone,2026,2003-02-09,OF,L,Kansas City Royals,143,553,512,148,32,2,23,72,75,33,7,7,2,144,1,91,5,0,7,0,39,0,0,0,95,12,23.0,553.0,26.0,6.0,0.289,0.494,0.34,0.205,0.361,0.283,0.5,0.36,0.357,0.331,0.217,0.465,0.462,0.006,-0.006,0.003,93.3,7.7,33.9,13.0,54.7,105.528979243,97.619020786,73.0,39.6,52.4,82.9,29.4,54.6,46.1,45.8,22.8,28.7,2.7,7.9,77.0,17.4,23.5,72.8,9.1,43.8,25.0,27.0,4.43,24.0,47.0,77.0,369.0,80.0,65.3,jac caglianone,KC,Jac Caglianone,KC,"1B,RF,DH",177.8,105.0,195.0,157.0,618.0,23.4,4.321678321678322,1.1175406871609403,68,1B/OF,1B/OF,False,105.0,560.7627118644068,4.015944775657477,57.23728813559319,0.30573354602084457,37.0,False,False,41,False,84.65714641983058,33.60029868773757,2.411963365033078,24.226591527398753,71.60563113781126,73.0225336348928,615.524164772704,1.1130635891007306,2.4758352272959883,0.004477098060209794,473.0,145.0,"{'C': 423, 'SS': 594, '2B': 592, '3B': 570, '1B': 601, 'OF': 526, 'UT': 473}",1.1175406871609403,0.5352622061482821,1.5268450541542526,89.51310861423221,64.04494382022472,83.52059925093633,25.468164794007492,5.992509363295881,7.594936708860759,24.95479204339964,35.80470162748644,-0.0030000000000000027,1.1175406871609403,2,785,0.0,0.6767241379310345,1,False,0.4408165492299059,3.6000000000000014,1.0,-0.4000000000000057,0.0,0.0,36.0,0.0,,21.599999999999998,2026-03-27,2026-09-27,143.0,163.0,163.0,0.0,550.0,0.877,0.0,0.0,0.15,,young / establishing,37.3,16.0,1.198,"23 years old, an age that jumps 11% of the time · 553 PA, already has the job · avg EV 93.3 (97th pct)",xwOBA 0.357 (93rd) · barrels 13.0% (90th) · EV 93.3 (97th) · hard-hit 55% (98th) · K 26% (28th) · BB 6% (21st) · chase 40% (8th) · bat speed 77.0 mph (97th) · sprint 27.0 (36th),"{""n"":20,""b"":2,""c"":[[""Tyler Soderstrom"",2025,24,1.11,1.04,471,0],[""Nolan Gorman"",2023,23,1.07,0.88,355,0],[""Riley Greene"",2024,24,1.06,1.07,704,0],[""Mark Vientos"",2024,25,1.06,0.88,409,0],[""Christopher Morel"",2023,24,1.12,0.8,488,0]]}",1.052072391212944,1.0288933834151979,0.009987067316739042,1.052072391212944,555.0,555.0,,0.983,584.0,631.0,42,32,CH,broke_out,0.6767241379310345,0.4408165492299059,False,516.0,495.0,68.0,89.0,clear keep,156.0,11.0,175.0,86.0,,3.0
682985,Riley Greene,2026,2000-09-28,OF,L,Detroit Tigers,140,592,511,143,32,2,21,79,75,71,5,3,1,157,5,88,2,0,2,0,0,0,0,0,124,17,25.0,592.0,26.5,12.0,0.28,0.474,0.37,0.194,0.361,0.262,0.497,0.366,0.369,0.353,0.235,0.459,0.465,0.018,-0.023,-0.003,89.9,17.7,39.8,14.8,46.0,102.260968,95.510780139,68.9,26.0,44.2,81.2,29.9,46.1,38.7,35.7,34.0,25.9,4.5,7.3,75.7,11.5,19.5,59.0,15.7,42.5,23.0,26.6,4.73,36.0,37.0,69.0,359.0,80.3,60.8,riley greene,DET,Riley Greene,DET,"LF,CF,RF,DH",62.8,44.0,71.0,60.0,626.0,25.8,4.4714285714285715,1.0574324324324325,64,OF,OF,False,44.0,598.2727272727273,4.468031239230923,27.727272727272748,0.003397332197648595,-20.0,False,False,41,False,67.90349288050275,37.576562948060854,2.697395462370064,25.704548709066337,77.81877666683218,80.3451756072384,633.0129522740706,1.069278635598092,-7.012952274070585,-0.011846203165659652,473.0,153.0,"{'C': 423, 'SS': 594, '2B': 592, '3B': 570, '1B': 601, 'OF': 526, 'UT': 473}",1.0574324324324325,0.5287162162162162,0.9845124367015767,76.40449438202246,60.67415730337079,80.14981273408239,15.730337078651672,-3.7453183520599254,3.040540540540541,21.283783783783782,71.95945945945945,0.0030000000000000027,1.0748091603053436,5,2665,-0.017376727872911113,1.0748091603053436,4,True,-0.017376727872911113,-4.199999999999999,-2.3000000000000007,0.10000000000000853,20.0,1.0,43.0,0.0,Right hamstring strain,26.9,2026-03-26,2026-09-27,140.0,164.0,145.0,19.0,661.0,0.966,0.0,0.0,0.15,,established,36.7,4.2,1.155,"592 PA, already has the job · 26 years old, an age that jumps 4% of the time · avg EV 89.9 (73rd pct)",xwOBA 0.369 (95th) · barrels 14.8% (95th) · EV 89.9 (71st) · hard-hit 46% (84th) · K 26% (25th) · BB 12% (87th) · chase 26% (77th) · bat speed 75.7 mph (93rd) · sprint 26.6 (26th),"{""n"":20,""b"":2,""c"":[[""Austin Riley"",2023,26,1.1,0.97,456,0],[""Ryan Mountcastle"",2023,26,1.03,0.95,480,0],[""Rafael Devers"",2024,28,1.08,1.06,771,0],[""Trent Grisham"",2025,29,1.05,0.98,472,0],[""Cal Raleigh"",2024,28,1.09,1.3,919,1]]}",1.0251308979816476,1.0642130667126357,-0.012922554732705567,1.0251308979816476,551.0,551.0,,0.978,565.0,615.0,46,61,CH,established,1.0748091603053436,-0.017376727872911113,True,516.0,495.0,49.0,70.0,clear keep,156.0,14.0,186.0,91.0,,4.0
608324,Alex Bregman,2026,1994-03-30,3B,R,Chicago Cubs,155,702,608,161,33,2,28,92,93,76,12,3,1,102,6,98,6,0,0,0,0,0,143,0,0,13,32.0,702.0,14.5,10.8,0.265,0.464,0.355,0.199,0.275,0.252,0.391,0.357,0.327,0.343,0.139,0.37,0.329,0.013,0.073,0.03,88.2,17.7,32.8,6.4,37.7,98.028401406,93.162387221,60.1,23.3,69.2,90.3,15.6,41.6,48.4,37.5,27.7,23.2,11.5,7.0,69.8,9.6,34.0,3.3,14.0,66.4,26.0,26.2,4.67,38.0,49.0,72.0,512.0,66.5,59.1,alex bregman,CHC,Alex Bregman,CHC,"3B,DH",88.8,60.0,107.0,75.0,719.0,32.3,4.638709677419355,1.0242165242165242,24,3B,3B,False,60.0,560.7627118644068,4.110169491525424,158.2372881355932,0.5285401858939309,36.0,True,False,1,False,108.55478271239616,23.893792995968525,1.6840658708744909,19.083358420760835,79.28281662415753,77.5985958367069,638.8254124608645,0.9100077100582116,80.17458753913547,0.11420881415831263,473.0,246.0,"{'C': 423, 'SS': 594, '2B': 592, '3B': 570, '1B': 601, 'OF': 526, 'UT': 473}",1.0242165242165242,0.6324786324786325,3.078535786332106,65.1685393258427,94.00749063670412,88.38951310861424,-28.838951310861418,-23.220973782771537,2.5641025641025643,23.931623931623932,64.95726495726495,-0.02999999999999997,1.0242165242165242,6,3611,0.0,1.0228658536585367,5,True,0.0013506705579875433,0.40000000000000036,-0.1999999999999993,-1.2000000000000028,0.0,0.0,48.0,0.0,,28.799999999999997,2026-03-26,2026-09-27,155.0,165.0,165.0,0.0,689.0,0.939,0.0,0.0,0.15,,established,29.3,0.6,1.104,"702 PA, already has the job · 1.02/PA is his best rate yet, so the bar is one step up · sprint 26.2 ft/s (20th pct)",xwOBA 0.327 (70th) · barrels 6.4% (41st) · EV 88.2 (44th) · hard-hit 38% (45th) · K 14% (90th) · BB 11% (78th) · chase 23% (89th) · bat speed 69.8 mph (22nd) · sprint 26.2 (20th),"{""n"":20,""b"":0,""c"":[[""Brandon Nimmo"",2025,32,1.06,0.92,601,0],[""Francisco Lindor"",2025,32,1.14,0.92,432,0],[""Lourdes Gurriel Jr."",2025,32,0.99,0.74,149,0],[""Marcus Semien"",2023,33,1.12,0.93,667,0],[""Eugenio Su\u00e1rez"",2024,33,1.03,1.08,709,0]]}",0.9374429419803273,1.0112680793810964,-0.03542513660797388,0.9374429419803273,581.0,581.0,,0.977,545.0,562.0,57,239,CH,established,1.0228658536585367,0.0013506705579875433,True,516.0,495.0,29.0,50.0,marginal,155.0,16.0,197.0,95.0,,5.0
663728,Cal Raleigh,2026,1996-11-26,C,S,Seattle Mariners,126,530,451,82,15,0,23,49,69,72,3,2,1,164,4,44,6,21,0,104,0,0,0,0,0,23,29.0,530.0,30.9,13.6,0.182,0.368,0.296,0.186,0.22,0.191,0.396,0.297,0.312,0.305,0.205,0.362,0.39,-0.009,-0.028,-0.015,90.1,25.4,33.3,14.1,40.0,100.527092466,94.597682955,69.9,35.8,55.0,77.4,31.7,50.4,51.5,26.5,43.3,17.5,12.7,7.9,75.0,8.1,16.2,51.4,17.5,46.0,-11.0,25.9,4.7,35.0,13.0,34.0,291.0,85.5,63.3,cal raleigh,SEA,Cal Raleigh,SEA,"C,DH",14.6,12.0,17.0,13.0,483.0,29.6,3.8333333333333335,0.9113207547169812,141,C,C,False,12.0,653.0434782608696,4.732905982905983,-170.04347826086962,-0.8995726495726495,-129.0,False,False,120,True,40.47146692791814,21.725287457319194,1.1030243016072048,22.841221313155465,59.70299486801852,67.11624087778443,508.55623574580295,0.9595400674449113,-25.55623574580295,-0.04821931272793012,423.0,60.0,"{'C': 423, 'SS': 594, '2B': 592, '3B': 570, '1B': 601, 'OF': 526, 'UT': 473}",0.9113207547169812,0.3660377358490566,-4.58777105841295,23.970037453183522,8.98876404494382,27.340823970037455,14.981273408239701,-3.370786516853933,2.2641509433962264,26.037735849056602,81.50943396226415,0.015000000000000013,1.3035460992907801,5,2995,-0.392225344573799,1.3035460992907801,4,True,-0.392225344573799,4.199999999999999,-5.4,-0.20000000000000284,33.0,1.0,33.0,0.0,Right oblique strain,33.0,2026-03-26,2026-09-27,126.0,162.0,132.0,30.0,650.0,0.955,0.0,0.0,0.15,,established,33.8,0.6,1.384,"530 PA, already has the job · deserved 0.96/PA on contact quality, got 0.91 · avg EV 90.1 (77th pct)",xwOBA 0.312 (55th) · barrels 14.1% (94th) · EV 90.1 (74th) · hard-hit 40% (57th) · K 31% (12th) · BB 14% (95th) · chase 36% (21st) · bat speed 75.0 mph (88th) · sprint 25.9 (14th),"{""n"":20,""b"":0,""c"":[[""Matt Olson"",2024,30,0.98,1.05,758,0],[""Adolis Garc\u00eda"",2024,31,0.95,0.97,530,0],[""Jorge Polanco"",2024,31,0.81,1.07,563,0],[""Bryan Reynolds"",2025,30,0.92,1.02,714,0],[""Adolis Garc\u00eda"",2025,32,0.97,0.78,201,0]]}",1.0208018047171892,1.0857718591203784,-0.01977258555069947,1.0208018047171892,515.0,515.0,,0.974,526.0,612.0,67,74,CH,established,1.3035460992907801,-0.392225344573799,True,516.0,495.0,10.0,31.0,marginal,154.0,19.0,216.0,101.0,,6.0
805999,A.J. Ewing,2026,2004-08-10,OF,L,New York Mets,120,492,436,110,19,1,11,55,43,46,2,25,8,125,4,79,4,0,6,0,0,3,0,0,122,1,21.0,492.0,25.4,9.3,0.252,0.376,0.324,0.124,0.326,0.255,0.399,0.311,0.32,0.327,0.144,0.376,0.391,-0.003,-0.023,-0.009,89.6,10.8,35.1,7.5,42.3,100.034776474,94.356587331,67.4,26.7,54.4,84.5,24.6,46.1,31.0,46.1,24.5,25.4,4.1,6.5,70.4,10.4,25.5,12.6,9.3,40.6,-4.0,29.4,4.16,15.0,46.0,47.0,319.0,78.9,62.3,aj ewing,NYM,,,,,,,,503.0,21.9,4.191666666666666,1.0223577235772359,131,OF,OF,True,339.0,172.67,2.396692273871662,330.33000000000004,1.7949743927950044,208.0,True,False,120,False,76.32888660344645,20.17687847333257,1.4155832429955566,13.258651680225435,65.37794044776481,50.97718285193958,532.4991232997044,1.0823152912595617,-29.499123299704365,-0.05995756768232585,473.0,30.0,"{'C': 423, 'SS': 594, '2B': 592, '3B': 570, '1B': 601, 'OF': 526, 'UT': 473}",1.0223577235772359,0.42276422764227645,-2.404325328343103,64.7940074906367,22.09737827715356,49.43820224719101,42.69662921348314,15.355805243445694,30.48780487804878,13.414634146341463,56.09756097560975,0.009000000000000008,1.0223577235772359,1,492,0.0,,0,False,0.6723577235772359,,,,0.0,0.0,0.0,0.0,,0.0,2026-05-12,2026-09-27,120.0,124.0,124.0,0.0,643.0,0.968,47.0,1.0,0.15,,young / establishing,30.9,24.4,1.102,"22 years old, an age that jumps 18% of the time · deserved 1.08/PA on contact quality, got 1.02 · sprint 29.4 ft/s (94th pct)",xwOBA 0.320 (65th) · barrels 7.5% (52nd) · EV 89.6 (66th) · hard-hit 42% (69th) · K 25% (32nd) · BB 9% (58th) · chase 27% (73rd) · bat speed 70.4 mph (28th) · sprint 29.4 (94th),"{""n"":20,""b"":4,""c"":[[""Jordan Walker"",2023,21,1.03,0.83,147,0],[""Bobby Witt Jr."",2022,22,1.06,1.25,866,1],[""Wyatt Langford"",2024,23,1.09,1.07,615,0],[""Jazz Chisholm Jr."",2021,23,1.02,1.28,308,0],[""Anthony Volpe"",2023,22,0.92,0.94,651,0]]}",1.0093120919421992,1.0223577235772359,0.009942511913038151,1.0093120919421992,497.0,497.0,,1.0,502.0,606.0,79,86,CH,candidate,,0.6723577235772359,False,516.0,495.0,-14.0,7.0,let go,154.0,25.0,233.0,109.0,,7.0
691023,Jordan Walker,2026,2002-05-22,OF,R,St. Louis Cardinals,158,667,609,164,33,0,29,97,102,50,4,22,5,174,4,102,8,0,9,0,0,0,0,0,149,7,24.0,667.0,26.1,7.5,0.269,0.466,0.327,0.197,0.329,0.263,0.462,0.344,0.34,0.322,0.198,0.437,0.431,0.006,0.004,0.004,92.6,11.8,32.3,13.2,49.9,104.782178227,96.841838884,71.1,35.9,49.1,78.7,32.3,52.1,38.7,42.8,24.4,24.6,8.2,8.3,79.3,15.5,19.8,85.5,6.0,48.3,15.0,29.1,4.35,35.0,53.0,76.0,439.0,77.0,67.6,jordan walker,STL,Jordan Walker,STL,"LF,RF,DH",379.3,229.0,345.0,370.0,777.0,24.1,4.917721518987341,1.1649175412293853,8,OF,OF,False,229.0,340.5483870967742,3.0867599025400003,436.4516129032258,1.830961616447341,221.0,True,True,1,False,96.73745904500996,34.267558443896036,1.1715059771780476,27.99047653391596,92.07328389457822,80.23814644462301,743.2274303392013,1.1142840035070485,33.772569660798695,0.05063353772233681,473.0,304.0,"{'C': 423, 'SS': 594, '2B': 592, '3B': 570, '1B': 601, 'OF': 526, 'UT': 473}",1.1649175412293853,0.5712143928035982,6.038946744988518,95.50561797752809,77.52808988764045,97.00374531835206,17.97752808988764,-1.4981273408239701,19.79010494752624,26.08695652173913,44.977511244377816,-0.003999999999999948,1.1649175412293853,3,1706,0.0,1.032258064516129,2,False,0.13265947671325629,-5.699999999999999,2.299999999999999,1.2000000000000028,0.0,0.0,14.0,0.0,,8.4,2026-03-26,2026-09-27,158.0,166.0,166.0,0.0,651.0,0.952,0.0,0.0,0.15,,established,36.9,12.0,1.245,"667 PA, already has the job · avg EV 92.6 (96th pct) · 24 years old, an age that jumps 8% of the time · barrel rate up 2.3 pts on last year · bat speed up 1.2 mph",xwOBA 0.340 (83rd) · barrels 13.2% (91st) · EV 92.6 (95th) · hard-hit 50% (94th) · K 26% (27th) · BB 8% (35th) · chase 36% (21st) · bat speed 79.3 mph (100th) · sprint 29.1 (90th),"{""n"":20,""b"":3,""c"":[[""Gunnar Henderson"",2024,23,1.17,1.1,715,0],[""Zach Neto"",2025,24,1.13,1.04,735,0],[""Julio Rodr\u00edguez"",2023,22,1.23,1.06,650,0],[""Pete Crow-Armstrong"",2025,23,1.19,1.35,980,1],[""Riley Greene"",2025,25,1.07,1.06,626,0]]}",1.0882229380474286,1.0687891440501043,0.00020861094211438216,1.0882229380474286,630.0,630.0,,0.993,686.0,653.0,8,19,CJF,broke_out,1.032258064516129,0.13265947671325629,False,516.0,495.0,170.0,191.0,lock,160.0,4.0,107.0,43.0,,1.0
696100,Hunter Goodman,2026,1999-10-08,C,R,Colorado Rockies,138,574,518,127,20,2,41,84,88,46,5,5,5,175,5,64,11,17,0,99,0,0,0,0,0,39,26.0,574.0,30.5,8.0,0.245,0.529,0.31,0.284,0.28,0.228,0.456,0.355,0.321,0.291,0.227,0.487,0.432,0.017,0.073,0.034,89.8,18.6,32.2,14.5,44.3,102.186271792,95.364146098,73.7,40.4,49.9,77.9,34.0,54.6,48.0,34.5,34.8,21.8,8.9,7.3,75.0,10.8,18.1,48.9,14.0,66.6,19.0,27.3,4.56,47.0,32.0,48.0,348.0,78.4,65.0,hunter goodman,COL,Hunter Goodman,COL,"C,DH",72.8,51.0,62.0,85.0,662.0,26.7,4.797101449275362,1.1533101045296168,40,C,C,False,51.0,598.2727272727273,4.308335730801607,63.72727272727275,0.48876571847375505,11.0,False,False,1,False,63.27813764790838,22.412118572147726,2.0673499119793877,30.3463938679645,71.42795288272822,75.87892957191387,590.100882454642,1.02805031786523,71.89911754535797,0.12525978666438675,423.0,239.0,"{'C': 423, 'SS': 594, '2B': 592, '3B': 570, '1B': 601, 'OF': 526, 'UT': 473}",1.1533101045296168,0.5609756097560976,3.122665515491924,95.13108614232209,73.59550561797754,88.76404494382022,21.535580524344553,6.367041198501866,5.2264808362369335,42.857142857142854,48.083623693379785,-0.033999999999999975,1.1533101045296168,3,1454,0.0,1.1295336787564767,2,True,0.023776425773140097,4.199999999999999,1.5999999999999996,0.7000000000000028,7.0,1.0,7.0,0.0,,7.0,2026-03-27,2026-09-27,138.0,164.0,157.0,7.0,592.0,0.879,0.0,0.0,0.15,,established,35.2,3.5,1.233,"574 PA, already has the job · 1.15/PA is his best rate yet, so the bar is one step up · avg EV 89.8 (72nd pct)",xwOBA 0.321 (65th) · barrels 14.5% (95th) · EV 89.8 (70th) · hard-hit 44% (79th) · K 30% (13th) · BB 8% (43rd) · chase 40% (7th) · bat speed 75.0 mph (88th) · sprint 27.3 (46th),"{""n"":20,""b"":0,""c"":[[""Brandon Lowe"",2021,27,1.13,0.85,225,0],[""Jared Walsh"",2021,28,1.09,0.81,366,0],[""Mickey Moniak"",2025,27,1.13,1.01,441,0],[""Javier B\u00e1ez"",2021,29,1.13,0.87,514,0],[""James Outman"",2023,26,1.1,0.69,108,0]]}",1.0201699898256007,1.1290714141209792,-0.020388161675196873,1.0201699898256007,557.0,557.0,,0.994,568.0,612.0,45,74,CJF,established,1.1295336787564767,0.023776425773140097,True,516.0,495.0,52.0,73.0,clear keep,156.0,14.0,178.0,89.0,,2.0
665833,Oneil Cruz,2026,1998-10-04,OF,L,Pittsburgh Pirates,97,419,368,103,14,1,20,65,67,47,4,30,7,139,0,68,4,0,6,0,0,0,0,0,87,8,27.0,419.0,33.2,11.2,0.28,0.486,0.368,0.206,0.397,0.251,0.472,0.371,0.352,0.338,0.221,0.527,0.494,0.029,0.014,0.019,94.1,5.4,33.2,15.4,53.7,105.969307193,97.770739031,57.4,30.1,47.1,75.9,35.6,42.2,40.6,50.7,22.3,24.0,3.1,7.5,77.7,14.4,20.3,72.7,7.6,40.8,20.0,28.5,4.31,23.0,36.0,44.0,229.0,63.2,61.1,oneil cruz,PIT,Oneil Cruz,PIT,"CF,DH",84.6,59.0,89.0,73.0,563.0,27.7,5.804123711340206,1.3436754176610979,106,OF,OF,False,59.0,560.7627118644068,4.290827223004798,2.2372881355931895,1.513296488335408,-47.0,False,False,59,False,51.67848169785061,19.58798634477332,1.5645822169015158,19.53694974047455,59.28652301305735,52.94297559760777,527.2934986106651,1.2584570372569572,35.7065013893349,0.08521838040414065,473.0,90.0,"{'C': 423, 'SS': 594, '2B': 592, '3B': 570, '1B': 601, 'OF': 526, 'UT': 473}",1.3436754176610979,0.594272076372315,1.8711551262734794,99.625468164794,85.39325842696628,85.39325842696628,14.232209737827716,14.232209737827716,42.95942720763723,28.63961813842482,67.30310262529832,-0.019000000000000017,1.3436754176610979,4,1972,0.0,1.0625,3,True,0.2811754176610979,1.2000000000000028,-2.5999999999999996,-1.0999999999999943,68.0,1.0,81.0,0.0,,75.8,2026-03-26,2026-09-26,97.0,165.0,102.0,63.0,665.0,0.951,0.0,0.0,0.15,,established,37.3,1.4,1.424,"avg EV 94.1 (98th pct) · 1.34/PA is his best rate yet, so the bar is one step up · sprint 28.5 ft/s (79th pct)",xwOBA 0.352 (91st) · barrels 15.4% (96th) · EV 94.1 (98th) · hard-hit 54% (97th) · K 33% (4th) · BB 11% (81st) · chase 30% (52nd) · bat speed 77.7 mph (99th) · sprint 28.5 (78th),"{""n"":20,""b"":1,""c"":[[""Brent Rooker"",2024,30,1.23,1.05,736,0],[""Shea Langeliers"",2025,28,1.19,1.09,510,0],[""Teoscar Hern\u00e1ndez"",2021,29,1.26,1.11,596,0],[""Tyler O'Neill"",2021,26,1.26,1.07,410,0],[""Luke Raley"",2023,29,1.14,1.06,481,0]]}",1.1213037306885467,1.186142038698519,-0.016977266744818423,1.1213037306885467,504.0,504.0,,0.939,565.0,673.0,46,8,CJF,established,1.0625,0.2811754176610979,True,516.0,495.0,49.0,70.0,clear keep,156.0,13.0,183.0,91.0,,3.0
665489,Vladimir Guerrero Jr.,2026,1999-03-16,1B,R,Toronto Blue Jays,144,609,542,141,25,0,9,72,57,56,5,7,4,81,6,107,8,0,0,0,128,0,0,0,0,16,27.0,609.0,13.3,9.2,0.26,0.356,0.332,0.096,0.288,0.28,0.4,0.305,0.331,0.346,0.121,0.311,0.344,-0.02,-0.044,-0.026,90.3,8.3,28.7,6.9,44.3,102.693695855,95.562990899,67.3,30.6,67.0,86.9,20.1,47.2,35.1,48.6,19.3,25.3,6.9,7.6,76.3,17.0,26.4,62.4,1.1,30.3,-6.0,26.4,4.57,15.0,60.0,66.0,467.0,76.9,59.2,vladimir guerrero,TOR,Vladimir Guerrero Jr.,TOR,"1B,DH",18.4,15.0,18.0,20.0,537.0,27.3,3.7291666666666665,0.8817733990147784,115,1B,1B,False,15.0,653.0434782608696,4.722222222222222,-116.04347826086962,-0.9930555555555558,-100.0,False,False,120,True,113.2148093326768,24.536147533631933,0.9812769347058213,13.02776619898547,69.11661651454828,64.9273841466823,577.1460006612306,0.9476945823665527,-40.14600066123057,-0.06592118335177433,473.0,64.0,"{'C': 423, 'SS': 594, '2B': 592, '3B': 570, '1B': 601, 'OF': 526, 'UT': 473}",0.8817733990147784,0.49917898193760263,-2.2101631525700873,14.981273408239701,49.812734082397,50.56179775280899,-34.8314606741573,-35.58052434456929,6.896551724137931,8.866995073891625,55.172413793103445,0.026000000000000023,1.2621776504297995,6,4072,-0.3804042514150211,1.2621776504297995,5,True,-0.3804042514150211,-0.5,-5.299999999999999,-0.4000000000000057,7.0,1.0,7.0,0.0,Concussion,7.0,2026-03-27,2026-09-26,144.0,165.0,158.0,7.0,624.0,0.911,0.0,0.0,0.15,,established,36.2,1.3,1.342,"609 PA, already has the job · deserved 0.95/PA on contact quality, got 0.88 · avg EV 90.3 (79th pct)",xwOBA 0.331 (75th) · barrels 6.9% (46th) · EV 90.3 (77th) · hard-hit 44% (79th) · K 13% (94th) · BB 9% (57th) · chase 31% (48th) · bat speed 76.3 mph (95th) · sprint 26.4 (22nd),"{""n"":20,""b"":0,""c"":[[""Jonathan India"",2025,28,0.8,0.84,49,0],[""Ozzie Albies"",2025,28,0.92,0.88,604,0],[""Carlos Correa"",2025,31,0.88,1.01,143,0],[""Bo Bichette"",2024,26,0.78,1.08,677,0],[""Matt Olson"",2024,30,0.98,1.05,758,0]]}",0.9918999219330391,0.9889894788353315,-0.020388161675196873,0.9918999219330391,515.0,515.0,,0.994,511.0,595.0,74,111,CJF,established,1.2621776504297995,-0.3804042514150211,True,516.0,495.0,-5.0,16.0,let go,154.0,23.0,224.0,107.0,,4.0
808959,Munetaka Murakami,2026,2000-02-02,1B,L,Chicago White Sox,127,553,454,94,16,1,35,82,77,92,6,1,3,196,1,42,3,0,0,0,119,0,0,0,0,6,26.0,553.0,35.4,16.6,0.207,0.478,0.347,0.271,0.263,0.204,0.469,0.356,0.351,0.335,0.266,0.505,0.496,0.003,0.009,0.005,93.9,16.1,30.5,20.5,56.8,104.390023411,97.318357821,61.8,22.2,35.9,66.6,42.3,40.7,46.3,41.3,38.6,15.4,4.6,7.9,74.7,13.5,19.5,49.9,19.4,44.3,20.0,26.8,4.4,40.0,23.0,31.0,259.0,73.3,57.5,munetaka murakami,CWS,Munetaka Murakami,CWS,"1B,3B,DH",187.0,111.0,205.0,142.0,568.0,26.4,4.47244094488189,1.027124773960217,102,1B/3B,1B,False,111.0,560.7627118644068,4.015944775657477,7.2372881355931895,0.4564961692244127,9.0,False,False,54,False,36.19165506444963,23.37016408985164,1.7687066269478007,31.285474218750924,72.99270067323,77.94469829853206,554.933398971762,1.003496200672264,13.066601028237983,0.02362857328795287,473.0,95.0,"{'C': 423, 'SS': 594, '2B': 592, '3B': 570, '1B': 601, 'OF': 526, 'UT': 473}",1.027124773960217,0.4936708860759494,0.03274626045548956,66.66666666666666,47.940074906367045,70.4119850187266,18.726591760299613,-3.7453183520599396,1.0849909584086799,37.9746835443038,99.81916817359856,-0.0050000000000000044,1.027124773960217,1,553,0.0,,0,False,0.677124773960217,,,,41.0,1.0,41.0,0.0,Right hamstring strain,41.0,2026-03-26,2026-09-27,127.0,164.0,127.0,37.0,705.0,1.0,0.0,0.0,0.15,,established,36.5,14.8,1.107,"avg EV 93.9 (98th pct) · 553 PA in his first season, already has the job · 26 years old, an age that jumps 4% of the time",xwOBA 0.351 (91st) · barrels 20.5% (100th) · EV 93.9 (98th) · hard-hit 57% (99th) · K 35% (2nd) · BB 17% (99th) · chase 22% (92nd) · bat speed 74.7 mph (86th) · sprint 26.8 (31st),"{""n"":20,""b"":2,""c"":[[""Bobby Dalbec"",2021,26,1.02,0.85,300,0],[""Joey Gallo"",2021,28,1.06,0.85,350,0],[""Miguel San\u00f3"",2021,28,0.97,0.39,28,0],[""Franmil Reyes"",2021,26,1.13,0.82,387,0],[""Jake Burger"",2023,27,1.05,0.96,554,0]]}",0.9811749782611126,1.027124773960217,-0.012922554732705567,0.9811749782611126,485.0,485.0,,0.967,476.0,589.0,90,125,CJF,candidate,,0.677124773960217,False,516.0,495.0,-40.0,-19.0,let go,153.0,30.0,268.0,117.0,,5.0
664023,Ian Happ,2026,1994-08-12,OF,S,Chicago Cubs,156,636,546,119,28,3,24,89,68,81,7,4,1,189,1,64,1,0,9,0,0,0,0,0,150,5,31.0,636.0,29.7,12.7,0.218,0.412,0.326,0.194,0.284,0.208,0.39,0.325,0.313,0.313,0.183,0.409,0.387,0.01,0.022,0.012,89.3,14.2,31.8,11.1,42.2,100.488835922,94.517880196,65.0,23.9,48.7,78.1,30.3,43.6,45.7,41.5,31.2,20.9,6.4,6.9,71.8,9.8,20.6,17.9,11.1,46.0,2.0,28.0,4.37,33.0,33.0,52.0,359.0,72.5,57.3,ian happ,CHC,Ian Happ,CHC,"LF,DH",146.8,89.0,173.0,105.0,618.0,31.9,3.9615384615384617,0.9716981132075472,68,OF,OF,False,89.0,560.7627118644068,4.015944775657477,57.23728813559319,-0.05440631411901542,21.0,False,False,41,False,60.80592536041093,27.82788241803099,2.7124590827052235,22.22173313885285,78.79918086520163,73.62247828852549,596.4756591537271,0.9378548099901369,21.524340846272935,0.03384330321741025,473.0,145.0,"{'C': 423, 'SS': 594, '2B': 592, '3B': 570, '1B': 601, 'OF': 526, 'UT': 473}",0.9716981132075472,0.4371069182389937,-0.89271956198923,50.187265917603,25.468164794007492,60.2996254681648,24.719101123595507,-10.112359550561798,3.7735849056603774,22.641509433962263,76.41509433962264,-0.01200000000000001,1.0806697108066972,6,3823,-0.10897159759914998,1.0806697108066972,5,True,-0.10897159759914998,6.899999999999999,0.6999999999999993,0.20000000000000284,0.0,0.0,7.0,0.0,,4.2,2026-03-26,2026-09-27,156.0,165.0,165.0,0.0,624.0,0.945,0.0,0.0,0.15,,established,31.9,0.5,1.161,"636 PA, already has the job · avg EV 89.3 (64th pct) · sprint 28.0 ft/s (65th pct)",xwOBA 0.313 (56th) · barrels 11.1% (80th) · EV 89.3 (61st) · hard-hit 42% (68th) · K 30% (15th) · BB 13% (90th) · chase 24% (87th) · bat speed 71.8 mph (47th) · sprint 28.0 (63rd),"{""n"":20,""b"":0,""c"":[[""Randy Arozarena"",2025,30,1.08,1.21,808,0],[""Willy Adames"",2025,30,0.97,0.9,453,0],[""Nathaniel Lowe"",2025,30,0.88,0.94,403,0],[""Dansby Swanson"",2024,30,1.0,1.01,649,0],[""Dansby Swanson"",2025,31,1.01,1.05,508,0]]}",0.9334450691295682,0.9963441384352912,-0.03542513660797388,0.9334450691295682,510.0,510.0,,0.997,476.0,560.0,90,250,CJF,established,1.0806697108066972,-0.10897159759914998,True,516.0,495.0,-40.0,-19.0,let go,153.0,30.0,257.0,117.0,,6.0
701350,Roman Anthony,2026,2004-05-13,OF,L,Boston Red Sox,55,242,212,52,11,3,5,24,15,29,1,2,0,66,0,33,2,0,3,0,0,0,0,0,34,21,22.0,242.0,27.3,12.0,0.245,0.396,0.339,0.151,0.333,0.259,0.424,0.326,0.341,0.349,0.164,0.399,0.424,-0.014,-0.028,-0.015,92.0,6.1,38.4,11.7,46.6,102.442735205,95.858888345,55.6,23.7,44.2,82.3,29.0,39.7,41.8,48.6,23.3,26.7,1.4,7.5,75.6,15.3,26.3,54.8,12.0,46.5,2.0,27.6,4.41,9.0,13.0,30.0,146.0,53.8,53.3,roman anthony,BOS,Roman Anthony,BOS,"LF,CF,RF,DH",47.2,36.0,52.0,36.0,215.0,22.1,3.909090909090909,0.8884297520661157,326,OF,OF,False,36.0,645.6,4.468031239230923,-430.6,-0.5589403301400138,-290.0,False,False,279,True,35.53881038810777,10.868116728033465,1.6033353796097642,6.897737504249002,30.563914331578008,27.50337017980278,242.6512845113808,1.0026912583114909,-27.651284511380794,-0.11426150624537512,473.0,-258.0,"{'C': 423, 'SS': 594, '2B': 592, '3B': 570, '1B': 601, 'OF': 526, 'UT': 473}",0.8884297520661157,0.36363636363636365,-8.841758594554012,,,,,,4.958677685950414,12.396694214876034,71.90082644628099,0.015000000000000013,1.1023102310231023,2,545,-0.21388047895698659,1.1023102310231023,1,False,-0.21388047895698659,-0.3999999999999986,-3.9000000000000004,0.5999999999999943,115.0,1.0,140.0,0.0,,130.0,2026-03-26,2026-09-27,55.0,165.0,62.0,103.0,632.0,0.887,0.0,0.0,0.15,,young / establishing,36.3,5.3,1.182,"22 years old, an age that jumps 18% of the time · deserved 1.00/PA on contact quality, got 0.89 · avg EV 92.0 (93rd pct)",xwOBA 0.341 (83rd) · barrels 11.7% (82nd) · EV 92.0 (92nd) · hard-hit 47% (86th) · K 27% (22nd) · BB 12% (87th) · chase 24% (88th) · bat speed 75.6 mph (92nd) · sprint 27.6 (52nd),"{""n"":20,""b"":4,""c"":[[""William Contreras"",2021,24,0.98,1.09,408,0],[""Jos\u00e9 Tena"",2024,23,0.86,0.86,145,0],[""Gunnar Henderson"",2022,21,0.98,1.08,674,1],[""Tyler Soderstrom"",2024,23,0.89,1.11,691,1],[""Jes\u00fas S\u00e1nchez"",2022,25,0.9,1.01,406,0]]}",0.9908221623385802,0.9801793298725815,0.009942511913038151,0.9908221623385802,459.0,459.0,,0.896,455.0,594.0,102,114,CJF,candidate,1.1023102310231023,-0.21388047895698659,False,516.0,495.0,-61.0,-40.0,let go,152.0,37.0,277.0,126.0,,7.0
656941,Kyle Schwarber,2026,1993-03-05,DH,L,Philadelphia Phillies,156,701,581,135,20,1,45,95,97,105,8,3,1,220,6,69,1,0,0,0,8,0,0,0,2,147,33.0,701.0,31.4,15.0,0.232,0.503,0.354,0.271,0.28,0.236,0.487,0.368,0.364,0.353,0.251,0.492,0.486,-0.004,0.016,0.004,92.3,20.1,37.3,15.6,49.3,103.53204776,96.326214481,66.4,26.1,44.9,77.5,33.1,44.3,54.2,31.3,31.9,26.4,10.4,7.5,77.1,11.9,17.0,74.5,14.7,67.3,39.0,25.6,4.56,45.0,21.0,69.0,367.0,77.8,56.1,kyle schwarber,PHI,Kyle Schwarber,PHI,"1B,LF,DH",21.0,17.0,23.0,15.0,740.0,33.3,4.743589743589744,1.0556348074179742,19,OF,UT,False,17.0,653.0434782608696,4.666666666666667,86.95652173913038,0.07692307692307665,-2.0,False,False,1,False,70.1706160704284,26.591904111417257,1.8213435658802388,38.53213625227409,88.93120748119856,99.26770979549117,729.2619172766897,1.0403165724346501,10.7380827233103,0.015318234983324075,473.0,267.0,"{'C': 423, 'SS': 594, '2B': 592, '3B': 570, '1B': 601, 'OF': 526, 'UT': 473}",1.0556348074179742,0.5306704707560628,3.950909643631776,76.02996254681648,61.79775280898876,92.13483146067416,14.232209737827716,-16.104868913857686,2.5677603423680457,38.516405135520685,89.8716119828816,-0.0040000000000000036,1.2099447513812154,6,3977,-0.15430994396324116,1.2099447513812154,5,True,-0.15430994396324116,4.199999999999999,-5.200000000000001,-0.20000000000000284,0.0,0.0,10.0,0.0,,3.0,2026-03-26,2026-09-27,156.0,163.0,163.0,0.0,697.0,0.957,0.0,0.0,0.15,,established,37.2,0.7,1.29,"701 PA, already has the job · avg EV 92.3 (94th pct) · got 1.06/PA but deserved 1.04",xwOBA 0.364 (94th) · barrels 15.6% (97th) · EV 92.3 (94th) · hard-hit 49% (92nd) · K 31% (11th) · BB 15% (97th) · chase 26% (76th) · bat speed 77.1 mph (98th) · sprint 25.6 (10th),"{""n"":20,""b"":0,""c"":[[""Matt Olson"",2025,31,1.05,1.05,734,0],[""Teoscar Hern\u00e1ndez"",2025,33,1.04,1.03,504,0],[""Christian Walker"",2025,34,0.93,0.93,591,0],[""Manny Machado"",2025,33,1.06,0.93,630,0],[""Adolis Garc\u00eda"",2025,32,0.97,0.78,201,0]]}",1.0427465628246222,1.1121370067014147,-0.049232791438997926,1.0427465628246222,587.0,587.0,,0.948,612.0,626.0,27,37,CS,established,1.2099447513812154,-0.15430994396324116,True,516.0,495.0,96.0,117.0,clear keep,157.0,8.0,151.0,75.0,,1.0
671739,Michael Harris II,2026,2001-03-07,OF,L,Atlanta Braves,155,621,591,174,36,1,26,79,87,23,2,12,3,119,3,111,0,0,2,0,0,0,0,0,147,3,25.0,621.0,19.2,3.7,0.294,0.491,0.321,0.197,0.33,0.29,0.477,0.349,0.342,0.317,0.187,0.419,0.41,0.004,0.014,0.007,90.5,10.0,31.9,10.3,47.6,103.130943957,95.926012511,69.9,45.1,58.0,88.8,24.6,56.4,35.6,44.9,22.9,26.4,5.9,8.1,74.9,16.1,24.2,49.9,7.1,46.6,11.0,27.7,4.28,27.0,56.0,91.0,477.0,76.0,64.4,michael harris,ATL,Michael Harris II,ATL,CF,97.8,67.0,94.0,98.0,695.0,25.3,4.483870967741935,1.1191626409017714,33,OF,OF,False,67.0,560.7627118644068,4.015944775657477,134.2372881355932,0.46792619208445796,34.0,True,False,1,False,111.44847462850478,33.81464177514224,1.6782925642010944,24.448591032151857,79.42676229621807,76.38245819504527,674.1062204912633,1.0855172632709555,20.893779508736657,0.033645377630815876,473.0,222.0,"{'C': 423, 'SS': 594, '2B': 592, '3B': 570, '1B': 601, 'OF': 526, 'UT': 473}",1.1191626409017714,0.5990338164251208,3.9039614513208543,90.2621722846442,85.76779026217228,91.76029962546816,4.49438202247191,-1.4981273408239701,11.594202898550725,25.1207729468599,22.22222222222222,-0.006999999999999951,1.2811791383219955,5,2712,-0.16201649742022406,1.2811791383219955,4,True,-0.16201649742022406,-0.8000000000000007,1.200000000000001,0.6000000000000085,0.0,0.0,60.0,0.0,,18.0,2026-03-27,2026-09-26,155.0,166.0,166.0,0.0,606.0,0.934,0.0,0.0,0.15,,established,36.2,1.9,1.361,"621 PA, already has the job · avg EV 90.5 (82nd pct) · 25 years old, an age that jumps 5% of the time",xwOBA 0.342 (84th) · barrels 10.3% (74th) · EV 90.5 (80th) · hard-hit 48% (88th) · K 19% (71st) · BB 4% (5th) · chase 45% (1st) · bat speed 74.9 mph (88th) · sprint 27.7 (55th),"{""n"":20,""b"":1,""c"":[[""Bo Bichette"",2023,25,1.04,0.78,261,0],[""Julio Rodr\u00edguez"",2025,24,1.18,1.0,651,0],[""CJ Abrams"",2025,25,1.06,1.21,789,1],[""Bo Bichette"",2022,24,1.06,1.04,624,0],[""Gunnar Henderson"",2025,24,1.1,0.9,630,0]]}",1.0397345914713678,1.0532879818594103,-0.012781966159275364,1.0397345914713678,581.0,581.0,,0.986,604.0,624.0,30,42,CS,established,1.2811791383219955,-0.16201649742022406,True,516.0,495.0,88.0,109.0,clear keep,157.0,9.0,161.0,82.0,,2.0
700250,Ben Rice,2026,1999-02-22,DH,L,New York Yankees,154,667,573,151,24,4,41,105,97,85,6,3,1,162,3,82,4,0,0,0,56,0,0,0,0,95,27.0,667.0,24.3,12.7,0.264,0.534,0.363,0.27,0.295,0.267,0.511,0.384,0.378,0.364,0.243,0.468,0.458,-0.003,0.023,0.006,91.9,14.5,38.4,14.3,48.6,101.739325556,95.439571618,63.8,24.5,53.4,83.6,25.4,43.2,44.9,40.3,32.1,23.4,4.1,7.7,72.6,14.1,27.5,24.3,13.1,54.9,36.0,26.8,4.56,49.0,40.0,61.0,414.0,80.1,59.0,ben rice,NYY,Ben Rice,NYY,"C,1B,DH",65.4,46.0,47.0,72.0,755.0,27.4,4.902597402597403,1.1319340329835081,13,C/1B,1B,False,46.0,598.2727272727273,4.308335730801607,156.72727272727275,0.5942616717957954,33.0,True,False,1,False,86.68843136770623,28.044828535391808,3.579048826097739,34.67869127080424,90.62661880409034,91.98738731540142,723.8350061194917,1.085209904227124,31.16499388050829,0.04672412875638421,423.0,332.0,"{'C': 423, 'SS': 594, '2B': 592, '3B': 570, '1B': 601, 'OF': 526, 'UT': 473}",1.1319340329835081,0.6506746626686657,5.5020902391961295,92.13483146067416,95.88014981273409,96.25468164794007,-3.7453183520599254,-4.119850187265911,2.6986506746626686,36.8815592203898,76.46176911544228,-0.006000000000000005,1.1319340329835081,2,1375,0.0,1.0566037735849056,1,False,0.0753302593986025,5.400000000000002,-1.0999999999999996,-0.8000000000000114,0.0,0.0,0.0,0.0,,0.0,2026-03-25,2026-09-25,154.0,166.0,166.0,0.0,651.0,0.928,0.0,0.0,0.15,,established,34.9,5.1,1.212,"667 PA, already has the job · avg EV 91.9 (92nd pct) · 1.13/PA is his best rate yet, so the bar is one step up",xwOBA 0.378 (97th) · barrels 14.3% (95th) · EV 91.9 (92nd) · hard-hit 49% (90th) · K 24% (38th) · BB 13% (90th) · chase 24% (85th) · bat speed 72.6 mph (60th) · sprint 26.8 (31st),"{""n"":20,""b"":2,""c"":[[""Austin Riley"",2023,26,1.1,0.97,456,0],[""Pete Alonso"",2022,28,1.14,1.08,711,0],[""Matt Olson"",2021,27,1.15,1.0,702,0],[""Nathaniel Lowe"",2022,27,1.04,0.95,690,0],[""Seiya Suzuki"",2023,29,1.07,1.13,663,0]]}",1.0086713990773204,1.0913906009244991,-0.020388161675196873,1.0086713990773204,589.0,589.0,,1.0,594.0,605.0,31,88,CS,candidate,1.0566037735849056,0.0753302593986025,False,516.0,495.0,78.0,99.0,clear keep,157.0,11.0,162.0,82.0,,3.0
681624,Andy Pages,2026,2000-12-08,OF,R,Los Angeles Dodgers,134,574,511,140,26,2,23,75,85,49,8,13,7,113,6,89,3,0,14,0,0,0,0,0,132,1,25.0,574.0,19.7,8.5,0.274,0.468,0.343,0.194,0.307,0.274,0.442,0.352,0.343,0.343,0.168,0.402,0.389,0.0,0.026,0.009,88.9,15.7,37.4,7.9,42.3,99.860630297,94.161986015,65.9,31.6,58.9,88.9,22.1,47.2,37.6,37.6,27.5,26.7,8.2,7.6,73.0,11.0,24.7,28.4,6.5,44.7,15.0,28.3,4.37,32.0,42.0,65.0,404.0,73.6,61.5,andy pages,LAD,Andy Pages,LAD,"LF,CF,RF",140.0,86.0,122.0,127.0,660.0,25.6,4.925373134328358,1.1498257839721255,41,OF,OF,False,86.0,560.7627118644068,4.015944775657477,99.23728813559319,0.9094283586708807,45.0,True,False,1,False,94.83239118284999,23.884237826409766,1.928350798630514,19.369020192109733,75.63711398293455,65.58130942082606,628.0944234037606,1.0942411557556806,31.90557659623937,0.05558462821644494,473.0,187.0,"{'C': 423, 'SS': 594, '2B': 592, '3B': 570, '1B': 601, 'OF': 526, 'UT': 473}",1.1498257839721255,0.6062717770034843,2.256924218140876,94.7565543071161,87.64044943820225,86.14232209737828,7.116104868913851,8.614232209737821,13.588850174216029,24.041811846689892,51.21951219512196,-0.008999999999999952,1.1498257839721255,3,1641,0.0,1.080128205128205,2,True,0.06969757884392047,-1.9000000000000021,-0.5,0.5,30.0,1.0,30.0,0.0,Left hand fracture,30.0,2026-03-26,2026-09-27,134.0,163.0,136.0,27.0,684.0,0.985,0.0,0.0,0.15,,established,33.6,5.1,1.23,"574 PA, already has the job · 1.15/PA is his best rate yet, so the bar is one step up · 26 years old, an age that jumps 4% of the time",xwOBA 0.343 (85th) · barrels 7.9% (55th) · EV 88.9 (54th) · hard-hit 42% (69th) · K 20% (68th) · BB 8% (50th) · chase 32% (42nd) · bat speed 73.0 mph (66th) · sprint 28.3 (72nd),"{""n"":20,""b"":1,""c"":[[""Ozzie Albies"",2023,26,1.16,0.96,419,0],[""Spencer Steer"",2023,26,1.06,1.03,677,0],[""CJ Abrams"",2025,25,1.06,1.21,789,1],[""CJ Abrams"",2024,24,1.07,1.06,674,0],[""Spencer Steer"",2024,27,1.03,0.96,548,0]]}",1.0273460374377315,1.1008970683436605,-0.012922554732705567,1.0273460374377315,571.0,571.0,,0.976,587.0,616.0,40,55,CS,established,1.080128205128205,0.06969757884392047,True,516.0,495.0,71.0,92.0,clear keep,156.0,12.0,168.0,85.0,,4.0
607208,Trea Turner,2026,1993-06-30,SS,R,Philadelphia Phillies,157,700,645,156,29,1,19,101,58,48,4,21,4,147,3,107,21,0,0,0,0,0,0,154,0,2,33.0,700.0,21.0,6.9,0.242,0.378,0.297,0.136,0.284,0.242,0.363,0.298,0.293,0.299,0.121,0.344,0.338,0.0,0.015,0.005,88.5,11.1,31.7,6.0,39.3,98.94390884,93.571458357,68.9,34.6,51.2,84.6,27.7,50.5,33.7,45.3,25.3,21.4,8.0,7.6,71.6,8.9,24.9,19.0,8.5,63.1,-9.0,29.9,4.23,29.0,67.0,60.0,501.0,76.5,60.5,trea turner,PHI,Trea Turner,PHI,SS,27.0,23.0,25.0,30.0,653.0,33.0,4.159235668789809,0.9328571428571428,44,SS,SS,False,23.0,653.0434782608696,4.574074074074074,-0.04347826086961959,-0.4148384052842653,-21.0,False,False,27,False,113.18851339718275,24.634658464749002,1.3901428789537682,16.876685259114485,88.7905154719793,67.52019306621395,640.5357085381931,0.9150510121974188,12.464291461806852,0.01780613065972403,473.0,180.0,"{'C': 423, 'SS': 594, '2B': 592, '3B': 570, '1B': 601, 'OF': 526, 'UT': 473}",0.9328571428571428,0.4642857142857143,1.2390200262737396,34.45692883895131,33.70786516853933,82.02247191011236,0.7490636704119851,-47.565543071161045,18.0,16.285714285714285,41.142857142857146,-0.0050000000000000044,1.2770897832817338,6,3923,-0.344232640424591,1.2770897832817338,5,True,-0.344232640424591,4.300000000000001,0.20000000000000018,0.5,0.0,0.0,64.0,0.0,,25.2,2026-03-26,2026-09-27,157.0,163.0,163.0,0.0,696.0,0.963,0.0,0.0,0.15,,established,29.4,0.5,1.357,"700 PA, already has the job · sprint 29.9 ft/s (98th pct) · got 0.93/PA but deserved 0.92",xwOBA 0.293 (32nd) · barrels 6.0% (36th) · EV 88.5 (48th) · hard-hit 39% (55th) · K 21% (60th) · BB 7% (29th) · chase 35% (25th) · bat speed 71.6 mph (44th) · sprint 29.9 (98th),"{""n"":20,""b"":1,""c"":[[""Nick Castellanos"",2025,33,0.94,0.83,101,0],[""Marcus Semien"",2025,35,0.92,0.82,449,0],[""Marcus Semien"",2024,34,0.93,0.92,489,0],[""Mookie Betts"",2025,33,0.98,1.0,526,0],[""Nick Castellanos"",2024,32,0.99,0.94,556,0]]}",0.9724625418133793,1.0369448237089391,-0.049232791438997926,0.9724625418133793,562.0,562.0,,0.931,547.0,583.0,53,148,CS,established,1.2770897832817338,-0.344232640424591,True,516.0,495.0,31.0,52.0,marginal,155.0,16.0,202.0,95.0,,5.0
672695,Geraldo Perdomo,2026,1999-10-22,SS,S,Arizona Diamondbacks,157,680,562,147,20,9,9,75,59,96,5,21,10,86,8,109,8,0,0,0,0,0,0,157,0,0,26.0,680.0,12.6,14.1,0.262,0.377,0.37,0.115,0.291,0.26,0.355,0.336,0.333,0.373,0.095,0.32,0.315,0.002,0.022,0.003,87.6,14.7,36.5,3.1,31.9,96.798958983,92.48396053,56.5,20.9,75.8,92.7,11.8,38.8,42.6,41.6,25.4,28.4,4.7,7.0,67.3,7.2,34.6,1.7,8.3,50.5,11.0,27.0,4.5,18.0,46.0,83.0,493.0,62.8,57.8,geraldo perdomo,ARI,Geraldo Perdomo,ARI,SS,60.8,42.0,73.0,56.0,649.0,26.7,4.13375796178344,0.9544117647058824,48,SS,SS,False,42.0,598.2727272727273,4.468031239230923,50.72727272727275,-0.33427327744748325,-6.0,False,False,33,False,116.13985400720341,16.183550429417693,4.183337119554364,9.61325844382453,79.59543122456729,64.9081722579233,646.1336034824906,0.9501964757095449,2.866396517509429,0.004215288996337496,473.0,176.0,"{'C': 423, 'SS': 594, '2B': 592, '3B': 570, '1B': 601, 'OF': 526, 'UT': 473}",0.9544117647058824,0.5544117647058824,-0.5044129982394492,42.69662921348314,71.16104868913857,64.04494382022472,-28.464419475655426,-21.348314606741575,18.529411764705884,7.9411764705882355,84.70588235294117,-0.0030000000000000027,1.1305555555555555,5,2820,-0.17614379084967313,1.1305555555555555,4,True,-0.17614379084967313,1.0999999999999996,-3.1,-0.9000000000000057,0.0,0.0,65.0,0.0,,19.5,2026-03-26,2026-09-27,157.0,163.0,163.0,0.0,676.0,0.963,0.0,0.0,0.15,,established,28.0,0.7,1.211,"680 PA, already has the job · 27 years old, an age that jumps 3% of the time · sprint 27.0 ft/s (37th pct)",xwOBA 0.333 (77th) · barrels 3.1% (12th) · EV 87.6 (34th) · hard-hit 32% (20th) · K 13% (95th) · BB 14% (95th) · chase 21% (95th) · bat speed 67.3 mph (4th) · sprint 27.0 (36th),"{""n"":20,""b"":0,""c"":[[""Steven Kwan"",2025,28,0.98,0.93,590,0],[""Luis Arraez"",2024,27,0.94,0.92,619,0],[""Ozzie Albies"",2025,28,0.92,0.88,604,0],[""Andr\u00e9s Gim\u00e9nez"",2024,26,0.94,0.85,315,0],[""Gleyber Torres"",2024,28,0.87,0.94,591,0]]}",0.9800737199377432,1.0179908824487136,-0.020388161675196873,0.9800737199377432,557.0,557.0,,0.984,546.0,588.0,55,128,CS,established,1.1305555555555555,-0.17614379084967313,True,516.0,495.0,30.0,51.0,marginal,155.0,16.0,195.0,94.0,,6.0
681082,Bryson Stott,2026,1997-10-06,2B,L,Philadelphia Phillies,155,608,536,137,36,6,10,71,67,62,3,27,0,100,3,85,4,0,0,0,0,116,43,0,0,0,28.0,608.0,16.4,10.2,0.256,0.401,0.334,0.145,0.296,0.267,0.402,0.326,0.33,0.345,0.135,0.344,0.351,-0.011,-0.001,-0.004,89.4,14.1,35.0,5.9,37.7,98.738688539,93.548267397,54.7,30.0,69.4,88.4,18.7,41.8,36.3,42.2,26.9,24.8,6.1,7.2,69.9,10.9,31.4,7.2,9.9,55.7,4.0,28.3,4.26,20.0,42.0,75.0,443.0,62.0,59.4,bryson stott,PHI,Bryson Stott,PHI,"2B,3B,SS",184.6,110.0,176.0,151.0,632.0,28.7,4.077419354838709,1.0394736842105263,57,2B/3B,2B/3B,False,110.0,560.7627118644068,4.015944775657477,71.23728813559319,0.061474579181232336,53.0,False,False,40,False,99.28803546696093,27.678213897102847,3.755465804911484,12.390284831024728,77.61472699953359,63.212368432603306,641.4110954321368,1.0549524595923303,-9.41109543213679,-0.015478775381803977,473.0,159.0,"{'C': 423, 'SS': 594, '2B': 592, '3B': 570, '1B': 601, 'OF': 526, 'UT': 473}",1.0394736842105263,0.5625,0.13144847156712214,70.78651685393258,75.28089887640449,71.53558052434457,-4.49438202247191,-0.7490636704119851,26.644736842105264,9.868421052631579,61.18421052631579,0.0040000000000000036,1.0671875,5,2845,-0.027713815789473628,1.0671875,4,True,-0.027713815789473628,0.09999999999999787,0.8000000000000007,0.6000000000000085,0.0,0.0,0.0,0.0,,0.0,2026-03-26,2026-09-27,155.0,163.0,163.0,0.0,604.0,0.951,0.0,0.0,0.15,,established,30.0,2.6,1.147,"608 PA, already has the job · sprint 28.3 ft/s (74th pct) · avg EV 89.4 (66th pct)",xwOBA 0.330 (75th) · barrels 5.9% (35th) · EV 89.4 (63rd) · hard-hit 38% (45th) · K 16% (84th) · BB 10% (69th) · chase 30% (52nd) · bat speed 69.9 mph (23rd) · sprint 28.3 (72nd),"{""n"":20,""b"":0,""c"":[[""Alec Bohm"",2024,28,1.0,0.93,470,0],[""Alex Bregman"",2024,30,0.97,1.01,498,0],[""Tommy Edman"",2023,28,1.04,1.04,159,0],[""Alex Verdugo"",2023,27,0.99,0.86,533,0],[""Alec Bohm"",2025,29,0.93,0.88,553,0]]}",1.0261406381511347,1.0314713529991932,-0.02627946897975689,1.0261406381511347,526.0,526.0,,1.0,540.0,616.0,59,55,CS,established,1.0671875,-0.027713815789473628,True,516.0,495.0,24.0,45.0,marginal,155.0,18.0,202.0,98.0,,7.0
682998,Corbin Carroll,2026,2000-08-21,OF,L,Arizona Diamondbacks,156,671,582,139,33,17,22,91,78,73,8,21,3,151,8,67,4,0,4,0,0,0,0,0,152,4,25.0,671.0,22.5,10.9,0.239,0.467,0.328,0.228,0.281,0.249,0.446,0.341,0.341,0.335,0.196,0.395,0.395,-0.01,0.021,0.0,91.7,15.6,30.3,12.2,47.6,101.887905392,95.42745629,64.5,29.7,61.6,79.0,27.2,45.6,42.4,40.5,29.2,21.2,9.1,7.5,75.5,13.7,24.6,57.9,10.6,65.3,14.0,29.7,4.12,38.0,46.0,55.0,439.0,77.1,57.0,corbin carroll,ARI,Corbin Carroll,ARI,"CF,RF",13.8,11.0,11.0,16.0,728.0,25.9,4.666666666666667,1.0849478390461997,22,OF,OF,False,11.0,653.0434782608696,4.732905982905983,74.95652173913038,-0.066239316239316,-11.0,False,False,1,False,83.16982233806363,30.380707813689018,10.411117358431117,20.956352489816254,95.36165958453084,77.90825590839854,725.1779154929294,1.080742049914947,2.822084507070599,0.004205789131252802,473.0,255.0,"{'C': 423, 'SS': 594, '2B': 592, '3B': 570, '1B': 601, 'OF': 526, 'UT': 473}",1.0849478390461997,0.5722801788375559,2.026709514154289,83.14606741573034,77.90262172284645,85.76779026217228,5.2434456928838955,-2.6217228464419406,18.777943368107305,19.672131147540984,65.27570789865872,0.0,1.3643410852713178,4,2757,-0.2793932462251181,1.3643410852713178,3,True,-0.2793932462251181,-1.3000000000000007,-2.3000000000000007,0.9000000000000057,0.0,0.0,11.0,0.0,,6.6,2026-03-26,2026-09-27,156.0,163.0,163.0,0.0,667.0,0.957,0.0,0.0,0.15,,established,36.0,3.6,1.444,"671 PA, already has the job · avg EV 91.7 (91st pct) · sprint 29.7 ft/s (96th pct) · bat speed up 0.9 mph",xwOBA 0.341 (83rd) · barrels 12.2% (84th) · EV 91.7 (91st) · hard-hit 48% (88th) · K 22% (51st) · BB 11% (79th) · chase 30% (55th) · bat speed 75.5 mph (92nd) · sprint 29.7 (96th),"{""n"":20,""b"":0,""c"":[[""Fernando Tatis Jr."",2025,26,1.16,1.19,838,0],[""Michael Harris II"",2025,24,0.97,1.12,695,0],[""Vladimir Guerrero Jr."",2025,26,1.06,0.88,537,0],[""Bobby Witt Jr."",2025,25,1.23,1.18,746,0],[""Jarren Duran"",2025,29,1.09,0.94,571,0]]}",1.1589819549754883,1.1572062787379103,-0.012922554732705567,1.1589819549754883,591.0,591.0,,0.995,685.0,695.0,9,4,Dan,established,1.3643410852713178,-0.2793932462251181,True,516.0,495.0,169.0,190.0,lock,160.0,4.0,106.0,43.0,,1.0
672640,Otto Lopez,2026,1998-10-01,SS,R,Miami Marlins,157,687,627,191,32,9,11,94,71,40,9,34,5,89,11,139,21,0,0,0,0,0,0,156,0,1,27.0,687.0,13.0,5.8,0.305,0.437,0.349,0.132,0.335,0.281,0.417,0.342,0.327,0.329,0.136,0.366,0.347,0.024,0.02,0.015,89.1,8.4,30.4,6.0,40.8,100.262247259,94.353564593,62.2,31.2,62.2,90.1,19.5,46.3,34.1,51.4,22.6,21.9,4.2,6.8,71.9,14.9,31.1,23.5,5.0,45.3,17.0,28.5,4.22,24.0,90.0,77.0,549.0,72.4,60.7,otto lopez,MIA,Otto Lopez,MIA,"2B,SS",270.2,165.0,213.0,300.0,760.0,27.7,4.840764331210191,1.1062590975254731,12,2B/SS,SS,False,165.0,425.5,3.476923076923077,334.5,1.363841254287114,153.0,True,True,1,False,126.18873606458288,29.40392265243782,5.914946501375711,14.679394781603587,87.67702578737365,72.22065718484517,727.5436829722188,1.0590155501779022,32.45631702778121,0.04724354734757097,473.0,287.0,"{'C': 423, 'SS': 594, '2B': 592, '3B': 570, '1B': 601, 'OF': 526, 'UT': 473}",1.1062590975254731,0.6171761280931587,4.92474805467288,88.01498127340824,90.2621722846442,94.7565543071161,-2.247191011235955,-6.741573033707866,29.694323144104803,9.606986899563319,34.93449781659388,-0.015000000000000013,1.1062590975254731,3,1726,0.0,0.9838709677419355,2,False,0.12238812978353764,-0.8000000000000007,-1.0999999999999996,0.20000000000000284,0.0,0.0,29.0,0.0,,12.9,2026-03-27,2026-09-26,157.0,162.0,162.0,0.0,687.0,0.969,0.0,0.0,0.15,,established,32.4,8.2,1.186,"687 PA, already has the job · 1.11/PA is his best rate yet, so the bar is one step up · sprint 28.5 ft/s (79th pct)",xwOBA 0.327 (70th) · barrels 6.0% (36th) · EV 89.1 (56th) · hard-hit 41% (60th) · K 13% (95th) · BB 6% (19th) · chase 31% (45th) · bat speed 71.9 mph (48th) · sprint 28.5 (78th),"{""n"":20,""b"":1,""c"":[[""Francisco Lindor"",2022,29,1.08,1.17,802,1],[""Tommy Edman"",2022,27,1.07,1.04,547,0],[""Alec Bohm"",2023,27,1.01,1.0,608,0],[""Tommy Edman"",2023,28,1.04,1.04,159,0],[""Nico Hoerner"",2023,26,1.11,1.01,650,0]]}",1.039407775989551,1.041496250852079,-0.016977266744818423,1.039407775989551,608.0,608.0,,0.99,632.0,624.0,19,42,Dan,broke_out,0.9838709677419355,0.12238812978353764,False,516.0,495.0,116.0,137.0,clear keep,158.0,6.0,137.0,69.0,,2.0
646240,Rafael Devers,2026,1996-10-24,1B,L,San Francisco Giants,148,633,558,144,36,1,37,88,98,69,2,0,0,161,4,70,8,0,0,0,100,0,0,0,0,48,29.0,633.0,25.4,10.9,0.258,0.525,0.34,0.267,0.294,0.238,0.473,0.367,0.342,0.316,0.235,0.462,0.422,0.02,0.052,0.025,93.0,15.0,30.7,12.5,51.6,103.03671575,96.43028802,66.4,30.0,63.2,74.9,29.0,47.3,34.2,40.6,35.2,18.2,6.0,7.5,71.9,13.8,25.6,21.2,9.8,58.4,24.0,26.1,4.6,58.0,39.0,47.0,401.0,68.8,58.7,rafael devers,SF,Rafael Devers,SF,"1B,DH",42.4,32.0,56.0,37.0,686.0,29.7,4.635135135135135,1.0837282780410742,35,1B,1B,False,32.0,649.0,4.468031239230923,37.0,0.16710389590421215,-3.0,False,False,1,False,65.74064221627704,34.18177948102879,1.6965143891112784,31.18506391358289,77.18215390701216,86.77243997955756,623.6925938865697,0.9852963568508211,62.30740611343026,0.09843192119025312,473.0,213.0,"{'C': 423, 'SS': 594, '2B': 592, '3B': 570, '1B': 601, 'OF': 526, 'UT': 473}",1.0837282780410742,0.6113744075829384,3.5250350899094305,82.77153558052434,88.38951310861424,90.63670411985018,-5.617977528089895,-7.865168539325836,0.0,35.07109004739337,65.40284360189574,-0.024999999999999967,1.1430722891566265,6,3897,-0.05934401111555232,1.1430722891566265,5,True,-0.05934401111555232,-0.9000000000000021,-3.5,0.30000000000001137,164.0,1.0,172.0,1.0,Core muscle injury,166.4,2026-03-25,2026-09-12,148.0,158.0,148.0,10.0,693.0,1.0,0.0,0.0,0.15,,established,34.3,0.4,1.223,"633 PA, already has the job · avg EV 93.0 (97th pct) · already 30, an age that jumps 3% of the time",xwOBA 0.342 (84th) · barrels 12.5% (88th) · EV 93.0 (97th) · hard-hit 52% (95th) · K 25% (32nd) · BB 11% (79th) · chase 30% (52nd) · bat speed 71.9 mph (48th) · sprint 26.1 (17th),"{""n"":20,""b"":0,""c"":[[""Randy Arozarena"",2025,30,1.08,1.21,808,0],[""Brandon Nimmo"",2025,32,1.06,0.92,601,0],[""Kyle Schwarber"",2024,31,1.1,1.21,876,0],[""Francisco Lindor"",2025,32,1.14,0.92,432,0],[""Matt Olson"",2025,31,1.05,1.05,734,0]]}",0.9742740526117819,1.0745182697689295,-0.01977258555069947,0.9742740526117819,569.0,569.0,,0.867,554.0,585.0,51,139,Dan,established,1.1430722891566265,-0.05934401111555232,True,516.0,495.0,38.0,59.0,marginal,155.0,14.0,193.0,94.0,,3.0
663538,Nico Hoerner,2026,1997-05-13,2B,R,Chicago Cubs,159,689,628,165,29,1,8,62,72,43,10,23,5,58,8,127,8,0,0,0,0,120,0,44,0,0,29.0,689.0,8.4,6.2,0.263,0.35,0.316,0.087,0.275,0.297,0.375,0.297,0.322,0.35,0.078,0.29,0.319,-0.034,-0.025,-0.025,85.9,12.0,36.7,1.4,29.1,96.122758049,92.086339791,61.7,33.7,75.5,95.1,11.8,47.7,31.7,43.4,20.8,28.2,7.6,7.3,68.3,6.7,35.4,1.5,5.5,45.4,-9.0,28.3,4.36,17.0,55.0,92.0,578.0,67.9,62.7,nico hoerner,CHC,Nico Hoerner,CHC,"2B,SS",90.0,62.0,96.0,86.0,633.0,29.1,3.981132075471698,0.918722786647315,56,2B/SS,2B/SS,False,62.0,560.7627118644068,4.0964912280701755,72.23728813559319,-0.11535915259847762,6.0,False,False,40,False,156.87615286514293,19.419836429884732,1.0958685448016945,9.12414216017063,83.3232478204433,62.527242577518486,681.8664903979617,0.9896465753236019,-48.866490397961684,-0.0709237886762869,473.0,160.0,"{'C': 423, 'SS': 594, '2B': 592, '3B': 570, '1B': 601, 'OF': 526, 'UT': 473}",0.918722786647315,0.525399129172714,-0.405772115806225,26.96629213483146,59.925093632958806,65.91760299625467,-32.95880149812734,-38.95131086142321,20.029027576197386,6.966618287373004,37.4455732946299,0.025000000000000022,1.1061046511627908,5,3354,-0.18738186451547578,1.1061046511627908,4,True,-0.18738186451547578,0.8000000000000007,-1.0,-0.10000000000000853,0.0,0.0,0.0,0.0,,0.0,2026-03-26,2026-09-27,159.0,165.0,165.0,0.0,676.0,0.964,0.0,0.0,0.15,,established,27.4,1.3,1.186,"689 PA, already has the job · deserved 0.99/PA on contact quality, got 0.92 · sprint 28.3 ft/s (74th pct)",xwOBA 0.322 (67th) · barrels 1.4% (3rd) · EV 85.9 (12th) · hard-hit 29% (13th) · K 8% (99th) · BB 6% (23rd) · chase 34% (31st) · bat speed 68.3 mph (7th) · sprint 28.3 (72nd),"{""n"":20,""b"":0,""c"":[[""Luis Arraez"",2025,28,0.92,0.96,627,0],[""Ozzie Albies"",2025,28,0.92,0.88,604,0],[""Steven Kwan"",2025,28,0.98,0.93,590,0],[""Luis Arraez"",2024,27,0.94,0.92,619,0],[""J.P. Crawford"",2025,30,0.88,0.81,394,0]]}",0.9537291531014587,0.9788305658298576,-0.02627946897975689,0.9537291531014587,541.0,541.0,,1.0,516.0,572.0,72,194,Dan,established,1.1061046511627908,-0.18738186451547578,True,516.0,495.0,0.0,21.0,let go,154.0,21.0,226.0,106.0,,4.0
671277,Luis García Jr.,2026,2000-05-16,1B,L,multi,147,543,516,143,26,5,30,69,92,25,0,5,2,97,2,82,5,0,0,0,131,0,0,0,0,11,26.0,543.0,17.9,4.6,0.277,0.521,0.309,0.244,0.289,0.276,0.486,0.355,0.341,0.309,0.21,0.416,0.398,0.001,0.035,0.014,91.4,11.5,33.0,12.2,46.1,102.267913349,95.535729017,70.2,38.4,66.7,87.6,20.8,52.6,41.8,43.7,23.5,25.4,7.4,7.4,74.3,15.4,26.7,45.3,10.5,63.7,19.0,26.4,4.39,32.0,38.0,73.0,421.0,78.6,63.4,luis garcia,multi,Luis Garcia,NYY,"1B,2B,DH",257.2,157.0,230.0,306.0,608.0,26.1,4.136054421768708,1.1197053406998159,76,1B/2B,1B,False,157.0,425.5,3.7174234694899297,182.5,0.4186309522787779,81.0,True,False,42,False,87.6684489354452,26.075606089277734,3.731441015108996,24.940503960168094,65.86428718879216,71.79862442441602,565.8549116132082,1.0420900766357426,42.14508838679183,0.07761526406407326,473.0,135.0,"{'C': 423, 'SS': 594, '2B': 592, '3B': 570, '1B': 601, 'OF': 526, 'UT': 473}",1.1197053406998159,0.6685082872928176,2.4448834135979123,90.63670411985018,97.00374531835206,86.89138576779027,-6.36704119850188,3.745318352059911,5.524861878453039,33.14917127071823,27.624309392265193,-0.013999999999999957,1.1197053406998159,6,2703,0.0,1.0871212121212122,5,True,0.03258412857860371,1.8999999999999986,3.1999999999999993,1.8999999999999915,0.0,0.0,0.0,0.0,,0.0,2026-03-26,2026-09-25,147.0,162.0,162.0,0.0,543.0,0.907,0.0,0.0,0.15,,established,35.7,2.4,1.2,"543 PA, already has the job · avg EV 91.4 (89th pct) · 1.12/PA is his best rate yet, so the bar is one step up · barrel rate up 3.2 pts on last year · bat speed up 1.9 mph",xwOBA 0.341 (83rd) · barrels 12.2% (84th) · EV 91.4 (89th) · hard-hit 46% (85th) · K 18% (78th) · BB 5% (9th) · chase 38% (12th) · bat speed 74.3 mph (82nd) · sprint 26.4 (22nd),"{""n"":20,""b"":1,""c"":[[""William Contreras"",2024,26,1.14,1.03,681,0],[""Vinnie Pasquantino"",2025,28,1.02,0.97,467,0],[""Maikel Garcia"",2025,25,1.08,0.93,320,0],[""Alec Burleson"",2025,27,1.01,1.08,725,0],[""Tyler Stephenson"",2024,28,1.06,1.01,344,0]]}",1.0270455169528154,1.0745329400196657,-0.012922554732705567,1.0270455169528154,481.0,481.0,,1.0,494.0,616.0,85,55,Dan,established,1.0871212121212122,0.03258412857860371,True,516.0,495.0,-22.0,-1.0,let go,153.0,26.0,249.0,112.0,,5.0
670623,Isaac Paredes,2026,1999-02-18,3B,R,Houston Astros,155,659,562,147,27,1,25,69,94,71,19,0,0,88,7,94,9,0,0,0,15,3,138,0,0,9,27.0,659.0,13.4,10.8,0.262,0.447,0.36,0.185,0.268,0.245,0.373,0.355,0.323,0.346,0.128,0.355,0.311,0.017,0.074,0.032,86.0,24.2,38.7,4.8,29.3,96.56219225,92.297062688,62.0,27.0,75.0,90.3,14.7,43.4,49.3,27.2,30.6,27.9,14.3,7.8,67.2,5.9,27.6,6.6,14.9,52.7,27.0,25.1,4.9,40.0,29.0,78.0,481.0,68.8,54.3,isaac paredes,HOU,Isaac Paredes,HOU,"1B,3B,DH",196.8,116.0,212.0,162.0,642.0,27.4,4.141935483870967,0.9742033383915023,51,1B/3B,3B,False,116.0,560.7627118644068,4.015944775657477,81.23728813559319,0.12599070821349034,65.0,True,False,38,False,100.085586948153,19.855573370301357,1.1660924149382694,16.58274726660737,68.94657166016991,72.43502144239733,569.6975931025672,0.8644880016730914,72.30240689743277,0.10971533671841094,473.0,169.0,"{'C': 423, 'SS': 594, '2B': 592, '3B': 570, '1B': 601, 'OF': 526, 'UT': 473}",0.9742033383915023,0.6024279210925645,0.9157446815471402,50.936329588014985,86.89138576779027,79.7752808988764,-35.95505617977528,-28.838951310861418,0.0,22.76176024279211,64.6433990895296,-0.03199999999999997,1.0542907180385288,5,2775,-0.0800873796470265,1.0542907180385288,4,True,-0.0800873796470265,-3.9999999999999982,-1.5,-1.7999999999999972,0.0,0.0,61.0,0.0,,36.6,2026-03-26,2026-09-27,155.0,163.0,163.0,0.0,655.0,0.951,0.0,0.0,0.15,,established,27.5,0.7,1.134,"659 PA, already has the job · 27 years old, an age that jumps 3% of the time · avg EV 86.0 (14th pct)",xwOBA 0.323 (68th) · barrels 4.8% (26th) · EV 86.0 (14th) · hard-hit 29% (14th) · K 13% (94th) · BB 11% (78th) · chase 27% (71st) · bat speed 67.2 mph (4th) · sprint 25.1 (5th),"{""n"":20,""b"":0,""c"":[[""Steven Kwan"",2025,28,0.98,0.93,590,0],[""Adley Rutschman"",2024,26,0.96,0.87,318,0],[""Nathaniel Lowe"",2024,29,0.94,0.88,537,0],[""Nico Hoerner"",2024,27,1.01,1.07,693,0],[""Gleyber Torres"",2024,28,0.87,0.94,591,0]]}",0.9137545224729859,0.9591598599766628,-0.020388161675196873,0.9137545224729859,540.0,540.0,,0.971,493.0,548.0,86,305,Dan,established,1.0542907180385288,-0.0800873796470265,True,516.0,495.0,-23.0,-2.0,let go,153.0,27.0,235.0,117.0,,6.0
607043,Brandon Nimmo,2026,1993-03-27,OF,L,Texas Rangers,155,655,593,154,36,4,14,65,62,51,7,7,1,149,4,100,5,0,3,0,0,0,0,0,147,9,33.0,655.0,22.7,7.8,0.26,0.405,0.324,0.145,0.323,0.267,0.441,0.32,0.338,0.331,0.174,0.378,0.406,-0.007,-0.036,-0.018,92.1,10.4,34.2,8.9,50.4,101.759062902,95.658360626,72.5,29.0,58.6,82.8,23.9,51.2,32.8,42.0,26.6,27.9,3.6,7.0,72.4,12.6,25.0,28.5,7.3,52.2,-3.0,28.0,4.23,25.0,46.0,83.0,448.0,81.5,62.1,brandon nimmo,TEX,Brandon Nimmo,TEX,"LF,CF,RF,DH",129.6,83.0,136.0,97.0,601.0,33.3,3.8774193548387097,0.917557251908397,80,OF,OF,False,83.0,560.7627118644068,4.015944775657477,40.23728813559319,-0.1385254208187674,3.0,False,False,42,False,97.6759128325867,37.493294464816096,3.7966725726077346,19.365120129989474,83.86492877727463,76.1786519631098,659.8875807403845,1.0074619553288313,-58.887580740384465,-0.08990470342043433,473.0,128.0,"{'C': 423, 'SS': 594, '2B': 592, '3B': 570, '1B': 601, 'OF': 526, 'UT': 473}",0.917557251908397,0.4213740458015267,-1.7944364432651767,26.217228464419474,20.59925093632959,53.93258426966292,5.6179775280898845,-27.715355805243444,6.412213740458015,12.82442748091603,46.717557251908396,0.018000000000000016,1.0552147239263803,6,3711,-0.13765747201798328,1.0552147239263803,5,True,-0.13765747201798328,1.0999999999999979,0.09999999999999964,0.20000000000000284,0.0,0.0,0.0,0.0,,0.0,2026-03-26,2026-09-27,155.0,162.0,162.0,0.0,655.0,0.957,0.0,0.0,0.15,,established,34.2,1.0,1.135,"655 PA, already has the job · deserved 1.01/PA on contact quality, got 0.92 · avg EV 92.1 (93rd pct)",xwOBA 0.338 (82nd) · barrels 8.9% (63rd) · EV 92.1 (93rd) · hard-hit 50% (94th) · K 23% (50th) · BB 8% (40th) · chase 29% (59th) · bat speed 72.4 mph (56th) · sprint 28.0 (63rd),"{""n"":20,""b"":0,""c"":[[""Adolis Garc\u00eda"",2025,32,0.97,0.78,201,0],[""Dansby Swanson"",2025,31,1.01,1.05,508,0],[""Bryan Reynolds"",2025,30,0.92,1.02,714,0],[""Ian Happ"",2025,31,0.99,0.97,618,0],[""Christian Walker"",2025,34,0.93,0.93,591,0]]}",0.9733100219249149,0.9766283832623887,-0.049232791438997926,0.9733100219249149,482.0,482.0,,0.95,469.0,584.0,96,143,Dan,established,1.0552147239263803,-0.13765747201798328,True,516.0,495.0,-47.0,-26.0,let go,153.0,31.0,269.0,119.0,,7.0
807712,Luke Keaschall,2026,2002-08-15,2B,R,Minnesota Twins,152,620,528,149,28,4,10,86,52,59,23,20,7,87,8,107,8,0,1,0,0,76,0,0,81,0,23.0,620.0,14.0,9.5,0.282,0.407,0.374,0.125,0.317,0.25,0.368,0.348,0.321,0.347,0.118,0.351,0.314,0.032,0.039,0.027,85.4,17.9,35.0,3.8,29.1,96.573873378,92.291221351,63.6,22.6,64.6,90.0,16.9,42.6,39.0,37.0,29.7,24.4,8.9,6.7,69.2,6.9,28.0,9.4,10.5,49.9,19.0,28.8,4.25,20.0,53.0,73.0,451.0,72.7,58.3,luke keaschall,MIN,Luke Keaschall,MIN,"2B,CF,RF",112.6,74.0,118.0,101.0,638.0,23.9,4.197368421052632,1.0290322580645161,54,2B/OF,2B/OF,False,74.0,560.7627118644068,4.015944775657477,77.23728813559319,0.18142364539515476,20.0,False,False,40,False,95.48311987996263,22.313192612617417,2.620255134877313,11.58343237254265,78.7872582631393,60.23635031660078,601.3276085797401,0.969883239644742,36.67239142025994,0.05914901841977416,473.0,165.0,"{'C': 423, 'SS': 594, '2B': 592, '3B': 570, '1B': 601, 'OF': 526, 'UT': 473}",1.0290322580645161,0.5564516129032258,0.6181235592532848,67.41573033707866,72.28464419475655,76.40449438202246,-4.868913857677896,-8.988764044943807,19.35483870967742,9.67741935483871,57.096774193548384,-0.02699999999999997,1.2028985507246377,2,827,-0.17386629266012155,1.2028985507246377,1,False,-0.17386629266012155,0.0,-1.4000000000000004,2.1000000000000085,0.0,0.0,104.0,0.0,,62.4,2026-03-26,2026-09-27,152.0,162.0,162.0,0.0,620.0,0.938,0.0,0.0,0.15,,young / establishing,28.0,14.5,1.283,"620 PA, already has the job · 24 years old, an age that jumps 8% of the time · sprint 28.8 ft/s (85th pct) · bat speed up 2.1 mph",xwOBA 0.321 (65th) · barrels 3.8% (17th) · EV 85.4 (7th) · hard-hit 29% (13th) · K 14% (92nd) · BB 10% (61st) · chase 23% (91st) · bat speed 69.2 mph (15th) · sprint 28.8 (84th),"{""n"":20,""b"":1,""c"":[[""Xavier Edwards"",2025,26,0.97,0.96,574,0],[""Andr\u00e9s Gim\u00e9nez"",2023,25,1.03,0.94,594,0],[""Sal Frelick"",2025,25,1.07,0.83,319,0],[""CJ Abrams"",2024,24,1.07,1.06,674,0],[""Steven Kwan"",2022,25,1.05,0.98,706,0]]}",1.0336126299183657,1.0580489115829077,0.00020861094211438216,1.0336126299183657,570.0,570.0,,0.95,589.0,620.0,36,47,Dpf,candidate,1.2028985507246377,-0.17386629266012155,False,516.0,495.0,73.0,94.0,clear keep,157.0,11.0,168.0,84.0,,1.0
691016,Tyler Soderstrom,2026,2001-11-24,OF,L,Athletics,109,453,396,97,27,3,19,58,56,53,3,2,1,91,1,48,1,0,6,0,0,0,0,0,101,7,24.0,453.0,20.1,11.7,0.245,0.472,0.338,0.227,0.272,0.246,0.411,0.35,0.327,0.331,0.165,0.394,0.363,-0.001,0.061,0.023,90.7,11.1,31.0,9.5,45.4,101.631681895,95.094575115,68.2,25.9,52.1,87.7,22.9,45.9,38.9,46.4,27.1,19.3,7.2,7.5,74.4,13.9,24.0,45.1,10.2,53.5,11.0,27.1,4.42,31.0,26.0,39.0,306.0,81.9,57.8,tyler soderstrom,ATH,Tyler Soderstrom,ATH,"1B,LF,DH",81.8,54.0,82.0,79.0,471.0,24.6,4.321100917431193,1.0397350993377483,147,1B/OF,OF,False,54.0,563.0,4.290827223004798,-92.0,0.030273694426394826,-93.0,False,False,121,True,61.936746309833374,19.575417622177827,1.9469258261442137,13.95691024184458,54.41571849597574,52.15141615690053,439.73913465287626,0.9707265665626408,31.26086534712374,0.06900853277510755,473.0,-2.0,"{'C': 423, 'SS': 594, '2B': 592, '3B': 570, '1B': 601, 'OF': 526, 'UT': 473}",1.0397350993377483,0.5849889624724062,-2.9877571722851464,71.16104868913857,82.77153558052434,42.32209737827715,-11.610486891385776,28.838951310861418,2.6490066225165565,25.165562913907284,70.19867549668874,-0.022999999999999965,1.107371794871795,3,1428,-0.06763669553404661,1.107371794871795,2,True,-0.06763669553404661,-2.5,-1.9000000000000004,0.5,51.0,2.0,131.0,0.0,,75.0,2026-03-27,2026-08-14,109.0,129.0,115.0,14.0,638.0,0.948,0.0,0.0,0.15,,established,34.9,3.2,1.187,"25 years old, an age that jumps 5% of the time · avg EV 90.7 (85th pct) · 453 PA, already has the job",xwOBA 0.327 (70th) · barrels 9.5% (68th) · EV 90.7 (83rd) · hard-hit 45% (83rd) · K 20% (65th) · BB 12% (85th) · chase 26% (77th) · bat speed 74.4 mph (83rd) · sprint 27.1 (39th),"{""n"":20,""b"":1,""c"":[[""William Contreras"",2023,26,1.1,1.14,777,0],[""Gabriel Moreno"",2025,25,1.09,1.17,641,0],[""Gabriel Moreno"",2024,24,1.03,1.09,338,0],[""CJ Abrams"",2024,24,1.07,1.06,674,0],[""Bo Bichette"",2022,24,1.06,1.04,624,0]]}",0.9849198838353539,1.0572197913160553,-0.012781966159275364,0.9849198838353539,485.0,485.0,,0.94,478.0,591.0,89,119,Dpf,established,1.107371794871795,-0.06763669553404661,True,516.0,495.0,-38.0,-17.0,let go,153.0,31.0,253.0,118.0,,2.0
672960,Kazuma Okamoto,2026,1996-06-30,3B,R,Toronto Blue Jays,156,636,568,132,26,0,33,81,92,59,6,1,1,183,3,73,21,0,0,0,14,0,143,0,0,3,30.0,636.0,28.8,9.3,0.232,0.452,0.31,0.22,0.279,0.224,0.446,0.332,0.328,0.305,0.222,0.426,0.42,0.008,0.006,0.004,90.6,19.4,35.1,13.1,44.1,101.291152371,94.970378557,67.7,27.3,42.1,77.9,32.8,46.9,50.8,35.8,33.8,20.6,9.8,7.9,73.1,10.5,22.5,33.5,15.6,58.0,11.0,26.4,4.49,42.0,35.0,55.0,388.0,75.6,61.0,kazuma okamoto,TOR,Kazuma Okamoto,TOR,"1B,3B",167.4,97.0,228.0,177.0,609.0,30.0,3.9038461538461537,0.9575471698113207,74,1B/3B,3B,False,97.0,560.7627118644068,4.015944775657477,48.23728813559319,-0.11209862181132335,23.0,False,False,42,False,64.47115557973903,30.496125893006862,1.1942814747691441,31.070437052484955,76.12607455048212,84.16472813829071,587.8508026887728,0.924293714919454,21.149197311227226,0.03325345489186671,473.0,136.0,"{'C': 423, 'SS': 594, '2B': 592, '3B': 570, '1B': 601, 'OF': 526, 'UT': 473}",0.9575471698113207,0.4827044025157233,1.2751081995499618,44.569288389513105,41.947565543071164,82.39700374531836,2.6217228464419406,-37.82771535580525,0.9433962264150944,31.132075471698116,55.660377358490564,-0.0040000000000000036,0.9575471698113207,1,636,0.0,,0,False,0.6075471698113207,,,,0.0,0.0,0.0,0.0,,0.0,2026-03-27,2026-09-27,156.0,165.0,165.0,0.0,624.0,0.945,0.0,0.0,0.15,,established,34.0,10.4,1.038,"636 PA in his first season, already has the job · avg EV 90.6 (83rd pct) · got 0.96/PA but deserved 0.92",xwOBA 0.328 (72nd) · barrels 13.1% (91st) · EV 90.6 (82nd) · hard-hit 44% (78th) · K 29% (17th) · BB 9% (58th) · chase 27% (69th) · bat speed 73.1 mph (67th) · sprint 26.4 (22nd),"{""n"":20,""b"":3,""c"":[[""Eugenio Su\u00e1rez"",2022,31,0.97,0.89,620,0],[""Eugenio Su\u00e1rez"",2021,30,0.89,0.97,611,0],[""Mike Yastrzemski"",2021,31,1.02,0.93,520,0],[""Trey Mancini"",2021,29,0.95,0.87,512,0],[""Joc Pederson"",2021,29,0.95,1.13,489,0]]}",0.9430402322544184,0.9575471698113207,-0.01977258555069947,0.9430402322544184,501.0,501.0,,1.0,472.0,566.0,95,226,Dpf,broke_out,,0.6075471698113207,False,516.0,495.0,-44.0,-23.0,let go,153.0,33.0,261.0,119.0,,3.0
596019,Francisco Lindor,2026,1993-11-14,SS,S,New York Mets,105,469,418,94,12,4,21,63,49,46,5,3,2,95,0,57,11,0,0,0,0,0,0,103,0,2,32.0,469.0,20.3,9.8,0.225,0.423,0.309,0.198,0.242,0.239,0.434,0.322,0.331,0.322,0.195,0.357,0.37,-0.014,-0.011,-0.009,91.6,18.8,28.8,9.0,49.5,100.68996441,95.109438598,66.4,29.5,57.6,84.5,25.0,46.0,45.5,35.0,34.1,22.9,8.0,7.7,72.9,11.3,26.6,28.7,14.2,55.5,4.0,27.1,4.45,28.0,20.0,46.0,323.0,76.5,55.9,francisco lindor,NYM,Francisco Lindor,NYM,SS,25.0,21.0,22.0,32.0,432.0,32.6,4.114285714285714,0.9211087420042644,179,SS,SS,False,21.0,653.0434782608696,4.58933933933934,-221.04347826086962,-0.4750536250536257,-158.0,False,False,132,True,59.90179044169394,17.71702595037339,3.056576774171386,19.226606833761284,57.77531249595779,57.87208354564359,445.9613960416014,0.9508771770609838,-13.961396041601404,-0.029768435056719444,473.0,-41.0,"{'C': 423, 'SS': 594, '2B': 592, '3B': 570, '1B': 601, 'OF': 526, 'UT': 473}",0.9211087420042644,0.5181236673773987,-3.416425954175743,28.46441947565543,58.42696629213483,38.20224719101123,-29.9625468164794,-9.737827715355802,3.837953091684435,26.865671641791042,58.84861407249467,0.009000000000000008,1.1886792452830188,6,3807,-0.2675705032787544,1.1886792452830188,5,True,-0.2675705032787544,2.400000000000002,0.09999999999999964,2.0,62.0,1.0,62.0,0.0,Left calf strain,62.0,2026-03-26,2026-09-27,105.0,166.0,107.0,59.0,710.0,0.981,0.0,0.0,0.15,,established,33.7,0.4,1.269,"avg EV 91.6 (91st pct) · 469 PA, already has the job · deserved 0.95/PA on contact quality, got 0.92 · bat speed up 2.0 mph",xwOBA 0.331 (75th) · barrels 9.0% (65th) · EV 91.6 (91st) · hard-hit 50% (92nd) · K 20% (63rd) · BB 10% (65th) · chase 30% (56th) · bat speed 72.9 mph (64th) · sprint 27.1 (39th),"{""n"":20,""b"":0,""c"":[[""Adolis Garc\u00eda"",2025,32,0.97,0.78,201,0],[""Bryan Reynolds"",2025,30,0.92,1.02,714,0],[""Marcus Semien"",2025,35,0.92,0.82,449,0],[""Xander Bogaerts"",2025,33,0.98,0.92,560,0],[""Teoscar Hern\u00e1ndez"",2025,33,1.04,1.03,504,0]]}",0.9892739045697275,1.0577630280742667,-0.049232791438997926,0.9892739045697275,450.0,450.0,,0.95,445.0,594.0,106,114,Dpf,established,1.1886792452830188,-0.2675705032787544,True,516.0,495.0,-71.0,-50.0,let go,152.0,39.0,285.0,133.0,,4.0
645277,Ozzie Albies,2026,1997-01-07,2B,S,Atlanta Braves,162,683,615,146,27,1,22,85,73,46,8,4,4,105,14,96,7,0,0,0,0,158,0,0,0,4,29.0,683.0,15.4,6.7,0.237,0.392,0.293,0.155,0.247,0.221,0.337,0.298,0.273,0.28,0.116,0.317,0.284,0.016,0.055,0.025,87.1,17.8,32.3,3.8,27.7,96.575292846,92.322715692,78.7,38.1,66.5,86.2,21.2,56.1,45.8,35.5,32.8,23.3,8.4,7.2,68.8,6.1,26.2,5.1,12.4,57.3,-12.0,27.1,4.28,32.0,39.0,75.0,524.0,87.3,61.0,ozzie albies,ATL,Ozzie Albies,ATL,2B,128.0,82.0,149.0,125.0,604.0,29.5,3.728395061728395,0.8843338213762811,78,2B,2B,False,82.0,560.7627118644068,4.015944775657477,43.23728813559319,-0.2875497139290819,4.0,False,False,42,False,97.90212456738786,20.740287866355292,1.2180505651258386,16.05453700113101,71.33694252832107,69.59070443648112,543.0976469648022,0.7951649296702813,60.90235303519785,0.08916889170599984,473.0,131.0,"{'C': 423, 'SS': 594, '2B': 592, '3B': 570, '1B': 601, 'OF': 526, 'UT': 473}",0.8843338213762811,0.5036603221083455,-0.3634066606660714,16.10486891385768,50.936329588014985,66.66666666666666,-34.831460674157306,-50.56179775280898,3.513909224011713,19.32650073206442,40.4099560761347,-0.024999999999999967,1.156060606060606,6,3400,-0.2717267846843249,1.156060606060606,5,True,-0.2717267846843249,1.3000000000000007,-1.1000000000000005,-0.20000000000000284,0.0,0.0,75.0,0.0,,24.0,2026-03-27,2026-09-27,162.0,166.0,166.0,0.0,667.0,0.976,0.0,0.0,0.15,,established,25.5,0.4,1.236,"683 PA, already has the job · sprint 27.1 ft/s (40th pct) · already 30, an age that jumps 3% of the time",xwOBA 0.273 (16th) · barrels 3.8% (17th) · EV 87.1 (25th) · hard-hit 28% (10th) · K 15% (88th) · BB 7% (28th) · chase 38% (12th) · bat speed 68.8 mph (12th) · sprint 27.1 (39th),"{""n"":20,""b"":0,""c"":[[""TJ Friedl"",2025,30,0.94,0.65,178,0],[""Nathaniel Lowe"",2025,30,0.88,0.94,403,0],[""Nolan Arenado"",2024,33,0.9,0.87,381,0],[""Cody Bellinger"",2024,29,1.03,1.12,736,0],[""Cedric Mullins"",2025,31,1.01,0.92,462,0]]}",0.8831719249328459,0.9037653456373075,-0.01977258555069947,0.8831719249328459,498.0,498.0,,0.981,440.0,530.0,110,373,Dpf,established,1.156060606060606,-0.2717267846843249,True,516.0,495.0,-76.0,-55.0,let go,152.0,40.0,282.0,136.0,,5.0
605141,Mookie Betts,2026,1992-10-07,SS,R,Los Angeles Dodgers,123,528,478,123,25,0,23,71,69,47,2,2,3,58,1,75,9,0,0,0,0,0,0,122,0,0,33.0,528.0,11.0,8.9,0.257,0.454,0.326,0.197,0.251,0.278,0.435,0.338,0.339,0.341,0.157,0.345,0.347,-0.021,0.019,-0.001,90.2,17.9,40.4,7.8,38.0,98.722352796,93.725941924,61.5,20.3,64.6,94.8,12.5,41.3,40.1,32.8,32.8,27.8,6.7,7.0,69.6,12.9,41.5,8.8,8.2,57.0,12.0,26.7,4.58,28.0,27.0,68.0,421.0,73.9,61.2,mookie betts,LAD,Mookie Betts,LAD,SS,46.8,35.0,54.0,47.0,526.0,33.7,4.276422764227642,0.9962121212121212,119,SS,SS,False,35.0,645.6,4.468031239230923,-119.60000000000002,-0.1916084750032807,-84.0,False,False,120,True,93.55216651687982,21.05374776209442,0.8420049251717006,17.43608079585406,63.14623487885955,61.29159641480217,511.25183129366167,0.9682799835107229,14.748168706338333,0.027932137701398352,473.0,53.0,"{'C': 423, 'SS': 594, '2B': 592, '3B': 570, '1B': 601, 'OF': 526, 'UT': 473}",0.9962121212121212,0.6590909090909091,-0.6073182600669749,57.30337078651685,96.62921348314607,63.29588014981273,-39.32584269662922,-5.992509363295881,2.272727272727273,26.136363636363637,53.409090909090914,0.0010000000000000009,1.3088023088023089,6,3589,-0.31259018759018764,1.3088023088023089,5,True,-0.31259018759018764,0.6999999999999993,2.3,0.6999999999999886,36.0,1.0,140.0,0.0,Right oblique strain,67.2,2026-03-26,2026-09-27,123.0,163.0,130.0,33.0,658.0,0.946,0.0,0.0,0.15,,established,30.1,0.4,1.389,"528 PA, already has the job · avg EV 90.2 (78th pct) · got 1.00/PA but deserved 0.97 · barrel rate up 2.3 pts on last year",xwOBA 0.339 (82nd) · barrels 7.8% (55th) · EV 90.2 (76th) · hard-hit 38% (47th) · K 11% (97th) · BB 9% (53rd) · chase 20% (97th) · bat speed 69.6 mph (19th) · sprint 26.7 (29th),"{""n"":20,""b"":1,""c"":[[""Marcus Semien"",2025,35,0.92,0.82,449,0],[""Bryce Harper"",2025,33,1.09,1.07,741,0],[""Freddie Freeman"",2024,35,1.08,1.11,695,0],[""Freddie Freeman"",2025,36,1.11,0.99,651,0],[""Marcus Semien"",2024,34,0.93,0.92,489,0]]}",0.921012181595055,1.0139737183046456,-0.043716138561946734,0.921012181595055,457.0,457.0,,0.899,421.0,553.0,119,282,Dpf,established,1.3088023088023089,-0.31259018759018764,True,516.0,495.0,-95.0,-74.0,let go,151.0,49.0,312.0,137.0,,6.0
571970,Max Muncy,2026,1990-08-25,3B,L,Los Angeles Dodgers,149,561,488,123,27,1,29,81,76,65,7,3,0,140,1,66,15,0,0,0,0,0,145,0,0,2,35.0,561.0,25.0,11.6,0.252,0.49,0.348,0.238,0.294,0.242,0.47,0.361,0.349,0.333,0.227,0.441,0.421,0.01,0.02,0.012,89.9,17.5,35.8,12.9,45.8,101.023217371,94.921257221,65.7,25.8,47.1,81.0,29.2,44.9,51.3,37.5,32.7,22.6,7.2,7.0,71.3,11.4,24.9,14.0,17.1,49.6,22.0,27.2,4.42,38.0,33.0,52.0,349.0,75.2,55.6,max muncy,LAD,Max Muncy,LAD,3B,232.0,141.0,234.0,239.0,585.0,35.8,3.9261744966442955,1.0427807486631016,93,3B,3B,False,141.0,425.5,3.7174234694899297,159.5,0.20875102715436578,48.0,True,False,53,False,61.51392215496109,28.644003920250068,1.6822256946165792,26.255848230172266,73.04308823369968,73.86423340761327,559.8753216413129,0.9979952257420908,25.124678358687106,0.04478552292101079,473.0,112.0,"{'C': 423, 'SS': 594, '2B': 592, '3B': 570, '1B': 601, 'OF': 526, 'UT': 473}",1.0427807486631016,0.5775401069518716,0.9865780025406597,71.53558052434457,79.7752808988764,80.52434456928839,-8.239700374531836,-8.98876404494382,3.2085561497326203,31.016042780748666,69.5187165775401,-0.01200000000000001,1.135135135135135,6,2978,-0.09235438647203353,1.135135135135135,5,True,-0.09235438647203353,3.6000000000000014,-0.6999999999999993,0.20000000000000284,0.0,0.0,150.0,0.0,,61.8,2026-03-26,2026-09-27,149.0,163.0,163.0,0.0,558.0,0.914,0.0,0.0,0.15,,established,33.2,0.4,1.215,"561 PA, already has the job · avg EV 89.9 (73rd pct) · sprint 27.2 ft/s (43rd pct)",xwOBA 0.349 (90th) · barrels 12.9% (90th) · EV 89.9 (71st) · hard-hit 46% (84th) · K 25% (34th) · BB 12% (85th) · chase 26% (78th) · bat speed 71.3 mph (38th) · sprint 27.2 (42nd),"{""n"":20,""b"":0,""c"":[[""Christian Walker"",2024,33,1.03,0.93,596,0],[""Freddie Freeman"",2025,36,1.11,0.99,651,0],[""Willson Contreras"",2025,33,1.01,1.1,590,0],[""Christian Walker"",2025,34,0.93,0.93,591,0],[""Mike Yastrzemski"",2025,35,0.96,0.89,365,0]]}",0.9530992626415599,1.0486560054440284,-0.06305677842196104,0.9530992626415599,420.0,420.0,,0.903,400.0,572.0,135,194,Dpf,established,1.135135135135135,-0.09235438647203353,True,516.0,495.0,-116.0,-95.0,let go,150.0,55.0,323.0,148.0,,7.0
695734,Daylen Lile,2026,2002-11-30,OF,L,Washington Nationals,160,655,602,148,28,8,22,81,89,40,6,15,7,127,7,90,2,0,4,0,0,0,0,0,144,24,23.0,655.0,19.4,6.1,0.246,0.429,0.296,0.183,0.274,0.255,0.442,0.312,0.324,0.304,0.187,0.36,0.375,-0.009,-0.013,-0.012,88.6,19.2,37.8,9.6,38.0,99.074034958,93.689429833,76.2,38.5,61.0,85.5,23.6,55.8,40.7,32.4,38.2,23.0,6.4,7.5,71.5,10.2,24.9,12.8,12.3,54.9,-8.0,29.4,4.21,42.0,33.0,73.0,482.0,84.5,63.8,daylen lile,WSH,Daylen Lile,WSH,"LF,RF,DH",198.4,117.0,204.0,196.0,673.0,23.6,4.20625,1.0274809160305343,39,OF,OF,False,117.0,560.7627118644068,3.8958333333333335,112.23728813559319,0.31041666666666634,78.0,True,False,1,False,93.52143888406661,30.670741126238106,6.050201095323953,23.267618894371328,88.15474263051968,76.20973693351411,680.9584795640337,1.0396312665099752,-7.958479564033723,-0.012150350479440908,473.0,200.0,"{'C': 423, 'SS': 594, '2B': 592, '3B': 570, '1B': 601, 'OF': 526, 'UT': 473}",1.0274809160305343,0.5435114503816794,1.7578059924036116,67.04119850187266,68.16479400749064,84.26966292134831,-1.1235955056179847,-17.228464419475657,13.740458015267176,20.15267175572519,36.6412213740458,0.01200000000000001,1.1396011396011396,2,1006,-0.11212022357060536,1.1396011396011396,1,False,-0.11212022357060536,3.3999999999999986,4.3999999999999995,2.4000000000000057,0.0,0.0,0.0,0.0,,0.0,2026-03-26,2026-09-27,160.0,162.0,162.0,0.0,655.0,0.988,0.0,0.0,0.15,,young / establishing,31.1,14.0,1.22,"655 PA, already has the job · 24 years old, an age that jumps 8% of the time · sprint 29.4 ft/s (94th pct) · barrel rate up 4.4 pts on last year · bat speed up 2.4 mph",xwOBA 0.324 (68th) · barrels 9.6% (69th) · EV 88.6 (50th) · hard-hit 38% (47th) · K 19% (70th) · BB 6% (23rd) · chase 38% (11th) · bat speed 71.5 mph (42nd) · sprint 29.4 (94th),"{""n"":20,""b"":7,""c"":[[""Ceddanne Rafaela"",2025,25,1.04,1.08,624,0],[""CJ Abrams"",2024,24,1.07,1.06,674,0],[""Pete Crow-Armstrong"",2025,23,1.19,1.35,980,1],[""Jordan Beck"",2025,24,1.03,0.76,136,0],[""Zach Neto"",2024,23,1.08,1.13,625,0]]}",1.0780231717146072,1.054759704251386,0.00020861094211438216,1.0780231717146072,584.0,584.0,,1.0,630.0,647.0,20,20,GK,candidate,1.1396011396011396,-0.11212022357060536,False,516.0,495.0,114.0,135.0,clear keep,158.0,7.0,138.0,70.0,,1.0
701807,Carson Benge,2026,2003-01-20,OF,L,New York Mets,156,654,595,168,22,3,20,86,65,50,8,22,5,142,1,123,6,0,10,0,0,0,0,0,164,1,23.0,654.0,21.7,7.6,0.282,0.43,0.346,0.148,0.341,0.279,0.438,0.342,0.341,0.342,0.158,0.403,0.403,0.003,-0.008,0.001,88.8,12.1,38.1,7.3,38.8,99.519345378,93.954813653,63.8,28.0,61.3,86.3,21.4,45.8,32.6,42.7,27.5,26.7,3.1,6.6,71.0,10.6,25.3,17.0,6.7,41.4,16.0,28.6,4.27,33.0,55.0,80.0,454.0,77.8,54.8,carson benge,NYM,Carson Benge,NYM,"LF,CF,RF",298.6,180.0,330.0,332.0,713.0,23.4,4.57051282051282,1.0902140672782874,27,OF,OF,False,180.0,377.19354838709677,3.1778315144638545,335.80645161290323,1.3926813060489658,153.0,True,True,1,False,116.65010546420248,25.60943971007908,2.8358041872344173,20.90965063848403,86.79580781746841,72.59106263827918,723.4068704557477,1.1061267132350883,-10.406870455747708,-0.015912645956800864,473.0,240.0,"{'C': 423, 'SS': 594, '2B': 592, '3B': 570, '1B': 601, 'OF': 526, 'UT': 473}",1.0902140672782874,0.5152905198776758,2.8248633227210633,84.26966292134831,55.430711610486895,87.64044943820225,28.838951310861418,-3.37078651685394,20.183486238532108,18.34862385321101,45.87155963302752,-0.0010000000000000009,1.0902140672782874,1,654,0.0,,0,False,0.7402140672782874,,,,0.0,0.0,0.0,0.0,,0.0,2026-03-26,2026-09-27,156.0,166.0,166.0,0.0,638.0,0.94,0.0,0.0,0.15,,young / establishing,31.7,13.9,1.17,"654 PA in his first season, already has the job · 23 years old, an age that jumps 11% of the time · sprint 28.6 ft/s (81st pct)",xwOBA 0.341 (83rd) · barrels 7.3% (50th) · EV 88.8 (53rd) · hard-hit 39% (51st) · K 22% (56th) · BB 8% (37th) · chase 28% (66th) · bat speed 71.0 mph (35th) · sprint 28.6 (80th),"{""n"":20,""b"":2,""c"":[[""Wyatt Langford"",2024,23,1.09,1.07,615,0],[""Jonathan India"",2021,24,1.06,0.87,375,0],[""Bobby Witt Jr."",2022,22,1.06,1.25,866,1],[""CJ Abrams"",2024,24,1.07,1.06,674,0],[""Spencer Steer"",2023,26,1.06,1.03,677,0]]}",1.0123220214186432,1.0902140672782874,0.009987067316739042,1.0123220214186432,610.0,610.0,,1.0,618.0,607.0,24,82,GK,broke_out,,0.7402140672782874,False,516.0,495.0,102.0,123.0,clear keep,157.0,8.0,147.0,74.0,,2.0
624413,Pete Alonso,2026,1994-12-07,1B,R,Baltimore Orioles,161,700,602,161,24,0,43,100,113,81,12,5,1,169,5,94,4,0,0,0,143,0,0,0,0,19,31.0,700.0,24.1,11.6,0.267,0.522,0.363,0.255,0.299,0.285,0.563,0.379,0.402,0.375,0.279,0.461,0.496,-0.018,-0.041,-0.023,93.9,14.9,36.8,15.3,56.2,104.058997078,97.241695881,66.3,26.6,54.5,81.9,26.8,45.0,36.8,41.6,31.3,22.4,4.8,7.2,74.7,16.9,25.1,47.3,10.4,55.1,37.0,24.9,4.9,50.0,47.0,64.0,438.0,72.4,62.1,pete alonso,BAL,Pete Alonso,BAL,"1B,DH",24.6,20.0,24.0,24.0,792.0,31.6,4.919254658385094,1.1314285714285715,5,1B,1B,False,20.0,653.0434782608696,4.58933933933934,138.95652173913038,0.329915319045754,15.0,False,False,1,False,92.36754742299105,34.12744580953992,1.3944661119469302,43.68054065552208,92.76955614403144,107.58068029390367,815.4482364379351,1.1649260520541929,-23.448236437935066,-0.03349748062562141,473.0,319.0,"{'C': 423, 'SS': 594, '2B': 592, '3B': 570, '1B': 601, 'OF': 526, 'UT': 473}",1.1314285714285715,0.6342857142857142,6.717234002378235,91.76029962546816,94.3820224719101,98.50187265917603,-2.6217228464419406,-6.741573033707866,4.285714285714286,36.85714285714286,69.42857142857143,0.02300000000000002,1.143065693430657,6,4084,-0.011637122002085443,1.143065693430657,5,True,-0.011637122002085443,1.3000000000000007,-3.599999999999998,-0.5,0.0,0.0,0.0,0.0,,0.0,2026-03-26,2026-09-25,161.0,166.0,166.0,0.0,683.0,0.97,0.0,0.0,0.15,,established,36.9,1.7,1.223,"700 PA, already has the job · avg EV 93.9 (98th pct) · deserved 1.16/PA on contact quality, got 1.13",xwOBA 0.402 (99th) · barrels 15.3% (96th) · EV 93.9 (98th) · hard-hit 56% (98th) · K 24% (39th) · BB 12% (85th) · chase 27% (74th) · bat speed 74.7 mph (86th) · sprint 24.9 (4th),"{""n"":20,""b"":0,""c"":[[""Kyle Schwarber"",2024,31,1.1,1.21,876,0],[""Manny Machado"",2025,33,1.06,0.93,630,0],[""Kyle Schwarber"",2025,32,1.21,1.06,740,0],[""Rafael Devers"",2025,29,1.06,1.08,686,0],[""Matt Olson"",2025,31,1.05,1.05,734,0]]}",1.0385348245120762,1.0991078791513604,-0.03542513660797388,1.0385348245120762,594.0,594.0,,1.0,617.0,623.0,25,44,GK,established,1.143065693430657,-0.011637122002085443,True,516.0,495.0,101.0,122.0,clear keep,157.0,8.0,148.0,75.0,,3.0
660670,Ronald Acuña Jr.,2026,1997-12-18,OF,R,Atlanta Braves,107,469,408,104,18,1,20,61,55,53,5,21,8,103,3,65,1,0,6,0,0,0,0,0,93,14,28.0,469.0,22.0,11.3,0.255,0.451,0.345,0.196,0.292,0.261,0.495,0.348,0.366,0.349,0.235,0.4,0.428,-0.006,-0.044,-0.018,89.6,15.7,34.7,13.0,43.5,102.06326039,95.280739838,75.6,28.6,57.0,77.7,29.0,49.4,37.0,41.2,27.9,23.1,7.8,7.6,75.7,12.5,20.4,58.6,11.1,54.5,14.0,27.1,4.47,28.0,32.0,44.0,308.0,82.4,62.5,ronald acuna,ATL,Ronald Acuna Jr.,ATL,"RF,DH",6.6,6.0,6.0,7.0,536.0,28.5,5.009345794392523,1.1428571428571428,116,OF,OF,False,6.0,653.0434782608696,4.789578477078477,-117.04347826086962,0.2197673173140462,-110.0,False,False,120,True,57.27274169521823,24.984590793981823,1.7965933263816478,22.434074184418293,63.737015313079326,62.9979029155083,567.5909182285876,1.210215177459675,-31.59091822858761,-0.0673580346025322,473.0,63.0,"{'C': 423, 'SS': 594, '2B': 592, '3B': 570, '1B': 601, 'OF': 526, 'UT': 473}",1.1428571428571428,0.5778251599147122,-0.6260875786460759,94.00749063670412,80.14981273408239,62.546816479400746,13.857677902621731,31.460674157303373,26.865671641791042,25.586353944562898,67.80383795309169,0.018000000000000016,1.6027210884353742,6,2731,-0.4598639455782314,1.6027210884353742,5,True,-0.4598639455782314,-2.8000000000000007,-2.6999999999999993,-0.7000000000000028,62.0,2.0,263.0,0.0,Left hamstring strain; Strained left hamstring,145.1,2026-03-27,2026-09-26,107.0,166.0,110.0,56.0,691.0,0.973,0.0,0.0,0.15,,established,36.6,1.5,1.683,"deserved 1.21/PA on contact quality, got 1.14 · 469 PA, already has the job · avg EV 89.6 (69th pct)",xwOBA 0.366 (95th) · barrels 13.0% (90th) · EV 89.6 (66th) · hard-hit 44% (74th) · K 22% (54th) · BB 11% (82nd) · chase 29% (62nd) · bat speed 75.7 mph (93rd) · sprint 27.1 (39th),"{""n"":20,""b"":0,""c"":[[""Matt Olson"",2024,30,0.98,1.05,758,0],[""Corey Seager"",2024,30,1.07,1.05,467,0],[""Josh Lowe"",2025,27,0.97,0.89,306,0],[""Bryce Harper"",2025,33,1.09,1.07,741,0],[""Fernando Tatis Jr."",2025,26,1.16,1.19,838,0]]}",1.0911152493773826,1.162621359223301,-0.016977266744818423,1.0911152493773826,557.0,557.0,,0.884,608.0,655.0,29,17,GK,established,1.6027210884353742,-0.4598639455782314,True,516.0,495.0,92.0,113.0,clear keep,157.0,10.0,155.0,81.0,,4.0
683002,Gunnar Henderson,2026,2001-06-29,SS,L,Baltimore Orioles,158,702,623,141,27,6,24,88,60,67,10,10,5,156,2,84,18,0,0,0,0,0,0,149,0,9,25.0,702.0,22.2,9.5,0.226,0.404,0.311,0.178,0.263,0.246,0.401,0.314,0.322,0.326,0.155,0.357,0.369,-0.02,0.003,-0.008,89.2,12.2,32.6,7.7,43.3,100.503316128,94.513387015,66.2,30.4,59.0,85.6,23.3,47.5,42.6,44.1,26.0,23.2,6.6,7.3,74.1,11.5,22.6,41.6,9.9,49.1,9.0,28.2,4.25,29.0,52.0,60.0,469.0,65.7,60.8,gunnar henderson,BAL,Gunnar Henderson,BAL,"SS,DH",15.2,13.0,14.0,18.0,630.0,25.0,3.9873417721518987,0.8974358974358975,58,SS,SS,False,13.0,653.0434782608696,4.732905982905983,-23.04347826086962,-0.7455642107540843,-45.0,False,False,40,False,102.60086259772567,25.644573292506216,4.117265621810588,20.89529848795754,87.75561797855337,76.97936457238825,656.8159825509417,0.9356353027791192,-26.815982550941726,-0.03819940534322175,473.0,157.0,"{'C': 423, 'SS': 594, '2B': 592, '3B': 570, '1B': 601, 'OF': 526, 'UT': 473}",0.8974358974358975,0.45726495726495725,-0.6558518332386125,19.850187265917604,31.086142322097377,62.172284644194754,-11.235955056179773,-42.32209737827715,8.547008547008547,20.512820512820515,57.26495726495727,0.008000000000000007,1.172461752433936,4,2826,-0.27502585499803855,1.172461752433936,3,True,-0.27502585499803855,1.1999999999999993,-0.8999999999999995,-1.2000000000000028,0.0,0.0,8.0,0.0,,4.8,2026-03-26,2026-09-25,158.0,166.0,166.0,0.0,685.0,0.952,0.0,0.0,0.15,,established,33.9,2.0,1.252,"702 PA, already has the job · 25 years old, an age that jumps 5% of the time · deserved 0.94/PA on contact quality, got 0.90",xwOBA 0.322 (67th) · barrels 7.7% (53rd) · EV 89.2 (58th) · hard-hit 43% (74th) · K 22% (52nd) · BB 10% (61st) · chase 30% (49th) · bat speed 74.1 mph (79th) · sprint 28.2 (70th),"{""n"":20,""b"":0,""c"":[[""Michael Harris II"",2025,24,0.97,1.12,695,0],[""Willi Castro"",2024,27,0.97,0.9,408,0],[""Gleyber Torres"",2024,28,0.87,0.94,591,0],[""Andr\u00e9s Gim\u00e9nez"",2024,26,0.94,0.85,315,0],[""Bo Bichette"",2023,25,1.04,0.78,261,0]]}",1.0248666535076463,1.0027516624627377,-0.012781966159275364,1.0248666535076463,574.0,574.0,,0.996,588.0,615.0,38,61,GK,established,1.172461752433936,-0.27502585499803855,True,516.0,495.0,72.0,93.0,clear keep,157.0,10.0,162.0,84.0,,5.0
606466,Ketel Marte,2026,1993-10-12,2B,S,Arizona Diamondbacks,141,624,562,140,31,3,22,78,76,51,6,4,0,86,5,84,3,0,0,0,0,115,0,0,0,25,32.0,624.0,13.8,8.2,0.249,0.432,0.316,0.183,0.257,0.28,0.461,0.324,0.349,0.34,0.182,0.34,0.373,-0.031,-0.029,-0.025,90.2,13.8,31.8,9.4,43.0,101.876199664,95.156620819,67.7,31.5,63.9,89.0,19.7,48.5,48.9,41.4,27.9,23.3,7.5,7.7,74.8,15.1,27.2,46.8,9.1,58.8,4.0,26.8,4.48,29.0,44.0,66.0,481.0,86.5,59.7,ketel marte,ARI,Ketel Marte,ARI,"2B,DH",26.6,22.0,30.0,25.0,603.0,32.7,4.276595744680851,0.9663461538461539,79,2B,2B,False,22.0,653.0434782608696,4.58933933933934,-50.04347826086962,-0.3127435946584889,-57.0,False,False,42,False,101.85443208423723,30.70446383546423,2.8237760763598954,21.977328003938656,77.30729507140879,76.46121220214856,636.7725072735574,1.020468761656342,-33.77250727355738,-0.05412260781018807,473.0,130.0,"{'C': 423, 'SS': 594, '2B': 592, '3B': 570, '1B': 601, 'OF': 526, 'UT': 473}",0.9663461538461539,0.5865384615384616,-0.04489944852301231,47.940074906367045,83.14606741573034,70.0374531835206,-35.2059925093633,-22.097378277153553,3.846153846153846,21.153846153846153,49.03846153846154,0.024999999999999967,1.2058319039451115,6,3345,-0.23948575009895767,1.2058319039451115,5,True,-0.23948575009895767,-1.0999999999999996,-4.1,0.20000000000000284,11.0,1.0,56.0,0.0,Left knee inflammation,32.6,2026-03-26,2026-09-27,141.0,163.0,152.0,11.0,665.0,0.928,0.0,0.0,0.15,,established,36.0,0.6,1.286,"624 PA, already has the job · deserved 1.02/PA on contact quality, got 0.97 · avg EV 90.2 (78th pct)",xwOBA 0.349 (90th) · barrels 9.4% (67th) · EV 90.2 (76th) · hard-hit 43% (73rd) · K 14% (93rd) · BB 8% (45th) · chase 32% (43rd) · bat speed 74.8 mph (87th) · sprint 26.8 (31st),"{""n"":20,""b"":0,""c"":[[""Mookie Betts"",2025,33,0.98,1.0,526,0],[""Nick Castellanos"",2024,32,0.99,0.94,556,0],[""Yandy D\u00edaz"",2024,33,0.9,1.06,690,0],[""Carlos Correa"",2025,31,0.88,1.01,143,0],[""Marcus Semien"",2024,34,0.93,0.92,489,0]]}",1.0395122315446297,1.0482119205298013,-0.049232791438997926,1.0395122315446297,526.0,526.0,,0.974,547.0,624.0,53,42,GK,established,1.2058319039451115,-0.23948575009895767,True,516.0,495.0,31.0,52.0,marginal,155.0,15.0,203.0,95.0,,6.0
678882,Ceddanne Rafaela,2026,2000-09-18,OF,R,Boston Red Sox,138,576,541,153,32,3,16,67,70,22,8,17,9,117,3,102,2,0,8,0,0,0,0,0,137,0,25.0,576.0,20.3,3.8,0.283,0.442,0.319,0.159,0.333,0.249,0.362,0.33,0.285,0.287,0.113,0.395,0.335,0.034,0.08,0.045,86.3,12.0,34.5,5.4,31.9,96.938008578,92.469893389,71.6,45.3,61.6,84.9,24.8,57.7,34.3,43.8,25.9,25.2,5.1,7.3,69.5,6.7,24.5,6.9,8.7,50.7,6.0,28.9,4.13,32.0,51.0,70.0,429.0,77.1,68.0,ceddanne rafaela,BOS,Ceddanne Rafaela,BOS,"2B,CF",153.0,92.0,119.0,139.0,624.0,25.8,4.521739130434782,1.0833333333333333,65,2B/OF,OF,False,92.0,560.7627118644068,4.015944775657477,63.23728813559319,0.5057943547773052,27.0,False,False,41,False,99.91915155349352,20.684704392757844,1.8671365540037308,12.2380074997449,68.0829574808416,56.22246876679774,549.8564262476394,0.954611851124374,74.14357375236057,0.1287214822089593,473.0,151.0,"{'C': 423, 'SS': 594, '2B': 592, '3B': 570, '1B': 601, 'OF': 526, 'UT': 473}",1.0833333333333333,0.5173611111111112,0.9112539200860793,82.39700374531836,56.92883895131086,79.40074906367042,25.4681647940075,2.9962546816479403,17.708333333333332,16.666666666666664,22.916666666666668,-0.04500000000000004,1.0833333333333333,3,1823,0.0,1.0442930153321976,2,True,0.03904031800113561,0.40000000000000213,-3.799999999999999,-1.5,17.0,1.0,17.0,0.0,,17.0,2026-03-26,2026-09-27,138.0,165.0,150.0,15.0,622.0,0.92,0.0,0.0,0.15,,established,26.4,1.4,1.163,"576 PA, already has the job · 1.08/PA is his best rate yet, so the bar is one step up · sprint 28.9 ft/s (88th pct)",xwOBA 0.285 (25th) · barrels 5.4% (32nd) · EV 86.3 (15th) · hard-hit 32% (20th) · K 20% (63rd) · BB 4% (5th) · chase 45% (1st) · bat speed 69.5 mph (19th) · sprint 28.9 (86th),"{""n"":20,""b"":1,""c"":[[""Daulton Varsho"",2024,28,0.99,1.17,318,0],[""Andy Pages"",2025,25,1.08,1.15,660,0],[""Thairo Estrada"",2023,27,1.03,0.82,313,0],[""Ha-Seong Kim"",2023,28,1.09,0.99,465,0],[""Andr\u00e9s Gim\u00e9nez"",2023,25,1.03,0.94,594,0]]}",0.9630891750526493,1.057025920873124,-0.012922554732705567,0.9630891750526493,526.0,526.0,,0.986,507.0,578.0,76,170,GK,established,1.0442930153321976,0.03904031800113561,True,516.0,495.0,-9.0,12.0,let go,154.0,23.0,231.0,111.0,,7.0
691718,Pete Crow-Armstrong,2026,2002-03-25,OF,L,Chicago Cubs,162,726,626,175,31,8,45,119,107,83,12,41,7,187,4,91,6,0,5,0,0,0,0,0,157,4,24.0,726.0,25.8,11.4,0.28,0.57,0.372,0.29,0.327,0.264,0.508,0.4,0.374,0.355,0.245,0.508,0.467,0.016,0.062,0.026,90.6,22.0,38.1,13.3,48.6,102.38778711,95.808047982,68.6,34.2,58.0,82.8,26.3,50.1,51.1,31.3,33.6,23.4,11.7,7.5,75.1,12.6,20.6,53.7,15.6,51.4,51.0,29.5,4.26,64.0,44.0,64.0,444.0,76.0,62.8,pete crowarmstrong,CHC,Pete Crow-Armstrong,CHC,CF,30.4,25.0,29.0,29.0,980.0,24.3,6.049382716049383,1.3498622589531681,1,OF,OF,False,25.0,653.0,4.530864197530864,327.0,1.518518518518519,24.0,False,False,1,False,90.94809747136726,31.827041603767192,5.923624378363846,36.56523654650171,111.32772236332806,94.90993278842976,912.1356551517578,1.2563851999335507,67.86434484824224,0.09347705901961745,473.0,507.0,"{'C': 423, 'SS': 594, '2B': 592, '3B': 570, '1B': 601, 'OF': 526, 'UT': 473}",1.3498622589531681,0.7162534435261708,11.825108555950967,100.0,99.25093632958801,100.0,0.7490636704119851,0.0,33.88429752066116,37.1900826446281,68.59504132231405,-0.026000000000000023,1.3498622589531681,3,1802,0.0,1.1854714064914993,2,True,0.16439085246166885,1.8000000000000007,0.20000000000000107,2.3999999999999915,0.0,0.0,0.0,0.0,,0.0,2026-03-26,2026-09-27,162.0,165.0,165.0,0.0,713.0,0.982,0.0,0.0,0.15,,established,36.6,9.6,1.43,"726 PA, already has the job · 24 years old, an age that jumps 8% of the time · 1.35/PA is his best rate yet, so the bar is one step up · bat speed up 2.4 mph",xwOBA 0.374 (96th) · barrels 13.3% (92nd) · EV 90.6 (82nd) · hard-hit 49% (90th) · K 26% (29th) · BB 11% (83rd) · chase 34% (28th) · bat speed 75.1 mph (89th) · sprint 29.5 (95th),"{""n"":20,""b"":1,""c"":[[""Gunnar Henderson"",2024,23,1.17,1.1,715,0],[""Julio Rodr\u00edguez"",2023,22,1.23,1.06,650,0],[""Corbin Carroll"",2025,25,1.29,1.08,728,0],[""Corbin Carroll"",2023,23,1.36,1.14,781,0],[""Julio Rodr\u00edguez"",2025,24,1.18,1.0,651,0]]}",1.2236331070050035,1.2719851277077272,0.00020861094211438216,1.2236331070050035,564.0,564.0,,1.0,690.0,734.0,6,1,GLIZZY,established,1.1854714064914993,0.16439085246166885,True,516.0,495.0,174.0,195.0,lock,160.0,4.0,103.0,42.0,,1.0
678246,Miguel Vargas,2026,1999-11-17,3B,R,Chicago White Sox,159,704,588,147,31,1,33,106,93,101,7,22,2,126,7,82,14,0,0,0,32,0,140,0,0,6,26.0,704.0,17.9,14.3,0.25,0.474,0.363,0.224,0.261,0.263,0.496,0.363,0.378,0.371,0.233,0.387,0.41,-0.013,-0.022,-0.015,90.1,20.5,39.4,13.0,43.8,100.367790769,94.615853953,68.9,20.9,68.6,82.4,21.0,43.9,46.7,30.1,35.4,23.9,10.7,7.8,73.9,13.0,26.3,42.4,12.8,64.9,28.0,28.6,4.37,44.0,32.0,69.0,469.0,75.3,59.6,miguel vargas,CWS,Miguel Vargas,CWS,"1B,3B,DH",289.0,174.0,273.0,229.0,785.0,26.6,4.937106918238993,1.1150568181818181,7,1B/3B,1B/3B,False,174.0,377.19354838709677,3.2573529411764706,407.80645161290323,1.6797539770625227,167.0,True,True,1,False,84.77995994359794,35.33463403482912,1.9188520995479168,32.61055392202502,103.59890379126745,91.1219674496746,801.012871240942,1.1378023739217926,-16.01287124094199,-0.0227455557399745,473.0,312.0,"{'C': 423, 'SS': 594, '2B': 592, '3B': 570, '1B': 601, 'OF': 526, 'UT': 473}",1.1150568181818181,0.6747159090909091,5.643926929392719,89.13857677902621,98.12734082397003,96.62921348314607,-8.98876404494382,-7.490636704119865,18.75,28.125,86.07954545454545,0.015000000000000013,1.1150568181818181,4,1864,0.0,0.929701230228471,3,False,0.18535558795334717,0.29999999999999716,3.5999999999999996,3.3000000000000114,0.0,0.0,9.0,0.0,,5.3999999999999995,2026-03-26,2026-09-26,159.0,164.0,164.0,0.0,695.0,0.97,0.0,0.0,0.15,,established,35.0,20.0,1.195,"704 PA, already has the job · 1.12/PA is his best rate yet, so the bar is one step up · avg EV 90.1 (77th pct) · barrel rate up 3.6 pts on last year · bat speed up 3.3 mph",xwOBA 0.378 (97th) · barrels 13.0% (90th) · EV 90.1 (74th) · hard-hit 44% (77th) · K 18% (78th) · BB 14% (96th) · chase 21% (95th) · bat speed 73.9 mph (77th) · sprint 28.6 (80th),"{""n"":20,""b"":1,""c"":[[""Brice Turang"",2025,26,1.11,1.12,762,0],[""Maikel Garcia"",2025,25,1.08,0.93,320,0],[""Gavin Sheets"",2025,29,0.96,0.92,384,0],[""Alejandro Kirk"",2025,27,1.02,1.03,323,0],[""William Contreras"",2024,26,1.14,1.03,681,0]]}",1.0989144224280922,1.0303627407075684,-0.020388161675196873,1.0989144224280922,615.0,615.0,,0.996,676.0,659.0,10,15,GLIZZY,broke_out,0.929701230228471,0.18535558795334717,False,516.0,495.0,160.0,181.0,lock,159.0,4.0,112.0,46.0,,2.0
805808,Kevin McGonigle,2026,2004-08-18,SS,L,Detroit Tigers,156,707,605,168,28,5,18,97,72,95,3,12,4,100,4,117,19,0,0,0,0,0,94,96,0,5,21.0,707.0,14.1,13.4,0.278,0.43,0.376,0.152,0.305,0.264,0.445,0.357,0.355,0.364,0.182,0.362,0.36,0.014,-0.015,0.002,87.8,19.5,36.3,7.3,37.6,98.454122638,93.40873561,67.2,19.6,66.7,89.0,16.2,42.9,37.1,33.8,35.6,22.8,7.9,6.9,71.2,10.5,29.9,16.0,15.3,49.8,24.0,28.2,4.35,38.0,49.0,80.0,509.0,76.6,55.0,kevin mcgonigle,DET,Kevin McGonigle,DET,"3B,SS",248.4,152.0,264.0,245.0,712.0,21.9,4.564102564102564,1.007072135785007,28,3B/SS,3B/SS,False,152.0,425.5,3.7174234694899297,286.5,0.8466790946126341,124.0,True,True,1,False,99.32426777866539,33.25421953636942,4.568757591264977,22.57275509370021,95.71648579447474,82.53371505510351,722.8002008495782,1.0223482331677203,-10.800200849578232,-0.015276097382713294,473.0,239.0,"{'C': 423, 'SS': 594, '2B': 592, '3B': 570, '1B': 601, 'OF': 526, 'UT': 473}",1.007072135785007,0.6166902404526167,2.520498681454847,60.67415730337079,89.8876404494382,87.26591760299625,-29.213483146067404,-26.591760299625463,10.183875530410184,15.275813295615277,80.62234794908062,-0.0020000000000000018,1.007072135785007,1,707,0.0,,0,False,0.657072135785007,,,,0.0,0.0,0.0,0.0,,0.0,2026-03-26,2026-09-27,156.0,164.0,164.0,0.0,698.0,0.951,0.0,0.0,0.15,,young / establishing,31.3,41.7,1.087,"707 PA in his first season, already has the job · 22 years old, an age that jumps 18% of the time · sprint 28.2 ft/s (71st pct)",xwOBA 0.355 (92nd) · barrels 7.3% (50th) · EV 87.8 (37th) · hard-hit 38% (44th) · K 14% (92nd) · BB 13% (94th) · chase 20% (98th) · bat speed 71.2 mph (37th) · sprint 28.2 (70th),"{""n"":20,""b"":2,""c"":[[""Bobby Witt Jr."",2022,22,1.06,1.25,866,1],[""Wyatt Langford"",2024,23,1.09,1.07,615,0],[""Dylan Carlson"",2021,23,0.99,0.91,445,0],[""Nolan Schanuel"",2024,22,0.88,0.91,514,0],[""Jonathan India"",2021,24,1.06,0.87,375,0]]}",1.0467531145416025,1.007072135785007,0.009942511913038151,1.0467531145416025,630.0,630.0,,1.0,659.0,628.0,13,34,GLIZZY,broke_out,,0.657072135785007,False,516.0,495.0,143.0,164.0,lock,159.0,5.0,117.0,51.0,,3.0
668227,Randy Arozarena,2026,1995-02-28,OF,R,Seattle Mariners,154,670,572,161,34,2,26,113,79,68,26,26,8,145,4,99,2,0,4,0,0,0,0,0,149,5,31.0,670.0,21.6,10.1,0.281,0.484,0.381,0.203,0.333,0.258,0.419,0.379,0.348,0.362,0.161,0.435,0.388,0.023,0.065,0.031,90.8,10.0,36.0,8.1,43.5,100.588190372,94.755039419,63.3,30.6,68.4,76.7,26.3,45.9,36.2,48.5,23.7,23.4,4.4,7.2,70.9,11.1,26.1,22.2,7.9,58.6,37.0,27.1,4.41,33.0,59.0,68.0,431.0,76.4,61.1,randy arozarena,SEA,Randy Arozarena,SEA,"LF,CF",83.0,55.0,83.0,50.0,808.0,31.3,5.246753246753247,1.2059701492537314,4,OF,OF,False,55.0,563.0,4.290827223004798,245.0,0.9559260237484493,51.0,True,False,1,False,98.11264674878933,27.207315651538007,1.8834284505559682,20.372609149116684,84.59590422230376,76.03273493990261,725.8726391622064,1.0833919987495617,82.12736083779362,0.12257815050416965,473.0,335.0,"{'C': 423, 'SS': 594, '2B': 592, '3B': 570, '1B': 601, 'OF': 526, 'UT': 473}",1.2059701492537314,0.6238805970149254,6.262209931224897,97.75280898876404,92.13483146067416,98.12734082397003,5.617977528089881,-0.37453183520598543,23.283582089552237,23.283582089552237,60.895522388059696,-0.031000000000000028,1.2059701492537314,6,3930,0.0,1.1423841059602649,5,True,0.06358604329346651,-5.299999999999997,-3.4000000000000004,-1.3999999999999915,7.0,1.0,7.0,0.0,,7.0,2026-03-26,2026-09-27,154.0,162.0,155.0,7.0,700.0,0.994,0.0,0.0,0.15,,established,32.7,0.4,1.286,"670 PA, already has the job · 1.21/PA is his best rate yet, so the bar is one step up · avg EV 90.8 (86th pct)",xwOBA 0.348 (89th) · barrels 8.1% (57th) · EV 90.8 (85th) · hard-hit 44% (74th) · K 22% (56th) · BB 10% (68th) · chase 31% (48th) · bat speed 70.9 mph (33rd) · sprint 27.1 (39th),"{""n"":20,""b"":0,""c"":[[""Francisco Lindor"",2025,32,1.14,0.92,432,0],[""Brandon Nimmo"",2025,32,1.06,0.92,601,0],[""Trea Turner"",2025,32,1.19,0.93,653,0],[""Jos\u00e9 Ram\u00edrez"",2025,33,1.26,1.05,570,0],[""Manny Machado"",2024,32,1.08,1.06,722,0]]}",1.0223452877375356,1.130485346565359,-0.03573509974786369,1.0223452877375356,613.0,613.0,,0.994,627.0,613.0,21,70,GLIZZY,established,1.1423841059602649,0.06358604329346651,True,516.0,495.0,111.0,132.0,clear keep,158.0,7.0,139.0,70.0,,4.0
677800,Wilyer Abreu,2026,1999-06-24,OF,L,Boston Red Sox,157,681,597,148,38,4,24,81,76,71,3,8,4,141,7,82,9,0,13,0,0,0,0,0,153,4,27.0,681.0,20.7,10.4,0.248,0.446,0.327,0.198,0.282,0.253,0.468,0.335,0.346,0.331,0.216,0.381,0.398,-0.005,-0.022,-0.011,89.8,18.9,36.2,12.5,43.5,100.851443463,94.713825411,67.8,29.9,61.4,82.4,24.6,47.5,35.8,33.2,35.8,22.4,8.6,7.2,73.8,11.9,24.3,36.3,8.0,51.0,11.0,28.0,4.28,52.0,41.0,55.0,464.0,71.8,58.1,wilyer abreu,BOS,Wilyer Abreu,BOS,"LF,CF,RF",210.6,125.0,214.0,197.0,686.0,27.0,4.369426751592357,1.0073421439060206,35,OF,OF,False,125.0,452.0,3.7174234694899297,234.0,0.6520032821024273,90.0,True,True,1,False,79.81385165638716,40.3878736688095,3.953697693219537,26.885576981583807,91.06413587627377,86.42461748483872,723.5227533611124,1.0624416348915013,-37.52275336111245,-0.055099490985480726,473.0,213.0,"{'C': 423, 'SS': 594, '2B': 592, '3B': 570, '1B': 601, 'OF': 526, 'UT': 473}",1.0073421439060206,0.5301027900146843,0.6769518498796911,61.04868913857678,61.42322097378277,76.77902621722846,-0.37453183520598543,-15.73033707865168,7.048458149779735,21.145374449339208,62.55506607929516,0.010999999999999954,1.0935251798561152,3,1630,-0.08618303595009458,1.0935251798561152,2,False,-0.08618303595009458,-3.5,0.1999999999999993,-0.29999999999999716,0.0,0.0,60.0,0.0,,30.599999999999998,2026-03-26,2026-09-27,157.0,165.0,165.0,0.0,669.0,0.952,0.0,0.0,0.15,,established,34.9,8.2,1.174,"681 PA, already has the job · deserved 1.06/PA on contact quality, got 1.01 · avg EV 89.8 (72nd pct)",xwOBA 0.346 (88th) · barrels 12.5% (88th) · EV 89.8 (70th) · hard-hit 44% (74th) · K 21% (62nd) · BB 10% (72nd) · chase 30% (53rd) · bat speed 73.8 mph (76th) · sprint 28.0 (63rd),"{""n"":20,""b"":0,""c"":[[""Carlos Correa"",2022,28,0.99,0.87,505,0],[""Will Smith"",2022,27,1.05,1.08,601,0],[""Bryan Reynolds"",2023,28,1.06,1.05,727,0],[""Dansby Swanson"",2023,29,0.97,1.0,593,0],[""Bo Bichette"",2023,25,1.04,0.78,261,0]]}",1.0547019875271229,1.0356707030883319,-0.020388161675196873,1.0547019875271229,557.0,557.0,,0.976,587.0,633.0,40,28,GLIZZY,candidate,1.0935251798561152,-0.08618303595009458,False,516.0,495.0,71.0,92.0,clear keep,156.0,11.0,165.0,85.0,,5.0
661388,William Contreras,2026,1997-12-24,C,R,Milwaukee Brewers,147,640,566,153,27,1,18,82,94,61,4,1,2,94,9,107,0,25,0,128,0,0,0,0,0,20,28.0,640.0,14.7,9.5,0.27,0.417,0.341,0.147,0.292,0.261,0.441,0.33,0.334,0.328,0.181,0.349,0.355,0.009,-0.024,-0.004,90.3,13.2,33.3,8.5,44.1,101.24009195,94.956986071,68.0,28.3,62.5,87.1,20.7,47.2,36.4,40.5,25.6,25.2,8.7,7.2,73.5,15.8,31.4,37.1,8.6,59.1,10.0,26.0,4.61,27.0,52.0,74.0,481.0,78.4,61.5,william contreras,MIL,William Contreras,MIL,"C,DH",56.0,40.0,48.0,58.0,683.0,28.5,4.64625850340136,1.0671875,37,C,C,False,40.0,626.0,4.468031239230923,57.0,0.17822726417043722,3.0,False,False,1,False,91.57543823588229,32.06138071586685,1.8829238606194425,22.206257187631422,74.28873274535441,79.03417715100376,669.2209098963582,1.0456576717130597,13.779090103641806,0.021529828286940278,423.0,260.0,"{'C': 423, 'SS': 594, '2B': 592, '3B': 570, '1B': 601, 'OF': 526, 'UT': 473}",1.0671875,0.59375,1.402257654233536,79.7752808988764,85.0187265917603,83.14606741573034,-5.2434456928838955,-3.37078651685394,0.9375,16.875,57.1875,0.0040000000000000036,1.1443298969072164,5,3150,-0.07714239690721647,1.1443298969072164,4,True,-0.07714239690721647,-3.5,2.0999999999999996,0.29999999999999716,0.0,0.0,0.0,0.0,,0.0,2026-03-26,2026-09-26,147.0,165.0,165.0,0.0,628.0,0.891,0.0,0.0,0.15,,established,34.5,2.3,1.224,"640 PA, already has the job · avg EV 90.3 (79th pct) · got 1.07/PA but deserved 1.05 · barrel rate up 2.1 pts on last year",xwOBA 0.334 (78th) · barrels 8.5% (61st) · EV 90.3 (77th) · hard-hit 44% (78th) · K 15% (89th) · BB 10% (61st) · chase 28% (64th) · bat speed 73.5 mph (72nd) · sprint 26.0 (15th),"{""n"":20,""b"":0,""c"":[[""Bo Bichette"",2025,27,1.08,0.89,616,0],[""Alec Bohm"",2024,28,1.0,0.93,470,0],[""Anthony Santander"",2024,30,1.08,0.68,151,0],[""Alex Bregman"",2024,30,0.97,1.01,498,0],[""Gleyber Torres"",2025,28,0.94,0.89,374,0]]}",1.0273295847948345,1.0690823985150513,-0.016977266744818423,1.0273295847948345,571.0,571.0,,1.0,587.0,616.0,40,55,GLIZZY,established,1.1443298969072164,-0.07714239690721647,True,516.0,495.0,71.0,92.0,clear keep,156.0,11.0,167.0,85.0,,6.0
647304,Josh Naylor,2026,1997-06-22,1B,L,Seattle Mariners,152,650,597,156,23,0,10,58,57,45,5,30,9,79,2,123,7,0,0,0,152,0,0,0,0,0,29.0,650.0,12.2,6.9,0.261,0.35,0.317,0.089,0.286,0.269,0.381,0.297,0.31,0.322,0.112,0.306,0.322,-0.008,-0.031,-0.013,87.0,10.8,35.4,4.4,35.6,98.36910393,93.264796654,69.4,37.8,72.4,90.3,16.9,51.9,40.6,45.4,21.0,24.6,9.0,7.5,70.1,10.5,32.1,8.9,7.1,44.1,-17.0,24.3,4.76,27.0,49.0,78.0,520.0,80.1,61.1,josh naylor,SEA,Josh Naylor,SEA,"1B,DH",57.6,41.0,60.0,55.0,613.0,29.0,4.032894736842105,0.943076923076923,73,1B,1B,False,41.0,613.0,4.468031239230923,0.0,-0.4351365023888176,-32.0,False,False,42,False,122.13087236082214,23.764903702361224,0.9925755128111867,13.704648424005466,63.268935424944225,71.0473394223635,655.3662748473077,1.0082558074573966,-42.36627484730775,-0.06517888438047359,473.0,140.0,"{'C': 423, 'SS': 594, '2B': 592, '3B': 570, '1B': 601, 'OF': 526, 'UT': 473}",0.943076923076923,0.49230769230769234,-0.6888328747884194,38.57677902621723,47.19101123595505,60.67415730337079,-8.614232209737821,-22.09737827715356,27.692307692307693,9.230769230769232,41.53846153846154,0.013000000000000012,1.1937086092715232,6,3130,-0.2506316861946002,1.1937086092715232,5,True,-0.2506316861946002,-1.5,-2.3,-0.8000000000000114,0.0,0.0,0.0,0.0,,0.0,2026-03-26,2026-09-27,152.0,162.0,162.0,0.0,650.0,0.938,0.0,0.0,0.15,,established,28.9,0.9,1.274,"650 PA, already has the job · deserved 1.01/PA on contact quality, got 0.94 · already 29, an age that jumps 4% of the time",xwOBA 0.310 (53rd) · barrels 4.4% (24th) · EV 87.0 (24th) · hard-hit 36% (35th) · K 12% (96th) · BB 7% (29th) · chase 38% (13th) · bat speed 70.1 mph (25th) · sprint 24.3 (1st),"{""n"":20,""b"":0,""c"":[[""Ozzie Albies"",2025,28,0.92,0.88,604,0],[""Luis Arraez"",2025,28,0.92,0.96,627,0],[""Alex Verdugo"",2024,28,0.86,0.73,156,0],[""Carlos Correa"",2025,31,0.88,1.01,143,0],[""J.P. Crawford"",2025,30,0.88,0.81,394,0]]}",0.9540745402860229,1.0343508275804707,-0.02627946897975689,0.9540745402860229,523.0,523.0,,1.0,499.0,572.0,82,194,GLIZZY,established,1.1937086092715232,-0.2506316861946002,True,516.0,495.0,-17.0,4.0,let go,154.0,25.0,238.0,112.0,,7.0
676475,Alec Burleson,2026,1998-11-25,1B,L,St. Louis Cardinals,160,670,605,169,37,1,26,89,116,55,6,4,0,121,4,105,8,0,0,0,156,0,0,0,0,3,27.0,670.0,18.1,8.2,0.279,0.473,0.343,0.194,0.31,0.289,0.522,0.353,0.374,0.349,0.234,0.4,0.428,-0.01,-0.049,-0.021,92.0,13.0,34.6,11.3,50.0,102.344379671,95.865822963,72.6,38.1,68.2,83.4,22.5,53.6,48.6,44.7,26.6,22.5,6.1,7.7,73.8,14.9,26.5,37.6,14.1,52.5,21.0,25.6,4.49,35.0,54.0,80.0,488.0,86.0,62.7,alec burleson,STL,Alec Burleson,STL,"1B,LF,RF,DH",172.6,100.0,165.0,185.0,725.0,27.6,4.53125,1.0820895522388059,23,1B/OF,1B,False,100.0,560.7627118644068,4.015944775657477,164.2372881355932,0.5153052243425229,77.0,True,True,1,False,97.72177938521995,43.830532498147335,2.138596848045451,31.15409126858726,84.53317796538505,93.91630246261616,734.7094804280011,1.0965813140716434,-9.709480428001143,-0.014491761832837513,473.0,252.0,"{'C': 423, 'SS': 594, '2B': 592, '3B': 570, '1B': 601, 'OF': 526, 'UT': 473}",1.0820895522388059,0.6402985074626866,4.739547497427841,82.02247191011236,94.7565543071161,94.00749063670412,-12.734082397003746,-11.985018726591761,3.582089552238806,23.283582089552237,49.25373134328358,0.02100000000000002,1.0820895522388059,4,2211,0.0,1.0134453781512605,3,True,0.06864417408754542,3.6000000000000014,1.8000000000000007,1.5,0.0,0.0,10.0,0.0,,6.0,2026-03-26,2026-09-26,160.0,166.0,166.0,0.0,654.0,0.964,0.0,0.0,0.15,,established,36.0,10.0,1.162,"670 PA, already has the job · avg EV 92.0 (93rd pct) · 1.08/PA is his best rate yet, so the bar is one step up · bat speed up 1.5 mph",xwOBA 0.374 (96th) · barrels 11.3% (81st) · EV 92.0 (92nd) · hard-hit 50% (94th) · K 18% (77th) · BB 8% (45th) · chase 38% (12th) · bat speed 73.8 mph (76th) · sprint 25.6 (10th),"{""n"":20,""b"":0,""c"":[[""William Contreras"",2024,26,1.14,1.03,681,0],[""Trent Grisham"",2025,29,1.05,0.98,472,0],[""Vinnie Pasquantino"",2025,28,1.02,0.97,467,0],[""Rafael Devers"",2023,27,1.08,1.08,651,0],[""Alec Bohm"",2024,28,1.0,0.93,470,0]]}",1.0751180711316437,1.0513561771958166,-0.016977266744818423,1.0751180711316437,582.0,582.0,,0.995,626.0,645.0,22,23,LTTA,established,1.0134453781512605,0.06864417408754542,True,516.0,495.0,110.0,131.0,clear keep,158.0,7.0,140.0,71.0,,1.0
687263,Zach Neto,2026,2001-01-31,SS,R,Los Angeles Angels,157,704,619,148,31,5,27,102,77,70,14,24,12,215,1,85,18,0,0,0,0,0,0,153,0,3,25.0,704.0,30.5,9.9,0.239,0.436,0.33,0.197,0.32,0.216,0.412,0.336,0.318,0.309,0.196,0.44,0.407,0.023,0.024,0.018,89.9,22.8,38.3,11.9,41.6,99.89467408,94.293639279,68.2,36.9,46.0,82.2,32.9,50.3,48.9,30.6,35.6,23.5,10.4,7.1,71.5,7.9,21.3,17.0,20.2,39.9,16.0,27.9,4.39,41.0,36.0,68.0,405.0,74.9,65.1,zach neto,LAA,Zach Neto,LAA,SS,34.0,28.0,28.0,42.0,735.0,25.4,4.681528662420382,1.0440340909090908,20,SS,SS,False,28.0,652.3333333333334,4.5305836139169475,82.66666666666663,0.15094504850343426,8.0,False,False,1,False,69.91638454050371,32.88783942140182,4.263167535685247,26.636608502409228,88.98074465145758,84.39272020000485,700.1054648514624,0.9944679898458273,34.89453514853756,0.049566101063263535,473.0,262.0,"{'C': 423, 'SS': 594, '2B': 592, '3B': 570, '1B': 601, 'OF': 526, 'UT': 473}",1.0440340909090908,0.4659090909090909,3.468137080798214,71.91011235955057,35.2059925093633,90.2621722846442,36.70411985018727,-18.352059925093627,20.454545454545453,23.011363636363637,59.65909090909091,-0.018000000000000016,1.128158844765343,4,2189,-0.08412475385625218,1.128158844765343,3,True,-0.08412475385625218,3.6000000000000014,-2.0999999999999996,0.09999999999999432,0.0,0.0,34.0,0.0,,20.4,2026-03-26,2026-09-27,157.0,162.0,162.0,0.0,704.0,0.969,0.0,0.0,0.15,,established,31.5,2.6,1.208,"704 PA, already has the job · 25 years old, an age that jumps 5% of the time · avg EV 89.9 (73rd pct)",xwOBA 0.318 (63rd) · barrels 11.9% (83rd) · EV 89.9 (71st) · hard-hit 42% (65th) · K 30% (13th) · BB 10% (66th) · chase 37% (17th) · bat speed 71.5 mph (42nd) · sprint 27.9 (60th),"{""n"":20,""b"":2,""c"":[[""Lawrence Butler"",2025,25,1.02,0.96,519,0],[""Elly De La Cruz"",2025,24,1.12,1.21,770,0],[""Cal Raleigh"",2023,27,1.06,1.09,683,0],[""CJ Abrams"",2025,25,1.06,1.21,789,1],[""Jazz Chisholm Jr."",2024,26,1.14,1.18,628,0]]}",1.0414905136237724,1.0720624486442072,-0.012781966159275364,1.0414905136237724,596.0,596.0,,0.984,621.0,625.0,23,39,LTTA,established,1.128158844765343,-0.08412475385625218,True,516.0,495.0,105.0,126.0,clear keep,158.0,7.0,142.0,74.0,,2.0
671056,Iván Herrera,2026,2000-06-01,DH,R,St. Louis Cardinals,161,717,605,146,26,1,19,98,69,76,31,8,0,138,5,100,3,2,0,52,1,0,0,0,0,108,26.0,717.0,19.2,10.6,0.241,0.382,0.353,0.141,0.28,0.249,0.39,0.329,0.336,0.357,0.141,0.344,0.353,-0.008,-0.008,-0.007,89.4,9.4,31.6,6.2,40.6,100.671085171,94.557141432,61.6,28.4,63.1,87.4,20.8,44.2,37.7,48.5,20.1,22.7,8.7,7.7,73.6,12.0,24.6,40.3,7.6,46.0,15.0,26.1,4.71,31.0,48.0,66.0,472.0,67.9,62.2,ivan herrera,STL,Ivan Herrera,STL,"C,DH",176.0,103.0,156.0,317.0,676.0,26.1,4.198757763975156,0.9428172942817294,38,C,C,False,103.0,560.7627118644068,4.015944775657477,115.23728813559319,0.18281298831767856,65.0,True,False,1,False,104.47787399394267,25.824116761169698,1.5481444958326442,18.794864749054998,82.31703695641164,79.2482142741321,680.1602512305437,0.9486195972531991,-4.160251230543736,-0.005802302971469664,423.0,253.0,"{'C': 423, 'SS': 594, '2B': 592, '3B': 570, '1B': 601, 'OF': 526, 'UT': 473}",0.9428172942817294,0.4797768479776848,0.4511449997534148,38.20224719101123,40.44943820224719,74.90636704119851,-2.247191011235955,-36.704119850187276,6.694560669456067,15.899581589958158,63.59832635983263,0.007000000000000006,1.086283185840708,3,1494,-0.1434658915589786,1.086283185840708,2,False,-0.1434658915589786,0.5999999999999979,-4.8999999999999995,-0.7000000000000028,0.0,0.0,75.0,0.0,,39.0,2026-03-26,2026-09-27,161.0,166.0,166.0,0.0,700.0,0.97,0.0,0.0,0.15,,established,34.4,3.8,1.166,"717 PA, already has the job · 26 years old, an age that jumps 4% of the time · avg EV 89.4 (66th pct)",xwOBA 0.336 (80th) · barrels 6.2% (38th) · EV 89.4 (63rd) · hard-hit 41% (59th) · K 19% (71st) · BB 11% (76th) · chase 28% (63rd) · bat speed 73.6 mph (74th) · sprint 26.1 (17th),"{""n"":20,""b"":0,""c"":[[""Heliot Ramos"",2025,26,0.93,0.93,411,0],[""Adley Rutschman"",2024,26,0.96,0.87,318,0],[""Alex Verdugo"",2022,26,0.95,0.99,596,0],[""Nathaniel Lowe"",2023,28,0.95,0.94,531,0],[""Yainer Diaz"",2024,26,1.07,0.99,559,0]]}",0.9945921125221113,0.9888357256778308,-0.012922554732705567,0.9945921125221113,549.0,549.0,,0.969,546.0,597.0,55,106,LTTA,candidate,1.086283185840708,-0.1434658915589786,False,516.0,495.0,30.0,51.0,marginal,155.0,17.0,199.0,94.0,,3.0
650490,Yandy Díaz,2026,1991-08-08,DH,R,Tampa Bay Rays,154,686,614,180,26,1,22,93,85,56,10,3,1,98,6,131,0,0,0,0,0,0,0,0,0,154,34.0,686.0,14.3,8.2,0.293,0.446,0.359,0.153,0.316,0.281,0.439,0.35,0.346,0.346,0.157,0.376,0.371,0.012,0.007,0.004,90.9,6.0,29.7,7.1,48.1,102.454762731,95.709031327,67.1,29.0,77.5,88.7,14.8,47.5,22.8,50.8,19.5,24.1,5.6,7.6,73.5,17.2,29.3,38.3,1.5,27.9,23.0,26.0,4.66,29.0,70.0,81.0,522.0,63.8,64.1,yandy diaz,TB,Yandy Diaz,TB,"1B,DH",126.2,81.0,123.0,133.0,707.0,34.9,4.590909090909091,1.030612244897959,30,1B,UT,False,81.0,560.7627118644068,4.015944775657477,146.2372881355932,0.5749643152516137,51.0,True,False,1,False,121.43740023491384,27.61805450837109,1.6556902785163823,21.822854978198716,79.75271053712859,80.83905888695223,677.0577694240809,0.9869646784607593,29.942230575919098,0.0436475664371998,473.0,234.0,"{'C': 423, 'SS': 594, '2B': 592, '3B': 570, '1B': 601, 'OF': 526, 'UT': 473}",1.030612244897959,0.6020408163265306,3.349327463135534,67.79026217228464,86.51685393258427,89.51310861423221,-18.726591760299627,-21.722846441947567,2.623906705539359,19.24198250728863,48.97959183673469,-0.0040000000000000036,1.1483333333333334,6,3657,-0.11772108843537432,1.1483333333333334,5,True,-0.11772108843537432,0.20000000000000107,-1.200000000000001,0.0,0.0,0.0,0.0,0.0,,0.0,2026-03-26,2026-09-26,154.0,164.0,164.0,0.0,678.0,0.939,0.0,0.0,0.15,,established,35.5,0.5,1.228,"686 PA, already has the job · avg EV 90.9 (87th pct) · 1.03/PA this year against 1.15 at his best, two steps to clear",xwOBA 0.346 (88th) · barrels 7.1% (48th) · EV 90.9 (86th) · hard-hit 48% (89th) · K 14% (91st) · BB 8% (45th) · chase 29% (59th) · bat speed 73.5 mph (72nd) · sprint 26.0 (15th),"{""n"":20,""b"":0,""c"":[[""Freddie Freeman"",2025,36,1.11,0.99,651,0],[""Freddie Freeman"",2024,35,1.08,1.11,695,0],[""Manny Machado"",2025,33,1.06,0.93,630,0],[""Mike Yastrzemski"",2025,35,0.96,0.89,365,0],[""Brandon Nimmo"",2025,32,1.06,0.92,601,0]]}",0.9564323078135407,1.0197165254572806,-0.05989080447742173,0.9564323078135407,568.0,568.0,,0.95,543.0,574.0,58,187,LTTA,established,1.1483333333333334,-0.11772108843537432,True,516.0,495.0,27.0,48.0,marginal,155.0,16.0,211.0,97.0,,4.0
641355,Cody Bellinger,2026,1995-07-13,OF,L,New York Yankees,132,562,496,131,25,3,17,73,73,59,0,12,6,89,7,86,3,0,8,0,6,0,0,0,145,1,30.0,562.0,15.8,10.5,0.264,0.429,0.338,0.165,0.287,0.271,0.411,0.336,0.335,0.347,0.14,0.357,0.356,-0.007,0.018,0.001,89.2,17.6,38.2,6.6,37.8,98.486220194,93.510838881,64.9,30.3,66.1,86.8,20.0,47.1,45.2,36.2,30.2,24.9,8.7,7.9,69.8,10.6,32.2,4.1,13.7,61.6,13.0,27.3,4.24,30.0,36.0,65.0,414.0,74.8,61.2,cody bellinger,NYY,Cody Bellinger,NYY,"1B,LF,CF,RF",55.2,38.0,75.0,65.0,598.0,31.0,4.53030303030303,1.0640569395017794,83,OF,OF,False,38.0,639.5,4.468031239230923,-41.5,0.06227179107210734,-45.0,False,False,53,False,96.5572727751434,20.9804587169311,2.175264240707573,14.703004267217922,68.52664474982905,61.13270049905618,575.9313452488852,1.0247888705496178,22.068654751114764,0.03926806895216162,473.0,125.0,"{'C': 423, 'SS': 594, '2B': 592, '3B': 570, '1B': 601, 'OF': 526, 'UT': 473}",1.0640569395017794,0.6067615658362989,0.2796669461985248,78.27715355805243,88.01498127340824,73.03370786516854,-9.737827715355806,5.2434456928838955,12.811387900355871,18.14946619217082,62.989323843416365,-0.0010000000000000009,1.2859712230215827,6,3243,-0.22191428351980336,1.2859712230215827,5,True,-0.22191428351980336,2.1000000000000014,-0.9000000000000004,-0.29999999999999716,28.0,1.0,59.0,0.0,Left hamstring strain,37.3,2026-03-25,2026-09-25,132.0,166.0,140.0,26.0,650.0,0.943,0.0,0.0,0.15,,established,30.0,0.3,1.366,"562 PA, already has the job · avg EV 89.2 (61st pct) · got 1.06/PA but deserved 1.02",xwOBA 0.335 (80th) · barrels 6.6% (43rd) · EV 89.2 (58th) · hard-hit 38% (46th) · K 16% (87th) · BB 10% (74th) · chase 30% (51st) · bat speed 69.8 mph (22nd) · sprint 27.3 (46th),"{""n"":20,""b"":0,""c"":[[""Trea Turner"",2024,31,1.13,1.19,759,0],[""Mookie Betts"",2025,33,0.98,1.0,526,0],[""Nick Castellanos"",2024,32,0.99,0.94,556,0],[""Teoscar Hern\u00e1ndez"",2025,33,1.04,1.03,504,0],[""Cedric Mullins"",2025,31,1.01,0.92,462,0]]}",1.006354057191869,1.0791085856343783,-0.03573509974786369,1.006354057191869,522.0,522.0,,0.97,525.0,604.0,68,90,LTTA,established,1.2859712230215827,-0.22191428351980336,True,516.0,495.0,9.0,30.0,marginal,154.0,19.0,217.0,101.0,,5.0
665019,Kody Clemens,2026,1996-05-15,2B,L,Minnesota Twins,145,583,531,127,22,7,27,74,81,39,7,10,2,127,3,71,3,0,1,0,52,72,0,0,63,0,30.0,583.0,21.8,6.7,0.239,0.46,0.298,0.221,0.263,0.254,0.456,0.327,0.334,0.313,0.202,0.387,0.398,-0.015,0.004,-0.007,91.9,15.4,33.7,11.3,46.1,101.037748366,95.114954901,68.3,32.6,59.9,83.5,24.4,49.9,47.1,39.3,32.7,22.0,6.1,7.2,72.0,13.7,29.1,12.6,11.8,63.1,12.0,28.0,4.31,37.0,38.0,52.0,410.0,74.6,63.6,kody clemens,MIN,Kody Clemens,MIN,"1B,2B,LF,CF,RF",417.0,243.0,396.0,438.0,601.0,30.1,4.144827586206897,1.0308747855917668,80,1B/2B/OF,1B/2B/OF,False,243.0,307.0,3.0867599025400003,294.0,1.0580676836668963,163.0,True,False,42,False,80.93564350607177,24.78079589909008,4.991477683604506,24.166082911233637,75.50550230389577,72.30152156612613,599.8170238700219,1.0288456670154749,1.1829761299781012,0.002029118576291955,473.0,128.0,"{'C': 423, 'SS': 594, '2B': 592, '3B': 570, '1B': 601, 'OF': 526, 'UT': 473}",1.0308747855917668,0.5506003430531733,0.7425046205978199,68.16479400749064,69.66292134831461,78.27715355805243,-1.4981273408239701,-10.112359550561791,10.291595197255575,27.787307032590054,40.13722126929674,0.007000000000000006,1.0308747855917668,2,1364,0.0,0.9689119170984456,1,False,0.06196286849332122,-2.3000000000000007,-0.6999999999999993,-0.20000000000000284,0.0,0.0,25.0,0.0,,7.5,2026-03-26,2026-09-27,145.0,162.0,162.0,0.0,583.0,0.895,0.0,0.0,0.15,,established,33.3,7.5,1.111,"583 PA, already has the job · avg EV 91.9 (92nd pct) · 1.03/PA is his best rate yet, so the bar is one step up",xwOBA 0.334 (78th) · barrels 11.3% (81st) · EV 91.9 (92nd) · hard-hit 46% (85th) · K 22% (55th) · BB 7% (28th) · chase 33% (35th) · bat speed 72.0 mph (50th) · sprint 28.0 (63rd),"{""n"":20,""b"":1,""c"":[[""Seiya Suzuki"",2023,29,1.07,1.13,663,0],[""Christian Yelich"",2022,31,1.0,1.18,744,1],[""Brandon Nimmo"",2023,30,1.01,1.02,674,0],[""Matt Chapman"",2022,29,0.96,0.91,528,0],[""Enrique Hern\u00e1ndez"",2021,30,0.99,0.83,334,0]]}",1.0205417423770917,1.0132580407561993,-0.01977258555069947,1.0205417423770917,448.0,448.0,,0.994,457.0,612.0,100,74,LTTA,established,0.9689119170984456,0.06196286849332122,False,516.0,495.0,-59.0,-38.0,let go,152.0,38.0,274.0,127.0,,6.0
575929,Willson Contreras,2026,1992-05-13,1B,R,Boston Red Sox,130,535,448,123,21,3,27,68,81,59,24,3,3,135,3,72,5,0,0,0,128,0,0,0,0,2,34.0,535.0,25.2,11.0,0.275,0.516,0.386,0.241,0.332,0.256,0.484,0.391,0.376,0.37,0.229,0.477,0.452,0.019,0.032,0.015,89.8,17.9,32.2,13.3,44.2,102.440550191,95.492075032,67.6,34.2,49.1,82.1,30.8,48.8,49.8,38.2,28.4,22.4,11.0,7.9,77.0,11.4,18.3,71.2,11.3,49.8,40.0,27.3,4.6,35.0,34.0,52.0,317.0,70.0,61.4,willson contreras,BOS,Willson Contreras,BOS,1B,181.0,108.0,174.0,159.0,590.0,34.1,4.538461538461538,1.102803738317757,88,1B,1B,False,108.0,560.7627118644068,4.015944775657477,29.23728813559319,0.5225167628040612,20.0,False,False,53,False,63.36547245044873,24.310576827704786,2.7544289932442454,24.25752172860224,73.324498287473,70.40280240065611,562.6953006881291,1.0517669171740731,27.304699311870877,0.0510368211436838,473.0,117.0,"{'C': 423, 'SS': 594, '2B': 592, '3B': 570, '1B': 601, 'OF': 526, 'UT': 473}",1.102803738317757,0.5738317757009346,1.0269136801975989,87.26591760299625,78.27715355805243,80.89887640449437,8.98876404494382,6.36704119850188,3.364485981308411,30.2803738317757,66.16822429906543,-0.015000000000000013,1.102803738317757,6,2921,0.0,1.094972067039106,5,False,0.00783167127865081,0.0,-0.5999999999999996,1.0,13.0,1.0,71.0,0.0,Left hamstring strain,33.7,2026-03-26,2026-09-27,130.0,165.0,152.0,13.0,570.0,0.855,0.0,0.0,0.15,,established,37.1,0.9,1.183,"535 PA, already has the job · 1.10/PA is his best rate yet, so the bar is one step up · avg EV 89.8 (72nd pct) · bat speed up 1.0 mph",xwOBA 0.376 (97th) · barrels 13.3% (92nd) · EV 89.8 (70th) · hard-hit 44% (79th) · K 25% (33rd) · BB 11% (80th) · chase 34% (28th) · bat speed 77.0 mph (97th) · sprint 27.3 (46th),"{""n"":20,""b"":0,""c"":[[""Christian Walker"",2024,33,1.03,0.93,596,0],[""Eugenio Su\u00e1rez"",2024,33,1.03,1.08,709,0],[""Max Muncy"",2025,35,1.05,1.04,585,0],[""Jorge Polanco"",2025,32,1.07,0.5,73,0],[""Max Muncy"",2023,33,1.05,1.07,314,0]]}",1.0241790285738204,1.0695776372168946,-0.043716138561946734,1.0241790285738204,446.0,446.0,,0.924,457.0,615.0,100,61,LTTA,established,1.094972067039106,0.00783167127865081,False,516.0,495.0,-59.0,-38.0,let go,152.0,37.0,271.0,127.0,,7.0
682829,Elly De La Cruz,2026,2002-01-11,SS,S,Cincinnati Reds,143,636,559,158,30,5,30,99,79,72,2,30,8,175,3,93,18,0,0,0,0,0,0,131,0,12,24.0,636.0,27.5,11.3,0.283,0.515,0.365,0.232,0.359,0.281,0.506,0.38,0.376,0.364,0.224,0.491,0.489,0.002,0.009,0.004,94.7,9.9,36.2,16.3,53.7,105.414008947,97.793114908,57.6,25.1,56.2,79.7,28.1,40.2,34.6,47.3,26.4,24.3,2.1,7.2,76.2,16.9,25.1,61.1,8.3,50.8,36.0,28.4,4.33,36.0,57.0,65.0,387.0,64.8,57.4,elly de la cruz,CIN,Elly De La Cruz,CIN,"SS,DH",7.8,7.0,8.0,9.0,770.0,24.5,5.384615384615385,1.2106918238993711,9,SS,SS,False,7.0,653.0434782608696,4.7875059722885815,116.95652173913038,0.5971094123268035,-2.0,False,False,1,False,92.59985449170449,31.99706747350108,4.227301577884381,28.254776456910058,92.36755039801618,81.84973502190378,759.59128541992,1.1943259204715724,10.408714580079959,0.016365903427798756,473.0,297.0,"{'C': 423, 'SS': 594, '2B': 592, '3B': 570, '1B': 601, 'OF': 526, 'UT': 473}",1.2106918238993711,0.6179245283018868,6.259406110202715,98.50187265917603,90.63670411985018,97.75280898876404,7.86516853932585,0.7490636704119851,28.301886792452834,28.301886792452834,67.9245283018868,-0.0040000000000000036,1.2629310344827587,4,2458,-0.05223921058338754,1.2629310344827587,3,True,-0.05223921058338754,1.6000000000000014,6.0,1.7999999999999972,22.0,1.0,22.0,0.0,Right hamstring strain,22.0,2026-03-26,2026-09-27,143.0,165.0,145.0,20.0,711.0,0.986,0.0,0.0,0.15,,established,37.3,6.0,1.343,"636 PA, already has the job · avg EV 94.7 (99th pct) · 24 years old, an age that jumps 8% of the time · barrel rate up 6.0 pts on last year · bat speed up 1.8 mph",xwOBA 0.376 (97th) · barrels 16.3% (98th) · EV 94.7 (99th) · hard-hit 54% (97th) · K 28% (21st) · BB 11% (82nd) · chase 25% (82nd) · bat speed 76.2 mph (95th) · sprint 28.4 (76th),"{""n"":20,""b"":1,""c"":[[""Corbin Carroll"",2025,25,1.29,1.08,728,0],[""James Wood"",2025,23,1.1,1.2,749,1],[""Juan Soto"",2023,25,1.19,1.27,903,0],[""Zach Neto"",2025,24,1.13,1.04,735,0],[""Vladimir Guerrero Jr."",2024,25,1.16,1.06,723,0]]}",1.1318653251671043,1.1902388862521753,0.00020861094211438216,1.1318653251671043,614.0,614.0,,0.982,695.0,679.0,5,7,MMM,established,1.2629310344827587,-0.05223921058338754,True,516.0,495.0,179.0,200.0,lock,160.0,3.0,95.0,42.0,,1.0
670541,Yordan Alvarez,2026,1997-06-27,DH,L,Houston Astros,158,692,567,179,34,1,42,105,106,109,11,1,0,120,5,102,2,0,0,0,0,0,0,0,25,134,29.0,691.0,17.2,15.8,0.316,0.602,0.433,0.286,0.334,0.318,0.636,0.429,0.442,0.407,0.318,0.49,0.508,-0.002,-0.034,-0.013,94.4,19.1,40.0,16.0,53.8,104.94496,97.265576156,62.4,29.0,64.8,89.2,19.9,43.6,41.4,30.3,37.6,26.8,5.3,7.7,76.1,17.7,26.7,61.8,8.3,43.5,61.0,25.4,4.66,56.0,42.0,81.0,452.0,68.2,57.5,yordan alvarez,HOU,Yordan Alvarez,HOU,"LF,DH",30.2,24.0,33.0,33.0,852.0,29.0,5.3924050632911396,1.23121387283237,2,OF,OF,False,24.0,653.0,4.530864197530864,199.0,0.8615408657602757,22.0,False,False,1,False,90.8813628959144,42.88186217493511,2.2041869623865615,44.33858796676393,101.73152248404107,113.3379239186585,876.9874464026996,1.2673228994258665,-24.98744640269956,-0.03610902659349646,473.0,379.0,"{'C': 423, 'SS': 594, '2B': 592, '3B': 570, '1B': 601, 'OF': 526, 'UT': 473}",1.23121387283237,0.7832369942196532,8.205696749006808,98.87640449438202,100.0,99.625468164794,-1.1235955056179847,-0.7490636704119851,0.8670520231213873,36.41618497109826,94.5086705202312,0.013000000000000012,1.2887700534759359,5,3181,-0.057556180643565824,,4,True,0.8812138728323701,0.5999999999999979,2.1999999999999993,0.0,0.0,0.0,122.0,0.0,,73.2,2026-03-26,2026-09-27,158.0,163.0,163.0,0.0,688.0,0.969,0.0,0.0,0.15,,established,37.4,4.7,1.369,"692 PA, already has the job · avg EV 94.4 (99th pct) · deserved 1.27/PA on contact quality, got 1.23 · barrel rate up 2.2 pts on last year",xwOBA 0.442 (100th) · barrels 16.0% (98th) · EV 94.4 (99th) · hard-hit 54% (97th) · K 17% (80th) · BB 16% (98th) · chase 29% (59th) · bat speed 76.1 mph (94th) · sprint 25.4 (9th),"{""n"":20,""b"":1,""c"":[[""Juan Soto"",2025,27,1.31,1.14,551,0],[""Pete Alonso"",2025,31,1.1,1.13,792,0],[""Vladimir Guerrero Jr."",2024,25,1.16,1.06,723,0],[""Juan Soto"",2024,26,1.27,1.31,939,0],[""Ketel Marte"",2024,31,1.21,1.12,622,0]]}",1.1402718524733688,1.1914362710849389,-0.02627946897975689,1.1402718524733688,570.0,570.0,,0.941,650.0,684.0,16,5,MMM,established,,0.8812138728323701,True,516.0,495.0,134.0,155.0,lock,159.0,6.0,132.0,58.0,,2.0
621566,Matt Olson,2026,1994-03-29,1B,L,Atlanta Braves,162,698,625,157,34,0,41,99,93,64,3,4,0,171,6,82,8,0,0,0,162,0,0,0,1,0,32.0,698.0,24.5,9.2,0.251,0.502,0.321,0.251,0.277,0.247,0.503,0.351,0.351,0.314,0.256,0.435,0.435,0.004,-0.001,0.0,92.5,18.1,32.0,14.2,52.0,103.596081565,96.543594466,66.8,27.9,60.4,80.8,25.4,46.9,37.8,37.0,35.4,20.0,7.6,7.6,74.8,15.0,24.1,50.0,9.9,48.9,26.0,25.3,4.77,53.0,41.0,63.0,460.0,75.8,58.4,matt olson,ATL,Matt Olson,ATL,1B,36.0,29.0,44.0,31.0,734.0,32.3,4.530864197530864,1.0515759312320916,21,1B,1B,False,29.0,652.3333333333334,4.53030303030303,81.66666666666663,0.0005611672278336144,8.0,False,False,1,False,74.68886911004913,38.87650474527552,1.3053831793015898,39.50424296537376,84.30755981366181,101.68931530813657,725.7468751217983,1.0397519700885363,8.253124878201675,0.011823961143555328,473.0,261.0,"{'C': 423, 'SS': 594, '2B': 592, '3B': 570, '1B': 601, 'OF': 526, 'UT': 473}",1.0515759312320916,0.5773638968481375,4.4397453759934855,75.28089887640449,79.40074906367042,93.25842696629213,-4.119850187265925,-17.97752808988764,3.438395415472779,35.24355300859599,55.01432664756447,0.0,1.261111111111111,6,4199,-0.20953517987901948,1.261111111111111,5,True,-0.20953517987901948,0.1999999999999993,-0.20000000000000107,0.8999999999999915,0.0,0.0,0.0,0.0,,0.0,2026-03-27,2026-09-27,162.0,166.0,166.0,0.0,681.0,0.976,0.0,0.0,0.15,,established,36.5,1.3,1.341,"698 PA, already has the job · avg EV 92.5 (95th pct) · sprint 25.3 ft/s (8th pct) · bat speed up 0.9 mph",xwOBA 0.351 (91st) · barrels 14.2% (94th) · EV 92.5 (95th) · hard-hit 52% (96th) · K 24% (36th) · BB 9% (57th) · chase 28% (66th) · bat speed 74.8 mph (87th) · sprint 25.3 (7th),"{""n"":20,""b"":0,""c"":[[""Manny Machado"",2025,33,1.06,0.93,630,0],[""Adolis Garc\u00eda"",2025,32,0.97,0.78,201,0],[""Bryce Harper"",2025,33,1.09,1.07,741,0],[""Freddie Freeman"",2025,36,1.11,0.99,651,0],[""Teoscar Hern\u00e1ndez"",2025,33,1.04,1.03,504,0]]}",1.0069466068474455,1.0392406009417745,-0.03542513660797388,1.0069466068474455,588.0,588.0,,1.0,592.0,604.0,33,90,MMM,established,1.261111111111111,-0.20953517987901948,True,516.0,495.0,76.0,97.0,clear keep,157.0,10.0,171.0,84.0,,3.0
608070,José Ramírez,2026,1992-09-17,3B,S,Cleveland Guardians,125,544,473,111,27,0,12,71,53,60,3,37,4,69,7,72,13,0,0,0,0,0,99,0,0,25,33.0,544.0,12.7,11.0,0.235,0.368,0.32,0.133,0.248,0.266,0.391,0.301,0.325,0.34,0.125,0.299,0.329,-0.031,-0.023,-0.024,88.6,19.0,35.3,4.1,38.8,99.346632184,93.830361144,65.2,28.5,72.8,90.7,15.3,45.4,49.9,33.8,27.0,27.0,12.2,7.2,70.2,11.0,28.2,11.4,9.3,58.3,-3.0,27.9,4.35,24.0,28.0,59.0,411.0,76.4,57.6,jose ramirez,CLE,Jose Ramirez,CLE,"3B,DH",5.4,5.0,5.0,5.0,570.0,33.8,4.56,1.0477941176470589,101,3B,3B,False,5.0,653.0434782608696,4.789578477078477,-83.04347826086962,-0.22957847707847723,-96.0,False,False,54,True,91.70059493918946,21.206815953309437,0.8135832758127857,12.09700583168833,67.61182400840542,55.69246270304536,595.0652867114509,1.0938700123372258,-25.06528671145088,-0.04607589469016693,473.0,97.0,"{'C': 423, 'SS': 594, '2B': 592, '3B': 570, '1B': 601, 'OF': 526, 'UT': 473}",1.0477941176470589,0.5992647058823529,-0.2393797308930954,73.78277153558052,86.14232209737828,67.79026217228464,-12.35955056179776,5.992509363295881,40.80882352941176,13.23529411764706,66.17647058823529,0.02400000000000002,1.3299120234604105,6,3911,-0.2821179058133516,1.3299120234604105,5,True,-0.2821179058133516,1.6999999999999993,-2.9000000000000004,-0.7000000000000028,38.0,1.0,38.0,0.0,Left hamate fracture,38.0,2026-03-26,2026-09-26,125.0,166.0,133.0,33.0,663.0,0.94,0.0,0.0,0.15,,established,30.4,0.5,1.41,"544 PA, already has the job · deserved 1.09/PA on contact quality, got 1.05 · sprint 27.9 ft/s (61st pct)",xwOBA 0.325 (68th) · barrels 4.1% (21st) · EV 88.6 (50th) · hard-hit 39% (51st) · K 13% (95th) · BB 11% (80th) · chase 28% (63rd) · bat speed 70.2 mph (26th) · sprint 27.9 (60th),"{""n"":20,""b"":1,""c"":[[""Mookie Betts"",2025,33,0.98,1.0,526,0],[""Marcus Semien"",2025,35,0.92,0.82,449,0],[""Marcus Semien"",2024,34,0.93,0.92,489,0],[""Nick Castellanos"",2025,33,0.94,0.83,101,0],[""Freddie Freeman"",2024,35,1.08,1.11,695,0]]}",1.1039041556879494,1.1717285664699755,-0.043716138561946734,1.1039041556879494,536.0,536.0,,0.921,592.0,662.0,33,13,MMM,established,1.3299120234604105,-0.2821179058133516,True,516.0,495.0,76.0,97.0,clear keep,157.0,10.0,166.0,84.0,,4.0
668804,Bryan Reynolds,2026,1995-01-27,OF,S,Pittsburgh Pirates,162,699,595,155,40,3,17,102,72,89,11,9,0,162,3,95,2,0,4,0,0,0,0,0,152,31,31.0,699.0,23.2,12.7,0.261,0.424,0.365,0.163,0.329,0.254,0.443,0.349,0.355,0.359,0.189,0.401,0.409,0.007,-0.019,-0.006,90.8,8.3,38.5,11.2,47.9,101.857125046,95.370003739,70.2,24.7,39.9,83.7,28.2,46.7,38.8,45.9,26.8,24.3,3.0,7.0,72.8,12.9,24.7,29.9,10.9,46.6,20.0,28.2,4.4,36.0,54.0,64.0,436.0,81.9,63.7,bryan reynolds,PIT,Bryan Reynolds,PIT,"LF,CF,RF,DH",178.6,106.0,194.0,150.0,714.0,31.4,4.407407407407407,1.0214592274678111,26,OF,OF,False,106.0,560.7627118644068,4.015944775657477,153.2372881355932,0.39146263174993035,80.0,True,True,1,False,85.33064398499349,40.86475340428816,3.213561236443196,21.721041374275153,94.33243500599114,82.49248634377594,724.5399213497672,1.036537798783644,-10.539921349767155,-0.01507857131583279,473.0,241.0,"{'C': 423, 'SS': 594, '2B': 592, '3B': 570, '1B': 601, 'OF': 526, 'UT': 473}",1.0214592274678111,0.5178826895565093,1.625522118245909,64.41947565543072,57.30337078651685,83.89513108614233,7.116104868913865,-19.475655430711612,7.725321888412017,14.592274678111588,76.39484978540773,0.006000000000000005,1.1578947368421053,6,3945,-0.13643550937429416,1.1578947368421053,5,True,-0.13643550937429416,-3.3000000000000007,1.0999999999999996,0.5999999999999943,0.0,0.0,0.0,0.0,,0.0,2026-03-26,2026-09-27,162.0,165.0,165.0,0.0,686.0,0.982,0.0,0.0,0.15,,established,34.9,1.4,1.238,"699 PA, already has the job · avg EV 90.8 (86th pct) · sprint 28.2 ft/s (71st pct)",xwOBA 0.355 (92nd) · barrels 11.2% (80th) · EV 90.8 (85th) · hard-hit 48% (88th) · K 23% (47th) · BB 13% (90th) · chase 25% (83rd) · bat speed 72.8 mph (63rd) · sprint 28.2 (70th),"{""n"":20,""b"":0,""c"":[[""Ian Happ"",2025,31,0.99,0.97,618,0],[""Dansby Swanson"",2025,31,1.01,1.05,508,0],[""Randy Arozarena"",2025,30,1.08,1.21,808,0],[""Matt Olson"",2025,31,1.05,1.05,734,0],[""Manny Machado"",2025,33,1.06,0.93,630,0]]}",1.0057428385112797,0.9946882217090068,-0.03573509974786369,1.0057428385112797,581.0,581.0,,1.0,584.0,603.0,42,92,MMM,established,1.1578947368421053,-0.13643550937429416,True,516.0,495.0,68.0,89.0,clear keep,156.0,11.0,168.0,86.0,,5.0
664983,Jake McCarthy,2026,1997-07-30,OF,L,Colorado Rockies,147,596,547,159,30,13,15,80,83,30,8,32,6,95,5,101,4,0,3,0,0,0,0,0,173,9,28.0,596.0,15.9,5.0,0.291,0.475,0.334,0.184,0.326,0.274,0.41,0.349,0.321,0.32,0.136,0.392,0.356,0.017,0.065,0.028,85.3,11.9,37.2,5.4,28.1,97.079708165,92.561288575,79.3,37.8,62.9,87.2,21.3,57.3,38.5,45.9,21.0,27.3,5.8,7.1,71.5,8.9,24.3,15.8,8.5,50.3,12.0,30.0,4.17,31.0,58.0,69.0,462.0,89.1,68.6,jake mccarthy,COL,Jake McCarthy,COL,"LF,CF,RF,DH",422.7,247.0,424.0,451.0,718.0,28.9,4.884353741496598,1.2046979865771812,25,OF,OF,False,247.0,296.0,2.990566037735849,422.0,1.8937877037607493,222.0,True,True,1,False,108.19607369627849,22.161640644517007,6.330497622130541,13.189788037073974,80.57842918485983,60.230172669915014,650.9566018547748,1.0922090635147228,67.04339814522518,0.11248892306245839,473.0,245.0,"{'C': 423, 'SS': 594, '2B': 592, '3B': 570, '1B': 601, 'OF': 526, 'UT': 473}",1.2046979865771812,0.6543624161073825,4.115020813152609,97.37827715355806,96.25468164794007,92.88389513108615,1.1235955056179847,4.49438202247191,32.21476510067114,15.100671140939596,30.201342281879192,-0.02799999999999997,1.2118644067796611,5,2049,-0.007166420202479928,1.2118644067796611,4,False,-0.007166420202479928,-2.0999999999999996,0.10000000000000053,1.7999999999999972,0.0,0.0,0.0,0.0,,0.0,2026-03-27,2026-09-27,147.0,164.0,164.0,0.0,589.0,0.896,0.0,0.0,0.15,,established,29.6,1.7,1.292,"596 PA, already has the job · sprint 30.0 ft/s (98th pct) · 1.20/PA is his best rate yet, so the bar is one step up · bat speed up 1.8 mph",xwOBA 0.321 (65th) · barrels 5.4% (32nd) · EV 85.3 (7th) · hard-hit 28% (11th) · K 16% (86th) · BB 5% (11th) · chase 38% (13th) · bat speed 71.5 mph (42nd) · sprint 30.0 (98th),"{""n"":20,""b"":0,""c"":[[""Cedric Mullins"",2024,30,1.11,1.01,502,0],[""Bryson Stott"",2025,28,1.03,1.04,632,0],[""Cody Bellinger"",2025,30,1.12,1.06,598,0],[""Jos\u00e9 Ram\u00edrez"",2022,30,1.19,1.12,773,0],[""Ha-Seong Kim"",2023,28,1.09,0.99,465,0]]}",1.010245730171885,1.1301127948046028,-0.02627946897975689,1.010245730171885,569.0,569.0,,1.0,575.0,606.0,44,86,MMM,established,1.2118644067796611,-0.007166420202479928,False,516.0,495.0,59.0,80.0,clear keep,156.0,12.0,179.0,89.0,,6.0
665862,Jazz Chisholm Jr.,2026,1998-02-01,2B,L,New York Yankees,137,532,471,109,16,3,19,69,55,56,1,41,9,157,4,71,9,0,0,0,0,137,0,0,0,1,28.0,532.0,29.5,10.5,0.231,0.399,0.312,0.168,0.301,0.216,0.366,0.312,0.294,0.296,0.15,0.4,0.37,0.015,0.033,0.018,90.4,16.3,29.9,8.2,42.8,100.204570455,94.436904935,64.3,29.4,54.6,76.7,30.9,45.8,50.9,42.1,28.9,20.1,8.8,7.9,72.9,10.4,23.2,28.2,15.6,59.4,-6.0,28.3,4.22,24.0,40.0,42.0,318.0,78.5,62.8,jazz chisholm,NYY,Jazz Chisholm Jr.,NYY,"2B,3B",21.4,19.0,21.0,21.0,592.0,28.4,4.321167883211679,1.112781954887218,86,2B/3B,2B,False,19.0,653.0434782608696,4.58933933933934,-61.04347826086962,-0.2681714561276607,-67.0,False,False,53,False,65.69619387261844,17.60641387655991,2.2565906290248727,16.176801621796777,65.02335544711663,56.56693489332148,566.7122903404381,1.065248666053455,25.28770965956187,0.047533288833762954,473.0,119.0,"{'C': 423, 'SS': 594, '2B': 592, '3B': 570, '1B': 601, 'OF': 526, 'UT': 473}",1.112781954887218,0.47368421052631576,0.8129893362456383,88.76404494382022,38.20224719101123,78.65168539325843,50.56179775280899,10.112359550561791,46.24060150375939,21.428571428571427,63.1578947368421,-0.018000000000000016,1.2780082987551866,6,2815,-0.16522634386796864,1.2780082987551866,5,True,-0.16522634386796864,1.6000000000000014,-6.800000000000001,-1.0,12.0,1.0,53.0,0.0,,33.9,2026-03-25,2026-09-25,137.0,166.0,154.0,12.0,560.0,0.89,0.0,0.0,0.15,,established,31.4,0.5,1.358,"532 PA, already has the job · avg EV 90.4 (81st pct) · sprint 28.3 ft/s (74th pct)",xwOBA 0.294 (33rd) · barrels 8.2% (58th) · EV 90.4 (79th) · hard-hit 43% (71st) · K 30% (15th) · BB 10% (74th) · chase 29% (57th) · bat speed 72.9 mph (64th) · sprint 28.3 (72nd),"{""n"":20,""b"":0,""c"":[[""Randy Arozarena"",2024,29,0.98,1.08,767,0],[""Lane Thomas"",2024,29,1.1,0.75,107,0],[""William Contreras"",2025,28,1.03,1.07,683,0],[""Luis Robert Jr."",2024,27,0.98,1.1,473,0],[""Brandon Marsh"",2025,28,1.04,0.97,550,0]]}",1.054935653478799,1.1397434661008774,-0.016977266744818423,1.054935653478799,535.0,535.0,,0.973,564.0,633.0,48,28,MMM,established,1.2780082987551866,-0.16522634386796864,True,516.0,495.0,48.0,69.0,clear keep,156.0,14.0,188.0,90.0,,7.0
665742,Juan Soto,2026,1998-10-25,OF,L,New York Mets,111,482,400,110,11,2,27,63,68,78,1,9,3,65,2,70,2,0,0,0,0,0,0,0,66,43,27.0,482.0,13.5,16.2,0.275,0.515,0.393,0.24,0.268,0.295,0.574,0.385,0.411,0.391,0.279,0.4,0.436,-0.02,-0.059,-0.026,92.6,16.0,32.0,14.0,48.1,102.453819701,96.079954685,62.7,20.9,62.1,85.4,20.9,40.7,39.8,39.2,32.9,19.3,8.6,7.1,72.5,18.6,34.8,29.0,12.6,67.3,34.0,25.6,4.54,35.0,28.0,47.0,337.0,77.0,57.2,juan soto,NYM,Juan Soto,NYM,"LF,RF,DH",3.6,4.0,4.0,3.0,551.0,27.7,4.963963963963964,1.1431535269709543,111,OF,OF,False,4.0,653.0434782608696,4.789578477078477,-102.04347826086962,0.1743854868854875,-107.0,False,False,120,True,65.45327543112283,21.74455470019069,2.5510643062500975,28.251105562436376,67.44782633465626,73.07347933363674,592.121305668293,1.2284674391458361,-41.12130566829296,-0.08531391217488182,473.0,78.0,"{'C': 423, 'SS': 594, '2B': 592, '3B': 570, '1B': 601, 'OF': 526, 'UT': 473}",1.1431535269709543,0.7448132780082988,0.49944457550507176,94.3820224719101,99.625468164794,75.28089887640449,-5.2434456928838955,19.101123595505612,11.203319502074688,33.60995850622407,97.09543568464731,0.025999999999999968,1.3132867132867132,6,3936,-0.1701331863157589,1.3132867132867132,5,True,-0.1701331863157589,-5.699999999999999,-4.199999999999999,-1.0999999999999943,51.0,2.0,51.0,0.0,Left calf strain,51.0,2026-03-26,2026-09-27,111.0,166.0,119.0,47.0,656.0,0.933,0.0,0.0,0.15,,established,35.3,0.8,1.393,"deserved 1.23/PA on contact quality, got 1.14 · avg EV 92.6 (96th pct) · 482 PA, already has the job",xwOBA 0.411 (100th) · barrels 14.0% (93rd) · EV 92.6 (95th) · hard-hit 48% (89th) · K 14% (93rd) · BB 16% (98th) · chase 21% (95th) · bat speed 72.5 mph (57th) · sprint 25.6 (10th),"{""n"":20,""b"":1,""c"":[[""Vladimir Guerrero Jr."",2025,26,1.06,0.88,537,0],[""Yordan Alvarez"",2024,27,1.2,0.95,190,0],[""Kyle Tucker"",2025,28,1.18,0.99,621,0],[""Fernando Tatis Jr."",2025,26,1.16,1.19,838,0],[""Corey Seager"",2025,31,1.05,0.94,408,0]]}",1.1131339944712697,1.2314872433105164,-0.016977266744818423,1.1131339944712697,570.0,570.0,,0.959,634.0,668.0,18,11,THALER,established,1.3132867132867132,-0.1701331863157589,True,516.0,495.0,118.0,139.0,clear keep,158.0,7.0,136.0,69.0,,1.0
804606,Konnor Griffin,2026,2006-04-24,SS,R,Pittsburgh Pirates,80,339,312,85,15,4,6,43,33,20,5,23,4,82,2,60,10,0,0,0,0,0,0,76,0,4,20.0,339.0,24.2,5.9,0.272,0.404,0.324,0.132,0.35,0.262,0.404,0.32,0.316,0.317,0.142,0.392,0.387,0.01,0.0,0.004,88.1,7.9,33.6,7.0,37.5,100.514009123,94.37599163,68.1,37.6,56.2,80.5,28.9,51.8,38.8,50.9,18.1,27.2,3.9,7.7,75.4,11.0,19.4,55.8,9.1,46.6,-2.0,29.9,4.27,11.0,30.0,44.0,232.0,74.2,62.5,konnor griffin,PIT,Konnor Griffin,PIT,"SS,CF",188.4,112.0,187.0,187.0,371.0,20.2,4.6375,1.0943952802359882,212,SS,SS,False,112.0,560.7627118644068,4.015944775657477,-189.7627118644068,0.6215552243425231,-100.0,False,False,204,True,56.68210762670789,14.306521991581548,2.268633136713243,8.48673724499732,45.84596092341974,34.64826255423676,372.28622347765645,1.0981894497865972,-1.2862234776564492,-0.003794169550608961,473.0,-102.0,"{'C': 423, 'SS': 594, '2B': 592, '3B': 570, '1B': 601, 'OF': 526, 'UT': 473}",1.0943952802359882,0.4808259587020649,-3.9551147548104373,85.0187265917603,40.823970037453186,32.958801498127336,44.19475655430711,52.05992509363296,40.70796460176991,10.619469026548673,35.39823008849557,-0.0040000000000000036,1.0943952802359882,1,339,0.0,,0,False,0.7443952802359882,,,,85.0,2.0,85.0,0.0,Right elbow strain,85.0,2026-04-03,2026-09-27,80.0,159.0,82.0,77.0,670.0,0.976,8.0,0.0,0.15,,young / establishing,34.2,13.0,1.174,"20 years old, an age that jumps 22% of the time · sprint 29.9 ft/s (98th pct) · avg EV 88.1 (44th pct)",xwOBA 0.316 (60th) · barrels 7.0% (47th) · EV 88.1 (42nd) · hard-hit 38% (44th) · K 24% (38th) · BB 6% (20th) · chase 38% (14th) · bat speed 75.4 mph (91st) · sprint 29.9 (98th),"{""n"":20,""b"":3,""c"":[[""Jordan Walker"",2023,21,1.03,0.83,147,0],[""Pete Crow-Armstrong"",2024,22,1.09,1.19,767,1],[""Jasson Dom\u00ednguez"",2025,22,1.09,0.88,195,0],[""Jackson Chourio"",2024,20,1.16,1.14,672,0],[""Wyatt Langford"",2024,23,1.09,1.07,615,0]]}",1.078909111298405,1.0943952802359882,0.008874393035326398,1.078909111298405,520.0,520.0,,0.932,561.0,647.0,49,20,THALER,candidate,,0.7443952802359882,False,516.0,495.0,45.0,66.0,clear keep,156.0,14.0,192.0,93.0,,2.0
802139,JJ Wetherholt,2026,2002-09-10,2B,L,St. Louis Cardinals,139,619,537,130,15,0,17,89,51,64,16,14,1,104,2,98,2,0,0,0,0,131,0,12,0,0,23.0,619.0,16.8,10.3,0.242,0.365,0.339,0.123,0.27,0.255,0.435,0.318,0.347,0.35,0.18,0.324,0.366,-0.013,-0.07,-0.029,89.7,11.5,34.9,7.4,44.9,99.375158009,94.023919118,63.0,21.2,63.2,85.4,20.2,42.0,36.3,45.3,29.2,22.1,3.4,7.5,71.9,11.6,30.1,19.2,11.7,63.6,1.0,27.6,4.25,27.0,43.0,60.0,435.0,75.7,59.4,jj wetherholt,STL,JJ Wetherholt,STL,"2B,3B,SS",222.2,131.0,240.0,221.0,586.0,23.8,4.215827338129497,0.9466882067851373,92,2B/SS,2B,False,131.0,449.0,3.7174234694899297,137.0,0.4984038686395671,39.0,True,False,53,False,87.19071753350164,25.635644309233285,1.3015587810285287,22.80707937623655,80.16290365995044,72.99584619222742,643.6887498521779,1.0398848947531145,-57.68874985217792,-0.0931966879679772,473.0,113.0,"{'C': 423, 'SS': 594, '2B': 592, '3B': 570, '1B': 601, 'OF': 526, 'UT': 473}",0.9466882067851373,0.5008077544426495,-0.6710296696416648,38.951310861423224,50.187265917603,61.79775280898876,-11.235955056179776,-22.846441947565538,13.5702746365105,16.478190630048466,62.035541195476576,0.02899999999999997,0.9466882067851373,1,619,0.0,,0,False,0.5966882067851373,,,,17.0,1.0,17.0,0.0,Right wrist tendinitis,17.0,2026-03-26,2026-09-26,139.0,166.0,150.0,16.0,669.0,0.927,0.0,0.0,0.15,,young / establishing,32.5,41.7,1.027,"619 PA in his first season, already has the job · deserved 1.04/PA on contact quality, got 0.95 · 24 years old, an age that jumps 8% of the time",xwOBA 0.347 (88th) · barrels 7.4% (51st) · EV 89.7 (68th) · hard-hit 45% (81st) · K 17% (82nd) · BB 10% (70th) · chase 21% (94th) · bat speed 71.9 mph (48th) · sprint 27.6 (52nd),"{""n"":20,""b"":5,""c"":[[""Agust\u00edn Ram\u00edrez"",2025,24,1.0,0.9,230,0],[""MJ Melendez"",2022,24,0.92,0.92,554,0],[""Gleyber Torres"",2021,24,0.9,1.02,585,1],[""Alec Bohm"",2022,26,0.91,1.01,618,1],[""Colt Keith"",2024,23,0.88,0.93,434,0]]}",1.0236367426754487,0.9466882067851373,0.00020861094211438216,1.0236367426754487,525.0,525.0,,0.986,537.0,614.0,61,66,THALER,candidate,,0.5966882067851373,False,516.0,495.0,21.0,42.0,marginal,155.0,19.0,211.0,98.0,,3.0
672515,Gabriel Moreno,2026,2000-02-14,C,R,Arizona Diamondbacks,130,549,473,147,33,1,16,72,83,61,5,6,4,80,10,97,3,14,0,104,0,0,1,0,0,25,26.0,549.0,14.6,11.1,0.311,0.486,0.388,0.175,0.339,0.289,0.451,0.38,0.363,0.372,0.162,0.403,0.38,0.022,0.035,0.017,89.3,12.9,36.2,7.7,42.2,99.899212438,94.093065075,55.2,28.7,75.1,90.4,15.5,41.1,35.2,41.9,25.3,26.6,6.2,7.1,71.7,12.4,28.3,22.7,8.5,41.5,24.0,26.2,4.49,24.0,46.0,76.0,403.0,58.6,59.9,gabriel moreno,ARI,Gabriel Moreno,ARI,"C,DH",215.8,128.0,170.0,314.0,641.0,26.4,4.930769230769231,1.1675774134790529,52,C,C,False,128.0,449.0,3.7174234694899297,192.0,1.2133457612793013,76.0,True,True,38,False,92.74493210213575,26.910921479852675,1.4083607338873692,15.632785684124201,67.25477502288823,64.78132795953442,591.0561029824227,1.0766049234652508,49.94389701757734,0.09097249001380203,423.0,218.0,"{'C': 423, 'SS': 594, '2B': 592, '3B': 570, '1B': 601, 'OF': 526, 'UT': 473}",1.1675774134790529,0.6775956284153005,1.7799953359040948,95.88014981273409,98.50187265917603,84.6441947565543,-2.6217228464419406,11.23595505617979,6.557377049180328,17.48633879781421,66.66666666666666,-0.017000000000000015,1.1675774134790529,4,1662,0.0,1.0938511326860842,3,False,0.07372628079296861,-2.5999999999999996,0.6000000000000005,0.7999999999999972,17.0,1.0,131.0,0.0,,70.4,2026-03-26,2026-09-26,130.0,163.0,149.0,14.0,597.0,0.872,0.0,0.0,0.15,,established,33.0,5.2,1.248,"549 PA, already has the job · 1.17/PA is his best rate yet, so the bar is one step up · 26 years old, an age that jumps 4% of the time",xwOBA 0.363 (94th) · barrels 7.7% (53rd) · EV 89.3 (61st) · hard-hit 42% (68th) · K 15% (90th) · BB 11% (80th) · chase 29% (62nd) · bat speed 71.7 mph (46th) · sprint 26.2 (20th),"{""n"":20,""b"":1,""c"":[[""Josh Naylor"",2023,26,1.15,1.04,660,0],[""Ozzie Albies"",2023,26,1.16,0.96,419,0],[""Pete Alonso"",2022,28,1.14,1.08,711,0],[""Jonah Heim"",2023,28,1.13,0.84,413,0],[""Geraldo Perdomo"",2025,26,1.13,0.95,649,0]]}",1.0141632596807781,1.134571870906276,-0.012922554732705567,1.0141632596807781,528.0,528.0,,0.944,535.0,608.0,62,79,THALER,candidate,1.0938511326860842,0.07372628079296861,False,516.0,495.0,19.0,40.0,marginal,155.0,17.0,213.0,99.0,,4.0
545361,Mike Trout,2026,1991-08-07,OF,R,Los Angeles Angels,142,634,513,124,26,0,22,86,54,107,11,11,1,165,2,76,2,0,4,0,0,0,0,0,109,33,34.0,634.0,26.0,16.9,0.242,0.421,0.382,0.179,0.311,0.255,0.487,0.354,0.381,0.384,0.232,0.416,0.462,-0.013,-0.066,-0.027,90.1,17.4,38.0,16.0,46.3,102.780727771,95.785464011,62.0,20.7,48.8,84.2,25.6,39.8,36.0,36.3,31.4,25.1,7.1,7.5,74.7,12.6,20.9,48.5,6.5,42.2,21.0,28.6,4.42,33.0,37.0,53.0,350.0,69.1,55.7,mike trout,LAA,Mike Trout,LAA,"CF,RF,DH",167.8,98.0,177.0,132.0,637.0,34.9,4.485915492957746,1.0047318611987381,55,OF,OF,False,98.0,560.7627118644068,4.015944775657477,76.23728813559319,0.46997071730026896,43.0,True,False,40,False,67.68640581568445,34.50917160470704,1.3514393435325438,27.267983236075956,93.65977237644854,81.26288492317818,712.5686572996267,1.12392532697102,-75.5686572996267,-0.11919346577228196,473.0,164.0,"{'C': 423, 'SS': 594, '2B': 592, '3B': 570, '1B': 601, 'OF': 526, 'UT': 473}",1.0047318611987381,0.48738170347003157,-0.39528754216107276,59.925093632958806,44.9438202247191,66.29213483146067,14.981273408239709,-6.367041198501866,10.410094637223974,20.820189274447948,101.26182965299685,0.027000000000000024,1.2645290581162325,4,2323,-0.25979719691749437,1.2645290581162325,3,True,-0.25979719691749437,-6.0,0.1999999999999993,0.7000000000000028,20.0,1.0,200.0,0.0,Right hamstring strain,82.4,2026-03-26,2026-09-26,142.0,162.0,144.0,18.0,713.0,0.986,0.0,0.0,0.15,,established,36.7,2.5,1.345,"634 PA, already has the job · deserved 1.12/PA on contact quality, got 1.00 · avg EV 90.1 (77th pct)",xwOBA 0.381 (98th) · barrels 16.0% (98th) · EV 90.1 (74th) · hard-hit 46% (85th) · K 26% (28th) · BB 17% (99th) · chase 21% (97th) · bat speed 74.7 mph (86th) · sprint 28.6 (80th),"{""n"":20,""b"":1,""c"":[[""Paul Goldschmidt"",2023,36,1.04,0.93,607,0],[""Paul Goldschmidt"",2024,37,0.93,0.94,502,0],[""Bryce Harper"",2025,33,1.09,1.07,741,0],[""J.T. Realmuto"",2024,33,1.03,1.01,553,0],[""Salvador Perez"",2024,34,1.02,0.98,628,0]]}",1.0226300960400256,0.9968995452666392,-0.05989080447742173,1.0226300960400256,517.0,517.0,,0.887,529.0,614.0,65,66,THALER,established,1.2645290581162325,-0.25979719691749437,True,516.0,495.0,13.0,34.0,marginal,155.0,20.0,212.0,101.0,,5.0
641343,Jake Bauers,2026,1995-10-06,1B,L,Milwaukee Brewers,144,578,477,127,22,2,26,93,86,94,4,11,6,156,3,77,10,0,0,0,119,0,0,0,48,4,30.0,578.0,27.0,16.3,0.266,0.484,0.389,0.218,0.339,0.253,0.467,0.381,0.371,0.376,0.214,0.472,0.454,0.013,0.017,0.01,92.1,12.1,38.6,14.0,51.9,103.241504938,96.516969938,62.0,21.7,40.1,82.1,29.8,40.6,41.0,41.0,29.9,25.6,3.4,7.7,76.5,14.5,23.4,68.1,10.9,48.2,27.0,26.9,4.49,33.0,35.0,59.0,324.0,75.3,60.1,jake bauers,MIL,Jake Bauers,MIL,"1B,LF,RF",810.5,316.0,1189.0,,658.0,30.7,4.569444444444445,1.1384083044982698,43,1B/OF,1B/OF,False,316.0,172.67,2.396692273871662,485.33000000000004,2.1727521705727826,273.0,True,True,1,False,69.04123675830436,25.30640810684387,2.228473511399144,24.104881623452616,77.33055438518288,73.95886862397369,615.7294230091566,1.0652758183549422,42.27057699084344,0.07313248614332757,473.0,185.0,"{'C': 423, 'SS': 594, '2B': 592, '3B': 570, '1B': 601, 'OF': 526, 'UT': 473}",1.1384083044982698,0.6211072664359861,3.2425713786699313,92.88389513108615,91.38576779026218,89.13857677902621,1.4981273408239701,3.7453183520599396,11.418685121107266,26.98961937716263,97.57785467128028,-0.010000000000000009,1.1384083044982698,5,1729,0.0,1.0504587155963303,4,False,0.08794958890193949,-0.10000000000000142,0.3000000000000007,0.0,0.0,0.0,33.0,0.0,,19.8,2026-03-26,2026-09-27,144.0,165.0,165.0,0.0,567.0,0.873,0.0,0.0,0.15,,established,37.1,4.9,1.218,"578 PA, already has the job · avg EV 92.1 (93rd pct) · 1.14/PA is his best rate yet, so the bar is one step up",xwOBA 0.371 (96th) · barrels 14.0% (93rd) · EV 92.1 (93rd) · hard-hit 52% (95th) · K 27% (23rd) · BB 16% (98th) · chase 22% (93rd) · bat speed 76.5 mph (96th) · sprint 26.9 (34th),"{""n"":20,""b"":0,""c"":[[""Adolis Garc\u00eda"",2023,30,1.18,0.95,605,0],[""Seiya Suzuki"",2024,30,1.13,1.04,677,0],[""Ram\u00f3n Laureano"",2025,31,1.18,0.94,194,0],[""Brent Rooker"",2024,30,1.23,1.05,736,0],[""Christian Yelich"",2023,32,1.18,1.32,417,0]]}",1.025904610304763,1.102510460251046,-0.03573509974786369,1.025904610304763,514.0,514.0,,0.984,527.0,616.0,66,55,THALER,broke_out,1.0504587155963303,0.08794958890193949,False,516.0,495.0,11.0,32.0,marginal,154.0,19.0,220.0,101.0,,6.0
683737,Michael Busch,2026,1997-11-09,1B,L,Chicago Cubs,160,710,600,145,27,2,20,78,77,92,13,3,2,165,5,96,4,0,0,0,160,0,0,0,0,0,28.0,710.0,23.2,13.0,0.242,0.393,0.352,0.151,0.298,0.233,0.402,0.333,0.331,0.342,0.169,0.372,0.369,0.009,-0.009,0.002,88.4,15.6,34.3,9.1,39.8,98.887664018,93.612834247,64.5,25.0,51.8,84.0,25.7,43.7,39.5,39.8,34.3,21.4,4.5,7.0,68.7,10.3,28.7,5.4,15.2,49.6,16.0,26.0,4.66,38.0,38.0,68.0,440.0,76.1,62.3,michael busch,CHC,Michael Busch,CHC,1B,99.4,68.0,101.0,95.0,646.0,28.6,4.0375,0.9098591549295775,50,1B,1B,False,68.0,560.7627118644068,4.015944775657477,85.23728813559319,0.02155522434252255,18.0,False,False,33,False,85.07425356542242,30.194528625025153,2.388182053682428,22.14303575587,81.71231197262222,83.67045660656858,656.3827685791908,0.9244827726467476,-10.382768579190838,-0.014623617717170134,473.0,173.0,"{'C': 423, 'SS': 594, '2B': 592, '3B': 570, '1B': 601, 'OF': 526, 'UT': 473}",0.9098591549295775,0.45211267605633804,-0.6734578531840782,22.846441947565545,29.588014981273407,61.42322097378277,-6.741573033707862,-38.576779026217224,2.5352112676056335,16.901408450704224,77.74647887323944,-0.0020000000000000018,1.1030405405405406,3,1950,-0.1931813856109631,1.1030405405405406,2,True,-0.1931813856109631,-0.3000000000000007,-8.000000000000002,-0.8999999999999915,0.0,0.0,0.0,0.0,,0.0,2026-03-26,2026-09-27,160.0,165.0,165.0,0.0,697.0,0.97,0.0,0.0,0.15,,established,29.6,1.0,1.183,"710 PA, already has the job · deserved 0.92/PA on contact quality, got 0.91 · already 29, an age that jumps 4% of the time",xwOBA 0.331 (75th) · barrels 9.1% (65th) · EV 88.4 (46th) · hard-hit 40% (55th) · K 23% (47th) · BB 13% (92nd) · chase 25% (82nd) · bat speed 68.7 mph (10th) · sprint 26.0 (15th),"{""n"":20,""b"":0,""c"":[[""Nathaniel Lowe"",2023,28,0.95,0.94,531,0],[""Randy Arozarena"",2024,29,0.98,1.08,767,0],[""Gleyber Torres"",2024,28,0.87,0.94,591,0],[""Carlos Correa"",2023,29,0.87,1.12,411,0],[""Trevor Larnach"",2025,28,0.92,1.01,439,0]]}",0.9412731911869042,0.9732048895005263,-0.02627946897975689,0.9412731911869042,544.0,544.0,,1.0,512.0,565.0,73,231,THALER,established,1.1030405405405406,-0.1931813856109631,True,516.0,495.0,-4.0,17.0,let go,154.0,23.0,222.0,106.0,,7.0
