mlbam_id,name,season,birth_date,throws,team,G,GS,IP,K,BB,ER,H,HR,CG,SHO,BS,SV,HLD,W,L,ERA,WHIP,BF,pitches,QS,k_minus_bb,whiff_pct_adv,pitches_per_ip,gb_pct,babip,pts,pts_gs,pts_ip,age,is_sp,nkey,player_age,pa_savant,k_percent,bb_percent,xba,xslg,woba,xwoba,xera,xobp,xiso,wobacon,xwobacon,exit_velocity_avg,launch_angle_avg,sweet_spot_percent,barrel_batted_rate,hard_hit_percent,avg_best_speed,z_swing_percent,z_swing_miss_percent,oz_swing_percent,oz_swing_miss_percent,oz_contact_percent,iz_contact_percent,in_zone_percent,edge_percent,meatball_percent,meatball_swing_percent,whiff_percent,swing_percent,f_strike_percent,groundballs_percent,flyballs_percent,linedrives_percent,popups_percent,pull_percent,swing_take_run_value,pitch_run_value_fastball,pitch_run_value_breaking,pitch_run_value_offspeed,pitch_count,pitch_count_fastball,pitch_count_breaking,pitch_count_offspeed,p_quality_start,p_era,throws_sv,n_pitches_10,arsenal_whiff,arsenal_putaway,arsenal_xwoba,arsenal_rv100,best_pitch_whiff,best_pitch_rv100,n_plus_pitches,best_pitch,arsenal_desc,fb_velo,ff_avg_speed,si_avg_speed,movement_uniqueness,sp_rank,il_days,il_stints,il_days_3yr,il_60,il_reasons,il_days_w,stuff_plus,location_plus,pitching_plus,pitching_plus_raw,career_best_gs,seasons_10gs,career_GS,gap_to_best,yoy_stuff_change,yoy_velo_change,BI,track3,ip_gs_last,comeback,proj_pts_gs_raw,age_step,proj_pts_gs,proj_GS,durability,proj_pts,proj_rank,proj_rank_gs,owner,proj_pts_hitting,proj_pts_total,KSV,KSV_2nd,proj_sd,rank_lo,rank_hi,n_tied,keep_tier,kept_2026_as,likely_kept,pool_rank
519242,Chris Sale,2026,1989-03-30,L,Atlanta Braves,27,27,162.66666666666666,200,31,39,129,10,1,1,0,0,0,14,9,2.16,0.98,648,2574,19,0.261,0.304,15.82,0.0,0.304,417.66666666666663,15.469135802469134,2.567622950819672,37.3,True,chris sale,37.0,648.0,30.9,4.8,0.216,0.327,0.26,0.267,2.97,0.273,0.111,0.338,0.349,87.8,11.7,34.3,6.2,35.1,76.8971828,65.1,19.5,36.5,49.6,50.4,80.5,49.5,44.1,6.8,71.4,30.4,50.7,65.0,44.5,24.6,24.9,6.0,37.6,35.0,17.61915877258704,13.301004712595278,3.8186247508297395,2574.0,1282.0,1027.0,265.0,19.0,2.16,L,3.0,30.088399985446404,21.748999985704007,0.271181000054276,1.2996000010016,38.0,2.2,4.0,Sinker,"4-Seam Fastball 41% (26% whiff), Slider 40% (38% whiff), Changeup 10% (31% whiff), Sinker 9% (11% whiff)",96.1,96.1,95.6,6.330682271125192,6.0,0.0,0.0,23.0,0.0,,13.799999999999999,118.4,121.2,120.7,12.698534287943914,15.469135802469134,4,105,0.0,2.0,1.2999999999999972,0.4,14.349921691504246,6.02,False,13.23958291066704,-0.8703290795717042,12.369253831095337,27.0,0.93,334.0,7,12,MMM,0.0,334.0,84.0,107.0,112.0,4.0,87.0,23.0,lock,,False,1
676917,Cade Cavalli,2026,1998-08-14,R,Washington Nationals,32,32,169.66666666666666,200,48,57,148,18,0,0,0,0,0,13,5,3.02,1.16,706,2777,18,0.215,0.274,16.37,0.0,0.307,384.66666666666663,12.020833333333332,2.267190569744597,27.9,True,cade cavalli,27.0,706.0,28.3,6.8,0.232,0.361,0.292,0.296,3.68,0.302,0.129,0.365,0.371,89.3,8.2,32.6,7.0,40.5,78.545867661,63.9,15.6,32.1,49.9,50.1,84.4,48.9,40.0,8.1,74.7,27.4,47.6,62.2,50.7,24.2,21.3,3.8,38.0,12.0,0.4318311616494368,14.724102649818525,-2.93571951684161,2777.0,1426.0,1138.0,212.0,18.0,3.02,R,4.0,27.973473463322485,22.16676675335275,0.2992912913936459,0.38128128169400627,39.2,1.9,3.0,Sweeper,"4-Seam Fastball 32% (23% whiff), Curveball 27% (39% whiff), Sweeper 14% (37% whiff), Sinker 12% (12% whiff), Changeup 8% (28% whiff), Cutter 6% (20% whiff)",96.8,96.8,96.1,3.4808361086431003,11.0,0.0,0.0,233.0,0.0,,83.7,108.9,98.0,108.7,10.959023236729259,12.020833333333332,2,42,0.0,,,7.6,12.255602988070722,5.3,False,11.518793146670168,-0.055951084622770215,11.462842062047399,27.0,1.0,309.0,13,28,CS,0.0,309.0,59.0,82.0,105.0,5.0,103.0,37.0,clear keep,,False,2
669302,Logan Gilbert,2026,1997-05-05,R,Seattle Mariners,31,31,182.0,197,48,77,153,29,0,0,0,0,0,12,11,3.81,1.1,737,2922,14,0.202,0.304,16.05,0.0,0.275,358.0,11.548387096774194,1.967032967032967,29.2,True,logan gilbert,29.0,737.0,26.7,6.5,0.232,0.39,0.303,0.297,3.7,0.288,0.157,0.383,0.374,89.6,16.4,36.5,10.1,41.2,78.925298487,69.3,21.1,32.6,49.0,51.0,78.9,48.6,41.7,7.3,76.4,30.4,50.4,67.2,39.6,28.0,24.3,8.0,42.3,10.0,7.511927714671324,2.6614766947021073,0.3282276484757354,2922.0,1336.0,940.0,645.0,14.0,3.81,R,3.0,30.34648594670792,20.629819276225987,0.29942369464805,0.5256024078778971,40.5,0.9,3.0,Slider,"4-Seam Fastball 40% (23% whiff), Slider 25% (37% whiff), Split-Finger 14% (40% whiff), Changeup 7% (33% whiff), Sweeper 7% (36% whiff), Cutter 6% (16% whiff)",96.3,96.3,93.0,3.3238287000973807,18.0,0.0,0.0,51.0,0.0,,30.599999999999998,113.8,109.5,114.6,11.809966630305343,13.686868686868685,6,177,-2.138481590094491,-0.9000000000000057,0.8999999999999915,0.3,11.645299798230226,5.87,False,11.653892903087746,-0.1367693179667718,11.517123585120974,26.0,1.0,299.0,14,27,BB,0.0,299.0,49.0,72.0,102.0,6.0,110.0,42.0,clear keep,,False,3
801139,Payton Tolle,2026,2002-11-01,L,Boston Red Sox,26,26,148.66666666666666,171,40,50,123,15,0,0,0,0,0,9,6,3.03,1.1,603,2282,13,0.217,0.279,15.35,0.0,0.292,321.66666666666663,12.37179487179487,2.1636771300448427,23.7,True,payton tolle,23.0,603.0,28.4,6.6,0.199,0.312,0.285,0.255,2.7,0.259,0.113,0.363,0.316,87.6,17.5,30.6,6.0,34.5,76.252136968,71.9,20.8,36.4,43.5,56.5,79.2,52.7,43.0,7.8,82.6,27.9,55.1,66.5,38.1,27.2,22.5,12.2,37.3,15.0,13.080863062743525,2.583790469129834,-0.5780641890091051,2282.0,2005.0,212.0,65.0,13.0,3.03,L,3.0,27.742636465117876,23.977239961988715,0.25525849633261183,0.6933058705734053,43.4,1.8,3.0,Cutter,"4-Seam Fastball 45% (30% whiff), Sinker 23% (17% whiff), Cutter 20% (28% whiff), Curveball 10% (43% whiff)",96.1,96.1,95.0,2.189355613945107,32.0,0.0,0.0,0.0,0.0,,0.0,113.9,116.0,115.8,11.985554159022154,12.37179487179487,1,29,0.0,,,26.4,12.40996389979069,5.72,False,12.0667508616132,0.20515397695015783,12.271904838563357,24.0,1.0,295.0,15,16,BB,0.0,295.0,45.0,68.0,101.0,6.0,109.0,42.0,clear keep,,False,4
800048,Parker Messick,2026,2000-10-26,L,Cleveland Guardians,31,31,183.33333333333334,191,48,52,143,17,0,0,0,0,0,12,9,2.55,1.04,731,2884,14,0.196,0.257,15.73,0.0,0.269,378.33333333333337,12.204301075268818,2.063636363636364,25.7,True,parker messick,25.0,731.0,26.1,6.6,0.222,0.337,0.272,0.272,3.08,0.276,0.115,0.334,0.336,87.4,14.5,31.4,4.9,33.8,76.151959623,67.3,18.0,31.5,40.5,59.5,82.0,47.4,41.3,6.9,76.9,25.7,48.5,60.6,45.1,21.7,22.1,11.1,36.3,30.0,36.736581542133756,-10.556155891172416,3.897479014154806,2884.0,1773.0,433.0,678.0,14.0,2.55,L,3.0,24.701687751151436,19.770253141190647,0.27289662464400516,1.2303797418228914,35.9,2.9,3.0,Sinker,"4-Seam Fastball 41% (26% whiff), Changeup 23% (36% whiff), Sinker 15% (9% whiff), Curveball 9% (11% whiff), Slider 6% (29% whiff)",94.3,94.3,92.7,4.166654331425906,12.0,0.0,0.0,0.0,0.0,,0.0,108.0,102.2,108.5,10.922098102398916,12.204301075268818,1,38,0.0,,,11.4,11.710495287067067,5.91,False,11.265847583659339,0.0808182333440016,11.34666581700334,25.0,1.0,284.0,18,30,BAMBI,0.0,284.0,34.0,57.0,98.0,8.0,118.0,54.0,clear keep,,False,5
691587,Eury Pérez,2026,2003-04-15,R,Miami Marlins,30,29,159.0,170,68,69,124,20,1,1,0,0,0,8,11,3.91,1.21,660,2673,12,0.155,0.286,16.81,0.0,0.265,326.0,11.241379310344827,2.050314465408805,23.2,True,eury perez,23.0,660.0,25.8,10.3,0.218,0.384,0.303,0.31,4.06,0.31,0.167,0.352,0.364,88.6,19.3,33.0,10.0,39.6,77.150178488,74.0,21.8,32.0,41.9,58.1,78.2,45.9,40.3,7.3,80.5,28.6,51.3,60.8,39.3,27.7,21.6,11.4,40.8,7.0,2.112162858999226,7.068949564015157,-2.575099814585498,2673.0,1460.0,983.0,230.0,12.0,3.91,R,4.0,29.419180834150765,19.043356635504356,0.30908291704745505,0.09870129741038187,43.6,0.7,3.0,Sweeper,"4-Seam Fastball 38% (23% whiff), Sinker 18% (16% whiff), Slider 17% (44% whiff), Sweeper 13% (41% whiff), Changeup 9% (44% whiff), Curveball 6% (24% whiff)",98.2,98.2,97.7,7.016560780731426,31.0,26.0,1.0,320.0,0.0,,146.89999999999998,116.2,93.0,114.7,11.831246702324481,11.241379310344827,3,68,0.0,2.6000000000000085,0.29999999999999716,2.5,11.116461210500498,5.48,False,11.435266296086718,0.2362379128516969,11.671504208938416,24.0,1.0,280.0,21,24,BAMBI,0.0,280.0,30.0,53.0,97.0,8.0,123.0,56.0,clear keep,,False,6
693433,Bryan Woo,2026,2000-01-30,R,Seattle Mariners,30,30,173.0,175,39,77,152,18,0,0,0,0,0,12,10,4.01,1.1,710,2667,16,0.192,0.252,15.42,0.0,0.285,335.0,11.166666666666666,1.9364161849710984,26.4,True,bryan woo,26.0,710.0,24.6,5.5,0.24,0.385,0.285,0.296,3.68,0.29,0.145,0.347,0.364,89.4,16.5,36.3,7.0,42.8,78.537634239,71.3,16.6,34.2,43.9,56.1,83.4,51.0,44.4,7.2,78.5,25.2,53.1,67.9,38.3,27.5,24.4,9.8,37.9,19.0,15.31547939203995,-2.3318817685963165,6.138325092965869,2667.0,1768.0,732.0,167.0,16.0,4.01,R,4.0,24.49928644485583,19.12313966022865,0.2969418958912238,0.8985728859399957,34.7,3.7,3.0,Changeup,"4-Seam Fastball 47% (25% whiff), Sinker 19% (12% whiff), Slider 15% (33% whiff), Sweeper 11% (35% whiff), Changeup 6% (20% whiff)",96.1,96.1,95.9,1.9703131603789559,26.0,0.0,0.0,60.0,0.0,,18.0,105.4,120.3,107.8,10.824452843842575,13.588888888888887,4,100,-2.4222222222222207,-5.199999999999989,0.3999999999999915,0.2,11.322102399436133,5.77,False,11.052180346257623,0.03730072308184696,11.08948106933947,25.0,1.0,277.0,22,34,BB,0.0,277.0,27.0,50.0,97.0,8.0,119.0,60.0,clear keep,pitcher,False,7
656876,Drew Rasmussen,2026,1995-07-27,R,Tampa Bay Rays,30,30,172.0,174,32,51,125,14,0,0,0,0,0,16,5,2.67,0.91,669,2660,18,0.212,0.251,15.47,0.0,0.251,367.0,12.233333333333333,2.133720930232558,30.9,True,drew rasmussen,30.0,669.0,26.0,4.8,0.227,0.343,0.243,0.271,3.06,0.272,0.115,0.296,0.337,88.2,12.7,32.5,5.9,33.8,77.428542965,67.2,15.3,33.1,44.7,55.3,84.7,49.7,42.4,8.5,79.6,25.1,50.1,67.4,45.0,23.5,24.6,7.0,40.4,41.0,35.80589385256034,-1.0161029160391906,6.294393591185119,2660.0,2146.0,160.0,354.0,18.0,2.67,R,4.0,24.37342583138346,19.533724653538,0.2663703308041822,1.5828175031683351,34.5,2.9,4.0,Sinker,"Cutter 29% (25% whiff), 4-Seam Fastball 28% (26% whiff), Sinker 23% (16% whiff), Changeup 13% (34% whiff)",95.9,95.9,95.3,4.837408905458137,16.0,0.0,0.0,168.0,0.0,,50.4,109.2,110.5,110.6,11.23036754606505,12.5,4,111,-0.2666666666666675,4.5,0.10000000000000853,6.2,11.15472058300239,5.73,False,11.17011615914846,-0.24245470003200456,10.927661459116456,25.0,1.0,273.0,24,37,GLIZZY,0.0,273.0,23.0,46.0,96.0,9.0,124.0,61.0,marginal,,False,8
594798,Jacob deGrom,2026,1988-06-19,R,Texas Rangers,31,31,162.66666666666666,201,46,76,139,20,0,0,0,0,0,11,11,4.2,1.14,668,2735,12,0.232,0.332,16.81,0.0,0.301,335.66666666666663,10.82795698924731,2.0635245901639343,38.0,True,jacob degrom,38.0,668.0,30.1,6.9,0.229,0.374,0.285,0.288,3.47,0.282,0.144,0.377,0.383,90.4,16.5,37.8,7.9,45.0,80.475735217,71.6,19.7,35.1,56.4,43.6,80.3,45.7,44.2,6.0,81.7,33.2,51.7,63.5,36.4,26.8,28.2,8.6,41.1,17.0,3.267464927670887,12.13500578135614,1.1567948201630058,2735.0,1243.0,1119.0,373.0,12.0,4.2,R,3.0,34.87837282562977,23.238105053602037,0.28543460346370914,0.9219361463565968,46.9,2.1,3.0,Slider,"4-Seam Fastball 42% (25% whiff), Slider 36% (41% whiff), Changeup 13% (47% whiff), Curveball 6% (40% whiff)",97.4,97.4,96.6,2.177993533718123,25.0,0.0,0.0,175.0,0.0,,52.5,118.4,116.0,119.8,12.574614784031876,19.266666666666666,4,96,-8.438709677419356,2.4000000000000057,-0.09999999999999432,0.4,11.38401528874743,5.25,False,11.899409267482682,-0.9838465898338593,10.915562677648822,24.0,0.93,262.0,26,38,MMM,0.0,262.0,12.0,35.0,93.0,10.0,131.0,69.0,marginal,,False,9
686613,Hunter Brown,2026,1998-08-29,R,Houston Astros,20,20,107.33333333333333,124,55,38,81,11,0,0,0,0,0,6,4,3.19,1.27,451,1881,7,0.153,0.267,17.52,0.0,0.273,221.33333333333331,11.066666666666666,2.062111801242236,27.8,True,hunter brown,27.0,451.0,27.5,12.2,0.199,0.313,0.289,0.282,3.32,0.303,0.114,0.332,0.32,86.2,5.0,27.6,6.0,36.9,74.185927669,60.3,17.5,27.5,43.6,56.4,82.5,45.4,40.6,6.0,72.6,26.7,42.4,56.3,57.1,21.6,16.8,4.5,36.6,6.0,14.491171651732301,-5.729724874033445,-2.689708186763475,1881.0,1191.0,523.0,167.0,7.0,3.19,R,3.0,25.747247257220984,20.532832828764604,0.2821081082136731,0.09759759430631847,38.5,1.3,2.0,Sinker,"4-Seam Fastball 32% (22% whiff), Sinker 30% (21% whiff), Curveball 19% (34% whiff), Slider 10% (23% whiff), Changeup 10% (38% whiff)",96.2,96.2,96.0,2.7325376892795226,84.0,72.0,1.0,72.0,0.0,,72.0,106.2,86.1,104.7,10.380361259641276,14.043010752688174,4,112,-2.9763440860215074,-8.599999999999994,-0.3999999999999915,0.3,12.502814000265026,5.37,False,11.354382420417638,-0.049734297442462536,11.304648122975175,23.0,1.0,260.0,27,31,MMM,0.0,260.0,10.0,33.0,92.0,12.0,136.0,68.0,marginal,,False,10
657746,Joe Ryan,2026,1996-06-05,R,Minnesota Twins,27,27,144.66666666666666,159,31,61,137,21,0,0,0,0,0,7,10,3.79,1.16,614,2441,12,0.208,0.258,16.87,0.0,0.297,290.66666666666663,10.76543209876543,2.009216589861751,30.1,True,joe ryan,30.0,614.0,25.9,5.0,0.228,0.394,0.31,0.297,3.7,0.284,0.165,0.387,0.369,89.3,18.2,35.0,10.0,40.9,78.3079325,67.0,18.4,32.1,41.9,58.1,81.6,51.0,42.9,7.7,79.7,25.8,49.9,67.1,37.2,29.2,23.6,10.0,46.7,4.0,-0.3207915670686912,2.1198037077489973,2.144761973266306,2441.0,1311.0,837.0,293.0,12.0,3.79,R,4.0,25.672406410521887,19.863422460516453,0.2874684491290458,0.36374331570190743,37.5,0.9,4.0,Curveball,"4-Seam Fastball 45% (26% whiff), Sweeper 15% (38% whiff), Split-Finger 12% (22% whiff), Curveball 12% (29% whiff), Sinker 10% (8% whiff)",93.5,93.5,93.1,2.4898375911679347,46.0,31.0,1.0,82.0,0.0,,46.3,102.9,113.5,104.7,10.378851506897565,12.173913043478262,5,141,-1.4084809447128315,-3.799999999999997,-0.20000000000000284,0.1,11.528852317779752,5.36,False,10.932657434491338,-0.19272040258954226,10.739937031901796,24.0,1.0,258.0,28,41,MMM,0.0,258.0,8.0,31.0,92.0,11.0,133.0,71.0,marginal,,False,11
677952,Braxton Ashcraft,2026,1999-10-05,R,Pittsburgh Pirates,28,28,165.33333333333334,173,35,67,145,22,1,0,0,0,0,14,6,3.65,1.09,667,2413,13,0.207,0.256,14.59,0.0,0.287,333.33333333333337,11.904761904761907,2.0161290322580645,26.7,True,braxton ashcraft,26.0,667.0,25.9,5.2,0.232,0.369,0.292,0.287,3.45,0.281,0.137,0.366,0.358,89.7,11.0,32.1,6.2,41.6,79.124396652,66.1,13.9,37.0,47.9,52.1,86.1,51.6,43.1,7.3,68.2,25.6,52.0,68.4,46.5,25.4,21.5,6.6,36.1,14.0,2.2139527129306122,12.474399120301747,-0.36247631516487866,2413.0,1139.0,1174.0,100.0,13.0,3.65,R,4.0,26.285266456487918,23.783072101115685,0.2866018808710475,0.6103448285879005,38.7,2.7,2.0,Sinker,"4-Seam Fastball 31% (17% whiff), Curveball 26% (39% whiff), Slider 22% (30% whiff), Sinker 16% (18% whiff)",97.3,97.3,97.1,2.6936593476451307,28.0,17.0,1.0,17.0,0.0,,17.0,108.4,121.8,110.9,11.28049151859858,11.904761904761907,1,36,0.0,,,49.7,11.048090530044817,5.9,False,11.147520703430253,0.01865036154092348,11.166171064971177,23.0,1.0,257.0,29,33,Dpf,0.0,257.0,7.0,30.0,91.0,12.0,140.0,72.0,marginal,,False,12
650633,Michael King,2026,1995-05-25,R,San Diego Padres,32,32,185.0,159,70,66,148,20,0,0,0,0,0,12,10,3.21,1.18,757,2981,18,0.118,0.245,16.11,0.0,0.26,350.0,10.9375,1.8918918918918919,31.1,True,michael king,31.0,757.0,21.0,9.2,0.24,0.403,0.295,0.322,4.42,0.325,0.162,0.32,0.36,87.0,14.1,33.7,8.2,32.7,75.924543175,65.0,17.3,30.3,38.0,62.0,82.7,46.6,43.3,6.2,72.8,24.5,46.5,64.1,45.1,26.5,20.8,7.6,39.7,19.0,1.3805833378584325,6.4248148504937905,11.023002721949258,2981.0,1435.0,758.0,788.0,18.0,3.21,R,4.0,24.515700000121498,17.710099998949495,0.32315099995224494,0.637600001212,29.1,2.2,2.0,Slider,"Sinker 28% (17% whiff), Changeup 27% (28% whiff), 4-Seam Fastball 20% (29% whiff), Sweeper 20% (27% whiff), Slider 5% (22% whiff)",94.2,94.2,93.1,2.840037034936852,21.0,0.0,0.0,102.0,0.0,,61.199999999999996,101.7,105.9,102.2,10.007574677373938,12.455555555555554,3,92,-1.518055555555554,-2.0999999999999943,0.5,0.1,10.962567000298016,5.78,False,10.513815247438464,-0.25488827439262035,10.258926973045844,25.0,1.0,256.0,30,58,CS,0.0,256.0,6.0,29.0,91.0,12.0,136.0,71.0,marginal,,False,13
669022,MacKenzie Gore,2026,1999-02-24,L,Texas Rangers,33,33,170.66666666666666,174,70,87,159,19,0,0,0,0,0,8,11,4.59,1.34,741,2937,9,0.14,0.252,17.21,0.0,0.299,293.66666666666663,8.898989898989898,1.7207031249999998,27.3,True,mackenzie gore,27.0,741.0,23.5,9.4,0.243,0.384,0.316,0.311,4.09,0.319,0.142,0.37,0.362,89.1,15.3,33.9,8.6,41.0,77.596668471,70.3,16.5,30.1,42.9,57.1,83.5,46.7,41.4,7.3,79.9,25.2,48.9,57.2,40.4,26.5,26.3,6.7,38.0,6.0,9.775577384200975,-6.677449722933656,3.2673727483543518,2937.0,1732.0,824.0,381.0,9.0,4.59,L,3.0,26.182200001106807,20.6901000037594,0.308147000040118,0.2502999979982,37.6,1.2,3.0,Slider,"4-Seam Fastball 47% (22% whiff), Curveball 18% (30% whiff), Changeup 13% (38% whiff), Slider 10% (30% whiff), Cutter 6% (26% whiff), Sinker 5% (13% whiff)",95.2,95.2,95.1,3.0864923008489065,45.0,0.0,0.0,12.0,0.0,,7.199999999999999,104.1,91.6,103.0,10.135371919036645,10.888888888888888,5,135,-1.9898989898989896,-3.8000000000000114,-0.09999999999999432,0.3,10.221388577416672,5.17,False,10.253334512826996,-0.01865036154092348,10.234684151286071,25.0,1.0,256.0,30,61,GLIZZY,0.0,256.0,6.0,29.0,91.0,11.0,139.0,71.0,marginal,,False,14
701656,Logan Henderson,2026,2002-03-02,R,Milwaukee Brewers,18,18,98.33333333333333,110,19,27,64,14,0,0,0,0,0,11,3,2.47,0.84,371,1505,7,0.245,0.265,15.31,0.0,0.221,209.33333333333331,11.629629629629628,2.1288135593220336,24.3,True,logan henderson,24.0,371.0,29.6,5.1,0.201,0.342,0.252,0.257,2.74,0.244,0.14,0.33,0.337,88.3,21.4,32.4,8.3,36.9,77.233269412,71.3,21.7,32.2,38.7,61.3,78.3,53.6,41.5,9.6,80.0,26.5,53.2,67.7,32.0,30.7,25.3,12.0,41.5,16.0,12.511147690861884,-1.0261988884254059,4.713236739967449,1505.0,928.0,47.0,530.0,7.0,2.47,R,3.0,27.144891639489497,20.843653249606852,0.24927554183506026,1.3399380796493146,37.8,2.0,3.0,4-Seam Fastball,"4-Seam Fastball 46% (21% whiff), Changeup 35% (38% whiff), Cutter 16% (21% whiff)",93.1,93.1,,5.928625094399851,93.0,44.0,1.0,95.0,0.0,,74.6,112.7,106.0,113.6,11.67266838214135,11.629629629629628,1,23,0.0,,,10.6,12.300231724390681,5.46,False,11.872637599912895,0.16785325386831088,12.040490853781206,21.0,1.0,253.0,33,19,BB,0.0,253.0,3.0,26.0,90.0,13.0,143.0,72.0,marginal,,False,15
607192,Tyler Glasnow,2026,1993-08-23,R,Los Angeles Dodgers,13,13,74.0,98,25,29,45,7,0,0,0,0,0,5,2,3.53,0.95,288,1149,7,0.253,0.321,15.53,0.0,0.244,171.0,13.153846153846153,2.310810810810811,32.9,True,tyler glasnow,32.0,288.0,34.0,8.7,0.19,0.332,0.245,0.263,2.88,0.259,0.142,0.323,0.353,90.1,16.7,32.3,8.5,38.4,80.944570988,57.4,14.9,29.5,60.3,39.7,85.1,45.8,38.5,7.4,65.9,32.1,42.3,61.5,41.5,29.3,23.2,6.1,40.9,15.0,7.349316956667473,8.008771016204806,,1149.0,644.0,505.0,0.0,7.0,3.53,R,4.0,30.468068073301026,25.20110110169729,0.25907707706075245,1.4481481489563637,51.1,2.6,4.0,Slider,"4-Seam Fastball 33% (14% whiff), Curveball 27% (51% whiff), Sinker 22% (24% whiff), Slider 18% (38% whiff)",95.8,95.4,95.8,4.916800918831185,127.0,109.0,1.0,263.0,0.0,Low back spasms,176.79999999999998,117.4,89.5,116.2,12.050673051626202,15.785714285714286,5,88,-2.631868131868133,4.700000000000003,-0.20000000000000284,0.2,12.902997379384308,5.69,False,12.310403219505556,-0.3667904436381608,11.943612775867395,21.0,1.0,251.0,34,20,BB,0.0,251.0,1.0,24.0,90.0,12.0,143.0,74.0,marginal,,False,16
667755,José Soriano,2026,1998-10-20,R,multi,32,32,177.33333333333334,169,73,77,155,18,0,0,0,0,0,12,8,3.91,1.29,745,2916,11,0.129,0.286,16.44,0.0,0.29,313.33333333333337,9.791666666666668,1.7669172932330828,27.7,True,jose soriano,27.0,745.0,22.7,9.8,0.249,0.392,0.301,0.323,4.45,0.332,0.143,0.339,0.372,88.5,5.3,30.4,7.5,37.4,77.218479057,64.2,16.1,32.8,48.5,51.5,83.9,44.8,44.0,6.4,69.7,28.6,46.8,59.2,53.8,20.6,22.3,3.2,41.1,12.0,-2.7419466599845057,6.59817044472165,8.579469839012502,2916.0,1481.0,888.0,547.0,11.0,3.91,R,4.0,29.122947370429696,19.017578948031247,0.3230557894545019,0.5721052631700831,43.9,1.4,3.0,Curveball,"Sinker 29% (19% whiff), Curveball 26% (44% whiff), 4-Seam Fastball 22% (20% whiff), Split-Finger 18% (35% whiff)",97.1,97.1,96.3,5.203743511095146,37.0,0.0,0.0,65.0,0.0,,22.5,110.1,102.7,109.8,11.115518929072039,10.15,3,83,-0.3583333333333325,2.5999999999999943,-0.8000000000000114,8.1,9.733845272680318,5.54,False,10.502069936486729,-0.04351751026215464,10.458552426224575,24.0,1.0,251.0,34,51,GLIZZY,0.0,251.0,1.0,24.0,90.0,13.0,135.0,74.0,marginal,,False,17
657277,Logan Webb,2026,1996-11-18,R,San Francisco Giants,27,27,160.66666666666666,134,41,77,147,13,1,0,0,0,0,8,9,4.31,1.17,668,2488,17,0.139,0.215,15.49,0.0,0.288,295.66666666666663,10.950617283950615,1.8402489626556016,29.6,True,logan webb,29.0,668.0,20.1,6.1,0.259,0.386,0.292,0.311,4.09,0.317,0.127,0.329,0.355,88.3,7.4,31.0,5.8,38.9,76.910324286,64.3,13.9,32.9,34.6,65.4,86.1,46.7,44.3,6.1,69.7,21.5,47.6,62.3,51.8,20.6,23.1,4.6,40.3,18.0,14.310618488423076,3.5842567202943383,-0.02142698084460054,2488.0,1393.0,499.0,596.0,17.0,4.31,R,5.0,21.15000000445,18.330500000747502,0.3087199999574,0.830399999748,27.8,1.6,3.0,Sinker,"Sinker 29% (12% whiff), Changeup 24% (28% whiff), Sweeper 20% (24% whiff), 4-Seam Fastball 14% (26% whiff), Cutter 13% (21% whiff)",92.3,92.3,92.1,5.6200333869814685,43.0,29.0,2.0,29.0,0.0,,29.0,98.0,114.1,99.8,9.658388817204173,13.818181818181818,6,185,-2.867564534231203,-4.0,-0.5,0.4,11.008245387620661,5.95,False,10.369864491202854,-0.1616364666880032,10.20822802451485,24.0,1.0,245.0,38,64,FA,0.0,245.0,-5.0,18.0,88.0,14.0,142.0,77.0,let go,,False,18
669923,George Kirby,2026,1998-02-04,R,Seattle Mariners,30,30,174.66666666666666,148,47,84,197,22,1,0,0,0,0,9,11,4.33,1.4,741,2758,15,0.136,0.225,15.79,0.0,0.337,308.66666666666663,10.288888888888888,1.7671755725190839,28.4,True,george kirby,28.0,741.0,20.0,6.3,0.263,0.408,0.341,0.315,4.21,0.312,0.145,0.401,0.366,89.4,12.2,33.0,6.6,40.1,78.915435242,70.0,13.7,34.3,40.0,60.0,86.3,49.3,43.2,7.4,80.5,22.5,51.9,66.5,44.2,24.3,23.8,7.7,35.2,-12.0,4.049674798986652,-7.178309866101586,-8.40045662147166,2758.0,1476.0,1062.0,220.0,15.0,4.33,R,4.0,21.582296138828887,17.660085835085376,0.3067886266749537,-0.25772532490490707,26.2,0.4,2.0,Sinker,"4-Seam Fastball 28% (23% whiff), Sweeper 28% (26% whiff), Sinker 21% (12% whiff), Curveball 10% (22% whiff), Changeup 5% (26% whiff)",96.8,96.7,96.8,3.2208641488284537,40.0,0.0,0.0,56.0,0.0,,33.6,98.1,113.9,99.8,9.66141065452187,12.311827956989246,5,142,-2.0229390681003583,-9.700000000000003,0.5,0.7,10.316304870814367,5.82,False,10.072173989987675,-0.08703502052430928,9.985138969463366,24.0,1.0,240.0,41,73,LTTA,0.0,240.0,-10.0,13.0,87.0,15.0,148.0,81.0,let go,,False,19
676282,Joey Cantillo,2026,1999-12-18,L,Cleveland Guardians,33,30,159.0,171,81,64,144,17,0,0,0,0,0,11,9,3.62,1.42,687,2748,6,0.131,0.291,17.28,0.0,0.31,290.0,9.666666666666666,1.8238993710691824,26.5,True,joey cantillo,26.0,687.0,24.9,11.8,0.226,0.36,0.323,0.308,4.01,0.324,0.135,0.376,0.35,88.2,11.2,32.4,7.5,39.4,76.892746095,63.2,20.7,27.5,46.6,53.4,79.3,47.4,41.2,6.8,73.7,29.1,44.4,56.5,45.0,26.6,21.4,7.0,40.8,-6.0,-9.280297450086561,3.732060814221174,-0.35829837242974527,2748.0,1124.0,954.0,669.0,6.0,3.62,L,3.0,28.85539267065804,21.9115183264439,0.31386596865291744,-0.5232460736199116,39.4,0.3,1.0,Curveball,"4-Seam Fastball 33% (16% whiff), Curveball 30% (36% whiff), Changeup 24% (39% whiff), Cutter 8% (25% whiff)",92.2,92.2,,4.616831292095298,47.0,0.0,0.0,0.0,0.0,,0.0,105.7,86.3,104.0,10.269098968680717,13.641025641025639,2,51,-3.9743589743589727,-4.799999999999997,0.5,0.3,10.092668482792417,5.3,False,10.260382763622504,0.03108393590153906,10.291466699524042,23.0,1.0,237.0,43,57,FA,0.0,237.0,-13.0,10.0,86.0,16.0,147.0,82.0,let go,,False,20
683003,Jared Jones,2026,2001-08-06,R,Pittsburgh Pirates,20,20,97.66666666666667,118,31,42,78,12,0,0,0,0,0,5,6,3.87,1.12,402,1579,6,0.216,0.326,16.17,0.0,0.277,197.66666666666669,9.883333333333335,2.0238907849829353,24.9,True,jared jones,24.0,402.0,29.4,7.7,0.213,0.359,0.287,0.281,3.3,0.277,0.146,0.367,0.358,89.2,17.4,34.7,7.6,38.2,78.672293387,67.3,18.7,32.6,59.4,40.6,81.3,48.3,40.8,7.1,74.1,32.6,49.3,58.0,36.7,28.3,25.5,9.6,39.4,8.0,4.436741021562375,5.836504213520512,-2.1102729989245876,1579.0,739.0,667.0,173.0,6.0,3.87,R,3.0,32.15961124062761,24.223974081023847,0.28881641467338093,0.24254859521852506,41.7,1.0,1.0,Slider,"4-Seam Fastball 46% (23% whiff), Slider 35% (42% whiff), Changeup 11% (41% whiff)",98.3,98.3,,1.6883737531296716,103.0,0.0,0.0,239.0,0.0,,127.2,116.4,98.2,116.0,12.012691609751265,10.984848484848486,2,42,-1.1015151515151516,-0.29999999999999716,0.5,29.9,11.377604125938527,4.88,True,11.63321160553296,0.13055253078646414,11.763764136319423,20.0,1.0,235.0,44,21,Dan,0.0,235.0,-15.0,8.0,85.0,17.0,151.0,84.0,let go,,False,21
669432,Trevor Rogers,2026,1997-11-13,L,Baltimore Orioles,30,30,169.66666666666666,157,39,76,162,19,0,0,0,0,0,10,11,4.03,1.18,699,2689,15,0.169,0.244,15.85,0.0,0.297,310.66666666666663,10.355555555555554,1.8310412573673869,28.6,True,trevor rogers,28.0,699.0,22.5,5.6,0.239,0.387,0.304,0.293,3.6,0.285,0.148,0.366,0.352,88.1,18.1,31.8,6.8,36.2,77.048872154,69.6,16.9,35.6,40.4,59.6,83.1,51.9,45.7,8.3,66.7,24.4,53.3,69.7,39.4,25.0,24.2,11.4,36.4,6.0,14.898453935962019,2.8293210349887246,-11.688379721792288,2689.0,1754.0,384.0,551.0,15.0,4.03,L,4.0,23.751799996040997,16.536199996219004,0.297152999959235,0.28869999955649994,30.8,1.2,4.0,Sweeper,"4-Seam Fastball 46% (24% whiff), Changeup 21% (23% whiff), Sweeper 14% (31% whiff), Sinker 10% (14% whiff), Cutter 9% (23% whiff)",93.8,93.8,93.4,3.860122950319057,38.0,16.0,1.0,201.0,0.0,Illness,127.0,99.5,122.3,102.4,10.036917566999003,14.037037037037038,5,125,-3.681481481481484,-11.299999999999997,0.7999999999999972,0.4,10.288262750221879,5.66,False,10.236087581085455,-0.09946859488492507,10.13661898620053,23.0,1.0,233.0,45,66,BB,0.0,233.0,-17.0,6.0,85.0,17.0,150.0,88.0,let go,,False,22
686218,Emmet Sheehan,2026,1999-11-15,R,Los Angeles Dodgers,23,22,112.33333333333333,132,33,57,99,21,0,0,0,0,0,5,8,4.57,1.18,472,1954,6,0.21,0.316,17.39,0.0,0.282,211.33333333333331,9.606060606060606,1.8813056379821957,26.6,True,emmet sheehan,26.0,472.0,28.0,7.0,0.218,0.379,0.32,0.292,3.57,0.285,0.161,0.41,0.366,88.7,20.3,34.4,9.7,38.5,77.952393893,69.2,18.4,35.5,52.8,47.2,81.6,45.1,40.5,7.8,73.2,31.6,50.7,59.3,35.8,29.8,23.1,11.4,45.8,0.0,-6.3080483419814515,11.089500852610332,-4.630303373333017,1954.0,836.0,814.0,304.0,6.0,4.57,R,4.0,31.025399993298393,21.534999994459998,0.308376999933492,-0.3756999995972001,38.4,0.9,2.0,Curveball,"4-Seam Fastball 43% (30% whiff), Slider 30% (38% whiff), Changeup 16% (24% whiff), Curveball 12% (25% whiff)",94.4,94.4,,3.8116853940116857,92.0,0.0,0.0,287.0,0.0,,114.0,107.9,98.5,107.8,10.832273989308849,12.611111111111109,3,45,-3.0050505050505034,-11.0,-1.1999999999999886,0.6,10.778631943081054,5.11,False,10.820919313375954,0.02486714872123116,10.845786462097186,21.0,1.0,228.0,47,39,FA,0.0,228.0,-22.0,1.0,84.0,19.0,158.0,91.0,let go,,False,23
624133,Ranger Suarez,2026,1995-08-26,L,Boston Red Sox,28,28,148.33333333333334,140,46,53,130,10,0,0,0,0,0,8,5,3.22,1.19,612,2384,9,0.154,0.217,16.07,0.0,0.294,271.33333333333337,9.690476190476192,1.8292134831460676,30.8,True,ranger suarez,30.0,612.0,22.9,7.5,0.243,0.349,0.286,0.294,3.63,0.308,0.107,0.329,0.34,86.8,13.0,36.8,5.3,33.7,75.252062512,62.5,13.1,31.4,35.3,64.7,86.9,44.3,44.6,6.2,73.6,21.7,45.1,65.8,43.4,22.7,26.7,7.2,38.2,20.0,18.20562167630203,4.251035427556701,-2.2981454564313264,2384.0,1567.0,526.0,291.0,9.0,3.22,L,5.0,20.27463313084574,19.279664567507,0.29708280919348634,0.786687630572916,38.5,1.8,4.0,4-Seam Fastball,"Sinker 24% (13% whiff), 4-Seam Fastball 23% (16% whiff), Cutter 19% (14% whiff), Curveball 17% (38% whiff), Changeup 13% (26% whiff)",91.5,91.5,90.3,4.312642587475477,57.0,7.0,1.0,72.0,0.0,Left groin strain,37.6,95.9,112.3,97.8,9.37131902379712,19.166666666666668,6,144,-9.476190476190476,-2.5999999999999943,0.20000000000000284,0.3,10.672755104745365,5.3,False,10.090264503644596,-0.2362379128516969,9.854026590792898,23.0,1.0,227.0,48,85,Dpf,0.0,227.0,-23.0,0.0,83.0,18.0,157.0,93.0,let go,,False,24
608331,Max Fried,2026,1994-01-18,L,New York Yankees,20,20,112.66666666666667,104,33,35,79,4,0,0,0,0,0,5,5,2.8,0.99,434,1696,8,0.164,0.25,15.05,0.0,0.26,213.66666666666669,10.683333333333334,1.8964497041420119,32.4,True,max fried,32.0,434.0,24.0,7.6,0.199,0.272,0.245,0.246,2.51,0.266,0.073,0.277,0.28,85.9,9.8,28.5,2.4,29.8,74.556119375,63.9,16.6,30.2,40.7,59.3,83.4,46.8,43.0,7.1,70.2,25.0,46.0,57.4,49.8,25.1,17.3,7.8,33.2,23.0,10.770060640683253,8.512651086507738,3.427558857735728,1696.0,1034.0,456.0,206.0,8.0,2.8,L,5.0,25.005922555661034,21.739407742827975,0.2497448746984916,1.1599088834857125,31.6,2.5,4.0,Cutter,"Cutter 22% (27% whiff), Sinker 22% (20% whiff), 4-Seam Fastball 18% (19% whiff), Curveball 13% (32% whiff), Changeup 12% (30% whiff)",94.9,94.9,93.2,4.584816053401643,89.0,79.0,2.0,93.0,0.0,,83.2,108.9,98.4,109.0,10.995366062110769,13.559523809523808,6,153,-2.876190476190475,-0.7999999999999972,-1.0,0.7,11.250445406350137,5.63,False,11.101328086233753,-0.33570650773662175,10.76562157849713,21.0,1.0,226.0,49,40,GK,0.0,226.0,-24.0,-1.0,83.0,19.0,161.0,93.0,let go,,False,25
607074,Carlos Rodón,2026,1992-12-10,L,New York Yankees,16,16,84.33333333333333,91,38,25,51,7,0,0,0,0,0,7,3,2.67,1.06,340,1438,6,0.156,0.3,17.05,0.0,0.22,174.33333333333331,10.895833333333332,2.067193675889328,33.6,True,carlos rodon,33.0,340.0,26.8,11.2,0.224,0.356,0.254,0.304,3.89,0.318,0.132,0.28,0.361,89.9,15.9,38.3,6.8,38.3,80.209887087,70.5,18.6,29.9,51.5,48.5,81.4,44.5,37.1,7.6,79.8,30.0,48.0,58.8,37.3,28.7,28.2,5.7,39.2,14.0,10.74008945450117,2.5779614720788877,0.638604058506749,1438.0,839.0,390.0,209.0,6.0,2.67,L,4.0,28.886930096202917,20.085207703504732,0.31123910830703505,0.696453900622274,37.9,1.6,3.0,Sinker,"4-Seam Fastball 46% (23% whiff), Slider 25% (38% whiff), Changeup 15% (38% whiff), Sinker 13% (21% whiff)",94.4,94.4,93.4,3.3770237112624386,124.0,92.0,2.0,92.0,0.0,,92.0,109.1,79.5,106.6,10.646481615040987,14.027777777777777,6,150,-3.1319444444444446,-1.8000000000000114,0.30000000000001137,0.1,11.648056521167973,5.27,False,11.109649604804082,-0.41030795390031566,10.699341650903765,21.0,1.0,225.0,51,43,CJF,0.0,225.0,-25.0,-2.0,83.0,19.0,155.0,93.0,let go,,False,26
592662,Robbie Ray,2026,1991-10-01,L,multi,31,30,165.66666666666666,140,84,66,140,22,0,0,0,0,0,13,8,3.59,1.35,702,2854,12,0.08,0.246,17.23,0.0,0.262,287.66666666666663,9.588888888888887,1.7364185110663983,34.7,True,robbie ray,34.0,702.0,19.9,12.0,0.247,0.419,0.315,0.335,4.82,0.339,0.173,0.339,0.368,89.2,18.5,33.2,8.0,37.4,78.739528798,70.3,15.0,28.2,42.7,57.3,85.0,42.9,38.4,6.4,76.4,24.6,46.2,58.7,36.3,33.6,23.3,6.7,33.0,8.0,-4.896539293912559,4.344518429354941,8.085105835326061,2854.0,1327.0,997.0,530.0,12.0,3.59,L,5.0,25.600099902197304,17.31988012038022,0.33497102892322156,0.25124875199176444,38.0,1.4,2.0,Changeup,"4-Seam Fastball 32% (20% whiff), Slider 23% (36% whiff), Changeup 19% (25% whiff), Sinker 14% (11% whiff), Curveball 12% (38% whiff)",93.1,93.1,92.5,5.624198360812267,48.0,0.0,0.0,33.0,0.0,,9.9,99.2,82.3,96.9,9.243661180245962,14.760416666666668,4,133,-5.171527777777781,-8.899999999999991,-0.9000000000000057,0.0,10.289743836141776,5.52,False,9.864853870292551,-0.4786926128837017,9.38616125740885,24.0,1.0,225.0,51,108,Dan,0.0,225.0,-25.0,-2.0,83.0,19.0,160.0,93.0,let go,,False,27
666142,Cole Ragans,2026,1997-12-12,L,Kansas City Royals,8,8,35.333333333333336,45,23,19,27,10,0,0,0,0,0,1,4,4.84,1.42,151,639,3,0.146,0.317,18.08,0.0,0.233,73.33333333333334,9.166666666666668,2.0754716981132075,28.5,True,cole ragans,,,,,,,,,,,,,,,,,,,,,,,,,,,,,,,,,,,,,,,,,,,,,,,,,1.0,30.899999999999995,26.7,0.312,1.2,30.9,1.2,1.0,4-Seam Fastball,4-Seam Fastball 56% (31% whiff),,,,6.442319744904703,204.0,142.0,1.0,259.0,1.0,,212.2,,,,,,3,74,,,,10.5,12.747671864870295,,False,12.570009169687014,-0.09325180770461718,12.476757361982397,18.0,1.0,225.0,51,10,BAMBI,0.0,225.0,-25.0,-2.0,83.0,19.0,162.0,93.0,let go,,False,28
605400,Aaron Nola,2026,1993-06-04,R,Philadelphia Phillies,33,33,175.33333333333334,177,59,91,177,37,0,0,0,0,0,7,12,4.67,1.35,744,2946,12,0.159,0.271,16.8,0.0,0.3,309.33333333333337,9.373737373737375,1.76425855513308,33.1,True,aaron nola,33.0,744.0,23.8,7.9,0.243,0.419,0.346,0.314,4.18,0.303,0.176,0.426,0.38,88.5,13.3,35.0,9.3,40.3,76.926068884,62.7,15.5,33.3,44.3,55.7,84.5,44.1,43.1,6.1,69.8,27.1,46.3,64.1,41.1,27.9,24.5,6.5,42.1,-22.0,-36.86287882619495,10.002210275762685,4.737491026240334,2946.0,1464.0,1001.0,481.0,12.0,4.67,R,4.0,25.789023153831707,18.905538765329613,0.3157713998621783,-0.6565961751430204,41.4,1.2,2.0,Curveball,"Curveball 33% (41% whiff), 4-Seam Fastball 24% (14% whiff), Sinker 18% (13% whiff), Changeup 16% (26% whiff), Cutter 8% (26% whiff)",92.3,92.3,91.6,3.1855210225289654,39.0,0.0,0.0,93.0,0.0,,55.8,96.1,109.6,97.5,9.33104768755317,14.5625,6,179,-5.1887626262626245,-1.4000000000000057,0.3999999999999915,0.0,9.867319050669453,5.31,False,9.723217373545006,-0.3792240179987766,9.34399335554623,24.0,1.0,224.0,54,110,Dpf,0.0,224.0,-26.0,-3.0,83.0,19.0,155.0,94.0,let go,,False,29
690986,Kyle Harrison,2026,2001-08-12,L,Milwaukee Brewers,28,24,115.66666666666667,141,36,54,120,20,0,0,0,0,1,11,5,4.2,1.35,505,2106,6,0.208,0.279,18.21,0.0,0.333,226.66666666666669,9.444444444444445,1.9596541786743518,24.9,True,kyle harrison,24.0,505.0,27.9,7.1,0.245,0.389,0.336,0.308,4.01,0.309,0.144,0.435,0.392,89.3,14.5,39.4,8.1,38.8,78.96419327,65.0,16.9,32.4,49.0,51.0,83.1,48.9,42.9,7.6,70.6,27.9,48.3,64.0,37.2,28.1,28.4,6.3,39.4,-7.0,-7.573508365568275,5.971567459238053,-5.798478394744681,2106.0,1240.0,678.0,188.0,6.0,4.2,L,2.0,28.636697246982582,20.5189602375567,0.2943628950386456,0.04271151668895566,29.0,1.2,1.0,Slurve,"4-Seam Fastball 57% (29% whiff), Slurve 32% (29% whiff), Changeup 9% (28% whiff)",94.7,94.7,94.3,3.1611336086943322,81.0,25.0,1.0,68.0,0.0,,37.9,104.7,106.8,105.6,10.503251219938598,9.444444444444445,2,61,0.0,,,3.9,10.526407075133594,,True,10.557645397430116,0.13055253078646414,10.68819792821658,21.0,1.0,224.0,54,45,FA,0.0,224.0,-26.0,-3.0,83.0,19.0,158.0,94.0,let go,,False,30
702070,Noah Cameron,2026,1999-07-17,L,Kansas City Royals,31,30,177.33333333333334,158,58,81,160,21,1,1,0,0,0,9,8,4.11,1.23,746,2893,11,0.134,0.258,16.31,0.0,0.278,316.33333333333337,10.544444444444446,1.7838345864661656,27.0,True,noah cameron,26.0,746.0,21.2,7.8,0.245,0.405,0.306,0.312,4.12,0.308,0.161,0.352,0.361,88.9,15.5,37.1,8.2,37.7,78.05787428,69.1,16.9,29.4,44.7,55.3,83.1,47.5,41.8,7.5,76.5,25.8,48.3,59.1,40.0,28.0,25.5,6.5,44.4,4.0,5.656493599075288,-4.308215472473467,2.8965780217047326,2893.0,1452.0,862.0,578.0,11.0,4.11,L,5.0,26.199699991301802,17.964000001016,0.30999500004902997,0.3900999971594001,35.9,1.3,4.0,Cutter,"4-Seam Fastball 24% (18% whiff), Cutter 21% (22% whiff), Changeup 21% (36% whiff), Curveball 16% (30% whiff), Slider 13% (36% whiff), Sinker 4% (8% whiff)",92.5,92.5,91.5,2.3544410427215063,35.0,0.0,0.0,0.0,0.0,,0.0,98.8,95.5,98.4,9.464706781187212,10.544444444444446,2,54,0.0,-1.5,0.20000000000000284,0.2,9.786963014077902,5.91,False,9.751140237674875,-0.0,9.751140237674875,23.0,1.0,224.0,54,92,CJF,0.0,224.0,-26.0,-3.0,83.0,20.0,164.0,94.0,let go,,False,31
543243,Sonny Gray,2026,1989-11-07,R,Boston Red Sox,29,29,169.0,149,46,51,148,16,0,0,0,0,0,18,5,2.72,1.15,683,2474,20,0.151,0.231,14.64,0.0,0.284,347.0,11.96551724137931,2.0532544378698225,36.6,True,sonny gray,36.0,683.0,21.8,6.7,0.249,0.385,0.293,0.303,3.87,0.305,0.135,0.341,0.355,89.2,10.6,34.4,6.9,38.3,78.869646681,63.8,9.6,33.2,45.9,54.1,90.4,46.8,41.3,7.0,76.9,23.1,47.5,62.7,46.4,23.6,25.9,4.1,46.6,17.0,12.963963426000443,3.4151079199607706,0.3127096983590762,2474.0,1431.0,901.0,142.0,20.0,2.72,R,5.0,22.796405919892145,21.560042282769334,0.3054756871296211,0.6665961939397664,38.7,2.2,4.0,Sinker,"Sinker 22% (16% whiff), Sweeper 20% (39% whiff), Cutter 19% (15% whiff), 4-Seam Fastball 17% (12% whiff), Curveball 17% (33% whiff)",92.0,91.6,92.0,6.659738558933073,23.0,15.0,1.0,36.0,0.0,Right hamstring strain,21.3,98.1,105.0,99.0,9.542874191022355,12.511904761904763,6,171,-0.5463875205254531,-11.100000000000009,-0.4000000000000057,1.3,11.338955688503441,5.83,False,10.458669006204412,-0.7568115693095502,9.701857436894862,23.0,0.93,223.0,56,94,Dan,0.0,223.0,-27.0,-4.0,82.0,19.0,160.0,94.0,let go,,False,32
680694,Kyle Bradish,2026,1996-09-12,R,Baltimore Orioles,29,29,155.0,142,70,71,156,20,0,0,0,0,0,7,14,4.12,1.46,669,2629,12,0.108,0.236,16.96,0.0,0.313,274.0,9.448275862068966,1.767741935483871,29.8,True,kyle bradish,29.0,669.0,21.2,10.5,0.245,0.403,0.34,0.324,4.48,0.327,0.158,0.389,0.366,88.4,10.8,33.3,8.5,38.8,77.138643408,64.4,9.3,30.2,48.5,51.5,90.7,45.0,37.8,6.6,68.8,23.6,45.6,56.4,46.0,24.2,22.7,7.0,33.9,-10.0,2.346554251443761,-12.290171096235598,-0.2916538529307114,2629.0,1407.0,1208.0,14.0,12.0,4.12,R,4.0,22.874472366735787,18.807035175750613,0.3168170854439514,-0.20964824146875075,35.5,0.5,2.0,Sinker,"Sinker 36% (11% whiff), Slider 24% (35% whiff), Curveball 22% (36% whiff), 4-Seam Fastball 17% (15% whiff)",94.7,94.2,94.7,7.40621336617931,53.0,14.0,1.0,313.0,0.0,Lower abdominal discomfort,151.1,97.2,84.0,95.4,9.027826514604298,11.855555555555554,3,96,-2.407279693486588,,,0.2,10.443211090778089,5.34,False,9.83001157658965,-0.17407004104861878,9.65594153554103,23.0,1.0,222.0,57,97,LTTA,0.0,222.0,-28.0,-5.0,82.0,19.0,161.0,95.0,let go,,False,33
664285,Framber Valdez,2026,1993-11-19,L,Detroit Tigers,31,31,174.0,135,67,78,170,16,0,0,0,0,0,10,12,4.03,1.36,758,2768,16,0.09,0.206,15.91,0.0,0.294,295.0,9.516129032258064,1.6954022988505748,32.6,True,framber valdez,32.0,758.0,17.8,8.8,0.258,0.385,0.315,0.321,4.38,0.337,0.127,0.335,0.344,90.0,5.4,28.2,5.6,41.9,79.280653094,64.5,10.4,30.8,39.9,60.1,89.6,47.4,42.7,7.5,72.0,20.6,46.8,61.5,56.3,18.3,21.4,4.1,47.6,4.0,2.5089628072160015,0.16276317292240272,1.7938495534472858,2768.0,1320.0,952.0,496.0,16.0,4.03,L,3.0,19.807400024563,16.037900005010496,0.32019899977500493,0.133599999332,41.8,0.4,2.0,Sinker,"Sinker 44% (10% whiff), Curveball 29% (31% whiff), Changeup 18% (21% whiff), Slider 4% (42% whiff), 4-Seam Fastball 4% (20% whiff)",94.8,94.8,93.8,3.4025096510965587,44.0,0.0,0.0,0.0,0.0,,0.0,91.7,99.3,91.9,8.51313892119948,15.301075268817206,6,174,-5.784946236559142,-16.099999999999994,-0.7000000000000028,0.0,10.406942425003558,5.61,False,9.573051089228187,-0.34814008209723757,9.224911007130949,24.0,1.0,221.0,58,125,LTTA,0.0,221.0,-29.0,-6.0,82.0,21.0,162.0,95.0,let go,,False,34
663567,Peter Lambert,2026,1997-04-18,R,Houston Astros,28,28,153.66666666666666,153,59,66,134,17,0,0,0,0,0,8,10,3.87,1.26,656,2602,10,0.143,0.255,16.93,0.0,0.285,280.66666666666663,10.023809523809522,1.82646420824295,29.2,True,peter lambert,29.0,656.0,23.3,9.0,0.221,0.361,0.302,0.298,3.73,0.306,0.14,0.344,0.338,88.2,18.9,34.0,6.9,35.6,77.473271321,68.5,18.5,31.1,39.2,60.8,81.5,47.0,42.2,6.9,76.0,25.5,48.7,64.2,37.5,32.4,22.0,8.1,38.7,-1.0,-1.0274956719294999,2.660506694387557,-2.654142578179766,2602.0,1349.0,634.0,618.0,10.0,3.87,R,4.0,25.792932477048954,19.252320668867174,0.2952236286736901,0.043459916708059584,33.9,0.6,4.0,Sinker,"4-Seam Fastball 31% (26% whiff), Changeup 24% (34% whiff), Slider 12% (25% whiff), Cutter 10% (18% whiff), Sinker 10% (10% whiff), Sweeper 8% (29% whiff)",93.9,93.9,93.4,3.3646310471192655,50.0,0.0,0.0,0.0,0.0,,0.0,102.5,102.8,102.9,10.115007715660814,10.757575757575756,2,42,-0.7337662337662341,,,0.3,10.073514153610553,5.49,False,10.179865790420514,-0.1367693179667718,10.043096472453742,22.0,1.0,221.0,58,71,GLIZZY,0.0,221.0,-29.0,-6.0,82.0,20.0,158.0,95.0,let go,,False,35
677960,Ryan Weathers,2026,1999-12-17,L,New York Yankees,25,25,137.33333333333334,143,38,55,130,18,0,0,0,0,0,5,8,3.6,1.22,568,2281,9,0.185,0.27,16.61,0.0,0.307,261.33333333333337,10.453333333333335,1.9029126213592233,26.5,True,ryan weathers,26.0,568.0,25.2,6.7,0.255,0.424,0.306,0.319,4.32,0.309,0.169,0.378,0.398,89.2,9.1,32.0,8.6,40.6,77.68228672,63.0,16.4,28.9,47.2,52.8,83.6,46.6,42.6,6.1,73.4,27.0,44.8,60.9,49.5,21.4,24.5,4.7,38.8,1.0,-3.455314400008449,2.768443386454174,1.9007128479687123,2281.0,980.0,724.0,576.0,9.0,3.6,L,5.0,27.280219782716184,20.36013986343586,0.31990209787960994,0.05774225805323551,38.8,1.1,4.0,Sinker,"Changeup 25% (35% whiff), 4-Seam Fastball 22% (22% whiff), Sinker 21% (9% whiff), Sweeper 20% (39% whiff), Slider 12% (35% whiff)",95.8,95.8,94.1,3.091666665308334,61.0,35.0,1.0,279.0,0.0,Left forearm flexor strain,150.8,105.0,104.4,105.4,10.478231736214912,10.453333333333335,4,79,0.0,,,5.6,10.213128450309055,5.49,True,10.410494556344775,0.03108393590153906,10.441578492246313,21.0,1.0,219.0,60,52,CJF,0.0,219.0,-31.0,-8.0,81.0,20.0,162.0,93.0,let go,,False,36
669358,Shane Baz,2026,1999-06-17,R,Baltimore Orioles,31,31,179.66666666666666,154,63,82,179,15,1,0,0,0,0,6,15,4.11,1.35,769,2911,13,0.118,0.215,16.2,0.0,0.31,313.66666666666663,10.118279569892472,1.74582560296846,27.0,True,shane baz,27.0,769.0,20.0,8.2,0.255,0.399,0.315,0.317,4.27,0.32,0.144,0.356,0.36,90.0,14.0,35.5,6.8,41.2,79.956193727,66.8,11.7,29.9,42.9,57.1,88.3,49.6,41.6,7.3,72.3,21.5,48.2,62.0,39.0,26.9,27.8,6.2,35.2,1.0,12.88413050867761,-5.0018940356122545,-6.364829321812128,2911.0,1682.0,959.0,269.0,13.0,4.11,R,3.0,21.9012999931935,17.8856999888715,0.314405000042975,0.021000000694999972,29.7,2.8,2.0,Sinker,"4-Seam Fastball 34% (17% whiff), Curveball 33% (30% whiff), Cutter 15% (23% whiff), Changeup 9% (18% whiff), Sinker 9% (15% whiff)",95.9,95.9,95.3,2.507490911654386,36.0,0.0,0.0,59.0,0.0,,17.7,95.2,99.7,95.4,9.021340110860327,10.95238095238095,3,85,-0.8341013824884786,-11.700000000000003,-1.0999999999999943,0.2,9.721288421960644,5.8,False,9.514903196466543,-0.0,9.514903196466543,23.0,1.0,219.0,60,102,THALER,0.0,219.0,-31.0,-8.0,81.0,21.0,161.0,93.0,let go,,False,37
656492,Foster Griffin,2026,1995-07-27,L,multi,31,31,172.66666666666666,158,45,69,164,23,0,0,0,0,0,15,6,3.6,1.21,721,2833,15,0.157,0.232,16.41,0.0,0.292,321.66666666666663,10.376344086021504,1.8629343629343629,30.9,True,foster griffin,30.0,721.0,21.9,6.2,0.262,0.414,0.312,0.32,4.35,0.318,0.152,0.366,0.378,87.8,11.9,36.6,8.3,37.0,75.80857136,66.0,15.3,32.0,38.4,61.6,84.7,48.2,41.2,7.3,73.4,23.2,48.4,61.4,45.5,24.8,24.2,5.5,41.1,2.0,11.507754456221114,-11.103373161108566,1.9934568980195155,2833.0,1670.0,676.0,487.0,15.0,3.6,L,5.0,22.9952000070336,17.2579000004947,0.3211079999252441,0.1587999975883999,33.3,1.5,3.0,Sinker,"Cutter 33% (20% whiff), 4-Seam Fastball 16% (17% whiff), Sweeper 14% (32% whiff), Changeup 11% (33% whiff), Sinker 10% (16% whiff), Curveball 9% (24% whiff), Split-Finger 6% (26% whiff)",91.5,91.5,91.4,3.220509943314398,32.0,0.0,0.0,0.0,0.0,,0.0,93.9,102.9,94.6,8.911233835135656,10.376344086021504,1,31,0.0,,,0.9,10.314715282347013,5.57,False,9.719808358580865,-0.24245470003200456,9.47735365854886,23.0,1.0,218.0,62,103,Dan,0.0,218.0,-32.0,-9.0,81.0,20.0,161.0,93.0,let go,,False,38
694738,Landen Roupp,2026,1998-09-10,R,San Francisco Giants,29,29,155.0,143,75,69,126,11,0,0,0,0,0,9,14,4.01,1.3,657,2712,11,0.104,0.244,17.5,0.0,0.273,273.0,9.413793103448276,1.761290322580645,27.8,True,landen roupp,27.0,657.0,21.8,11.4,0.232,0.344,0.294,0.302,3.84,0.326,0.112,0.317,0.329,86.4,10.6,32.7,5.1,30.0,75.445143555,61.6,13.8,30.2,40.3,59.7,86.2,42.2,45.1,4.8,67.4,24.4,43.5,57.5,50.7,22.8,21.4,5.1,41.0,13.0,0.5270471943881172,6.381857349554495,6.088956036581369,2712.0,1467.0,693.0,552.0,11.0,4.01,R,4.0,23.574574592419545,18.17207207221185,0.2984424423211089,0.46616616483400325,36.2,1.1,4.0,Changeup,"Sinker 34% (8% whiff), Curveball 26% (34% whiff), Changeup 21% (29% whiff), Cutter 14% (28% whiff), 4-Seam Fastball 6% (36% whiff)",93.4,92.9,93.4,5.56059451149215,56.0,0.0,0.0,58.0,0.0,,34.8,99.9,102.3,100.2,9.723012373742675,9.413793103448276,2,55,0.0,-3.299999999999997,0.30000000000001137,0.7,9.795634036944547,5.34,False,9.875980633324973,-0.049734297442462536,9.82624633588251,22.0,1.0,216.0,64,88,CJF,0.0,216.0,-34.0,-11.0,80.0,23.0,165.0,94.0,let go,,False,39
668881,Hunter Greene,2026,1999-08-06,R,Cincinnati Reds,5,5,27.666666666666668,33,9,21,29,4,0,0,0,0,0,2,2,6.83,1.37,121,456,2,0.198,0.272,16.48,0.0,0.333,47.66666666666667,9.533333333333335,1.7228915662650603,26.9,True,hunter greene,,,,,,,,,,,,,,,,,,,,,,,,,,,,,,,,,,,,,,,,,,,,,,,,,2.0,27.80835323052899,22.001909311212625,0.3407231503562693,-0.9455847268601797,46.3,0.8,1.0,4-Seam Fastball,"4-Seam Fastball 52% (16% whiff), Slider 32% (46% whiff)",,,,2.1070175527315786,225.0,156.0,2.0,276.0,1.0,Right elbow surgery,217.20000000000002,,,,,,4,96,,,,22.9,12.87033974859876,,False,12.680541154037426,0.0062167871803079,12.686757941217735,17.0,1.0,216.0,64,8,FA,0.0,216.0,-34.0,-11.0,80.0,23.0,166.0,94.0,let go,,False,40
645261,Sandy Alcantara,2026,1995-09-07,R,Miami Marlins,35,33,213.0,152,59,92,204,24,1,1,0,2,0,13,11,3.89,1.23,890,3283,21,0.104,0.21,15.41,0.0,0.28,375.0,11.363636363636363,1.7605633802816902,30.8,True,sandy alcantara,30.0,890.0,17.1,6.6,0.251,0.377,0.308,0.302,3.84,0.308,0.126,0.337,0.331,88.7,13.7,32.7,5.5,36.1,78.031119149,69.8,14.7,31.2,35.4,64.6,85.3,50.6,43.7,7.6,80.3,21.0,50.7,63.3,42.4,24.8,23.6,9.3,34.6,13.0,17.019779451595358,-0.02360376327340158,-3.59629101567648,3283.0,1946.0,660.0,677.0,21.0,3.89,R,4.0,20.831731739517394,16.634534520779038,0.3043593592627472,0.4935935931379829,28.6,2.1,3.0,Cutter,"Sinker 26% (12% whiff), Changeup 21% (28% whiff), 4-Seam Fastball 18% (20% whiff), Cutter 15% (23% whiff), Sweeper 9% (23% whiff), Slider 7% (29% whiff), Curveball 4% (18% whiff)",97.4,97.4,97.3,3.5386274553100003,13.0,0.0,0.0,218.0,0.0,,65.39999999999999,100.8,108.2,101.7,9.941770341186754,16.927083333333332,5,157,-5.563446969696969,2.8999999999999915,-0.29999999999999716,0.2,9.017367919575653,6.45,False,9.642109749197365,-0.2362379128516969,9.405871836345668,23.0,1.0,216.0,64,106,MMM,0.0,216.0,-34.0,-11.0,80.0,21.0,162.0,94.0,let go,,False,41
543037,Gerrit Cole,2026,1990-09-08,R,New York Yankees,22,22,127.0,131,25,51,115,22,0,0,0,0,0,10,9,3.61,1.1,519,1951,12,0.204,0.213,15.36,0.0,0.276,255.0,11.590909090909092,2.0078740157480315,35.8,True,gerrit cole,35.0,519.0,25.2,4.8,0.248,0.401,0.303,0.3,3.78,0.288,0.152,0.383,0.379,90.8,19.7,36.2,9.0,44.6,81.410383164,67.0,14.6,29.1,39.4,60.6,85.4,52.8,43.7,8.2,76.6,21.3,49.2,69.0,34.3,27.0,28.1,10.6,39.3,8.0,7.346014534602825,0.5175012322176389,-0.19333322361638947,1951.0,1020.0,655.0,248.0,12.0,3.61,R,4.0,23.172141373400663,21.712681906392177,0.2883087318240801,0.7270270248356466,28.7,1.5,3.0,4-Seam Fastball,"4-Seam Fastball 49% (22% whiff), Slider 20% (29% whiff), Curveball 14% (20% whiff), Changeup 14% (23% whiff)",96.9,96.9,96.1,3.977629181450863,65.0,58.0,1.0,331.0,0.0,Tommy John surgery recovery,196.9,105.5,113.0,107.1,10.722219136419387,15.311111111111112,5,135,-3.72020202020202,-2.5,1.0,0.2,10.989005802105337,5.77,True,10.86026515765351,-0.627077271867087,10.233187885786423,21.0,1.0,215.0,66,62,MMM,0.0,215.0,-35.0,-12.0,80.0,22.0,163.0,96.0,let go,,False,42
681035,Christian Scott,2026,1999-06-15,R,New York Mets,23,23,110.0,134,47,47,93,12,0,0,0,0,0,4,5,3.85,1.27,474,1964,3,0.184,0.27,17.85,0.0,0.298,209.0,9.08695652173913,1.9,27.0,True,christian scott,27.0,474.0,28.3,9.9,0.221,0.344,0.302,0.297,3.7,0.313,0.123,0.365,0.357,86.8,18.1,38.4,6.3,34.5,75.445340286,69.9,20.3,29.8,42.1,57.9,79.7,49.2,42.1,6.9,77.0,27.0,49.5,61.4,32.7,29.6,28.5,9.2,38.0,5.0,7.554386422191429,-0.3853894881739366,-2.4356422322436675,1964.0,1331.0,549.0,84.0,3.0,3.85,R,3.0,26.902642695231947,21.809936569091178,0.3000539111467065,0.25739957470444147,30.9,1.8,2.0,Cutter,"4-Seam Fastball 48% (27% whiff), Sweeper 23% (31% whiff), Cutter 18% (26% whiff), Curveball 5% (13% whiff)",95.5,95.5,92.2,2.413596007659721,96.0,104.0,1.0,172.0,0.0,,124.4,109.1,98.6,108.9,10.978477758549698,9.08695652173913,1,32,0.0,,,8.2,10.330913675820579,4.78,False,10.695922317989568,-0.0,10.695922317989568,20.0,1.0,214.0,67,44,LTTA,0.0,214.0,-36.0,-13.0,80.0,23.0,166.0,95.0,let go,,False,43
676974,Max Meyer,2026,1999-03-12,R,Miami Marlins,20,20,111.0,121,41,33,85,11,0,0,0,0,0,9,1,2.68,1.14,462,1789,7,0.173,0.286,16.12,0.0,0.263,227.0,11.35,2.045045045045045,27.3,True,max meyer,27.0,462.0,26.2,8.9,0.227,0.375,0.282,0.304,3.89,0.308,0.147,0.329,0.364,89.7,14.2,32.1,8.6,42.0,79.25628469,63.6,13.9,31.6,55.0,45.0,86.1,47.3,38.0,7.0,68.0,28.6,46.7,64.7,43.3,26.6,21.8,8.2,38.2,8.0,-5.312311333834641,12.720642810549897,0.30628575125566454,1789.0,603.0,1003.0,183.0,7.0,2.68,R,4.0,27.976276263081708,20.214013999529463,0.31015515520843273,0.4642642628415204,39.6,1.8,3.0,Slider,"Sweeper 30% (36% whiff), Slider 26% (40% whiff), 4-Seam Fastball 24% (12% whiff), Changeup 10% (34% whiff), Sinker 10% (5% whiff)",95.1,95.1,93.6,4.193068749828229,80.0,69.0,1.0,208.0,0.0,,145.79999999999998,105.4,95.9,104.9,10.410985985821572,11.35,3,43,0.0,2.9000000000000057,0.09999999999999432,0.1,10.723184037545087,5.55,False,10.599453341031593,-0.01865036154092348,10.580802979490668,20.0,1.0,212.0,68,49,Dan,0.0,212.0,-38.0,-15.0,79.0,24.0,166.0,97.0,let go,,False,44
605540,Brandon Woodruff,2026,1993-02-10,R,Milwaukee Brewers,9,9,45.333333333333336,47,10,15,28,5,0,0,0,0,0,2,2,2.98,0.84,174,639,3,0.213,0.236,14.1,0.0,0.207,89.33333333333334,9.925925925925927,1.9705882352941178,33.4,True,brandon woodruff,,,,,,,,,,,,,,,,,,,,,,,,,,,,,,,,,,,,,,,,,,,,,,,,,3.0,25.540118341159346,24.515976329410734,0.25152781066439833,1.8208284012278284,38.2,2.6,2.0,Changeup,"4-Seam Fastball 44% (26% whiff), Changeup 21% (38% whiff), Sinker 19% (11% whiff)",,,,4.08312302898016,194.0,136.0,2.0,465.0,0.0,Right shoulder inflammation; Right shoulder inflammation,267.1,,,,,,4,89,,,,6.5,12.035315829437065,,False,11.92812864018572,-0.39787437953969984,11.530254260646021,18.0,1.0,208.0,69,26,FA,0.0,208.0,-42.0,-19.0,78.0,24.0,172.0,99.0,let go,,False,45
543135,Nathan Eovaldi,2026,1990-02-13,R,Texas Rangers,27,23,145.66666666666666,144,35,68,142,24,0,0,1,0,1,11,10,4.2,1.22,613,2220,11,0.178,0.294,15.24,0.0,0.296,262.66666666666663,11.420289855072463,1.803203661327231,36.4,True,nathan eovaldi,36.0,613.0,23.5,5.7,0.254,0.422,0.323,0.318,4.3,0.308,0.168,0.392,0.386,88.7,10.8,31.0,8.3,41.6,77.082098626,68.7,18.0,36.4,48.9,51.1,82.0,47.7,43.0,6.4,72.7,29.4,51.8,64.4,48.0,24.8,21.7,5.4,46.1,2.0,-12.76965132352557,2.5502355812314654,12.401698942243986,2220.0,880.0,509.0,831.0,11.0,4.2,R,4.0,30.77479836746574,23.389717736241337,0.3132560484724997,0.11733870656583326,40.6,1.4,2.0,Split-Finger,"Split-Finger 37% (34% whiff), Curveball 22% (41% whiff), Cutter 19% (27% whiff), 4-Seam Fastball 14% (23% whiff), Sinker 7% (10% whiff)",94.5,94.5,93.5,3.895427135701451,59.0,33.0,1.0,116.0,0.0,,75.3,109.5,117.5,111.1,11.305139489921029,14.0,6,151,-2.579710144927537,-4.900000000000006,0.4000000000000057,0.2,10.902307062744832,,False,11.096057288456079,-0.7243779949489341,10.371679293507144,20.0,0.93,207.0,70,55,LTTA,0.0,207.0,-43.0,-20.0,78.0,26.0,170.0,100.0,let go,,False,46
593958,Eduardo Rodriguez,2026,1993-04-07,L,Arizona Diamondbacks,32,32,189.66666666666666,143,62,61,173,19,0,0,0,0,0,16,7,2.89,1.24,788,3067,19,0.103,0.219,16.17,0.0,0.275,347.66666666666663,10.864583333333332,1.8330404217926186,33.2,True,eduardo rodriguez,33.0,788.0,18.1,7.9,0.251,0.415,0.3,0.318,4.3,0.312,0.164,0.331,0.355,87.2,16.0,33.7,7.6,32.8,76.011367028,69.9,15.0,30.6,35.6,64.4,85.0,46.7,44.3,5.9,71.8,21.9,48.9,63.7,40.0,29.0,23.9,7.0,36.4,18.0,9.834808956946683,3.538613413853993,4.757674577285768,3067.0,1880.0,375.0,811.0,19.0,2.89,L,4.0,21.385814174096836,15.329470524927725,0.3222837163582232,0.7689310668884562,27.9,1.5,3.0,4-Seam Fastball,"4-Seam Fastball 40% (21% whiff), Changeup 27% (28% whiff), Cutter 13% (18% whiff), Curveball 12% (21% whiff), Sinker 8% (7% whiff)",92.0,92.0,91.5,2.84945887991158,22.0,0.0,0.0,152.0,0.0,,51.9,93.7,110.9,95.1,8.985874692192706,11.37179487179487,6,145,-0.5072115384615383,-3.0999999999999943,0.0,0.1,9.476538419020288,5.93,False,9.392478427141375,-0.3854408051790845,9.00703762196229,23.0,1.0,207.0,70,142,THALER,0.0,207.0,-43.0,-20.0,78.0,24.0,165.0,100.0,let go,,False,47
608379,Michael Wacha,2026,1991-07-01,R,Kansas City Royals,32,32,200.66666666666666,158,54,74,168,30,0,0,0,0,0,9,10,3.32,1.11,812,3028,21,0.128,0.216,15.09,0.0,0.246,368.66666666666663,11.520833333333332,1.8372093023255813,35.0,True,michael wacha,34.0,812.0,19.5,6.7,0.242,0.409,0.304,0.308,4.01,0.298,0.167,0.344,0.35,88.3,18.5,34.9,7.1,36.9,77.353744948,68.3,14.6,29.5,38.0,62.0,85.4,50.2,41.9,8.8,76.6,21.6,49.0,65.0,36.4,29.5,24.3,9.8,39.3,8.0,4.96224132739692,-8.136878122805983,11.387643700997941,3028.0,1702.0,564.0,762.0,21.0,3.32,R,5.0,21.978700000927798,18.290199997358798,0.3057500000405,0.4537999978772001,29.5,1.8,2.0,Changeup,"4-Seam Fastball 27% (20% whiff), Changeup 25% (28% whiff), Cutter 15% (14% whiff), Sinker 14% (14% whiff), Curveball 10% (26% whiff), Slider 9% (30% whiff)",93.2,93.1,93.2,2.833088777663023,15.0,0.0,0.0,27.0,0.0,,10.2,96.1,99.7,96.3,9.163246386769464,11.520833333333332,6,162,0.0,1.2999999999999972,0.0,0.2,9.40335437527106,6.27,False,9.443993760361646,-0.49734297442462494,8.946650785937022,23.0,1.0,206.0,72,148,CJF,0.0,206.0,-44.0,-21.0,78.0,25.0,171.0,99.0,let go,,False,48
701542,Will Warren,2026,1999-06-16,R,New York Yankees,32,29,156.0,158,54,68,159,21,0,0,0,0,1,11,6,3.92,1.37,677,2642,8,0.154,0.227,16.94,0.0,0.316,278.0,9.586206896551724,1.7820512820512822,27.0,True,will warren,27.0,677.0,23.3,8.0,0.257,0.407,0.329,0.32,4.35,0.32,0.15,0.397,0.383,90.9,12.2,33.1,7.2,44.0,80.801949518,61.3,14.8,29.4,36.8,63.2,85.2,46.2,42.1,7.7,74.5,22.7,44.1,62.2,45.5,22.9,25.1,6.5,39.7,-14.0,-9.806902064913114,-4.155210093200357,0.40834930058680896,2642.0,1587.0,691.0,364.0,8.0,3.92,R,4.0,22.155366109150624,19.43169508228839,0.32704413234982876,-0.6160481454561276,30.8,0.3,1.0,Changeup,"4-Seam Fastball 36% (21% whiff), Sinker 26% (17% whiff), Sweeper 19% (23% whiff), Changeup 13% (29% whiff), Curveball 5% (31% whiff)",93.7,93.7,93.3,3.095467777798163,52.0,0.0,0.0,0.0,0.0,,0.0,95.1,97.1,95.1,8.98122017490853,9.586206896551724,2,67,0.0,-6.900000000000006,0.4000000000000057,0.4,9.467020016513052,5.38,False,9.386181869446704,-0.0,9.386181869446704,22.0,1.0,206.0,72,107,THALER,0.0,206.0,-44.0,-21.0,78.0,25.0,176.0,99.0,let go,,False,49
656550,Grant Holmes,2026,1996-03-22,R,Atlanta Braves,31,29,151.66666666666666,115,62,58,136,22,0,0,0,0,0,10,6,3.44,1.31,642,2382,10,0.083,0.273,15.71,0.0,0.26,248.66666666666663,8.57471264367816,1.6395604395604395,30.3,True,grant holmes,30.0,642.0,17.9,9.7,0.262,0.447,0.314,0.342,5.05,0.336,0.186,0.338,0.378,91.5,12.4,34.2,8.9,45.2,82.097232183,69.1,13.5,31.8,51.9,48.1,86.5,45.1,40.6,6.6,81.5,27.3,48.7,59.0,43.7,26.4,24.7,5.2,43.1,4.0,-2.9350406875202393,5.362433263214722,1.0884761960797786,2382.0,1164.0,1045.0,173.0,10.0,3.44,R,3.0,26.71028969694131,15.007492493261783,0.335473526441717,0.3444555431900767,39.3,1.3,3.0,Changeup,"Slider 37% (39% whiff), 4-Seam Fastball 29% (17% whiff), Sinker 12% (15% whiff), Cutter 8% (16% whiff), Curveball 8% (37% whiff), Changeup 7% (23% whiff)",94.2,94.2,93.0,3.638433180592903,68.0,0.0,0.0,63.0,0.0,,37.8,97.9,94.7,97.0,9.25491613302403,10.619047619047619,2,57,-2.044334975369459,-7.3999999999999915,-0.29999999999999716,0.0,9.418121107851226,5.23,False,9.493351258079896,-0.20515397695015783,9.288197281129738,22.0,1.0,204.0,74,117,Dpf,0.0,204.0,-46.0,-23.0,77.0,27.0,170.0,102.0,let go,,False,50
702056,Trey Yesavage,2026,2003-07-28,R,Toronto Blue Jays,20,20,97.66666666666667,97,47,40,64,12,0,0,0,0,0,5,6,3.69,1.14,401,1619,7,0.125,0.302,16.58,0.0,0.217,182.66666666666669,9.133333333333335,1.870307167235495,22.9,True,trey yesavage,22.0,401.0,24.2,11.7,0.198,0.333,0.284,0.284,3.37,0.296,0.135,0.312,0.312,88.3,21.2,36.5,6.7,34.1,78.152234,69.4,17.6,30.0,52.7,47.3,82.4,43.9,38.7,5.9,75.8,30.2,47.3,59.6,34.9,29.4,24.7,11.0,38.4,9.0,6.110864063843266,0.015729018245995957,2.3769233353842094,1619.0,757.0,392.0,470.0,7.0,3.69,R,3.0,30.049200007352397,19.1186000005442,0.2831219999786339,0.5743999995768001,39.1,1.1,2.0,4-Seam Fastball,"4-Seam Fastball 47% (20% whiff), Split-Finger 29% (39% whiff), Slider 25% (38% whiff)",94.3,94.3,,2.5457714661242736,116.0,81.0,2.0,81.0,0.0,Left knee inflammation,81.0,106.4,88.5,105.1,10.428947283383913,9.133333333333335,1,23,0.0,,,2.9,10.357289605937176,4.88,False,10.449707251865222,0.25488827439262035,10.704595526257842,19.0,1.0,203.0,75,42,BAMBI,0.0,203.0,-47.0,-24.0,77.0,27.0,172.0,103.0,let go,,False,51
641816,Tyler Mahle,2026,1994-09-29,R,multi,27,27,149.0,137,46,66,138,20,0,0,0,0,0,7,10,3.99,1.23,614,2402,10,0.148,0.229,16.12,0.0,0.291,260.0,9.62962962962963,1.74496644295302,31.8,True,tyler mahle,31.0,614.0,22.3,7.5,0.245,0.391,0.311,0.306,3.95,0.305,0.146,0.366,0.358,89.6,12.7,32.0,6.8,37.1,80.019062512,64.5,15.6,28.9,37.4,62.6,84.4,46.8,47.6,5.4,75.4,22.9,45.6,59.0,44.4,26.6,22.2,6.8,39.0,4.0,9.149710605429137,-6.0384146098545255,0.680893980988214,2402.0,1536.0,153.0,713.0,10.0,3.99,R,3.0,22.87600806320158,22.270766121992878,0.3107469758921492,0.13860886677980294,26.8,0.8,2.0,4-Seam Fastball,"4-Seam Fastball 48% (23% whiff), Split-Finger 28% (27% whiff), Cutter 16% (15% whiff), Slider 6% (26% whiff)",92.8,92.8,91.9,4.542115291012261,62.0,26.0,1.0,293.0,0.0,,134.89999999999998,100.8,113.5,102.4,10.045457162099542,11.0,4,107,-1.3703703703703702,1.2999999999999972,0.7999999999999972,0.7,9.62293783339654,5.52,False,9.95248897446327,-0.298405784654775,9.654083189808494,21.0,1.0,203.0,75,98,Dpf,0.0,203.0,-47.0,-24.0,77.0,27.0,172.0,103.0,let go,,False,52
669372,J.T. Ginn,2026,1999-05-20,R,Athletics,27,24,138.33333333333334,121,57,57,114,17,1,0,1,0,0,9,8,3.71,1.24,580,2185,11,0.11,0.267,15.8,0.0,0.259,253.33333333333337,10.555555555555557,1.8313253012048194,27.1,True,jt ginn,27.0,580.0,20.9,9.8,0.241,0.372,0.303,0.312,4.12,0.326,0.131,0.33,0.344,87.4,10.1,31.0,6.1,35.4,75.767236891,67.4,16.9,29.6,43.4,56.6,83.1,42.7,40.9,6.2,77.0,26.7,45.7,55.2,46.3,24.2,23.2,6.4,42.2,7.0,0.9955252817711058,-2.6068193402816218,8.4400659778412,2185.0,1405.0,344.0,436.0,11.0,3.71,R,5.0,26.03398558561285,21.439546848406042,0.31416477859647385,0.3772399570687953,35.0,1.9,2.0,Changeup,"Sinker 37% (22% whiff), Changeup 20% (35% whiff), Cutter 16% (21% whiff), Slider 13% (34% whiff), 4-Seam Fastball 11% (22% whiff)",93.5,93.5,93.4,5.12672769392682,66.0,35.0,2.0,85.0,0.0,Right elbow impingement,65.0,105.9,89.2,104.4,10.326568700912771,10.555555555555557,2,46,0.0,1.9000000000000057,0.09999999999999432,0.7,9.619414631897046,5.76,False,10.082749431530365,-0.0062167871803079,10.076532644350056,20.0,1.0,202.0,77,68,THALER,0.0,202.0,-48.0,-25.0,77.0,28.0,169.0,103.0,let go,,False,53
671096,Andrew Abbott,2026,1999-06-01,L,Cincinnati Reds,32,32,166.0,131,76,85,165,26,0,0,0,0,0,6,11,4.61,1.45,729,2869,12,0.075,0.224,17.28,0.0,0.282,260.0,8.125,1.5662650602409638,27.1,True,andrew abbott,27.0,729.0,18.0,10.4,0.261,0.437,0.334,0.338,4.92,0.338,0.176,0.365,0.371,89.7,17.3,32.9,8.3,38.7,79.41985728,65.0,12.2,29.0,42.7,57.3,87.8,47.3,42.2,6.6,69.8,22.4,46.0,58.7,39.8,28.5,22.9,8.8,33.5,-13.0,-8.425992412804222,-4.936337321707616,-0.0036101941290191952,2869.0,1370.0,931.0,557.0,12.0,4.61,L,4.0,21.587242811678014,15.4232510313858,0.33732304517768297,-0.5073045266160308,36.7,0.1,2.0,Sweeper,"4-Seam Fastball 45% (12% whiff), Sweeper 20% (27% whiff), Changeup 19% (37% whiff), Curveball 13% (23% whiff)",92.4,92.4,,2.0745488752077064,62.0,0.0,0.0,54.0,0.0,,21.299999999999997,87.3,94.7,86.9,7.79946617314881,11.183908045977013,4,107,-3.058908045977013,-14.5,-0.3999999999999915,0.0,9.234903590647779,5.19,False,8.731844884630771,-0.0062167871803079,8.725628097450462,23.0,1.0,201.0,78,159,CS,0.0,201.0,-49.0,-26.0,77.0,28.0,175.0,102.0,let go,,False,54
676106,Emerson Hancock,2026,1999-05-31,R,Seattle Mariners,25,25,138.66666666666666,126,32,55,126,20,0,0,0,0,0,7,8,3.57,1.14,566,2171,12,0.166,0.237,15.66,0.0,0.278,257.66666666666663,10.306666666666665,1.8581730769230769,27.1,True,emerson hancock,27.0,566.0,22.3,5.7,0.242,0.41,0.302,0.308,4.01,0.294,0.168,0.359,0.368,89.7,13.5,30.9,8.8,41.6,78.990173166,73.8,18.1,28.5,39.0,61.0,81.9,51.6,42.0,7.8,84.6,23.7,51.9,65.0,43.9,28.9,20.0,7.2,36.2,10.0,21.951040524731468,-4.925483977535268,-6.559754866078536,2171.0,1617.0,446.0,108.0,12.0,3.57,R,4.0,24.72407594231323,17.321178817755175,0.30075424565981473,0.4695304610217955,39.0,1.8,3.0,4-Seam Fastball,"4-Seam Fastball 40% (23% whiff), Sinker 23% (12% whiff), Sweeper 16% (37% whiff), Cutter 12% (34% whiff), Changeup 5% (21% whiff), Curveball 4% (39% whiff)",95.4,95.4,94.8,5.161999072593551,64.0,28.0,1.0,28.0,0.0,,28.0,104.5,104.9,105.0,10.422494611061918,10.306666666666665,3,56,0.0,11.099999999999994,0.5,0.5,9.217660242634704,5.55,False,9.954051408503203,-0.0062167871803079,9.947834621322894,20.0,1.0,199.0,80,76,CH,0.0,199.0,-51.0,-28.0,76.0,29.0,173.0,103.0,let go,,False,55
813349,Connelly Early,2026,2002-04-03,L,multi,18,18,94.66666666666667,94,34,35,82,15,0,0,0,0,0,7,5,3.33,1.23,400,1562,7,0.15,0.235,16.5,0.0,0.271,181.66666666666669,10.092592592592593,1.9190140845070423,24.2,True,connelly early,24.0,400.0,23.5,8.5,0.232,0.404,0.314,0.317,4.27,0.314,0.172,0.362,0.367,90.5,13.1,32.7,10.6,39.9,80.898823672,64.7,14.5,31.2,39.8,60.2,85.5,46.5,40.3,7.6,76.5,23.5,46.8,61.0,43.7,30.0,19.4,6.8,41.8,2.0,3.9746360026097203,-1.5871360553805782,-0.5582464967390128,1562.0,860.0,418.0,284.0,7.0,3.33,L,4.0,23.175524489357493,20.10669331064919,0.32892307686759387,0.007892108044602705,43.1,2.9,3.0,Sweeper,"4-Seam Fastball 35% (24% whiff), Sinker 20% (13% whiff), Changeup 18% (23% whiff), Curveball 11% (22% whiff), Slider 8% (29% whiff), Sweeper 8% (43% whiff)",94.0,94.0,92.4,4.492408379208901,117.0,87.0,1.0,87.0,0.0,Left elbow inflammation,87.0,99.7,94.3,99.2,9.570405885783048,10.092592592592593,1,22,0.0,,,2.4,10.985672837271117,5.26,False,10.318861107329072,0.17407004104861878,10.492931148377691,19.0,1.0,199.0,80,50,GK,0.0,199.0,-51.0,-28.0,76.0,27.0,177.0,103.0,let go,,False,56
656427,Jack Flaherty,2026,1995-10-15,R,Detroit Tigers,19,19,86.33333333333333,102,42,44,80,11,0,0,0,0,0,3,8,4.59,1.41,389,1639,2,0.154,0.271,18.98,0.0,0.307,152.33333333333331,8.017543859649122,1.7644787644787643,30.7,True,jack flaherty,30.0,389.0,26.2,10.8,0.236,0.394,0.33,0.323,4.45,0.331,0.158,0.396,0.385,90.5,22.0,39.9,8.4,46.2,80.250628803,66.8,18.9,27.6,43.0,57.0,81.1,44.5,40.8,6.2,73.5,27.1,45.1,57.3,31.5,31.5,26.5,10.5,42.0,-4.0,3.0594373633904883,-6.782782563424842,-0.7537938862862961,1639.0,879.0,718.0,42.0,2.0,4.59,R,3.0,27.36086022421228,19.411612901467915,0.3241161290189802,-0.287526882620881,37.6,0.3,1.0,4-Seam Fastball,"4-Seam Fastball 49% (21% whiff), Slider 24% (32% whiff), Curveball 20% (38% whiff)",92.7,92.7,90.9,3.081757171396705,140.0,83.0,2.0,83.0,0.0,Left peroneal strain; Right flexor inflammation,83.0,101.0,88.4,99.7,9.647475268854071,12.821428571428571,5,128,-4.80388471177945,-0.5,-0.20000000000000284,0.0,10.574743977493705,4.54,False,10.177357380140677,-0.230021125671389,9.947336254469288,20.0,1.0,199.0,80,77,FA,0.0,199.0,-51.0,-28.0,76.0,29.0,174.0,103.0,let go,,False,57
837227,Tatsuya Imai,2026,1998-05-09,R,Houston Astros,22,15,75.66666666666667,96,51,42,58,9,0,0,0,0,0,6,4,5.0,1.44,335,1441,5,0.134,0.328,19.04,0.0,0.282,149.66666666666669,9.97777777777778,1.9779735682819384,28.1,True,tatsuya imai,28.0,335.0,28.7,15.2,0.222,0.381,0.311,0.33,4.66,0.349,0.159,0.358,0.392,88.8,12.6,38.0,9.2,44.6,77.559382967,64.2,19.5,27.7,56.7,43.3,80.5,43.8,40.6,7.2,75.0,32.8,43.7,52.8,42.4,26.6,23.9,7.1,38.6,4.0,0.6090745745944708,5.414370234986884,-1.9931421237496108,1441.0,698.0,664.0,79.0,5.0,5.0,R,2.0,30.966071428200735,20.023214285439256,0.33780357143124207,0.20714285712691324,40.1,0.6,1.0,Slider,"Slider 46% (40% whiff), 4-Seam Fastball 44% (22% whiff)",94.8,94.8,94.5,6.623761656713847,143.0,29.0,1.0,29.0,0.0,,29.0,113.3,73.2,109.5,11.072880685859428,9.97777777777778,1,15,0.0,,,44.1,11.08582133510293,,False,11.06650396586239,-0.06838465898338601,10.998119306879005,18.0,1.0,198.0,82,35,FA,0.0,198.0,-52.0,-29.0,76.0,29.0,176.0,106.0,let go,,False,58
669461,Matthew Liberatore,2026,1999-11-06,L,St. Louis Cardinals,31,31,155.0,154,55,90,173,28,0,0,0,0,0,6,14,5.23,1.47,674,2610,7,0.147,0.239,16.84,0.0,0.336,247.0,7.967741935483871,1.5935483870967742,26.6,True,matthew liberatore,26.0,674.0,22.8,8.2,0.266,0.455,0.356,0.341,5.02,0.33,0.189,0.431,0.408,90.2,16.1,40.2,9.3,42.4,79.668559167,64.9,12.4,28.6,48.4,51.6,87.6,48.5,39.8,7.5,74.1,23.9,46.2,60.8,38.0,28.7,25.9,7.4,43.3,-18.0,-11.07197760158338,-2.1808730722909995,-4.793177631973571,2610.0,1096.0,1178.0,335.0,7.0,5.23,L,4.0,25.138865539921923,18.438655457360003,0.33380147063654686,-0.6171218502252004,40.7,0.1,1.0,Slider,"4-Seam Fastball 30% (12% whiff), Slider 27% (36% whiff), Curveball 18% (41% whiff), Changeup 13% (20% whiff), Sinker 8% (10% whiff)",94.3,94.3,94.3,3.219447882359105,69.0,0.0,0.0,0.0,0.0,,0.0,94.0,92.4,93.3,8.717627853698689,8.50574712643678,3,84,-0.5380051909529096,3.4000000000000057,0.29999999999999716,0.2,8.626083817149418,5.0,False,8.899097420606873,0.02486714872123116,8.923964569328104,22.0,1.0,196.0,83,150,FA,0.0,196.0,-54.0,-31.0,75.0,31.0,177.0,103.0,let go,,False,59
675512,Troy Melton,2026,2000-12-03,R,Detroit Tigers,20,20,114.33333333333333,94,37,35,92,13,0,0,0,0,0,8,5,2.76,1.13,470,1773,9,0.121,0.234,15.51,0.0,0.248,209.33333333333331,10.466666666666665,1.8309037900874634,25.6,True,troy melton,25.0,470.0,20.0,7.9,0.239,0.369,0.294,0.302,3.84,0.31,0.13,0.323,0.335,88.9,13.9,31.3,6.0,38.3,78.528408485,69.1,13.4,31.6,43.6,56.4,86.6,48.1,41.8,7.1,72.0,23.4,49.6,60.4,43.4,23.2,24.7,8.7,42.8,7.0,10.582961307070281,-2.5846238747689694,-0.9866540320789089,1773.0,1132.0,441.0,200.0,9.0,2.76,R,4.0,24.183900012396595,18.8428000095432,0.297523999931856,0.5652000002087999,35.1,2.8,2.0,Cutter,"4-Seam Fastball 32% (18% whiff), Cutter 22% (20% whiff), Slider 17% (33% whiff), Changeup 12% (31% whiff), Sinker 9% (20% whiff), Curveball 8% (35% whiff)",96.4,96.4,95.7,3.5219950477385376,93.0,81.0,2.0,81.0,1.0,,81.0,102.0,100.7,102.1,9.995172754581988,10.466666666666665,1,24,0.0,,,1.9,10.142095591334554,5.72,False,10.15333375881825,0.08703502052430928,10.24036877934256,19.0,1.0,195.0,84,59,BAMBI,0.0,195.0,-55.0,-32.0,75.0,30.0,179.0,103.0,let go,,False,60
687064,Brandon Young,2026,1998-08-19,R,Baltimore Orioles,28,28,156.66666666666666,133,61,62,150,22,0,0,0,0,0,9,6,3.56,1.35,669,2530,13,0.108,0.243,16.15,0.0,0.288,279.66666666666663,9.988095238095237,1.7851063829787233,27.9,True,brandon young,27.0,669.0,19.9,9.1,0.25,0.398,0.323,0.319,4.32,0.324,0.148,0.363,0.357,89.2,14.2,34.1,6.9,39.4,78.413877576,66.6,14.2,33.7,41.6,58.4,85.8,46.4,41.6,7.4,72.7,24.3,49.0,65.3,42.9,25.6,23.2,8.3,42.0,-3.0,7.605217199842376,-4.99604732316343,-5.215035407148808,2530.0,1363.0,689.0,478.0,13.0,3.56,R,5.0,23.365800001571,16.567500008862503,0.321514999986425,-0.2020000019899999,39.9,1.0,1.0,4-Seam Fastball,"4-Seam Fastball 41% (20% whiff), Split-Finger 19% (27% whiff), Slider 15% (40% whiff), Sinker 13% (8% whiff), Curveball 12% (23% whiff)",94.4,94.4,93.8,3.383480958281355,51.0,0.0,0.0,37.0,0.0,,22.2,95.9,103.1,96.4,9.164491450050727,9.988095238095237,2,40,0.0,1.2000000000000028,0.6000000000000085,0.2,9.106025744268273,5.6,False,9.31605033473528,-0.055951084622770215,9.26009925011251,21.0,1.0,194.0,85,121,GK,0.0,194.0,-56.0,-33.0,75.0,31.0,181.0,104.0,let go,,False,61
681517,Kyle Leahy,2026,1997-06-04,R,St. Louis Cardinals,30,30,140.0,132,41,57,147,15,0,0,0,0,0,10,5,3.66,1.34,596,2328,6,0.153,0.227,16.63,0.0,0.33,239.0,7.966666666666667,1.707142857142857,29.1,True,kyle leahy,29.0,596.0,22.1,6.9,0.272,0.445,0.327,0.337,4.89,0.328,0.173,0.389,0.403,91.0,9.7,36.2,9.8,47.0,80.586446346,66.2,12.4,27.2,46.9,53.1,87.6,49.1,41.2,8.2,77.6,22.7,46.3,62.2,45.8,23.7,26.1,4.3,40.0,2.0,-0.5932326601816453,5.049755830398712,-2.100920490757438,2328.0,912.0,1076.0,339.0,6.0,3.66,R,6.0,22.25604395890483,19.428671332395574,0.3442907092260297,0.11598401678730846,32.3,1.9,2.0,Slider,"4-Seam Fastball 26% (17% whiff), Curveball 16% (27% whiff), Slider 16% (23% whiff), Changeup 14% (32% whiff), Sweeper 14% (26% whiff), Sinker 13% (12% whiff)",94.2,94.2,94.2,3.3089913277067087,73.0,0.0,0.0,0.0,0.0,,0.0,96.5,94.6,96.0,9.106424409340674,7.966666666666667,1,31,0.0,,,6.9,9.295323405288288,4.67,False,9.370657091775387,-0.13055253078646414,9.240104560988923,21.0,1.0,194.0,85,123,GK,0.0,194.0,-56.0,-33.0,75.0,30.0,178.0,104.0,let go,,False,62
693855,Ian Seymour,2026,1998-12-13,L,Tampa Bay Rays,46,16,132.33333333333334,158,36,62,114,25,0,0,0,2,10,9,7,4.22,1.13,550,2121,6,0.222,0.294,16.03,0.0,0.276,252.33333333333337,15.770833333333336,1.9068010075566753,27.5,True,ian seymour,27.0,550.0,28.7,6.5,0.22,0.397,0.309,0.292,3.57,0.274,0.177,0.408,0.381,88.3,20.6,34.5,10.0,37.0,77.192830643,67.7,20.8,35.3,46.2,53.8,79.2,50.6,43.0,9.1,77.7,29.4,51.7,66.4,35.0,30.5,23.4,11.1,44.4,6.0,3.744881290361135,-1.4311362344702376,3.196967414913904,2121.0,941.0,569.0,611.0,6.0,4.22,L,4.0,28.54401621995935,21.24269776540214,0.2959178499111671,0.2194726165341145,39.0,0.6,2.0,Changeup,"Changeup 29% (39% whiff), 4-Seam Fastball 27% (25% whiff), Sweeper 20% (32% whiff), Sinker 15% (10% whiff), Slider 6% (30% whiff)",91.4,91.4,90.0,4.544123937987171,67.0,0.0,0.0,0.0,0.0,,0.0,106.8,108.8,108.0,10.853356525575798,15.770833333333336,1,21,0.0,,,0.5,10.427889893045243,,False,10.679186406257307,-0.03108393590153906,10.648102470355768,18.0,1.0,192.0,87,46,BB,0.0,192.0,-58.0,-35.0,74.0,32.0,182.0,104.0,let go,,False,63
601713,Nick Pivetta,2026,1993-02-14,R,San Diego Padres,8,8,34.666666666666664,42,8,11,27,2,0,0,0,0,0,3,2,2.86,1.01,140,578,0,0.243,0.228,16.67,0.0,0.287,65.66666666666666,8.208333333333332,1.8942307692307692,33.4,True,nick pivetta,,,,,,,,,,,,,,,,,,,,,,,,,,,,,,,,,,,,,,,,,,,,,,,,,1.0,21.5,20.9,0.293,2.0,21.5,2.0,1.0,4-Seam Fastball,4-Seam Fastball 54% (22% whiff),,,,5.633529411017632,208.0,146.0,1.0,175.0,0.0,,154.7,,,,,,5,144,,,,5.6,11.638083618426233,,False,11.57019579585524,-0.39787437953969984,11.17232141631554,17.0,1.0,190.0,88,32,FA,0.0,190.0,-60.0,-37.0,74.0,34.0,181.0,104.0,let go,,False,64
682254,Mason Montgomery,2026,2000-06-17,L,Pittsburgh Pirates,69,5,67.66666666666667,103,26,22,45,6,0,0,3,17,9,6,4,2.93,1.05,275,1155,0,0.28,0.324,17.07,0.0,0.281,139.66666666666669,27.933333333333337,2.064039408866995,26.0,True,mason montgomery,26.0,275.0,37.5,9.5,0.188,0.286,0.25,0.249,2.58,0.262,0.098,0.35,0.348,88.0,8.8,26.9,6.2,42.1,75.565075,66.7,21.5,32.9,53.6,46.4,78.5,48.9,39.5,9.2,70.8,32.4,49.4,61.2,53.1,20.0,20.0,6.9,33.1,14.0,11.53541544107185,1.2916900736113182,0.8525722703534261,1155.0,816.0,316.0,23.0,0.0,2.93,L,4.0,32.52288049592286,27.33707864080867,0.2537405515761367,1.1729315628276544,37.2,3.3,3.0,Slider,"4-Seam Fastball 49% (30% whiff), Sinker 20% (34% whiff), Slider 14% (37% whiff), Curveball 14% (35% whiff)",98.8,98.5,98.8,6.623271665050885,148.0,0.0,0.0,0.0,0.0,,0.0,129.2,88.9,127.6,13.692816735397972,,0,5,,,,84.0,11.717232023953278,,False,12.56765634562514,0.06216787180307812,12.629824217428219,15.0,1.0,189.0,90,9,FA,0.0,189.0,-61.0,-38.0,73.0,33.0,184.0,103.0,let go,,False,65
696149,Bubba Chandler,2026,2002-09-14,R,Pittsburgh Pirates,31,30,154.0,140,80,79,136,15,0,0,0,0,0,8,10,4.62,1.4,674,2686,5,0.089,0.222,17.44,0.0,0.281,235.0,7.833333333333333,1.525974025974026,23.8,True,bubba chandler,23.0,674.0,20.8,11.9,0.236,0.38,0.316,0.318,4.3,0.332,0.145,0.341,0.344,89.1,15.9,31.4,6.1,39.2,78.678420409,66.5,15.1,28.1,38.1,61.9,84.9,48.5,42.9,7.2,76.2,22.2,46.7,59.9,39.5,28.9,22.4,9.2,37.2,-5.0,-3.7112039173135165,-2.7188413415364296,1.1035048976376487,2686.0,1517.0,785.0,383.0,5.0,4.62,R,3.0,22.106687555450954,16.972413794605988,0.3142048066541024,0.04733542263670101,24.7,1.3,2.0,Sinker,"4-Seam Fastball 48% (22% whiff), Slider 20% (24% whiff), Changeup 15% (25% whiff), Sinker 8% (15% whiff), Curveball 4% (15% whiff)",98.4,98.4,97.8,3.846581558620181,76.0,0.0,0.0,0.0,0.0,,0.0,102.2,92.3,101.1,9.8475687659125,7.833333333333333,1,34,0.0,,,1.5,8.245573190372621,5.13,False,9.264322671608403,0.19893718976984992,9.463259861378253,20.0,1.0,189.0,90,105,FA,0.0,189.0,-61.0,-38.0,73.0,34.0,180.0,103.0,let go,,False,66
663554,Casey Mize,2026,1997-05-01,R,multi,26,26,131.33333333333334,110,38,63,123,18,0,0,0,0,0,6,10,4.32,1.23,549,2083,10,0.131,0.232,15.86,0.0,0.279,218.33333333333334,8.397435897435898,1.6624365482233503,29.2,True,casey mize,29.0,549.0,20.0,6.9,0.238,0.395,0.319,0.303,3.87,0.295,0.157,0.368,0.346,89.2,18.4,35.2,8.3,39.4,78.784962487,66.8,15.8,29.4,38.8,61.2,84.2,48.2,41.9,7.2,78.8,23.2,47.4,65.2,33.7,31.2,25.1,10.1,39.4,-9.0,-2.9070156139254304,-2.815474964345384,-3.777362767089014,2083.0,927.0,664.0,492.0,10.0,4.32,R,3.0,24.258891210527654,19.61579498236069,0.29051673644867476,0.2322175722501357,31.6,0.7,2.0,4-Seam Fastball,"4-Seam Fastball 35% (20% whiff), Slider 28% (26% whiff), Split-Finger 24% (32% whiff), Sinker 10% (17% whiff)",93.6,93.4,93.6,4.535748793291788,88.0,37.0,3.0,109.0,0.0,Right adductor strain; Right ankle sprain,62.8,100.4,104.1,101.0,9.833843615677717,9.285714285714286,4,106,-0.8882783882783887,-0.3999999999999915,-1.2000000000000028,0.0,9.060846467515669,5.05,False,9.610308930130605,-0.1367693179667718,9.473539612163833,20.0,1.0,189.0,90,104,THALER,0.0,189.0,-61.0,-38.0,73.0,34.0,179.0,103.0,let go,,False,67
663436,Davis Martin,2026,1997-01-04,R,Chicago White Sox,29,28,146.0,122,46,64,146,14,0,0,0,0,0,9,8,3.95,1.32,617,2349,10,0.123,0.234,16.09,0.0,0.311,244.0,8.714285714285714,1.6712328767123288,29.5,True,davis martin,29.0,617.0,19.8,7.5,0.271,0.414,0.32,0.331,4.69,0.338,0.143,0.359,0.374,90.4,12.3,34.2,6.5,45.1,79.801111721,66.9,13.7,31.8,40.8,59.2,86.3,47.1,40.1,7.9,74.7,23.4,48.4,57.1,43.3,23.0,27.6,6.2,40.8,4.0,3.9491530511005926,-1.2767062292728342,1.8173551838476263,2349.0,1340.0,633.0,344.0,10.0,3.95,R,6.0,23.8787000062278,16.9313000014122,0.33043600001138396,0.17079999977519997,41.3,1.1,2.0,Sinker,"4-Seam Fastball 27% (25% whiff), Sinker 19% (7% whiff), Curveball 14% (41% whiff), Changeup 14% (14% whiff), Slider 13% (36% whiff), Cutter 13% (26% whiff)",93.9,93.9,92.8,3.349093444414784,70.0,19.0,1.0,51.0,0.0,Right middle finger blister,38.2,95.8,91.8,94.9,8.95871428784628,8.714285714285714,3,72,0.0,3.8999999999999915,-0.09999999999999432,0.4,8.740367407620314,5.21,False,9.061519024625225,-0.1554196795076953,8.90609934511753,21.0,1.0,187.0,93,151,CH,0.0,187.0,-63.0,-40.0,73.0,34.0,183.0,101.0,let go,,False,68
663556,Shane McClanahan,2026,1997-04-28,L,Tampa Bay Rays,24,24,118.0,106,39,44,93,10,0,0,0,0,0,10,7,3.36,1.12,487,1830,4,0.138,0.268,15.51,0.0,0.255,196.0,8.166666666666666,1.6610169491525424,29.2,True,shane mcclanahan,29.0,487.0,21.8,8.0,0.245,0.413,0.273,0.318,4.3,0.312,0.168,0.304,0.37,89.3,10.4,31.8,8.9,41.5,78.059291718,66.2,16.4,31.6,47.8,52.2,83.6,49.0,40.6,8.4,75.2,26.8,48.5,63.7,46.9,27.3,21.4,4.5,45.7,16.0,6.687462465534521,2.1956866371377965,6.732334586422952,1830.0,704.0,610.0,516.0,4.0,3.36,L,4.0,26.509600001261603,20.638200000847203,0.32212799999148806,0.8260999993956002,37.3,1.3,3.0,Changeup,"4-Seam Fastball 38% (20% whiff), Changeup 28% (37% whiff), Slider 18% (27% whiff), Curveball 15% (23% whiff)",95.6,95.6,,3.382295081738033,104.0,40.0,2.0,226.0,0.0,Left mid-back tightness; Left forearm tightness,151.6,107.8,97.1,107.1,10.72130730945139,13.761904761904763,4,98,-5.595238095238097,-11.0,-1.2000000000000028,0.3,8.99899848949083,4.92,False,9.999611503834332,-0.1367693179667718,9.86284218586756,19.0,1.0,187.0,93,84,FA,0.0,187.0,-63.0,-40.0,73.0,37.0,181.0,101.0,let go,,False,69
647336,Michael Soroka,2026,1997-08-04,R,Arizona Diamondbacks,21,20,111.33333333333333,110,27,41,94,9,0,0,0,0,0,9,5,3.31,1.09,454,1762,8,0.183,0.231,15.83,0.0,0.283,212.33333333333331,10.616666666666665,1.9071856287425148,28.9,True,michael soroka,28.0,454.0,24.2,5.9,0.252,0.401,0.282,0.311,4.09,0.307,0.149,0.337,0.379,87.6,17.0,36.8,8.1,33.9,76.469966169,67.2,12.4,34.2,41.6,58.4,87.6,46.9,41.9,6.5,67.0,23.1,49.7,62.6,37.1,27.7,26.5,8.7,43.2,16.0,10.898534304592832,7.947986350038282,-2.442004463406203,1762.0,961.0,580.0,220.0,8.0,3.31,R,5.0,22.60332660361227,20.32419355007967,0.32282661295450304,0.8053427418077483,34.9,3.2,3.0,Sinker,"Slurve 32% (35% whiff), 4-Seam Fastball 32% (15% whiff), Changeup 12% (19% whiff), Cutter 12% (19% whiff), Sinker 10% (15% whiff)",93.6,93.6,93.2,2.159873016478609,90.0,81.0,1.0,219.0,0.0,Left glute strain,144.6,98.1,110.3,99.6,9.63468813473081,10.616666666666665,2,52,0.0,-0.6000000000000085,0.0,0.1,10.057121364324876,5.57,False,9.94760862823995,-0.11811895642584834,9.829489671814102,19.0,1.0,187.0,93,87,FA,0.0,187.0,-63.0,-40.0,73.0,36.0,183.0,101.0,let go,,False,70
663903,Brady Singer,2026,1996-08-04,R,Cincinnati Reds,31,31,157.0,126,62,102,188,32,0,0,0,0,0,6,15,5.85,1.59,725,2801,10,0.088,0.239,17.84,0.0,0.321,221.0,7.129032258064516,1.4076433121019107,29.9,True,brady singer,29.0,725.0,17.4,8.6,0.284,0.481,0.376,0.368,5.99,0.361,0.197,0.418,0.408,91.1,13.8,37.5,10.8,43.5,81.23993332,64.0,12.3,27.0,47.3,52.7,87.7,45.9,42.5,6.2,75.7,23.9,44.0,58.3,42.0,26.8,27.4,3.8,38.5,-38.0,-22.603229624710046,-15.885991758771219,,2801.0,1662.0,1139.0,0.0,10.0,5.85,R,3.0,23.909202464788542,16.66635990463657,0.34726482622591076,-0.7653374264198879,41.1,-0.2,0.0,Sinker,"Sinker 50% (16% whiff), Slider 27% (31% whiff), Sweeper 14% (41% whiff), Cutter 7% (18% whiff)",91.2,90.7,91.2,3.643305849303102,85.0,0.0,0.0,0.0,0.0,,0.0,88.2,96.0,87.6,7.898654151523486,12.680555555555557,6,175,-5.551523297491041,-7.299999999999997,-1.0,0.0,8.748633641330201,5.06,False,8.56814231541224,-0.18028682822892644,8.387855487183314,22.0,1.0,185.0,95,179,FA,0.0,185.0,-65.0,-42.0,72.0,36.0,186.0,102.0,let go,,False,71
693821,Bryce Elder,2026,1999-05-19,R,Atlanta Braves,26,26,149.0,121,49,68,140,24,0,0,0,0,0,8,8,4.11,1.27,633,2245,15,0.114,0.216,15.07,0.0,0.269,262.0,10.076923076923077,1.7583892617449663,27.1,True,bryce elder,27.0,633.0,19.1,7.7,0.252,0.401,0.313,0.313,4.15,0.314,0.148,0.352,0.352,90.0,13.2,33.1,6.8,39.9,79.952595759,66.9,12.3,27.6,42.0,58.0,87.7,47.6,42.4,6.7,75.5,21.6,46.3,60.2,44.2,26.4,23.5,5.9,40.7,2.0,7.600947980885393,-6.969394600003127,1.2735680655716037,2245.0,1467.0,502.0,276.0,15.0,4.11,R,5.0,20.676900006615497,21.582299995188496,0.314592999986035,0.07149999984250005,30.9,1.0,3.0,Sinker,"Sinker 28% (12% whiff), Slider 22% (30% whiff), 4-Seam Fastball 22% (17% whiff), Cutter 15% (20% whiff), Changeup 12% (31% whiff)",92.4,92.4,91.0,3.6642316265140313,60.0,18.0,1.0,18.0,0.0,,18.0,95.2,98.8,95.3,9.010578440173376,10.076923076923077,4,104,0.0,4.299999999999997,-0.3999999999999915,0.5,9.13633944178945,5.73,False,9.257000607305079,-0.0062167871803079,9.25078382012477,20.0,1.0,185.0,95,122,Dpf,0.0,185.0,-65.0,-42.0,72.0,37.0,182.0,102.0,let go,,False,72
808963,Roki Sasaki,2026,2001-11-03,R,Los Angeles Dodgers,25,23,121.33333333333333,121,48,61,113,22,0,0,0,0,1,5,5,4.52,1.33,519,2086,7,0.141,0.298,17.19,0.0,0.283,209.33333333333331,9.101449275362318,1.7252747252747251,24.7,True,roki sasaki,24.0,519.0,23.3,9.2,0.244,0.406,0.341,0.32,4.35,0.321,0.162,0.405,0.374,89.6,12.5,35.4,9.9,42.9,78.832185614,69.2,17.5,33.5,52.2,47.8,82.5,46.7,39.8,7.5,79.6,29.8,50.1,61.1,43.2,26.4,23.2,7.2,35.9,-10.0,-12.334224535583873,-1.799109470140257,3.6474685813385292,2086.0,874.0,451.0,761.0,7.0,4.52,R,3.0,29.71801802525318,19.014514515657602,0.32038938926370614,-0.5798798803608411,39.8,1.1,1.0,Split-Finger,"4-Seam Fastball 42% (20% whiff), Split-Finger 29% (36% whiff), Slider 22% (40% whiff), Forkball 8% (30% whiff)",97.8,97.8,,3.93248811475774,93.0,25.0,1.0,186.0,0.0,Right middle finger blister,121.6,107.9,95.4,107.0,10.706847442321695,9.101449275362318,1,31,0.0,,,17.2,9.07036506279574,5.28,False,10.023682637152758,0.1429861051470797,10.166668742299837,18.0,1.0,183.0,97,65,FA,0.0,183.0,-67.0,-44.0,72.0,38.0,185.0,103.0,let go,,False,73
643377,Griffin Jax,2026,1994-11-22,R,Tampa Bay Rays,34,23,112.33333333333333,116,35,44,97,15,0,0,2,0,2,8,10,3.53,1.18,459,1728,2,0.176,0.3,15.38,0.0,0.286,186.33333333333331,8.101449275362318,1.658753709198813,31.6,True,griffin jax,31.0,459.0,25.3,7.6,0.253,0.407,0.296,0.317,4.27,0.312,0.155,0.362,0.394,88.6,10.8,33.7,8.5,39.2,77.504651733,64.3,18.0,35.1,48.2,51.8,82.0,45.1,39.7,7.0,62.0,30.0,48.1,66.4,47.1,23.5,24.2,5.2,40.5,8.0,2.4736419267905876,2.587579377113923,3.3020247573652846,1728.0,753.0,582.0,389.0,2.0,3.53,R,4.0,30.8595656734252,24.631127197874214,0.3144105480526859,0.19265770448470682,44.9,1.0,3.0,Curveball,"Sweeper 25% (37% whiff), Changeup 23% (39% whiff), Sinker 22% (12% whiff), 4-Seam Fastball 18% (27% whiff), Curveball 9% (45% whiff)",96.0,96.0,95.4,2.8653821036082308,112.0,24.0,1.0,24.0,0.0,,24.0,112.3,105.0,112.4,11.48925056390959,8.101449275362318,2,39,0.0,,,9.0,8.984523411773074,,False,10.35336161631897,-0.2859722102941594,10.06738940602481,18.0,1.0,181.0,98,70,FA,0.0,181.0,-69.0,-46.0,71.0,39.0,189.0,105.0,let go,,False,74
695611,Gage Jump,2026,2003-04-12,L,Athletics,20,20,98.66666666666667,108,46,60,104,12,0,0,0,0,0,6,11,5.47,1.52,437,1756,6,0.142,0.252,17.8,0.0,0.345,170.66666666666669,8.533333333333335,1.7297297297297298,23.2,True,gage jump,23.0,437.0,24.7,10.5,0.262,0.402,0.343,0.329,4.63,0.341,0.141,0.414,0.392,89.6,15.5,40.5,6.8,39.8,79.206498333,67.3,15.0,30.4,46.5,53.5,85.0,48.5,40.5,8.4,81.0,25.2,48.3,60.9,39.1,26.2,28.3,6.5,40.1,-10.0,-10.139592624066369,3.336766138029244,-3.2312271636246046,1756.0,905.0,687.0,164.0,6.0,5.47,L,3.0,25.860584808137617,19.78959064648145,0.3165192980642373,0.008070176687390861,36.4,1.7,1.0,Slider,"4-Seam Fastball 47% (23% whiff), Slider 22% (28% whiff), Curveball 11% (26% whiff), Sweeper 6% (36% whiff)",96.3,96.3,95.1,2.3963785121946257,128.0,12.0,1.0,12.0,0.0,,12.0,102.2,89.0,100.8,9.806830326061268,8.533333333333335,1,20,0.0,,,5.1,9.478473955713286,4.93,False,9.778174295911027,0.2362379128516969,10.014412208762725,18.0,1.0,180.0,99,72,CH,0.0,180.0,-70.0,-47.0,71.0,39.0,184.0,106.0,let go,,False,75
682243,Bryce Miller,2026,1998-08-23,R,Seattle Mariners,22,21,118.66666666666667,119,38,55,100,21,0,0,0,0,0,4,10,4.17,1.16,485,1885,3,0.167,0.25,15.88,0.0,0.26,194.66666666666669,9.26984126984127,1.6404494382022472,27.9,True,bryce miller,27.0,485.0,24.5,7.8,0.226,0.385,0.309,0.297,3.7,0.29,0.159,0.375,0.358,87.4,16.7,32.2,8.0,32.2,76.865401688,73.8,17.9,35.5,39.2,60.8,82.1,48.9,43.5,7.1,85.0,25.0,54.2,65.2,37.7,33.7,21.2,7.4,43.3,-1.0,-5.380234213377693,1.6989192494342706,2.6748709609647077,1885.0,1013.0,430.0,441.0,3.0,4.17,R,3.0,23.685218352490374,20.030683086390347,0.2880447928317761,0.30246360592125643,33.3,2.1,2.0,Sweeper,"4-Seam Fastball 40% (21% whiff), Split-Finger 24% (33% whiff), Slider 11% (29% whiff), Sinker 8% (0% whiff), Sweeper 7% (24% whiff)",96.0,96.0,95.2,5.109863525804157,105.0,49.0,1.0,137.0,0.0,,101.49999999999999,107.6,113.2,109.0,10.998155214909914,11.752688172043012,4,95,-2.482846902201741,10.699999999999989,1.2000000000000028,0.7,8.732541178144778,5.65,False,10.014213909342432,-0.055951084622770215,9.958262824719663,18.0,1.0,179.0,100,75,CJF,0.0,179.0,-71.0,-48.0,71.0,39.0,190.0,105.0,let go,,False,76
656849,David Peterson,2026,1995-09-03,L,multi,32,23,148.33333333333334,137,65,79,157,15,0,0,0,1,1,9,8,4.79,1.5,663,2476,5,0.109,0.227,16.69,0.0,0.323,226.33333333333337,9.84057971014493,1.5258426966292136,30.8,True,david peterson,30.0,663.0,20.7,9.8,0.267,0.403,0.328,0.333,4.76,0.345,0.136,0.37,0.377,88.8,7.5,34.1,6.4,39.6,77.55711375,66.3,14.1,28.8,40.0,60.0,85.9,46.6,42.9,6.2,66.9,22.7,46.3,61.5,50.8,19.7,25.6,3.9,38.3,-11.0,-5.1347126539866865,1.585697532414339,-7.75416587043616,2476.0,1353.0,800.0,323.0,5.0,4.79,L,5.0,22.011711720562,18.667767772733892,0.33770670665011654,-0.7330330350699047,32.9,1.3,1.0,Slider,"Sinker 30% (16% whiff), 4-Seam Fastball 24% (18% whiff), Slider 22% (29% whiff), Changeup 13% (23% whiff), Curveball 10% (33% whiff)",92.5,92.5,92.1,4.438926477526839,82.0,0.0,0.0,94.0,0.0,,28.2,93.1,100.3,93.2,8.713346167592809,11.0,6,129,-1.1594202898550705,-2.5,0.20000000000000284,0.1,9.332849534901431,,False,9.202605844422875,-0.2362379128516969,8.966367931571178,20.0,1.0,179.0,100,145,FA,0.0,179.0,-71.0,-48.0,71.0,41.0,187.0,105.0,let go,,False,77
571510,Matthew Boyd,2026,1991-02-02,L,Chicago Cubs,22,22,126.66666666666667,96,39,55,114,15,0,0,0,0,0,10,5,3.91,1.21,520,1957,9,0.11,0.223,15.45,0.0,0.273,203.66666666666669,9.257575757575758,1.6078947368421053,35.4,True,matthew boyd,35.0,520.0,18.5,7.5,0.264,0.423,0.304,0.33,4.66,0.329,0.159,0.332,0.368,88.4,14.2,33.1,7.7,37.6,77.142272527,67.7,15.6,32.1,35.5,64.5,84.4,48.0,43.0,7.2,71.6,22.3,49.2,66.9,43.1,24.6,22.8,9.5,40.2,5.0,-3.0095569213420266,4.222717745310202,4.158530226904947,1957.0,890.0,521.0,546.0,9.0,3.91,L,4.0,23.158417863556114,15.159330637183242,0.324565922787765,0.091277891516114,38.5,0.8,3.0,Changeup,"4-Seam Fastball 44% (15% whiff), Changeup 27% (26% whiff), Slider 15% (38% whiff), Curveball 13% (26% whiff)",92.7,92.7,91.9,5.91928783030328,100.0,66.0,2.0,66.0,0.0,,66.0,95.6,109.6,96.7,9.212302972340485,10.892473118279568,4,91,-1.6348973607038104,-5.1000000000000085,-0.5999999999999943,0.1,9.359240234919792,5.76,False,9.447921853557105,-0.562210123145856,8.885711730411249,20.0,1.0,178.0,102,152,CJF,0.0,178.0,-72.0,-49.0,70.0,39.0,194.0,108.0,let go,,False,78
680736,Justin Wrobleski,2026,2000-07-14,L,Los Angeles Dodgers,27,22,138.0,115,31,57,127,21,0,0,0,0,0,12,5,3.72,1.14,571,2110,12,0.147,0.207,15.29,0.0,0.267,244.0,11.090909090909092,1.7681159420289856,26.0,True,justin wrobleski,25.0,571.0,20.1,5.4,0.268,0.444,0.3,0.328,4.6,0.312,0.176,0.348,0.386,90.0,14.6,36.7,9.5,43.3,79.400245962,65.9,15.9,32.1,32.1,67.9,84.1,53.5,41.9,8.5,83.8,20.7,50.1,65.6,41.7,31.9,22.6,3.8,38.3,3.0,8.851302612624764,-6.131520053600791,0.4376254972518229,2110.0,1237.0,766.0,107.0,12.0,3.72,L,2.0,21.276463686616633,19.589812643010024,0.32217447313521846,0.5207259945407753,23.5,1.1,1.0,4-Seam Fastball,"4-Seam Fastball 49% (24% whiff), Slider 28% (21% whiff), Sinker 8% (8% whiff)",94.6,94.6,93.7,4.161542344411375,70.0,16.0,1.0,16.0,0.0,Left forearm inflammation,16.0,100.9,108.2,101.7,9.941423439916463,11.090909090909092,1,30,0.0,,,15.7,9.391084476265096,,False,9.803494656636813,0.06216787180307812,9.865662528439891,18.0,1.0,178.0,102,83,FA,0.0,178.0,-72.0,-49.0,70.0,39.0,189.0,108.0,let go,,False,79
687562,Jake Bennett,2026,2000-12-02,L,Boston Red Sox,20,19,113.33333333333333,91,21,46,104,12,0,0,0,0,0,9,7,3.65,1.1,455,1618,9,0.154,0.237,14.28,0.0,0.284,194.33333333333331,10.228070175438596,1.714705882352941,25.6,True,jake bennett,25.0,455.0,20.0,4.6,0.234,0.382,0.286,0.286,3.42,0.271,0.148,0.336,0.336,88.6,13.2,32.4,7.9,37.9,77.27794897,71.1,16.1,37.4,37.3,62.7,83.9,48.1,44.1,7.6,78.0,23.7,53.6,64.4,43.8,27.1,20.9,8.2,38.2,13.0,8.796625765769292,-0.21252606832749002,4.057850080199522,1618.0,1017.0,163.0,438.0,9.0,3.65,L,3.0,22.31335656197437,22.71324042155665,0.28669337976413456,1.2072009295916344,33.3,2.7,3.0,Sinker,"4-Seam Fastball 35% (21% whiff), Changeup 26% (33% whiff), Sinker 24% (13% whiff)",92.9,92.9,92.4,5.796716831585087,106.0,0.0,0.0,0.0,0.0,,0.0,107.0,118.2,109.0,11.002895803950931,10.228070175438596,1,19,0.0,,,10.8,9.380958679722621,5.96,False,10.296729571339144,0.08703502052430928,10.383764591863454,17.0,1.0,177.0,104,53,GLIZZY,0.0,177.0,-73.0,-50.0,70.0,40.0,185.0,107.0,let go,,False,80
700241,Michael McGreevy,2026,2000-07-08,R,St. Louis Cardinals,31,31,168.66666666666666,115,48,74,168,21,0,0,0,0,0,7,9,3.95,1.28,702,2774,16,0.095,0.201,16.45,0.0,0.284,273.66666666666663,8.82795698924731,1.6225296442687747,26.0,True,michael mcgreevy,25.0,702.0,16.4,6.8,0.283,0.475,0.32,0.351,5.37,0.333,0.193,0.354,0.395,89.9,10.4,34.9,9.1,41.8,79.09144812,64.3,9.8,28.5,39.2,60.8,90.2,45.0,41.2,6.4,72.5,20.1,44.6,58.0,44.4,27.3,24.5,3.7,35.9,1.0,3.0995390705673933,-8.084083113973705,6.211750258284947,2774.0,1444.0,764.0,566.0,16.0,3.95,R,6.0,20.0695000067135,15.0393999933242,0.353396000070228,0.0760999982672999,28.4,2.3,3.0,Sinker,"4-Seam Fastball 24% (14% whiff), Changeup 20% (27% whiff), Sinker 17% (12% whiff), Curveball 13% (27% whiff), Cutter 12% (17% whiff), Sweeper 11% (28% whiff), Slider 4% (22% whiff)",91.8,91.8,90.8,4.221605429658666,55.0,0.0,0.0,0.0,0.0,,0.0,86.7,96.4,86.5,7.733047131429013,8.82795698924731,2,50,0.0,-4.099999999999994,-1.2000000000000028,0.2,8.512991704626527,5.44,False,8.388645096257834,0.06216787180307812,8.450812968060912,21.0,1.0,177.0,104,173,Dan,0.0,177.0,-73.0,-50.0,70.0,38.0,192.0,107.0,let go,,False,81
663460,Kris Bubic,2026,1997-08-19,L,multi,14,9,55.0,56,26,23,40,4,0,0,0,0,2,4,2,3.76,1.2,226,882,4,0.133,0.259,16.04,0.0,0.261,104.0,11.555555555555555,1.8909090909090909,28.9,True,kris bubic,28.0,226.0,24.8,11.5,0.234,0.376,0.281,0.315,4.21,0.329,0.142,0.309,0.364,89.3,10.9,36.6,7.1,38.7,78.918765857,68.0,15.7,29.8,47.4,52.6,84.3,47.8,41.4,8.2,87.5,25.9,48.1,59.7,48.6,27.5,20.4,3.5,43.0,6.0,1.7193528463450778,-1.1407530498237022,5.193824506856879,882.0,478.0,223.0,181.0,4.0,3.76,L,4.0,25.0417763094659,18.99605262293398,0.3282423245109986,0.4440789493680746,31.9,2.9,2.0,Changeup,"4-Seam Fastball 41% (25% whiff), Changeup 20% (32% whiff), Sweeper 17% (29% whiff), Sinker 13% (8% whiff)",91.8,91.8,91.2,6.114919849959927,177.0,121.0,1.0,318.0,1.0,,199.0,101.3,87.7,99.9,9.67790134541285,,3,79,,-10.299999999999997,-0.29999999999999716,0.8,11.273605947586717,,False,10.493720023865249,-0.11811895642584834,10.375601067439401,17.0,1.0,176.0,106,54,FA,0.0,176.0,-74.0,-51.0,70.0,41.0,193.0,109.0,let go,,False,82
805673,Zebby Matthews,2026,2000-05-22,R,Minnesota Twins,23,23,130.33333333333334,116,39,71,125,24,0,0,0,0,0,9,11,4.9,1.26,545,2117,11,0.141,0.227,16.24,0.0,0.279,219.33333333333334,9.53623188405797,1.682864450127877,26.1,True,zebby matthews,26.0,545.0,21.3,7.2,0.249,0.425,0.328,0.321,4.38,0.309,0.176,0.384,0.375,90.8,13.5,34.7,10.6,42.5,81.031973906,68.0,14.0,28.2,42.5,57.5,86.0,48.7,41.5,7.8,77.0,22.7,47.5,65.7,43.3,26.7,24.1,6.0,42.2,-3.0,-5.804764418403196,10.023810384212233,-6.945608481135777,2117.0,1119.0,718.0,280.0,11.0,4.9,R,5.0,21.59568421886482,16.62863158227036,0.3243505262592078,-0.2608421071534626,34.1,1.8,1.0,Slider,"4-Seam Fastball 36% (13% whiff), Slider 22% (34% whiff), Changeup 13% (18% whiff), Cutter 12% (17% whiff), Curveball 12% (34% whiff)",95.2,95.2,95.2,1.827552084768021,87.0,0.0,0.0,41.0,0.0,,24.599999999999998,94.3,100.2,94.6,8.912651633347373,9.53623188405797,2,48,0.0,-7.400000000000006,-1.0,0.5,9.053327810584085,5.67,False,9.175209417312004,0.055951084622770215,9.231160501934774,19.0,1.0,175.0,107,124,CH,0.0,175.0,-75.0,-52.0,70.0,42.0,194.0,110.0,let go,,False,83
607259,Nick Martinez,2026,1990-08-05,R,Tampa Bay Rays,30,30,177.33333333333334,108,25,58,164,22,1,0,0,0,0,15,5,2.94,1.07,706,2474,16,0.118,0.174,13.95,0.0,0.26,301.33333333333337,10.044444444444446,1.699248120300752,35.9,True,nick martinez,35.0,706.0,15.3,3.5,0.261,0.409,0.289,0.305,3.92,0.291,0.148,0.324,0.343,86.9,18.0,34.6,6.7,32.5,75.678181519,67.6,10.4,32.0,33.9,66.1,89.6,52.7,45.9,7.4,82.1,17.4,50.8,65.0,36.7,29.5,24.0,9.8,42.5,22.0,20.718464054369434,-5.5538919616571265,6.45268969484238,2474.0,1636.0,195.0,641.0,16.0,2.94,R,4.0,17.33014145677849,16.389989113427685,0.30329597389642665,1.278890097153906,31.8,2.0,3.0,Cutter,"Sinker 31% (9% whiff), Changeup 26% (32% whiff), Cutter 22% (14% whiff), 4-Seam Fastball 13% (14% whiff)",92.7,92.7,92.4,3.8667389475902856,42.0,0.0,0.0,0.0,0.0,,0.0,91.5,121.5,94.4,8.880804084207826,16.53333333333333,4,91,-6.488888888888885,-1.0,0.10000000000000853,0.1,8.562877421289228,5.91,False,8.948271070086355,-0.643294059047395,8.30497701103896,21.0,1.0,174.0,108,184,Dpf,0.0,174.0,-76.0,-53.0,69.0,42.0,188.0,112.0,let go,,False,84
677958,Kumar Rocker,2026,1999-11-22,R,Texas Rangers,30,27,148.0,138,61,72,147,20,0,0,1,0,0,6,11,4.38,1.41,645,2496,6,0.119,0.261,16.86,0.0,0.301,235.0,8.703703703703704,1.587837837837838,26.6,True,kumar rocker,26.0,645.0,21.4,9.5,0.251,0.412,0.331,0.324,4.48,0.326,0.161,0.38,0.371,89.2,12.9,32.1,7.5,40.0,78.107594227,67.4,13.0,31.4,50.0,50.0,87.0,45.8,39.8,6.8,74.1,26.1,47.9,56.6,42.8,24.0,26.0,7.2,42.5,-6.0,-7.749428877181517,4.575450800954411,-2.3936770983419824,2496.0,1456.0,939.0,101.0,6.0,4.38,R,4.0,25.984083760694936,19.513717274916367,0.3202282723445936,-0.30062827256281355,41.7,0.4,2.0,Slider,"Slider 38% (42% whiff), Sinker 30% (9% whiff), Cutter 14% (22% whiff), 4-Seam Fastball 14% (22% whiff)",94.5,94.5,94.3,5.349137546280578,76.0,0.0,0.0,41.0,0.0,,24.599999999999998,100.0,90.5,98.8,9.523433607459445,8.703703703703704,2,44,0.0,2.0,-1.2999999999999972,3.2,8.351238610827208,5.48,False,9.158046305139372,0.02486714872123116,9.182913453860603,19.0,1.0,174.0,108,129,FA,0.0,174.0,-76.0,-53.0,69.0,43.0,190.0,112.0,let go,,False,85
666157,Nick Lodolo,2026,1998-02-05,L,Cincinnati Reds,21,21,108.66666666666667,83,46,60,115,20,0,0,0,0,0,3,6,4.97,1.48,486,1899,5,0.076,0.215,17.48,0.0,0.299,151.66666666666669,7.222222222222223,1.3957055214723928,28.4,True,nick lodolo,28.0,486.0,17.1,9.5,0.297,0.484,0.374,0.38,6.47,0.387,0.187,0.404,0.414,89.9,12.0,37.6,9.0,40.3,79.209189697,64.5,12.6,28.6,38.6,61.4,87.4,46.1,43.5,6.8,70.5,21.5,45.1,59.7,41.8,25.6,28.2,4.4,32.9,-20.0,-10.45080225661445,-7.671008112936538,-1.6640167976661733,1899.0,1007.0,463.0,429.0,5.0,4.97,L,4.0,22.766000001136,15.0235999995056,0.366231999999072,-1.0946000000216,42.3,-0.8,0.0,Curveball,"4-Seam Fastball 27% (18% whiff), Sinker 26% (8% whiff), Curveball 25% (42% whiff), Changeup 23% (23% whiff)",93.9,93.9,93.7,9.1460012392416,141.0,74.0,2.0,172.0,0.0,Blister left index finger,110.0,92.9,97.5,92.0,8.539033507939141,12.095238095238093,4,96,-4.87301587301587,-15.5,0.0,0.1,9.548058216651023,5.17,False,9.213917968315886,-0.08703502052430928,9.126882947791577,19.0,1.0,173.0,110,134,CJF,0.0,173.0,-77.0,-54.0,69.0,43.0,193.0,111.0,let go,,False,86
621111,Walker Buehler,2026,1994-07-28,R,San Diego Padres,32,32,153.66666666666666,131,57,79,150,22,0,0,0,0,0,9,6,4.63,1.35,651,2608,7,0.114,0.195,16.97,0.0,0.296,233.66666666666663,7.302083333333332,1.5206073752711495,31.9,True,walker buehler,31.0,651.0,20.1,8.8,0.245,0.402,0.329,0.317,4.27,0.318,0.157,0.373,0.356,89.3,11.6,30.9,8.4,38.7,78.721987566,64.5,13.1,27.0,34.1,65.9,86.9,48.3,42.4,8.1,74.1,19.5,45.1,65.6,47.4,23.2,22.1,7.2,38.6,-2.0,9.519006824362483,0.06728979295939885,-12.033419152288436,2608.0,1682.0,677.0,247.0,7.0,4.63,R,4.0,19.281818199327944,16.707292711837113,0.31748251747015216,-0.008591412127732482,29.0,2.5,3.0,Slider,"Cutter 25% (18% whiff), Sinker 20% (12% whiff), 4-Seam Fastball 20% (14% whiff), Slider 10% (25% whiff), Changeup 10% (28% whiff), Curveball 8% (29% whiff), Sweeper 7% (27% whiff)",94.2,94.1,94.2,4.419812923731378,78.0,0.0,0.0,122.0,0.0,,42.0,93.4,96.7,93.3,8.72337108988631,14.262626262626261,5,117,-6.960542929292929,5.5,0.20000000000000284,0.1,7.846722822563199,4.8,False,8.564893193421229,-0.3046225718350827,8.260270621586146,21.0,1.0,173.0,110,189,CS,0.0,173.0,-77.0,-54.0,69.0,42.0,192.0,111.0,let go,,False,87
682052,Jacob Lopez,2026,1998-03-11,L,Athletics,27,24,123.33333333333333,112,58,75,126,23,0,0,0,0,1,7,5,5.47,1.49,551,2243,5,0.098,0.241,18.19,0.0,0.293,180.33333333333331,7.513888888888888,1.462162162162162,28.3,True,jacob lopez,28.0,551.0,20.3,10.5,0.214,0.357,0.348,0.295,3.65,0.302,0.143,0.394,0.316,84.6,21.6,33.2,6.9,31.5,72.154590161,66.6,17.5,27.3,38.4,61.6,82.5,47.4,43.5,6.8,71.1,24.1,46.0,60.3,32.4,34.7,18.6,14.3,37.7,-12.0,0.15097809541745194,-1.5455633858899418,-10.13327350490077,2243.0,1277.0,756.0,193.0,5.0,5.47,L,3.0,24.752321979040982,17.517440654933164,0.28705469567882475,-0.3312693545664835,29.5,0.6,2.0,4-Seam Fastball,"Slider 34% (30% whiff), 4-Seam Fastball 34% (21% whiff), Cutter 20% (25% whiff), Changeup 8% (22% whiff)",90.4,90.4,89.7,4.3261088703371975,119.0,0.0,0.0,33.0,0.0,,19.8,94.3,95.9,94.2,8.85603412717925,11.27450980392157,2,43,-3.760620915032681,-12.400000000000006,-0.3999999999999915,0.1,8.883638605252884,5.14,False,9.07531542060886,-0.0808182333440016,8.994497187264859,19.0,1.0,171.0,112,143,FA,0.0,171.0,-79.0,-56.0,69.0,43.0,196.0,108.0,let go,,False,88
675660,Shane Drohan,2026,1999-01-07,L,Milwaukee Brewers,32,19,123.0,123,44,58,121,14,0,0,0,1,3,7,5,4.24,1.34,523,1980,5,0.151,0.271,16.1,0.0,0.318,208.0,10.947368421052632,1.6910569105691058,27.5,True,shane drohan,27.0,523.0,23.5,8.4,0.234,0.379,0.325,0.304,3.89,0.306,0.145,0.387,0.356,88.8,13.8,35.9,8.6,38.7,77.832892632,64.7,18.7,32.7,42.6,57.4,81.3,48.1,41.0,7.8,70.8,27.1,48.1,66.2,41.3,29.6,23.6,5.4,38.5,-3.0,-1.1755283734754605,1.0604593161191929,-2.6295306483668597,1980.0,1196.0,683.0,101.0,5.0,4.24,L,5.0,26.774445613123312,19.93854276114814,0.29751742350729976,0.13949313590552734,39.8,1.8,3.0,Slider,"4-Seam Fastball 28% (30% whiff), Slider 21% (40% whiff), Sinker 21% (14% whiff), Curveball 13% (30% whiff), Cutter 12% (16% whiff)",94.9,94.9,94.8,2.5759108213429576,97.0,0.0,0.0,73.0,0.0,,21.9,105.3,102.4,105.5,10.490034383307712,10.947368421052632,1,19,0.0,,,0.9,9.191698173079438,,False,9.974490959207232,-0.03108393590153906,9.943407023305694,17.0,1.0,169.0,113,78,LTTA,0.0,169.0,-81.0,-58.0,68.0,46.0,197.0,105.0,let go,,False,89
622491,Luis Castillo,2026,1992-12-12,R,multi,29,23,130.66666666666666,112,44,85,151,25,0,0,1,0,1,4,11,5.85,1.49,592,2367,5,0.115,0.237,18.11,0.0,0.316,174.66666666666666,7.594202898550725,1.336734693877551,33.5,True,luis castillo,33.0,592.0,18.9,7.4,0.27,0.457,0.361,0.341,5.02,0.33,0.186,0.417,0.39,89.9,17.3,35.3,9.6,41.8,79.68629109,73.2,17.0,31.5,38.6,61.4,83.0,48.7,43.9,7.4,79.9,23.7,51.8,68.8,36.4,29.9,26.2,7.5,39.5,-23.0,-7.14339129196151,-8.498503434763252,-7.376335225427986,2367.0,1437.0,583.0,346.0,5.0,5.85,R,4.0,23.65255254833813,14.613613611957502,0.3387857857816385,-0.944544544366188,27.1,0.6,1.0,Sinker,"4-Seam Fastball 42% (26% whiff), Slider 25% (27% whiff), Sinker 19% (11% whiff), Changeup 15% (26% whiff)",95.4,95.3,95.4,2.223679577269985,123.0,3.0,1.0,22.0,0.0,Right shoulder impingement,8.7,94.0,112.3,95.4,9.020809134722231,13.413333333333334,6,176,-5.819130434782609,-6.5,0.4000000000000057,0.1,9.031193644978806,,False,9.216345020401654,-0.4040911667200078,8.812253853681646,19.0,1.0,167.0,114,156,FA,0.0,167.0,-83.0,-60.0,68.0,48.0,198.0,104.0,let go,,False,90
688107,Robert Gasser,2026,1999-05-31,L,Milwaukee Brewers,21,20,109.33333333333333,103,35,47,95,15,0,0,0,0,0,5,5,3.87,1.19,463,1817,6,0.147,0.225,16.62,0.0,0.268,189.33333333333331,9.466666666666665,1.7317073170731707,27.1,True,robert gasser,27.0,462.0,22.3,7.4,0.249,0.398,0.309,0.317,4.27,0.32,0.149,0.355,0.367,86.5,19.7,37.8,7.6,34.0,74.591601538,68.6,15.8,28.1,40.7,59.3,84.2,52.4,41.1,7.9,75.7,22.5,49.3,64.7,33.7,27.3,27.6,11.4,42.2,1.0,7.589247622797933,-2.5889200054078056,-3.5380939529157525,1817.0,1160.0,469.0,188.0,6.0,3.87,L,4.0,21.95778894483523,15.952964822547914,0.3223909548342163,-0.4026130664190299,27.1,1.0,2.0,Sinker,"Sweeper 25% (26% whiff), 4-Seam Fastball 24% (27% whiff), Sinker 23% (13% whiff), Cutter 18% (20% whiff), Changeup 9% (24% whiff)",92.9,92.9,92.6,1.8847868857247772,109.0,0.0,0.0,116.0,0.0,,34.8,91.6,100.0,92.1,8.546813243055933,9.466666666666665,1,25,0.0,,,0.1,9.381763816804407,5.47,False,9.14568050318093,-0.0062167871803079,9.139463716000622,18.0,1.0,165.0,115,132,FA,0.0,165.0,-85.0,-62.0,67.0,48.0,196.0,101.0,let go,,False,91
669467,Andre Pallante,2026,1998-09-18,R,St. Louis Cardinals,28,28,157.0,106,49,63,146,11,0,0,0,0,0,12,8,3.61,1.24,654,2551,10,0.087,0.211,16.25,0.0,0.282,240.0,8.571428571428571,1.5286624203821657,27.8,True,andre pallante,27.0,654.0,16.2,7.5,0.257,0.377,0.298,0.309,4.03,0.32,0.121,0.317,0.332,87.2,5.0,29.9,4.7,34.2,75.42725905,64.3,12.0,26.1,42.0,58.0,88.0,48.6,39.6,7.7,74.6,21.1,44.7,62.4,56.8,16.7,22.4,4.1,38.5,13.0,7.921113934985108,4.953712760782555,-0.10598581961564461,2551.0,1296.0,1181.0,74.0,10.0,3.61,R,4.0,21.942592592725955,14.273456789101003,0.30590740740675965,0.6080246899875529,31.3,1.9,2.0,Slider,"4-Seam Fastball 33% (15% whiff), Slider 29% (31% whiff), Sinker 17% (12% whiff), Curveball 17% (30% whiff)",95.4,95.2,95.4,7.062759203987389,72.0,14.0,1.0,14.0,0.0,,14.0,97.6,91.2,96.7,9.209521140406652,15.2,4,89,-6.628571428571428,0.5,0.4000000000000057,0.4,7.730942157058919,5.61,False,8.742748645444301,-0.049734297442462536,8.693014348001839,19.0,1.0,165.0,115,160,CS,0.0,165.0,-85.0,-62.0,67.0,49.0,197.0,101.0,let go,,False,92
674841,Andrew Alvarez,2026,1999-06-13,L,Washington Nationals,25,17,112.66666666666667,114,51,43,95,7,0,0,0,1,2,2,6,3.43,1.3,473,1857,4,0.133,0.264,16.48,0.0,0.296,199.66666666666669,11.745098039215687,1.772189349112426,27.0,True,andrew alvarez,27.0,473.0,24.1,10.8,0.245,0.375,0.298,0.315,4.21,0.331,0.13,0.339,0.365,89.3,8.7,32.8,6.2,40.7,77.963605828,62.0,11.3,30.0,51.5,48.5,88.7,44.5,37.1,6.7,69.6,26.4,44.2,54.1,49.8,19.0,25.9,5.2,45.6,7.0,-0.008026103445634702,4.928738213725435,1.6032276384861306,1857.0,786.0,970.0,101.0,4.0,3.43,L,4.0,24.510759491515785,20.625316457066177,0.33262658232647013,0.28291139247716707,35.0,1.1,2.0,Curveball,"Curveball 31% (32% whiff), 4-Seam Fastball 28% (12% whiff), Slider 22% (35% whiff), Sinker 15% (17% whiff)",92.3,92.3,91.8,5.661263557138163,102.0,0.0,0.0,0.0,0.0,,0.0,99.1,79.3,96.9,9.240134600883307,11.745098039215687,1,22,0.0,,,11.2,9.716717620131632,,False,9.615496937148142,-0.0,9.615496937148142,17.0,1.0,163.0,117,99,BAMBI,0.0,163.0,-87.0,-64.0,67.0,48.0,196.0,105.0,let go,,False,93
691725,Andrew Painter,2026,2003-04-10,R,Philadelphia Phillies,25,23,126.66666666666667,115,47,76,132,21,0,0,0,0,0,3,10,5.4,1.41,552,2126,7,0.123,0.256,16.78,0.0,0.308,193.66666666666669,8.420289855072465,1.5289473684210528,23.2,True,andrew painter,23.0,552.0,20.8,8.5,0.25,0.413,0.339,0.322,4.42,0.32,0.163,0.392,0.368,87.4,13.7,29.9,8.1,35.1,75.91209455,66.2,17.8,33.8,39.5,60.5,82.2,47.5,42.9,7.1,66.7,25.6,49.2,62.5,43.6,25.7,21.3,9.4,40.5,-7.0,-13.80796234930869,1.1510510033496844,5.7447620275401325,2126.0,879.0,853.0,394.0,7.0,5.4,R,3.0,24.619719732694655,16.08768769778397,0.3270720718553508,-0.4603603557332108,38.4,3.8,2.0,Changeup,"4-Seam Fastball 32% (15% whiff), Slider 18% (36% whiff), Sweeper 16% (26% whiff), Sinker 9% (10% whiff), Split-Finger 9% (38% whiff), Changeup 9% (35% whiff), Curveball 6% (25% whiff)",96.5,96.5,95.1,4.055185383615744,107.0,0.0,0.0,0.0,0.0,,0.0,101.8,105.8,102.3,10.02241224938968,8.420289855072465,1,23,0.0,,,4.5,8.197245609871707,5.51,False,9.325397569270867,0.2362379128516969,9.561635482122565,17.0,1.0,163.0,117,101,CH,0.0,163.0,-87.0,-64.0,67.0,49.0,200.0,105.0,let go,,False,94
607625,Seth Lugo,2026,1989-11-17,R,Kansas City Royals,32,32,172.33333333333334,134,54,99,200,23,0,0,0,0,0,7,9,5.17,1.47,751,2858,14,0.107,0.187,16.58,0.0,0.335,263.33333333333337,8.229166666666668,1.528046421663443,36.6,True,seth lugo,36.0,751.0,17.8,7.2,0.276,0.453,0.361,0.343,5.09,0.336,0.177,0.409,0.386,89.7,14.3,36.6,8.0,42.8,78.875193199,64.7,13.6,25.3,32.5,67.5,86.4,51.9,41.8,8.3,72.5,18.7,45.8,64.4,41.2,29.4,24.9,4.5,39.2,-29.0,-11.292637235777487,-18.494731670745654,1.0845245170313313,2858.0,1481.0,1120.0,257.0,14.0,5.17,R,5.0,18.294224925268924,16.342553187033566,0.34203343462387625,-0.7953394123937427,23.3,0.6,3.0,Sinker,"Sinker 19% (13% whiff), Curveball 18% (23% whiff), 4-Seam Fastball 16% (15% whiff), Cutter 16% (23% whiff), Sweeper 11% (17% whiff), Slider 9% (23% whiff), Changeup 9% (15% whiff)",91.6,91.6,91.4,3.0792619910858305,58.0,7.0,1.0,44.0,0.0,,29.2,85.6,96.6,85.6,7.605232049758023,12.626262626262625,4,117,-4.397095959595957,-3.0,-0.10000000000000853,0.0,8.794701280366326,5.39,False,8.450501545191228,-0.7568115693095502,7.693689975881678,21.0,0.93,162.0,119,205,FA,0.0,162.0,-88.0,-65.0,66.0,51.0,201.0,104.0,let go,,False,95
672456,Keider Montero,2026,2000-07-06,R,Detroit Tigers,32,25,155.0,107,37,60,124,17,0,0,0,1,0,10,9,3.48,1.04,625,2305,9,0.112,0.184,14.87,0.0,0.236,238.0,9.52,1.5354838709677419,26.0,True,keider montero,25.0,625.0,17.1,5.9,0.231,0.381,0.275,0.29,3.52,0.282,0.15,0.301,0.32,88.5,16.8,30.5,7.2,36.4,78.321199402,66.9,13.3,26.9,32.0,68.0,86.7,52.1,43.4,8.2,69.7,18.4,47.7,62.3,40.2,27.2,20.6,12.0,36.2,22.0,16.90427755333433,1.4118567749411297,3.995607771115516,2305.0,1220.0,770.0,314.0,9.0,3.48,R,5.0,18.158000007410003,16.460900001695503,0.29042299997388504,0.9505999988470002,27.9,1.7,4.0,4-Seam Fastball,"4-Seam Fastball 31% (14% whiff), Sinker 22% (10% whiff), Slider 19% (28% whiff), Curveball 14% (20% whiff), Changeup 14% (28% whiff)",94.7,94.3,94.7,3.3408901275694016,75.0,0.0,0.0,0.0,0.0,,0.0,95.7,101.9,96.3,9.159086496102708,10.555555555555557,3,53,-1.0355555555555576,5.1000000000000085,0.7999999999999972,0.3,8.12198564968369,,False,8.88814267708159,0.06216787180307812,8.950310548884667,18.0,1.0,161.0,120,147,CS,0.0,161.0,-89.0,-66.0,66.0,52.0,201.0,104.0,let go,,False,96
656605,Mitch Keller,2026,1996-04-04,R,Pittsburgh Pirates,22,22,115.66666666666667,89,42,68,117,15,0,0,0,0,0,6,8,5.29,1.37,503,1887,9,0.093,0.205,16.31,0.0,0.292,172.66666666666669,7.8484848484848495,1.4927953890489916,30.2,True,mitch keller,30.0,503.0,17.7,8.3,0.288,0.455,0.334,0.355,5.51,0.358,0.166,0.364,0.394,89.5,13.9,38.7,7.4,42.3,78.627953315,66.5,13.0,29.4,36.5,63.5,87.0,48.5,42.6,8.0,71.5,20.5,47.4,60.2,37.9,25.8,29.9,6.3,34.1,-13.0,-0.04592326887433257,-9.353578960183647,-3.2461287285425415,1887.0,1065.0,653.0,169.0,9.0,5.29,R,3.0,20.9257742389806,15.673026984204608,0.35676923072489053,-0.6854145891129848,36.5,1.4,2.0,4-Seam Fastball,"4-Seam Fastball 32% (17% whiff), Sinker 17% (15% whiff), Sweeper 16% (24% whiff), Slider 10% (22% whiff), Curveball 9% (36% whiff), Changeup 9% (26% whiff), Cutter 7% (20% whiff)",93.3,93.3,92.3,2.4065182840432433,126.0,55.0,1.0,55.0,1.0,Right arm teres major muscle injury,55.0,87.8,96.0,87.4,7.869907697826381,12.604166666666668,6,169,-4.755681818181818,-5.6000000000000085,-0.7999999999999972,0.1,9.02561456366149,5.26,False,8.674397487770026,-0.19893718976984992,8.475460298000176,19.0,1.0,161.0,120,170,Dan,0.0,161.0,-89.0,-66.0,66.0,52.0,201.0,104.0,let go,,False,97
681293,Spencer Arrighetti,2026,2000-01-02,R,multi,24,19,110.66666666666667,106,64,61,89,18,0,0,0,0,0,9,9,4.96,1.38,492,1942,6,0.085,0.255,17.55,0.0,0.248,179.66666666666669,9.456140350877194,1.6234939759036147,26.5,True,spencer arrighetti,26.0,492.0,21.5,13.0,0.239,0.412,0.329,0.349,5.3,0.363,0.174,0.347,0.378,86.9,18.2,36.6,9.2,31.4,76.037551325,61.5,16.0,26.1,43.7,56.3,84.0,44.9,41.9,6.2,68.3,25.5,42.0,55.1,36.6,31.4,23.9,8.2,46.7,-8.0,-7.87695755240868,-2.172885180570088,2.232800632493533,1942.0,881.0,906.0,155.0,6.0,4.96,R,4.0,26.17701610739708,20.699899186492548,0.349057459757717,-0.3433467751410477,39.0,0.4,1.0,Changeup,"Curveball 34% (39% whiff), 4-Seam Fastball 29% (20% whiff), Sweeper 12% (26% whiff), Sinker 10% (11% whiff), Changeup 7% (26% whiff), Cutter 7% (15% whiff)",92.4,92.4,92.2,2.1472768135212017,120.0,27.0,1.0,172.0,0.0,Right foot nerve irritation,114.0,97.3,83.7,95.1,8.984094174246792,10.107142857142858,2,54,-0.6510025062656641,,,0.1,9.257236715371388,,True,9.296845551471913,0.03108393590153906,9.327929487373451,17.0,1.0,159.0,122,114,LTTA,0.0,159.0,-91.0,-68.0,65.0,52.0,201.0,109.0,let go,,False,98
641927,Bailey Ober,2026,1995-07-12,R,Minnesota Twins,25,24,131.0,96,37,65,133,21,1,1,0,1,0,7,7,4.47,1.3,561,2099,6,0.105,0.203,16.02,0.0,0.278,204.0,8.5,1.5572519083969465,31.0,True,bailey ober,30.0,561.0,17.1,6.6,0.255,0.457,0.326,0.33,4.66,0.307,0.202,0.365,0.371,89.0,21.4,30.6,9.9,38.1,78.088974171,69.2,13.9,29.9,34.5,65.5,86.1,49.1,41.5,8.4,80.7,20.3,49.2,60.4,34.8,32.7,20.5,12.0,46.6,-3.0,-6.052608110667143,11.131163423070163,-7.6093756568149304,2099.0,727.0,676.0,696.0,6.0,4.47,R,4.0,20.61264368960233,15.650365733749776,0.3181159873359833,0.18380355513561722,43.1,3.3,2.0,Sweeper,"Changeup 34% (22% whiff), 4-Seam Fastball 32% (15% whiff), Slider 18% (13% whiff), Sweeper 12% (43% whiff)",88.5,88.0,88.5,3.5278575197272195,99.0,39.0,1.0,70.0,0.0,Right elbow inflammation,57.599999999999994,86.0,96.2,86.1,7.673814862336096,12.021505376344084,6,139,-3.5215053763440842,-5.599999999999994,-1.7999999999999972,0.0,8.934135709771514,5.46,False,8.542926488238844,-0.24867148721231247,8.294255001026531,19.0,1.0,158.0,123,185,FA,0.0,158.0,-92.0,-69.0,65.0,55.0,200.0,111.0,let go,,False,99
687570,Connor Prielipp,2026,2001-01-10,L,Minnesota Twins,24,22,125.66666666666667,128,44,68,118,14,0,0,0,0,0,6,7,4.87,1.29,535,2067,4,0.157,0.236,16.45,0.0,0.308,201.66666666666669,9.166666666666668,1.6047745358090186,25.5,True,connor prielipp,25.0,535.0,23.9,8.2,0.237,0.381,0.313,0.306,3.95,0.309,0.144,0.371,0.36,89.8,12.3,34.1,6.5,41.1,79.85165908,65.9,14.1,30.4,43.4,56.9,85.9,49.0,39.8,7.8,78.3,23.6,47.8,65.0,43.4,27.3,24.2,5.1,33.8,-2.0,-6.809901163362351,6.2365943440235245,-1.02595867482182,2067.0,862.0,998.0,207.0,4.0,4.87,L,5.0,24.669199996053997,18.913200003033996,0.31355799997520994,-0.44909999985450005,39.2,0.7,1.0,Slider,"Slider 30% (32% whiff), 4-Seam Fastball 27% (16% whiff), Curveball 18% (39% whiff), Sinker 14% (12% whiff), Changeup 10% (22% whiff)",95.6,95.6,95.1,2.1882482166250963,101.0,17.0,1.0,17.0,0.0,Left middle finger blister,17.0,97.0,97.4,97.1,9.26855234457024,9.166666666666668,1,22,0.0,,,3.0,8.675526126748952,5.71,False,9.178740162053877,0.09325180770461718,9.271991969758494,17.0,1.0,158.0,123,119,FA,0.0,158.0,-92.0,-69.0,65.0,54.0,202.0,111.0,let go,,False,100
641743,Anthony Kay,2026,1995-03-21,L,Chicago White Sox,32,30,153.0,125,54,77,156,21,0,0,0,0,0,9,9,4.53,1.37,689,2714,6,0.103,0.229,17.74,0.0,0.295,225.0,7.5,1.4705882352941178,31.3,True,anthony kay,31.0,689.0,18.1,7.8,0.263,0.419,0.34,0.342,5.05,0.349,0.156,0.368,0.371,88.4,12.5,34.2,8.3,39.0,76.645339153,65.1,13.3,32.7,38.0,62.0,86.7,44.2,41.2,6.4,70.5,22.9,47.0,60.1,43.3,22.5,25.8,8.5,46.0,-13.0,-1.518087497987433,-7.32193569229429,-4.039238784550293,2714.0,1529.0,806.0,379.0,6.0,4.53,L,5.0,23.73946054022301,14.61828171947084,0.3419860139401437,-0.4505494516450583,33.3,0.3,1.0,Sinker,"Sweeper 23% (33% whiff), 4-Seam Fastball 22% (20% whiff), Sinker 17% (17% whiff), Cutter 17% (18% whiff), Changeup 14% (29% whiff), Slider 6% (26% whiff)",95.8,95.8,95.2,2.2811072429571815,83.0,0.0,0.0,0.0,0.0,,0.0,92.8,100.9,92.9,8.66428827730756,7.5,1,35,0.0,,,0.1,7.802193243121683,5.1,False,8.517946587620628,-0.26732184875323595,8.250624738867392,19.0,1.0,157.0,125,190,GK,0.0,157.0,-93.0,-70.0,65.0,55.0,200.0,110.0,let go,,False,101
683004,Jack Leiter,2026,2000-04-21,R,Texas Rangers,15,15,80.0,83,35,47,80,14,0,0,0,0,0,3,7,5.29,1.44,355,1397,2,0.135,0.254,17.46,0.0,0.301,124.0,8.266666666666667,1.55,26.2,True,jack leiter,26.0,355.0,23.4,9.9,0.257,0.43,0.34,0.336,4.86,0.338,0.173,0.401,0.395,88.0,16.2,37.8,10.3,39.9,76.339515,66.9,15.8,30.4,44.8,55.2,84.2,48.0,42.9,6.7,67.7,25.4,47.9,56.3,37.3,31.3,24.5,6.9,39.5,-11.0,-1.6383762785241631,-4.464216180636092,-4.687801431624846,1397.0,777.0,377.0,243.0,2.0,5.29,R,3.0,24.74173054818329,20.532311069264452,0.33748302305978634,-0.561117197146127,33.1,0.0,0.0,4-Seam Fastball,"4-Seam Fastball 38% (22% whiff), Slider 18% (33% whiff), Changeup 17% (30% whiff), Cutter 10% (22% whiff), Sinker 7% (6% whiff)",96.7,96.7,95.7,2.9743736623919825,158.0,98.0,1.0,121.0,0.0,,111.8,102.6,96.1,101.8,9.961096855309053,9.47126436781609,2,50,-1.2045977011494227,-1.3000000000000114,-0.5999999999999943,0.2,8.95078195843165,5.33,False,9.622386600453781,0.049734297442462536,9.672120897896244,16.0,1.0,155.0,126,95,FA,0.0,155.0,-95.0,-72.0,64.0,55.0,204.0,106.0,let go,,False,102
675911,Spencer Strider,2026,1998-10-28,R,Atlanta Braves,8,8,39.0,46,20,23,33,9,0,0,0,0,0,4,2,5.31,1.36,165,691,2,0.158,0.307,17.72,0.0,0.27,70.0,8.75,1.794871794871795,27.7,True,spencer strider,,,,,,,,,,,,,,,,,,,,,,,,,,,,,,,,,,,,,,,,,,,,,,,,,3.0,29.81337794566317,21.25719064518219,0.3000546263677103,-1.0837235222394974,48.6,-0.1,0.0,Curveball,"4-Seam Fastball 48% (18% whiff), Slider 28% (40% whiff), Curveball 14% (49% whiff)",,,,4.162662810774675,205.0,145.0,2.0,371.0,0.0,Left oblique muscle strain; Right elbow inflammation,228.1,,,,,,3,83,,,,15.3,10.311375488063629,,False,10.374742855398418,-0.04351751026215464,10.331225345136264,15.0,1.0,155.0,126,56,GK,0.0,155.0,-95.0,-72.0,64.0,57.0,204.0,106.0,let go,,False,103
527048,Martín Pérez,2026,1991-04-04,L,Atlanta Braves,30,26,142.0,102,62,48,119,14,0,0,0,0,0,9,9,3.04,1.27,596,2244,6,0.067,0.211,15.8,0.0,0.254,220.0,8.461538461538462,1.5492957746478873,35.2,True,martin perez,35.0,596.0,17.1,10.4,0.262,0.386,0.298,0.326,4.54,0.342,0.124,0.309,0.347,87.9,9.4,34.0,4.7,35.0,76.464463636,61.8,13.4,27.4,35.3,64.7,86.6,45.2,46.3,5.7,76.0,21.1,43.0,60.1,47.6,21.4,24.9,6.1,47.6,9.0,3.2716549068631084,1.3467441229641042,4.777131950958166,2244.0,1386.0,162.0,696.0,6.0,3.04,L,3.0,19.91274175308507,18.026507396837864,0.3286200227544254,0.576791808611632,35.0,0.8,2.0,Sinker,"Sinker 35% (8% whiff), Changeup 31% (35% whiff), Cutter 22% (18% whiff)",89.9,89.9,89.3,3.3494457908853006,86.0,19.0,2.0,175.0,0.0,Left forearm contusion,103.3,91.1,103.9,91.7,8.484449612706031,12.885416666666668,6,136,-4.423878205128206,-6.800000000000011,0.30000000000001137,0.3,8.225517653010666,,False,8.616630938218261,-0.5297765487852409,8.08685438943302,19.0,1.0,154.0,128,192,BAMBI,0.0,154.0,-96.0,-73.0,64.0,55.0,205.0,108.0,let go,,False,104
605280,Clay Holmes,2026,1993-03-27,R,multi,18,18,101.33333333333333,78,42,37,79,6,0,0,0,0,0,6,8,3.29,1.19,419,1613,7,0.086,0.219,15.92,0.0,0.253,170.33333333333331,9.462962962962962,1.6809210526315788,33.3,True,clay holmes,33.0,419.0,18.6,10.0,0.244,0.348,0.273,0.303,3.87,0.325,0.104,0.281,0.325,89.5,3.3,26.0,4.4,40.5,78.954358163,60.1,11.0,32.8,38.7,61.3,89.0,45.8,41.7,7.3,68.4,21.9,45.3,58.9,60.8,18.6,17.9,2.7,40.5,15.0,7.026160762045129,5.663553966709654,1.9019264149778496,1613.0,976.0,407.0,230.0,7.0,3.29,R,4.0,20.901085804989854,16.936373517105867,0.3159239955486471,1.1348534193926016,39.1,1.6,3.0,Changeup,"Sinker 50% (12% whiff), Sweeper 18% (29% whiff), Changeup 14% (31% whiff), Cutter 10% (39% whiff)",93.1,93.0,93.1,8.788084464312455,129.0,84.0,1.0,84.0,1.0,Right fibula fracture,84.0,99.7,95.1,99.1,9.568387485260201,9.462962962962962,2,49,0.0,2.299999999999997,-0.6000000000000085,0.4,8.79712508061084,5.63,False,9.37186504852682,-0.39165759235939196,8.980207456167427,17.0,1.0,153.0,129,144,CJF,0.0,153.0,-97.0,-74.0,64.0,56.0,204.0,110.0,let go,,False,105
518876,Merrill Kelly,2026,1988-10-14,R,Arizona Diamondbacks,29,29,162.0,113,70,89,166,28,1,0,0,0,0,10,14,4.94,1.46,704,2621,9,0.061,0.216,16.18,0.0,0.285,232.0,8.0,1.4320987654320987,37.7,True,merrill kelly,37.0,704.0,16.1,9.9,0.292,0.51,0.35,0.377,6.35,0.364,0.218,0.378,0.415,89.6,13.4,37.8,11.0,41.5,78.418128196,68.4,11.6,35.1,36.3,63.7,88.4,43.0,44.5,4.8,74.8,21.6,49.4,61.9,41.5,26.7,26.6,5.2,45.0,-17.0,-16.0609947944638,0.7368818957652353,-1.7649749655492548,2621.0,1326.0,565.0,725.0,9.0,4.94,R,5.0,20.763999996316002,14.490699999455801,0.387488999921066,-0.7562999998622001,34.6,0.9,1.0,Curveball,"Changeup 28% (31% whiff), 4-Seam Fastball 28% (14% whiff), Cutter 13% (13% whiff), Curveball 12% (21% whiff), Slider 10% (35% whiff), Sinker 10% (8% whiff)",92.4,92.1,92.4,3.620506537924674,79.0,20.0,1.0,130.0,0.0,,53.0,86.0,113.2,87.2,7.840885433574803,12.388888888888888,6,164,-4.3888888888888875,-12.900000000000006,0.10000000000000853,0.1,8.53967029151892,5.59,False,8.450731489782699,-0.9351962282929362,7.515535261489763,20.0,0.93,150.0,130,216,FA,0.0,150.0,-100.0,-77.0,63.0,59.0,207.0,106.0,let go,,False,106
694297,Brandon Pfaadt,2026,1998-10-15,R,Arizona Diamondbacks,29,19,136.0,94,32,57,129,14,0,0,0,0,2,8,3,3.77,1.18,562,2033,8,0.11,0.213,14.95,0.0,0.277,205.0,10.789473684210526,1.5073529411764706,27.7,True,brandon pfaadt,27.0,562.0,16.7,5.7,0.252,0.394,0.299,0.305,3.92,0.302,0.142,0.33,0.337,88.5,13.1,32.8,7.2,34.9,78.126912617,68.4,12.1,32.1,39.8,60.2,87.9,48.3,43.3,7.4,71.3,21.3,49.6,66.4,45.3,22.3,23.3,9.1,43.3,13.0,11.215763615610719,2.247864601428569,-0.23014005966348344,2033.0,1120.0,588.0,324.0,8.0,3.77,R,6.0,21.46926927726165,15.455455459026297,0.2995885885720405,0.7498498501510521,34.0,2.6,4.0,Cutter,"4-Seam Fastball 26% (14% whiff), Sinker 17% (10% whiff), Changeup 16% (23% whiff), Curveball 15% (34% whiff), Sweeper 14% (32% whiff), Cutter 12% (24% whiff)",93.2,93.2,93.1,2.9189342409492065,98.0,0.0,0.0,0.0,0.0,,0.0,92.7,112.0,94.5,8.888512140724728,10.789473684210526,4,102,0.0,0.4000000000000057,-0.3999999999999915,0.1,8.404297129754898,,False,8.883334602270178,-0.04351751026215464,8.839817092008024,17.0,1.0,150.0,130,155,Dpf,0.0,150.0,-100.0,-77.0,63.0,60.0,207.0,106.0,let go,,False,107
640455,Sean Manaea,2026,1992-02-01,L,New York Mets,32,18,144.66666666666666,141,43,75,145,23,0,0,0,0,0,6,7,4.67,1.3,627,2393,7,0.156,0.225,16.54,0.0,0.305,238.66666666666663,13.259259259259258,1.649769585253456,34.4,True,sean manaea,34.0,627.0,22.5,6.9,0.254,0.443,0.343,0.335,4.82,0.324,0.189,0.407,0.395,89.2,14.8,35.1,11.1,41.9,77.615102714,68.3,15.6,31.3,38.4,61.6,84.4,51.7,42.6,8.2,76.6,22.5,50.4,60.1,40.3,30.4,23.7,5.6,40.7,-15.0,0.20316671902457695,-12.615693500130467,-2.49031130570182,2393.0,1555.0,734.0,104.0,7.0,4.67,L,3.0,22.0090999924545,18.654799988626003,0.33782200008189006,-0.7367000026165,30.9,0.4,1.0,4-Seam Fastball,"4-Seam Fastball 38% (22% whiff), Sweeper 31% (31% whiff), Sinker 20% (7% whiff), Cutter 8% (27% whiff), Changeup 4% (15% whiff)",91.3,91.3,90.4,4.7914683366050745,74.0,0.0,0.0,108.0,0.0,,64.8,92.9,101.3,93.3,8.72436289309312,19.666666666666668,6,132,-6.40740740740741,-10.699999999999989,-0.4000000000000057,0.0,9.420374691256779,,False,9.245605172275143,-0.460042251342778,8.785562920932366,17.0,1.0,149.0,133,158,FA,0.0,149.0,-101.0,-78.0,63.0,60.0,208.0,104.0,let go,,False,108
665795,Edward Cabrera,2026,1998-04-13,R,Chicago Cubs,18,15,80.0,71,36,53,83,16,0,0,0,0,0,5,5,5.96,1.49,350,1353,4,0.1,0.265,16.91,0.0,0.3,114.0,7.6,1.425,28.2,True,edward cabrera,28.0,350.0,20.3,10.3,0.273,0.454,0.355,0.352,5.4,0.352,0.181,0.406,0.402,90.9,11.0,35.4,11.7,42.5,80.425870763,68.6,13.4,32.0,47.6,52.4,86.6,42.8,40.0,6.9,69.9,26.5,47.7,57.7,44.6,23.8,26.7,5.0,47.5,-9.0,-9.48154345209608,0.3064368266599682,-0.1728438462242906,1353.0,516.0,423.0,414.0,4.0,5.96,R,5.0,26.592607397739222,17.61598401290717,0.34297902095814675,-0.5329670335016632,45.3,0.4,2.0,Curveball,"Changeup 30% (32% whiff), Sinker 21% (7% whiff), Curveball 20% (34% whiff), 4-Seam Fastball 17% (20% whiff), Slider 12% (45% whiff)",96.5,96.2,96.5,3.3791406267042965,169.0,91.0,3.0,208.0,0.0,Left hamstring strain; Right middle finger blister,136.9,99.2,89.2,97.5,9.337097892121724,10.064102564102562,5,102,-2.4641025641025625,-7.8999999999999915,-0.5,0.1,9.146496966633126,5.33,False,9.414461834864051,-0.0746014461636937,9.339860388700357,16.0,1.0,149.0,133,112,FA,0.0,149.0,-101.0,-78.0,63.0,62.0,207.0,104.0,let go,,False,109
687075,Brandon Sproat,2026,2000-09-17,R,Milwaukee Brewers,22,19,97.0,101,52,60,88,17,0,0,0,0,0,3,7,5.57,1.44,422,1754,4,0.116,0.25,18.08,0.0,0.296,154.0,8.105263157894736,1.5876288659793814,25.8,True,brandon sproat,25.0,422.0,23.9,12.3,0.245,0.407,0.352,0.341,5.02,0.357,0.163,0.406,0.388,90.0,13.1,34.7,8.6,42.7,79.511800551,66.8,17.0,25.4,45.0,55.0,83.0,49.3,41.9,7.6,74.8,25.0,45.6,57.8,43.2,27.8,23.2,5.8,37.5,-16.0,-6.608816574373733,-9.164230795796495,-0.12069883602494093,1754.0,1245.0,345.0,137.0,4.0,5.57,R,4.0,24.93923925782239,18.050650646742838,0.3461921921540009,-0.9335335352340329,40.3,0.1,1.0,4-Seam Fastball,"Sinker 26% (17% whiff), 4-Seam Fastball 25% (23% whiff), Cutter 21% (24% whiff), Sweeper 10% (40% whiff), Curveball 10% (32% whiff), Changeup 8% (32% whiff)",96.8,96.8,96.1,2.7317892298876663,139.0,0.0,0.0,0.0,0.0,,0.0,100.0,84.0,97.9,9.390645567779488,8.105263157894736,1,23,0.0,,,8.9,8.630609223892124,5.11,False,9.216560390374907,0.0746014461636937,9.2911618365386,16.0,1.0,149.0,133,116,FA,0.0,149.0,-101.0,-78.0,63.0,59.0,207.0,104.0,let go,,False,110
676962,Ben Brown,2026,1999-09-09,R,Chicago Cubs,20,8,68.0,65,19,14,45,2,0,0,1,1,2,4,2,1.85,0.94,265,1004,3,0.174,0.273,14.76,0.0,0.243,128.0,16.0,1.8823529411764706,26.8,True,ben brown,26.0,265.0,24.5,7.2,0.223,0.335,0.228,0.279,3.25,0.286,0.113,0.255,0.332,90.3,10.1,31.3,7.3,43.0,80.433868295,63.9,15.1,30.6,52.3,47.7,84.9,49.6,39.6,8.2,80.5,27.3,47.1,58.9,44.7,25.1,23.5,6.7,36.3,19.0,6.169297356373943,12.424605835757653,0.7216325030899886,1004.0,578.0,366.0,60.0,3.0,1.85,R,3.0,26.163124329873142,21.2063761942411,0.2849373007387759,1.9577045697416429,44.3,3.4,3.0,Curveball,"4-Seam Fastball 37% (16% whiff), Curveball 36% (44% whiff), Sinker 21% (13% whiff)",96.4,96.3,96.4,4.688545815578885,157.0,95.0,1.0,278.0,0.0,,149.9,113.6,92.1,112.5,11.509253511964467,,1,31,,10.799999999999997,0.6000000000000085,20.7,9.528465379584944,,False,10.597870242755528,0.01243357436061558,10.610303817116144,14.0,1.0,149.0,133,47,FA,0.0,149.0,-101.0,-78.0,63.0,60.0,207.0,104.0,let go,,False,111
579328,Yusei Kikuchi,2026,1991-06-17,L,Los Angeles Angels,13,13,62.666666666666664,60,29,34,68,7,0,0,0,0,0,1,6,4.88,1.55,282,1112,3,0.11,0.239,17.74,0.0,0.332,100.66666666666666,7.743589743589743,1.606382978723404,35.0,True,yusei kikuchi,35.0,282.0,21.3,10.3,0.264,0.435,0.349,0.343,5.09,0.343,0.171,0.404,0.394,91.1,12.4,33.5,8.9,46.1,80.091076354,70.0,17.0,25.8,43.6,56.4,83.0,51.3,42.4,8.9,78.8,23.9,48.5,62.8,42.4,22.0,27.2,8.4,46.1,-6.0,-3.2040188028212384,-1.751339786299265,-0.992366778397106,1112.0,525.0,396.0,191.0,3.0,4.88,L,3.0,25.52472727894039,18.873090912946335,0.31904121215378956,-0.2574545458516804,32.9,0.2,1.0,4-Seam Fastball,"4-Seam Fastball 41% (21% whiff), Slider 24% (28% whiff), Split-Finger 17% (33% whiff)",95.7,95.7,,2.972648650085406,183.0,112.0,1.0,112.0,0.0,,112.0,101.0,89.5,99.4,9.610039947392115,10.958333333333332,6,159,-3.2147435897435894,1.7999999999999972,0.9000000000000057,0.0,9.482447265157349,4.82,False,9.68763767389008,-0.49734297442462494,9.190294699465456,16.0,1.0,147.0,136,128,FA,0.0,147.0,-103.0,-80.0,62.0,62.0,206.0,105.0,let go,,False,112
804267,Zac Thornton,2026,2002-01-17,L,New York Mets,15,15,84.33333333333333,63,18,32,78,14,0,0,0,0,0,5,6,3.42,1.14,337,1257,8,0.134,0.178,14.91,0.0,0.269,147.33333333333331,9.822222222222221,1.7470355731225296,24.4,True,zac thornton,24.0,337.0,18.7,5.3,0.261,0.444,0.312,0.325,4.51,0.306,0.184,0.358,0.374,89.0,15.7,36.0,9.5,41.1,77.77895352,71.3,11.9,32.7,30.9,69.1,88.1,50.4,41.1,8.7,76.1,17.8,52.2,65.6,38.3,30.8,24.5,6.3,38.7,0.0,6.791927480012923,-4.428665966069246,-1.9285739095874006,1257.0,858.0,341.0,58.0,8.0,3.42,L,3.0,19.373929012245146,16.881395348805896,0.33100122400121795,-0.009302328228629917,25.0,0.8,3.0,4-Seam Fastball,"Cutter 30% (17% whiff), 4-Seam Fastball 25% (18% whiff), Sweeper 17% (25% whiff), Slider 10% (20% whiff)",92.3,92.1,92.3,2.1973161120985085,145.0,0.0,0.0,0.0,0.0,,0.0,87.0,104.9,88.2,7.974419130220921,9.822222222222221,1,15,0.0,,,0.2,9.591130847414854,5.62,False,8.967849187991947,0.1616364666880032,9.12948565467995,16.0,1.0,146.0,137,133,CH,0.0,146.0,-104.0,-81.0,62.0,64.0,207.0,104.0,let go,,False,113
665152,Dean Kremer,2026,1996-01-07,R,multi,16,16,83.33333333333333,82,29,46,71,17,0,0,0,0,0,4,5,4.97,1.2,341,1392,4,0.155,0.288,16.7,0.0,0.255,135.33333333333331,8.458333333333332,1.6239999999999999,30.5,True,dean kremer,30.0,341.0,24.0,8.5,0.238,0.442,0.325,0.324,4.48,0.305,0.204,0.393,0.39,88.0,16.1,38.4,9.6,35.8,76.802067456,65.8,18.1,29.6,48.2,51.8,81.9,45.2,40.3,6.9,76.0,28.7,46.0,61.9,35.8,33.2,25.3,5.7,39.3,-4.0,-1.4129771900040364,-4.043287826016427,1.4921880348348413,1392.0,841.0,191.0,359.0,4.0,4.97,R,5.0,26.675760644950508,17.494421902056686,0.34256490878313944,-0.6058823534184465,38.4,0.7,1.0,Cutter,"4-Seam Fastball 27% (17% whiff), Split-Finger 26% (38% whiff), Cutter 18% (35% whiff), Sinker 14% (12% whiff), Curveball 13% (26% whiff)",92.8,92.8,92.1,3.907601350501313,151.0,69.0,1.0,109.0,0.0,,81.0,99.6,95.2,99.1,9.563540165428655,10.349206349206348,6,135,-1.8908730158730158,3.1999999999999886,-0.5,0.0,8.784217655369826,5.21,False,9.364013123506473,-0.2175875513107734,9.1464255721957,16.0,1.0,146.0,137,131,CH,0.0,146.0,-104.0,-81.0,62.0,63.0,209.0,104.0,let go,,False,114
605488,Jeffrey Springs,2026,1992-09-20,L,Athletics,29,29,142.66666666666666,112,57,98,152,35,0,0,0,0,0,4,14,6.18,1.46,630,2464,5,0.087,0.229,17.27,0.0,0.278,176.66666666666666,6.091954022988506,1.2383177570093458,33.8,True,jeffrey springs,33.0,630.0,17.8,9.0,0.253,0.45,0.369,0.339,4.95,0.327,0.197,0.415,0.373,87.6,16.8,36.2,9.5,34.9,76.270514598,65.4,16.0,30.0,36.0,64.0,84.0,46.3,42.0,6.6,71.0,22.9,46.4,58.7,34.6,33.1,25.9,6.4,37.9,-32.0,-16.452929760390944,-10.691442609688377,-5.18665307737364,2464.0,1169.0,680.0,615.0,5.0,6.18,L,3.0,22.666557023355622,16.36030701931917,0.34089583331942164,-1.3326754384890063,35.4,-0.7,0.0,Changeup,"4-Seam Fastball 44% (16% whiff), Changeup 25% (35% whiff), Slider 23% (22% whiff)",91.3,91.3,,2.197579950753846,122.0,15.0,1.0,171.0,0.0,,61.8,87.3,96.9,87.2,7.839894730880026,10.653333333333334,3,94,-4.561379310344829,-8.400000000000006,0.5999999999999943,0.0,7.534450585190178,4.92,False,8.015737835448489,-0.42274152826093103,7.5929963071875575,19.0,1.0,144.0,139,211,FA,0.0,144.0,-106.0,-83.0,62.0,64.0,211.0,104.0,let go,,False,115
592791,Jameson Taillon,2026,1991-11-18,R,multi,18,18,86.0,76,32,54,85,27,0,0,0,0,0,2,6,5.65,1.36,370,1443,4,0.119,0.265,16.78,0.0,0.249,124.0,6.888888888888889,1.441860465116279,34.6,True,jameson taillon,34.0,370.0,20.5,8.6,0.261,0.532,0.364,0.367,5.96,0.327,0.271,0.427,0.432,89.2,18.7,36.9,14.6,39.6,77.992759077,65.8,16.0,30.1,45.6,54.4,84.0,45.4,41.2,6.4,77.4,26.5,46.3,55.7,34.2,38.1,20.8,6.9,46.9,-17.0,-17.152746159116838,3.1439198456228663,-2.964180412826158,1443.0,807.0,409.0,227.0,4.0,5.65,R,5.0,25.974167504999997,18.467204837736404,0.38504944498759175,-1.1730575181247782,33.8,1.8,1.0,Sweeper,"4-Seam Fastball 27% (23% whiff), Cutter 19% (26% whiff), Sweeper 16% (34% whiff), Changeup 16% (31% whiff), Curveball 11% (24% whiff), Sinker 10% (15% whiff)",91.9,91.8,91.9,3.340167950078605,158.0,87.0,3.0,167.0,0.0,Right forearm tendinits; Right elbow inflammation,128.70000000000002,93.6,93.5,92.6,8.619102061682831,10.511904761904763,6,159,-3.6230158730158735,3.3999999999999915,-0.3999999999999915,0.0,8.79017270100854,4.78,False,8.923840281467006,-0.4724758257033938,8.451364455763613,17.0,1.0,144.0,139,172,FA,0.0,144.0,-106.0,-83.0,62.0,66.0,209.0,104.0,let go,,False,116
677944,Slade Cecconi,2026,1999-06-24,R,Cleveland Guardians,28,21,121.0,99,39,66,134,19,0,0,0,0,0,5,7,4.91,1.43,528,2003,5,0.114,0.208,16.55,0.0,0.313,174.0,8.285714285714286,1.43801652892562,27.0,True,slade cecconi,27.0,528.0,18.8,7.4,0.267,0.447,0.342,0.333,4.76,0.322,0.18,0.391,0.38,89.4,13.1,38.0,8.8,41.3,78.581288534,65.9,13.2,27.8,38.7,61.3,86.8,49.9,40.3,7.7,74.0,20.8,46.8,67.0,43.9,26.6,24.0,5.4,38.5,-8.0,-3.403582911416625,-2.8933640967757364,-2.006688101206402,2003.0,1454.0,506.0,43.0,5.0,4.91,R,4.0,20.046288220926375,15.394759817168344,0.3356211789311071,-0.4623362434370292,30.4,1.4,1.0,Slider,"4-Seam Fastball 27% (18% whiff), Cutter 26% (23% whiff), Sinker 20% (11% whiff), Curveball 15% (29% whiff), Slider 5% (30% whiff)",93.5,93.5,93.5,2.963138877909765,125.0,0.0,0.0,51.0,0.0,,30.599999999999998,89.5,99.5,89.8,8.20815705589487,9.652173913043478,3,61,-1.366459627329192,-6.0,-0.7999999999999972,0.3,8.01951745313402,,False,8.398058307268226,-0.0,8.398058307268226,17.0,1.0,143.0,141,177,FA,0.0,143.0,-107.0,-84.0,61.0,67.0,208.0,104.0,let go,,False,117
669199,Lake Bachar,2026,1995-06-03,R,multi,52,12,85.0,89,36,33,61,13,0,0,1,2,2,1,4,3.49,1.14,352,1419,0,0.151,0.297,16.69,0.0,0.231,138.0,11.5,1.6235294117647059,31.1,True,lake bachar,31.0,352.0,25.3,10.2,0.203,0.35,0.287,0.289,3.5,0.293,0.148,0.327,0.331,88.9,17.4,29.9,7.7,34.4,78.799190367,65.2,19.9,28.6,48.0,52.0,80.1,45.1,38.5,7.2,70.6,29.7,45.1,60.5,39.8,32.1,18.1,9.5,45.2,11.0,5.992677307597025,5.641289108305608,-0.5910326366903084,1419.0,492.0,823.0,104.0,0.0,3.49,R,4.0,31.185485722694928,22.92297142983785,0.29026971427076703,0.8154285711294694,39.7,2.0,3.0,Curveball,"4-Seam Fastball 30% (17% whiff), Slider 23% (40% whiff), Curveball 19% (38% whiff), Sweeper 16% (38% whiff)",94.4,94.4,93.2,4.001302681984521,150.0,0.0,0.0,0.0,0.0,,0.0,113.2,85.7,111.3,11.32651627343461,11.5,1,13,0.0,,,19.2,8.760016745998515,,False,10.180024591618096,-0.25488827439262035,9.925136317225476,14.0,1.0,139.0,142,79,FA,0.0,139.0,-111.0,-88.0,60.0,70.0,210.0,101.0,let go,,False,118
607536,Kyle Freeland,2026,1993-05-14,L,Colorado Rockies,25,25,131.33333333333334,106,29,96,170,27,1,0,0,0,0,4,11,6.58,1.52,593,2125,4,0.13,0.222,16.18,0.0,0.336,167.33333333333334,6.693333333333333,1.2741116751269035,33.1,True,kyle freeland,33.0,593.0,17.9,4.9,0.289,0.493,0.382,0.354,5.47,0.33,0.204,0.447,0.411,90.8,14.3,34.7,11.1,44.0,79.950922287,68.1,11.1,34.0,44.0,56.0,88.9,49.6,42.2,7.8,78.9,22.2,50.9,65.4,40.7,28.5,26.3,4.4,42.0,-26.0,-16.410075339146676,-5.697842757576404,-3.4499117971821867,2125.0,1160.0,679.0,286.0,4.0,6.58,L,5.0,22.135735737122708,17.00300300618817,0.351178178133064,-0.9708708695443192,33.5,1.9,2.0,Sweeper,"4-Seam Fastball 24% (13% whiff), Cutter 22% (19% whiff), Curveball 22% (34% whiff), Changeup 13% (22% whiff), Sweeper 11% (32% whiff), Sinker 9% (14% whiff)",91.4,91.4,91.3,5.705882351605883,130.0,35.0,2.0,112.0,0.0,,61.7,87.8,111.6,89.3,8.143038423234271,9.202898550724639,6,160,-2.5095652173913052,0.29999999999999716,-0.19999999999998863,0.1,7.426032969729142,5.25,False,8.110983826396449,-0.3792240179987766,7.731759808397673,18.0,1.0,139.0,142,202,FA,0.0,139.0,-111.0,-88.0,60.0,71.0,212.0,101.0,let go,,False,119
687273,Quinn Mathews,2026,2000-10-04,L,St. Louis Cardinals,9,9,49.333333333333336,46,20,21,48,5,0,0,0,0,0,2,4,3.83,1.38,211,867,3,0.123,0.268,17.57,0.0,0.314,86.33333333333334,9.592592592592593,1.75,25.7,True,quinn mathews,,,,,,,,,,,,,,,,,,,,,,,,,,,,,,,,,,,,,,,,,,,,,,,,,3.0,26.79788558309247,12.801741294894,0.31112935317613427,-0.3699004955103216,41.7,1.7,2.0,Slider,"4-Seam Fastball 40% (21% whiff), Slider 24% (27% whiff), Changeup 17% (42% whiff)",,,,4.226395942554314,200.0,0.0,0.0,0.0,0.0,,0.0,,,,,,0,9,,,,66.1,9.61046398343052,,False,9.743174615152048,0.0808182333440016,9.823992848496049,14.0,1.0,138.0,144,89,FA,0.0,138.0,-112.0,-89.0,60.0,70.0,214.0,99.0,let go,,False,120
669194,Ryne Nelson,2026,1998-02-01,R,Arizona Diamondbacks,18,15,86.33333333333333,64,24,46,83,18,0,0,0,0,0,3,5,4.8,1.24,368,1352,6,0.109,0.212,15.66,0.0,0.254,128.33333333333331,8.555555555555554,1.4864864864864864,28.4,True,ryne nelson,28.0,368.0,17.4,6.5,0.263,0.5,0.333,0.351,5.37,0.319,0.237,0.373,0.397,90.6,18.8,35.0,10.2,43.8,80.361222117,73.9,14.8,33.5,35.4,64.6,85.2,50.1,43.0,7.5,78.2,21.2,53.8,64.4,32.8,36.9,22.6,7.7,34.3,-7.0,-0.06742055830092786,-7.289822696076382,,1352.0,950.0,402.0,0.0,6.0,4.8,R,2.0,21.598377755741446,16.43476245654196,0.3444855155997027,-0.5667439193508323,26.8,0.3,1.0,4-Seam Fastball,"4-Seam Fastball 57% (20% whiff), Slider 20% (27% whiff), Curveball 10% (21% whiff)",96.3,96.3,95.3,5.23452012776641,156.0,89.0,1.0,117.0,0.0,,97.4,97.2,110.6,98.1,9.413024578219316,11.695652173913043,4,93,-3.1400966183574894,-4.200000000000003,0.5999999999999943,0.1,8.77674948842268,5.76,False,9.290224012495715,-0.08703502052430928,9.203188991971405,15.0,1.0,138.0,144,126,GLIZZY,0.0,138.0,-112.0,-89.0,60.0,71.0,212.0,99.0,let go,,False,121
663568,Stephen Kolek,2026,1997-04-18,R,Kansas City Royals,10,10,54.0,34,12,27,55,8,1,1,0,0,0,4,3,4.5,1.24,224,837,5,0.098,0.198,15.5,0.0,0.28,99.0,9.9,1.8333333333333333,29.2,True,stephen kolek,29.0,224.0,15.2,5.4,0.262,0.38,0.329,0.303,3.87,0.309,0.118,0.362,0.33,88.5,10.3,33.0,6.9,36.9,77.361764368,69.4,12.3,26.7,39.6,60.4,87.7,50.4,45.5,6.7,80.4,19.8,48.3,57.1,46.0,22.7,24.4,6.8,38.6,-1.0,-1.191764942260452,-0.7873213160035335,0.7204172786388326,837.0,522.0,215.0,100.0,5.0,4.5,R,4.0,19.69169860068098,12.527586216078744,0.30036526183593737,-0.044444443706541846,42.9,1.0,2.0,Slider,"4-Seam Fastball 28% (19% whiff), Sinker 22% (6% whiff), Slider 16% (43% whiff), Changeup 12% (16% whiff)",94.2,94.2,93.7,3.336200717528674,184.0,111.0,2.0,171.0,0.0,Right flexor strain,129.0,88.5,106.1,89.8,8.21197922304941,10.508771929824562,2,29,-0.6087719298245613,-2.9000000000000057,0.20000000000000284,0.1,9.904466104512034,5.4,False,9.214662301316263,-0.1367693179667718,9.077892983349491,15.0,1.0,136.0,147,136,FA,0.0,136.0,-114.0,-91.0,59.0,73.0,212.0,99.0,let go,,False,122
678394,Brayan Bello,2026,1999-05-17,R,Boston Red Sox,26,11,116.33333333333333,92,36,56,123,12,0,0,0,1,0,6,7,4.33,1.37,503,1906,2,0.111,0.248,16.38,0.0,0.313,160.33333333333331,14.575757575757574,1.3782234957020056,27.1,True,brayan bello,27.0,503.0,18.3,7.2,0.282,0.437,0.319,0.337,4.89,0.337,0.155,0.356,0.381,89.1,6.9,32.1,7.3,40.2,77.360368619,68.7,17.3,32.6,39.1,60.9,82.7,47.3,43.3,6.7,70.9,24.8,49.7,63.7,53.5,21.5,22.0,3.0,50.0,3.0,-3.584361005092922,3.1657202394231945,3.809418286690997,1906.0,1197.0,322.0,387.0,2.0,4.33,R,4.0,23.75601660665967,17.107157671850846,0.3497157676736734,-0.02365145506404841,47.1,1.5,3.0,Sweeper,"Sinker 40% (15% whiff), Changeup 20% (24% whiff), Cutter 16% (47% whiff), Sweeper 13% (30% whiff), 4-Seam Fastball 8% (11% whiff)",95.4,95.4,95.3,4.922350236480645,136.0,0.0,0.0,44.0,0.0,,21.0,102.5,109.7,103.2,10.151924140225905,14.575757575757574,5,108,0.0,9.0,0.10000000000000853,0.2,8.956136881312627,,False,9.714160100942959,-0.0062167871803079,9.70794331376265,14.0,1.0,136.0,147,93,FA,0.0,136.0,-114.0,-91.0,59.0,73.0,213.0,99.0,let go,,False,123
622663,Luis Severino,2026,1994-02-20,R,Athletics,12,12,62.666666666666664,65,31,29,61,9,0,0,0,0,0,2,6,4.16,1.47,271,1086,3,0.125,0.23,17.33,0.0,0.321,110.66666666666666,9.222222222222221,1.7659574468085106,32.4,True,luis severino,32.0,271.0,24.0,11.4,0.231,0.388,0.346,0.318,4.3,0.326,0.157,0.409,0.365,88.8,11.6,34.1,8.7,38.7,78.384796047,65.3,16.5,31.3,35.6,64.4,83.5,48.0,43.3,8.0,77.0,23.0,47.6,60.5,45.1,26.6,23.7,4.6,36.4,-6.0,-5.896382132374737,-0.7985505745135348,0.3383780184235998,1086.0,714.0,313.0,59.0,3.0,4.16,R,4.0,22.12879291216482,17.439756366822785,0.33134994462967915,-0.9015503875900316,28.8,-0.4,0.0,4-Seam Fastball,"Sweeper 25% (29% whiff), Sinker 24% (15% whiff), 4-Seam Fastball 21% (26% whiff), Cutter 21% (18% whiff)",96.9,96.9,96.3,3.5001841645615106,170.0,120.0,1.0,143.0,0.0,Right arm discomfort,133.8,98.7,94.6,98.1,9.422774551718904,11.052631578947368,5,109,-1.8304093567251467,6.700000000000003,0.8000000000000114,0.3,9.057377101737343,5.22,False,9.416102449877027,-0.33570650773662175,9.080395942140404,15.0,1.0,136.0,147,135,FA,0.0,136.0,-114.0,-91.0,59.0,72.0,213.0,99.0,let go,,False,124
625643,Reynaldo López,2026,1994-01-04,R,Atlanta Braves,26,13,79.33333333333333,73,34,40,80,11,0,0,0,0,1,4,5,4.54,1.44,346,1368,1,0.113,0.223,17.24,0.0,0.307,116.33333333333331,8.948717948717947,1.4663865546218486,32.5,True,reynaldo lopez,32.0,346.0,21.1,9.8,0.262,0.428,0.336,0.335,4.82,0.336,0.166,0.386,0.385,87.6,15.0,39.2,7.2,35.9,76.056520684,66.0,12.0,27.2,44.7,55.3,88.0,47.1,41.7,7.2,74.7,22.3,45.5,58.4,38.0,26.2,28.3,7.6,35.9,-4.0,3.612196457541297,-6.098442922577763,-1.338963960248373,1368.0,738.0,573.0,57.0,1.0,4.54,R,3.0,22.617879422813267,19.772765066509052,0.3390997920080048,-0.10748440766896761,34.7,0.6,2.0,4-Seam Fastball,"4-Seam Fastball 54% (16% whiff), Slider 31% (35% whiff), Curveball 11% (22% whiff)",94.2,94.2,,2.3705972520091882,166.0,50.0,2.0,262.0,0.0,Right shoulder inflammation,167.9,94.6,90.1,93.5,8.754562620686523,12.386666666666665,2,48,-3.437948717948718,-17.0,-1.2999999999999972,0.1,9.670461212349467,,True,9.367868248569414,-0.34192329491692963,9.025944953652484,15.0,1.0,135.0,149,138,FA,0.0,135.0,-115.0,-92.0,59.0,74.0,214.0,99.0,let go,,False,125
695076,Rhett Lowder,2026,2002-03-08,R,Cincinnati Reds,29,26,133.33333333333334,103,56,85,147,18,0,0,0,0,0,7,12,5.74,1.52,603,2296,7,0.078,0.186,17.22,0.0,0.309,179.33333333333334,6.897435897435898,1.345,24.3,True,rhett lowder,24.0,603.0,17.1,9.3,0.274,0.463,0.349,0.353,5.44,0.348,0.189,0.382,0.39,90.0,14.3,37.4,9.8,38.1,79.945296432,62.3,9.3,26.6,39.5,60.5,90.7,49.0,42.4,7.9,73.5,18.6,44.1,59.2,41.5,27.1,25.9,5.5,40.8,-17.0,5.05956448560144,-16.75556902060799,-5.195268315712719,2296.0,1156.0,679.0,461.0,7.0,5.74,R,4.0,18.51604938378169,15.704526748026641,0.3463251028690325,-0.680452674977561,31.7,0.3,1.0,Sinker,"Sinker 29% (7% whiff), Slider 27% (32% whiff), 4-Seam Fastball 21% (13% whiff), Changeup 21% (24% whiff)",93.6,93.6,93.0,4.397093024571623,121.0,25.0,1.0,211.0,0.0,Right shoulder pain,136.6,85.8,90.9,84.9,7.508122723947169,6.897435897435898,1,32,0.0,,,0.7,7.211288452359114,5.13,False,7.7205108371718065,0.16785325386831088,7.888364091040118,17.0,1.0,134.0,150,199,FA,0.0,134.0,-116.0,-93.0,59.0,72.0,214.0,99.0,let go,,False,126
663969,Tyler Phillips,2026,1997-10-27,R,Miami Marlins,37,20,126.66666666666667,101,56,47,112,17,0,0,1,2,0,5,6,3.34,1.33,538,2037,2,0.084,0.264,16.08,0.0,0.265,185.66666666666669,9.283333333333335,1.4657894736842105,28.7,True,tyler phillips,28.0,538.0,18.8,10.4,0.256,0.414,0.314,0.332,4.73,0.338,0.158,0.337,0.363,89.5,9.7,32.4,8.0,42.2,79.135979947,61.2,11.8,32.5,50.1,49.9,88.2,46.3,41.5,7.1,72.9,26.4,45.8,60.6,47.7,27.9,22.0,2.4,41.9,0.0,-12.342725156029557,5.861114605022305,6.587647039893328,2037.0,692.0,870.0,475.0,2.0,3.34,R,4.0,25.907614209098398,18.76131979248061,0.322270050806751,0.04131979430802127,40.4,1.9,3.0,Split-Finger,"Sinker 26% (6% whiff), Sweeper 24% (33% whiff), Split-Finger 24% (35% whiff), Curveball 17% (40% whiff), 4-Seam Fastball 8% (11% whiff)",96.1,96.1,95.5,2.658938246700108,113.0,0.0,0.0,0.0,0.0,,0.0,99.6,96.4,98.9,9.532286896274325,9.283333333333335,1,28,0.0,,,0.4,7.915474054584461,,False,8.97382747477558,-0.10568538206523276,8.868142092710348,15.0,1.0,133.0,152,154,GK,0.0,133.0,-117.0,-94.0,59.0,74.0,213.0,96.0,let go,,False,127
663623,Jake Irvin,2026,1997-02-18,R,Washington Nationals,22,20,106.66666666666667,110,48,65,100,20,0,0,0,0,0,2,10,5.48,1.39,470,1939,0,0.132,0.24,18.18,0.0,0.283,151.66666666666669,7.583333333333334,1.4218750000000002,29.4,True,jake irvin,29.0,470.0,23.4,10.2,0.252,0.457,0.338,0.351,5.37,0.343,0.204,0.393,0.412,89.5,16.9,35.3,10.9,44.9,77.948795033,67.5,18.0,25.0,40.8,59.2,82.0,50.9,41.6,8.6,80.1,24.0,46.6,62.6,38.0,28.7,23.8,9.6,39.9,-13.0,-12.95847050052083,0.7576466561018512,-0.7746695748962599,1939.0,1179.0,609.0,151.0,0.0,5.48,R,4.0,23.058099999251397,16.065500000807,0.349138999933166,-0.501000001194,36.3,1.7,1.0,Curveball,"4-Seam Fastball 30% (20% whiff), Curveball 24% (36% whiff), Sinker 19% (12% whiff), Cutter 11% (15% whiff), Sweeper 9% (25% whiff), Changeup 8% (29% whiff)",93.1,93.1,92.1,4.353153152834233,141.0,67.0,1.0,67.0,0.0,Right shoulder strain,67.0,96.5,87.9,95.0,8.963648509605068,9.565656565656564,4,110,-1.98232323232323,11.200000000000003,0.6999999999999886,0.1,7.414776434544107,5.33,False,8.490815129604698,-0.1492028923273874,8.34161223727731,16.0,1.0,133.0,152,181,FA,0.0,133.0,-117.0,-94.0,59.0,75.0,216.0,96.0,let go,,False,128
694477,Chad Patrick,2026,1998-08-14,R,Milwaukee Brewers,56,6,105.66666666666667,93,45,36,82,10,0,0,1,6,11,9,4,3.07,1.2,436,1704,1,0.11,0.262,16.13,0.0,0.258,163.66666666666669,27.277777777777782,1.548895899053628,27.9,True,chad patrick,27.0,437.0,21.3,10.5,0.237,0.378,0.294,0.313,4.15,0.324,0.141,0.32,0.348,88.7,16.5,32.4,6.1,36.9,77.528943099,68.0,19.8,29.3,39.7,60.3,80.2,47.5,42.5,7.1,81.8,26.2,47.7,62.8,39.9,29.7,20.5,9.9,34.5,13.0,16.82631391987507,-2.266315564658801,-1.1631813402266273,1704.0,1555.0,140.0,9.0,1.0,3.07,R,3.0,25.71567838586662,19.093266323142647,0.3114221105018206,0.7188944706778112,31.4,1.5,2.0,4-Seam Fastball,"Cutter 42% (30% whiff), 4-Seam Fastball 26% (31% whiff), Sinker 23% (14% whiff), Slurve 8% (22% whiff)",95.6,95.6,95.5,3.4674937983662963,133.0,0.0,0.0,0.0,0.0,,0.0,108.6,97.4,107.8,10.828393238282342,,1,29,,4.099999999999994,1.3999999999999915,0.2,9.564822889579938,,False,10.294403303230247,-0.055951084622770215,10.238452218607478,13.0,1.0,133.0,152,60,FA,0.0,133.0,-117.0,-94.0,59.0,75.0,215.0,96.0,let go,,False,129
663372,Ryan Feltner,2026,1996-09-02,R,Colorado Rockies,26,22,123.33333333333333,92,53,74,133,20,0,0,0,0,0,7,10,5.4,1.51,548,2049,5,0.071,0.236,16.61,0.0,0.297,161.33333333333331,7.333333333333332,1.308108108108108,29.8,True,ryan feltner,29.0,548.0,16.8,9.7,0.254,0.45,0.358,0.337,4.89,0.327,0.195,0.393,0.365,87.3,14.3,30.9,9.5,35.9,75.725484673,70.6,14.1,27.2,48.6,51.4,85.9,50.5,42.0,8.1,76.5,23.6,49.1,63.9,42.9,29.4,20.9,6.7,41.9,-17.0,-6.766876475296973,-11.812557540069726,1.5977535865787775,2049.0,870.0,798.0,381.0,5.0,5.4,R,5.0,23.368148148528313,15.032592591361942,0.3442518517764452,-1.0118518523182443,45.7,0.9,2.0,Sinker,"4-Seam Fastball 29% (13% whiff), Slider 23% (27% whiff), Changeup 18% (46% whiff), Sinker 14% (14% whiff), Sweeper 10% (17% whiff)",94.7,94.7,94.2,6.270531399542995,134.0,36.0,1.0,117.0,0.0,Right ulnar nerve inflammation,79.2,94.3,94.6,93.6,8.759678841440936,9.044444444444446,4,87,-1.711111111111114,,,0.1,7.5457445153434755,,True,8.451809294467429,-0.17407004104861878,8.27773925341881,16.0,1.0,132.0,154,186,FA,0.0,132.0,-118.0,-95.0,58.0,78.0,216.0,94.0,let go,,False,130
691946,George Klassen,2026,2002-01-26,R,Los Angeles Angels,6,6,27.0,24,21,11,23,2,0,0,0,0,0,2,2,3.67,1.63,125,491,2,0.024,0.313,18.19,0.0,0.273,48.0,8.0,1.7777777777777777,24.4,True,george klassen,,,,,,,,,,,,,,,,,,,,,,,,,,,,,,,,,,,,,,,,,,,,,,,,,2.0,34.02330935547249,19.442589930956576,0.3331338129291114,0.658417266450598,45.7,1.7,1.0,Slider,"4-Seam Fastball 38% (24% whiff), Slider 31% (46% whiff)",,,,4.904042554846086,222.0,28.0,1.0,28.0,0.0,,28.0,,,,,,0,6,,,,16.7,9.792126100371142,,False,9.906864357376604,0.1616364666880032,10.068500824064607,13.0,1.0,131.0,155,69,FA,0.0,131.0,-119.0,-96.0,58.0,77.0,216.0,92.0,let go,,False,131
669713,Hayden Wesneski,2026,1997-12-05,R,Houston Astros,11,11,61.0,46,20,22,49,4,0,0,0,0,0,6,2,3.25,1.13,246,898,5,0.106,0.236,14.72,0.0,0.26,105.0,9.545454545454545,1.721311475409836,28.6,True,hayden wesneski,28.0,246.0,18.7,8.1,0.247,0.363,0.281,0.301,3.81,0.312,0.116,0.301,0.331,88.0,11.0,33.1,5.1,39.9,76.220033596,66.7,13.6,34.4,39.9,60.1,86.4,45.5,37.1,8.2,79.7,23.6,49.1,69.1,44.9,19.7,27.0,8.4,42.7,7.0,-0.49833870899689586,4.0739252112635285,3.002176963408555,898.0,522.0,267.0,109.0,5.0,3.25,R,4.0,24.010483863430952,15.43882488253998,0.2991854839035231,0.9941244231837585,39.2,1.8,3.0,Sweeper,"Sweeper 30% (39% whiff), 4-Seam Fastball 24% (13% whiff), Sinker 17% (12% whiff), Cutter 16% (25% whiff)",,,,4.677117380044173,175.0,126.0,1.0,330.0,0.0,Recovery from right elbow surgery,229.79999999999998,,96.9,,,12.303030303030301,2,39,-2.757575757575756,,,0.1,9.274569419319409,5.55,False,9.440511101482057,-0.09946859488492507,9.341042506597132,14.0,1.0,131.0,155,111,GLIZZY,0.0,131.0,-119.0,-96.0,58.0,74.0,217.0,92.0,let go,,False,132
680570,Grayson Rodriguez,2026,1999-11-16,R,Los Angeles Angels,20,20,98.66666666666667,85,43,66,111,16,0,0,0,0,0,5,8,6.02,1.56,444,1771,3,0.095,0.239,17.95,0.0,0.324,129.66666666666669,6.483333333333334,1.3141891891891893,26.6,True,grayson rodriguez,26.0,444.0,19.1,9.7,0.277,0.471,0.365,0.36,5.69,0.355,0.194,0.413,0.406,90.3,14.2,35.3,8.7,44.7,79.626060387,69.6,15.2,27.9,45.9,54.1,84.8,50.2,42.1,8.0,78.0,23.9,48.8,61.3,39.8,27.8,26.9,5.5,41.1,-20.0,-11.59814996279391,-7.800498134998567,-0.3648110044153767,1771.0,905.0,399.0,467.0,3.0,6.02,R,4.0,23.8133000125468,15.192699999629204,0.359372000009512,-1.2598000014608,34.9,-0.1,0.0,Changeup,"4-Seam Fastball 53% (17% whiff), Changeup 26% (35% whiff), Curveball 11% (23% whiff), Slider 11% (33% whiff)",96.2,96.2,,4.157113956564396,154.0,80.0,2.0,336.0,0.0,Low back inflammation,212.3,94.8,93.4,93.7,8.782794621466193,12.033333333333335,3,63,-5.550000000000001,-17.400000000000006,0.10000000000000853,0.0,7.935318436307867,4.93,True,8.631048077904639,0.02486714872123116,8.65591522662587,15.0,1.0,130.0,157,162,FA,0.0,130.0,-120.0,-97.0,58.0,78.0,216.0,94.0,let go,,False,133
680755,Braydon Fisher,2026,2000-07-26,R,Toronto Blue Jays,75,10,75.66666666666667,74,44,27,52,8,0,0,0,1,13,3,4,3.21,1.27,310,1256,0,0.097,0.283,16.6,0.0,0.249,122.66666666666669,12.26666666666667,1.6211453744493394,25.9,True,braydon fisher,25.0,310.0,23.9,14.2,0.223,0.358,0.293,0.316,4.24,0.333,0.136,0.318,0.355,88.0,12.6,31.7,9.5,39.2,76.701211739,62.1,19.5,29.4,42.6,57.4,80.5,43.3,42.8,5.6,64.3,28.3,43.6,56.2,43.9,24.9,22.2,9.0,51.9,1.0,0.308665527318929,0.4391292932888134,,1256.0,278.0,978.0,0.0,0.0,3.21,R,3.0,27.821399172361936,20.338374484963865,0.3083837448434658,0.26213991791520597,31.5,0.9,2.0,4-Seam Fastball,"Slider 49% (32% whiff), Curveball 30% (25% whiff), 4-Seam Fastball 19% (22% whiff)",94.5,94.5,93.4,3.77872881384489,161.0,0.0,0.0,0.0,0.0,,0.0,108.0,89.4,106.3,10.605638751631997,12.26666666666667,1,11,0.0,,,0.3,8.779675221588016,,False,9.8505792610374,0.06838465898338601,9.918963920020785,13.0,1.0,129.0,158,80,FA,0.0,129.0,-121.0,-98.0,58.0,80.0,216.0,94.0,let go,,False,134
687473,Ryan Gusto,2026,1999-03-11,R,Miami Marlins,23,18,88.0,74,28,40,99,11,0,0,0,0,1,1,5,4.09,1.44,392,1436,2,0.117,0.207,16.32,0.0,0.321,130.0,7.222222222222222,1.4772727272727273,27.3,True,ryan gusto,27.0,392.0,18.9,7.1,0.282,0.438,0.339,0.341,5.02,0.341,0.156,0.385,0.386,89.5,14.6,39.3,8.8,43.2,78.928630979,65.6,13.4,30.5,38.9,61.1,86.6,53.7,42.0,9.3,75.9,20.7,49.4,67.3,39.6,25.6,28.1,6.7,37.2,-5.0,-1.4560458154149654,-3.35035959606515,-0.6739914001105329,1436.0,758.0,488.0,190.0,2.0,4.09,R,6.0,20.680980976409543,16.760860856030007,0.3386866866558491,-0.22672672724015308,27.4,2.1,2.0,Cutter,"4-Seam Fastball 28% (23% whiff), Changeup 14% (19% whiff), Sweeper 13% (14% whiff), Cutter 13% (27% whiff), Sinker 12% (23% whiff), Slider 11% (16% whiff), Curveball 8% (18% whiff)",94.6,94.6,93.1,3.618074192575849,153.0,0.0,0.0,28.0,0.0,,16.8,93.5,102.8,93.8,8.800160498719219,8.862745098039216,2,35,-1.6405228758169939,-2.5999999999999943,0.5,0.1,7.85397581297092,,False,8.604026889206521,-0.01865036154092348,8.585376527665597,15.0,1.0,129.0,158,164,FA,0.0,129.0,-121.0,-98.0,58.0,80.0,218.0,94.0,let go,,False,135
681190,Randy Vásquez,2026,1998-11-03,R,San Diego Padres,31,22,134.66666666666666,85,37,60,138,16,0,0,0,0,2,10,6,4.01,1.3,566,2158,6,0.085,0.191,16.02,0.0,0.289,183.66666666666666,8.348484848484848,1.363861386138614,27.7,True,randy vasquez,27.0,566.0,15.0,6.5,0.288,0.491,0.327,0.358,5.62,0.339,0.202,0.355,0.395,91.4,16.3,35.8,9.8,43.7,82.100040367,71.4,12.8,28.2,36.1,63.9,87.2,51.6,42.4,8.9,75.9,19.1,50.5,65.2,40.1,27.8,25.5,6.6,44.2,-4.0,8.185792107735981,-9.556527627497033,-2.6804017577136534,2158.0,1563.0,408.0,187.0,6.0,4.01,R,3.0,19.39780219991547,13.327872123281612,0.35882817184935345,-0.1375624421948681,28.1,1.4,2.0,4-Seam Fastball,"4-Seam Fastball 31% (21% whiff), Cutter 24% (20% whiff), Sinker 16% (10% whiff), Changeup 8% (28% whiff), Curveball 8% (19% whiff), Slider 7% (25% whiff), Sweeper 5% (14% whiff)",95.1,95.1,95.1,3.163163024389488,115.0,16.0,1.0,16.0,0.0,Right ankle contusion,16.0,89.8,100.3,89.7,8.204437802671585,8.348484848484848,3,73,0.0,4.700000000000003,1.5999999999999943,0.1,7.26314291872789,,False,8.069354543886703,-0.04351751026215464,8.02583703362455,16.0,1.0,128.0,160,193,FA,0.0,128.0,-122.0,-99.0,57.0,80.0,217.0,90.0,let go,,False,136
678022,Jack Perkins,2026,1999-12-26,R,Athletics,37,17,121.0,140,51,82,125,23,0,0,2,3,2,3,13,6.1,1.45,541,2101,2,0.165,0.273,17.36,0.0,0.323,181.0,10.647058823529411,1.4958677685950412,26.5,True,jack perkins,26.0,541.0,25.9,9.4,0.234,0.39,0.351,0.311,4.09,0.314,0.156,0.435,0.374,88.5,14.0,35.9,8.9,36.7,78.209969167,64.0,14.7,34.3,48.1,51.9,85.3,46.7,42.4,6.9,74.1,27.3,48.1,60.7,37.4,32.1,25.0,5.6,34.7,-15.0,-19.658249482394485,2.368977916244095,2.532053838115498,2101.0,1036.0,640.0,390.0,2.0,6.1,R,4.0,26.90494334806929,20.713594225779637,0.3125499485069519,-0.9384140093799485,39.3,0.4,2.0,Sweeper,"4-Seam Fastball 31% (16% whiff), Sweeper 29% (37% whiff), Changeup 18% (39% whiff), Cutter 14% (17% whiff), Sinker 5% (16% whiff)",95.7,95.7,94.7,2.7100055314559417,118.0,0.0,0.0,37.0,0.0,,22.2,100.2,102.6,100.7,9.789737004060147,10.647058823529411,1,21,0.0,,,2.9,7.990719763592919,,False,9.127045255575627,0.03108393590153906,9.158129191477165,14.0,1.0,128.0,160,130,FA,0.0,128.0,-122.0,-99.0,57.0,81.0,219.0,90.0,let go,,False,137
695549,Jackson Jobe,2026,2002-07-30,R,Detroit Tigers,9,9,46.0,51,16,20,38,7,0,0,0,0,0,3,3,3.91,1.17,193,771,2,0.181,0.253,16.76,0.0,0.27,85.0,9.444444444444445,1.8478260869565217,23.9,True,jackson jobe,,,,,,,,,,,,,,,,,,,,,,,,,,,,,,,,,,,,,,,,,,,,,,,,,1.0,17.0,22.0,0.443,-2.1,17.0,-2.1,0.0,4-Seam Fastball,4-Seam Fastball 36% (17% whiff),,,,2.4378269621856226,201.0,0.0,0.0,121.0,0.0,,72.6,,,,,,1,19,,,,74.5,9.315604869998786,,False,9.477486792709806,0.19272040258954226,9.670207195299348,13.0,1.0,126.0,162,96,THALER,0.0,126.0,-124.0,-101.0,57.0,83.0,219.0,91.0,let go,,False,138
605135,Chris Bassitt,2026,1989-02-22,R,Baltimore Orioles,20,18,102.0,74,38,52,120,10,0,0,0,0,0,9,5,4.59,1.55,460,1731,4,0.078,0.209,16.97,0.0,0.334,140.0,7.777777777777778,1.3725490196078431,37.3,True,chris bassitt,37.0,460.0,16.1,8.3,0.279,0.413,0.348,0.338,4.92,0.352,0.133,0.375,0.362,88.3,10.8,31.9,5.0,37.8,77.101129821,68.1,14.3,25.7,37.7,62.3,85.7,48.8,42.3,8.0,73.4,20.9,46.4,59.1,45.4,24.5,23.6,6.5,37.8,-9.0,-9.377515572597485,1.036065674304417,-0.9553142543958877,1731.0,1121.0,527.0,83.0,4.0,4.59,R,3.0,21.244983837513566,17.188673136954296,0.34816828476392503,-0.8216828491818615,36.6,1.0,0.0,Sweeper,"Sinker 38% (13% whiff), Curveball 22% (30% whiff), Cutter 19% (22% whiff), 4-Seam Fastball 8% (22% whiff), Sweeper 6% (37% whiff)",92.2,92.2,92.2,4.1937904318516175,147.0,67.0,1.0,75.0,0.0,,71.8,90.0,90.6,89.1,8.106316538354317,12.71604938271605,6,170,-4.938271604938273,-10.599999999999994,0.6000000000000085,0.1,8.711480167501485,5.67,False,8.649432785870024,-0.8703290795717042,7.77910370629832,16.0,0.93,124.0,163,201,FA,0.0,124.0,-126.0,-103.0,56.0,84.0,220.0,93.0,let go,,False,139
669854,Ronel Blanco,2026,1993-08-31,R,Houston Astros,8,5,33.666666666666664,29,16,25,30,9,0,0,0,0,0,0,1,6.68,1.37,143,570,0,0.091,0.259,16.93,0.0,0.241,37.666666666666664,7.533333333333333,1.118811881188119,32.8,True,ronel blanco,,,,,,,,,,,,,,,,,,,,,,,,,,,,,,,,,,,,,,,,,,,,,,,,,3.0,24.813105076813088,14.09480519624036,0.3700059031853392,-1.8067296346869082,36.3,0.9,1.0,Changeup,"4-Seam Fastball 36% (20% whiff), Changeup 28% (36% whiff), Slider 21% (18% whiff)",,,,4.115690380206276,234.0,117.0,1.0,246.0,0.0,Right elbow surgery recovery,194.39999999999998,,,,,,1,50,,,,0.7,9.824312239074722,,False,9.935866225439801,-0.3605736564578529,9.575292568981949,13.0,1.0,124.0,163,100,FA,0.0,124.0,-126.0,-103.0,56.0,83.0,219.0,93.0,let go,,False,140
668678,Zac Gallen,2026,1995-08-03,R,Arizona Diamondbacks,22,20,105.33333333333333,64,35,71,128,19,0,0,0,0,0,3,9,6.07,1.55,472,1787,3,0.061,0.19,16.97,0.0,0.312,110.33333333333331,5.516666666666666,1.0474683544303796,30.9,True,zac gallen,30.0,472.0,13.6,7.4,0.311,0.529,0.369,0.384,6.64,0.366,0.218,0.398,0.417,90.8,12.2,35.2,10.8,44.1,80.33452462,64.7,9.3,31.1,35.6,64.4,90.7,44.7,43.0,6.2,66.7,19.0,46.2,65.3,43.9,27.4,25.2,3.5,46.1,-19.0,-9.535907017860485,-13.885516101467333,4.562608069296518,1787.0,725.0,750.0,304.0,3.0,6.07,R,4.0,18.752436451260863,13.115572034044186,0.3836652541719693,-1.0329449149027758,28.1,1.5,1.0,Changeup,"4-Seam Fastball 36% (7% whiff), Slider 22% (28% whiff), Curveball 19% (24% whiff), Changeup 18% (26% whiff)",93.4,93.4,92.7,3.5220657296892015,171.0,59.0,1.0,88.0,0.0,,67.7,81.7,108.9,82.6,7.1661557774214995,13.147058823529411,6,169,-7.6303921568627455,-12.0,-0.09999999999999432,0.0,7.808915474519703,5.27,False,7.818536692004873,-0.24245470003200456,7.576081991972869,16.0,1.0,121.0,166,212,Dpf,0.0,121.0,-129.0,-106.0,55.0,88.0,221.0,94.0,let go,,False,141
673540,Kodai Senga,2026,1993-01-30,R,New York Mets,31,8,61.333333333333336,75,41,50,60,14,0,0,1,8,0,0,9,7.34,1.65,283,1129,1,0.12,0.291,18.41,0.0,0.309,87.33333333333334,10.916666666666668,1.423913043478261,33.4,True,kodai senga,33.0,283.0,26.5,14.5,0.239,0.432,0.377,0.351,5.37,0.359,0.193,0.461,0.415,89.9,19.9,43.6,13.5,39.3,79.8433705,68.2,15.8,25.9,56.4,43.6,84.2,43.7,40.0,6.0,77.9,29.1,44.4,55.1,29.4,34.4,30.1,6.1,38.0,-15.0,-9.84454753341226,-5.942469480246025,0.6008285847928536,1129.0,666.0,161.0,302.0,1.0,7.34,R,3.0,27.2822085983477,22.706748457766572,0.32536564413607744,-0.7847852761296248,47.4,0.8,1.0,Forkball,"4-Seam Fastball 42% (16% whiff), Forkball 25% (47% whiff), Cutter 14% (27% whiff)",96.3,96.3,90.1,2.850321761125446,198.0,49.0,1.0,264.0,0.0,,121.9,105.3,77.6,102.1,10.001325727894201,,2,59,,4.3999999999999915,1.5999999999999943,0.5,9.132764166735075,,False,9.719911633616483,-0.39787437953969984,9.322037254076784,13.0,1.0,121.0,166,115,FA,0.0,121.0,-129.0,-106.0,55.0,88.0,219.0,94.0,let go,,False,142
663776,Patrick Sandoval,2026,1996-10-18,L,Boston Red Sox,14,13,65.66666666666667,68,31,37,79,7,0,0,0,0,0,1,7,5.07,1.68,299,1121,1,0.124,0.257,17.07,0.0,0.379,100.66666666666669,7.743589743589745,1.5329949238578682,29.7,True,patrick sandoval,29.0,299.0,22.7,10.4,0.269,0.426,0.36,0.339,4.95,0.348,0.156,0.427,0.396,87.8,14.8,33.3,6.6,35.9,76.535384742,66.5,19.7,27.6,40.3,59.7,80.3,50.3,41.1,7.0,82.1,25.7,47.2,55.9,38.9,26.3,25.3,9.6,35.4,-11.0,-7.298404500353305,-8.662481696781672,4.726084312260735,1121.0,480.0,349.0,292.0,1.0,5.07,L,4.0,26.40501671670004,23.891861759233613,0.35256633227618134,-1.010590859261579,42.2,1.6,1.0,Changeup,"Changeup 26% (42% whiff), Slider 23% (30% whiff), 4-Seam Fastball 22% (16% whiff), Sinker 19% (12% whiff)",94.0,93.6,94.0,3.990073913694192,182.0,103.0,1.0,427.0,1.0,,267.7,104.4,88.9,102.7,10.082306782924453,11.617283950617283,5,98,-3.8736942070275378,3.1000000000000085,0.29999999999999716,0.1,8.391968197104482,5.05,True,9.437649069315073,-0.16785325386831088,9.269795815446763,13.0,1.0,121.0,166,120,CH,0.0,121.0,-129.0,-106.0,55.0,89.0,221.0,94.0,let go,,False,143
664299,Cristian Javier,2026,1997-03-26,R,Houston Astros,17,12,63.0,59,28,36,64,10,0,0,0,0,0,2,6,5.14,1.46,276,1109,2,0.112,0.29,17.6,0.0,0.305,94.0,7.833333333333333,1.492063492063492,29.3,True,cristian javier,29.0,276.0,21.4,10.1,0.254,0.421,0.341,0.333,4.76,0.336,0.167,0.39,0.38,89.3,23.3,40.1,9.1,33.7,79.589907204,71.6,21.0,33.9,43.3,56.7,79.0,46.1,42.5,6.9,75.0,29.0,51.3,63.8,24.6,41.2,25.7,8.6,42.8,-5.0,-3.7176036658669434,-0.7036788542053243,-0.3703633844010389,1109.0,612.0,318.0,178.0,2.0,5.14,R,3.0,31.67751678240207,17.288926176659086,0.31805704688124037,-0.6184563753295648,39.6,0.0,0.0,Changeup,"4-Seam Fastball 47% (27% whiff), Sweeper 26% (40% whiff), Changeup 16% (32% whiff)",93.2,93.2,93.1,4.72264550120636,189.0,89.0,2.0,371.0,0.0,Grade two right shoulder strain,214.7,103.2,103.8,103.2,10.160087583152327,13.786666666666665,3,92,-5.953333333333332,,,0.0,8.278644768003833,,False,9.42512560730621,-0.1429861051470797,9.282139502159131,13.0,1.0,121.0,166,118,FA,0.0,121.0,-129.0,-106.0,55.0,88.0,221.0,94.0,let go,,False,144
605288,Adrian Houser,2026,1993-02-02,R,San Francisco Giants,26,16,109.66666666666667,75,34,49,109,15,0,0,0,0,1,4,7,4.02,1.3,470,1731,3,0.087,0.181,15.78,0.0,0.277,147.66666666666669,9.229166666666668,1.346504559270517,33.4,True,adrian houser,33.0,470.0,16.0,7.2,0.268,0.453,0.326,0.339,4.95,0.328,0.185,0.355,0.372,89.7,11.4,33.9,8.7,42.0,78.578432057,67.4,11.3,25.8,35.2,64.8,88.7,49.2,43.6,6.6,79.8,18.1,46.3,61.9,44.8,24.4,24.4,6.4,38.4,-2.0,6.704975769442594,-8.655432235339914,-0.46663544627662834,1731.0,1168.0,288.0,275.0,3.0,4.02,R,3.0,16.940021473326087,14.808905585047615,0.33129184543222384,0.1929184534638693,36.5,1.2,2.0,4-Seam Fastball,"Sinker 46% (10% whiff), 4-Seam Fastball 22% (19% whiff), Changeup 16% (36% whiff), Slider 10% (16% whiff)",95.7,95.7,94.9,2.438879261048642,144.0,32.0,1.0,32.0,0.0,Right forearm strain,32.0,90.4,102.8,90.8,8.36115548534013,10.238095238095237,5,112,-1.0089285714285694,-1.8999999999999915,0.4000000000000057,0.0,7.836192977210527,,False,8.39053687471473,-0.39787437953969984,7.99266249517503,15.0,1.0,120.0,170,196,FA,0.0,120.0,-130.0,-107.0,55.0,87.0,222.0,94.0,let go,,False,145
669456,Shane Bieber,2026,1995-05-31,R,Toronto Blue Jays,11,11,55.666666666666664,44,24,27,55,10,0,0,0,0,0,5,2,4.37,1.42,242,930,4,0.083,0.235,16.71,0.0,0.274,88.66666666666666,8.06060606060606,1.592814371257485,31.1,True,shane bieber,31.0,242.0,18.2,9.9,0.282,0.5,0.335,0.368,5.99,0.353,0.217,0.37,0.415,89.9,12.8,34.5,10.9,46.0,78.436498046,62.4,8.9,29.6,44.8,55.2,91.1,40.9,41.4,6.1,78.9,23.5,43.0,58.7,43.7,25.3,22.4,8.6,42.0,-1.0,2.0233847450477787,-6.263286871113838,3.5381506931708397,930.0,494.0,265.0,171.0,4.0,4.37,R,4.0,22.896407206124994,18.648023958692097,0.36133173653733297,-0.1360479067734232,36.5,2.1,2.0,Changeup,"4-Seam Fastball 37% (12% whiff), Curveball 18% (36% whiff), Changeup 18% (24% whiff), Slider 10% (36% whiff)",92.3,92.3,92.2,4.550645161286451,197.0,124.0,2.0,448.0,0.0,,265.6,91.3,92.5,90.2,8.26585036584344,15.041666666666668,4,88,-6.981060606060607,,,0.0,8.961084653637034,5.06,False,8.832118559404025,-0.25488827439262035,8.577230285011405,14.0,1.0,120.0,170,165,MMM,0.0,120.0,-130.0,-107.0,55.0,88.0,221.0,94.0,let go,,False,146
676083,Janson Junk,2026,1996-01-15,R,Miami Marlins,25,24,119.0,84,32,57,124,14,0,0,0,0,1,6,9,4.31,1.31,505,1917,3,0.103,0.152,16.11,0.0,0.298,158.0,6.583333333333333,1.3277310924369747,30.5,True,janson junk,30.0,505.0,16.6,6.3,0.258,0.41,0.322,0.317,4.27,0.312,0.152,0.357,0.349,89.8,15.2,29.9,7.0,38.5,79.226535714,66.9,9.8,28.4,29.5,70.5,90.1,52.7,43.2,7.5,82.6,15.2,48.7,62.6,43.8,22.7,20.8,12.8,39.3,-4.0,3.1715297272674565,-7.613421122084506,0.6416320720226882,1917.0,739.0,837.0,341.0,3.0,4.31,R,4.0,15.223903970230145,14.06304801355403,0.31732254693568607,-0.19832985428846633,23.6,0.2,3.0,4-Seam Fastball,"4-Seam Fastball 34% (11% whiff), Slider 20% (16% whiff), Changeup 18% (24% whiff), Sweeper 14% (14% whiff), Curveball 9% (15% whiff)",94.0,94.0,93.5,3.1887563884831343,137.0,42.0,1.0,54.0,0.0,Right shin bone inflammation,49.2,83.8,105.7,85.2,7.542349589934604,10.0,2,44,-3.416666666666667,-9.400000000000006,0.4000000000000057,0.2,7.150754275479374,4.96,False,7.710388908257762,-0.2175875513107734,7.492801356946989,16.0,1.0,120.0,170,218,FA,0.0,120.0,-130.0,-107.0,55.0,89.0,221.0,94.0,let go,,False,147
696270,Ryan Johnson,2026,2002-08-05,R,Los Angeles Angels,22,19,100.0,79,43,56,96,18,0,0,0,0,0,5,9,5.04,1.39,437,1722,5,0.082,0.231,17.22,0.0,0.269,143.0,7.526315789473684,1.43,23.9,True,ryan johnson,23.0,437.0,18.1,9.8,0.252,0.434,0.333,0.336,4.86,0.333,0.182,0.361,0.365,87.2,19.6,32.7,9.4,35.3,75.729998831,65.7,15.6,28.4,39.8,60.2,84.4,49.1,41.8,7.4,70.1,23.1,46.7,62.2,35.0,34.6,22.3,8.1,40.5,-9.0,-7.662763590836182,-2.708502015433407,0.9067443679510492,1722.0,958.0,409.0,355.0,5.0,5.04,R,4.0,22.45065195375867,14.121364086373665,0.33872818457380865,-0.6262788380089114,32.1,0.8,2.0,Cutter,"Cutter 38% (22% whiff), Split-Finger 22% (32% whiff), Sweeper 21% (31% whiff), Sinker 19% (2% whiff)",92.3,,92.3,4.722742938221664,146.0,37.0,1.0,37.0,0.0,,37.0,91.2,95.5,90.8,8.35532475850587,7.526315789473684,1,19,0.0,,,0.0,7.58333011709037,5.26,False,8.278497707055523,0.19272040258954226,8.471218109645065,14.0,1.0,119.0,172,171,FA,0.0,119.0,-131.0,-108.0,55.0,91.0,220.0,93.0,let go,,False,148
681347,Mike Burrows,2026,1999-11-08,R,Houston Astros,18,17,94.66666666666667,75,35,63,112,21,0,0,0,0,0,4,9,5.99,1.55,423,1567,4,0.095,0.216,16.55,0.0,0.316,122.66666666666669,7.215686274509805,1.295774647887324,26.6,True,mike burrows,26.0,423.0,17.7,8.3,0.263,0.44,0.376,0.335,4.82,0.33,0.177,0.426,0.372,88.3,15.7,35.6,8.4,38.8,77.094696234,68.4,13.3,32.3,37.3,62.7,86.7,47.0,41.2,7.0,75.5,21.6,49.3,64.1,37.9,28.5,25.6,8.1,42.4,-16.0,-12.828905386242909,-4.060906323967026,0.4589217062853316,1567.0,659.0,484.0,424.0,4.0,5.99,R,5.0,21.4834999982825,16.908099999759504,0.33564999999575007,-1.0394000001030002,31.4,0.1,1.0,Changeup,"4-Seam Fastball 28% (13% whiff), Changeup 27% (31% whiff), Slider 16% (27% whiff), Curveball 14% (24% whiff), Sinker 14% (10% whiff)",95.0,95.0,94.5,3.099489472428015,161.0,82.0,1.0,82.0,1.0,Right elbow neuritis,82.0,91.4,102.8,91.8,8.509352958373722,8.368421052631579,2,36,-1.1527347781217738,-16.5,-0.7000000000000028,0.0,7.647760103463945,5.57,False,8.37855656009304,0.02486714872123116,8.403423708814271,14.0,1.0,118.0,174,175,FA,0.0,118.0,-132.0,-109.0,55.0,91.0,221.0,92.0,let go,,False,149
693686,Spencer Miles,2026,2000-07-26,R,Toronto Blue Jays,49,8,95.66666666666667,93,25,28,80,5,0,0,0,2,4,6,2,2.63,1.1,388,1503,0,0.175,0.188,15.71,0.0,0.285,160.66666666666669,20.083333333333336,1.6794425087108016,25.9,True,spencer miles,25.0,388.0,24.0,6.4,0.232,0.327,0.256,0.271,3.06,0.282,0.095,0.304,0.326,87.1,7.0,28.6,3.7,35.3,76.142895263,66.3,12.5,27.3,35.6,64.4,87.5,52.8,41.5,8.5,78.9,18.8,47.9,66.4,50.9,19.7,23.4,5.9,36.1,22.0,18.234769746055317,4.000007657352831,-0.5491879502120414,1503.0,890.0,610.0,2.0,0.0,2.63,R,4.0,18.540440447185425,19.468968967892017,0.263703703643829,1.5521521494408324,26.5,3.2,2.0,Sinker,"Sinker 44% (13% whiff), Curveball 25% (24% whiff), Slider 16% (17% whiff), 4-Seam Fastball 15% (26% whiff)",96.3,96.0,96.3,3.355233852384824,135.0,0.0,0.0,0.0,0.0,,0.0,101.9,101.0,102.5,10.05366799742369,,0,8,,,,1.4,9.153120225077878,,False,9.753248754733717,0.06838465898338601,9.821633413717102,12.0,1.0,118.0,174,90,FA,0.0,118.0,-132.0,-109.0,55.0,90.0,221.0,92.0,let go,,False,150
690279,Mason Adams,2026,2000-02-23,R,Colorado Rockies,6,6,29.0,31,12,13,31,6,0,0,0,0,0,0,2,4.03,1.48,124,468,1,0.153,0.222,16.14,0.0,0.338,51.0,8.5,1.7586206896551724,26.3,True,mason adams,,,,,,,,,,,,,,,,,,,,,,,,,,,,,,,,,,,,,,,,,,,,,,,,,1.0,28.9,25.6,0.345,-1.6,28.9,-1.6,0.0,4-Seam Fastball,4-Seam Fastball 34% (29% whiff),,,,5.3099264735615055,221.0,0.0,0.0,0.0,0.0,,0.0,,,,,,0,6,,,,79.1,9.666744514213274,,False,9.793887145266963,0.04351751026215464,9.837404655529117,12.0,1.0,118.0,174,86,FA,0.0,118.0,-132.0,-109.0,55.0,91.0,220.0,92.0,let go,,False,151
686790,Trevor McDonald,2026,2001-02-26,R,San Francisco Giants,14,14,70.33333333333333,57,23,40,69,7,0,0,0,0,0,3,7,5.12,1.31,310,1137,5,0.11,0.213,16.17,0.0,0.297,107.33333333333333,7.666666666666666,1.5260663507109005,25.3,True,trevor mcdonald,25.0,310.0,18.4,7.4,0.246,0.359,0.323,0.311,4.09,0.332,0.113,0.346,0.329,89.0,3.7,27.6,4.2,37.8,78.341862897,60.8,10.5,29.3,42.4,57.6,89.5,48.3,44.3,7.3,74.7,21.3,44.5,58.7,54.4,17.5,24.0,4.1,39.6,1.0,4.16978825774555,0.70992229933848,-3.6774366736858095,1137.0,675.0,295.0,167.0,5.0,5.12,R,3.0,20.953869672849684,18.192871692078803,0.3068890020268157,0.30997963143590745,38.7,1.0,2.0,Sinker,"Sinker 58% (10% whiff), Slider 26% (39% whiff), Changeup 15% (33% whiff)",94.0,94.0,93.4,6.260340195753966,172.0,68.0,1.0,68.0,0.0,Right elbow strain,68.0,96.1,101.6,96.5,9.180203922032206,7.666666666666666,1,16,0.0,,,0.1,8.179207258647953,5.02,False,8.922777752343068,0.10568538206523276,9.0284631344083,13.0,1.0,117.0,177,137,FA,0.0,117.0,-133.0,-110.0,54.0,92.0,223.0,92.0,let go,,False,152
678906,Kai-Wei Teng,2026,1998-12-01,R,Houston Astros,30,10,73.66666666666667,73,33,39,69,10,0,0,0,0,4,5,7,4.76,1.38,329,1266,2,0.122,0.263,17.19,0.0,0.296,115.66666666666669,11.566666666666668,1.570135746606335,27.6,True,kaiwei teng,27.0,329.0,22.2,10.0,0.249,0.404,0.342,0.339,4.95,0.354,0.155,0.381,0.377,89.5,16.0,36.7,8.1,39.0,79.241448846,60.8,15.8,28.5,46.6,53.4,84.2,47.7,39.7,6.2,64.6,26.3,43.9,60.5,39.5,24.3,27.6,8.6,39.0,-10.0,-4.734101414107296,-1.6381732307709589,-3.5622041461892895,1266.0,556.0,585.0,125.0,2.0,4.76,R,3.0,25.621116756644078,19.756446700018035,0.34093502542672577,-0.7977664990976321,40.0,0.0,0.0,Sweeper,"Sweeper 35% (31% whiff), 4-Seam Fastball 27% (18% whiff), Sinker 17% (18% whiff), Changeup 10% (26% whiff), Curveball 9% (40% whiff)",93.3,93.3,93.2,3.223614460456803,167.0,0.0,0.0,0.0,0.0,,0.0,97.4,93.4,96.5,9.19118165731176,11.566666666666668,1,17,0.0,,,0.5,8.490665292651055,,False,9.06255891203009,-0.03730072308184696,9.025258188948243,13.0,1.0,117.0,177,139,FA,0.0,117.0,-133.0,-110.0,54.0,93.0,222.0,92.0,let go,,False,153
807739,Kade Anderson,2026,2004-07-06,L,Seattle Mariners,7,7,35.666666666666664,32,9,15,35,4,0,0,0,0,0,2,2,3.79,1.23,146,541,2,0.158,0.244,15.17,0.0,0.307,60.66666666666666,8.666666666666666,1.700934579439252,22.0,True,kade anderson,,,,,,,,,,,,,,,,,,,,,,,,,,,,,,,,,,,,,,,,,,,,,,,,,2.0,19.9585365864069,16.809756098750743,0.3149999999390244,-0.5414634135930996,21.7,1.2,1.0,Slider,"4-Seam Fastball 41% (19% whiff), Slider 25% (22% whiff)",,,,2.0211656461871166,212.0,0.0,0.0,0.0,0.0,,0.0,,,,,,0,7,,,,66.0,9.291807089318407,,False,9.45604339740708,0.3108393590153906,9.766882756422472,12.0,1.0,117.0,177,91,BAMBI,0.0,117.0,-133.0,-110.0,54.0,92.0,224.0,92.0,let go,,False,154
650644,Aaron Civale,2026,1995-06-12,R,multi,34,15,111.33333333333333,91,35,52,125,18,0,0,0,2,1,6,8,4.2,1.44,493,1896,1,0.114,0.207,17.03,0.0,0.314,154.33333333333331,10.288888888888888,1.3862275449101795,31.0,True,aaron civale,31.0,493.0,18.5,7.1,0.254,0.417,0.35,0.32,4.35,0.313,0.163,0.402,0.36,88.5,19.0,37.4,8.0,40.2,77.502786056,61.5,13.1,31.1,35.4,64.6,86.9,49.7,44.6,7.3,68.1,20.7,46.2,66.1,31.6,30.7,27.7,10.0,45.4,-7.0,-6.620090785658478,1.0964926171445974,-1.8804268911607482,1896.0,1217.0,542.0,137.0,1.0,4.2,R,4.0,21.08066183143401,17.478076513350178,0.3161820062896483,-0.21861427570520028,25.2,1.5,2.0,Cutter,"Cutter 37% (25% whiff), Curveball 25% (24% whiff), Sinker 17% (14% whiff), 4-Seam Fastball 11% (11% whiff), Split-Finger 6% (23% whiff)",91.5,91.5,91.5,5.133371497089468,138.0,22.0,1.0,74.0,0.0,Right shoulder tendinits,53.2,91.1,112.1,92.8,8.651176044547288,10.288888888888888,6,128,0.0,-2.8000000000000114,-0.7999999999999972,0.1,7.8004631261971245,,False,8.511051767138193,-0.24867148721231247,8.26238027992588,14.0,1.0,116.0,179,187,FA,0.0,116.0,-134.0,-111.0,54.0,94.0,223.0,92.0,let go,,False,155
615698,Cal Quantrill,2026,1995-02-10,R,Texas Rangers,32,15,110.0,81,25,35,89,13,0,0,0,0,0,9,5,2.86,1.04,443,1669,8,0.126,0.196,15.17,0.0,0.24,188.0,12.533333333333333,1.709090909090909,31.4,True,cal quantrill,31.0,443.0,18.3,5.6,0.242,0.402,0.274,0.303,3.87,0.293,0.16,0.303,0.341,88.9,17.2,33.0,7.3,36.4,78.664019329,67.0,13.4,30.1,32.6,67.1,86.6,48.7,42.4,6.6,70.0,19.6,48.1,62.7,40.3,27.9,23.6,8.5,37.0,16.0,11.716891820094974,3.2382819723051446,0.7726671865947722,1669.0,1158.0,132.0,379.0,8.0,2.86,R,4.0,20.77502714419098,16.19391965170936,0.3143376764556453,0.7032573285417708,28.9,2.1,3.0,Sinker,"Sinker 25% (15% whiff), 4-Seam Fastball 23% (29% whiff), Split-Finger 23% (25% whiff), Cutter 20% (14% whiff)",94.0,93.8,94.0,2.6554505374690613,111.0,7.0,1.0,24.0,0.0,Right lat strain,12.1,93.9,108.0,95.2,9.000188773901778,12.533333333333333,6,143,0.0,7.0,0.29999999999999716,0.0,7.478020003041851,,False,8.535283470882783,-0.2735386359335436,8.261744834949239,14.0,1.0,116.0,179,188,GK,0.0,116.0,-134.0,-111.0,54.0,94.0,222.0,92.0,let go,,False,156
641778,Eric Lauer,2026,1995-06-03,L,multi,22,18,108.33333333333333,72,35,63,107,26,0,0,1,0,0,8,7,5.23,1.31,466,1814,6,0.079,0.186,16.74,0.0,0.25,138.33333333333331,7.685185185185184,1.2769230769230768,31.1,True,eric lauer,31.0,466.0,15.5,7.5,0.256,0.475,0.347,0.342,5.05,0.319,0.219,0.377,0.371,88.7,22.0,34.8,11.0,36.0,78.165668324,72.5,13.9,33.1,28.0,72.0,86.1,47.7,44.9,6.5,81.4,18.6,51.9,62.9,31.7,38.2,20.4,9.6,39.7,-18.0,-8.387609414010878,-6.333744198427407,-3.029889439406718,1814.0,1174.0,371.0,269.0,6.0,5.23,L,4.0,18.426899994165503,12.6722999921385,0.34343799988781,-0.964400000878,20.0,-0.3,0.0,Cutter,"4-Seam Fastball 42% (20% whiff), Cutter 23% (20% whiff), Changeup 15% (15% whiff), Curveball 12% (18% whiff), Slider 8% (14% whiff)",91.1,91.1,,3.143550165762624,149.0,25.0,1.0,25.0,0.0,Left elbow inflammation,25.0,81.6,113.0,83.6,7.306169492490037,12.377777777777778,4,91,-4.692592592592594,-18.400000000000006,-0.8000000000000114,0.0,7.629756937243676,,False,7.806728923769617,-0.25488827439262035,7.551840649376997,15.0,1.0,113.0,181,214,FA,0.0,113.0,-137.0,-114.0,53.0,97.0,226.0,89.0,let go,,False,157
547179,Michael Lorenzen,2026,1992-01-04,R,multi,32,25,127.33333333333333,90,54,102,186,23,0,0,0,1,0,3,13,7.21,1.88,619,2400,2,0.058,0.18,18.85,0.0,0.366,123.33333333333331,4.933333333333333,0.9685863874345548,34.5,True,michael lorenzen,34.0,619.0,14.5,8.7,0.3,0.493,0.406,0.372,6.15,0.366,0.193,0.446,0.402,91.2,11.9,34.5,9.2,46.3,80.902581974,66.2,10.7,24.1,36.9,63.1,89.3,48.4,41.8,7.6,74.7,18.0,44.5,61.1,43.7,24.7,26.7,4.9,45.0,-48.0,-27.82020410314053,-10.622398988001592,-9.021811075669293,2400.0,1284.0,626.0,489.0,2.0,7.21,R,5.0,17.945554458122995,13.798101909903382,0.3679550448914233,-1.9111888102114667,32.9,-0.7,0.0,Cutter,"Changeup 21% (28% whiff), Sinker 20% (9% whiff), 4-Seam Fastball 19% (9% whiff), Cutter 14% (14% whiff), Curveball 11% (23% whiff), Slider 8% (23% whiff), Sweeper 8% (33% whiff)",94.0,94.0,93.4,3.3871728892626765,160.0,0.0,0.0,79.0,0.0,,33.6,80.4,90.4,79.5,6.711929807861905,10.2,5,118,-5.266666666666667,-16.099999999999994,0.09999999999999432,0.0,6.701612220212699,,False,7.126941052002275,-0.46625903852308587,6.660682013479189,17.0,1.0,113.0,181,228,FA,0.0,113.0,-137.0,-114.0,53.0,95.0,224.0,89.0,let go,,False,158
607067,Colin Rea,2026,1990-07-01,R,Chicago Cubs,33,19,135.0,100,47,66,135,21,0,0,0,1,0,8,8,4.4,1.35,581,2206,5,0.091,0.197,16.34,0.0,0.283,189.0,9.947368421052632,1.4,36.0,True,colin rea,35.0,581.0,17.2,8.1,0.274,0.477,0.331,0.354,5.47,0.341,0.203,0.362,0.393,90.0,12.3,36.3,10.3,41.9,79.882397773,65.1,10.4,30.2,37.7,62.3,89.6,47.4,43.5,7.2,79.7,19.7,46.7,64.5,43.8,28.8,22.5,4.9,34.9,-2.0,-7.821084733933345,0.41140241867847765,5.542842025066155,2206.0,1241.0,560.0,405.0,5.0,4.4,R,3.0,19.67637712536201,14.254237289273915,0.3505932203288566,0.14205508331320923,29.7,2.2,3.0,Sweeper,"4-Seam Fastball 42% (14% whiff), Changeup 18% (28% whiff), Slider 11% (30% whiff), Sweeper 9% (30% whiff), Sinker 8% (6% whiff), Cutter 6% (16% whiff)",93.8,93.8,92.5,3.2396338673994505,110.0,0.0,0.0,0.0,0.0,,0.0,88.3,105.1,88.9,8.086078219869696,9.947368421052632,4,95,0.0,-6.200000000000003,-0.10000000000000853,0.0,7.59942637840905,,False,8.159234485313098,-0.6595108462277031,7.499723639085395,15.0,0.93,112.0,184,217,FA,0.0,112.0,-138.0,-115.0,53.0,98.0,225.0,88.0,let go,,False,159
689818,David Sandlin,2026,2001-02-21,R,Chicago White Sox,8,6,40.333333333333336,40,13,25,36,7,0,0,0,0,0,3,2,5.58,1.21,167,638,3,0.162,0.245,15.82,0.0,0.274,67.33333333333334,11.222222222222223,1.669421487603306,25.4,True,david sandlin,,,,,,,,,,,,,,,,,,,,,,,,,,,,,,,,,,,,,,,,,,,,,,,,,2.0,21.725198099761652,19.941045961993513,0.31530269409571254,-0.5619651340349758,25.0,0.9,1.0,Curveball,"4-Seam Fastball 37% (19% whiff), Curveball 26% (25% whiff)",,,,3.759897177494114,207.0,0.0,0.0,0.0,0.0,,0.0,,,,,,0,6,,,,77.0,9.088641445927498,,False,9.272977536700338,0.09946859488492507,9.372446131585264,12.0,1.0,112.0,184,109,FA,0.0,112.0,-138.0,-115.0,53.0,97.0,225.0,88.0,let go,,False,160
690928,Hunter Dobbins,2026,1999-08-30,R,St. Louis Cardinals,11,8,54.0,52,24,22,49,7,0,0,0,1,0,3,3,3.67,1.35,231,932,2,0.121,0.231,17.26,0.0,0.29,92.0,11.5,1.7037037037037037,26.8,True,hunter dobbins,26.0,231.0,22.5,10.4,0.233,0.366,0.322,0.306,3.95,0.32,0.132,0.367,0.344,88.4,12.1,35.9,7.2,39.2,77.503833553,64.9,15.5,26.6,39.4,60.6,84.5,46.8,40.1,5.8,77.8,23.1,44.5,60.2,43.8,26.8,24.8,4.6,45.1,-1.0,-0.1765608811706707,-1.7833426191047592,1.0449335488250375,932.0,422.0,401.0,109.0,2.0,3.67,R,6.0,23.321478533237894,19.790509492364585,0.3111918080667824,-0.1140859134020824,38.6,1.5,3.0,Sinker,"4-Seam Fastball 32% (17% whiff), Slider 17% (22% whiff), Sweeper 15% (26% whiff), Sinker 13% (19% whiff), Split-Finger 12% (30% whiff), Curveball 11% (39% whiff)",94.6,94.6,94.4,5.328326173287555,190.0,72.0,2.0,169.0,0.0,Right forearm tightness,130.2,101.1,92.1,100.2,9.727538762604285,,1,19,,6.099999999999994,-0.9000000000000057,0.8,8.50757882646102,,False,9.321311240877845,0.01243357436061558,9.333744815238461,12.0,1.0,112.0,184,113,FA,0.0,112.0,-138.0,-115.0,53.0,98.0,224.0,88.0,let go,,False,161
608372,Tomoyuki Sugano,2026,1989-10-11,R,Colorado Rockies,29,29,154.33333333333334,96,36,92,167,33,0,0,0,0,0,12,12,5.37,1.32,656,2522,8,0.091,0.196,16.34,0.0,0.276,190.33333333333334,6.5632183908045985,1.2332613390928726,36.7,True,tomoyuki sugano,36.0,656.0,14.6,5.5,0.303,0.538,0.356,0.377,6.35,0.342,0.236,0.396,0.424,91.0,15.5,37.4,11.7,43.2,80.796965349,69.6,10.8,27.8,38.9,61.1,89.2,46.9,40.6,7.5,76.7,19.6,47.4,60.2,37.8,31.3,26.3,4.6,39.3,-22.0,-10.738248230353552,-11.465594381093911,0.5219067749858988,2522.0,1267.0,723.0,532.0,8.0,5.37,R,5.0,18.683283284301318,12.161061058330905,0.38283783780994507,-0.8376376391757121,31.1,0.3,2.0,Split-Finger,"Split-Finger 22% (31% whiff), 4-Seam Fastball 21% (16% whiff), Sinker 19% (5% whiff), Cutter 11% (18% whiff), Sweeper 11% (21% whiff), Slider 9% (20% whiff), Curveball 8% (21% whiff)",92.5,92.5,92.5,3.3348151411013642,108.0,14.0,1.0,14.0,0.0,,14.0,81.8,95.7,81.4,6.99776658467149,7.4,2,59,-0.8367816091954019,-1.0,-0.4000000000000057,0.0,6.593165307192003,5.32,False,7.214060997854858,-0.7730283564898581,6.441032641365,17.0,0.93,109.0,186,232,FA,0.0,109.0,-141.0,-118.0,52.0,101.0,226.0,91.0,let go,,False,162
607200,Erick Fedde,2026,1993-02-25,R,Chicago White Sox,33,15,141.0,99,52,60,139,23,0,0,0,0,0,8,9,3.83,1.35,606,2413,1,0.078,0.182,17.11,0.0,0.272,184.0,12.266666666666667,1.3049645390070923,33.3,True,erick fedde,33.0,606.0,16.3,8.6,0.258,0.442,0.328,0.334,4.79,0.324,0.184,0.355,0.364,88.7,15.7,36.5,8.3,40.5,77.653434688,63.9,12.2,24.2,31.5,68.5,87.8,45.8,43.1,6.1,75.5,18.2,42.4,65.2,37.9,29.8,24.9,7.3,40.1,-4.0,-9.355545163855748,12.233704129208114,-7.340523814379901,2413.0,1215.0,925.0,273.0,1.0,3.83,R,4.0,18.245344131800227,14.170546557507908,0.334676113402121,-0.17085020467267117,25.6,1.2,1.0,Sweeper,"Sweeper 38% (22% whiff), Sinker 30% (12% whiff), Cutter 19% (15% whiff), Changeup 12% (26% whiff)",94.4,94.4,94.0,3.6294690293013274,114.0,0.0,0.0,0.0,0.0,,0.0,88.8,100.8,89.1,8.111943946771591,12.266666666666667,5,124,0.0,5.700000000000003,1.2000000000000028,0.1,7.443777858382169,,False,8.104077552250443,-0.39165759235939196,7.712419959891051,14.0,1.0,108.0,187,203,FA,0.0,108.0,-142.0,-119.0,52.0,102.0,227.0,88.0,let go,,False,163
623454,Drew Anderson,2026,1994-03-22,R,Detroit Tigers,49,11,108.0,114,43,44,94,16,0,0,6,2,6,5,7,3.67,1.27,456,1770,1,0.156,0.27,16.39,0.0,0.284,164.0,14.909090909090908,1.5185185185185186,32.3,True,drew anderson,32.0,457.0,24.9,9.6,0.226,0.373,0.317,0.305,3.92,0.311,0.147,0.376,0.358,89.7,10.9,30.0,8.6,37.9,79.762807153,66.4,12.8,35.3,48.4,51.6,87.2,44.5,39.5,7.1,69.8,27.0,49.2,63.5,48.8,24.2,19.1,7.8,39.6,0.0,6.1105043285787755,-4.650857756119136,-1.831948036212357,1770.0,746.0,474.0,550.0,1.0,3.67,R,3.0,28.71529412283863,20.361818183544965,0.29311443848626384,0.047379678671508996,37.3,1.0,1.0,4-Seam Fastball,"4-Seam Fastball 40% (19% whiff), Changeup 31% (37% whiff), Curveball 22% (35% whiff)",95.4,95.4,94.9,5.075170697851831,131.0,0.0,0.0,0.0,0.0,,0.0,103.3,98.4,103.2,10.15184590170299,14.909090909090908,1,12,0.0,,,0.1,8.099398374910507,,False,9.343778600563637,-0.32948972055631387,9.014288880007323,12.0,1.0,108.0,187,141,FA,0.0,108.0,-142.0,-119.0,52.0,103.0,226.0,88.0,let go,,False,164
702275,JR Ritchie,2026,2003-06-26,R,Atlanta Braves,16,10,67.66666666666667,66,41,36,58,12,0,0,0,1,2,1,4,4.79,1.46,300,1191,1,0.083,0.238,17.6,0.0,0.263,101.66666666666669,10.166666666666668,1.5024630541871924,23.0,True,ritchie,23.0,300.0,22.0,13.7,0.234,0.401,0.342,0.338,4.92,0.352,0.167,0.374,0.368,89.4,11.7,31.0,9.6,39.6,79.425927419,62.5,12.9,26.2,43.8,56.3,87.1,43.7,41.6,7.0,69.9,23.8,42.1,54.8,45.5,29.4,20.3,4.8,44.4,-10.0,-6.332659706845525,0.33494048924607706,-3.9156165683718034,1191.0,587.0,396.0,208.0,1.0,4.79,R,4.0,23.73932853350442,20.58177457754545,0.33817146285649186,-0.5089928071511137,31.9,2.5,2.0,Sinker,"Curveball 27% (32% whiff), Sinker 21% (16% whiff), 4-Seam Fastball 18% (21% whiff), Changeup 17% (24% whiff)",94.5,94.5,94.2,3.005083085123558,179.0,0.0,0.0,0.0,0.0,,0.0,96.5,78.2,93.9,8.803097137408246,10.166666666666668,1,10,0.0,,,0.3,8.031793123360256,,False,8.682269169303058,0.24867148721231247,8.930940656515372,12.0,1.0,107.0,189,149,FA,0.0,107.0,-143.0,-120.0,52.0,103.0,226.0,88.0,let go,,False,165
641793,Zack Littell,2026,1995-10-05,R,multi,26,14,124.33333333333333,73,39,72,136,30,0,0,0,0,0,8,8,5.21,1.41,540,1977,1,0.063,0.162,15.9,0.0,0.269,129.33333333333331,9.238095238095237,1.040214477211796,30.7,True,zack littell,30.0,540.0,13.5,7.2,0.299,0.539,0.36,0.384,6.64,0.353,0.241,0.389,0.418,91.7,18.6,37.2,11.3,43.8,82.445197251,70.5,11.0,30.3,28.1,71.9,89.0,49.4,42.8,7.1,77.9,16.2,50.1,64.4,35.1,33.9,23.5,7.5,39.3,-25.0,-23.644671328804886,0.1822214306719574,-1.6449960927851186,1977.0,789.0,730.0,456.0,1.0,5.21,R,4.0,16.36233766142689,13.407892103556984,0.383640359584214,-1.2679320677925472,19.0,0.1,1.0,Sweeper,"Slider 28% (19% whiff), 4-Seam Fastball 26% (15% whiff), Split-Finger 23% (17% whiff), Sinker 14% (12% whiff), Sweeper 9% (18% whiff)",91.7,91.7,91.4,4.95205063195114,155.0,0.0,0.0,15.0,0.0,,4.5,79.7,106.7,80.5,6.85680606140037,9.928571428571429,4,91,-0.6904761904761916,-12.5,-0.3999999999999915,0.1,7.902621332982391,,False,7.7140218599558015,-0.230021125671389,7.484000734284413,14.0,1.0,105.0,190,219,FA,0.0,105.0,-145.0,-122.0,51.0,104.0,226.0,89.0,let go,,False,166
608337,Lucas Giolito,2026,1994-07-14,R,San Diego Padres,7,5,29.666666666666668,18,23,17,32,4,0,0,0,0,0,2,3,5.16,1.85,138,551,0,-0.036,0.24,18.57,0.0,0.304,30.66666666666667,6.133333333333335,1.0337078651685394,32.0,True,lucas giolito,,,,,,,,,,,,,,,,,,,,,,,,,,,,,,,,,,,,,,,,,,,,,,,,,2.0,20.201834863297947,12.946526868161136,0.381699868924771,-0.9457404981763029,24.4,-0.4,0.0,4-Seam Fastball,"4-Seam Fastball 42% (17% whiff), Changeup 35% (24% whiff)",,,,3.3025408388355717,242.0,0.0,0.0,34.0,0.0,,20.4,,,,,,4,125,,,,0.8,8.898873170977932,,False,9.101983602840996,-0.3108393590153906,8.791144243825604,12.0,1.0,105.0,190,157,FA,0.0,105.0,-145.0,-122.0,51.0,106.0,227.0,89.0,let go,,False,167
656288,Griffin Canning,2026,1996-05-11,R,San Diego Padres,29,11,85.66666666666667,85,40,53,89,14,0,0,0,0,1,4,9,5.57,1.51,377,1480,1,0.119,0.259,17.28,0.0,0.325,121.66666666666669,11.060606060606062,1.4202334630350195,30.1,True,griffin canning,30.0,377.0,22.5,10.6,0.246,0.405,0.352,0.328,4.6,0.336,0.159,0.409,0.373,90.2,10.2,33.7,8.5,44.7,79.603318293,67.4,14.1,27.0,49.8,50.2,85.9,44.7,42.0,6.2,71.7,25.9,45.1,56.8,47.6,23.6,22.4,6.5,39.0,-12.0,-8.1157942995159,-0.761906252888299,-3.0516855713361366,1480.0,592.0,521.0,367.0,1.0,5.57,R,3.0,25.658635854132918,21.385148509102592,0.3296864686771922,-0.7388338828446981,38.6,0.6,1.0,Curveball,"Changeup 25% (25% whiff), 4-Seam Fastball 24% (20% whiff), Slider 24% (39% whiff), Sinker 10% (5% whiff), Curveball 9% (30% whiff)",94.5,94.5,93.8,3.447432239125606,163.0,39.0,1.0,132.0,0.0,Left Achilles surgery,94.8,99.1,90.0,97.9,9.385741960651204,11.060606060606062,5,93,0.0,-0.8000000000000114,0.4000000000000057,0.6,7.809729168924672,,False,8.85941742159743,-0.19272040258954226,8.666697019007888,12.0,1.0,104.0,192,161,FA,0.0,104.0,-146.0,-123.0,51.0,107.0,228.0,88.0,let go,,False,168
656794,Sean Newcomb,2026,1993-06-12,L,Chicago White Sox,59,6,89.66666666666667,82,33,31,73,4,0,0,3,4,11,2,5,3.11,1.18,369,1455,0,0.133,0.232,16.23,0.0,0.288,131.66666666666669,21.944444444444446,1.4684014869888478,33.0,True,sean newcomb,33.0,369.0,22.2,8.9,0.256,0.379,0.286,0.318,4.3,0.333,0.124,0.317,0.365,88.7,11.4,34.1,6.5,38.6,77.732436083,63.8,16.6,27.3,39.3,60.7,83.4,50.7,41.4,7.6,70.0,23.2,45.8,60.5,45.9,22.4,25.2,6.5,32.5,12.0,6.427266131031567,6.570078886098961,-1.379443952697399,1455.0,903.0,510.0,42.0,0.0,3.11,L,3.0,24.314050488208398,19.93787046804214,0.3017365532785844,1.2840834240919319,29.3,2.3,2.0,4-Seam Fastball,"4-Seam Fastball 38% (28% whiff), Slurve 32% (29% whiff), Sinker 22% (10% whiff)",94.7,94.7,93.5,4.731818185119016,152.0,0.0,0.0,76.0,0.0,,25.2,106.6,93.7,105.5,10.498858361630337,,0,14,,,,0.4,8.231631182413128,,False,9.563616664295202,-0.3730072308184687,9.190609433476732,11.0,1.0,101.0,193,127,FA,0.0,101.0,-149.0,-126.0,50.0,110.0,228.0,87.0,let go,,False,169
702273,Noah Schultz,2026,2003-08-05,L,Chicago White Sox,19,14,74.33333333333333,67,31,46,68,11,0,0,0,0,1,4,9,5.57,1.33,324,1262,2,0.111,0.21,16.98,0.0,0.282,103.33333333333331,7.38095238095238,1.3901345291479819,22.9,True,noah schultz,22.0,324.0,20.7,9.6,0.269,0.455,0.336,0.358,5.62,0.36,0.186,0.372,0.405,89.3,16.5,38.7,9.7,41.9,78.222889528,62.2,12.9,28.6,38.5,61.5,87.1,49.5,41.5,7.6,67.7,21.0,45.2,62.0,36.9,27.6,26.7,8.8,37.3,-11.0,-0.1412877361629048,-6.658673938208743,-3.7848895819634043,1262.0,882.0,259.0,121.0,2.0,5.57,L,5.0,20.713510755406805,16.250460592474614,0.3712200613857724,-1.0418628473804357,32.5,0.3,1.0,Sinker,"Sinker 26% (11% whiff), 4-Seam Fastball 23% (21% whiff), Cutter 21% (19% whiff), Sweeper 18% (32% whiff), Changeup 10% (29% whiff)",95.2,95.2,95.1,3.958326068353531,178.0,36.0,1.0,36.0,0.0,,36.0,91.2,94.8,90.6,8.322402088576839,7.38095238095238,1,14,0.0,,,0.0,7.339248836822041,,False,8.15755403410969,0.25488827439262035,8.41244230850231,12.0,1.0,101.0,193,174,CJF,0.0,101.0,-149.0,-126.0,50.0,109.0,228.0,87.0,let go,,False,170
669387,Carmen Mlodzinski,2026,1999-02-19,R,Pittsburgh Pirates,37,12,123.0,97,44,54,125,10,0,0,2,2,7,8,7,3.95,1.37,537,2080,1,0.099,0.209,16.91,0.0,0.302,164.0,13.666666666666666,1.3333333333333333,27.4,True,carmen mlodzinski,27.0,537.0,18.1,8.2,0.28,0.424,0.31,0.337,4.89,0.343,0.144,0.34,0.377,90.7,13.4,33.8,6.9,46.5,80.491669639,61.9,12.0,28.7,39.5,60.5,88.0,49.1,42.4,7.2,71.3,20.9,45.0,62.4,43.2,23.5,26.6,6.6,41.7,1.0,-7.50486369817576,2.2851853482302116,6.0120410339526185,2080.0,1025.0,533.0,522.0,1.0,3.95,R,5.0,20.561314656458435,15.336637930837082,0.33513362066738345,0.09665948320765368,30.8,1.4,2.0,Split-Finger,"4-Seam Fastball 27% (16% whiff), Split-Finger 26% (31% whiff), Sinker 18% (6% whiff), Curveball 11% (27% whiff), Sweeper 11% (23% whiff)",95.1,95.1,94.4,4.15703125370078,131.0,0.0,0.0,155.0,0.0,,46.5,93.6,100.3,93.6,8.770321502580744,13.666666666666666,2,29,0.0,-5.800000000000011,-1.0,0.1,7.286497486955876,,False,8.3447330517129,-0.02486714872123116,8.319865902991669,12.0,1.0,100.0,195,183,FA,0.0,100.0,-150.0,-127.0,50.0,115.0,230.0,89.0,let go,,False,171
621121,Lance McCullers Jr.,2026,1993-10-02,R,multi,10,8,44.0,48,27,32,41,7,0,0,0,0,1,2,3,6.55,1.55,195,793,2,0.108,0.279,18.02,0.0,0.306,68.0,8.5,1.5454545454545454,32.7,True,lance mccullers,,,,,,,,,,,,,,,,,,,,,,,,,,,,,,,,,,,,,,,,,,,,,,,,,4.0,25.075921386727657,22.110196560515003,0.33442874688609947,-0.5176904185862877,45.6,0.2,2.0,Cutter,"Cutter 28% (22% whiff), Sinker 22% (12% whiff), Sweeper 17% (30% whiff), Curveball 15% (46% whiff)",91.6,91.6,91.2,3.3191677184133668,206.0,131.0,1.0,412.0,0.0,,244.1,,,,,,2,57,,,-0.20000000000000284,0.1,8.425400660153205,,False,8.675353138809546,-0.35435686927754545,8.320996269532001,12.0,1.0,100.0,195,182,FA,0.0,100.0,-150.0,-127.0,50.0,111.0,229.0,89.0,let go,,False,172
641835,Tim Mayza,2026,1992-01-15,L,Philadelphia Phillies,60,6,67.33333333333333,64,18,26,58,7,0,0,0,0,2,3,4,3.48,1.13,271,1085,0,0.17,0.222,16.11,0.0,0.285,105.33333333333331,17.555555555555554,1.5643564356435642,34.5,True,tim mayza,34.0,271.0,23.6,6.6,0.233,0.377,0.289,0.288,3.47,0.281,0.144,0.351,0.35,89.3,8.2,33.0,6.4,45.2,77.811493118,64.5,15.2,27.0,38.0,62.0,84.8,48.8,44.9,6.5,81.4,22.2,45.3,65.1,49.5,21.8,25.0,3.7,28.7,7.0,13.859943092926937,-5.791865544531143,-1.0784115773305674,1085.0,739.0,323.0,23.0,0.0,3.48,L,2.0,23.681147553439093,19.471209017711445,0.2854559425877379,1.0087090166740502,36.0,2.9,2.0,4-Seam Fastball,"Sinker 57% (19% whiff), Slider 31% (28% whiff), 4-Seam Fastball 10% (36% whiff)",94.6,94.6,94.2,3.2175732236490453,174.0,0.0,0.0,162.0,0.0,,97.2,102.0,110.5,103.5,10.197576462910101,,0,6,,,,1.4,8.386163302739988,,False,9.489177521173689,-0.46625903852308587,9.022918482650603,11.0,1.0,99.0,197,140,FA,0.0,99.0,-151.0,-128.0,50.0,113.0,230.0,85.0,let go,,False,173
677976,Randy Dobnak,2026,1995-01-17,R,Kansas City Royals,15,13,74.33333333333333,49,26,29,78,7,0,0,0,0,0,3,5,3.51,1.4,321,1264,3,0.072,0.191,17.0,0.0,0.305,106.33333333333333,8.179487179487179,1.430493273542601,31.4,True,randy dobnak,31.0,321.0,15.3,8.1,0.291,0.402,0.325,0.336,4.86,0.357,0.111,0.345,0.359,90.2,8.9,34.3,4.6,40.9,79.839269328,66.1,9.0,29.4,37.0,63.0,91.0,44.1,44.1,5.1,75.4,19.1,45.6,59.2,51.2,22.3,24.0,2.5,50.0,1.0,5.644320512566891,-3.9443112480762923,-0.6125278357637689,1264.0,610.0,375.0,279.0,3.0,3.51,R,3.0,19.826849899040806,13.56691331959022,0.33552325572506025,0.5289640588627315,32.3,1.6,2.0,Sinker,"Sinker 39% (9% whiff), Sweeper 25% (32% whiff), Changeup 21% (28% whiff), 4-Seam Fastball 9% (15% whiff)",92.2,92.2,91.5,8.529240865484347,173.0,0.0,0.0,0.0,0.0,,0.0,90.1,106.2,90.9,8.370978421223361,8.179487179487179,1,19,0.0,,,0.3,7.555654060246181,5.72,False,8.273872443543334,-0.2735386359335436,8.00033380760979,12.0,1.0,96.0,198,194,FA,0.0,96.0,-154.0,-131.0,49.0,117.0,230.0,83.0,let go,,False,174
700249,Cade Povich,2026,2000-04-12,L,Baltimore Orioles,8,7,37.0,28,15,18,40,6,0,0,0,0,0,2,1,4.38,1.49,160,611,2,0.081,0.226,16.51,0.0,0.309,55.0,7.857142857142857,1.4864864864864864,26.2,True,cade povich,,,,,,,,,,,,,,,,,,,,,,,,,,,,,,,,,,,,,,,,,,,,,,,,,2.0,26.160294126734428,15.491176472967128,0.30052941171903114,1.2661764705406573,38.8,1.3,2.0,4-Seam Fastball,"4-Seam Fastball 45% (20% whiff), Curveball 23% (39% whiff)",,,,3.498148150657407,217.0,50.0,1.0,99.0,0.0,Left elbow inflammation,79.4,,,,,,2,43,,,,2.5,8.162756210699742,,False,8.43869288761474,0.049734297442462536,8.488427185057203,11.0,1.0,93.0,200,169,FA,0.0,93.0,-157.0,-134.0,48.0,119.0,230.0,80.0,let go,,False,175
665871,Javier Assad,2026,1997-07-30,R,Chicago Cubs,28,11,94.33333333333333,63,27,38,81,16,0,0,1,2,0,6,2,3.63,1.14,378,1506,1,0.095,0.159,15.96,0.0,0.243,120.33333333333331,10.939393939393938,1.2756183745583038,28.9,True,javier assad,28.0,378.0,16.7,7.1,0.261,0.421,0.304,0.324,4.48,0.319,0.159,0.331,0.358,89.7,11.7,32.6,6.7,43.5,79.438885786,65.1,11.8,23.2,28.1,71.9,88.2,51.0,41.2,8.7,78.6,15.9,44.6,60.5,47.7,27.4,18.6,6.3,33.7,3.0,5.499100230175342,0.9766078839139346,-3.3773758776569855,1506.0,1107.0,281.0,118.0,1.0,3.63,R,3.0,13.783231354182465,13.17380660404501,0.357702570402925,0.292288856830899,30.0,1.5,1.0,Sinker,"Sinker 42% (8% whiff), 4-Seam Fastball 19% (18% whiff), Cutter 13% (15% whiff), Changeup 8% (30% whiff)",93.5,93.5,93.4,2.5533807872444836,164.0,0.0,0.0,164.0,0.0,,93.6,85.6,87.8,84.8,7.486988557943283,17.93333333333333,3,65,-6.993939393939392,,,0.0,7.480959824378497,,True,7.8271748850034495,-0.11811895642584834,7.709055928577601,12.0,1.0,93.0,200,204,FA,0.0,93.0,-157.0,-134.0,48.0,119.0,231.0,80.0,let go,,False,176
686799,Jack Kochanowicz,2026,2000-12-22,R,Los Angeles Angels,13,13,64.0,47,36,44,65,7,0,0,0,0,0,2,5,6.19,1.58,296,1106,5,0.037,0.236,17.28,0.0,0.289,87.0,6.6923076923076925,1.359375,25.5,True,jack kochanowicz,25.0,296.0,15.9,12.2,0.272,0.439,0.331,0.358,5.62,0.371,0.167,0.335,0.373,89.4,4.7,30.3,7.4,42.8,77.89732901,67.2,16.9,25.6,39.3,60.7,83.1,47.1,43.8,7.1,66.7,23.6,45.2,53.4,57.2,19.7,18.8,4.3,41.8,-3.0,0.7359204616075605,1.2448899342016861,-4.573753694385054,1106.0,669.0,180.0,257.0,5.0,6.19,R,4.0,24.082800008168803,18.0672000017312,0.3576039999825841,-0.23910000014360003,37.5,0.7,2.0,Slider,"Sinker 38% (17% whiff), Changeup 23% (31% whiff), 4-Seam Fastball 22% (19% whiff), Slider 16% (38% whiff)",96.2,96.2,95.7,5.925587703233454,199.0,112.0,1.0,112.0,0.0,Right elbow inflammation,112.0,103.4,84.5,100.7,9.794131755355604,8.484848484848484,3,47,-1.792540792540792,14.200000000000003,0.7000000000000028,1.0,6.311091929321743,4.92,False,8.403047925915823,0.09325180770461718,8.49629973362044,11.0,1.0,93.0,200,166,FA,0.0,93.0,-157.0,-134.0,48.0,123.0,231.0,80.0,let go,,False,177
679883,Luinder Avila,2026,2001-08-21,R,Kansas City Royals,21,12,70.0,61,42,43,71,7,0,0,0,0,0,5,4,5.53,1.61,309,1293,1,0.061,0.239,18.47,0.0,0.328,92.0,7.666666666666667,1.3142857142857143,24.9,True,luinder avila,24.0,309.0,19.7,13.6,0.251,0.396,0.356,0.339,4.95,0.36,0.145,0.388,0.363,88.0,11.3,32.8,5.9,35.3,76.9869519,62.3,12.7,26.9,44.1,55.9,87.3,43.9,40.2,7.0,71.4,23.9,42.4,56.3,47.5,25.5,22.1,4.9,40.7,-8.0,-1.3903242532475684,-5.579090232427066,-0.7444296265906649,1293.0,690.0,470.0,133.0,1.0,5.53,R,5.0,24.147452557205536,16.717982017492602,0.3393186812971095,-0.591508491850607,37.0,0.2,1.0,Sinker,"Sinker 27% (18% whiff), 4-Seam Fastball 26% (16% whiff), Slider 22% (35% whiff), Curveball 15% (24% whiff), Changeup 10% (37% whiff)",96.4,96.1,96.4,5.577416858828384,190.0,56.0,1.0,56.0,0.0,Right forearm tightness,56.0,97.8,78.0,95.0,8.965285929325214,7.666666666666667,1,12,0.0,,,0.2,6.88002970053551,,False,8.260426230935726,0.13055253078646414,8.39097876172219,11.0,1.0,92.0,202,178,FA,0.0,92.0,-158.0,-135.0,48.0,119.0,232.0,79.0,let go,,False,178
683627,Anthony Molina,2026,2002-01-12,R,multi,9,5,34.0,31,7,15,29,3,0,0,0,0,0,3,2,3.97,1.06,136,541,1,0.176,0.232,15.91,0.0,0.274,54.0,10.8,1.588235294117647,24.5,True,anthony molina,,,,,,,,,,,,,,,,,,,,,,,,,,,,,,,,,,,,,,,,,,,,,,,,,1.0,20.2,18.2,0.334,-0.4,20.2,-0.4,0.0,4-Seam Fastball,4-Seam Fastball 48% (20% whiff),,,,4.354395611056111,219.0,0.0,0.0,0.0,0.0,,0.0,,,,,,0,7,,,,74.5,8.570626587193555,,False,8.806211432007391,0.1554196795076953,8.961631111515086,10.0,1.0,90.0,203,146,FA,0.0,90.0,-160.0,-137.0,47.0,125.0,231.0,77.0,let go,,False,179
453286,Max Scherzer,2026,1984-07-27,R,Toronto Blue Jays,17,17,77.66666666666667,61,34,53,72,15,0,0,0,0,0,3,9,6.14,1.36,337,1347,4,0.08,0.204,17.34,0.0,0.254,101.66666666666669,5.980392156862746,1.309012875536481,41.9,True,max scherzer,41.0,337.0,18.1,10.1,0.239,0.406,0.33,0.32,4.35,0.32,0.167,0.358,0.344,87.4,22.1,33.8,8.8,33.8,76.40768042,68.7,12.8,32.2,34.9,65.1,87.2,47.2,44.6,7.3,77.8,20.4,49.4,61.7,31.7,32.9,20.4,15.0,46.7,-5.0,4.585319046481383,-7.7887644160058995,-1.6536881401207395,1347.0,718.0,427.0,202.0,4.0,6.14,R,4.0,20.15058325291375,13.775609761503246,0.32072216326098774,-0.4212089101963566,28.7,1.0,2.0,4-Seam Fastball,"4-Seam Fastball 47% (16% whiff), Slider 18% (27% whiff), Changeup 15% (16% whiff), Curveball 14% (29% whiff)",93.1,93.1,,2.252667232096698,179.0,84.0,2.0,312.0,0.0,,178.5,86.5,103.2,87.3,7.857010265910668,15.01449275362319,5,123,-9.034100596760442,-10.599999999999994,-0.5,0.0,7.605738564086734,4.57,False,8.054577357974518,-1.6163012898658637,6.438276068108654,14.0,0.93,90.0,203,233,FA,0.0,90.0,-160.0,-137.0,47.0,125.0,232.0,77.0,let go,,False,180
571578,Patrick Corbin,2026,1989-07-19,L,Toronto Blue Jays,19,15,80.0,63,25,49,98,12,0,0,0,1,0,3,4,5.51,1.54,360,1412,1,0.106,0.211,17.65,0.0,0.34,98.0,6.533333333333333,1.225,36.9,True,patrick corbin,36.0,360.0,17.5,6.9,0.289,0.463,0.364,0.356,5.54,0.352,0.173,0.411,0.399,88.4,13.8,38.3,7.5,42.1,76.479630152,69.6,13.1,30.7,34.5,65.5,86.9,42.6,40.9,5.5,76.6,21.1,47.3,61.9,39.5,24.1,29.7,6.8,42.1,-12.0,-15.890599311221537,3.038457389141568,0.9264682696672057,1412.0,756.0,409.0,247.0,1.0,5.51,L,5.0,21.53969542517921,14.028324870414593,0.3449736041016568,-0.8774619302666907,37.1,0.7,2.0,Slider,"Slider 27% (37% whiff), Sinker 27% (9% whiff), Changeup 18% (29% whiff), Cutter 15% (14% whiff), 4-Seam Fastball 11% (12% whiff)",91.4,91.3,91.4,2.262374100910532,186.0,66.0,1.0,66.0,0.0,,66.0,83.6,103.5,84.3,7.418715597049175,8.247311827956988,6,171,-1.713978494623655,-11.600000000000009,-0.19999999999998863,0.1,7.205784533907045,,False,7.676218105495929,-0.8054619308504731,6.8707561746454555,13.0,0.93,89.0,205,225,FA,0.0,89.0,-161.0,-138.0,47.0,126.0,232.0,77.0,let go,,False,181
695418,Brad Lord,2026,2000-02-14,R,Washington Nationals,40,5,83.33333333333333,77,33,35,69,10,0,0,2,1,7,5,2,3.78,1.22,357,1467,0,0.123,0.197,17.6,0.0,0.261,119.33333333333331,23.866666666666664,1.432,26.4,True,brad lord,26.0,357.0,21.6,9.2,0.228,0.366,0.295,0.305,3.92,0.313,0.138,0.325,0.34,87.6,5.8,27.3,6.4,37.0,75.896113793,68.8,15.5,29.0,30.5,69.5,84.5,52.4,41.8,9.0,80.3,19.7,49.8,64.2,55.5,20.2,17.6,6.7,35.3,3.0,13.550358025945743,-8.134219742971927,-2.0585618098671716,1467.0,909.0,490.0,68.0,0.0,3.78,R,4.0,20.137539429810555,15.249211354787754,0.30841324924957625,0.43280756989355385,23.8,3.3,2.0,Sinker,"4-Seam Fastball 38% (24% whiff), Sinker 23% (12% whiff), Slider 20% (23% whiff), Sweeper 14% (20% whiff)",94.6,94.6,94.4,5.661922224464564,165.0,27.0,1.0,27.0,0.0,,27.0,97.4,95.1,97.1,9.26964399397728,,1,24,,-1.7999999999999972,-0.20000000000000284,0.4,7.876570550439618,,False,8.83388509195508,0.03730072308184696,8.871185815036927,10.0,1.0,89.0,205,153,FA,0.0,89.0,-161.0,-138.0,47.0,127.0,232.0,77.0,let go,,False,182
685299,Tanner Gordon,2026,1997-10-26,R,Colorado Rockies,24,12,103.66666666666667,85,24,77,148,21,0,0,0,0,0,1,6,6.68,1.66,473,1692,1,0.129,0.217,16.32,0.0,0.376,115.66666666666669,9.638888888888891,1.1157556270096465,28.7,True,tanner gordon,28.0,473.0,18.0,5.1,0.274,0.489,0.406,0.345,5.16,0.312,0.215,0.482,0.403,90.9,19.2,35.1,11.0,43.1,81.215675337,71.6,15.4,31.3,37.8,62.2,84.6,52.7,44.0,7.4,81.6,21.7,52.5,65.9,33.1,36.5,25.7,4.7,41.2,-29.0,-17.470799385830045,-12.089967786441488,0.5546338303890382,1692.0,803.0,511.0,378.0,1.0,6.68,R,3.0,22.48956796548127,17.922339302434818,0.3168366701229223,-0.809167547168946,22.7,0.2,1.0,Changeup,"4-Seam Fastball 43% (23% whiff), Changeup 22% (22% whiff), Slider 22% (23% whiff), Curveball 8% (22% whiff)",92.8,92.8,92.2,5.362614202086226,167.0,25.0,1.0,64.0,0.0,,48.4,93.8,115.5,95.5,9.045521059485695,9.638888888888891,2,35,0.0,8.099999999999994,0.5,0.1,6.406124278589124,,False,8.093183527446987,-0.10568538206523276,7.987498145381754,11.0,1.0,88.0,207,197,FA,0.0,88.0,-162.0,-139.0,47.0,128.0,233.0,77.0,let go,,False,183
676664,JP Sears,2026,1996-02-19,L,San Diego Padres,8,6,32.666666666666664,25,11,17,33,6,0,0,0,0,0,3,4,4.68,1.35,143,529,0,0.098,0.207,16.19,0.0,0.276,40.666666666666664,6.777777777777778,1.2448979591836735,30.4,True,jp sears,,,,,,,,,,,,,,,,,,,,,,,,,,,,,,,,,,,,,,,,,,,,,,,,,2.0,21.010144930035707,18.91884058127232,0.3630579710595726,-0.2840579732461667,24.5,1.6,1.0,4-Seam Fastball,"4-Seam Fastball 34% (19% whiff), Changeup 21% (24% whiff)",,,,3.5434615406820082,232.0,0.0,0.0,0.0,0.0,,0.0,,,,,,4,108,,,,1.2,7.731063003209043,,False,8.049708375905338,-0.21137076413046552,7.838337611774873,11.0,1.0,86.0,208,200,FA,0.0,86.0,-164.0,-141.0,46.0,131.0,232.0,76.0,let go,,False,184
694918,Blade Tidwell,2026,2001-06-08,R,San Francisco Giants,17,9,56.666666666666664,46,21,28,46,8,0,0,0,1,1,1,2,4.45,1.18,235,959,1,0.106,0.231,16.92,0.0,0.247,78.66666666666666,8.74074074074074,1.388235294117647,25.1,True,blade tidwell,25.0,235.0,19.6,8.9,0.238,0.384,0.304,0.317,4.27,0.326,0.146,0.324,0.342,88.4,21.7,29.0,10.5,37.7,77.154431605,64.1,13.4,24.6,48.3,51.7,86.6,49.9,38.0,7.9,71.1,23.1,44.3,60.0,38.3,27.8,19.1,14.8,42.0,3.0,1.3577077718701505,1.882962976872999,-0.6412492278668945,959.0,488.0,429.0,42.0,1.0,4.45,R,3.0,23.038009584395645,17.495683456490347,0.3253513189591679,0.31402877860661094,33.3,3.1,2.0,Sinker,"Sweeper 34% (33% whiff), 4-Seam Fastball 33% (19% whiff), Sinker 17% (10% whiff)",95.3,95.3,93.3,2.6489467177392814,203.0,5.0,1.0,5.0,0.0,Right UCL sprain,5.0,97.6,82.3,95.7,9.064678971663389,,0,11,,,,0.1,7.327667301324415,,False,8.500522701983039,0.11811895642584834,8.618641658408887,10.0,1.0,86.0,208,163,FA,0.0,86.0,-164.0,-141.0,46.0,130.0,233.0,76.0,let go,,False,185
687312,Gabriel Hughes,2026,2001-08-22,R,Colorado Rockies,14,13,64.0,56,24,45,68,7,0,0,0,1,0,0,8,6.33,1.44,283,1142,1,0.113,0.207,17.84,0.0,0.319,79.0,6.076923076923077,1.234375,24.9,True,gabriel hughes,24.0,283.0,19.8,8.5,0.242,0.38,0.337,0.305,3.92,0.311,0.139,0.384,0.34,87.5,13.7,37.5,6.0,32.0,77.294053571,68.6,13.1,26.6,40.7,59.3,86.9,50.7,42.0,7.1,84.0,20.7,47.9,59.7,41.5,26.5,27.5,4.5,41.5,-1.0,4.43196908185475,-4.449997757708663,-1.2771209253120412,1142.0,687.0,328.0,127.0,1.0,6.33,R,2.0,20.28823531037127,18.052941190769662,0.27435294107359953,0.5882352928831948,33.3,0.8,1.0,4-Seam Fastball,"4-Seam Fastball 52% (18% whiff), Curveball 11% (33% whiff)",92.9,92.4,92.9,9.351381761753839,202.0,0.0,0.0,0.0,0.0,,0.0,99.9,95.7,99.5,9.61766341120853,6.076923076923077,1,13,0.0,,,0.4,6.403556615433381,4.92,False,8.360290576907442,0.13055253078646414,8.490843107693905,10.0,1.0,85.0,210,168,FA,0.0,85.0,-165.0,-142.0,46.0,132.0,233.0,76.0,let go,,False,186
663542,Bryan Hudson,2026,1997-05-08,L,Chicago White Sox,70,9,67.33333333333333,59,18,28,68,5,0,0,3,8,10,5,4,3.74,1.28,282,1057,0,0.145,0.231,15.7,0.0,0.332,89.33333333333333,9.925925925925926,1.3267326732673268,29.1,True,bryan hudson,29.0,282.0,20.9,6.4,0.235,0.331,0.304,0.277,3.2,0.289,0.097,0.356,0.317,87.8,12.5,29.5,4.0,37.0,77.03898567,65.5,18.5,25.1,38.8,61.2,81.5,56.3,42.9,9.9,72.4,23.1,47.9,61.0,47.0,25.5,22.5,5.0,37.5,-1.0,5.414098048678901,-6.471160730093858,,1057.0,756.0,301.0,0.0,0.0,3.74,L,2.0,23.93107105051735,19.782502646378575,0.261539766693447,0.3815482491377556,25.0,1.1,1.0,4-Seam Fastball,"4-Seam Fastball 67% (24% whiff), Sweeper 27% (25% whiff)",92.0,92.0,89.9,3.7066246073813267,195.0,0.0,0.0,40.0,0.0,,19.2,100.4,93.4,100.1,9.701977444029797,,0,9,,,,1.0,6.926442779245164,,False,8.625846009831713,-0.13055253078646414,8.49529347904525,10.0,1.0,85.0,210,167,FA,0.0,85.0,-165.0,-142.0,46.0,132.0,233.0,76.0,let go,,False,187
668984,Casey Legumina,2026,1997-06-19,R,multi,54,6,70.66666666666667,55,19,30,71,7,0,0,0,0,7,2,2,3.82,1.27,300,1120,0,0.12,0.209,15.85,0.0,0.306,95.66666666666667,15.944444444444445,1.3537735849056602,29.0,True,casey legumina,29.0,300.0,18.3,6.3,0.261,0.401,0.322,0.315,4.21,0.316,0.14,0.361,0.354,87.2,12.0,36.2,6.4,38.3,75.838370926,70.6,15.8,32.5,33.1,66.9,84.2,51.9,43.2,8.1,76.4,20.9,52.1,68.7,41.7,28.9,24.3,5.0,36.2,1.0,6.055891066207076,-6.245641165403074,1.0725254089295617,1120.0,718.0,255.0,129.0,0.0,3.82,R,4.0,20.212018139628036,15.225850335030156,0.31411337862760375,0.6545351456710425,33.8,1.2,3.0,4-Seam Fastball,"4-Seam Fastball 42% (24% whiff), Sinker 22% (10% whiff), Sweeper 12% (34% whiff), Changeup 11% (12% whiff)",93.1,93.1,92.9,4.194268776932212,188.0,0.0,0.0,0.0,0.0,,0.0,95.9,113.0,97.5,9.335782562895991,,0,7,,,,0.2,7.089197566423404,,False,8.524530476963367,-0.12433574360615623,8.40019473335721,10.0,1.0,84.0,212,176,FA,0.0,84.0,-166.0,-143.0,46.0,134.0,234.0,70.0,let go,,False,188
683363,Matt Wilkinson,2026,2002-12-10,L,San Francisco Giants,8,6,27.666666666666668,20,5,11,22,5,0,0,0,0,0,1,3,3.58,0.98,110,419,1,0.136,0.185,15.14,0.0,0.213,40.66666666666667,6.777777777777779,1.4698795180722892,23.6,True,matt wilkinson,,,,,,,,,,,,,,,,,,,,,,,,,,,,,,,,,,,,,,,,,,,,,,,,,1.0,17.5,17.8,0.31,0.9,17.5,0.9,1.0,4-Seam Fastball,4-Seam Fastball 58% (18% whiff),,,,2.80039840873099,231.0,0.0,0.0,0.0,0.0,,0.0,,,,,,0,6,,,,70.4,7.829372381148048,,False,8.138291714050363,0.21137076413046552,8.349662478180829,10.0,1.0,83.0,213,180,FA,0.0,83.0,-167.0,-144.0,45.0,136.0,233.0,69.0,let go,,False,189
623211,Huascar Brazobán,2026,1989-10-15,R,multi,60,6,67.0,56,29,22,44,5,0,0,4,0,11,6,2,2.96,1.09,267,1040,0,0.101,0.256,15.52,0.0,0.224,89.0,14.833333333333334,1.328358208955224,36.7,True,huascar brazoban,36.0,267.0,21.0,10.9,0.221,0.335,0.271,0.289,3.5,0.306,0.114,0.286,0.314,86.4,9.3,27.6,5.0,30.9,74.787456067,68.8,16.5,32.2,43.2,56.8,83.5,47.4,41.8,5.8,81.7,25.6,49.5,64.7,50.8,22.7,18.8,7.7,48.1,11.0,5.644132610852187,0.19229511185103365,4.891724066911479,1040.0,621.0,6.0,413.0,0.0,2.96,R,2.0,25.542128605228097,18.396119733378892,0.28751884699219765,1.069955654057748,33.7,1.2,2.0,Sinker,"Sinker 51% (19% whiff), Changeup 39% (34% whiff)",96.9,96.9,96.1,2.1312820556838457,196.0,26.0,1.0,26.0,0.0,Left lat strain,26.0,106.7,105.1,107.1,10.718176064100067,,0,9,,,,0.1,6.744396771483764,,False,9.023540413712277,-0.7730283564898581,8.25051205722242,10.0,0.93,83.0,213,191,FA,0.0,83.0,-167.0,-144.0,45.0,136.0,234.0,69.0,let go,,False,190
680573,Simeon Woods Richardson,2026,2000-09-27,R,multi,20,10,66.0,40,37,49,79,11,0,0,0,0,0,2,7,6.68,1.76,303,1161,1,0.01,0.185,17.59,0.0,0.322,61.0,6.1,0.9242424242424242,25.8,True,simeon woods richardson,25.0,303.0,13.2,12.2,0.28,0.467,0.39,0.368,5.99,0.373,0.186,0.406,0.376,90.0,18.3,33.5,8.5,44.2,79.067889636,64.0,13.4,22.2,32.1,67.9,86.6,48.1,41.7,8.1,75.5,18.5,42.3,57.1,38.8,28.6,23.2,9.4,36.6,-20.0,-0.5990485828256025,-4.924914961217814,-14.057188921055111,1161.0,505.0,369.0,287.0,1.0,6.68,R,3.0,19.06352549934526,13.82372505213839,0.3719722838426643,-2.0053215094058046,20.2,-0.1,0.0,4-Seam Fastball,"4-Seam Fastball 43% (18% whiff), Split-Finger 25% (20% whiff), Slider 22% (19% whiff)",92.6,92.6,91.7,2.848103450085006,210.0,0.0,0.0,23.0,0.0,,13.799999999999999,80.2,77.2,77.7,6.45382580127248,8.196969696969695,3,60,-2.096969696969696,-18.299999999999997,-0.6000000000000085,0.0,7.3993265895641125,,False,7.307546407420357,0.0746014461636937,7.382147853584051,11.0,1.0,81.0,215,220,FA,0.0,81.0,-169.0,-146.0,45.0,135.0,234.0,63.0,let go,,False,191
663738,Daniel Lynch IV,2026,1996-11-17,L,Kansas City Royals,55,9,80.66666666666667,54,26,37,66,9,0,0,2,1,13,6,6,4.13,1.14,334,1224,0,0.084,0.225,15.17,0.0,0.238,91.66666666666669,10.185185185185187,1.1363636363636365,29.6,True,daniel lynch,29.0,334.0,16.2,7.8,0.259,0.422,0.293,0.327,4.57,0.325,0.162,0.308,0.353,89.2,12.5,31.2,6.8,38.4,78.925601057,65.5,14.8,29.6,37.7,62.3,85.2,47.3,43.4,7.3,76.4,22.5,46.6,56.3,48.4,24.0,20.8,6.8,42.8,8.0,1.2702472285028512,6.0488215042058995,1.0215798861850591,1224.0,571.0,350.0,303.0,0.0,4.13,L,4.0,22.130482458528583,18.637938593583605,0.32092434212642834,0.9383771916079947,37.0,2.9,3.0,Slider,"Sinker 32% (14% whiff), Changeup 24% (25% whiff), Slider 20% (37% whiff), 4-Seam Fastball 15% (14% whiff)",94.6,94.6,94.1,3.1737430231910606,192.0,0.0,0.0,28.0,0.0,,16.8,101.0,96.8,100.3,9.739081918161085,,2,65,,,,0.1,5.805044560357113,,False,8.158490330720687,-0.1616364666880032,7.996853864032683,10.0,1.0,80.0,216,195,FA,0.0,80.0,-170.0,-147.0,45.0,138.0,235.0,61.0,let go,,False,192
641302,Tyler Alexander,2026,1994-07-14,L,Texas Rangers,74,5,72.0,60,22,29,71,3,0,0,2,4,14,5,2,3.63,1.29,308,1184,0,0.123,0.209,16.44,0.0,0.313,97.0,19.4,1.3472222222222223,32.0,True,tyler alexander,31.0,309.0,19.4,7.4,0.229,0.325,0.297,0.279,3.25,0.295,0.096,0.33,0.305,86.7,9.4,29.7,4.1,32.9,75.491032182,63.5,14.3,31.0,33.2,66.8,85.7,47.4,43.5,7.3,73.3,20.9,46.4,66.9,51.4,22.5,20.3,5.9,42.3,5.0,4.5328767643115695,1.5918036174301387,-0.8140284037560237,1184.0,692.0,219.0,273.0,0.0,3.63,L,5.0,21.395495494917437,17.55655655577299,0.2746166166055224,0.5199199203207211,28.4,3.0,3.0,4-Seam Fastball,"Changeup 24% (27% whiff), Cutter 21% (20% whiff), Sinker 19% (5% whiff), Sweeper 18% (25% whiff), 4-Seam Fastball 18% (28% whiff)",91.9,91.9,91.3,2.6392212721581236,187.0,0.0,0.0,0.0,0.0,,0.0,93.1,108.8,94.8,8.931878320335723,,2,52,,,,0.9,6.782821066592311,,False,8.202744283401074,-0.3108393590153906,7.891904924385684,10.0,1.0,79.0,217,198,FA,0.0,79.0,-171.0,-148.0,44.0,139.0,234.0,61.0,let go,,False,193
683352,Mitch Bratt,2026,2003-07-03,L,Arizona Diamondbacks,10,10,44.0,30,27,23,40,5,0,0,0,0,0,1,3,4.7,1.52,194,726,2,0.015,0.149,16.5,0.0,0.271,59.0,5.9,1.3409090909090908,23.0,True,mitch bratt,,,,,,,,,,,,,,,,,,,,,,,,,,,,,,,,,,,,,,,,,,,,,,,,,2.0,15.400000002288985,16.700000002145924,0.31299999994849786,-0.3666666663328565,18.6,0.1,1.0,Slurve,"4-Seam Fastball 47% (14% whiff), Slurve 23% (19% whiff)",,,,4.038842976573553,213.0,0.0,0.0,0.0,0.0,,0.0,,,,,5.9,1,10,0.0,,,20.6,7.040445624356844,4.4,False,7.427415832892281,0.24867148721231247,7.676087320104593,10.0,1.0,77.0,220,206,FA,0.0,77.0,-173.0,-150.0,44.0,141.0,235.0,56.0,let go,,False,194
695684,Elmer Rodríguez,2026,2003-08-18,R,New York Yankees,6,6,26.666666666666668,21,16,16,26,2,0,0,0,0,0,0,3,5.4,1.58,125,497,1,0.04,0.293,18.64,0.0,0.3,35.66666666666667,5.9444444444444455,1.3375000000000001,22.9,True,elmer rodriguez,,,,,,,,,,,,,,,,,,,,,,,,,,,,,,,,,,,,,,,,,,,,,,,,,1.0,16.1,10.0,0.4,0.0,16.1,0.0,0.0,Sinker,Sinker 46% (16% whiff),,,,4.125201616484423,237.0,0.0,0.0,0.0,0.0,,0.0,,,,,,0,6,,,,13.5,7.019857901796614,,False,7.408864915091536,0.25488827439262035,7.663753189484156,10.0,1.0,77.0,220,210,THALER,0.0,77.0,-173.0,-150.0,44.0,141.0,235.0,56.0,let go,,False,195
694346,Trey Gibson,2026,2002-05-18,R,Baltimore Orioles,9,8,39.666666666666664,37,27,27,41,7,0,0,0,0,0,2,3,6.13,1.71,185,711,1,0.054,0.215,17.92,0.0,0.304,53.66666666666666,6.708333333333332,1.352941176470588,24.1,True,trey gibson,,,,,,,,,,,,,,,,,,,,,,,,,,,,,,,,,,,,,,,,,,,,,,,,,3.0,22.45487805035879,22.718597561805193,0.33417378048243696,-0.13810975622815663,27.1,0.3,1.0,Slider,"Sinker 25% (18% whiff), Slider 21% (27% whiff), 4-Seam Fastball 19% (23% whiff)",,,,4.443492587186969,220.0,0.0,0.0,0.0,0.0,,0.0,,,,,,0,8,,,,16.4,7.113217712405677,,False,7.492988361355934,0.18028682822892644,7.67327518958486,10.0,1.0,77.0,220,207,FA,0.0,77.0,-173.0,-150.0,44.0,142.0,235.0,56.0,let go,,False,196
686930,Mason Barnett,2026,2000-11-07,R,Athletics,20,6,50.0,50,30,39,53,14,0,0,0,2,0,1,4,7.02,1.66,229,909,0,0.087,0.223,18.18,0.0,0.293,61.0,10.166666666666666,1.22,25.6,True,mason barnett,25.0,229.0,21.8,13.1,0.246,0.431,0.386,0.343,5.09,0.348,0.184,0.452,0.384,89.9,18.3,34.7,8.8,40.1,79.970833514,64.6,10.8,26.6,44.4,55.6,89.2,44.1,40.8,5.3,72.9,22.3,43.3,56.1,34.0,33.3,25.2,7.5,32.0,-14.0,-7.435377845130536,-5.092768282787949,-1.6998169007654431,909.0,447.0,393.0,69.0,0.0,7.02,R,3.0,21.926506027012625,18.546144576821163,0.359150602350058,-1.5796385539290172,28.2,0.7,1.0,Slider,"4-Seam Fastball 49% (20% whiff), Slider 20% (28% whiff), Sweeper 15% (20% whiff)",95.0,95.0,,6.671467025514672,210.0,0.0,0.0,0.0,0.0,,0.0,92.4,85.7,90.8,8.353928654278556,,0,11,,,,0.4,5.976135548001011,,False,7.583096594509062,0.08703502052430928,7.670131615033371,10.0,1.0,77.0,220,209,FA,0.0,77.0,-173.0,-150.0,44.0,141.0,235.0,56.0,let go,,False,197
700363,AJ Smith-Shawver,2026,2002-11-20,R,Atlanta Braves,8,5,30.0,24,16,22,31,6,0,0,1,0,1,0,3,6.6,1.57,139,557,0,0.058,0.217,18.57,0.0,0.275,29.0,5.8,0.9666666666666667,23.6,True,aj smithshawver,,,,,,,,,,,,,,,,,,,,,,,,,,,,,,,,,,,,,,,,,,,,,,,,,2.0,22.218015665879854,13.988772845982316,0.3121540469969868,-1.0496083550924062,34.5,-0.9,0.0,4-Seam Fastball,"4-Seam Fastball 38% (10% whiff), Split-Finger 38% (34% whiff)",,,,3.5189189187285246,243.0,126.0,1.0,294.0,0.0,Right elbow reconstruction,213.0,,,,,,0,19,,,,9.2,7.0775383242694225,,False,7.460838841438898,0.21137076413046552,7.672209605569363,10.0,1.0,77.0,220,208,FA,0.0,77.0,-173.0,-150.0,44.0,140.0,234.0,56.0,let go,,False,198
674003,Cody Bradford,2026,1998-02-22,L,Texas Rangers,9,8,43.0,21,10,20,52,5,0,0,0,0,0,0,5,4.19,1.44,187,696,1,0.059,0.178,16.19,0.0,0.315,48.0,6.0,1.1162790697674418,28.4,True,cody bradford,,,,,,,,,,,,,,,,,,,,,,,,,,,,,,,,,,,,,,,,,,,,,,,,,2.0,17.27148014495432,10.637304452497464,0.3424885679530962,-0.5419975925583691,18.4,0.9,1.0,Changeup,"4-Seam Fastball 52% (17% whiff), Changeup 31% (18% whiff)",,,,1.5939226575800949,222.0,133.0,1.0,424.0,0.0,,275.8,,,,,,1,29,,,,3.6,7.292166959199436,,False,7.654233625763611,-0.08703502052430928,7.567198605239302,10.0,1.0,76.0,223,213,FA,0.0,76.0,-174.0,-151.0,44.0,143.0,235.0,56.0,let go,,False,199
593974,Wandy Peralta,2026,1991-07-27,L,San Diego Padres,65,5,77.33333333333333,50,23,31,79,7,0,0,2,0,4,3,3,3.61,1.32,321,1224,0,0.084,0.223,15.83,0.0,0.305,90.33333333333333,18.066666666666666,1.168103448275862,34.9,True,wandy peralta,34.0,321.0,15.6,7.2,0.275,0.394,0.327,0.319,4.32,0.329,0.119,0.356,0.347,88.0,9.1,37.1,4.5,35.9,77.143855,73.5,13.7,33.2,37.8,62.2,86.3,44.7,41.0,6.3,81.8,22.3,51.2,63.4,47.8,18.0,28.2,6.1,38.4,0.0,-1.0196565822376558,-1.3062651445367905,2.093154141788795,1224.0,625.0,181.0,418.0,0.0,3.61,L,3.0,23.136423845022883,14.72836644527031,0.3073719646853026,0.42350993270360954,30.8,1.0,2.0,Sinker,"Sinker 42% (16% whiff), Changeup 34% (31% whiff), Slider 15% (26% whiff)",96.3,96.3,96.0,2.3311210790086996,193.0,0.0,0.0,51.0,0.0,,15.299999999999999,96.5,105.6,97.1,9.274300233758252,,0,7,,,,0.1,5.989044370791422,,False,8.020141529806521,-0.49112618724431706,7.529015342562204,10.0,1.0,75.0,224,215,FA,0.0,75.0,-175.0,-152.0,43.0,144.0,235.0,55.0,let go,,False,200
800600,Jackson Kent,2026,2003-02-10,L,Washington Nationals,8,7,36.333333333333336,30,25,24,40,2,0,0,0,0,0,2,4,5.94,1.79,170,677,1,0.029,0.238,18.63,0.0,0.336,46.33333333333334,6.61904761904762,1.2752293577981653,23.4,True,jackson kent,,,,,,,,,,,,,,,,,,,,,,,,,,,,,,,,,,,,,,,,,,,,,,,,,2.0,22.35776516019786,14.877272728116393,0.3862386363362173,-2.196401514975752,37.0,-1.9,0.0,Changeup,"4-Seam Fastball 31% (12% whiff), Changeup 22% (37% whiff)",,,,4.305222439111219,226.0,0.0,0.0,0.0,0.0,,0.0,,,,,,0,7,,,,12.4,6.646212763431602,,False,7.072185604003147,0.2238043384910813,7.295989942494229,10.0,1.0,73.0,225,222,FA,0.0,73.0,-177.0,-154.0,43.0,146.0,235.0,52.0,let go,,False,201
663978,Chris Paddack,2026,1996-01-08,R,multi,14,9,57.0,40,19,43,76,9,0,0,1,0,0,0,7,6.79,1.67,267,1015,1,0.079,0.214,17.81,0.0,0.344,55.0,6.111111111111111,0.9649122807017544,30.5,True,chris paddack,30.0,267.0,15.0,7.1,0.28,0.45,0.37,0.342,5.05,0.337,0.17,0.408,0.373,88.8,15.0,34.5,8.4,36.9,77.7658922,69.9,14.7,33.3,33.5,66.5,85.3,46.1,41.9,7.2,75.3,21.4,50.1,68.5,39.3,29.1,25.7,5.8,40.3,-11.0,-7.403604108700084,-2.5514052575092117,-1.013403426424023,1015.0,545.0,194.0,276.0,1.0,6.79,R,3.0,21.66229946833302,13.70975935784856,0.332394385041199,-1.0717914448992323,27.5,-0.3,0.0,Changeup,"4-Seam Fastball 34% (16% whiff), Changeup 27% (28% whiff), Cutter 13% (23% whiff)",92.9,92.9,92.9,3.0334319591685386,217.0,0.0,0.0,84.0,0.0,,25.2,86.9,109.8,88.2,7.983397079993191,,3,81,,-2.8999999999999915,-0.7999999999999972,0.0,6.293953683822855,,False,7.546777725803286,-0.2175875513107734,7.329190174492513,10.0,1.0,73.0,225,221,FA,0.0,73.0,-177.0,-154.0,43.0,149.0,235.0,52.0,let go,,False,202
500779,Jose Quintana,2026,1989-01-24,L,Colorado Rockies,11,11,48.0,25,20,29,52,10,0,0,0,0,0,2,3,5.44,1.5,212,816,1,0.024,0.209,17.0,0.0,0.273,48.0,4.363636363636363,1.0,37.4,True,jose quintana,,,,,,,,,,,,,,,,,,,,,,,,,,,,,,,,,,,,,,,,,,,,,,,,,4.0,20.17144522181144,10.756643355446883,0.3488356643457544,-0.501398601392081,29.7,0.3,1.0,Curveball,"4-Seam Fastball 30% (19% whiff), Changeup 21% (30% whiff), Sinker 19% (10% whiff), Curveball 16% (22% whiff)",,,,5.979912667155895,222.0,130.0,2.0,159.0,0.0,Left elbow sprain,147.4,,,,,10.589743589743591,6,121,-6.226107226107228,,,0.3,7.017774416897349,4.36,False,7.4069875555636795,-0.8865458667520122,6.520441688811667,11.0,0.93,72.0,227,231,FA,0.0,72.0,-178.0,-155.0,43.0,151.0,236.0,53.0,let go,,False,203
571927,Steven Matz,2026,1991-05-29,L,Tampa Bay Rays,36,11,80.33333333333333,61,25,49,74,15,0,0,1,1,1,6,6,5.49,1.23,342,1345,3,0.105,0.208,16.74,0.0,0.248,101.33333333333331,9.212121212121211,1.2614107883817425,35.1,True,steven matz,35.0,342.0,17.8,7.3,0.274,0.458,0.32,0.342,5.05,0.331,0.184,0.357,0.386,88.0,13.4,40.6,10.6,35.4,76.306606508,65.7,15.7,29.1,33.0,67.0,84.3,51.2,41.0,8.0,74.8,20.8,47.9,61.4,39.0,25.6,28.7,6.7,35.4,-5.0,-6.206952037159151,2.2018750544409547,-0.8159112000350423,1345.0,676.0,286.0,383.0,3.0,5.49,L,3.0,20.5369739478478,14.0633266528524,0.34653306611609996,-0.46753506926839655,23.9,1.3,1.0,Curveball,"Sinker 50% (19% whiff), Changeup 30% (24% whiff), Curveball 12% (21% whiff), Slider 8% (19% whiff)",93.5,,93.5,4.5047275658879355,181.0,45.0,2.0,168.0,0.0,,81.9,91.7,97.0,91.4,8.451314852884947,10.235294117647058,4,76,-1.023172905525847,,,0.0,6.279765291429932,,False,7.76000157755899,-0.513559761604933,7.246441815954057,10.0,1.0,72.0,227,223,FA,0.0,72.0,-178.0,-155.0,43.0,148.0,236.0,53.0,let go,,False,204
682227,Brandon Williamson,2026,1998-04-02,L,Cincinnati Reds,11,8,49.666666666666664,33,27,27,43,8,0,0,0,0,0,5,4,4.89,1.41,215,831,2,0.028,0.24,16.73,0.0,0.245,63.66666666666666,7.958333333333332,1.2818791946308723,28.2,True,brandon williamson,,,,,,,,,,,,,,,,,,,,,,,,,,,,,,,,,,,,,,,,,,,,,,,,,3.0,24.445953357835588,17.494787370391826,0.39606858716432686,-1.6444444463191585,35.1,0.9,1.0,Cutter,"Cutter 31% (25% whiff), Changeup 23% (35% whiff), 4-Seam Fastball 19% (11% whiff)",,,,2.836903041952388,209.0,124.0,1.0,502.0,0.0,Left shoulder fatigue,293.2,,,,,,1,34,,,,0.9,6.74075677152857,,False,7.157376091568187,-0.0746014461636937,7.082774645404493,10.0,1.0,71.0,229,224,FA,0.0,71.0,-179.0,-156.0,42.0,151.0,236.0,51.0,let go,,False,205
814490,Ethan Pecko,2026,2002-08-25,R,Houston Astros,7,5,31.333333333333332,21,14,15,24,5,0,0,0,0,1,1,0,4.31,1.21,130,538,0,0.054,0.208,17.17,0.0,0.216,37.33333333333333,7.466666666666666,1.1914893617021276,23.8,True,ethan pecko,,,,,,,,,,,,,,,,,,,,,,,,,,,,,,,,,,,,,,,,,,,,,,,,,1.0,21.6,22.2,0.326,4.2,21.6,4.2,1.0,Sinker,Sinker 22% (22% whiff),,,,2.237688443686452,235.0,0.0,0.0,0.0,0.0,,0.0,,,,,,0,5,,,,15.4,6.150952918614967,,False,6.625923291873939,0.19893718976984992,6.824860481643788,10.0,1.0,68.0,230,226,FA,0.0,68.0,-182.0,-159.0,42.0,154.0,237.0,48.0,let go,,False,206
608566,Germán Márquez,2026,1995-02-22,R,San Diego Padres,13,10,53.0,37,24,31,55,14,0,0,0,1,0,4,2,5.26,1.49,236,918,0,0.055,0.19,17.32,0.0,0.258,59.0,5.9,1.1132075471698113,31.4,True,german marquez,31.0,236.0,15.7,10.2,0.266,0.484,0.371,0.362,5.77,0.347,0.218,0.401,0.388,89.0,16.6,33.5,9.8,43.9,77.59810907,69.7,11.4,26.0,38.8,61.2,88.6,49.2,38.9,7.7,76.1,19.0,47.5,62.3,38.7,33.5,20.2,7.5,41.6,-16.0,-5.358775460941101,-7.436780474639338,-3.4335633915574864,918.0,478.0,411.0,29.0,0.0,5.26,R,4.0,19.12024793431716,12.776652891005567,0.3626859502791903,-1.4426652873236974,30.6,0.2,2.0,Slider,"4-Seam Fastball 38% (14% whiff), Curveball 32% (27% whiff), Sinker 14% (6% whiff), Slider 13% (31% whiff)",94.6,94.6,94.1,7.1092592563129635,213.0,60.0,1.0,169.0,0.0,,103.8,86.4,85.9,84.8,7.4815046914131305,11.6875,4,103,-5.7875,4.1000000000000085,-0.20000000000000284,0.1,5.6354630732234146,5.3,False,7.026845882608091,-0.2735386359335436,6.753307246674548,10.0,1.0,68.0,230,227,FA,0.0,68.0,-182.0,-159.0,42.0,155.0,237.0,48.0,let go,,False,207
676571,PJ Poulin,2026,1996-07-25,L,Washington Nationals,35,11,36.666666666666664,25,21,11,27,4,0,0,2,3,7,3,0,2.7,1.31,153,635,0,0.026,0.169,17.32,0.0,0.225,44.666666666666664,4.0606060606060606,1.2181818181818183,29.9,True,pj poulin,,,,,,,,,,,,,,,,,,,,,,,,,,,,,,,,,,,,,,,,,,,,,,,,,3.0,16.418140584178662,16.584580498465147,0.3539648526010266,0.6259637192994432,29.0,2.4,2.0,Sinker,"Sweeper 35% (29% whiff), 4-Seam Fastball 30% (10% whiff), Sinker 23% (6% whiff)",,,,5.477480311350709,227.0,70.0,1.0,70.0,0.0,,70.0,,,,,4.0606060606060606,1,11,0.0,,,5.3,6.281770882079674,,False,6.74379904427904,-0.18028682822892644,6.563512216050114,10.0,1.0,66.0,232,229,FA,0.0,66.0,-184.0,-161.0,41.0,158.0,237.0,45.0,let go,,False,208
691951,Sam Aldegheri,2026,2001-09-19,L,Los Angeles Angels,9,6,33.666666666666664,22,17,19,31,5,0,0,0,0,0,3,4,5.08,1.43,151,610,0,0.033,0.204,18.12,0.0,0.245,36.666666666666664,6.111111111111111,1.0891089108910892,24.8,True,sam aldegheri,,,,,,,,,,,,,,,,,,,,,,,,,,,,,,,,,,,,,,,,,,,,,,,,,2.0,20.504092077227384,12.295652175714443,0.33685421993004033,0.8207161124789869,33.3,0.9,2.0,4-Seam Fastball,"4-Seam Fastball 47% (12% whiff), Changeup 31% (33% whiff)",,,,2.9652459068131143,236.0,0.0,0.0,14.0,0.0,,4.2,,,,,,0,11,,,,11.9,5.895380836572426,,False,6.39563571770122,0.1367693179667718,6.532405035667992,10.0,1.0,65.0,233,230,FA,0.0,65.0,-185.0,-162.0,41.0,158.0,237.0,45.0,let go,,False,209
476594,Robert Stock,2026,1989-11-21,R,New York Mets,8,7,30.333333333333332,29,15,20,38,2,0,0,0,0,1,1,3,5.93,1.75,147,560,0,0.095,0.24,18.46,0.0,0.371,39.33333333333333,5.619047619047619,1.2967032967032965,36.6,True,robert stock,,,,,,,,,,,,,,,,,,,,,,,,,,,,,,,,,,,,,,,,,,,,,,,,,3.0,20.697036081454755,10.854768040767649,0.3707796391451818,-0.5182989688725556,30.0,1.2,1.0,4-Seam Fastball,"Cutter 31% (21% whiff), 4-Seam Fastball 24% (30% whiff), Sinker 22% (10% whiff)",,,,3.0417422877588423,233.0,11.0,1.0,11.0,0.0,,11.0,,,,,,0,7,,,,3.9,6.55947659130998,,False,6.9940304999273,-0.7568115693095502,6.2372189306177495,10.0,0.93,62.0,235,235,FA,0.0,62.0,-188.0,-165.0,40.0,164.0,238.0,44.0,let go,,False,210
663992,Richard Lovelady,2026,1995-07-07,L,multi,38,6,35.0,31,24,16,41,5,0,0,3,4,10,3,4,4.11,1.86,172,640,0,0.041,0.223,18.29,0.0,0.346,41.0,6.833333333333333,1.1714285714285715,31.0,True,richard lovelady,,,,,,,,,,,,,,,,,,,,,,,,,,,,,,,,,,,,,,,,,,,,,,,,,2.0,23.1954545442274,19.586363636538945,0.36236363640120206,-0.7772727277485599,25.2,0.0,0.0,Sweeper,"Sweeper 43% (25% whiff), Sinker 30% (20% whiff)",,,,4.209090909654545,230.0,75.0,1.0,136.0,0.0,Left triceps strain,93.3,,,,,,0,6,,,,6.0,6.0083892836410895,,False,6.497463902252836,-0.24867148721231247,6.248792415040524,10.0,1.0,62.0,235,234,FA,0.0,62.0,-188.0,-165.0,40.0,162.0,238.0,44.0,let go,,False,211
684442,Kohl Drake,2026,2000-07-17,L,Arizona Diamondbacks,5,5,20.666666666666668,17,7,15,24,5,0,0,0,0,0,0,1,6.53,1.5,95,382,0,0.105,0.22,18.48,0.0,0.306,22.66666666666667,4.533333333333334,1.0967741935483872,26.0,True,kohl drake,,,,,,,,,,,,,,,,,,,,,,,,,,,,,,,,,,,,,,,,,,,,,,,,,1.0,13.9,19.6,0.405,0.0,13.9,0.0,0.0,4-Seam Fastball,4-Seam Fastball 43% (14% whiff),,,,4.239005233807068,246.0,0.0,0.0,0.0,0.0,,0.0,,,,,,0,5,,,,20.9,5.600748413471014,,False,6.130152158439218,0.06216787180307812,6.192320030242296,10.0,1.0,62.0,235,236,FA,0.0,62.0,-188.0,-165.0,40.0,163.0,238.0,44.0,let go,,False,212
669620,Brady Basso,2026,1997-10-08,L,Athletics,25,7,42.0,30,9,25,58,4,0,0,1,0,3,1,3,5.36,1.6,192,677,0,0.109,0.203,16.12,0.0,0.365,44.0,6.285714285714286,1.0476190476190477,28.7,True,brady basso,,,,,,,,,,,,,,,,,,,,,,,,,,,,,,,,,,,,,,,,,,,,,,,,,2.0,20.014238414356825,17.823509942140696,0.29378145694443225,0.20264900462699012,23.6,0.9,1.0,4-Seam Fastball,"4-Seam Fastball 44% (19% whiff), Slider 16% (24% whiff)",,,,4.715978451611529,228.0,0.0,0.0,140.0,0.0,,84.0,,,,,,0,12,,,,6.9,5.744266706306564,,False,6.259471758774154,-0.10568538206523276,6.153786376708921,10.0,1.0,62.0,235,237,FA,0.0,62.0,-188.0,-165.0,40.0,162.0,238.0,44.0,let go,,False,213
571945,Miles Mikolas,2026,1988-08-23,R,Washington Nationals,25,11,116.0,58,23,75,137,27,0,0,0,0,0,3,9,5.82,1.38,498,1827,0,0.07,0.145,15.75,0.0,0.284,99.0,9.0,0.853448275862069,37.9,True,miles mikolas,37.0,498.0,11.6,4.6,0.288,0.506,0.364,0.354,5.47,0.322,0.219,0.395,0.383,90.1,12.0,34.2,9.2,43.6,78.822472341,67.0,10.4,28.4,24.9,75.1,89.6,51.9,42.6,6.5,84.9,14.5,48.4,65.3,45.3,26.5,22.4,5.8,39.0,-21.0,-2.158074068497757,-14.02575153170151,-5.061427044423972,1827.0,886.0,794.0,146.0,0.0,5.82,R,4.0,14.798838438126511,11.874023225374746,0.34993136219149223,-0.8871172142179662,22.4,0.5,1.0,4-Seam Fastball,"4-Seam Fastball 25% (14% whiff), Sinker 24% (10% whiff), Slider 23% (17% whiff), Curveball 15% (22% whiff), Changeup 8% (12% whiff)",93.2,93.2,92.8,3.605859806712596,184.0,0.0,0.0,0.0,0.0,,0.0,79.0,112.8,80.9,6.919977931171827,11.854166666666668,5,150,-2.854166666666668,-4.299999999999997,0.20000000000000284,0.1,6.108778137227581,,False,6.968206695499669,-0.9676298026535513,6.000576892846118,10.0,0.93,60.0,238,239,FA,0.0,60.0,-190.0,-167.0,39.0,166.0,238.0,40.0,let go,,False,214
687931,Carson Whisenhunt,2026,2000-10-20,L,San Francisco Giants,8,8,34.666666666666664,26,21,25,41,5,0,0,0,0,0,3,4,6.49,1.79,164,617,0,0.03,0.282,17.8,0.0,0.324,35.666666666666664,4.458333333333333,1.0288461538461537,25.7,True,carson whisenhunt,,,,,,,,,,,,,,,,,,,,,,,,,,,,,,,,,,,,,,,,,,,,,,,,,2.0,25.98796561593706,15.011747850969204,0.4007507163330925,-1.3435530086144611,39.2,0.9,1.0,Changeup,"Changeup 35% (39% whiff), 4-Seam Fastball 35% (13% whiff)",,,,3.162074553984603,238.0,33.0,1.0,61.0,0.0,Left elbow sprain,49.8,,,,,,0,13,,,,14.4,5.3673972542978605,,False,5.919887125001674,0.0808182333440016,6.000705358345676,10.0,1.0,60.0,238,238,FA,0.0,60.0,-190.0,-167.0,39.0,165.0,238.0,40.0,let go,,False,215
702474,Mike Paredes,2026,2000-07-27,R,Minnesota Twins,9,5,34.333333333333336,19,13,18,36,6,0,0,0,0,0,0,3,4.72,1.43,154,551,0,0.039,0.193,16.05,0.0,0.27,35.333333333333336,7.066666666666667,1.029126213592233,25.9,True,mike paredes,,,,,,,,,,,,,,,,,,,,,,,,,,,,,,,,,,,,,,,,,,,,,,,,,3.0,18.878723408231476,11.17706856166524,0.35052955079126635,-1.503782505423939,28.3,-0.7,0.0,Changeup,"4-Seam Fastball 37% (14% whiff), Changeup 26% (17% whiff), Sweeper 22% (28% whiff)",,,,3.941379309979311,239.0,63.0,1.0,63.0,0.0,,63.0,,,,,,0,5,,,,9.0,5.214254051003527,,False,5.781894835288978,0.06838465898338601,5.850279494272364,10.0,1.0,59.0,240,240,FA,0.0,59.0,-191.0,-168.0,39.0,169.0,239.0,38.0,let go,,False,216
703615,Jose Cabrera,2026,2002-05-30,R,Arizona Diamondbacks,8,5,28.333333333333332,20,11,18,32,6,0,0,1,0,0,0,4,5.72,1.52,129,463,0,0.07,0.19,16.34,0.0,0.295,27.33333333333333,5.466666666666666,0.9647058823529411,24.1,True,jose cabrera,,,,,,,,,,,,,,,,,,,,,,,,,,,,,,,,,,,,,,,,,,,,,,,,,2.0,16.754509018018002,12.499999999999998,0.4098156312612599,0.8024048096095999,17.5,1.2,2.0,4-Seam Fastball,"4-Seam Fastball 25% (18% whiff), Cutter 25% (16% whiff)",,,,5.15957447162766,244.0,0.0,0.0,0.0,0.0,,0.0,,,,,,0,5,,,,10.9,4.851216349039526,,False,5.454773535300459,0.18028682822892644,5.635060363529385,10.0,1.0,56.0,241,241,FA,0.0,56.0,-194.0,-171.0,38.0,173.0,239.0,35.0,let go,,False,217
687223,Carson Palmquist,2026,2000-10-17,L,Washington Nationals,11,6,16.333333333333332,15,8,14,21,1,0,0,0,0,0,0,2,7.71,1.78,78,313,0,0.09,0.225,19.16,0.0,0.4,17.333333333333332,2.888888888888889,1.0612244897959184,25.7,True,carson palmquist,,,,,,,,,,,,,,,,,,,,,,,,,,,,,,,,,,,,,,,,,,,,,,,,,2.0,20.497986573159768,16.44953020040395,0.31962953021039053,-0.6750335571140038,31.0,-0.5,0.0,Sweeper,"Sweeper 42% (31% whiff), Sinker 33% (7% whiff)",,,,1.6597444098067093,249.0,0.0,0.0,0.0,0.0,,0.0,,,,,,0,13,,,,18.7,4.780538947194371,,False,5.391088459490646,0.0808182333440016,5.471906692834648,10.0,1.0,55.0,242,242,FA,0.0,55.0,-195.0,-172.0,38.0,171.0,239.0,31.0,let go,,False,218
807743,Sean Sullivan,2026,2002-07-22,L,Colorado Rockies,5,5,22.333333333333332,16,11,22,34,5,0,0,0,0,0,0,3,8.87,2.01,114,412,0,0.044,0.162,18.45,0.0,0.367,16.33333333333333,3.2666666666666657,0.7313432835820893,23.9,True,sean sullivan,,,,,,,,,,,,,,,,,,,,,,,,,,,,,,,,,,,,,,,,,,,,,,,,,2.0,17.364505677748767,14.735332254180449,0.35836790915601974,-2.974392220342327,22.2,-2.9,0.0,Changeup,"4-Seam Fastball 46% (16% whiff), Changeup 16% (22% whiff)",,,,3.281701029094218,251.0,55.0,1.0,55.0,0.0,,55.0,,,,,,0,5,,,,9.2,3.57708331162538,,False,4.306694277134143,0.19272040258954226,4.499414679723686,10.0,1.0,45.0,243,243,FA,0.0,45.0,-205.0,-182.0,35.0,186.0,240.0,16.0,let go,,False,219
