mlbam_id,name,season,birth_date,primary_pos,bats,team,G,PA,AB,H,2B,3B,HR,R,RBI,BB,HBP,SB,CS,K,SF,1B,E,CSA,AOF,g_C,g_1B,g_2B,g_3B,g_SS,g_OF,g_DH,player_age,pa_savant,k_percent,bb_percent,batting_avg,slg_percent,on_base_percent,isolated_power,babip,xba,xslg,woba,xwoba,xobp,xiso,wobacon,xwobacon,xbadiff,xslgdiff,wobadiff,exit_velocity_avg,launch_angle_avg,sweet_spot_percent,barrel_batted_rate,hard_hit_percent,avg_best_speed,avg_hyper_speed,z_swing_percent,oz_swing_percent,oz_contact_percent,iz_contact_percent,whiff_percent,swing_percent,pull_percent,groundballs_percent,flyballs_percent,linedrives_percent,popups_percent,avg_swing_length,avg_swing_speed,blasts_swing,squared_up_swing,fast_swing_rate,attack_angle,ideal_angle_rate,swing_take_run_value,sprint_speed,hp_to_1b,b_hit_fly,b_hit_ground,b_hit_line_drive,batted_ball,meatball_swing_percent,f_strike_percent,nkey,team_abbr,adp_name,adp_team,adp_pos,adp,adp_hitter_rank,adp_nfbc,adp_fantrax,pts,age,pts_g,pts_pa,final_hitter_rank,elig,elig_next,undrafted,adp_hitter_rank_f,exp_pts,exp_pts_g,pts_over_exp,ppg_over_exp,rank_gain,beat,big_beat,produced_like_rank,bust,sb_per600,hr_per600,bb_per600,xwoba_minus_woba,quality_of_contact,bat_speed,approach,speed,luck,trend,age_factor,skills_score,skills_rank,market_rank,market_gap,yoy_pts_change,prev_pa,prev_pts,prev_k_percent,prev_barrel,prev_swing_speed,proj_pts_pa,proj_PA,proj_pts,proj_pts_600pa,proj_rank,proj_rank_600pa,model_gap,breakout_score,pool,tag
695578,James Wood,2026,2002-09-17,OF,L,Washington Nationals,135,623,513,136,30,1,30,106,77,102,4,21,4,179,4,75,7,0,5,0,0,0,0,0,112,32,23.0,623.0,28.7,16.4,0.265,0.503,0.388,0.238,0.344,0.271,0.548,0.383,0.403,0.386,0.277,0.496,0.533,-0.006,-0.045,-0.02,95.4,8.5,36.7,18.6,58.9,106.450190888,98.576997389,56.8,21.3,42.8,81.8,30.1,37.6,34.0,47.6,24.6,26.0,1.8,7.4,76.9,18.6,25.4,68.8,11.1,43.1,26.0,27.1,4.29,29.0,49.0,58.0,338.0,71.7,56.9,james wood,WSH,James Wood,WSH,"LF,RF,DH",32.6,27.0,31.0,27.0,749.0,23.8,5.548148148148148,1.202247191011236,15,OF,OF,False,27.0,652.3103448275862,4.5305836139169475,96.68965517241384,1.0175645342312007,12.0,False,False,1,False,20.224719101123593,28.892455858747994,98.23434991974318,0.020000000000000018,2.826359849367352,0.9913420836762281,0.5778932935185858,-0.19335775406560424,1.100299717262014,0.9464016626253594,0.7399999999999999,5.906558610830688,1,15.0,14.0,-9.0,689.0,758.0,32.1,16.4,76.0,1.1179532086687332,636.0,711.0,671.0,7,9,8.0,6.066558610830688,full-time,unlucky (xwOBA >> wOBA); elite bat speed; elite contact quality; skills trending up; young
701358,Cam Smith,2026,2003-02-22,OF,R,Houston Astros,157,568,510,107,17,6,21,67,56,44,7,12,2,148,6,63,6,0,8,0,0,0,0,0,158,0,23.0,568.0,26.1,7.7,0.21,0.39,0.279,0.18,0.248,0.235,0.42,0.293,0.316,0.303,0.185,0.354,0.391,-0.025,-0.03,-0.023,88.7,12.3,31.3,11.2,43.5,101.663413607,95.013701534,69.1,30.0,50.9,80.5,29.1,48.5,38.9,44.8,26.1,21.7,7.3,7.7,77.9,11.5,16.9,78.0,9.9,47.7,-11.0,29.2,4.38,22.0,34.0,50.0,368.0,78.8,61.3,cam smith,HOU,Cam Smith,HOU,RF,313.3,193.0,314.0,290.0,526.0,23.4,3.3503184713375798,0.926056338028169,119,OF,OF,False,193.0,377.25,3.18680233337683,148.75,0.16351613796074993,74.0,True,False,120,False,12.676056338028168,22.183098591549296,46.478873239436616,0.02300000000000002,0.6849635115756204,1.4722943467032643,-0.5706239787925728,1.3528923868324325,1.2461177047552545,1.637054150082435,0.8200000000000003,4.708511945864309,5,119.0,114.0,74.0,493.0,452.0,27.8,6.9,74.5,1.0214466972054503,553.0,565.0,613.0,74,67,45.0,5.60851194586431,full-time,unlucky (xwOBA >> wOBA); elite bat speed; skills trending up; plus speed; young
682829,Elly De La Cruz,2026,2002-01-11,SS,S,Cincinnati Reds,143,636,559,158,30,5,30,99,79,72,2,30,8,175,3,93,18,0,0,0,0,0,0,131,0,12,24.0,636.0,27.5,11.3,0.283,0.515,0.365,0.232,0.359,0.281,0.506,0.38,0.376,0.364,0.224,0.491,0.489,0.002,0.009,0.004,94.7,9.9,36.2,16.3,53.7,105.414008947,97.793114908,57.6,25.1,56.2,79.7,28.1,40.2,34.6,47.3,26.4,24.3,2.1,7.2,76.2,16.9,25.1,61.1,8.3,50.8,36.0,28.4,4.33,36.0,57.0,65.0,387.0,64.8,57.4,elly de la cruz,CIN,Elly De La Cruz,CIN,"SS,DH",7.8,7.0,8.0,9.0,770.0,24.5,5.384615384615385,1.2106918238993711,9,SS,SS,False,7.0,652.3103448275862,4.7875059722885815,117.68965517241384,0.5971094123268035,-2.0,False,False,1,False,28.301886792452834,28.301886792452834,67.9245283018868,-0.0040000000000000036,2.1952329033814486,1.108640858739766,0.3252453712854615,0.7638447141093698,-0.06624418268391,1.5100321440262183,0.6000000000000001,5.3519719496327625,2,7.0,5.0,-15.0,699.0,785.0,25.9,10.3,74.4,1.1318653251671047,640.0,724.0,679.0,5,7,2.0,5.3919719496327625,full-time,elite bat speed; elite contact quality; skills trending up; young
665487,Fernando Tatis Jr.,2026,1999-01-02,OF,R,San Diego Padres,159,704,626,181,32,3,25,96,83,64,7,38,13,130,6,121,7,0,3,0,0,53,0,0,120,2,27.0,704.0,18.5,9.1,0.289,0.47,0.358,0.181,0.327,0.296,0.5,0.358,0.379,0.365,0.204,0.407,0.435,-0.007,-0.03,-0.021,92.9,5.3,32.2,12.7,53.9,104.706101084,97.191219378,67.6,26.4,46.7,85.8,25.9,46.1,33.4,51.3,21.1,23.5,4.2,7.3,76.3,18.9,28.0,64.6,7.1,55.6,28.0,28.9,4.31,26.0,78.0,77.0,503.0,76.4,60.9,fernando tatis,SD,Fernando Tatis Jr.,SD,"2B,RF",13.0,10.0,13.0,14.0,838.0,27.5,5.270440251572327,1.1903409090909092,3,2B/OF,2B/OF,False,10.0,652.3103448275862,4.732905982905983,185.68965517241384,0.5375342686663442,7.0,False,False,1,False,32.38636363636364,21.306818181818183,54.54545454545455,0.02100000000000002,1.6449932319416865,1.3887456712025774,0.574468232038875,1.1319995095612836,1.1489057130930942,1.0239017037945624,0.0,5.025782548545886,3,3.0,0.0,34.0,691.0,804.0,18.7,11.0,73.9,1.1674814328766352,640.0,747.0,700.0,3,3,0.0,5.025782548545886,full-time,unlucky (xwOBA >> wOBA); elite bat speed; elite contact quality; skills trending up; plus speed
678246,Miguel Vargas,2026,1999-11-17,3B,R,Chicago White Sox,159,704,588,147,31,1,33,106,93,101,7,22,2,126,7,82,14,0,0,0,32,0,140,0,0,6,26.0,704.0,17.9,14.3,0.25,0.474,0.363,0.224,0.261,0.263,0.496,0.363,0.378,0.371,0.233,0.387,0.41,-0.013,-0.022,-0.015,90.1,20.5,39.4,13.0,43.8,100.367790769,94.615853953,68.9,20.9,68.6,82.4,21.0,43.9,46.7,30.1,35.4,23.9,10.7,7.8,73.9,13.0,26.3,42.4,12.8,64.9,28.0,28.6,4.37,44.0,32.0,69.0,469.0,75.3,59.6,miguel vargas,CWS,Miguel Vargas,CWS,"1B,3B,DH",289.0,174.0,273.0,229.0,785.0,26.6,4.937106918238993,1.1150568181818181,7,1B/3B,1B/3B,False,174.0,379.45454545454544,3.2573529411764706,405.54545454545456,1.6797539770625227,167.0,True,True,1,False,18.75,28.125,86.07954545454545,0.015000000000000013,0.7623614487299095,1.1173228884780206,1.0563357802218618,0.9111066322901374,0.8572697381066132,1.4412872034497692,0.17999999999999972,4.537759038040524,7,7.0,0.0,256.0,569.0,529.0,17.6,9.4,70.6,1.098914422428092,640.0,703.0,659.0,8,15,-1.0,4.517759038040524,full-time,unlucky (xwOBA >> wOBA); elite bat speed; skills trending up; plus approach; plus speed
691406,Junior Caminero,2026,2003-07-05,3B,R,Tampa Bay Rays,162,702,616,170,25,1,42,100,101,79,4,3,3,129,3,102,21,0,0,0,1,0,161,0,0,0,22.0,702.0,18.4,11.3,0.276,0.524,0.36,0.248,0.286,0.273,0.499,0.375,0.364,0.345,0.226,0.429,0.411,0.003,0.025,0.011,92.7,10.4,27.1,13.1,49.7,105.207732408,97.122382367,62.9,30.5,62.5,84.5,24.1,44.4,45.1,48.8,22.2,20.2,8.8,8.7,79.4,18.5,22.9,84.9,8.3,62.1,34.0,26.7,4.55,41.0,56.0,72.0,490.0,73.0,55.1,junior caminero,TB,Junior Caminero,TB,3B,16.6,14.0,16.0,17.0,765.0,23.0,4.722222222222222,1.0897435897435896,10,3B,3B,False,14.0,652.3103448275862,4.722222222222222,112.68965517241384,0.0,4.0,False,False,1,False,2.5641025641025643,35.8974358974359,67.52136752136752,-0.01100000000000001,1.4714248721621412,2.4044625497415253,0.6701171629490351,-0.4878815904271369,-0.40648615350147116,0.2613596972762964,0.9,4.42619555767298,8,10.0,2.0,34.0,653.0,731.0,19.1,14.0,78.5,1.093598495627451,640.0,700.0,656.0,9,16,1.0,4.446195557672979,full-time,elite bat speed; elite contact quality; young
691023,Jordan Walker,2026,2002-05-22,OF,R,St. Louis Cardinals,158,667,609,164,33,0,29,97,102,50,4,22,5,174,4,102,8,0,9,0,0,0,0,0,149,7,24.0,667.0,26.1,7.5,0.269,0.466,0.327,0.197,0.329,0.263,0.462,0.344,0.34,0.322,0.198,0.437,0.431,0.006,0.004,0.004,92.6,11.8,32.3,13.2,49.9,104.782178227,96.841838884,71.1,35.9,49.1,78.7,32.3,52.1,38.7,42.8,24.4,24.6,8.2,8.3,79.3,15.5,19.8,85.5,6.0,48.3,15.0,29.1,4.35,35.0,53.0,76.0,439.0,77.0,67.6,jordan walker,STL,Jordan Walker,STL,"LF,RF,DH",379.3,229.0,345.0,370.0,777.0,24.1,4.917721518987341,1.1649175412293853,8,OF,OF,False,229.0,341.7741935483871,3.088741546261319,435.2258064516129,1.8289799727260223,221.0,True,True,1,False,19.79010494752624,26.08695652173913,44.977511244377816,-0.003999999999999948,1.5350990398208693,1.801475900378266,-0.5611283512495592,1.2792614277420513,-0.0662441826839073,1.0512982471560324,0.6799999999999997,4.540342009563496,6,8.0,2.0,439.0,396.0,338.0,31.8,10.9,78.1,1.0882229380474286,613.0,667.0,653.0,17,19,-9.0,4.360342009563496,full-time,elite bat speed; elite contact quality; skills trending up; plus speed; young
691718,Pete Crow-Armstrong,2026,2002-03-25,OF,L,Chicago Cubs,162,726,626,175,31,8,45,119,107,83,12,41,7,187,4,91,6,0,5,0,0,0,0,0,157,4,24.0,726.0,25.8,11.4,0.28,0.57,0.372,0.29,0.327,0.264,0.508,0.4,0.374,0.355,0.245,0.508,0.467,0.016,0.062,0.026,90.6,22.0,38.1,13.3,48.6,102.38778711,95.808047982,68.6,34.2,58.0,82.8,26.3,50.1,51.1,31.3,33.6,23.4,11.7,7.5,75.1,12.6,20.6,53.7,15.6,51.4,51.0,29.5,4.26,64.0,44.0,64.0,444.0,76.0,62.8,pete crowarmstrong,CHC,Pete Crow-Armstrong,CHC,CF,30.4,26.0,29.0,29.0,980.0,24.3,6.049382716049383,1.3498622589531681,1,OF,OF,False,26.0,652.3103448275862,4.530864197530864,327.68965517241384,1.518518518518519,25.0,True,False,1,False,33.88429752066116,37.1900826446281,68.59504132231405,-0.026000000000000023,1.4204224074423202,0.8713725790769292,0.4682672954625049,1.5737852641035814,-1.1355760909676738,1.0054843826634912,0.6399999999999999,4.038370186912468,9,1.0,-8.0,213.0,647.0,767.0,24.0,13.1,72.7,1.223633107005003,640.0,783.0,734.0,1,1,0.0,4.038370186912468,full-time,elite bat speed; elite contact quality; skills trending up; plus speed; young
677951,Bobby Witt Jr.,2026,2000-06-14,SS,R,Kansas City Royals,143,632,558,157,33,1,18,94,54,67,3,45,8,109,4,105,10,0,0,0,0,0,0,140,0,3,26.0,632.0,17.2,10.6,0.281,0.441,0.359,0.16,0.32,0.302,0.504,0.345,0.378,0.368,0.202,0.383,0.428,-0.021,-0.063,-0.033,92.2,16.4,37.3,11.4,50.3,103.195144375,96.21586125,67.2,33.8,57.4,86.4,24.8,48.6,31.3,36.0,26.7,28.3,9.1,7.0,73.9,15.7,27.4,41.9,5.2,45.3,15.0,30.1,4.17,25.0,56.0,76.0,453.0,77.8,61.5,bobby witt,KC,Bobby Witt Jr.,KC,SS,3.6,4.0,3.0,4.0,746.0,26.0,5.216783216783217,1.1803797468354431,16,SS,SS,False,4.0,652.3103448275862,4.789578477078477,93.68965517241384,0.4272047397047398,-12.0,False,False,1,False,42.721518987341774,17.088607594936708,63.60759493670886,0.03300000000000003,1.255272067705266,0.2562713298918159,0.3769682746215666,2.015571018645879,1.7321776630660564,0.12368146655343246,0.30000000000000004,3.9968372118613447,11,4.0,-7.0,-98.0,687.0,844.0,18.2,12.5,74.3,1.2079566434682605,640.0,773.0,725.0,2,2,2.0,4.036837211861345,full-time,unlucky (xwOBA >> wOBA); elite contact quality; plus speed
694192,Jackson Chourio,2026,2004-03-11,OF,R,Milwaukee Brewers,127,573,522,152,27,0,25,96,75,47,2,23,5,134,2,100,0,0,8,0,0,0,0,0,137,1,22.0,573.0,23.4,8.2,0.291,0.487,0.351,0.196,0.348,0.265,0.475,0.361,0.344,0.321,0.21,0.447,0.423,0.026,0.012,0.017,91.6,11.8,33.3,12.3,47.0,102.267018667,95.707575064,63.4,33.8,57.3,85.3,25.1,47.8,30.0,45.1,30.8,19.7,4.4,7.4,74.4,14.5,26.4,46.5,9.4,66.3,21.0,28.8,4.23,34.0,61.0,57.0,390.0,72.2,66.8,jackson chourio,MIL,Jackson Chourio,MIL,"LF,CF,RF",21.2,18.0,20.0,22.0,711.0,22.3,5.5984251968503935,1.2408376963350785,29,OF,OF,False,18.0,652.3103448275862,4.666666666666667,58.689655172413836,0.9317585301837266,-11.0,False,False,1,False,24.083769633507853,26.17801047120419,49.21465968586387,-0.017000000000000015,1.0833188179644093,1.3102728935503192,0.09933190748224545,1.0583685504709024,-0.6981221284879522,0.5485021305114637,1.0399999999999998,3.7720222276139053,12,18.0,6.0,39.0,589.0,672.0,20.5,9.7,73.9,1.1382637891365417,576.0,656.0,683.0,24,6,-6.0,3.652022227613905,full-time,elite bat speed; elite contact quality; plus speed; young
682998,Corbin Carroll,2026,2000-08-21,OF,L,Arizona Diamondbacks,156,671,582,139,33,17,22,91,78,73,8,21,3,151,8,67,4,0,4,0,0,0,0,0,152,4,25.0,671.0,22.5,10.9,0.239,0.467,0.328,0.228,0.281,0.249,0.446,0.341,0.341,0.335,0.196,0.395,0.395,-0.01,0.021,0.0,91.7,15.6,30.3,12.2,47.6,101.887905392,95.42745629,64.5,29.7,61.6,79.0,27.2,45.6,42.4,40.5,29.2,21.2,9.1,7.5,75.5,13.7,24.6,57.9,10.6,65.3,14.0,29.7,4.12,38.0,46.0,55.0,439.0,77.1,57.0,corbin carroll,ARI,Corbin Carroll,ARI,"CF,RF",13.8,11.0,11.0,16.0,728.0,25.9,4.666666666666667,1.0849478390461997,22,OF,OF,False,11.0,652.3103448275862,4.727564102564102,75.68965517241384,-0.06089743589743524,-11.0,False,False,1,False,18.777943368107305,19.672131147540984,65.27570789865872,0.0,0.9233034990936768,1.597119527828367,0.03669984261083112,1.7210471822843465,0.12817980064041068,0.14936311222513166,0.3200000000000003,3.505303852554303,15,11.0,-4.0,-101.0,642.0,829.0,23.8,14.5,74.6,1.158981954975488,640.0,742.0,695.0,4,4,7.0,3.6453038525543033,full-time,elite bat speed; elite contact quality; plus speed
802139,JJ Wetherholt,2026,2002-09-10,2B,L,St. Louis Cardinals,139,619,537,130,15,0,17,89,51,64,16,14,1,104,2,98,2,0,0,0,0,131,0,12,0,0,23.0,619.0,16.8,10.3,0.242,0.365,0.339,0.123,0.27,0.255,0.435,0.318,0.347,0.35,0.18,0.324,0.366,-0.013,-0.07,-0.029,89.7,11.5,34.9,7.4,44.9,99.375158009,94.023919118,63.0,21.2,63.2,85.4,20.2,42.0,36.3,45.3,29.2,22.1,3.4,7.5,71.9,11.6,30.1,19.2,11.7,63.6,1.0,27.6,4.25,27.0,43.0,60.0,435.0,75.7,59.4,jj wetherholt,STL,JJ Wetherholt,STL,"2B,3B,SS",222.2,131.0,240.0,221.0,586.0,23.8,4.215827338129497,0.9466882067851373,92,2B/SS,2B,False,131.0,449.0,3.7174234694899297,137.0,0.4984038686395671,39.0,True,False,53,False,13.5702746365105,16.478190630048466,62.035541195476576,0.02899999999999997,0.13430401382706947,0.41872426771541504,0.6303902780786476,0.17479704138630967,1.537753679741733,0.0,0.7399999999999999,2.517415283736638,28,92.0,64.0,,,,,,,1.0236367426754485,619.0,634.0,614.0,36,63,56.0,3.637415283736638,full-time,unlucky (xwOBA >> wOBA); young
701538,Jackson Merrill,2026,2003-04-19,OF,L,San Diego Padres,158,664,613,156,26,5,26,86,87,41,3,27,4,160,3,99,3,0,11,0,0,0,0,0,156,1,23.0,664.0,24.1,6.2,0.254,0.44,0.303,0.186,0.302,0.27,0.491,0.32,0.347,0.315,0.221,0.4,0.438,-0.016,-0.051,-0.027,91.5,14.3,39.8,12.4,48.7,101.402458194,95.327540397,77.9,37.6,56.3,81.6,27.6,56.1,38.0,37.0,29.8,27.8,5.4,7.5,73.4,12.1,22.9,31.7,9.3,46.7,3.0,29.0,4.23,39.0,41.0,76.0,460.0,87.2,65.2,jackson merrill,SD,Jackson Merrill,SD,CF,65.6,47.0,65.0,66.0,743.0,23.2,4.7025316455696204,1.1189759036144578,17,OF,OF,False,47.0,598.2727272727273,4.308335730801607,144.72727272727275,0.3941959147680132,30.0,True,False,1,False,24.397590361445783,23.49397590361446,37.04819277108434,0.02699999999999997,1.1259690687391255,0.08298816806327065,-0.5565241426218722,1.2056304686516675,1.4405416880795725,0.6566822344739898,0.8600000000000002,3.446414842041287,17,17.0,0.0,243.0,483.0,500.0,22.4,13.0,71.9,1.1135898794894807,628.0,699.0,668.0,10,11,7.0,3.586414842041287,full-time,unlucky (xwOBA >> wOBA); elite contact quality; plus speed; young
691723,Coby Mayo,2026,2001-12-10,3B,R,Baltimore Orioles,132,454,412,94,18,3,24,64,63,36,5,4,0,138,1,49,7,0,0,0,19,0,76,0,0,37,24.0,454.0,30.4,7.9,0.228,0.461,0.297,0.233,0.279,0.235,0.478,0.328,0.336,0.304,0.243,0.437,0.451,-0.007,-0.017,-0.008,91.3,19.0,34.5,13.5,47.3,103.504519203,96.350757345,63.5,31.3,47.1,83.4,29.6,46.4,50.9,34.5,35.3,20.0,10.2,7.4,75.7,11.6,19.9,58.3,13.6,48.2,5.0,27.9,4.46,33.0,24.0,37.0,275.0,66.9,59.3,coby mayo,BAL,Coby Mayo,BAL,"1B,3B,DH",383.8,232.0,387.0,389.0,457.0,24.6,3.462121212121212,1.0066079295154184,156,1B/3B,3B,False,232.0,341.7741935483871,3.088741546261319,115.22580645161293,0.3733796658598929,76.0,False,False,122,False,5.286343612334802,31.718061674008812,47.57709251101322,0.008000000000000007,1.431130648891608,0.8852545027465486,-0.4285579825551655,0.3956899186574559,0.5170277672890521,1.1622288663767721,0.5799999999999997,3.6816835317909784,13,156.0,143.0,203.0,294.0,254.0,28.6,10.1,74.7,1.0259122664546736,422.0,433.0,616.0,163,53,-7.0,3.5416835317909783,full-time,elite bat speed; elite contact quality; skills trending up; young
670541,Yordan Alvarez,2026,1997-06-27,DH,L,Houston Astros,158,692,567,179,34,1,42,105,106,109,11,1,0,120,5,102,2,0,0,0,0,0,0,0,25,134,29.0,691.0,17.2,15.8,0.316,0.602,0.433,0.286,0.334,0.318,0.636,0.429,0.442,0.407,0.318,0.49,0.508,-0.002,-0.034,-0.013,94.4,19.1,40.0,16.0,53.8,104.94496,97.265576156,62.4,29.0,64.8,89.2,19.9,43.6,41.4,30.3,37.6,26.8,5.3,7.7,76.1,17.7,26.7,61.8,8.3,43.5,61.0,25.4,4.66,56.0,42.0,81.0,452.0,68.2,57.5,yordan alvarez,HOU,Yordan Alvarez,HOU,"LF,DH",30.2,24.0,33.0,33.0,852.0,29.0,5.3924050632911396,1.23121387283237,2,OF,OF,False,24.0,652.3103448275862,4.530864197530864,199.68965517241384,0.8615408657602757,22.0,False,False,1,False,0.8670520231213873,36.41618497109826,94.5086705202312,0.013000000000000012,2.221333772267807,0.7901049283094733,1.6114465468469354,-1.4450840586021136,0.7600577464444528,0.35393562121467514,-0.30000000000000004,3.6454359384672896,14,2.0,-12.0,662.0,199.0,190.0,16.6,13.8,76.1,1.1402718524733686,593.0,676.0,684.0,14,5,-12.0,3.4054359384672894,full-time,elite contact quality; plus approach
682987,Spencer Jones,2026,2001-05-14,OF,L,New York Yankees,86,289,261,64,13,1,11,36,40,25,1,10,3,105,1,39,2,0,3,0,0,0,0,0,88,5,25.0,289.0,36.3,8.7,0.245,0.429,0.313,0.184,0.363,0.238,0.455,0.323,0.328,0.304,0.217,0.479,0.489,0.007,-0.026,-0.005,94.1,20.6,43.9,15.9,55.1,104.238740633,97.083013248,77.0,35.3,41.9,73.0,38.7,53.2,35.0,26.8,39.5,28.0,5.7,7.9,77.1,9.5,15.7,71.7,14.1,43.6,4.0,28.9,4.27,16.0,15.0,32.0,157.0,85.9,61.1,spencer jones,NYY,Spencer Jones,NYY,"LF,CF,RF,DH",578.5,280.0,1111.0,481.0,312.0,25.1,3.627906976744186,1.0795847750865053,249,OF,OF,False,280.0,191.0,2.7826193390452874,121.0,0.8452876376988985,31.0,False,False,241,False,20.761245674740486,22.837370242214533,51.903114186851205,0.0050000000000000044,2.0928019566485303,1.0870105336400384,-1.2587335222405633,1.1319995095612836,0.37120977979581155,0.0,0.47999999999999976,3.195614359876684,19,249.0,230.0,,,,,,,1.0685678003540144,289.0,309.0,641.0,244,26,5.0,3.295614359876684,playing-time dependent,elite bat speed; elite contact quality; plus speed; needs playing time
691781,Brady House,2026,2003-06-04,3B,R,Washington Nationals,95,355,320,79,18,0,10,44,46,29,3,3,0,91,3,51,11,0,0,0,1,0,83,0,0,11,23.0,355.0,25.6,8.2,0.247,0.397,0.313,0.15,0.311,0.265,0.434,0.313,0.333,0.33,0.169,0.382,0.413,-0.018,-0.037,-0.02,90.1,10.2,31.0,9.5,47.8,102.255890517,95.508442857,70.8,34.2,56.1,78.5,29.8,50.6,30.6,46.6,26.7,22.8,3.9,7.6,73.5,13.0,23.4,33.4,9.8,47.8,-2.0,28.2,4.41,17.0,23.0,39.0,232.0,76.4,63.1,brady house,WSH,Brady House,WSH,"3B,DH",565.3,276.0,869.0,433.0,326.0,23.1,3.431578947368421,0.9183098591549296,236,3B,3B,False,276.0,215.0,2.8044687189672293,111.0,0.6271102284011918,40.0,False,False,237,False,5.070422535211267,16.901408450704224,49.014084507042256,0.020000000000000018,0.8854297861216409,0.17198706978760284,-0.6155651948146194,0.6165827959286048,1.100299717262014,1.1675816798776821,0.8799999999999998,3.1668737088549492,20,236.0,216.0,110.0,274.0,216.0,28.5,4.3,72.4,0.9564375041280466,339.0,324.0,574.0,233,171,3.0,3.2268737088549493,playing-time dependent,unlucky (xwOBA >> wOBA); elite contact quality; skills trending up; needs playing time; young
545361,Mike Trout,2026,1991-08-07,OF,R,Los Angeles Angels,142,634,513,124,26,0,22,86,54,107,11,11,1,165,2,76,2,0,4,0,0,0,0,0,109,33,34.0,634.0,26.0,16.9,0.242,0.421,0.382,0.179,0.311,0.255,0.487,0.354,0.381,0.384,0.232,0.416,0.462,-0.013,-0.066,-0.027,90.1,17.4,38.0,16.0,46.3,102.780727771,95.785464011,62.0,20.7,48.8,84.2,25.6,39.8,36.0,36.3,31.4,25.1,7.1,7.5,74.7,12.6,20.9,48.5,6.5,42.2,21.0,28.6,4.42,33.0,37.0,53.0,350.0,69.1,55.7,mike trout,LAA,Mike Trout,LAA,"CF,RF,DH",167.8,98.0,177.0,132.0,637.0,34.9,4.485915492957746,1.0047318611987381,55,OF,OF,False,98.0,560.7627118644068,4.015944775657477,76.23728813559319,0.46997071730026896,43.0,True,False,40,False,10.410094637223974,20.820189274447948,101.26182965299685,0.027000000000000024,1.5316656637664683,0.33334959717259577,0.8344884832678737,0.9111066322901374,1.4405416880795752,0.613428058932023,-1.2,2.8434394284806945,22,55.0,33.0,91.0,556.0,546.0,32.0,15.8,74.0,1.022630096040026,618.0,632.0,614.0,38,63,17.0,3.1834394284806944,full-time,unlucky (xwOBA >> wOBA); elite contact quality; plus approach; plus speed
681715,Heriberto Hernández,2026,1999-12-16,OF,R,Miami Marlins,130,505,448,102,17,2,25,51,67,52,4,13,5,134,1,58,3,0,4,0,0,0,0,0,127,5,26.0,505.0,26.5,10.3,0.228,0.442,0.313,0.214,0.266,0.242,0.474,0.329,0.347,0.326,0.232,0.405,0.433,-0.014,-0.032,-0.018,91.5,13.2,32.1,12.7,48.3,101.898366943,95.546344841,69.6,23.9,40.6,78.0,32.5,45.2,46.0,40.0,31.7,20.6,7.6,7.7,74.3,13.8,25.1,46.6,13.5,63.3,7.0,28.3,4.39,33.0,30.0,39.0,315.0,84.8,60.2,heriberto hernandez,MIA,,,,,,,,518.0,26.5,3.9846153846153847,1.0257425742574258,122,OF,OF,True,339.0,172.67,2.396692273871662,345.33000000000004,1.5879231107437226,217.0,True,False,120,False,15.445544554455445,29.702970297029704,61.78217821782178,0.01799999999999996,1.1597322869692477,1.1687573132590139,-0.21157836607612449,0.6902137550189886,1.003087725599851,0.6828493080756743,0.2,3.4364042187225907,18,122.0,104.0,219.0,294.0,299.0,26.2,11.0,73.3,1.038807952990396,463.0,481.0,623.0,138,42,-16.0,3.116404218722591,full-time,unlucky (xwOBA >> wOBA); elite bat speed; elite contact quality
669003,Garrett Mitchell,2026,1998-09-04,OF,L,Milwaukee Brewers,145,531,461,121,30,4,11,74,65,60,6,14,10,167,1,76,3,0,4,0,0,0,0,0,140,3,27.0,531.0,31.5,11.3,0.262,0.416,0.354,0.154,0.387,0.268,0.447,0.34,0.353,0.356,0.179,0.456,0.478,-0.006,-0.031,-0.013,93.2,2.2,31.5,11.7,52.7,104.76725527,97.131320712,66.2,22.7,35.6,74.6,35.8,43.9,32.6,56.0,15.4,26.2,2.3,7.3,77.6,15.4,21.1,80.5,8.7,57.3,5.0,29.8,4.07,17.0,54.0,50.0,298.0,76.5,59.1,garrett mitchell,MIL,Garrett Mitchell,MIL,"CF,RF",636.7,286.0,954.0,485.0,565.0,27.8,3.896551724137931,1.064030131826742,104,OF,OF,False,286.0,172.67,2.6219512195121952,392.33000000000004,1.2746005046257358,182.0,True,False,54,False,15.819209039548022,12.429378531073446,67.79661016949153,0.012999999999999956,1.7550706457811276,1.8937616170692477,-0.48673272752194335,1.7946781413747304,0.7600577464444501,0.0,-0.060000000000000143,4.027710256851196,10,104.0,94.0,500.0,78.0,65.0,32.1,6.7,76.1,1.0408965992362427,440.0,458.0,625.0,151,37,-47.0,3.0877102568511963,full-time,elite bat speed; elite contact quality; plus speed
703607,Henry Bolte,2026,2003-08-04,OF,R,Athletics,119,473,415,115,16,2,11,57,38,39,15,21,8,133,2,86,7,0,3,0,0,0,0,0,129,1,22.0,473.0,28.1,8.2,0.277,0.405,0.359,0.128,0.381,0.246,0.375,0.341,0.317,0.332,0.129,0.431,0.394,0.031,0.03,0.024,91.0,1.3,27.7,8.1,48.6,104.45817,96.694969321,73.6,28.4,37.7,79.6,32.8,50.0,31.9,62.1,14.7,19.6,3.5,7.6,76.8,14.6,20.3,70.2,6.7,42.7,7.0,30.5,4.18,16.0,62.0,37.0,285.0,87.5,64.7,henry bolte,ATH,,,,,,,,494.0,22.9,4.151260504201681,1.0443974630021142,136,OF,OF,True,339.0,172.67,2.396692273871662,321.33000000000004,1.754568230330019,203.0,True,False,120,False,26.6384778012685,13.953488372093023,49.471458773784356,-0.02400000000000002,0.9636257730420333,0.9847054809212743,-0.45438551974831753,2.310094855007409,-1.0383640993055134,0.0,0.9200000000000004,2.917231121772699,21,136.0,115.0,,,,,,,1.0332785227765147,473.0,489.0,620.0,132,45,4.0,2.9972311217726992,full-time,elite bat speed; elite contact quality; plus speed; young
663457,Lars Nootbaar,2026,1997-09-08,OF,L,multi,90,334,285,68,14,1,8,39,33,46,0,2,1,70,2,45,2,0,3,0,0,0,0,0,76,17,28.0,334.0,21.0,13.8,0.239,0.379,0.342,0.14,0.287,0.247,0.437,0.32,0.343,0.345,0.19,0.349,0.383,-0.008,-0.058,-0.023,92.0,9.2,34.9,10.1,49.5,101.741653981,95.613341163,53.7,20.7,64.1,87.3,19.1,37.4,39.9,46.8,28.4,21.6,3.2,6.8,73.3,15.4,31.2,34.6,8.9,52.9,-4.0,27.5,4.33,13.0,22.0,33.0,218.0,59.3,57.4,lars nootbaar,multi,Lars Nootbaar,ARI,"LF,CF,RF,DH",403.7,240.0,419.0,379.0,304.0,28.8,3.3777777777777778,0.9101796407185628,257,OF,OF,False,240.0,314.0,3.088741546261319,-10.0,0.28903623151645874,-17.0,False,False,247,False,3.5928143712574854,14.371257485029941,82.63473053892216,0.02300000000000002,0.7812436371565693,0.3885956764696976,0.7567168873786763,0.10116608229592583,1.2461177047552545,0.05440010716694865,-0.2600000000000002,2.094670033943651,46,240.0,194.0,-202.0,583.0,506.0,20.4,10.2,73.4,0.9821027880042172,384.0,377.0,589.0,202,116,38.0,2.854670033943651,playing-time dependent,unlucky (xwOBA >> wOBA); needs playing time
695506,Jac Caglianone,2026,2003-02-09,OF,L,Kansas City Royals,143,553,512,148,32,2,23,72,75,33,7,7,2,144,1,91,5,0,7,0,39,0,0,0,95,12,23.0,553.0,26.0,6.0,0.289,0.494,0.34,0.205,0.361,0.283,0.5,0.36,0.357,0.331,0.217,0.465,0.462,0.006,-0.006,0.003,93.3,7.7,33.9,13.0,54.7,105.528979243,97.619020786,73.0,39.6,52.4,82.9,29.4,54.6,46.1,45.8,22.8,28.7,2.7,7.9,77.0,17.4,23.5,72.8,9.1,43.8,25.0,27.0,4.43,24.0,47.0,77.0,369.0,80.0,65.3,jac caglianone,KC,Jac Caglianone,KC,"1B,RF,DH",177.8,105.0,195.0,157.0,618.0,23.4,4.321678321678322,1.1175406871609403,68,1B/OF,1B/OF,False,105.0,560.7627118644068,4.015944775657477,57.23728813559319,0.30573354602084457,37.0,False,False,41,False,7.594936708860759,24.95479204339964,35.80470162748644,-0.0030000000000000027,1.9046618107740398,1.1014528535575354,-0.4021100694518558,-0.26698871315598804,-0.01763818685282983,0.5292480952269868,0.8200000000000003,3.503791520269131,16,68.0,52.0,461.0,232.0,157.0,22.4,12.0,77.4,1.0520723912129437,489.0,514.0,631.0,110,31,-42.0,2.663791520269131,full-time,elite bat speed; elite contact quality; young
677594,Julio Rodríguez,2026,2000-12-29,OF,R,Seattle Mariners,150,654,596,147,26,0,22,69,71,47,7,22,3,145,4,99,3,0,4,0,0,0,0,0,143,7,25.0,654.0,22.2,7.2,0.247,0.401,0.307,0.154,0.289,0.264,0.439,0.31,0.334,0.323,0.175,0.365,0.399,-0.017,-0.038,-0.024,90.1,12.8,31.6,8.8,43.7,102.316356211,95.508712313,68.8,38.6,57.0,85.2,26.5,52.0,39.1,42.6,25.5,24.6,7.3,7.8,76.6,13.2,21.1,67.2,8.1,50.2,-5.0,28.7,4.35,27.0,57.0,63.0,455.0,65.9,64.1,julio rodriguez,SEA,Julio Rodriguez,SEA,"CF,DH",10.0,8.0,9.0,10.0,651.0,25.5,4.34,0.9954128440366973,46,OF,OF,False,8.0,652.3103448275862,4.7875059722885815,-1.3103448275861638,-0.4475059722885817,-38.0,False,False,31,False,20.183486238532108,20.183486238532108,43.11926605504587,0.02400000000000002,0.647929568644285,1.235394802190394,-0.42615656455873613,0.9847375913805186,1.2947237005863348,-0.16126223606220533,0.4,2.673642215804801,26,8.0,-18.0,-187.0,710.0,838.0,21.4,9.8,76.4,1.0924799255267872,640.0,699.0,655.0,10,17,-2.0,2.633642215804801,full-time,unlucky (xwOBA >> wOBA); elite bat speed; plus speed
808959,Munetaka Murakami,2026,2000-02-02,1B,L,Chicago White Sox,127,553,454,94,16,1,35,82,77,92,6,1,3,196,1,42,3,0,0,0,119,0,0,0,0,6,26.0,553.0,35.4,16.6,0.207,0.478,0.347,0.271,0.263,0.204,0.469,0.356,0.351,0.335,0.266,0.505,0.496,0.003,0.009,0.005,93.9,16.1,30.5,20.5,56.8,104.390023411,97.318357821,61.8,22.2,35.9,66.6,42.3,40.7,46.3,41.3,38.6,15.4,4.6,7.9,74.7,13.5,19.5,49.9,19.4,44.3,20.0,26.8,4.4,40.0,23.0,31.0,259.0,73.3,57.5,munetaka murakami,CWS,Munetaka Murakami,CWS,"1B,3B,DH",187.0,111.0,205.0,142.0,568.0,26.4,4.47244094488189,1.027124773960217,102,1B/3B,1B,False,111.0,560.7627118644068,4.015944775657477,7.2372881355931895,0.4564961692244127,9.0,False,False,54,False,1.0849909584086799,37.9746835443038,99.81916817359856,-0.0050000000000000044,2.484802546824553,0.4481510570101001,-0.5291234710153988,-0.4142506313367531,-0.11485017851499017,0.0,0.2200000000000003,2.379522831394708,33,102.0,69.0,,,,,,,0.9811749782611128,553.0,543.0,589.0,93,116,9.0,2.559522831394708,full-time,elite contact quality
680779,Henry Davis,2026,1999-09-21,C,R,Pittsburgh Pirates,97,298,256,44,6,0,10,33,38,28,8,3,1,63,2,28,4,17,0,94,0,0,0,0,0,1,26.0,298.0,21.1,9.4,0.172,0.313,0.272,0.141,0.184,0.199,0.342,0.267,0.29,0.298,0.143,0.272,0.308,-0.027,-0.029,-0.023,90.3,20.9,27.8,8.6,40.9,100.662878211,94.625487368,75.3,32.3,53.2,84.2,25.6,53.0,52.5,36.9,25.8,19.7,17.7,7.3,74.2,11.2,22.1,42.7,11.7,60.9,-8.0,28.1,4.49,11.0,14.0,19.0,198.0,86.0,64.8,henry davis,PIT,,,,,,,,270.0,26.8,2.783505154639175,0.9060402684563759,282,C,C,True,339.0,172.67,2.396692273871662,97.33000000000001,0.3868128807675131,57.0,False,False,250,False,6.040268456375839,20.13422818791946,56.375838926174495,0.022999999999999965,-0.06277681071403537,0.9863641851134067,-0.14384034203643628,0.5429518368382236,1.2461177047552519,0.564513740500556,0.13999999999999987,2.027036147765847,49,282.0,233.0,55.0,283.0,215.0,26.9,11.5,73.9,1.0157599534795767,295.0,300.0,609.0,259,74,23.0,2.487036147765847,playing-time dependent,unlucky (xwOBA >> wOBA); elite bat speed; needs playing time
682985,Riley Greene,2026,2000-09-28,OF,L,Detroit Tigers,140,592,511,143,32,2,21,79,75,71,5,3,1,157,5,88,2,0,2,0,0,0,0,0,124,17,25.0,592.0,26.5,12.0,0.28,0.474,0.37,0.194,0.361,0.262,0.497,0.366,0.369,0.353,0.235,0.459,0.465,0.018,-0.023,-0.003,89.9,17.7,39.8,14.8,46.0,102.260968,95.510780139,68.9,26.0,44.2,81.2,29.9,46.1,38.7,35.7,34.0,25.9,4.5,7.3,75.7,11.5,19.5,59.0,15.7,42.5,23.0,26.6,4.73,36.0,37.0,69.0,359.0,80.3,60.8,riley greene,DET,Riley Greene,DET,"LF,CF,RF,DH",62.8,44.0,71.0,60.0,626.0,25.8,4.4714285714285715,1.0574324324324325,64,OF,OF,False,44.0,598.2727272727273,4.468071322604339,27.727272727272748,0.003357248824232606,-20.0,False,False,41,False,3.040540540540541,21.283783783783782,71.95945945945945,0.0030000000000000027,1.4068578483506298,0.6490030044846243,0.20579489955058494,-0.5615125495175182,0.2739977881336512,0.2997290525624274,0.33999999999999986,2.4689956851069237,31,44.0,13.0,-78.0,655.0,704.0,30.7,17.1,75.6,1.0251308979816478,605.0,620.0,615.0,44,58,0.0,2.4689956851069237,full-time,elite contact quality
666176,Jo Adell,2026,1999-04-08,OF,R,multi,159,660,603,145,26,1,23,70,94,34,18,5,0,157,5,95,5,0,8,0,0,0,0,0,152,19,27.0,660.0,23.8,5.2,0.24,0.401,0.298,0.161,0.285,0.257,0.443,0.307,0.329,0.314,0.187,0.368,0.401,-0.017,-0.042,-0.022,90.4,16.2,32.2,8.9,44.9,102.495962813,95.565465638,73.9,35.3,52.5,82.4,28.2,53.2,41.0,40.8,26.6,23.3,9.3,7.7,77.4,12.3,18.2,72.5,10.0,48.5,-8.0,28.3,4.53,32.0,39.0,73.0,451.0,81.6,61.2,jo adell,multi,Jo Adell,CLE,"LF,CF,RF,DH",121.4,79.0,113.0,115.0,629.0,27.2,3.9559748427672954,0.953030303030303,60,OF,OF,False,79.0,560.7627118644068,4.015944775657477,68.23728813559319,-0.05996993289018171,19.0,False,False,40,False,4.545454545454546,20.90909090909091,30.909090909090907,0.02200000000000002,0.7215157140587286,1.351610227153003,-0.6702246993567611,0.6902137550189886,1.1975117089241745,-0.7135336919227607,0.060000000000000143,1.7012673229354212,64,60.0,-4.0,30.0,573.0,599.0,26.4,17.3,77.6,1.0281854091934521,640.0,658.0,617.0,22,48,38.0,2.461267322935421,full-time,unlucky (xwOBA >> wOBA); elite bat speed
686611,Dylan Crews,2026,2002-02-26,OF,R,Washington Nationals,109,443,404,90,20,1,13,55,44,30,8,12,0,107,1,56,1,0,4,0,0,0,0,0,129,3,24.0,443.0,24.2,6.8,0.223,0.374,0.289,0.151,0.27,0.241,0.419,0.294,0.317,0.306,0.178,0.347,0.382,-0.018,-0.045,-0.023,90.3,13.7,33.9,9.4,43.3,101.188552703,94.814070441,73.4,32.1,46.7,82.1,29.4,51.7,33.6,39.6,27.5,25.5,7.4,7.6,74.1,12.1,21.5,38.7,9.2,47.1,-6.0,29.3,4.29,21.0,31.0,38.0,298.0,82.9,62.3,dylan crews,WSH,Dylan Crews,WSH,"LF,CF,RF",246.2,151.0,179.0,278.0,421.0,24.3,3.8623853211009176,0.9503386004514672,182,OF,OF,False,151.0,425.5,3.7174234694899297,-4.5,0.14496185161098785,-31.0,False,False,170,False,16.252821670428894,17.607223476297968,40.63205417607224,0.02300000000000002,0.47333843237023365,0.3063505723925626,-0.5185260544520537,1.4265233459228164,1.2461177047552545,0.5404779180009937,0.6399999999999999,2.6958857846653963,24,151.0,127.0,106.0,322.0,315.0,23.6,9.8,73.2,1.0236028114256006,419.0,429.0,614.0,168,63,-17.0,2.3558857846653964,full-time,unlucky (xwOBA >> wOBA); plus speed; needs playing time; young
676475,Alec Burleson,2026,1998-11-25,1B,L,St. Louis Cardinals,160,670,605,169,37,1,26,89,116,55,6,4,0,121,4,105,8,0,0,0,156,0,0,0,0,3,27.0,670.0,18.1,8.2,0.279,0.473,0.343,0.194,0.31,0.289,0.522,0.353,0.374,0.349,0.234,0.4,0.428,-0.01,-0.049,-0.021,92.0,13.0,34.6,11.3,50.0,102.344379671,95.865822963,72.6,38.1,68.2,83.4,22.5,53.6,48.6,44.7,26.6,22.5,6.1,7.7,73.8,14.9,26.5,37.6,14.1,52.5,21.0,25.6,4.49,35.0,54.0,80.0,488.0,86.0,62.7,alec burleson,STL,Alec Burleson,STL,"1B,LF,RF,DH",172.6,100.0,165.0,185.0,725.0,27.6,4.53125,1.0820895522388059,23,1B/OF,1B,False,100.0,560.7627118644068,4.015944775657477,164.2372881355932,0.5153052243425229,77.0,True,True,1,False,3.582089552238806,23.283582089552237,49.25373134328358,0.02100000000000002,1.1502788920944553,0.48481892945613275,0.13364543661392211,-1.297822140421346,1.1489057130930942,0.7963337865196009,-0.020000000000000285,2.116919292872571,44,23.0,-21.0,174.0,546.0,551.0,14.5,9.5,72.3,1.0751180711316435,640.0,688.0,645.0,12,23,11.0,2.336919292872571,full-time,unlucky (xwOBA >> wOBA); elite contact quality
677800,Wilyer Abreu,2026,1999-06-24,OF,L,Boston Red Sox,157,681,597,148,38,4,24,81,76,71,3,8,4,141,7,82,9,0,13,0,0,0,0,0,153,4,27.0,681.0,20.7,10.4,0.248,0.446,0.327,0.198,0.282,0.253,0.468,0.335,0.346,0.331,0.216,0.381,0.398,-0.005,-0.022,-0.011,89.8,18.9,36.2,12.5,43.5,100.851443463,94.713825411,67.8,29.9,61.4,82.4,24.6,47.5,35.8,33.2,35.8,22.4,8.6,7.2,73.8,11.9,24.3,36.3,8.0,51.0,11.0,28.0,4.28,52.0,41.0,55.0,464.0,71.8,58.1,wilyer abreu,BOS,Wilyer Abreu,BOS,"LF,CF,RF",210.6,125.0,214.0,197.0,686.0,27.0,4.369426751592357,1.0073421439060206,35,OF,OF,False,125.0,452.0,3.7174234694899297,234.0,0.6520032821024273,90.0,True,True,1,False,7.048458149779735,21.145374449339208,62.55506607929516,0.010999999999999954,0.7146873731587398,0.39779438910478065,0.1973082150280749,0.4693208777478397,0.6628457547822899,0.2725680491235346,0.1,2.031523679366097,48,35.0,-13.0,230.0,417.0,456.0,24.2,12.3,74.1,1.054701987527123,628.0,662.0,633.0,21,28,14.0,2.311523679366097,full-time,
805808,Kevin McGonigle,2026,2004-08-18,SS,L,Detroit Tigers,156,707,605,168,28,5,18,97,72,95,3,12,4,100,4,117,19,0,0,0,0,0,94,96,0,5,21.0,707.0,14.1,13.4,0.278,0.43,0.376,0.152,0.305,0.264,0.445,0.357,0.355,0.364,0.182,0.362,0.36,0.014,-0.015,0.002,87.8,19.5,36.3,7.3,37.6,98.454122638,93.40873561,67.2,19.6,66.7,89.0,16.2,42.9,37.1,33.8,35.6,22.8,7.9,6.9,71.2,10.5,29.9,16.0,15.3,49.8,24.0,28.2,4.35,38.0,49.0,80.0,509.0,76.6,55.0,kevin mcgonigle,DET,Kevin McGonigle,DET,"3B,SS",248.4,152.0,264.0,245.0,712.0,21.9,4.564102564102564,1.007072135785007,28,3B/SS,3B/SS,False,152.0,425.5,3.7174234694899297,286.5,0.8466790946126341,124.0,True,True,1,False,10.183875530410184,15.275813295615277,80.62234794908062,-0.0020000000000000018,-0.23419937266011256,-0.3239612198645984,1.4436378310977762,0.6165827959286048,0.030967808978250338,0.0,1.1200000000000003,2.0493333882181988,47,28.0,-19.0,,,,,,,1.0467531145416025,640.0,670.0,628.0,15,32,13.0,2.3093333882181986,full-time,plus approach; young
695734,Daylen Lile,2026,2002-11-30,OF,L,Washington Nationals,160,655,602,148,28,8,22,81,89,40,6,15,7,127,7,90,2,0,4,0,0,0,0,0,144,24,23.0,655.0,19.4,6.1,0.246,0.429,0.296,0.183,0.274,0.255,0.442,0.312,0.324,0.304,0.187,0.36,0.375,-0.009,-0.013,-0.012,88.6,19.2,37.8,9.6,38.0,99.074034958,93.689429833,76.2,38.5,61.0,85.5,23.6,55.8,40.7,32.4,38.2,23.0,6.4,7.5,71.5,10.2,24.9,12.8,12.3,54.9,-8.0,29.4,4.21,42.0,33.0,73.0,482.0,84.5,63.8,daylen lile,WSH,Daylen Lile,WSH,"LF,RF,DH",198.4,117.0,204.0,196.0,673.0,23.6,4.20625,1.0274809160305343,39,OF,OF,False,117.0,560.7627118644068,3.8958333333333335,112.23728813559319,0.31041666666666634,78.0,True,False,1,False,13.740458015267176,20.15267175572519,36.6412213740458,0.01200000000000001,0.05898197694164051,-0.11764068772775738,-0.35917928801658044,1.5001543050131976,0.7114517506133727,0.7906152743017811,0.7799999999999998,2.180131478673008,42,39.0,-3.0,273.0,351.0,400.0,16.0,5.2,69.1,1.0780231717146074,594.0,640.0,647.0,34,20,5.0,2.2801314786730082,full-time,plus speed; young
671739,Michael Harris II,2026,2001-03-07,OF,L,Atlanta Braves,155,621,591,174,36,1,26,79,87,23,2,12,3,119,3,111,0,0,2,0,0,0,0,0,147,3,25.0,621.0,19.2,3.7,0.294,0.491,0.321,0.197,0.33,0.29,0.477,0.349,0.342,0.317,0.187,0.419,0.41,0.004,0.014,0.007,90.5,10.0,31.9,10.3,47.6,103.130943957,95.926012511,69.9,45.1,58.0,88.8,24.6,56.4,35.6,44.9,22.9,26.4,5.9,8.1,74.9,16.1,24.2,49.9,7.1,46.6,11.0,27.7,4.28,27.0,56.0,91.0,477.0,76.0,64.4,michael harris,ATL,Michael Harris II,ATL,CF,97.8,67.0,94.0,98.0,695.0,25.3,4.483870967741935,1.1191626409017714,33,OF,OF,False,67.0,560.7627118644068,4.015944775657477,134.2372881355932,0.46792619208445796,34.0,True,False,1,False,11.594202898550725,25.1207729468599,22.22222222222222,-0.006999999999999951,1.0061485198554976,0.5735662909227454,-0.348712369823305,0.24842800047669086,-0.2120621701771478,0.6843094468212132,0.4399999999999999,2.1462039609457593,43,33.0,-10.0,72.0,641.0,623.0,20.0,9.1,74.3,1.039734591471368,625.0,650.0,624.0,28,40,5.0,2.2462039609457594,full-time,elite contact quality
701762,Nick Kurtz,2026,2003-03-12,1B,L,Athletics,99,434,352,90,15,1,21,62,69,79,3,7,1,141,0,53,3,0,0,0,94,0,0,0,0,3,23.0,434.0,32.5,18.2,0.256,0.483,0.396,0.227,0.363,0.244,0.483,0.381,0.374,0.374,0.239,0.525,0.51,0.012,0.0,0.007,93.4,11.9,38.9,18.0,57.3,106.18726581,98.206808714,66.4,23.3,39.5,73.0,36.9,43.1,34.6,41.7,28.9,26.1,3.3,7.8,78.2,13.9,16.9,80.4,12.8,49.6,26.0,26.6,4.47,24.0,27.0,39.0,211.0,73.8,57.7,nick kurtz,ATH,Nick Kurtz,ATH,1B,19.2,16.0,19.0,19.0,491.0,23.3,4.959595959595959,1.131336405529954,139,1B,1B,False,16.0,652.3103448275862,4.681528662420382,-161.31034482758616,0.27806729717557754,-123.0,False,False,120,True,9.67741935483871,29.032258064516128,109.21658986175115,-0.007000000000000006,2.5995964232665125,1.6331739260574052,0.04539039358616559,-0.5615125495175182,-0.21206217017715048,0.5691632628359259,0.8399999999999999,4.7386047502788005,4,16.0,12.0,-128.0,489.0,619.0,30.9,18.5,77.2,1.076546604465198,445.0,479.0,646.0,141,22,-125.0,2.2386047502788005,full-time,elite bat speed; elite contact quality; needs playing time; young
669477,Casey Schmitt,2026,1999-03-01,OF,R,San Francisco Giants,98,409,387,105,17,1,21,47,55,11,7,9,1,81,4,66,5,0,0,0,16,7,24,7,30,23,27.0,409.0,19.8,2.7,0.271,0.483,0.301,0.212,0.291,0.288,0.512,0.336,0.355,0.317,0.224,0.403,0.428,-0.017,-0.029,-0.019,89.9,21.6,39.4,12.3,44.8,100.777605742,94.749369773,71.5,36.5,57.6,89.3,21.4,53.8,39.0,29.7,34.5,25.2,10.6,7.6,72.5,14.0,27.4,27.5,9.7,48.6,8.0,28.0,4.53,32.0,24.0,48.0,310.0,81.7,62.3,casey schmitt,SF,Casey Schmitt,SF,"1B,2B,3B,SS,LF,DH",818.5,321.0,1145.0,,434.0,27.3,4.428571428571429,1.061124694376528,175,1B/2B/3B/OF,3B/OF,False,321.0,172.67,2.396692273871662,261.33000000000004,2.0318791546997668,146.0,False,False,132,False,13.202933985330073,30.806845965770172,16.13691931540342,0.01899999999999996,0.879873579690199,-0.018784936981841267,-0.12134982097708685,0.4693208777478397,1.0516937214309312,1.0093490544818613,0.03999999999999986,2.332291601671784,35,175.0,140.0,139.0,348.0,295.0,23.9,9.0,71.6,0.9996996365900302,397.0,397.0,600.0,186,97,-11.0,2.112291601671784,full-time,unlucky (xwOBA >> wOBA); elite contact quality; skills trending up; needs playing time
686948,Drake Baldwin,2026,2001-03-28,C,L,Atlanta Braves,138,615,549,156,21,0,25,85,79,55,9,3,1,132,2,110,2,8,0,89,0,0,0,0,0,61,25.0,615.0,21.5,8.9,0.284,0.459,0.358,0.175,0.332,0.279,0.505,0.358,0.37,0.352,0.226,0.419,0.437,0.005,-0.046,-0.012,91.5,11.0,37.5,12.9,50.6,102.266130048,95.835253771,70.5,34.4,61.0,83.7,24.4,51.2,30.8,44.2,26.3,24.8,4.8,7.3,75.4,14.4,24.5,56.7,12.0,46.5,19.0,26.0,4.45,35.0,47.0,73.0,419.0,79.3,60.3,drake baldwin,ATL,Drake Baldwin,ATL,"C,DH",101.8,69.0,81.0,119.0,659.0,25.3,4.77536231884058,1.0715447154471545,42,C,C,False,69.0,560.7627118644068,4.015944775657477,98.23728813559319,0.759417543183103,27.0,True,False,1,False,2.926829268292683,24.390243902439025,53.65853658536585,0.01200000000000001,1.3045485029935926,0.7464717237807229,0.11538386178160931,-1.0032983040598158,0.7114517506133727,-0.042923879149542814,0.4399999999999999,2.2128240060799627,39,42.0,3.0,157.0,446.0,502.0,15.2,11.0,75.3,1.0420006648573994,581.0,605.0,625.0,53,37,-11.0,1.9928240060799627,full-time,elite contact quality
671277,Luis García Jr.,2026,2000-05-16,1B,L,multi,147,543,516,143,26,5,30,69,92,25,0,5,2,97,2,82,5,0,0,0,131,0,0,0,0,11,26.0,543.0,17.9,4.6,0.277,0.521,0.309,0.244,0.289,0.276,0.486,0.355,0.341,0.309,0.21,0.416,0.398,0.001,0.035,0.014,91.4,11.5,33.0,12.2,46.1,102.267913349,95.535729017,70.2,38.4,66.7,87.6,20.8,52.6,41.8,43.7,23.5,25.4,7.4,7.4,74.3,15.4,26.7,45.3,10.5,63.7,19.0,26.4,4.39,32.0,38.0,73.0,421.0,78.6,63.4,luis garcia,multi,Luis Garcia,NYY,"1B,2B,DH",257.2,157.0,230.0,306.0,608.0,26.1,4.136054421768708,1.1197053406998159,76,1B/2B,1B,False,157.0,425.5,3.7174234694899297,182.5,0.4186309522787779,81.0,True,False,42,False,5.524861878453039,33.14917127071823,27.624309392265193,-0.013999999999999957,0.9286124029146222,1.164390437136297,0.08570075284517276,-0.7087744676982858,-0.552304140994709,0.7908474648288943,0.27999999999999975,2.1087770896758973,45,76.0,31.0,87.0,526.0,521.0,16.0,9.0,72.4,1.0270455169528154,540.0,555.0,616.0,84,53,-8.0,1.9487770896758974,full-time,elite bat speed; elite contact quality
670042,Luke Raley,2026,1994-09-19,OF,L,Seattle Mariners,95,287,262,59,9,1,15,28,39,15,7,1,2,93,1,34,1,0,1,0,0,0,0,0,89,5,31.0,287.0,32.4,5.2,0.225,0.439,0.284,0.214,0.284,0.252,0.486,0.313,0.342,0.308,0.234,0.435,0.484,-0.027,-0.047,-0.029,90.8,15.1,40.1,15.7,47.1,102.124981786,95.507658563,76.7,34.6,35.1,71.7,40.9,54.1,45.9,36.6,29.1,27.9,6.4,7.3,75.3,11.3,18.7,57.2,14.7,59.2,-4.0,28.6,4.31,16.0,14.0,29.0,172.0,83.3,61.5,luke raley,SEA,Luke Raley,SEA,"1B,LF,CF,RF,DH",813.5,319.0,1184.0,,267.0,31.8,2.8105263157894735,0.9303135888501742,284,1B/OF,OF,False,319.0,172.67,2.396692273871662,94.33000000000001,0.4138340419178115,35.0,False,False,250,False,2.0905923344947737,31.358885017421603,31.358885017421603,0.029000000000000026,1.575306058959346,1.294667471034472,-1.5339776198562847,0.9111066322901374,1.5377536797417357,1.0004822066009975,-0.8600000000000002,2.5106152583096706,29,284.0,255.0,94.0,219.0,173.0,29.2,10.6,73.8,0.9162564182617645,273.0,250.0,550.0,315,266,-31.0,1.8906152583096705,playing-time dependent,unlucky (xwOBA >> wOBA); elite bat speed; elite contact quality; skills trending up; plus speed; needs playing time
694374,Tim Tawa,2026,1999-04-07,1B,R,Arizona Diamondbacks,104,351,313,75,13,1,11,41,42,27,0,8,4,84,4,50,5,0,0,0,51,3,10,0,54,5,27.0,351.0,23.9,7.7,0.24,0.393,0.297,0.153,0.288,0.247,0.418,0.302,0.315,0.305,0.171,0.365,0.385,-0.007,-0.025,-0.013,90.5,12.8,35.4,10.5,43.8,100.77373087,94.791945895,69.0,31.4,55.6,80.5,28.0,49.0,36.7,43.3,26.3,23.3,7.1,7.2,74.0,12.6,23.1,37.1,10.3,58.6,-3.0,27.6,4.48,17.0,25.0,33.0,240.0,73.3,62.1,tim tawa,ARI,,,,,,,,327.0,27.2,3.144230769230769,0.9316239316239316,235,1B/2B/3B/OF,1B/OF,True,339.0,172.67,2.396692273871662,154.33,0.7475384953591071,104.0,False,False,237,False,13.675213675213676,18.803418803418804,46.15384615384615,0.013000000000000012,0.5292687477349647,0.7671769958089186,-0.41773767113911475,0.17479704138630967,0.7600577464444528,0.8891465489505107,0.060000000000000143,1.985635546865582,52,235.0,183.0,130.0,225.0,197.0,28.4,9.3,73.1,0.9617451741035604,326.0,314.0,577.0,241,160,-6.0,1.8656355468655819,playing-time dependent,skills trending up; needs playing time
699912,Jose Fernandez,2026,2003-09-22,DH,R,Arizona Diamondbacks,73,222,204,52,9,0,3,26,16,11,2,9,2,51,0,40,6,0,0,0,20,0,23,7,0,22,22.0,222.0,23.0,5.0,0.255,0.343,0.3,0.088,0.327,0.245,0.342,0.287,0.281,0.29,0.098,0.347,0.338,0.01,0.001,0.006,87.8,10.7,28.5,3.8,38.6,100.3141396,94.264477919,56.4,36.4,60.1,86.1,24.9,45.8,41.1,48.7,11.4,25.3,14.6,7.8,74.0,11.7,22.8,42.9,7.9,46.7,-3.0,29.5,4.36,5.0,21.0,26.0,158.0,62.7,62.6,jose fernandez,ARI,,,,,,,,198.0,22.8,2.712328767123288,0.8918918918918919,342,1B/3B/SS,1B/3B,True,339.0,172.67,2.396692273871662,25.330000000000013,0.3156364932516258,-3.0,False,False,280,False,24.324324324324326,8.108108108108109,29.72972972972973,-0.00599999999999995,-0.33087681562306936,0.34659994733353167,-0.41523812981351305,1.5737852641035814,-0.16345617434606766,0.0,0.94,1.2628090923957014,78,342.0,264.0,,,,,,,1.002336566080659,250.0,251.0,601.0,312,94,30.0,1.8628090923957012,playing-time dependent,plus speed; needs playing time; young
690993,Colt Keith,2026,2001-08-14,3B,L,Detroit Tigers,140,423,384,99,19,4,10,51,36,32,5,6,0,84,2,66,4,0,0,0,18,0,66,0,0,50,24.0,423.0,19.9,7.6,0.258,0.406,0.322,0.148,0.305,0.272,0.423,0.321,0.333,0.336,0.15,0.363,0.381,-0.014,-0.017,-0.012,88.7,13.3,38.1,7.6,42.1,100.101906954,94.295002159,62.8,24.6,56.3,86.0,22.3,43.8,37.4,39.7,25.2,26.8,8.3,6.9,72.0,13.9,29.7,19.7,10.7,48.9,-3.0,28.1,4.33,21.0,33.0,45.0,302.0,75.2,61.0,colt keith,DET,Colt Keith,DET,"1B,2B,3B,DH",310.4,190.0,300.0,318.0,393.0,24.9,2.807142857142857,0.9290780141843972,200,1B/2B/3B,3B,False,190.0,377.25,3.18680233337683,15.75,-0.3796594762339729,-10.0,False,False,171,False,8.51063829787234,14.184397163120567,45.39007092198582,0.01200000000000001,0.20339010541074082,-0.19973455511316765,0.2102133190159641,0.5429518368382236,0.7114517506133727,0.38857910516718974,0.5200000000000004,1.649885300939029,66,190.0,124.0,-41.0,468.0,434.0,21.8,9.2,70.7,0.9419135337568797,432.0,407.0,565.0,180,210,10.0,1.849885300939029,full-time,needs playing time; young
699013,Esmerlyn Valdez,2026,2004-01-27,OF,R,Pittsburgh Pirates,72,287,241,56,14,1,17,40,47,42,1,0,1,108,3,24,2,0,2,0,1,0,0,0,72,0,22.0,287.0,37.6,14.6,0.232,0.51,0.345,0.278,0.328,0.2,0.44,0.368,0.332,0.319,0.241,0.555,0.48,0.032,0.07,0.036,91.9,18.0,34.6,19.9,49.3,102.626347206,95.946204412,64.8,21.0,39.9,67.4,40.2,41.3,37.5,34.6,39.7,19.9,5.9,8.0,74.8,11.3,18.7,50.9,15.7,51.8,10.0,28.1,4.56,25.0,14.0,17.0,136.0,76.5,56.4,esmerlyn valdez,PIT,,,,,,,,311.0,22.4,4.319444444444445,1.083623693379791,250,OF,OF,True,339.0,172.67,2.396692273871662,138.33,1.9227521705727826,89.0,False,False,241,False,0.0,35.54006968641115,87.80487804878048,-0.035999999999999976,1.942686370999059,0.8038542806595381,-0.7149761302364261,0.5429518368382236,-1.6216360492784727,0.0,1.0200000000000002,2.490002877596268,30,250.0,220.0,,,,,,,0.9399276379793332,287.0,270.0,564.0,284,214,-34.0,1.810002877596268,playing-time dependent,elite bat speed; elite contact quality; needs playing time; young
805999,A.J. Ewing,2026,2004-08-10,OF,L,New York Mets,120,492,436,110,19,1,11,55,43,46,2,25,8,125,4,79,4,0,6,0,0,3,0,0,122,1,21.0,492.0,25.4,9.3,0.252,0.376,0.324,0.124,0.326,0.255,0.399,0.311,0.32,0.327,0.144,0.376,0.391,-0.003,-0.023,-0.009,89.6,10.8,35.1,7.5,42.3,100.034776474,94.356587331,67.4,26.7,54.4,84.5,24.6,46.1,31.0,46.1,24.5,25.4,4.1,6.5,70.4,10.4,25.5,12.6,9.3,40.6,-4.0,29.4,4.16,15.0,46.0,47.0,319.0,78.9,62.3,aj ewing,NYM,,,,,,,,503.0,21.9,4.191666666666666,1.0223577235772359,131,OF,OF,True,339.0,172.67,2.396692273871662,330.33000000000004,1.7949743927950044,208.0,True,False,120,False,30.48780487804878,13.414634146341463,56.09756097560975,0.009000000000000008,0.24433697859931836,-0.8825551284316528,-0.027209568485175046,1.5001543050131976,0.5656337631201322,0.0,1.1200000000000003,1.7149074899783627,61,131.0,70.0,,,,,,,1.0093120919421992,492.0,497.0,606.0,127,83,4.0,1.7949074899783628,full-time,plus speed; young
668709,JJ Bleday,2026,1997-11-10,OF,L,Cincinnati Reds,133,545,466,101,17,2,24,61,58,72,3,6,5,121,3,58,1,0,6,0,0,0,0,0,139,7,28.0,545.0,22.2,13.2,0.217,0.416,0.324,0.199,0.238,0.24,0.421,0.326,0.34,0.345,0.181,0.361,0.382,-0.023,-0.005,-0.014,88.4,23.2,39.4,9.5,40.1,99.80397093,94.061260465,70.0,22.8,47.8,82.0,26.5,46.1,46.6,28.4,33.6,27.6,10.6,7.3,73.6,10.4,22.4,32.0,14.1,53.7,10.0,27.5,4.42,28.0,22.0,51.0,348.0,76.9,62.5,jj bleday,CIN,,,,,,,,518.0,28.6,3.8947368421052633,0.9504587155963303,122,OF,OF,True,339.0,172.67,2.396692273871662,345.33000000000004,1.4980445682336012,217.0,True,False,120,False,6.605504587155964,26.422018348623855,79.26605504587157,0.014000000000000012,0.2307457881201067,0.41789585846755123,0.43453026775698905,0.10116608229592583,0.8086637422755331,1.176439431144753,-0.2200000000000003,1.9873098684328059,51,122.0,71.0,201.0,344.0,317.0,26.5,7.8,71.6,0.9672219548290617,505.0,488.0,580.0,133,149,-11.0,1.767309868432806,full-time,unlucky (xwOBA >> wOBA); skills trending up
668904,Royce Lewis,2026,1999-06-05,1B,R,Minnesota Twins,125,509,463,105,24,1,15,51,57,38,3,16,1,130,5,65,11,0,0,0,82,16,40,0,0,0,27.0,509.0,25.5,7.5,0.227,0.38,0.287,0.153,0.279,0.238,0.397,0.292,0.306,0.298,0.159,0.356,0.377,-0.011,-0.017,-0.014,89.8,20.9,33.4,10.7,40.2,100.584117857,94.480060268,70.2,33.4,45.2,79.3,32.8,50.5,46.7,32.5,29.3,24.3,13.9,8.1,75.1,10.8,20.0,54.5,11.4,72.2,-13.0,27.7,4.36,25.0,26.0,53.0,338.0,81.6,63.0,royce lewis,MIN,Royce Lewis,MIN,"1B,2B,3B",222.4,132.0,188.0,195.0,467.0,27.1,3.736,0.9174852652259332,150,1B/2B/3B,1B/3B,False,132.0,425.5,3.7174234694899297,41.5,0.018576530510070466,-18.0,False,False,122,False,18.86051080550098,17.68172888015717,44.79371316306484,0.014000000000000012,0.36674609313812206,1.7896524758388648,-0.8229630656956347,0.24842800047669086,0.8086637422755331,0.3054224290666982,0.07999999999999972,1.92937584392168,54,132.0,78.0,90.0,403.0,377.0,19.9,8.7,73.6,0.9813215964215605,488.0,479.0,589.0,141,116,-9.0,1.74937584392168,full-time,unlucky (xwOBA >> wOBA); elite bat speed
683146,Brett Baty,2026,1999-11-13,3B,L,New York Mets,143,473,420,99,22,1,11,53,56,44,3,5,1,125,5,65,10,0,1,0,26,25,58,3,30,11,26.0,473.0,26.4,9.3,0.236,0.371,0.309,0.135,0.304,0.243,0.412,0.302,0.321,0.317,0.169,0.366,0.395,-0.007,-0.041,-0.019,90.4,12.9,36.7,10.3,42.0,101.4330448,95.001666187,69.4,28.8,46.4,80.8,29.3,49.1,35.0,40.0,28.7,26.3,5.0,7.5,75.3,11.8,20.8,56.5,10.7,47.9,-4.0,26.8,4.44,15.0,30.0,54.0,300.0,76.8,63.0,brett baty,NYM,Brett Baty,NYM,"1B,2B,3B,LF,RF,DH",309.8,188.0,266.0,325.0,418.0,26.6,2.923076923076923,0.8837209302325582,185,1B/2B/3B/OF,1B/2B/3B/OF,False,188.0,377.25,3.18680233337683,40.75,-0.2637254102999069,3.0,False,False,170,False,6.342494714587738,13.953488372093023,55.81395348837209,0.019000000000000017,0.5749445092002312,0.7913503946191366,-0.36141321248063224,-0.4142506313367531,1.0516937214309339,-0.3007119123063772,0.17999999999999972,1.1705850066214167,87,185.0,98.0,-7.0,432.0,425.0,25.0,12.9,74.8,0.9523264143635448,465.0,443.0,571.0,158,185,27.0,1.7105850066214168,full-time,unlucky (xwOBA >> wOBA)
663757,Trent Grisham,2026,1996-11-01,OF,L,New York Yankees,121,484,418,88,19,2,18,67,59,61,0,9,3,89,4,49,3,0,4,0,0,0,0,0,119,1,29.0,484.0,18.4,12.6,0.211,0.395,0.308,0.184,0.222,0.245,0.429,0.311,0.337,0.339,0.184,0.323,0.361,-0.034,-0.034,-0.026,90.6,17.5,35.7,9.6,45.3,100.542669759,94.739643825,58.8,19.2,59.8,88.9,18.2,39.1,44.4,38.1,30.0,22.5,9.3,7.4,70.7,15.3,34.7,8.7,13.4,62.9,2.0,26.8,4.51,24.0,21.0,42.0,333.0,71.8,60.1,trent grisham,NYY,Trent Grisham,NYY,CF,232.4,142.0,241.0,193.0,472.0,29.7,3.9008264462809916,0.9752066115702479,146,OF,OF,False,142.0,425.5,3.7174234694899297,46.5,0.18340297679106188,-4.0,False,False,121,False,11.15702479338843,22.31404958677686,75.6198347107438,0.026000000000000023,0.3830781797243565,0.06031329071937611,0.9549657982060525,-0.4142506313367531,1.3919356922484951,-0.014350415679375061,-0.4399999999999999,1.1826172151147678,85,142.0,57.0,-137.0,581.0,609.0,23.6,14.2,71.0,1.00340350368984,503.0,505.0,602.0,116,91,26.0,1.7026172151147678,full-time,unlucky (xwOBA >> wOBA); plus approach
668715,Spencer Steer,2026,1997-12-07,1B,R,Cincinnati Reds,98,384,340,81,14,0,16,54,40,35,6,3,0,86,2,51,4,0,2,0,48,16,2,0,59,1,28.0,384.0,22.4,9.1,0.238,0.421,0.319,0.183,0.271,0.246,0.452,0.326,0.342,0.33,0.206,0.374,0.402,-0.008,-0.031,-0.016,89.7,16.9,35.5,12.4,39.1,99.548552583,94.118224167,65.3,26.2,50.5,84.9,25.3,45.3,47.3,43.0,29.7,19.1,8.2,7.4,71.2,11.6,26.2,8.3,13.4,59.0,2.0,28.5,4.44,21.0,27.0,33.0,256.0,70.1,64.8,spencer steer,CIN,Spencer Steer,CIN,"1B,2B,LF,RF",271.4,166.0,263.0,302.0,368.0,28.6,3.7551020408163267,0.9583333333333334,214,1B/2B/OF,1B/OF,False,166.0,425.5,3.4210526315789473,-57.5,0.33404940923737936,-48.0,False,False,202,False,4.6875,25.0,54.6875,0.016000000000000014,0.4482214679453945,-0.0526605475265712,0.12895981378116414,0.8374756731997536,0.9058757339376934,0.9792774184108891,-0.2200000000000003,1.8915796850132294,55,166.0,111.0,-180.0,568.0,548.0,22.7,7.6,70.9,0.9657241641462275,421.0,407.0,579.0,180,153,-14.0,1.6115796850132293,playing-time dependent,unlucky (xwOBA >> wOBA); skills trending up; plus speed; needs playing time
666397,Edouard Julien,2026,1999-04-30,2B,L,Colorado Rockies,88,276,236,49,9,1,3,37,20,39,1,5,3,71,0,36,5,0,0,0,12,72,0,0,0,9,27.0,276.0,25.7,14.1,0.208,0.292,0.322,0.084,0.284,0.247,0.401,0.287,0.338,0.356,0.155,0.31,0.396,-0.039,-0.109,-0.051,90.8,7.7,42.4,7.3,49.7,100.290529512,94.870091768,62.8,18.6,48.6,84.4,23.7,40.9,37.0,50.3,20.0,27.3,2.4,7.0,71.5,11.5,27.9,15.2,11.6,38.7,-3.0,26.7,4.55,9.0,19.0,21.0,165.0,77.6,57.2,edouard julien,COL,,,,,,,,225.0,27.2,2.5568181818181817,0.8152173913043478,317,1B/2B,2B,True,339.0,172.67,2.396692273871662,52.33000000000001,0.1601259079465196,22.0,False,False,258,False,10.869565217391305,6.521739130434782,84.78260869565217,0.051000000000000045,0.5229780910090416,-0.7822180544791625,0.4947770188197047,-0.4878815904271369,2.6070855880254995,0.6843996705169706,0.060000000000000143,1.9402990659513575,53,317.0,264.0,81.0,208.0,144.0,29.3,12.2,70.2,0.9108835155474434,262.0,239.0,547.0,335,277,-18.0,1.5802990659513574,playing-time dependent,unlucky (xwOBA >> wOBA); needs playing time
624413,Pete Alonso,2026,1994-12-07,1B,R,Baltimore Orioles,161,700,602,161,24,0,43,100,113,81,12,5,1,169,5,94,4,0,0,0,143,0,0,0,0,19,31.0,700.0,24.1,11.6,0.267,0.522,0.363,0.255,0.299,0.285,0.563,0.379,0.402,0.375,0.279,0.461,0.496,-0.018,-0.041,-0.023,93.9,14.9,36.8,15.3,56.2,104.058997078,97.241695881,66.3,26.6,54.5,81.9,26.8,45.0,36.8,41.6,31.3,22.4,4.8,7.2,74.7,16.9,25.1,47.3,10.4,55.1,37.0,24.9,4.9,50.0,47.0,64.0,438.0,72.4,62.1,pete alonso,BAL,Pete Alonso,BAL,"1B,DH",24.6,20.0,24.0,24.0,792.0,31.6,4.919254658385094,1.1314285714285715,5,1B,1B,False,20.0,652.3103448275862,4.58933933933934,139.68965517241384,0.329915319045754,15.0,False,False,1,False,4.285714285714286,36.85714285714286,69.42857142857143,0.02300000000000002,2.105655701217813,0.8744576428101127,0.5159556773209348,-1.8132388540540274,1.2461177047552545,-0.2824758206658517,-0.8200000000000003,1.8330482511673232,59,5.0,-54.0,13.0,709.0,779.0,22.8,18.9,75.2,1.038534824512076,640.0,665.0,623.0,19,42,-14.0,1.5530482511673231,full-time,unlucky (xwOBA >> wOBA); elite bat speed; elite contact quality
665742,Juan Soto,2026,1998-10-25,OF,L,New York Mets,111,482,400,110,11,2,27,63,68,78,1,9,3,65,2,70,2,0,0,0,0,0,0,0,66,43,27.0,482.0,13.5,16.2,0.275,0.515,0.393,0.24,0.268,0.295,0.574,0.385,0.411,0.391,0.279,0.4,0.436,-0.02,-0.059,-0.026,92.6,16.0,32.0,14.0,48.1,102.453819701,96.079954685,62.7,20.9,62.1,85.4,20.9,40.7,39.8,39.2,32.9,19.3,8.6,7.1,72.5,18.6,34.8,29.0,12.6,67.3,34.0,25.6,4.54,35.0,28.0,47.0,337.0,77.0,57.2,juan soto,NYM,Juan Soto,NYM,"LF,RF,DH",3.6,3.0,4.0,3.0,551.0,27.7,4.963963963963964,1.1431535269709543,111,OF,OF,False,3.0,652.3103448275862,4.789578477078477,-101.31034482758616,0.1743854868854875,-108.0,False,False,120,True,11.203319502074688,33.60995850622407,97.09543568464731,0.025999999999999968,1.306902985610009,0.8198579832145305,1.465343148769935,-1.297822140421346,1.3919356922484925,-0.45870859452188156,-0.03999999999999986,2.6838291646205206,25,3.0,-22.0,-388.0,715.0,939.0,19.2,18.2,73.6,1.1131339944712697,529.0,589.0,668.0,61,11,-58.0,1.5238291646205206,full-time,unlucky (xwOBA >> wOBA); elite bat speed; elite contact quality; plus approach
660271,Shohei Ohtani,2026,1994-07-05,TWP,L,Los Angeles Dodgers,139,618,523,144,26,4,30,89,81,81,7,11,3,152,5,84,1,0,0,0,0,0,0,0,0,134,31.0,618.0,24.6,13.1,0.275,0.512,0.377,0.237,0.329,0.286,0.552,0.377,0.397,0.372,0.266,0.467,0.5,-0.011,-0.04,-0.02,93.3,12.3,38.0,16.4,52.1,103.764505323,96.745585269,66.0,30.0,51.7,77.2,31.7,46.6,47.9,42.8,30.3,23.7,3.2,7.9,74.7,14.6,25.4,49.1,13.4,49.5,26.0,27.7,4.24,33.0,44.0,67.0,376.0,77.6,59.7,shohei ohtani,LAD,Shohei Ohtani,LAD,"SP,DH",1.0,1.0,1.0,1.0,702.0,32.0,5.0503597122302155,1.1359223300970873,31,UT,UT,False,1.0,652.3103448275862,4.963963963963964,49.689655172413836,0.08639574826625118,-30.0,False,False,1,False,10.679611650485437,29.12621359223301,78.64077669902912,0.020000000000000018,2.029425722150201,0.6609760391663263,0.06753050724350151,0.24842800047669086,1.100299717262014,-1.0057154805177582,-0.9,1.5958828804386056,68,1.0,-67.0,-270.0,727.0,972.0,25.7,23.5,75.8,1.1158645460524428,640.0,714.0,670.0,6,10,-5.0,1.4958828804386055,full-time,unlucky (xwOBA >> wOBA); elite contact quality
695731,Braden Montgomery,2026,2003-04-16,OF,S,Chicago White Sox,93,365,323,73,16,3,6,47,38,38,3,1,3,72,1,48,5,0,9,0,0,0,0,0,94,0,23.0,365.0,19.7,10.4,0.226,0.35,0.312,0.124,0.272,0.255,0.392,0.298,0.325,0.339,0.137,0.317,0.356,-0.029,-0.042,-0.027,88.9,3.0,28.2,4.4,40.9,100.06983808,94.25030544,76.4,27.4,42.4,81.0,30.1,50.4,35.7,59.9,17.9,18.7,3.6,6.5,69.7,10.8,25.0,8.7,8.0,49.1,-7.0,28.4,4.34,8.0,36.0,29.0,252.0,86.7,60.0,braden montgomery,CWS,,,,,,,,328.0,23.2,3.5268817204301075,0.8986301369863013,232,OF,OF,True,339.0,172.67,2.396692273871662,155.33,1.1301894465584454,107.0,False,False,237,False,1.643835616438356,9.863013698630136,62.465753424657535,0.027000000000000024,-0.1582765632619553,-0.6668221565943001,-0.12682330717373339,0.7638447141093698,1.4405416880795752,0.0,0.8600000000000002,1.2086825400064922,84,232.0,148.0,,,,,,,0.9514248539767766,365.0,347.0,571.0,218,185,14.0,1.4886825400064922,playing-time dependent,unlucky (xwOBA >> wOBA); needs playing time; young
677942,Blaze Alexander,2026,1999-06-11,3B,R,Baltimore Orioles,93,289,261,79,13,2,4,35,31,19,4,10,3,63,1,60,7,0,0,0,0,21,56,12,22,0,27.0,289.0,21.8,6.6,0.303,0.414,0.358,0.111,0.385,0.3,0.452,0.34,0.351,0.354,0.152,0.408,0.425,0.003,-0.038,-0.011,92.3,9.2,40.8,6.6,48.8,100.590883438,95.214491406,82.5,30.2,59.5,80.4,25.3,56.1,33.3,47.8,21.4,29.4,1.5,7.4,72.2,10.9,25.6,23.9,8.1,49.9,3.0,28.4,4.4,10.0,27.0,42.0,201.0,86.1,62.2,blaze alexander,BAL,,,,,,,,299.0,27.1,3.21505376344086,1.0346020761245676,262,2B/3B/SS/OF,2B/3B/OF,True,339.0,172.67,2.396692273871662,126.33000000000001,0.818361489569198,77.0,False,False,247,False,20.761245674740486,8.304498269896195,39.44636678200692,0.010999999999999954,0.6197728086176831,-0.06054559860254851,-0.24470312213976922,0.7638447141093698,0.6628457547822899,0.6638859549796636,0.07999999999999972,1.682095968741522,65,262.0,197.0,60.0,266.0,239.0,32.3,12.8,72.1,0.9700886769479349,284.0,276.0,582.0,274,141,-12.0,1.442095968741522,playing-time dependent,needs playing time
668804,Bryan Reynolds,2026,1995-01-27,OF,S,Pittsburgh Pirates,162,699,595,155,40,3,17,102,72,89,11,9,0,162,3,95,2,0,4,0,0,0,0,0,152,31,31.0,699.0,23.2,12.7,0.261,0.424,0.365,0.163,0.329,0.254,0.443,0.349,0.355,0.359,0.189,0.401,0.409,0.007,-0.019,-0.006,90.8,8.3,38.5,11.2,47.9,101.857125046,95.370003739,70.2,24.7,39.9,83.7,28.2,46.7,38.8,45.9,26.8,24.3,3.0,7.0,72.8,12.9,24.7,29.9,10.9,46.6,20.0,28.2,4.4,36.0,54.0,64.0,436.0,81.9,63.7,bryan reynolds,PIT,Bryan Reynolds,PIT,"LF,CF,RF,DH",178.6,106.0,194.0,150.0,714.0,31.4,4.407407407407407,1.0214592274678111,26,OF,OF,False,106.0,560.7627118644068,4.015944775657477,153.2372881355932,0.39146263174993035,80.0,True,True,1,False,7.725321888412017,14.592274678111588,76.39484978540773,0.006000000000000005,0.9341372421462018,-0.027571089465424675,0.46380570863645404,0.6165827959286048,0.4198157756268917,0.7319699772056335,-0.7799999999999998,1.5484899752064476,72,26.0,-46.0,114.0,654.0,600.0,26.5,10.1,72.2,1.0057428385112797,640.0,644.0,603.0,32,89,-6.0,1.4284899752064475,full-time,elite contact quality
691777,Max Muncy,2026,2002-08-25,3B,R,Athletics,82,284,256,59,9,2,9,31,30,21,4,3,2,91,3,39,3,0,0,0,0,0,56,1,4,22,23.0,284.0,32.0,7.4,0.23,0.387,0.296,0.157,0.314,0.218,0.366,0.3,0.288,0.285,0.149,0.403,0.381,0.012,0.021,0.012,89.1,15.9,33.3,10.7,43.5,101.562068929,95.003906131,68.8,33.2,42.6,81.1,32.4,50.0,44.0,41.1,22.6,22.0,14.3,7.5,74.1,11.2,18.9,45.5,10.1,53.5,-2.0,27.7,4.46,13.0,25.0,21.0,168.0,79.5,68.0,max muncy,ATH,,,,,,,,250.0,23.8,3.048780487804878,0.8802816901408451,293,3B,3B,True,339.0,172.67,2.396692273871662,77.33000000000001,0.652088213933216,46.0,False,False,255,False,6.338028169014084,19.014084507042252,44.36619718309859,-0.01200000000000001,0.5953925171152235,0.6986423345746005,-0.7936341670362688,0.24842800047669086,-0.4550921493325513,0.9549320499165033,0.7399999999999999,1.877015605778419,56,293.0,237.0,82.0,220.0,168.0,30.9,10.1,73.1,0.9155224959580041,271.0,248.0,549.0,317,270,-24.0,1.397015605778419,playing-time dependent,skills trending up; needs playing time; young
661388,William Contreras,2026,1997-12-24,C,R,Milwaukee Brewers,147,640,566,153,27,1,18,82,94,61,4,1,2,94,9,107,0,25,0,128,0,0,0,0,0,20,28.0,640.0,14.7,9.5,0.27,0.417,0.341,0.147,0.292,0.261,0.441,0.33,0.334,0.328,0.181,0.349,0.355,0.009,-0.024,-0.004,90.3,13.2,33.3,8.5,44.1,101.24009195,94.956986071,68.0,28.3,62.5,87.1,20.7,47.2,36.4,40.5,25.6,25.2,8.7,7.2,73.5,15.8,31.4,37.1,8.6,59.1,10.0,26.0,4.61,27.0,52.0,74.0,481.0,78.4,61.5,william contreras,MIL,William Contreras,MIL,"C,DH",56.0,40.0,48.0,58.0,683.0,28.5,4.64625850340136,1.0671875,37,C,C,False,40.0,626.0,4.468071322604339,57.0,0.17818718079702123,3.0,False,False,1,False,0.9375,16.875,57.1875,0.0040000000000000036,0.319640005911366,0.7255391223057112,0.6044946809901284,-1.0032983040598158,0.3226037839647314,0.4329724615322501,-0.2,1.101547444484891,92,37.0,-55.0,2.0,659.0,681.0,18.2,6.4,73.2,1.0273295847948345,640.0,657.0,616.0,23,53,14.0,1.381547444484891,full-time,
607043,Brandon Nimmo,2026,1993-03-27,OF,L,Texas Rangers,155,655,593,154,36,4,14,65,62,51,7,7,1,149,4,100,5,0,3,0,0,0,0,0,147,9,33.0,655.0,22.7,7.8,0.26,0.405,0.324,0.145,0.323,0.267,0.441,0.32,0.338,0.331,0.174,0.378,0.406,-0.007,-0.036,-0.018,92.1,10.4,34.2,8.9,50.4,101.759062902,95.658360626,72.5,29.0,58.6,82.8,23.9,51.2,32.8,42.0,26.6,27.9,3.6,7.0,72.4,12.6,25.0,28.5,7.3,52.2,-3.0,28.0,4.23,25.0,46.0,83.0,448.0,81.5,62.1,brandon nimmo,TEX,Brandon Nimmo,TEX,"LF,CF,RF,DH",129.6,83.0,136.0,97.0,601.0,33.3,3.8774193548387097,0.917557251908397,80,OF,OF,False,83.0,560.7627118644068,4.015944775657477,40.23728813559319,-0.1385254208187674,3.0,False,False,42,False,6.412213740458015,12.82442748091603,46.717557251908396,0.018000000000000016,0.8470663662780132,0.14189659866768203,-0.12669139432214027,0.4693208777478397,1.0030877255998536,0.1475673221678843,-1.1599999999999995,0.5453500628369299,125,80.0,-45.0,-87.0,652.0,688.0,21.6,8.8,72.2,0.9733100219249149,640.0,623.0,584.0,42,131,38.0,1.30535006283693,full-time,unlucky (xwOBA >> wOBA); elite contact quality
678554,Curtis Mead,2026,2000-10-26,3B,R,multi,88,329,285,72,17,1,17,49,48,39,5,6,2,63,0,37,8,0,0,0,34,7,48,0,0,5,25.0,329.0,19.1,11.9,0.253,0.498,0.353,0.245,0.268,0.259,0.457,0.37,0.358,0.359,0.198,0.409,0.392,-0.006,0.041,0.012,88.0,15.8,35.6,10.9,42.3,100.226240455,94.227892192,57.8,25.1,66.1,89.6,18.1,40.6,46.8,37.4,30.6,23.4,8.6,7.1,72.6,12.8,25.3,27.3,5.5,45.9,13.0,27.0,4.67,24.0,21.0,26.0,222.0,62.6,64.4,curtis mead,multi,,,,,,,,365.0,25.7,4.1477272727272725,1.1094224924012157,216,1B/3B,1B/3B,True,339.0,172.67,2.396692273871662,192.33,1.7510349988556104,123.0,False,False,202,False,10.94224924012158,31.003039513677813,71.12462006079028,-0.01200000000000001,0.4816483433536573,-0.12691684857986826,0.8981036772068536,-0.26698871315598804,-0.4550921493325513,1.2708787678826727,0.36000000000000015,2.0121571094916315,50,216.0,166.0,152.0,264.0,213.0,23.9,4.5,73.3,0.9631266431137901,316.0,304.0,578.0,252,156,-36.0,1.2921571094916315,playing-time dependent,skills trending up; plus approach; needs playing time
805811,Bryce Eldridge,2026,2004-10-20,DH,L,San Francisco Giants,107,448,386,104,23,0,17,50,57,59,0,1,1,119,3,64,1,0,0,0,41,0,0,0,0,66,21.0,448.0,26.6,13.2,0.269,0.461,0.364,0.192,0.344,0.26,0.467,0.361,0.359,0.355,0.207,0.448,0.444,0.009,-0.006,0.002,92.7,13.7,36.7,11.5,52.2,102.568509037,96.138444275,64.7,24.6,52.0,82.1,27.1,43.1,37.8,39.3,30.4,26.3,4.1,7.4,73.4,13.8,23.8,34.4,12.2,42.8,20.0,26.0,4.52,27.0,29.0,48.0,270.0,73.8,59.6,bryce eldridge,SF,Bryce Eldridge,SF,"1B,DH",341.0,207.0,369.0,362.0,450.0,21.7,4.205607476635514,1.0044642857142858,164,1B,1B,False,207.0,341.7741935483871,3.18680233337683,108.22580645161293,1.018805143258684,43.0,False,False,127,False,1.3392857142857142,22.767857142857142,79.01785714285714,-0.0020000000000000018,1.3340823947760478,-0.041466085281958165,0.3766902374497724,-1.0032983040598158,0.030967808978250338,0.0,1.1600000000000001,2.2593352613611257,37,164.0,127.0,429.0,37.0,21.0,35.1,25.0,71.6,0.9879095832248785,366.0,362.0,593.0,214,108,-50.0,1.2593352613611257,full-time,elite contact quality; needs playing time; young
663647,Ke'Bryan Hayes,2026,1997-01-28,3B,R,Cincinnati Reds,94,242,227,32,2,1,5,19,9,13,2,1,0,48,0,24,5,0,0,0,0,0,94,0,0,0,29.0,242.0,19.8,5.4,0.141,0.225,0.194,0.084,0.155,0.236,0.371,0.191,0.287,0.284,0.135,0.2,0.33,-0.095,-0.146,-0.096,90.4,16.2,36.3,6.9,38.5,99.502539885,93.92032431,62.3,30.9,52.9,89.0,23.4,46.2,30.7,34.6,31.3,29.1,5.0,6.8,70.7,12.9,33.1,5.5,5.5,54.4,-22.0,26.9,4.6,5.0,5.0,22.0,179.0,67.6,61.2,kebryan hayes,CIN,Ke'Bryan Hayes,CIN,3B,634.0,285.0,1023.0,429.0,124.0,29.4,1.3191489361702127,0.512396694214876,414,3B,3B,False,285.0,172.67,2.6219512195121952,-48.66999999999999,-1.3028022833419826,-129.0,False,False,339,False,2.479338842975207,12.396694214876034,32.231404958677686,0.09599999999999997,-0.26343581716869724,-0.36305497112887813,-0.25564793436350247,-0.3406196722463719,4.794355400424101,0.030600391865866022,-0.3799999999999997,1.1423551617002818,90,285.0,195.0,-332.0,570.0,456.0,19.5,4.6,71.1,0.8857766971640659,308.0,273.0,531.0,280,324,5.0,1.242355161700282,playing-time dependent,unlucky (xwOBA >> wOBA); needs playing time
663993,Nathaniel Lowe,2026,1995-07-07,1B,L,multi,126,429,381,96,22,0,17,38,64,38,2,0,0,99,8,57,4,0,0,0,69,0,0,0,0,47,30.0,429.0,23.1,8.9,0.252,0.444,0.317,0.192,0.289,0.268,0.437,0.329,0.335,0.332,0.169,0.391,0.403,-0.016,0.007,-0.006,89.6,14.6,39.3,8.4,41.4,101.026614056,94.719806842,65.4,27.3,57.4,86.8,22.0,46.1,36.2,37.9,25.9,30.0,6.2,7.5,74.4,12.3,20.3,43.8,7.9,55.0,11.0,25.5,4.61,24.0,22.0,50.0,290.0,72.4,59.1,nathaniel lowe,multi,,,,,,,,403.0,31.0,3.1984126984126986,0.9393939393939394,194,1B,1B,True,339.0,172.67,2.396692273871662,230.33,0.8017204245410365,145.0,False,False,170,False,0.0,23.776223776223773,53.14685314685315,0.006000000000000005,0.43234660454479346,0.7734658330664689,0.33288272224968635,-1.3714530995117298,0.4198157756268917,0.931364937450475,-0.7000000000000001,0.7848130621773469,111,194.0,83.0,-134.0,609.0,537.0,26.1,7.0,72.6,0.8917817072837448,465.0,415.0,535.0,172,313,22.0,1.224813062177347,full-time,skills trending up; needs playing time
702284,Cole Young,2026,2003-07-29,2B,L,Seattle Mariners,160,638,577,142,19,4,17,76,66,44,13,4,5,109,3,102,8,0,0,0,0,157,0,9,0,0,22.0,638.0,17.1,6.9,0.246,0.381,0.312,0.135,0.275,0.259,0.39,0.308,0.316,0.325,0.131,0.331,0.343,-0.013,-0.009,-0.008,88.3,13.6,33.1,5.1,37.5,99.048189106,93.636134222,66.7,30.6,69.4,85.7,19.6,48.1,41.7,42.8,26.3,22.0,8.9,6.9,71.5,10.1,27.3,21.6,5.9,48.0,-10.0,27.8,4.32,22.0,52.0,68.0,472.0,66.0,61.9,cole young,SEA,Cole Young,SEA,2B,639.7,287.0,1094.0,459.0,565.0,22.9,3.53125,0.8855799373040752,104,2B,2B,False,287.0,172.67,2.6219512195121952,392.33000000000004,0.9092987804878048,183.0,True,False,54,False,3.7617554858934166,15.987460815047022,41.37931034482759,0.008000000000000007,-0.393938345659377,-0.27046259107764814,0.0559123378834414,0.3220589595670747,0.5170277672890521,0.577753721352732,0.9200000000000004,1.2180076188875808,81,104.0,23.0,373.0,257.0,192.0,18.3,5.6,71.3,0.9250072305448016,562.0,520.0,555.0,105,245,-1.0,1.1980076188875808,full-time,young
671218,Heliot Ramos,2026,1999-09-07,OF,R,multi,112,442,404,99,20,4,13,48,46,31,5,4,1,121,2,62,2,0,3,0,0,0,0,0,111,1,26.0,442.0,27.4,7.0,0.245,0.411,0.305,0.166,0.316,0.256,0.446,0.312,0.329,0.313,0.19,0.398,0.425,-0.011,-0.035,-0.017,92.2,6.8,34.4,13.8,48.4,103.254738156,96.13377,69.2,33.1,47.7,82.6,29.3,50.4,34.0,50.5,23.9,23.2,2.5,6.9,72.8,13.2,23.9,28.9,7.8,50.7,-4.0,27.2,4.5,19.0,38.0,41.0,285.0,75.7,63.0,heliot ramos,multi,Heliot Ramos,NYY,"LF,CF,RF",211.4,126.0,208.0,161.0,411.0,26.8,3.669642857142857,0.9298642533936652,191,OF,OF,False,126.0,452.0,3.7174234694899297,-41.0,-0.04778061234707254,-65.0,False,False,170,False,5.429864253393665,17.647058823529413,42.081447963800905,0.017000000000000015,1.3354408692091968,0.13405045709895091,-0.5788105559880595,-0.11972679497522302,0.9544817297687735,0.044219323029378754,0.13999999999999987,1.5924127547111746,69,126.0,57.0,-238.0,695.0,649.0,22.7,8.8,73.9,0.9521500842649157,493.0,469.0,571.0,146,185,-20.0,1.1924127547111745,full-time,unlucky (xwOBA >> wOBA); elite contact quality; needs playing time
681624,Andy Pages,2026,2000-12-08,OF,R,Los Angeles Dodgers,134,574,511,140,26,2,23,75,85,49,8,13,7,113,6,89,3,0,14,0,0,0,0,0,132,1,25.0,574.0,19.7,8.5,0.274,0.468,0.343,0.194,0.307,0.274,0.442,0.352,0.343,0.343,0.168,0.402,0.389,0.0,0.026,0.009,88.9,15.7,37.4,7.9,42.3,99.860630297,94.161986015,65.9,31.6,58.9,88.9,22.1,47.2,37.6,37.6,27.5,26.7,8.2,7.6,73.0,11.0,24.7,28.4,6.5,44.7,15.0,28.3,4.37,32.0,42.0,65.0,404.0,73.6,61.5,andy pages,LAD,Andy Pages,LAD,"LF,CF,RF",140.0,86.0,122.0,127.0,660.0,25.6,4.925373134328358,1.1498257839721255,41,OF,OF,False,86.0,560.7627118644068,4.015944775657477,99.23728813559319,0.9094283586708807,45.0,True,False,1,False,13.588850174216029,24.041811846689892,51.21951219512196,-0.008999999999999952,0.24157870017464012,-0.10999028558325363,0.40380811160771235,0.6902137550189886,-0.3092741618393081,0.6340007981077016,0.3799999999999997,1.5079124648636004,73,41.0,-32.0,-14.0,624.0,674.0,21.6,8.4,72.5,1.0273460374377315,584.0,600.0,616.0,57,53,-16.0,1.1879124648636004,full-time,
682668,Luisangel Acuña,2026,2002-03-12,SS,R,Chicago White Sox,104,224,210,48,4,0,2,23,13,9,1,18,6,44,2,42,4,0,2,0,0,1,0,65,32,4,24.0,224.0,19.6,4.0,0.229,0.276,0.261,0.047,0.277,0.247,0.324,0.241,0.269,0.282,0.076,0.277,0.313,-0.018,-0.048,-0.028,88.5,2.2,24.7,3.5,36.5,99.237194699,93.747815152,71.4,34.1,53.8,85.6,25.8,51.3,37.1,58.2,15.9,20.6,5.3,7.5,72.2,12.3,28.4,28.1,8.8,64.7,-15.0,29.8,4.22,4.0,23.0,21.0,170.0,83.7,64.3,luisangel acuna,CWS,Luisangel Acuna,CWS,"2B,SS,CF",389.0,237.0,385.0,372.0,206.0,24.3,1.9807692307692308,0.9196428571428571,338,2B/SS/OF,SS/OF,False,237.0,315.5,3.088741546261319,-109.5,-1.1079723154920882,-101.0,False,False,279,True,48.214285714285715,5.357142857142857,24.107142857142858,0.028000000000000025,-0.6498329150813213,0.6536430682485951,-0.506955702190242,1.7946781413747304,1.4891476839106554,0.7365771548068364,0.6399999999999999,2.2945283882102636,36,237.0,201.0,18.0,193.0,188.0,19.2,1.4,70.7,1.0473706229597672,250.0,262.0,628.0,293,32,-56.0,1.1745283882102635,playing-time dependent,unlucky (xwOBA >> wOBA); plus speed; needs playing time; young
701807,Carson Benge,2026,2003-01-20,OF,L,New York Mets,156,654,595,168,22,3,20,86,65,50,8,22,5,142,1,123,6,0,10,0,0,0,0,0,164,1,23.0,654.0,21.7,7.6,0.282,0.43,0.346,0.148,0.341,0.279,0.438,0.342,0.341,0.342,0.158,0.403,0.403,0.003,-0.008,0.001,88.8,12.1,38.1,7.3,38.8,99.519345378,93.954813653,63.8,28.0,61.3,86.3,21.4,45.8,32.6,42.7,27.5,26.7,3.1,6.6,71.0,10.6,25.3,17.0,6.7,41.4,16.0,28.6,4.27,33.0,55.0,80.0,454.0,77.8,54.8,carson benge,NYM,Carson Benge,NYM,"LF,CF,RF",298.6,180.0,330.0,332.0,713.0,23.4,4.57051282051282,1.0902140672782874,27,OF,OF,False,180.0,379.45454545454544,3.18680233337683,333.54545454545456,1.3837104871359904,153.0,True,True,1,False,20.183486238532108,18.34862385321101,45.87155963302752,-0.0010000000000000009,0.12141889509758255,-0.6980060679507082,0.34080961508916735,0.9111066322901374,0.0795738048093305,0.0,0.8200000000000003,1.168861774001161,88,27.0,-61.0,,,,,,,1.0123220214186432,640.0,648.0,607.0,29,79,-2.0,1.128861774001161,full-time,plus speed; young
683002,Gunnar Henderson,2026,2001-06-29,SS,L,Baltimore Orioles,158,702,623,141,27,6,24,88,60,67,10,10,5,156,2,84,18,0,0,0,0,0,0,149,0,9,25.0,702.0,22.2,9.5,0.226,0.404,0.311,0.178,0.263,0.246,0.401,0.314,0.322,0.326,0.155,0.357,0.369,-0.02,0.003,-0.008,89.2,12.2,32.6,7.7,43.3,100.503316128,94.513387015,66.2,30.4,59.0,85.6,23.3,47.5,42.6,44.1,26.0,23.2,6.6,7.3,74.1,11.5,22.6,41.6,9.9,49.1,9.0,28.2,4.25,29.0,52.0,60.0,469.0,65.7,60.8,gunnar henderson,BAL,Gunnar Henderson,BAL,"SS,DH",15.2,13.0,14.0,18.0,630.0,25.0,3.9873417721518987,0.8974358974358975,58,SS,SS,False,13.0,652.3103448275862,4.722222222222222,-22.310344827586164,-0.7348804500703237,-45.0,False,False,40,False,8.547008547008547,20.512820512820515,57.26495726495727,0.008000000000000007,0.2333714846152562,0.4419191169009991,0.20666361038215356,0.6165827959286048,0.5170277672890521,-0.6108828524347836,0.5,1.3284516723603612,76,13.0,-63.0,-85.0,651.0,715.0,21.0,8.6,75.3,1.024866653507646,640.0,656.0,615.0,24,58,-11.0,1.1084516723603612,full-time,young
693307,Dillon Dingler,2026,1998-09-17,C,R,Detroit Tigers,145,607,551,134,27,2,27,72,91,34,15,0,0,139,5,78,5,20,0,116,0,0,0,0,0,29,27.0,607.0,22.9,5.6,0.243,0.446,0.302,0.203,0.274,0.266,0.468,0.325,0.344,0.325,0.202,0.389,0.415,-0.023,-0.022,-0.019,88.8,17.6,39.1,10.1,43.4,100.44813399,94.484766322,65.0,33.4,59.6,88.0,22.4,48.2,42.2,37.2,29.0,24.7,9.1,7.6,71.9,12.2,25.7,16.7,13.4,55.8,9.0,27.3,4.52,42.0,30.0,61.0,417.0,74.6,60.8,dillon dingler,DET,Dillon Dingler,DET,"C,DH",259.4,160.0,224.0,342.0,627.0,27.8,4.324137931034483,1.0329489291598024,61,C,C,False,160.0,425.5,3.7076163798852875,201.5,0.6165215511491953,99.0,True,True,40,False,0.0,26.68863261943987,33.60790774299835,0.01899999999999996,0.6003627849772987,0.037530323954322285,-0.013839121794202741,-0.0460958358848392,1.0516937214309312,0.20776202115218598,-0.060000000000000143,1.2167516452345737,82,61.0,-21.0,133.0,469.0,494.0,23.5,9.2,71.7,1.003936833579678,579.0,581.0,602.0,67,91,-6.0,1.0967516452345736,full-time,unlucky (xwOBA >> wOBA)
672275,Patrick Bailey,2026,1999-05-29,C,S,multi,112,345,310,64,8,1,10,31,37,28,1,3,0,92,3,45,8,24,0,107,0,0,0,0,0,1,27.0,345.0,26.7,8.1,0.206,0.335,0.272,0.129,0.256,0.24,0.398,0.271,0.307,0.303,0.158,0.327,0.384,-0.034,-0.063,-0.036,90.5,13.4,36.6,7.7,42.4,100.12206633,94.504192064,69.6,31.2,50.9,84.1,26.8,49.6,36.2,42.4,26.8,25.0,5.8,7.4,72.8,9.8,23.3,30.1,7.9,39.4,-14.0,25.3,4.78,16.0,13.0,34.0,224.0,72.6,65.5,patrick bailey,multi,Patrick Bailey,CLE,C,417.3,244.0,422.0,450.0,314.0,27.1,2.8035714285714284,0.9101449275362319,248,C,C,False,244.0,307.0,3.088741546261319,7.0,-0.28517011768989065,-4.0,False,False,241,False,5.217391304347826,17.391304347826086,48.69565217391304,0.035999999999999976,0.23581591387226095,-0.3374511344512949,-0.4541427359082986,-1.5187150176924948,1.8779956505592943,1.163892571008361,0.07999999999999972,0.774680255792236,112,244.0,132.0,-95.0,452.0,409.0,29.4,5.6,71.5,0.9110750342521627,366.0,333.0,547.0,228,277,16.0,1.094680255792236,playing-time dependent,unlucky (xwOBA >> wOBA); skills trending up; needs playing time
641343,Jake Bauers,2026,1995-10-06,1B,L,Milwaukee Brewers,144,578,477,127,22,2,26,93,86,94,4,11,6,156,3,77,10,0,0,0,119,0,0,0,48,4,30.0,578.0,27.0,16.3,0.266,0.484,0.389,0.218,0.339,0.253,0.467,0.381,0.371,0.376,0.214,0.472,0.454,0.013,0.017,0.01,92.1,12.1,38.6,14.0,51.9,103.241504938,96.516969938,62.0,21.7,40.1,82.1,29.8,40.6,41.0,41.0,29.9,25.6,3.4,7.7,76.5,14.5,23.4,68.1,10.9,48.2,27.0,26.9,4.49,33.0,35.0,59.0,324.0,75.3,60.1,jake bauers,MIL,Jake Bauers,MIL,"1B,LF,RF",810.5,316.0,1189.0,,658.0,30.7,4.569444444444445,1.1384083044982698,43,1B/OF,1B/OF,False,316.0,172.67,2.396692273871662,485.33000000000004,2.1727521705727826,273.0,True,True,1,False,11.418685121107266,26.98961937716263,97.57785467128028,-0.010000000000000009,1.5987050306141741,1.1507792493310414,0.6389573715974308,-0.3406196722463719,-0.357880157670391,0.5159763678348002,-0.6399999999999999,2.338739857228247,34,43.0,9.0,429.0,218.0,229.0,27.1,13.7,76.5,1.025904610304763,506.0,519.0,616.0,106,53,-63.0,1.078739857228247,full-time,elite bat speed; elite contact quality
669127,Shea Langeliers,2026,1997-11-18,C,R,Athletics,106,467,424,111,21,0,23,58,58,37,5,3,1,109,1,67,3,17,0,74,0,0,0,0,0,34,28.0,467.0,23.3,7.9,0.262,0.474,0.328,0.212,0.3,0.266,0.491,0.347,0.352,0.329,0.225,0.422,0.43,-0.004,-0.017,-0.005,91.3,18.4,37.3,13.3,43.0,102.074391139,95.355812373,71.7,33.1,52.8,81.4,28.9,50.4,40.5,35.8,29.7,25.3,9.2,7.3,75.1,12.2,22.2,52.0,12.2,61.8,13.0,28.4,4.52,23.0,32.0,55.0,316.0,78.1,60.5,shea langeliers,ATH,Shea Langeliers,ATH,"C,DH",67.8,48.0,49.0,70.0,510.0,28.6,4.811320754716981,1.0920770877944326,127,C,C,False,48.0,598.2727272727273,4.308335730801607,-88.27272727272725,0.5029850239153735,-79.0,False,False,120,True,3.854389721627409,29.550321199143468,47.53747323340471,0.0050000000000000044,1.029059599658479,1.2953480441859557,-0.2281572442279788,0.7638447141093698,0.37120977979581155,0.28897740975197905,-0.2200000000000003,2.393713003893536,32,48.0,16.0,-112.0,523.0,622.0,19.5,11.3,73.8,1.0552683370469103,478.0,504.0,633.0,117,28,-69.0,1.013713003893536,full-time,elite bat speed; elite contact quality
691720,Kyle Karros,2026,2002-07-26,3B,R,Colorado Rockies,131,475,411,104,21,3,13,63,49,54,7,5,0,100,3,67,10,0,0,0,0,0,129,0,0,0,23.0,475.0,21.1,11.4,0.253,0.414,0.347,0.161,0.302,0.25,0.402,0.336,0.334,0.345,0.152,0.374,0.371,0.003,0.012,0.002,89.7,12.6,40.8,8.3,41.1,100.509474679,94.534265256,67.2,24.8,46.9,87.9,24.6,44.2,40.8,43.0,24.5,26.8,5.7,7.0,70.2,10.3,26.9,7.3,7.4,42.4,6.0,27.0,4.62,18.0,32.0,54.0,314.0,73.9,62.0,kyle karros,COL,,,,,,,,452.0,23.9,3.450381679389313,0.9515789473684211,160,3B,3B,True,339.0,172.67,2.396692273871662,279.33000000000004,1.053689405517651,179.0,False,False,127,False,6.315789473684211,16.42105263157895,68.21052631578948,-0.0020000000000000018,0.20955244830755387,-0.9183522815272304,0.5040742359960905,-0.26698871315598804,0.030967808978250338,1.8195442438086342,0.7200000000000003,1.8654916449268062,58,160.0,102.0,339.0,156.0,113.0,26.3,1.0,69.1,0.9079563037517275,411.0,373.0,545.0,204,282,-44.0,0.9854916449268062,full-time,skills trending up; young
703601,Max Clark,2026,2004-12-21,OF,L,Detroit Tigers,51,206,180,49,11,3,3,27,23,18,4,5,1,42,1,32,0,0,0,0,0,0,0,0,51,0,21.0,206.0,20.4,8.7,0.272,0.417,0.35,0.145,0.338,0.264,0.345,0.337,0.314,0.342,0.081,0.383,0.349,0.008,0.072,0.023,87.6,16.0,35.2,2.1,38.0,98.281387353,93.26224,63.4,28.6,67.6,90.4,16.7,46.0,35.2,40.8,25.4,26.8,7.0,7.6,73.7,9.2,23.9,31.5,6.3,42.3,-1.0,28.6,4.22,10.0,15.0,24.0,142.0,74.1,57.3,max clark,DET,,,,,,,,211.0,21.5,4.137254901960785,1.0242718446601942,333,OF,OF,True,339.0,172.67,2.396692273871662,38.33000000000001,1.7405626280891227,6.0,False,False,279,False,14.563106796116505,8.737864077669903,52.42718446601942,-0.02300000000000002,-0.6167747898012458,-0.07374464484029009,0.46998717377411464,0.9111066322901374,-0.9897581034744333,0.0,1.2,0.8410813713069747,107,333.0,226.0,,,,,,,0.967612733351236,250.0,242.0,581.0,328,145,5.0,0.9410813713069747,playing-time dependent,plus speed; needs playing time; young
575929,Willson Contreras,2026,1992-05-13,1B,R,Boston Red Sox,130,535,448,123,21,3,27,68,81,59,24,3,3,135,3,72,5,0,0,0,128,0,0,0,0,2,34.0,535.0,25.2,11.0,0.275,0.516,0.386,0.241,0.332,0.256,0.484,0.391,0.376,0.37,0.229,0.477,0.452,0.019,0.032,0.015,89.8,17.9,32.2,13.3,44.2,102.440550191,95.492075032,67.6,34.2,49.1,82.1,30.8,48.8,49.8,38.2,28.4,22.4,11.0,7.9,77.0,11.4,18.3,71.2,11.3,49.8,40.0,27.3,4.6,35.0,34.0,52.0,317.0,70.0,61.4,willson contreras,BOS,Willson Contreras,BOS,1B,181.0,108.0,174.0,159.0,590.0,34.1,4.538461538461538,1.102803738317757,88,1B,1B,False,108.0,560.7627118644068,4.015944775657477,29.23728813559319,0.5225167628040612,20.0,False,False,53,False,3.364485981308411,30.2803738317757,66.16822429906543,-0.015000000000000013,1.2113458899680714,1.3356850691299913,0.1798131486409326,-0.0460958358848392,-0.6009101368257919,0.10269690771767609,-1.2,0.901489247729206,101,88.0,-13.0,22.0,563.0,568.0,25.2,13.9,76.0,1.0241790285738201,541.0,554.0,615.0,87,58,1.0,0.921489247729206,full-time,elite bat speed; elite contact quality
682928,CJ Abrams,2026,2000-10-03,SS,L,Washington Nationals,152,654,579,151,30,4,33,93,106,57,12,34,6,158,6,84,20,0,0,0,0,14,0,132,0,11,25.0,654.0,24.2,8.7,0.261,0.497,0.336,0.236,0.299,0.247,0.438,0.358,0.333,0.323,0.191,0.437,0.4,0.014,0.059,0.025,89.6,18.0,34.2,10.6,40.5,99.979603803,94.2347827,68.7,36.9,54.0,81.0,29.6,51.3,45.0,36.5,28.6,23.2,11.7,7.7,73.0,10.3,22.9,27.5,14.3,57.5,26.0,28.4,4.29,42.0,42.0,67.0,427.0,70.3,64.4,cj abrams,WSH,CJ Abrams,WSH,"2B,SS,DH",68.6,49.0,58.0,71.0,789.0,25.7,5.190789473684211,1.2064220183486238,6,SS,SS,False,49.0,598.2727272727273,4.308335730801607,190.72727272727275,0.8824537428826034,43.0,True,False,1,False,31.192660550458715,30.275229357798167,52.29357798165138,-0.024999999999999967,0.41676593797201034,0.4317908542840862,-0.17983605594341334,0.7638447141093698,-1.086970095136591,0.31984649731716264,0.36000000000000015,1.0440542192017765,96,6.0,-90.0,115.0,635.0,674.0,19.7,7.6,72.4,1.0731069446115693,640.0,687.0,644.0,13,24,-7.0,0.9040542192017765,full-time,
680777,Ryan Jeffers,2026,1997-06-03,C,R,Minnesota Twins,92,369,317,81,19,2,14,49,56,46,3,1,0,66,2,46,4,7,0,80,0,0,0,0,0,7,29.0,369.0,17.9,12.5,0.256,0.461,0.353,0.205,0.279,0.247,0.43,0.353,0.344,0.346,0.183,0.381,0.368,0.009,0.031,0.009,88.6,16.6,35.8,10.2,40.9,100.699453622,94.550549016,56.3,26.2,69.7,89.4,17.3,40.5,39.4,38.6,28.7,23.6,9.1,7.2,73.5,12.6,27.4,40.5,8.7,53.0,10.0,26.3,4.66,18.0,21.0,41.0,254.0,67.6,60.5,ryan jeffers,MIN,Ryan Jeffers,MIN,"C,DH",305.2,185.0,246.0,335.0,394.0,29.1,4.282608695652174,1.067750677506775,196,C,C,False,185.0,377.25,3.18680233337683,16.75,1.095806362275344,-11.0,False,False,171,False,1.6260162601626016,22.76422764227642,74.79674796747967,-0.009000000000000008,0.3273649929299261,0.5170974890144646,0.9119710216127697,-0.782405426788667,-0.30927416183931083,0.8538826780331858,-0.3200000000000003,1.173738590111252,86,185.0,99.0,-50.0,464.0,444.0,19.6,6.3,72.3,0.9825863235743123,388.0,381.0,590.0,199,113,-14.0,0.893738590111252,playing-time dependent,skills trending up; plus approach; needs playing time
695657,Colson Montgomery,2026,2002-02-27,SS,L,Chicago White Sox,153,638,568,112,24,0,31,71,87,54,14,1,1,227,2,57,12,0,0,0,0,0,43,126,0,7,24.0,638.0,35.6,8.5,0.197,0.403,0.282,0.206,0.26,0.199,0.388,0.3,0.294,0.28,0.189,0.421,0.412,-0.002,0.015,0.006,88.6,23.6,32.9,12.0,40.9,101.158593626,94.756398123,73.0,32.4,31.9,77.9,37.4,51.5,49.6,31.2,34.4,20.1,14.3,8.0,76.6,9.6,14.6,70.6,13.4,53.8,-5.0,26.6,4.65,38.0,24.0,50.0,343.0,79.7,65.3,colson montgomery,CWS,Colson Montgomery,CWS,"3B,SS,DH",181.2,109.0,217.0,203.0,558.0,24.3,3.6470588235294117,0.8746081504702194,109,3B/SS,3B/SS,False,109.0,560.7627118644068,4.015944775657477,-2.7627118644068105,-0.3688859521280654,0.0,False,False,120,False,0.9404388714733541,29.15360501567398,50.78369905956113,-0.006000000000000005,0.6978591475357557,1.4489422968032306,-1.086523780952087,-0.5615125495175182,-0.16345617434607035,-0.79916876487376,0.6399999999999999,0.647812098836999,120,109.0,-11.0,243.0,284.0,315.0,29.2,14.5,77.0,0.9529281314022059,567.0,540.0,572.0,97,178,12.0,0.887812098836999,full-time,elite bat speed; young
681082,Bryson Stott,2026,1997-10-06,2B,L,Philadelphia Phillies,155,608,536,137,36,6,10,71,67,62,3,27,0,100,3,85,4,0,0,0,0,116,43,0,0,0,28.0,608.0,16.4,10.2,0.256,0.401,0.334,0.145,0.296,0.267,0.402,0.326,0.33,0.345,0.135,0.344,0.351,-0.011,-0.001,-0.004,89.4,14.1,35.0,5.9,37.7,98.738688539,93.548267397,54.7,30.0,69.4,88.4,18.7,41.8,36.3,42.2,26.9,24.8,6.1,7.2,69.9,10.9,31.4,7.2,9.9,55.7,4.0,28.3,4.26,20.0,42.0,75.0,443.0,62.0,59.4,bryson stott,PHI,Bryson Stott,PHI,"2B,3B,SS",184.6,110.0,176.0,151.0,632.0,28.7,4.077419354838709,1.0394736842105263,57,2B/3B,2B/3B,False,110.0,560.7627118644068,4.015944775657477,71.23728813559319,0.061474579181232336,53.0,False,False,40,False,26.644736842105264,9.868421052631579,61.18421052631579,0.0040000000000000036,-0.33163433067813775,-0.3794570653734994,0.5711396687113094,0.6902137550189886,0.3226037839647314,0.7932224806413364,-0.23999999999999988,0.6734532517980821,118,57.0,-61.0,54.0,560.0,578.0,16.3,5.1,69.3,1.0261406381511347,598.0,614.0,616.0,47,53,10.0,0.8734532517980822,full-time,
656941,Kyle Schwarber,2026,1993-03-05,DH,L,Philadelphia Phillies,156,701,581,135,20,1,45,95,97,105,8,3,1,220,6,69,1,0,0,0,8,0,0,0,2,147,33.0,701.0,31.4,15.0,0.232,0.503,0.354,0.271,0.28,0.236,0.487,0.368,0.364,0.353,0.251,0.492,0.486,-0.004,0.016,0.004,92.3,20.1,37.3,15.6,49.3,103.53204776,96.326214481,66.4,26.1,44.9,77.5,33.1,44.3,54.2,31.3,31.9,26.4,10.4,7.5,77.1,11.9,17.0,74.5,14.7,67.3,39.0,25.6,4.56,45.0,21.0,69.0,367.0,77.8,56.1,kyle schwarber,PHI,Kyle Schwarber,PHI,"1B,LF,DH",21.0,17.0,23.0,15.0,740.0,33.3,4.743589743589744,1.0556348074179742,19,OF,UT,False,17.0,652.3103448275862,4.666666666666667,87.68965517241384,0.07692307692307665,-2.0,False,False,1,False,2.5677603423680457,38.516405135520685,89.8716119828816,-0.0040000000000000036,1.7972901636135874,2.1649421125036685,0.2319204842448356,-1.297822140421346,-0.06624418268391,-1.1795320973127381,-1.1599999999999995,0.8682548766377847,103,17.0,-86.0,-136.0,724.0,876.0,27.2,20.8,77.3,1.042746562824622,640.0,667.0,626.0,17,35,0.0,0.8682548766377847,full-time,elite bat speed; elite contact quality
665833,Oneil Cruz,2026,1998-10-04,OF,L,Pittsburgh Pirates,97,419,368,103,14,1,20,65,67,47,4,30,7,139,0,68,4,0,6,0,0,0,0,0,87,8,27.0,419.0,33.2,11.2,0.28,0.486,0.368,0.206,0.397,0.251,0.472,0.371,0.352,0.338,0.221,0.527,0.494,0.029,0.014,0.019,94.1,5.4,33.2,15.4,53.7,105.969307193,97.770739031,57.4,30.1,47.1,75.9,35.6,42.2,40.6,50.7,22.3,24.0,3.1,7.5,77.7,14.4,20.3,72.7,7.6,40.8,20.0,28.5,4.31,23.0,36.0,44.0,229.0,63.2,61.1,oneil cruz,PIT,Oneil Cruz,PIT,"CF,DH",84.6,59.0,89.0,73.0,563.0,27.7,5.804123711340206,1.3436754176610979,106,OF,OF,False,59.0,560.7627118644068,4.290827223004798,2.2372881355931895,1.513296488335408,-47.0,False,False,59,False,42.95942720763723,28.63961813842482,67.30310262529832,-0.019000000000000017,2.2209241504569377,1.058012099508148,-0.5052036056214065,0.8374756731997536,-0.7953341201501126,-0.5800159914563372,-0.03999999999999986,2.1815893038045613,41,59.0,18.0,-15.0,544.0,578.0,32.0,18.0,78.8,1.121303730688547,444.0,498.0,673.0,125,8,-66.0,0.8615893038045612,full-time,elite bat speed; elite contact quality; plus speed; needs playing time
665019,Kody Clemens,2026,1996-05-15,2B,L,Minnesota Twins,145,583,531,127,22,7,27,74,81,39,7,10,2,127,3,71,3,0,1,0,52,72,0,0,63,0,30.0,583.0,21.8,6.7,0.239,0.46,0.298,0.221,0.263,0.254,0.456,0.327,0.334,0.313,0.202,0.387,0.398,-0.015,0.004,-0.007,91.9,15.4,33.7,11.3,46.1,101.037748366,95.114954901,68.3,32.6,59.9,83.5,24.4,49.9,47.1,39.3,32.7,22.0,6.1,7.2,72.0,13.7,29.1,12.6,11.8,63.1,12.0,28.0,4.31,37.0,38.0,52.0,410.0,74.6,63.6,kody clemens,MIN,Kody Clemens,MIN,"1B,2B,LF,CF,RF",417.0,242.0,396.0,438.0,601.0,30.1,4.144827586206897,1.0308747855917668,80,1B/2B/OF,1B/2B/OF,False,242.0,310.0,3.088741546261319,291.0,1.0560860399455776,162.0,True,False,42,False,10.291595197255575,27.787307032590054,40.13722126929674,0.007000000000000006,0.7436816438836683,0.2991332814681375,-0.06397164052167477,0.4693208777478397,0.46842177145797187,0.09249890910408379,-0.5200000000000004,0.9382983810244837,100,80.0,-20.0,227.0,386.0,374.0,24.1,12.0,72.2,1.020541742377092,544.0,555.0,612.0,84,71,-4.0,0.8582983810244837,full-time,
803011,Sam Antonacci,2026,2003-02-06,OF,L,Chicago White Sox,140,557,480,133,25,4,8,81,48,43,29,20,8,82,2,96,3,0,2,0,0,32,1,0,121,3,23.0,557.0,14.7,7.7,0.277,0.396,0.37,0.119,0.319,0.284,0.399,0.345,0.348,0.377,0.115,0.349,0.354,-0.007,-0.003,-0.003,87.5,9.9,38.0,5.0,33.6,97.500539045,92.834841231,63.0,21.8,71.3,90.1,14.7,42.5,31.8,49.6,21.6,25.6,3.2,6.6,69.6,8.0,30.8,7.1,7.8,47.2,12.0,28.2,4.33,16.0,43.0,72.0,403.0,76.3,58.2,sam antonacci,CWS,,,,,,,,585.0,23.4,4.178571428571429,1.0502692998204668,93,2B/3B/SS/OF,2B/OF,True,339.0,172.67,2.396692273871662,412.33000000000004,1.7818791546997668,246.0,True,False,53,False,21.54398563734291,8.617594254937163,46.319569120287255,0.0030000000000000027,-0.6363516028964471,-0.7889497861588443,0.9661687051562226,0.6165827959286048,0.2739977881336512,0.0,0.8200000000000003,0.7618528783827149,113,93.0,-20.0,,,,,,,0.985393695136066,557.0,549.0,591.0,90,110,3.0,0.8218528783827148,full-time,plus approach; young
669394,Jake Burger,2026,1996-04-10,1B,R,Texas Rangers,155,620,556,127,23,0,28,71,90,56,4,4,2,167,4,76,5,0,0,0,154,0,0,0,0,1,30.0,620.0,26.9,9.0,0.228,0.421,0.302,0.193,0.271,0.227,0.42,0.316,0.314,0.301,0.193,0.392,0.389,0.001,0.001,0.002,90.1,13.9,29.3,12.3,45.3,102.402481173,95.51435624,67.0,35.5,43.6,80.1,34.2,49.6,44.3,43.5,29.3,18.8,8.4,7.5,75.7,12.9,20.9,62.2,9.4,59.5,-4.0,27.3,4.46,32.0,44.0,51.0,393.0,71.4,63.5,jake burger,TEX,Jake Burger,TEX,1B,267.0,163.0,249.0,249.0,589.0,30.2,3.8,0.95,90,1B,1B,False,163.0,425.5,3.7076163798852875,163.5,0.09238362011471235,73.0,True,False,53,False,3.870967741935484,27.096774193548384,54.19354838709677,-0.0020000000000000018,0.8799889776653941,1.4421555536715083,-0.7309206322261309,-0.0460958358848392,0.030967808978250338,-0.0320386303023818,-0.5399999999999999,0.841822182569346,106,90.0,-16.0,245.0,376.0,344.0,24.7,13.9,74.6,0.9582512110354284,571.0,547.0,575.0,91,166,-1.0,0.821822182569346,full-time,elite bat speed; elite contact quality
800050,Chase DeLauter,2026,2001-10-08,OF,L,Cleveland Guardians,133,559,495,142,30,3,16,62,67,60,1,11,2,82,3,93,0,0,2,0,0,0,0,0,68,60,24.0,559.0,14.7,10.7,0.287,0.457,0.363,0.17,0.315,0.277,0.427,0.359,0.346,0.357,0.149,0.38,0.362,0.01,0.03,0.013,91.4,11.8,35.1,6.3,46.3,101.342521401,95.083377367,65.4,21.1,67.4,91.2,15.0,42.3,37.7,43.8,19.5,27.4,9.4,7.2,71.5,16.1,35.0,18.5,4.5,44.7,14.0,26.6,4.52,24.0,51.0,67.0,416.0,82.1,54.4,chase delauter,CLE,Chase DeLauter,CLE,"CF,RF,DH",272.6,167.0,288.0,282.0,595.0,24.7,4.473684210526316,1.0644007155635062,84,OF,OF,False,167.0,421.3333333333333,3.4177922682813224,173.66666666666669,1.0558919422449935,83.0,True,False,53,False,11.806797853309481,17.173524150268335,64.40071556350625,-0.013000000000000012,0.2977584313344974,-0.4659353779388442,1.2105471540179045,-0.5615125495175182,-0.5036981451636315,0.0,0.5600000000000002,0.883611916053218,102,84.0,-18.0,,,,,,,0.9838066734549489,559.0,550.0,590.0,88,113,-4.0,0.803611916053218,full-time,plus approach; young
800325,Luis Lara,2026,2004-11-17,OF,S,Milwaukee Brewers,61,212,191,47,8,2,1,25,26,18,1,3,2,46,2,36,0,0,2,0,0,0,0,0,67,0,21.0,212.0,21.7,8.5,0.246,0.325,0.311,0.079,0.315,0.256,0.331,0.286,0.293,0.321,0.075,0.322,0.332,-0.01,-0.006,-0.007,88.0,5.3,34.7,3.4,41.5,98.840899189,93.57850966,61.9,24.7,71.6,88.2,17.0,42.1,30.6,51.0,15.0,29.9,4.1,6.9,71.4,11.1,27.9,16.7,1.1,28.4,-7.0,28.4,4.26,3.0,17.0,27.0,147.0,68.6,61.8,luis lara,MIL,,,,,,,,192.0,21.6,3.1475409836065573,0.9056603773584906,347,OF,OF,True,339.0,172.67,2.396692273871662,19.330000000000013,0.7508487097348953,-8.0,False,False,280,False,8.49056603773585,2.830188679245283,50.94339622641509,0.007000000000000006,-0.4443510749391636,-1.2178700926956816,0.3727850533106198,0.7638447141093698,0.46842177145797187,0.0,1.1799999999999997,0.7179683883057105,117,347.0,230.0,,,,,,,0.9426640760771984,250.0,236.0,566.0,343,206,4.0,0.7979683883057105,playing-time dependent,needs playing time; young
700250,Ben Rice,2026,1999-02-22,DH,L,New York Yankees,154,667,573,151,24,4,41,105,97,85,6,3,1,162,3,82,4,0,0,0,56,0,0,0,0,95,27.0,667.0,24.3,12.7,0.264,0.534,0.363,0.27,0.295,0.267,0.511,0.384,0.378,0.364,0.243,0.468,0.458,-0.003,0.023,0.006,91.9,14.5,38.4,14.3,48.6,101.739325556,95.439571618,63.8,24.5,53.4,83.6,25.4,43.2,44.9,40.3,32.1,23.4,4.1,7.7,72.6,14.1,27.5,24.3,13.1,54.9,36.0,26.8,4.56,49.0,40.0,61.0,414.0,80.1,59.0,ben rice,NYY,Ben Rice,NYY,"C,1B,DH",65.4,46.0,47.0,72.0,755.0,27.4,4.902597402597403,1.1319340329835081,13,C/1B,1B,False,46.0,598.2727272727273,4.308335730801607,156.72727272727275,0.5942616717957954,33.0,True,False,1,False,2.6986506746626686,36.8815592203898,76.46176911544228,-0.006000000000000005,1.3721491046010343,0.21438447955826082,0.7123722383155755,-0.4142506313367531,-0.16345617434607035,-0.9072276208443715,0.020000000000000285,1.1179425245317216,91,13.0,-78.0,195.0,530.0,560.0,18.9,15.4,73.4,1.0086713990773204,640.0,646.0,605.0,30,85,-17.0,0.7779425245317215,full-time,elite contact quality
691026,Masyn Winn,2026,2002-03-21,SS,R,St. Louis Cardinals,136,532,470,109,21,2,5,54,56,48,7,10,3,116,7,81,10,0,0,0,0,0,0,135,0,0,24.0,532.0,21.8,9.0,0.232,0.317,0.308,0.085,0.292,0.245,0.329,0.283,0.297,0.324,0.084,0.31,0.331,-0.013,-0.012,-0.014,88.3,11.5,33.0,3.3,34.9,98.548306592,93.333175698,58.4,24.0,55.1,85.0,23.7,41.2,29.9,44.0,21.1,26.6,8.3,7.3,71.3,10.8,27.9,15.3,5.8,42.9,-13.0,28.5,4.34,12.0,43.0,53.0,361.0,62.1,58.6,masyn winn,STL,Masyn Winn,STL,SS,291.2,176.0,272.0,262.0,443.0,24.3,3.2573529411764706,0.8327067669172933,167,SS,SS,False,176.0,379.45454545454544,3.206730769230769,63.54545454545456,0.0506221719457014,9.0,False,False,132,False,11.278195488721805,5.639097744360902,54.13533834586466,0.014000000000000012,-0.7005060997457224,-0.6231825694588417,0.056793470466702446,0.8374756731997536,0.8086637422755331,-0.10732972419206403,0.6399999999999999,0.2572744906037684,145,167.0,22.0,-48.0,537.0,491.0,19.0,4.8,71.1,0.8975883587312563,533.0,478.0,539.0,143,301,24.0,0.7372744906037684,full-time,unlucky (xwOBA >> wOBA); plus speed; young
671732,Lawrence Butler,2026,2000-07-10,OF,L,Athletics,154,539,472,112,19,2,17,64,62,61,2,10,7,138,2,74,4,0,3,0,0,0,0,0,165,2,25.0,540.0,25.7,11.3,0.237,0.393,0.325,0.156,0.298,0.245,0.398,0.319,0.326,0.333,0.154,0.381,0.393,-0.008,-0.005,-0.007,89.7,7.7,30.8,8.6,44.8,101.710451198,95.129016997,68.4,24.6,58.6,78.8,26.7,45.8,36.7,51.8,21.3,21.9,5.0,7.0,73.6,11.2,20.1,37.5,5.7,42.0,2.0,26.7,4.47,27.0,42.0,42.0,338.0,74.8,62.2,lawrence butler,ATH,Lawrence Butler,ATH,"CF,RF",138.8,84.0,145.0,122.0,519.0,26.0,3.3701298701298703,0.9628942486085343,121,OF,OF,False,84.0,560.7627118644068,4.015944775657477,-41.76271186440681,-0.6458149055276068,-37.0,False,False,120,False,11.131725417439704,18.923933209647497,67.90352504638219,0.007000000000000006,0.5791735431466366,0.0009961191427955522,-0.0337633934357529,-0.4878815904271369,0.46842177145797187,0.2889554820696149,0.30000000000000004,1.0615847894945474,93,84.0,-9.0,-121.0,630.0,640.0,28.4,9.2,73.7,0.9490757507710856,557.0,529.0,569.0,102,195,-18.0,0.7015847894945474,full-time,
696100,Hunter Goodman,2026,1999-10-08,C,R,Colorado Rockies,138,574,518,127,20,2,41,84,88,46,5,5,5,175,5,64,11,17,0,99,0,0,0,0,0,39,26.0,574.0,30.5,8.0,0.245,0.529,0.31,0.284,0.28,0.228,0.456,0.355,0.321,0.291,0.227,0.487,0.432,0.017,0.073,0.034,89.8,18.6,32.2,14.5,44.3,102.186271792,95.364146098,73.7,40.4,49.9,77.9,34.0,54.6,48.0,34.5,34.8,21.8,8.9,7.3,75.0,10.8,18.1,48.9,14.0,66.6,19.0,27.3,4.56,47.0,32.0,48.0,348.0,78.4,65.0,hunter goodman,COL,Hunter Goodman,COL,"C,DH",72.8,51.0,62.0,85.0,662.0,26.7,4.797101449275362,1.1533101045296168,40,C,C,False,51.0,598.2727272727273,4.308335730801607,63.72727272727275,0.48876571847375505,11.0,False,False,1,False,5.2264808362369335,42.857142857142854,48.083623693379785,-0.033999999999999975,1.1675657871001752,1.439579953060476,-0.8000782794792234,-0.0460958358848392,-1.5244240576163124,0.04055670553620655,0.16000000000000014,1.0523496246876938,95,40.0,-55.0,8.0,579.0,654.0,26.3,12.9,74.3,1.0201699898256007,575.0,587.0,612.0,62,71,-22.0,0.6123496246876938,full-time,elite bat speed; elite contact quality
701678,Hao-Yu Lee,2026,2003-02-03,2B,R,Detroit Tigers,114,364,330,87,19,2,10,40,46,30,0,3,2,87,3,56,7,0,0,0,0,74,41,1,0,4,23.0,364.0,23.9,8.2,0.264,0.424,0.322,0.16,0.326,0.234,0.393,0.325,0.302,0.295,0.159,0.396,0.362,0.03,0.031,0.023,89.5,13.3,34.8,8.5,41.3,100.217537236,94.379399184,65.9,29.1,51.4,82.8,27.2,46.9,27.1,39.3,25.9,27.1,7.7,7.0,71.3,11.4,27.1,21.2,7.3,52.4,4.0,28.1,4.42,17.0,25.0,45.0,247.0,74.5,61.0,haoyu lee,DET,,,,,,,,345.0,23.4,3.026315789473684,0.9478021978021978,223,2B/3B,2B/3B,True,339.0,172.67,2.396692273871662,172.33,0.629623515602022,116.0,False,False,206,False,4.945054945054945,16.483516483516482,49.45054945054945,-0.02300000000000002,0.1550702284394911,-0.11109879531354706,-0.13926814560394427,0.5429518368382236,-0.9897581034744333,0.0,0.8200000000000003,0.5638918894332681,123,223.0,100.0,,,,,,,0.9336871505293939,364.0,340.0,560.0,222,225,1.0,0.5838918894332681,playing-time dependent,needs playing time; young
669236,Jeremiah Jackson,2026,2000-03-26,2B,R,Baltimore Orioles,102,293,277,60,11,0,10,29,45,10,2,2,2,69,3,39,10,0,1,0,0,80,1,0,9,2,26.0,293.0,23.5,3.4,0.217,0.365,0.247,0.148,0.249,0.236,0.385,0.264,0.282,0.264,0.149,0.327,0.353,-0.019,-0.02,-0.018,89.2,8.3,29.7,8.0,37.7,100.146694762,94.308516048,76.5,36.8,52.8,81.5,27.8,56.6,40.6,50.5,23.1,19.3,7.1,7.5,73.1,10.9,24.3,30.5,10.1,62.8,-14.0,27.2,4.66,14.0,21.0,25.0,212.0,79.1,65.2,jeremiah jackson,BAL,,,,,,,,245.0,26.3,2.4019607843137254,0.8361774744027304,299,2B/OF,2B,True,339.0,172.67,2.396692273871662,72.33000000000001,0.005268510442063334,40.0,False,False,255,False,4.09556313993174,20.477815699658702,20.477815699658702,0.01799999999999996,-0.043553119733505646,0.725275187632041,-0.9011542337350487,-0.11972679497522302,1.003087725599851,0.2983292188267296,0.23999999999999988,0.7299649751215997,116,299.0,183.0,66.0,183.0,179.0,27.3,7.5,71.9,0.9352980373787174,271.0,253.0,561.0,307,221,-8.0,0.5699649751215997,playing-time dependent,unlucky (xwOBA >> wOBA); needs playing time
606466,Ketel Marte,2026,1993-10-12,2B,S,Arizona Diamondbacks,141,624,562,140,31,3,22,78,76,51,6,4,0,86,5,84,3,0,0,0,0,115,0,0,0,25,32.0,624.0,13.8,8.2,0.249,0.432,0.316,0.183,0.257,0.28,0.461,0.324,0.349,0.34,0.182,0.34,0.373,-0.031,-0.029,-0.025,90.2,13.8,31.8,9.4,43.0,101.876199664,95.156620819,67.7,31.5,63.9,89.0,19.7,48.5,48.9,41.4,27.9,23.3,7.5,7.7,74.8,15.1,27.2,46.8,9.1,58.8,4.0,26.8,4.48,29.0,44.0,66.0,481.0,86.5,59.7,ketel marte,ARI,Ketel Marte,ARI,"2B,DH",26.6,22.0,30.0,25.0,603.0,32.7,4.276595744680851,0.9663461538461539,79,2B,2B,False,22.0,652.3103448275862,4.58933933933934,-49.310344827586164,-0.3127435946584889,-57.0,False,False,42,False,3.846153846153846,21.153846153846153,49.03846153846154,0.024999999999999967,0.4925698251103261,1.0397280499508943,0.4812344148967085,-0.4142506313367531,1.3433296964174122,-0.28470223164148667,-1.0400000000000007,0.8443045325552418,105,22.0,-83.0,-19.0,556.0,622.0,14.9,13.5,74.6,1.03951223154463,610.0,634.0,624.0,36,40,-14.0,0.5643045325552418,full-time,unlucky (xwOBA >> wOBA); elite bat speed
621566,Matt Olson,2026,1994-03-29,1B,L,Atlanta Braves,162,698,625,157,34,0,41,99,93,64,3,4,0,171,6,82,8,0,0,0,162,0,0,0,1,0,32.0,698.0,24.5,9.2,0.251,0.502,0.321,0.251,0.277,0.247,0.503,0.351,0.351,0.314,0.256,0.435,0.435,0.004,-0.001,0.0,92.5,18.1,32.0,14.2,52.0,103.596081565,96.543594466,66.8,27.9,60.4,80.8,25.4,46.9,37.8,37.0,35.4,20.0,7.6,7.6,74.8,15.0,24.1,50.0,9.9,48.9,26.0,25.3,4.77,53.0,41.0,63.0,460.0,75.8,58.4,matt olson,ATL,Matt Olson,ATL,1B,36.0,29.0,44.0,31.0,734.0,32.3,4.530864197530864,1.0515759312320916,21,1B,1B,False,29.0,652.3103448275862,4.53030303030303,81.68965517241384,0.0005611672278336144,8.0,False,False,1,False,3.438395415472779,35.24355300859599,55.01432664756447,0.0,1.5608806086674953,0.6626220897955266,0.19363216289750076,-1.5187150176924948,0.12817980064041068,0.28038424709956394,-0.9599999999999995,0.7580918749858974,114,21.0,-93.0,-24.0,724.0,758.0,24.3,14.4,73.9,1.0069466068474453,640.0,644.0,604.0,32,87,-11.0,0.5380918749858974,full-time,elite contact quality
686527,Dominic Canzone,2026,1997-08-16,DH,L,Seattle Mariners,146,533,477,126,28,4,23,60,77,48,5,2,1,110,3,71,3,0,5,0,0,0,0,0,45,95,28.0,533.0,20.6,9.0,0.264,0.484,0.336,0.22,0.297,0.273,0.491,0.354,0.359,0.342,0.219,0.411,0.417,-0.009,-0.007,-0.005,91.1,10.6,35.7,12.2,44.9,102.30065773,95.598142703,62.0,34.5,57.7,83.6,26.4,47.3,38.9,44.3,27.8,22.4,5.4,7.4,74.3,15.4,26.7,43.4,13.2,54.3,13.0,26.4,4.5,36.0,35.0,54.0,370.0,67.9,62.3,dominic canzone,SEA,Dominic Canzone,SEA,"LF,RF,DH",360.8,220.0,332.0,364.0,560.0,28.9,3.835616438356164,1.050656660412758,107,OF,OF,False,220.0,341.7741935483871,3.088741546261319,218.22580645161293,0.7468748920948451,113.0,True,False,118,False,2.25140712945591,25.891181988742964,54.03377110694184,0.0050000000000000044,0.9836975234575274,0.7236370345084873,0.010823420351818519,-0.7087744676982858,0.37120977979581155,0.09423567099786168,-0.27999999999999975,1.156437273899916,89,107.0,18.0,269.0,269.0,291.0,21.9,14.5,73.1,1.001505895985573,480.0,481.0,601.0,138,94,-31.0,0.536437273899916,full-time,elite contact quality
672960,Kazuma Okamoto,2026,1996-06-30,3B,R,Toronto Blue Jays,156,636,568,132,26,0,33,81,92,59,6,1,1,183,3,73,21,0,0,0,14,0,143,0,0,3,30.0,636.0,28.8,9.3,0.232,0.452,0.31,0.22,0.279,0.224,0.446,0.332,0.328,0.305,0.222,0.426,0.42,0.008,0.006,0.004,90.6,19.4,35.1,13.1,44.1,101.291152371,94.970378557,67.7,27.3,42.1,77.9,32.8,46.9,50.8,35.8,33.8,20.6,9.8,7.9,73.1,10.5,22.5,33.5,15.6,58.0,11.0,26.4,4.49,42.0,35.0,55.0,388.0,75.6,61.0,kazuma okamoto,TOR,Kazuma Okamoto,TOR,"1B,3B",167.4,97.0,228.0,177.0,609.0,30.0,3.9038461538461537,0.9575471698113207,74,1B/3B,3B,False,97.0,560.7627118644068,4.015944775657477,48.23728813559319,-0.11209862181132335,23.0,False,False,42,False,0.9433962264150944,31.132075471698116,55.660377358490564,-0.0040000000000000036,0.922666777211774,0.5666908014729998,-0.38686923084094255,-0.7087744676982858,-0.06624418268391,0.0,-0.5,0.17002362999471887,151,74.0,-77.0,,,,,,,0.9430402322544184,636.0,600.0,566.0,57,206,17.0,0.510023629994719,full-time,elite contact quality
694378,Jacob Gonzalez,2026,2002-05-30,SS,L,multi,81,227,209,46,9,0,7,21,31,12,4,2,1,44,1,30,5,0,0,0,32,0,14,36,0,0,24.0,227.0,19.4,5.3,0.22,0.364,0.274,0.144,0.245,0.247,0.396,0.282,0.305,0.3,0.149,0.316,0.347,-0.027,-0.032,-0.023,88.0,16.9,33.5,4.8,37.3,98.854108554,93.490033212,73.7,37.7,70.8,82.8,21.1,55.5,41.9,41.9,26.3,23.4,8.4,7.2,71.2,8.6,22.0,14.1,8.7,56.3,-7.0,26.5,4.55,8.0,12.0,26.0,167.0,86.4,63.4,jacob gonzalez,multi,,,,,,,,191.0,24.1,2.3580246913580245,0.8414096916299559,348,1B/2B/SS,1B/SS,True,339.0,172.67,2.396692273871662,18.330000000000013,-0.038667582513637555,-9.0,False,False,283,False,5.286343612334802,18.502202643171806,31.718061674008812,0.02300000000000002,-0.42040406749563014,-0.07300048500014755,-0.39359790134293043,-0.6351435086079019,1.2461177047552545,0.0,0.6799999999999997,0.2151342408207375,148,348.0,200.0,,,,,,,0.9577898522343867,250.0,239.0,575.0,335,166,13.0,0.4751342408207375,playing-time dependent,unlucky (xwOBA >> wOBA); needs playing time; young
701398,Sal Stewart,2026,2003-12-07,1B,R,Cincinnati Reds,162,700,623,164,25,0,32,87,111,63,4,15,8,155,10,107,4,0,0,0,117,8,45,0,0,11,22.0,700.0,22.1,9.0,0.263,0.457,0.33,0.194,0.296,0.256,0.466,0.339,0.343,0.324,0.21,0.402,0.409,0.007,-0.009,-0.004,90.5,12.9,35.4,12.2,41.6,100.796886111,94.787875589,69.1,32.1,61.8,78.8,27.0,49.6,32.2,45.0,27.8,22.8,4.4,7.6,72.1,11.7,24.3,26.6,11.5,54.8,13.0,26.6,4.68,41.0,57.0,66.0,478.0,77.5,61.6,sal stewart,CIN,Sal Stewart,CIN,"1B,2B,3B,DH",190.0,113.0,190.0,190.0,755.0,22.6,4.660493827160494,1.0785714285714285,13,1B/3B,1B/3B,False,113.0,560.7627118644068,4.015944775657477,194.2372881355932,0.6445490515030166,100.0,True,True,1,False,12.857142857142858,27.428571428571427,54.0,0.0040000000000000036,0.6809619278864197,0.18515766745111897,-0.1407132297723715,-0.5615125495175182,0.3226037839647314,0.0,0.9799999999999998,1.5748408733690868,70,13.0,-57.0,690.0,58.0,65.0,25.9,17.9,72.1,1.0124005363348245,572.0,579.0,607.0,68,79,-55.0,0.47484087336908676,full-time,young
668723,Ryan Vilade,2026,1999-02-18,OF,R,Tampa Bay Rays,96,278,245,60,8,2,11,28,43,26,3,3,1,65,3,39,3,0,2,0,25,12,2,0,53,2,27.0,278.0,23.4,9.4,0.245,0.429,0.321,0.184,0.285,0.252,0.421,0.327,0.327,0.326,0.17,0.386,0.386,-0.007,0.008,0.0,89.2,17.0,29.9,7.1,39.9,101.456915444,94.922178667,70.9,27.4,59.5,83.2,23.6,48.7,35.3,40.8,28.8,20.1,10.3,7.5,76.5,11.8,18.0,65.5,4.3,38.8,4.0,28.5,4.47,16.0,21.0,23.0,184.0,77.1,59.6,ryan vilade,TB,,,,,,,,275.0,27.4,2.8645833333333335,0.9892086330935251,274,1B/2B/OF,1B/OF,True,339.0,172.67,2.396692273871662,102.33000000000001,0.4678910594616714,65.0,False,False,250,False,6.474820143884893,23.741007194244602,56.115107913669064,0.0,0.2662249335310364,0.6983043522792513,0.09910159216514514,0.8374756731997536,0.12817980064041068,0.0,0.020000000000000285,1.367107128784416,75,274.0,199.0,270.0,15.0,5.0,,,,0.9829832561220679,250.0,246.0,590.0,319,113,-45.0,0.46710712878441607,playing-time dependent,plus speed; needs playing time
695600,Carter Jensen,2026,2003-07-03,C,L,Kansas City Royals,149,603,527,126,35,2,27,80,81,65,4,2,1,170,7,62,5,19,0,106,0,0,0,0,0,42,22.0,603.0,28.2,10.8,0.239,0.467,0.323,0.228,0.294,0.217,0.423,0.341,0.318,0.304,0.206,0.434,0.395,0.022,0.044,0.023,91.5,20.6,33.0,12.7,44.8,102.069247033,95.57430843,67.5,24.1,45.1,80.4,29.7,44.7,41.8,32.7,38.7,19.5,9.1,7.1,73.9,11.3,23.2,37.4,6.7,48.8,14.0,27.8,4.37,38.0,41.0,46.0,364.0,75.4,55.7,carter jensen,KC,Carter Jensen,KC,"C,DH",230.0,139.0,182.0,320.0,641.0,23.0,4.302013422818792,1.0630182421227197,52,C,C,False,139.0,425.5,3.7174234694899297,215.5,0.5845899533288623,87.0,True,True,40,False,1.9900497512437811,26.865671641791042,64.67661691542288,-0.02300000000000002,0.8825124505166567,0.3331829840535628,0.007410946309494108,0.3220589595670747,-0.9897581034744333,0.0,0.9,1.70410832633527,63,52.0,-11.0,552.0,69.0,89.0,17.4,20.8,74.8,1.0236719245763295,496.0,508.0,614.0,114,63,-62.0,0.4641083263352701,full-time,elite contact quality; young
622761,Jorge Mateo,2026,1995-06-23,SS,R,multi,99,221,207,42,8,0,5,41,18,11,1,19,4,69,1,29,6,0,0,0,0,9,2,62,1,10,31.0,221.0,31.2,5.0,0.203,0.314,0.245,0.111,0.276,0.221,0.358,0.248,0.272,0.263,0.137,0.332,0.369,-0.018,-0.044,-0.024,87.3,14.5,40.7,7.9,35.0,98.713200145,93.40706562,69.0,44.2,52.2,80.4,32.0,55.3,35.7,37.1,29.3,25.7,7.9,7.7,73.8,8.6,17.7,37.4,6.4,45.7,-12.0,30.2,4.14,11.0,13.0,18.0,140.0,70.9,64.7,jorge mateo,multi,Jorge Mateo,TB,"2B,SS,CF,DH",787.0,312.0,1122.0,,229.0,31.0,2.313131313131313,1.0361990950226245,313,2B/SS,SS,False,312.0,172.67,2.396692273871662,56.33000000000001,-0.08356096074034891,-1.0,False,False,258,False,51.58371040723982,13.574660633484163,29.864253393665155,0.02400000000000002,-0.21116138566949172,0.18564250117837747,-1.350720070255149,2.0892019777362605,1.2947237005863348,0.0,-0.7000000000000001,-0.09300672331577275,169,312.0,143.0,139.0,83.0,90.0,36.1,4.1,71.9,1.0714334677886121,250.0,268.0,643.0,285,25,27.0,0.4469932766842273,playing-time dependent,unlucky (xwOBA >> wOBA); plus speed; needs playing time
593428,Xander Bogaerts,2026,1992-10-01,SS,R,San Diego Padres,153,606,520,120,18,1,13,68,57,77,4,22,1,109,5,88,11,0,0,0,0,0,0,151,0,2,33.0,606.0,18.0,12.7,0.231,0.344,0.332,0.113,0.266,0.248,0.376,0.306,0.325,0.347,0.127,0.311,0.339,-0.017,-0.032,-0.019,89.6,6.7,27.9,5.5,42.3,100.312911827,94.537029735,61.1,22.8,55.4,85.3,23.1,41.5,44.0,52.2,23.3,20.4,4.1,7.3,72.3,12.3,29.2,28.6,9.8,51.6,-5.0,27.1,4.48,20.0,52.0,48.0,416.0,76.3,58.5,xander bogaerts,SD,Xander Bogaerts,SD,SS,249.6,154.0,226.0,295.0,560.0,33.7,3.6601307189542482,0.9240924092409241,107,SS,SS,False,154.0,425.5,3.7174234694899297,134.5,-0.0572927505356815,47.0,True,False,118,False,21.782178217821784,12.87128712871287,76.23762376237624,0.019000000000000017,-0.09971219775215993,0.10479069950728388,0.5334301871035251,-0.19335775406560424,1.0516937214309339,0.173044049885726,-1.2,-0.2620955116970939,183,107.0,-76.0,19.0,552.0,541.0,17.0,6.9,72.1,0.955851343691318,595.0,569.0,574.0,73,171,34.0,0.41790448830290616,full-time,unlucky (xwOBA >> wOBA)
624641,Edmundo Sosa,2026,1996-03-06,OF,R,Philadelphia Phillies,84,250,231,57,11,2,9,31,44,7,6,4,0,54,3,35,5,0,2,0,0,14,21,18,32,1,30.0,250.0,21.6,2.8,0.247,0.429,0.283,0.182,0.281,0.277,0.444,0.307,0.328,0.313,0.168,0.37,0.398,-0.03,-0.015,-0.021,87.8,11.1,33.7,7.2,39.2,99.999948444,94.149401444,71.3,52.8,57.6,85.7,27.5,61.2,41.4,46.4,20.4,25.4,7.7,8.1,72.6,10.4,21.3,27.8,10.9,58.7,3.0,28.7,4.41,11.0,18.0,28.0,181.0,70.1,68.8,edmundo sosa,PHI,Edmundo Sosa,PHI,"2B,3B,SS,LF",848.5,334.0,1298.0,,255.0,30.3,3.0357142857142856,1.02,291,2B/3B/SS/OF,3B/OF,False,334.0,172.67,2.396692273871662,82.33000000000001,0.6390220118426235,43.0,False,False,255,False,9.6,21.599999999999998,16.8,0.02100000000000002,0.15458297871896587,0.43830728013543263,-0.9606775733243397,0.9847375913805186,1.1489057130930942,0.36478608136940055,-0.5600000000000002,0.5432164720911422,126,291.0,165.0,-6.0,261.0,261.0,21.5,6.3,72.3,1.0215396404176853,252.0,257.0,613.0,298,67,-7.0,0.4032164720911422,playing-time dependent,unlucky (xwOBA >> wOBA); plus speed; needs playing time
696285,Jacob Young,2026,1999-07-27,OF,R,Washington Nationals,140,471,421,106,22,3,10,57,50,33,9,18,4,78,3,71,2,0,5,0,0,0,0,0,136,0,26.0,471.0,16.6,7.0,0.252,0.39,0.318,0.138,0.286,0.257,0.383,0.313,0.313,0.324,0.126,0.336,0.337,-0.005,0.007,0.0,87.7,12.2,36.3,5.7,31.4,97.660091228,92.883830587,60.4,27.5,60.6,87.7,20.8,43.8,37.4,39.4,28.0,27.1,5.4,7.2,69.6,10.6,32.6,2.6,12.2,61.6,2.0,29.1,4.3,23.0,32.0,51.0,350.0,65.9,65.6,jacob young,WSH,,,,,,,,481.0,26.9,3.4357142857142855,1.0212314225053079,142,OF,OF,True,339.0,172.67,2.396692273871662,308.33000000000004,1.0390220118426234,197.0,True,False,120,False,22.929936305732483,12.738853503184712,42.038216560509554,0.0,-0.7285399457385242,-0.2378441635275604,0.34746202338070536,1.2792614277420513,0.12817980064041068,0.758879003819855,0.12000000000000029,0.7465533162074571,115,142.0,27.0,165.0,364.0,316.0,17.9,1.9,68.3,0.9806401641886959,450.0,441.0,588.0,160,118,-18.0,0.38655331620745714,full-time,plus speed
683748,Victor Mesa Jr.,2026,2001-09-08,OF,L,Tampa Bay Rays,79,262,235,61,8,3,14,37,34,23,1,9,4,53,1,36,3,0,4,0,0,0,0,0,77,0,24.0,262.0,20.2,8.8,0.26,0.498,0.327,0.238,0.278,0.249,0.439,0.355,0.329,0.318,0.189,0.413,0.376,0.011,0.059,0.026,89.4,21.0,31.9,10.8,42.2,100.402323596,94.536340734,77.2,34.9,62.2,80.6,25.5,55.0,37.8,33.0,30.8,23.2,13.0,7.9,74.0,10.8,22.9,38.9,9.8,63.8,9.0,27.9,4.29,14.0,20.0,26.0,185.0,87.3,67.6,victor mesa,TB,,,,,,,,305.0,24.8,3.8607594936708862,1.1641221374045803,256,OF,OF,True,339.0,172.67,2.396692273871662,132.33,1.4640672197992242,83.0,False,False,245,False,20.610687022900763,32.06106870229008,52.671755725190835,-0.025999999999999968,0.41421679796081473,1.0235389572542146,-0.1272088051712262,0.3956899186574559,-1.135576090967671,0.0,0.5399999999999999,1.2565213258679484,79,256.0,177.0,270.0,38.0,35.0,13.2,7.1,72.6,1.0249163933346355,250.0,256.0,615.0,301,58,-45.0,0.3565213258679484,playing-time dependent,elite bat speed; needs playing time; young
682626,Francisco Alvarez,2026,2001-11-19,C,R,New York Mets,113,420,373,87,14,0,16,38,43,39,4,0,0,129,2,57,6,15,0,88,0,0,0,0,0,24,24.0,420.0,30.7,9.3,0.233,0.399,0.311,0.166,0.309,0.23,0.431,0.313,0.322,0.307,0.202,0.411,0.426,0.003,-0.032,-0.009,90.8,10.2,32.9,15.4,48.0,102.913628049,95.848454472,62.0,31.8,45.7,77.3,34.8,45.4,39.0,47.6,25.6,19.9,6.9,7.3,74.2,13.2,21.8,42.9,10.6,59.5,-4.0,25.3,4.73,22.0,29.0,36.0,246.0,64.6,57.8,francisco alvarez,NYM,Francisco Alvarez,NYM,"C,DH",251.4,155.0,162.0,284.0,384.0,24.6,3.398230088495575,0.9142857142857143,206,C,C,False,155.0,425.5,3.7174234694899297,-41.5,-0.31919338099435457,-51.0,False,False,171,False,0.0,22.857142857142858,55.714285714285715,0.009000000000000008,1.391535968516427,0.9288075361938958,-0.826588744212882,-1.5187150176924948,0.5656337631201322,-0.10805421443879644,0.5799999999999997,1.4906187743869084,74,155.0,81.0,95.0,277.0,289.0,26.4,12.1,73.9,0.9354843886528934,391.0,366.0,561.0,212,221,-57.0,0.35061877438690825,full-time,elite bat speed; elite contact quality; needs playing time; young
664761,Alec Bohm,2026,1996-08-03,3B,R,Philadelphia Phillies,155,629,567,141,29,1,15,58,88,48,9,2,0,88,5,96,14,0,0,0,50,0,106,0,0,0,29.0,629.0,14.0,7.6,0.249,0.383,0.315,0.134,0.269,0.265,0.412,0.309,0.328,0.33,0.147,0.319,0.344,-0.016,-0.029,-0.019,90.6,8.6,33.7,6.0,43.8,100.305319174,94.542656273,66.3,26.0,70.3,88.7,16.6,46.0,28.7,47.3,23.1,24.8,4.8,7.2,71.1,13.6,34.1,14.0,5.1,45.6,-2.0,26.5,4.69,26.0,41.0,74.0,484.0,73.5,61.5,alec bohm,PHI,Alec Bohm,PHI,"1B,3B",229.6,137.0,239.0,214.0,553.0,29.9,3.567741935483871,0.8791732909379968,110,1B/3B,1B/3B,False,137.0,425.5,3.7174234694899297,127.5,-0.14968153400605866,27.0,True,False,120,False,1.9077901430842608,14.308426073131956,45.786963434022255,0.019000000000000017,0.003360714665743919,-0.5528461239932981,0.5897542532960504,-0.6351435086079019,1.0516937214309339,0.01646474844334292,-0.47999999999999976,-0.22833452061316856,181,110.0,-71.0,83.0,504.0,470.0,16.3,6.2,71.7,0.9206892055827203,604.0,556.0,552.0,82,256,28.0,0.3316654793868315,full-time,unlucky (xwOBA >> wOBA)
677588,José Tena,2026,2001-03-20,DH,L,Washington Nationals,115,288,257,57,13,2,7,36,25,27,3,6,2,90,1,35,0,0,0,0,0,21,2,1,18,57,25.0,288.0,31.3,9.4,0.222,0.37,0.302,0.148,0.311,0.221,0.351,0.299,0.291,0.302,0.13,0.387,0.374,0.001,0.019,0.008,90.6,8.1,30.4,8.3,46.4,102.541901667,95.570783929,67.6,29.5,42.9,76.8,34.3,47.6,32.1,48.8,20.8,25.0,5.4,7.1,73.9,12.3,20.1,42.1,7.6,40.6,-1.0,27.8,4.24,10.0,16.0,31.0,168.0,80.8,60.1,jose tena,WSH,,,,,,,,261.0,25.3,2.2695652173913046,0.90625,287,2B/3B/OF,2B,True,339.0,172.67,2.396692273871662,88.33000000000001,-0.1271270564803575,52.0,False,False,250,False,12.5,14.583333333333334,56.25,-0.008000000000000007,0.6087354115884369,0.05515136941730773,-0.7395479850921846,0.3220589595670747,-0.2606681660082307,0.85911255522014,0.4399999999999999,1.2104677630268064,83,287.0,204.0,116.0,169.0,145.0,21.9,5.3,70.7,0.9123430473857246,264.0,241.0,547.0,331,277,-44.0,0.33046776302680636,playing-time dependent,skills trending up; needs playing time
663837,Matt Vierling,2026,1996-09-16,OF,R,Detroit Tigers,92,291,266,55,13,3,5,24,31,19,0,4,2,49,5,34,2,0,2,0,0,0,1,0,103,1,29.0,291.0,16.8,6.5,0.207,0.335,0.255,0.128,0.23,0.256,0.381,0.259,0.304,0.307,0.125,0.278,0.337,-0.049,-0.046,-0.045,87.9,17.4,36.3,5.0,37.2,98.761562252,93.539494751,63.4,32.4,67.0,89.2,18.2,48.0,33.6,37.2,28.3,23.3,11.2,7.4,70.9,11.0,29.3,7.6,8.8,58.1,-14.0,28.3,4.5,13.0,15.0,27.0,223.0,74.0,60.1,matt vierling,DET,,,,,,,,232.0,29.8,2.5217391304347827,0.7972508591065293,307,OF,OF,True,339.0,172.67,2.396692273871662,59.33000000000001,0.12504685656312065,32.0,False,False,256,False,8.24742268041237,10.309278350515465,39.175257731958766,0.044999999999999984,-0.4685526682708343,-0.14156960661792928,0.09524648353926253,0.6902137550189886,2.3154496130390156,0.0,-0.4600000000000002,0.5395366734491676,127,307.0,180.0,149.0,100.0,83.0,24.0,12.1,71.7,0.977191205541988,253.0,247.0,586.0,318,123,-11.0,0.3195366734491676,playing-time dependent,unlucky (xwOBA >> wOBA); needs playing time
680574,Matt McLain,2026,1999-08-06,2B,R,Cincinnati Reds,134,496,437,81,18,1,15,59,40,48,6,20,4,139,2,47,3,0,0,0,0,100,0,34,3,0,26.0,496.0,28.0,9.7,0.185,0.334,0.274,0.149,0.232,0.212,0.361,0.273,0.293,0.297,0.148,0.323,0.357,-0.027,-0.027,-0.02,87.8,20.7,35.3,9.0,35.6,98.618121507,93.445306873,63.0,26.8,50.7,81.2,28.4,44.2,38.0,35.6,35.3,19.8,9.2,6.9,71.5,9.2,23.1,12.0,11.4,58.8,-20.0,28.7,4.3,24.0,18.0,38.0,303.0,64.9,60.0,matt mclain,CIN,Matt McLain,CIN,"2B,SS",174.0,101.0,183.0,168.0,437.0,26.9,3.2611940298507465,0.8810483870967742,173,2B/SS,2B/SS,False,101.0,560.7627118644068,4.015944775657477,-123.76271186440681,-0.7547507458067306,-72.0,False,False,132,True,24.193548387096772,18.14516129032258,58.064516129032256,0.019999999999999962,-0.19011249044175293,0.038629050482560635,-0.49287782227100285,0.9847375913805186,1.1002997172620113,0.5319175394953846,0.12000000000000029,1.0306577396597192,98,101.0,3.0,-80.0,577.0,517.0,28.9,7.8,69.6,0.9423549857021354,512.0,482.0,565.0,137,210,-36.0,0.3106577396597192,full-time,unlucky (xwOBA >> wOBA); plus speed
694497,Evan Carter,2026,2002-08-29,OF,L,Texas Rangers,141,455,391,76,14,3,9,52,40,47,5,17,3,114,2,50,2,0,1,0,0,0,0,0,140,0,23.0,455.0,25.1,10.3,0.194,0.315,0.288,0.121,0.248,0.205,0.32,0.274,0.28,0.297,0.114,0.306,0.316,-0.011,-0.005,-0.006,87.6,17.9,28.7,4.8,34.9,98.726085185,93.426463755,61.5,21.5,42.3,80.8,29.1,41.7,39.8,40.8,29.8,20.1,9.3,7.1,71.6,8.5,22.0,23.0,8.3,46.5,-15.0,28.9,4.15,13.0,29.0,34.0,289.0,74.5,64.2,evan carter,TEX,Evan Carter,TEX,"LF,CF,RF",289.2,175.0,283.0,218.0,394.0,23.8,2.7943262411347516,0.865934065934066,196,OF,OF,False,175.0,379.45454545454544,3.2573529411764706,14.545454545454561,-0.463026700041719,-21.0,False,False,171,False,22.417582417582416,11.868131868131867,61.97802197802197,0.006000000000000005,-0.6597323861128028,-0.29959767485540917,-0.20086710535808816,1.1319995095612836,0.4198157756268917,0.040061379932342434,0.7399999999999999,0.5108727062704185,129,175.0,46.0,142.0,220.0,252.0,18.6,5.9,69.9,0.9739812592880394,408.0,397.0,584.0,186,131,-11.0,0.2908727062704185,full-time,plus speed; young
672640,Otto Lopez,2026,1998-10-01,SS,R,Miami Marlins,157,687,627,191,32,9,11,94,71,40,9,34,5,89,11,139,21,0,0,0,0,0,0,156,0,1,27.0,687.0,13.0,5.8,0.305,0.437,0.349,0.132,0.335,0.281,0.417,0.342,0.327,0.329,0.136,0.366,0.347,0.024,0.02,0.015,89.1,8.4,30.4,6.0,40.8,100.262247259,94.353564593,62.2,31.2,62.2,90.1,19.5,46.3,34.1,51.4,22.6,21.9,4.2,6.8,71.9,14.9,31.1,23.5,5.0,45.3,17.0,28.5,4.22,24.0,90.0,77.0,549.0,72.4,60.7,otto lopez,MIA,Otto Lopez,MIA,"2B,SS",270.2,165.0,213.0,300.0,760.0,27.7,4.840764331210191,1.1062590975254731,12,2B/SS,SS,False,165.0,425.5,3.476923076923077,334.5,1.363841254287114,153.0,True,True,1,False,29.694323144104803,9.606986899563319,34.93449781659388,-0.015000000000000013,-0.08434149101475341,-0.3053960851604447,0.5812490509527534,0.8374756731997536,-0.6009101368257919,0.2947866214518539,-0.03999999999999986,0.42192096760534953,136,12.0,-124.0,203.0,594.0,557.0,13.8,7.1,71.7,1.039407775989551,640.0,665.0,624.0,19,40,-7.0,0.2819209676053495,full-time,plus speed
691788,Joe Mack,2026,2002-12-27,C,L,Miami Marlins,105,330,303,71,9,0,14,40,52,19,2,0,0,82,2,48,12,26,0,104,0,0,0,0,0,0,23.0,330.0,24.8,5.8,0.234,0.403,0.282,0.169,0.273,0.225,0.396,0.299,0.292,0.275,0.171,0.371,0.361,0.009,0.007,0.007,88.8,9.9,26.9,8.4,38.3,99.584000631,94.018511081,68.7,28.1,54.1,83.1,25.5,48.0,47.6,50.2,24.7,19.4,5.7,7.4,74.3,11.2,23.5,43.4,13.2,57.4,-6.0,26.1,4.58,18.0,25.0,28.0,227.0,79.1,62.7,joe mack,MIA,,,,,,,,346.0,23.5,3.295238095238095,1.0484848484848486,222,C,C,True,339.0,172.67,2.396692273871662,173.33,0.898545821366433,117.0,False,False,206,False,0.0,25.454545454545457,34.54545454545455,-0.007000000000000006,-0.019733401851780925,0.8584995393025759,-0.34471812543031716,-0.929667344969432,-0.21206217017715048,0.0,0.8,0.5947379009791218,122,222.0,100.0,,,,,,,0.9590497552588989,330.0,316.0,575.0,238,166,-16.0,0.2747379009791218,playing-time dependent,elite bat speed; needs playing time; young
642708,Amed Rosario,2026,1995-11-20,3B,R,New York Yankees,87,244,227,54,6,1,10,28,34,14,0,3,1,57,3,37,9,0,0,0,0,7,55,0,9,7,30.0,244.0,23.4,5.7,0.238,0.405,0.279,0.167,0.27,0.25,0.424,0.297,0.309,0.289,0.175,0.362,0.381,-0.012,-0.019,-0.012,90.2,11.5,34.7,10.4,39.3,101.20099,94.834235434,72.2,40.8,59.1,82.7,26.7,55.3,36.4,43.4,25.4,24.9,6.4,7.4,74.1,12.1,22.1,41.2,6.5,50.0,-2.0,28.6,4.4,13.0,16.0,24.0,173.0,80.3,63.9,amed rosario,NYY,Amed Rosario,NYY,"2B,3B,OF,DH",830.0,327.0,1237.0,,222.0,30.6,2.5517241379310347,0.9098360655737705,322,3B,3B,False,327.0,172.67,2.396692273871662,49.33000000000001,0.15503186405937264,5.0,False,False,272,False,7.377049180327869,24.59016393442623,34.42622950819672,0.01200000000000001,0.402354676384982,0.47437475051138617,-0.6564123903598653,0.9111066322901374,0.7114517506133727,-0.01033485810734286,-0.6200000000000003,0.4493544943698702,132,322.0,190.0,42.0,191.0,180.0,16.2,6.0,73.1,0.9622850937724026,250.0,241.0,577.0,331,160,-9.0,0.2693544943698702,playing-time dependent,plus speed; needs playing time
680776,Jarren Duran,2026,1996-09-05,OF,L,Boston Red Sox,151,608,551,114,15,5,20,66,69,41,6,21,4,165,7,74,3,0,8,0,0,0,0,0,145,8,29.0,608.0,27.1,6.7,0.207,0.361,0.266,0.154,0.252,0.237,0.388,0.274,0.301,0.293,0.152,0.34,0.383,-0.03,-0.027,-0.027,89.6,12.5,31.6,9.1,39.9,101.406714352,94.830670364,69.0,34.4,40.7,80.6,33.5,51.0,38.9,45.7,22.7,21.2,10.4,7.6,75.0,11.5,20.0,50.8,5.8,42.8,-29.0,29.0,4.24,29.0,37.0,46.0,396.0,71.1,60.8,jarren duran,BOS,Jarren Duran,BOS,"LF,CF,DH",61.4,43.0,67.0,54.0,571.0,29.8,3.781456953642384,0.9391447368421053,99,OF,OF,False,43.0,598.2727272727273,4.468071322604339,-27.272727272727252,-0.6866143689619548,-56.0,False,False,54,False,20.72368421052632,19.736842105263158,40.46052631578947,0.02699999999999997,0.37166536926372873,0.4359994333774025,-1.1181465499198235,1.2056304686516675,1.4405416880795725,-0.37656078634285434,-0.4600000000000002,0.4407205204653919,133,43.0,-90.0,-189.0,696.0,760.0,24.3,9.7,74.7,0.9717659100070036,626.0,608.0,583.0,52,136,-9.0,0.2607205204653919,full-time,unlucky (xwOBA >> wOBA); plus speed
686555,Isaac Collins,2026,1997-07-22,OF,S,Kansas City Royals,145,519,442,94,24,3,6,47,40,64,7,8,5,120,3,61,2,0,11,0,0,7,0,0,136,2,28.0,519.0,23.1,12.3,0.213,0.321,0.32,0.108,0.276,0.22,0.308,0.294,0.295,0.328,0.088,0.313,0.315,-0.007,0.013,-0.001,88.1,16.1,29.6,5.2,39.3,99.734642671,93.971010248,59.0,22.0,51.9,88.1,21.8,40.4,38.7,41.2,25.6,22.9,10.4,6.8,73.5,11.8,24.7,33.0,3.6,35.0,-9.0,27.6,4.42,15.0,28.0,49.0,328.0,73.1,58.4,isaac collins,KC,Isaac Collins,KC,"2B,LF,RF",353.7,216.0,365.0,358.0,438.0,28.9,3.0206896551724136,0.8439306358381503,171,OF,OF,False,216.0,341.7741935483871,3.088741546261319,96.22580645161293,-0.06805189108890541,45.0,False,False,132,False,9.248554913294798,6.936416184971098,73.98843930635839,0.0010000000000000009,-0.39098773214905813,-0.39156255972427195,0.4686505762561306,0.17479704138630967,0.17678579647149084,0.26115621566186753,-0.27999999999999975,-0.24151313907486296,182,171.0,-11.0,-33.0,441.0,471.0,21.1,4.9,72.7,0.9277755571599299,503.0,467.0,557.0,147,235,24.0,0.23848686092513702,full-time,
650859,Luis Rengifo,2026,1997-02-26,OF,S,multi,95,354,312,75,12,0,4,38,36,34,3,6,4,49,2,59,7,0,0,0,3,7,56,0,22,8,29.0,354.0,13.8,9.6,0.24,0.317,0.319,0.077,0.272,0.253,0.345,0.289,0.304,0.33,0.091,0.286,0.306,-0.013,-0.028,-0.015,87.7,6.0,28.4,4.1,34.3,97.721405038,92.981872644,70.5,30.6,66.8,86.7,20.1,48.9,38.8,54.1,17.5,23.9,4.5,7.2,71.4,8.8,28.3,17.0,7.5,46.6,-9.0,27.1,4.36,5.0,34.0,35.0,268.0,76.2,59.3,luis rengifo,multi,Luis Rengifo,SD,"2B,3B,LF,DH",413.3,241.0,389.0,447.0,296.0,29.3,3.1157894736842104,0.8361581920903954,264,2B/3B/OF,3B/OF,False,241.0,310.0,3.088741546261319,-14.0,0.027047927422891416,-23.0,False,False,250,False,10.169491525423728,6.779661016949152,57.6271186440678,0.015000000000000013,-0.8757971427736646,-0.42107317984269116,0.33410759614988206,-0.19335775406560424,0.8572697381066132,1.0107440363114297,-0.36000000000000015,-0.21100731128919475,178,241.0,63.0,-145.0,541.0,441.0,19.2,5.0,69.5,0.8845952536697766,391.0,346.0,531.0,219,324,22.0,0.22899268871080525,playing-time dependent,unlucky (xwOBA >> wOBA); skills trending up; needs playing time
804606,Konnor Griffin,2026,2006-04-24,SS,R,Pittsburgh Pirates,80,339,312,85,15,4,6,43,33,20,5,23,4,82,2,60,10,0,0,0,0,0,0,76,0,4,20.0,339.0,24.2,5.9,0.272,0.404,0.324,0.132,0.35,0.262,0.404,0.32,0.316,0.317,0.142,0.392,0.387,0.01,0.0,0.004,88.1,7.9,33.6,7.0,37.5,100.514009123,94.37599163,68.1,37.6,56.2,80.5,28.9,51.8,38.8,50.9,18.1,27.2,3.9,7.7,75.4,11.0,19.4,55.8,9.1,46.6,-2.0,29.9,4.27,11.0,30.0,44.0,232.0,74.2,62.5,konnor griffin,PIT,Konnor Griffin,PIT,"SS,CF",188.4,112.0,187.0,187.0,371.0,20.2,4.6375,1.0943952802359882,212,SS,SS,False,112.0,560.7627118644068,4.015944775657477,-189.7627118644068,0.6215552243425231,-100.0,False,False,202,True,40.70796460176991,10.619469026548673,35.39823008849557,-0.0040000000000000036,0.0881067878217961,0.7357516343303455,-0.7109474926027982,1.8683091004651116,-0.06624418268391,0.0,1.2,2.207742353008057,40,112.0,72.0,,,,,,,1.0789091112984048,339.0,366.0,647.0,212,20,-100.0,0.2077423530080571,playing-time dependent,plus speed; needs playing time; young
666211,Taylor Trammell,2026,1997-09-13,OF,L,Houston Astros,99,289,255,49,10,2,8,29,22,29,4,4,3,93,0,29,2,0,1,0,0,0,0,0,105,1,28.0,289.0,32.2,10.0,0.192,0.341,0.285,0.149,0.266,0.186,0.36,0.28,0.283,0.276,0.174,0.358,0.363,0.006,-0.019,-0.003,88.5,15.6,28.2,12.3,38.0,101.38532275,94.747912063,69.6,29.3,36.1,72.9,38.5,48.8,49.7,42.9,30.1,18.4,8.6,7.9,76.5,9.8,15.0,67.4,9.7,52.3,-8.0,27.4,4.28,14.0,22.0,13.0,163.0,78.2,63.5,taylor trammell,HOU,,,,,,,,232.0,28.8,2.3434343434343434,0.8027681660899654,307,OF,OF,True,339.0,172.67,2.396692273871662,59.33000000000001,-0.053257930437318635,32.0,False,False,256,False,8.304498269896195,16.60899653979239,60.207612456747405,0.002999999999999947,0.41224453159271146,1.317424293505694,-1.0552373846759238,0.02753512320554201,0.2739977881336485,0.0,-0.2600000000000002,0.4996511688846344,130,307.0,177.0,115.0,135.0,117.0,30.4,7.8,74.6,0.9468415057987968,258.0,244.0,568.0,322,199,-15.0,0.1996511688846344,playing-time dependent,elite bat speed; needs playing time
657041,Lane Thomas,2026,1995-08-23,OF,R,multi,118,374,326,73,19,0,11,37,40,44,2,9,3,93,2,43,2,0,6,0,0,0,0,0,115,7,30.0,374.0,24.9,11.8,0.224,0.383,0.318,0.159,0.277,0.238,0.365,0.313,0.311,0.331,0.127,0.361,0.359,-0.014,0.018,0.002,89.3,17.4,36.2,6.4,40.9,99.948774746,94.29288566,62.7,20.6,56.5,84.1,22.9,41.3,44.7,37.9,24.3,24.7,13.2,6.9,72.6,10.7,24.9,25.9,8.4,59.1,-2.0,29.1,4.38,12.0,21.0,40.0,235.0,72.2,60.7,lane thomas,multi,Lane Thomas,ATL,"LF,CF,RF,DH",440.5,259.0,444.0,437.0,358.0,30.9,3.0338983050847457,0.9572192513368984,218,OF,OF,False,259.0,223.9,2.840653659676383,134.1,0.19324464540836273,41.0,False,False,206,False,14.43850267379679,17.647058823529413,70.58823529411765,-0.0020000000000000018,-0.031617423092255556,0.4238934087921608,0.3546080910319273,1.2792614277420513,0.030967808978250338,0.0,-0.6799999999999997,0.5273733201359616,128,218.0,90.0,251.0,142.0,107.0,31.0,4.8,72.7,0.9639539821967673,328.0,316.0,578.0,238,156,-20.0,0.1273733201359616,playing-time dependent,plus speed; needs playing time
673962,Josh Jung,2026,1998-02-12,3B,R,Texas Rangers,104,444,398,119,27,1,12,54,42,35,8,1,1,80,3,79,5,0,0,0,0,0,100,0,0,4,28.0,444.0,18.0,7.9,0.299,0.462,0.365,0.163,0.346,0.285,0.44,0.362,0.348,0.354,0.156,0.407,0.387,0.014,0.022,0.014,90.7,12.0,41.1,7.2,49.2,100.183736149,94.6575581,67.1,29.3,62.1,90.6,18.5,47.4,39.3,42.4,23.1,31.2,3.4,7.0,70.5,13.1,32.5,8.4,12.1,56.4,13.0,25.7,4.73,19.0,38.0,62.0,321.0,72.7,63.1,josh jung,TEX,Josh Jung,TEX,3B,324.6,199.0,328.0,357.0,440.0,28.4,4.230769230769231,0.990990990990991,169,3B,3B,False,199.0,377.25,3.18680233337683,62.75,1.043966897392401,30.0,False,False,132,False,1.3513513513513513,16.216216216216218,47.2972972972973,-0.014000000000000012,0.446358354893943,-0.252842382782634,0.6074251957704354,-1.2241911813309647,-0.5523041409947117,0.7692681214779755,-0.17999999999999972,0.2209988945804378,147,169.0,22.0,-17.0,511.0,457.0,25.2,8.3,70.2,0.9006771492752793,457.0,412.0,540.0,174,298,-5.0,0.1209988945804378,full-time,needs playing time
694728,Brice Matthews,2026,2002-03-16,OF,R,Houston Astros,84,233,214,43,5,1,7,23,22,16,0,4,4,74,1,30,1,0,2,0,0,22,4,0,76,0,24.0,233.0,31.8,6.9,0.201,0.332,0.255,0.131,0.269,0.193,0.338,0.26,0.261,0.252,0.145,0.347,0.349,0.008,-0.006,-0.001,86.7,11.9,30.1,8.5,36.4,99.48979209,93.878187068,68.1,25.5,35.8,74.7,36.0,46.6,34.3,50.3,23.8,18.2,7.7,7.3,73.0,8.7,18.0,29.9,13.7,52.7,-14.0,28.6,4.36,6.0,21.0,16.0,143.0,75.0,62.7,brice matthews,HOU,,,,,,,,190.0,24.3,2.261904761904762,0.8154506437768241,349,2B/SS/OF,2B/OF,True,339.0,172.67,2.396692273871662,17.330000000000013,-0.1347875119669002,-10.0,False,False,283,False,10.300429184549357,18.025751072961373,41.201716738197426,0.0010000000000000009,-0.14235729589361185,0.26315947290449027,-1.0654350472581469,0.9111066322901374,0.17678579647149084,0.0,0.6399999999999999,0.43988223772195967,134,349.0,215.0,144.0,47.0,46.0,42.6,26.1,73.2,0.898735104088952,250.0,225.0,539.0,365,301,-16.0,0.11988223772195966,playing-time dependent,plus speed; needs playing time; young
683357,Owen Caissie,2026,2002-07-08,OF,L,Miami Marlins,108,330,291,64,14,0,14,45,58,27,4,5,1,123,8,36,0,0,0,0,0,0,0,0,88,15,23.0,330.0,37.3,8.2,0.22,0.412,0.288,0.192,0.309,0.211,0.405,0.304,0.302,0.285,0.194,0.445,0.442,0.009,0.007,0.002,91.1,16.9,42.6,14.2,44.9,101.808296322,95.280737126,64.6,30.0,39.4,77.6,35.6,46.2,33.5,36.9,32.4,25.0,5.7,7.1,75.1,10.3,18.9,55.7,12.1,39.7,-4.0,28.3,4.3,16.0,22.0,26.0,176.0,72.5,62.7,owen caissie,MIA,Owen Caissie,MIA,"CF,RF,DH",346.8,211.0,370.0,343.0,333.0,24.0,3.0833333333333335,1.009090909090909,229,OF,OF,False,211.0,341.7741935483871,3.088741546261319,-8.774193548387075,-0.005408212927985545,-18.0,False,False,237,False,9.090909090909092,25.454545454545457,49.09090909090909,-0.0020000000000000018,1.1764986233394912,0.3958653676322721,-1.0340523642591652,0.6902137550189886,0.030967808978250338,0.0,0.7000000000000001,1.7584491578679406,60,211.0,151.0,310.0,27.0,23.0,40.7,13.3,74.6,0.9731330193851719,269.0,262.0,584.0,293,131,-82.0,0.11844915786794052,playing-time dependent,elite contact quality; needs playing time; young
702222,Justin Crawford,2026,2004-01-13,OF,L,Philadelphia Phillies,149,465,425,112,19,5,3,48,41,27,3,17,4,82,4,85,1,0,2,0,0,0,0,0,146,1,22.0,465.0,17.6,5.8,0.264,0.353,0.309,0.089,0.317,0.257,0.328,0.294,0.284,0.305,0.072,0.328,0.316,0.007,0.025,0.01,87.1,1.1,28.6,2.0,35.1,98.072316272,93.092773145,69.3,37.6,71.8,88.0,17.7,53.3,28.9,58.9,16.4,21.0,3.7,7.0,69.2,9.6,26.7,6.1,3.5,39.4,-11.0,29.6,4.16,13.0,57.0,42.0,353.0,78.5,66.2,justin crawford,PHI,Justin Crawford,PHI,CF,284.4,170.0,278.0,291.0,435.0,22.5,2.9194630872483223,0.9354838709677419,174,OF,OF,False,170.0,394.0,3.4177922682813224,41.0,-0.49832918103300017,-4.0,False,False,132,False,21.935483870967744,3.870967741935484,34.83870967741936,-0.010000000000000009,-0.89662693451173,-1.1957381541929335,-0.09899137541483642,1.6474162231939653,-0.357880157670391,0.0,1.0,-0.22290604895577038,179,170.0,-9.0,,,,,,,0.9722910485287566,465.0,452.0,583.0,153,136,17.0,0.11709395104422965,full-time,plus speed; young
592663,J.T. Realmuto,2026,1991-03-18,C,R,Philadelphia Phillies,123,467,414,85,19,0,11,52,51,37,10,3,0,100,6,55,8,21,0,123,0,0,0,0,0,0,35.0,467.0,21.4,7.9,0.205,0.331,0.283,0.126,0.239,0.249,0.387,0.275,0.317,0.325,0.138,0.298,0.359,-0.044,-0.056,-0.042,89.5,11.8,35.6,5.7,40.0,99.623141132,94.21920959,64.9,29.9,59.2,84.1,24.1,46.8,42.5,42.5,26.9,25.9,4.7,7.4,73.1,10.2,26.3,32.5,12.1,55.4,-16.0,28.1,4.44,18.0,21.0,46.0,320.0,77.0,59.7,jt realmuto,PHI,J.T. Realmuto,PHI,C,233.2,144.0,202.0,252.0,415.0,35.3,3.3739837398373984,0.8886509635974305,186,C,C,False,144.0,425.5,3.7174234694899297,-10.5,-0.34343972965253133,-42.0,False,False,170,False,3.854389721627409,14.132762312633833,47.53747323340471,0.04199999999999998,-0.1386854847603431,0.43683532154692584,-0.23610471579950446,0.5429518368382236,2.169631625545775,0.019034158306611038,-1.2,0.1824298194721805,150,144.0,-6.0,-138.0,550.0,553.0,23.5,8.8,72.0,0.959079569633511,484.0,464.0,575.0,148,166,-4.0,0.10242981947218051,full-time,unlucky (xwOBA >> wOBA)
671056,Iván Herrera,2026,2000-06-01,DH,R,St. Louis Cardinals,161,717,605,146,26,1,19,98,69,76,31,8,0,138,5,100,3,2,0,52,1,0,0,0,0,108,26.0,717.0,19.2,10.6,0.241,0.382,0.353,0.141,0.28,0.249,0.39,0.329,0.336,0.357,0.141,0.344,0.353,-0.008,-0.008,-0.007,89.4,9.4,31.6,6.2,40.6,100.671085171,94.557141432,61.6,28.4,63.1,87.4,20.8,44.2,37.7,48.5,20.1,22.7,8.7,7.7,73.6,12.0,24.6,40.3,7.6,46.0,15.0,26.1,4.71,31.0,48.0,66.0,472.0,67.9,62.2,ivan herrera,STL,Ivan Herrera,STL,"C,DH",176.0,103.0,156.0,317.0,676.0,26.1,4.198757763975156,0.9428172942817294,38,C,C,False,103.0,560.7627118644068,4.015944775657477,115.23728813559319,0.18281298831767856,65.0,True,False,1,False,6.694560669456067,15.899581589958158,63.59832635983263,0.007000000000000006,-0.006945360422003111,0.22189823205689563,0.6102305555234872,-0.929667344969432,0.46842177145797187,-0.8584443420834897,0.27999999999999975,0.022695186944936385,161,38.0,-123.0,185.0,452.0,491.0,18.6,11.1,74.3,0.9945921125221113,640.0,637.0,597.0,35,99,3.0,0.08269518694493638,full-time,
642350,Jose Siri,2026,1995-07-22,OF,R,Los Angeles Angels,108,251,228,55,10,0,10,36,33,15,3,9,1,80,1,35,3,0,5,0,0,0,0,0,102,0,30.0,251.0,31.9,6.0,0.241,0.417,0.296,0.176,0.324,0.227,0.425,0.308,0.304,0.278,0.199,0.431,0.425,0.014,-0.008,0.004,89.1,15.4,33.3,13.2,42.8,101.222376081,94.841327905,69.1,40.2,45.6,74.8,36.9,53.7,43.1,41.8,31.4,21.6,5.2,7.7,73.4,10.7,16.9,37.6,12.0,52.2,-3.0,30.0,4.24,17.0,16.0,21.0,153.0,67.7,67.1,jose siri,LAA,,,,,,,,271.0,30.9,2.509259259259259,1.0796812749003983,280,OF,OF,True,339.0,172.67,2.396692273871662,98.33000000000001,0.11256698538759702,59.0,False,False,250,False,21.513944223107572,23.904382470119522,35.85657370517929,-0.0040000000000000036,0.9033268548934482,0.42105580699038664,-1.4063001715074377,1.9419400595554952,-0.06624418268391,0.0,-0.6799999999999997,0.42224151994145265,135,280.0,145.0,247.0,36.0,24.0,47.2,20.0,72.1,1.0266339141922258,250.0,257.0,616.0,298,53,-18.0,0.06224151994145266,playing-time dependent,elite contact quality; plus speed; needs playing time
668930,Brice Turang,2026,1999-11-21,2B,L,Milwaukee Brewers,151,680,582,156,37,3,21,102,100,90,1,19,5,171,2,95,6,0,0,0,0,151,0,4,0,0,26.0,680.0,25.1,13.2,0.268,0.45,0.366,0.182,0.344,0.255,0.428,0.358,0.344,0.353,0.173,0.434,0.411,0.013,0.022,0.014,90.3,8.8,38.5,7.7,41.6,100.345718473,94.59448968,62.4,24.8,62.4,82.9,23.1,43.2,29.2,46.9,22.5,28.7,1.9,6.8,70.1,10.9,25.2,11.2,8.5,48.8,24.0,28.5,4.29,29.0,49.0,78.0,418.0,68.7,60.3,brice turang,MIL,Brice Turang,MIL,2B,44.8,34.0,50.0,40.0,762.0,26.6,5.046357615894039,1.1205882352941177,11,2B,2B,False,34.0,646.5714285714286,4.468071322604339,115.42857142857144,0.5782862932897004,23.0,False,False,1,False,16.764705882352942,18.529411764705884,79.41176470588235,-0.014000000000000012,0.3620466925068746,-0.5872989743256367,0.5965639479173704,0.8374756731997536,-0.5523041409947117,-0.4565565285656147,0.17999999999999972,0.34916379237898454,141,11.0,-130.0,32.0,659.0,730.0,22.8,8.0,70.6,1.0213955041033036,640.0,654.0,613.0,26,67,-15.0,0.04916379237898455,full-time,plus speed
665489,Vladimir Guerrero Jr.,2026,1999-03-16,1B,R,Toronto Blue Jays,144,609,542,141,25,0,9,72,57,56,5,7,4,81,6,107,8,0,0,0,128,0,0,0,0,16,27.0,609.0,13.3,9.2,0.26,0.356,0.332,0.096,0.288,0.28,0.4,0.305,0.331,0.346,0.121,0.311,0.344,-0.02,-0.044,-0.026,90.3,8.3,28.7,6.9,44.3,102.693695855,95.562990899,67.3,30.6,67.0,86.9,20.1,47.2,35.1,48.6,19.3,25.3,6.9,7.6,76.3,17.0,26.4,62.4,1.1,30.3,-6.0,26.4,4.57,15.0,60.0,66.0,467.0,76.9,59.2,vladimir guerrero,TOR,Vladimir Guerrero Jr.,TOR,"1B,DH",18.4,15.0,18.0,20.0,537.0,27.3,3.7291666666666665,0.8817733990147784,115,1B,1B,False,15.0,652.3103448275862,4.722222222222222,-115.31034482758616,-0.9930555555555558,-100.0,False,False,120,True,6.896551724137931,8.866995073891625,55.172413793103445,0.026000000000000023,0.3256946509670169,0.25125463347223054,0.36977531398923374,-0.7087744676982858,1.3919356922484951,-0.7055987325744173,0.03999999999999986,0.6438486744074066,121,15.0,-106.0,-186.0,680.0,723.0,13.8,12.2,76.7,0.9918999219330393,623.0,618.0,595.0,45,104,-30.0,0.043848674407406585,full-time,unlucky (xwOBA >> wOBA)
687093,Vaughn Grissom,2026,2001-01-05,1B,R,Los Angeles Angels,119,474,422,102,22,0,13,47,72,31,12,1,0,87,7,67,10,0,0,0,56,38,28,0,0,3,25.0,474.0,18.4,6.5,0.242,0.386,0.307,0.144,0.271,0.244,0.38,0.306,0.309,0.313,0.136,0.333,0.337,-0.002,0.006,-0.003,87.5,12.7,33.5,6.7,35.6,98.529330819,93.416728622,66.3,31.3,57.6,87.2,22.1,48.8,39.1,44.9,25.1,24.5,5.8,7.2,70.8,9.9,26.4,15.9,8.9,45.5,3.0,26.9,4.59,21.0,36.0,44.0,343.0,71.3,61.4,vaughn grissom,LAA,,,,,,,,420.0,25.5,3.5294117647058822,0.8860759493670886,183,1B/2B/3B,1B/2B/3B,True,339.0,172.67,2.396692273871662,247.33,1.1327194908342202,156.0,False,False,170,False,1.2658227848101264,16.455696202531648,39.24050632911393,0.0030000000000000027,-0.43859506535806436,-0.5634149767519507,0.1256161802332281,-0.3406196722463719,0.2739977881336512,0.0,0.4,-0.4002551048034666,192,183.0,-9.0,,,,,,,0.9283823020977283,474.0,440.0,557.0,161,235,22.0,0.0397448951965334,full-time,
681297,Colton Cowser,2026,2000-03-20,OF,L,Baltimore Orioles,142,392,341,77,10,0,13,41,40,46,1,10,4,121,3,54,3,0,4,0,0,0,0,0,130,2,26.0,392.0,30.9,11.7,0.226,0.37,0.317,0.144,0.305,0.221,0.4,0.307,0.315,0.313,0.179,0.392,0.405,0.005,-0.03,-0.008,87.9,13.0,33.0,9.4,41.1,100.438488468,94.32395819,60.3,29.6,45.0,79.5,32.6,44.2,38.4,42.0,30.4,23.2,4.5,7.5,74.6,9.5,17.5,47.9,14.7,40.3,-5.0,28.1,4.23,17.0,26.0,34.0,224.0,68.1,60.7,colton cowser,BAL,Colton Cowser,BAL,"LF,CF,RF",253.0,156.0,245.0,201.0,366.0,26.3,2.5774647887323945,0.9336734693877551,215,OF,OF,False,156.0,425.5,3.7174234694899297,-59.5,-1.1399586807575353,-59.0,False,False,202,False,15.306122448979592,19.89795918367347,70.40816326530613,0.008000000000000007,0.43312354441809764,0.22796695964230893,-0.515298304134658,0.5429518368382236,0.5170277672890521,0.06735831570222389,0.23999999999999988,1.0381335748891414,97,156.0,59.0,19.0,360.0,347.0,35.6,14.1,73.6,0.9626748781240121,386.0,372.0,578.0,206,156,-50.0,0.038133574889141375,playing-time dependent,needs playing time
694249,Cole Carrigg,2026,2002-05-08,OF,S,Colorado Rockies,93,372,333,93,22,4,12,50,53,28,5,11,5,89,4,55,6,0,5,0,0,0,0,22,85,0,24.0,372.0,23.9,7.5,0.279,0.477,0.341,0.198,0.343,0.25,0.407,0.352,0.316,0.313,0.157,0.434,0.381,0.029,0.07,0.036,88.1,16.5,37.2,6.4,37.6,99.173843115,93.743895615,74.0,36.3,57.1,85.3,25.2,53.4,48.4,37.6,28.8,26.8,6.8,7.5,73.2,9.5,19.1,34.7,12.2,50.5,11.0,28.7,4.24,17.0,30.0,45.0,250.0,85.0,61.4,cole carrigg,COL,,,,,,,,425.0,24.1,4.56989247311828,1.14247311827957,180,SS/OF,SS/OF,True,339.0,172.67,2.396692273871662,252.33,2.173200199246618,159.0,False,False,167,False,17.741935483870968,19.35483870967742,45.16129032258065,-0.035999999999999976,-0.11495984159033729,0.27318251646112096,-0.15250120851297522,0.9847375913805186,-1.6216360492784727,0.0,0.6799999999999997,0.3371019104217947,142,180.0,38.0,,,,,,,1.0285996615459627,372.0,383.0,617.0,196,48,-16.0,0.017101910421794708,playing-time dependent,plus speed; needs playing time; young
687401,Joey Ortiz,2026,1998-07-14,SS,R,Milwaukee Brewers,134,415,371,100,14,4,9,49,47,35,0,9,5,82,5,73,10,0,0,0,1,1,58,86,0,0,27.0,415.0,19.8,8.4,0.27,0.402,0.328,0.132,0.319,0.243,0.346,0.321,0.297,0.309,0.103,0.366,0.332,0.027,0.056,0.024,89.2,6.4,29.2,4.0,37.6,99.747955517,94.078216747,57.5,32.8,62.5,90.7,19.9,44.8,32.9,50.3,20.1,23.2,6.4,7.5,73.3,12.1,26.4,33.3,3.0,36.3,-2.0,29.1,4.29,13.0,47.0,40.0,298.0,67.2,63.1,joey ortiz,MIL,Joey Ortiz,MIL,"3B,SS",420.0,246.0,420.0,420.0,397.0,28.0,2.962686567164179,0.9566265060240964,195,3B/SS,3B/SS,False,246.0,304.0,3.0338983050847457,93.0,-0.07121173792056679,51.0,False,False,170,False,13.012048192771084,13.012048192771084,50.602409638554214,-0.02400000000000002,-0.43873516283400643,-0.3553397743302791,0.2658881726781473,1.2792614277420513,-1.0383640993055134,0.3755141752485906,-0.1,-0.20373956841839333,177,195.0,18.0,-30.0,506.0,427.0,14.6,3.0,72.3,0.924979726572164,433.0,401.0,555.0,184,245,11.0,0.01626043158160667,full-time,plus speed; needs playing time
663886,Tyler Stephenson,2026,1996-08-16,C,R,Cincinnati Reds,130,468,411,99,22,0,15,41,54,49,3,0,1,128,5,62,4,22,0,116,1,0,0,0,0,11,29.0,468.0,27.4,10.5,0.241,0.404,0.323,0.163,0.308,0.235,0.426,0.32,0.326,0.318,0.192,0.395,0.405,0.006,-0.022,-0.006,90.8,18.0,39.9,12.4,44.1,100.162882887,94.627044841,67.2,22.3,36.8,85.3,26.5,45.0,36.1,33.7,32.6,28.5,5.2,7.4,70.6,10.6,25.4,7.8,12.6,54.3,-2.0,27.0,4.59,22.0,24.0,53.0,288.0,86.0,61.0,tyler stephenson,CIN,Tyler Stephenson,CIN,"C,DH",275.0,168.0,244.0,348.0,452.0,29.9,3.476923076923077,0.9658119658119658,160,C,C,False,168.0,421.3333333333333,3.4177922682813224,30.666666666666686,0.05913080864175457,8.0,False,False,127,False,0.0,19.23076923076923,62.820512820512825,0.006000000000000005,0.689317616153355,-0.3415698709116371,0.10843542239226477,-0.26698871315598804,0.4198157756268917,0.28793109973725095,-0.47999999999999976,0.326828635802216,144,160.0,16.0,108.0,342.0,344.0,33.9,14.5,70.1,0.9228783033751601,443.0,409.0,554.0,176,249,-16.0,0.006828635802215988,full-time,
687637,Dylan Beavers,2026,2001-08-11,OF,L,Baltimore Orioles,104,363,324,74,20,0,9,41,44,35,2,5,5,99,1,45,0,0,4,0,0,0,0,0,91,13,24.0,363.0,27.3,9.6,0.228,0.373,0.307,0.145,0.3,0.219,0.369,0.302,0.295,0.297,0.15,0.371,0.36,0.009,0.004,0.007,87.8,19.0,38.3,8.4,38.3,99.418492655,93.865557644,60.5,23.8,53.3,83.2,25.3,42.0,40.1,35.2,32.2,24.7,7.9,7.4,72.5,11.3,23.7,21.3,9.5,46.9,-3.0,29.1,4.22,18.0,23.0,33.0,227.0,74.8,62.7,dylan beavers,BAL,Dylan Beavers,BAL,"LF,CF,RF,DH",325.3,200.0,317.0,268.0,340.0,24.9,3.269230769230769,0.9366391184573003,225,OF,OF,False,200.0,377.25,3.18680233337683,-37.25,0.08242843585393933,-25.0,False,False,237,False,8.264462809917356,14.87603305785124,57.85123966942149,-0.007000000000000006,-0.04181768585743907,-0.19656074506196483,-0.032212247505169295,1.2792614277420513,-0.21206217017715048,0.0,0.5200000000000004,0.840202198499661,108,200.0,92.0,210.0,137.0,130.0,26.3,9.3,72.2,0.9786888814298953,318.0,311.0,587.0,242,120,-42.0,0.00020219849966107706,playing-time dependent,plus speed; needs playing time; young
682177,Daniel Schneemann,2026,1997-01-23,OF,L,Cleveland Guardians,91,286,262,55,11,0,7,30,30,24,0,7,2,84,0,37,1,0,2,0,0,14,34,6,40,0,29.0,286.0,29.4,8.4,0.21,0.332,0.276,0.122,0.281,0.225,0.372,0.272,0.292,0.29,0.147,0.344,0.376,-0.015,-0.04,-0.02,88.0,12.2,33.7,8.4,38.4,98.794739888,93.514708652,66.8,33.4,40.4,83.0,31.5,49.7,47.2,43.3,29.8,22.5,4.5,7.0,71.2,9.1,21.7,11.3,14.4,56.8,-12.0,27.6,4.42,14.0,16.0,25.0,178.0,82.6,67.5,daniel schneemann,CLE,,,,,,,,250.0,29.4,2.7472527472527473,0.8741258741258742,293,2B/3B/OF,3B/OF,True,339.0,172.67,2.396692273871662,77.33000000000001,0.3505604733810852,46.0,False,False,255,False,14.685314685314685,14.685314685314685,50.349650349650354,0.019999999999999962,-0.027463580241379938,-0.0981344457937966,-0.7091235202018068,0.17479704138630967,1.1002997172620113,-0.3324425252969975,-0.3799999999999997,-0.6246905693866698,210,293.0,83.0,-121.0,422.0,371.0,27.7,11.5,70.9,0.9182817007265757,313.0,287.0,551.0,265,261,28.0,-0.06469056938666973,playing-time dependent,unlucky (xwOBA >> wOBA); needs playing time
669065,Kyle Stowers,2026,1998-01-02,1B,L,Miami Marlins,121,512,447,107,27,4,21,57,65,52,10,1,1,161,2,55,7,0,1,0,59,0,0,0,52,20,28.0,512.0,31.4,10.2,0.239,0.459,0.331,0.22,0.322,0.227,0.437,0.341,0.329,0.314,0.21,0.46,0.438,0.012,0.022,0.012,92.5,18.1,33.2,12.8,56.4,103.41265375,96.673495417,76.5,33.7,42.9,76.1,35.6,53.0,46.0,37.0,33.2,22.1,7.6,6.8,75.4,14.0,20.6,55.2,15.2,55.1,10.0,26.3,4.56,32.0,31.0,44.0,289.0,83.4,61.8,kyle stowers,MIA,Kyle Stowers,MIA,"1B,LF,CF,RF,DH",117.6,76.0,127.0,124.0,494.0,28.5,4.082644628099174,0.96484375,136,1B/OF,1B/OF,False,76.0,560.7627118644068,4.015944775657477,-66.76271186440681,0.06669985244169663,-60.0,False,False,120,False,1.171875,24.609375,60.9375,-0.01200000000000001,1.6115223370814455,1.0954889264484207,-0.7313414495132963,-0.782405426788667,-0.4550921493325513,-0.3514365311355012,-0.2,0.8023067583705539,110,76.0,-34.0,-51.0,457.0,545.0,27.4,19.1,75.0,0.9996198997868169,501.0,501.0,600.0,120,97,-44.0,-0.07769324162944613,full-time,elite bat speed; elite contact quality
694384,Nolan Schanuel,2026,2002-02-14,1B,L,Los Angeles Angels,107,446,392,108,22,0,7,43,49,42,6,1,1,58,5,79,8,0,0,0,105,0,0,0,0,1,24.0,446.0,13.0,9.4,0.276,0.385,0.351,0.109,0.304,0.286,0.389,0.328,0.334,0.362,0.102,0.332,0.34,-0.01,-0.004,-0.006,87.4,12.2,36.5,2.4,32.9,97.253987337,92.679381893,62.4,27.2,68.2,90.6,16.4,44.5,42.1,43.5,21.5,30.0,5.0,6.8,68.1,7.8,33.4,5.6,7.8,50.1,2.0,25.7,4.59,14.0,29.0,65.0,340.0,65.8,61.4,nolan schanuel,LAA,Nolan Schanuel,LAA,1B,324.2,198.0,311.0,303.0,394.0,24.4,3.682242990654206,0.8834080717488789,196,1B,1B,False,198.0,377.25,3.18680233337683,16.75,0.49544065727737596,2.0,False,False,171,False,1.3452914798206277,9.417040358744394,56.502242152466366,0.006000000000000005,-0.9142091848271644,-0.878075247393491,0.8063499814475961,-1.2241911813309647,0.4198157756268917,0.319198834184299,0.6200000000000003,-0.5107917115003975,202,196.0,-6.0,-120.0,564.0,514.0,12.6,4.5,67.4,0.8753895390303784,470.0,411.0,525.0,175,341,21.0,-0.0907917115003975,full-time,plus approach; needs playing time; young
682657,Angel Martínez,2026,2002-01-27,OF,S,Cleveland Guardians,114,416,389,99,24,2,18,49,62,13,7,11,3,91,1,55,4,0,6,0,0,0,0,0,132,0,24.0,416.0,21.9,3.1,0.254,0.465,0.29,0.211,0.288,0.251,0.401,0.326,0.299,0.287,0.15,0.399,0.363,0.003,0.064,0.027,87.5,14.8,35.1,7.2,35.5,98.989455168,93.585370839,66.8,42.8,66.1,88.7,20.7,54.3,43.9,41.6,25.6,24.9,7.9,7.4,71.4,9.0,24.0,18.0,11.4,50.3,-1.0,27.6,4.41,23.0,30.0,45.0,305.0,72.7,68.0,angel martinez,CLE,,,,,,,,452.0,24.4,3.9649122807017543,1.0865384615384615,160,2B/OF,OF,True,339.0,172.67,2.396692273871662,279.33000000000004,1.5682200068300922,179.0,False,False,127,False,15.865384615384615,25.96153846153846,18.75,-0.027000000000000024,-0.23839604325232433,-0.24336326273161837,-0.4456548014542449,0.17479704138630967,-1.184182086798754,1.18139915195278,0.6200000000000003,0.24619724986664138,146,160.0,14.0,40.0,484.0,412.0,22.7,3.5,70.1,0.9494120975633389,430.0,408.0,570.0,177,190,-17.0,-0.09380275013335865,full-time,skills trending up; needs playing time; young
699393,Pedro Ramírez,2026,2004-04-01,2B,S,Chicago Cubs,80,266,241,63,12,2,6,36,32,20,2,9,1,49,2,43,5,0,0,0,4,43,19,0,1,12,22.0,266.0,18.4,7.5,0.261,0.402,0.321,0.141,0.303,0.242,0.342,0.315,0.284,0.298,0.1,0.355,0.313,0.019,0.06,0.031,89.0,12.6,29.7,4.1,39.0,99.586362371,93.950119948,68.7,33.0,62.4,88.8,20.2,50.2,41.0,45.1,23.1,23.1,8.7,7.5,72.1,12.9,26.0,22.4,4.9,44.1,0.0,28.3,4.25,8.0,28.0,26.0,195.0,76.9,60.0,pedro ramirez,CHC,,,,,,,,272.0,22.2,3.4,1.0225563909774436,278,2B/3B/SS,2B,True,339.0,172.67,2.396692273871662,99.33000000000001,1.0033077261283379,61.0,False,False,250,False,20.30075187969925,13.533834586466165,45.11278195488722,-0.031000000000000028,-0.4945469317874497,-0.3506644608013911,0.20180497693077248,0.6902137550189886,-1.3786060701230747,0.0,1.0600000000000003,0.10961229775754366,153,278.0,125.0,,,,,,,0.9940721664129193,266.0,264.0,596.0,290,102,-12.0,-0.13038770224245633,playing-time dependent,needs playing time; young
665052,Griffin Conine,2026,1997-07-11,OF,L,Miami Marlins,94,323,284,75,8,0,19,45,43,34,5,4,0,95,0,48,0,0,0,0,20,0,0,0,59,18,28.0,323.0,29.4,10.5,0.264,0.493,0.353,0.229,0.329,0.259,0.504,0.369,0.368,0.349,0.245,0.486,0.482,0.005,-0.011,0.001,91.1,12.6,39.7,16.4,49.2,103.402180421,96.406974974,68.3,33.3,41.9,75.5,37.2,48.9,41.8,41.8,27.0,23.3,7.9,7.5,74.1,13.9,22.3,42.5,13.4,51.6,15.0,26.8,4.45,20.0,24.0,31.0,189.0,74.1,59.4,griffin conine,MIA,,,,,,,,354.0,29.0,3.765957446808511,1.0959752321981424,220,1B/OF,1B/OF,True,339.0,172.67,2.396692273871662,181.33,1.3692651729368488,119.0,False,False,206,False,7.430340557275542,35.294117647058826,63.1578947368421,-0.0010000000000000009,1.8113708640796051,0.5657496942431927,-0.647120700412962,-0.4142506313367531,0.0795738048093305,0.0,-0.30000000000000004,1.283004196188567,77,220.0,143.0,271.0,86.0,83.0,29.1,14.8,74.4,0.9540309066496382,276.0,263.0,572.0,291,178,-71.0,-0.13699580381143295,playing-time dependent,elite contact quality; needs playing time
691016,Tyler Soderstrom,2026,2001-11-24,OF,L,Athletics,109,453,396,97,27,3,19,58,56,53,3,2,1,91,1,48,1,0,6,0,0,0,0,0,101,7,24.0,453.0,20.1,11.7,0.245,0.472,0.338,0.227,0.272,0.246,0.411,0.35,0.327,0.331,0.165,0.394,0.363,-0.001,0.061,0.023,90.7,11.1,31.0,9.5,45.4,101.631681895,95.094575115,68.2,25.9,52.1,87.7,22.9,45.9,38.9,46.4,27.1,19.3,7.2,7.5,74.4,13.9,24.0,45.1,10.2,53.5,11.0,27.1,4.42,31.0,26.0,39.0,306.0,81.9,57.8,tyler soderstrom,ATH,Tyler Soderstrom,ATH,"1B,LF,DH",81.8,54.0,82.0,79.0,471.0,24.6,4.321100917431193,1.0397350993377483,147,1B/OF,OF,False,54.0,563.0,4.290827223004798,-92.0,0.030273694426394826,-93.0,False,False,121,True,2.6490066225165565,25.165562913907284,70.19867549668874,-0.022999999999999965,0.5035346325061242,0.7299782720041869,0.6204215491907691,-0.19335775406560424,-0.9897581034744306,0.06074660674038443,0.5799999999999997,1.5503365246876117,71,54.0,-17.0,-220.0,624.0,691.0,22.6,11.4,73.9,0.9849198838353539,487.0,480.0,591.0,140,110,-86.0,-0.16966347531238823,full-time,young
657757,Gavin Sheets,2026,1996-04-23,1B,L,San Diego Padres,125,419,363,77,16,0,17,47,48,49,5,4,0,85,2,44,0,0,1,0,43,0,0,0,42,32,30.0,419.0,20.3,11.7,0.212,0.397,0.313,0.185,0.228,0.229,0.381,0.315,0.316,0.327,0.152,0.336,0.337,-0.017,0.016,-0.001,87.4,13.8,31.1,7.1,38.2,98.872982,93.475375964,58.0,31.0,64.8,88.3,20.9,43.3,37.9,44.6,23.9,20.4,11.1,7.7,74.4,9.4,20.2,47.0,8.2,51.4,-2.0,26.6,4.51,19.0,20.0,37.0,280.0,63.7,53.5,gavin sheets,SD,Gavin Sheets,SD,"1B,LF,RF,DH",384.3,233.0,375.0,375.0,384.0,30.2,3.072,0.9164677804295943,206,1B/OF,1B/OF,False,233.0,341.7741935483871,3.088741546261319,42.225806451612925,-0.016741546261318963,27.0,False,False,171,False,5.727923627684964,24.3436754176611,70.16706443914082,0.0010000000000000009,-0.2931364147294049,0.6704352858797326,0.383146437242867,-0.5615125495175182,0.17678579647149084,-0.6422683242226547,-0.5399999999999999,-0.7170147420774599,219,206.0,-13.0,-138.0,545.0,522.0,19.6,9.6,74.8,0.9155451097761429,444.0,407.0,549.0,180,270,26.0,-0.19701474207745984,full-time,needs playing time
686681,Michael Massey,2026,1998-03-22,2B,L,Kansas City Royals,131,452,423,115,25,1,13,49,50,21,0,3,0,75,5,76,5,0,0,0,0,126,2,0,4,1,28.0,452.0,16.6,4.6,0.272,0.428,0.303,0.156,0.3,0.257,0.414,0.316,0.307,0.292,0.157,0.361,0.349,0.015,0.014,0.009,89.3,15.6,36.5,6.2,39.0,98.938369885,93.697569454,68.9,38.8,67.9,88.0,19.5,53.5,50.0,39.6,29.8,26.1,4.5,7.1,71.9,10.7,28.7,13.0,15.7,59.4,-1.0,26.7,4.49,20.0,35.0,60.0,356.0,75.4,62.4,michael massey,KC,,,,,,,,420.0,28.3,3.2061068702290076,0.9292035398230089,183,2B,2B,True,339.0,172.67,2.396692273871662,247.33,0.8094145963573456,156.0,False,False,170,False,3.982300884955752,17.256637168141594,27.876106194690266,-0.009000000000000008,-0.25928456308020575,0.13218837512392986,-0.09423620847121796,-0.4878815904271369,-0.30927416183931083,1.0297572466659934,-0.16000000000000014,-0.017080379224400755,164,183.0,19.0,218.0,277.0,202.0,15.5,4.0,70.1,0.9332536548847281,417.0,389.0,560.0,192,225,-9.0,-0.19708037922440075,full-time,skills trending up
814439,Ryan Waldschmidt,2026,2002-10-07,OF,R,Arizona Diamondbacks,82,284,250,64,15,2,3,30,22,22,5,7,2,85,3,44,2,0,5,0,0,0,0,0,102,2,23.0,284.0,29.9,7.7,0.256,0.368,0.325,0.112,0.37,0.236,0.356,0.309,0.297,0.31,0.12,0.401,0.382,0.02,0.012,0.012,86.6,15.8,45.6,6.5,29.8,97.453410241,92.72670512,62.2,25.0,37.4,80.7,31.7,43.6,38.0,35.7,27.5,32.7,4.1,7.0,72.4,7.7,20.4,21.8,10.5,42.4,-1.0,29.1,4.29,13.0,16.0,35.0,171.0,72.1,64.8,ryan waldschmidt,ARI,Ryan Waldschmidt,ARI,"LF,CF,RF",729.5,297.0,960.0,499.0,264.0,23.7,3.2195121951219514,0.9295774647887324,286,OF,OF,False,297.0,172.67,2.396692273871662,91.33000000000001,0.8228199212502894,11.0,False,False,250,False,14.788732394366196,6.338028169014084,46.478873239436616,-0.01200000000000001,-0.5374301905868373,-0.3966343792463823,-0.4742806561057513,1.2792614277420513,-0.4550921493325513,0.0,0.7600000000000002,-0.018531827896187125,165,286.0,121.0,,,,,,,0.9120132828136407,284.0,259.0,547.0,295,277,-9.0,-0.19853182789618712,playing-time dependent,plus speed; needs playing time; young
671289,Tyler Freeman,2026,1999-05-21,OF,R,Colorado Rockies,79,288,255,63,6,1,3,29,23,11,15,6,4,34,0,53,1,0,6,0,0,13,0,0,63,10,27.0,288.0,11.8,3.8,0.247,0.314,0.317,0.067,0.275,0.265,0.353,0.289,0.309,0.333,0.088,0.283,0.309,-0.018,-0.039,-0.02,87.7,9.9,30.7,1.3,36.0,98.258503889,93.223297037,72.0,30.2,74.7,93.3,12.4,50.6,33.8,51.8,20.2,23.2,4.8,7.0,70.5,11.6,30.0,12.7,2.6,30.7,-4.0,27.7,4.5,5.0,25.0,33.0,228.0,87.0,62.5,tyler freeman,COL,,,,,,,,250.0,27.1,3.1645569620253164,0.8680555555555556,293,2B/OF,OF,True,339.0,172.67,2.396692273871662,77.33000000000001,0.7678646881536544,46.0,False,False,255,False,12.5,6.25,22.916666666666668,0.020000000000000018,-0.9250530082288566,-1.298892585812124,0.5582749493346251,0.24842800047669086,1.100299717262014,-0.3337617257677665,0.07999999999999972,-0.9764736710434537,234,293.0,59.0,-174.0,428.0,424.0,11.9,2.1,71.3,0.9532981445689885,316.0,301.0,572.0,257,178,36.0,-0.25647367104345375,playing-time dependent,unlucky (xwOBA >> wOBA); needs playing time
676439,Hunter Feduccia,2026,1997-06-05,C,L,multi,93,251,217,48,9,1,3,21,19,28,1,0,0,60,1,35,5,14,0,90,1,0,0,0,0,1,29.0,251.0,23.9,11.2,0.221,0.313,0.312,0.092,0.29,0.237,0.367,0.286,0.312,0.327,0.13,0.318,0.359,-0.016,-0.054,-0.026,89.4,14.9,36.4,7.4,37.9,99.025957821,93.73099871,62.2,24.4,59.8,85.7,22.2,42.0,32.1,38.3,32.1,26.5,3.1,7.0,71.1,9.5,28.7,13.3,11.1,52.8,-5.0,26.9,4.56,8.0,15.0,25.0,162.0,67.5,56.2,hunter feduccia,multi,,,,,,,,208.0,29.1,2.236559139784946,0.8286852589641435,336,C,C,True,339.0,172.67,2.396692273871662,35.33000000000001,-0.16013313408671603,3.0,False,False,279,False,0.0,7.171314741035856,66.93227091633466,0.026000000000000023,-0.16315458823509374,-0.2513385750245571,0.2774433840128203,-0.3406196722463719,1.3919356922484951,0.0,-0.3200000000000003,0.06208202850716499,157,336.0,179.0,134.0,105.0,74.0,27.6,8.2,69.8,0.924567827215527,250.0,231.0,555.0,352,245,-16.0,-0.257917971492835,playing-time dependent,unlucky (xwOBA >> wOBA); needs playing time
701350,Roman Anthony,2026,2004-05-13,OF,L,Boston Red Sox,55,242,212,52,11,3,5,24,15,29,1,2,0,66,0,33,2,0,3,0,0,0,0,0,34,21,22.0,242.0,27.3,12.0,0.245,0.396,0.339,0.151,0.333,0.259,0.424,0.326,0.341,0.349,0.164,0.399,0.424,-0.014,-0.028,-0.015,92.0,6.1,38.4,11.7,46.6,102.442735205,95.858888345,55.6,23.7,44.2,82.3,29.0,39.7,41.8,48.6,23.3,26.7,1.4,7.5,75.6,15.3,26.3,54.8,12.0,46.5,2.0,27.6,4.41,9.0,13.0,30.0,146.0,53.8,53.3,roman anthony,BOS,Roman Anthony,BOS,"LF,CF,RF,DH",47.2,36.0,52.0,36.0,215.0,22.1,3.909090909090909,0.8884297520661157,326,OF,OF,False,36.0,646.5714285714286,4.468071322604339,-431.57142857142856,-0.5589804135134298,-290.0,False,False,279,True,4.958677685950414,12.396694214876034,71.90082644628099,0.015000000000000013,1.0559671709804759,0.7400121950778238,0.042097677913709074,0.17479704138630967,0.8572697381066132,-0.7197717057371276,1.0799999999999998,2.698754186167741,23,36.0,13.0,-119.0,303.0,334.0,27.7,15.6,75.0,0.9908221623385804,254.0,252.0,594.0,309,106,-273.0,-0.3012458138322591,playing-time dependent,unlucky (xwOBA >> wOBA); elite contact quality; needs playing time; young
663586,Austin Riley,2026,1997-04-02,3B,R,Atlanta Braves,159,630,566,124,21,2,19,64,72,48,11,9,2,201,5,82,11,0,0,0,0,0,158,0,0,0,29.0,630.0,31.9,7.6,0.219,0.364,0.29,0.145,0.299,0.213,0.396,0.29,0.299,0.286,0.183,0.383,0.398,0.006,-0.032,-0.009,91.3,18.5,34.3,12.4,44.3,102.087666649,95.389412865,68.6,32.3,49.3,78.8,31.9,48.8,39.5,36.8,30.0,24.1,9.2,7.6,75.8,10.7,18.9,59.1,11.0,47.5,-18.0,27.9,4.54,25.0,42.0,57.0,370.0,79.4,63.6,austin riley,ATL,Austin Riley,ATL,3B,55.8,39.0,63.0,53.0,541.0,29.2,3.40251572327044,0.8587301587301587,114,3B,3B,False,39.0,646.5714285714286,4.468071322604339,-105.57142857142856,-1.0655555993338988,-75.0,False,False,120,True,8.571428571428571,18.095238095238095,45.714285714285715,0.009000000000000008,0.8637515766818019,0.8808756507918686,-1.0203945057071813,0.3956899186574559,0.5656337631201322,-0.6524920883737464,-0.33999999999999986,0.41040521010380204,137,39.0,-98.0,122.0,447.0,419.0,28.6,15.2,75.9,0.947857886137787,593.0,562.0,569.0,76,195,-37.0,-0.32959478989619795,full-time,elite bat speed; elite contact quality
547180,Bryce Harper,2026,1992-10-16,1B,L,Philadelphia Phillies,162,693,577,155,32,3,29,93,87,107,1,7,6,148,8,91,5,0,1,0,109,0,0,0,43,12,33.0,693.0,21.4,15.4,0.269,0.485,0.38,0.216,0.309,0.271,0.481,0.375,0.379,0.383,0.21,0.425,0.431,-0.002,0.004,-0.004,90.0,12.8,37.5,10.3,42.8,101.134831567,94.786960576,73.1,32.4,50.0,80.7,30.7,49.9,39.4,43.5,26.1,25.9,4.6,7.3,74.1,11.2,20.3,45.4,12.0,43.3,33.0,27.2,4.47,38.0,48.0,69.0,437.0,80.0,62.1,bryce harper,PHI,Bryce Harper,PHI,"1B,RF,DH",37.6,30.0,43.0,35.0,741.0,33.7,4.574074074074074,1.0692640692640694,18,1B/OF,1B/OF,False,30.0,651.0,4.472727272727273,90.0,0.10134680134680174,12.0,False,False,1,False,6.060606060606061,25.10822510822511,92.64069264069263,0.0040000000000000036,0.7415402981852264,0.2532266905648189,0.45319269887328906,-0.11972679497522302,0.3226037839647314,-0.2984387523958477,-1.2,-0.05103572953832414,167,18.0,-149.0,109.0,580.0,632.0,20.9,12.3,74.1,1.0060032310579083,640.0,644.0,604.0,32,87,-14.0,-0.33103572953832416,full-time,
679529,Spencer Torkelson,2026,1999-08-26,1B,R,Detroit Tigers,159,612,526,121,28,1,26,66,77,71,10,1,1,194,4,66,4,0,0,0,156,0,0,0,0,1,26.0,612.0,31.7,11.6,0.23,0.435,0.331,0.205,0.306,0.211,0.392,0.337,0.314,0.315,0.182,0.443,0.402,0.019,0.043,0.023,89.5,20.0,40.8,12.2,42.0,100.004777083,94.454666358,65.0,21.5,33.7,79.9,32.4,42.3,47.9,31.5,36.0,25.3,7.1,7.7,73.1,10.0,21.3,25.5,14.7,50.9,7.0,26.5,4.73,34.0,30.0,57.0,336.0,76.5,58.7,spencer torkelson,DET,Spencer Torkelson,DET,1B,180.8,107.0,178.0,129.0,573.0,26.8,3.6037735849056602,0.9362745098039216,98,1B,1B,False,107.0,560.7627118644068,4.015944775657477,12.23728813559319,-0.41217119075181685,9.0,False,False,53,False,0.9803921568627452,25.490196078431374,69.6078431372549,-0.02300000000000002,0.5777046077602527,0.12385222518667123,-0.14946627179009755,-0.6351435086079019,-0.9897581034744333,-0.4945300208520178,0.13999999999999987,-0.48485424887249806,200,98.0,-102.0,-61.0,649.0,634.0,26.0,13.5,73.0,0.8840270887738957,619.0,547.0,530.0,91,328,7.0,-0.34485424887249805,full-time,
683953,Travis Bazzana,2026,2002-08-28,2B,L,Cleveland Guardians,124,517,449,110,22,3,15,56,57,56,7,19,6,107,5,70,8,0,0,0,0,113,0,0,0,11,23.0,517.0,20.7,10.8,0.245,0.408,0.335,0.163,0.286,0.224,0.347,0.328,0.299,0.317,0.123,0.362,0.319,0.021,0.061,0.029,87.6,15.7,30.0,5.2,36.2,98.286642849,93.307251628,65.8,27.3,55.6,86.2,23.2,45.9,38.9,40.6,28.8,20.5,10.1,7.0,69.7,7.7,25.2,12.2,10.5,50.1,4.0,28.3,4.2,26.0,35.0,48.0,347.0,78.4,60.9,travis bazzana,CLE,Travis Bazzana,CLE,"2B,DH",601.3,282.0,966.0,431.0,518.0,23.8,4.17741935483871,1.001934235976789,122,2B,2B,False,282.0,191.0,2.7826193390452874,327.0,1.3948000157934226,160.0,True,False,120,False,22.05029013539652,17.408123791102515,64.99032882011606,-0.029000000000000026,-0.6241266148701565,-0.5647106506698537,0.36731037070206435,0.6902137550189886,-1.2813940784609144,0.0,0.7399999999999999,-0.32776698656696157,188,122.0,-66.0,,,,,,,0.9673546252149288,517.0,500.0,580.0,123,149,-1.0,-0.3477669865669616,full-time,young
673357,Luis Robert Jr.,2026,1997-08-03,OF,R,multi,61,230,204,45,5,0,11,26,26,24,0,2,3,55,2,29,0,0,1,0,0,0,0,0,57,1,28.0,230.0,23.9,10.4,0.221,0.407,0.3,0.186,0.243,0.239,0.418,0.311,0.321,0.317,0.179,0.362,0.378,-0.018,-0.011,-0.01,89.8,15.1,27.2,9.9,40.4,101.990246842,95.216749073,71.6,32.7,50.0,84.0,28.1,50.3,44.4,44.4,27.2,17.9,10.6,7.7,77.3,11.8,18.8,72.9,10.4,54.0,1.0,28.9,4.34,12.0,15.0,18.0,151.0,81.1,65.2,luis robert,multi,Luis Robert Jr.,BAL,"LF,CF",119.2,78.0,109.0,110.0,212.0,28.9,3.4754098360655736,0.9217391304347826,332,OF,OF,False,78.0,560.7627118644068,4.015944775657477,-348.7627118644068,-0.5405349395919035,-254.0,False,False,279,True,5.217391304347826,28.695652173913043,62.60869565217391,0.010000000000000009,0.4750996604051102,1.5849024318106046,-0.13492590354717762,1.1319995095612836,0.6142397589512124,0.6280917350515551,-0.27999999999999975,2.626770492147595,27,78.0,51.0,-261.0,431.0,473.0,26.0,10.3,75.6,1.0108693870587946,270.0,273.0,607.0,280,79,-202.0,-0.37322950785240483,playing-time dependent,elite bat speed; plus speed; needs playing time
680869,Zack Gelof,2026,1999-10-19,3B,R,Athletics,111,435,394,101,16,2,22,76,55,31,7,16,3,107,0,61,9,0,0,0,0,19,70,0,37,2,26.0,435.0,24.6,7.1,0.256,0.475,0.322,0.219,0.298,0.236,0.437,0.346,0.323,0.304,0.201,0.428,0.392,0.02,0.038,0.023,89.7,16.2,29.3,10.8,42.8,100.062189716,94.348921388,67.3,25.3,57.4,75.8,29.2,46.7,39.3,43.4,30.7,18.6,7.2,7.3,73.8,10.7,23.9,32.1,14.5,62.4,12.0,28.8,4.34,30.0,31.0,40.0,290.0,79.8,60.5,zack gelof,ATH,Zack Gelof,ATH,"2B,3B,LF,CF",703.7,294.0,1212.0,471.0,496.0,26.7,4.468468468468468,1.1402298850574712,134,2B/3B/OF,3B/OF,False,294.0,172.67,2.4,323.33000000000004,2.068468468468468,160.0,True,False,120,False,22.06896551724138,30.344827586206897,42.758620689655174,-0.022999999999999965,0.474490025955512,0.8234114079327078,-0.3022468349099685,1.0583685504709024,-0.9897581034744306,0.0,0.16000000000000014,1.0596686792208028,94,134.0,40.0,427.0,101.0,69.0,45.5,12.5,72.1,1.0099391052610112,368.0,372.0,606.0,206,83,-72.0,-0.3803313207791972,full-time,elite bat speed; plus speed; needs playing time
687263,Zach Neto,2026,2001-01-31,SS,R,Los Angeles Angels,157,704,619,148,31,5,27,102,77,70,14,24,12,215,1,85,18,0,0,0,0,0,0,153,0,3,25.0,704.0,30.5,9.9,0.239,0.436,0.33,0.197,0.32,0.216,0.412,0.336,0.318,0.309,0.196,0.44,0.407,0.023,0.024,0.018,89.9,22.8,38.3,11.9,41.6,99.89467408,94.293639279,68.2,36.9,46.0,82.2,32.9,50.3,48.9,30.6,35.6,23.5,10.4,7.1,71.5,7.9,21.3,17.0,20.2,39.9,16.0,27.9,4.39,41.0,36.0,68.0,405.0,74.9,65.1,zach neto,LAA,Zach Neto,LAA,SS,34.0,28.0,28.0,42.0,735.0,25.4,4.681528662420382,1.0440340909090908,20,SS,SS,False,28.0,652.3103448275862,4.5305836139169475,82.68965517241384,0.15094504850343426,8.0,False,False,1,False,20.454545454545453,23.011363636363637,59.65909090909091,-0.018000000000000016,0.5582941126461367,-0.6998722282520453,-0.4604476896153804,0.3956899186574559,-0.7467281243190323,-0.5157715760315171,0.4200000000000003,-0.45429361060885837,196,20.0,-176.0,110.0,554.0,625.0,26.9,14.0,71.4,1.0414905136237727,640.0,667.0,625.0,17,37,3.0,-0.39429361060885837,full-time,
646240,Rafael Devers,2026,1996-10-24,1B,L,San Francisco Giants,148,633,558,144,36,1,37,88,98,69,2,0,0,161,4,70,8,0,0,0,100,0,0,0,0,48,29.0,633.0,25.4,10.9,0.258,0.525,0.34,0.267,0.294,0.238,0.473,0.367,0.342,0.316,0.235,0.462,0.422,0.02,0.052,0.025,93.0,15.0,30.7,12.5,51.6,103.03671575,96.43028802,66.4,30.0,63.2,74.9,29.0,47.3,34.2,40.6,35.2,18.2,6.0,7.5,71.9,13.8,25.6,21.2,9.8,58.4,24.0,26.1,4.6,58.0,39.0,47.0,401.0,68.8,58.7,rafael devers,SF,Rafael Devers,SF,"1B,DH",42.4,32.0,56.0,37.0,686.0,29.7,4.635135135135135,1.0837282780410742,35,1B,1B,False,32.0,649.0,4.468071322604339,37.0,0.16706381253079616,-3.0,False,False,1,False,0.0,35.07109004739337,65.40284360189574,-0.024999999999999967,1.3210783372290362,0.22599327600029795,-0.11024044839922843,-0.929667344969432,-1.086970095136591,-0.24711591176128306,-0.4399999999999999,-0.22576269594413517,180,32.0,-148.0,-85.0,729.0,771.0,26.3,16.0,71.6,0.9742740526117819,640.0,624.0,585.0,41,127,-9.0,-0.40576269594413517,full-time,elite contact quality
687952,Christian Encarnacion-Strand,2026,1999-12-01,3B,R,Baltimore Orioles,58,213,195,54,13,0,11,25,39,11,4,1,1,55,2,30,5,0,0,0,1,0,50,0,0,4,26.0,213.0,25.8,5.2,0.277,0.513,0.325,0.236,0.328,0.248,0.483,0.358,0.332,0.296,0.235,0.462,0.424,0.029,0.03,0.026,89.5,19.1,35.7,14.0,37.8,100.754412535,94.581771761,75.9,46.4,57.6,81.2,28.6,60.0,45.5,35.0,31.5,24.5,9.1,7.4,73.4,8.5,17.8,33.8,14.1,53.7,9.0,26.8,4.61,19.0,16.0,19.0,143.0,80.7,65.6,christian encarnacionstrand,BAL,,,,,,,,231.0,26.6,3.9827586206896552,1.0845070422535212,311,1B/3B,3B,True,339.0,172.67,2.396692273871662,58.33000000000001,1.5860663468179932,28.0,False,False,256,False,2.8169014084507045,30.985915492957748,30.985915492957748,-0.025999999999999968,0.7370874527800686,0.42268088796702435,-0.8673935398543072,-0.4142506313367531,-1.135576090967671,0.0,0.17999999999999972,-0.1913603972876059,176,311.0,135.0,122.0,137.0,109.0,23.4,9.0,73.6,0.9758558347313836,250.0,244.0,586.0,322,123,-11.0,-0.4113603972876059,playing-time dependent,needs playing time
664702,Myles Straw,2026,1994-10-17,OF,R,Toronto Blue Jays,147,330,295,71,19,1,3,44,26,27,1,7,2,44,3,48,0,0,3,0,0,0,0,0,157,2,31.0,330.0,13.3,8.2,0.241,0.342,0.304,0.101,0.271,0.251,0.342,0.288,0.292,0.313,0.092,0.293,0.298,-0.01,0.0,-0.004,86.3,16.8,34.5,2.7,25.6,95.694355242,91.848387984,57.9,23.1,77.8,91.0,12.7,40.8,35.3,40.7,27.5,22.9,8.9,7.0,68.6,6.3,35.0,6.0,7.2,51.9,-7.0,29.7,4.15,12.0,23.0,36.0,258.0,68.3,60.6,myles straw,TOR,,,,,,,,297.0,31.7,2.020408163265306,0.9,263,OF,OF,True,339.0,172.67,2.396692273871662,124.33000000000001,-0.37628411060635614,76.0,False,False,247,False,12.727272727272728,5.454545454545454,49.09090909090909,0.0040000000000000036,-1.4962957456933064,-0.7296800993261278,0.8406728818359769,1.7210471822843465,0.3226037839647314,0.6087512449926948,-0.8399999999999999,-0.7746622419418592,225,263.0,38.0,-19.0,299.0,316.0,16.7,3.9,67.0,0.9479302569172243,324.0,307.0,569.0,245,195,18.0,-0.4146622419418592,playing-time dependent,plus approach; plus speed; needs playing time
806198,Cooper Pratt,2026,2004-08-18,SS,R,Milwaukee Brewers,74,266,228,64,7,2,3,33,34,26,2,19,3,48,7,52,5,0,0,0,0,0,0,74,0,0,21.0,266.0,18.0,9.8,0.281,0.368,0.35,0.087,0.332,0.266,0.362,0.32,0.315,0.342,0.096,0.345,0.341,0.015,0.006,0.005,87.0,9.1,41.1,3.2,27.4,96.569258681,92.330532155,63.1,29.8,60.0,86.9,21.8,46.4,33.2,47.9,21.1,28.9,2.1,7.0,69.9,7.8,26.1,8.5,6.6,39.8,3.0,28.9,4.42,9.0,24.0,31.0,190.0,76.3,59.0,cooper pratt,MIL,,,,,,,,295.0,21.9,3.9864864864864864,1.1090225563909775,266,SS,SS,True,339.0,172.67,2.396692273871662,122.33000000000001,1.5897942126148243,73.0,False,False,250,False,42.857142857142854,6.7669172932330826,58.64661654135338,-0.0050000000000000044,-1.109831002231094,-1.0494027132212251,0.36423463647865945,1.1319995095612836,-0.11485017851499017,0.0,1.1200000000000003,0.004867605735128899,162,266.0,104.0,,,,,,,1.0037501304765708,266.0,267.0,602.0,287,91,-21.0,-0.4151323942648711,playing-time dependent,plus speed; needs playing time; young
668952,Ryan Kreidler,2026,1997-11-12,SS,R,Minnesota Twins,105,267,243,53,9,3,8,33,29,21,2,4,4,61,0,33,4,0,1,0,0,16,7,58,26,0,28.0,267.0,22.8,7.9,0.218,0.379,0.286,0.161,0.259,0.221,0.382,0.293,0.295,0.288,0.162,0.34,0.343,-0.003,-0.003,-0.002,88.3,12.9,26.2,8.2,37.2,99.404474111,93.790732067,75.4,28.3,44.4,79.0,30.4,51.8,41.5,50.3,26.8,14.8,8.2,7.9,73.9,10.9,21.0,39.1,12.4,64.6,-6.0,27.8,4.44,13.0,24.0,16.0,183.0,85.7,61.0,ryan kreidler,MIN,,,,,,,,240.0,28.6,2.2857142857142856,0.898876404494382,301,2B/3B/SS/OF,SS/OF,True,339.0,172.67,2.396692273871662,67.33000000000001,-0.11097798815737647,38.0,False,False,255,False,8.98876404494382,17.97752808988764,47.19101123595505,0.0020000000000000018,-0.17266052294752982,1.0490132046236067,-0.44224428212809813,0.3220589595670747,0.22539179230257103,0.0,-0.2200000000000003,0.3361415448589242,143,301.0,158.0,217.0,44.0,23.0,43.2,4.8,71.0,0.9469122637333526,250.0,237.0,568.0,340,199,-39.0,-0.4438584551410758,playing-time dependent,elite bat speed; needs playing time
807712,Luke Keaschall,2026,2002-08-15,2B,R,Minnesota Twins,152,620,528,149,28,4,10,86,52,59,23,20,7,87,8,107,8,0,1,0,0,76,0,0,81,0,23.0,620.0,14.0,9.5,0.282,0.407,0.374,0.125,0.317,0.25,0.368,0.348,0.321,0.347,0.118,0.351,0.314,0.032,0.039,0.027,85.4,17.9,35.0,3.8,29.1,96.573873378,92.291221351,63.6,22.6,64.6,90.0,16.9,42.6,39.0,37.0,29.7,24.4,8.9,6.7,69.2,6.9,28.0,9.4,10.5,49.9,19.0,28.8,4.25,20.0,53.0,73.0,451.0,72.7,58.3,luke keaschall,MIN,Luke Keaschall,MIN,"2B,CF,RF",112.6,74.0,118.0,101.0,638.0,23.9,4.197368421052632,1.0290322580645161,54,2B/OF,2B/OF,False,74.0,560.7627118644068,4.015944775657477,77.23728813559319,0.18142364539515476,20.0,False,False,40,False,19.35483870967742,9.67741935483871,57.096774193548384,-0.02699999999999997,-1.1454288210338037,-0.6836873255321642,1.0927871279456578,1.0583685504709024,-1.1841820867987514,0.44525482454359494,0.7200000000000003,0.15243038102008855,152,54.0,-98.0,389.0,207.0,249.0,14.0,5.2,67.1,1.0336126299183657,537.0,555.0,620.0,84,45,-30.0,-0.44756961897991143,full-time,plus approach; plus speed; young
641857,Ryan McMahon,2026,1994-12-14,3B,L,New York Yankees,124,360,328,70,14,0,11,33,41,28,2,3,2,106,1,45,9,0,0,0,0,0,122,2,0,0,31.0,360.0,29.4,7.8,0.213,0.357,0.279,0.144,0.278,0.23,0.381,0.282,0.297,0.294,0.152,0.36,0.384,-0.017,-0.024,-0.015,90.5,14.3,32.1,9.0,44.8,101.386570182,95.088092055,62.9,28.2,42.7,82.3,30.2,45.5,41.5,41.1,31.3,23.2,4.5,7.4,74.7,13.1,22.4,49.1,11.1,50.3,-10.0,25.9,4.61,18.0,18.0,34.0,224.0,75.7,61.4,ryan mcmahon,NYY,Ryan McMahon,NYY,3B,343.4,208.0,410.0,346.0,291.0,31.5,2.346774193548387,0.8083333333333333,268,3B,3B,False,208.0,341.7741935483871,3.18680233337683,-50.774193548387075,-0.8400281398284428,-60.0,False,False,250,False,5.0,18.333333333333332,46.666666666666664,0.015000000000000013,0.5273498521633313,0.695779266209962,-0.5634292793740391,-1.0769292631501997,0.8572697381066132,-0.03437503407285272,-0.8,-0.3089986957861592,186,208.0,22.0,-200.0,586.0,491.0,32.3,12.1,74.0,0.8696297885336924,405.0,352.0,522.0,216,348,-8.0,-0.46899869578615916,playing-time dependent,unlucky (xwOBA >> wOBA); needs playing time
677649,Ezequiel Duran,2026,1999-05-22,SS,R,Texas Rangers,153,597,539,140,27,4,17,71,83,46,5,12,4,141,6,92,6,0,2,0,3,37,57,53,53,0,27.0,597.0,23.6,7.7,0.26,0.419,0.32,0.159,0.318,0.243,0.369,0.324,0.3,0.307,0.126,0.389,0.354,0.017,0.05,0.024,89.0,12.0,34.1,6.0,38.8,99.527392222,93.948516937,70.1,35.5,56.4,83.8,26.2,51.8,37.5,46.9,23.0,23.2,6.9,7.2,72.6,9.4,21.4,27.8,7.0,44.1,9.0,28.9,4.28,28.0,53.0,59.0,405.0,74.9,67.8,ezequiel duran,TEX,,,,,,,,605.0,27.1,3.954248366013072,1.0134003350083751,77,1B/2B/3B/SS/OF,2B/3B/SS/OF,True,339.0,172.67,2.396692273871662,432.33000000000004,1.55755609214141,262.0,True,False,42,False,12.06030150753769,17.08542713567839,46.23115577889447,-0.02400000000000002,-0.1928140561439541,-0.19685161341091972,-0.2126777938004588,1.1319995095612836,-1.0383640993055134,1.2426914645302882,0.07999999999999972,0.558875191973113,124,77.0,-47.0,425.0,219.0,180.0,25.1,2.6,71.5,0.9469146860879983,521.0,493.0,568.0,130,199,-53.0,-0.5011248080268871,full-time,skills trending up; plus speed
641487,J.P. Crawford,2026,1995-01-11,SS,L,Seattle Mariners,116,489,412,91,12,0,14,54,40,64,8,1,3,97,3,65,11,0,0,0,0,0,33,85,0,1,31.0,489.0,19.8,13.1,0.221,0.352,0.335,0.131,0.253,0.234,0.359,0.312,0.319,0.345,0.125,0.32,0.33,-0.013,-0.007,-0.007,87.7,13.6,32.8,6.3,34.7,97.972608726,93.060590096,56.3,19.7,66.7,88.3,17.2,38.2,37.5,47.5,22.5,20.9,9.1,7.4,71.3,9.0,28.8,17.8,7.0,45.8,-2.0,26.2,4.59,18.0,39.0,34.0,320.0,72.7,59.6,jp crawford,SEA,J.P. Crawford,SEA,"3B,SS",312.0,192.0,395.0,328.0,394.0,31.5,3.396551724137931,0.8057259713701431,196,3B/SS,3B/SS,False,192.0,377.25,3.18680233337683,16.75,0.20974939076110122,-4.0,False,False,171,False,1.2269938650306749,17.177914110429448,78.52760736196319,0.007000000000000006,-0.5844872217164345,-0.45515839134001795,0.886892385928927,-0.8560363858790508,0.46842177145797187,0.2762822782704999,-0.8,-1.0472823242824174,243,192.0,-51.0,-183.0,654.0,577.0,18.7,4.9,71.0,0.8262852414694343,522.0,431.0,496.0,165,395,27.0,-0.5072823242824174,full-time,plus approach
687551,Drew Gilbert,2026,2000-09-27,OF,L,San Francisco Giants,134,393,340,81,14,3,11,53,43,39,9,3,4,71,3,53,2,0,2,0,0,0,0,0,144,0,25.0,393.0,18.1,9.9,0.238,0.394,0.33,0.156,0.268,0.26,0.4,0.32,0.334,0.349,0.14,0.339,0.359,-0.022,-0.006,-0.014,86.8,14.3,36.5,5.9,37.2,98.388191045,93.199814328,59.6,25.1,52.7,88.7,22.4,41.8,43.4,43.4,20.4,25.5,10.6,7.5,69.7,9.6,28.7,6.3,5.0,42.1,-1.0,27.5,4.35,16.0,23.0,41.0,274.0,68.5,61.6,drew gilbert,SF,,,,,,,,370.0,25.8,2.7611940298507465,0.9414758269720102,213,OF,OF,True,339.0,172.67,2.396692273871662,197.33,0.3645017559790844,126.0,False,False,202,False,4.580152671755725,16.793893129770993,59.541984732824424,0.014000000000000012,-0.34637437676955946,-1.011538374108331,0.4902148765446415,0.10116608229592583,0.8086637422755331,0.0,0.33999999999999986,0.05754791234340256,158,213.0,55.0,276.0,109.0,94.0,18.3,4.9,72.2,0.9258963679124106,336.0,311.0,556.0,242,240,-29.0,-0.5224520876565975,playing-time dependent,unlucky (xwOBA >> wOBA); needs playing time
669016,Brandon Marsh,2026,1997-12-18,OF,L,Philadelphia Phillies,155,568,524,136,20,2,18,71,62,34,2,11,3,142,5,96,2,0,0,0,0,0,0,0,176,0,28.0,568.0,25.0,6.0,0.26,0.408,0.304,0.148,0.32,0.251,0.401,0.308,0.301,0.291,0.151,0.39,0.379,0.009,0.007,0.007,89.2,13.1,40.8,8.0,42.6,99.77357526,94.128250573,69.2,36.3,54.0,87.2,24.9,52.1,38.5,42.1,27.2,26.7,4.1,7.3,71.6,11.2,25.2,16.2,9.8,43.1,-7.0,28.1,4.4,24.0,47.0,65.0,390.0,84.9,58.8,brandon marsh,PHI,Brandon Marsh,PHI,"LF,CF,RF",351.5,214.0,358.0,345.0,550.0,28.5,3.5483870967741935,0.9683098591549296,112,OF,OF,False,214.0,341.7741935483871,3.088741546261319,208.22580645161293,0.4596455505128745,102.0,True,False,120,False,11.619718309859154,19.014084507042252,35.91549295774648,-0.007000000000000006,0.20075578431919727,-0.5613773356238131,-0.4248181354366014,0.5429518368382236,-0.21206217017715048,0.036832986498201575,-0.2,-0.545821245771926,205,112.0,-93.0,107.0,425.0,443.0,25.9,8.4,71.4,0.9486782571785198,539.0,511.0,569.0,112,195,0.0,-0.545821245771926,full-time,
694212,Samuel Basallo,2026,2004-08-13,C,L,Baltimore Orioles,112,399,360,80,10,1,18,40,54,32,4,0,0,106,3,51,1,12,0,63,12,0,0,0,0,34,21.0,399.0,26.6,8.0,0.222,0.406,0.291,0.184,0.259,0.234,0.439,0.303,0.318,0.296,0.205,0.376,0.401,-0.012,-0.033,-0.015,90.4,11.4,30.7,12.1,42.8,102.043554531,95.284916523,69.8,39.9,54.3,79.1,31.5,52.9,43.6,44.7,27.6,22.2,5.4,7.6,74.3,12.9,23.3,44.5,12.0,53.0,-3.0,24.7,4.85,19.0,20.0,41.0,257.0,65.9,60.7,samuel basallo,BAL,Samuel Basallo,BAL,"C,1B,DH",229.0,136.0,159.0,269.0,379.0,21.9,3.3839285714285716,0.949874686716792,208,C/1B,C,False,136.0,425.5,3.7174234694899297,-46.5,-0.3334948980613581,-72.0,False,False,182,False,0.0,27.06766917293233,48.1203007518797,0.015000000000000013,0.8059456602367697,0.6855012818002627,-0.8497424639432175,-1.9605007722347925,0.8572697381066132,0.0,1.1200000000000003,1.2511492565654643,80,136.0,56.0,283.0,118.0,96.0,25.4,8.9,75.5,0.9770668775215082,343.0,335.0,586.0,226,123,-90.0,-0.5488507434345358,playing-time dependent,unlucky (xwOBA >> wOBA); elite contact quality; needs playing time; young
660821,Jesús Sánchez,2026,1997-10-07,DH,L,multi,105,315,284,72,18,0,8,24,35,18,8,1,2,75,5,46,3,0,0,0,0,0,0,0,87,19,28.0,315.0,23.8,5.7,0.254,0.401,0.311,0.147,0.311,0.255,0.419,0.311,0.321,0.313,0.164,0.374,0.388,-0.001,-0.018,-0.01,90.7,10.9,32.2,10.8,45.3,101.621661682,95.111932864,71.3,38.0,59.4,79.8,28.1,53.3,31.8,44.4,27.1,22.0,6.5,6.8,73.5,12.1,22.6,43.3,7.0,50.5,-4.0,26.4,4.57,17.0,24.0,31.0,214.0,78.9,64.6,jesus sanchez,multi,Jesus Sanchez,TOR,"LF,CF,RF,DH",353.0,215.0,340.0,366.0,271.0,28.7,2.580952380952381,0.8603174603174604,280,OF,OF,False,215.0,341.7741935483871,3.088741546261319,-70.77419354838707,-0.5077891653089379,-65.0,False,False,250,False,1.9047619047619047,15.238095238095237,34.285714285714285,0.010000000000000009,0.6997866415496236,0.4552233821990244,-0.7496265823854241,-0.7087744676982858,0.6142397589512124,-0.461970359339725,-0.23999999999999988,-0.15476088246850656,175,215.0,40.0,-205.0,497.0,476.0,22.1,11.1,75.8,0.9212379039356823,351.0,323.0,553.0,235,253,-20.0,-0.5547608824685066,playing-time dependent,needs playing time
687221,Dalton Rushing,2026,2001-02-21,C,L,Los Angeles Dodgers,80,253,224,55,12,0,12,37,36,23,5,0,0,74,1,31,1,10,0,59,9,0,0,0,0,7,25.0,253.0,29.2,9.1,0.246,0.46,0.328,0.214,0.309,0.249,0.426,0.344,0.336,0.334,0.177,0.446,0.428,-0.003,0.034,0.008,89.5,18.6,35.8,11.9,43.7,101.8105508,95.071908725,69.7,30.4,50.7,76.7,31.8,49.1,45.7,32.5,27.8,31.1,8.6,7.5,72.4,12.5,21.6,15.1,12.7,54.7,4.0,27.4,4.45,13.0,11.0,31.0,151.0,80.7,63.6,dalton rushing,LAD,Dalton Rushing,LAD,"C,1B,DH",462.7,265.0,442.0,476.0,278.0,25.4,3.475,1.098814229249012,272,C,C,False,265.0,223.9,2.840653659676383,54.099999999999994,0.6343463403236171,-7.0,False,False,250,False,0.0,28.458498023715414,54.54545454545455,-0.007999999999999952,0.9271656460255725,0.026273789919991058,-0.59675562093308,0.02753512320554201,-0.26066816600822795,0.29101050051275423,0.4200000000000003,1.0209956267489788,99,265.0,166.0,138.0,155.0,140.0,37.4,14.0,73.1,0.9372119027878743,250.0,234.0,562.0,345,217,-80.0,-0.5790043732510213,playing-time dependent,elite contact quality; needs playing time
672724,Oswald Peraza,2026,2000-06-15,2B,R,Los Angeles Angels,123,370,341,77,12,2,7,33,25,17,10,12,2,111,1,56,4,0,0,0,1,73,32,13,0,5,26.0,370.0,30.0,4.6,0.226,0.334,0.282,0.108,0.313,0.224,0.33,0.276,0.272,0.281,0.106,0.357,0.352,0.002,0.004,0.004,87.5,9.2,32.3,6.1,36.2,99.402264159,93.746132667,74.1,38.6,47.8,82.4,30.4,55.4,34.5,51.3,20.3,23.7,4.7,7.6,72.5,8.2,18.6,27.4,5.7,46.1,-10.0,28.6,4.39,8.0,33.0,36.0,232.0,79.0,64.1,oswald peraza,LAA,,,,,,,,308.0,26.0,2.5040650406504064,0.8324324324324325,253,2B/3B/SS,2B/3B,True,339.0,172.67,2.396692273871662,135.33,0.1073727667787443,86.0,False,False,243,False,19.45945945945946,11.351351351351353,27.56756756756757,-0.0040000000000000036,-0.2937066836089086,-0.12921952069662876,-1.0512546833199654,0.9111066322901374,-0.06624418268391,-0.29030733549778026,0.30000000000000004,-0.6743616134415759,216,253.0,37.0,126.0,265.0,182.0,30.2,6.7,73.6,0.8737657615532537,349.0,305.0,524.0,249,344,4.0,-0.5943616134415759,playing-time dependent,plus speed; needs playing time
669364,Xavier Edwards,2026,1999-08-09,2B,S,Miami Marlins,142,595,518,145,17,6,6,61,52,68,0,21,5,83,6,116,7,0,0,0,0,138,0,0,0,2,26.0,595.0,13.9,11.4,0.28,0.371,0.36,0.091,0.32,0.258,0.356,0.325,0.311,0.337,0.098,0.332,0.312,0.022,0.015,0.014,86.8,9.4,36.3,3.2,28.4,96.430260463,92.25030956,65.5,24.4,66.0,89.3,17.6,43.8,28.6,48.2,22.7,24.8,4.3,6.5,68.3,6.5,32.7,2.4,5.6,44.7,1.0,28.3,4.22,12.0,66.0,67.0,444.0,74.9,57.7,xavier edwards,MIA,Xavier Edwards,MIA,"2B,SS",158.0,94.0,171.0,163.0,574.0,26.9,4.042253521126761,0.9647058823529412,97,2B/SS,2B,False,94.0,560.7627118644068,4.015944775657477,13.23728813559319,0.026308745469283856,-3.0,False,False,53,False,21.176470588235293,6.050420168067228,68.57142857142857,-0.014000000000000012,-1.230249675937841,-1.1412250482854644,0.8846674266740834,0.6902137550189886,-0.5523041409947117,0.6836624932588222,0.12000000000000029,-0.7209662151901213,220,94.0,-126.0,-24.0,619.0,598.0,14.2,0.8,66.9,0.9167654200526812,600.0,550.0,550.0,88,266,6.0,-0.6009662151901213,full-time,plus approach
573262,Mike Yastrzemski,2026,1990-08-23,OF,L,Atlanta Braves,139,408,361,81,18,1,12,51,41,41,4,1,0,98,2,50,3,0,5,0,0,0,0,0,134,4,35.0,408.0,24.0,10.0,0.224,0.38,0.309,0.156,0.273,0.235,0.368,0.306,0.309,0.32,0.133,0.352,0.356,-0.011,0.012,-0.003,90.4,16.2,31.3,6.8,43.0,99.641426412,94.32237855,59.5,26.4,60.1,84.4,23.2,42.6,44.5,39.2,29.8,23.8,7.2,7.5,71.3,10.2,27.7,8.2,11.4,64.0,-5.0,27.1,4.41,21.0,26.0,34.0,265.0,63.9,58.1,mike yastrzemski,ATL,Mike Yastrzemski,ATL,"LF,CF,RF",361.8,221.0,409.0,361.0,365.0,35.9,2.6258992805755397,0.8946078431372549,216,OF,OF,False,221.0,341.7741935483871,3.088741546261319,23.225806451612925,-0.46284226568577935,5.0,False,False,202,False,1.4705882352941175,17.647058823529413,60.294117647058826,0.0030000000000000027,0.015177885498042082,0.17586310037382172,0.08110786236179773,-0.19335775406560424,0.2739977881336512,-0.24619586020735054,-1.2,-1.1364207705717326,250,216.0,-34.0,-168.0,558.0,533.0,19.4,8.5,71.1,0.8927630215685206,438.0,391.0,536.0,190,310,26.0,-0.6164207705717326,full-time,needs playing time
691176,Jasson Domínguez,2026,2003-02-07,OF,S,New York Yankees,57,222,209,47,12,0,6,22,14,10,2,8,1,48,0,29,3,0,1,0,0,0,0,0,47,10,23.0,222.0,21.6,4.5,0.225,0.368,0.267,0.143,0.265,0.25,0.364,0.279,0.289,0.29,0.115,0.331,0.344,-0.025,0.004,-0.01,88.1,15.5,30.4,5.6,39.1,100.452019875,94.3967335,70.5,34.4,59.9,84.4,24.8,50.7,47.2,42.9,22.4,24.2,10.6,7.8,74.5,11.4,22.1,42.0,7.2,52.1,-6.0,28.8,4.27,7.0,20.0,20.0,161.0,72.1,65.8,jasson dominguez,NYY,Jasson Dominguez,NYY,"LF,CF,RF,DH",292.2,177.0,265.0,273.0,195.0,23.4,3.4210526315789473,0.8783783783783784,344,OF,OF,False,177.0,379.45454545454544,3.206730769230769,-184.45454545454544,0.21432186234817818,-167.0,False,False,280,True,21.62162162162162,16.216216216216218,27.027027027027025,0.009999999999999953,-0.15906482729281463,0.6298411274527209,-0.44176998806896023,1.0583685504709024,0.6142397589512097,-0.021743469962527295,0.8200000000000003,1.6219850794841668,67,177.0,110.0,-271.0,429.0,466.0,26.8,7.0,74.0,1.0125949422185185,263.0,266.0,608.0,289,76,-112.0,-0.6180149205158334,playing-time dependent,plus speed; needs playing time; young
660670,Ronald Acuña Jr.,2026,1997-12-18,OF,R,Atlanta Braves,107,469,408,104,18,1,20,61,55,53,5,21,8,103,3,65,1,0,6,0,0,0,0,0,93,14,28.0,469.0,22.0,11.3,0.255,0.451,0.345,0.196,0.292,0.261,0.495,0.348,0.366,0.349,0.235,0.4,0.428,-0.006,-0.044,-0.018,89.6,15.7,34.7,13.0,43.5,102.06326039,95.280739838,75.6,28.6,57.0,77.7,29.0,49.4,37.0,41.2,27.9,23.1,7.8,7.6,75.7,12.5,20.4,58.6,11.1,54.5,14.0,27.1,4.47,28.0,32.0,44.0,308.0,82.4,62.5,ronald acuna,ATL,Ronald Acuna Jr.,ATL,"RF,DH",6.6,6.0,6.0,7.0,536.0,28.5,5.009345794392523,1.1428571428571428,116,OF,OF,False,6.0,652.3103448275862,4.789578477078477,-116.31034482758616,0.2197673173140462,-110.0,False,False,120,True,26.865671641791042,25.586353944562898,67.80383795309169,0.018000000000000016,1.015852617167481,1.1643534133254574,0.01240845622679776,-0.19335775406560424,1.0030877255998536,-0.5246534770425898,-0.2,1.7097988973168545,62,6.0,-56.0,38.0,412.0,498.0,24.8,15.7,76.4,1.0911152493773824,458.0,500.0,655.0,123,17,-117.0,-0.6302011026831453,full-time,unlucky (xwOBA >> wOBA); elite bat speed; elite contact quality
650489,Willi Castro,2026,1997-04-24,2B,S,Colorado Rockies,120,477,427,111,20,1,15,65,56,41,6,10,6,129,3,75,12,0,1,0,11,73,47,25,9,0,29.0,477.0,27.0,8.6,0.26,0.417,0.331,0.157,0.336,0.236,0.39,0.33,0.309,0.311,0.154,0.413,0.38,0.024,0.027,0.021,87.6,17.7,31.9,8.0,39.9,100.348595338,94.260288576,73.4,37.7,50.8,81.1,30.8,53.6,44.5,38.9,31.2,23.3,6.6,7.3,72.8,8.9,17.6,27.8,9.3,46.7,2.0,28.1,4.27,30.0,35.0,45.0,301.0,85.4,65.0,willi castro,COL,Willi Castro,COL,"1B,2B,3B,SS,LF,RF",287.2,171.0,285.0,285.0,477.0,29.2,3.975,1.0,144,1B/2B/3B/SS/OF,2B/3B/SS,False,171.0,379.45454545454544,3.4177922682813224,97.54545454545456,0.5572077317186777,27.0,True,False,120,False,12.578616352201259,18.867924528301888,51.57232704402516,-0.02100000000000002,0.17791472049359724,-0.0583851693569112,-0.6173843327554085,0.5429518368382236,-0.892546111812273,0.5377483508413081,-0.33999999999999986,-0.44039828044668605,194,144.0,-50.0,69.0,454.0,408.0,24.4,6.5,71.6,0.9493885916884962,472.0,448.0,570.0,155,190,-11.0,-0.660398280446686,full-time,
681393,Connor Norby,2026,2000-06-08,2B,R,multi,105,383,329,80,23,0,7,36,34,40,11,10,3,108,3,50,7,0,0,0,47,27,21,0,0,14,26.0,383.0,28.2,10.4,0.243,0.377,0.342,0.134,0.336,0.22,0.367,0.323,0.31,0.323,0.147,0.392,0.369,0.023,0.01,0.013,87.4,18.8,35.3,7.6,36.2,97.877602857,93.052188969,75.4,28.1,46.8,80.9,29.0,50.6,41.1,36.6,37.1,20.5,5.8,7.0,70.7,7.3,20.8,9.7,16.5,42.1,-1.0,28.0,4.53,26.0,24.0,30.0,224.0,85.7,64.5,connor norby,multi,Connor Norby,COL,"1B,2B,3B,DH",387.0,235.0,383.0,391.0,348.0,26.1,3.3142857142857145,0.9086161879895561,221,1B/2B/3B,1B/2B/3B,False,235.0,341.7741935483871,3.088741546261319,6.225806451612925,0.22554416802439547,14.0,False,False,206,False,15.665796344647518,10.966057441253264,62.66318537859007,-0.013000000000000012,-0.2783125706446023,-0.8278256203808954,-0.2800478366289927,0.4693208777478397,-0.5036981451636315,0.1932049884320295,0.27999999999999975,-0.7015025557858923,218,221.0,3.0,34.0,337.0,314.0,26.7,9.4,69.3,0.9189763137448337,374.0,344.0,551.0,220,261,1.0,-0.6815025557858923,playing-time dependent,needs playing time
665750,Leody Taveras,2026,1998-09-08,OF,S,Baltimore Orioles,139,482,429,94,18,6,8,58,56,41,1,11,4,124,2,62,6,0,4,0,0,0,1,0,148,0,27.0,482.0,25.7,8.5,0.219,0.345,0.288,0.126,0.288,0.214,0.32,0.282,0.273,0.286,0.106,0.338,0.325,0.005,0.025,0.009,88.0,16.1,28.8,4.1,32.6,98.966147671,93.538008356,67.5,32.0,56.8,86.0,24.3,48.5,36.7,42.7,25.6,23.4,8.2,7.4,73.0,8.5,20.7,29.2,6.6,39.6,-12.0,28.9,4.24,14.0,38.0,42.0,316.0,82.9,65.6,leody taveras,BAL,,,,,,,,433.0,27.8,3.115107913669065,0.8983402489626556,177,OF,OF,True,339.0,172.67,2.396692273871662,260.33000000000004,0.7184156397974029,162.0,False,False,132,False,13.692946058091286,9.95850622406639,51.03734439834025,-0.008999999999999952,-0.7101867756181058,-0.31846486435902543,-0.27040740628780097,1.1319995095612836,-0.3092741618393081,0.4133415592982907,-0.060000000000000143,-0.49047213526852,201,177.0,-24.0,282.0,180.0,151.0,27.8,6.4,71.2,0.9340674774716384,422.0,394.0,560.0,189,225,-12.0,-0.73047213526852,full-time,plus speed
672515,Gabriel Moreno,2026,2000-02-14,C,R,Arizona Diamondbacks,130,549,473,147,33,1,16,72,83,61,5,6,4,80,10,97,3,14,0,104,0,0,1,0,0,25,26.0,549.0,14.6,11.1,0.311,0.486,0.388,0.175,0.339,0.289,0.451,0.38,0.363,0.372,0.162,0.403,0.38,0.022,0.035,0.017,89.3,12.9,36.2,7.7,42.2,99.899212438,94.093065075,55.2,28.7,75.1,90.4,15.5,41.1,35.2,41.9,25.3,26.6,6.2,7.1,71.7,12.4,28.3,22.7,8.5,41.5,24.0,26.2,4.49,24.0,46.0,76.0,403.0,58.6,59.9,gabriel moreno,ARI,Gabriel Moreno,ARI,"C,DH",215.8,128.0,170.0,314.0,641.0,26.4,4.930769230769231,1.1675774134790529,52,C,C,False,128.0,449.0,3.7174234694899297,192.0,1.2133457612793013,76.0,True,True,40,False,6.557377049180328,17.48633879781421,66.66666666666666,-0.017000000000000015,0.18691680378117737,-0.5094633634073128,1.113079407703316,-0.8560363858790508,-0.6981221284879522,0.527802014591369,0.2200000000000003,0.4784010907632053,131,52.0,-79.0,303.0,309.0,338.0,17.2,7.1,70.9,1.0141632596807781,501.0,508.0,608.0,114,76,-62.0,-0.7615989092367947,full-time,plus approach
592450,Aaron Judge,2026,1992-04-26,OF,R,New York Yankees,66,285,237,57,10,0,18,45,41,43,2,5,3,85,1,29,0,0,3,0,0,0,0,0,59,7,34.0,285.0,29.8,15.1,0.241,0.511,0.36,0.27,0.289,0.258,0.569,0.372,0.396,0.364,0.311,0.492,0.537,-0.017,-0.058,-0.024,94.0,15.0,34.0,20.9,57.5,105.082238571,97.706457908,64.0,26.4,45.8,78.0,32.8,43.3,43.1,37.9,32.7,22.9,6.5,8.1,76.1,14.0,21.5,63.9,12.3,50.6,17.0,26.7,4.84,21.0,12.0,24.0,153.0,73.8,57.4,aaron judge,NYY,Aaron Judge,NYY,"LF,CF,RF,DH",1.8,2.0,2.0,2.0,330.0,34.2,5.0,1.1578947368421053,230,OF,OF,False,2.0,652.3103448275862,4.843093093093094,-322.31034482758616,0.15690690690690623,-228.0,False,False,237,True,10.526315789473683,37.89473684210527,90.52631578947368,0.02400000000000002,2.8006092062039474,1.1341480515936815,0.020179405337971874,-0.4878815904271369,1.2947237005863348,-0.8571285870228855,-1.2,2.226929413715122,38,2.0,-36.0,-640.0,679.0,970.0,23.6,24.8,76.9,1.1010305377130245,364.0,401.0,661.0,184,14,-182.0,-0.7730705862848781,playing-time dependent,unlucky (xwOBA >> wOBA); elite bat speed; elite contact quality; needs playing time
681508,Mickey Gasper,2026,1995-10-11,DH,S,Boston Red Sox,67,225,191,48,9,1,10,26,24,27,5,0,1,39,1,28,1,3,0,15,10,0,0,0,0,33,30.0,225.0,17.3,12.0,0.251,0.466,0.357,0.215,0.266,0.249,0.444,0.361,0.353,0.357,0.196,0.382,0.37,0.002,0.022,0.008,88.9,15.9,31.8,10.4,37.7,99.00274974,93.70203817,57.8,21.0,52.6,93.6,18.1,38.5,44.2,42.2,31.2,20.1,6.5,6.6,72.0,12.5,32.2,14.2,12.7,58.4,8.0,26.7,4.45,15.0,16.0,17.0,154.0,64.1,56.4,mickey gasper,BOS,,,,,,,,224.0,30.7,3.343283582089552,0.9955555555555555,318,C/1B/2B,UT,True,339.0,172.67,2.396692273871662,51.33000000000001,0.9465913082178901,21.0,False,False,258,False,0.0,26.666666666666668,72.0,-0.008000000000000007,0.06791781841331096,0.12145630984158962,1.1369602501908609,-0.4878815904271369,-0.2606681660082307,0.0,-0.6399999999999999,-0.0025446397800349407,163,318.0,155.0,139.0,110.0,85.0,18.2,1.3,70.6,0.9156516867197715,250.0,229.0,549.0,358,270,-40.0,-0.802544639780035,playing-time dependent,plus approach; needs playing time
678218,Brandon Valenzuela,2026,2000-10-02,C,S,Toronto Blue Jays,91,271,239,54,9,0,9,29,24,29,1,2,0,69,1,36,10,19,0,84,5,0,0,0,0,2,25.0,271.0,25.5,10.7,0.226,0.377,0.311,0.151,0.278,0.24,0.377,0.307,0.313,0.324,0.137,0.362,0.371,-0.014,0.0,-0.006,88.4,14.5,37.8,7.0,38.4,99.463470941,93.870578639,71.4,28.5,47.5,85.5,25.8,49.4,43.0,41.9,23.8,26.2,8.1,7.9,72.6,9.0,19.7,22.0,9.0,50.9,-4.0,25.6,4.72,12.0,14.0,28.0,172.0,77.4,63.8,brandon valenzuela,TOR,,,,,,,,261.0,25.7,2.868131868131868,0.9630996309963099,287,C,C,True,339.0,172.67,2.396692273871662,88.33000000000001,0.4714395942602061,52.0,False,False,250,False,4.428044280442804,19.926199261992622,64.20664206642066,0.006000000000000005,-0.06887719826859334,0.0018548626612894992,0.0016380523138961416,-1.297822140421346,0.4198157756268917,0.0,0.36000000000000015,-0.14526069443443107,174,287.0,113.0,,,,,,,0.9056309087337424,271.0,245.0,543.0,320,290,-33.0,-0.8052606944344312,playing-time dependent,needs playing time
664023,Ian Happ,2026,1994-08-12,OF,S,Chicago Cubs,156,636,546,119,28,3,24,89,68,81,7,4,1,189,1,64,1,0,9,0,0,0,0,0,150,5,31.0,636.0,29.7,12.7,0.218,0.412,0.326,0.194,0.284,0.208,0.39,0.325,0.313,0.313,0.183,0.409,0.387,0.01,0.022,0.012,89.3,14.2,31.8,11.1,42.2,100.488835922,94.517880196,65.0,23.9,48.7,78.1,30.3,43.6,45.7,41.5,31.2,20.9,6.4,6.9,71.8,9.8,20.6,17.9,11.1,46.0,2.0,28.0,4.37,33.0,33.0,52.0,359.0,72.5,57.3,ian happ,CHC,Ian Happ,CHC,"LF,DH",146.8,89.0,173.0,105.0,618.0,31.9,3.9615384615384617,0.9716981132075472,68,OF,OF,False,89.0,560.7627118644068,4.015944775657477,57.23728813559319,-0.05440631411901542,21.0,False,False,41,False,3.7735849056603774,22.641509433962263,76.41509433962264,-0.01200000000000001,0.4945074306689797,-0.38139319497020335,-0.16478340969864827,0.4693208777478397,-0.4550921493325513,-0.3315900330070014,-0.8799999999999998,-1.0367031833802658,239,68.0,-171.0,-41.0,663.0,659.0,22.8,10.4,71.6,0.9334450691295684,640.0,597.0,560.0,60,225,8.0,-0.8767031833802658,full-time,
805300,Jakob Marsee,2026,2001-06-28,OF,L,Miami Marlins,155,616,516,119,19,7,11,83,41,78,15,23,12,126,1,82,0,0,5,0,0,0,0,0,150,2,25.0,616.0,20.5,12.7,0.231,0.359,0.348,0.128,0.284,0.233,0.334,0.321,0.314,0.349,0.101,0.334,0.323,-0.002,0.025,0.007,87.3,18.1,33.5,3.8,34.5,97.82960178,92.989467585,60.1,22.2,56.1,91.9,18.0,40.9,40.3,37.0,22.7,28.7,11.6,6.7,70.2,8.8,28.5,5.8,6.9,45.6,2.0,27.9,4.38,17.0,36.0,63.0,397.0,78.3,59.8,jakob marsee,MIA,Jakob Marsee,MIA,"LF,CF",139.6,85.0,139.0,109.0,600.0,25.0,3.870967741935484,0.974025974025974,82,OF,OF,False,85.0,560.7627118644068,4.015944775657477,39.23728813559319,-0.1449770337219931,3.0,False,False,42,False,22.4025974025974,10.714285714285714,75.97402597402596,-0.007000000000000006,-0.7956085534417928,-0.8042568614040738,0.9251179544023321,0.3956899186574559,-0.21206217017715048,-0.6539314820311626,0.5,-0.6035974709763183,209,82.0,-127.0,311.0,234.0,289.0,20.5,8.1,70.5,1.001795395393995,540.0,541.0,601.0,96,94,-14.0,-0.8835974709763184,full-time,plus approach; young
694208,Moisés Ballesteros,2026,2003-11-08,DH,L,multi,104,352,317,68,10,0,9,26,35,30,1,1,1,82,4,49,2,4,0,29,7,0,0,0,0,65,22.0,352.0,23.3,8.5,0.215,0.331,0.281,0.116,0.257,0.224,0.361,0.274,0.29,0.291,0.137,0.312,0.336,-0.009,-0.03,-0.016,90.1,10.7,31.0,8.4,45.2,100.76211605,94.800704599,69.4,37.1,55.2,83.0,28.5,51.1,36.4,46.9,26.4,21.8,5.0,7.1,72.2,11.5,24.7,29.0,7.3,50.0,-13.0,25.0,4.7,10.0,27.0,31.0,239.0,76.4,61.4,moises ballesteros,multi,Moises Ballesteros,LAA,"C,DH",359.3,219.0,371.0,384.0,274.0,22.6,2.6346153846153846,0.7784090909090909,276,C/1B,C,False,219.0,341.7741935483871,3.088741546261319,-67.77419354838707,-0.45412616164593445,-57.0,False,False,250,False,1.7045454545454546,15.340909090909092,51.13636363636363,0.01599999999999996,0.20848206562620872,0.029204264152620108,-0.568992520382917,-1.7396078949636435,0.9058757339376906,0.0,0.9799999999999998,0.3667747929405092,140,219.0,79.0,198.0,66.0,76.0,18.2,6.7,72.5,0.9234335685540384,295.0,272.0,554.0,282,249,-63.0,-0.8932252070594908,playing-time dependent,unlucky (xwOBA >> wOBA); needs playing time; young
663538,Nico Hoerner,2026,1997-05-13,2B,R,Chicago Cubs,159,689,628,165,29,1,8,62,72,43,10,23,5,58,8,127,8,0,0,0,0,120,0,44,0,0,29.0,689.0,8.4,6.2,0.263,0.35,0.316,0.087,0.275,0.297,0.375,0.297,0.322,0.35,0.078,0.29,0.319,-0.034,-0.025,-0.025,85.9,12.0,36.7,1.4,29.1,96.122758049,92.086339791,61.7,33.7,75.5,95.1,11.8,47.7,31.7,43.4,20.8,28.2,7.6,7.3,68.3,6.7,35.4,1.5,5.5,45.4,-9.0,28.3,4.36,17.0,55.0,92.0,578.0,67.9,62.7,nico hoerner,CHC,Nico Hoerner,CHC,"2B,SS",90.0,62.0,96.0,86.0,633.0,29.1,3.981132075471698,0.918722786647315,56,2B/SS,2B/SS,False,62.0,560.7627118644068,4.0964912280701755,72.23728813559319,-0.11535915259847762,6.0,False,False,40,False,20.029027576197386,6.966618287373004,37.4455732946299,0.025000000000000022,-1.3187656379908668,-1.1258427174531151,0.7057471233245162,0.6902137550189886,1.3433296964174148,-0.07503877643159987,-0.3200000000000003,-0.9933446901928142,236,56.0,-180.0,-60.0,649.0,693.0,7.6,2.4,68.4,0.9537291531014589,640.0,610.0,572.0,51,178,5.0,-0.8933446901928143,full-time,unlucky (xwOBA >> wOBA)
676724,Jared Young,2026,1995-07-09,1B,L,New York Mets,103,342,308,82,17,3,9,46,39,25,6,3,1,63,3,53,5,0,1,0,84,0,0,0,8,9,30.0,342.0,18.4,7.3,0.266,0.429,0.33,0.163,0.305,0.25,0.4,0.332,0.321,0.32,0.15,0.37,0.354,0.016,0.029,0.011,90.4,11.7,30.2,7.7,46.8,101.896708525,95.331303402,70.2,27.5,60.5,82.3,24.4,47.4,42.7,48.0,23.4,21.8,6.9,7.2,73.1,14.6,27.1,32.5,7.8,58.9,5.0,27.5,4.37,17.0,35.0,30.0,248.0,80.2,54.4,jared young,NYM,,,,,,,,336.0,31.0,3.262135922330097,0.9824561403508771,227,1B/OF,1B,True,339.0,172.67,2.396692273871662,163.33,0.8654436484584349,112.0,False,False,237,False,5.263157894736842,15.789473684210526,43.859649122807014,-0.01100000000000001,0.42130975134585913,0.5890994398628323,0.07659093134608963,0.10116608229592583,-0.40648615350147116,0.0,-0.7000000000000001,0.06791749414977788,156,227.0,71.0,293.0,47.0,43.0,34.0,14.3,74.0,0.972414168580219,283.0,275.0,583.0,276,136,-49.0,-0.9120825058502221,playing-time dependent,needs playing time
672695,Geraldo Perdomo,2026,1999-10-22,SS,S,Arizona Diamondbacks,157,680,562,147,20,9,9,75,59,96,5,21,10,86,8,109,8,0,0,0,0,0,0,157,0,0,26.0,680.0,12.6,14.1,0.262,0.377,0.37,0.115,0.291,0.26,0.355,0.336,0.333,0.373,0.095,0.32,0.315,0.002,0.022,0.003,87.6,14.7,36.5,3.1,31.9,96.798958983,92.48396053,56.5,20.9,75.8,92.7,11.8,38.8,42.6,41.6,25.4,28.4,4.7,7.0,67.3,7.2,34.6,1.7,8.3,50.5,11.0,27.0,4.5,18.0,46.0,83.0,493.0,62.8,57.8,geraldo perdomo,ARI,Geraldo Perdomo,ARI,SS,60.8,42.0,73.0,56.0,649.0,26.7,4.13375796178344,0.9544117647058824,48,SS,SS,False,42.0,598.2727272727273,4.468071322604339,50.72727272727275,-0.33431336082089924,-6.0,False,False,33,False,18.529411764705884,7.9411764705882355,84.70588235294117,-0.0030000000000000027,-1.0698535870250363,-1.0274029274540455,1.565507935598098,-0.26698871315598804,-0.01763818685282983,-0.4170152201223103,0.16000000000000014,-0.9613496960131385,233,42.0,-191.0,-165.0,720.0,814.0,11.5,6.2,68.2,0.9800737199377432,640.0,627.0,588.0,40,118,2.0,-0.9213496960131384,full-time,plus approach
666018,Jonathan Aranda,2026,1998-05-23,1B,L,Tampa Bay Rays,155,668,580,159,27,0,22,73,92,69,11,0,1,163,8,110,7,0,0,0,148,0,0,0,0,6,28.0,668.0,24.4,10.3,0.274,0.434,0.358,0.16,0.34,0.254,0.438,0.348,0.343,0.341,0.184,0.417,0.407,0.02,-0.004,0.005,91.1,14.4,38.8,9.9,46.0,100.602724528,94.760901038,66.2,29.0,69.2,81.8,22.5,46.7,30.1,37.2,31.3,27.5,4.0,7.1,70.3,11.1,27.4,12.9,8.3,52.9,17.0,25.7,4.56,38.0,39.0,82.0,425.0,73.5,64.8,jonathan aranda,TB,Jonathan Aranda,TB,"1B,DH",208.2,124.0,181.0,175.0,649.0,28.1,4.187096774193549,0.9715568862275449,48,1B,1B,False,124.0,452.0,3.7174234694899297,197.0,0.469673304703619,76.0,True,True,33,False,0.0,19.76047904191617,61.97604790419162,-0.004999999999999949,0.6503685082312907,-0.35510999310657315,0.22557310592375923,-1.2241911813309647,-0.11485017851498748,-0.5275132148093312,-0.12000000000000029,-0.6319397481857947,211,48.0,-163.0,192.0,422.0,457.0,25.4,12.9,70.5,0.9462557518191138,619.0,586.0,568.0,63,199,-15.0,-0.9319397481857947,full-time,
693304,Nick Gonzales,2026,1999-05-27,3B,R,Pittsburgh Pirates,148,608,551,167,27,1,6,72,61,43,13,7,3,99,1,133,15,0,0,0,0,37,112,4,0,9,27.0,608.0,16.3,7.1,0.303,0.388,0.367,0.085,0.36,0.282,0.386,0.339,0.327,0.348,0.105,0.367,0.351,0.021,0.002,0.012,86.4,7.8,34.4,3.1,34.0,97.617289778,92.87303882,75.7,31.2,59.1,85.4,22.7,52.5,36.0,51.7,21.6,23.8,2.9,7.4,70.8,8.1,24.7,12.0,8.8,47.5,8.0,28.8,4.32,21.0,74.0,72.0,453.0,82.8,60.4,nick gonzales,PIT,Nick Gonzales,PIT,"2B,3B,SS,DH",824.0,324.0,1152.0,496.0,576.0,27.1,3.891891891891892,0.9473684210526315,96,2B/3B,2B/3B,False,324.0,172.67,2.396692273871662,403.33000000000004,1.49519961802023,228.0,True,False,53,False,6.907894736842105,5.921052631578947,42.43421052631579,-0.01200000000000001,-0.7442098531230233,-0.5417123780764662,0.2080467326977801,1.0583685504709024,-0.4550921493325513,-0.028895971161345416,0.07999999999999972,-0.6344928649588716,212,96.0,-116.0,256.0,408.0,320.0,17.9,4.5,70.5,0.9008331727991535,568.0,512.0,540.0,111,298,-15.0,-0.9344928649588715,full-time,plus speed
668901,Mark Vientos,2026,1999-12-11,1B,R,New York Mets,87,295,274,58,11,0,13,28,41,15,3,0,0,71,3,34,8,0,0,0,67,0,3,0,0,14,26.0,295.0,24.1,5.1,0.212,0.394,0.258,0.182,0.233,0.231,0.433,0.283,0.304,0.276,0.202,0.344,0.374,-0.019,-0.039,-0.021,89.8,14.6,31.1,9.7,43.7,100.784554369,94.654892913,74.4,35.2,48.0,79.7,31.1,53.9,37.4,43.7,29.6,17.5,9.2,7.5,73.7,13.2,23.6,34.5,13.1,62.0,-9.0,25.8,4.77,17.0,21.0,19.0,206.0,77.9,61.0,mark vientos,NYM,Mark Vientos,NYM,"1B,3B,DH",288.2,173.0,315.0,315.0,245.0,26.6,2.8160919540229883,0.8305084745762712,299,1B/3B,1B,False,173.0,379.45454545454544,3.4177922682813224,-134.45454545454544,-0.6017003142583341,-126.0,False,False,255,True,0.0,26.440677966101696,30.508474576271187,0.02100000000000002,0.42465744538765915,0.8335197972120131,-0.8614248352916887,-1.1505602222405809,1.1489057130930942,0.3149450941718291,0.17999999999999972,0.8191102328830308,109,173.0,64.0,-164.0,463.0,409.0,24.8,11.5,71.2,0.9044731237632906,329.0,298.0,543.0,261,290,-88.0,-0.9408897671169693,playing-time dependent,unlucky (xwOBA >> wOBA); elite bat speed; needs playing time
669357,Nolan Gorman,2026,2000-05-10,3B,L,St. Louis Cardinals,85,302,266,49,6,0,9,26,33,33,0,0,1,98,3,34,4,0,0,0,2,0,66,0,0,16,26.0,302.0,32.5,10.9,0.184,0.308,0.272,0.124,0.247,0.193,0.351,0.26,0.278,0.275,0.158,0.329,0.361,-0.009,-0.043,-0.018,89.3,21.8,35.1,9.9,42.1,100.669585581,94.503463216,68.7,31.4,40.1,73.5,37.8,49.0,45.6,32.7,37.4,22.2,7.6,7.6,73.4,9.5,18.2,32.7,17.6,46.6,-12.0,25.0,4.59,13.0,16.0,20.0,171.0,81.3,65.2,nolan gorman,STL,Nolan Gorman,STL,"2B,3B,DH",373.0,225.0,394.0,378.0,219.0,26.1,2.5764705882352943,0.7251655629139073,324,2B/3B,3B,False,225.0,341.7741935483871,3.088741546261319,-122.77419354838707,-0.5122709580260247,-99.0,False,False,276,True,0.0,17.880794701986755,65.56291390728477,0.018000000000000016,0.31109173793374295,0.09538275671707386,-1.0820569685108623,-1.7396078949636435,1.0030877255998536,0.5344585386388017,0.27999999999999975,-0.11633010161439239,171,225.0,54.0,-120.0,402.0,339.0,33.8,9.2,72.7,0.8634997069558967,322.0,278.0,518.0,270,359,-45.0,-1.0163301016143924,playing-time dependent,unlucky (xwOBA >> wOBA); needs playing time
673548,Seiya Suzuki,2026,1994-08-18,OF,R,Chicago Cubs,143,634,545,147,31,1,26,96,86,81,5,3,0,155,3,89,2,0,8,0,0,0,0,0,111,30,31.0,634.0,24.4,12.8,0.27,0.473,0.368,0.203,0.33,0.246,0.427,0.366,0.34,0.344,0.181,0.441,0.398,0.024,0.046,0.026,88.6,17.5,36.9,10.7,38.9,100.235200558,94.190827557,59.6,22.5,53.7,86.1,23.5,40.2,41.0,35.9,30.8,24.9,8.4,7.2,73.3,11.1,21.6,36.3,8.4,47.8,23.0,27.9,4.41,41.0,33.0,73.0,393.0,70.7,58.8,seiya suzuki,CHC,Seiya Suzuki,CHC,"LF,RF,DH",93.6,63.0,92.0,118.0,696.0,31.9,4.8671328671328675,1.0977917981072556,32,OF,OF,False,63.0,560.7627118644068,4.0375,135.2372881355932,0.8296328671328679,31.0,True,False,1,False,2.8391167192429023,24.605678233438486,76.65615141955837,-0.025999999999999968,0.38820194886223514,0.19519159052475768,0.7400223804155003,0.3956899186574559,-1.135576090967671,-0.8142175998036603,-0.8799999999999998,-0.7709938589404238,224,32.0,-192.0,19.0,651.0,677.0,25.2,16.6,73.3,0.9701320683445283,637.0,618.0,582.0,45,141,-13.0,-1.0309938589404237,full-time,
691594,Javier Sanoja,2026,2002-09-03,3B,R,Miami Marlins,144,490,461,136,32,5,11,50,69,27,0,11,5,39,1,88,15,0,1,0,0,22,119,11,27,0,23.0,490.0,8.0,5.5,0.295,0.458,0.333,0.163,0.303,0.273,0.359,0.342,0.295,0.31,0.086,0.353,0.298,0.022,0.099,0.047,87.1,12.0,33.5,2.8,32.3,97.327541304,92.69141843,66.2,39.6,81.9,92.4,11.8,52.3,40.1,43.2,19.3,27.6,9.9,7.4,69.3,9.5,33.4,8.1,5.0,52.0,11.0,28.6,4.25,11.0,52.0,72.0,424.0,72.4,67.6,javier sanoja,MIA,Javier Sanoja,MIA,"2B,3B,SS,LF,CF,RF",759.0,304.0,1224.0,,513.0,23.8,3.5625,1.046938775510204,125,2B/3B/SS/OF,2B/3B/OF,False,304.0,172.67,2.396692273871662,340.33000000000004,1.165807726128338,179.0,True,False,120,False,13.46938775510204,13.46938775510204,33.06122448979592,-0.04700000000000004,-1.1014335476213084,-0.60141936610606,0.6771322070611637,0.9111066322901374,-2.156302003420357,0.6332122692286237,0.7399999999999999,-0.4523374005486226,195,125.0,-70.0,193.0,342.0,320.0,12.0,1.8,68.3,0.9749011313011514,460.0,448.0,585.0,155,127,-30.0,-1.0523374005486226,full-time,plus speed; young
545341,Randal Grichuk,2026,1991-08-13,DH,R,multi,117,280,265,76,25,2,15,41,46,11,1,0,0,61,3,34,2,0,1,0,0,0,0,0,56,47,34.0,280.0,21.8,3.9,0.287,0.566,0.314,0.279,0.318,0.278,0.478,0.37,0.335,0.303,0.201,0.463,0.416,0.009,0.088,0.035,91.3,17.1,37.7,11.2,49.8,102.787849029,95.926782379,70.2,36.4,56.1,86.7,24.0,53.0,44.4,35.7,29.5,26.1,8.7,7.7,74.5,15.7,27.0,46.4,8.8,61.2,10.0,27.3,4.57,17.0,21.0,38.0,207.0,74.7,62.0,randal grichuk,multi,,,,,,,,325.0,34.9,2.7777777777777777,1.1607142857142858,238,OF,OF,True,339.0,172.67,2.396692273871662,152.33,0.3810855039061156,101.0,False,False,237,False,0.0,32.14285714285714,23.57142857142857,-0.034999999999999976,1.1266533901963118,1.099405800024811,-0.23630288455921156,-0.0460958358848392,-1.5730300534473924,0.20628975814603212,-1.2,-0.08086504926108029,168,238.0,70.0,73.0,293.0,252.0,20.8,11.7,73.9,0.9430625395811116,283.0,267.0,566.0,287,206,-49.0,-1.0608650492610803,playing-time dependent,elite bat speed; elite contact quality; needs playing time
690976,Alex Freeland,2026,2001-08-24,2B,S,Los Angeles Dodgers,89,269,231,54,9,0,4,32,21,32,1,4,0,74,2,41,4,0,0,0,0,80,3,5,0,0,24.0,269.0,27.5,11.9,0.234,0.325,0.327,0.091,0.323,0.22,0.34,0.297,0.297,0.317,0.12,0.353,0.353,0.014,-0.015,0.0,89.6,10.8,34.6,6.2,39.5,99.359352564,93.907805449,59.6,21.7,53.2,79.7,27.7,40.1,34.6,46.9,24.7,23.5,4.9,6.9,70.8,10.7,26.6,9.0,8.9,51.7,-6.0,26.9,4.5,8.0,17.0,29.0,162.0,65.8,59.1,alex freeland,LAD,Alex Freeland,LAD,"2B,3B,SS",840.5,330.0,1239.0,,223.0,24.8,2.50561797752809,0.828996282527881,320,2B/SS,2B,False,330.0,172.67,2.396692273871662,50.33000000000001,0.10892570365642795,10.0,False,False,271,False,8.921933085501859,8.921933085501859,71.37546468401487,0.0,-0.17990957714588007,-0.40923041220015155,-0.06730188903291372,-0.3406196722463719,0.12817980064041068,0.0,0.5399999999999999,-0.10352873887365965,170,320.0,150.0,152.0,97.0,71.0,36.1,8.0,70.7,0.8923606909799318,250.0,223.0,535.0,369,313,-49.0,-1.0835287388736596,playing-time dependent,needs playing time; young
607208,Trea Turner,2026,1993-06-30,SS,R,Philadelphia Phillies,157,700,645,156,29,1,19,101,58,48,4,21,4,147,3,107,21,0,0,0,0,0,0,154,0,2,33.0,700.0,21.0,6.9,0.242,0.378,0.297,0.136,0.284,0.242,0.363,0.298,0.293,0.299,0.121,0.344,0.338,0.0,0.015,0.005,88.5,11.1,31.7,6.0,39.3,98.94390884,93.571458357,68.9,34.6,51.2,84.6,27.7,50.5,33.7,45.3,25.3,21.4,8.0,7.6,71.6,8.9,24.9,19.0,8.5,63.1,-9.0,29.9,4.23,29.0,67.0,60.0,501.0,76.5,60.5,trea turner,PHI,Trea Turner,PHI,SS,27.0,23.0,25.0,30.0,653.0,33.0,4.159235668789809,0.9328571428571428,44,SS,SS,False,23.0,652.3103448275862,4.574074074074074,0.6896551724138362,-0.4148384052842653,-21.0,False,False,1,False,18.0,16.285714285714285,41.142857142857146,-0.0050000000000000044,-0.3139448728831783,0.3555893181630019,-0.4022631937075823,1.8683091004651116,-0.11485017851499017,-0.14951788316827835,-1.1,-0.6843592309427617,217,23.0,-194.0,-106.0,639.0,759.0,16.7,5.8,71.1,0.9724625418133794,640.0,622.0,583.0,43,136,-20.0,-1.0843592309427619,full-time,plus speed
669224,Austin Wells,2026,1999-07-12,C,L,New York Yankees,122,388,334,62,7,0,14,39,32,48,3,4,0,103,2,41,7,14,0,122,0,0,0,0,0,0,26.0,388.0,26.5,12.4,0.186,0.332,0.292,0.146,0.219,0.208,0.36,0.281,0.3,0.309,0.153,0.318,0.349,-0.022,-0.028,-0.019,89.3,20.5,33.8,7.7,42.7,100.248392609,94.397822435,66.6,28.0,53.2,81.0,27.9,46.3,47.4,33.3,34.2,20.5,12.0,7.6,72.8,9.5,20.9,26.8,13.9,51.4,-8.0,25.9,4.66,18.0,11.0,31.0,234.0,74.8,60.5,austin wells,NYY,Austin Wells,NYY,C,238.4,148.0,223.0,309.0,328.0,27.0,2.6885245901639343,0.845360824742268,232,C,C,False,148.0,425.5,3.7174234694899297,-97.5,-1.0288988793259954,-84.0,False,False,237,True,6.185567010309279,21.649484536082472,74.22680412371135,0.01899999999999996,0.09176677993413697,0.12933879749019095,-0.17198177678532076,-1.0769292631501997,1.0516937214309312,-0.35616933737355283,0.1,-0.11996022842700924,172,148.0,-24.0,-148.0,448.0,476.0,26.3,10.2,73.4,0.9546967711503271,400.0,382.0,573.0,197,173,-49.0,-1.0999602284270091,playing-time dependent,unlucky (xwOBA >> wOBA); needs playing time
596019,Francisco Lindor,2026,1993-11-14,SS,S,New York Mets,105,469,418,94,12,4,21,63,49,46,5,3,2,95,0,57,11,0,0,0,0,0,0,103,0,2,32.0,469.0,20.3,9.8,0.225,0.423,0.309,0.198,0.242,0.239,0.434,0.322,0.331,0.322,0.195,0.357,0.37,-0.014,-0.011,-0.009,91.6,18.8,28.8,9.0,49.5,100.68996441,95.109438598,66.4,29.5,57.6,84.5,25.0,46.0,45.5,35.0,34.1,22.9,8.0,7.7,72.9,11.3,26.6,28.7,14.2,55.5,4.0,27.1,4.45,28.0,20.0,46.0,323.0,76.5,55.9,francisco lindor,NYM,Francisco Lindor,NYM,SS,25.0,21.0,22.0,32.0,432.0,32.6,4.114285714285714,0.9211087420042644,179,SS,SS,False,21.0,652.3103448275862,4.58933933933934,-220.31034482758616,-0.4750536250536257,-158.0,False,False,132,True,3.837953091684435,26.865671641791042,58.84861407249467,0.009000000000000008,0.5404471395908395,0.3521987990350108,0.15608965884470016,-0.19335775406560424,0.5656337631201322,0.756815058236487,-1.0200000000000002,0.6554127812052517,119,21.0,-98.0,-404.0,732.0,836.0,17.9,8.9,70.9,0.9892739045697271,522.0,516.0,594.0,109,106,-88.0,-1.1045872187947483,full-time,
694203,Denzer Guzman,2026,2004-02-08,3B,R,Los Angeles Angels,87,304,283,62,9,0,8,33,33,17,1,2,1,78,0,45,9,0,0,0,0,0,84,2,0,0,22.0,304.0,25.7,5.6,0.219,0.336,0.266,0.117,0.274,0.225,0.327,0.267,0.265,0.272,0.102,0.331,0.328,-0.006,0.009,0.002,86.7,10.8,34.3,4.8,34.8,98.32811,93.190886195,73.4,33.6,59.1,79.6,27.0,53.3,43.5,45.9,22.2,25.1,6.8,8.0,74.4,9.4,18.2,45.6,6.1,41.1,-12.0,27.6,4.49,9.0,24.0,29.0,207.0,89.3,64.8,denzer guzman,LAA,,,,,,,,238.0,22.4,2.735632183908046,0.7828947368421053,302,3B/SS,3B,True,339.0,172.67,2.396692273871662,65.33000000000001,0.3389399100363839,37.0,False,False,255,False,3.9473684210526314,15.789473684210526,33.55263157894737,-0.0020000000000000018,-0.6473496936329185,0.19890074884496176,-0.7652818095248449,0.17479704138630967,0.030967808978250338,0.0,1.0200000000000002,0.05074693603944924,159,302.0,143.0,209.0,43.0,29.0,51.2,15.0,72.1,0.9055476166401875,252.0,228.0,543.0,360,290,-58.0,-1.1092530639605507,playing-time dependent,needs playing time; young
669257,Will Smith,2026,1995-03-28,C,R,Los Angeles Dodgers,73,276,235,61,9,0,10,35,34,34,3,0,0,45,4,42,3,10,0,67,0,0,0,0,0,3,31.0,276.0,16.3,12.3,0.26,0.426,0.355,0.166,0.277,0.279,0.502,0.345,0.389,0.379,0.224,0.357,0.419,-0.019,-0.076,-0.044,89.1,20.1,43.3,12.4,41.2,99.794320103,94.064249742,62.9,20.9,69.6,87.9,16.7,41.6,29.9,27.3,40.2,27.3,5.2,7.3,69.9,11.9,28.8,6.4,12.4,65.7,9.0,27.1,4.58,15.0,15.0,31.0,194.0,68.3,55.1,will smith,LAD,Will Smith,LAD,C,95.2,65.0,91.0,179.0,284.0,31.3,3.8904109589041096,1.0289855072463767,269,C,C,False,65.0,560.7627118644068,4.032,-276.7627118644068,-0.14158904109589043,-204.0,False,False,250,True,0.0,21.73913043478261,73.91304347826087,0.04400000000000004,0.6233090819278018,0.042187279044541226,1.0443466579594893,-0.19335775406560424,2.2668436172079383,0.20556982706798907,-0.7600000000000002,1.8691298365529834,57,65.0,8.0,-249.0,436.0,533.0,20.4,12.2,69.7,1.035106482186288,308.0,319.0,621.0,237,44,-172.0,-1.1308701634470166,playing-time dependent,unlucky (xwOBA >> wOBA); plus approach; needs playing time
678662,Ezequiel Tovar,2026,2001-08-01,SS,R,Colorado Rockies,146,506,465,102,23,0,13,57,44,29,2,8,1,129,8,66,10,0,0,0,0,0,0,146,0,0,24.0,506.0,25.5,5.7,0.219,0.353,0.264,0.134,0.269,0.227,0.371,0.27,0.281,0.273,0.144,0.333,0.348,-0.008,-0.018,-0.011,87.3,17.8,35.5,7.0,33.2,98.504437798,93.327897642,81.6,43.7,55.6,80.3,29.3,61.1,36.4,37.9,31.5,22.0,8.7,7.6,72.1,6.7,18.1,22.1,11.1,49.5,-24.0,28.0,4.38,26.0,24.0,52.0,346.0,87.7,68.8,ezequiel tovar,COL,Ezequiel Tovar,COL,SS,218.0,129.0,198.0,207.0,412.0,24.9,2.8219178082191783,0.8142292490118577,189,SS,SS,False,129.0,449.0,3.7174234694899297,-37.0,-0.8955056612707515,-60.0,False,False,170,False,9.486166007905137,15.41501976284585,34.387351778656125,0.01100000000000001,-0.44796749488989585,-0.12076617586712712,-1.2221158740465576,0.4693208777478397,0.6628457547822926,-0.24554323012296198,0.5200000000000004,-0.5532031386523145,206,129.0,-77.0,72.0,390.0,340.0,25.1,9.3,71.6,0.9167833803397105,483.0,443.0,550.0,158,266,-29.0,-1.1332031386523145,full-time,young
624424,Michael Conforto,2026,1993-03-01,DH,L,Chicago Cubs,113,314,271,65,17,0,15,32,45,35,4,1,0,80,4,33,0,0,2,0,0,0,0,0,46,52,33.0,314.0,25.5,11.1,0.24,0.469,0.331,0.229,0.278,0.238,0.439,0.344,0.332,0.324,0.201,0.418,0.401,0.002,0.03,0.012,90.0,16.7,39.0,11.9,41.5,100.456929897,94.570717474,64.5,27.3,49.4,84.5,26.7,45.0,47.2,36.9,34.4,23.1,5.6,7.3,72.5,8.9,21.6,29.1,11.9,52.7,9.0,25.9,4.62,22.0,11.0,32.0,195.0,75.0,61.0,michael conforto,CHC,Michael Conforto,CHC,"LF,RF,DH",841.0,331.0,1265.0,,315.0,33.3,2.7876106194690267,1.0031847133757963,247,OF,OF,False,331.0,172.67,2.396692273871662,142.33,0.3909183455973646,84.0,False,False,239,False,1.910828025477707,28.662420382165607,66.87898089171975,-0.011999999999999955,0.5852256909011827,0.18637358887160424,0.1646097712116951,-1.0769292631501997,-0.45509214933254866,-0.16965855963073595,-1.1599999999999995,-1.2047914150007684,253,247.0,-6.0,-71.0,486.0,386.0,24.9,9.7,73.9,0.881975994107486,348.0,307.0,529.0,245,331,2.0,-1.1647914150007683,playing-time dependent,needs playing time
810938,Ben Williamson,2026,2000-11-05,2B,R,Tampa Bay Rays,89,286,261,62,10,1,3,32,26,22,2,8,1,54,0,48,3,0,0,0,0,63,7,22,0,1,25.0,286.0,18.9,7.7,0.238,0.318,0.302,0.08,0.289,0.246,0.325,0.28,0.286,0.31,0.078,0.305,0.311,-0.008,-0.007,-0.006,87.3,2.6,30.8,1.9,33.2,97.971571667,93.035610542,55.2,31.8,69.9,90.1,17.6,42.9,27.4,56.3,13.0,26.4,4.3,6.9,69.4,10.7,29.6,11.7,2.7,34.8,-11.0,28.1,4.5,3.0,27.0,32.0,208.0,56.0,61.2,ben williamson,TB,,,,,,,,248.0,25.6,2.7865168539325844,0.8671328671328671,298,2B/3B/SS,2B/SS,True,339.0,172.67,2.396692273871662,75.33000000000001,0.38982458006092235,41.0,False,False,255,False,16.783216783216783,6.293706293706294,46.15384615384615,0.00599999999999995,-0.9990323545750199,-1.2767287981398037,0.20591158670312895,0.5429518368382236,0.41981577562688904,-0.22302849387610812,0.3799999999999997,-1.1080328273270512,248,298.0,50.0,7.0,295.0,241.0,21.7,3.3,69.7,0.8898522429181628,288.0,256.0,534.0,301,317,-3.0,-1.1680328273270513,playing-time dependent,needs playing time
621439,Byron Buxton,2026,1993-12-18,OF,R,Minnesota Twins,93,408,370,94,18,1,25,65,46,30,6,7,1,100,2,50,0,0,0,0,0,0,0,0,72,20,32.0,408.0,24.5,7.4,0.254,0.511,0.319,0.257,0.279,0.248,0.488,0.355,0.343,0.311,0.24,0.441,0.424,0.006,0.023,0.012,90.2,20.3,32.4,15.9,46.7,101.614948971,95.255176912,74.1,34.4,41.6,83.5,31.3,52.7,48.2,33.5,33.1,21.0,12.5,8.0,74.1,11.7,21.0,40.4,14.1,57.4,7.0,29.7,4.15,29.0,32.0,33.0,272.0,78.9,65.0,byron buxton,MIN,Byron Buxton,MIN,"CF,DH",72.0,50.0,72.0,61.0,451.0,32.5,4.849462365591398,1.1053921568627452,163,OF,OF,False,50.0,598.2727272727273,4.308335730801607,-147.27272727272725,0.5411266347897907,-113.0,False,False,127,True,10.294117647058824,36.76470588235294,44.11764705882353,-0.011999999999999955,1.2351444479496942,0.7829086070376104,-0.39552579813304317,1.7210471822843465,-0.45509214933254866,-0.3967008955294129,-1.0,0.8611333994569588,104,50.0,-54.0,-249.0,542.0,700.0,27.3,17.7,75.0,1.0450813210503715,435.0,455.0,627.0,152,34,-102.0,-1.1788666005430413,full-time,elite contact quality; plus speed; needs playing time
679822,Justin Foscue,2026,1999-03-02,2B,R,Texas Rangers,100,247,225,61,13,1,11,26,34,17,4,0,0,62,1,36,2,0,0,0,6,62,0,0,0,28,27.0,247.0,25.1,6.9,0.271,0.484,0.332,0.213,0.327,0.245,0.435,0.354,0.325,0.309,0.19,0.443,0.399,0.026,0.049,0.029,89.3,18.9,34.1,10.4,42.1,99.414065,93.903911646,62.7,27.8,62.6,86.6,20.3,46.1,44.5,36.6,31.1,20.7,11.6,7.1,70.9,11.1,26.1,10.8,12.0,56.2,9.0,27.6,4.46,12.0,25.0,24.0,164.0,66.2,62.8,justin foscue,TEX,,,,,,,,249.0,27.3,2.49,1.008097165991903,296,1B/2B,2B,True,339.0,172.67,2.396692273871662,76.33000000000001,0.09330772612833815,43.0,False,False,255,False,0.0,26.72064777327935,41.29554655870445,-0.02899999999999997,0.3923435371132548,-0.17064329633693961,0.16287359261943637,0.17479704138630967,-1.2813940784609117,0.0,0.03999999999999986,-0.12678225921217373,173,296.0,123.0,244.0,9.0,5.0,,,,0.9271955916876362,250.0,232.0,556.0,349,240,-53.0,-1.1867822592121737,playing-time dependent,needs playing time
608070,José Ramírez,2026,1992-09-17,3B,S,Cleveland Guardians,125,544,473,111,27,0,12,71,53,60,3,37,4,69,7,72,13,0,0,0,0,0,99,0,0,25,33.0,544.0,12.7,11.0,0.235,0.368,0.32,0.133,0.248,0.266,0.391,0.301,0.325,0.34,0.125,0.299,0.329,-0.031,-0.023,-0.024,88.6,19.0,35.3,4.1,38.8,99.346632184,93.830361144,65.2,28.5,72.8,90.7,15.3,45.4,49.9,33.8,27.0,27.0,12.2,7.2,70.2,11.0,28.2,11.4,9.3,58.3,-3.0,27.9,4.35,24.0,28.0,59.0,411.0,76.4,57.6,jose ramirez,CLE,Jose Ramirez,CLE,"3B,DH",5.4,5.0,5.0,5.0,570.0,33.8,4.56,1.0477941176470589,101,3B,3B,False,5.0,652.3103448275862,4.789578477078477,-82.31034482758616,-0.22957847707847723,-96.0,False,False,54,True,40.80882352941176,13.23529411764706,66.17647058823529,0.02400000000000002,-0.44977457283353217,-0.15798367669451366,0.8394716687614553,0.3956899186574559,1.2947237005863348,-0.2986778074946157,-1.2,-0.5174601247823923,203,5.0,-198.0,-277.0,673.0,847.0,11.0,7.0,70.9,1.1039041556879494,570.0,629.0,662.0,39,13,-34.0,-1.1974601247823924,full-time,unlucky (xwOBA >> wOBA); plus approach
669707,Jared Triolo,2026,1998-02-08,SS,R,Pittsburgh Pirates,125,362,324,77,12,0,3,34,29,28,5,13,1,72,1,62,10,0,0,0,8,0,50,71,7,2,28.0,362.0,19.9,7.7,0.238,0.302,0.307,0.064,0.296,0.241,0.316,0.278,0.284,0.311,0.075,0.302,0.31,-0.003,-0.014,-0.006,86.3,6.1,32.9,2.4,32.9,97.382690726,92.701064274,64.5,25.7,55.5,86.9,22.1,45.1,38.4,51.0,18.4,27.1,3.5,7.6,70.4,9.8,27.7,4.7,7.5,47.3,-12.0,28.3,4.42,11.0,30.0,36.0,255.0,79.8,60.5,jared triolo,PIT,Jared Triolo,PIT,"1B,2B,3B,SS,RF",445.0,262.0,408.0,454.0,300.0,28.4,2.4,0.8287292817679558,260,1B/3B/SS,3B/SS,False,262.0,223.9,2.840653659676383,76.1,-0.44065365967638304,2.0,False,False,247,False,21.54696132596685,4.972375690607735,46.408839779005525,0.00599999999999995,-1.0439017099090488,-0.7233635390118391,0.10712227552018222,0.6902137550189886,0.41981577562688904,-0.7292995453292882,-0.17999999999999972,-1.6780425512018189,289,260.0,-29.0,-30.0,376.0,330.0,20.2,6.2,71.6,0.879704042494608,365.0,321.0,528.0,236,334,24.0,-1.198042551201819,playing-time dependent,needs playing time
808982,Jung Hoo Lee,2026,1998-08-20,OF,L,San Francisco Giants,143,579,539,149,31,4,10,65,57,29,7,12,1,57,4,104,3,0,4,0,0,0,0,0,146,4,27.0,579.0,9.8,5.0,0.276,0.404,0.32,0.128,0.292,0.288,0.382,0.317,0.315,0.33,0.095,0.326,0.324,-0.012,0.022,0.002,87.5,11.3,36.0,2.3,31.5,96.907185726,92.569166245,64.0,31.1,74.1,93.9,12.5,47.7,37.7,43.6,22.6,29.0,4.7,7.7,68.5,8.7,35.8,3.6,4.7,40.4,-1.0,27.5,4.3,24.0,46.0,79.0,486.0,68.6,62.7,jung hoo lee,SF,Jung Hoo Lee,SF,"CF,RF",249.2,153.0,282.0,226.0,566.0,27.9,3.958041958041958,0.9775474956822107,103,OF,OF,False,153.0,425.5,3.7174234694899297,140.5,0.24061848855202816,50.0,True,False,54,False,12.435233160621761,10.362694300518134,30.05181347150259,-0.0020000000000000018,-1.0785907970050972,-1.2828424470417052,0.7126609076560824,0.10116608229592583,0.030967808978250338,0.17617179542860995,-0.07999999999999972,-1.3880311593357684,266,103.0,-163.0,-33.0,617.0,599.0,11.5,3.7,68.3,0.9191473185831693,587.0,540.0,551.0,97,261,6.0,-1.2680311593357683,full-time,
641355,Cody Bellinger,2026,1995-07-13,OF,L,New York Yankees,132,562,496,131,25,3,17,73,73,59,0,12,6,89,7,86,3,0,8,0,6,0,0,0,145,1,30.0,562.0,15.8,10.5,0.264,0.429,0.338,0.165,0.287,0.271,0.411,0.336,0.335,0.347,0.14,0.357,0.356,-0.007,0.018,0.001,89.2,17.6,38.2,6.6,37.8,98.486220194,93.510838881,64.9,30.3,66.1,86.8,20.0,47.1,45.2,36.2,30.2,24.9,8.7,7.9,69.8,10.6,32.2,4.1,13.7,61.6,13.0,27.3,4.24,30.0,36.0,65.0,414.0,74.8,61.2,cody bellinger,NYY,Cody Bellinger,NYY,"1B,LF,CF,RF",55.2,38.0,75.0,65.0,598.0,31.0,4.53030303030303,1.0640569395017794,83,OF,OF,False,38.0,646.5714285714286,4.468071322604339,-48.571428571428555,0.06223170769869135,-45.0,False,False,53,False,12.811387900355871,18.14946619217082,62.989323843416365,-0.0010000000000000009,-0.2871809165583271,-0.18737071931398167,0.6224476020259223,-0.0460958358848392,0.0795738048093305,-0.15020472016360367,-0.7000000000000001,-0.7567878101848288,222,38.0,-184.0,-138.0,656.0,736.0,13.7,7.5,70.1,1.006354057191869,581.0,585.0,604.0,64,87,-26.0,-1.2767878101848287,full-time,
663616,Trevor Larnach,2026,1997-02-26,OF,L,Minnesota Twins,122,433,383,103,23,1,13,57,48,45,4,2,2,79,0,66,1,0,5,0,0,0,0,0,111,3,29.0,433.0,18.2,10.4,0.269,0.436,0.352,0.167,0.309,0.259,0.394,0.347,0.327,0.341,0.136,0.382,0.353,0.01,0.042,0.02,87.7,13.8,38.0,7.5,36.7,99.019390592,93.514289046,60.3,29.7,50.0,86.0,26.8,44.1,44.6,39.0,23.6,28.5,8.9,7.2,72.2,11.6,24.8,23.2,8.5,44.3,14.0,26.7,4.61,17.0,32.0,53.0,305.0,67.7,64.0,trevor larnach,MIN,Trevor Larnach,MIN,"LF,RF,DH",378.0,228.0,417.0,339.0,439.0,29.3,3.598360655737705,1.0138568129330254,170,OF,OF,False,228.0,341.7741935483871,3.088741546261319,97.22580645161293,0.509619109476386,58.0,False,False,132,False,2.771362586605081,18.013856812933025,62.35565819861432,-0.019999999999999962,-0.22522713378839246,-0.31588968233197906,0.3716093901949664,-0.4878815904271369,-0.8439401159811901,-0.0273248010838806,-0.36000000000000015,-1.229841806908226,256,170.0,-86.0,-83.0,567.0,522.0,21.5,7.2,72.1,0.8972211989751275,460.0,413.0,538.0,173,304,-3.0,-1.289841806908226,full-time,needs playing time
664040,Brandon Lowe,2026,1994-07-06,2B,L,Pittsburgh Pirates,150,656,584,152,29,1,35,94,96,62,3,2,0,189,7,87,11,0,0,0,0,138,0,0,0,11,31.0,655.0,28.7,9.5,0.261,0.494,0.331,0.233,0.319,0.24,0.445,0.355,0.331,0.315,0.205,0.466,0.428,0.021,0.049,0.024,91.0,15.8,35.1,12.4,45.8,101.348135373,95.153058955,70.8,33.6,38.2,79.5,35.4,50.6,46.3,36.1,33.6,23.4,7.0,7.1,73.5,11.3,21.6,38.7,16.1,46.6,23.0,27.0,4.38,47.0,34.0,70.0,402.0,80.7,60.6,brandon lowe,PIT,Brandon Lowe,PIT,"2B,DH",153.4,93.0,166.0,138.0,690.0,32.0,4.6,1.0518292682926829,34,2B,2B,False,93.0,560.7627118644068,4.015944775657477,129.2372881355932,0.5840552243425225,59.0,True,False,1,False,1.829268292682927,32.012195121951216,56.707317073170735,-0.023999999999999966,0.9783065128220889,0.2085306870037151,-0.4104708959155065,-0.26698871315598804,-1.0383640993055108,-0.13903584942186595,-0.9,-0.8301019371589035,229,34.0,-195.0,115.0,553.0,575.0,26.9,13.0,73.8,0.9448025616583944,635.0,600.0,567.0,57,202,-23.0,-1.2901019371589035,full-time,elite contact quality
696030,Alejandro Osuna,2026,2002-10-10,OF,L,Texas Rangers,84,233,204,53,6,0,1,27,25,19,9,5,2,37,0,46,1,0,1,0,0,0,0,0,85,7,23.0,233.0,15.9,8.2,0.26,0.304,0.349,0.044,0.313,0.252,0.309,0.303,0.301,0.343,0.057,0.303,0.299,0.008,-0.005,0.002,86.8,5.5,33.9,0.6,29.2,97.972907439,93.067395828,64.4,32.4,72.6,87.4,17.5,48.4,26.2,49.4,14.9,28.6,7.1,7.0,71.7,8.9,26.5,22.8,2.0,31.9,-3.0,28.5,4.2,5.0,20.0,27.0,168.0,71.1,62.7,alejandro osuna,TEX,,,,,,,,211.0,23.7,2.511904761904762,0.9055793991416309,333,OF,OF,True,339.0,172.67,2.396692273871662,38.33000000000001,0.1152124880330998,6.0,False,False,279,False,12.875536480686696,2.575107296137339,48.92703862660944,-0.0020000000000000018,-1.267425710161786,-0.9254275887275161,0.31486093370677487,0.8374756731997536,0.030967808978250338,-0.3598719932676246,0.7600000000000002,-0.8010329552890585,226,333.0,107.0,68.0,176.0,143.0,19.3,6.0,71.2,0.916520070007057,250.0,229.0,550.0,358,266,-25.0,-1.3010329552890585,playing-time dependent,plus speed; needs playing time; young
572233,Christian Walker,2026,1991-03-28,1B,R,Houston Astros,156,635,571,129,26,1,29,73,87,51,10,0,0,147,3,73,3,0,0,0,154,0,0,0,0,2,35.0,635.0,23.1,8.0,0.226,0.427,0.299,0.201,0.251,0.227,0.396,0.316,0.305,0.297,0.169,0.372,0.355,-0.001,0.031,0.011,89.0,14.6,31.9,9.6,40.7,101.069259249,94.709357676,73.1,31.6,46.6,83.5,29.1,50.4,41.2,42.9,28.1,21.3,7.7,7.4,74.3,11.8,20.4,43.6,7.7,47.6,4.0,26.0,4.69,29.0,46.0,54.0,427.0,80.1,57.8,christian walker,HOU,Christian Walker,HOU,1B,195.2,115.0,196.0,154.0,591.0,35.3,3.7884615384615383,0.9307086614173228,87,1B,1B,False,115.0,560.7627118644068,4.015944775657477,30.23728813559319,-0.22748323719593877,28.0,False,False,53,False,0.0,27.401574803149607,48.188976377952756,-0.01100000000000001,0.2600105183269523,0.4355090064248897,-0.2246462325685489,-1.0032983040598158,-0.40648615350147116,-0.04102892827580175,-1.2,-1.5175063262682869,275,87.0,-188.0,-5.0,640.0,596.0,27.7,12.9,74.1,0.8800113227094389,636.0,560.0,528.0,79,334,8.0,-1.357506326268287,full-time,
621493,Taylor Ward,2026,1993-12-14,DH,R,multi,143,607,498,112,20,1,7,71,37,99,7,4,4,130,3,84,3,0,3,0,0,0,0,0,105,33,32.0,607.0,21.4,16.3,0.225,0.311,0.359,0.086,0.288,0.241,0.36,0.312,0.334,0.371,0.12,0.313,0.348,-0.016,-0.049,-0.022,88.7,14.8,35.3,5.1,38.3,98.776249027,93.58431897,54.1,14.9,57.1,87.0,19.5,34.4,32.9,38.8,26.7,27.0,7.5,6.9,68.5,10.6,33.4,3.0,6.5,47.2,-2.0,27.5,4.5,17.0,27.0,66.0,371.0,63.1,56.9,taylor ward,multi,Taylor Ward,SEA,"LF,RF,DH",117.8,77.0,144.0,104.0,496.0,32.5,3.4685314685314683,0.8171334431630972,134,OF,OF,False,77.0,560.7627118644068,4.015944775657477,-64.76271186440681,-0.5474133071260088,-57.0,False,False,120,False,3.9538714991762767,6.919275123558485,97.85831960461284,0.02200000000000002,-0.3725213152777347,-0.997062012391356,1.0527189384437066,0.10116608229592583,1.1975117089241745,-0.7247137281345539,-1.0,-1.224975021229337,255,77.0,-178.0,-194.0,663.0,690.0,26.4,13.7,69.5,0.8978756043461488,618.0,555.0,539.0,84,301,-7.0,-1.3649750212293372,full-time,unlucky (xwOBA >> wOBA); plus approach
621438,Tyrone Taylor,2026,1994-01-22,OF,R,multi,97,241,219,61,16,0,11,36,38,14,2,3,2,41,2,34,2,0,3,0,0,0,0,0,85,6,32.0,241.0,17.0,5.8,0.279,0.502,0.325,0.223,0.296,0.245,0.416,0.355,0.309,0.296,0.171,0.406,0.344,0.034,0.086,0.046,86.8,18.1,33.7,8.7,34.2,98.054869667,93.068828659,63.8,34.7,64.4,88.1,20.6,48.8,53.3,36.4,33.7,21.2,8.7,7.5,71.6,11.0,27.2,16.0,11.5,57.5,7.0,29.2,4.45,22.0,13.0,26.0,184.0,62.0,61.8,tyrone taylor,multi,,,,,,,,274.0,32.4,2.8247422680412373,1.1369294605809128,276,OF,OF,True,339.0,172.67,2.396692273871662,101.33000000000001,0.42804999416957523,63.0,False,False,250,False,7.468879668049792,27.38589211618257,34.85477178423237,-0.045999999999999985,-0.375320397825218,0.0617317527547786,0.15134630461774135,1.3528923868324325,-2.1076960075892743,1.235080104761586,-0.9799999999999998,-0.6466035866030592,213,276.0,63.0,-30.0,341.0,304.0,22.3,3.8,70.3,0.9622162909214077,261.0,251.0,577.0,312,160,-36.0,-1.366603586603059,playing-time dependent,skills trending up; plus speed; needs playing time
666139,Josh Lowe,2026,1998-02-02,OF,L,Los Angeles Angels,114,343,311,65,11,0,12,32,29,25,3,10,1,105,2,42,2,0,6,0,0,0,0,0,116,0,28.0,343.0,30.6,7.3,0.209,0.36,0.273,0.151,0.27,0.209,0.372,0.279,0.284,0.272,0.163,0.365,0.373,0.0,-0.012,-0.005,88.8,18.8,32.9,9.0,37.1,99.069517767,93.808854293,77.7,36.0,59.8,72.0,32.2,55.9,34.3,34.8,33.8,23.3,8.1,7.5,73.6,6.7,16.3,35.5,11.6,45.0,-13.0,28.1,4.31,19.0,18.0,28.0,210.0,83.8,65.5,josh lowe,LAA,Josh Lowe,LAA,"LF,CF,RF",297.5,179.0,268.0,247.0,306.0,28.4,2.6842105263157894,0.892128279883382,254,OF,OF,False,179.0,379.45454545454544,3.18680233337683,-73.45454545454544,-0.5025918070610405,-75.0,False,False,245,False,17.49271137026239,20.99125364431487,43.73177842565598,0.004999999999999949,-0.01779002441156434,0.09801823648791426,-1.2750370837383556,0.5429518368382236,0.3712097797958089,0.21031274849591708,-0.17999999999999972,-0.465738790160441,198,179.0,-19.0,-117.0,435.0,423.0,25.1,5.9,72.4,0.9306024550326946,361.0,336.0,558.0,225,231,-46.0,-1.385738790160441,playing-time dependent,needs playing time
605137,Josh Bell,2026,1992-08-14,DH,S,Minnesota Twins,154,631,568,145,28,1,21,78,96,52,4,2,0,124,6,95,1,0,0,0,20,0,0,0,0,129,33.0,631.0,19.7,8.2,0.255,0.419,0.319,0.164,0.289,0.256,0.445,0.323,0.335,0.323,0.188,0.366,0.382,-0.001,-0.026,-0.012,89.9,13.3,33.1,9.6,42.0,100.3685028,94.468238022,71.6,29.6,64.1,83.7,22.8,48.9,40.7,42.0,26.7,23.3,8.0,7.9,71.9,11.7,25.8,25.7,9.5,57.3,4.0,26.0,4.69,36.0,36.0,72.0,450.0,83.0,59.3,josh bell,MIN,Josh Bell,MIN,"1B,DH",376.0,226.0,355.0,355.0,618.0,33.9,4.012987012987013,0.9793977812995246,68,1B,1B,False,226.0,341.7741935483871,3.088741546261319,276.2258064516129,0.9242454667256941,158.0,True,True,41,False,1.9017432646592711,19.968304278922343,49.44532488114105,0.01200000000000001,0.3578050390952813,0.25349130296945827,0.11062520065207267,-1.0032983040598158,0.7114517506133727,-0.8453967471417133,-1.2,-1.349078420268077,262,68.0,-194.0,136.0,533.0,482.0,16.5,12.1,73.1,0.9356845990468787,611.0,572.0,561.0,70,221,-2.0,-1.389078420268077,full-time,
592518,Manny Machado,2026,1992-07-06,3B,R,San Diego Padres,158,677,589,128,22,0,30,82,91,76,1,5,4,144,10,76,3,0,0,0,0,0,139,0,0,19,33.0,677.0,21.3,11.2,0.217,0.407,0.303,0.19,0.231,0.243,0.42,0.31,0.328,0.326,0.177,0.345,0.371,-0.026,-0.013,-0.018,90.1,14.5,32.7,9.7,43.6,101.077431814,94.870082434,67.4,30.5,57.6,83.5,25.3,47.8,40.1,39.3,28.5,24.1,8.1,7.9,74.7,11.7,22.2,45.6,7.3,56.1,-1.0,25.2,4.77,34.0,26.0,67.0,456.0,82.6,62.5,manny machado,SD,Manny Machado,SD,"3B,DH",30.4,25.0,32.0,28.0,630.0,34.0,3.9873417721518987,0.930576070901034,58,3B,3B,False,25.0,652.3103448275862,4.530864197530864,-22.310344827586164,-0.5435224253789652,-33.0,False,False,40,False,4.431314623338257,26.58788774002954,67.3559822747415,0.018000000000000016,0.43772705288318015,0.8894951901564195,0.07604621914472,-1.5923459767828787,1.0030877255998536,-0.6255264242009495,-1.2,-0.8018908338831898,227,25.0,-202.0,-92.0,678.0,722.0,19.3,12.9,74.5,0.9392026459572738,640.0,601.0,564.0,55,214,-30.0,-1.40189083388319,full-time,unlucky (xwOBA >> wOBA); elite bat speed
686469,Vinnie Pasquantino,2026,1997-10-10,1B,L,Kansas City Royals,114,481,421,105,20,2,17,54,63,51,4,5,0,76,5,66,5,0,0,0,108,0,0,0,0,4,28.0,481.0,15.8,10.6,0.249,0.428,0.333,0.179,0.264,0.256,0.441,0.332,0.339,0.335,0.185,0.349,0.358,-0.007,-0.013,-0.007,90.0,20.6,36.3,9.5,41.7,99.863712586,94.360170316,66.1,30.6,72.7,91.7,15.2,46.5,43.7,30.9,31.7,25.7,11.7,7.4,70.6,12.2,29.3,10.8,11.8,58.6,7.0,25.8,4.74,22.0,27.0,56.0,350.0,78.5,60.2,vinnie pasquantino,KC,Vinnie Pasquantino,KC,"1B,DH",74.4,52.0,76.0,64.0,467.0,28.7,4.0964912280701755,0.9708939708939709,150,1B,1B,False,52.0,598.2727272727273,4.308335730801607,-131.27272727272725,-0.21184450273143174,-98.0,False,False,122,True,6.237006237006238,21.205821205821206,63.61746361746362,0.007000000000000006,0.17447733307340485,-0.10426754944932193,0.8352691727244959,-1.1505602222405809,0.46842177145797187,-0.592149515846696,-0.23999999999999988,-0.30245281174654093,184,52.0,-132.0,-232.0,682.0,699.0,15.7,10.8,72.5,0.9936602447211961,521.0,518.0,596.0,107,102,-55.0,-1.402452811746541,full-time,plus approach
624585,Jorge Soler,2026,1992-02-25,DH,R,Los Angeles Angels,86,361,316,64,16,1,12,36,49,35,6,0,0,118,4,35,0,0,1,0,0,0,0,0,9,76,34.0,361.0,32.7,9.7,0.203,0.373,0.291,0.17,0.274,0.206,0.362,0.295,0.294,0.296,0.156,0.384,0.383,-0.003,0.011,0.001,88.5,14.5,35.1,10.9,42.6,101.551384059,94.859988762,69.1,27.4,35.9,74.9,36.9,47.3,52.0,39.6,27.2,27.2,5.9,7.9,74.9,9.9,16.8,51.2,11.8,53.0,-4.0,26.0,4.81,15.0,13.0,36.0,202.0,77.1,63.4,jorge soler,LAA,Jorge Soler,,,381.5,231.0,390.0,373.0,310.0,34.3,3.604651162790698,0.8587257617728532,251,OF,UT,False,231.0,341.7741935483871,3.088741546261319,-31.774193548387075,0.5159096165293788,-20.0,False,False,243,False,0.0,19.94459833795014,58.171745152354575,-0.0010000000000000009,0.5870655486515751,0.8737605969163663,-0.8739294710046567,-1.0032983040598158,0.0795738048093305,0.03972478433567288,-1.2,-1.0451297682881306,241,231.0,-10.0,43.0,315.0,267.0,29.8,12.8,74.0,0.8636748899545669,352.0,304.0,518.0,252,359,-21.0,-1.4651297682881306,playing-time dependent,elite bat speed; needs playing time
650490,Yandy Díaz,2026,1991-08-08,DH,R,Tampa Bay Rays,154,686,614,180,26,1,22,93,85,56,10,3,1,98,6,131,0,0,0,0,0,0,0,0,0,154,34.0,686.0,14.3,8.2,0.293,0.446,0.359,0.153,0.316,0.281,0.439,0.35,0.346,0.346,0.157,0.376,0.371,0.012,0.007,0.004,90.9,6.0,29.7,7.1,48.1,102.454762731,95.709031327,67.1,29.0,77.5,88.7,14.8,47.5,22.8,50.8,19.5,24.1,5.6,7.6,73.5,17.2,29.3,38.3,1.5,27.9,23.0,26.0,4.66,29.0,70.0,81.0,522.0,63.8,64.1,yandy diaz,TB,Yandy Diaz,TB,"1B,DH",126.2,81.0,123.0,133.0,707.0,34.9,4.590909090909091,1.030612244897959,30,1B,UT,False,81.0,560.7627118644068,4.015944775657477,146.2372881355932,0.5749643152516137,51.0,True,False,1,False,2.623906705539359,19.24198250728863,48.97959183673469,-0.0040000000000000036,0.5655577327286283,-0.6116927419549737,0.8970344373392543,-1.0032983040598158,-0.06624418268391,-0.1914942632137776,-1.2,-1.0988279365153573,247,30.0,-217.0,17.0,651.0,690.0,14.1,8.3,73.5,0.9564323078135406,640.0,612.0,574.0,49,171,-19.0,-1.4788279365153572,full-time,plus approach
571970,Max Muncy,2026,1990-08-25,3B,L,Los Angeles Dodgers,149,561,488,123,27,1,29,81,76,65,7,3,0,140,1,66,15,0,0,0,0,0,145,0,0,2,35.0,561.0,25.0,11.6,0.252,0.49,0.348,0.238,0.294,0.242,0.47,0.361,0.349,0.333,0.227,0.441,0.421,0.01,0.02,0.012,89.9,17.5,35.8,12.9,45.8,101.023217371,94.921257221,65.7,25.8,47.1,81.0,29.2,44.9,51.3,37.5,32.7,22.6,7.2,7.0,71.3,11.4,24.9,14.0,17.1,49.6,22.0,27.2,4.42,38.0,33.0,52.0,349.0,75.2,55.6,max muncy,LAD,Max Muncy,LAD,3B,232.0,141.0,234.0,239.0,585.0,35.8,3.9261744966442955,1.0427807486631016,93,3B,3B,False,141.0,425.5,3.7174234694899297,159.5,0.20875102715436578,48.0,True,False,53,False,3.2085561497326203,31.016042780748666,69.5187165775401,-0.01200000000000001,0.942168381212384,-0.35347403261292715,0.22942357386228282,-0.11972679497522302,-0.4550921493325513,-0.40418018437805714,-1.2,-0.9414140732880293,232,93.0,-139.0,176.0,388.0,409.0,21.4,13.6,71.1,0.9530992626415599,526.0,501.0,572.0,120,178,-27.0,-1.4814140732880294,full-time,elite contact quality
702332,Caleb Durbin,2026,2000-02-22,3B,R,Boston Red Sox,153,586,508,126,25,1,13,74,64,51,15,20,6,79,4,87,11,0,0,0,0,0,151,0,0,0,26.0,586.0,13.5,8.7,0.248,0.378,0.332,0.13,0.269,0.234,0.316,0.317,0.292,0.321,0.081,0.317,0.282,0.014,0.062,0.025,83.1,12.3,29.5,2.7,25.0,95.122217783,91.603408774,64.6,28.2,70.8,89.2,16.4,46.3,40.9,48.6,19.3,21.4,10.7,7.0,69.2,6.3,27.2,6.1,9.9,61.9,2.0,27.9,4.39,20.0,48.0,56.0,440.0,66.9,61.7,caleb durbin,BOS,Caleb Durbin,BOS,"2B,3B",230.0,138.0,229.0,199.0,571.0,26.4,3.7320261437908497,0.9744027303754266,99,3B,3B,False,138.0,425.5,3.7174234694899297,145.5,0.014602674300919993,39.0,True,False,54,False,20.477815699658702,13.310580204778157,52.218430034129696,-0.025000000000000022,-1.6519942735572744,-0.2168973935906783,0.6782934761418032,0.3956899186574559,-1.0869700951365937,0.01296666796121701,0.2200000000000003,-1.4218622989125866,267,99.0,-168.0,71.0,506.0,500.0,9.9,4.0,67.9,0.9279756018679889,570.0,529.0,557.0,102,235,-3.0,-1.4818622989125867,full-time,
685133,Wade Meckler,2026,2000-04-21,OF,L,Los Angeles Angels,98,337,300,90,15,1,3,43,27,32,3,8,0,63,0,71,2,0,1,0,0,0,0,0,105,2,26.0,337.0,18.7,9.5,0.3,0.387,0.373,0.087,0.372,0.263,0.359,0.342,0.314,0.34,0.097,0.379,0.341,0.037,0.028,0.028,86.9,6.7,33.9,2.9,33.5,96.774560086,92.481747662,65.9,23.1,51.7,89.3,20.8,44.0,33.5,53.6,18.8,25.9,1.7,6.8,69.0,6.9,31.8,2.2,12.0,46.2,3.0,28.8,4.12,9.0,43.0,37.0,239.0,76.0,57.3,wade meckler,LAA,Wade Meckler,LAA,"LF,CF,RF",569.0,277.0,674.0,,335.0,26.2,3.4183673469387754,0.9940652818991098,228,OF,OF,False,277.0,215.0,2.8044687189672293,120.0,0.6138986279715462,49.0,False,False,237,False,14.243323442136498,5.3412462908011875,56.97329376854599,-0.028000000000000025,-0.9088321070198425,-0.9905721494178268,0.6191020465336214,1.0583685504709024,-1.232788082629834,0.0,0.2600000000000002,-1.014644450262462,237,228.0,-9.0,,,,,,,0.9014259224244815,337.0,304.0,541.0,252,295,-24.0,-1.494644450262462,playing-time dependent,plus speed; needs playing time
666182,Bo Bichette,2026,1998-03-05,3B,R,New York Mets,160,696,638,166,25,2,18,76,78,49,2,2,2,127,7,121,10,0,0,0,0,1,113,47,0,6,28.0,696.0,18.2,7.0,0.26,0.39,0.312,0.13,0.296,0.28,0.423,0.309,0.33,0.331,0.142,0.346,0.375,-0.02,-0.033,-0.021,89.5,7.8,37.3,6.4,41.7,100.748372471,94.697541238,67.6,40.9,67.4,89.9,19.5,53.1,26.3,46.7,23.7,27.0,2.5,7.2,69.8,11.0,26.4,14.5,2.6,29.0,-8.0,26.1,4.68,26.0,59.0,81.0,518.0,72.6,64.2,bo bichette,NYM,Bo Bichette,NYM,"3B,SS,DH",84.4,57.0,87.0,88.0,616.0,28.3,3.85,0.8850574712643678,71,3B/SS,3B/SS,False,57.0,563.0,4.290827223004798,53.0,-0.4408272230047978,-14.0,False,False,41,False,1.7241379310344827,15.517241379310345,42.241379310344826,0.02100000000000002,0.15437469800098963,-1.4314543041858585,-0.08478476531059659,-0.929667344969432,1.1489057130930942,-0.4300163996209009,-0.16000000000000014,-1.3556977197751965,263,57.0,-206.0,-61.0,628.0,677.0,14.5,7.9,69.1,0.913479188075794,640.0,585.0,548.0,64,273,-7.0,-1.4956977197751966,full-time,unlucky (xwOBA >> wOBA)
656775,Cedric Mullins,2026,1994-10-01,OF,L,Tampa Bay Rays,137,502,439,90,10,3,15,56,48,43,7,21,10,97,4,62,2,0,3,0,0,0,0,0,132,1,31.0,502.0,19.3,8.6,0.205,0.344,0.284,0.139,0.227,0.192,0.311,0.281,0.264,0.274,0.119,0.299,0.274,0.013,0.033,0.017,88.1,25.2,24.4,4.3,33.1,97.797109518,93.028805106,71.7,31.2,67.3,83.2,22.1,49.8,45.7,33.2,31.8,18.5,16.8,7.4,71.0,8.0,25.2,9.3,11.8,63.6,-13.0,27.9,4.33,18.0,36.0,35.0,352.0,77.7,58.0,cedric mullins,TB,Cedric Mullins II,TB,CF,328.0,203.0,294.0,279.0,462.0,31.7,3.372262773722628,0.9203187250996016,155,OF,OF,False,203.0,358.0,3.18680233337683,104.0,0.185460440345798,48.0,False,False,122,False,25.099601593625497,17.928286852589643,51.394422310756966,-0.017000000000000015,-1.0470813483779895,0.1388470438463997,-0.11260471115005427,0.3956899186574559,-0.6981221284879522,0.15639029924811904,-0.8399999999999999,-1.9013229793348891,297,155.0,-142.0,-40.0,498.0,502.0,24.1,6.2,71.1,0.9671818899435561,501.0,485.0,580.0,135,149,20.0,-1.5013229793348892,full-time,
666160,Mickey Moniak,2026,1998-05-13,OF,L,Colorado Rockies,117,436,404,96,17,6,23,49,65,22,3,1,1,120,7,50,1,0,5,0,0,0,0,0,85,40,28.0,436.0,27.5,5.0,0.238,0.48,0.278,0.242,0.272,0.212,0.392,0.322,0.279,0.255,0.179,0.422,0.358,0.026,0.088,0.043,89.7,21.4,32.0,9.6,41.6,99.875625205,94.179652165,76.4,44.0,51.3,82.0,30.3,59.0,48.1,34.0,36.8,20.3,8.9,7.8,74.3,10.0,21.1,45.4,13.8,52.0,8.0,28.1,4.37,29.0,27.0,39.0,291.0,85.7,66.5,mickey moniak,COL,Mickey Moniak,COL,"LF,CF,RF,DH",238.3,147.0,236.0,230.0,441.0,28.1,3.769230769230769,1.011467889908257,168,OF,OF,False,147.0,425.5,3.7174234694899297,15.5,0.05180729974083942,-21.0,False,False,132,False,1.3761467889908259,31.651376146788994,30.275229357798167,-0.04299999999999998,0.17872335883750917,0.65706774082655,-0.8910153731544078,0.5429518368382236,-1.961878020096034,-0.5089168345837224,-0.12000000000000029,-1.2078880829750815,254,147.0,-107.0,-81.0,461.0,522.0,23.9,13.8,73.7,0.9924351091780872,441.0,438.0,595.0,162,104,-15.0,-1.5078880829750816,full-time,needs playing time
686217,Sal Frelick,2026,2000-04-19,OF,L,Milwaukee Brewers,111,384,339,78,18,0,4,36,40,31,2,7,3,38,4,56,1,0,2,0,0,0,0,0,108,2,26.0,384.0,9.9,8.1,0.23,0.319,0.295,0.089,0.246,0.241,0.324,0.275,0.281,0.304,0.082,0.265,0.272,-0.011,-0.005,-0.006,85.7,9.8,27.4,2.3,26.8,96.291650133,92.170939431,59.8,24.6,79.3,94.1,10.1,42.8,38.8,50.8,21.2,19.2,8.8,7.1,68.3,9.1,35.3,3.1,5.4,46.5,-12.0,28.7,4.25,15.0,32.0,31.0,307.0,59.7,56.8,sal frelick,MIL,Sal Frelick,MIL,"LF,CF,RF",206.6,122.0,201.0,188.0,319.0,26.2,2.873873873873874,0.8307291666666666,244,OF,OF,False,122.0,455.0,3.736,-136.0,-0.8621261261261264,-122.0,False,False,237,True,10.9375,6.25,48.4375,0.006000000000000005,-1.5438818542024206,-1.0511962930133036,0.9973324139068582,0.9847375913805186,0.4198157756268917,0.35722313706441433,0.2600000000000002,-0.35408572723023884,191,122.0,-69.0,-314.0,594.0,633.0,13.5,3.1,68.1,0.952090687724924,426.0,406.0,571.0,182,185,-60.0,-1.5540857272302389,playing-time dependent,plus approach; plus speed; needs playing time
665877,José Fermín,2026,1999-03-29,OF,R,St. Louis Cardinals,118,370,327,81,17,0,6,33,41,30,2,8,0,50,7,58,3,0,0,0,1,21,35,5,72,2,27.0,370.0,13.5,8.1,0.248,0.355,0.309,0.107,0.27,0.248,0.336,0.295,0.291,0.313,0.088,0.301,0.296,0.0,0.019,0.004,86.1,16.5,34.6,2.1,31.5,96.327228662,92.213290528,56.6,22.1,75.4,90.1,13.9,39.7,48.3,39.5,23.4,25.9,11.2,7.4,68.0,7.1,34.6,2.2,7.5,63.1,-5.0,27.1,4.49,10.0,23.0,48.0,286.0,66.4,61.4,jose fermin,STL,,,,,,,,324.0,27.3,2.7457627118644066,0.8756756756756757,239,2B/3B/OF,2B/3B/OF,True,339.0,172.67,2.396692273871662,151.33,0.3490704379927445,100.0,False,False,237,False,12.972972972972974,9.72972972972973,48.64864864864865,-0.0040000000000000036,-1.2853675716203592,-0.38213375893198154,0.8203078558105474,-0.19335775406560424,-0.06624418268391,0.0,0.03999999999999986,-1.046537967336192,242,239.0,-3.0,253.0,70.0,71.0,14.3,0.0,68.0,0.9230739049941743,310.0,286.0,554.0,266,249,-27.0,-1.5865379673361921,playing-time dependent,plus approach; needs playing time
667472,Dane Myers,2026,1996-03-08,OF,R,Cincinnati Reds,117,334,292,75,11,0,8,39,27,37,3,10,0,82,2,56,2,0,1,0,0,0,0,0,106,5,30.0,334.0,24.6,11.1,0.257,0.377,0.344,0.12,0.328,0.236,0.356,0.324,0.309,0.33,0.119,0.378,0.356,0.021,0.021,0.015,89.2,13.5,33.5,4.9,36.3,98.774903,93.702558844,62.5,25.2,69.1,82.5,21.6,43.2,25.9,45.3,24.5,23.6,6.6,7.2,71.2,9.1,24.3,18.4,7.8,50.1,7.0,28.0,4.43,11.0,33.0,31.0,212.0,65.5,58.4,dane myers,CIN,,,,,,,,321.0,30.3,2.7435897435897436,0.9610778443113772,241,OF,OF,True,339.0,172.67,2.396692273871662,148.33,0.34689746971808155,98.0,False,False,237,False,17.964071856287426,14.371257485029941,66.46706586826348,-0.015000000000000013,-0.4119963265647741,-0.2707220288410164,0.29125795763538737,0.4693208777478397,-0.6009101368257919,-0.42519489299103325,-0.5600000000000002,-1.3412851792512472,260,241.0,-19.0,-1.0,333.0,322.0,23.1,7.8,70.9,0.9066726388588205,334.0,303.0,544.0,254,286,-13.0,-1.6012851792512472,playing-time dependent,needs playing time
664728,Kyle Isbel,2026,1997-03-03,OF,L,Kansas City Royals,100,323,294,66,9,1,6,32,24,15,3,6,0,74,2,50,4,0,0,0,0,0,0,0,98,0,29.0,323.0,22.9,4.6,0.224,0.323,0.268,0.099,0.278,0.225,0.303,0.262,0.255,0.269,0.077,0.314,0.304,-0.001,0.02,0.007,88.4,10.9,24.7,2.6,32.9,98.475584528,93.388440427,61.7,35.7,62.2,93.6,18.2,48.4,32.5,49.4,20.3,20.8,9.5,7.1,71.3,10.0,27.3,13.9,2.8,39.3,-17.0,27.3,4.44,10.0,31.0,25.0,231.0,66.7,65.0,kyle isbel,KC,,,,,,,,249.0,29.3,2.49,0.7708978328173375,296,OF,OF,True,339.0,172.67,2.396692273871662,76.33000000000001,0.09330772612833815,43.0,False,False,255,False,11.145510835913312,11.145510835913312,27.863777089783284,-0.007000000000000006,-0.9457132808136628,-0.8032400800031633,-0.1644361290677039,-0.0460958358848392,-0.21206217017715048,-0.03580822921174864,-0.36000000000000015,-2.1874056125566197,314,296.0,-18.0,-92.0,409.0,341.0,18.1,1.6,70.4,0.839467348878962,340.0,285.0,504.0,267,388,29.0,-1.6074056125566196,playing-time dependent,needs playing time
683011,Anthony Volpe,2026,2001-04-28,SS,R,New York Yankees,70,246,220,54,12,1,2,24,28,25,0,12,4,56,1,39,6,0,0,0,0,12,1,57,0,0,25.0,246.0,22.8,10.2,0.245,0.336,0.321,0.091,0.319,0.232,0.334,0.297,0.291,0.311,0.103,0.337,0.328,0.013,0.002,0.006,87.9,12.6,33.3,4.9,37.0,98.213619268,93.220690982,66.5,25.7,53.5,83.2,25.2,45.9,32.7,43.0,23.0,27.3,6.7,7.1,70.9,9.4,24.9,14.0,9.8,56.4,-5.0,28.3,4.35,8.0,18.0,28.0,165.0,76.9,64.6,anthony volpe,NYY,Anthony Volpe,NYY,SS,327.2,202.0,357.0,360.0,235.0,25.2,3.357142857142857,0.9552845528455285,303,SS,SS,False,202.0,358.0,3.18680233337683,-123.0,0.17034052376602737,-101.0,False,False,255,True,29.26829268292683,4.878048780487806,60.97560975609756,-0.006000000000000005,-0.5815662537827937,-0.10835851506640637,0.05180957065857008,0.6902137550189886,-0.16345617434607035,-0.8433030423654849,0.4600000000000002,-0.5330764535263253,204,202.0,-2.0,-309.0,596.0,544.0,25.2,10.5,72.6,0.9532619385458541,316.0,301.0,572.0,257,178,-55.0,-1.6330764535263254,playing-time dependent,needs playing time
702616,Jackson Holliday,2026,2003-12-04,2B,L,Baltimore Orioles,98,354,315,72,12,1,7,45,30,34,0,8,3,84,4,52,6,0,0,0,0,85,4,7,0,5,22.0,354.0,23.7,9.6,0.229,0.34,0.3,0.111,0.285,0.236,0.352,0.284,0.293,0.304,0.116,0.329,0.342,-0.007,-0.012,-0.009,87.0,12.5,36.4,6.4,33.1,97.252535641,92.656907564,64.3,26.8,53.5,81.8,26.9,45.0,33.9,44.1,24.2,25.4,6.4,7.0,70.6,8.6,26.3,6.2,9.3,53.6,-7.0,28.9,4.24,9.0,28.0,35.0,236.0,79.3,62.5,jackson holliday,BAL,Jackson Holliday,BAL,"2B,SS,DH",175.4,102.0,160.0,280.0,306.0,22.6,3.122448979591837,0.864406779661017,254,2B,2B,False,102.0,560.7627118644068,4.015944775657477,-254.7627118644068,-0.8934957960656402,-152.0,False,False,245,True,13.559322033898304,11.864406779661017,57.6271186440678,0.009000000000000008,-0.6483023803835779,-0.3988146818296305,-0.15495533744904655,1.1319995095612836,0.5656337631201322,-0.5135972389206684,0.9799999999999998,0.3799888123076206,139,102.0,-37.0,-284.0,649.0,590.0,21.6,7.8,70.6,0.9034806016495731,413.0,373.0,542.0,204,293,-102.0,-1.6600111876923793,playing-time dependent,plus speed; needs playing time; young
691011,Drew Romo,2026,2001-08-29,C,S,Chicago White Sox,61,206,180,26,6,0,7,17,16,20,3,1,0,47,1,13,7,17,0,60,1,0,0,0,0,0,24.0,206.0,22.8,9.7,0.144,0.294,0.24,0.15,0.15,0.188,0.294,0.243,0.262,0.279,0.106,0.25,0.278,-0.044,0.0,-0.019,84.4,18.2,26.5,5.9,26.5,95.617195606,91.855851364,72.2,34.4,48.2,82.6,30.2,51.2,39.0,40.4,29.4,17.6,12.5,7.5,69.9,6.6,21.3,5.1,13.2,49.1,-12.0,26.4,4.53,9.0,4.0,13.0,136.0,78.6,62.1,drew romo,CWS,,,,,,,,165.0,24.8,2.7049180327868854,0.8009708737864077,368,C,C,True,339.0,172.67,2.396692273871662,-7.6699999999999875,0.3082257589152233,-29.0,False,False,339,False,2.9126213592233006,20.388349514563107,58.25242718446602,0.019000000000000017,-1.3705385293704155,-0.7017481717554355,-0.4582220372416681,-0.7087744676982858,1.0516937214309339,0.0,0.5399999999999999,-1.5290565592519187,276,368.0,92.0,165.0,3.0,0.0,,,,0.8778041377183665,250.0,219.0,527.0,375,337,-7.0,-1.6690565592519189,playing-time dependent,unlucky (xwOBA >> wOBA); needs playing time; young
543760,Marcus Semien,2026,1990-09-17,2B,R,New York Mets,139,547,494,106,15,1,15,55,49,45,2,10,3,104,5,75,6,0,0,0,0,139,0,0,0,0,35.0,547.0,19.0,8.2,0.215,0.34,0.28,0.125,0.239,0.24,0.375,0.276,0.3,0.304,0.135,0.299,0.331,-0.025,-0.035,-0.024,86.8,18.9,33.6,5.8,33.3,97.000149286,92.545980638,71.4,27.3,54.1,85.8,23.0,49.3,47.0,36.9,32.8,22.2,8.1,7.8,68.6,6.8,29.0,2.6,15.2,58.1,-16.0,28.3,4.42,25.0,36.0,45.0,396.0,78.7,67.8,marcus semien,NYM,Marcus Semien,NYM,2B,203.8,121.0,238.0,183.0,449.0,35.8,3.2302158273381294,0.8208409506398537,166,2B,2B,False,121.0,467.0,3.736,-18.0,-0.5057841726618708,-45.0,False,False,132,False,10.96892138939671,16.453382084095065,49.36014625228519,0.023999999999999966,-0.7581939895707187,-0.5168880626544267,0.005246379247777655,0.6902137550189886,1.294723700586332,-0.10753447360266952,-1.2,-1.4301073795250472,269,121.0,-148.0,-40.0,534.0,489.0,17.4,6.8,68.5,0.8924423109616414,544.0,485.0,535.0,135,313,-14.0,-1.7101073795250472,full-time,unlucky (xwOBA >> wOBA)
694671,Wyatt Langford,2026,2001-11-15,OF,R,Texas Rangers,110,471,411,98,20,2,17,64,44,55,4,15,4,107,1,59,1,0,5,0,0,0,0,0,109,9,24.0,471.0,22.7,11.7,0.238,0.421,0.333,0.183,0.281,0.231,0.387,0.333,0.319,0.327,0.156,0.38,0.358,0.007,0.034,0.014,88.6,20.3,32.5,7.9,36.4,99.42584634,93.857821902,68.3,26.2,55.3,82.7,25.3,46.5,43.0,33.1,30.5,23.3,13.1,6.9,72.8,9.6,22.9,27.2,13.7,53.0,7.0,28.2,4.36,24.0,26.0,47.0,305.0,80.2,64.9,wyatt langford,TEX,Wyatt Langford,TEX,"LF,CF,DH",44.4,33.0,40.0,44.0,492.0,24.6,4.472727272727273,1.0445859872611465,138,OF,OF,False,33.0,646.5714285714286,4.468071322604339,-154.57142857142856,0.0046559501229337386,-105.0,False,False,120,True,19.10828025477707,21.656050955414013,70.06369426751593,-0.014000000000000012,-0.14360172278062822,0.20564324839116552,0.2587548837796752,0.6165827959286048,-0.5523041409947117,-0.8164992110681318,0.5799999999999997,0.2044617955133497,149,33.0,-116.0,-123.0,573.0,615.0,26.4,14.0,73.1,1.0110097268034992,491.0,496.0,607.0,129,79,-96.0,-1.7155382044866503,full-time,young
668227,Randy Arozarena,2026,1995-02-28,OF,R,Seattle Mariners,154,670,572,161,34,2,26,113,79,68,26,26,8,145,4,99,2,0,4,0,0,0,0,0,149,5,31.0,670.0,21.6,10.1,0.281,0.484,0.381,0.203,0.333,0.258,0.419,0.379,0.348,0.362,0.161,0.435,0.388,0.023,0.065,0.031,90.8,10.0,36.0,8.1,43.5,100.588190372,94.755039419,63.3,30.6,68.4,76.7,26.3,45.9,36.2,48.5,23.7,23.4,4.4,7.2,70.9,11.1,26.1,22.2,7.9,58.6,37.0,27.1,4.41,33.0,59.0,68.0,431.0,76.4,61.1,randy arozarena,SEA,Randy Arozarena,SEA,"LF,CF",83.0,55.0,83.0,50.0,808.0,31.3,5.246753246753247,1.2059701492537314,4,OF,OF,False,55.0,563.0,4.290827223004798,245.0,0.9559260237484493,51.0,True,False,1,False,23.283582089552237,23.283582089552237,60.895522388059696,-0.031000000000000028,0.36441665040485655,0.12465929398450482,0.22933660104548148,-0.19335775406560424,-1.3786060701230747,-0.48575122810312216,-0.7600000000000002,-1.280381761494335,257,4.0,-253.0,41.0,709.0,767.0,26.9,11.5,72.3,1.0223452877375352,640.0,654.0,613.0,26,67,-22.0,-1.7203817614943349,full-time,
686780,Pedro Pagés,2026,1998-09-17,C,R,St. Louis Cardinals,84,211,189,41,6,0,4,14,12,14,2,2,0,56,2,31,5,19,0,79,3,0,0,0,0,1,27.0,211.0,26.5,6.6,0.217,0.312,0.275,0.095,0.282,0.218,0.329,0.264,0.273,0.28,0.111,0.321,0.336,-0.001,-0.017,-0.009,86.7,14.9,30.9,4.3,37.7,99.310410149,93.682204776,64.3,34.9,48.4,85.4,28.1,49.1,38.1,44.6,27.3,18.0,10.1,7.2,72.8,8.2,17.6,24.5,10.9,43.9,-12.0,25.5,4.78,9.0,15.0,16.0,139.0,75.0,65.4,pedro pages,STL,,,,,,,,181.0,27.8,2.1547619047619047,0.8578199052132701,357,C,C,True,339.0,172.67,2.396692273871662,8.330000000000013,-0.2419303691097574,-18.0,False,False,283,False,5.687203791469194,11.374407582938389,39.81042654028436,0.009000000000000008,-0.4434144076199771,-0.23545493772268675,-0.6020959452281611,-1.3714530995117298,0.5656337631201322,0.06566836798427082,-0.060000000000000143,-1.4852359620407085,273,357.0,84.0,-181.0,389.0,362.0,27.5,7.4,72.6,0.8889289431218864,250.0,222.0,533.0,371,320,-14.0,-1.7652359620407085,playing-time dependent,needs playing time
671976,Tristan Peters,2026,2000-02-29,OF,L,Chicago White Sox,156,491,437,116,31,4,12,63,56,37,11,8,2,90,2,69,3,0,3,0,0,0,0,0,178,0,26.0,491.0,18.3,7.5,0.265,0.437,0.337,0.172,0.309,0.248,0.384,0.34,0.314,0.322,0.136,0.377,0.34,0.017,0.053,0.026,87.5,18.0,33.1,5.4,34.1,98.255124545,93.229307788,74.7,32.6,62.3,83.5,23.0,53.6,51.3,40.8,28.6,22.4,8.2,6.9,69.8,9.4,26.6,7.3,13.7,56.3,11.0,28.6,4.27,21.0,39.0,56.0,353.0,83.2,61.5,tristan peters,CWS,,,,,,,,501.0,26.3,3.2115384615384617,1.0203665987780042,132,OF,OF,True,339.0,172.67,2.396692273871662,328.33000000000004,0.8148461876667996,207.0,True,False,120,False,9.775967413441954,14.663951120162933,45.21384928716905,-0.026000000000000023,-0.5829728031270975,-0.3643581239684441,0.10336051918372491,0.9111066322901374,-1.1355760909676738,0.0,0.23999999999999988,-0.650955736054405,214,132.0,-82.0,501.0,12.0,0.0,,,,1.0018447559095351,395.0,396.0,601.0,188,94,-56.0,-1.7709557360544053,full-time,plus speed
665161,Jeremy Peña,2026,1997-09-22,SS,R,Houston Astros,112,483,447,124,19,2,22,82,56,24,9,12,2,116,3,81,13,0,0,0,0,0,0,109,0,2,28.0,483.0,24.0,5.0,0.277,0.477,0.325,0.2,0.327,0.268,0.431,0.347,0.326,0.318,0.163,0.432,0.402,0.009,0.046,0.021,88.6,13.0,35.0,7.2,39.2,99.832845689,93.995355988,74.5,39.3,47.0,81.5,31.8,55.3,48.2,43.4,25.7,24.0,6.9,7.6,72.3,10.0,22.5,16.3,13.2,61.4,11.0,29.3,4.33,25.0,43.0,56.0,334.0,75.2,67.7,jeremy pena,HOU,Jeremy Pena,HOU,SS,105.8,70.0,99.0,166.0,531.0,28.8,4.741071428571429,1.0993788819875776,118,SS,SS,False,70.0,560.7627118644068,4.015944775657477,-29.76271186440681,0.7251266529139517,-48.0,False,False,120,False,14.906832298136646,27.32919254658385,29.81366459627329,-0.020999999999999963,0.15619106814696382,0.32516682877045233,-0.6830507045132195,1.4265233459228164,-0.8925461118122703,-0.6083826121735443,-0.2600000000000002,-0.561520180734997,207,70.0,-137.0,-82.0,543.0,613.0,17.1,8.2,72.3,0.9933216752737307,495.0,492.0,596.0,131,102,-61.0,-1.781520180734997,full-time,plus speed
655316,Andruw Monasterio,2026,1997-05-30,SS,R,Boston Red Sox,107,347,313,73,23,1,6,35,43,26,3,4,4,68,4,43,7,0,0,0,11,22,4,54,0,12,29.0,347.0,19.6,7.5,0.233,0.371,0.295,0.138,0.276,0.23,0.352,0.293,0.287,0.295,0.122,0.326,0.318,0.003,0.019,0.006,87.4,20.9,36.8,6.4,31.2,97.261394919,92.699092996,66.4,26.6,60.6,88.8,18.9,47.1,36.4,33.6,31.2,23.6,11.6,6.9,69.6,8.3,25.6,3.7,11.0,56.4,-10.0,27.2,4.49,16.0,20.0,37.0,250.0,76.9,66.3,andruw monasterio,BOS,,,,,,,,301.0,29.1,2.8130841121495327,0.8674351585014409,259,2B/SS,2B/SS,True,339.0,172.67,2.396692273871662,128.33,0.41639183827787063,80.0,False,False,247,False,6.916426512968299,10.37463976945245,44.956772334293944,-0.006000000000000005,-0.8236575971828825,-0.44564564807350954,0.25310815490909855,-0.11972679497522302,-0.16345617434607035,0.0,-0.3200000000000003,-1.4296522017168378,268,259.0,-9.0,163.0,135.0,138.0,23.7,5.3,68.4,0.8994817027361135,305.0,274.0,540.0,278,298,-19.0,-1.8096522017168377,playing-time dependent,needs playing time
683083,Nasim Nuñez,2026,2000-08-18,2B,S,Washington Nationals,147,493,431,90,6,3,1,55,37,49,2,49,10,99,2,80,17,0,0,0,0,105,0,44,0,1,25.0,493.0,20.1,9.9,0.209,0.244,0.291,0.035,0.267,0.221,0.274,0.251,0.268,0.304,0.053,0.256,0.281,-0.012,-0.03,-0.017,85.2,8.3,28.9,0.9,22.2,95.081777107,91.558154732,68.2,25.9,60.4,85.2,21.6,47.1,32.1,53.1,18.7,23.0,5.2,6.8,68.3,5.2,24.0,3.3,5.1,42.2,-25.0,29.7,4.17,7.0,41.0,41.0,343.0,84.1,68.2,nasim nunez,WSH,Nasim Nunez,WSH,"2B,SS",439.0,257.0,412.0,479.0,468.0,25.9,3.183673469387755,0.949290060851927,148,2B/SS,2B/SS,False,257.0,229.0,2.9215686274509802,239.0,0.26210484193677486,109.0,True,False,121,False,59.63488843813387,1.2170385395537524,59.63488843813387,0.017000000000000015,-1.864514148651557,-1.2349146399659943,0.01372541194051117,1.7210471822843465,0.9544817297687735,0.0,0.3200000000000003,-1.122641613644109,249,148.0,-101.0,355.0,92.0,113.0,21.7,4.7,69.3,0.97556312526507,413.0,403.0,585.0,183,127,-35.0,-1.8226416136441093,full-time,unlucky (xwOBA >> wOBA); plus speed
621020,Dansby Swanson,2026,1994-02-11,SS,R,Chicago Cubs,126,486,428,91,16,3,19,82,69,51,2,17,1,115,4,53,8,0,0,0,0,0,0,124,0,1,32.0,486.0,23.7,10.5,0.213,0.397,0.297,0.184,0.242,0.22,0.38,0.306,0.301,0.303,0.16,0.35,0.346,-0.007,0.017,0.005,89.2,15.5,28.9,7.3,40.6,99.322246962,93.934010571,70.9,26.4,44.3,80.1,30.4,47.5,50.0,43.1,29.9,19.8,7.2,7.6,71.5,9.9,25.9,9.8,15.7,53.8,-4.0,28.3,4.34,24.0,27.0,39.0,318.0,83.8,58.2,dansby swanson,CHC,Dansby Swanson,CHC,SS,161.4,95.0,140.0,126.0,508.0,32.4,4.031746031746032,1.045267489711934,128,SS,SS,False,95.0,560.7627118644068,4.015944775657477,-52.76271186440681,0.01580125608855454,-33.0,False,False,120,False,20.987654320987655,23.45679012345679,62.96296296296296,-0.0050000000000000044,-0.11268535012593814,-0.21573010101552959,-0.2045699729848006,0.6902137550189886,-0.11485017851499017,-0.2933517880877906,-0.9799999999999998,-1.3402424584400292,259,95.0,-164.0,-141.0,645.0,649.0,26.0,11.7,70.9,0.9663985068695786,518.0,501.0,580.0,120,149,-25.0,-1.8402424584400292,full-time,
643217,Andrew Benintendi,2026,1994-07-06,DH,L,Chicago White Sox,141,468,421,101,24,2,15,58,78,39,1,1,0,112,6,60,0,0,1,0,0,0,0,0,11,121,31.0,468.0,23.9,8.3,0.24,0.413,0.302,0.173,0.287,0.24,0.398,0.311,0.307,0.302,0.158,0.373,0.368,0.0,0.015,0.004,89.3,17.3,36.4,8.6,45.1,99.117923462,93.899353666,73.1,33.8,59.4,78.3,28.3,51.8,50.6,36.1,32.3,25.0,6.6,7.2,70.0,9.9,26.4,5.0,16.6,53.2,-3.0,26.5,4.47,22.0,24.0,55.0,316.0,81.4,58.5,andrew benintendi,CWS,Andrew Benintendi,CWS,"LF,DH",371.5,224.0,413.0,405.0,456.0,32.0,3.234042553191489,0.9743589743589743,157,OF,UT,False,224.0,341.7741935483871,3.088741546261319,114.22580645161293,0.14530100693017012,67.0,False,False,122,False,1.2820512820512822,19.23076923076923,50.0,-0.0040000000000000036,0.19844554026870154,-0.5123781542791327,-0.5310596539131373,-0.6351435086079019,-0.06624418268391,0.2271829069989555,-0.9,-1.6644394812721903,285,157.0,-128.0,9.0,470.0,447.0,17.4,11.1,68.7,0.9184690921773088,468.0,430.0,551.0,166,261,-9.0,-1.8444394812721903,full-time,
665953,Andrés Chaparro,2026,1999-05-04,1B,R,Washington Nationals,83,228,198,52,13,0,13,36,39,25,5,0,0,53,0,26,3,0,0,0,56,0,6,0,0,21,27.0,228.0,23.2,11.0,0.268,0.53,0.364,0.262,0.303,0.233,0.451,0.387,0.344,0.334,0.218,0.463,0.396,0.035,0.079,0.043,89.9,16.8,29.0,13.1,44.1,101.366810548,95.09789131,71.3,32.0,48.1,78.8,32.4,49.3,50.3,40.7,29.0,18.6,11.7,7.3,74.2,11.5,22.0,44.8,11.6,52.2,15.0,25.1,4.89,14.0,18.0,21.0,145.0,80.4,61.8,andres chaparro,WSH,,,,,,,,258.0,27.2,3.108433734939759,1.131578947368421,289,1B,1B,True,339.0,172.67,2.396692273871662,85.33000000000001,0.711741461068097,50.0,False,False,250,False,0.0,34.21052631578947,65.78947368421052,-0.04300000000000004,0.8160566514544211,0.6430435742858093,-0.17290842504356693,-1.66597693587326,-1.9618780200960366,0.0,0.060000000000000143,-0.585269464598545,208,289.0,81.0,214.0,73.0,44.0,30.1,11.1,73.3,0.9230781872205708,250.0,231.0,554.0,352,249,-63.0,-1.845269464598545,playing-time dependent,elite contact quality; needs playing time
683737,Michael Busch,2026,1997-11-09,1B,L,Chicago Cubs,160,710,600,145,27,2,20,78,77,92,13,3,2,165,5,96,4,0,0,0,160,0,0,0,0,0,28.0,710.0,23.2,13.0,0.242,0.393,0.352,0.151,0.298,0.233,0.402,0.333,0.331,0.342,0.169,0.372,0.369,0.009,-0.009,0.002,88.4,15.6,34.3,9.1,39.8,98.887664018,93.612834247,64.5,25.0,51.8,84.0,25.7,43.7,39.5,39.8,34.3,21.4,4.5,7.0,68.7,10.3,28.7,5.4,15.2,49.6,16.0,26.0,4.66,38.0,38.0,68.0,440.0,76.1,62.3,michael busch,CHC,Michael Busch,CHC,1B,99.4,68.0,101.0,95.0,646.0,28.6,4.0375,0.9098591549295775,50,1B,1B,False,68.0,560.7627118644068,4.015944775657477,85.23728813559319,0.02155522434252255,18.0,False,False,40,False,2.5352112676056335,16.901408450704224,77.74647887323944,-0.0020000000000000018,0.03811181750271754,-0.827108394216038,0.4986351082647746,-1.0032983040598158,0.030967808978250338,-1.1380499146069747,-0.2200000000000003,-1.767945830456744,291,50.0,-241.0,-7.0,592.0,653.0,23.5,17.1,69.6,0.9412731911869042,640.0,602.0,565.0,54,210,-4.0,-1.847945830456744,full-time,
665862,Jazz Chisholm Jr.,2026,1998-02-01,2B,L,New York Yankees,137,532,471,109,16,3,19,69,55,56,1,41,9,157,4,71,9,0,0,0,0,137,0,0,0,1,28.0,532.0,29.5,10.5,0.231,0.399,0.312,0.168,0.301,0.216,0.366,0.312,0.294,0.296,0.15,0.4,0.37,0.015,0.033,0.018,90.4,16.3,29.9,8.2,42.8,100.204570455,94.436904935,64.3,29.4,54.6,76.7,30.9,45.8,50.9,42.1,28.9,20.1,8.8,7.9,72.9,10.4,23.2,28.2,15.6,59.4,-6.0,28.3,4.22,24.0,40.0,42.0,318.0,78.5,62.8,jazz chisholm,NYY,Jazz Chisholm Jr.,NYY,"2B,3B",21.4,19.0,21.0,21.0,592.0,28.4,4.321167883211679,1.112781954887218,86,2B/3B,2B,False,19.0,652.3103448275862,4.58933933933934,-60.310344827586164,-0.2681714561276607,-67.0,False,False,53,False,46.24060150375939,21.428571428571427,63.1578947368421,-0.018000000000000016,0.22189367967041976,0.5134920348556061,-0.6001682885208309,0.6902137550189886,-0.7467281243190323,-0.8280940293458909,-0.17999999999999972,-0.6724412172379386,215,19.0,-196.0,-36.0,531.0,628.0,27.9,15.0,73.9,1.054935653478799,532.0,561.0,633.0,78,28,-59.0,-1.8524412172379385,full-time,
663656,Kyle Tucker,2026,1997-01-17,OF,L,Los Angeles Dodgers,154,627,540,126,23,4,17,90,70,78,3,12,0,105,6,82,4,0,7,0,0,0,0,0,152,0,29.0,627.0,16.7,12.4,0.233,0.385,0.33,0.152,0.257,0.256,0.393,0.318,0.331,0.35,0.137,0.325,0.343,-0.023,-0.008,-0.013,88.5,18.1,34.2,6.4,36.3,98.257582237,93.315781621,74.3,23.9,59.1,86.0,20.8,48.5,42.0,36.5,34.9,21.8,6.8,7.3,71.4,8.2,26.9,19.3,10.0,45.3,2.0,26.6,4.53,32.0,29.0,65.0,441.0,85.4,59.9,kyle tucker,LAD,Kyle Tucker,LAD,"RF,DH",10.8,9.0,15.0,12.0,621.0,29.4,4.032467532467533,0.9904306220095693,66,OF,OF,False,9.0,652.3103448275862,4.743589743589744,-31.310344827586164,-0.7111222111222109,-57.0,False,False,41,False,11.483253588516746,16.267942583732058,74.64114832535886,0.013000000000000012,-0.43438763831576893,-0.4391149421098068,0.6951732864695318,-0.5615125495175182,0.7600577464444528,-0.7325671906098468,-0.3799999999999997,-1.0724966745398927,246,9.0,-237.0,-81.0,597.0,702.0,14.7,10.8,72.0,0.986325619420365,621.0,613.0,592.0,48,109,-39.0,-1.8524966745398928,full-time,
657136,Connor Wong,2026,1996-05-19,C,R,Boston Red Sox,77,238,210,49,12,0,4,22,25,17,6,3,1,57,1,33,4,8,0,73,0,0,0,0,0,3,30.0,238.0,23.9,7.1,0.233,0.348,0.308,0.115,0.3,0.219,0.327,0.295,0.281,0.295,0.108,0.342,0.322,0.014,0.021,0.014,85.9,12.6,24.7,4.4,34.8,99.018654737,93.54581298,64.9,32.0,53.4,86.9,24.6,47.9,41.1,46.8,24.7,19.6,8.9,7.4,72.9,9.3,20.3,29.1,13.0,49.1,-5.0,27.6,4.47,11.0,15.0,22.0,158.0,75.7,63.9,connor wong,BOS,Connor Wong,BOS,C,849.5,335.0,1303.0,,213.0,30.1,2.7662337662337664,0.8949579831932774,330,C,C,False,335.0,172.67,2.396692273871662,40.33000000000001,0.3695414923621043,5.0,False,False,279,False,7.563025210084033,10.084033613445378,42.857142857142854,-0.013999999999999957,-0.6287498579641351,0.08047097949962799,-0.18976243483794716,0.17479704138630967,-0.552304140994709,0.5037429023611426,-0.5200000000000004,-1.0416648225012175,240,330.0,90.0,82.0,188.0,131.0,22.3,3.1,72.3,0.8893170587957537,250.0,222.0,534.0,371,317,-41.0,-1.8616648225012176,playing-time dependent,needs playing time
592626,Joc Pederson,2026,1992-04-21,DH,L,Texas Rangers,136,432,374,88,12,2,26,56,53,49,5,2,0,102,3,48,1,0,0,0,9,0,0,0,3,117,34.0,432.0,23.6,11.3,0.235,0.487,0.329,0.252,0.249,0.242,0.445,0.352,0.343,0.334,0.203,0.416,0.402,-0.007,0.042,0.009,92.1,16.0,30.9,11.3,50.9,102.047397007,95.678260401,64.8,30.1,52.4,78.7,30.0,47.0,42.9,41.1,31.3,20.7,6.9,7.5,72.2,13.1,25.6,22.5,9.5,56.0,12.0,25.0,4.6,28.0,25.0,35.0,275.0,68.5,58.5,joc pederson,TEX,,,,,,,,438.0,34.2,3.2205882352941178,1.0138888888888888,171,1B,UT,True,339.0,172.67,2.396692273871662,265.33000000000004,0.8238959614224557,168.0,False,False,132,False,2.7777777777777777,36.11111111111111,68.05555555555556,-0.008999999999999952,1.0243998514942736,0.18138601875721339,-0.09188402190184752,-1.7396078949636435,-0.3092741618393081,0.18886196541396577,-1.2,-0.9912682052052034,235,171.0,-64.0,204.0,306.0,234.0,21.2,9.5,73.3,0.8675569509844163,407.0,353.0,521.0,215,352,-44.0,-1.8712682052052034,full-time,elite contact quality; needs playing time
605141,Mookie Betts,2026,1992-10-07,SS,R,Los Angeles Dodgers,123,528,478,123,25,0,23,71,69,47,2,2,3,58,1,75,9,0,0,0,0,0,0,122,0,0,33.0,528.0,11.0,8.9,0.257,0.454,0.326,0.197,0.251,0.278,0.435,0.338,0.339,0.341,0.157,0.345,0.347,-0.021,0.019,-0.001,90.2,17.9,40.4,7.8,38.0,98.722352796,93.725941924,61.5,20.3,64.6,94.8,12.5,41.3,40.1,32.8,32.8,27.8,6.7,7.0,69.6,12.9,41.5,8.8,8.2,57.0,12.0,26.7,4.58,28.0,27.0,68.0,421.0,73.9,61.2,mookie betts,LAD,Mookie Betts,LAD,SS,46.8,35.0,54.0,47.0,526.0,33.7,4.276422764227642,0.9962121212121212,119,SS,SS,False,35.0,646.5714285714286,4.468071322604339,-120.57142857142856,-0.1916485583766967,-84.0,False,False,120,True,2.272727272727273,26.136363636363637,53.409090909090914,0.0010000000000000009,-0.22392247602342968,-0.33414376841606863,1.3939417831407743,-0.4878815904271369,0.17678579647149084,0.5967657481827409,-1.2,-0.33704755082066784,189,35.0,-154.0,-123.0,663.0,649.0,10.3,5.5,68.9,0.9210121815950553,555.0,511.0,553.0,112,253,-77.0,-1.8770475508206679,full-time,plus approach
606192,Teoscar Hernández,2026,1992-10-15,OF,R,Los Angeles Dodgers,125,491,442,118,18,2,16,66,64,42,4,5,1,135,3,82,1,0,4,0,0,0,0,0,123,4,33.0,491.0,27.5,8.6,0.267,0.425,0.334,0.158,0.347,0.256,0.437,0.332,0.332,0.323,0.18,0.425,0.425,0.011,-0.012,0.0,90.3,13.9,33.5,10.7,44.8,101.503400065,95.079105599,67.1,31.2,49.2,77.0,32.6,48.0,34.5,44.2,28.7,20.3,6.8,7.8,72.5,12.1,23.8,25.2,10.9,54.3,6.0,28.3,4.39,23.0,49.0,46.0,310.0,74.8,59.8,teoscar hernandez,LAD,Teoscar Hernandez,LAD,"LF,RF",109.0,72.0,116.0,106.0,504.0,33.7,4.032,1.0264765784114054,130,OF,OF,False,72.0,560.7627118644068,4.015944775657477,-56.76271186440681,0.016055224342522934,-58.0,False,False,120,False,6.109979633401222,19.551934826883908,51.323828920570264,0.0,0.8414718554156445,0.19067457402527058,-0.5861739235282272,0.6902137550189886,0.12817980064041068,-0.29165469211094575,-1.2,-0.4646968979650825,197,72.0,-125.0,-62.0,546.0,566.0,24.5,11.5,72.9,0.9528377140432115,502.0,478.0,572.0,143,178,-71.0,-1.8846968979650824,full-time,elite contact quality
664983,Jake McCarthy,2026,1997-07-30,OF,L,Colorado Rockies,147,596,547,159,30,13,15,80,83,30,8,32,6,95,5,101,4,0,3,0,0,0,0,0,173,9,28.0,596.0,15.9,5.0,0.291,0.475,0.334,0.184,0.326,0.274,0.41,0.349,0.321,0.32,0.136,0.392,0.356,0.017,0.065,0.028,85.3,11.9,37.2,5.4,28.1,97.079708165,92.561288575,79.3,37.8,62.9,87.2,21.3,57.3,38.5,45.9,21.0,27.3,5.8,7.1,71.5,8.9,24.3,15.8,8.5,50.3,12.0,30.0,4.17,31.0,58.0,69.0,462.0,89.1,68.6,jake mccarthy,COL,Jake McCarthy,COL,"LF,CF,RF,DH",422.7,247.0,424.0,451.0,718.0,28.9,4.884353741496598,1.2046979865771812,25,OF,OF,False,247.0,296.0,2.990566037735849,422.0,1.8937877037607493,222.0,True,True,1,False,32.21476510067114,15.100671140939596,30.201342281879192,-0.02799999999999997,-0.8245987936817534,-0.26752426712588995,0.06534407030721717,1.9419400595554952,-1.2327880826298314,0.7849591423357667,-0.27999999999999975,-0.3129385960811008,187,25.0,-162.0,535.0,222.0,183.0,18.0,5.3,69.7,1.0102457301718852,521.0,526.0,606.0,104,83,-79.0,-1.892938596081101,full-time,plus speed
668885,Austin Martin,2026,1999-03-23,OF,R,Minnesota Twins,118,358,302,69,17,0,3,42,24,45,8,12,8,68,3,49,1,0,5,0,0,0,0,0,121,0,27.0,358.0,19.0,12.6,0.228,0.315,0.341,0.087,0.282,0.23,0.314,0.303,0.303,0.343,0.084,0.3,0.301,-0.002,0.001,0.0,86.8,12.3,34.2,3.0,28.3,96.379876724,92.254509397,62.5,18.0,52.8,88.0,20.0,40.0,40.1,47.7,22.8,23.6,5.9,6.7,69.1,7.5,32.8,4.1,10.9,51.6,-5.0,27.8,4.49,8.0,30.0,31.0,237.0,78.8,57.3,austin martin,MIN,,,,,,,,328.0,27.3,2.7796610169491527,0.9162011173184358,232,OF,OF,True,339.0,172.67,2.396692273871662,155.33,0.3829687430774906,107.0,False,False,237,False,20.11173184357542,5.027932960893855,75.41899441340783,0.0,-1.3037612470303552,-0.7111569039271006,0.8049289788701167,0.3220589595670747,0.12817980064041068,-0.5076642345863303,0.03999999999999986,-1.3490609866590986,261,232.0,-29.0,139.0,181.0,189.0,17.1,5.5,68.2,0.9237686766220935,323.0,298.0,554.0,261,249,-29.0,-1.9290609866590986,playing-time dependent,plus approach; needs playing time
663728,Cal Raleigh,2026,1996-11-26,C,S,Seattle Mariners,126,530,451,82,15,0,23,49,69,72,3,2,1,164,4,44,6,21,0,104,0,0,0,0,0,23,29.0,530.0,30.9,13.6,0.182,0.368,0.296,0.186,0.22,0.191,0.396,0.297,0.312,0.305,0.205,0.362,0.39,-0.009,-0.028,-0.015,90.1,25.4,33.3,14.1,40.0,100.527092466,94.597682955,69.9,35.8,55.0,77.4,31.7,50.4,51.5,26.5,43.3,17.5,12.7,7.9,75.0,8.1,16.2,51.4,17.5,46.0,-11.0,25.9,4.7,35.0,13.0,34.0,291.0,85.5,63.3,cal raleigh,SEA,Cal Raleigh,SEA,"C,DH",14.6,12.0,17.0,13.0,483.0,29.6,3.8333333333333335,0.9113207547169812,141,C,C,False,12.0,652.3103448275862,4.727564102564102,-169.31034482758616,-0.8942307692307687,-129.0,False,False,120,True,2.2641509433962264,26.037735849056602,81.50943396226415,0.015000000000000013,0.6288262373457819,0.5852593367725002,-0.6998309235994794,-1.0769292631501997,0.8572697381066132,-1.160832977616088,-0.4200000000000003,-0.8575569485083121,230,12.0,-218.0,-436.0,705.0,919.0,26.7,19.5,75.2,1.0208018047171894,565.0,577.0,612.0,69,71,-57.0,-1.9975569485083122,full-time,unlucky (xwOBA >> wOBA)
641680,Jonah Heim,2026,1995-06-27,C,S,multi,105,390,358,73,19,0,13,34,43,27,2,0,0,70,3,41,5,17,0,72,7,0,1,0,0,19,31.0,390.0,17.9,6.9,0.204,0.366,0.262,0.162,0.216,0.227,0.361,0.275,0.285,0.284,0.134,0.299,0.312,-0.023,0.005,-0.01,87.3,13.3,33.0,5.9,32.3,97.523598,92.806524966,66.3,33.6,64.4,86.0,21.4,49.8,39.2,44.0,26.5,21.3,8.2,7.6,70.2,7.2,26.0,11.4,9.1,54.1,-12.0,25.1,4.87,18.0,17.0,38.0,291.0,73.2,61.5,jonah heim,multi,Jonah Heim,ATH,"C,1B,DH",837.5,329.0,1201.0,,339.0,31.0,3.2285714285714286,0.8692307692307693,226,C,C,False,329.0,172.67,2.396692273871662,166.33,0.8318791546997666,103.0,False,False,237,False,0.0,20.0,41.53846153846154,0.009999999999999953,-0.8203589431993015,-0.3407006186736011,-0.11219547750301774,-1.66597693587326,0.6142397589512097,0.41829993256361075,-0.7000000000000001,-2.0721746543700825,307,226.0,-81.0,-18.0,433.0,357.0,20.3,6.1,69.0,0.8470537243262034,399.0,338.0,508.0,224,382,2.0,-2.0321746543700825,playing-time dependent,needs playing time
677587,Brayan Rocchio,2026,2001-01-13,SS,S,Cleveland Guardians,153,592,534,135,25,2,15,66,73,38,11,20,7,85,4,93,12,0,0,0,0,10,0,143,0,0,25.0,592.0,14.4,6.4,0.253,0.391,0.313,0.138,0.274,0.246,0.35,0.311,0.294,0.309,0.104,0.327,0.305,0.007,0.041,0.017,87.0,13.8,34.9,2.9,30.0,96.81810991,92.455591951,68.9,33.2,61.8,86.7,22.1,50.0,43.2,41.5,25.5,25.5,7.4,7.3,69.8,7.1,27.2,6.4,9.1,50.2,-7.0,27.4,4.5,21.0,43.0,69.0,458.0,75.2,55.9,brayan rocchio,CLE,,,,,,,,580.0,25.5,3.7908496732026142,0.9797297297297297,95,2B/SS,SS,True,339.0,172.67,2.396692273871662,407.33000000000004,1.3941573993309522,244.0,True,False,53,False,20.27027027027027,15.202702702702704,38.51351351351351,-0.017000000000000015,-1.1898272529313214,-0.6448032230069983,0.03533810955456702,0.02753512320554201,-0.6981221284879522,0.18672649768506536,0.4,-1.4421747173980513,270,95.0,-175.0,263.0,383.0,317.0,20.1,3.3,70.0,0.9062990162063327,550.0,498.0,544.0,125,286,-30.0,-2.0421747173980513,full-time,
686797,Brooks Lee,2026,2001-02-14,3B,S,Minnesota Twins,156,631,586,148,25,3,24,72,83,37,4,8,5,102,3,96,10,0,0,0,0,0,110,48,0,0,25.0,631.0,16.2,5.9,0.253,0.428,0.3,0.175,0.268,0.233,0.358,0.316,0.281,0.281,0.125,0.351,0.305,0.02,0.07,0.035,88.1,16.2,32.2,4.5,34.2,97.530784362,92.893899278,73.4,35.1,59.5,89.6,20.8,53.4,42.2,39.1,30.3,23.2,7.4,7.0,70.2,8.4,27.4,8.2,11.8,56.7,2.0,26.3,4.46,32.0,46.0,70.0,488.0,75.8,64.0,brooks lee,MIN,Brooks Lee,MIN,"2B,3B,SS",318.2,195.0,313.0,383.0,609.0,25.4,3.9038461538461537,0.96513470681458,74,2B/3B/SS,3B/SS,False,195.0,377.25,3.18680233337683,231.75,0.7170438204693239,121.0,True,True,42,False,7.6069730586370845,22.820919175911254,35.182250396196515,-0.034999999999999976,-0.878757257299903,-0.28117410529140946,0.14969084170609728,-0.782405426788667,-1.5730300534473924,0.08398135833691106,0.4200000000000003,-1.6721014263542329,287,74.0,-213.0,166.0,527.0,443.0,17.5,5.8,69.5,0.8877762730324569,610.0,542.0,533.0,95,320,-21.0,-2.092101426354233,full-time,
701675,Nathan Church,2026,2000-07-12,OF,L,St. Louis Cardinals,142,470,434,107,17,2,10,53,50,25,4,10,5,81,6,78,4,0,5,0,0,0,0,0,148,0,25.0,470.0,17.2,5.3,0.247,0.364,0.29,0.117,0.278,0.242,0.354,0.288,0.283,0.286,0.112,0.319,0.314,0.005,0.01,0.005,85.6,13.4,34.2,5.3,30.0,96.943636954,92.484705562,72.7,42.3,70.9,85.4,20.5,56.2,33.1,45.3,23.1,21.7,10.0,7.1,69.6,7.5,22.3,8.6,5.8,39.8,-13.0,28.5,4.25,17.0,45.0,45.0,360.0,75.8,62.6,nathan church,STL,,,,,,,,433.0,26.0,3.0492957746478875,0.9212765957446809,177,OF,OF,True,339.0,172.67,2.396692273871662,260.33000000000004,0.6526035007762254,162.0,False,False,132,False,12.76595744680851,12.76595744680851,31.914893617021278,-0.0050000000000000044,-0.9837418507729639,-1.0857621482610886,-0.4325603575157239,0.8374756731997536,-0.11485017851499017,0.0,0.30000000000000004,-1.4611709827631914,271,177.0,-94.0,380.0,65.0,53.0,27.7,2.4,68.9,0.944959112981247,389.0,368.0,567.0,209,202,-32.0,-2.1011709827631915,full-time,plus speed
805367,Chase Meidroth,2026,2001-07-23,2B,R,Chicago White Sox,154,643,566,156,31,0,16,90,63,61,6,4,2,141,4,109,8,0,0,0,0,150,3,19,0,0,24.0,643.0,21.9,9.5,0.276,0.415,0.35,0.139,0.339,0.239,0.348,0.339,0.301,0.32,0.109,0.394,0.337,0.037,0.067,0.038,87.2,8.5,34.1,4.6,34.6,97.389329665,92.822576483,55.5,28.9,69.4,86.1,19.7,42.0,41.0,49.5,21.7,24.4,4.4,6.7,66.9,6.6,29.4,1.0,12.2,60.2,7.0,27.3,4.41,24.0,58.0,74.0,434.0,61.9,60.3,chase meidroth,CWS,Chase Meidroth,CWS,"2B,3B,SS",376.7,227.0,337.0,359.0,615.0,24.9,3.9935064935064934,0.9564541213063764,72,2B/SS,2B,False,227.0,341.7741935483871,3.088741546261319,273.2258064516129,0.9047649472451744,155.0,True,True,41,False,3.7325038880248833,14.930015552099533,56.92068429237947,-0.038000000000000034,-0.7216028707891952,-0.6678472062983255,0.34358247941954373,-0.0460958358848392,-1.7188480409406357,-0.3160204939253112,0.5200000000000004,-1.5642887248050021,279,72.0,-207.0,199.0,505.0,416.0,14.3,1.6,67.4,0.8758289948427177,615.0,539.0,525.0,99,341,-27.0,-2.104288724805002,full-time,young
669134,Luis Campusano,2026,1998-09-29,C,R,San Diego Padres,71,248,215,57,12,0,8,24,30,30,3,0,0,53,0,37,3,16,0,56,0,0,0,0,0,13,27.0,248.0,21.4,12.1,0.265,0.433,0.363,0.168,0.318,0.239,0.391,0.353,0.327,0.341,0.152,0.398,0.356,0.026,0.042,0.026,87.3,16.3,37.7,8.1,37.7,98.81458963,93.52656118,66.5,29.2,52.6,84.8,26.0,46.6,41.4,37.7,24.1,24.7,13.6,7.9,72.9,8.8,20.7,29.8,10.7,63.4,7.0,25.5,4.87,10.0,15.0,32.0,162.0,83.5,64.9,luis campusano,SD,,,,,,,,266.0,27.8,3.7464788732394365,1.0725806451612903,285,C,C,True,339.0,172.67,2.396692273871662,93.33000000000001,1.3497865993677745,54.0,False,False,250,False,0.0,19.35483870967742,72.58064516129032,-0.025999999999999968,-0.16232795677310574,0.7143001573285971,0.2863320993419634,-1.3714530995117298,-1.135576090967671,0.0,-0.060000000000000143,-0.725368359509886,221,285.0,64.0,260.0,27.0,6.0,40.7,0.0,73.1,0.9152050379073129,250.0,229.0,549.0,358,270,-73.0,-2.185368359509886,playing-time dependent,needs playing time
656555,Rhys Hoskins,2026,1993-03-17,1B,R,Cleveland Guardians,95,317,263,47,13,0,13,33,38,47,3,1,0,100,4,21,2,0,0,0,62,0,0,0,1,25,33.0,317.0,31.5,14.8,0.179,0.376,0.306,0.197,0.221,0.174,0.348,0.305,0.297,0.304,0.174,0.37,0.353,0.005,0.028,0.008,89.4,26.6,34.1,12.6,41.3,99.856401548,94.354466347,64.1,22.2,50.3,74.1,32.4,42.2,54.5,26.3,32.3,22.2,19.2,8.2,71.9,8.7,21.7,17.0,16.9,55.2,-2.0,24.8,4.95,15.0,8.0,24.0,167.0,77.1,56.8,rhys hoskins,CLE,Rhys Hoskins,CLE,"1B,DH",554.3,275.0,818.0,488.0,268.0,33.3,2.8210526315789473,0.8454258675078864,283,1B,1B,False,275.0,221.75,2.8210526315789473,46.25,0.0,-8.0,False,False,250,False,1.8927444794952681,24.605678233438486,88.9589905362776,-0.008000000000000007,0.33061272416626747,0.016451401281873057,-0.2880209761531369,-1.8868698131444086,-0.2606681660082307,0.05024892810176429,-1.1599999999999995,-2.0691467504871763,306,275.0,-31.0,-31.0,328.0,299.0,27.7,10.3,71.0,0.8501853278876212,319.0,271.0,510.0,283,377,-8.0,-2.2291467504871765,playing-time dependent,needs playing time
679845,Nick Loftin,2026,1998-09-25,3B,R,Kansas City Royals,118,426,371,89,27,2,8,42,45,41,6,4,1,73,4,52,9,0,1,0,2,36,75,3,14,1,27.0,426.0,17.1,9.6,0.24,0.388,0.322,0.148,0.276,0.228,0.335,0.315,0.293,0.313,0.106,0.331,0.3,0.012,0.053,0.022,86.8,15.6,35.9,4.2,29.7,96.863698054,92.517021275,57.3,25.4,64.3,90.8,17.6,40.9,43.5,41.2,29.1,23.9,5.9,7.2,68.8,7.6,32.4,5.7,8.7,52.6,-2.0,28.0,4.53,17.0,29.0,43.0,306.0,70.5,56.6,nick loftin,KC,,,,,,,,372.0,27.8,3.152542372881356,0.8732394366197183,211,2B/3B/OF,2B/3B,True,339.0,172.67,2.396692273871662,199.33,0.7558500990096939,128.0,False,False,202,False,5.633802816901409,11.267605633802818,57.74647887323944,-0.02200000000000002,-1.1374144680523521,-0.6788948171110314,0.6777912031382325,0.4693208777478397,-0.9411521076433531,-0.5899499741865778,-0.060000000000000143,-1.8766202741196414,296,211.0,-85.0,221.0,188.0,151.0,14.4,6.3,69.4,0.8795586085295167,378.0,332.0,528.0,229,334,-18.0,-2.2366202741196415,full-time,needs playing time
518692,Freddie Freeman,2026,1989-09-12,1B,L,Los Angeles Dodgers,153,657,579,167,32,1,16,74,70,66,5,7,0,116,7,118,1,0,0,0,152,0,0,0,0,1,36.0,657.0,17.7,10.0,0.288,0.43,0.362,0.142,0.333,0.29,0.463,0.348,0.363,0.364,0.173,0.383,0.404,-0.002,-0.033,-0.015,89.5,12.2,38.7,8.1,41.3,99.86901312,94.167362927,73.3,29.3,63.6,82.7,23.2,50.1,33.4,43.2,26.0,27.7,3.2,6.7,70.1,10.3,25.8,7.5,7.7,42.8,12.0,25.3,4.7,29.0,46.0,90.0,470.0,87.5,56.3,freddie freeman,LAD,Freddie Freeman,LAD,1B,50.4,37.0,61.0,49.0,651.0,36.8,4.254901960784314,0.9908675799086758,46,1B,1B,False,37.0,646.5714285714286,4.468071322604339,4.428571428571445,-0.21316936182002522,-9.0,False,False,31,False,6.392694063926941,14.61187214611872,60.273972602739725,0.015000000000000013,0.2940297325867667,-0.9102796476796581,0.33417970937023206,-1.5187150176924948,0.8572697381066132,-0.009986594075344508,-1.2,-1.676257806494752,288,37.0,-251.0,-44.0,627.0,695.0,20.4,10.4,69.8,0.9098811730495946,640.0,582.0,546.0,66,280,-29.0,-2.256257806494752,full-time,unlucky (xwOBA >> wOBA)
662139,Daulton Varsho,2026,1996-07-02,OF,L,multi,140,526,484,107,23,3,12,51,40,39,2,12,0,107,1,69,2,0,5,0,0,0,0,0,137,1,29.0,526.0,20.3,7.4,0.221,0.355,0.281,0.134,0.26,0.228,0.354,0.281,0.283,0.285,0.126,0.317,0.32,-0.007,0.001,-0.002,86.7,16.2,32.0,6.9,36.5,98.36044754,93.211984706,72.4,36.5,65.8,85.4,21.9,53.1,38.1,39.4,28.8,22.0,9.8,7.7,72.9,7.8,20.4,28.2,10.1,55.0,-16.0,27.4,4.29,19.0,41.0,47.0,378.0,80.9,62.0,daulton varsho,multi,Daulton Varsho,HOU,"LF,CF",193.6,114.0,192.0,171.0,455.0,30.0,3.25,0.8650190114068441,158,OF,OF,False,114.0,560.7627118644068,4.015944775657477,-105.76271186440681,-0.7659447756574771,-44.0,False,False,123,True,13.688212927756654,13.688212927756654,44.48669201520912,0.0019999999999999463,-0.49562741863196436,0.3220742861156096,-0.3141097143844587,0.02753512320554201,0.22539179230256834,-0.9327914277051349,-0.5,-1.5627841028583973,278,114.0,-164.0,137.0,271.0,318.0,28.4,15.9,75.6,0.9710274904949054,475.0,461.0,583.0,150,136,-36.0,-2.2827841028583973,full-time,
687462,Spencer Horwitz,2026,1997-11-14,1B,L,Pittsburgh Pirates,114,451,385,94,14,1,10,45,49,54,7,1,0,73,5,69,4,0,0,0,107,0,0,0,0,3,28.0,451.0,16.2,12.0,0.244,0.364,0.344,0.12,0.274,0.226,0.345,0.319,0.31,0.332,0.119,0.319,0.306,0.018,0.019,0.009,86.8,15.9,30.3,5.7,30.3,97.056959177,92.586667152,58.5,24.5,67.1,91.1,16.4,40.8,40.4,41.0,27.8,22.1,9.1,6.9,68.7,8.1,29.2,4.5,9.1,49.4,0.0,24.7,4.77,15.0,30.0,48.0,317.0,66.2,54.1,spencer horwitz,PIT,Spencer Horwitz,PIT,1B,387.3,236.0,378.0,396.0,388.0,28.6,3.4035087719298245,0.8603104212860311,203,1B,1B,False,236.0,341.7741935483871,3.088741546261319,46.225806451612925,0.31476722566850546,33.0,False,False,171,False,1.3303769401330376,13.303769401330378,71.84035476718404,-0.009000000000000008,-0.9753101899918595,-0.8508796938077788,0.9316846892008644,-1.9605007722347925,-0.30927416183931083,-0.18101740940980252,-0.2200000000000003,-2.4053569675414495,322,203.0,-119.0,-17.0,411.0,405.0,17.8,8.3,68.4,0.8613552173953438,443.0,382.0,517.0,197,361,6.0,-2.2853569675414493,full-time,plus approach
642715,Willy Adames,2026,1995-09-02,SS,R,San Francisco Giants,121,505,465,107,25,1,21,62,51,37,2,5,2,139,1,60,18,0,0,0,0,0,0,121,0,0,30.0,505.0,27.5,7.3,0.23,0.424,0.289,0.194,0.281,0.222,0.391,0.311,0.296,0.282,0.17,0.396,0.374,0.008,0.033,0.015,87.4,22.8,36.7,8.9,38.8,98.797280736,93.451144018,65.9,31.6,48.3,82.9,28.9,48.1,49.5,33.3,33.3,20.8,12.5,8.2,72.3,9.0,21.2,25.4,15.4,57.6,3.0,27.8,4.43,39.0,25.0,43.0,327.0,72.4,63.4,willy adames,SF,Willy Adames,SF,SS,106.4,71.0,115.0,92.0,453.0,30.8,3.743801652892562,0.897029702970297,159,SS,SS,False,71.0,560.7627118644068,4.015944775657477,-107.76271186440681,-0.2721431227649149,-88.0,False,False,123,True,5.9405940594059405,24.95049504950495,43.96039603960396,-0.015000000000000013,0.007511932979544375,0.3122309278249274,-0.4139414399793921,0.3220589595670747,-0.6009101368257919,-0.4003817125378491,-0.6600000000000001,-1.1684828241690497,252,71.0,-181.0,-215.0,686.0,668.0,26.1,12.6,72.0,0.9186078832674608,541.0,497.0,551.0,127,261,-56.0,-2.2884828241690496,full-time,
609280,Miguel Andujar,2026,1995-03-02,DH,R,San Diego Padres,74,254,239,62,20,2,5,24,22,11,4,2,2,38,0,35,1,0,0,0,3,0,7,0,0,60,31.0,254.0,15.0,4.3,0.259,0.423,0.303,0.164,0.291,0.264,0.376,0.314,0.298,0.302,0.112,0.347,0.327,-0.005,0.047,0.016,88.3,6.5,26.4,4.5,36.3,99.775366436,94.026464328,68.7,40.8,71.1,88.3,18.5,54.2,44.8,53.2,17.9,22.9,6.0,7.6,71.2,9.7,26.1,19.2,7.3,58.2,-3.0,27.3,4.46,8.0,23.0,31.0,201.0,67.6,65.6,miguel andujar,SD,Miguel Andujar,SD,"3B,LF,DH",476.0,269.0,462.0,490.0,229.0,31.3,3.0945945945945947,0.9015748031496063,313,3B/OF,UT,False,269.0,223.9,2.840653659676383,5.099999999999994,0.2539409349182118,-44.0,False,False,258,False,4.724409448818897,11.811023622047244,25.984251968503937,-0.016000000000000014,-0.47073068687482156,0.09505663860320164,-0.11075936177838448,-0.0460958358848392,-0.649516132656872,0.018915296394493686,-0.7600000000000002,-1.5761272412311944,281,269.0,-12.0,-126.0,341.0,355.0,14.4,4.7,71.7,0.9364640244615667,271.0,254.0,562.0,305,217,-36.0,-2.2961272412311944,playing-time dependent,needs playing time
656537,Derek Hill,2026,1995-12-30,OF,R,multi,117,216,199,48,5,1,11,30,31,13,1,13,4,69,0,31,2,0,4,0,1,0,0,0,121,2,30.0,216.0,31.9,6.0,0.241,0.442,0.291,0.201,0.311,0.225,0.386,0.319,0.289,0.276,0.162,0.447,0.399,0.016,0.056,0.03,88.9,14.1,36.1,10.6,33.8,98.863739672,93.597008182,70.8,34.6,48.0,77.6,32.7,51.9,36.8,46.6,28.6,21.1,3.8,7.1,71.5,8.6,20.3,18.6,15.0,48.1,1.0,29.5,4.29,14.0,19.0,15.0,133.0,78.0,67.1,derek hill,multi,,,,,,,,256.0,30.5,2.1880341880341883,1.1851851851851851,290,OF,OF,True,339.0,172.67,2.396692273871662,83.33000000000001,-0.2086580858374738,49.0,False,False,255,False,36.11111111111111,30.555555555555554,36.11111111111111,-0.030000000000000027,0.0774951038713035,-0.31634716379996664,-0.996096320065758,1.5737852641035814,-1.3300000742919944,0.0,-0.6000000000000001,-1.3849449141221966,265,290.0,25.0,112.0,149.0,144.0,32.2,11.2,72.6,0.9503691622714645,250.0,238.0,570.0,337,190,-47.0,-2.3249449141221965,playing-time dependent,plus speed; needs playing time
605170,Victor Caratini,2026,1993-08-17,C,S,Minnesota Twins,106,382,327,72,10,0,7,28,44,34,13,0,0,80,8,55,3,13,0,72,29,0,0,0,0,2,32.0,382.0,20.9,8.9,0.22,0.315,0.312,0.095,0.262,0.224,0.356,0.285,0.306,0.319,0.132,0.298,0.329,-0.004,-0.041,-0.021,89.3,12.6,36.5,6.3,38.0,98.339714453,93.569243294,58.7,25.9,52.8,88.3,22.9,41.9,37.3,45.9,22.0,26.3,5.9,7.0,70.9,9.8,32.0,12.9,11.8,53.5,-8.0,24.4,4.93,11.0,29.0,31.0,255.0,60.2,63.8,victor caratini,MIN,Victor Caratini,MIN,"C,1B,DH",430.0,251.0,386.0,474.0,317.0,32.9,2.990566037735849,0.8298429319371727,246,C/1B,C/1B,False,251.0,256.0,2.9766263024500135,61.0,0.013939735285835475,5.0,False,False,237,False,0.0,10.994764397905758,53.403141361256544,0.02100000000000002,-0.4435955613701176,-0.2529397043372693,0.21828965299533173,-2.1813936495059414,1.1489057130930942,-0.742368536906704,-1.0799999999999998,-2.622603470763022,333,246.0,-87.0,-40.0,386.0,357.0,16.8,7.7,72.3,0.8479896424886433,383.0,325.0,509.0,232,380,14.0,-2.342603470763022,playing-time dependent,unlucky (xwOBA >> wOBA); needs playing time
669242,Tommy Edman,2026,1995-05-09,2B,S,Los Angeles Dodgers,84,331,291,72,12,2,8,44,42,22,14,7,3,67,1,50,3,0,1,0,0,53,7,1,32,1,31.0,331.0,20.2,6.6,0.247,0.385,0.329,0.138,0.295,0.24,0.347,0.32,0.303,0.324,0.107,0.352,0.329,0.007,0.038,0.017,87.3,13.1,29.4,5.3,32.0,98.478885179,93.248303304,64.5,30.4,51.0,91.0,23.0,46.4,42.1,45.6,28.5,20.2,5.7,7.0,70.8,10.4,25.3,14.3,9.6,58.5,6.0,28.0,4.31,14.0,25.0,33.0,228.0,69.2,61.6,tommy edman,LAD,Tommy Edman,LAD,"2B,3B,LF,CF",326.8,201.0,342.0,351.0,326.0,31.1,3.880952380952381,0.9848942598187311,236,2B/OF,2B/OF,False,201.0,377.25,3.18680233337683,-51.25,0.6941500475755511,-35.0,False,False,237,False,12.688821752265861,14.501510574018127,39.87915407854985,-0.017000000000000015,-0.6865662136278784,-0.024654524547682244,0.24693857211634854,0.4693208777478397,-0.6981221284879522,-0.29039092664349797,-0.7200000000000003,-1.5720469983040588,280,201.0,-79.0,-18.0,377.0,344.0,16.2,4.5,70.1,0.9265674075835949,340.0,315.0,556.0,240,240,-39.0,-2.3520469983040586,playing-time dependent,needs playing time
678391,Jorbit Vivas,2026,2001-03-09,3B,L,Washington Nationals,123,364,311,74,15,1,3,32,31,41,4,2,1,53,4,55,8,0,0,0,0,57,54,0,0,4,25.0,364.0,14.6,11.3,0.238,0.322,0.331,0.084,0.274,0.236,0.309,0.298,0.292,0.329,0.073,0.289,0.281,0.002,0.013,0.006,82.9,12.0,34.3,3.0,21.5,94.277617252,91.318865649,74.1,29.1,62.7,91.0,18.1,49.5,38.1,44.2,21.9,26.8,7.2,7.5,69.3,6.6,22.5,4.0,6.3,42.6,-6.0,27.1,4.48,11.0,20.0,43.0,265.0,82.9,65.1,jorbit vivas,WSH,,,,,,,,280.0,25.3,2.2764227642276422,0.7692307692307693,271,2B/3B,2B/3B,True,339.0,172.67,2.396692273871662,107.33000000000001,-0.12026950964401983,68.0,False,False,250,False,3.296703296703297,4.945054945054945,67.58241758241758,-0.006000000000000005,-1.8401262249500125,-1.079011751209236,0.6848507693779143,-0.19335775406560424,-0.16345617434607035,0.0,0.4399999999999999,-1.874153925529341,295,271.0,-24.0,238.0,66.0,42.0,19.7,4.7,70.3,0.8526743210938978,304.0,259.0,512.0,295,373,-24.0,-2.354153925529341,playing-time dependent,needs playing time
681351,Logan O'Hoppe,2026,2000-02-09,DH,R,multi,85,274,251,55,9,0,4,25,24,17,3,0,0,67,2,42,5,14,0,75,0,0,0,0,0,8,26.0,275.0,24.7,6.2,0.218,0.302,0.274,0.084,0.28,0.206,0.332,0.259,0.267,0.264,0.126,0.306,0.32,0.012,-0.03,-0.008,86.8,16.8,30.5,9.1,35.8,98.818916667,93.427971774,71.1,34.8,46.8,85.8,28.7,51.2,44.4,39.0,28.9,22.5,9.6,7.4,71.9,11.2,22.8,24.8,12.7,60.5,-13.0,27.2,4.53,8.0,25.0,22.0,187.0,76.1,60.4,logan ohoppe,multi,Logan O'Hoppe,TEX,"C,DH",266.4,162.0,233.0,299.0,223.0,26.4,2.623529411764706,0.8138686131386861,320,C,C,False,162.0,425.5,3.7076163798852875,-202.5,-1.0840869681205816,-158.0,False,False,271,True,0.0,8.75912408759124,37.22627737226277,0.008000000000000007,-0.33291577194494304,0.37763371831316944,-0.5875044246970801,-0.11972679497522302,0.5170277672890521,-0.3597843314128955,0.2200000000000003,-0.34150656413563285,190,162.0,-28.0,-161.0,451.0,384.0,30.8,13.3,71.9,0.9310321015000669,309.0,288.0,559.0,264,229,-102.0,-2.3815065641356328,playing-time dependent,needs playing time
663743,Nick Fortes,2026,1996-11-11,C,R,Tampa Bay Rays,109,323,298,77,17,0,6,33,35,12,8,0,0,45,1,54,9,16,0,106,0,0,0,0,0,2,29.0,323.0,13.9,3.7,0.258,0.376,0.304,0.118,0.286,0.239,0.326,0.301,0.273,0.287,0.087,0.322,0.288,0.019,0.05,0.028,85.4,8.3,25.2,2.4,35.4,99.012039677,93.533077409,68.1,37.3,71.4,88.0,18.3,51.8,51.2,51.6,17.1,19.4,12.0,7.5,72.7,13.0,24.3,25.9,3.4,37.6,-6.0,26.9,4.51,11.0,37.0,29.0,258.0,66.7,62.5,nick fortes,TB,,,,,,,,300.0,29.6,2.7522935779816513,0.9287925696594427,260,C,C,True,339.0,172.67,2.396692273871662,127.33000000000001,0.35560130410998925,79.0,False,False,247,False,0.0,11.145510835913312,22.291021671826623,-0.02799999999999997,-0.8971889152574575,-0.49876533992445266,-0.060599290200541146,-0.3406196722463719,-1.2327880826298314,0.3932562426177305,-0.4200000000000003,-2.228474083326007,316,260.0,-56.0,87.0,242.0,213.0,19.4,4.6,72.0,0.9069120937179262,307.0,278.0,544.0,270,286,-10.0,-2.428474083326007,playing-time dependent,needs playing time
642201,Eli White,2026,1994-06-26,OF,R,multi,96,204,191,47,9,1,6,27,29,11,1,5,1,45,1,31,0,0,2,0,0,1,0,0,81,5,32.0,204.0,22.1,5.4,0.246,0.398,0.289,0.152,0.291,0.229,0.333,0.3,0.269,0.274,0.104,0.359,0.317,0.017,0.065,0.031,85.6,8.6,31.3,6.2,29.3,97.362570986,92.709488239,73.0,32.7,55.2,82.2,26.4,52.4,36.7,51.7,24.5,19.7,4.1,7.3,73.1,7.9,18.2,29.5,9.1,53.4,1.0,30.3,4.19,9.0,16.0,21.0,147.0,77.8,63.7,eli white,multi,Eli White,BOS,"LF,CF,RF,DH",743.0,301.0,995.0,,210.0,32.0,2.1875,1.0294117647058822,335,OF,OF,False,301.0,172.67,2.396692273871662,37.33000000000001,-0.20919227387166206,-34.0,False,False,279,False,14.705882352941176,17.647058823529413,32.35294117647059,-0.030999999999999972,-0.8921047364155102,0.29959227783506354,-0.3849156417828079,2.162832936826644,-1.378606070123072,-0.1908248799340614,-0.9,-1.6071024859750787,283,301.0,18.0,-80.0,271.0,290.0,25.8,9.1,72.2,0.9421616063329276,250.0,236.0,565.0,343,210,-42.0,-2.4471024859750785,playing-time dependent,plus speed; needs playing time
664954,Brett Sullivan,2026,1994-02-22,C,L,Colorado Rockies,84,237,218,49,13,1,7,23,33,13,1,1,2,40,3,28,5,12,0,67,3,0,0,0,0,3,32.0,237.0,16.9,5.5,0.225,0.39,0.268,0.165,0.241,0.235,0.354,0.285,0.281,0.284,0.119,0.316,0.311,-0.01,0.036,0.004,86.9,20.5,32.2,3.8,33.3,96.916041111,92.519100782,69.3,33.3,70.4,88.1,17.5,51.7,50.8,35.5,27.3,25.7,11.5,7.3,68.9,7.6,30.3,4.8,8.3,58.8,-7.0,28.1,4.36,8.0,14.0,27.0,183.0,77.8,62.4,brett sullivan,COL,,,,,,,,226.0,32.4,2.6904761904761907,0.9535864978902954,316,C,C,True,339.0,172.67,2.396692273871662,53.33000000000001,0.2937839166045286,23.0,False,False,258,False,2.531645569620253,17.72151898734177,32.911392405063296,-0.003999999999999948,-0.9874357030085334,-0.41156232227258943,0.08110410259532701,0.5429518368382236,-0.0662441826839073,0.0,-0.9799999999999998,-1.9769255406893218,298,316.0,18.0,217.0,9.0,9.0,,,,0.9486142155168843,250.0,237.0,569.0,340,195,-24.0,-2.456925540689322,playing-time dependent,needs playing time
668939,Adley Rutschman,2026,1998-02-06,C,S,multi,99,410,364,88,26,1,13,44,60,39,2,0,1,68,5,48,7,21,0,81,0,0,0,0,0,18,28.0,410.0,16.6,9.5,0.242,0.426,0.315,0.184,0.26,0.254,0.412,0.323,0.327,0.329,0.159,0.345,0.35,-0.012,0.014,-0.004,88.9,14.7,39.5,7.0,38.5,99.111210667,93.73713699,57.0,25.7,72.4,89.5,16.3,40.4,37.9,39.9,30.6,24.9,4.7,6.9,70.6,11.9,30.9,11.9,7.4,45.3,4.0,26.6,4.41,22.0,26.0,40.0,301.0,62.9,54.6,adley rutschman,multi,Adley Rutschman,BOS,"C,DH",151.0,91.0,143.0,234.0,423.0,28.4,4.2727272727272725,1.0317073170731708,181,C,C,False,91.0,560.7627118644068,4.015944775657477,-137.7627118644068,0.2567824970697954,-90.0,False,False,167,True,0.0,19.024390243902438,57.073170731707314,0.0040000000000000036,-0.20268247503171938,-0.6644517078120828,0.7448149882097875,-0.5615125495175182,0.3226037839647314,0.18555907921047465,-0.17999999999999972,-0.3026950881019781,185,91.0,-94.0,105.0,365.0,318.0,15.6,7.5,70.0,0.9512488208783278,401.0,381.0,571.0,199,185,-108.0,-2.4626950881019782,full-time,needs playing time
592885,Christian Yelich,2026,1991-12-05,DH,L,Milwaukee Brewers,118,500,442,104,23,2,12,69,59,49,4,11,1,135,4,67,0,0,0,0,0,0,0,0,2,112,34.0,500.0,27.0,9.8,0.235,0.378,0.315,0.143,0.308,0.23,0.385,0.305,0.308,0.307,0.156,0.374,0.38,0.005,-0.007,-0.003,88.9,4.0,29.5,9.6,42.9,100.380625455,94.534931238,68.0,24.4,46.2,79.8,29.6,45.4,34.6,55.4,19.9,22.1,2.6,7.6,73.2,10.0,21.2,31.0,11.7,45.8,-6.0,27.4,4.46,21.0,40.0,42.0,312.0,78.6,57.3,christian yelich,MIL,Christian Yelich,MIL,"LF,DH",89.6,61.0,112.0,83.0,485.0,34.6,4.110169491525424,0.97,140,OF,UT,False,61.0,560.7627118644068,4.0964912280701755,-75.76271186440681,0.013678263455248363,-79.0,False,False,120,True,13.2,14.4,58.800000000000004,0.0030000000000000027,0.3787831104449557,0.0067570870530075195,-0.2948817503317329,0.02753512320554201,0.2739977881336512,-0.18894903386828862,-1.2,-1.028255706745708,238,61.0,-177.0,-235.0,644.0,720.0,25.9,10.3,73.3,0.9207520651000393,529.0,487.0,552.0,134,256,-73.0,-2.488255706745708,full-time,
521692,Salvador Perez,2026,1990-05-10,DH,R,Kansas City Royals,152,627,580,133,24,1,21,50,78,25,13,1,0,119,7,87,4,12,0,44,25,0,0,0,0,82,36.0,627.0,19.0,4.0,0.229,0.383,0.274,0.154,0.251,0.25,0.439,0.285,0.316,0.292,0.189,0.326,0.367,-0.021,-0.056,-0.031,89.2,15.2,35.3,10.7,42.7,100.401931111,94.391887885,72.4,44.6,62.0,86.2,25.0,56.2,40.2,38.5,30.1,25.2,6.2,7.7,71.6,11.4,24.6,18.9,11.4,56.9,-14.0,23.7,4.99,31.0,31.0,71.0,468.0,77.2,65.2,salvador perez,KC,Salvador Perez,KC,"C,1B,DH",95.0,64.0,84.0,113.0,544.0,36.1,3.5789473684210527,0.8676236044657097,113,C/1B,C/1B,False,64.0,560.7627118644068,4.0375,-16.76271186440681,-0.458552631578947,-49.0,False,False,120,False,0.9569377990430622,20.095693779904305,23.923444976076556,0.031000000000000028,0.38123089952403266,0.08418980937139893,-0.7258126820346846,-2.69681036313862,1.634965671403896,-0.699055154677517,-1.2,-2.3551999668489314,321,64.0,-257.0,-84.0,641.0,628.0,19.5,14.8,72.9,0.905391001239861,630.0,570.0,543.0,71,290,-7.0,-2.4951999668489315,full-time,unlucky (xwOBA >> wOBA)
666152,David Hamilton,2026,1997-09-29,3B,L,Milwaukee Brewers,121,387,339,83,13,3,4,49,26,32,2,30,7,86,0,63,10,0,0,0,0,14,87,34,0,0,28.0,387.0,22.2,8.3,0.245,0.336,0.314,0.091,0.317,0.225,0.316,0.293,0.276,0.296,0.091,0.338,0.313,0.02,0.02,0.017,86.8,12.7,29.3,3.4,27.9,96.675573879,92.356657316,61.5,29.6,61.9,86.3,21.9,45.3,34.2,48.5,23.7,23.3,4.5,7.1,69.3,7.0,25.6,4.9,6.1,39.9,-12.0,29.4,4.05,8.0,41.0,34.0,266.0,67.2,59.7,david hamilton,MIL,,,,,,,,386.0,28.8,3.190082644628099,0.9974160206718347,205,2B/3B/SS,3B/SS,True,339.0,172.67,2.396692273871662,213.33,0.7933903707564371,134.0,False,False,171,False,46.51162790697674,6.2015503875969,49.6124031007752,-0.01699999999999996,-1.2035689375097693,-1.181402149650675,-0.04465866517253501,1.5001543050131976,-0.6981221284879495,-0.2245148004865795,-0.2600000000000002,-2.1504845607294873,312,205.0,-107.0,173.0,194.0,213.0,24.2,6.0,70.5,0.9750463570374632,348.0,339.0,585.0,223,127,-18.0,-2.5104845607294872,playing-time dependent,plus speed; needs playing time
807713,Matt Shaw,2026,2001-11-06,OF,R,Chicago Cubs,77,202,173,41,9,3,5,25,24,21,3,4,2,35,2,24,1,0,1,0,2,14,9,0,35,16,24.0,202.0,17.3,10.4,0.237,0.41,0.327,0.173,0.267,0.231,0.353,0.325,0.303,0.322,0.121,0.341,0.31,0.006,0.057,0.022,86.8,16.7,30.8,4.2,34.3,97.547695362,92.811021022,60.8,32.5,68.1,87.2,20.1,45.7,31.5,39.9,28.7,21.7,9.8,7.1,69.6,8.3,26.8,7.3,10.5,61.9,0.0,29.1,4.31,11.0,15.0,15.0,143.0,68.5,55.9,matt shaw,CHC,Matt Shaw,CHC,"2B,3B,RF,DH",292.8,178.0,259.0,313.0,198.0,24.6,2.5714285714285716,0.9801980198019802,342,2B/3B/OF,OF,False,178.0,379.45454545454544,3.18680233337683,-181.45454545454544,-0.6153737619482582,-164.0,False,False,280,True,11.881188118811881,14.851485148514852,62.37623762376237,-0.02200000000000002,-0.8686297957892837,-0.14609149082518616,0.36076918898173044,1.2792614277420513,-0.9411521076433531,0.4590044990454633,0.5799999999999997,0.38568651216157085,138,178.0,40.0,-231.0,437.0,429.0,21.5,7.0,69.6,0.9701365504125984,250.0,243.0,582.0,325,141,-147.0,-2.5543134878384293,playing-time dependent,plus speed; needs playing time; young
660688,Keibert Ruiz,2026,1998-07-20,C,S,Washington Nationals,105,354,332,93,24,0,10,44,48,16,3,2,1,37,3,59,5,18,0,102,0,0,0,0,0,0,27.0,354.0,10.5,4.5,0.28,0.443,0.316,0.163,0.288,0.247,0.374,0.329,0.289,0.285,0.127,0.347,0.299,0.033,0.069,0.04,88.1,17.2,33.9,5.0,36.6,98.084002838,93.093035608,66.6,38.7,72.9,93.3,14.2,52.6,58.7,37.9,28.9,23.2,10.1,7.1,67.7,13.0,39.9,0.8,9.8,57.2,1.0,25.1,4.82,18.0,29.0,46.0,298.0,70.0,67.4,keibert ruiz,WSH,Keibert Ruiz,WSH,C,434.5,255.0,401.0,468.0,388.0,27.9,3.6952380952380954,1.0960451977401129,203,C,C,False,255.0,234.0,2.9766263024500135,154.0,0.718611792788082,52.0,False,False,171,False,3.389830508474576,16.949152542372882,27.11864406779661,-0.040000000000000036,-0.740258968545816,-0.7002844814700434,0.41522685402677556,-1.66597693587326,-1.816060032602796,1.0383999475908412,-0.07999999999999972,-1.9962707126731638,301,203.0,-98.0,158.0,267.0,230.0,9.7,2.2,66.1,0.9604413663493525,337.0,324.0,576.0,233,162,-30.0,-2.5962707126731637,playing-time dependent,skills trending up; needs playing time
500743,Miguel Rojas,2026,1989-02-24,2B,R,Los Angeles Dodgers,107,252,225,60,16,0,4,23,23,16,2,1,1,27,7,40,1,0,0,0,4,49,9,28,0,3,37.0,252.0,10.7,6.3,0.267,0.391,0.312,0.124,0.279,0.277,0.386,0.307,0.309,0.323,0.108,0.312,0.316,-0.01,0.005,-0.002,87.3,14.6,36.2,4.8,36.2,98.290682475,93.175374851,68.3,32.4,68.4,91.2,17.0,48.8,35.3,44.0,23.2,24.2,8.7,7.1,69.1,12.2,34.0,5.7,7.0,45.2,1.0,26.1,4.58,8.0,22.0,30.0,207.0,69.7,62.3,miguel rojas,LAD,Miguel Rojas,LAD,"2B,3B,SS",825.0,325.0,1307.0,,214.0,37.3,2.0,0.8492063492063492,329,2B/3B/SS,2B/SS,False,325.0,172.67,2.396692273871662,41.33000000000001,-0.39669227387166206,-4.0,False,False,279,False,2.380952380952381,9.523809523809524,38.095238095238095,0.0020000000000000018,-0.6630209923112925,-0.9627907330213743,0.5413972300782398,-0.929667344969432,0.22539179230257103,0.9918563485985081,-1.2,-1.7873116344031925,292,325.0,33.0,-74.0,317.0,288.0,14.5,4.1,68.1,0.8439584108248396,265.0,224.0,506.0,366,385,-41.0,-2.6073116344031924,playing-time dependent,skills trending up; needs playing time
608324,Alex Bregman,2026,1994-03-30,3B,R,Chicago Cubs,155,702,608,161,33,2,28,92,93,76,12,3,1,102,6,98,6,0,0,0,0,0,143,0,0,13,32.0,702.0,14.5,10.8,0.265,0.464,0.355,0.199,0.275,0.252,0.391,0.357,0.327,0.343,0.139,0.37,0.329,0.013,0.073,0.03,88.2,17.7,32.8,6.4,37.7,98.028401406,93.162387221,60.1,23.3,69.2,90.3,15.6,41.6,48.4,37.5,27.7,23.2,11.5,7.0,69.8,9.6,34.0,3.3,14.0,66.4,26.0,26.2,4.67,38.0,49.0,72.0,512.0,66.5,59.1,alex bregman,CHC,Alex Bregman,CHC,"3B,DH",88.8,60.0,107.0,75.0,719.0,32.3,4.638709677419355,1.0242165242165242,24,3B,3B,False,60.0,560.7627118644068,4.110169491525424,158.2372881355932,0.5285401858939309,36.0,True,False,1,False,2.5641025641025643,23.931623931623932,64.95726495726495,-0.02999999999999997,-0.47966037000184736,0.008052649320426855,1.2669050710737217,-0.8560363858790508,-1.3300000742919917,-0.5346071708489504,-0.9599999999999995,-1.9774156879284694,299,24.0,-275.0,221.0,495.0,498.0,14.1,6.6,71.0,0.9374429419803273,640.0,600.0,562.0,57,217,-33.0,-2.6374156879284696,full-time,plus approach
545121,Ildemaro Vargas,2026,1991-07-16,1B,S,Arizona Diamondbacks,142,486,453,115,19,5,9,62,67,27,2,3,1,49,2,82,3,0,0,0,74,56,9,5,2,8,34.0,486.0,10.1,5.6,0.254,0.377,0.298,0.123,0.267,0.268,0.363,0.295,0.297,0.309,0.095,0.304,0.305,-0.014,0.014,-0.002,87.4,11.3,30.7,3.2,35.0,98.067283881,93.061632394,63.1,39.2,74.6,91.8,15.2,50.6,40.3,43.7,20.9,26.3,9.1,7.4,70.9,11.2,30.9,17.0,5.7,52.5,-9.0,27.1,4.44,12.0,37.0,66.0,407.0,70.2,59.7,ildemaro vargas,ARI,,,,,,,,450.0,35.0,3.1690140845070425,0.9259259259259259,164,1B/2B,1B/2B,True,339.0,172.67,2.396692273871662,277.33000000000004,0.7723218106353804,175.0,False,False,127,False,3.7037037037037033,11.11111111111111,33.33333333333333,0.0020000000000000018,-0.8778897141329993,-0.22778927080135755,0.27214004175824946,-0.19335775406560424,0.22539179230257103,0.0,-1.2,-2.028609616796847,304,164.0,-140.0,341.0,121.0,109.0,12.4,3.9,70.5,0.9288678988254452,413.0,384.0,557.0,195,235,-31.0,-2.648609616796847,full-time,
656716,Zach McKinstry,2026,1995-04-29,OF,L,Detroit Tigers,129,423,371,74,15,4,4,42,26,42,5,3,5,69,2,51,4,0,9,0,0,45,8,34,71,0,31.0,423.0,16.3,9.9,0.199,0.294,0.288,0.095,0.233,0.23,0.31,0.265,0.284,0.314,0.079,0.26,0.286,-0.031,-0.016,-0.019,85.8,14.7,37.1,2.0,22.5,95.167032583,91.585102086,67.0,28.0,63.5,90.6,17.0,48.2,39.1,40.1,28.0,26.4,5.5,6.6,68.0,5.4,26.6,4.3,8.0,40.4,-15.0,27.9,4.31,8.0,21.0,45.0,307.0,71.8,64.1,zach mckinstry,DET,Zach McKinstry,DET,"2B,3B,SS,LF,CF,RF",302.6,183.0,324.0,323.0,321.0,31.2,2.488372093023256,0.7588652482269503,241,2B/3B/SS/OF,2B/SS/OF,False,183.0,377.25,3.18680233337683,-56.25,-0.698430240353574,-58.0,False,False,237,False,4.25531914893617,5.673758865248227,59.57446808510639,0.01899999999999996,-1.7532319500874938,-1.3345108430232047,0.4903151777730743,0.3956899186574559,1.0516937214309312,-0.11544876308432889,-0.7399999999999999,-2.4892734512941446,324,183.0,-141.0,-213.0,511.0,534.0,21.7,6.1,67.5,0.880157857375582,441.0,388.0,528.0,193,334,-10.0,-2.6892734512941447,full-time,unlucky (xwOBA >> wOBA); needs playing time
608348,Carson Kelly,2026,1994-07-14,C,R,Chicago Cubs,121,425,380,98,15,0,10,57,58,40,5,0,1,70,0,73,7,20,0,105,4,0,0,0,0,6,31.0,425.0,16.5,9.4,0.258,0.376,0.336,0.118,0.293,0.244,0.372,0.32,0.311,0.324,0.128,0.337,0.324,0.014,0.004,0.009,86.7,13.3,31.6,5.2,36.1,98.238746516,93.170265419,67.2,25.2,56.7,89.7,19.8,45.4,39.4,46.1,24.2,21.9,7.7,6.9,70.6,10.0,28.2,8.6,10.3,48.8,2.0,25.9,4.83,21.0,42.0,34.0,310.0,78.4,61.6,carson kelly,CHC,Carson Kelly,CHC,"C,DH",318.3,196.0,312.0,394.0,434.0,32.0,3.5867768595041323,1.0211764705882354,175,C,C,False,196.0,377.25,3.18680233337683,56.75,0.39997452612730244,21.0,False,False,132,False,0.0,14.117647058823529,56.470588235294116,-0.009000000000000008,-0.6085278817195074,-0.5674460632092266,0.6438516173479366,-1.0769292631501997,-0.30927416183931083,-0.2230719614189983,-0.9,-2.311629399674479,320,175.0,-145.0,-12.0,421.0,446.0,19.0,9.6,70.4,0.9111879899688593,424.0,386.0,547.0,194,277,-19.0,-2.6916293996744787,full-time,needs playing time
630105,Jake Cronenworth,2026,1994-01-21,2B,L,San Diego Padres,109,425,377,85,13,1,7,46,41,38,7,9,2,97,0,64,7,0,0,0,8,93,6,3,0,2,32.0,425.0,22.8,8.9,0.225,0.321,0.308,0.096,0.286,0.213,0.308,0.287,0.275,0.297,0.094,0.319,0.302,0.012,0.013,0.012,87.2,11.4,30.7,3.9,29.7,97.164133824,92.599836434,63.7,29.0,56.3,89.6,21.3,45.8,30.4,48.4,22.3,21.2,8.1,7.2,71.5,7.7,23.7,18.4,8.2,41.2,-10.0,28.0,4.33,14.0,38.0,33.0,283.0,70.0,62.1,jake cronenworth,SD,Jake Cronenworth,SD,"1B,2B,SS",340.4,206.0,403.0,321.0,358.0,32.4,3.2844036697247705,0.8423529411764706,218,2B,2B,False,206.0,341.7741935483871,3.18680233337683,16.225806451612925,0.09760133634794066,-12.0,False,False,206,False,12.705882352941176,9.882352941176471,53.64705882352941,-0.011999999999999955,-1.115195706462326,-0.6198739954581763,0.1408072473661753,0.4693208777478397,-0.45509214933254866,-0.5197233396661926,-0.9799999999999998,-2.8371739080733254,337,206.0,-131.0,-106.0,515.0,464.0,20.8,6.2,70.9,0.8538480310209743,443.0,378.0,512.0,201,373,5.0,-2.7371739080733253,full-time,needs playing time
691785,Marcelo Mayer,2026,2002-12-12,2B,L,multi,76,245,220,46,10,0,3,19,22,18,3,3,0,51,3,33,4,0,0,0,0,46,3,24,0,2,23.0,245.0,20.8,7.3,0.209,0.295,0.275,0.086,0.254,0.196,0.295,0.258,0.257,0.267,0.099,0.28,0.279,0.013,0.0,0.001,86.1,8.9,26.7,6.4,35.5,98.064535176,93.036398353,71.3,28.5,43.8,85.3,27.5,48.7,36.0,51.2,25.0,15.7,8.1,8.0,74.6,8.8,20.5,46.2,9.0,42.6,-11.0,27.3,4.45,7.0,21.0,18.0,172.0,79.4,61.6,marcelo mayer,multi,Marcelo Mayer,SF,"2B,3B,SS",348.8,212.0,363.0,416.0,178.0,23.5,2.3421052631578947,0.726530612244898,362,2B/3B/SS,2B/SS,False,212.0,341.7741935483871,3.088741546261319,-163.77419354838707,-0.7466362831034243,-150.0,False,False,283,True,7.346938775510203,7.346938775510203,44.08163265306123,-0.0010000000000000009,-0.7859816448900483,0.29955975093452397,-0.2023576767857267,-0.0460958358848392,0.0795738048093305,0.0,0.8,0.10365889518379534,154,212.0,58.0,62.0,136.0,116.0,30.1,9.2,74.0,0.9182120094029299,250.0,230.0,551.0,355,261,-143.0,-2.7563411048162045,playing-time dependent,needs playing time; young
647304,Josh Naylor,2026,1997-06-22,1B,L,Seattle Mariners,152,650,597,156,23,0,10,58,57,45,5,30,9,79,2,123,7,0,0,0,152,0,0,0,0,0,29.0,650.0,12.2,6.9,0.261,0.35,0.317,0.089,0.286,0.269,0.381,0.297,0.31,0.322,0.112,0.306,0.322,-0.008,-0.031,-0.013,87.0,10.8,35.4,4.4,35.6,98.36910393,93.264796654,69.4,37.8,72.4,90.3,16.9,51.9,40.6,45.4,21.0,24.6,9.0,7.5,70.1,10.5,32.1,8.9,7.1,44.1,-17.0,24.3,4.76,27.0,49.0,78.0,520.0,80.1,61.1,josh naylor,SEA,Josh Naylor,SEA,"1B,DH",57.6,41.0,60.0,55.0,613.0,29.0,4.032894736842105,0.943076923076923,73,1B,1B,False,41.0,613.0,4.468071322604339,0.0,-0.4351765857622336,-32.0,False,False,42,False,27.692307692307693,9.230769230769232,41.53846153846154,0.013000000000000012,-0.6706908110935421,-0.8302814148857891,0.13014974944898375,-2.2550246085963224,0.7600577464444528,-0.4657142516648502,-0.30000000000000004,-2.5925586799957188,330,41.0,-289.0,-108.0,604.0,721.0,13.7,6.7,70.9,0.9540745402860231,640.0,611.0,572.0,50,178,-9.0,-2.772558679995719,full-time,
642086,Dominic Smith,2026,1995-06-15,DH,L,Atlanta Braves,108,300,269,68,6,1,9,40,46,23,2,0,0,48,5,52,0,0,0,0,6,0,0,0,1,75,31.0,300.0,16.0,7.7,0.253,0.383,0.311,0.13,0.272,0.239,0.378,0.304,0.301,0.302,0.138,0.327,0.322,0.014,0.005,0.003,87.8,13.3,34.4,5.8,32.6,97.752079911,92.955381652,67.3,31.0,62.2,86.8,21.5,48.3,36.1,40.5,29.1,24.7,5.7,6.9,68.8,8.7,29.6,6.7,8.5,48.6,-5.0,26.1,4.53,14.0,17.0,37.0,227.0,81.4,64.2,dominic smith,ATL,,,,,,,,282.0,31.0,2.611111111111111,0.94,270,1B,UT,True,339.0,172.67,2.396692273871662,109.33000000000001,0.2144188372394491,69.0,False,False,250,False,0.0,18.0,46.0,-0.0030000000000000027,-0.745240046724408,-0.8361659602949524,0.17035003369745536,-0.929667344969432,-0.01763818685282983,0.5842467414708046,-0.7000000000000001,-1.9800697014805588,300,270.0,-30.0,58.0,225.0,224.0,18.7,4.2,67.8,0.8812229784807024,285.0,251.0,529.0,312,331,-42.0,-2.8200697014805587,playing-time dependent,needs playing time
689414,Liam Hicks,2026,1999-06-02,C,L,multi,142,554,479,136,16,1,18,66,82,56,11,3,0,55,7,101,2,11,0,75,29,0,0,0,0,43,27.0,554.0,9.9,10.1,0.284,0.434,0.367,0.15,0.286,0.261,0.358,0.352,0.319,0.346,0.097,0.345,0.303,0.023,0.076,0.033,84.6,14.5,30.8,3.7,27.1,96.114190607,92.069028173,58.7,26.6,71.4,97.3,11.4,41.7,43.1,43.3,24.5,22.7,9.5,6.9,68.3,9.8,33.2,4.3,7.6,49.2,15.0,25.7,4.65,24.0,46.0,66.0,432.0,67.3,56.3,liam hicks,multi,Liam Hicks,TB,"C,1B,DH",739.0,300.0,1065.0,,588.0,27.1,4.140845070422535,1.0613718411552346,91,C/1B,C/1B,False,300.0,172.67,2.396692273871662,415.33000000000004,1.744152796550873,209.0,True,False,53,False,3.2490974729241877,19.494584837545123,60.64981949458483,-0.032999999999999974,-1.3172612880750865,-0.9136414112999237,1.4698320951219366,-1.2241911813309647,-1.4758180617852323,0.6732575186478871,0.07999999999999972,-1.6651797577807603,286,91.0,-195.0,242.0,390.0,346.0,14.4,3.6,67.4,0.8891061903534119,521.0,463.0,533.0,149,320,-58.0,-2.8251797577807602,full-time,plus approach
676356,Jonny DeLuca,2026,1998-07-10,OF,R,Tampa Bay Rays,112,370,350,93,24,0,11,44,50,17,0,17,6,78,0,58,1,0,2,0,0,0,0,0,116,2,27.0,370.0,21.1,4.6,0.266,0.429,0.3,0.163,0.314,0.232,0.325,0.317,0.261,0.267,0.093,0.384,0.309,0.034,0.104,0.056,85.8,13.9,28.7,3.6,30.2,97.922432463,92.971243172,71.1,35.9,56.0,85.5,24.9,52.9,44.7,43.3,21.5,21.1,14.2,7.8,73.4,10.0,19.8,33.8,7.3,59.4,1.0,29.2,4.29,14.0,38.0,37.0,275.0,73.6,63.2,jonny deluca,TB,Jonny DeLuca,TB,"LF,CF,RF",778.5,309.0,1195.0,,408.0,28.0,3.642857142857143,1.1027027027027028,192,OF,OF,False,309.0,172.67,2.396692273871662,235.33,1.2461648689854807,117.0,False,False,170,False,27.56756756756757,17.83783783783784,27.56756756756757,-0.055999999999999994,-1.0049723835544524,0.670653880652929,-0.340995520843838,1.3528923868324325,-2.593755965900076,0.0,-0.1,-1.4781604032314561,272,192.0,-80.0,332.0,59.0,76.0,22.0,2.3,71.0,0.9691992586656223,308.0,299.0,582.0,260,141,-68.0,-2.8381604032314565,playing-time dependent,plus speed; needs playing time
687859,Troy Johnston,2026,1997-06-22,OF,L,Colorado Rockies,129,449,397,110,32,1,4,41,50,37,9,4,5,83,5,73,4,0,2,0,23,0,0,0,88,26,29.0,449.0,18.5,8.2,0.277,0.393,0.348,0.116,0.337,0.276,0.375,0.329,0.323,0.348,0.1,0.361,0.352,0.001,0.018,0.006,89.7,13.9,39.7,2.2,36.9,98.35935121,93.374621342,70.6,36.2,56.9,85.7,24.7,52.5,38.1,40.6,23.8,32.2,3.4,6.8,70.1,9.2,28.1,5.4,10.5,44.2,1.0,26.2,4.51,14.0,31.0,64.0,320.0,79.3,61.0,troy johnston,COL,,,,,,,,415.0,29.0,3.2170542635658914,0.9242761692650334,186,1B/OF,1B/OF,True,339.0,172.67,2.396692273871662,242.33,0.8203619896942294,153.0,False,False,170,False,5.3452115812917596,5.3452115812917596,49.44320712694877,-0.006000000000000005,-0.6238082714619496,-0.8845384836252365,-0.05985449414131841,-0.8560363858790508,-0.16345617434607035,0.0,-0.30000000000000004,-2.1418492848994264,310,186.0,-124.0,298.0,121.0,117.0,21.5,9.4,70.6,0.8941724979035035,383.0,342.0,537.0,221,307,-35.0,-2.8418492848994266,full-time,needs playing time
672580,Maikel Garcia,2026,2000-03-03,3B,R,Kansas City Royals,82,344,310,83,20,3,3,40,38,32,0,5,4,50,2,57,6,0,0,0,0,0,76,3,0,1,26.0,344.0,14.5,9.3,0.268,0.381,0.334,0.113,0.309,0.271,0.367,0.318,0.318,0.34,0.096,0.332,0.332,-0.003,0.014,0.0,89.7,8.6,32.8,4.2,40.5,99.815128538,94.104949115,54.8,22.5,68.5,92.7,14.4,38.6,34.0,46.2,21.0,26.3,6.5,7.1,71.6,13.6,35.6,17.8,3.8,42.0,-1.0,27.6,4.5,6.0,38.0,39.0,262.0,62.4,62.5,maikel garcia,KC,Maikel Garcia,KC,"2B,3B,SS,OF",64.4,45.0,68.0,59.0,320.0,26.3,3.902439024390244,0.9302325581395349,243,3B,3B,False,45.0,598.2727272727273,4.321100917431193,-278.27272727272725,-0.4186618930409489,-198.0,False,False,237,True,8.720930232558139,5.232558139534883,55.81395348837209,0.0,-0.32494612457238947,-0.582439785554,0.9739795222336974,0.17479704138630967,0.12817980064041068,-0.4133216418113336,0.23999999999999988,0.05020586759224349,160,45.0,-115.0,-396.0,666.0,716.0,12.6,5.6,71.9,0.9588801965301318,408.0,391.0,575.0,190,166,-145.0,-2.8497941324077565,playing-time dependent,plus approach; needs playing time
681807,David Fry,2026,1995-11-20,OF,R,Cleveland Guardians,91,214,184,37,6,0,8,23,20,28,2,0,0,59,0,23,0,0,1,10,14,0,2,0,46,12,30.0,214.0,27.6,13.1,0.201,0.364,0.313,0.163,0.248,0.181,0.294,0.304,0.271,0.293,0.113,0.356,0.299,0.02,0.07,0.033,86.3,19.2,25.6,6.5,34.4,97.873392459,92.951842459,63.1,27.5,57.8,77.9,28.9,43.8,53.6,36.8,29.6,16.8,16.8,8.2,71.3,6.6,18.7,14.1,15.7,60.8,-2.0,26.4,4.78,12.0,8.0,16.0,125.0,68.6,57.7,david fry,CLE,,,,,,,,179.0,30.6,1.967032967032967,0.8364485981308412,360,1B/OF,OF,True,339.0,172.67,2.396692273871662,6.3300000000000125,-0.42965930683869513,-21.0,False,False,283,False,0.0,22.429906542056074,78.50467289719626,-0.032999999999999974,-0.7400429338315961,0.1354456452013988,-0.20294802910821078,-0.7087744676982858,-1.4758180617852323,0.5244164969630296,-0.6200000000000003,-2.1096536137811923,308,360.0,52.0,48.0,157.0,131.0,36.9,9.1,70.4,0.8309008080716197,250.0,208.0,499.0,398,393,-38.0,-2.8696536137811925,playing-time dependent,needs playing time
678882,Ceddanne Rafaela,2026,2000-09-18,OF,R,Boston Red Sox,138,576,541,153,32,3,16,67,70,22,8,17,9,117,3,102,2,0,8,0,0,0,0,0,137,0,25.0,576.0,20.3,3.8,0.283,0.442,0.319,0.159,0.333,0.249,0.362,0.33,0.285,0.287,0.113,0.395,0.335,0.034,0.08,0.045,86.3,12.0,34.5,5.4,31.9,96.938008578,92.469893389,71.6,45.3,61.6,84.9,24.8,57.7,34.3,43.8,25.9,25.2,5.1,7.3,69.5,6.7,24.5,6.9,8.7,50.7,6.0,28.9,4.13,32.0,51.0,70.0,429.0,77.1,68.0,ceddanne rafaela,BOS,Ceddanne Rafaela,BOS,"2B,CF",153.0,92.0,119.0,139.0,624.0,25.8,4.521739130434782,1.0833333333333333,65,2B/OF,OF,False,92.0,560.7627118644068,4.015944775657477,63.23728813559319,0.5057943547773052,27.0,False,False,41,False,17.708333333333332,16.666666666666664,22.916666666666668,-0.04500000000000004,-0.8161138357988423,-0.6527126443308847,-0.5776863829833331,1.1319995095612836,-2.059090011758197,-0.9306613746331636,0.33999999999999986,-2.5604543883578352,326,65.0,-261.0,11.0,587.0,613.0,19.9,9.2,71.0,0.9630891750526495,578.0,557.0,578.0,81,156,-16.0,-2.880454388357835,full-time,plus speed
608369,Corey Seager,2026,1994-04-27,SS,L,Texas Rangers,102,436,384,87,16,0,20,57,51,45,4,2,0,103,3,51,5,0,0,0,0,0,0,95,0,6,32.0,436.0,23.6,10.3,0.227,0.424,0.312,0.197,0.254,0.251,0.484,0.32,0.35,0.328,0.233,0.375,0.421,-0.024,-0.06,-0.03,91.7,12.4,35.6,14.8,48.9,102.113554366,95.685271092,82.9,28.8,41.9,78.2,32.9,52.6,44.0,44.4,30.6,21.5,3.5,6.7,71.5,13.1,26.3,12.4,15.0,56.8,2.0,25.1,4.77,25.0,26.0,36.0,284.0,92.9,62.4,corey seager,TEX,Corey Seager,TEX,SS,83.8,56.0,90.0,77.0,408.0,32.2,4.0,0.9357798165137615,192,SS,SS,False,56.0,563.0,4.290827223004798,-155.0,-0.2908272230047979,-136.0,False,False,170,True,2.7522935779816518,27.522935779816514,61.92660550458716,0.02999999999999997,1.2757391357479444,-0.04168102031282561,-0.3334361448700145,-1.66597693587326,1.586359675572813,-0.6606354020359166,-0.9400000000000006,-0.48088391981634726,199,56.0,-143.0,-59.0,445.0,467.0,19.6,15.3,72.5,0.9317459498322795,438.0,408.0,559.0,177,229,-121.0,-2.900883919816347,full-time,unlucky (xwOBA >> wOBA); elite contact quality; needs playing time
656811,Ryan O'Hearn,2026,1993-07-26,OF,L,Pittsburgh Pirates,110,451,407,108,17,0,18,58,76,35,6,1,0,99,3,73,2,0,0,0,53,0,0,0,42,27,32.0,451.0,22.0,7.8,0.265,0.44,0.33,0.175,0.307,0.247,0.396,0.337,0.314,0.314,0.149,0.397,0.363,0.018,0.044,0.023,89.1,13.6,33.8,6.8,42.1,99.097516731,93.913570965,63.7,31.5,60.7,86.6,22.5,46.9,40.2,42.4,28.3,23.8,5.5,7.1,70.7,9.6,27.1,8.7,11.6,45.6,5.0,26.7,4.58,30.0,29.0,48.0,311.0,65.4,60.7,ryan ohearn,PIT,Ryan O'Hearn,PIT,"1B,LF,RF,DH",275.4,169.0,267.0,271.0,463.0,32.9,4.209090909090909,1.0266075388026608,154,1B/OF,1B/OF,False,169.0,421.3333333333333,3.4177922682813224,41.666666666666686,0.7912986408095866,15.0,False,False,122,False,1.3303769401330376,23.946784922394677,46.56319290465632,-0.02300000000000002,-0.03756691980788569,-0.6923064940992466,0.08901415604642605,-0.4878815904271369,-0.9897581034744333,-0.3484416820588571,-1.0799999999999998,-2.5701872818424287,328,154.0,-174.0,-77.0,544.0,540.0,20.0,7.6,71.8,0.8881248559345515,470.0,417.0,533.0,171,320,-17.0,-2.9101872818424286,full-time,
682663,Agustín Ramírez,2026,2001-09-10,DH,R,Miami Marlins,72,255,226,53,10,1,5,31,24,26,2,4,1,61,1,37,4,3,0,28,0,0,0,0,0,38,24.0,255.0,23.9,10.2,0.235,0.354,0.318,0.119,0.298,0.227,0.32,0.3,0.285,0.309,0.093,0.346,0.322,0.008,0.034,0.015,89.9,7.1,26.5,4.2,41.6,102.266998795,95.305171928,70.2,29.8,50.3,79.5,29.8,49.1,44.6,52.4,15.7,22.9,9.0,7.7,75.9,10.8,18.9,58.3,8.5,54.4,-5.0,27.2,4.7,3.0,22.0,28.0,166.0,83.6,62.7,agustin ramirez,MIA,Agustin Ramirez,MIA,"C,DH",111.8,73.0,79.0,107.0,230.0,24.8,3.1944444444444446,0.9019607843137255,312,C,C,False,73.0,560.7627118644068,4.015944775657477,-330.7627118644068,-0.8215003312130325,-239.0,False,False,256,True,9.411764705882353,11.76470588235294,61.17647058823529,-0.015000000000000013,-0.0804397434157034,1.1803354684969178,-0.33764058535727787,-0.11972679497522302,-0.6009101368257919,-0.8710041964743324,0.5399999999999999,0.07800980568276983,155,73.0,-82.0,-353.0,585.0,583.0,19.3,11.0,75.2,0.9509437049141711,321.0,305.0,571.0,249,185,-176.0,-2.92199019431723,playing-time dependent,elite bat speed; needs playing time; young
666126,Carlos Cortes,2026,1997-06-30,OF,L,Athletics,124,381,343,86,16,2,10,30,43,31,4,2,1,63,3,58,0,0,3,0,0,0,0,0,94,27,29.0,381.0,16.5,8.1,0.251,0.397,0.318,0.146,0.278,0.242,0.368,0.315,0.301,0.311,0.126,0.337,0.318,0.009,0.029,0.014,88.4,11.0,36.0,6.0,35.8,98.824277305,93.581776121,66.2,27.9,63.3,84.2,22.1,46.6,30.0,45.2,21.6,25.4,7.8,7.0,70.6,11.1,26.2,12.6,6.9,43.0,-5.0,26.1,4.59,14.0,27.0,44.0,283.0,69.7,60.1,carlos cortes,ATH,,,,,,,,342.0,29.0,2.7580645161290325,0.8976377952755905,224,OF,OF,True,339.0,172.67,2.396692273871662,169.33,0.3613722422573704,115.0,False,False,206,False,3.149606299212598,15.748031496062993,48.818897637795274,-0.014000000000000012,-0.5356596871929872,-0.7527894911385551,0.1620458224367319,-0.929667344969432,-0.5523041409947117,0.0,-0.30000000000000004,-2.0197031817014266,303,224.0,-79.0,233.0,99.0,109.0,20.2,9.2,70.9,0.8544206719947909,325.0,278.0,513.0,270,370,-46.0,-2.9397031817014265,playing-time dependent,needs playing time
807799,Masataka Yoshida,2026,1993-07-15,DH,L,Boston Red Sox,87,297,263,72,16,1,5,34,28,28,3,2,0,33,3,50,0,0,1,0,0,0,0,0,7,65,32.0,297.0,11.1,9.4,0.274,0.399,0.347,0.125,0.294,0.262,0.372,0.33,0.318,0.338,0.11,0.329,0.314,0.012,0.027,0.012,88.8,8.9,30.0,3.4,39.9,99.027488034,93.672635923,58.3,28.1,72.4,90.7,15.6,42.6,43.3,49.8,22.7,22.3,5.2,7.1,71.5,14.1,36.8,17.8,8.1,48.4,2.0,26.1,4.42,14.0,29.0,29.0,233.0,67.6,56.8,masataka yoshida,BOS,,,,,,,,278.0,33.0,3.1954022988505746,0.936026936026936,272,OF,UT,True,339.0,172.67,2.396692273871662,105.33000000000001,0.7987100249789125,67.0,False,False,250,False,4.040404040404041,10.1010101010101,56.56565656565657,-0.01200000000000001,-0.5627331843349884,-0.3166919472860094,0.8588761616888365,-0.929667344969432,-0.4550921493325513,-0.3947857913295526,-1.1,-2.244564114181024,317,272.0,-45.0,91.0,205.0,187.0,11.7,6.6,71.9,0.9074201241103794,279.0,253.0,544.0,307,286,-35.0,-2.9445641141810244,playing-time dependent,plus approach; needs playing time
681198,TJ Rumfield,2026,2000-05-17,1B,L,Colorado Rockies,155,631,547,164,30,3,16,67,73,72,10,0,0,86,2,115,7,0,0,0,139,0,0,0,0,11,26.0,631.0,13.6,11.4,0.3,0.453,0.39,0.153,0.331,0.261,0.386,0.373,0.333,0.357,0.125,0.384,0.329,0.039,0.067,0.04,84.3,15.7,37.4,5.0,27.9,96.180816261,92.096667739,70.6,30.4,61.5,91.7,18.8,48.3,40.8,39.5,28.7,25.7,6.0,6.5,68.4,6.4,25.0,7.5,8.9,44.2,29.0,24.9,4.72,37.0,39.0,88.0,463.0,82.4,62.4,tj rumfield,COL,,,,,,,,627.0,26.1,4.04516129032258,0.993660855784469,61,1B,1B,True,339.0,172.67,2.396692273871662,454.33000000000004,1.6484690164509184,278.0,True,True,40,False,0.0,15.213946117274169,68.46275752773376,-0.03999999999999998,-1.078966444017277,-1.0648996277319256,1.1297842187971838,-1.8132388540540274,-1.8160600326027934,0.0,0.27999999999999975,-2.564952444046744,327,61.0,-266.0,,,,,,,0.8857488490261407,631.0,559.0,531.0,80,324,-19.0,-2.944952444046744,full-time,plus approach
700932,Kyle Manzardo,2026,2000-07-18,1B,L,Cleveland Guardians,102,356,312,67,10,1,13,40,39,36,6,0,0,114,2,43,2,0,0,0,83,0,0,0,0,17,25.0,356.0,32.0,10.1,0.215,0.378,0.306,0.163,0.289,0.22,0.38,0.305,0.307,0.311,0.16,0.396,0.397,-0.005,-0.002,-0.002,89.5,19.3,34.5,12.0,41.0,98.784676465,93.74206596,63.5,30.7,50.0,79.8,30.6,46.5,43.5,36.0,33.5,22.0,8.5,7.4,69.8,8.3,24.0,6.3,17.9,49.7,-4.0,25.4,4.65,21.0,15.0,31.0,200.0,82.6,57.9,kyle manzardo,CLE,Kyle Manzardo,CLE,"1B,DH",245.0,150.0,235.0,215.0,304.0,25.9,2.980392156862745,0.8539325842696629,257,1B,1B,False,150.0,425.5,3.7174234694899297,-121.5,-0.7370313126271846,-107.0,False,False,247,True,0.0,21.91011235955056,60.674157303370784,0.0020000000000000018,0.38121578199003586,-0.6682297391126962,-0.5914680170845479,-1.4450840586021136,0.22539179230257103,-0.6336877733602275,0.3200000000000003,-1.3286694983278386,258,150.0,-108.0,-195.0,531.0,499.0,25.4,11.8,70.6,0.8424781067800542,391.0,329.0,505.0,231,386,-81.0,-2.9486694983278388,playing-time dependent,needs playing time
676391,Ernie Clement,2026,1996-03-22,2B,R,Toronto Blue Jays,158,621,590,153,33,1,9,60,48,22,2,7,1,58,7,110,13,0,0,0,0,132,14,40,3,0,30.0,621.0,9.3,3.5,0.259,0.364,0.285,0.105,0.272,0.24,0.319,0.284,0.258,0.268,0.078,0.296,0.266,0.019,0.045,0.026,84.2,17.4,31.5,2.0,20.8,93.995982322,91.030114794,72.0,44.4,76.8,90.6,15.1,57.4,40.3,38.2,28.2,23.2,10.4,7.1,67.3,4.6,34.3,2.8,11.6,61.6,-20.0,28.1,4.33,28.0,56.0,69.0,539.0,83.2,66.5,ernie clement,TOR,Ernie Clement,TOR,"1B,2B,3B,SS",257.4,158.0,276.0,261.0,508.0,30.3,3.2151898734177213,0.8180354267310789,128,2B/3B/SS,2B/SS,False,158.0,425.5,3.7174234694899297,82.5,-0.5022335960722084,30.0,True,False,120,False,6.763285024154589,8.695652173913043,21.256038647342994,-0.025999999999999968,-2.026419753086372,-0.5260886609859161,-0.14525782205803653,0.5429518368382236,-1.135576090967671,-0.14573775583078802,-0.5600000000000002,-3.4955450593071515,350,128.0,-222.0,-31.0,588.0,539.0,10.4,2.4,67.6,0.870449570774213,614.0,534.0,522.0,101,348,27.0,-2.9555450593071515,full-time,
645277,Ozzie Albies,2026,1997-01-07,2B,S,Atlanta Braves,162,683,615,146,27,1,22,85,73,46,8,4,4,105,14,96,7,0,0,0,0,158,0,0,0,4,29.0,683.0,15.4,6.7,0.237,0.392,0.293,0.155,0.247,0.221,0.337,0.298,0.273,0.28,0.116,0.317,0.284,0.016,0.055,0.025,87.1,17.8,32.3,3.8,27.7,96.575292846,92.322715692,78.7,38.1,66.5,86.2,21.2,56.1,45.8,35.5,32.8,23.3,8.4,7.2,68.8,6.1,26.2,5.1,12.4,57.3,-12.0,27.1,4.28,32.0,39.0,75.0,524.0,87.3,61.0,ozzie albies,ATL,Ozzie Albies,ATL,2B,128.0,82.0,149.0,125.0,604.0,29.5,3.728395061728395,0.8843338213762811,78,2B,2B,False,82.0,560.7627118644068,4.015944775657477,43.23728813559319,-0.2875497139290819,4.0,False,False,42,False,3.513909224011713,19.32650073206442,40.4099560761347,-0.024999999999999967,-1.3339412316091714,-0.4844728534502261,-0.16631797243493118,-0.19335775406560424,-1.086970095136591,-0.2370600602653833,-0.4,-3.039993320823174,343,78.0,-265.0,-8.0,667.0,612.0,14.1,4.9,69.0,0.883171924932846,640.0,565.0,530.0,74,328,4.0,-2.959993320823174,full-time,
667670,Brent Rooker,2026,1994-11-01,DH,R,Athletics,48,203,180,36,4,0,10,20,29,19,2,2,0,65,2,22,0,0,0,0,0,0,0,0,4,42,31.0,202.0,31.7,9.4,0.201,0.391,0.282,0.19,0.243,0.208,0.438,0.294,0.312,0.281,0.23,0.386,0.424,-0.007,-0.047,-0.018,89.9,19.7,34.2,15.5,41.9,101.773379828,95.03524069,71.1,31.0,35.5,74.7,38.4,49.7,39.3,34.2,41.0,20.5,4.3,7.1,74.0,12.1,18.5,41.1,13.3,45.7,-5.0,27.6,4.57,12.0,14.0,10.0,117.0,78.2,62.7,brent rooker,ATH,Brent Rooker,ATH,"LF,RF,DH",41.4,31.0,42.0,39.0,182.0,31.7,3.7916666666666665,0.896551724137931,356,OF,UT,False,31.0,649.0,4.468071322604339,-467.0,-0.6764046559376724,-325.0,False,False,283,True,5.911330049261084,29.55665024630542,56.15763546798029,0.018000000000000016,1.0706954918480247,0.2729549278673233,-1.0218050099925782,0.17479704138630967,1.0030877255998536,-0.3794195798246312,-0.8399999999999999,-0.026564371121308272,166,31.0,-135.0,-554.0,699.0,736.0,22.2,13.7,73.5,0.9436257702745596,302.0,285.0,566.0,267,206,-236.0,-3.0265643711213084,playing-time dependent,unlucky (xwOBA >> wOBA); elite contact quality; needs playing time
665966,Carlos Narváez,2026,1998-11-26,C,R,multi,95,285,248,40,7,0,3,22,10,19,8,2,0,90,3,30,6,11,0,93,0,1,0,0,0,1,27.0,285.0,31.6,6.7,0.161,0.226,0.241,0.065,0.234,0.191,0.303,0.219,0.26,0.269,0.112,0.259,0.331,-0.03,-0.077,-0.041,90.6,18.3,35.1,6.6,36.9,99.444669241,94.185727389,70.5,32.3,45.9,76.4,33.2,51.4,31.5,39.3,30.4,21.4,8.9,7.5,72.1,7.0,20.7,20.1,11.4,50.7,-19.0,25.3,4.92,8.0,11.0,21.0,168.0,73.4,63.5,carlos narvaez,multi,Carlos Narvaez,BAL,C,345.8,210.0,289.0,392.0,177.0,27.6,1.8631578947368421,0.6210526315789474,364,C,C,False,210.0,341.7741935483871,3.088741546261319,-164.77419354838707,-1.225583651524477,-154.0,False,False,283,True,4.2105263157894735,6.315789473684211,40.0,0.04100000000000001,-0.3354749880173228,-0.1020513193701887,-1.1907198994864387,-1.5187150176924948,2.1210256297146963,-0.983110228768013,-0.020000000000000285,-1.7612307677247028,290,210.0,-80.0,-287.0,446.0,464.0,24.9,9.1,72.3,0.8689249004748718,317.0,275.0,521.0,276,352,-66.0,-3.081230767724703,playing-time dependent,unlucky (xwOBA >> wOBA); needs playing time
670623,Isaac Paredes,2026,1999-02-18,3B,R,Houston Astros,155,659,562,147,27,1,25,69,94,71,19,0,0,88,7,94,9,0,0,0,15,3,138,0,0,9,27.0,659.0,13.4,10.8,0.262,0.447,0.36,0.185,0.268,0.245,0.373,0.355,0.323,0.346,0.128,0.355,0.311,0.017,0.074,0.032,86.0,24.2,38.7,4.8,29.3,96.56219225,92.297062688,62.0,27.0,75.0,90.3,14.7,43.4,49.3,27.2,30.6,27.9,14.3,7.8,67.2,5.9,27.6,6.6,14.9,52.7,27.0,25.1,4.9,40.0,29.0,78.0,481.0,68.8,54.3,isaac paredes,HOU,Isaac Paredes,HOU,"1B,3B,DH",196.8,116.0,212.0,162.0,642.0,27.4,4.141935483870967,0.9742033383915023,51,1B/3B,3B,False,116.0,560.7627118644068,4.015944775657477,81.23728813559319,0.12599070821349034,65.0,True,False,40,False,0.0,22.76176024279211,64.6433990895296,-0.03199999999999997,-1.0919618427745954,-0.8623215701972798,1.2320255045264867,-1.66597693587326,-1.427212065954152,-0.3642218718071416,0.020000000000000285,-2.614444796796752,332,51.0,-281.0,214.0,438.0,428.0,17.4,6.3,69.0,0.9137545224729857,615.0,562.0,548.0,76,273,-25.0,-3.114444796796752,full-time,plus approach
543807,George Springer,2026,1989-09-19,DH,R,Toronto Blue Jays,126,517,462,115,23,2,15,59,54,47,3,12,2,95,2,75,0,0,0,0,0,0,0,0,2,118,36.0,517.0,18.4,9.1,0.249,0.405,0.321,0.156,0.282,0.238,0.381,0.32,0.306,0.312,0.142,0.352,0.332,0.011,0.024,0.014,88.6,12.5,30.4,6.5,38.5,99.548886216,93.977721355,72.9,25.5,52.2,85.4,23.5,48.3,42.5,45.0,26.0,22.2,6.8,7.4,73.2,11.4,24.2,35.7,9.6,57.0,10.0,26.9,4.61,23.0,39.0,53.0,369.0,83.3,59.2,george springer,TOR,George Springer,TOR,"LF,CF,RF,DH",75.4,53.0,88.0,78.0,501.0,36.8,3.9761904761904763,0.9690522243713733,132,OF,UT,False,53.0,571.0,4.290827223004798,-70.0,-0.31463674681432163,-79.0,False,False,120,False,13.926499032882012,17.408123791102515,54.54545454545455,-0.014000000000000012,-0.27404564328314096,0.5727037282249191,0.42498252437249784,-0.3406196722463719,-0.5523041409947117,-1.281907522495398,-1.2,-2.1336735023271682,309,53.0,-256.0,-254.0,586.0,755.0,18.9,16.2,73.8,0.9736674181699569,531.0,517.0,584.0,108,131,-55.0,-3.2336735023271683,full-time,
643289,Mauricio Dubón,2026,1994-07-19,OF,R,Atlanta Braves,153,619,572,158,28,3,12,66,73,35,4,10,3,73,3,115,6,0,3,0,0,4,8,62,101,1,31.0,619.0,11.8,5.7,0.276,0.399,0.321,0.123,0.298,0.268,0.375,0.317,0.304,0.314,0.108,0.333,0.317,0.008,0.024,0.013,86.5,16.1,36.5,4.0,29.4,96.554878032,92.283650542,72.5,37.6,75.9,89.9,15.3,53.7,31.2,40.3,25.8,25.8,8.1,7.6,69.2,6.9,28.1,4.7,3.8,38.6,1.0,26.8,4.44,26.0,54.0,77.0,504.0,84.7,61.4,mauricio dubon,ATL,Mauricio Dubon,ATL,"2B,3B,SS,LF,CF",425.7,249.0,460.0,483.0,594.0,31.9,3.8823529411764706,0.9596122778675282,85,2B/3B/SS/OF,SS/OF,False,249.0,296.0,2.9766263024500135,298.0,0.9057266387264571,164.0,True,False,53,False,9.693053311793214,11.631663974151857,33.92568659127625,-0.013000000000000012,-1.110848316288114,-1.25398437008453,0.3352197363068478,-0.4142506313367531,-0.5036981451636315,0.7514807560189753,-0.8799999999999998,-2.5752856128573356,329,85.0,-244.0,266.0,398.0,328.0,10.6,1.2,68.1,0.8751229550444666,575.0,503.0,525.0,118,341,-33.0,-3.2352856128573357,full-time,
664034,Ty France,2026,1994-07-13,1B,R,San Diego Padres,133,500,440,130,24,2,21,59,72,37,14,1,1,108,8,83,3,0,0,0,127,0,3,0,0,3,31.0,500.0,21.6,7.4,0.295,0.502,0.363,0.207,0.342,0.248,0.421,0.373,0.327,0.323,0.173,0.442,0.375,0.047,0.081,0.046,91.5,14.6,38.5,9.1,47.4,100.873362,95.076991032,76.9,34.5,50.4,83.0,28.1,54.3,38.8,41.8,25.3,25.9,7.1,7.6,72.0,10.8,21.9,21.7,11.4,48.0,26.0,24.7,4.9,27.0,46.0,57.0,340.0,81.3,58.9,ty france,SD,,,,,,,,533.0,32.0,4.007518796992481,1.066,117,1B,1B,True,339.0,172.67,2.396692273871662,360.33000000000004,1.610826523120819,222.0,True,False,120,False,1.2,25.200000000000003,44.4,-0.045999999999999985,0.5214817955756861,-0.20539820146874246,-0.0090369799734481,-1.9605007722347925,-2.1076960075892743,0.36288094008434474,-0.9,-2.3012822753547315,318,117.0,-201.0,114.0,490.0,419.0,16.9,7.7,71.0,0.868380551302012,498.0,432.0,521.0,164,352,-47.0,-3.2412822753547315,full-time,
665926,Andrés Giménez,2026,1998-09-04,SS,L,Toronto Blue Jays,148,508,468,114,25,1,9,38,59,17,16,20,4,94,5,79,8,0,0,0,0,0,0,148,0,0,27.0,508.0,18.5,3.3,0.244,0.359,0.291,0.115,0.284,0.237,0.333,0.286,0.276,0.285,0.096,0.322,0.309,0.007,0.026,0.01,85.4,13.0,29.9,3.4,24.9,95.861947351,91.931251541,73.3,43.9,62.0,84.8,24.2,57.9,39.9,45.4,23.1,22.3,9.2,7.0,68.3,5.1,24.5,4.2,10.0,50.8,-16.0,27.7,4.3,22.0,35.0,53.0,381.0,78.3,63.8,andres gimenez,TOR,Andres Gimenez,TOR,"2B,SS",336.2,205.0,298.0,267.0,464.0,27.8,3.135135135135135,0.9133858267716536,152,2B/SS,SS,False,205.0,358.0,3.18680233337683,106.0,-0.051667198241694745,53.0,False,False,122,False,23.62204724409449,10.62992125984252,20.07874015748032,-0.009999999999999953,-1.405275473114928,-0.8457094564160785,-0.7832579032263512,0.24842800047669086,-0.35788015767038833,-0.24417028197096174,-0.060000000000000143,-2.9248547829218206,342,152.0,-190.0,149.0,369.0,315.0,17.9,3.0,69.3,0.8946581512383677,480.0,429.0,537.0,168,307,-16.0,-3.2448547829218204,full-time,
665923,Esteury Ruiz,2026,1999-02-15,OF,R,Miami Marlins,109,255,213,46,12,1,6,38,17,26,12,34,8,82,1,27,4,0,2,0,0,0,0,0,113,0,27.0,255.0,32.2,10.2,0.216,0.366,0.333,0.15,0.317,0.175,0.288,0.317,0.275,0.299,0.113,0.402,0.321,0.041,0.078,0.042,82.7,24.4,39.6,7.5,23.9,95.310644921,91.745599762,68.2,31.5,54.5,74.8,32.4,48.3,51.5,31.3,26.1,26.9,15.7,7.6,71.3,4.5,14.1,18.7,15.7,38.7,2.0,29.9,4.31,10.0,15.0,21.0,134.0,76.1,61.2,esteury ruiz,MIA,,,,,,,,319.0,27.4,2.926605504587156,1.2509803921568627,244,OF,OF,True,339.0,172.67,2.396692273871662,146.33,0.5299132307154939,95.0,False,False,237,False,80.0,14.117647058823529,61.17647058823529,-0.04199999999999998,-1.1819202828281314,-0.7489665385214531,-0.7522085120241305,1.8683091004651116,-1.9132720242649537,0.0,0.020000000000000285,-2.3102830326372397,319,244.0,-75.0,291.0,23.0,28.0,,,,1.0538858478258395,250.0,263.0,632.0,291,30,-47.0,-3.2502830326372396,playing-time dependent,plus speed; needs playing time
650333,Luis Arraez,2026,1997-04-09,2B,L,multi,151,655,596,185,33,7,6,67,64,34,5,10,1,28,14,139,8,0,0,0,0,149,1,0,0,1,29.0,655.0,4.3,5.2,0.31,0.419,0.345,0.109,0.311,0.289,0.377,0.331,0.307,0.323,0.088,0.324,0.298,0.021,0.042,0.024,86.4,16.2,39.3,1.2,19.4,94.068574724,91.077369275,63.2,33.1,90.1,94.2,7.1,48.6,31.0,37.6,30.8,26.9,4.8,5.9,63.1,1.7,42.6,0.1,8.6,52.6,4.0,26.8,4.55,27.0,54.0,104.0,588.0,68.2,62.0,luis arraez,multi,Luis Arraez,PHI,"1B,2B,DH",232.6,143.0,251.0,231.0,627.0,29.2,4.152317880794702,0.9572519083969465,61,1B/2B,2B,False,143.0,425.5,3.7174234694899297,201.5,0.43489441130477235,82.0,True,True,40,False,9.16030534351145,5.4961832061068705,31.14503816793893,-0.02400000000000002,-1.9616362122487925,-1.4953115231253449,1.0385100080081267,-0.4142506313367531,-1.0383640993055134,0.3693603996023717,-0.33999999999999986,-3.09352441420606,344,61.0,-283.0,8.0,675.0,619.0,3.1,1.1,62.5,0.8905526331684259,640.0,570.0,534.0,71,317,-10.0,-3.2935244142060602,full-time,plus approach
686765,Nick Sogard,2026,1997-09-09,2B,S,Boston Red Sox,66,277,239,61,14,1,5,29,19,31,1,1,1,56,1,41,4,0,0,0,26,39,9,5,0,1,28.0,277.0,20.2,11.2,0.255,0.385,0.342,0.13,0.313,0.251,0.355,0.325,0.311,0.338,0.104,0.359,0.338,0.004,0.03,0.014,86.8,16.1,38.1,4.8,28.6,96.712474831,92.356740899,56.7,24.5,61.8,87.9,20.4,39.9,43.9,39.2,22.8,28.0,10.1,7.1,69.1,7.5,28.8,4.7,12.6,50.6,0.0,27.6,4.42,9.0,15.0,37.0,189.0,62.1,60.6,nick sogard,BOS,,,,,,,,232.0,28.8,3.515151515151515,0.8375451263537906,307,1B/2B/3B,1B/2B,True,339.0,172.67,2.396692273871662,59.33000000000001,1.118459241279853,32.0,False,False,256,False,2.1660649819494586,10.830324909747292,67.14801444043322,-0.014000000000000012,-0.9701552479316721,-0.7446139425110908,0.561860440464071,0.17479704138630967,-0.5523041409947117,0.0,-0.2600000000000002,-1.5559739242711381,277,307.0,30.0,139.0,104.0,93.0,23.1,5.6,67.8,0.8462760952501178,250.0,212.0,508.0,394,382,-87.0,-3.295973924271138,playing-time dependent,needs playing time
680700,Richie Palacios,2026,1997-05-16,2B,L,Tampa Bay Rays,124,399,345,81,14,2,10,51,57,46,4,17,7,68,2,55,7,0,0,0,0,115,2,0,2,2,29.0,399.0,17.0,11.5,0.235,0.374,0.33,0.139,0.264,0.243,0.334,0.316,0.306,0.339,0.091,0.324,0.308,-0.008,0.04,0.01,86.2,13.4,33.1,4.0,28.8,96.521348897,92.287697638,64.2,32.5,70.9,85.4,20.7,46.6,39.1,41.6,19.9,27.0,11.4,7.3,69.3,7.6,26.7,4.3,7.6,52.7,2.0,26.6,4.44,12.0,19.0,49.0,281.0,73.6,63.9,richie palacios,TB,,,,,,,,412.0,29.1,3.3225806451612905,1.0325814536340852,189,2B/OF,2B,True,339.0,172.67,2.396692273871662,239.33,0.9258883712896284,150.0,False,False,170,False,25.563909774436087,15.037593984962406,69.17293233082707,-0.010000000000000009,-1.1768045328124308,-0.6345975121730575,0.381092225886335,-0.5615125495175182,-0.357880157670391,0.0,-0.3200000000000003,-2.1466298511214275,311,189.0,-122.0,351.0,48.0,61.0,18.8,5.9,68.0,0.9287440245625307,329.0,306.0,557.0,247,235,-58.0,-3.3066298511214276,playing-time dependent,needs playing time
683766,Christian Koss,2026,1998-01-27,SS,R,San Francisco Giants,71,221,203,44,6,0,4,27,12,9,2,5,0,59,0,34,7,0,0,0,0,5,20,41,0,1,28.0,221.0,26.7,4.1,0.217,0.305,0.257,0.088,0.286,0.206,0.278,0.251,0.235,0.247,0.073,0.32,0.296,0.011,0.027,0.016,84.1,10.9,29.1,4.0,26.5,96.216977143,92.149313381,71.1,39.5,54.0,79.9,30.1,54.2,40.4,53.0,18.5,19.9,8.6,7.1,69.3,7.1,18.8,6.3,10.4,57.9,-9.0,29.0,4.32,6.0,19.0,18.0,151.0,75.9,67.4,christian koss,SF,,,,,,,,164.0,28.4,2.3098591549295775,0.7420814479638009,370,2B/3B/SS,3B/SS,True,339.0,172.67,2.396692273871662,-8.669999999999987,-0.08683311894208456,-31.0,False,False,339,False,13.574660633484163,10.85972850678733,24.434389140271495,-0.016000000000000014,-1.3406638908004336,-0.3748865523209101,-1.0758095091881643,1.2056304686516675,-0.649516132656872,-0.7791923181793124,-0.17999999999999972,-2.9150230075693258,341,370.0,29.0,-11.0,191.0,175.0,23.6,6.0,70.0,0.853654261434844,250.0,213.0,512.0,392,373,-22.0,-3.3550230075693257,playing-time dependent,plus speed; needs playing time
641933,Tyler O'Neill,2026,1995-06-22,OF,R,Baltimore Orioles,85,260,231,49,8,0,10,31,23,27,2,1,0,72,0,31,3,0,7,0,0,0,0,0,67,11,31.0,260.0,27.7,10.4,0.212,0.377,0.3,0.165,0.262,0.214,0.394,0.302,0.307,0.301,0.18,0.366,0.374,-0.002,-0.017,-0.005,89.4,22.5,34.0,8.8,42.8,100.1054135,94.28693195,69.5,27.9,44.6,79.3,31.7,47.2,44.0,30.2,40.9,20.8,8.2,7.4,72.3,9.1,22.1,18.9,15.2,53.6,-6.0,28.0,4.49,18.0,9.0,22.0,159.0,70.0,61.9,tyler oneill,BAL,Tyler O'Neill,BAL,"LF,RF,DH",380.8,230.0,376.0,368.0,233.0,31.0,2.7411764705882353,0.8961538461538462,306,OF,OF,False,230.0,341.7741935483871,3.088741546261319,-108.77419354838707,-0.3475650756730837,-76.0,False,False,256,True,2.307692307692308,23.076923076923077,62.307692307692314,0.0050000000000000044,0.26811115132359736,0.02937234438407388,-0.4491652814472036,0.4693208777478397,0.37120977979581155,-0.9826648320209477,-0.7000000000000001,-1.0634668467176351,245,230.0,-15.0,33.0,209.0,200.0,24.4,16.5,74.0,0.9354882364057201,250.0,234.0,561.0,345,221,-115.0,-3.3634668467176354,playing-time dependent,needs playing time
657656,Ramón Laureano,2026,1994-07-15,OF,R,San Diego Padres,53,206,182,37,6,2,7,23,21,20,2,7,2,65,2,22,0,0,1,0,0,0,0,0,51,1,31.0,206.0,31.6,9.7,0.203,0.374,0.286,0.171,0.268,0.222,0.409,0.292,0.312,0.303,0.187,0.376,0.411,-0.019,-0.035,-0.02,88.0,12.1,37.0,14.3,41.2,99.9726525,94.305977731,70.9,32.7,45.3,81.4,31.1,50.5,35.3,41.2,31.1,21.8,5.9,7.1,72.5,8.4,18.4,26.0,14.8,46.6,-3.0,28.0,4.3,12.0,9.0,16.0,119.0,80.0,61.7,ramon laureano,SD,Ramon Laureano,SD,"LF,CF,RF",225.6,134.0,215.0,194.0,194.0,32.0,3.660377358490566,0.941747572815534,345,OF,OF,False,134.0,425.5,3.7174234694899297,-231.5,-0.05704611099936363,-211.0,False,False,280,True,20.388349514563107,20.388349514563107,58.25242718446602,0.020000000000000018,0.7225450066853235,-0.1309104926423171,-0.6056149841042694,0.4693208777478397,1.100299717262014,-0.6496366660110049,-0.9,-0.43226630287794326,193,134.0,-59.0,-384.0,488.0,578.0,24.4,13.9,72.2,0.9786549766166825,262.0,256.0,587.0,301,120,-167.0,-3.4322663028779434,playing-time dependent,unlucky (xwOBA >> wOBA); needs playing time
673237,Yainer Diaz,2026,1998-09-21,C,R,Houston Astros,98,361,344,98,16,1,14,38,45,12,3,0,2,57,2,67,3,19,0,88,1,0,0,0,0,9,27.0,361.0,15.8,3.3,0.285,0.459,0.313,0.174,0.305,0.272,0.416,0.334,0.312,0.302,0.144,0.381,0.354,0.013,0.043,0.022,89.3,7.5,29.4,6.9,38.8,99.752823724,94.074011696,74.5,42.1,60.9,88.5,22.3,57.4,37.0,54.7,17.3,21.8,6.2,7.3,72.6,13.6,31.1,23.4,7.7,55.9,11.0,26.0,4.49,16.0,39.0,42.0,289.0,84.1,64.5,yainer diaz,HOU,Yainer Diaz,HOU,"C,DH",144.4,87.0,104.0,250.0,389.0,27.8,3.9693877551020407,1.077562326869806,202,C,C,False,87.0,560.7627118644068,4.015944775657477,-171.7627118644068,-0.046557020555436424,-115.0,False,False,171,True,0.0,23.268698060941826,19.94459833795014,-0.02200000000000002,-0.11298031114198212,0.24281802053197357,-0.1432796467441493,-1.0032983040598158,-0.9411521076433531,-0.0879491014801817,-0.060000000000000143,-1.1365135627628347,251,87.0,-164.0,-170.0,567.0,559.0,16.8,9.6,72.2,0.9342128092095101,402.0,376.0,561.0,203,221,-116.0,-3.4565135627628347,playing-time dependent,needs playing time
620443,Luis Torrens,2026,1996-05-02,C,R,New York Mets,93,281,255,60,14,0,9,37,41,18,4,1,0,59,1,37,2,17,0,86,2,0,0,0,0,2,30.0,281.0,21.0,6.4,0.235,0.396,0.295,0.161,0.271,0.23,0.363,0.304,0.289,0.29,0.134,0.35,0.329,0.005,0.033,0.015,88.7,8.3,30.5,5.6,40.5,98.903307959,93.704207026,66.2,32.4,63.5,86.6,21.6,48.3,31.5,52.5,22.0,21.0,4.5,7.1,70.2,9.7,26.5,6.7,7.2,51.6,-5.0,26.6,4.65,12.0,24.0,24.0,200.0,82.6,60.9,luis torrens,NYM,,,,,,,,296.0,30.2,3.182795698924731,1.0533807829181494,264,C,C,True,339.0,172.67,2.396692273871662,123.33000000000001,0.786103425053069,75.0,False,False,250,False,2.1352313167259784,19.21708185053381,38.43416370106762,-0.015000000000000013,-0.34713483321518424,-0.528162165745974,-0.09039739352415459,-0.5615125495175182,-0.6009101368257919,-0.8944674702164013,-0.5399999999999999,-2.6031164485017366,331,264.0,-67.0,39.0,283.0,257.0,19.8,10.7,70.7,0.8985743497827786,281.0,252.0,539.0,309,301,-45.0,-3.5031164485017365,playing-time dependent,needs playing time
683734,Andrew Vaughn,2026,1998-04-03,1B,R,Milwaukee Brewers,104,331,288,88,18,2,6,33,43,35,6,0,0,53,2,62,4,0,0,0,75,0,14,0,0,4,28.0,331.0,16.0,10.6,0.306,0.444,0.39,0.138,0.355,0.264,0.38,0.368,0.329,0.351,0.116,0.394,0.342,0.042,0.064,0.039,90.1,11.3,30.4,5.1,43.5,99.521519328,94.307560675,55.4,23.5,65.5,87.7,19.5,38.3,32.1,45.1,24.1,24.9,5.9,7.2,70.4,11.6,33.9,12.9,7.7,50.7,14.0,25.8,4.76,13.0,35.0,39.0,237.0,65.1,55.3,andrew vaughn,MIL,Andrew Vaughn,MIL,"1B,3B",269.0,164.0,274.0,243.0,329.0,28.2,3.1634615384615383,0.9939577039274925,231,1B/3B,1B,False,164.0,425.5,3.6601307189542482,-96.5,-0.4966691804927099,-67.0,False,False,237,True,0.0,10.876132930513597,63.4441087613293,-0.03899999999999998,-0.15417431830192818,-0.4381408893954742,0.8660466058647788,-1.1505602222405809,-1.767454036771713,-0.5842253821890072,-0.13999999999999987,-1.8704211970978522,294,164.0,-130.0,-71.0,447.0,400.0,17.9,12.0,70.6,0.864408181684185,354.0,306.0,519.0,247,357,-83.0,-3.5304211970978523,playing-time dependent,plus approach; needs playing time
670764,Taylor Walls,2026,1996-07-10,SS,S,Tampa Bay Rays,124,433,369,82,18,2,2,60,36,45,3,21,3,105,4,60,9,0,0,0,0,0,0,123,0,0,29.0,433.0,24.2,10.4,0.222,0.298,0.309,0.076,0.301,0.19,0.261,0.278,0.251,0.281,0.071,0.311,0.268,0.032,0.037,0.027,85.6,19.4,32.1,2.2,21.9,95.29496336,91.704933333,62.0,25.6,62.9,84.8,22.0,43.2,41.1,42.5,27.9,19.6,10.0,7.1,68.2,3.7,27.6,2.0,12.9,61.6,-14.0,27.9,4.38,9.0,33.0,39.0,280.0,72.6,61.9,taylor walls,TB,,,,,,,,390.0,30.0,3.1451612903225805,0.9006928406466512,201,SS,SS,True,339.0,172.67,2.396692273871662,217.33,0.7484690164509185,138.0,False,False,171,False,29.09930715935335,2.771362586605081,62.35565819861432,-0.027000000000000024,-1.8327449904954562,-0.4253828518834577,0.05190545737695256,0.3956899186574559,-1.184182086798754,-0.43665817408833374,-0.5,-3.3345927510122344,346,201.0,-145.0,101.0,317.0,289.0,22.1,3.2,68.7,0.8959920849691844,410.0,367.0,538.0,211,304,-10.0,-3.5345927510122346,full-time,needs playing time
663968,Jake Mangum,2026,1996-03-08,OF,S,Pittsburgh Pirates,133,479,435,120,19,2,5,56,33,25,12,23,9,93,2,94,3,0,4,0,0,0,0,0,164,0,30.0,479.0,19.4,5.2,0.276,0.363,0.331,0.087,0.339,0.247,0.331,0.31,0.285,0.304,0.084,0.352,0.317,0.029,0.032,0.025,86.0,4.8,27.2,2.3,27.8,96.465453598,92.286667774,73.2,45.1,72.2,83.2,21.4,58.3,29.8,58.2,16.9,20.6,4.3,6.7,68.0,6.0,24.9,4.4,4.7,36.1,-4.0,29.6,4.04,12.0,63.0,45.0,349.0,78.4,67.2,jake mangum,PIT,Jake Mangum,PIT,"LF,CF,RF",367.3,223.0,379.0,401.0,478.0,30.3,3.593984962406015,0.9979123173277662,143,OF,OF,False,223.0,341.7741935483871,3.088741546261319,136.22580645161293,0.5052434161446961,80.0,True,False,120,False,28.81002087682672,6.263048016701461,31.315240083507305,-0.025000000000000022,-1.2784648661243445,-1.519903689179321,-0.5600087234484176,1.6474162231939653,-1.0869700951365937,-0.3047712083649622,-0.5600000000000002,-3.3467545178401843,347,143.0,-204.0,18.0,428.0,460.0,15.0,2.7,67.3,0.9525421977824612,469.0,447.0,572.0,157,178,-14.0,-3.626754517840184,full-time,plus speed
806068,Colt Emerson,2026,2005-07-20,SS,L,Seattle Mariners,69,241,221,42,6,1,8,24,23,15,2,3,1,83,2,27,9,0,0,0,0,0,15,54,0,1,20.0,241.0,34.4,6.2,0.19,0.335,0.246,0.145,0.258,0.196,0.3,0.256,0.248,0.253,0.104,0.354,0.34,-0.006,0.035,0.008,86.7,14.0,36.2,5.0,31.2,97.184861884,92.601587174,69.4,38.9,53.1,73.6,34.1,53.6,41.1,46.1,22.7,22.7,8.5,7.2,72.5,5.0,15.7,26.4,10.1,55.3,-13.0,27.0,4.37,9.0,12.0,21.0,141.0,71.2,63.9,colt emerson,SEA,Colt Emerson,SEA,"3B,SS",429.3,250.0,435.0,432.0,180.0,20.9,2.608695652173913,0.7468879668049793,359,3B/SS,SS,False,250.0,256.0,2.9766263024500135,-76.0,-0.3679306502761004,-109.0,False,False,283,True,7.468879668049792,19.91701244813278,37.344398340248965,-0.008000000000000007,-0.8141876144214112,0.2542725982709244,-1.52033263603773,-0.26698871315598804,-0.2606681660082307,0.0,1.2,-0.8275610823286248,228,250.0,22.0,,,,,,,0.8506641065526973,250.0,213.0,510.0,392,377,-142.0,-3.667561082328625,playing-time dependent,needs playing time; young
666023,Freddy Fermin,2026,1995-05-16,C,R,San Diego Padres,96,265,232,47,14,0,4,22,24,21,3,1,1,56,3,29,7,24,0,95,0,0,0,0,0,1,31.0,265.0,21.1,7.9,0.203,0.315,0.274,0.112,0.246,0.211,0.315,0.265,0.27,0.285,0.103,0.289,0.295,-0.008,0.0,-0.005,87.5,15.4,35.0,3.8,29.0,96.85415191,92.569154068,71.7,34.0,51.1,85.2,26.6,51.8,39.3,39.3,27.3,25.1,8.2,7.6,69.8,6.8,24.8,6.2,13.6,53.9,-9.0,27.4,4.56,8.0,12.0,27.0,183.0,80.3,62.3,freddy fermin,SD,Freddy Fermin,SD,C,432.0,252.0,392.0,472.0,234.0,31.1,2.4375,0.8830188679245283,304,C,C,False,252.0,256.0,2.9766263024500135,-22.0,-0.5391263024500135,-52.0,False,False,256,False,2.2641509433962264,9.056603773584905,47.54716981132075,0.0050000000000000044,-1.210026492585972,-0.48718729633703467,-0.2821632218400107,0.02753512320554201,0.37120977979581155,-0.21651068151670375,-0.7200000000000003,-2.4700499408556076,323,252.0,-71.0,-59.0,347.0,293.0,19.0,4.2,69.5,0.8935088235838189,281.0,251.0,536.0,312,310,-60.0,-3.6700499408556073,playing-time dependent,needs playing time
553869,Elias Díaz,2026,1990-11-17,C,R,multi,87,237,218,51,13,0,8,21,35,9,2,0,0,58,4,30,6,12,0,75,0,0,0,0,0,10,35.0,237.0,24.5,3.8,0.234,0.404,0.266,0.17,0.276,0.216,0.357,0.287,0.269,0.252,0.141,0.363,0.338,0.018,0.047,0.018,88.5,15.9,32.1,9.6,40.5,100.965078272,94.585337346,72.9,37.8,54.9,81.1,28.2,54.9,38.1,36.3,26.8,25.0,11.9,7.0,75.1,11.1,17.7,50.8,8.5,55.6,-8.0,24.4,4.91,13.0,13.0,25.0,168.0,76.9,61.4,elias diaz,multi,Elias Diaz,TEX,"C,DH",609.5,283.0,739.0,,224.0,35.6,2.574712643678161,0.9451476793248945,318,C,C,False,283.0,172.67,2.744186046511628,51.33000000000001,-0.169473402833467,-35.0,False,False,258,False,0.0,20.253164556962023,22.78481012658228,-0.01799999999999996,0.16149092377427052,1.0055290441566698,-0.8817637772251063,-2.1813936495059414,-0.7467281243190297,1.0942227714195039,-1.2,-1.5890789343749143,282,283.0,1.0,-16.0,283.0,240.0,25.9,7.6,72.8,0.8553446457939533,250.0,214.0,513.0,388,370,-105.0,-3.6890789343749146,playing-time dependent,elite bat speed; skills trending up; needs playing time
665804,Miguel Amaya,2026,1999-03-09,C,R,Chicago Cubs,83,254,215,51,12,0,6,36,28,23,11,0,0,67,1,33,1,11,0,70,1,0,0,0,0,10,27.0,254.0,26.4,9.1,0.237,0.377,0.34,0.14,0.315,0.204,0.335,0.324,0.295,0.312,0.131,0.381,0.334,0.033,0.042,0.029,87.8,22.2,37.5,7.9,34.2,97.6572044,93.021388523,66.8,32.0,56.8,82.9,27.3,46.9,38.2,33.6,32.9,21.7,11.8,7.4,70.2,6.8,23.2,9.4,12.4,57.0,3.0,25.4,4.78,17.0,12.0,22.0,152.0,69.3,55.5,miguel amaya,CHC,,,,,,,,251.0,27.3,3.0240963855421685,0.9881889763779528,292,C,C,True,339.0,172.67,2.396692273871662,78.33000000000001,0.6274041116705065,47.0,False,False,255,False,0.0,14.173228346456693,54.330708661417326,-0.029000000000000026,-0.5146381456691496,-0.24802890470893704,-0.2492043469873464,-1.4450840586021136,-1.2813940784609144,0.0,0.03999999999999986,-2.2108021529728763,315,292.0,-23.0,125.0,103.0,126.0,21.4,6.6,72.2,0.8954427931068284,250.0,224.0,537.0,366,307,-74.0,-3.6908021529728763,playing-time dependent,needs playing time
700337,Edgar Quero,2026,2003-04-06,C,S,Chicago White Sox,69,217,187,38,1,0,3,14,19,18,5,1,0,43,5,34,7,11,0,55,0,0,0,0,0,5,23.0,217.0,19.8,8.3,0.203,0.257,0.284,0.054,0.24,0.222,0.315,0.251,0.282,0.305,0.093,0.253,0.298,-0.019,-0.058,-0.031,90.7,9.8,26.5,2.7,39.1,99.170153425,94.034440205,75.3,25.7,61.6,85.0,21.3,49.4,33.1,51.7,26.5,17.9,4.0,6.9,68.9,10.2,29.8,3.9,4.8,50.0,-12.0,24.3,4.87,5.0,18.0,15.0,151.0,81.7,54.8,edgar quero,CWS,Edgar Quero,CWS,"C,DH",354.0,217.0,308.0,407.0,160.0,23.2,2.318840579710145,0.7373271889400922,376,C,C,False,217.0,341.7741935483871,3.088741546261319,-181.77419354838707,-0.769900966551174,-159.0,False,False,339,True,2.7649769585253456,8.294930875576037,49.76958525345622,0.030999999999999972,-0.6939152867470064,-0.8094683125834145,0.10203460900506643,-2.2550246085963224,1.6349656714038934,-0.1121674122162648,0.8600000000000002,-0.75864559218918,223,217.0,-6.0,-195.0,403.0,355.0,17.6,3.7,67.5,0.8767882181710173,254.0,223.0,526.0,369,338,-152.0,-3.75864559218918,playing-time dependent,unlucky (xwOBA >> wOBA); needs playing time; young
502671,Paul Goldschmidt,2026,1987-09-10,1B,R,New York Yankees,105,380,345,87,13,1,18,44,52,29,3,1,0,86,3,55,0,0,0,0,77,0,0,0,0,14,38.0,380.0,22.6,7.6,0.252,0.452,0.313,0.2,0.283,0.238,0.414,0.33,0.311,0.298,0.176,0.396,0.367,0.014,0.038,0.019,86.8,14.6,35.1,9.9,35.9,98.632345115,93.426887557,65.5,32.2,67.3,77.0,26.4,48.3,32.4,43.1,29.4,20.6,6.9,7.5,71.3,9.8,24.0,14.3,11.6,49.5,3.0,25.5,4.73,25.0,25.0,36.0,262.0,78.9,66.4,paul goldschmidt,NYY,Paul Goldschmidt,NYY,"1B,DH",471.8,267.0,994.0,458.0,374.0,38.8,3.5619047619047617,0.9842105263157894,209,1B,1B,False,267.0,223.9,2.840653659676383,150.1,0.7212511022283787,58.0,False,False,202,False,1.5789473684210527,28.42105263157895,45.78947368421053,-0.019000000000000017,-0.07490187657136758,-0.3528009383831044,-0.407707795575123,-1.3714530995117298,-0.7953341201501126,-0.6777565758801791,-1.2,-3.4369944687810934,348,209.0,-139.0,-128.0,534.0,502.0,18.7,8.0,72.6,0.8077067110184116,411.0,332.0,485.0,229,401,-20.0,-3.8369944687810933,playing-time dependent,needs playing time
682622,Noelvi Marte,2026,2001-10-16,OF,R,Cincinnati Reds,63,201,190,36,7,0,6,19,15,10,0,7,2,52,1,23,1,0,1,0,0,0,0,0,59,1,24.0,201.0,25.9,5.0,0.189,0.321,0.229,0.132,0.226,0.193,0.304,0.242,0.237,0.233,0.111,0.299,0.294,-0.004,0.017,0.005,87.9,10.5,19.4,5.1,30.2,98.929259559,93.570955294,65.5,41.2,52.9,87.8,27.5,52.0,44.6,56.1,20.9,12.2,10.8,7.4,72.2,8.2,21.2,27.2,9.1,54.6,-14.0,29.1,4.36,6.0,23.0,7.0,139.0,78.0,63.2,noelvi marte,CIN,Noelvi Marte,CIN,"3B,RF",145.0,88.0,133.0,147.0,163.0,24.7,2.5873015873015874,0.8109452736318408,371,3B/OF,OF,False,88.0,560.7627118644068,4.015944775657477,-397.7627118644068,-1.4286431883558897,-283.0,False,False,339,True,20.895522388059703,17.91044776119403,29.850746268656717,-0.0050000000000000044,-0.8774786354067311,0.19918183399186187,-0.7796325183148721,1.2792614277420513,-0.11485017851499017,-0.9213920574512044,0.5600000000000002,-0.8616550671238613,231,88.0,-143.0,-224.0,360.0,387.0,23.6,9.1,73.2,0.9766647108048692,250.0,244.0,586.0,322,123,-234.0,-3.8616550671238614,playing-time dependent,plus speed; needs playing time; young
669701,Josh Smith,2026,1997-08-07,2B,L,multi,80,243,212,43,5,1,6,23,15,25,2,4,1,56,2,31,2,0,0,0,1,45,18,0,17,2,28.0,243.0,23.0,10.3,0.203,0.321,0.29,0.118,0.243,0.204,0.32,0.275,0.276,0.291,0.116,0.303,0.301,-0.001,0.001,-0.001,85.9,16.0,32.5,6.3,30.0,96.888717922,92.448959545,61.3,34.1,54.9,88.2,24.3,47.2,35.0,40.6,31.9,21.3,6.3,7.0,68.7,6.4,23.3,2.7,12.7,43.8,-10.0,27.9,4.38,10.0,15.0,18.0,160.0,72.5,61.6,josh smith,multi,Josh Smith,TOR,"1B,2B,3B,SS,LF,RF",317.0,194.0,325.0,337.0,186.0,28.9,2.325,0.7654320987654321,352,1B/2B/3B/SS,2B,False,194.0,377.25,3.18680233337683,-191.25,-0.8618023333768297,-158.0,False,False,283,True,9.876543209876544,14.814814814814813,61.7283950617284,0.0010000000000000009,-0.989016840426592,-1.124643268774893,-0.05208158574682326,0.3956899186574559,0.17678579647149084,-0.22646429557653408,-0.27999999999999975,-2.035170845435806,305,194.0,-111.0,-319.0,563.0,505.0,17.8,5.0,69.0,0.8682461567664321,307.0,267.0,521.0,287,352,-93.0,-3.895170845435806,playing-time dependent,needs playing time
596142,Gary Sánchez,2026,1992-12-02,C,R,Milwaukee Brewers,87,275,225,47,10,1,12,37,38,46,3,0,0,59,1,24,3,6,0,43,8,0,0,0,0,23,33.0,275.0,21.5,16.7,0.209,0.422,0.349,0.213,0.226,0.22,0.397,0.342,0.336,0.351,0.177,0.36,0.354,-0.011,0.025,0.006,87.9,14.3,29.3,8.4,35.3,99.561227857,93.850751078,51.0,23.0,51.1,81.6,28.5,36.1,42.5,43.7,26.3,18.6,11.4,7.2,71.4,12.7,26.5,22.3,11.1,61.0,9.0,24.5,4.89,18.0,13.0,16.0,167.0,56.8,58.4,gary sanchez,MIL,,,,,,,,275.0,33.6,3.160919540229885,1.0,274,C,C,True,339.0,172.67,2.396692273871662,102.33000000000001,0.764227266358223,65.0,False,False,250,False,0.0,26.181818181818183,100.36363636363636,-0.006000000000000005,-0.15303065980038985,0.2941333647243177,0.5687839580965393,-2.1077626904155573,-0.16345617434607035,0.0,-1.2,-1.841452100065561,293,274.0,-19.0,172.0,101.0,103.0,26.7,10.9,72.9,0.8737947951856515,250.0,218.0,524.0,377,344,-103.0,-3.901452100065561,playing-time dependent,needs playing time
676609,José Caballero,2026,1996-08-30,SS,R,New York Yankees,136,456,411,95,13,0,14,50,51,29,7,34,11,111,5,68,11,0,0,0,0,23,37,70,24,1,29.0,456.0,24.3,6.4,0.231,0.365,0.29,0.134,0.278,0.227,0.333,0.29,0.278,0.287,0.106,0.346,0.33,0.004,0.032,0.012,83.8,13.9,31.7,4.2,25.6,95.732982153,91.957054306,67.5,37.0,61.7,78.7,27.9,51.1,43.4,46.3,20.4,21.7,11.7,6.8,68.8,5.5,20.4,6.7,10.1,52.0,-6.0,28.0,4.29,15.0,38.0,42.0,309.0,75.0,62.5,jose caballero,NYY,Jose Caballero,NYY,"2B,3B,SS,LF,RF",202.4,119.0,207.0,238.0,473.0,29.8,3.4779411764705883,1.037280701754386,145,2B/3B/SS/OF,2B/3B/SS/OF,False,119.0,558.0,3.7884615384615383,-85.0,-0.31052036199095,-26.0,False,False,121,True,44.73684210526316,18.421052631578945,38.15789473684211,-0.011999999999999955,-1.2458011710123684,-0.6882522453595006,-0.7526684634771863,0.4693208777478397,-0.45509214933254866,-0.17235285509371648,-0.4600000000000002,-2.9086419797525256,340,119.0,-221.0,12.0,370.0,461.0,26.5,5.9,69.1,0.9666172887329032,439.0,424.0,580.0,170,149,-51.0,-3.9286419797525256,full-time,
666969,Adolis García,2026,1993-03-02,OF,R,Philadelphia Phillies,67,259,231,45,8,1,7,21,21,21,4,3,0,84,3,29,4,0,4,0,0,0,0,0,67,0,33.0,259.0,32.4,8.1,0.195,0.329,0.27,0.134,0.266,0.22,0.362,0.268,0.294,0.296,0.142,0.346,0.39,-0.025,-0.033,-0.026,92.1,14.6,38.0,9.3,48.0,101.568957067,95.459607133,63.5,29.8,41.6,78.3,34.6,45.4,36.0,39.3,23.3,28.7,8.7,7.7,71.7,10.4,24.7,25.6,9.7,58.6,-12.0,26.5,4.5,8.0,15.0,22.0,150.0,74.1,54.8,adolis garcia,PHI,Adolis Garcia,PHI,RF,218.6,130.0,218.0,184.0,201.0,33.3,3.0,0.7760617760617761,341,OF,OF,False,130.0,449.0,3.7174234694899297,-248.0,-0.7174234694899297,-211.0,False,False,280,True,6.949806949806949,16.216216216216218,48.64864864864865,0.025999999999999968,0.6978230915111941,0.28301609154974844,-0.9495252981853409,-0.6351435086079019,1.3919356922484925,-0.6189772730843691,-1.1599999999999995,-1.0478956764584813,244,130.0,-114.0,-329.0,547.0,530.0,24.7,11.6,72.1,0.8660004362790235,317.0,275.0,520.0,276,355,-146.0,-3.967895676458481,playing-time dependent,unlucky (xwOBA >> wOBA); needs playing time
802415,Chandler Simpson,2026,2000-11-18,OF,L,Tampa Bay Rays,151,612,571,175,16,6,0,66,38,26,0,46,14,48,6,153,3,0,5,0,0,0,0,0,150,0,25.0,612.0,7.8,4.2,0.306,0.356,0.333,0.05,0.331,0.261,0.297,0.305,0.263,0.292,0.037,0.314,0.267,0.045,0.059,0.042,83.6,1.2,25.7,0.0,13.4,92.6114076,90.38555626,65.1,31.2,80.3,93.2,10.8,48.5,29.2,61.5,14.1,21.6,2.8,6.6,65.1,2.4,41.7,0.5,2.8,35.6,-11.0,29.4,3.96,3.0,108.0,63.0,538.0,71.3,68.5,chandler simpson,TB,Chandler Simpson,TB,"LF,CF",169.4,99.0,164.0,152.0,653.0,25.6,4.324503311258278,1.0669934640522876,44,OF,OF,False,99.0,560.7627118644068,4.015944775657477,92.23728813559319,0.3085585356008007,55.0,True,False,1,False,45.09803921568627,0.0,25.490196078431374,-0.04199999999999998,-2.5320144973777277,-1.9746225393669825,0.6152082716991546,1.5001543050131976,-1.9132720242649537,0.34260101543174043,0.3799999999999997,-3.121183296180671,345,44.0,-301.0,148.0,441.0,505.0,9.8,0.0,64.1,0.939664208082017,578.0,543.0,564.0,93,214,-49.0,-4.101183296180671,full-time,plus speed
656305,Matt Chapman,2026,1993-04-28,3B,R,San Francisco Giants,84,352,307,72,18,1,7,35,42,37,5,0,2,81,3,46,9,0,0,0,0,0,83,0,0,1,33.0,352.0,23.0,10.5,0.235,0.368,0.324,0.133,0.293,0.21,0.319,0.309,0.286,0.305,0.11,0.348,0.313,0.025,0.049,0.023,88.2,11.3,25.3,6.6,35.8,99.903629381,94.013173319,62.9,26.4,58.7,84.6,23.1,44.5,39.3,45.4,20.5,21.8,12.2,7.4,76.1,10.3,17.0,61.1,3.6,43.0,-2.0,28.1,4.44,13.0,26.0,32.0,229.0,70.3,61.3,matt chapman,SF,Matt Chapman,SF,3B,126.0,80.0,152.0,103.0,295.0,33.2,3.511904761904762,0.8380681818181818,266,3B,3B,False,80.0,560.7627118644068,4.015944775657477,-265.7627118644068,-0.5040400137527152,-186.0,False,False,250,True,0.0,11.931818181818182,63.06818181818182,-0.02300000000000002,-0.4091144943369615,0.7566314169832206,0.18463144810197496,0.5429518368382236,-0.9897581034744333,-0.405631533752841,-1.1400000000000006,-1.370794129155801,264,80.0,-184.0,-233.0,535.0,528.0,23.6,9.9,74.9,0.9008867636737499,389.0,350.0,541.0,217,295,-137.0,-4.110794129155801,playing-time dependent,needs playing time
680757,Steven Kwan,2026,1997-09-05,OF,L,Cleveland Guardians,151,637,539,152,21,3,3,80,32,85,4,10,3,62,3,125,3,0,11,0,0,0,0,0,186,3,28.0,637.0,9.7,13.3,0.282,0.349,0.382,0.067,0.312,0.278,0.343,0.334,0.329,0.377,0.066,0.31,0.304,0.004,0.006,0.005,83.9,12.8,40.6,0.4,10.5,92.155845128,90.116779572,51.2,19.8,82.6,95.2,8.2,35.7,27.0,41.9,22.3,30.9,4.9,6.2,62.4,1.6,42.8,0.3,1.6,31.7,10.0,27.4,4.29,16.0,50.0,85.0,485.0,62.1,56.9,steven kwan,CLE,Steven Kwan,CLE,"LF,CF",147.2,90.0,153.0,123.0,590.0,28.8,3.9072847682119205,0.9262166405023547,88,OF,OF,False,90.0,560.7627118644068,4.015944775657477,29.23728813559319,-0.1086600074455566,2.0,False,False,53,False,9.419152276295133,2.82574568288854,80.06279434850865,-0.0050000000000000044,-2.472369671581291,-2.4899426778011495,1.797254505947703,0.02753512320554201,-0.11485017851499017,-0.7750537418539125,-0.2600000000000002,-3.876833634516535,355,88.0,-267.0,-90.0,693.0,680.0,8.7,1.9,63.5,0.8404203990772187,640.0,538.0,504.0,100,388,-12.0,-4.116833634516535,full-time,plus approach
542303,Marcell Ozuna,2026,1990-11-12,DH,R,Pittsburgh Pirates,70,280,251,51,7,0,8,22,29,27,2,0,0,80,0,36,0,0,0,0,0,0,0,0,0,66,35.0,280.0,28.6,9.6,0.203,0.327,0.286,0.124,0.264,0.221,0.389,0.276,0.304,0.3,0.168,0.335,0.382,-0.018,-0.062,-0.028,89.1,20.3,38.6,7.7,36.8,99.258350119,93.737043155,61.3,26.7,48.6,80.8,30.1,42.6,38.0,33.9,28.1,26.3,11.7,7.5,73.5,8.9,20.3,36.9,15.8,48.5,-12.0,24.7,4.88,12.0,10.0,29.0,171.0,62.2,58.4,marcell ozuna,PIT,Marcell Ozuna,,,288.0,172.0,304.0,220.0,213.0,35.6,3.0428571428571427,0.7607142857142857,330,UT,UT,False,172.0,379.45454545454544,3.4177922682813224,-166.45454545454544,-0.3749351254241797,-158.0,False,False,279,True,0.0,17.142857142857142,57.85714285714286,0.02799999999999997,-0.046097095030152496,0.2610473655706861,-0.4699054301675627,-1.9605007722347925,1.4891476839106528,-0.7106165372609451,-1.2,-2.1713795905855884,313,172.0,-141.0,-321.0,592.0,534.0,24.3,11.5,72.8,0.8135149271235393,342.0,278.0,488.0,270,399,-98.0,-4.131379590585588,playing-time dependent,unlucky (xwOBA >> wOBA); needs playing time
681481,Kerry Carpenter,2026,1997-09-02,OF,L,Detroit Tigers,81,259,231,48,5,2,13,27,36,18,5,0,0,75,3,28,0,0,2,0,0,0,0,0,49,31,28.0,259.0,29.0,6.9,0.208,0.416,0.276,0.208,0.24,0.212,0.388,0.301,0.295,0.283,0.177,0.384,0.376,-0.004,0.028,0.006,89.8,21.4,35.2,9.6,44.0,99.080080759,93.824390955,67.0,36.3,55.4,81.9,28.6,50.2,43.4,32.1,39.0,20.8,8.2,7.4,71.8,8.1,21.5,16.5,17.8,48.7,1.0,26.9,4.44,19.0,10.0,19.0,159.0,74.1,56.0,kerry carpenter,DET,Kerry Carpenter,DET,"LF,RF,DH",231.4,140.0,220.0,241.0,234.0,28.8,2.888888888888889,0.9034749034749034,304,OF,OF,False,140.0,425.5,3.7174234694899297,-191.5,-0.8285345806010409,-164.0,False,False,256,True,0.0,30.115830115830114,41.6988416988417,-0.006000000000000005,0.25941085009243103,-0.2873752925458932,-0.65858817403972,-0.3406196722463719,-0.16345617434607035,-0.7131648885053854,-0.2600000000000002,-1.4969733395220393,274,140.0,-134.0,-247.0,464.0,481.0,22.8,12.6,71.9,0.9229878468049034,300.0,277.0,554.0,273,249,-133.0,-4.15697333952204,playing-time dependent,needs playing time
670770,TJ Friedl,2026,1995-08-14,OF,L,Cincinnati Reds,91,272,239,41,6,1,4,20,13,22,5,5,1,63,1,30,1,0,1,0,0,0,0,0,110,0,30.0,272.0,23.2,8.1,0.172,0.255,0.255,0.083,0.214,0.191,0.268,0.236,0.25,0.275,0.076,0.249,0.271,-0.019,-0.013,-0.014,87.3,21.0,26.9,2.9,28.0,96.910295,92.496872453,63.0,24.1,45.2,86.9,25.0,43.2,39.6,44.0,25.3,20.3,10.4,6.8,71.0,7.6,26.7,11.8,9.5,62.8,-16.0,26.7,4.45,6.0,15.0,20.0,182.0,75.6,62.5,tj friedl,CIN,TJ Friedl,CIN,"LF,CF",239.6,149.0,252.0,198.0,178.0,30.9,1.956043956043956,0.6544117647058824,362,OF,OF,False,149.0,425.5,3.7174234694899297,-247.5,-1.7613795134459738,-213.0,False,False,283,True,11.029411764705882,8.823529411764707,48.529411764705884,0.014000000000000012,-1.407435224081346,0.14590629688840795,-0.045294143545096394,-0.4878815904271369,0.8086637422755331,-0.21556142899561107,-0.6799999999999997,-2.0132561048963717,302,149.0,-153.0,-465.0,685.0,643.0,16.8,2.7,69.9,0.8327575868196133,355.0,296.0,500.0,263,392,-114.0,-4.293256104896372,playing-time dependent,unlucky (xwOBA >> wOBA); needs playing time
666971,Lourdes Gurriel Jr.,2026,1993-10-10,OF,R,Arizona Diamondbacks,51,201,186,39,9,0,2,13,22,10,2,1,0,38,3,28,0,0,3,0,0,0,0,0,38,13,32.0,201.0,18.9,5.0,0.21,0.29,0.254,0.08,0.248,0.234,0.312,0.243,0.273,0.284,0.078,0.267,0.308,-0.024,-0.022,-0.03,87.3,14.9,31.8,4.6,33.8,97.317038289,92.728770066,68.0,40.5,58.9,88.2,24.2,52.8,39.1,42.4,21.9,23.8,11.9,7.5,70.8,7.3,27.1,10.9,10.6,50.4,-13.0,26.1,4.63,7.0,14.0,18.0,151.0,63.3,64.2,lourdes gurriel,ARI,Lourdes Gurriel Jr.,ARI,"LF,DH",439.5,258.0,452.0,427.0,149.0,32.7,2.9215686274509802,0.7412935323383084,391,OF,OF,False,258.0,223.9,2.9215686274509802,-74.9,0.0,-133.0,False,False,339,False,2.9850746268656714,5.970149253731343,29.850746268656717,0.030000000000000027,-0.8935512730889219,-0.4339701712809702,-0.45231893076600027,-0.929667344969432,1.586359675572816,-0.6073590101079853,-1.0400000000000007,-2.7254411919034474,334,258.0,-76.0,-392.0,546.0,541.0,13.9,7.2,70.6,0.881275348689942,270.0,238.0,529.0,337,331,-79.0,-4.305441191903448,playing-time dependent,unlucky (xwOBA >> wOBA); needs playing time
650402,Gleyber Torres,2026,1996-12-13,2B,R,Detroit Tigers,96,420,358,93,13,0,8,57,38,57,3,0,0,81,2,72,4,0,0,0,0,76,0,0,0,19,29.0,420.0,19.3,13.6,0.26,0.363,0.364,0.103,0.314,0.252,0.368,0.328,0.325,0.354,0.115,0.347,0.343,0.008,-0.005,0.003,86.2,9.4,38.4,6.1,32.3,96.706167857,92.398034014,66.7,18.9,55.2,84.2,22.5,42.2,27.2,45.2,24.7,26.9,3.2,7.0,68.1,6.4,28.4,3.4,8.5,53.8,2.0,25.3,4.81,17.0,29.0,46.0,279.0,77.4,60.8,gleyber torres,DET,Gleyber Torres,DET,"2B,DH",207.2,123.0,231.0,160.0,374.0,29.5,3.8958333333333335,0.8904761904761904,209,2B,2B,False,123.0,452.0,3.7174234694899297,-78.0,0.17840986384340374,-86.0,False,False,202,True,0.0,11.428571428571429,81.42857142857142,-0.0030000000000000027,-0.7454359875288349,-0.7539493047920428,0.7240193643299504,-1.5187150176924948,-0.01763818685282983,-1.0968478013899254,-0.4,-2.7586958961905106,335,123.0,-212.0,-217.0,628.0,591.0,16.1,8.2,70.1,0.7963698105335052,462.0,368.0,478.0,209,402,-86.0,-4.47869589619051,full-time,needs playing time
643446,Jeff McNeil,2026,1992-04-08,2B,L,Athletics,144,520,478,126,23,0,9,52,59,31,5,8,2,59,4,94,5,0,0,0,43,104,1,0,3,4,34.0,520.0,11.3,6.0,0.264,0.368,0.313,0.104,0.283,0.271,0.358,0.301,0.299,0.317,0.087,0.31,0.308,-0.007,0.01,0.002,86.3,14.2,38.0,1.7,29.5,96.173945545,92.112438365,84.0,36.1,68.8,91.2,15.8,59.2,41.3,41.7,21.9,29.2,7.1,7.3,68.7,5.3,29.5,3.8,6.8,39.2,-10.0,26.3,4.35,13.0,42.0,69.0,424.0,92.5,63.4,jeff mcneil,ATH,Jeff McNeil,ATH,"1B,2B,LF,CF,RF",310.4,189.0,333.0,333.0,468.0,34.2,3.25,0.9,148,1B/2B/OF,1B/2B,False,189.0,377.25,3.18680233337683,90.75,0.06319766662317017,41.0,True,False,121,False,9.230769230769232,10.384615384615385,35.769230769230774,-0.0020000000000000018,-1.3341488442310763,-1.3063423330381148,0.29848988572548624,-0.782405426788667,0.030967808978250338,-0.7730962829393827,-1.2,-4.2455792008252935,357,148.0,-209.0,49.0,462.0,419.0,11.9,5.1,70.7,0.8464208833496933,508.0,430.0,508.0,166,382,-18.0,-4.605579200825294,full-time,
686668,Brenton Doyle,2026,1998-05-14,OF,R,multi,87,223,210,49,7,1,6,35,16,12,0,14,4,73,0,35,0,0,1,0,0,0,0,0,83,1,28.0,223.0,32.7,5.4,0.233,0.362,0.275,0.129,0.328,0.203,0.307,0.28,0.245,0.247,0.104,0.393,0.337,0.03,0.055,0.035,89.1,8.6,26.8,6.7,35.5,99.562287273,93.941207348,74.0,34.9,36.3,82.2,32.5,54.5,37.0,50.7,25.4,21.0,2.9,7.4,72.6,9.4,21.4,20.1,13.1,58.4,-7.0,29.2,4.33,7.0,25.0,17.0,138.0,83.3,64.6,brenton doyle,multi,Brenton Doyle,CWS,CF,211.6,127.0,154.0,236.0,232.0,28.1,2.6666666666666665,1.0403587443946187,307,OF,OF,False,127.0,449.0,3.7174234694899297,-217.0,-1.0507568028232632,-180.0,False,False,256,True,37.66816143497758,16.143497757847534,32.28699551569507,-0.03500000000000003,-0.3337962857579656,0.296319631330285,-1.0031708969748683,1.3528923868324325,-1.573030053447395,-0.7050970281657001,-0.12000000000000029,-1.6228263394231597,284,127.0,-157.0,-282.0,538.0,514.0,25.7,10.9,70.7,0.9581513910057881,286.0,274.0,575.0,278,166,-151.0,-4.62282633942316,playing-time dependent,plus speed; needs playing time
664770,Nathan Lukes,2026,1994-07-12,OF,L,Toronto Blue Jays,125,450,408,113,15,0,10,48,41,25,7,1,1,64,3,88,1,0,10,0,0,0,0,0,141,0,31.0,450.0,14.2,5.6,0.277,0.387,0.327,0.11,0.306,0.258,0.348,0.317,0.293,0.31,0.09,0.339,0.309,0.019,0.039,0.024,86.9,7.8,30.8,2.5,29.1,96.384292965,92.230606851,66.3,34.1,78.9,86.8,15.9,50.2,31.6,54.0,19.5,22.0,4.5,6.4,67.0,6.3,29.4,3.2,6.0,43.7,-5.0,27.0,4.41,18.0,48.0,47.0,354.0,70.9,65.8,nathan lukes,TOR,Nathan Lukes,TOR,"LF,CF,RF",845.0,333.0,1206.0,484.0,414.0,32.0,3.312,0.92,188,OF,OF,False,333.0,172.67,2.396692273871662,241.33,0.9153077261283378,145.0,False,False,170,False,1.3333333333333333,13.333333333333334,33.33333333333333,-0.02400000000000002,-1.2703730806740365,-1.3361468035168504,0.16417269999491765,-0.26698871315598804,-1.0383640993055134,-0.7387845436077213,-0.9,-4.256118472252028,358,188.0,-170.0,-25.0,438.0,439.0,13.7,4.8,68.0,0.8284948263783581,448.0,371.0,497.0,208,394,-20.0,-4.656118472252029,full-time,
675961,Alika Williams,2026,1999-03-12,SS,R,Athletics,88,231,215,58,20,1,4,29,16,10,2,2,1,50,1,33,6,0,0,0,0,20,1,66,0,0,27.0,231.0,21.6,4.3,0.27,0.428,0.307,0.158,0.333,0.217,0.299,0.32,0.248,0.258,0.082,0.388,0.289,0.053,0.129,0.072,84.7,14.0,30.8,1.2,32.7,97.052140482,92.554231818,68.5,37.1,56.6,88.6,22.4,52.9,43.8,46.2,23.1,21.9,8.9,7.0,69.1,7.1,21.9,3.1,7.0,44.5,-1.0,28.0,4.4,15.0,19.0,24.0,169.0,74.2,69.7,alika williams,ATH,,,,,,,,207.0,27.3,2.352272727272727,0.8961038961038961,337,2B/3B/SS,2B/SS,True,339.0,172.67,2.396692273871662,34.33000000000001,-0.04441954659893499,2.0,False,False,279,False,5.194805194805195,10.38961038961039,25.974025974025974,-0.07200000000000001,-1.2601915555060526,-1.0367805359736255,-0.260367081262223,0.4693208777478397,-3.3714518991973588,0.0,0.03999999999999986,-3.6441177791576984,352,337.0,-15.0,,,,,,,0.8565044723412146,250.0,214.0,514.0,388,367,-51.0,-4.664117779157698,playing-time dependent,needs playing time
553993,Eugenio Suárez,2026,1991-07-18,DH,R,Cincinnati Reds,125,498,434,92,18,0,26,50,74,52,9,1,1,169,3,48,4,0,0,0,0,0,50,0,0,74,34.0,498.0,33.9,10.4,0.212,0.433,0.307,0.221,0.273,0.201,0.379,0.324,0.303,0.299,0.178,0.443,0.406,0.011,0.054,0.021,88.5,21.2,37.3,12.5,36.2,99.429068636,93.792559886,65.9,28.5,39.6,79.3,33.8,46.0,47.0,33.6,32.5,23.5,10.4,7.8,72.3,7.8,17.5,22.9,18.0,50.2,6.0,26.2,4.75,36.0,17.0,39.0,268.0,75.5,66.4,eugenio suarez,CIN,Eugenio Suarez,CIN,"3B,DH",84.6,58.0,97.0,62.0,464.0,35.0,3.712,0.9317269076305221,152,3B,3B,False,58.0,563.0,4.290827223004798,-99.0,-0.5788272230047977,-94.0,False,False,122,True,1.2048192771084336,31.325301204819276,62.65060240963855,-0.02100000000000002,0.36679902238006856,-0.05156140241434731,-0.5418342784526751,-0.8560363858790508,-0.892546111812273,-0.8810365307430599,-1.2,-2.813316385173155,336,58.0,-278.0,-245.0,657.0,709.0,29.8,14.3,72.3,0.8466425779567721,530.0,449.0,508.0,154,382,-96.0,-4.733316385173155,full-time,
514888,Jose Altuve,2026,1990-05-06,2B,R,Houston Astros,135,573,524,131,24,2,16,70,50,41,3,5,4,114,4,89,6,0,0,0,0,129,0,0,0,7,36.0,573.0,19.9,7.2,0.25,0.395,0.306,0.145,0.289,0.224,0.325,0.308,0.271,0.282,0.101,0.351,0.301,0.026,0.07,0.037,85.6,10.6,32.0,4.1,31.3,96.847195792,92.445465658,64.0,37.2,65.6,86.8,22.1,49.2,42.4,46.7,21.7,23.6,8.0,7.6,68.6,7.0,28.3,9.1,13.8,54.7,-4.0,27.5,4.35,22.0,45.0,63.0,415.0,66.0,64.9,jose altuve,HOU,Jose Altuve,HOU,"2B,LF,DH",96.2,66.0,106.0,93.0,511.0,36.2,3.785185185185185,0.8917975567190227,126,2B/OF,2B,False,66.0,560.7627118644068,4.032,-49.76271186440681,-0.24681481481481482,-60.0,False,False,120,False,5.2356020942408374,16.75392670157068,42.931937172774866,-0.03699999999999998,-1.088612582823083,-0.5559593293672037,-0.14058670616219807,0.10116608229592583,-1.6702420451095528,-0.5055603439238867,-1.2,-3.974730348819863,356,66.0,-290.0,-150.0,654.0,661.0,16.7,6.2,69.7,0.8506090060094041,589.0,501.0,510.0,120,377,-54.0,-5.054730348819863,full-time,
670032,Nicky Lopez,2026,1995-03-13,2B,L,multi,100,270,237,64,5,1,1,25,24,12,7,5,3,44,2,57,3,0,0,0,0,69,2,28,4,0,31.0,270.0,16.3,4.4,0.27,0.312,0.322,0.042,0.325,0.248,0.299,0.286,0.27,0.299,0.051,0.311,0.291,0.022,0.013,0.016,84.7,3.4,28.5,0.0,22.2,94.353526632,91.180435053,70.5,34.1,70.9,86.7,18.3,52.6,28.5,59.4,15.0,22.2,3.4,6.8,66.4,3.5,27.3,0.9,7.9,59.3,-10.0,27.6,4.22,5.0,31.0,28.0,207.0,85.9,63.2,nicky lopez,multi,,,,,,,,218.0,31.3,2.18,0.8074074074074075,325,2B/3B/SS,2B/SS,True,339.0,172.67,2.396692273871662,45.33000000000001,-0.2166922738716619,14.0,False,False,276,False,11.11111111111111,2.2222222222222223,26.666666666666668,-0.01599999999999996,-1.9492253243990152,-0.7720652263313216,-0.09298097577195456,0.17479704138630967,-0.6495161326568694,0.0,-0.7600000000000002,-3.5953695216117527,351,325.0,-26.0,210.0,28.0,8.0,14.3,0.0,67.7,0.8172830327652659,250.0,204.0,490.0,400,398,-75.0,-5.095369521611753,playing-time dependent,needs playing time
805779,Jacob Wilson,2026,2002-03-30,SS,R,Athletics,80,337,320,85,16,1,7,37,37,12,3,4,0,39,1,61,0,0,0,0,0,0,0,75,0,5,24.0,337.0,11.6,3.6,0.266,0.388,0.298,0.122,0.284,0.262,0.345,0.301,0.282,0.295,0.083,0.321,0.299,0.004,0.043,0.019,84.1,7.9,31.4,2.5,27.6,95.600927914,91.814204116,70.4,42.3,76.3,90.9,14.8,55.9,35.0,51.2,21.2,24.0,3.5,6.2,64.7,6.1,33.0,0.6,4.6,38.2,-3.0,27.0,4.49,12.0,31.0,42.0,283.0,82.9,65.6,jacob wilson,ATH,Jacob Wilson,ATH,"SS,DH",166.8,96.0,172.0,174.0,310.0,24.3,3.875,0.9198813056379822,251,SS,SS,False,96.0,560.7627118644068,4.015944775657477,-250.7627118644068,-0.1409447756574771,-155.0,False,False,243,True,7.121661721068249,12.462908011869436,21.36498516320475,-0.019000000000000017,-1.4487890789570927,-1.9105494645961232,0.08752674608003437,-0.26698871315598804,-0.7953341201501126,0.26798861618905845,0.6399999999999999,-2.5062260723554157,325,96.0,-229.0,-223.0,523.0,533.0,7.5,2.2,63.8,0.89227725819889,374.0,334.0,535.0,227,313,-131.0,-5.126226072355416,playing-time dependent,needs playing time; young
643376,Danny Jansen,2026,1995-04-15,C,R,Texas Rangers,67,227,197,40,9,1,8,21,26,18,8,1,1,55,0,22,5,8,0,60,0,0,0,0,0,4,31.0,227.0,24.2,7.9,0.203,0.381,0.296,0.178,0.239,0.186,0.31,0.3,0.267,0.277,0.125,0.345,0.293,0.017,0.071,0.033,87.7,22.8,24.0,6.2,33.6,97.458352394,92.765822676,66.5,22.5,48.5,82.7,25.7,45.0,55.5,37.0,31.5,17.8,13.7,7.0,70.0,7.3,25.2,6.7,15.0,60.3,-5.0,26.7,4.63,13.0,12.0,15.0,146.0,63.2,59.7,danny jansen,TEX,Danny Jansen,TEX,C,458.5,263.0,431.0,486.0,202.0,31.2,3.014925373134328,0.8898678414096917,340,C,C,False,263.0,223.9,2.840653659676383,-21.900000000000006,0.17427171345794523,-77.0,False,False,280,False,2.643171806167401,21.145374449339208,47.57709251101322,-0.032999999999999974,-0.8568422807269773,-0.17503302780862776,-0.05996082500083568,-0.4878815904271369,-1.4758180617852323,-0.13692140501292357,-0.7399999999999999,-2.857628550199952,339,263.0,-76.0,-129.0,337.0,331.0,25.5,8.8,69.5,0.8606261456450266,250.0,215.0,516.0,384,364,-121.0,-5.277628550199951,playing-time dependent,needs playing time
571448,Nolan Arenado,2026,1991-04-16,3B,R,Arizona Diamondbacks,152,599,533,136,25,1,30,80,86,52,10,4,0,120,3,80,8,0,0,0,0,0,145,0,0,8,35.0,599.0,20.0,8.7,0.255,0.475,0.331,0.22,0.275,0.231,0.366,0.349,0.3,0.308,0.135,0.399,0.328,0.024,0.109,0.049,85.2,18.6,33.7,7.0,31.3,96.979032548,92.490308149,63.5,31.9,63.4,83.2,24.1,46.4,49.8,37.7,27.4,21.4,13.5,8.4,71.4,7.0,22.9,15.1,12.8,59.7,23.0,25.1,4.79,43.0,35.0,58.0,416.0,68.2,59.3,nolan arenado,ARI,Nolan Arenado,ARI,"3B,DH",323.2,197.0,377.0,344.0,621.0,35.2,4.0855263157894735,1.0367278797996662,66,3B,3B,False,197.0,377.25,3.18680233337683,243.75,0.8987239824126436,131.0,True,True,41,False,4.006677796327212,30.05008347245409,52.086811352253754,-0.04899999999999999,-0.7647223180870243,0.11701417813175456,0.256397184077282,-1.66597693587326,-2.253513995082515,-0.26590247579665743,-1.2,-3.843836118755628,354,66.0,-288.0,240.0,436.0,381.0,11.2,4.0,71.4,0.8386724736590815,566.0,475.0,503.0,145,390,-79.0,-5.423836118755628,full-time,
623168,Tyler Heineman,2026,1991-06-19,C,S,multi,79,200,177,31,3,1,1,15,10,5,6,1,0,30,0,26,3,19,0,73,0,0,0,0,0,1,35.0,200.0,15.0,2.5,0.175,0.22,0.223,0.045,0.205,0.214,0.259,0.204,0.236,0.26,0.045,0.208,0.248,-0.039,-0.039,-0.032,82.0,10.0,27.0,0.6,11.9,91.606485493,90.139217234,70.1,42.9,65.6,90.0,19.5,56.3,46.5,53.5,19.5,20.1,6.9,7.0,65.0,2.2,26.8,0.3,6.5,45.1,-19.0,26.0,4.55,6.0,7.0,18.0,159.0,79.2,63.0,tyler heineman,multi,,,,,,,,144.0,35.0,1.8227848101265822,0.72,398,C,C,True,339.0,172.67,2.396692273871662,-28.669999999999987,-0.5739074637450798,-59.0,False,False,339,False,3.0,3.0,15.0,0.032,-2.739050199884071,-1.5773611947117547,-0.4435619363374988,-1.0032983040598158,1.683571667234975,-0.6928561416572607,-1.2,-5.634247972826377,360,398.0,38.0,-54.0,174.0,198.0,17.8,3.2,66.1,0.8549841867736945,250.0,214.0,513.0,388,370,10.0,-5.434247972826377,playing-time dependent,unlucky (xwOBA >> wOBA); needs playing time
622268,Donovan Walton,2026,1994-05-25,2B,L,multi,92,268,230,60,14,1,9,36,32,28,7,3,2,46,0,36,3,0,0,0,0,55,13,18,0,7,32.0,268.0,17.2,10.4,0.261,0.448,0.358,0.187,0.291,0.245,0.371,0.356,0.322,0.344,0.127,0.379,0.33,0.016,0.077,0.034,86.8,12.4,39.0,4.8,31.6,96.726321868,92.483504451,73.8,28.8,49.0,82.9,26.9,50.8,49.2,43.3,27.3,26.2,3.2,6.9,67.9,6.0,27.8,0.7,13.5,51.2,8.0,26.4,4.47,13.0,17.0,29.0,187.0,92.0,65.7,donovan walton,multi,,,,,,,,272.0,32.1,2.9565217391304346,1.0149253731343284,278,2B/3B/SS,2B,True,339.0,172.67,2.396692273871662,99.33000000000001,0.5598294652587725,61.0,False,False,250,False,6.716417910447761,20.149253731343283,62.6865671641791,-0.033999999999999975,-0.9093692098405439,-0.9376272273385449,0.24220653935569414,-0.7087744676982858,-1.5244240576163124,0.0,-0.9200000000000004,-3.4675339884849814,349,278.0,-71.0,268.0,9.0,4.0,,,,0.8494247563771298,250.0,212.0,510.0,394,377,-116.0,-5.787533988484981,playing-time dependent,needs playing time
672386,Alejandro Kirk,2026,1998-11-06,C,R,Toronto Blue Jays,79,313,277,77,8,0,10,26,43,33,0,1,0,38,3,59,4,15,0,72,0,0,0,0,0,3,27.0,313.0,12.1,10.5,0.278,0.415,0.351,0.137,0.289,0.263,0.368,0.333,0.308,0.326,0.104,0.343,0.313,0.015,0.047,0.025,88.0,7.9,32.6,3.7,38.8,99.504610744,93.893597884,58.3,29.1,72.3,90.3,15.8,43.5,24.0,50.8,18.6,24.8,5.8,7.1,71.6,14.1,31.6,15.6,5.6,51.3,4.0,23.9,4.8,11.0,27.0,39.0,242.0,67.3,62.3,alejandro kirk,TOR,Alejandro Kirk,TOR,C,176.6,104.0,148.0,242.0,323.0,27.6,4.0886075949367084,1.0319488817891374,240,C,C,False,104.0,560.7627118644068,4.015944775657477,-237.7627118644068,0.07266281927923135,-136.0,False,False,237,True,1.9169329073482428,19.169329073482427,63.25878594249201,-0.025000000000000022,-0.534600542742837,-0.21469125364710154,0.8729262253843633,-2.549548444957855,-1.0869700951365937,-1.2798159862829621,-0.020000000000000285,-2.8390455736993374,338,104.0,-234.0,-192.0,506.0,515.0,11.7,10.1,72.5,0.8594314672897816,352.0,303.0,516.0,254,364,-150.0,-5.839045573699337,playing-time dependent,plus approach; needs playing time
595978,Austin Hedges,2026,1992-08-18,C,R,Cleveland Guardians,82,247,215,53,10,0,6,25,25,25,1,1,1,45,2,37,4,3,0,77,0,0,0,0,0,1,33.0,247.0,18.2,10.1,0.247,0.377,0.325,0.13,0.283,0.224,0.314,0.313,0.281,0.306,0.09,0.336,0.291,0.023,0.063,0.032,85.8,12.4,26.7,4.5,32.4,97.388293605,92.724417485,64.5,25.4,52.1,85.7,24.1,44.5,47.7,47.7,22.7,19.9,9.7,7.2,69.1,8.1,27.0,7.6,9.4,61.2,3.0,24.5,5.0,9.0,17.0,26.0,176.0,74.1,60.7,austin hedges,CLE,Austin Hedges,CLE,C,573.5,278.0,669.0,,215.0,33.9,2.6219512195121952,0.8704453441295547,326,C,C,False,278.0,215.0,2.8044687189672293,0.0,-0.18251749945503404,-48.0,False,False,279,False,2.42914979757085,14.574898785425102,60.72874493927125,-0.03199999999999997,-1.0189751815641195,-0.2349107072835699,0.3958207130326444,-2.1077626904155573,-1.427212065954152,0.06809722027466181,-1.2,-3.814707140231172,353,278.0,-75.0,73.0,180.0,142.0,23.9,3.4,71.5,0.7761185762973136,250.0,194.0,466.0,404,404,-126.0,-6.334707140231172,playing-time dependent,needs playing time
596115,Trevor Story,2026,1992-11-15,SS,R,Boston Red Sox,64,266,251,59,14,0,5,24,29,11,2,5,0,86,2,40,7,0,0,0,0,0,0,62,0,2,33.0,266.0,32.3,4.1,0.235,0.351,0.271,0.116,0.333,0.211,0.317,0.272,0.248,0.247,0.106,0.38,0.343,0.024,0.034,0.024,87.1,14.8,29.3,5.4,36.5,98.525292771,93.305662831,69.6,43.6,55.9,77.0,31.8,55.7,43.7,46.1,24.6,20.4,9.0,7.4,70.9,8.2,19.5,13.3,10.8,48.0,-10.0,27.8,4.43,11.0,23.0,25.0,167.0,72.7,66.9,trevor story,BOS,Trevor Story,BOS,SS,114.8,75.0,102.0,148.0,221.0,33.6,3.453125,0.8308270676691729,323,SS,SS,False,75.0,560.7627118644068,4.015944775657477,-339.7627118644068,-0.5628197756574771,-248.0,False,False,276,True,11.278195488721805,11.278195488721805,24.81203007518797,-0.02400000000000002,-0.46238733060067116,-0.48551389344856194,-1.4988131410552505,0.3220589595670747,-1.0383640993055134,-1.2126817721108991,-1.2,-4.4182965054309244,359,75.0,-284.0,-506.0,654.0,727.0,26.9,9.9,71.1,0.8772659257320801,344.0,302.0,526.0,256,338,-181.0,-7.4182965054309244,playing-time dependent,needs playing time
543877,Christian Vázquez,2026,1990-08-21,C,R,Houston Astros,86,266,242,50,7,0,7,22,25,18,0,1,0,53,1,36,2,17,0,80,0,0,0,0,0,4,35.0,266.0,19.9,6.8,0.207,0.322,0.261,0.115,0.235,0.195,0.267,0.258,0.233,0.248,0.073,0.291,0.257,0.012,0.055,0.025,85.9,15.1,31.3,2.1,22.6,95.312310968,91.672859355,61.4,36.5,66.3,89.2,20.0,48.2,33.8,43.1,24.6,23.6,8.7,6.7,65.6,5.6,29.7,0.5,9.8,59.6,-14.0,23.4,5.03,9.0,19.0,22.0,195.0,64.6,60.9,christian vazquez,HOU,,,,,,,,228.0,35.9,2.6511627906976742,0.8571428571428571,315,C,C,True,339.0,172.67,2.396692273871662,55.33000000000001,0.2544705168260122,24.0,False,False,258,False,2.2556390977443606,15.789473684210526,40.6015037593985,-0.024999999999999994,-1.8669180968305321,-0.8671358376524303,-0.13458618624819577,-2.917703240409769,-1.0869700951365924,-0.8354175415430469,-1.2,-6.447109438686469,361,315.0,-46.0,48.0,214.0,180.0,16.4,3.8,67.0,0.7488230636022608,256.0,192.0,449.0,406,407,-91.0,-8.267109438686468,playing-time dependent,needs playing time
