mlbam_id,name,season,birth_date,primary_pos,bats,team,G,PA,AB,H,2B,3B,HR,R,RBI,BB,HBP,SB,CS,K,SF,1B,E,CSA,AOF,g_C,g_1B,g_2B,g_3B,g_SS,g_OF,g_DH,player_age,pa_savant,k_percent,bb_percent,batting_avg,slg_percent,on_base_percent,isolated_power,babip,xba,xslg,woba,xwoba,xobp,xiso,wobacon,xwobacon,xbadiff,xslgdiff,wobadiff,exit_velocity_avg,launch_angle_avg,sweet_spot_percent,barrel_batted_rate,hard_hit_percent,avg_best_speed,avg_hyper_speed,z_swing_percent,oz_swing_percent,oz_contact_percent,iz_contact_percent,whiff_percent,swing_percent,pull_percent,groundballs_percent,flyballs_percent,linedrives_percent,popups_percent,avg_swing_length,avg_swing_speed,blasts_swing,squared_up_swing,fast_swing_rate,attack_angle,ideal_angle_rate,swing_take_run_value,sprint_speed,hp_to_1b,b_hit_fly,b_hit_ground,b_hit_line_drive,batted_ball,meatball_swing_percent,f_strike_percent,nkey,team_abbr,adp_name,adp_team,adp_pos,adp,adp_hitter_rank,adp_nfbc,adp_fantrax,pts,age,pts_g,pts_pa,final_hitter_rank,elig,elig_next,undrafted,adp_hitter_rank_f,exp_pts,exp_pts_g,pts_over_exp,ppg_over_exp,rank_gain,beat,big_beat,produced_like_rank,bust,x1B,x2B,x3B,xHR,xR,xRBI,xLP,xLP_pa,luck_pts,luck_pa,repl_pts,LPAR,repl_levels,lp_pa,std_pa,roto_z,pct_league,pct_std_points,pct_roto,fit_vs_points,fit_vs_roto,sb_per600,hr_per600,bb_per600,xwoba_minus_woba,career_best_pa,seasons_200,career_PA,gap_to_best,prior_best_pa,prior_seasons_200,prior_top90,jump_vs_prior,yoy_k_change,yoy_barrel_change,yoy_bat_speed_change,il_days,il_stints,il_days_3yr,il_60,il_reasons,il_days_w,first_game,last_game,games,window_games,avail_games,il_games_in_window,pa_pace_162,g_share,days_late,late_callup,pedigree,pipeline_rank,prospect_status,PAS,BI,bi_line,bi_why,bi_skills,bi_comps,proj_rate_raw,age_step,proj_rate,proj_PA,durability,proj_pts,proj_pts_600,proj_rank,proj_rank_600,owner,pool_repl_1st,pool_repl_2nd,KSV,KSV_2nd,keep_tier,likely_kept,pool_rank
677594,Julio Rodríguez,2026,2000-12-29,OF,R,Seattle Mariners,150,654,596,147,26,0,22,69,71,47,7,22,3,145,4,99,3,0,4,0,0,0,0,0,143,7,25.0,654.0,22.2,7.2,0.247,0.401,0.307,0.154,0.289,0.264,0.439,0.31,0.334,0.323,0.175,0.365,0.399,-0.017,-0.038,-0.024,90.1,12.8,31.6,8.8,43.7,102.316356211,95.508712313,68.8,38.6,57.0,85.2,26.5,52.0,39.1,42.6,25.5,24.6,7.3,7.8,76.6,13.2,21.1,67.2,8.1,50.2,-5.0,28.7,4.35,27.0,57.0,63.0,455.0,65.9,64.1,julio rodriguez,SEA,Julio Rodriguez,SEA,"CF,DH",10.0,8.0,9.0,10.0,651.0,25.5,4.34,0.9954128440366973,46,OF,OF,False,8.0,652.0344827586207,4.7875059722885815,-1.0344827586206975,-0.4475059722885817,-38.0,False,False,31,False,102.02108229629536,30.24220775669611,1.184337597721687,23.896372349286835,86.60302496199857,75.23947714323315,705.8305021052317,1.0792515322709966,-54.830502105231744,-0.0838386882342993,472.0,179.0,"{'C': 423, 'SS': 594, '2B': 592, '3B': 571, '1B': 601, 'OF': 526, 'UT': 472}",0.9954128440366973,0.463302752293578,0.7080434687028809,56.92883895131086,32.958801498127336,77.15355805243446,23.970037453183522,-20.224719101123604,20.183486238532108,20.183486238532108,43.11926605504587,0.02400000000000002,1.2267857142857144,5,3251,-0.2313728702490171,1.2267857142857144,4,True,-0.2313728702490171,0.8000000000000007,-1.0,0.19999999999998863,15.0,1.0,34.0,0.0,Concussion,20.7,2026-03-26,2026-09-27,150.0,162.0,151.0,11.0,702.0,0.993,0.0,0.0,0.15,,established,36.2,3.2,1.307,"654 PA, already has the job · deserved 1.08/PA on contact quality, got 1.00 · 26 years old, an age that jumps 4% of the time",xwOBA 0.334 (78th) · barrels 8.8% (63rd) · EV 90.1 (74th) · hard-hit 44% (76th) · K 22% (52nd) · BB 7% (32nd) · chase 39% (11th) · bat speed 76.6 mph (96th) · sprint 28.7 (83rd),"{""n"":20,""b"":0,""c"":[[""Michael Harris II"",2025,24,0.97,1.12,695,0],[""Bo Bichette"",2023,25,1.04,0.78,261,0],[""Vladimir Guerrero Jr."",2025,26,1.06,0.88,537,0],[""Luis Garc\u00eda Jr."",2025,25,0.99,1.12,608,0],[""Vladimir Guerrero Jr."",2023,24,1.0,1.16,806,0]]}",1.0924314792482805,-0.012888640320029626,1.0924314792482805,586.0,0.983,640.0,655.0,17,17,BB,516.0,495.0,124.0,145.0,lock,False,1
701762,Nick Kurtz,2026,2003-03-12,1B,L,Athletics,99,434,352,90,15,1,21,62,69,79,3,7,1,141,0,53,3,0,0,0,94,0,0,0,0,3,23.0,434.0,32.5,18.2,0.256,0.483,0.396,0.227,0.363,0.244,0.483,0.381,0.374,0.374,0.239,0.525,0.51,0.012,0.0,0.007,93.4,11.9,38.9,18.0,57.3,106.18726581,98.206808714,66.4,23.3,39.5,73.0,36.9,43.1,34.6,41.7,28.9,26.1,3.3,7.8,78.2,13.9,16.9,80.4,12.8,49.6,26.0,26.6,4.47,24.0,27.0,39.0,211.0,73.8,57.7,nick kurtz,ATH,Nick Kurtz,ATH,1B,19.2,16.0,19.0,19.0,491.0,23.3,4.959595959595959,1.131336405529954,139,1B,1B,False,16.0,652.0344827586207,4.681528662420382,-161.0344827586207,0.27806729717557754,-123.0,False,False,120,True,43.798289193086774,20.282373660506288,1.5763850997271096,20.230952046679832,58.52402827749181,58.603798396141656,473.0318266736335,1.0899350845014597,17.968173326366525,0.04140132102849425,472.0,19.0,"{'C': 423, 'SS': 594, '2B': 592, '3B': 571, '1B': 601, 'OF': 526, 'UT': 472}",1.131336405529954,0.5668202764976958,-0.9722423513276245,91.38576779026218,76.77902621722846,59.925093632958806,14.606741573033716,31.460674157303373,9.67741935483871,29.032258064516128,109.21658986175115,-0.007000000000000006,1.2658486707566463,2,923,-0.13451226522669235,1.2658486707566463,1,True,-0.13451226522669235,1.6000000000000014,-0.5,1.0,69.0,2.0,82.0,0.0,Right thumb capsule sprain,76.8,2026-03-27,2026-07-31,99.0,116.0,101.0,15.0,696.0,0.98,0.0,0.0,0.15,,young / establishing,37.5,10.5,1.346,"23 years old, an age that jumps 11% of the time · avg EV 93.4 (97th pct) · 434 PA, already has the job · bat speed up 1.0 mph",xwOBA 0.374 (96th) · barrels 18.0% (99th) · EV 93.4 (98th) · hard-hit 57% (99th) · K 32% (6th) · BB 18% (100th) · chase 23% (89th) · bat speed 78.2 mph (99th) · sprint 26.6 (26th),"{""n"":20,""b"":2,""c"":[[""Franmil Reyes"",2021,26,1.13,0.82,387,0],[""Yordan Alvarez"",2021,24,1.16,1.29,723,1],[""Christopher Morel"",2023,24,1.12,0.8,488,0],[""Matt Wallner"",2023,26,1.16,1.12,292,0],[""Matt Wallner"",2024,26,1.12,0.97,380,0]]}",1.076474689435709,0.009960942754447033,1.076474689435709,568.0,0.939,611.0,646.0,28,22,BB,516.0,495.0,95.0,116.0,clear keep,False,2
695600,Carter Jensen,2026,2003-07-03,C,L,Kansas City Royals,149,603,527,126,35,2,27,80,81,65,4,2,1,170,7,62,5,19,0,106,0,0,0,0,0,42,22.0,603.0,28.2,10.8,0.239,0.467,0.323,0.228,0.294,0.217,0.423,0.341,0.318,0.304,0.206,0.434,0.395,0.022,0.044,0.023,91.5,20.6,33.0,12.7,44.8,102.069247033,95.57430843,67.5,24.1,45.1,80.4,29.7,44.7,41.8,32.7,38.7,19.5,9.1,7.1,73.9,11.3,23.2,37.4,6.7,48.8,14.0,27.8,4.37,38.0,41.0,46.0,364.0,75.4,55.7,carter jensen,KC,Carter Jensen,KC,"C,DH",230.0,139.0,182.0,320.0,641.0,23.0,4.302013422818792,1.0630182421227197,52,C,C,False,139.0,425.5,3.7174234694899297,215.5,0.5845899533288623,87.0,True,True,38,False,56.13258001469138,31.971397300584634,2.174465354756586,24.080557329967398,75.43980533289398,74.44805419902971,595.1678595319237,0.987011375674832,45.83214046807632,0.07600686644788768,423.0,218.0,"{'C': 423, 'SS': 594, '2B': 592, '3B': 571, '1B': 601, 'OF': 526, 'UT': 472}",1.0630182421227197,0.5041459369817579,0.349600601395588,77.52808988764045,51.31086142322098,73.78277153558052,26.21722846441947,3.7453183520599254,1.9900497512437811,26.865671641791042,64.67661691542288,-0.02300000000000002,1.0630182421227197,1,672,0.0,,0,False,0.7130182421227197,,,,0.0,0.0,0.0,0.0,,0.0,2026-03-27,2026-09-26,149.0,163.0,163.0,0.0,599.0,0.914,0.0,0.0,0.15,,young / establishing,34.5,13.5,1.143,"603 PA, already has the job · 23 years old, an age that jumps 11% of the time · avg EV 91.5 (90th pct)",xwOBA 0.318 (63rd) · barrels 12.7% (88th) · EV 91.5 (89th) · hard-hit 45% (80th) · K 28% (19th) · BB 11% (78th) · chase 24% (86th) · bat speed 73.9 mph (77th) · sprint 27.8 (57th),"{""n"":20,""b"":1,""c"":[[""Gunnar Henderson"",2023,22,1.08,1.17,843,1],[""Ryan Mountcastle"",2021,24,1.06,0.94,575,0],[""Colton Cowser"",2024,24,1.04,0.96,347,0],[""Jazz Chisholm Jr."",2021,23,1.02,1.28,308,0],[""Wilyer Abreu"",2024,25,1.07,1.09,456,0]]}",1.0236885095759596,0.009960942754447033,1.0236885095759596,579.0,1.0,593.0,614.0,32,66,BB,516.0,495.0,77.0,98.0,clear keep,False,3
661388,William Contreras,2026,1997-12-24,C,R,Milwaukee Brewers,147,640,566,153,27,1,18,82,94,61,4,1,2,94,9,107,0,25,0,128,0,0,0,0,0,20,28.0,640.0,14.7,9.5,0.27,0.417,0.341,0.147,0.292,0.261,0.441,0.33,0.334,0.328,0.181,0.349,0.355,0.009,-0.024,-0.004,90.3,13.2,33.3,8.5,44.1,101.24009195,94.956986071,68.0,28.3,62.5,87.1,20.7,47.2,36.4,40.5,25.6,25.2,8.7,7.2,73.5,15.8,31.5,37.2,8.6,59.2,10.0,26.0,4.61,27.0,52.0,74.0,481.0,78.4,61.5,william contreras,MIL,William Contreras,MIL,"C,DH",56.0,40.0,48.0,58.0,683.0,28.5,4.64625850340136,1.0671875,37,C,C,False,40.0,626.0,4.468031239230923,57.0,0.17822726417043722,3.0,False,False,1,False,91.57543823588229,32.06138071586685,1.8829238606194425,22.206257187631422,74.286894255892,79.0345638138344,669.2194580697263,1.0456554032339473,13.780541930273671,0.02153209676605261,423.0,260.0,"{'C': 423, 'SS': 594, '2B': 592, '3B': 571, '1B': 601, 'OF': 526, 'UT': 472}",1.0671875,0.59375,1.4002503448797032,79.7752808988764,85.0187265917603,83.14606741573034,-5.2434456928838955,-3.37078651685394,0.9375,16.875,57.1875,0.0040000000000000036,1.1443298969072164,5,3150,-0.07714239690721647,1.1443298969072164,4,True,-0.07714239690721647,-3.5,2.0999999999999996,0.29999999999999716,0.0,0.0,0.0,0.0,,0.0,2026-03-26,2026-09-26,147.0,165.0,165.0,0.0,628.0,0.891,0.0,0.0,0.15,,established,34.5,2.4,1.224,"640 PA, already has the job · avg EV 90.3 (79th pct) · got 1.07/PA but deserved 1.05 · barrel rate up 2.1 pts on last year",xwOBA 0.334 (78th) · barrels 8.5% (61st) · EV 90.3 (77th) · hard-hit 44% (78th) · K 15% (89th) · BB 10% (61st) · chase 28% (64th) · bat speed 73.5 mph (72nd) · sprint 26.0 (15th),"{""n"":20,""b"":0,""c"":[[""Bo Bichette"",2025,27,1.08,0.89,616,0],[""Alec Bohm"",2024,28,1.0,0.93,470,0],[""Anthony Santander"",2024,30,1.08,0.68,151,0],[""Alex Bregman"",2024,30,0.97,1.01,498,0],[""Gleyber Torres"",2025,28,0.94,0.89,374,0]]}",1.0274393677788756,-0.016978344977301236,1.0274393677788756,571.0,1.0,587.0,616.0,39,55,GLIZZY,516.0,495.0,71.0,92.0,clear keep,False,4
664983,Jake McCarthy,2026,1997-07-30,OF,L,Colorado Rockies,147,596,547,159,30,13,15,80,83,30,8,32,6,95,5,101,4,0,3,0,0,0,0,0,173,9,28.0,596.0,15.9,5.0,0.291,0.475,0.334,0.184,0.326,0.274,0.41,0.349,0.321,0.32,0.136,0.392,0.356,0.017,0.065,0.028,85.3,11.9,37.2,5.4,28.1,97.079708165,92.561288575,79.3,37.8,62.9,87.2,21.3,57.3,38.5,45.9,21.0,27.3,5.8,7.1,71.5,8.9,24.3,15.8,8.5,50.3,12.0,30.0,4.17,31.0,58.0,69.0,462.0,89.1,68.6,jake mccarthy,COL,Jake McCarthy,COL,"LF,CF,RF,DH",422.7,247.0,424.0,451.0,718.0,28.9,4.884353741496598,1.2046979865771812,25,OF,OF,False,247.0,296.0,2.990566037735849,422.0,1.8937877037607493,222.0,True,True,1,False,108.19607369627849,22.161640644517007,6.330497622130541,13.189788037073974,80.57481837736455,60.23154439878938,650.954362776154,1.0922053066713993,67.04563722384603,0.11249267990578193,472.0,246.0,"{'C': 423, 'SS': 594, '2B': 592, '3B': 571, '1B': 601, 'OF': 526, 'UT': 472}",1.2046979865771812,0.6543624161073825,4.1126604588772855,97.37827715355806,96.25468164794007,92.88389513108615,1.1235955056179847,4.49438202247191,32.21476510067114,15.100671140939596,30.201342281879192,-0.02799999999999997,1.2118644067796611,5,2049,-0.007166420202479928,1.2118644067796611,4,False,-0.007166420202479928,-2.0999999999999996,0.10000000000000053,1.7999999999999972,0.0,0.0,0.0,0.0,,0.0,2026-03-27,2026-09-27,147.0,164.0,164.0,0.0,589.0,0.896,0.0,0.0,0.15,,established,29.7,1.8,1.292,"596 PA, already has the job · sprint 30.0 ft/s (98th pct) · 1.20/PA is his best rate yet, so the bar is one step up · bat speed up 1.8 mph",xwOBA 0.321 (65th) · barrels 5.4% (32nd) · EV 85.3 (7th) · hard-hit 28% (11th) · K 16% (86th) · BB 5% (11th) · chase 38% (13th) · bat speed 71.5 mph (42nd) · sprint 30.0 (98th),"{""n"":20,""b"":0,""c"":[[""Cedric Mullins"",2024,30,1.11,1.01,502,0],[""Bryson Stott"",2025,28,1.03,1.04,632,0],[""Cody Bellinger"",2025,30,1.12,1.06,598,0],[""Jos\u00e9 Ram\u00edrez"",2022,30,1.19,1.12,773,0],[""Ha-Seong Kim"",2023,28,1.09,0.99,465,0]]}",1.0102533294338494,-0.026285818839922398,1.0102533294338494,569.0,1.0,575.0,606.0,44,86,MMM,516.0,495.0,59.0,80.0,clear keep,False,5
665862,Jazz Chisholm Jr.,2026,1998-02-01,2B,L,New York Yankees,137,532,471,109,16,3,19,69,55,56,1,41,9,157,4,71,9,0,0,0,0,137,0,0,0,1,28.0,532.0,29.5,10.5,0.231,0.399,0.312,0.168,0.301,0.216,0.366,0.312,0.294,0.296,0.15,0.4,0.37,0.015,0.033,0.018,90.4,16.3,29.9,8.2,42.8,100.204570455,94.436904935,64.3,29.4,54.6,76.7,30.9,45.8,50.9,42.1,28.9,20.1,8.8,7.9,72.9,10.4,23.2,28.2,15.6,59.4,-6.0,28.3,4.23,24.0,40.0,42.0,318.0,78.5,62.8,jazz chisholm,NYY,Jazz Chisholm Jr.,NYY,"2B,3B",21.4,19.0,21.0,21.0,592.0,28.4,4.321167883211679,1.112781954887218,86,2B/3B,2B,False,19.0,652.0344827586207,4.58933933933934,-60.0344827586207,-0.2681714561276607,-67.0,False,False,53,False,65.69619387261844,17.60641387655991,2.2565906290248727,16.176801621796777,65.0204091946885,56.56769060021576,566.7100997949042,1.065244548486662,25.28990020509582,0.04753740640055604,472.0,120.0,"{'C': 423, 'SS': 594, '2B': 592, '3B': 571, '1B': 601, 'OF': 526, 'UT': 472}",1.112781954887218,0.47368421052631576,0.8147183054566408,88.76404494382022,38.20224719101123,78.65168539325843,50.56179775280899,10.112359550561791,46.24060150375939,21.428571428571427,63.1578947368421,-0.018000000000000016,1.2780082987551866,6,2815,-0.16522634386796864,1.2780082987551866,5,True,-0.16522634386796864,1.6000000000000014,-6.800000000000001,-1.0,12.0,1.0,53.0,0.0,,33.9,2026-03-25,2026-09-25,137.0,166.0,154.0,12.0,560.0,0.89,0.0,0.0,0.15,,established,31.4,0.5,1.358,"532 PA, already has the job · avg EV 90.4 (81st pct) · sprint 28.3 ft/s (74th pct)",xwOBA 0.294 (33rd) · barrels 8.2% (58th) · EV 90.4 (79th) · hard-hit 43% (71st) · K 30% (15th) · BB 10% (74th) · chase 29% (57th) · bat speed 72.9 mph (64th) · sprint 28.3 (72nd),"{""n"":20,""b"":0,""c"":[[""Randy Arozarena"",2024,29,0.98,1.08,767,0],[""Lane Thomas"",2024,29,1.1,0.75,107,0],[""William Contreras"",2025,28,1.03,1.07,683,0],[""Luis Robert Jr."",2024,27,0.98,1.1,473,0],[""Brandon Marsh"",2025,28,1.04,0.97,550,0]]}",1.0548743900881778,-0.016978344977301236,1.0548743900881778,535.0,0.973,564.0,633.0,48,28,MMM,516.0,495.0,48.0,69.0,clear keep,False,6
673548,Seiya Suzuki,2026,1994-08-18,OF,R,Chicago Cubs,143,634,545,147,31,1,26,96,86,81,5,3,0,155,3,89,2,0,8,0,0,0,0,0,111,30,31.0,634.0,24.4,12.8,0.27,0.473,0.368,0.203,0.33,0.246,0.427,0.366,0.34,0.344,0.181,0.441,0.398,0.024,0.046,0.026,88.6,17.5,36.9,10.7,38.9,100.235200558,94.190827557,59.6,22.5,53.7,86.1,23.5,40.2,41.0,35.9,30.8,24.9,8.4,7.2,73.3,11.1,21.6,36.4,8.5,47.9,23.0,28.0,4.4,41.0,33.0,73.0,393.0,70.7,58.8,seiya suzuki,CHC,Seiya Suzuki,CHC,"LF,RF,DH",93.6,63.0,92.0,118.0,696.0,31.9,4.8671328671328675,1.0977917981072556,32,OF,OF,False,63.0,560.7627118644068,4.0375,135.2372881355932,0.8296328671328679,31.0,True,False,1,False,81.78822566321807,28.33090469191994,1.5385136265058643,22.41235601835611,82.3074020418808,74.07977254483897,632.1721745867197,0.9971169946162772,63.827825413280266,0.10067480349097835,472.0,224.0,"{'C': 423, 'SS': 594, '2B': 592, '3B': 571, '1B': 601, 'OF': 526, 'UT': 472}",1.0977917981072556,0.582018927444795,2.8622575120572105,86.14232209737828,82.39700374531836,88.01498127340824,3.7453183520599254,-1.8726591760299556,2.8391167192429023,24.605678233438486,76.65615141955837,-0.025999999999999968,1.1333333333333333,5,2899,-0.035541535226077725,1.1333333333333333,4,True,-0.035541535226077725,-0.8000000000000007,-5.900000000000002,0.0,16.0,1.0,41.0,0.0,,23.5,2026-04-10,2026-09-25,143.0,152.0,151.0,1.0,680.0,0.947,15.0,0.0,0.15,,established,33.9,0.5,1.213,"634 PA, already has the job · sprint 28.0 ft/s (65th pct) · 1.10/PA is his best rate yet, so the bar is one step up",xwOBA 0.340 (83rd) · barrels 10.7% (77th) · EV 88.6 (50th) · hard-hit 39% (52nd) · K 24% (37th) · BB 13% (91st) · chase 22% (91st) · bat speed 73.3 mph (69th) · sprint 28.0 (63rd),"{""n"":20,""b"":0,""c"":[[""Eugenio Su\u00e1rez"",2024,33,1.03,1.08,709,0],[""Francisco Lindor"",2025,32,1.14,0.92,432,0],[""Taylor Ward"",2025,32,1.04,0.82,496,0],[""Lourdes Gurriel Jr."",2024,31,1.03,0.99,541,0],[""Brandon Nimmo"",2025,32,1.06,0.92,601,0]]}",0.9716835179971826,-0.035407766755750046,0.9716835179971826,574.0,0.981,558.0,583.0,50,149,BAMBI,516.0,495.0,42.0,63.0,clear keep,False,7
663656,Kyle Tucker,2026,1997-01-17,OF,L,Los Angeles Dodgers,154,627,540,126,23,4,17,90,70,78,3,12,0,105,6,82,4,0,7,0,0,0,0,0,152,0,29.0,627.0,16.7,12.4,0.233,0.385,0.33,0.152,0.257,0.256,0.393,0.318,0.331,0.35,0.137,0.325,0.343,-0.023,-0.008,-0.013,88.5,18.1,34.2,6.4,36.3,98.257582237,93.315781621,74.3,23.9,59.1,86.0,20.8,48.5,42.0,36.5,34.9,21.8,6.8,7.3,71.4,8.2,26.9,19.3,10.0,45.3,2.0,26.6,4.53,32.0,29.0,65.0,441.0,85.4,59.9,kyle tucker,LAD,Kyle Tucker,LAD,"RF,DH",10.8,9.0,15.0,12.0,621.0,29.4,4.032467532467533,0.9904306220095693,66,OF,OF,False,9.0,652.0344827586207,4.743589743589744,-31.034482758620697,-0.7111222111222109,-57.0,False,False,41,False,98.3805791257843,21.403131144871242,2.792000332904636,15.664289396439832,73.29220712099064,68.14511965446331,618.897326775454,0.9870770761968962,2.102673224546038,0.003353545812673109,472.0,149.0,"{'C': 423, 'SS': 594, '2B': 592, '3B': 571, '1B': 601, 'OF': 526, 'UT': 472}",0.9904306220095693,0.5629984051036683,-0.08959760399397287,54.68164794007491,75.65543071161048,68.91385767790263,-20.973782771535568,-14.232209737827716,11.483253588516746,16.267942583732058,74.64114832535886,0.013000000000000012,1.3126843657817109,6,3413,-0.32225374377214155,1.3126843657817109,5,True,-0.32225374377214155,2.0,-4.4,-0.5999999999999943,0.0,0.0,108.0,0.0,,37.5,2026-03-26,2026-09-27,154.0,163.0,163.0,0.0,623.0,0.945,0.0,0.0,0.15,,established,30.6,0.6,1.393,"627 PA, already has the job · already 29, an age that jumps 4% of the time · sprint 26.6 ft/s (27th pct)",xwOBA 0.331 (75th) · barrels 6.4% (41st) · EV 88.5 (48th) · hard-hit 36% (38th) · K 17% (83rd) · BB 12% (89th) · chase 24% (87th) · bat speed 71.4 mph (40th) · sprint 26.6 (26th),"{""n"":20,""b"":0,""c"":[[""Ozzie Albies"",2025,28,0.92,0.88,604,0],[""Nick Castellanos"",2024,32,0.99,0.94,556,0],[""Mookie Betts"",2025,33,0.98,1.0,526,0],[""Matt Olson"",2024,30,0.98,1.05,758,0],[""Carlos Correa"",2025,31,0.88,1.01,143,0]]}",0.9862499159627997,-0.026285818839922398,0.9862499159627997,560.0,0.97,552.0,592.0,52,118,MMM,516.0,495.0,36.0,57.0,marginal,False,8
606466,Ketel Marte,2026,1993-10-12,2B,S,Arizona Diamondbacks,141,624,562,140,31,3,22,78,76,51,6,4,0,86,5,84,3,0,0,0,0,115,0,0,0,25,32.0,624.0,13.8,8.2,0.249,0.432,0.316,0.183,0.257,0.28,0.461,0.323,0.349,0.34,0.182,0.34,0.373,-0.031,-0.029,-0.026,90.2,13.8,31.8,9.4,43.0,101.876199664,95.156620819,67.7,31.5,63.9,89.0,19.7,48.5,48.9,41.4,27.9,23.3,7.5,7.7,74.8,15.1,27.2,46.8,9.1,58.8,4.0,26.8,4.48,29.0,44.0,66.0,481.0,86.5,59.7,ketel marte,ARI,Ketel Marte,ARI,"2B,DH",26.6,22.0,30.0,25.0,603.0,32.7,4.276595744680851,0.9663461538461539,79,2B,2B,False,22.0,652.0344827586207,4.58933933933934,-49.0344827586207,-0.3127435946584889,-57.0,False,False,42,False,101.85443208423723,30.70446383546423,2.8237760763598954,21.977328003938656,77.30519020568302,76.46192352555484,636.7711137312378,1.0204665284154453,-33.77111373123785,-0.05412037456929142,472.0,131.0,"{'C': 423, 'SS': 594, '2B': 592, '3B': 571, '1B': 601, 'OF': 526, 'UT': 472}",0.9663461538461539,0.5865384615384616,-0.04493561574479665,47.940074906367045,83.14606741573034,70.0374531835206,-35.2059925093633,-22.097378277153553,3.846153846153846,21.153846153846153,49.03846153846154,0.025999999999999968,1.2058319039451115,6,3345,-0.23948575009895767,1.2058319039451115,5,True,-0.23948575009895767,-1.0999999999999996,-4.1,0.20000000000000284,11.0,1.0,56.0,0.0,Left knee inflammation,32.6,2026-03-26,2026-09-27,141.0,163.0,152.0,11.0,665.0,0.928,0.0,0.0,0.15,,established,36.0,0.7,1.286,"624 PA, already has the job · deserved 1.02/PA on contact quality, got 0.97 · avg EV 90.2 (78th pct)",xwOBA 0.349 (90th) · barrels 9.4% (67th) · EV 90.2 (76th) · hard-hit 43% (73rd) · K 14% (93rd) · BB 8% (45th) · chase 32% (43rd) · bat speed 74.8 mph (87th) · sprint 26.8 (31st),"{""n"":20,""b"":0,""c"":[[""Mookie Betts"",2025,33,0.98,1.0,526,0],[""Nick Castellanos"",2024,32,0.99,0.94,556,0],[""Yandy D\u00edaz"",2024,33,0.9,1.06,690,0],[""Carlos Correa"",2025,31,0.88,1.01,143,0],[""Marcus Semien"",2024,34,0.93,0.92,489,0]]}",1.040967162337425,-0.04921542158677408,1.040967162337425,526.0,0.974,548.0,625.0,53,38,GK,516.0,495.0,32.0,53.0,marginal,False,9
672695,Geraldo Perdomo,2026,1999-10-22,SS,S,Arizona Diamondbacks,157,680,562,147,20,9,9,75,59,96,5,21,10,86,8,109,8,0,0,0,0,0,0,157,0,0,26.0,680.0,12.6,14.1,0.262,0.377,0.37,0.115,0.291,0.26,0.355,0.336,0.333,0.373,0.095,0.32,0.315,0.002,0.022,0.003,87.6,14.7,36.5,3.1,31.9,96.798958983,92.48396053,56.5,20.9,75.8,92.7,11.8,38.8,42.6,41.6,25.4,28.4,4.7,7.0,67.3,7.2,34.6,1.7,8.3,50.5,11.0,27.0,4.5,18.0,46.0,83.0,493.0,62.8,57.8,geraldo perdomo,ARI,Geraldo Perdomo,ARI,SS,60.8,42.0,73.0,56.0,649.0,26.7,4.13375796178344,0.9544117647058824,48,SS,SS,False,42.0,598.2727272727273,4.468031239230923,50.72727272727275,-0.33427327744748325,-6.0,False,False,33,False,116.13985400720341,16.183550429417693,4.183337119554364,9.61325844382453,79.59218411866858,64.908922094935,646.1311062136035,0.9501928032552993,2.868893786396484,0.004218961450583092,472.0,177.0,"{'C': 423, 'SS': 594, '2B': 592, '3B': 571, '1B': 601, 'OF': 526, 'UT': 472}",0.9544117647058824,0.5544117647058824,-0.5041567429217754,42.69662921348314,71.16104868913857,64.04494382022472,-28.464419475655426,-21.348314606741575,18.529411764705884,7.9411764705882355,84.70588235294117,-0.0030000000000000027,1.1305555555555555,5,2820,-0.17614379084967313,1.1305555555555555,4,True,-0.17614379084967313,1.0999999999999996,-3.1,-0.9000000000000057,0.0,0.0,65.0,0.0,,19.5,2026-03-26,2026-09-27,157.0,163.0,163.0,0.0,676.0,0.963,0.0,0.0,0.15,,established,28.0,0.6,1.211,"680 PA, already has the job · 27 years old, an age that jumps 3% of the time · sprint 27.0 ft/s (37th pct)",xwOBA 0.333 (77th) · barrels 3.1% (12th) · EV 87.6 (34th) · hard-hit 32% (20th) · K 13% (95th) · BB 14% (95th) · chase 21% (95th) · bat speed 67.3 mph (4th) · sprint 27.0 (36th),"{""n"":20,""b"":0,""c"":[[""Steven Kwan"",2025,28,0.98,0.93,590,0],[""Luis Arraez"",2024,27,0.94,0.92,619,0],[""Ozzie Albies"",2025,28,0.92,0.88,604,0],[""Andr\u00e9s Gim\u00e9nez"",2024,26,0.94,0.85,315,0],[""Gleyber Torres"",2024,28,0.87,0.94,591,0]]}",0.9800437239329925,-0.020371427220405795,0.9800437239329925,557.0,0.984,546.0,588.0,55,128,CS,516.0,495.0,30.0,51.0,marginal,False,10
681082,Bryson Stott,2026,1997-10-06,2B,L,Philadelphia Phillies,155,608,536,137,36,6,10,71,67,62,3,27,0,100,3,85,4,0,0,0,0,116,43,0,0,0,28.0,608.0,16.4,10.2,0.256,0.401,0.334,0.145,0.296,0.267,0.402,0.326,0.33,0.345,0.135,0.344,0.351,-0.011,-0.001,-0.004,89.4,14.1,35.0,5.9,37.7,98.738688539,93.548267397,54.7,30.0,69.4,88.4,18.7,41.8,36.3,42.2,26.9,24.8,6.1,7.2,69.9,10.9,31.4,7.2,9.9,55.7,4.0,28.3,4.26,20.0,42.0,75.0,443.0,62.0,59.4,bryson stott,PHI,Bryson Stott,PHI,"2B,3B,SS",184.6,110.0,176.0,151.0,632.0,28.7,4.077419354838709,1.0394736842105263,57,2B/3B,2B/3B,False,110.0,560.7627118644068,4.015944775657477,71.23728813559319,0.061474579181232336,53.0,False,False,40,False,99.28803546696093,27.678213897102847,3.755465804911484,12.390284831024728,77.61156860093188,63.21340542155029,641.4089740224822,1.054948970431714,-9.408974022482198,-0.015475286221187767,472.0,160.0,"{'C': 423, 'SS': 594, '2B': 592, '3B': 571, '1B': 601, 'OF': 526, 'UT': 472}",1.0394736842105263,0.5625,0.1315721723831866,70.78651685393258,75.28089887640449,71.53558052434457,-4.49438202247191,-0.7490636704119851,26.644736842105264,9.868421052631579,61.18421052631579,0.0040000000000000036,1.0671875,5,2845,-0.027713815789473628,1.0671875,4,True,-0.027713815789473628,0.09999999999999787,0.8000000000000007,0.6000000000000085,0.0,0.0,0.0,0.0,,0.0,2026-03-26,2026-09-27,155.0,163.0,163.0,0.0,604.0,0.951,0.0,0.0,0.15,,established,30.0,2.7,1.147,"608 PA, already has the job · sprint 28.3 ft/s (74th pct) · avg EV 89.4 (66th pct)",xwOBA 0.330 (75th) · barrels 5.9% (35th) · EV 89.4 (63rd) · hard-hit 38% (45th) · K 16% (84th) · BB 10% (69th) · chase 30% (52nd) · bat speed 69.9 mph (23rd) · sprint 28.3 (72nd),"{""n"":20,""b"":0,""c"":[[""Alec Bohm"",2024,28,1.0,0.93,470,0],[""Alex Bregman"",2024,30,0.97,1.01,498,0],[""Tommy Edman"",2023,28,1.04,1.04,159,0],[""Alex Verdugo"",2023,27,0.99,0.86,533,0],[""Alec Bohm"",2025,29,0.93,0.88,553,0]]}",1.0261384298094023,-0.026285818839922398,1.0261384298094023,526.0,1.0,540.0,616.0,59,55,CS,516.0,495.0,24.0,45.0,marginal,False,11
666176,Jo Adell,2026,1999-04-08,OF,R,multi,159,660,603,145,26,1,23,70,94,34,18,5,0,157,5,95,5,0,8,0,0,0,0,0,152,19,27.0,660.0,23.8,5.2,0.24,0.401,0.298,0.161,0.285,0.257,0.444,0.307,0.329,0.314,0.187,0.368,0.401,-0.017,-0.043,-0.022,90.4,16.2,32.2,8.9,44.9,102.495962813,95.565465638,73.9,35.3,52.5,82.4,28.2,53.2,41.0,40.8,26.6,23.3,9.3,7.7,77.4,12.3,18.2,72.6,10.0,48.5,-8.0,28.3,4.53,32.0,39.0,73.0,451.0,81.6,61.2,jo adell,multi,Jo Adell,CLE,"LF,CF,RF,DH",121.4,79.0,113.0,115.0,629.0,27.2,3.9559748427672954,0.953030303030303,59,OF,OF,False,79.0,560.7627118644068,4.015944775657477,68.23728813559319,-0.05996993289018171,20.0,False,False,40,False,95.5904383064574,31.73897374875102,1.902737583125768,25.738850361665815,85.08282920293449,78.86239103333409,664.6482202362687,1.0070427579337404,-35.648220236268685,-0.054012454903437424,472.0,157.0,"{'C': 423, 'SS': 594, '2B': 592, '3B': 571, '1B': 601, 'OF': 526, 'UT': 472}",0.953030303030303,0.43636363636363634,0.26825363715986084,42.32209737827715,25.0936329588015,72.65917602996255,17.22846441947565,-30.337078651685403,4.545454545454546,20.90909090909091,30.909090909090907,0.02200000000000002,1.0453752181500873,4,2171,-0.09234491511978427,1.0453752181500873,3,True,-0.09234491511978427,-2.599999999999998,-8.4,-0.19999999999998863,0.0,0.0,22.0,0.0,,6.6,2026-03-26,2026-09-27,159.0,161.0,161.0,0.0,664.0,0.988,0.0,0.0,0.15,,established,36.2,4.6,1.125,"660 PA, already has the job · deserved 1.01/PA on contact quality, got 0.95 · avg EV 90.4 (81st pct)",xwOBA 0.329 (73rd) · barrels 8.9% (63rd) · EV 90.4 (79th) · hard-hit 45% (81st) · K 24% (42nd) · BB 5% (14th) · chase 35% (22nd) · bat speed 77.4 mph (98th) · sprint 28.3 (72nd),"{""n"":20,""b"":0,""c"":[[""Nathaniel Lowe"",2023,28,0.95,0.94,531,0],[""Ryan Mountcastle"",2024,27,0.95,0.85,302,0],[""Heliot Ramos"",2025,26,0.93,0.93,411,0],[""Randy Arozarena"",2024,29,0.98,1.08,767,0],[""Jake Burger"",2024,28,0.96,0.91,344,0]]}",1.0282109269032471,-0.020371427220405795,1.0282109269032471,525.0,0.995,540.0,617.0,59,50,FA,516.0,495.0,24.0,45.0,marginal,False,12
592450,Aaron Judge,2026,1992-04-26,OF,R,New York Yankees,66,285,237,57,10,0,18,45,41,43,2,5,3,85,1,29,0,0,3,0,0,0,0,0,59,7,34.0,285.0,29.8,15.1,0.241,0.511,0.36,0.27,0.289,0.258,0.569,0.372,0.396,0.364,0.311,0.492,0.537,-0.017,-0.058,-0.024,94.0,15.0,34.0,20.9,57.5,105.082238571,97.706457908,64.0,26.4,45.8,78.0,32.8,43.3,43.1,37.9,32.7,22.9,6.5,8.1,76.1,14.0,21.5,63.9,12.3,50.6,17.0,26.7,4.84,21.0,12.0,24.0,153.0,73.8,57.4,aaron judge,NYY,Aaron Judge,NYY,"LF,CF,RF,DH",1.8,2.0,2.0,2.0,330.0,34.2,5.0,1.1578947368421053,230,OF,OF,False,2.0,652.0344827586207,4.843093093093094,-322.0344827586207,0.15690690690690623,-228.0,False,False,237,True,24.80183355594025,17.159308277616752,1.006882776945753,18.177975389497245,41.473994535516226,44.39416394410239,347.8671584796186,1.2205865209811178,-17.86715847961858,-0.06269178413901244,472.0,-142.0,"{'C': 423, 'SS': 594, '2B': 592, '3B': 571, '1B': 601, 'OF': 526, 'UT': 472}",1.1578947368421053,0.5964912280701754,-4.4151054336510756,,,,,,10.526315789473683,37.89473684210527,90.52631578947368,0.02400000000000002,1.4497126436781609,6,3455,-0.2918179068360556,1.4497126436781609,5,True,-0.2918179068360556,6.199999999999999,-3.900000000000002,-0.8000000000000114,100.0,3.0,109.0,1.0,Right rib stress fracture; Right rib stress fracture,105.4,2026-03-25,2026-09-16,66.0,162.0,71.0,91.0,650.0,0.93,0.0,0.0,0.15,,established,37.3,0.6,1.53,"avg EV 94.0 (98th pct) · deserved 1.22/PA on contact quality, got 1.16 · sprint 26.7 ft/s (29th pct)",xwOBA 0.396 (99th) · barrels 20.9% (100th) · EV 94.0 (98th) · hard-hit 58% (99th) · K 30% (15th) · BB 15% (97th) · chase 26% (74th) · bat speed 76.1 mph (94th) · sprint 26.7 (29th),"{""n"":20,""b"":0,""c"":[[""Corey Seager"",2025,31,1.05,0.94,408,0],[""Bryce Harper"",2025,33,1.09,1.07,741,0],[""Teoscar Hern\u00e1ndez"",2025,33,1.04,1.03,504,0],[""Mike Trout"",2023,32,1.08,1.21,153,0],[""Shohei Ohtani"",2025,31,1.34,1.14,702,0]]}",1.1009014703435167,-0.04369876870972289,1.1009014703435167,484.0,0.87,533.0,661.0,63,14,MMM,516.0,495.0,17.0,38.0,marginal,False,13
664040,Brandon Lowe,2026,1994-07-06,2B,L,Pittsburgh Pirates,150,656,584,152,29,1,35,94,96,62,3,2,0,189,7,87,11,0,0,0,0,138,0,0,0,11,31.0,655.0,28.7,9.5,0.261,0.494,0.331,0.233,0.319,0.24,0.445,0.355,0.331,0.315,0.205,0.466,0.428,0.021,0.049,0.024,91.0,15.8,35.1,12.4,45.8,101.348135373,95.153058955,70.8,33.6,38.2,79.5,35.4,50.6,46.3,36.1,33.6,23.4,7.0,7.1,73.5,11.3,21.6,38.7,16.1,46.6,23.0,27.0,4.38,47.0,34.0,70.0,402.0,80.7,60.6,brandon lowe,PIT,Brandon Lowe,PIT,"2B,DH",153.4,93.0,166.0,138.0,690.0,32.0,4.6,1.0518292682926829,34,2B,2B,False,93.0,560.7627118644068,4.015944775657477,129.2372881355932,0.5840552243425225,59.0,True,False,1,False,80.27317297619125,29.147829151565233,1.6448227682957777,29.094175103947734,80.68220071996495,83.17965118526674,623.9018519052316,0.9510698961969994,66.09814809476836,0.10075937209568342,472.0,218.0,"{'C': 423, 'SS': 594, '2B': 592, '3B': 571, '1B': 601, 'OF': 526, 'UT': 472}",1.0518292682926829,0.538109756097561,3.8488283890463104,75.65543071161048,64.7940074906367,91.38576779026218,10.861423220973776,-15.7303370786517,1.829268292682927,32.012195121951216,56.707317073170735,-0.023999999999999966,1.1284552845528455,6,2951,-0.07662601626016263,1.1284552845528455,5,True,-0.07662601626016263,1.8000000000000007,-0.5999999999999996,-0.29999999999999716,0.0,0.0,57.0,0.0,,22.8,2026-03-26,2026-09-26,150.0,165.0,165.0,0.0,644.0,0.909,0.0,0.0,0.15,,established,34.4,0.4,1.208,"656 PA, already has the job · avg EV 91.0 (87th pct) · sprint 27.0 ft/s (37th pct)",xwOBA 0.331 (75th) · barrels 12.4% (86th) · EV 91.0 (86th) · hard-hit 46% (84th) · K 29% (17th) · BB 10% (61st) · chase 34% (31st) · bat speed 73.5 mph (72nd) · sprint 27.0 (36th),"{""n"":20,""b"":0,""c"":[[""Taylor Ward"",2025,32,1.04,0.82,496,0],[""Eugenio Su\u00e1rez"",2024,33,1.03,1.08,709,0],[""Brandon Nimmo"",2025,32,1.06,0.92,601,0],[""Teoscar Hern\u00e1ndez"",2024,32,1.14,1.04,566,0],[""Randy Arozarena"",2025,30,1.08,1.21,808,0]]}",0.9447689551332469,-0.035407766755750046,0.9447689551332469,562.0,0.982,531.0,567.0,64,223,BB,516.0,495.0,15.0,36.0,marginal,False,14
641343,Jake Bauers,2026,1995-10-06,1B,L,Milwaukee Brewers,144,578,477,127,22,2,26,93,86,94,4,11,6,156,3,77,10,0,0,0,119,0,0,0,48,4,30.0,578.0,27.0,16.3,0.266,0.484,0.389,0.218,0.339,0.253,0.467,0.381,0.371,0.376,0.214,0.471,0.454,0.013,0.017,0.01,92.1,12.1,38.6,14.0,51.9,103.241504938,96.516969938,62.0,21.7,40.1,82.1,29.8,40.6,41.0,41.0,29.9,25.6,3.4,7.7,76.5,14.5,23.4,68.1,10.9,48.2,27.0,26.9,4.49,33.0,35.0,59.0,324.0,75.3,60.1,jake bauers,MIL,Jake Bauers,MIL,"1B,LF,RF",810.5,316.0,1189.0,,658.0,30.7,4.569444444444445,1.1384083044982698,43,1B/OF,1B/OF,False,316.0,172.67,2.396692273871662,485.33000000000004,2.1727521705727826,273.0,True,True,1,False,69.04123675830436,25.30640810684387,2.228473511399144,24.104881623452616,77.32846863379156,73.95908759910216,615.7275562328937,1.0652725886382244,42.272443767106324,0.07313571586004541,472.0,186.0,"{'C': 423, 'SS': 594, '2B': 592, '3B': 571, '1B': 601, 'OF': 526, 'UT': 472}",1.1384083044982698,0.6211072664359861,3.24126222745017,92.88389513108615,91.38576779026218,89.13857677902621,1.4981273408239701,3.7453183520599396,11.418685121107266,26.98961937716263,97.57785467128028,-0.010000000000000009,1.1384083044982698,5,1729,0.0,1.0504587155963303,4,False,0.08794958890193949,-0.10000000000000142,0.3000000000000007,0.0,0.0,0.0,33.0,0.0,,19.8,2026-03-26,2026-09-27,144.0,165.0,165.0,0.0,567.0,0.873,0.0,0.0,0.15,,established,37.1,4.9,1.218,"578 PA, already has the job · avg EV 92.1 (93rd pct) · 1.14/PA is his best rate yet, so the bar is one step up",xwOBA 0.371 (96th) · barrels 14.0% (93rd) · EV 92.1 (93rd) · hard-hit 52% (95th) · K 27% (23rd) · BB 16% (98th) · chase 22% (93rd) · bat speed 76.5 mph (96th) · sprint 26.9 (34th),"{""n"":20,""b"":0,""c"":[[""Adolis Garc\u00eda"",2023,30,1.18,0.95,605,0],[""Seiya Suzuki"",2024,30,1.13,1.04,677,0],[""Ram\u00f3n Laureano"",2025,31,1.18,0.94,194,0],[""Brent Rooker"",2024,30,1.23,1.05,736,0],[""Christian Yelich"",2023,32,1.18,1.32,417,0]]}",1.0258355886033002,-0.03573509974786369,1.0258355886033002,514.0,0.984,527.0,616.0,66,55,THALER,516.0,495.0,11.0,32.0,marginal,False,15
663728,Cal Raleigh,2026,1996-11-26,C,S,Seattle Mariners,126,530,451,82,15,0,23,49,69,72,3,2,1,164,4,44,6,21,0,104,0,0,0,0,0,23,29.0,530.0,30.9,13.6,0.182,0.368,0.296,0.186,0.22,0.191,0.396,0.297,0.312,0.305,0.205,0.362,0.39,-0.009,-0.028,-0.015,90.1,25.4,33.3,14.1,40.0,100.527092466,94.597682955,69.9,35.8,55.0,77.4,31.7,50.4,51.5,26.5,43.3,17.5,12.7,7.9,75.0,8.1,16.2,51.4,17.5,46.0,-11.0,25.9,4.7,35.0,13.0,34.0,291.0,85.5,63.3,cal raleigh,SEA,Cal Raleigh,SEA,"C,DH",14.6,12.0,17.0,13.0,483.0,29.6,3.8333333333333335,0.9113207547169812,141,C,C,False,12.0,652.0344827586207,4.732905982905983,-169.0344827586207,-0.8995726495726495,-129.0,False,False,120,True,40.47146692791814,21.725287457319194,1.1030243016072048,22.841221313155465,59.70157871957005,67.1156696075418,508.55424832711185,0.9595363175983243,-25.55424832711185,-0.0482155628813431,423.0,60.0,"{'C': 423, 'SS': 594, '2B': 592, '3B': 571, '1B': 601, 'OF': 526, 'UT': 472}",0.9113207547169812,0.3660377358490566,-4.584901336767169,23.970037453183522,8.98876404494382,27.340823970037455,14.981273408239701,-3.370786516853933,2.2641509433962264,26.037735849056602,81.50943396226415,0.015000000000000013,1.3035460992907801,5,2995,-0.392225344573799,1.3035460992907801,4,True,-0.392225344573799,4.199999999999999,-5.4,-0.20000000000000284,33.0,1.0,33.0,0.0,Right oblique strain,33.0,2026-03-26,2026-09-27,126.0,162.0,132.0,30.0,650.0,0.955,0.0,0.0,0.15,,established,33.8,0.6,1.384,"530 PA, already has the job · deserved 0.96/PA on contact quality, got 0.91 · avg EV 90.1 (77th pct)",xwOBA 0.312 (55th) · barrels 14.1% (94th) · EV 90.1 (74th) · hard-hit 40% (57th) · K 31% (12th) · BB 14% (95th) · chase 36% (21st) · bat speed 75.0 mph (88th) · sprint 25.9 (14th),"{""n"":20,""b"":0,""c"":[[""Matt Olson"",2024,30,0.98,1.05,758,0],[""Adolis Garc\u00eda"",2024,31,0.95,0.97,530,0],[""Jorge Polanco"",2024,31,0.81,1.07,563,0],[""Bryan Reynolds"",2025,30,0.92,1.02,714,0],[""Adolis Garc\u00eda"",2025,32,0.97,0.78,201,0]]}",1.0207708267985887,-0.01977893541086498,1.0207708267985887,515.0,0.974,526.0,612.0,67,74,CH,516.0,495.0,10.0,31.0,marginal,False,16
694671,Wyatt Langford,2026,2001-11-15,OF,R,Texas Rangers,110,471,411,98,20,2,17,64,44,55,4,15,4,107,1,59,1,0,5,0,0,0,0,0,109,9,24.0,471.0,22.7,11.7,0.238,0.421,0.333,0.183,0.281,0.231,0.387,0.333,0.319,0.327,0.156,0.38,0.358,0.007,0.034,0.014,88.6,20.3,32.5,7.9,36.4,99.42584634,93.857821902,68.3,26.2,55.3,82.7,25.3,46.5,43.0,33.1,30.5,23.3,13.1,6.9,72.8,9.6,22.9,27.2,13.7,53.0,7.0,28.2,4.36,24.0,26.0,47.0,305.0,80.2,64.9,wyatt langford,TEX,Wyatt Langford,TEX,"LF,CF,DH",44.4,33.0,40.0,44.0,492.0,24.6,4.472727272727273,1.0445859872611465,138,OF,OF,False,33.0,645.6,4.468031239230923,-153.60000000000002,0.0046960334963497274,-105.0,False,False,120,True,60.9251346222309,18.129636541204306,1.6723230508986784,14.213905785666116,59.08810810456886,51.20351556012785,477.2896236646967,1.0133537657424558,14.710376335303295,0.03123222151869065,472.0,20.0,"{'C': 423, 'SS': 594, '2B': 592, '3B': 571, '1B': 601, 'OF': 526, 'UT': 472}",1.0445859872611465,0.5180467091295117,-2.4970393682631338,72.65917602996255,57.490636704119844,47.940074906367045,15.168539325842708,24.719101123595507,19.10828025477707,21.656050955414013,70.06369426751593,-0.014000000000000012,1.0897666068222622,3,1601,-0.04518061956111574,1.0897666068222622,2,True,-0.04518061956111574,-3.6999999999999993,-6.1,-0.29999999999999716,55.0,2.0,100.0,0.0,Right forearm strain; Left hamstring strain,75.39999999999999,2026-03-26,2026-09-27,110.0,162.0,112.0,50.0,681.0,0.982,0.0,0.0,0.15,,established,32.2,3.3,1.17,"25 years old, an age that jumps 5% of the time · 471 PA, already has the job · sprint 28.2 ft/s (71st pct)",xwOBA 0.319 (64th) · barrels 7.9% (55th) · EV 88.6 (50th) · hard-hit 36% (39th) · K 23% (50th) · BB 12% (85th) · chase 26% (75th) · bat speed 72.8 mph (63rd) · sprint 28.2 (70th),"{""n"":20,""b"":1,""c"":[[""Andy Pages"",2025,25,1.08,1.15,660,0],[""Lars Nootbaar"",2023,26,1.04,0.96,389,0],[""CJ Abrams"",2024,24,1.07,1.06,674,0],[""William Contreras"",2023,26,1.1,1.14,777,0],[""Cal Raleigh"",2023,27,1.06,1.09,683,0]]}",1.0109845278077083,-0.012779447936574123,1.0109845278077083,519.0,0.94,525.0,607.0,68,83,BAMBI,516.0,495.0,9.0,30.0,marginal,False,17
805300,Jakob Marsee,2026,2001-06-28,OF,L,Miami Marlins,155,616,516,119,19,7,11,83,41,78,15,23,12,126,1,82,0,0,5,0,0,0,0,0,150,2,25.0,616.0,20.5,12.7,0.231,0.359,0.348,0.128,0.284,0.233,0.334,0.321,0.314,0.349,0.101,0.334,0.323,-0.002,0.025,0.007,87.3,18.1,33.5,3.8,34.5,97.82960178,92.989467585,60.1,22.2,56.1,91.9,18.0,40.9,40.3,37.0,22.7,28.7,11.6,6.7,70.2,8.8,28.5,5.8,6.9,45.6,2.0,27.9,4.38,17.0,36.0,63.0,397.0,78.3,59.8,jakob marsee,MIA,Jakob Marsee,MIA,"LF,CF",139.6,85.0,139.0,109.0,600.0,25.0,3.870967741935484,0.974025974025974,82,OF,OF,False,85.0,560.7627118644068,4.015944775657477,39.23728813559319,-0.1449770337219931,3.0,False,False,42,False,91.54492660889684,15.311954458804093,3.30931125570128,10.061807676597786,73.26053083419228,57.72447464451779,595.5570054787102,0.9668133205823217,4.442994521289847,0.007212653443652295,472.0,128.0,"{'C': 423, 'SS': 594, '2B': 592, '3B': 571, '1B': 601, 'OF': 526, 'UT': 472}",0.974025974025974,0.461038961038961,-1.858691482179529,50.56179775280899,32.20973782771536,53.18352059925093,18.352059925093634,-2.6217228464419406,22.4025974025974,10.714285714285714,75.97402597402596,-0.007000000000000006,1.235042735042735,2,850,-0.2610167610167611,1.235042735042735,1,False,-0.2610167610167611,0.0,-4.3,-0.29999999999999716,0.0,0.0,0.0,0.0,,0.0,2026-03-27,2026-09-26,155.0,162.0,162.0,0.0,616.0,0.957,0.0,0.0,0.15,,young / establishing,28.8,1.8,1.315,"616 PA, already has the job · 25 years old, an age that jumps 5% of the time · sprint 27.9 ft/s (61st pct)",xwOBA 0.314 (57th) · barrels 3.8% (17th) · EV 87.3 (28th) · hard-hit 34% (30th) · K 20% (63rd) · BB 13% (90th) · chase 22% (92nd) · bat speed 70.2 mph (26th) · sprint 27.9 (60th),"{""n"":20,""b"":0,""c"":[[""Matt McLain"",2025,26,0.9,0.88,437,0],[""Jonathan India"",2022,26,0.87,1.01,536,0],[""Austin Hays"",2022,27,0.94,1.03,581,0],[""Luis Robert Jr."",2022,25,1.08,1.22,723,0],[""Andr\u00e9s Gim\u00e9nez"",2024,26,0.94,0.85,315,0]]}",1.0017319058849254,-0.012779447936574123,1.0017319058849254,523.0,1.0,524.0,601.0,70,99,FA,516.0,495.0,8.0,29.0,marginal,False,18
802415,Chandler Simpson,2026,2000-11-18,OF,L,Tampa Bay Rays,151,612,571,175,16,6,0,66,38,26,0,46,14,48,6,153,3,0,5,0,0,0,0,0,150,0,25.0,612.0,7.8,4.2,0.306,0.356,0.333,0.05,0.331,0.261,0.297,0.305,0.263,0.292,0.037,0.314,0.267,0.045,0.059,0.042,83.6,1.2,25.7,0.0,13.4,92.6114076,90.38555626,65.1,31.2,80.3,93.2,10.8,48.5,29.2,61.5,14.1,21.6,2.8,6.6,65.1,2.4,41.7,0.5,2.8,35.6,-11.0,29.4,3.97,3.0,108.0,63.0,538.0,71.3,68.5,chandler simpson,TB,Chandler Simpson,TB,"LF,CF",169.4,99.0,164.0,152.0,653.0,25.6,4.324503311258278,1.0669934640522876,44,OF,OF,False,99.0,560.7627118644068,4.015944775657477,92.23728813559319,0.3085585356008007,55.0,True,False,1,False,136.17724334413387,7.899897337462071,1.6344752926742991,3.319384025729777,69.38943162325795,46.30914469563241,605.8875763188904,0.9900123796060301,47.11242368110959,0.07698108444625751,472.0,181.0,"{'C': 423, 'SS': 594, '2B': 592, '3B': 571, '1B': 601, 'OF': 526, 'UT': 472}",1.0669934640522876,0.5408496732026143,1.0954414340623533,79.40074906367042,66.29213483146067,81.64794007490637,13.108614232209746,-2.247191011235955,45.09803921568627,0.0,25.490196078431374,-0.04199999999999998,1.145124716553288,2,1053,-0.0781312525010005,1.145124716553288,1,False,-0.0781312525010005,-2.000000000000001,0.0,1.0,0.0,0.0,0.0,0.0,,0.0,2026-03-26,2026-09-25,151.0,164.0,164.0,0.0,605.0,0.921,0.0,0.0,0.15,,established,23.8,2.6,1.225,"612 PA, already has the job · sprint 29.4 ft/s (94th pct) · 26 years old, an age that jumps 4% of the time · bat speed up 1.0 mph",xwOBA 0.263 (9th) · barrels 0.0% (0th) · EV 83.6 (1st) · hard-hit 13% (0th) · K 8% (100th) · BB 4% (8th) · chase 31% (45th) · bat speed 65.1 mph (1st) · sprint 29.4 (94th),"{""n"":20,""b"":1,""c"":[[""Steven Kwan"",2022,25,1.05,0.98,706,0],[""Sal Frelick"",2025,25,1.07,0.83,319,0],[""Raimel Tapia"",2021,27,1.02,0.94,409,0],[""Andr\u00e9s Gim\u00e9nez"",2023,25,1.03,0.94,594,0],[""Nicky Lopez"",2021,26,1.01,0.74,354,0]]}",0.9396603081256022,-0.012888640320029626,0.9396603081256022,554.0,1.0,521.0,564.0,71,235,BAMBI,516.0,495.0,5.0,26.0,marginal,False,19
683737,Michael Busch,2026,1997-11-09,1B,L,Chicago Cubs,160,710,600,145,27,2,20,78,77,92,13,3,2,165,5,96,4,0,0,0,160,0,0,0,0,0,28.0,710.0,23.2,13.0,0.242,0.393,0.352,0.151,0.298,0.233,0.402,0.333,0.331,0.342,0.169,0.372,0.369,0.009,-0.009,0.002,88.4,15.6,34.3,9.1,39.8,98.887664018,93.612834247,64.5,25.0,51.8,84.0,25.7,43.7,39.5,39.8,34.3,21.4,4.5,7.0,68.7,10.3,28.7,5.4,15.2,49.6,16.0,26.0,4.65,38.0,38.0,68.0,440.0,76.1,62.3,michael busch,CHC,Michael Busch,CHC,1B,99.4,68.0,101.0,95.0,646.0,28.6,4.0375,0.9098591549295775,50,1B,1B,False,68.0,560.7627118644068,4.015944775657477,85.23728813559319,0.02155522434252255,18.0,False,False,33,False,85.07425356542242,30.194528625025153,2.388182053682428,22.14303575587,81.7100999075959,83.67034670901442,656.3804466166104,0.924479502276916,-10.380446616610357,-0.014620347347338525,472.0,174.0,"{'C': 423, 'SS': 594, '2B': 592, '3B': 571, '1B': 601, 'OF': 526, 'UT': 472}",0.9098591549295775,0.45211267605633804,-0.6731424923036144,22.846441947565545,29.588014981273407,61.79775280898876,-6.741573033707862,-38.95131086142322,2.5352112676056335,16.901408450704224,77.74647887323944,-0.0020000000000000018,1.1030405405405406,3,1950,-0.1931813856109631,1.1030405405405406,2,True,-0.1931813856109631,-0.3000000000000007,-8.000000000000002,-0.8999999999999915,0.0,0.0,0.0,0.0,,0.0,2026-03-26,2026-09-27,160.0,165.0,165.0,0.0,697.0,0.97,0.0,0.0,0.15,,established,29.6,1.0,1.183,"710 PA, already has the job · deserved 0.92/PA on contact quality, got 0.91 · already 29, an age that jumps 4% of the time",xwOBA 0.331 (75th) · barrels 9.1% (65th) · EV 88.4 (46th) · hard-hit 40% (55th) · K 23% (47th) · BB 13% (92nd) · chase 25% (82nd) · bat speed 68.7 mph (10th) · sprint 26.0 (15th),"{""n"":20,""b"":0,""c"":[[""Nathaniel Lowe"",2023,28,0.95,0.94,531,0],[""Randy Arozarena"",2024,29,0.98,1.08,767,0],[""Gleyber Torres"",2024,28,0.87,0.94,591,0],[""Carlos Correa"",2023,29,0.87,1.12,411,0],[""Trevor Larnach"",2025,28,0.92,1.01,439,0]]}",0.9412621307312354,-0.026285818839922398,0.9412621307312354,544.0,1.0,512.0,565.0,73,231,THALER,516.0,495.0,-4.0,17.0,let go,False,20
592518,Manny Machado,2026,1992-07-06,3B,R,San Diego Padres,158,677,589,128,22,0,30,82,91,76,1,5,4,144,10,76,3,0,0,0,0,0,139,0,0,19,33.0,677.0,21.3,11.2,0.217,0.407,0.303,0.19,0.231,0.243,0.42,0.31,0.328,0.326,0.177,0.345,0.371,-0.026,-0.013,-0.018,90.1,14.5,32.7,9.7,43.6,101.077431814,94.870082434,67.4,30.5,57.6,83.5,25.3,47.8,40.1,39.3,28.5,24.1,8.1,7.9,74.7,11.8,22.2,45.6,7.3,56.2,-1.0,25.3,4.77,34.0,26.0,67.0,456.0,82.6,62.5,manny machado,SD,Manny Machado,SD,"3B,DH",30.4,26.0,32.0,28.0,630.0,34.0,3.9873417721518987,0.930576070901034,58,3B,3B,False,26.0,652.0344827586207,4.530864197530864,-22.034482758620697,-0.5435224253789652,-32.0,False,False,40,False,91.53490659879857,24.73341572512318,1.0564487533579388,25.802228922720314,74.86192825570474,83.50849479092312,637.8774230466279,0.9422118508812819,-7.877423046627882,-0.011635779980247896,472.0,158.0,"{'C': 423, 'SS': 594, '2B': 592, '3B': 571, '1B': 601, 'OF': 526, 'UT': 472}",0.930576070901034,0.51698670605613,0.6025456734558032,32.58426966292135,56.55430711610487,76.02996254681648,-23.970037453183522,-43.44569288389513,4.431314623338257,26.58788774002954,67.3559822747415,0.018000000000000016,1.1816770186335404,6,3883,-0.25110094773250635,1.1816770186335404,5,True,-0.25110094773250635,2.0,-3.200000000000001,0.20000000000000284,0.0,0.0,0.0,0.0,,0.0,2026-03-26,2026-09-27,158.0,162.0,162.0,0.0,677.0,0.975,0.0,0.0,0.15,,established,34.8,0.3,1.262,"677 PA, already has the job · avg EV 90.1 (77th pct) · deserved 0.94/PA on contact quality, got 0.93",xwOBA 0.328 (72nd) · barrels 9.7% (71st) · EV 90.1 (74th) · hard-hit 44% (76th) · K 21% (59th) · BB 11% (81st) · chase 30% (49th) · bat speed 74.7 mph (86th) · sprint 25.3 (7th),"{""n"":20,""b"":0,""c"":[[""Christian Walker"",2025,34,0.93,0.93,591,0],[""Adolis Garc\u00eda"",2025,32,0.97,0.78,201,0],[""Marcus Semien"",2025,35,0.92,0.82,449,0],[""Marcell Ozuna"",2025,35,0.9,0.76,213,0],[""Teoscar Hern\u00e1ndez"",2025,33,1.04,1.03,504,0]]}",0.9407268532231086,-0.04369876870972289,0.9407268532231086,544.0,0.95,512.0,564.0,73,235,CS,516.0,495.0,-4.0,17.0,let go,False,21
678882,Ceddanne Rafaela,2026,2000-09-18,OF,R,Boston Red Sox,138,576,541,154,32,3,16,67,70,22,8,17,9,117,3,103,2,0,8,0,0,0,0,0,137,0,25.0,576.0,20.3,3.8,0.285,0.444,0.321,0.159,0.336,0.249,0.362,0.332,0.285,0.287,0.113,0.397,0.335,0.036,0.082,0.047,86.3,12.0,34.5,5.4,31.9,96.938008578,92.469893389,71.6,45.3,61.6,84.9,24.8,57.7,34.3,43.8,25.9,25.2,5.1,7.3,69.5,6.7,24.4,6.9,8.7,50.7,6.0,29.0,4.14,32.0,52.0,70.0,429.0,77.1,68.0,ceddanne rafaela,BOS,Ceddanne Rafaela,BOS,"2B,CF",153.0,92.0,119.0,139.0,626.0,25.8,4.536231884057971,1.0868055555555556,64,2B/OF,OF,False,92.0,560.7627118644068,4.015944775657477,65.23728813559319,0.5202871084004936,28.0,False,False,41,False,99.91915155349352,20.684704392757844,1.8671365540037308,12.2380074997449,68.42465890952207,56.07393654400247,550.0495954535246,0.9549472143290357,75.9504045464754,0.13185834122651985,472.0,154.0,"{'C': 423, 'SS': 594, '2B': 592, '3B': 571, '1B': 601, 'OF': 526, 'UT': 472}",1.0868055555555556,0.5190972222222222,0.9867821629871791,83.52059925093633,58.42696629213483,80.52434456928839,25.0936329588015,2.9962546816479403,17.708333333333332,16.666666666666664,22.916666666666668,-0.04700000000000004,1.0868055555555556,3,1823,0.0,1.0442930153321976,2,True,0.04251254022335793,0.40000000000000213,-3.799999999999999,-1.5,17.0,1.0,17.0,0.0,,17.0,2026-03-26,2026-09-27,138.0,165.0,150.0,15.0,622.0,0.92,0.0,0.0,0.15,,established,26.4,1.5,1.167,"576 PA, already has the job · 1.09/PA is his best rate yet, so the bar is one step up · sprint 29.0 ft/s (89th pct)",xwOBA 0.285 (25th) · barrels 5.4% (32nd) · EV 86.3 (15th) · hard-hit 32% (20th) · K 20% (63rd) · BB 4% (5th) · chase 45% (1st) · bat speed 69.5 mph (19th) · sprint 29.0 (88th),"{""n"":20,""b"":1,""c"":[[""Daulton Varsho"",2024,28,0.99,1.17,318,0],[""Andy Pages"",2025,25,1.08,1.15,660,0],[""Thairo Estrada"",2023,27,1.03,0.82,313,0],[""Ha-Seong Kim"",2023,28,1.09,0.99,465,0],[""Andr\u00e9s Gim\u00e9nez"",2023,25,1.03,0.94,594,0]]}",0.9626778597487519,-0.012888640320029626,0.9626778597487519,528.0,0.986,508.0,578.0,76,170,GK,516.0,495.0,-8.0,13.0,let go,False,22
693307,Dillon Dingler,2026,1998-09-17,C,R,Detroit Tigers,145,607,551,134,27,2,27,72,91,34,15,0,0,139,5,78,5,20,0,116,0,0,0,0,0,29,27.0,607.0,22.9,5.6,0.243,0.446,0.302,0.203,0.274,0.266,0.468,0.325,0.344,0.325,0.202,0.389,0.415,-0.023,-0.022,-0.019,88.8,17.6,39.1,10.1,43.4,100.44813399,94.484766322,65.0,33.4,59.6,88.0,22.4,48.2,42.2,37.2,29.0,24.7,9.1,7.6,71.9,12.2,25.7,16.7,13.4,55.8,9.0,27.3,4.52,42.0,30.0,61.0,417.0,74.6,60.8,dillon dingler,DET,Dillon Dingler,DET,"C,DH",259.4,160.0,224.0,342.0,627.0,27.8,4.324137931034483,1.0329489291598024,60,C,C,False,160.0,425.5,3.7076163798852875,201.5,0.6165215511491953,100.0,True,True,40,False,89.09073755785047,29.399253082297633,2.325281161853294,25.750728197998594,76.97911849198493,76.81092172356614,642.224040215551,1.0580297202892108,-15.224040215550986,-0.02508079112940842,423.0,204.0,"{'C': 423, 'SS': 594, '2B': 592, '3B': 571, '1B': 601, 'OF': 526, 'UT': 472}",1.0329489291598024,0.500823723228995,0.3738260384187999,69.66292134831461,50.56179775280899,74.15730337078652,19.10112359550562,-4.49438202247191,0.0,26.68863261943987,33.60790774299835,0.01899999999999996,1.0533049040511726,2,1163,-0.0203559748913702,1.0533049040511726,1,False,-0.0203559748913702,-0.6000000000000014,0.9000000000000004,0.20000000000000284,0.0,0.0,0.0,0.0,,0.0,2026-03-26,2026-09-26,145.0,164.0,164.0,0.0,600.0,0.884,0.0,0.0,0.15,,established,33.2,5.5,1.133,"607 PA, already has the job · deserved 1.06/PA on contact quality, got 1.03 · 1.03/PA is his best rate yet, so the bar is one step up",xwOBA 0.344 (86th) · barrels 10.1% (73rd) · EV 88.8 (53rd) · hard-hit 43% (74th) · K 23% (49th) · BB 6% (17th) · chase 33% (32nd) · bat speed 71.9 mph (48th) · sprint 27.3 (46th),"{""n"":20,""b"":1,""c"":[[""Carlos Correa"",2022,28,0.99,0.87,505,0],[""Nathaniel Lowe"",2022,27,1.04,0.95,690,0],[""Sean Murphy"",2022,28,0.98,1.14,498,0],[""Willy Adames"",2022,27,1.03,0.9,576,0],[""Dansby Swanson"",2021,27,1.0,1.09,756,1]]}",1.0039319362136974,-0.016978344977301236,1.0039319362136974,502.0,1.0,504.0,602.0,77,95,MMM,516.0,495.0,-12.0,9.0,let go,False,23
666018,Jonathan Aranda,2026,1998-05-23,1B,L,Tampa Bay Rays,155,668,580,159,27,0,22,73,92,69,11,0,1,163,8,110,7,0,0,0,148,0,0,0,0,6,28.0,668.0,24.4,10.3,0.274,0.434,0.358,0.16,0.34,0.254,0.438,0.348,0.343,0.341,0.184,0.417,0.407,0.02,-0.004,0.005,91.1,14.4,38.8,9.9,46.0,100.602724528,94.760901038,66.2,29.0,69.2,81.8,22.5,46.7,30.1,37.2,31.3,27.5,4.0,7.1,70.3,11.1,27.4,12.9,8.3,52.9,17.0,25.7,4.55,38.0,39.0,82.0,425.0,73.5,64.8,jonathan aranda,TB,Jonathan Aranda,TB,"1B,DH",208.2,124.0,181.0,175.0,649.0,28.1,4.187096774193549,0.9715568862275449,48,1B,1B,False,124.0,452.0,3.7174234694899297,197.0,0.469673304703619,76.0,True,True,33,False,90.41321355357739,31.397901431437347,1.2045564763931167,24.304328538592138,77.64417680959964,83.05406786113207,635.0582446707317,0.9506859950160654,13.94175532926829,0.020870891211479448,472.0,177.0,"{'C': 423, 'SS': 594, '2B': 592, '3B': 571, '1B': 601, 'OF': 526, 'UT': 472}",0.9715568862275449,0.48353293413173654,1.2757571909636038,49.812734082397,42.69662921348314,82.77153558052434,7.116104868913858,-32.95880149812734,0.0,19.76047904191617,61.97604790419162,-0.004999999999999949,1.0829383886255923,2,1423,-0.11138150239804745,1.0829383886255923,1,False,-0.11138150239804745,-1.0,-3.0,-0.20000000000000284,0.0,0.0,242.0,0.0,,89.4,2026-03-26,2026-09-27,155.0,164.0,164.0,0.0,660.0,0.945,0.0,0.0,0.15,,established,32.3,2.1,1.163,"668 PA, already has the job · avg EV 91.1 (88th pct) · got 0.97/PA but deserved 0.95",xwOBA 0.343 (85th) · barrels 9.9% (72nd) · EV 91.1 (87th) · hard-hit 46% (84th) · K 24% (37th) · BB 10% (70th) · chase 29% (59th) · bat speed 70.3 mph (28th) · sprint 25.7 (11th),"{""n"":20,""b"":1,""c"":[[""Trevor Larnach"",2025,28,0.92,1.01,439,0],[""Nathaniel Lowe"",2023,28,0.95,0.94,531,0],[""Bryan Reynolds"",2022,27,1.01,1.06,680,0],[""Matt Olson"",2022,28,1.0,1.26,908,1],[""Jake Burger"",2024,28,0.96,0.91,344,0]]}",0.9462511263468236,-0.016978344977301236,0.9462511263468236,533.0,0.928,504.0,568.0,77,219,BAMBI,516.0,495.0,-12.0,9.0,let go,False,24
805999,A.J. Ewing,2026,2004-08-10,OF,L,New York Mets,120,492,436,110,19,1,11,55,43,46,2,25,8,125,4,79,4,0,6,0,0,3,0,0,122,1,21.0,492.0,25.4,9.3,0.252,0.376,0.324,0.124,0.326,0.255,0.399,0.311,0.32,0.327,0.144,0.376,0.391,-0.003,-0.023,-0.009,89.6,10.8,35.1,7.5,42.3,100.034776474,94.356587331,67.4,26.7,54.4,84.5,24.6,46.1,31.0,46.1,24.5,25.4,4.1,6.5,70.4,10.4,25.5,12.6,9.3,40.6,-4.0,29.4,4.16,15.0,46.0,47.0,319.0,78.9,62.3,aj ewing,NYM,,,,,,,,503.0,21.9,4.191666666666666,1.0223577235772359,131,OF,OF,True,339.0,172.67,2.396692273871662,330.33000000000004,1.7949743927950044,208.0,True,False,120,False,76.32888660344645,20.17687847333257,1.4155832429955566,13.258651680225435,65.37512657102182,50.978005686148066,532.4971322571699,1.0823112444251421,-29.497132257169937,-0.05995352084790628,472.0,31.0,"{'C': 423, 'SS': 594, '2B': 592, '3B': 571, '1B': 601, 'OF': 526, 'UT': 472}",1.0223577235772359,0.42276422764227645,-2.4028189698039912,64.7940074906367,22.09737827715356,49.43820224719101,42.69662921348314,15.355805243445694,30.48780487804878,13.414634146341463,56.09756097560975,0.009000000000000008,1.0223577235772359,1,492,0.0,,0,False,0.6723577235772359,,,,0.0,0.0,0.0,0.0,,0.0,2026-05-12,2026-09-27,120.0,124.0,124.0,0.0,643.0,0.968,47.0,1.0,0.15,,young / establishing,30.9,25.2,1.102,"22 years old, an age that jumps 18% of the time · deserved 1.08/PA on contact quality, got 1.02 · sprint 29.4 ft/s (94th pct)",xwOBA 0.320 (65th) · barrels 7.5% (52nd) · EV 89.6 (66th) · hard-hit 42% (69th) · K 25% (32nd) · BB 9% (58th) · chase 27% (73rd) · bat speed 70.4 mph (28th) · sprint 29.4 (94th),"{""n"":20,""b"":4,""c"":[[""Jordan Walker"",2023,21,1.03,0.83,147,0],[""Bobby Witt Jr."",2022,22,1.06,1.25,866,1],[""Wyatt Langford"",2024,23,1.09,1.07,615,0],[""Jazz Chisholm Jr."",2021,23,1.02,1.28,308,0],[""Anthony Volpe"",2023,22,0.92,0.94,651,0]]}",1.0092648788787764,0.009942511913038151,1.0092648788787764,497.0,1.0,502.0,606.0,79,86,CH,516.0,495.0,-14.0,7.0,let go,False,25
669127,Shea Langeliers,2026,1997-11-18,C,R,Athletics,106,467,424,111,21,0,23,58,58,37,5,3,1,109,1,67,3,17,0,74,0,0,0,0,0,34,28.0,467.0,23.3,7.9,0.262,0.474,0.328,0.212,0.3,0.266,0.491,0.347,0.352,0.329,0.225,0.422,0.43,-0.004,-0.017,-0.005,91.3,18.4,37.3,13.3,43.0,102.074391139,95.355812373,71.7,33.1,52.8,81.4,28.9,50.4,40.5,35.8,29.7,25.3,9.2,7.3,75.1,12.2,22.2,52.0,12.2,61.8,13.0,28.4,4.52,23.0,32.0,55.0,316.0,78.1,60.5,shea langeliers,ATH,Shea Langeliers,ATH,"C,DH",67.8,48.0,49.0,70.0,510.0,28.6,4.811320754716981,1.0920770877944326,127,C,C,False,48.0,598.2727272727273,4.308335730801607,-88.27272727272725,0.5029850239153735,-79.0,False,False,120,True,63.892540740823414,25.088941173844628,1.096495429840519,22.70602265549145,64.33567154489722,60.647046603022375,527.9507181479196,1.130515456419528,-17.950718147919588,-0.03843836862509553,423.0,87.0,"{'C': 423, 'SS': 594, '2B': 592, '3B': 571, '1B': 601, 'OF': 526, 'UT': 472}",1.0920770877944326,0.5310492505353319,-1.798261865122349,84.6441947565543,62.172284644194754,53.558052434456926,22.471910112359545,31.086142322097373,3.854389721627409,29.550321199143468,47.53747323340471,0.0050000000000000044,1.1892925430210326,4,2167,-0.09721545522660002,1.1892925430210326,3,True,-0.09721545522660002,3.8000000000000007,2.0,1.2999999999999972,48.0,1.0,72.0,0.0,,62.4,2026-03-27,2026-09-27,106.0,162.0,117.0,45.0,647.0,0.906,0.0,0.0,0.15,,established,36.3,2.3,1.269,"avg EV 91.3 (89th pct) · 467 PA, already has the job · deserved 1.13/PA on contact quality, got 1.09 · barrel rate up 2.0 pts on last year · bat speed up 1.3 mph",xwOBA 0.352 (91st) · barrels 13.3% (92nd) · EV 91.3 (88th) · hard-hit 43% (73rd) · K 23% (46th) · BB 8% (41st) · chase 33% (34th) · bat speed 75.1 mph (89th) · sprint 28.4 (76th),"{""n"":20,""b"":1,""c"":[[""Bryan Reynolds"",2023,28,1.06,1.05,727,0],[""Brandon Lowe"",2024,30,1.04,1.04,575,0],[""Luis Robert Jr."",2025,28,1.1,0.92,212,0],[""Trent Grisham"",2025,29,1.05,0.98,472,0],[""Randy Arozarena"",2023,28,1.12,0.98,633,0]]}",1.0552587035980279,-0.026285818839922398,1.0552587035980279,476.0,0.95,502.0,633.0,79,28,CS,516.0,495.0,-14.0,7.0,let go,False,26
803011,Sam Antonacci,2026,2003-02-06,OF,L,Chicago White Sox,140,557,480,133,25,4,8,81,48,43,29,20,8,82,2,96,3,0,2,0,0,32,1,0,121,3,23.0,557.0,14.7,7.7,0.277,0.396,0.37,0.119,0.319,0.284,0.399,0.345,0.348,0.377,0.115,0.349,0.354,-0.007,-0.003,-0.003,87.5,9.9,38.0,5.0,33.6,97.500539045,92.834841231,63.0,21.8,71.3,90.1,14.7,42.5,31.8,49.6,21.6,25.6,3.2,6.6,69.6,8.0,30.8,7.1,7.8,47.2,12.0,28.2,4.33,16.0,43.0,72.0,403.0,76.3,58.2,sam antonacci,CWS,,,,,,,,585.0,23.4,4.178571428571429,1.0502692998204668,93,2B/3B/SS/OF,2B/OF,True,339.0,172.67,2.396692273871662,412.33000000000004,1.7818791546997668,246.0,True,False,53,False,103.8508821708715,19.863128849941265,2.481095787502945,10.12489319168428,71.93974385635943,55.240551529889395,588.0202953862488,1.0556917331889566,-3.0202953862487902,-0.0054224333684897985,472.0,113.0,"{'C': 423, 'SS': 594, '2B': 592, '3B': 571, '1B': 601, 'OF': 526, 'UT': 472}",1.0502692998204668,0.5385996409335727,-0.43070035850716437,74.53183520599251,65.1685393258427,65.1685393258427,9.363295880149806,9.363295880149806,21.54398563734291,8.617594254937163,46.319569120287255,0.0030000000000000027,1.0502692998204668,1,557,0.0,,0,False,0.7002692998204668,,,,0.0,0.0,0.0,0.0,,0.0,2026-04-15,2026-09-27,140.0,146.0,146.0,0.0,618.0,0.959,20.0,0.0,0.15,,young / establishing,29.7,11.5,1.13,"23 years old, an age that jumps 11% of the time · 557 PA in his first season, already has the job · sprint 28.2 ft/s (71st pct)",xwOBA 0.348 (89th) · barrels 5.0% (28th) · EV 87.5 (32nd) · hard-hit 34% (26th) · K 15% (89th) · BB 8% (38th) · chase 22% (93rd) · bat speed 69.6 mph (19th) · sprint 28.2 (70th),"{""n"":20,""b"":1,""c"":[[""Adley Rutschman"",2022,24,1.03,1.03,706,0],[""Alex Verdugo"",2021,25,1.04,0.95,614,0],[""Nico Hoerner"",2022,25,1.02,1.11,761,1],[""Jonathan India"",2021,24,1.06,0.87,375,0],[""Brendan Donovan"",2022,26,0.96,1.01,373,0]]}",0.9853732429664783,0.009960942754447033,0.9853732429664783,508.0,1.0,501.0,591.0,81,120,BAMBI,516.0,495.0,-15.0,6.0,let go,False,27
647304,Josh Naylor,2026,1997-06-22,1B,L,Seattle Mariners,152,650,597,156,23,0,10,58,57,45,5,30,9,79,2,123,7,0,0,0,152,0,0,0,0,0,29.0,650.0,12.2,6.9,0.261,0.35,0.317,0.089,0.286,0.269,0.381,0.297,0.31,0.322,0.112,0.306,0.322,-0.008,-0.031,-0.013,87.0,10.8,35.4,4.4,35.6,98.36910393,93.264796654,69.4,37.8,72.4,90.3,16.9,51.9,40.6,45.4,21.0,24.6,9.0,7.5,70.1,10.5,32.1,8.9,7.1,44.1,-17.0,24.3,4.76,27.0,49.0,78.0,520.0,80.1,61.1,josh naylor,SEA,Josh Naylor,SEA,"1B,DH",57.6,41.0,60.0,55.0,613.0,29.0,4.032894736842105,0.943076923076923,73,1B,1B,False,41.0,613.0,4.468031239230923,0.0,-0.4351365023888176,-32.0,False,False,42,False,122.13087236082214,23.764903702361224,0.9925755128111867,13.704648424005466,63.26674022565917,71.04862509684088,655.3653653225001,1.0082544081884617,-42.36536532250011,-0.06517748511153865,472.0,141.0,"{'C': 423, 'SS': 594, '2B': 592, '3B': 571, '1B': 601, 'OF': 526, 'UT': 472}",0.943076923076923,0.49230769230769234,-0.6884761258004599,38.57677902621723,47.19101123595505,61.04868913857678,-8.614232209737821,-22.471910112359552,27.692307692307693,9.230769230769232,41.53846153846154,0.013000000000000012,1.1937086092715232,6,3130,-0.2506316861946002,1.1937086092715232,5,True,-0.2506316861946002,-1.5,-2.3,-0.8000000000000114,0.0,0.0,0.0,0.0,,0.0,2026-03-26,2026-09-27,152.0,162.0,162.0,0.0,650.0,0.938,0.0,0.0,0.15,,established,28.9,0.8,1.274,"650 PA, already has the job · deserved 1.01/PA on contact quality, got 0.94 · already 29, an age that jumps 4% of the time",xwOBA 0.310 (53rd) · barrels 4.4% (24th) · EV 87.0 (24th) · hard-hit 36% (35th) · K 12% (96th) · BB 7% (29th) · chase 38% (13th) · bat speed 70.1 mph (25th) · sprint 24.3 (1st),"{""n"":20,""b"":0,""c"":[[""Ozzie Albies"",2025,28,0.92,0.88,604,0],[""Luis Arraez"",2025,28,0.92,0.96,627,0],[""Alex Verdugo"",2024,28,0.86,0.73,156,0],[""Carlos Correa"",2025,31,0.88,1.01,143,0],[""J.P. Crawford"",2025,30,0.88,0.81,394,0]]}",0.9540550083594608,-0.026285818839922398,0.9540550083594608,523.0,1.0,499.0,572.0,82,194,GLIZZY,516.0,495.0,-17.0,4.0,let go,False,28
518692,Freddie Freeman,2026,1989-09-12,1B,L,Los Angeles Dodgers,153,657,579,167,32,1,16,74,70,66,5,7,0,116,7,118,1,0,0,0,152,0,0,0,0,1,36.0,657.0,17.7,10.0,0.288,0.43,0.362,0.142,0.333,0.29,0.463,0.348,0.363,0.364,0.173,0.383,0.404,-0.002,-0.033,-0.015,89.5,12.2,38.7,8.1,41.3,99.86901312,94.167362927,73.3,29.3,63.6,82.7,23.2,50.1,33.4,43.2,26.0,27.7,3.2,6.7,70.1,10.3,25.8,7.5,7.7,42.8,12.0,25.3,4.7,29.0,46.0,90.0,470.0,87.5,56.3,freddie freeman,LAD,Freddie Freeman,LAD,1B,50.4,37.0,61.0,49.0,651.0,36.8,4.254901960784314,0.9908675799086758,46,1B,1B,False,37.0,645.6,4.468031239230923,5.399999999999977,-0.21312927844660923,-9.0,False,False,31,False,110.72896066617534,34.76163638772814,1.8528452260176858,20.566557720078823,77.29514602738406,81.26150789872675,685.5436539261108,1.0434454397657698,-34.54365392611078,-0.052577859857093956,472.0,179.0,"{'C': 423, 'SS': 594, '2B': 592, '3B': 571, '1B': 601, 'OF': 526, 'UT': 472}",0.9908675799086758,0.532724505327245,0.7148379142170487,55.0561797752809,63.670411985018724,77.52808988764045,-8.614232209737821,-22.471910112359545,6.392694063926941,14.61187214611872,60.273972602739725,0.015000000000000013,1.3164383561643835,6,4055,-0.32557077625570774,1.3164383561643835,5,True,-0.32557077625570774,-2.6999999999999993,-2.3000000000000007,0.29999999999999716,0.0,0.0,8.0,0.0,,4.8,2026-03-26,2026-09-27,153.0,163.0,163.0,0.0,653.0,0.939,0.0,0.0,0.15,,established,31.9,0.4,1.396,"657 PA, already has the job · deserved 1.04/PA on contact quality, got 0.99 · avg EV 89.5 (67th pct)",xwOBA 0.363 (94th) · barrels 8.1% (57th) · EV 89.5 (64th) · hard-hit 41% (63rd) · K 18% (79th) · BB 10% (67th) · chase 29% (57th) · bat speed 70.1 mph (25th) · sprint 25.3 (7th),"{""n"":20,""b"":1,""c"":[[""Paul Goldschmidt"",2025,38,0.94,0.98,374,0],[""Paul Goldschmidt"",2024,37,0.93,0.94,502,0],[""Marcus Semien"",2025,35,0.92,0.82,449,0],[""Salvador Perez"",2025,35,0.98,0.87,544,0],[""Marcell Ozuna"",2025,35,0.9,0.76,213,0]]}",0.9098427187554902,-0.07178833112286302,0.9098427187554902,548.0,0.946,499.0,546.0,82,314,MMM,516.0,495.0,-17.0,4.0,let go,False,29
800050,Chase DeLauter,2026,2001-10-08,OF,L,Cleveland Guardians,133,559,495,142,30,3,16,62,67,60,1,11,2,82,3,93,0,0,2,0,0,0,0,0,68,60,24.0,559.0,14.7,10.7,0.287,0.457,0.363,0.17,0.315,0.277,0.427,0.359,0.346,0.357,0.149,0.38,0.362,0.01,0.03,0.013,91.4,11.8,35.1,6.3,46.3,101.342521401,95.083377367,65.4,21.1,67.4,91.2,15.0,42.3,37.7,43.8,19.5,27.4,9.4,7.2,71.5,16.0,34.9,18.5,4.5,44.6,14.0,26.6,4.52,24.0,51.0,67.0,416.0,82.1,54.4,chase delauter,CLE,Chase DeLauter,CLE,"CF,RF,DH",272.6,167.0,288.0,282.0,595.0,24.7,4.473684210526316,1.0644007155635062,84,OF,OF,False,167.0,421.3333333333333,3.4177922682813224,173.66666666666669,1.0558919422449935,83.0,True,False,53,False,95.54471138501276,24.33734708587379,2.281171673214171,14.951769855899288,67.46210664242979,63.198543313727136,576.645649956157,1.0315664578822128,18.354350043843056,0.032834257681293444,472.0,123.0,"{'C': 423, 'SS': 594, '2B': 592, '3B': 571, '1B': 601, 'OF': 526, 'UT': 472}",1.0644007155635062,0.6153846153846154,-0.08400994712595966,78.65168539325843,89.51310861423221,69.28838951310861,-10.861423220973776,9.36329588014982,11.806797853309481,17.173524150268335,64.40071556350625,-0.013000000000000012,1.0644007155635062,1,559,0.0,,0,False,0.7144007155635063,,,,11.0,1.0,11.0,0.0,,11.0,2026-03-26,2026-09-26,133.0,166.0,155.0,11.0,584.0,0.858,0.0,0.0,0.15,,young / establishing,33.5,18.9,1.144,"559 PA in his first season, already has the job · avg EV 91.4 (89th pct) · 25 years old, an age that jumps 5% of the time",xwOBA 0.346 (88th) · barrels 6.3% (39th) · EV 91.4 (89th) · hard-hit 46% (85th) · K 15% (89th) · BB 11% (77th) · chase 21% (95th) · bat speed 71.5 mph (42nd) · sprint 26.6 (26th),"{""n"":20,""b"":0,""c"":[[""Alex Verdugo"",2021,25,1.04,0.95,614,0],[""Drake Baldwin"",2025,24,1.13,1.07,659,0],[""Josh Naylor"",2022,25,1.01,1.15,571,0],[""Vinnie Pasquantino"",2024,27,1.01,1.02,699,0],[""Carlos Correa"",2021,27,1.07,0.99,586,0]]}",0.9837151374557497,-0.012779447936574123,0.9837151374557497,503.0,0.991,495.0,590.0,84,122,GK,516.0,495.0,-21.0,0.0,let go,False,30
670623,Isaac Paredes,2026,1999-02-18,3B,R,Houston Astros,155,659,562,147,27,1,25,69,94,71,19,0,0,88,7,94,9,0,0,0,15,3,138,0,0,9,27.0,659.0,13.4,10.8,0.262,0.447,0.36,0.185,0.268,0.245,0.373,0.355,0.323,0.346,0.128,0.355,0.311,0.017,0.074,0.032,86.0,24.2,38.7,4.8,29.3,96.56219225,92.297062688,62.0,27.0,75.0,90.3,14.7,43.4,49.3,27.2,30.6,27.9,14.3,7.8,67.2,5.9,27.6,6.6,14.9,52.6,27.0,25.1,4.91,40.0,29.0,78.0,481.0,68.8,54.3,isaac paredes,HOU,Isaac Paredes,HOU,"1B,3B,DH",196.8,116.0,212.0,162.0,642.0,27.4,4.141935483870967,0.9742033383915023,51,1B/3B,3B,False,116.0,560.7627118644068,4.015944775657477,81.23728813559319,0.12599070821349034,65.0,True,False,38,False,100.085586948153,19.855573370301357,1.1660924149382694,16.58274726660737,68.9446390648233,72.435107508494,569.6957465733174,0.8644851996560203,72.30425342668264,0.10971813873548197,472.0,170.0,"{'C': 423, 'SS': 594, '2B': 592, '3B': 571, '1B': 601, 'OF': 526, 'UT': 472}",0.9742033383915023,0.6024279210925645,0.9141639013897643,50.936329588014985,86.89138576779027,79.40074906367042,-35.95505617977528,-28.464419475655433,0.0,22.76176024279211,64.6433990895296,-0.03199999999999997,1.0542907180385288,5,2775,-0.0800873796470265,1.0542907180385288,4,True,-0.0800873796470265,-3.9999999999999982,-1.5,-1.7999999999999972,0.0,0.0,61.0,0.0,,36.6,2026-03-26,2026-09-27,155.0,163.0,163.0,0.0,655.0,0.951,0.0,0.0,0.15,,established,27.5,0.8,1.134,"659 PA, already has the job · 27 years old, an age that jumps 3% of the time · avg EV 86.0 (14th pct)",xwOBA 0.323 (68th) · barrels 4.8% (26th) · EV 86.0 (14th) · hard-hit 29% (14th) · K 13% (94th) · BB 11% (78th) · chase 27% (71st) · bat speed 67.2 mph (4th) · sprint 25.1 (5th),"{""n"":20,""b"":0,""c"":[[""Steven Kwan"",2025,28,0.98,0.93,590,0],[""Adley Rutschman"",2024,26,0.96,0.87,318,0],[""Nathaniel Lowe"",2024,29,0.94,0.88,537,0],[""Nico Hoerner"",2024,27,1.01,1.07,693,0],[""Gleyber Torres"",2024,28,0.87,0.94,591,0]]}",0.9137269877650988,-0.020371427220405795,0.9137269877650988,540.0,0.971,493.0,548.0,86,305,Dan,516.0,495.0,-23.0,-2.0,let go,False,31
703607,Henry Bolte,2026,2003-08-04,OF,R,Athletics,119,473,415,115,16,2,11,57,38,39,15,21,8,133,2,86,7,0,3,0,0,0,0,0,129,1,22.0,473.0,28.1,8.2,0.277,0.405,0.359,0.128,0.381,0.246,0.375,0.341,0.317,0.332,0.129,0.431,0.394,0.031,0.03,0.024,91.0,1.3,27.7,8.1,48.6,104.45817,96.694969321,73.6,28.4,37.7,79.6,32.8,50.0,31.9,62.1,14.7,19.6,3.5,7.6,76.8,14.6,20.3,70.2,6.7,42.7,7.0,30.5,4.18,16.0,62.0,37.0,285.0,87.5,64.7,henry bolte,ATH,,,,,,,,494.0,22.9,4.151260504201681,1.0443974630021142,136,OF,OF,True,339.0,172.67,2.396692273871662,321.33000000000004,1.754568230330019,203.0,True,False,120,False,72.98249447287937,16.0745550806027,1.638406420156494,11.394544026361437,64.90534874434023,45.42264946366076,484.042998208001,1.023346719255816,9.957001791999005,0.021050743746298117,472.0,22.0,"{'C': 423, 'SS': 594, '2B': 592, '3B': 571, '1B': 601, 'OF': 526, 'UT': 472}",1.0443974630021142,0.40169133192389006,-2.148438700085462,72.28464419475655,15.543071161048688,51.31086142322098,56.741573033707866,20.973782771535575,26.6384778012685,13.953488372093023,49.471458773784356,-0.02400000000000002,1.0443974630021142,1,473,0.0,,0,False,0.6943974630021142,,,,0.0,0.0,0.0,0.0,,0.0,2026-05-13,2026-09-27,119.0,121.0,121.0,0.0,633.0,0.983,47.0,1.0,0.15,,young / establishing,63.5,18.2,1.124,"23 years old, an age that jumps 11% of the time · sprint 30.5 ft/s (99th pct) · avg EV 91.0 (87th pct)",xwOBA 0.317 (62nd) · barrels 8.1% (57th) · EV 91.0 (86th) · hard-hit 49% (90th) · K 28% (19th) · BB 8% (45th) · chase 28% (63rd) · bat speed 76.8 mph (97th) · sprint 30.5 (100th),"{""n"":20,""b"":5,""c"":[[""Jazz Chisholm Jr."",2021,23,1.02,1.28,308,0],[""Jasson Dom\u00ednguez"",2025,22,1.09,0.88,195,0],[""Pete Crow-Armstrong"",2024,22,1.09,1.19,767,1],[""Wyatt Langford"",2024,23,1.09,1.07,615,0],[""Elly De La Cruz"",2023,22,1.15,1.26,879,1]]}",1.0332214742722832,0.009960942754447033,1.0332214742722832,468.0,1.0,484.0,620.0,87,47,CS,516.0,495.0,-32.0,-11.0,let go,False,32
680776,Jarren Duran,2026,1996-09-05,OF,L,Boston Red Sox,151,608,551,114,15,5,20,66,69,41,6,21,4,165,7,74,3,0,8,0,0,0,0,0,145,8,29.0,608.0,27.1,6.7,0.207,0.361,0.266,0.154,0.252,0.237,0.388,0.274,0.301,0.293,0.152,0.34,0.383,-0.03,-0.027,-0.027,89.6,12.5,31.6,9.1,39.9,101.406714352,94.830670364,69.0,34.4,40.7,80.6,33.5,51.0,38.9,45.7,22.7,21.2,10.4,7.6,75.0,11.5,20.0,50.9,5.8,42.9,-29.0,29.0,4.23,29.0,37.0,46.0,396.0,71.1,60.8,jarren duran,BOS,Jarren Duran,BOS,"LF,CF,DH",61.4,43.0,67.0,54.0,571.0,29.8,3.781456953642384,0.9391447368421053,99,OF,OF,False,43.0,598.2727272727273,4.468031239230923,-27.272727272727252,-0.6865742855885388,-56.0,False,False,54,False,88.42268249894764,19.55638825535122,3.628175992454594,18.979753253246532,76.12602966972258,65.11020038748049,609.162230057203,1.001911562594084,-38.16223005720303,-0.06276682575197867,472.0,99.0,"{'C': 423, 'SS': 594, '2B': 592, '3B': 571, '1B': 601, 'OF': 526, 'UT': 472}",0.9391447368421053,0.37993421052631576,-1.564370433020567,36.70411985018727,10.861423220973784,56.55430711610487,25.842696629213485,-19.850187265917604,20.72368421052632,19.736842105263158,40.46052631578947,0.02699999999999997,1.2320441988950277,5,2736,-0.2928994620529224,1.2320441988950277,4,True,-0.2928994620529224,2.8000000000000007,-0.5999999999999996,0.29999999999999716,0.0,0.0,0.0,0.0,,0.0,2026-03-26,2026-09-27,151.0,165.0,165.0,0.0,597.0,0.915,0.0,0.0,0.15,,established,33.8,1.6,1.312,"608 PA, already has the job · deserved 1.00/PA on contact quality, got 0.94 · sprint 29.0 ft/s (89th pct)",xwOBA 0.301 (42nd) · barrels 9.1% (65th) · EV 89.6 (66th) · hard-hit 40% (56th) · K 27% (23rd) · BB 7% (28th) · chase 34% (27th) · bat speed 75.0 mph (88th) · sprint 29.0 (88th),"{""n"":20,""b"":0,""c"":[[""Bryan Reynolds"",2025,30,0.92,1.02,714,0],[""Randy Arozarena"",2024,29,0.98,1.08,767,0],[""Willi Castro"",2025,28,0.9,1.0,477,0],[""Teoscar Hern\u00e1ndez"",2023,31,1.01,1.14,746,0],[""Adolis Garc\u00eda"",2025,32,0.97,0.78,201,0]]}",0.9717859280376822,-0.01977893541086498,0.9717859280376822,497.0,1.0,483.0,583.0,88,149,CH,516.0,495.0,-33.0,-12.0,let go,False,33
664023,Ian Happ,2026,1994-08-12,OF,S,Chicago Cubs,156,636,546,119,28,3,24,89,68,81,7,4,1,189,1,64,1,0,9,0,0,0,0,0,150,5,31.0,636.0,29.7,12.7,0.218,0.412,0.326,0.194,0.284,0.208,0.39,0.325,0.313,0.313,0.183,0.409,0.387,0.01,0.022,0.012,89.3,14.2,31.8,11.1,42.2,100.488835922,94.517880196,65.0,23.9,48.7,78.1,30.3,43.6,45.7,41.5,31.2,20.9,6.4,6.9,71.8,9.8,20.7,17.9,11.1,46.1,2.0,28.0,4.36,33.0,33.0,52.0,359.0,72.5,57.3,ian happ,CHC,Ian Happ,CHC,"LF,DH",146.8,89.0,173.0,105.0,618.0,31.9,3.9615384615384617,0.9716981132075472,68,OF,OF,False,89.0,560.7627118644068,4.015944775657477,57.23728813559319,-0.05440631411901542,21.0,False,False,41,False,60.80592536041093,27.82788241803099,2.7124590827052235,22.22173313885285,78.79669344718322,73.622118855836,596.4728123030192,0.9378503338097786,21.527187696980832,0.03384777939776862,472.0,146.0,"{'C': 423, 'SS': 594, '2B': 592, '3B': 571, '1B': 601, 'OF': 526, 'UT': 472}",0.9716981132075472,0.4371069182389937,-0.8908867979598049,50.187265917603,25.468164794007492,60.2996254681648,24.719101123595507,-10.112359550561798,3.7735849056603774,22.641509433962263,76.41509433962264,-0.01200000000000001,1.0806697108066972,6,3823,-0.10897159759914998,1.0806697108066972,5,True,-0.10897159759914998,6.899999999999999,0.6999999999999993,0.20000000000000284,0.0,0.0,7.0,0.0,,4.2,2026-03-26,2026-09-27,156.0,165.0,165.0,0.0,624.0,0.945,0.0,0.0,0.15,,established,31.9,0.5,1.161,"636 PA, already has the job · avg EV 89.3 (64th pct) · sprint 28.0 ft/s (65th pct)",xwOBA 0.313 (56th) · barrels 11.1% (80th) · EV 89.3 (61st) · hard-hit 42% (68th) · K 30% (15th) · BB 13% (90th) · chase 24% (87th) · bat speed 71.8 mph (47th) · sprint 28.0 (63rd),"{""n"":20,""b"":0,""c"":[[""Randy Arozarena"",2025,30,1.08,1.21,808,0],[""Willy Adames"",2025,30,0.97,0.9,453,0],[""Nathaniel Lowe"",2025,30,0.88,0.94,403,0],[""Dansby Swanson"",2024,30,1.0,1.01,649,0],[""Dansby Swanson"",2025,31,1.01,1.05,508,0]]}",0.9334824453587306,-0.035407766755750046,0.9334824453587306,510.0,0.997,476.0,560.0,90,249,CJF,516.0,495.0,-40.0,-19.0,let go,False,34
805811,Bryce Eldridge,2026,2004-10-20,DH,L,San Francisco Giants,107,448,386,104,23,0,17,50,57,59,0,1,1,119,3,64,1,0,0,0,41,0,0,0,0,66,21.0,448.0,26.6,13.2,0.269,0.461,0.364,0.192,0.344,0.26,0.467,0.361,0.359,0.355,0.207,0.447,0.444,0.009,-0.006,0.002,92.7,13.7,36.7,11.5,52.2,102.568509037,96.138444275,64.7,24.6,52.0,82.1,27.1,43.1,37.8,39.3,30.4,26.3,4.1,7.4,73.4,13.8,23.8,34.4,12.2,42.8,20.0,26.0,4.52,27.0,29.0,48.0,270.0,73.8,59.6,bryce eldridge,SF,Bryce Eldridge,SF,"1B,DH",341.0,207.0,369.0,362.0,450.0,21.7,4.205607476635514,1.0044642857142858,164,1B,1B,False,207.0,340.5483870967742,3.1811021036719445,109.4516129032258,1.0245053729635694,43.0,False,False,127,False,57.14225959262342,24.366754275613815,1.0177126709021131,17.83327346086065,55.472054276674875,58.08632456730775,455.1803788439827,1.0160276313481755,-5.18037884398268,-0.011563345633889721,472.0,-22.0,"{'C': 423, 'SS': 594, '2B': 592, '3B': 571, '1B': 601, 'OF': 526, 'UT': 472}",1.0044642857142858,0.5044642857142857,-3.0123742655410126,59.55056179775281,51.68539325842697,41.57303370786517,7.865168539325843,17.97752808988764,1.3392857142857142,22.767857142857142,79.01785714285714,-0.0020000000000000018,1.0044642857142858,1,485,0.0,,0,False,0.6544642857142858,,,,6.0,1.0,6.0,0.0,,6.0,2026-05-04,2026-09-16,107.0,127.0,124.0,3.0,585.0,0.863,40.0,1.0,0.15,,young / establishing,57.9,22.5,1.084,"22 years old, an age that jumps 18% of the time · avg EV 92.7 (96th pct) · 485 career PA, still new",xwOBA 0.359 (93rd) · barrels 11.5% (82nd) · EV 92.7 (96th) · hard-hit 52% (96th) · K 27% (25th) · BB 13% (93rd) · chase 25% (84th) · bat speed 73.4 mph (70th) · sprint 26.0 (15th),"{""n"":20,""b"":1,""c"":[[""Triston Casas"",2023,24,1.04,0.97,235,0],[""Francisco Alvarez"",2023,22,1.0,0.99,340,0],[""James Wood"",2024,22,1.12,1.1,758,0],[""Nolan Gorman"",2023,23,1.07,0.88,355,0],[""Roman Anthony"",2025,21,1.1,0.89,215,0]]}",0.9878810165010012,0.009942511913038151,0.9878810165010012,480.0,0.995,474.0,593.0,93,116,CH,516.0,495.0,-42.0,-21.0,let go,False,35
665161,Jeremy Peña,2026,1997-09-22,SS,R,Houston Astros,112,483,447,124,19,2,22,82,56,24,9,12,2,116,3,81,13,0,0,0,0,0,0,109,0,2,28.0,483.0,24.0,5.0,0.277,0.477,0.325,0.2,0.327,0.268,0.431,0.347,0.326,0.318,0.163,0.432,0.402,0.009,0.046,0.021,88.6,13.0,35.0,7.2,39.2,99.832845689,93.995355988,74.5,39.3,47.0,81.5,31.8,55.3,48.2,43.4,25.7,24.0,6.9,7.6,72.3,10.0,22.4,16.3,13.2,61.3,11.0,29.3,4.33,25.0,43.0,56.0,334.0,75.2,67.7,jeremy pena,HOU,Jeremy Pena,HOU,SS,105.8,70.0,99.0,166.0,531.0,28.8,4.741071428571429,1.0993788819875776,118,SS,SS,False,70.0,560.7627118644068,4.015944775657477,-29.76271186440681,0.7251266529139517,-48.0,False,False,120,False,82.67357557310734,18.38458831552974,1.7370966496185298,17.000739461744395,64.3849309910172,53.532140016842185,486.37007100785934,1.0069773726870794,44.62992899214066,0.09240150930049817,472.0,59.0,"{'C': 423, 'SS': 594, '2B': 592, '3B': 571, '1B': 601, 'OF': 526, 'UT': 472}",1.0993788819875776,0.5610766045548654,0.8643111619700629,86.51685393258427,74.15730337078652,79.02621722846442,12.359550561797747,7.490636704119851,14.906832298136646,27.32919254658385,29.81366459627329,-0.020999999999999963,1.1289134438305708,5,2868,-0.02953456184299319,1.1289134438305708,4,True,-0.02953456184299319,6.899999999999999,-0.9999999999999991,0.0,45.0,2.0,59.0,0.0,Left calf strain,53.4,2026-03-27,2026-09-27,112.0,162.0,119.0,43.0,658.0,0.941,1.0,0.0,0.15,,established,32.4,0.4,1.209,"sprint 29.3 ft/s (93rd pct) · 483 PA, already has the job · 1.10/PA is his best rate yet, so the bar is one step up",xwOBA 0.326 (69th) · barrels 7.2% (49th) · EV 88.6 (50th) · hard-hit 39% (54th) · K 24% (40th) · BB 5% (11th) · chase 39% (9th) · bat speed 72.3 mph (55th) · sprint 29.3 (93rd),"{""n"":20,""b"":0,""c"":[[""Lane Thomas"",2024,29,1.1,0.75,107,0],[""Cedric Mullins"",2024,30,1.11,1.01,502,0],[""Brandon Marsh"",2025,28,1.04,0.97,550,0],[""Cedric Mullins"",2023,29,1.08,1.11,552,0],[""Willy Adames"",2024,29,1.1,0.97,668,0]]}",0.9932469653721449,-0.026285818839922398,0.9932469653721449,477.0,0.957,474.0,596.0,93,109,CS,516.0,495.0,-42.0,-21.0,let go,False,36
701358,Cam Smith,2026,2003-02-22,OF,R,Houston Astros,157,568,510,107,17,6,21,67,56,44,7,12,2,148,6,63,6,0,8,0,0,0,0,0,158,0,23.0,568.0,26.1,7.7,0.21,0.39,0.279,0.18,0.248,0.235,0.42,0.293,0.316,0.303,0.185,0.354,0.391,-0.025,-0.03,-0.023,88.7,12.3,31.3,11.2,43.5,101.663413607,95.013701534,69.1,30.0,50.9,80.5,29.1,48.5,38.9,44.8,26.1,21.7,7.3,7.7,77.9,11.5,16.8,78.0,9.9,47.7,-11.0,29.2,4.38,22.0,34.0,50.0,368.0,78.8,61.3,cam smith,HOU,Cam Smith,HOU,RF,313.3,193.0,314.0,290.0,526.0,23.4,3.3503184713375798,0.926056338028169,119,OF,OF,False,193.0,377.19354838709677,3.1811021036719445,148.80645161290323,0.1692163676656353,74.0,True,False,120,False,72.0795550456571,22.238902967205146,4.483528928618368,21.048013058519373,74.9648053007972,65.44239592380077,571.457201224598,1.006086621874292,-45.45720122459795,-0.0800302838461231,472.0,54.0,"{'C': 423, 'SS': 594, '2B': 592, '3B': 571, '1B': 601, 'OF': 526, 'UT': 472}",0.926056338028169,0.40492957746478875,-2.718427932976188,30.337078651685395,16.10486891385768,45.31835205992509,14.232209737827716,-14.981273408239694,12.676056338028168,22.183098591549296,46.478873239436616,0.02300000000000002,0.926056338028169,2,1061,0.0,0.9168356997971603,1,False,0.009220638231008715,-1.6999999999999993,4.299999999999999,3.4000000000000057,0.0,0.0,0.0,0.0,,0.0,2026-03-26,2026-09-27,157.0,163.0,163.0,0.0,565.0,0.963,0.0,0.0,0.15,,young / establishing,35.2,42.3,1.006,"23 years old, an age that jumps 11% of the time · 568 PA, already has the job · deserved 1.01/PA on contact quality, got 0.93 · barrel rate up 4.3 pts on last year · bat speed up 3.4 mph",xwOBA 0.316 (60th) · barrels 11.2% (80th) · EV 88.7 (52nd) · hard-hit 44% (74th) · K 26% (27th) · BB 8% (38th) · chase 30% (52nd) · bat speed 77.9 mph (99th) · sprint 29.2 (91st),"{""n"":20,""b"":4,""c"":[[""Anthony Volpe"",2025,24,0.91,0.96,235,0],[""Jordan Beck"",2025,24,1.03,0.76,136,0],[""Brett Baty"",2025,26,0.98,0.89,420,0],[""Lenyn Sosa"",2025,25,0.94,0.65,76,0],[""Zach Neto"",2024,23,1.08,1.13,625,0]]}",1.0214343329029825,0.009960942754447033,1.0214343329029825,464.0,1.0,474.0,613.0,93,70,FA,516.0,495.0,-42.0,-21.0,let go,False,37
666182,Bo Bichette,2026,1998-03-05,3B,R,New York Mets,160,696,638,166,25,2,18,76,78,49,2,2,2,127,7,121,10,0,0,0,0,1,113,47,0,6,28.0,696.0,18.2,7.0,0.26,0.39,0.312,0.13,0.296,0.28,0.423,0.309,0.33,0.331,0.142,0.346,0.375,-0.02,-0.033,-0.021,89.5,7.8,37.3,6.4,41.7,100.748372471,94.697541238,67.6,40.9,67.4,89.9,19.5,53.1,26.3,46.7,23.7,27.0,2.5,7.2,69.8,11.0,26.4,14.5,2.6,29.0,-8.0,26.1,4.68,26.0,59.0,81.0,518.0,72.6,64.2,bo bichette,NYM,Bo Bichette,NYM,"3B,SS,DH",84.4,57.0,87.0,88.0,616.0,28.3,3.85,0.8850574712643678,71,3B/SS,3B/SS,False,57.0,563.0,4.290827223004798,53.0,-0.4408272230047978,-14.0,False,False,41,False,129.56180327849742,27.198037432723247,2.242515299061287,19.63764398971806,78.17149743338838,79.25267769336791,652.3001751267562,0.9372128952970635,-36.300175126756244,-0.052155424032695685,472.0,144.0,"{'C': 423, 'SS': 594, '2B': 592, '3B': 571, '1B': 601, 'OF': 526, 'UT': 472}",0.8850574712643678,0.4698275862068966,-0.19563084264643202,16.10486891385768,36.329588014981276,68.53932584269663,-20.224719101123597,-52.43445692883895,1.7241379310344827,15.517241379310345,42.241379310344826,0.02100000000000002,1.1898550724637682,6,3648,-0.30479760119940036,1.1898550724637682,5,True,-0.30479760119940036,3.6999999999999993,-1.5,0.7000000000000028,0.0,0.0,95.0,0.0,,34.2,2026-03-26,2026-09-27,160.0,166.0,166.0,0.0,679.0,0.964,0.0,0.0,0.15,,established,31.5,0.6,1.27,"696 PA, already has the job · deserved 0.94/PA on contact quality, got 0.89 · avg EV 89.5 (67th pct)",xwOBA 0.330 (75th) · barrels 6.4% (41st) · EV 89.5 (64th) · hard-hit 42% (66th) · K 18% (76th) · BB 7% (31st) · chase 41% (6th) · bat speed 69.8 mph (22nd) · sprint 26.1 (17th),"{""n"":20,""b"":0,""c"":[[""Jonathan India"",2025,28,0.8,0.84,49,0],[""Ozzie Albies"",2025,28,0.92,0.88,604,0],[""Bryan Reynolds"",2025,30,0.92,1.02,714,0],[""Carlos Correa"",2025,31,0.88,1.01,143,0],[""Alex Verdugo"",2024,28,0.86,0.73,156,0]]}",0.9134748638968273,-0.016978344977301236,0.9134748638968273,513.0,0.973,469.0,548.0,96,305,GLIZZY,516.0,495.0,-47.0,-26.0,let go,False,38
607043,Brandon Nimmo,2026,1993-03-27,OF,L,Texas Rangers,155,655,593,154,36,4,14,65,62,51,7,7,1,149,4,100,5,0,3,0,0,0,0,0,147,9,33.0,655.0,22.7,7.8,0.26,0.405,0.324,0.145,0.323,0.267,0.441,0.32,0.338,0.331,0.174,0.378,0.406,-0.007,-0.036,-0.018,92.1,10.4,34.2,8.9,50.4,101.759062902,95.658360626,72.5,29.0,58.6,82.8,23.9,51.2,32.8,42.0,26.6,27.9,3.6,7.0,72.4,12.6,25.0,28.5,7.3,52.2,-3.0,28.0,4.24,25.0,46.0,83.0,448.0,81.5,62.1,brandon nimmo,TEX,Brandon Nimmo,TEX,"LF,CF,RF,DH",129.6,83.0,136.0,97.0,601.0,33.3,3.8774193548387097,0.917557251908397,80,OF,OF,False,83.0,560.7627118644068,4.015944775657477,40.23728813559319,-0.1385254208187674,3.0,False,False,42,False,97.6759128325867,37.493294464816096,3.7966725726077346,19.365120129989474,83.86227009492005,76.17928857320317,659.8855586681232,1.0074588681956078,-58.88555866812317,-0.08990161628721083,472.0,129.0,"{'C': 423, 'SS': 594, '2B': 592, '3B': 571, '1B': 601, 'OF': 526, 'UT': 472}",0.917557251908397,0.4213740458015267,-1.794258371196703,26.217228464419474,20.59925093632959,53.93258426966292,5.6179775280898845,-27.715355805243444,6.412213740458015,12.82442748091603,46.717557251908396,0.018000000000000016,1.0552147239263803,6,3711,-0.13765747201798328,1.0552147239263803,5,True,-0.13765747201798328,1.0999999999999979,0.09999999999999964,0.20000000000000284,0.0,0.0,0.0,0.0,,0.0,2026-03-26,2026-09-27,155.0,162.0,162.0,0.0,655.0,0.957,0.0,0.0,0.15,,established,34.2,1.0,1.135,"655 PA, already has the job · deserved 1.01/PA on contact quality, got 0.92 · avg EV 92.1 (93rd pct)",xwOBA 0.338 (82nd) · barrels 8.9% (63rd) · EV 92.1 (93rd) · hard-hit 50% (94th) · K 23% (50th) · BB 8% (40th) · chase 29% (59th) · bat speed 72.4 mph (57th) · sprint 28.0 (63rd),"{""n"":20,""b"":0,""c"":[[""Adolis Garc\u00eda"",2025,32,0.97,0.78,201,0],[""Dansby Swanson"",2025,31,1.01,1.05,508,0],[""Bryan Reynolds"",2025,30,0.92,1.02,714,0],[""Ian Happ"",2025,31,0.99,0.97,618,0],[""Christian Walker"",2025,34,0.93,0.93,591,0]]}",0.9732950975334114,-0.04921542158677408,0.9732950975334114,482.0,0.95,469.0,584.0,96,143,Dan,516.0,495.0,-47.0,-26.0,let go,False,39
650333,Luis Arraez,2026,1997-04-09,2B,L,multi,151,655,596,185,33,7,6,67,64,34,5,10,1,28,14,139,8,0,0,0,0,149,1,0,0,1,29.0,655.0,4.3,5.2,0.31,0.419,0.345,0.109,0.311,0.289,0.377,0.331,0.307,0.323,0.088,0.324,0.298,0.021,0.042,0.024,86.4,16.2,39.3,1.2,19.4,94.068574724,91.077369275,63.2,33.1,90.1,94.2,7.1,48.6,31.0,37.6,30.8,26.9,4.8,5.9,63.1,1.7,42.6,0.1,8.6,52.6,4.0,26.8,4.55,27.0,54.0,104.0,588.0,68.2,62.0,luis arraez,multi,Luis Arraez,PHI,"1B,2B,DH",232.6,143.0,251.0,231.0,627.0,29.2,4.152317880794702,0.9572519083969465,60,1B/2B,2B,False,143.0,425.5,3.7174234694899297,201.5,0.43489441130477235,83.0,True,True,40,False,139.7721820890792,20.80654246913526,3.3543687944918656,8.310906647293669,70.86456158552463,63.98522464741229,592.7857862329369,0.9050164675312014,34.21421376706314,0.052235440865745164,472.0,155.0,"{'C': 423, 'SS': 594, '2B': 592, '3B': 571, '1B': 601, 'OF': 526, 'UT': 472}",0.9572519083969465,0.6061068702290077,0.14405842059972862,44.19475655430712,87.26591760299625,71.91011235955057,-43.071161048689135,-27.715355805243448,9.16030534351145,5.4961832061068705,31.14503816793893,-0.02400000000000002,1.0632090761750406,6,3701,-0.10595716777809405,1.0632090761750406,5,True,-0.10595716777809405,1.1999999999999997,0.09999999999999987,0.6000000000000014,0.0,0.0,8.0,0.0,,4.8,2026-03-25,2026-09-24,151.0,164.0,164.0,0.0,647.0,0.921,0.0,0.0,0.15,,established,25.8,0.4,1.143,"655 PA, already has the job · already 29, an age that jumps 4% of the time · 0.96/PA this year against 1.06 at his best, two steps to clear",xwOBA 0.307 (49th) · barrels 1.2% (2nd) · EV 86.4 (17th) · hard-hit 19% (1st) · K 4% (100th) · BB 5% (14th) · chase 33% (34th) · bat speed 63.1 mph (0th) · sprint 26.8 (31st),"{""n"":20,""b"":0,""c"":[[""Steven Kwan"",2025,28,0.98,0.93,590,0],[""Nico Hoerner"",2025,28,1.07,0.92,633,0],[""Ozzie Albies"",2025,28,0.92,0.88,604,0],[""Alex Bregman"",2024,30,0.97,1.01,498,0],[""Lourdes Gurriel Jr."",2025,32,0.99,0.74,149,0]]}",0.8906074803535601,-0.026285818839922398,0.8906074803535601,523.0,0.996,466.0,534.0,98,361,GLIZZY,516.0,495.0,-50.0,-29.0,let go,False,40
695657,Colson Montgomery,2026,2002-02-27,SS,L,Chicago White Sox,153,638,568,112,24,0,31,71,87,54,14,1,1,227,2,57,12,0,0,0,0,0,43,126,0,7,24.0,638.0,35.6,8.5,0.197,0.403,0.282,0.206,0.26,0.199,0.388,0.3,0.294,0.28,0.189,0.421,0.412,-0.002,0.015,0.006,88.6,23.6,32.9,12.0,40.9,101.158593626,94.756398123,73.0,32.4,31.9,77.9,37.4,51.5,49.6,31.2,34.4,20.1,14.3,8.0,76.6,9.6,14.6,70.5,13.4,53.7,-5.0,26.6,4.66,38.0,24.0,50.0,343.0,79.7,65.3,colson montgomery,CWS,Colson Montgomery,CWS,"3B,SS,DH",181.2,109.0,217.0,203.0,558.0,24.3,3.6470588235294117,0.8746081504702194,109,3B/SS,3B/SS,False,109.0,560.7627118644068,4.015944775657477,-2.7627118644068105,-0.3688859521280654,0.0,False,False,120,False,59.61071492992069,25.926247279164933,1.0593606519080774,26.43567713900631,70.92306302410452,77.77298117061247,541.1120441947171,0.8481380003051993,16.8879558052829,0.02647015016502019,472.0,86.0,"{'C': 423, 'SS': 594, '2B': 592, '3B': 571, '1B': 601, 'OF': 526, 'UT': 472}",0.8746081504702194,0.33699059561128525,-1.3887481294026554,13.48314606741573,4.868913857677903,58.052434456928836,8.614232209737827,-44.569288389513105,0.9404388714733541,29.15360501567398,50.78369905956113,-0.006000000000000005,1.1091549295774648,2,922,-0.2345467791072453,1.1091549295774648,1,False,-0.2345467791072453,6.400000000000002,-2.5,-0.4000000000000057,0.0,0.0,0.0,0.0,,0.0,2026-03-26,2026-09-27,153.0,164.0,164.0,0.0,630.0,0.933,0.0,0.0,0.15,,young / establishing,33.6,1.5,1.189,"638 PA, already has the job · 24 years old, an age that jumps 8% of the time · got 0.87/PA but deserved 0.85",xwOBA 0.294 (33rd) · barrels 12.0% (84th) · EV 88.6 (50th) · hard-hit 41% (60th) · K 36% (2nd) · BB 8% (50th) · chase 32% (37th) · bat speed 76.6 mph (96th) · sprint 26.6 (26th),"{""n"":20,""b"":0,""c"":[[""Zack Gelof"",2024,25,0.92,0.68,69,0],[""Matt McLain"",2025,26,0.9,0.88,437,0],[""Bo Naylor"",2024,24,0.89,0.95,395,0],[""Lawrence Butler"",2025,25,1.02,0.96,519,0],[""Nolan Gorman"",2024,24,0.88,0.84,339,0]]}",0.9527658316999649,0.00019966633770723946,0.9527658316999649,483.0,1.0,460.0,572.0,99,194,THALER,516.0,495.0,-56.0,-35.0,let go,False,41
665019,Kody Clemens,2026,1996-05-15,2B,L,Minnesota Twins,145,583,531,127,22,7,27,74,81,39,7,10,2,127,3,71,3,0,1,0,52,72,0,0,63,0,30.0,583.0,21.8,6.7,0.239,0.46,0.298,0.221,0.263,0.254,0.456,0.327,0.334,0.313,0.202,0.387,0.398,-0.015,0.004,-0.007,91.9,15.4,33.7,11.3,46.1,101.037748366,95.114954901,68.3,32.6,59.9,83.5,24.4,49.9,47.1,39.3,32.7,22.0,6.1,7.2,72.0,13.7,29.1,12.6,11.8,63.1,12.0,28.0,4.31,37.0,38.0,52.0,410.0,74.6,63.6,kody clemens,MIN,Kody Clemens,MIN,"1B,2B,LF,CF,RF",417.0,243.0,396.0,438.0,601.0,30.1,4.144827586206897,1.0308747855917668,80,1B/2B/OF,1B/2B/OF,False,243.0,307.0,3.0867599025400003,294.0,1.0580676836668963,163.0,True,False,42,False,80.93564350607177,24.78079589909008,4.991477683604506,24.166082911233637,75.50322317900188,72.3020237902432,599.8152469692451,1.028842619158225,1.184753030754905,0.002032166433541871,472.0,129.0,"{'C': 423, 'SS': 594, '2B': 592, '3B': 571, '1B': 601, 'OF': 526, 'UT': 472}",1.0308747855917668,0.5506003430531733,0.7426409015173422,68.16479400749064,69.66292134831461,78.27715355805243,-1.4981273408239701,-10.112359550561791,10.291595197255575,27.787307032590054,40.13722126929674,0.007000000000000006,1.0308747855917668,2,1364,0.0,0.9689119170984456,1,False,0.06196286849332122,-2.3000000000000007,-0.6999999999999993,-0.20000000000000284,0.0,0.0,25.0,0.0,,7.5,2026-03-26,2026-09-27,145.0,162.0,162.0,0.0,583.0,0.895,0.0,0.0,0.15,,established,33.3,7.4,1.111,"583 PA, already has the job · avg EV 91.9 (92nd pct) · 1.03/PA is his best rate yet, so the bar is one step up",xwOBA 0.334 (78th) · barrels 11.3% (81st) · EV 91.9 (92nd) · hard-hit 46% (85th) · K 22% (55th) · BB 7% (28th) · chase 33% (35th) · bat speed 72.0 mph (50th) · sprint 28.0 (63rd),"{""n"":20,""b"":1,""c"":[[""Seiya Suzuki"",2023,29,1.07,1.13,663,0],[""Christian Yelich"",2022,31,1.0,1.18,744,1],[""Brandon Nimmo"",2023,30,1.01,1.02,674,0],[""Matt Chapman"",2022,29,0.96,0.91,528,0],[""Enrique Hern\u00e1ndez"",2021,30,0.99,0.83,334,0]]}",1.0205977568734246,-0.01977893541086498,1.0205977568734246,448.0,0.994,457.0,612.0,100,74,LTTA,516.0,495.0,-59.0,-38.0,let go,False,42
575929,Willson Contreras,2026,1992-05-13,1B,R,Boston Red Sox,130,535,448,123,21,3,27,68,81,59,24,3,3,135,3,72,5,0,0,0,128,0,0,0,0,2,34.0,535.0,25.2,11.0,0.275,0.516,0.386,0.241,0.332,0.256,0.484,0.391,0.376,0.37,0.229,0.477,0.452,0.019,0.032,0.015,89.8,17.9,32.2,13.3,44.2,102.440550191,95.492075032,67.6,34.2,49.1,82.1,30.8,48.8,49.8,38.2,28.4,22.4,11.0,7.9,77.0,11.4,18.3,71.2,11.3,49.8,40.0,27.3,4.61,35.0,34.0,52.0,317.0,70.0,61.4,willson contreras,BOS,Willson Contreras,BOS,1B,181.0,108.0,174.0,159.0,590.0,34.1,4.538461538461538,1.102803738317757,88,1B,1B,False,108.0,560.7627118644068,4.015944775657477,29.23728813559319,0.5225167628040612,20.0,False,False,53,False,63.36547245044873,24.310576827704786,2.7544289932442454,24.25752172860224,73.32267605496996,70.40289771131404,562.6935737662841,1.051763689282774,27.30642623371591,0.05104004903498294,472.0,118.0,"{'C': 423, 'SS': 594, '2B': 592, '3B': 571, '1B': 601, 'OF': 526, 'UT': 472}",1.102803738317757,0.5738317757009346,1.0255744210845266,87.26591760299625,78.27715355805243,80.89887640449437,8.98876404494382,6.36704119850188,3.364485981308411,30.2803738317757,66.16822429906543,-0.015000000000000013,1.102803738317757,6,2921,0.0,1.094972067039106,5,False,0.00783167127865081,0.0,-0.5999999999999996,1.0,13.0,1.0,71.0,0.0,Left hamstring strain,33.7,2026-03-26,2026-09-27,130.0,165.0,152.0,13.0,570.0,0.855,0.0,0.0,0.15,,established,37.1,0.9,1.183,"535 PA, already has the job · 1.10/PA is his best rate yet, so the bar is one step up · avg EV 89.8 (72nd pct) · bat speed up 1.0 mph",xwOBA 0.376 (97th) · barrels 13.3% (92nd) · EV 89.8 (70th) · hard-hit 44% (79th) · K 25% (33rd) · BB 11% (80th) · chase 34% (28th) · bat speed 77.0 mph (97th) · sprint 27.3 (46th),"{""n"":20,""b"":0,""c"":[[""Christian Walker"",2024,33,1.03,0.93,596,0],[""Eugenio Su\u00e1rez"",2024,33,1.03,1.08,709,0],[""Max Muncy"",2025,35,1.05,1.04,585,0],[""Jorge Polanco"",2025,32,1.07,0.5,73,0],[""Max Muncy"",2023,33,1.05,1.07,314,0]]}",1.0241448937951863,-0.04369876870972289,1.0241448937951863,446.0,0.924,457.0,614.0,100,66,LTTA,516.0,495.0,-59.0,-38.0,let go,False,43
701350,Roman Anthony,2026,2004-05-13,OF,L,Boston Red Sox,55,242,212,52,11,3,5,24,15,29,1,2,0,66,0,33,2,0,3,0,0,0,0,0,34,21,22.0,242.0,27.3,12.0,0.245,0.396,0.339,0.151,0.333,0.259,0.424,0.326,0.341,0.349,0.164,0.399,0.424,-0.014,-0.028,-0.015,92.0,6.1,38.4,11.7,46.6,102.442735205,95.858888345,55.6,23.7,44.2,82.3,29.0,39.7,41.8,48.6,23.3,26.7,1.4,7.5,75.6,15.2,26.6,54.6,12.0,46.7,2.0,27.6,4.41,9.0,13.0,30.0,146.0,53.8,53.3,roman anthony,BOS,Roman Anthony,BOS,"LF,CF,RF,DH",47.2,36.0,52.0,36.0,215.0,22.1,3.909090909090909,0.8884297520661157,326,OF,OF,False,36.0,645.6,4.468031239230923,-430.6,-0.5589403301400138,-290.0,False,False,279,True,35.53881038810777,10.868116728033465,1.6033353796097642,6.897737504249002,30.5629470995612,27.50351542468519,242.6504625242464,1.0026878616704396,-27.650462524246393,-0.11425810960432381,472.0,-257.0,"{'C': 423, 'SS': 594, '2B': 592, '3B': 571, '1B': 601, 'OF': 526, 'UT': 472}",0.8884297520661157,0.36363636363636365,-8.838719659760432,,,,,,4.958677685950414,12.396694214876034,71.90082644628099,0.015000000000000013,1.1023102310231023,2,545,-0.21388047895698659,1.1023102310231023,1,False,-0.21388047895698659,-0.3999999999999986,-3.9000000000000004,0.5999999999999943,115.0,1.0,140.0,0.0,,130.0,2026-03-26,2026-09-27,55.0,165.0,62.0,103.0,632.0,0.887,0.0,0.0,0.15,,young / establishing,36.3,5.2,1.182,"22 years old, an age that jumps 18% of the time · deserved 1.00/PA on contact quality, got 0.89 · avg EV 92.0 (93rd pct)",xwOBA 0.341 (83rd) · barrels 11.7% (82nd) · EV 92.0 (92nd) · hard-hit 47% (86th) · K 27% (22nd) · BB 12% (87th) · chase 24% (88th) · bat speed 75.6 mph (92nd) · sprint 27.6 (52nd),"{""n"":20,""b"":4,""c"":[[""William Contreras"",2021,24,0.98,1.09,408,0],[""Jos\u00e9 Tena"",2024,23,0.86,0.86,145,0],[""Gunnar Henderson"",2022,21,0.98,1.08,674,1],[""Tyler Soderstrom"",2024,23,0.89,1.11,691,1],[""Jes\u00fas S\u00e1nchez"",2022,25,0.9,1.01,406,0]]}",0.9908226913515576,0.009942511913038151,0.9908226913515576,459.0,0.896,455.0,594.0,102,114,CJF,516.0,495.0,-61.0,-40.0,let go,False,44
683953,Travis Bazzana,2026,2002-08-28,2B,L,Cleveland Guardians,124,517,449,110,22,3,15,56,57,56,7,19,6,107,5,70,7,0,0,0,0,113,0,0,0,11,23.0,517.0,20.7,10.8,0.245,0.408,0.335,0.163,0.286,0.224,0.347,0.328,0.299,0.317,0.123,0.362,0.319,0.021,0.061,0.029,87.6,15.7,30.0,5.2,36.2,98.286642849,93.307251628,65.8,27.3,55.6,86.2,23.2,45.9,38.9,40.6,28.8,20.5,10.1,7.0,69.7,7.7,25.2,12.2,10.5,50.0,4.0,28.3,4.2,26.0,35.0,48.0,347.0,78.4,60.9,travis bazzana,CLE,Travis Bazzana,CLE,"2B,DH",601.3,282.0,966.0,431.0,519.0,23.8,4.185483870967742,1.0038684719535784,121,2B,2B,False,282.0,191.0,2.7826193390452874,328.0,1.4028645319224546,161.0,True,False,120,False,70.5012435837231,16.58062534146,1.8360185659107555,11.658112508906163,61.82037832256714,51.27887833949764,482.4782566620648,0.9332268020542839,36.52174333793522,0.07064166989929455,472.0,47.0,"{'C': 423, 'SS': 594, '2B': 592, '3B': 571, '1B': 601, 'OF': 526, 'UT': 472}",1.0038684719535784,0.5106382978723404,-1.923756663815196,59.176029962546814,53.745318352059925,52.80898876404494,5.430711610486888,6.367041198501873,22.05029013539652,17.408123791102515,64.99032882011606,-0.029000000000000026,1.0038684719535784,1,517,0.0,,0,False,0.6538684719535784,,,,0.0,0.0,0.0,0.0,,0.0,2026-04-28,2026-09-27,124.0,135.0,135.0,0.0,620.0,0.919,33.0,1.0,0.15,,young / establishing,52.3,16.0,1.084,"24 years old, an age that jumps 8% of the time · 517 PA in his first season, already has the job · sprint 28.3 ft/s (74th pct)",xwOBA 0.299 (40th) · barrels 5.2% (31st) · EV 87.6 (34th) · hard-hit 36% (37th) · K 21% (62nd) · BB 11% (78th) · chase 27% (69th) · bat speed 69.7 mph (20th) · sprint 28.3 (72nd),"{""n"":20,""b"":2,""c"":[[""Trent Grisham"",2021,25,1.0,0.83,437,0],[""Ceddanne Rafaela"",2024,24,0.99,1.04,613,0],[""Brendan Rodgers"",2021,25,1.0,0.91,529,0],[""Dylan Carlson"",2021,23,0.99,0.91,445,0],[""Joey Ortiz"",2024,26,0.95,0.84,427,0]]}",0.9678278212267921,0.00019966633770723946,0.9678278212267921,469.0,1.0,454.0,581.0,103,160,THALER,516.0,495.0,-62.0,-41.0,let go,False,45
686469,Vinnie Pasquantino,2026,1997-10-10,1B,L,Kansas City Royals,114,481,421,105,20,2,17,54,63,51,4,5,0,76,5,66,5,0,0,0,108,0,0,0,0,4,28.0,481.0,15.8,10.6,0.249,0.428,0.333,0.179,0.264,0.256,0.441,0.331,0.338,0.335,0.185,0.349,0.358,-0.007,-0.013,-0.007,90.0,20.6,36.3,9.5,41.7,99.863712586,94.360170316,66.1,30.6,72.7,91.7,15.2,46.5,43.7,30.9,31.7,25.7,11.7,7.4,70.6,12.2,29.3,10.8,11.8,58.6,7.0,25.8,4.74,22.0,27.0,56.0,350.0,78.5,60.2,vinnie pasquantino,KC,Vinnie Pasquantino,KC,"1B,DH",74.4,52.0,76.0,64.0,467.0,28.7,4.0964912280701755,0.9708939708939709,150,1B,1B,False,52.0,598.2727272727273,4.308335730801607,-131.27272727272725,-0.21184450273143174,-98.0,False,False,122,True,66.45518031462433,22.02300115434053,2.0314567474459353,17.266361783589204,56.127883536725065,59.87348025128952,474.4383637880146,0.986358344673627,-7.4383637880146125,-0.015464373779656149,472.0,-5.0,"{'C': 423, 'SS': 594, '2B': 592, '3B': 571, '1B': 601, 'OF': 526, 'UT': 472}",0.9708939708939709,0.5758835758835759,-2.6537849392438204,49.43820224719101,79.02621722846442,46.441947565543074,-29.58801498127341,2.996254681647933,6.237006237006238,21.205821205821206,63.61746361746362,0.007000000000000006,1.0249266862170088,5,2275,-0.05403271532303788,1.0249266862170088,4,True,-0.05403271532303788,0.10000000000000142,-1.3000000000000007,-1.9000000000000057,45.0,2.0,75.0,0.0,Right hamate fracture; Right wrist soreness,54.0,2026-03-27,2026-09-27,114.0,163.0,121.0,42.0,644.0,0.942,0.0,0.0,0.15,,established,31.7,2.1,1.105,"481 PA, already has the job · avg EV 90.0 (75th pct) · deserved 0.99/PA on contact quality, got 0.97",xwOBA 0.338 (82nd) · barrels 9.5% (68th) · EV 90.0 (73rd) · hard-hit 42% (66th) · K 16% (87th) · BB 11% (76th) · chase 31% (48th) · bat speed 70.6 mph (29th) · sprint 25.8 (13th),"{""n"":20,""b"":0,""c"":[[""Alec Bohm"",2025,29,0.93,0.88,553,0],[""Ryan Mountcastle"",2024,27,0.95,0.85,302,0],[""Nathaniel Lowe"",2024,29,0.94,0.88,537,0],[""Brendan Donovan"",2025,28,0.97,0.87,139,0],[""Trevor Larnach"",2025,28,0.92,1.01,439,0]]}",0.9940932792922957,-0.026285818839922398,0.9940932792922957,457.0,0.957,454.0,596.0,103,109,FA,516.0,495.0,-62.0,-41.0,let go,False,46
681198,TJ Rumfield,2026,2000-05-17,1B,L,Colorado Rockies,155,631,547,164,30,3,16,67,73,72,10,0,0,86,2,115,7,0,0,0,139,0,0,0,0,11,26.0,631.0,13.6,11.4,0.3,0.453,0.39,0.153,0.331,0.261,0.386,0.373,0.333,0.357,0.125,0.384,0.329,0.039,0.067,0.04,84.3,15.7,37.4,5.0,27.9,96.180816261,92.096667739,70.6,30.4,61.5,91.7,18.8,48.3,40.8,39.5,28.7,25.7,6.0,6.5,68.4,6.4,25.0,7.5,8.9,44.2,29.0,24.9,4.72,37.0,39.0,88.0,463.0,82.4,62.4,tj rumfield,COL,,,,,,,,627.0,26.1,4.04516129032258,0.993660855784469,60,1B,1B,True,339.0,172.67,2.396692273871662,454.33000000000004,1.6484690164509184,279.0,True,True,40,False,104.22902312996064,22.56207859801533,2.1147734140874377,13.861124857936598,66.40255202609957,69.49465468554565,564.8062067116452,0.8950969995430194,62.193793288354755,0.0985638562414497,472.0,155.0,"{'C': 423, 'SS': 594, '2B': 592, '3B': 571, '1B': 601, 'OF': 526, 'UT': 472}",0.993660855784469,0.5927099841521395,0.18106643671413947,55.80524344569289,84.26966292134831,72.28464419475655,-28.464419475655426,-16.479400749063664,0.0,15.213946117274169,68.46275752773376,-0.03999999999999998,0.993660855784469,1,631,0.0,,0,False,0.6436608557844691,,,,0.0,0.0,0.0,0.0,,0.0,2026-03-27,2026-09-26,155.0,164.0,164.0,0.0,623.0,0.945,0.0,0.0,0.15,,established,27.9,3.7,1.074,"631 PA in his first season, already has the job · 26 years old, an age that jumps 4% of the time · sprint 24.9 ft/s (4th pct)",xwOBA 0.333 (77th) · barrels 5.0% (28th) · EV 84.3 (3rd) · hard-hit 28% (10th) · K 14% (93rd) · BB 11% (83rd) · chase 30% (49th) · bat speed 68.4 mph (8th) · sprint 24.9 (4th),"{""n"":20,""b"":0,""c"":[[""Thairo Estrada"",2022,26,1.03,1.03,546,0],[""Caleb Durbin"",2025,25,0.99,0.97,571,0],[""Ty France"",2021,27,1.0,0.97,592,0],[""Steven Kwan"",2022,25,1.05,0.98,706,0],[""Ty France"",2022,28,0.97,0.87,578,0]]}",0.8857393737876668,-0.012888640320029626,0.8857393737876668,512.0,1.0,453.0,531.0,105,370,BB,516.0,495.0,-63.0,-42.0,let go,False,47
663586,Austin Riley,2026,1997-04-02,3B,R,Atlanta Braves,159,630,566,124,21,2,19,64,72,48,11,9,2,201,5,82,11,0,0,0,0,0,158,0,0,0,29.0,630.0,31.9,7.6,0.219,0.364,0.29,0.145,0.299,0.213,0.396,0.29,0.299,0.286,0.183,0.383,0.398,0.006,-0.032,-0.009,91.3,18.5,34.3,12.4,44.3,102.087666649,95.389412865,68.6,32.3,49.3,78.8,31.9,48.8,39.5,36.8,30.0,24.1,9.2,7.6,75.8,10.7,18.9,59.1,11.0,47.5,-18.0,28.0,4.53,25.0,42.0,57.0,370.0,79.4,63.6,austin riley,ATL,Austin Riley,ATL,3B,55.8,39.0,63.0,53.0,541.0,29.2,3.40251572327044,0.8587301587301587,114,3B,3B,False,39.0,639.5,4.468031239230923,-98.5,-1.0655155159604828,-75.0,False,False,120,True,66.08030238941987,28.637395129016973,2.580302573706385,23.259999907856756,76.03076436941119,73.68640242277665,569.4111667921878,0.9038272488764886,-28.411166792187828,-0.0450970901463299,472.0,69.0,"{'C': 423, 'SS': 594, '2B': 592, '3B': 571, '1B': 601, 'OF': 526, 'UT': 472}",0.8587301587301587,0.3142857142857143,-2.3055722386542215,9.737827715355806,1.8726591760299627,49.812734082397,7.865168539325843,-40.074906367041194,8.571428571428571,18.095238095238095,45.714285714285715,0.009000000000000008,1.1178247734138973,6,3616,-0.2590946146837386,1.1178247734138973,5,True,-0.2590946146837386,3.299999999999997,-2.799999999999999,-0.10000000000000853,0.0,0.0,108.0,0.0,,52.8,2026-03-27,2026-09-27,159.0,166.0,166.0,0.0,615.0,0.958,0.0,0.0,0.15,,established,34.3,0.7,1.198,"630 PA, already has the job · avg EV 91.3 (89th pct) · deserved 0.90/PA on contact quality, got 0.86",xwOBA 0.299 (40th) · barrels 12.4% (86th) · EV 91.3 (88th) · hard-hit 44% (79th) · K 32% (8th) · BB 8% (37th) · chase 32% (38th) · bat speed 75.8 mph (94th) · sprint 28.0 (63rd),"{""n"":20,""b"":0,""c"":[[""Bryan Reynolds"",2025,30,0.92,1.02,714,0],[""Ryan McMahon"",2025,30,0.84,0.81,291,0],[""Ryan McMahon"",2024,30,0.87,0.84,491,0],[""Randy Arozarena"",2024,29,0.98,1.08,767,0],[""Adolis Garc\u00eda"",2024,31,0.95,0.97,530,0]]}",0.9493454527414953,-0.026285818839922398,0.9493454527414953,469.0,0.958,445.0,570.0,106,209,CH,516.0,495.0,-71.0,-50.0,let go,False,48
805367,Chase Meidroth,2026,2001-07-23,2B,R,Chicago White Sox,154,643,566,156,31,0,16,90,63,61,6,4,2,141,4,109,8,0,0,0,0,150,3,19,0,0,24.0,643.0,21.9,9.5,0.276,0.415,0.35,0.139,0.339,0.239,0.348,0.339,0.301,0.32,0.109,0.394,0.337,0.037,0.067,0.038,87.2,8.5,34.1,4.6,34.6,97.389329665,92.822576483,55.5,28.9,69.4,86.1,19.7,42.0,41.0,49.5,21.7,24.4,4.4,6.7,67.0,6.6,29.5,1.0,12.2,60.1,7.0,27.4,4.41,24.0,58.0,74.0,434.0,61.9,60.3,chase meidroth,CWS,Chase Meidroth,CWS,"2B,3B,SS",376.7,227.0,337.0,359.0,615.0,24.9,3.9935064935064934,0.9564541213063764,72,2B/SS,2B,False,227.0,340.5483870967742,3.0867599025400003,274.4516129032258,0.9067465909664931,155.0,True,True,41,False,100.17151528256429,21.426676213362764,0.7601017255816295,12.915706778491327,71.87292962450074,63.66383643997509,538.7787660644758,0.8379140996337104,76.2212339355242,0.11854002167266597,472.0,143.0,"{'C': 423, 'SS': 594, '2B': 592, '3B': 571, '1B': 601, 'OF': 526, 'UT': 472}",0.9564541213063764,0.48522550544323484,0.4295515769134898,43.07116104868914,44.569288389513105,74.53183520599251,-1.498127340823963,-31.460674157303366,3.7325038880248833,14.930015552099533,56.92068429237947,-0.038000000000000034,0.9564541213063764,2,1148,0.0,0.8237623762376237,1,False,0.1326917450687527,7.599999999999998,2.9999999999999996,-0.4000000000000057,0.0,0.0,18.0,0.0,,10.799999999999999,2026-03-26,2026-09-26,154.0,164.0,164.0,0.0,635.0,0.939,0.0,0.0,0.15,,young / establishing,26.8,4.7,1.036,"643 PA, already has the job · 0.96/PA is his best rate yet, so the bar is one step up · 25 years old, an age that jumps 5% of the time · barrel rate up 3.0 pts on last year",xwOBA 0.301 (42nd) · barrels 4.6% (25th) · EV 87.2 (27th) · hard-hit 35% (30th) · K 22% (54th) · BB 10% (61st) · chase 29% (60th) · bat speed 67.0 mph (3rd) · sprint 27.4 (48th),"{""n"":20,""b"":0,""c"":[[""Joey Ortiz"",2024,26,0.95,0.84,427,0],[""Isaac Paredes"",2023,24,1.05,0.88,566,0],[""Josh Rojas"",2021,27,0.93,1.03,524,0],[""Trent Grisham"",2021,25,1.0,0.83,437,0],[""J.P. Crawford"",2021,26,0.88,0.78,472,0]]}",0.8772842703097015,-0.012779447936574123,0.8772842703097015,506.0,0.991,444.0,526.0,108,385,LTTA,516.0,495.0,-72.0,-51.0,let go,False,49
605137,Josh Bell,2026,1992-08-14,DH,S,Minnesota Twins,154,631,568,145,28,1,21,78,96,52,4,2,0,124,6,95,1,0,0,0,20,0,0,0,0,129,33.0,631.0,19.7,8.2,0.255,0.419,0.319,0.164,0.289,0.256,0.445,0.323,0.335,0.323,0.188,0.366,0.382,-0.001,-0.026,-0.012,89.9,13.3,33.1,9.6,42.0,100.3685028,94.468238022,71.6,29.6,64.1,83.7,22.8,48.9,40.7,42.0,26.7,23.3,8.0,7.9,71.9,11.7,25.8,25.7,9.5,57.3,4.0,26.0,4.69,36.0,36.0,72.0,450.0,83.0,59.3,josh bell,MIN,Josh Bell,MIN,"1B,DH",376.0,226.0,355.0,355.0,618.0,33.9,4.012987012987013,0.9793977812995246,68,1B,1B,False,226.0,340.5483870967742,3.0867599025400003,277.4516129032258,0.9262271104470128,158.0,True,True,41,False,87.82730100077794,32.056516302068914,1.8450643935284035,23.679118303624758,73.37372706945926,79.07014429116096,611.0438713606203,0.9683738056428214,6.956128639379699,0.011023975656703211,472.0,146.0,"{'C': 423, 'SS': 594, '2B': 592, '3B': 571, '1B': 601, 'OF': 526, 'UT': 472}",0.9793977812995246,0.5419968304278923,1.0487975454358311,52.80898876404494,67.04119850187266,81.27340823970037,-14.232209737827716,-28.464419475655433,1.9017432646592711,19.968304278922343,49.44532488114105,0.01200000000000001,1.0422535211267605,6,3599,-0.06285573982723591,1.0422535211267605,5,True,-0.06285573982723591,3.1999999999999993,-2.5,-1.1999999999999886,0.0,0.0,0.0,0.0,,0.0,2026-03-26,2026-09-27,154.0,162.0,162.0,0.0,631.0,0.951,0.0,0.0,0.15,,established,32.9,0.4,1.122,"631 PA, already has the job · avg EV 89.9 (73rd pct) · sprint 26.0 ft/s (15th pct)",xwOBA 0.335 (80th) · barrels 9.6% (69th) · EV 89.9 (71st) · hard-hit 42% (66th) · K 20% (68th) · BB 8% (45th) · chase 30% (55th) · bat speed 71.9 mph (48th) · sprint 26.0 (15th),"{""n"":20,""b"":0,""c"":[[""Matt Chapman"",2025,32,0.99,0.84,295,0],[""Brandon Nimmo"",2025,32,1.06,0.92,601,0],[""Ian Happ"",2025,31,0.99,0.97,618,0],[""Mike Yastrzemski"",2025,35,0.96,0.89,365,0],[""Christian Walker"",2025,34,0.93,0.93,591,0]]}",0.9357189162823057,-0.04369876870972289,0.9357189162823057,471.0,0.95,441.0,561.0,109,244,FA,516.0,495.0,-75.0,-54.0,let go,False,50
669394,Jake Burger,2026,1996-04-10,1B,R,Texas Rangers,155,620,556,127,23,0,28,71,90,56,4,4,2,167,4,76,5,0,0,0,154,0,0,0,0,1,30.0,620.0,26.9,9.0,0.228,0.421,0.302,0.193,0.271,0.227,0.42,0.316,0.314,0.301,0.193,0.392,0.389,0.001,0.001,0.002,90.1,13.9,29.3,12.3,45.3,102.402481173,95.51435624,67.0,35.5,43.6,80.1,34.2,49.6,44.3,43.5,29.3,18.8,8.4,7.5,75.7,12.9,20.9,62.2,9.4,59.5,-4.0,27.3,4.46,32.0,44.0,51.0,393.0,71.4,63.5,jake burger,TEX,Jake Burger,TEX,1B,267.0,163.0,249.0,249.0,589.0,30.2,3.8,0.95,90,1B,1B,False,163.0,425.5,3.7076163798852875,163.5,0.09238362011471235,73.0,True,False,53,False,72.2335145560673,26.754997614946326,1.1174611019054477,26.106026727080923,74.733039571367,75.82655280749135,577.2915923788582,0.9311154715788036,11.70840762114176,0.018884528421196367,472.0,117.0,"{'C': 423, 'SS': 594, '2B': 592, '3B': 571, '1B': 601, 'OF': 526, 'UT': 472}",0.95,0.4645161290322581,0.11558506239827682,40.823970037453186,34.45692883895131,71.16104868913857,6.367041198501873,-30.33707865168538,3.870967741935484,27.096774193548384,54.19354838709677,-0.0020000000000000018,1.05,4,2340,-0.10000000000000009,1.05,3,False,-0.10000000000000009,2.1999999999999993,-1.5999999999999996,1.1000000000000085,0.0,0.0,69.0,0.0,,35.099999999999994,2026-03-26,2026-09-27,155.0,162.0,162.0,0.0,620.0,0.957,0.0,0.0,0.15,,established,35.2,1.5,1.13,"620 PA, already has the job · avg EV 90.1 (77th pct) · got 0.95/PA but deserved 0.93 · bat speed up 1.1 mph",xwOBA 0.314 (57th) · barrels 12.3% (85th) · EV 90.1 (74th) · hard-hit 45% (82nd) · K 27% (24th) · BB 9% (54th) · chase 36% (22nd) · bat speed 75.7 mph (93rd) · sprint 27.3 (46th),"{""n"":20,""b"":0,""c"":[[""Dansby Swanson"",2024,30,1.0,1.01,649,0],[""Brandon Lowe"",2025,31,1.04,1.05,690,0],[""Randy Arozarena"",2024,29,0.98,1.08,767,0],[""Dansby Swanson"",2023,29,0.97,1.0,593,0],[""Ryan McMahon"",2024,30,0.87,0.84,491,0]]}",0.9582504851692797,-0.01977893541086498,0.9582504851692797,456.0,0.972,437.0,575.0,111,182,CJF,516.0,495.0,-79.0,-58.0,let go,False,51
686797,Brooks Lee,2026,2001-02-14,3B,S,Minnesota Twins,156,631,586,148,25,3,24,72,83,37,4,8,5,102,3,96,10,0,0,0,0,0,110,48,0,0,25.0,631.0,16.2,5.9,0.253,0.428,0.3,0.175,0.268,0.233,0.358,0.316,0.281,0.281,0.125,0.351,0.305,0.02,0.07,0.035,88.1,16.2,32.2,4.5,34.2,97.530784362,92.893899278,73.4,35.1,59.5,89.6,20.8,53.4,42.2,39.1,30.3,23.2,7.4,7.0,70.2,8.4,27.4,8.2,11.8,56.7,2.0,26.3,4.46,32.0,46.0,70.0,488.0,75.8,64.0,brooks lee,MIN,Brooks Lee,MIN,"2B,3B,SS",318.2,195.0,313.0,383.0,609.0,25.4,3.9038461538461537,0.96513470681458,74,2B/3B/SS,3B/SS,False,195.0,377.19354838709677,3.1811021036719445,231.80645161290323,0.7227440501742093,121.0,True,True,42,False,98.44430762302292,19.50442442447894,2.0222282819733524,16.56703967052479,64.40469191734131,67.61579671738573,533.346488634727,0.8452400770756372,75.65351136527295,0.11989462973894283,472.0,137.0,"{'C': 423, 'SS': 594, '2B': 592, '3B': 571, '1B': 601, 'OF': 526, 'UT': 472}",0.96513470681458,0.5530903328050714,0.733753802559908,47.19101123595505,70.0374531835206,77.90262172284645,-22.846441947565545,-30.711610486891395,7.6069730586370845,22.820919175911254,35.182250396196515,-0.034999999999999976,0.96513470681458,2,1343,0.0,0.8406072106261859,1,False,0.1245274961883941,-1.3000000000000007,-1.2999999999999998,0.7000000000000028,0.0,0.0,42.0,0.0,,18.3,2026-03-26,2026-09-27,156.0,162.0,162.0,0.0,631.0,0.963,0.0,0.0,0.15,,established,26.9,9.6,1.045,"631 PA, already has the job · 0.97/PA is his best rate yet, so the bar is one step up · 25 years old, an age that jumps 5% of the time",xwOBA 0.281 (20th) · barrels 4.5% (25th) · EV 88.1 (42nd) · hard-hit 34% (28th) · K 16% (85th) · BB 6% (20th) · chase 35% (24th) · bat speed 70.2 mph (26th) · sprint 26.3 (21st),"{""n"":20,""b"":1,""c"":[[""Isaac Paredes"",2023,24,1.05,0.88,566,0],[""Geraldo Perdomo"",2023,24,0.97,0.97,377,0],[""Geraldo Perdomo"",2024,25,0.97,1.13,814,1],[""J.P. Crawford"",2021,26,0.88,0.78,472,0],[""Nicky Lopez"",2021,26,1.01,0.74,354,0]]}",0.8878481374515137,-0.012779447936574123,0.8878481374515137,491.0,0.985,436.0,533.0,112,365,BAMBI,516.0,495.0,-80.0,-59.0,let go,False,52
702284,Cole Young,2026,2003-07-29,2B,L,Seattle Mariners,160,638,577,142,19,4,17,76,66,44,13,4,5,109,3,102,8,0,0,0,0,157,0,9,0,0,22.0,638.0,17.1,6.9,0.246,0.381,0.312,0.135,0.275,0.259,0.39,0.308,0.316,0.325,0.131,0.331,0.343,-0.013,-0.009,-0.008,88.3,13.6,33.1,5.1,37.5,99.048189106,93.636134222,66.7,30.6,69.4,85.7,19.6,48.1,41.7,42.8,26.3,22.0,8.9,6.9,71.5,10.1,27.3,21.6,5.9,48.0,-10.0,27.8,4.32,22.0,52.0,68.0,472.0,66.0,61.9,cole young,SEA,Cole Young,SEA,2B,639.7,287.0,1094.0,459.0,565.0,22.9,3.53125,0.8855799373040752,104,2B,2B,False,287.0,172.67,2.6219512195121952,392.33000000000004,0.9092987804878048,183.0,True,False,54,False,109.63573190618378,20.453519845159587,2.9277645911295034,16.425983657527137,76.018623581106,67.12534901691234,578.6169725980184,0.9069231545423485,-13.616972598018378,-0.02134321723827326,472.0,93.0,"{'C': 423, 'SS': 594, '2B': 592, '3B': 571, '1B': 601, 'OF': 526, 'UT': 472}",0.8855799373040752,0.4717868338557994,-1.4429024062198201,16.479400749063668,36.70411985018727,56.92883895131086,-20.2247191011236,-40.449438202247194,3.7617554858934166,15.987460815047022,41.37931034482759,0.008000000000000007,0.8855799373040752,2,895,0.0,0.7470817120622568,1,False,0.13849822524181843,-1.1999999999999993,-0.5,0.20000000000000284,0.0,0.0,0.0,0.0,,0.0,2026-03-26,2026-09-27,160.0,162.0,162.0,0.0,638.0,0.988,0.0,0.0,0.15,,young / establishing,30.7,37.3,0.966,"638 PA, already has the job · 23 years old, an age that jumps 11% of the time · 0.89/PA is his best rate yet, so the bar is one step up",xwOBA 0.316 (60th) · barrels 5.1% (30th) · EV 88.3 (45th) · hard-hit 38% (44th) · K 17% (81st) · BB 7% (29th) · chase 31% (48th) · bat speed 71.5 mph (42nd) · sprint 27.8 (57th),"{""n"":20,""b"":8,""c"":[[""Colt Keith"",2024,23,0.88,0.93,434,0],[""Nolan Schanuel"",2024,22,0.88,0.91,514,0],[""Luis Garc\u00eda Jr."",2023,23,0.93,1.09,574,1],[""Jackson Holliday"",2025,22,0.91,0.86,306,0],[""Chase Meidroth"",2025,24,0.82,0.96,615,1]]}",0.9250350608847041,0.009960942754447033,0.9250350608847041,471.0,1.0,436.0,555.0,112,274,FA,516.0,495.0,-80.0,-59.0,let go,False,53
669364,Xavier Edwards,2026,1999-08-09,2B,S,Miami Marlins,142,595,518,145,17,6,6,61,52,68,0,21,5,83,6,116,7,0,0,0,0,138,0,0,0,2,26.0,595.0,13.9,11.4,0.28,0.371,0.36,0.091,0.32,0.258,0.356,0.325,0.311,0.337,0.098,0.332,0.312,0.022,0.015,0.014,86.8,9.4,36.3,3.2,28.4,96.430260463,92.25030956,65.5,24.4,66.0,89.3,17.6,43.8,28.6,48.2,22.7,24.8,4.3,6.5,68.3,6.5,32.7,2.4,5.6,44.7,1.0,28.3,4.22,12.0,66.0,67.0,444.0,74.9,57.7,xavier edwards,MIA,Xavier Edwards,MIA,"2B,SS",158.0,94.0,171.0,163.0,574.0,26.9,4.042253521126761,0.9647058823529412,97,2B/SS,2B,False,94.0,560.7627118644068,4.015944775657477,13.23728813559319,0.026308745469283856,-3.0,False,False,53,False,104.67341056222526,16.418807090328247,3.3101541326677437,9.241628214778757,71.52836514039315,55.85398590189295,569.4343510422862,0.9570325227601448,4.565648957713847,0.007673359592796358,472.0,102.0,"{'C': 423, 'SS': 594, '2B': 592, '3B': 571, '1B': 601, 'OF': 526, 'UT': 472}",0.9647058823529412,0.5226890756302521,-1.3946034595540842,46.441947565543074,59.176029962546814,57.67790262172284,-12.73408239700374,-11.235955056179769,21.176470588235293,6.050420168067228,68.57142857142857,-0.014000000000000012,1.2640264026402641,3,1601,-0.2993205202873229,1.2640264026402641,2,True,-0.2993205202873229,-0.29999999999999893,2.4000000000000004,1.3999999999999915,13.0,1.0,74.0,0.0,Left thumb sprain,35.2,2026-03-27,2026-09-19,142.0,161.0,148.0,13.0,651.0,0.959,0.0,0.0,0.15,,established,27.0,2.8,1.344,"595 PA, already has the job · sprint 28.3 ft/s (74th pct) · 27 years old, an age that jumps 3% of the time · barrel rate up 2.4 pts on last year · bat speed up 1.4 mph",xwOBA 0.311 (54th) · barrels 3.2% (13th) · EV 86.8 (20th) · hard-hit 28% (12th) · K 14% (92nd) · BB 11% (83rd) · chase 24% (85th) · bat speed 68.3 mph (7th) · sprint 28.3 (72nd),"{""n"":20,""b"":0,""c"":[[""Willi Castro"",2025,28,0.9,1.0,477,0],[""Ozzie Albies"",2025,28,0.92,0.88,604,0],[""Andr\u00e9s Gim\u00e9nez"",2025,27,0.85,0.92,465,0],[""Cody Bellinger"",2024,29,1.03,1.12,736,0],[""Alex Verdugo"",2024,28,0.86,0.73,156,0]]}",0.916706717611906,-0.020371427220405795,0.916706717611906,472.0,0.972,433.0,550.0,114,297,LTTA,516.0,495.0,-83.0,-62.0,let go,False,54
669065,Kyle Stowers,2026,1998-01-02,1B,L,Miami Marlins,121,512,447,107,27,4,21,57,65,52,10,1,1,161,2,55,7,0,1,0,59,0,0,0,52,20,28.0,512.0,31.4,10.2,0.239,0.459,0.331,0.22,0.322,0.227,0.437,0.341,0.329,0.314,0.21,0.46,0.438,0.012,0.022,0.012,92.5,18.1,33.2,12.8,56.4,103.41265375,96.673495417,76.5,33.7,42.9,76.1,35.6,53.0,46.0,37.0,33.2,22.1,7.6,6.8,75.4,14.0,20.6,55.2,15.2,55.1,11.0,26.3,4.56,32.0,31.0,44.0,289.0,83.4,61.8,kyle stowers,MIA,Kyle Stowers,MIA,"1B,LF,CF,RF,DH",117.6,76.0,127.0,124.0,494.0,28.5,4.082644628099174,0.96484375,136,1B/OF,1B/OF,False,76.0,560.7627118644068,4.015944775657477,-66.76271186440681,0.06669985244169663,-60.0,False,False,120,False,51.23198896928577,26.8140572113931,3.212918669356515,20.21003514996462,60.689393395261845,65.89974873895305,483.3971421342149,0.9441350432308885,10.602857865785097,0.020708706769111518,472.0,22.0,"{'C': 423, 'SS': 594, '2B': 592, '3B': 571, '1B': 601, 'OF': 526, 'UT': 472}",0.96484375,0.427734375,-2.6409863329474037,46.81647940074906,23.970037453183522,46.81647940074906,22.846441947565538,0.0,1.171875,24.609375,60.9375,-0.01200000000000001,1.1925601750547046,3,1309,-0.22771642505470457,1.1925601750547046,2,False,-0.22771642505470457,4.0,-6.300000000000001,0.4000000000000057,38.0,2.0,80.0,0.0,,63.2,2026-04-19,2026-09-24,121.0,141.0,127.0,14.0,653.0,0.953,23.0,1.0,0.15,,established,36.0,1.1,1.273,"avg EV 92.5 (95th pct) · 512 PA, already has the job · got 0.96/PA but deserved 0.94",xwOBA 0.329 (73rd) · barrels 12.8% (89th) · EV 92.5 (95th) · hard-hit 56% (99th) · K 31% (11th) · BB 10% (69th) · chase 34% (31st) · bat speed 75.4 mph (91st) · sprint 26.3 (21st),"{""n"":20,""b"":1,""c"":[[""Kerry Carpenter"",2025,28,1.04,0.9,234,0],[""Matt Wallner"",2025,28,0.97,0.72,97,0],[""Franmil Reyes"",2022,27,0.82,0.68,44,0],[""Kyle Schwarber"",2023,30,1.02,1.1,760,0],[""Patrick Wisdom"",2022,31,0.94,1.03,310,0]]}",1.001418164553203,-0.016978344977301236,1.001418164553203,431.0,0.949,432.0,601.0,115,99,GLIZZY,516.0,495.0,-84.0,-63.0,let go,False,55
686611,Dylan Crews,2026,2002-02-26,OF,R,Washington Nationals,109,443,404,90,20,1,13,55,44,30,8,12,0,107,1,56,1,0,4,0,0,0,0,0,129,3,24.0,443.0,24.2,6.8,0.223,0.374,0.289,0.151,0.27,0.241,0.419,0.294,0.317,0.306,0.178,0.347,0.382,-0.018,-0.045,-0.023,90.3,13.7,33.9,9.4,43.3,101.188552703,94.814070441,73.4,32.1,46.7,82.1,29.4,51.7,33.6,39.6,27.5,25.5,7.4,7.6,74.1,12.1,21.5,38.7,9.2,47.1,-6.0,29.3,4.29,21.0,31.0,38.0,298.0,82.9,62.3,dylan crews,WSH,Dylan Crews,WSH,"LF,CF,RF",246.2,151.0,179.0,278.0,421.0,24.3,3.8623853211009176,0.9503386004514672,183,OF,OF,False,151.0,425.5,3.7174234694899297,-4.5,0.14496185161098785,-32.0,False,False,170,False,57.91808327996194,22.444244882743117,1.537260394627903,15.464411442667027,58.706212659081004,50.15800202837295,456.5042146874539,1.0304835545992188,-35.504214687453896,-0.08014495414775158,472.0,-51.0,"{'C': 423, 'SS': 594, '2B': 592, '3B': 571, '1B': 601, 'OF': 526, 'UT': 472}",0.9503386004514672,0.417607223476298,-4.2705964898716084,41.19850187265918,19.475655430711612,30.337078651685395,21.722846441947567,10.861423220973784,16.252821670428894,17.607223476297968,40.63205417607224,0.02300000000000002,0.9782608695652174,2,897,-0.027922269113750176,0.9782608695652174,1,False,-0.027922269113750176,0.5999999999999979,-0.40000000000000036,0.8999999999999915,0.0,0.0,85.0,0.0,,51.0,2026-05-19,2026-09-27,109.0,114.0,114.0,0.0,630.0,0.956,54.0,1.0,0.15,,young / establishing,49.7,18.0,1.058,"deserved 1.03/PA on contact quality, got 0.95 · 24 years old, an age that jumps 8% of the time · sprint 29.3 ft/s (93rd pct) · bat speed up 0.9 mph",xwOBA 0.317 (62nd) · barrels 9.4% (67th) · EV 90.3 (77th) · hard-hit 43% (74th) · K 24% (38th) · BB 7% (29th) · chase 32% (39th) · bat speed 74.1 mph (80th) · sprint 29.3 (93rd),"{""n"":20,""b"":1,""c"":[[""Jo Adell"",2024,25,1.0,1.05,599,0],[""MJ Melendez"",2022,24,0.92,0.92,554,0],[""Andy Pages"",2024,24,0.95,1.08,674,1],[""Joey Wiemer"",2023,24,0.93,0.5,14,0],[""Jarred Kelenic"",2024,25,0.91,0.62,40,0]]}",1.023609877098497,0.00019966633770723946,1.023609877098497,417.0,0.959,427.0,614.0,116,66,FA,516.0,495.0,-89.0,-68.0,let go,False,56
621439,Byron Buxton,2026,1993-12-18,OF,R,Minnesota Twins,93,408,370,94,18,1,25,65,46,30,6,7,1,100,2,50,0,0,0,0,0,0,0,0,72,20,32.0,408.0,24.5,7.4,0.254,0.511,0.319,0.257,0.279,0.248,0.489,0.355,0.343,0.311,0.24,0.441,0.424,0.006,0.022,0.012,90.2,20.3,32.4,15.9,46.7,101.614948971,95.255176912,74.1,34.4,41.6,83.5,31.3,52.7,48.2,33.5,33.1,21.0,12.5,8.0,74.1,11.7,21.0,40.4,14.1,57.4,7.0,29.7,4.15,29.0,32.0,33.0,272.0,78.9,65.0,byron buxton,MIN,Byron Buxton,MIN,"CF,DH",72.0,50.0,72.0,61.0,451.0,32.5,4.849462365591398,1.1053921568627452,163,OF,OF,False,50.0,598.2727272727273,4.308335730801607,-147.27272727272725,0.5411266347897907,-113.0,False,False,127,True,47.5981396712238,21.0847102423711,1.5161605015864101,21.560989584818696,59.11279187006064,52.99989415109806,441.4326860211587,1.0819428578949968,9.567313978841298,0.02344929896774839,472.0,-21.0,"{'C': 423, 'SS': 594, '2B': 592, '3B': 571, '1B': 601, 'OF': 526, 'UT': 472}",1.1053921568627452,0.5808823529411765,-1.6813905114497434,87.64044943820225,81.27340823970037,55.80524344569289,6.36704119850188,31.835205992509366,10.294117647058824,36.76470588235294,44.11764705882353,-0.011999999999999955,1.3818897637795275,6,2321,-0.2764976069167824,1.3818897637795275,5,True,-0.2764976069167824,-2.8000000000000007,-1.799999999999999,-0.9000000000000057,57.0,3.0,126.0,0.0,Right hip strain; Right hip impingement,85.5,2026-03-26,2026-08-25,93.0,139.0,111.0,28.0,595.0,0.838,0.0,0.0,0.15,,established,35.3,0.3,1.462,"sprint 29.7 ft/s (96th pct) · avg EV 90.2 (78th pct) · 408 PA, already has the job",xwOBA 0.343 (85th) · barrels 15.9% (97th) · EV 90.2 (76th) · hard-hit 47% (86th) · K 24% (36th) · BB 7% (34th) · chase 34% (27th) · bat speed 74.1 mph (80th) · sprint 29.7 (96th),"{""n"":20,""b"":0,""c"":[[""J.T. Realmuto"",2024,33,1.03,1.01,553,0],[""Teoscar Hern\u00e1ndez"",2025,33,1.04,1.03,504,0],[""Bryce Harper"",2025,33,1.09,1.07,741,0],[""Bryce Harper"",2024,32,1.13,1.09,632,0],[""J.T. Realmuto"",2023,32,1.14,1.03,426,0]]}",1.0450534060799912,-0.035407766755750046,1.0450534060799912,408.0,0.932,426.0,627.0,117,36,BAMBI,516.0,495.0,-90.0,-69.0,let go,False,57
694212,Samuel Basallo,2026,2004-08-13,C,L,Baltimore Orioles,112,399,360,80,10,1,18,40,54,32,4,0,0,106,3,51,1,12,0,63,12,0,0,0,0,34,21.0,399.0,26.6,8.0,0.222,0.406,0.291,0.184,0.259,0.234,0.439,0.303,0.318,0.296,0.205,0.375,0.401,-0.012,-0.033,-0.015,90.4,11.4,30.7,12.1,42.8,102.043554531,95.284916523,69.8,39.9,54.3,79.1,31.5,52.9,43.6,44.7,27.6,22.2,5.4,7.6,74.3,12.9,23.3,44.5,12.0,53.0,-3.0,24.7,4.85,19.0,20.0,41.0,257.0,65.9,60.7,samuel basallo,BAL,Samuel Basallo,BAL,"C,1B,DH",229.0,136.0,159.0,269.0,379.0,21.9,3.3839285714285716,0.949874686716792,208,C/1B,C,False,136.0,425.5,3.7174234694899297,-46.5,-0.3334948980613581,-72.0,False,False,171,False,47.842685935825614,16.935351773025165,1.5212386464728558,17.940723644676375,42.32258498622186,53.0796866595667,396.68227164578855,0.9941911570069888,-17.682271645788546,-0.04431647029019681,423.0,-44.0,"{'C': 423, 'SS': 594, '2B': 592, '3B': 571, '1B': 601, 'OF': 526, 'UT': 472}",0.949874686716792,0.41604010025062654,-5.114784618596195,40.44943820224719,19.101123595505616,22.09737827715356,21.34831460674157,18.352059925093627,0.0,27.06766917293233,48.1203007518797,0.015000000000000013,0.949874686716792,1,517,0.0,,0,False,0.599874686716792,,,,32.0,2.0,32.0,0.0,,32.0,2026-03-26,2026-09-21,112.0,166.0,135.0,31.0,479.0,0.83,0.0,0.0,0.15,,young / establishing,34.7,19.9,1.03,"22 years old, an age that jumps 18% of the time · avg EV 90.4 (81st pct) · deserved 0.99/PA on contact quality, got 0.95",xwOBA 0.318 (63rd) · barrels 12.1% (84th) · EV 90.4 (79th) · hard-hit 43% (71st) · K 27% (25th) · BB 8% (43rd) · chase 40% (8th) · bat speed 74.3 mph (82nd) · sprint 24.7 (3rd),"{""n"":20,""b"":3,""c"":[[""Francisco Alvarez"",2023,22,1.0,0.99,340,0],[""Andrew Vaughn"",2021,23,0.89,0.96,531,0],[""Patrick Bailey"",2023,24,0.95,0.94,422,0],[""Riley Greene"",2022,22,0.86,1.01,420,0],[""Zach Neto"",2023,22,0.88,1.08,649,1]]}",0.9770839643970877,0.009942511913038151,0.9770839643970877,434.0,0.974,424.0,586.0,118,135,GK,516.0,495.0,-92.0,-71.0,let go,False,58
605141,Mookie Betts,2026,1992-10-07,SS,R,Los Angeles Dodgers,123,528,478,123,25,0,23,71,69,47,2,2,3,58,1,75,9,0,0,0,0,0,0,122,0,0,33.0,528.0,11.0,8.9,0.257,0.454,0.326,0.197,0.251,0.278,0.435,0.338,0.339,0.341,0.157,0.345,0.347,-0.021,0.019,-0.001,90.2,17.9,40.4,7.8,38.0,98.722352796,93.725941924,61.5,20.3,64.6,94.8,12.5,41.3,40.1,32.8,32.8,27.8,6.7,7.0,69.7,12.9,41.6,8.8,8.2,57.0,12.0,26.7,4.58,28.0,27.0,68.0,421.0,73.9,61.2,mookie betts,LAD,Mookie Betts,LAD,SS,46.8,35.0,54.0,47.0,526.0,33.7,4.276422764227642,0.9962121212121212,119,SS,SS,False,35.0,645.6,4.468031239230923,-119.60000000000002,-0.1916084750032807,-84.0,False,False,120,True,93.55216651687982,21.05374776209442,0.8420049251717006,17.43608079585406,63.144393477608304,61.292171462854775,511.25056494046305,0.9682775851145133,14.74943505953695,0.027934536097607876,472.0,54.0,"{'C': 423, 'SS': 594, '2B': 592, '3B': 571, '1B': 601, 'OF': 526, 'UT': 472}",0.9962121212121212,0.6590909090909091,-0.6073704570568608,57.30337078651685,96.62921348314607,63.29588014981273,-39.32584269662922,-5.992509363295881,2.272727272727273,26.136363636363637,53.409090909090914,0.0010000000000000009,1.3088023088023089,6,3589,-0.31259018759018764,1.3088023088023089,5,True,-0.31259018759018764,0.6999999999999993,2.3,0.7999999999999972,36.0,1.0,140.0,0.0,Right oblique strain,67.2,2026-03-26,2026-09-27,123.0,163.0,130.0,33.0,658.0,0.946,0.0,0.0,0.15,,established,30.2,0.4,1.389,"528 PA, already has the job · avg EV 90.2 (78th pct) · got 1.00/PA but deserved 0.97 · barrel rate up 2.3 pts on last year",xwOBA 0.339 (82nd) · barrels 7.8% (55th) · EV 90.2 (76th) · hard-hit 38% (47th) · K 11% (97th) · BB 9% (53rd) · chase 20% (97th) · bat speed 69.7 mph (20th) · sprint 26.7 (29th),"{""n"":20,""b"":1,""c"":[[""Marcus Semien"",2025,35,0.92,0.82,449,0],[""Bryce Harper"",2025,33,1.09,1.07,741,0],[""Freddie Freeman"",2024,35,1.08,1.11,695,0],[""Freddie Freeman"",2025,36,1.11,0.99,651,0],[""Marcus Semien"",2024,34,0.93,0.92,489,0]]}",0.921046957467015,-0.04369876870972289,0.921046957467015,457.0,0.899,421.0,553.0,119,282,Dpf,516.0,495.0,-95.0,-74.0,let go,False,59
669003,Garrett Mitchell,2026,1998-09-04,OF,L,Milwaukee Brewers,145,531,461,121,30,4,11,74,65,60,6,14,10,167,1,76,3,0,4,0,0,0,0,0,140,3,27.0,531.0,31.5,11.3,0.262,0.416,0.354,0.154,0.387,0.268,0.447,0.34,0.353,0.356,0.179,0.456,0.478,-0.006,-0.031,-0.013,93.2,2.2,31.5,11.7,52.7,104.76725527,97.131320712,66.2,22.7,35.6,74.6,35.8,43.9,32.6,56.0,15.4,26.2,2.3,7.3,77.6,15.5,21.1,80.6,8.7,57.2,5.0,29.8,4.07,17.0,54.0,50.0,298.0,76.5,59.1,garrett mitchell,MIL,Garrett Mitchell,MIL,"CF,RF",636.7,286.0,954.0,485.0,565.0,27.8,3.896551724137931,1.064030131826742,104,OF,OF,False,286.0,172.67,2.6219512195121952,392.33000000000004,1.2746005046257358,182.0,True,False,54,False,75.14338951961935,29.67208105226952,3.3506693366029228,15.381860091508209,76.41973627553018,59.46277631573709,578.4975125912672,1.0894491762547405,-13.497512591267196,-0.025419044427998472,472.0,93.0,"{'C': 423, 'SS': 594, '2B': 592, '3B': 571, '1B': 601, 'OF': 526, 'UT': 472}",1.064030131826742,0.448210922787194,-0.6825316480646844,77.90262172284645,28.08988764044944,61.42322097378277,49.81273408239701,16.47940074906368,15.819209039548022,12.429378531073446,67.79661016949153,0.012999999999999956,1.1651785714285714,2,974,-0.1011484396018294,,1,False,0.714030131826742,,,,0.0,0.0,250.0,0.0,,121.5,2026-03-26,2026-09-27,145.0,165.0,165.0,0.0,521.0,0.879,0.0,0.0,0.15,,established,37.2,6.2,1.245,"avg EV 93.2 (97th pct) · 531 PA, already has the job · sprint 29.8 ft/s (97th pct)",xwOBA 0.353 (92nd) · barrels 11.7% (82nd) · EV 93.2 (97th) · hard-hit 53% (97th) · K 32% (10th) · BB 11% (82nd) · chase 23% (90th) · bat speed 77.6 mph (99th) · sprint 29.8 (97th),"{""n"":20,""b"":2,""c"":[[""Teoscar Hern\u00e1ndez"",2022,30,1.11,1.01,684,0],[""Jake Burger"",2023,27,1.05,0.96,554,0],[""Willson Contreras"",2021,29,1.02,1.06,514,0],[""Brandon Lowe"",2023,29,1.03,1.04,443,0],[""Shea Langeliers"",2024,27,1.07,1.19,622,1]]}",1.0407745887461255,-0.016978344977301236,1.0407745887461255,401.0,0.903,417.0,624.0,120,42,FA,516.0,495.0,-99.0,-78.0,let go,False,60
671732,Lawrence Butler,2026,2000-07-10,OF,L,Athletics,154,539,472,112,19,2,17,64,62,61,2,10,7,138,2,74,4,0,3,0,0,0,0,0,165,2,25.0,540.0,25.7,11.3,0.237,0.393,0.325,0.156,0.298,0.245,0.398,0.319,0.326,0.333,0.154,0.381,0.393,-0.008,-0.005,-0.007,89.7,7.7,30.8,8.6,44.8,101.710451198,95.129016997,68.4,24.6,58.6,78.8,26.7,45.8,36.7,51.8,21.3,21.9,5.0,7.0,73.6,11.2,20.1,37.5,5.7,42.0,2.0,26.7,4.46,27.0,42.0,42.0,338.0,74.8,62.2,lawrence butler,ATH,Lawrence Butler,ATH,"CF,RF",138.8,84.0,145.0,122.0,519.0,26.0,3.3701298701298703,0.9628942486085343,121,OF,OF,False,84.0,560.7627118644068,4.015944775657477,-41.76271186440681,-0.6458149055276068,-37.0,False,False,120,False,77.3070942296425,20.200997209697473,1.9087228916775243,16.22318566898249,63.101619246375506,60.89800967399635,522.9676289203718,0.9702553412251795,-3.9676289203717943,-0.007361092616645193,472.0,47.0,"{'C': 423, 'SS': 594, '2B': 592, '3B': 571, '1B': 601, 'OF': 526, 'UT': 472}",0.9628942486085343,0.45454545454545453,-2.0787542189138257,46.06741573033708,30.337078651685395,51.68539325842697,15.730337078651687,-5.617977528089888,11.131725417439704,18.923933209647497,67.90352504638219,0.007000000000000006,1.1507760532150777,3,1749,-0.18788180460654336,1.1507760532150777,2,True,-0.18788180460654336,-2.6999999999999993,-0.5999999999999996,-0.10000000000000853,0.0,0.0,0.0,0.0,,0.0,2026-03-27,2026-09-27,154.0,162.0,162.0,0.0,539.0,0.951,0.0,0.0,0.15,,established,34.4,3.5,1.231,"539 PA, already has the job · 26 years old, an age that jumps 4% of the time · avg EV 89.7 (70th pct)",xwOBA 0.326 (69th) · barrels 8.6% (62nd) · EV 89.7 (68th) · hard-hit 45% (80th) · K 26% (29th) · BB 11% (82nd) · chase 25% (84th) · bat speed 73.6 mph (74th) · sprint 26.7 (29th),"{""n"":20,""b"":0,""c"":[[""Bryan Reynolds"",2022,27,1.01,1.06,680,0],[""Bo Bichette"",2023,25,1.04,0.78,261,0],[""Ryan Jeffers"",2025,28,0.96,1.07,394,0],[""Mark Vientos"",2025,26,0.88,0.83,245,0],[""Brenton Doyle"",2025,27,0.96,1.04,232,0]]}",0.9490109257456426,-0.012888640320029626,0.9490109257456426,438.0,1.0,416.0,569.0,122,215,FA,516.0,495.0,-100.0,-79.0,let go,False,61
702332,Caleb Durbin,2026,2000-02-22,3B,R,Boston Red Sox,153,586,508,126,25,1,13,74,64,51,15,20,6,79,4,87,11,0,0,0,0,0,151,0,0,0,26.0,586.0,13.5,8.7,0.248,0.378,0.332,0.13,0.269,0.234,0.316,0.317,0.291,0.321,0.081,0.317,0.282,0.014,0.062,0.026,83.1,12.3,29.5,2.7,25.0,95.122217783,91.603408774,64.6,28.2,70.8,89.2,16.4,46.3,40.9,48.6,19.3,21.4,10.7,7.0,69.2,6.3,27.2,6.1,9.9,62.0,2.0,27.9,4.4,20.0,48.0,56.0,440.0,66.9,61.7,caleb durbin,BOS,Caleb Durbin,BOS,"2B,3B",230.0,138.0,229.0,199.0,571.0,26.4,3.7320261437908497,0.9744027303754266,99,3B,3B,False,138.0,425.5,3.7174234694899297,145.5,0.014602674300919993,39.0,True,False,54,False,95.63715893918165,13.854169939296188,0.8481833038626705,8.532487817659492,65.56020296419192,52.38907318308743,511.84127614727936,0.8734492767018419,59.15872385272064,0.10095345367358466,472.0,99.0,"{'C': 423, 'SS': 594, '2B': 592, '3B': 571, '1B': 601, 'OF': 526, 'UT': 472}",0.9744027303754266,0.5494880546075085,-0.4772596363841573,51.68539325842697,69.28838951310861,64.7940074906367,-17.602996254681642,-13.108614232209732,20.477815699658702,13.310580204778157,52.218430034129696,-0.026000000000000023,0.9881422924901185,2,1092,-0.013739562114691961,0.9881422924901185,1,False,-0.013739562114691961,3.5999999999999996,-1.2999999999999998,1.2999999999999972,0.0,0.0,0.0,0.0,,0.0,2026-03-26,2026-09-27,153.0,165.0,165.0,0.0,575.0,0.927,0.0,0.0,0.15,,established,25.8,4.2,1.068,"586 PA, already has the job · 26 years old, an age that jumps 4% of the time · 0.97/PA is his best rate yet, so the bar is one step up · bat speed up 1.3 mph",xwOBA 0.291 (30th) · barrels 2.7% (9th) · EV 83.1 (1st) · hard-hit 25% (5th) · K 14% (93rd) · BB 9% (51st) · chase 28% (65th) · bat speed 69.2 mph (15th) · sprint 27.9 (60th),"{""n"":20,""b"":1,""c"":[[""Sal Frelick"",2025,25,1.07,0.83,319,0],[""Raimel Tapia"",2021,27,1.02,0.94,409,0],[""Thairo Estrada"",2022,26,1.03,1.03,546,0],[""Nicky Lopez"",2021,26,1.01,0.74,354,0],[""Steven Kwan"",2022,25,1.05,0.98,706,0]]}",0.9269987909116042,-0.012888640320029626,0.9269987909116042,449.0,1.0,416.0,556.0,122,268,GK,516.0,495.0,-100.0,-79.0,let go,False,62
702222,Justin Crawford,2026,2004-01-13,OF,L,Philadelphia Phillies,149,465,425,112,19,5,3,48,41,27,3,17,4,82,4,85,1,0,2,0,0,0,0,0,146,1,22.0,465.0,17.6,5.8,0.264,0.353,0.309,0.089,0.317,0.257,0.328,0.294,0.284,0.305,0.072,0.328,0.316,0.007,0.025,0.01,87.1,1.1,28.6,2.0,35.1,98.072316272,93.092773145,69.3,37.6,71.8,88.0,17.7,53.3,28.9,58.9,16.4,21.0,3.7,7.0,69.2,9.6,26.7,6.1,3.5,39.4,-11.0,29.6,4.16,13.0,57.0,42.0,353.0,78.5,66.2,justin crawford,PHI,Justin Crawford,PHI,CF,284.4,170.0,278.0,291.0,435.0,22.5,2.9194630872483223,0.9354838709677419,174,OF,OF,False,170.0,394.0,3.4177922682813224,41.0,-0.49832918103300017,-4.0,False,False,132,False,90.90425473589966,11.239940268501865,1.8823552552973397,5.19844974030115,55.59038398694915,39.24219517310477,427.882579160054,0.920177589591514,7.117420839946021,0.015306281376227915,472.0,-37.0,"{'C': 423, 'SS': 594, '2B': 592, '3B': 571, '1B': 601, 'OF': 526, 'UT': 472}",0.9354838709677419,0.432258064516129,-4.251518821569375,35.2059925093633,24.344569288389515,31.086142322097377,10.861423220973784,4.1198501872659214,21.935483870967744,3.870967741935484,34.83870967741936,-0.010000000000000009,0.9354838709677419,1,465,0.0,,0,False,0.5854838709677419,,,,0.0,0.0,0.0,0.0,,0.0,2026-03-26,2026-09-27,149.0,163.0,163.0,0.0,462.0,0.914,0.0,0.0,0.15,,young / establishing,26.8,20.5,1.015,"22 years old, an age that jumps 18% of the time · sprint 29.6 ft/s (95th pct) · 465 PA in his first season, already has the job",xwOBA 0.284 (23rd) · barrels 2.0% (5th) · EV 87.1 (25th) · hard-hit 35% (33rd) · K 18% (80th) · BB 6% (19th) · chase 38% (14th) · bat speed 69.2 mph (15th) · sprint 29.6 (95th),"{""n"":20,""b"":2,""c"":[[""Alek Thomas"",2022,22,0.84,0.93,374,0],[""Bryson Stott"",2022,25,0.91,1.07,683,1],[""Masyn Winn"",2024,22,0.94,0.91,491,0],[""Brice Turang"",2023,24,0.89,1.07,661,1],[""Alek Thomas"",2023,23,0.93,0.98,101,0]]}",0.9722962277286049,0.009942511913038151,0.9722962277286049,428.0,1.0,416.0,583.0,122,149,FA,516.0,495.0,-100.0,-79.0,let go,False,63
677649,Ezequiel Duran,2026,1999-05-22,SS,R,Texas Rangers,153,597,539,140,27,4,17,71,83,46,5,12,4,141,6,92,6,0,2,0,3,37,57,53,53,0,27.0,597.0,23.6,7.7,0.26,0.419,0.32,0.159,0.318,0.243,0.369,0.324,0.3,0.307,0.126,0.389,0.354,0.017,0.05,0.024,89.0,12.0,34.1,6.0,38.8,99.527392222,93.948516937,70.1,35.5,56.4,83.8,26.2,51.8,37.5,46.9,23.0,23.2,6.9,7.2,72.6,9.4,21.4,27.8,7.0,44.1,9.0,28.9,4.28,28.0,53.0,59.0,405.0,74.9,67.8,ezequiel duran,TEX,,,,,,,,605.0,27.1,3.954248366013072,1.0134003350083751,77,1B/2B/3B/SS/OF,2B/3B/SS/OF,True,339.0,172.67,2.396692273871662,432.33000000000004,1.55755609214141,262.0,True,False,42,False,93.60232555466769,20.855533943705087,2.498955448586785,14.020185053040445,72.991462950133,59.83744528590312,547.6969082360362,0.9174152566767775,57.303091763963835,0.09598507833159764,472.0,133.0,"{'C': 423, 'SS': 594, '2B': 592, '3B': 571, '1B': 601, 'OF': 526, 'UT': 472}",1.0134003350083751,0.49748743718592964,0.5686677273114951,62.172284644194754,49.063670411985015,75.65543071161048,13.108614232209739,-13.483146067415724,12.06030150753769,17.08542713567839,46.23115577889447,-0.02400000000000002,1.0134003350083751,5,1760,0.0,1.0022779043280183,4,False,0.011122430680356787,-1.5,3.4,1.0999999999999943,0.0,0.0,0.0,0.0,,0.0,2026-03-26,2026-09-27,153.0,162.0,162.0,0.0,597.0,0.944,0.0,0.0,0.15,,established,31.1,5.5,1.093,"597 PA, already has the job · 1.01/PA is his best rate yet, so the bar is one step up · sprint 28.9 ft/s (87th pct) · barrel rate up 3.4 pts on last year · bat speed up 1.1 mph",xwOBA 0.300 (41st) · barrels 6.0% (36th) · EV 89.0 (55th) · hard-hit 39% (51st) · K 24% (44th) · BB 8% (38th) · chase 36% (22nd) · bat speed 72.6 mph (60th) · sprint 28.9 (86th),"{""n"":20,""b"":1,""c"":[[""Austin Hays"",2023,28,1.03,0.88,225,0],[""Matt Vierling"",2024,28,0.98,0.83,83,0],[""Tyler Stephenson"",2024,28,1.06,1.01,344,0],[""Tommy Edman"",2022,27,1.07,1.04,547,0],[""Jeremy Pe\u00f1a"",2024,27,0.96,1.13,613,1]]}",0.9469531861763875,-0.020371427220405795,0.9469531861763875,438.0,1.0,415.0,568.0,124,219,CJF,516.0,495.0,-101.0,-80.0,let go,False,64
694249,Cole Carrigg,2026,2002-05-08,OF,S,Colorado Rockies,93,372,333,93,22,4,12,50,53,28,5,11,5,89,4,55,6,0,5,0,0,0,0,22,85,0,24.0,372.0,23.9,7.5,0.279,0.477,0.341,0.198,0.343,0.25,0.407,0.352,0.316,0.313,0.157,0.434,0.381,0.029,0.07,0.036,88.1,16.5,37.2,6.4,37.6,99.173843115,93.743895615,74.0,36.3,57.1,85.3,25.2,53.4,48.4,37.6,28.8,26.8,6.8,7.5,73.2,9.5,19.1,34.7,12.2,50.5,11.0,28.7,4.24,17.0,30.0,45.0,250.0,85.0,61.4,cole carrigg,COL,,,,,,,,425.0,24.1,4.56989247311828,1.14247311827957,180,SS/OF,SS/OF,True,339.0,172.67,2.396692273871662,252.33,2.173200199246618,159.0,False,False,167,False,54.10242877853385,16.481492756806627,2.198728150785196,10.467350313874329,47.34761000873367,40.628869440099734,376.75747944883335,1.012788923249552,48.24252055116665,0.12968419503001805,472.0,-47.0,"{'C': 423, 'SS': 594, '2B': 592, '3B': 571, '1B': 601, 'OF': 526, 'UT': 472}",1.14247311827957,0.5698924731182796,-2.6539684540125865,93.63295880149812,77.15355805243446,46.06741573033708,16.479400749063657,47.56554307116104,17.741935483870968,19.35483870967742,45.16129032258065,-0.035999999999999976,1.14247311827957,1,372,0.0,,0,False,0.79247311827957,,,,0.0,0.0,0.0,0.0,,0.0,2026-06-09,2026-09-27,93.0,96.0,96.0,0.0,628.0,0.969,74.0,1.0,0.15,,young / establishing,55.4,5.0,1.222,"24 years old, an age that jumps 8% of the time · sprint 28.7 ft/s (83rd pct) · avg EV 88.1 (44th pct)",xwOBA 0.316 (60th) · barrels 6.4% (41st) · EV 88.1 (42nd) · hard-hit 38% (44th) · K 24% (41st) · BB 8% (35th) · chase 36% (19th) · bat speed 73.2 mph (68th) · sprint 28.7 (83rd),"{""n"":20,""b"":0,""c"":[[""Bo Naylor"",2023,23,1.14,0.89,348,0],[""Jake McCarthy"",2022,25,1.21,1.02,318,0],[""Akil Baddoo"",2021,23,1.1,0.81,183,0],[""Zack Gelof"",2023,24,1.16,0.92,504,0],[""Tyler Stephenson"",2021,25,1.03,1.26,230,0]]}",1.0285816129474823,0.00019966633770723946,1.0285816129474823,402.0,1.0,413.0,617.0,125,50,BB,516.0,495.0,-103.0,-82.0,let go,False,65
808982,Jung Hoo Lee,2026,1998-08-20,OF,L,San Francisco Giants,143,579,539,149,31,4,10,65,57,29,7,12,1,57,4,104,3,0,4,0,0,0,0,0,146,4,27.0,579.0,9.8,5.0,0.276,0.404,0.32,0.128,0.292,0.288,0.382,0.317,0.315,0.33,0.095,0.326,0.324,-0.012,0.022,0.002,87.5,11.3,36.0,2.3,31.5,96.907185726,92.569166245,64.0,31.1,74.1,93.9,12.5,47.7,37.7,43.6,22.6,29.0,4.7,7.7,68.5,8.7,35.8,3.6,4.7,40.4,0.0,27.5,4.3,24.0,46.0,79.0,486.0,68.6,62.7,jung hoo lee,SF,Jung Hoo Lee,SF,"CF,RF",249.2,153.0,282.0,226.0,566.0,27.9,3.958041958041958,0.9775474956822107,103,OF,OF,False,153.0,425.5,3.7174234694899297,140.5,0.24061848855202816,50.0,True,False,54,False,124.77542579325267,19.028227124557393,2.1082683711272217,9.320078711062719,66.42143442810048,56.50102064792476,561.5914550760252,0.9699334284560022,4.408544923974773,0.0076140672262084985,472.0,94.0,"{'C': 423, 'SS': 594, '2B': 592, '3B': 571, '1B': 601, 'OF': 526, 'UT': 472}",0.9775474956822107,0.5595854922279793,-1.3766141111869226,52.43445692883895,73.03370786516854,58.80149812734082,-20.59925093632959,-6.367041198501873,12.435233160621761,10.362694300518134,30.05181347150259,-0.0020000000000000018,0.9775474956822107,2,1354,0.0,0.9708265802269044,1,True,0.006720915455306287,-1.6999999999999993,-1.4000000000000004,0.20000000000000284,13.0,2.0,152.0,0.0,Groin contusion,54.699999999999996,2026-03-25,2026-09-20,143.0,165.0,152.0,13.0,617.0,0.941,0.0,0.0,0.15,,established,27.6,9.8,1.058,"579 PA, already has the job · 0.98/PA is his best rate yet, so the bar is one step up · avg EV 87.5 (34th pct)",xwOBA 0.315 (59th) · barrels 2.3% (7th) · EV 87.5 (32nd) · hard-hit 32% (19th) · K 10% (98th) · BB 5% (11th) · chase 31% (46th) · bat speed 68.5 mph (9th) · sprint 27.5 (49th),"{""n"":20,""b"":1,""c"":[[""Isiah Kiner-Falefa"",2022,27,0.92,0.94,339,0],[""Brendan Donovan"",2024,28,0.96,0.97,498,0],[""Ernie Clement"",2025,29,0.92,0.82,508,0],[""Alex Verdugo"",2023,27,0.99,0.86,533,0],[""Andrew Benintendi"",2022,28,0.99,0.91,566,0]]}",0.9209693548831419,-0.016978344977301236,0.9209693548831419,446.0,0.956,411.0,553.0,126,282,GLIZZY,516.0,495.0,-105.0,-84.0,let go,False,66
621020,Dansby Swanson,2026,1994-02-11,SS,R,Chicago Cubs,126,486,428,91,16,3,19,82,69,51,2,17,1,115,4,53,8,0,0,0,0,0,0,124,0,1,32.0,486.0,23.7,10.5,0.213,0.397,0.297,0.184,0.242,0.22,0.38,0.305,0.301,0.303,0.16,0.35,0.346,-0.007,0.017,0.004,89.2,15.5,28.9,7.3,40.6,99.322246962,93.934010571,70.9,26.4,44.3,80.1,30.4,47.5,50.0,43.1,29.9,19.8,7.2,7.6,71.5,9.9,25.9,9.8,15.7,53.8,-3.0,28.3,4.34,24.0,27.0,39.0,318.0,83.8,58.2,dansby swanson,CHC,Dansby Swanson,CHC,SS,161.4,95.0,140.0,126.0,508.0,32.4,4.031746031746032,1.045267489711934,128,SS,SS,False,95.0,560.7627118644068,4.015944775657477,-52.76271186440681,0.01580125608855454,-33.0,False,False,120,False,59.22714899358684,17.065636550131956,2.18727991897556,15.679934537305641,59.70672265807319,53.27069949731842,465.7774221553916,0.9583897575213819,42.222577844608395,0.08687773219055217,472.0,36.0,"{'C': 423, 'SS': 594, '2B': 592, '3B': 571, '1B': 601, 'OF': 526, 'UT': 472}",1.045267489711934,0.5637860082304527,-0.42400384017191506,73.03370786516854,76.02996254681648,65.54307116104869,-2.9962546816479403,7.490636704119851,20.987654320987655,23.45679012345679,62.96296296296296,-0.0040000000000000036,1.0862068965517242,6,3711,-0.04093940683979014,1.0862068965517242,5,True,-0.04093940683979014,-2.3000000000000007,-4.3999999999999995,0.5999999999999943,32.0,1.0,42.0,0.0,Left oblique strain,35.0,2026-03-26,2026-09-27,126.0,165.0,136.0,29.0,579.0,0.926,0.0,0.0,0.15,,established,30.1,0.3,1.166,"486 PA, already has the job · sprint 28.3 ft/s (74th pct) · avg EV 89.2 (61st pct)",xwOBA 0.301 (42nd) · barrels 7.3% (50th) · EV 89.2 (58th) · hard-hit 41% (59th) · K 24% (43rd) · BB 10% (74th) · chase 26% (74th) · bat speed 71.5 mph (42nd) · sprint 28.3 (72nd),"{""n"":20,""b"":0,""c"":[[""Jake Cronenworth"",2025,31,0.9,0.84,358,0],[""Brandon Nimmo"",2025,32,1.06,0.92,601,0],[""Eugenio Su\u00e1rez"",2024,33,1.03,1.08,709,0],[""Cedric Mullins"",2025,31,1.01,0.92,462,0],[""Teoscar Hern\u00e1ndez"",2025,33,1.04,1.03,504,0]]}",0.9696374316302574,-0.035407766755750046,0.9696374316302574,423.0,0.972,410.0,582.0,127,155,Dan,516.0,495.0,-106.0,-85.0,let go,False,67
691594,Javier Sanoja,2026,2002-09-03,3B,R,Miami Marlins,144,490,461,136,32,5,11,50,69,27,0,11,5,39,1,88,15,0,1,0,0,22,119,11,27,0,23.0,490.0,8.0,5.5,0.295,0.458,0.333,0.163,0.303,0.273,0.359,0.342,0.295,0.31,0.086,0.353,0.298,0.022,0.099,0.047,87.1,12.0,33.5,2.8,32.3,97.327541304,92.69141843,66.2,39.6,81.9,92.4,11.8,52.3,40.1,43.2,19.3,27.6,9.9,7.4,69.3,9.5,33.4,8.1,5.0,52.0,11.0,28.6,4.25,11.0,52.0,72.0,424.0,72.4,67.6,javier sanoja,MIA,Javier Sanoja,MIA,"2B,3B,SS,LF,CF,RF",759.0,304.0,1224.0,,513.0,23.8,3.5625,1.046938775510204,125,2B/3B/SS/OF,2B/3B/OF,False,304.0,172.67,2.396692273871662,340.33000000000004,1.165807726128338,179.0,True,False,120,False,102.4231201596831,14.405408006512461,1.8328235079258026,7.191648325878643,57.065729215650634,45.03976721162386,440.4574964272745,0.8988928498515807,72.54250357272548,0.1480459256586233,472.0,41.0,"{'C': 423, 'SS': 594, '2B': 592, '3B': 571, '1B': 601, 'OF': 526, 'UT': 472}",1.046938775510204,0.6714285714285714,-1.07216419570028,73.40823970037454,97.37827715355806,59.55056179775281,-23.970037453183522,13.857677902621724,13.46938775510204,13.46938775510204,33.06122448979592,-0.04700000000000004,1.046938775510204,2,868,0.0,0.935672514619883,1,False,0.11126626089032099,-4.0,0.9999999999999998,1.0,0.0,0.0,0.0,0.0,,0.0,2026-03-27,2026-09-27,144.0,162.0,162.0,0.0,490.0,0.889,0.0,0.0,0.15,,young / establishing,27.0,12.0,1.127,"24 years old, an age that jumps 8% of the time · 1.05/PA is his best rate yet, so the bar is one step up · 490 PA, already has the job · bat speed up 1.0 mph",xwOBA 0.295 (35th) · barrels 2.8% (11th) · EV 87.1 (25th) · hard-hit 32% (21st) · K 8% (99th) · BB 6% (17th) · chase 40% (8th) · bat speed 69.3 mph (17th) · sprint 28.6 (80th),"{""n"":20,""b"":2,""c"":[[""Jacob Wilson"",2025,23,1.02,0.92,310,0],[""Sal Frelick"",2025,25,1.07,0.83,319,0],[""Geraldo Perdomo"",2024,25,0.97,1.13,814,1],[""Steven Kwan"",2022,25,1.05,0.98,706,0],[""Nicky Lopez"",2021,26,1.01,0.74,354,0]]}",0.9749764863322763,0.00019966633770723946,0.9749764863322763,420.0,1.0,409.0,585.0,128,139,CS,516.0,495.0,-107.0,-86.0,let go,False,68
680757,Steven Kwan,2026,1997-09-05,OF,L,Cleveland Guardians,151,637,539,152,21,3,3,80,32,85,4,10,3,62,3,125,3,0,11,0,0,0,0,0,186,3,28.0,637.0,9.7,13.3,0.282,0.349,0.382,0.067,0.312,0.278,0.343,0.334,0.329,0.377,0.066,0.31,0.304,0.004,0.006,0.005,83.9,12.8,40.6,0.4,10.5,92.155845128,90.116779572,51.2,19.8,82.6,95.2,8.2,35.7,27.0,41.9,22.3,30.9,4.9,6.2,62.4,1.6,42.8,0.3,1.6,31.7,10.0,27.4,4.29,16.0,50.0,85.0,485.0,62.1,56.9,steven kwan,CLE,Steven Kwan,CLE,"LF,CF",147.2,90.0,153.0,123.0,590.0,28.8,3.9072847682119205,0.9262166405023547,88,OF,OF,False,90.0,560.7627118644068,4.015944775657477,29.23728813559319,-0.1086600074455566,2.0,False,False,53,False,128.1556538321219,13.952119992730013,1.5807985181743014,6.153427656973795,73.80649551286497,55.98094171925027,603.0454372321153,0.9466961338023788,-13.045437232115319,-0.020479493300024076,472.0,118.0,"{'C': 423, 'SS': 594, '2B': 592, '3B': 571, '1B': 601, 'OF': 526, 'UT': 472}",0.9262166405023547,0.5227629513343799,-2.621200812963848,30.711610486891384,59.55056179775281,47.19101123595505,-28.83895131086143,-16.479400749063668,9.419152276295133,2.82574568288854,80.06279434850865,-0.0050000000000000044,1.0777777777777777,5,3226,-0.15156113727542297,1.0777777777777777,4,True,-0.15156113727542297,1.0,-1.5,-1.1000000000000014,0.0,0.0,33.0,0.0,,9.9,2026-03-26,2026-09-26,151.0,166.0,166.0,0.0,622.0,0.91,0.0,0.0,0.15,,established,26.7,0.3,1.158,"637 PA, already has the job · deserved 0.95/PA on contact quality, got 0.93 · already 29, an age that jumps 4% of the time",xwOBA 0.329 (73rd) · barrels 0.4% (0th) · EV 83.9 (2nd) · hard-hit 10% (0th) · K 10% (99th) · BB 13% (94th) · chase 20% (98th) · bat speed 62.4 mph (0th) · sprint 27.4 (48th),"{""n"":20,""b"":0,""c"":[[""Luis Arraez"",2025,28,0.92,0.96,627,0],[""Luis Arraez"",2024,27,0.94,0.92,619,0],[""Nico Hoerner"",2024,27,1.01,1.07,693,0],[""Ozzie Albies"",2025,28,0.92,0.88,604,0],[""J.P. Crawford"",2025,30,0.88,0.81,394,0]]}",0.8403327238755244,-0.026285818839922398,0.8403327238755244,483.0,0.992,406.0,504.0,129,441,Dan,516.0,495.0,-110.0,-89.0,let go,False,69
680869,Zack Gelof,2026,1999-10-19,3B,R,Athletics,111,435,394,101,16,2,22,76,55,31,7,16,3,107,0,61,9,0,0,0,0,19,70,0,37,2,26.0,435.0,24.6,7.1,0.256,0.475,0.322,0.219,0.298,0.236,0.437,0.346,0.323,0.304,0.201,0.428,0.392,0.02,0.038,0.023,89.7,16.2,29.3,10.8,42.8,100.062189716,94.348921388,67.3,25.3,57.4,75.8,29.2,46.7,39.3,43.4,30.7,18.6,7.2,7.3,73.8,10.7,23.9,32.1,14.5,62.4,12.0,28.8,4.34,30.0,31.0,40.0,290.0,79.8,60.5,zack gelof,ATH,Zack Gelof,ATH,"2B,3B,LF,CF",703.7,294.0,1212.0,471.0,496.0,26.7,4.468468468468468,1.1402298850574712,134,2B/3B/OF,3B/OF,False,294.0,172.67,2.4,323.33000000000004,2.068468468468468,160.0,True,False,120,False,53.363705241874776,18.87168932966435,1.9235056150469563,18.82509981341391,57.863779750998006,52.49417521476066,452.51995496575864,1.040275758541974,43.48004503424136,0.09995412651549729,472.0,24.0,"{'C': 423, 'SS': 594, '2B': 592, '3B': 571, '1B': 601, 'OF': 526, 'UT': 472}",1.1402298850574712,0.593103448275862,0.09387221778830507,93.25842696629213,84.6441947565543,70.78651685393258,8.614232209737835,22.471910112359552,22.06896551724138,30.344827586206897,42.758620689655174,-0.022999999999999965,1.16,3,1383,-0.01977011494252867,,2,False,0.7902298850574713,,,,40.0,2.0,305.0,0.0,Right knee laceration,151.9,2026-04-10,2026-09-27,111.0,150.0,115.0,35.0,613.0,0.965,14.0,0.0,0.15,,established,33.4,2.6,1.24,"sprint 28.8 ft/s (85th pct) · avg EV 89.7 (70th pct) · 435 PA, already has the job",xwOBA 0.323 (68th) · barrels 10.8% (78th) · EV 89.7 (68th) · hard-hit 43% (71st) · K 25% (35th) · BB 7% (32nd) · chase 25% (81st) · bat speed 73.8 mph (76th) · sprint 28.8 (84th),"{""n"":20,""b"":0,""c"":[[""Chas McCormick"",2023,28,1.19,0.86,230,0],[""Shea Langeliers"",2025,28,1.19,1.09,510,0],[""Randy Arozarena"",2022,27,1.13,1.12,732,0],[""Wilyer Abreu"",2025,26,1.09,1.01,686,0],[""Mickey Moniak"",2025,27,1.13,1.01,441,0]]}",1.0099850800381294,-0.020371427220405795,1.0099850800381294,400.0,0.878,404.0,606.0,130,86,LTTA,516.0,495.0,-112.0,-91.0,let go,False,70
686527,Dominic Canzone,2026,1997-08-16,DH,L,Seattle Mariners,146,533,477,126,28,4,23,60,77,48,5,2,1,110,3,71,3,0,5,0,0,0,0,0,45,95,28.0,533.0,20.6,9.0,0.264,0.484,0.336,0.22,0.297,0.273,0.491,0.354,0.359,0.342,0.219,0.411,0.417,-0.009,-0.007,-0.005,91.1,10.6,35.7,12.2,44.9,102.30065773,95.598142703,62.0,34.5,57.7,83.6,26.4,47.3,38.9,44.3,27.8,22.4,5.4,7.4,74.3,15.4,26.7,43.4,13.2,54.3,13.0,26.4,4.5,36.0,35.0,54.0,370.0,67.9,62.3,dominic canzone,SEA,Dominic Canzone,SEA,"LF,RF,DH",360.8,220.0,332.0,364.0,560.0,28.9,3.835616438356164,1.050656660412758,107,OF,OF,False,220.0,340.5483870967742,3.0867599025400003,219.4516129032258,0.7488565358161638,113.0,True,False,118,False,74.75059098535732,29.256317729806106,3.4355915843158344,22.778499700520737,67.59735276903656,70.97120900995958,569.4735617789961,1.0684306975215687,-9.4735617789961,-0.017774037108810647,472.0,88.0,"{'C': 423, 'SS': 594, '2B': 592, '3B': 571, '1B': 601, 'OF': 526, 'UT': 472}",1.050656660412758,0.5778611632270169,-0.5833885232407974,74.90636704119851,80.52434456928839,63.670411985018724,-5.617977528089881,11.235955056179783,2.25140712945591,25.891181988742964,54.03377110694184,0.0050000000000000044,1.0817843866171004,2,1172,-0.031127726204342343,1.0817843866171004,1,False,-0.031127726204342343,-1.2999999999999972,-2.3000000000000007,1.2000000000000028,0.0,0.0,59.0,0.0,,17.7,2026-03-26,2026-09-27,146.0,162.0,162.0,0.0,533.0,0.901,0.0,0.0,0.15,,established,36.1,8.5,1.162,"533 PA, already has the job · avg EV 91.1 (88th pct) · deserved 1.07/PA on contact quality, got 1.05 · bat speed up 1.2 mph",xwOBA 0.359 (93rd) · barrels 12.2% (84th) · EV 91.1 (87th) · hard-hit 45% (81st) · K 21% (62nd) · BB 9% (54th) · chase 34% (26th) · bat speed 74.3 mph (82nd) · sprint 26.4 (23rd),"{""n"":20,""b"":0,""c"":[[""Willson Contreras"",2022,30,1.06,1.08,537,0],[""Seiya Suzuki"",2023,29,1.07,1.13,663,0],[""Josh Bell"",2021,29,1.04,0.94,606,0],[""Taylor Ward"",2023,30,1.01,0.97,640,0],[""Carlos Correa"",2022,28,0.99,0.87,505,0]]}",1.0015359537624493,-0.026285818839922398,1.0015359537624493,402.0,0.986,403.0,601.0,131,99,GK,516.0,495.0,-113.0,-92.0,let go,False,71
664761,Alec Bohm,2026,1996-08-03,3B,R,Philadelphia Phillies,155,629,567,141,29,1,15,58,88,48,9,2,0,88,5,96,14,0,0,0,50,0,106,0,0,0,29.0,629.0,14.0,7.6,0.249,0.383,0.315,0.134,0.269,0.265,0.412,0.309,0.327,0.33,0.147,0.319,0.344,-0.016,-0.029,-0.018,90.6,8.6,33.7,6.0,43.8,100.305319174,94.542656273,66.3,26.0,70.3,88.7,16.6,46.0,28.7,47.3,23.1,24.8,4.8,7.2,71.1,13.6,34.1,14.0,5.1,45.7,-2.0,26.5,4.69,26.0,41.0,74.0,484.0,73.5,61.5,alec bohm,PHI,Alec Bohm,PHI,"1B,3B",229.6,137.0,239.0,214.0,553.0,29.9,3.567741935483871,0.8791732909379968,110,1B/3B,1B/3B,False,137.0,425.5,3.7174234694899297,127.5,-0.14968153400605866,27.0,True,False,120,False,102.99426057739898,28.41487809910094,1.6034620696011759,17.2423992538989,72.05390804336983,71.13647555413512,576.0493835975049,0.9158177799642366,-23.049383597504857,-0.036644489026239846,472.0,81.0,"{'C': 423, 'SS': 594, '2B': 592, '3B': 571, '1B': 601, 'OF': 526, 'UT': 472}",0.8791732909379968,0.5166931637519873,-1.6072629641955058,14.232209737827715,56.17977528089888,56.17977528089888,-41.947565543071164,-41.947565543071164,1.9077901430842608,14.308426073131956,45.786963434022255,0.018000000000000016,1.0114566284779052,6,3398,-0.1322833375399084,1.0114566284779052,5,True,-0.1322833375399084,-2.3000000000000007,-0.20000000000000018,-0.6000000000000085,0.0,0.0,48.0,0.0,,26.099999999999998,2026-03-26,2026-09-27,155.0,163.0,163.0,0.0,625.0,0.951,0.0,0.0,0.15,,established,31.8,1.7,1.091,"629 PA, already has the job · avg EV 90.6 (83rd pct) · deserved 0.92/PA on contact quality, got 0.88",xwOBA 0.327 (70th) · barrels 6.0% (36th) · EV 90.6 (82nd) · hard-hit 44% (77th) · K 14% (92nd) · BB 8% (37th) · chase 26% (77th) · bat speed 71.1 mph (36th) · sprint 26.5 (25th),"{""n"":20,""b"":0,""c"":[[""Ty France"",2025,31,0.86,1.07,533,0],[""J.P. Crawford"",2025,30,0.88,0.81,394,0],[""Gleyber Torres"",2025,28,0.94,0.89,374,0],[""Carlos Correa"",2025,31,0.88,1.01,143,0],[""Nathaniel Lowe"",2024,29,0.94,0.88,537,0]]}",0.9197178470117697,-0.01977893541086498,0.9197178470117697,438.0,0.979,403.0,552.0,131,287,CS,516.0,495.0,-113.0,-92.0,let go,False,72
572233,Christian Walker,2026,1991-03-28,1B,R,Houston Astros,156,635,571,129,26,1,29,73,87,51,10,0,0,147,3,73,3,0,0,0,154,0,0,0,0,2,35.0,635.0,23.1,8.0,0.226,0.427,0.299,0.201,0.251,0.227,0.396,0.316,0.305,0.297,0.169,0.372,0.355,-0.001,0.031,0.011,89.0,14.6,31.9,9.6,40.7,101.069259249,94.709357676,73.1,31.6,46.6,83.5,29.1,50.4,41.2,42.9,28.1,21.3,7.7,7.4,74.4,11.8,20.3,43.7,7.7,47.6,4.0,25.9,4.69,29.0,46.0,54.0,427.0,80.1,57.8,christian walker,HOU,Christian Walker,HOU,1B,195.2,115.0,196.0,154.0,591.0,35.3,3.7884615384615383,0.9307086614173228,87,1B,1B,False,115.0,560.7627118644068,4.015944775657477,30.23728813559319,-0.22748323719593877,28.0,False,False,53,False,80.57722608060757,24.573573394876533,1.4731749684241449,22.99302555609173,68.36688983766676,75.89673179215094,557.9966216298177,0.8787348372123114,33.003378370182304,0.0519738242050114,472.0,119.0,"{'C': 423, 'SS': 594, '2B': 592, '3B': 571, '1B': 601, 'OF': 526, 'UT': 472}",0.9307086614173228,0.48503937007874015,-0.34082964198246946,32.958801498127336,43.82022471910113,67.04119850187266,-10.86142322097379,-34.08239700374532,0.0,27.401574803149607,48.188976377952756,-0.01100000000000001,1.1028744326777609,6,3600,-0.17216577126043808,1.1028744326777609,5,True,-0.17216577126043808,-4.599999999999998,-3.3000000000000007,0.30000000000001137,0.0,0.0,35.0,0.0,,10.5,2026-03-26,2026-09-27,156.0,163.0,163.0,0.0,631.0,0.957,0.0,0.0,0.15,,established,33.6,0.2,1.183,"635 PA, already has the job · avg EV 89.0 (58th pct) · got 0.93/PA but deserved 0.88",xwOBA 0.305 (48th) · barrels 9.6% (69th) · EV 89.0 (55th) · hard-hit 41% (60th) · K 23% (48th) · BB 8% (43rd) · chase 32% (42nd) · bat speed 74.4 mph (83rd) · sprint 25.9 (14th),"{""n"":20,""b"":0,""c"":[[""Marcus Semien"",2025,35,0.92,0.82,449,0],[""Teoscar Hern\u00e1ndez"",2025,33,1.04,1.03,504,0],[""Jos\u00e9 Abreu"",2023,36,0.89,0.47,56,0],[""Jose Altuve"",2025,35,1.01,0.89,511,0],[""Mike Yastrzemski"",2025,35,0.96,0.89,365,0]]}",0.8785990915450166,-0.05989080447742173,0.8785990915450166,456.0,0.942,401.0,527.0,133,382,FA,516.0,495.0,-115.0,-94.0,let go,False,73
571970,Max Muncy,2026,1990-08-25,3B,L,Los Angeles Dodgers,149,561,488,123,27,1,29,81,76,65,7,3,0,140,1,66,15,0,0,0,0,0,145,0,0,2,35.0,561.0,25.0,11.6,0.252,0.49,0.348,0.238,0.294,0.242,0.47,0.361,0.349,0.333,0.227,0.441,0.421,0.01,0.02,0.012,89.9,17.5,35.8,12.9,45.8,101.023217371,94.921257221,65.7,25.8,47.1,81.0,29.2,44.9,51.3,37.5,32.7,22.6,7.2,7.0,71.3,11.5,24.9,14.1,17.1,49.7,22.0,27.2,4.42,38.0,33.0,52.0,349.0,75.2,55.6,max muncy,LAD,Max Muncy,LAD,3B,232.0,141.0,234.0,239.0,585.0,35.8,3.9261744966442955,1.0427807486631016,93,3B,3B,False,141.0,425.5,3.7174234694899297,159.5,0.20875102715436578,48.0,True,False,53,False,61.51392215496109,28.644003920250068,1.6822256946165792,26.255848230172266,73.0412824311472,73.86427525643956,559.8735576875868,0.9979920814395485,25.126442312413246,0.044788667223553014,472.0,113.0,"{'C': 423, 'SS': 594, '2B': 592, '3B': 571, '1B': 601, 'OF': 526, 'UT': 472}",1.0427807486631016,0.5775401069518716,0.9863774722520582,71.53558052434457,79.7752808988764,80.14981273408239,-8.239700374531836,-8.614232209737821,3.2085561497326203,31.016042780748666,69.5187165775401,-0.01200000000000001,1.135135135135135,6,2978,-0.09235438647203353,1.135135135135135,5,True,-0.09235438647203353,3.6000000000000014,-0.6999999999999993,0.20000000000000284,0.0,0.0,150.0,0.0,,61.8,2026-03-26,2026-09-27,149.0,163.0,163.0,0.0,558.0,0.914,0.0,0.0,0.15,,established,33.2,0.4,1.215,"561 PA, already has the job · avg EV 89.9 (73rd pct) · sprint 27.2 ft/s (43rd pct)",xwOBA 0.349 (90th) · barrels 12.9% (90th) · EV 89.9 (71st) · hard-hit 46% (84th) · K 25% (34th) · BB 12% (85th) · chase 26% (78th) · bat speed 71.3 mph (38th) · sprint 27.2 (42nd),"{""n"":20,""b"":0,""c"":[[""Christian Walker"",2024,33,1.03,0.93,596,0],[""Freddie Freeman"",2025,36,1.11,0.99,651,0],[""Willson Contreras"",2025,33,1.01,1.1,590,0],[""Christian Walker"",2025,34,0.93,0.93,591,0],[""Mike Yastrzemski"",2025,35,0.96,0.89,365,0]]}",0.9532117167874434,-0.06305677842196104,0.9532117167874434,420.0,0.903,400.0,572.0,134,194,Dpf,516.0,495.0,-116.0,-95.0,let go,False,74
679529,Spencer Torkelson,2026,1999-08-26,1B,R,Detroit Tigers,159,612,526,121,28,1,26,66,77,71,10,1,1,194,4,66,4,0,0,0,156,0,0,0,0,1,26.0,612.0,31.7,11.6,0.23,0.435,0.331,0.205,0.306,0.211,0.392,0.337,0.314,0.315,0.182,0.443,0.402,0.019,0.043,0.023,89.5,20.0,40.8,12.2,42.0,100.004777083,94.454666358,65.0,21.5,33.7,79.9,32.4,42.3,47.9,31.5,36.0,25.3,7.1,7.7,73.1,10.0,21.3,25.5,14.7,50.9,7.0,26.5,4.73,34.0,30.0,57.0,336.0,76.5,58.7,spencer torkelson,DET,Spencer Torkelson,DET,1B,180.8,107.0,178.0,129.0,573.0,26.8,3.6037735849056602,0.9362745098039216,98,1B,1B,False,107.0,560.7627118644068,4.015944775657477,12.23728813559319,-0.41217119075181685,9.0,False,False,53,False,60.99015818677718,26.36891018544068,1.5177050687870615,22.109226558995065,70.39305740533726,73.24151285895529,541.3385702642925,0.884540147490674,31.661429735707543,0.05173436231324757,472.0,101.0,"{'C': 423, 'SS': 594, '2B': 592, '3B': 571, '1B': 601, 'OF': 526, 'UT': 472}",0.9362745098039216,0.4084967320261438,-1.3146642687422438,35.95505617977528,17.228464419475657,59.176029962546814,18.726591760299627,-23.22097378277153,0.9803921568627452,25.490196078431374,69.6078431372549,-0.02300000000000002,0.9768875192604006,5,2730,-0.040613009456479054,0.9768875192604006,4,True,-0.040613009456479054,5.699999999999999,-1.3000000000000007,0.09999999999999432,0.0,0.0,0.0,0.0,,0.0,2026-03-26,2026-09-27,159.0,164.0,164.0,0.0,605.0,0.97,0.0,0.0,0.15,,established,32.5,2.9,1.057,"612 PA, already has the job · avg EV 89.5 (67th pct) · 27 years old, an age that jumps 3% of the time",xwOBA 0.314 (57th) · barrels 12.2% (84th) · EV 89.5 (64th) · hard-hit 42% (66th) · K 32% (9th) · BB 12% (85th) · chase 22% (94th) · bat speed 73.1 mph (67th) · sprint 26.5 (25th),"{""n"":20,""b"":0,""c"":[[""Ryan McMahon"",2023,28,0.95,0.87,564,0],[""Nathaniel Lowe"",2023,28,0.95,0.94,531,0],[""Brandon Marsh"",2025,28,1.04,0.97,550,0],[""Nathaniel Lowe"",2024,29,0.94,0.88,537,0],[""Anthony Santander"",2023,29,1.05,1.08,717,0]]}",0.8840218211093421,-0.020371427220405795,0.8840218211093421,452.0,1.0,400.0,530.0,134,373,Dan,516.0,495.0,-116.0,-95.0,let go,False,75
593428,Xander Bogaerts,2026,1992-10-01,SS,R,San Diego Padres,153,606,520,120,18,1,13,68,57,77,4,22,1,109,5,88,11,0,0,0,0,0,0,151,0,2,33.0,606.0,18.0,12.7,0.231,0.344,0.332,0.113,0.266,0.248,0.376,0.306,0.325,0.347,0.127,0.311,0.339,-0.017,-0.032,-0.019,89.6,6.7,27.9,5.5,42.3,100.312911827,94.537029735,61.1,22.8,55.4,85.3,23.1,41.5,44.0,52.2,23.3,20.4,4.1,7.3,72.3,12.3,29.2,28.5,9.8,51.6,-5.0,27.0,4.48,20.0,52.0,48.0,416.0,76.3,58.5,xander bogaerts,SD,Xander Bogaerts,SD,SS,249.6,154.0,226.0,295.0,560.0,33.7,3.6601307189542482,0.9240924092409241,107,SS,SS,False,154.0,425.5,3.7174234694899297,134.5,-0.0572927505356815,47.0,True,False,118,False,93.18371768969425,19.927933980148865,1.4329789706195004,14.415369359537381,71.41851297419824,63.23208937642869,594.610602350627,0.9812056144399786,-34.610602350627005,-0.057113205199054495,472.0,88.0,"{'C': 423, 'SS': 594, '2B': 592, '3B': 571, '1B': 601, 'OF': 526, 'UT': 472}",0.9240924092409241,0.48514851485148514,-1.7492476063685105,29.213483146067414,44.19475655430712,54.68164794007491,-14.981273408239705,-25.468164794007496,21.782178217821784,12.87128712871287,76.23762376237624,0.019000000000000017,1.0928689883913765,6,3520,-0.1687765791504524,1.0928689883913765,5,True,-0.1687765791504524,1.0,-1.4000000000000004,0.20000000000000284,0.0,0.0,76.0,0.0,,30.299999999999997,2026-03-26,2026-09-26,153.0,162.0,162.0,0.0,606.0,0.944,0.0,0.0,0.15,,established,32.7,1.1,1.173,"606 PA, already has the job · deserved 0.98/PA on contact quality, got 0.92 · avg EV 89.6 (69th pct)",xwOBA 0.325 (68th) · barrels 5.5% (33rd) · EV 89.6 (66th) · hard-hit 42% (69th) · K 18% (77th) · BB 13% (90th) · chase 23% (90th) · bat speed 72.3 mph (55th) · sprint 27.0 (36th),"{""n"":20,""b"":1,""c"":[[""Marcus Semien"",2025,35,0.92,0.82,449,0],[""Marcus Semien"",2024,34,0.93,0.92,489,0],[""Mike Yastrzemski"",2025,35,0.96,0.89,365,0],[""Ty France"",2025,31,0.86,1.07,533,0],[""Adolis Garc\u00eda"",2025,32,0.97,0.78,201,0]]}",0.9542841858578448,-0.04369876870972289,0.9542841858578448,418.0,0.927,399.0,573.0,136,189,FA,516.0,495.0,-117.0,-96.0,let go,False,76
663757,Trent Grisham,2026,1996-11-01,OF,L,New York Yankees,121,484,418,88,19,2,18,67,59,61,0,9,3,89,4,49,3,0,4,0,0,0,0,0,119,1,29.0,484.0,18.4,12.6,0.211,0.395,0.308,0.184,0.222,0.245,0.429,0.311,0.337,0.339,0.184,0.323,0.361,-0.034,-0.034,-0.026,90.6,17.5,35.7,9.6,45.3,100.542669759,94.739643825,58.8,19.2,59.8,88.9,18.2,39.1,44.4,38.1,30.0,22.5,9.3,7.4,70.7,15.3,34.7,8.7,13.4,62.9,3.0,26.8,4.51,24.0,21.0,42.0,333.0,71.8,60.1,trent grisham,NYY,Trent Grisham,NYY,CF,232.4,142.0,241.0,193.0,472.0,29.7,3.9008264462809916,0.9752066115702479,145,OF,OF,False,142.0,425.5,3.7174234694899297,46.5,0.18340297679106188,-3.0,False,False,121,False,62.14618742832502,20.94997332064481,1.9794910737353142,17.334348177294853,59.52584988329633,58.40712175893497,492.6649716422313,1.0179028339715523,-20.664971642231308,-0.04269622240130444,472.0,0.0,"{'C': 423, 'SS': 594, '2B': 592, '3B': 571, '1B': 601, 'OF': 526, 'UT': 472}",0.9752066115702479,0.5619834710743802,-2.82876853403905,52.05992509363296,74.90636704119851,44.19475655430712,-22.846441947565545,7.865168539325843,11.15702479338843,22.31404958677686,75.6198347107438,0.026000000000000023,1.0481927710843373,6,2880,-0.07298615951408938,1.0481927710843373,5,True,-0.07298615951408938,-5.200000000000003,-4.6,-0.29999999999999716,42.0,2.0,42.0,0.0,Right hamstring strain; Right hamstring strain,42.0,2026-03-25,2026-09-04,121.0,151.0,126.0,25.0,622.0,0.96,0.0,0.0,0.15,,established,32.2,0.6,1.128,"avg EV 90.6 (83rd pct) · 484 PA, already has the job · deserved 1.02/PA on contact quality, got 0.98",xwOBA 0.337 (81st) · barrels 9.6% (69th) · EV 90.6 (82nd) · hard-hit 45% (82nd) · K 18% (74th) · BB 13% (90th) · chase 19% (98th) · bat speed 70.7 mph (31st) · sprint 26.8 (31st),"{""n"":20,""b"":0,""c"":[[""Alec Bohm"",2025,29,0.93,0.88,553,0],[""Dansby Swanson"",2024,30,1.0,1.01,649,0],[""Ian Happ"",2025,31,0.99,0.97,618,0],[""Ryan Mountcastle"",2024,27,0.95,0.85,302,0],[""Nathaniel Lowe"",2024,29,0.94,0.88,537,0]]}",1.0052125425093479,-0.01977893541086498,1.0052125425093479,396.0,0.966,398.0,603.0,137,93,FA,516.0,495.0,-118.0,-97.0,let go,False,77
606192,Teoscar Hernández,2026,1992-10-15,OF,R,Los Angeles Dodgers,125,491,442,118,18,2,16,66,64,42,4,5,1,135,3,82,1,0,4,0,0,0,0,0,123,4,33.0,491.0,27.5,8.6,0.267,0.425,0.334,0.158,0.347,0.256,0.437,0.332,0.332,0.323,0.18,0.425,0.425,0.011,-0.012,0.0,90.3,13.9,33.5,10.7,44.8,101.503400065,95.079105599,67.1,31.2,49.2,77.0,32.6,48.0,34.5,44.2,28.7,20.3,6.8,7.8,72.5,12.1,23.8,25.2,10.9,54.3,6.0,28.3,4.39,23.0,49.0,46.0,310.0,74.8,59.8,teoscar hernandez,LAD,Teoscar Hernandez,LAD,"LF,RF",109.0,72.0,116.0,106.0,504.0,33.7,4.032,1.0264765784114054,130,OF,OF,False,72.0,560.7627118644068,4.015944775657477,-56.76271186440681,0.016055224342522934,-58.0,False,False,120,False,71.13455092738147,22.172550532480596,2.1472461528944287,17.697652387243515,63.437610487064475,57.49264216104842,494.79425264811294,1.0077276021346495,9.205747351887055,0.01874897627675587,472.0,32.0,"{'C': 423, 'SS': 594, '2B': 592, '3B': 571, '1B': 601, 'OF': 526, 'UT': 472}",1.0264765784114054,0.4684317718940937,-1.3836429312074479,65.91760299625467,35.580524344569284,58.42696629213483,30.33707865168539,7.490636704119844,6.109979633401222,19.551934826883908,51.323828920570264,0.0,1.2554621848739496,6,3497,-0.22898560646254418,1.2554621848739496,5,True,-0.22898560646254418,3.0,-0.8000000000000007,-0.4000000000000057,31.0,1.0,44.0,0.0,Left hamstring strain,38.8,2026-03-26,2026-09-27,125.0,163.0,134.0,29.0,594.0,0.933,0.0,0.0,0.15,,established,33.9,0.1,1.335,"491 PA, already has the job · avg EV 90.3 (79th pct) · sprint 28.3 ft/s (74th pct)",xwOBA 0.332 (76th) · barrels 10.7% (77th) · EV 90.3 (77th) · hard-hit 45% (80th) · K 28% (21st) · BB 9% (51st) · chase 31% (45th) · bat speed 72.5 mph (57th) · sprint 28.3 (72nd),"{""n"":20,""b"":0,""c"":[[""J.T. Realmuto"",2025,34,1.01,0.89,415,0],[""Adolis Garc\u00eda"",2025,32,0.97,0.78,201,0],[""Christian Yelich"",2025,34,1.12,0.97,485,0],[""Christian Walker"",2025,34,0.93,0.93,591,0],[""Nick Castellanos"",2025,33,0.94,0.83,101,0]]}",0.9528013382296123,-0.04369876870972289,0.9528013382296123,413.0,0.921,394.0,572.0,138,194,CJF,516.0,495.0,-122.0,-101.0,let go,False,78
521692,Salvador Perez,2026,1990-05-10,DH,R,Kansas City Royals,152,627,580,133,24,1,21,50,78,25,13,1,0,119,7,87,4,12,0,44,25,0,0,0,0,82,36.0,627.0,19.0,4.0,0.229,0.383,0.274,0.154,0.251,0.25,0.439,0.285,0.316,0.292,0.189,0.326,0.367,-0.021,-0.056,-0.031,89.2,15.2,35.3,10.7,42.7,100.401931111,94.391887885,72.4,44.6,62.0,86.2,25.0,56.2,40.2,38.5,30.1,25.2,6.2,7.7,71.6,11.4,24.6,18.9,11.4,56.9,-14.0,23.7,4.99,31.0,31.0,71.0,468.0,77.2,65.2,salvador perez,KC,Salvador Perez,KC,"C,1B,DH",95.0,64.0,84.0,113.0,544.0,36.1,3.5789473684210527,0.8676236044657097,113,C/1B,C/1B,False,64.0,560.7627118644068,4.0375,-16.76271186440681,-0.458552631578947,-49.0,False,False,120,False,87.1302826907525,31.02428939766884,1.9405731324048174,24.90485477917384,61.38013742858722,82.93243437781233,604.9325718063996,0.9648047397231253,-60.93257180639955,-0.09718113525741556,423.0,121.0,"{'C': 423, 'SS': 594, '2B': 592, '3B': 571, '1B': 601, 'OF': 526, 'UT': 472}",0.8676236044657097,0.4098883572567783,-2.951832441714762,12.359550561797752,18.352059925093634,42.69662921348314,-5.992509363295882,-30.33707865168539,0.9569377990430622,20.095693779904305,23.923444976076556,0.031000000000000028,1.1924812030075187,6,3638,-0.32485759854180896,1.1924812030075187,5,True,-0.32485759854180896,-0.5,-4.100000000000001,-1.3000000000000114,0.0,0.0,0.0,0.0,,0.0,2026-03-27,2026-09-27,152.0,163.0,163.0,0.0,623.0,0.933,0.0,0.0,0.15,,established,31.9,0.2,1.272,"627 PA, already has the job · deserved 0.96/PA on contact quality, got 0.87 · avg EV 89.2 (61st pct)",xwOBA 0.316 (60th) · barrels 10.7% (77th) · EV 89.2 (58th) · hard-hit 43% (71st) · K 19% (72nd) · BB 4% (7th) · chase 45% (2nd) · bat speed 71.6 mph (44th) · sprint 23.7 (0th),"{""n"":20,""b"":1,""c"":[[""Marcell Ozuna"",2025,35,0.9,0.76,213,0],[""Paul Goldschmidt"",2025,38,0.94,0.98,374,0],[""Paul Goldschmidt"",2024,37,0.93,0.94,502,0],[""Tommy Pham"",2024,36,0.88,0.92,412,0],[""Marcus Semien"",2025,35,0.92,0.82,449,0]]}",0.9054281723029354,-0.06305677842196104,0.9054281723029354,434.0,0.95,393.0,543.0,139,330,Dan,516.0,495.0,-123.0,-102.0,let go,False,79
571448,Nolan Arenado,2026,1991-04-16,3B,R,Arizona Diamondbacks,152,599,533,136,25,1,30,80,86,52,10,4,0,120,3,80,8,0,0,0,0,0,145,0,0,8,35.0,599.0,20.0,8.7,0.255,0.475,0.331,0.22,0.275,0.231,0.366,0.349,0.3,0.308,0.135,0.399,0.328,0.024,0.109,0.049,85.2,18.6,33.7,7.0,31.3,96.979032548,92.490308149,63.5,31.9,63.4,83.2,24.1,46.4,49.8,37.7,27.4,21.4,13.5,8.4,71.4,7.0,22.9,15.1,12.8,59.7,23.0,25.1,4.8,43.0,35.0,58.0,416.0,68.2,59.3,nolan arenado,ARI,Nolan Arenado,ARI,"3B,DH",323.2,197.0,377.0,344.0,621.0,35.2,4.0855263157894735,1.0367278797996662,66,3B,3B,False,197.0,377.19354838709677,3.1811021036719445,243.80645161290323,0.904424212117529,131.0,True,True,41,False,86.93931480374593,17.75454140531172,1.0869727781388034,17.342171012803558,59.84803185196436,67.18423824430785,511.23327009627224,0.8534779133493693,109.76672990372776,0.1832499664502969,472.0,149.0,"{'C': 423, 'SS': 594, '2B': 592, '3B': 571, '1B': 601, 'OF': 526, 'UT': 472}",1.0367278797996662,0.5926544240400667,1.814807535505818,70.4119850187266,83.89513108614233,85.0187265917603,-13.483146067415731,-14.606741573033702,4.006677796327212,30.05008347245409,52.086811352253754,-0.04899999999999999,1.1258064516129032,6,3555,-0.08907857181323697,1.1258064516129032,5,True,-0.08907857181323697,8.8,3.0,0.0,0.0,0.0,45.0,0.0,,27.0,2026-03-26,2026-09-27,152.0,163.0,163.0,0.0,595.0,0.933,0.0,0.0,0.15,,established,28.4,0.2,1.206,"599 PA, already has the job · 1.04/PA this year against 1.13 at his best, two steps to clear · sprint 25.1 ft/s (6th pct) · barrel rate up 3.0 pts on last year",xwOBA 0.300 (41st) · barrels 7.0% (47th) · EV 85.2 (6th) · hard-hit 31% (18th) · K 20% (66th) · BB 9% (51st) · chase 32% (41st) · bat speed 71.4 mph (40th) · sprint 25.1 (5th),"{""n"":20,""b"":0,""c"":[[""Jose Altuve"",2025,35,1.01,0.89,511,0],[""Jose Altuve"",2024,34,1.08,1.01,661,0],[""Eugenio Su\u00e1rez"",2025,34,1.08,0.93,464,0],[""Adam Frazier"",2025,34,0.9,0.89,131,0],[""Whit Merrifield"",2023,34,1.02,0.91,304,0]]}",0.8387165039747635,-0.05989080447742173,0.8387165039747635,469.0,0.929,393.0,503.0,139,443,FA,516.0,495.0,-123.0,-102.0,let go,False,80
681715,Heriberto Hernández,2026,1999-12-16,OF,R,Miami Marlins,130,505,448,102,17,2,25,51,67,52,4,13,5,134,1,58,3,0,4,0,0,0,0,0,127,5,26.0,505.0,26.5,10.3,0.228,0.442,0.313,0.214,0.266,0.242,0.475,0.329,0.348,0.326,0.233,0.405,0.433,-0.014,-0.033,-0.019,91.5,13.3,32.1,12.7,48.6,101.890099177,95.562362984,69.6,23.9,40.6,78.0,32.5,45.2,46.0,40.0,31.7,20.6,7.6,7.7,74.3,13.9,25.4,46.6,13.5,63.4,7.0,28.3,4.39,33.0,30.0,39.0,315.0,84.8,60.2,heriberto hernandez,MIA,,,,,,,,518.0,26.5,3.9846153846153847,1.0257425742574258,123,OF,OF,True,339.0,172.67,2.396692273871662,345.33000000000004,1.5879231107437226,216.0,True,False,120,False,56.80946628792511,24.024743683956366,2.386113768311919,25.195676259806596,69.54688454314658,65.9280121775239,556.6908967206705,1.1023582113280603,-38.69089672067048,-0.07661563707063457,472.0,46.0,"{'C': 423, 'SS': 594, '2B': 592, '3B': 571, '1B': 601, 'OF': 526, 'UT': 472}",1.0257425742574258,0.4891089108910891,-1.7002154646420182,65.54307116104869,45.69288389513109,55.430711610486895,19.850187265917597,10.112359550561791,15.445544554455445,29.702970297029704,61.78217821782178,0.01899999999999996,1.0257425742574258,2,799,0.0,1.0170068027210883,1,False,0.008735771536337422,0.3000000000000007,1.6999999999999993,1.0,0.0,0.0,0.0,0.0,,0.0,2026-03-27,2026-09-27,130.0,162.0,162.0,0.0,505.0,0.802,0.0,0.0,0.15,,established,35.7,15.3,1.106,"deserved 1.10/PA on contact quality, got 1.03 · avg EV 91.5 (90th pct) · 1.03/PA is his best rate yet, so the bar is one step up · bat speed up 1.0 mph",xwOBA 0.348 (89th) · barrels 12.7% (88th) · EV 91.5 (89th) · hard-hit 49% (90th) · K 26% (25th) · BB 10% (70th) · chase 24% (87th) · bat speed 74.3 mph (82nd) · sprint 28.3 (72nd),"{""n"":20,""b"":1,""c"":[[""Jes\u00fas S\u00e1nchez"",2024,27,1.02,0.96,476,0],[""Jes\u00fas S\u00e1nchez"",2023,26,1.01,1.02,546,0],[""Dillon Dingler"",2025,27,1.05,1.03,627,0],[""Nick Gordon"",2022,27,0.95,0.7,65,0],[""Jake Burger"",2023,27,1.05,0.96,554,0]]}",1.0405533028348921,-0.012888640320029626,1.0405533028348921,376.0,1.0,391.0,624.0,141,42,FA,516.0,495.0,-125.0,-104.0,let go,False,81
642715,Willy Adames,2026,1995-09-02,SS,R,San Francisco Giants,121,505,465,107,25,1,21,62,51,37,2,5,2,139,1,60,18,0,0,0,0,0,0,121,0,0,30.0,505.0,27.5,7.3,0.23,0.424,0.289,0.194,0.281,0.222,0.391,0.311,0.296,0.282,0.17,0.396,0.374,0.008,0.033,0.015,87.4,22.8,36.7,8.9,38.8,98.797280736,93.451144018,65.9,31.6,48.3,82.9,28.9,48.1,49.5,33.3,33.3,20.8,12.5,8.2,72.3,9.0,21.2,25.4,15.4,57.6,3.0,27.8,4.43,39.0,25.0,43.0,327.0,72.4,63.4,willy adames,SF,Willy Adames,SF,SS,106.4,71.0,115.0,92.0,453.0,30.8,3.743801652892562,0.897029702970297,159,SS,SS,False,71.0,560.7627118644068,4.015944775657477,-107.76271186440681,-0.2721431227649149,-88.0,False,False,123,True,61.270870852538415,22.71826227916476,1.3908628840552217,17.850003984241603,59.19785005972334,57.97021318737383,438.67806324709716,0.8686694321724696,14.321936752902843,0.028360270797827436,472.0,-19.0,"{'C': 423, 'SS': 594, '2B': 592, '3B': 571, '1B': 601, 'OF': 526, 'UT': 472}",0.897029702970297,0.42178217821782177,-3.0958442698496906,19.850187265917604,21.34831460674157,40.44943820224719,-1.4981273408239666,-20.599250936329582,5.9405940594059405,24.95049504950495,43.96039603960396,-0.015000000000000013,1.1017441860465116,6,3689,-0.20471448307621454,1.1017441860465116,5,True,-0.20471448307621454,1.3999999999999986,-3.6999999999999993,0.29999999999999716,34.0,1.0,34.0,0.0,Left elbow sprain,34.0,2026-03-25,2026-08-23,121.0,140.0,133.0,7.0,615.0,0.91,0.0,0.0,0.15,,established,30.0,0.2,1.182,"505 PA, already has the job · sprint 27.8 ft/s (59th pct) · got 0.90/PA but deserved 0.87",xwOBA 0.296 (37th) · barrels 8.9% (63rd) · EV 87.4 (30th) · hard-hit 39% (51st) · K 28% (21st) · BB 7% (33rd) · chase 32% (42nd) · bat speed 72.3 mph (55th) · sprint 27.8 (57th),"{""n"":20,""b"":0,""c"":[[""Nathaniel Lowe"",2025,30,0.88,0.94,403,0],[""Jake Cronenworth"",2025,31,0.9,0.84,358,0],[""Cedric Mullins"",2025,31,1.01,0.92,462,0],[""Teoscar Hern\u00e1ndez"",2025,33,1.04,1.03,504,0],[""Randy Arozarena"",2024,29,0.98,1.08,767,0]]}",0.9186023337450425,-0.03573509974786369,0.9186023337450425,425.0,0.973,390.0,551.0,142,292,FA,516.0,495.0,-126.0,-105.0,let go,False,82
669016,Brandon Marsh,2026,1997-12-18,OF,L,Philadelphia Phillies,155,568,524,136,20,2,18,71,62,34,2,11,3,142,5,96,2,0,0,0,0,0,0,0,176,0,28.0,568.0,25.0,6.0,0.26,0.408,0.304,0.148,0.32,0.251,0.401,0.308,0.301,0.291,0.151,0.39,0.379,0.009,0.007,0.007,89.2,13.1,40.8,8.0,42.6,99.77357526,94.128250573,69.2,36.3,54.0,87.2,24.9,52.1,38.5,42.1,27.2,26.7,4.1,7.3,71.6,11.2,25.3,16.3,9.8,43.1,-7.0,28.1,4.39,24.0,47.0,65.0,390.0,84.9,58.8,brandon marsh,PHI,Brandon Marsh,PHI,"LF,CF,RF",351.5,214.0,358.0,345.0,550.0,28.5,3.5483870967741935,0.9683098591549296,112,OF,OF,False,214.0,340.5483870967742,3.0867599025400003,209.4516129032258,0.4616271942341932,102.0,True,False,120,False,89.85400012363085,21.931491959418892,2.0230157102696613,17.71549220668059,67.76953366863755,62.66874359583001,539.6102772644676,0.9500180937754712,10.38972273553236,0.018291765379458425,472.0,78.0,"{'C': 423, 'SS': 594, '2B': 592, '3B': 571, '1B': 601, 'OF': 526, 'UT': 472}",0.9683098591549296,0.44014084507042256,-0.6150262367436758,48.31460674157304,26.217228464419474,62.92134831460674,22.097378277153563,-14.606741573033702,11.619718309859154,19.014084507042252,35.91549295774648,-0.007000000000000006,1.0714285714285714,6,2662,-0.10311871227364178,1.0714285714285714,5,False,-0.10311871227364178,-0.8999999999999986,-0.40000000000000036,0.19999999999998863,0.0,0.0,12.0,0.0,,3.5999999999999996,2026-03-26,2026-09-27,155.0,163.0,163.0,0.0,565.0,0.951,0.0,0.0,0.15,,established,30.6,1.0,1.151,"568 PA, already has the job · sprint 28.1 ft/s (68th pct) · avg EV 89.2 (61st pct)",xwOBA 0.301 (42nd) · barrels 8.0% (56th) · EV 89.2 (58th) · hard-hit 43% (70th) · K 25% (34th) · BB 6% (21st) · chase 36% (19th) · bat speed 71.6 mph (44th) · sprint 28.1 (67th),"{""n"":20,""b"":0,""c"":[[""Dansby Swanson"",2024,30,1.0,1.01,649,0],[""Nathaniel Lowe"",2024,29,0.94,0.88,537,0],[""Randy Arozarena"",2024,29,0.98,1.08,767,0],[""Spencer Steer"",2025,28,0.96,0.96,368,0],[""Dansby Swanson"",2023,29,0.97,1.0,593,0]]}",0.9486974454074769,-0.016978344977301236,0.9486974454074769,409.0,0.997,388.0,569.0,143,215,Dpf,516.0,495.0,-128.0,-107.0,let go,False,83
672580,Maikel Garcia,2026,2000-03-03,3B,R,Kansas City Royals,82,344,310,83,20,3,3,40,38,32,0,5,4,50,2,57,6,0,0,0,0,0,76,3,0,1,26.0,344.0,14.5,9.3,0.268,0.381,0.334,0.113,0.309,0.271,0.367,0.318,0.318,0.34,0.096,0.332,0.332,-0.003,0.014,0.0,89.7,8.6,32.8,4.2,40.5,99.815128538,94.104949115,54.8,22.5,68.5,92.7,14.4,38.6,34.0,46.2,21.0,26.3,6.5,7.1,71.6,13.6,35.6,17.8,3.8,42.0,-1.0,27.6,4.5,6.0,38.0,39.0,262.0,62.4,62.5,maikel garcia,KC,Maikel Garcia,KC,"2B,3B,SS,OF",64.4,45.0,68.0,59.0,320.0,26.3,3.902439024390244,0.9302325581395349,243,3B,3B,False,45.0,598.2727272727273,4.321100917431193,-278.27272727272725,-0.4186618930409489,-198.0,False,False,237,True,65.97461812047507,11.505780158660396,1.334585321253987,5.195016399610544,39.82355571497939,33.07928749787615,311.6828432128556,0.9060547767815569,8.317156787144427,0.02417778135797799,472.0,-152.0,"{'C': 423, 'SS': 594, '2B': 592, '3B': 571, '1B': 601, 'OF': 526, 'UT': 472}",0.9302325581395349,0.5319767441860465,-6.032210529472919,32.20973782771536,62.92134831460674,12.359550561797752,-30.71161048689138,19.850187265917604,8.720930232558139,5.232558139534883,55.81395348837209,0.0,1.075075075075075,4,2174,-0.14484251693554018,1.075075075075075,3,True,-0.14484251693554018,1.9000000000000004,-1.3999999999999995,-0.30000000000001137,80.0,2.0,80.0,0.0,Left hand muscle strain; Left hamstring strain,80.0,2026-03-27,2026-09-27,82.0,163.0,94.0,69.0,593.0,0.872,0.0,0.0,0.15,,established,31.6,1.5,1.155,"26 years old, an age that jumps 4% of the time · avg EV 89.7 (70th pct) · only 344 PA, and a breakout needs 350 next year",xwOBA 0.318 (63rd) · barrels 4.2% (22nd) · EV 89.7 (68th) · hard-hit 40% (58th) · K 14% (90th) · BB 9% (58th) · chase 22% (91st) · bat speed 71.6 mph (44th) · sprint 27.6 (52nd),"{""n"":20,""b"":0,""c"":[[""Ozzie Albies"",2024,28,0.96,0.92,612,0],[""Ryan Jeffers"",2025,28,0.96,1.07,394,0],[""Alex Verdugo"",2023,27,0.99,0.86,533,0],[""Alec Bohm"",2025,29,0.93,0.88,553,0],[""Amed Rosario"",2023,28,0.95,0.96,332,0]]}",0.9588720796431228,-0.012888640320029626,0.9588720796431228,403.0,0.936,386.0,575.0,146,182,CS,516.0,495.0,-130.0,-109.0,let go,False,84
668904,Royce Lewis,2026,1999-06-05,1B,R,Minnesota Twins,125,509,463,105,24,1,15,51,57,38,3,16,1,130,5,65,11,0,0,0,82,16,40,0,0,0,27.0,509.0,25.5,7.5,0.227,0.38,0.287,0.153,0.279,0.238,0.397,0.292,0.306,0.298,0.159,0.356,0.377,-0.011,-0.017,-0.014,89.8,20.9,33.4,10.7,40.2,100.584117857,94.480060268,70.2,33.4,45.2,79.3,32.8,50.5,46.7,32.5,29.3,24.3,13.9,8.1,75.1,10.8,20.0,54.5,11.4,72.2,-13.0,27.7,4.36,25.0,26.0,53.0,338.0,81.6,63.0,royce lewis,MIN,Royce Lewis,MIN,"1B,2B,3B",222.4,132.0,188.0,195.0,467.0,27.1,3.736,0.9174852652259332,150,1B/2B/3B,1B/3B,False,132.0,425.5,3.7174234694899297,41.5,0.018576530510070466,-18.0,False,False,122,False,69.55135630528801,23.422912507381696,1.4651060693725049,15.754625117957765,60.58656748933991,57.10285851511462,489.69442600445456,0.9620715638594393,-22.694426004454556,-0.04458629863350605,472.0,-5.0,"{'C': 423, 'SS': 594, '2B': 592, '3B': 571, '1B': 601, 'OF': 526, 'UT': 472}",0.9174852652259332,0.4086444007858546,-3.1784104465378853,25.842696629213485,17.60299625468165,39.325842696629216,8.239700374531836,-13.483146067415731,18.86051080550098,17.68172888015717,44.79371316306484,0.014000000000000012,1.292887029288703,4,1517,-0.3754017640627697,1.292887029288703,3,False,-0.3754017640627697,5.600000000000001,2.0,1.5,10.0,1.0,141.0,0.0,,61.900000000000006,2026-03-26,2026-09-27,125.0,162.0,153.0,9.0,539.0,0.817,0.0,0.0,0.15,,established,33.6,1.9,1.373,"509 PA, already has the job · deserved 0.96/PA on contact quality, got 0.92 · avg EV 89.8 (72nd pct) · barrel rate up 2.0 pts on last year · bat speed up 1.5 mph",xwOBA 0.306 (48th) · barrels 10.7% (77th) · EV 89.8 (70th) · hard-hit 40% (57th) · K 26% (31st) · BB 8% (35th) · chase 33% (32nd) · bat speed 75.1 mph (89th) · sprint 27.7 (55th),"{""n"":20,""b"":0,""c"":[[""Willi Castro"",2025,28,0.9,1.0,477,0],[""Tyler O'Neill"",2023,28,0.94,1.09,517,0],[""Bo Naylor"",2025,25,0.95,0.64,63,0],[""Brenton Doyle"",2025,27,0.96,1.04,232,0],[""Luis Rengifo"",2025,28,0.82,0.84,296,0]]}",0.9813394612650505,-0.020371427220405795,0.9813394612650505,393.0,0.95,386.0,589.0,146,125,Dpf,516.0,495.0,-130.0,-109.0,let go,False,85
691723,Coby Mayo,2026,2001-12-10,3B,R,Baltimore Orioles,132,454,412,94,18,3,24,64,63,36,5,4,0,138,1,49,7,0,0,0,19,0,76,0,0,37,24.0,454.0,30.4,7.9,0.228,0.461,0.297,0.233,0.279,0.235,0.478,0.328,0.336,0.304,0.243,0.437,0.451,-0.007,-0.017,-0.008,91.3,19.0,34.5,13.5,47.3,103.504519203,96.350757345,63.5,31.3,47.1,83.4,29.6,46.4,50.9,34.5,35.3,20.0,10.2,7.4,75.7,11.6,19.9,58.3,13.6,48.2,5.0,27.9,4.46,33.0,24.0,37.0,275.0,66.9,59.3,coby mayo,BAL,Coby Mayo,BAL,"1B,3B,DH",383.8,232.0,387.0,389.0,457.0,24.6,3.462121212121212,1.0066079295154184,156,1B/3B,3B,False,232.0,340.5483870967742,3.0867599025400003,116.4516129032258,0.3753613095812116,76.0,False,False,122,False,46.734284325749876,23.631675874519182,2.877795273711972,23.57624452601896,60.14435462579405,61.167970922810376,461.06832554860443,1.0155689990057366,-4.0683255486044345,-0.008961069490318163,472.0,-15.0,"{'C': 423, 'SS': 594, '2B': 592, '3B': 571, '1B': 601, 'OF': 526, 'UT': 472}",1.0066079295154184,0.48237885462555063,-2.006018627209202,60.2996254681648,41.57303370786517,52.43445692883895,18.726591760299627,7.86516853932585,5.286343612334802,31.718061674008812,47.57709251101322,0.008000000000000007,1.0066079295154184,2,794,0.0,0.8639455782312925,1,False,0.14266235128412597,1.7999999999999972,3.4000000000000004,1.0,0.0,0.0,0.0,0.0,,0.0,2026-03-26,2026-09-25,132.0,166.0,166.0,0.0,443.0,0.795,0.0,0.0,0.15,,young / establishing,36.4,16.4,1.087,"25 years old, an age that jumps 5% of the time · avg EV 91.3 (89th pct) · 1.01/PA is his best rate yet, so the bar is one step up · barrel rate up 3.4 pts on last year · bat speed up 1.0 mph",xwOBA 0.336 (80th) · barrels 13.5% (92nd) · EV 91.3 (88th) · hard-hit 47% (87th) · K 30% (14th) · BB 8% (41st) · chase 31% (44th) · bat speed 75.7 mph (93rd) · sprint 27.9 (60th),"{""n"":20,""b"":0,""c"":[[""Jack Suwinski"",2023,25,1.05,0.84,234,0],[""Addison Barger"",2025,26,1.03,0.5,14,0],[""Ezequiel Duran"",2023,24,1.0,0.76,218,0],[""Nolan Gorman"",2023,23,1.07,0.88,355,0],[""Jes\u00fas S\u00e1nchez"",2023,26,1.01,1.02,546,0]]}",1.025909465918857,-0.012779447936574123,1.025909465918857,376.0,1.0,386.0,616.0,146,55,FA,516.0,495.0,-130.0,-109.0,let go,False,86
693304,Nick Gonzales,2026,1999-05-27,3B,R,Pittsburgh Pirates,148,608,551,167,27,1,6,72,61,43,13,7,3,99,1,133,15,0,0,0,0,37,112,4,0,9,27.0,608.0,16.3,7.1,0.303,0.388,0.367,0.085,0.36,0.282,0.386,0.339,0.327,0.348,0.105,0.367,0.351,0.021,0.002,0.012,86.4,7.8,34.4,3.1,34.0,97.617289778,92.87303882,75.7,31.2,59.1,85.4,22.7,52.5,36.0,51.7,21.6,23.8,2.9,7.4,70.8,8.1,24.7,12.0,8.8,47.5,8.0,28.8,4.32,21.0,74.0,72.0,453.0,82.8,60.4,nick gonzales,PIT,Nick Gonzales,PIT,"2B,3B,SS,DH",824.0,324.0,1152.0,496.0,576.0,27.1,3.891891891891892,0.9473684210526315,96,2B/3B,2B/3B,False,324.0,172.67,2.396692273871662,403.33000000000004,1.49519961802023,228.0,True,False,53,False,119.97207369074113,23.497403252156182,1.379972423464157,10.532550633638504,76.50262397899296,58.39527528305005,565.516899262043,0.9301264790494128,10.483100737956988,0.017241942003218713,472.0,104.0,"{'C': 423, 'SS': 594, '2B': 592, '3B': 571, '1B': 601, 'OF': 526, 'UT': 472}",0.9473684210526315,0.4901315789473684,-0.5030913565383828,39.325842696629216,46.441947565543074,64.41947565543072,-7.116104868913858,-25.0936329588015,6.907894736842105,5.921052631578947,42.43421052631579,-0.01200000000000001,0.9473684210526315,3,1531,0.0,0.9354005167958657,2,False,0.01196790425676586,-1.5999999999999979,-1.4,0.29999999999999716,0.0,0.0,96.0,0.0,,48.89999999999999,2026-03-26,2026-09-27,148.0,165.0,165.0,0.0,597.0,0.897,0.0,0.0,0.15,,established,29.6,8.9,1.027,"608 PA, already has the job · 0.95/PA is his best rate yet, so the bar is one step up · sprint 28.8 ft/s (85th pct)",xwOBA 0.327 (70th) · barrels 3.1% (12th) · EV 86.4 (17th) · hard-hit 34% (27th) · K 16% (85th) · BB 7% (32nd) · chase 31% (45th) · bat speed 70.8 mph (32nd) · sprint 28.8 (84th),"{""n"":20,""b"":2,""c"":[[""Amed Rosario"",2023,28,0.95,0.96,332,0],[""Isiah Kiner-Falefa"",2022,27,0.92,0.94,339,0],[""Ha-Seong Kim"",2022,27,0.91,1.09,683,1],[""Bryson Stott"",2024,27,1.0,1.03,578,0],[""Amed Rosario"",2022,27,0.99,0.95,520,0]]}",0.9008512423509865,-0.020371427220405795,0.9008512423509865,429.0,0.961,386.0,541.0,146,337,CJF,516.0,495.0,-130.0,-109.0,let go,False,87
543807,George Springer,2026,1989-09-19,DH,R,Toronto Blue Jays,126,517,462,115,23,2,15,59,54,47,3,12,2,95,2,75,0,0,0,0,0,0,0,0,2,118,36.0,517.0,18.4,9.1,0.249,0.405,0.321,0.156,0.282,0.238,0.381,0.32,0.306,0.312,0.142,0.351,0.332,0.011,0.024,0.014,88.6,12.5,30.4,6.5,38.5,99.548886216,93.977721355,72.9,25.5,52.2,85.4,23.5,48.3,42.5,45.0,26.0,22.2,6.8,7.4,73.2,11.4,24.2,35.7,9.6,57.0,10.0,26.9,4.61,23.0,39.0,53.0,369.0,83.3,59.2,george springer,TOR,George Springer,TOR,"LF,CF,RF,DH",75.4,53.0,88.0,78.0,501.0,36.8,3.9761904761904763,0.9690522243713733,132,OF,UT,False,53.0,571.0,4.290827223004798,-70.0,-0.31463674681432163,-79.0,False,False,120,False,73.98542585824381,20.280702623576282,1.7463171781159361,13.943554340063951,58.58716687747447,56.49189438599146,486.59506126346594,0.9411896736237252,14.404938736534064,0.027862550747648096,472.0,29.0,"{'C': 423, 'SS': 594, '2B': 592, '3B': 571, '1B': 601, 'OF': 526, 'UT': 472}",0.9690522243713733,0.5106382978723404,-2.4491118865157446,48.68913857677903,53.745318352059925,48.68913857677903,-5.056179775280896,0.0,13.926499032882012,17.408123791102515,54.54545454545455,-0.014000000000000012,1.28839590443686,6,3325,-0.31934368006548675,1.28839590443686,5,True,-0.31934368006548675,-0.5,-9.7,-0.5999999999999943,17.0,1.0,32.0,0.0,Left great toe fracture,26.0,2026-03-27,2026-09-27,126.0,165.0,149.0,16.0,562.0,0.846,0.0,0.0,0.15,,established,31.9,0.2,1.368,"517 PA, already has the job · sprint 26.9 ft/s (34th pct) · got 0.97/PA but deserved 0.94",xwOBA 0.306 (48th) · barrels 6.5% (42nd) · EV 88.6 (50th) · hard-hit 38% (50th) · K 18% (74th) · BB 9% (55th) · chase 26% (80th) · bat speed 73.2 mph (68th) · sprint 26.9 (34th),"{""n"":20,""b"":0,""c"":[[""Paul Goldschmidt"",2025,38,0.94,0.98,374,0],[""Marcus Semien"",2025,35,0.92,0.82,449,0],[""Nick Castellanos"",2025,33,0.94,0.83,101,0],[""J.T. Realmuto"",2025,34,1.01,0.89,415,0],[""Tommy Pham"",2024,36,0.88,0.92,412,0]]}",0.9736764704145705,-0.07178833112286302,0.9736764704145705,396.0,0.93,386.0,584.0,146,143,LTTA,516.0,495.0,-130.0,-109.0,let go,False,88
677587,Brayan Rocchio,2026,2001-01-13,SS,S,Cleveland Guardians,153,592,534,135,25,2,15,66,73,38,11,20,7,85,4,93,12,0,0,0,0,10,0,143,0,0,25.0,592.0,14.4,6.4,0.253,0.391,0.313,0.138,0.274,0.246,0.35,0.311,0.294,0.309,0.104,0.327,0.305,0.007,0.041,0.017,87.0,13.8,34.9,2.9,30.0,96.81810991,92.455591951,68.9,33.2,61.8,86.7,22.1,50.0,43.2,41.5,25.5,25.5,7.4,7.3,69.8,7.1,27.2,6.4,9.1,50.2,-7.0,27.4,4.5,21.0,43.0,69.0,458.0,75.2,55.9,brayan rocchio,CLE,,,,,,,,580.0,25.5,3.7908496732026142,0.9797297297297297,95,2B/SS,SS,True,339.0,172.67,2.396692273871662,407.33000000000004,1.3941573993309522,244.0,True,False,53,False,100.57448356679849,17.68711141438375,1.458326470837043,11.644078547980719,65.79200769036167,58.10368426665986,539.1596919570216,0.9107427229003743,40.84030804297845,0.06898700682935544,472.0,108.0,"{'C': 423, 'SS': 594, '2B': 592, '3B': 571, '1B': 601, 'OF': 526, 'UT': 472}",0.9797297297297297,0.5422297297297297,-0.053837371774702575,53.18352059925093,67.41573033707866,69.66292134831461,-14.232209737827723,-16.47940074906368,20.27027027027027,15.202702702702704,38.51351351351351,-0.017000000000000015,0.9797297297297297,3,1503,0.0,0.8276762402088773,2,False,0.1520534895208524,-5.700000000000001,-0.3999999999999999,-0.20000000000000284,0.0,0.0,0.0,0.0,,0.0,2026-03-26,2026-09-26,153.0,166.0,166.0,0.0,578.0,0.922,0.0,0.0,0.15,,established,27.0,6.6,1.06,"592 PA, already has the job · 0.98/PA is his best rate yet, so the bar is one step up · 26 years old, an age that jumps 4% of the time",xwOBA 0.294 (33rd) · barrels 2.9% (11th) · EV 87.0 (24th) · hard-hit 30% (15th) · K 14% (91st) · BB 6% (25th) · chase 33% (33rd) · bat speed 69.8 mph (22nd) · sprint 27.4 (48th),"{""n"":20,""b"":2,""c"":[[""Bryson Stott"",2023,26,1.07,1.0,572,0],[""Isiah Kiner-Falefa"",2022,27,0.92,0.94,339,0],[""J.P. Crawford"",2021,26,0.88,0.78,472,0],[""Thairo Estrada"",2022,26,1.03,1.03,546,0],[""Luis Rengifo"",2022,25,0.9,0.99,440,0]]}",0.9063500540840836,-0.012888640320029626,0.9063500540840836,425.0,1.0,385.0,544.0,149,325,CJF,516.0,495.0,-131.0,-110.0,let go,False,89
689414,Liam Hicks,2026,1999-06-02,C,L,multi,142,554,479,136,16,1,18,66,82,56,11,3,0,55,7,101,2,11,0,75,29,0,0,0,0,43,27.0,554.0,9.9,10.1,0.284,0.434,0.367,0.15,0.286,0.261,0.358,0.352,0.319,0.346,0.097,0.345,0.303,0.023,0.076,0.033,84.6,14.5,30.8,3.7,27.1,96.114190607,92.069028173,58.7,26.6,71.4,97.3,11.4,41.7,43.1,43.3,24.5,22.7,9.5,6.9,68.3,9.8,33.2,4.3,7.6,49.2,15.0,25.7,4.65,24.0,46.0,66.0,432.0,67.3,56.3,liam hicks,multi,Liam Hicks,TB,"C,1B,DH",739.0,300.0,1065.0,,588.0,27.1,4.140845070422535,1.0613718411552346,91,C/1B,C/1B,False,300.0,172.67,2.396692273871662,415.33000000000004,1.744152796550873,209.0,True,False,53,False,101.13563180291385,12.13437392832355,0.9183567346113882,10.830637534151224,57.97183623420586,55.9318956234215,506.4047318576274,0.9140879636419267,81.59526814237262,0.14728387751330796,423.0,165.0,"{'C': 423, 'SS': 594, '2B': 592, '3B': 571, '1B': 601, 'OF': 526, 'UT': 472}",1.0613718411552346,0.6498194945848376,0.32720211925330656,77.15355805243446,95.50561797752809,73.40823970037454,-18.352059925093627,3.7453183520599254,3.2490974729241877,19.494584837545123,60.64981949458483,-0.032999999999999974,1.0613718411552346,2,944,0.0,0.8871794871794871,1,False,0.1741923539757475,-4.5,0.10000000000000009,0.8999999999999915,9.0,1.0,9.0,0.0,,9.0,2026-03-28,2026-09-27,142.0,162.0,153.0,9.0,587.0,0.928,1.0,0.0,0.15,,established,27.3,5.1,1.141,"554 PA, already has the job · 1.06/PA is his best rate yet, so the bar is one step up · 27 years old, an age that jumps 3% of the time · bat speed up 0.9 mph",xwOBA 0.319 (64th) · barrels 3.7% (17th) · EV 84.6 (4th) · hard-hit 27% (8th) · K 10% (98th) · BB 10% (68th) · chase 27% (74th) · bat speed 68.3 mph (7th) · sprint 25.7 (11th),"{""n"":20,""b"":0,""c"":[[""Raimel Tapia"",2021,27,1.02,0.94,409,0],[""Nicky Lopez"",2021,26,1.01,0.74,354,0],[""Thairo Estrada"",2022,26,1.03,1.03,546,0],[""Steven Kwan"",2024,27,1.08,0.98,680,0],[""Sal Frelick"",2025,25,1.07,0.83,319,0]]}",0.8890969992505564,-0.020371427220405795,0.8890969992505564,429.0,0.993,381.0,533.0,150,365,MMM,516.0,495.0,-135.0,-114.0,let go,False,90
668709,JJ Bleday,2026,1997-11-10,OF,L,Cincinnati Reds,133,545,466,101,17,2,24,61,58,72,3,6,5,121,3,58,1,0,6,0,0,0,0,0,139,7,28.0,545.0,22.2,13.2,0.217,0.416,0.324,0.199,0.238,0.24,0.421,0.326,0.34,0.345,0.181,0.36,0.382,-0.023,-0.005,-0.014,88.4,23.2,39.4,9.5,40.1,99.80397093,94.061260465,70.0,22.8,47.8,82.0,26.5,46.1,46.6,28.4,33.6,27.6,10.6,7.3,73.6,10.4,22.4,32.0,14.1,53.7,10.0,27.5,4.42,28.0,22.0,51.0,348.0,76.9,62.5,jj bleday,CIN,,,,,,,,518.0,28.6,3.8947368421052633,0.9504587155963303,123,OF,OF,True,339.0,172.67,2.396692273871662,345.33000000000004,1.4980445682336012,216.0,True,False,120,False,69.89590559380139,19.761781326542383,1.9627205655110203,20.21959251414519,69.24602372084193,64.18677054091896,545.4587942617609,1.0008418243335062,-27.458794261760886,-0.050383108737175886,472.0,46.0,"{'C': 423, 'SS': 594, '2B': 592, '3B': 571, '1B': 601, 'OF': 526, 'UT': 472}",0.9504587155963303,0.4954128440366973,-2.8057648166212994,41.57303370786517,48.68913857677903,44.569288389513105,-7.116104868913858,-2.996254681647933,6.605504587155964,26.422018348623855,79.26605504587157,0.014000000000000012,0.9504587155963303,5,2072,0.0,0.9485981308411215,4,True,0.0018605847552087829,-4.300000000000001,1.7000000000000002,2.0,0.0,0.0,0.0,0.0,,0.0,2026-04-26,2026-09-27,133.0,138.0,138.0,0.0,640.0,0.964,31.0,1.0,0.15,,established,41.9,9.1,1.03,"545 PA, already has the job · 0.95/PA is his best rate yet, so the bar is one step up · deserved 1.00/PA on contact quality, got 0.95 · bat speed up 2.0 mph",xwOBA 0.340 (83rd) · barrels 9.5% (68th) · EV 88.4 (46th) · hard-hit 40% (57th) · K 22% (52nd) · BB 13% (93rd) · chase 23% (90th) · bat speed 73.6 mph (74th) · sprint 27.5 (49th),"{""n"":20,""b"":1,""c"":[[""Gavin Sheets"",2025,29,0.96,0.92,384,0],[""Jake Cronenworth"",2024,30,0.91,0.9,464,0],[""Jes\u00fas S\u00e1nchez"",2025,28,0.96,0.86,271,0],[""Jonathan India"",2024,28,0.96,0.8,452,0],[""Bryson Stott"",2025,28,1.03,1.04,632,0]]}",0.9672307849719515,-0.026285818839922398,0.9672307849719515,393.0,1.0,380.0,580.0,152,165,THALER,516.0,495.0,-136.0,-115.0,let go,False,91
643289,Mauricio Dubón,2026,1994-07-19,OF,R,Atlanta Braves,153,619,572,158,28,3,12,66,73,35,4,10,3,73,3,115,6,0,3,0,0,4,8,62,101,1,31.0,619.0,11.8,5.7,0.276,0.399,0.321,0.123,0.298,0.268,0.375,0.317,0.304,0.314,0.108,0.333,0.317,0.008,0.024,0.013,86.5,16.1,36.5,4.0,29.4,96.554878032,92.283650542,72.5,37.6,75.9,89.9,15.3,53.7,31.2,40.3,25.8,25.8,8.1,7.6,69.1,6.9,28.0,4.7,3.8,38.5,1.0,26.8,4.44,26.0,54.0,77.0,504.0,84.7,61.4,mauricio dubon,ATL,Mauricio Dubon,ATL,"2B,3B,SS,LF,CF",425.7,249.0,460.0,483.0,594.0,31.9,3.8823529411764706,0.9596122778675282,85,2B/3B/SS/OF,SS/OF,False,249.0,296.0,2.9766263024500135,298.0,0.9057266387264571,164.0,True,False,53,False,117.66572352634608,21.50913774904813,2.0965539228655232,12.024584801740275,67.47523882992297,63.275101485611486,568.1183403155345,0.9178002266809927,25.88165968446549,0.041812051186535526,472.0,122.0,"{'C': 423, 'SS': 594, '2B': 592, '3B': 571, '1B': 601, 'OF': 526, 'UT': 472}",0.9596122778675282,0.5476575121163166,-0.33011543810380883,45.31835205992509,68.91385767790263,67.41573033707866,-23.595505617977537,-22.097378277153567,9.693053311793214,11.631663974151857,33.92568659127625,-0.013000000000000012,0.9796747967479674,5,2389,-0.020062518880439195,0.9796747967479674,4,False,-0.020062518880439195,1.200000000000001,2.8,1.0,0.0,0.0,0.0,0.0,,0.0,2026-03-27,2026-09-27,153.0,166.0,166.0,0.0,604.0,0.922,0.0,0.0,0.15,,established,27.0,1.3,1.06,"619 PA, already has the job · 0.96/PA is his best rate yet, so the bar is one step up · sprint 26.8 ft/s (32nd pct) · barrel rate up 2.8 pts on last year · bat speed up 1.0 mph",xwOBA 0.304 (46th) · barrels 4.0% (20th) · EV 86.5 (18th) · hard-hit 29% (14th) · K 12% (96th) · BB 6% (18th) · chase 38% (14th) · bat speed 69.1 mph (14th) · sprint 26.8 (31st),"{""n"":20,""b"":1,""c"":[[""Lourdes Gurriel Jr."",2025,32,0.99,0.74,149,0],[""Alex Bregman"",2024,30,0.97,1.01,498,0],[""Adam Frazier"",2023,32,0.98,0.78,228,0],[""Xander Bogaerts"",2023,31,1.03,0.93,429,0],[""Jeff McNeil"",2024,32,0.88,0.91,419,0]]}",0.8750796205264985,-0.035407766755750046,0.8750796205264985,434.0,1.0,380.0,525.0,152,388,LTTA,516.0,495.0,-136.0,-115.0,let go,False,92
621493,Taylor Ward,2026,1993-12-14,DH,R,multi,143,607,498,112,20,1,7,71,37,99,7,4,4,130,3,84,3,0,3,0,0,0,0,0,105,33,32.0,607.0,21.4,16.3,0.225,0.311,0.359,0.086,0.288,0.241,0.36,0.312,0.334,0.371,0.12,0.312,0.348,-0.016,-0.049,-0.022,88.7,14.8,35.3,5.1,38.3,98.776249027,93.58431897,54.1,14.9,57.1,87.0,19.5,34.4,32.9,38.8,26.7,27.0,7.5,6.9,68.5,10.6,33.4,3.0,6.5,47.2,-2.0,27.5,4.5,17.0,27.0,66.0,371.0,63.1,56.9,taylor ward,multi,Taylor Ward,SEA,"LF,RF,DH",117.8,77.0,144.0,104.0,496.0,32.5,3.4685314685314683,0.8171334431630972,134,OF,OF,False,77.0,560.7627118644068,4.015944775657477,-64.76271186440681,-0.5474133071260088,-57.0,False,False,120,False,85.25774386639077,21.523293105870884,1.4741821890859377,11.762780838652413,73.6869398664422,60.754727591431774,555.237667457874,0.9147243285961679,-59.237667457873954,-0.0975908854330707,472.0,24.0,"{'C': 423, 'SS': 594, '2B': 592, '3B': 571, '1B': 601, 'OF': 526, 'UT': 472}",0.8171334431630972,0.38879736408566723,-5.281322755227276,3.7453183520599254,11.985018726591761,19.475655430711612,-8.239700374531836,-15.730337078651687,3.9538714991762767,6.919275123558485,97.85831960461284,0.02200000000000002,1.0585106382978724,6,3143,-0.24137719513477518,1.0585106382978724,5,True,-0.24137719513477518,-5.0,-8.6,-1.0,0.0,0.0,0.0,0.0,,0.0,2026-03-26,2026-09-26,143.0,164.0,164.0,0.0,600.0,0.872,0.0,0.0,0.15,,established,29.5,0.2,1.139,"607 PA, already has the job · deserved 0.91/PA on contact quality, got 0.82 · 0.82/PA this year against 1.06 at his best, two steps to clear",xwOBA 0.334 (78th) · barrels 5.1% (30th) · EV 88.7 (52nd) · hard-hit 38% (49th) · K 21% (58th) · BB 16% (98th) · chase 15% (100th) · bat speed 68.5 mph (9th) · sprint 27.5 (49th),"{""n"":20,""b"":0,""c"":[[""Carlos Correa"",2025,31,0.88,1.01,143,0],[""Marcell Ozuna"",2025,35,0.9,0.76,213,0],[""Jorge Polanco"",2024,31,0.81,1.07,563,0],[""J.P. Crawford"",2025,30,0.88,0.81,394,0],[""Nick Castellanos"",2024,32,0.99,0.94,556,0]]}",0.8978178799710054,-0.035407766755750046,0.8978178799710054,423.0,1.0,380.0,539.0,152,342,FA,516.0,495.0,-136.0,-115.0,let go,False,93
676609,José Caballero,2026,1996-08-30,SS,R,New York Yankees,136,456,411,95,13,0,14,50,51,29,7,34,11,111,5,68,12,0,0,0,0,23,37,70,24,1,29.0,456.0,24.3,6.4,0.231,0.365,0.29,0.134,0.278,0.227,0.333,0.29,0.278,0.287,0.106,0.346,0.33,0.004,0.032,0.012,83.8,13.9,31.7,4.2,25.6,95.732982153,91.957054306,67.5,37.0,61.7,78.7,27.9,51.1,43.4,46.3,20.4,21.7,11.7,6.8,68.8,5.5,20.4,6.7,10.1,52.0,-6.0,28.0,4.29,15.0,38.0,42.0,309.0,75.0,62.5,jose caballero,NYY,Jose Caballero,NYY,"2B,3B,SS,LF,RF",202.4,119.0,207.0,238.0,472.0,29.8,3.4705882352941178,1.0350877192982457,145,2B/3B/SS/OF,2B/3B/SS/OF,False,119.0,558.0,3.7884615384615383,-86.0,-0.3178733031674206,-26.0,False,False,121,True,70.65318488753752,11.864377756029446,0.6366898253285231,10.142747531104503,51.529645119842066,43.876625236456405,451.56627035629845,0.9902769086760931,20.433729643701554,0.04481081062215264,472.0,0.0,"{'C': 423, 'SS': 594, '2B': 592, '3B': 571, '1B': 601, 'OF': 526, 'UT': 472}",1.0350877192982457,0.4451754385964912,-1.718668392060503,70.0374531835206,27.340823970037455,55.0561797752809,42.69662921348314,14.981273408239694,44.73684210526316,18.421052631578945,38.15789473684211,-0.011999999999999955,1.2459459459459459,4,1589,-0.21085822664770015,1.2459459459459459,3,False,-0.21085822664770015,-2.1999999999999993,-1.7000000000000002,-0.29999999999999716,10.0,1.0,10.0,0.0,Right middle finger fracture,10.0,2026-03-25,2026-09-25,136.0,166.0,156.0,10.0,474.0,0.872,0.0,0.0,0.15,,established,25.3,0.2,1.326,"456 PA, already has the job · sprint 28.0 ft/s (65th pct) · already 30, an age that jumps 3% of the time",xwOBA 0.278 (18th) · barrels 4.2% (22nd) · EV 83.8 (2nd) · hard-hit 26% (6th) · K 24% (38th) · BB 6% (25th) · chase 37% (16th) · bat speed 68.8 mph (12th) · sprint 28.0 (63rd),"{""n"":20,""b"":0,""c"":[[""Jake Fraley"",2024,29,1.04,1.0,216,0],[""Jake Fraley"",2025,30,1.0,0.86,83,0],[""Cedric Mullins"",2024,30,1.11,1.01,502,0],[""Tyrone Taylor"",2024,30,1.01,0.89,304,0],[""Josh Rojas"",2023,29,0.93,0.81,385,0]]}",0.965954323135698,-0.01977893541086498,0.965954323135698,393.0,0.992,380.0,580.0,152,165,FA,516.0,495.0,-136.0,-115.0,let go,False,94
650489,Willi Castro,2026,1997-04-24,2B,S,Colorado Rockies,120,477,427,111,20,1,15,65,56,41,6,10,6,129,3,75,12,0,1,0,11,73,47,25,9,0,29.0,477.0,27.0,8.6,0.26,0.417,0.331,0.157,0.336,0.236,0.39,0.33,0.309,0.311,0.154,0.413,0.38,0.024,0.027,0.021,87.6,17.7,31.9,8.0,39.9,100.348595338,94.260288576,73.4,37.7,50.8,81.1,30.8,53.6,44.5,38.9,31.2,23.3,6.6,7.3,72.8,8.9,17.6,27.8,9.3,46.7,2.0,28.1,4.27,30.0,35.0,45.0,301.0,85.4,65.0,willi castro,COL,Willi Castro,COL,"1B,2B,3B,SS,LF,RF",287.2,171.0,285.0,285.0,477.0,29.2,3.975,1.0,144,1B/2B/3B/SS/OF,2B/3B/SS,False,171.0,377.19354838709677,3.4177922682813224,99.80645161290323,0.5572077317186777,27.0,True,False,120,False,65.3043083863873,19.649612765739054,1.3458493093599537,14.472229538513679,58.179658705265545,52.19443596684088,444.6760946721064,0.932234999312592,32.32390532789361,0.06776500068740798,472.0,5.0,"{'C': 423, 'SS': 594, '2B': 592, '3B': 571, '1B': 601, 'OF': 526, 'UT': 472}",1.0,0.46331236897274636,-1.776699894506631,58.42696629213483,33.33333333333333,54.30711610486891,25.0936329588015,4.119850187265918,12.578616352201259,18.867924528301888,51.57232704402516,-0.02100000000000002,1.178484107579462,6,2817,-0.1784841075794621,1.178484107579462,5,True,-0.1784841075794621,2.6000000000000014,1.5,1.2000000000000028,22.0,1.0,33.0,0.0,,28.6,2026-03-27,2026-08-31,120.0,145.0,143.0,2.0,540.0,0.839,0.0,0.0,0.15,,established,32.3,0.4,1.258,"477 PA, already has the job · sprint 28.1 ft/s (68th pct) · already 29, an age that jumps 4% of the time · bat speed up 1.2 mph",xwOBA 0.309 (51st) · barrels 8.0% (56th) · EV 87.6 (34th) · hard-hit 40% (56th) · K 27% (23rd) · BB 9% (51st) · chase 38% (13th) · bat speed 72.8 mph (63rd) · sprint 28.1 (67th),"{""n"":20,""b"":0,""c"":[[""Cedric Mullins"",2025,31,1.01,0.92,462,0],[""Cedric Mullins"",2023,29,1.08,1.11,552,0],[""Dansby Swanson"",2024,30,1.0,1.01,649,0],[""Ha-Seong Kim"",2024,29,0.99,0.9,171,0],[""Jake Cronenworth"",2025,31,0.9,0.84,358,0]]}",0.9493870502743947,-0.026285818839922398,0.9493870502743947,396.0,0.977,376.0,570.0,155,209,THALER,516.0,495.0,-140.0,-119.0,let go,False,95
668939,Adley Rutschman,2026,1998-02-06,C,S,multi,99,410,364,88,26,1,13,44,60,39,2,0,1,68,5,48,7,21,0,81,0,0,0,0,0,18,28.0,410.0,16.6,9.5,0.242,0.426,0.315,0.184,0.26,0.254,0.412,0.323,0.327,0.329,0.159,0.345,0.35,-0.012,0.014,-0.004,88.9,14.7,39.5,7.0,38.5,99.111210667,93.73713699,57.0,25.7,72.4,89.5,16.3,40.4,37.9,39.9,30.6,24.9,4.7,6.9,70.6,11.9,30.9,11.9,7.4,45.1,4.0,26.6,4.42,22.0,26.0,40.0,301.0,62.9,54.6,adley rutschman,multi,Adley Rutschman,BOS,"C,DH",151.0,91.0,143.0,234.0,423.0,28.4,4.2727272727272725,1.0317073170731708,181,C,C,False,91.0,560.7627118644068,4.015944775657477,-137.7627118644068,0.2567824970697954,-90.0,False,False,167,True,59.59663016019748,19.75878937276595,1.1845307738756754,11.916049693160897,47.59727468584586,47.30928343931679,413.69455812516264,1.0090111173784455,9.305441874837356,0.02269619969472525,423.0,0.0,"{'C': 423, 'SS': 594, '2B': 592, '3B': 571, '1B': 601, 'OF': 526, 'UT': 472}",1.0317073170731708,0.5609756097560976,-4.559611584055333,68.53932584269663,73.59550561797754,28.08988764044944,-5.05617977528091,40.44943820224719,0.0,19.024390243902438,57.073170731707314,0.0040000000000000036,1.0319148936170213,5,2570,-0.00020757654385050728,1.0319148936170213,4,True,-0.00020757654385050728,1.0000000000000018,-0.5,0.5999999999999943,40.0,3.0,109.0,0.0,Left ankle inflammation,81.4,2026-03-26,2026-09-27,99.0,145.0,125.0,20.0,531.0,0.792,0.0,0.0,0.15,,established,30.6,2.5,1.112,"1.03/PA is his best rate yet, so the bar is one step up · 410 PA, already has the job · avg EV 88.9 (56th pct)",xwOBA 0.327 (70th) · barrels 7.0% (47th) · EV 88.9 (54th) · hard-hit 38% (50th) · K 17% (83rd) · BB 10% (61st) · chase 26% (78th) · bat speed 70.6 mph (29th) · sprint 26.6 (26th),"{""n"":20,""b"":0,""c"":[[""Alec Bohm"",2024,28,1.0,0.93,470,0],[""Lourdes Gurriel Jr."",2024,31,1.03,0.99,541,0],[""Bryson Stott"",2025,28,1.03,1.04,632,0],[""Tommy Edman"",2023,28,1.04,1.04,159,0],[""Alec Bohm"",2025,29,0.93,0.88,553,0]]}",0.9511351558914136,-0.016978344977301236,0.9511351558914136,395.0,0.935,376.0,571.0,155,202,BAMBI,516.0,495.0,-140.0,-119.0,let go,False,96
662139,Daulton Varsho,2026,1996-07-02,OF,L,multi,140,526,484,107,23,3,12,51,40,39,2,12,0,107,1,69,2,0,5,0,0,0,0,0,137,1,29.0,526.0,20.3,7.4,0.221,0.355,0.281,0.134,0.26,0.228,0.354,0.281,0.283,0.285,0.126,0.317,0.32,-0.007,0.001,-0.002,86.7,16.2,32.0,6.9,36.5,98.36044754,93.211984706,72.4,36.5,65.8,85.4,21.9,53.1,38.1,39.4,28.8,22.0,9.8,7.7,72.9,7.8,20.4,28.2,10.1,55.0,-16.0,27.4,4.29,19.0,41.0,47.0,378.0,80.9,62.0,daulton varsho,multi,Daulton Varsho,HOU,"LF,CF",193.6,114.0,192.0,171.0,455.0,30.0,3.25,0.8650190114068441,158,OF,OF,False,114.0,560.7627118644068,4.015944775657477,-105.76271186440681,-0.7659447756574771,-44.0,False,False,123,True,76.10758675361103,19.802532775730494,2.1441741877059024,12.297706282952568,57.612167184831215,54.579603148717005,478.8797703335482,0.910417814322335,-23.87977033354821,-0.04539880291549092,472.0,-17.0,"{'C': 423, 'SS': 594, '2B': 592, '3B': 571, '1B': 601, 'OF': 526, 'UT': 472}",0.8650190114068441,0.3935361216730038,-5.122637915260082,11.235955056179774,12.734082397003746,21.722846441947567,-1.498127340823972,-10.486891385767793,13.688212927756654,13.688212927756654,44.48669201520912,0.0019999999999999463,1.1734317343173433,6,2798,-0.30841272291049915,1.1734317343173433,5,True,-0.30841272291049915,-8.099999999999998,-9.0,-2.6999999999999886,11.0,2.0,117.0,0.0,,71.0,2026-03-27,2026-09-19,140.0,162.0,151.0,11.0,564.0,0.927,0.0,0.0,0.15,,established,29.5,0.6,1.253,"526 PA, already has the job · deserved 0.91/PA on contact quality, got 0.87 · already 30, an age that jumps 3% of the time",xwOBA 0.283 (23rd) · barrels 6.9% (46th) · EV 86.7 (19th) · hard-hit 36% (39th) · K 20% (63rd) · BB 7% (34th) · chase 36% (17th) · bat speed 72.9 mph (64th) · sprint 27.4 (48th),"{""n"":20,""b"":0,""c"":[[""Jorge Polanco"",2024,31,0.81,1.07,563,0],[""Danny Jansen"",2024,29,0.83,0.98,331,0],[""Max Kepler"",2024,31,0.89,0.9,427,0],[""Jonah Heim"",2025,30,0.82,0.87,339,0],[""Sean Murphy"",2024,30,0.86,1.02,345,0]]}",0.9710600444432083,-0.01977893541086498,0.9710600444432083,386.0,0.943,375.0,583.0,157,149,FA,516.0,495.0,-141.0,-120.0,let go,False,97
666160,Mickey Moniak,2026,1998-05-13,OF,L,Colorado Rockies,117,436,404,96,17,6,23,49,65,22,3,1,1,120,7,50,1,0,5,0,0,0,0,0,85,40,28.0,436.0,27.5,5.0,0.238,0.48,0.278,0.242,0.272,0.212,0.392,0.322,0.279,0.255,0.179,0.422,0.358,0.026,0.088,0.043,89.7,21.4,32.0,9.6,41.6,99.875625205,94.179652165,76.4,44.0,51.3,82.0,30.3,59.0,48.1,34.0,36.8,20.3,8.9,7.8,74.3,10.0,21.1,45.4,13.8,52.0,8.0,28.1,4.37,29.0,27.0,39.0,291.0,85.7,66.5,mickey moniak,COL,Mickey Moniak,COL,"LF,CF,RF,DH",238.3,147.0,236.0,230.0,441.0,28.1,3.769230769230769,1.011467889908257,168,OF,OF,False,147.0,425.5,3.7174234694899297,15.5,0.05180729974083942,-21.0,False,False,132,False,49.470213269744775,16.450416665803566,3.316526859158521,16.410843205293133,50.413922802047736,50.907878677720994,381.9338014797687,0.8759949575224053,59.066198520231296,0.13547293238585167,472.0,-31.0,"{'C': 423, 'SS': 594, '2B': 592, '3B': 571, '1B': 601, 'OF': 526, 'UT': 472}",1.011467889908257,0.48394495412844035,-2.908387182721302,61.79775280898876,43.445692883895134,43.07116104868914,18.352059925093627,18.72659176029962,1.3761467889908259,31.651376146788994,30.275229357798167,-0.04299999999999998,1.1323210412147506,4,1787,-0.12085315130649366,1.1323210412147506,3,False,-0.12085315130649366,3.6000000000000014,-4.200000000000001,0.5999999999999943,38.0,2.0,38.0,0.0,Right ankle tendonitis,38.0,2026-04-03,2026-09-26,117.0,158.0,129.0,29.0,548.0,0.907,7.0,0.0,0.15,,established,31.3,0.5,1.212,"avg EV 89.7 (70th pct) · 436 PA, already has the job · sprint 28.1 ft/s (68th pct)",xwOBA 0.279 (19th) · barrels 9.6% (69th) · EV 89.7 (68th) · hard-hit 42% (65th) · K 28% (21st) · BB 5% (11th) · chase 44% (2nd) · bat speed 74.3 mph (82nd) · sprint 28.1 (67th),"{""n"":20,""b"":0,""c"":[[""Cedric Mullins"",2023,29,1.08,1.11,552,0],[""JJ Bleday"",2025,28,0.92,0.95,518,0],[""Daulton Varsho"",2024,28,0.99,1.17,318,0],[""Ram\u00f3n Ur\u00edas"",2023,29,0.9,0.95,285,0],[""Danny Jansen"",2023,28,1.07,0.83,270,0]]}",0.9924797922011194,-0.016978344977301236,0.9924797922011194,374.0,0.97,371.0,595.0,158,111,Dpf,516.0,495.0,-145.0,-124.0,let go,False,98
694497,Evan Carter,2026,2002-08-29,OF,L,Texas Rangers,141,455,391,76,14,3,9,52,40,47,5,17,3,114,2,50,2,0,1,0,0,0,0,0,140,0,23.0,455.0,25.1,10.3,0.194,0.315,0.288,0.121,0.248,0.205,0.32,0.274,0.28,0.297,0.114,0.306,0.316,-0.011,-0.005,-0.006,87.6,17.9,28.7,4.8,34.9,98.726085185,93.426463755,61.5,21.5,42.3,80.8,29.1,41.7,39.8,40.8,29.8,20.1,9.3,7.1,71.6,8.5,22.0,23.0,8.3,46.5,-15.0,28.9,4.15,13.0,29.0,34.0,289.0,74.5,64.2,evan carter,TEX,Evan Carter,TEX,"LF,CF,RF",289.2,175.0,283.0,218.0,394.0,23.8,2.7943262411347516,0.865934065934066,196,OF,OF,False,175.0,377.19354838709677,3.2573529411764706,16.80645161290323,-0.463026700041719,-21.0,False,False,171,False,55.82299205600496,13.310749840711603,1.8005241505619047,9.22073395272153,53.71468751535372,42.99774003111006,404.5964275464638,0.8892229176845359,-10.596427546463815,-0.023288851750469908,472.0,-78.0,"{'C': 423, 'SS': 594, '2B': 592, '3B': 571, '1B': 601, 'OF': 526, 'UT': 472}",0.865934065934066,0.3626373626373626,-5.478175402015152,11.610486891385769,8.614232209737828,17.97752808988764,2.9962546816479403,-6.367041198501873,22.417582417582416,11.868131868131867,61.97802197802197,0.006000000000000005,1.1454545454545455,2,912,-0.27952047952047954,1.1454545454545455,1,False,-0.27952047952047954,6.5,-1.1000000000000005,1.6999999999999886,15.0,1.0,203.0,0.0,Right oblique strain,90.6,2026-03-26,2026-09-27,141.0,162.0,147.0,15.0,501.0,0.959,0.0,0.0,0.15,,young / establishing,28.6,6.5,1.225,"24 years old, an age that jumps 8% of the time · sprint 28.9 ft/s (87th pct) · 455 PA, already has the job · bat speed up 1.7 mph",xwOBA 0.280 (19th) · barrels 4.8% (26th) · EV 87.6 (34th) · hard-hit 35% (32nd) · K 25% (33rd) · BB 10% (70th) · chase 22% (94th) · bat speed 71.6 mph (44th) · sprint 28.9 (86th),"{""n"":20,""b"":0,""c"":[[""Jared Triolo"",2024,26,0.82,0.88,330,0],[""Bo Naylor"",2025,25,0.95,0.64,63,0],[""Zack Gelof"",2024,25,0.92,0.68,69,0],[""Mickey Moniak"",2024,26,0.92,1.13,522,0],[""Matt McLain"",2025,26,0.9,0.88,437,0]]}",0.9739752602520116,0.00019966633770723946,0.9739752602520116,380.0,0.928,370.0,584.0,159,143,FA,516.0,495.0,-146.0,-125.0,let go,False,99
671976,Tristan Peters,2026,2000-02-29,OF,L,Chicago White Sox,156,491,437,116,31,4,12,63,56,37,11,8,2,90,2,69,3,0,3,0,0,0,0,0,178,0,26.0,491.0,18.3,7.5,0.265,0.437,0.337,0.172,0.309,0.248,0.384,0.34,0.314,0.322,0.136,0.377,0.34,0.017,0.053,0.026,87.5,18.0,33.1,5.4,34.1,98.255124545,93.229307788,74.7,32.6,62.3,83.5,23.0,53.6,51.3,40.8,28.6,22.4,8.2,6.9,69.7,9.4,26.5,7.3,13.7,56.2,11.0,28.6,4.27,21.0,39.0,56.0,353.0,83.2,61.5,tristan peters,CWS,,,,,,,,501.0,26.3,3.2115384615384617,1.0203665987780042,132,OF,OF,True,339.0,172.67,2.396692273871662,328.33000000000004,0.8148461876667996,207.0,True,False,120,False,73.65217086663989,21.195543555327884,2.348400289424579,11.179885288607656,60.923688895626746,50.78709157703365,462.89478047266044,0.942759227031895,38.10521952733956,0.07760737174610921,472.0,29.0,"{'C': 423, 'SS': 594, '2B': 592, '3B': 571, '1B': 601, 'OF': 526, 'UT': 472}",1.0203665987780042,0.539714867617108,-2.2441922550934827,63.29588014981273,65.54307116104869,50.187265917603,-2.247191011235955,13.108614232209732,9.775967413441954,14.663951120162933,45.21384928716905,-0.026000000000000023,1.0203665987780042,1,503,0.0,,0,False,0.6703665987780042,,,,0.0,0.0,0.0,0.0,,0.0,2026-03-26,2026-09-27,156.0,164.0,164.0,0.0,485.0,0.951,0.0,0.0,0.15,,established,28.7,3.2,1.1,"491 PA, already has the job · sprint 28.6 ft/s (81st pct) · 503 career PA, still new",xwOBA 0.314 (57th) · barrels 5.4% (32nd) · EV 87.5 (32nd) · hard-hit 34% (28th) · K 18% (76th) · BB 8% (35th) · chase 33% (35th) · bat speed 69.7 mph (20th) · sprint 28.6 (80th),"{""n"":20,""b"":1,""c"":[[""Thairo Estrada"",2022,26,1.03,1.03,546,0],[""Joey Ortiz"",2024,26,0.95,0.84,427,0],[""Austin Hays"",2021,26,1.06,0.94,546,0],[""Amed Rosario"",2021,26,0.98,0.99,663,0],[""Trent Grisham"",2021,25,1.0,0.83,437,0]]}",1.0017890721079066,-0.012888640320029626,1.0017890721079066,366.0,1.0,367.0,601.0,161,99,Dpf,516.0,495.0,-149.0,-128.0,let go,False,100
671218,Heliot Ramos,2026,1999-09-07,OF,R,multi,112,442,404,99,20,4,13,48,46,31,5,4,1,121,2,62,2,0,3,0,0,0,0,0,111,1,26.0,442.0,27.4,7.0,0.245,0.411,0.305,0.166,0.316,0.256,0.446,0.312,0.329,0.313,0.19,0.398,0.425,-0.011,-0.035,-0.017,92.2,6.8,34.4,13.8,48.4,103.254738156,96.13377,69.2,33.1,47.7,82.6,29.3,50.4,34.0,50.5,23.9,23.2,2.5,6.9,72.8,13.2,23.8,29.0,7.8,50.8,-4.0,27.2,4.5,19.0,38.0,41.0,285.0,75.7,63.0,heliot ramos,multi,Heliot Ramos,NYY,"LF,CF,RF",211.4,126.0,208.0,161.0,411.0,26.8,3.669642857142857,0.9298642533936652,191,OF,OF,False,126.0,452.0,3.7174234694899297,-41.0,-0.04778061234707254,-65.0,False,False,170,False,61.477432634954546,22.937198149246175,3.2053057966440055,15.804063419155277,54.15646867442267,54.28043866869619,444.04490734311895,1.0046264872016266,-33.04490734311895,-0.07476223380796143,472.0,-61.0,"{'C': 423, 'SS': 594, '2B': 592, '3B': 571, '1B': 601, 'OF': 526, 'UT': 472}",0.9298642533936652,0.3936651583710407,-4.663217006640767,31.835205992509362,13.48314606741573,26.217228464419474,18.352059925093634,5.617977528089888,5.429864253393665,17.647058823529413,42.081447963800905,0.017000000000000015,1.0444015444015444,3,1737,-0.11453729100787924,1.0444015444015444,2,True,-0.11453729100787924,4.699999999999999,5.0,-1.1000000000000085,43.0,1.0,43.0,0.0,Right quad strain,43.0,2026-03-25,2026-09-25,112.0,164.0,124.0,40.0,577.0,0.903,0.0,0.0,0.15,,established,34.6,3.6,1.124,"avg EV 92.2 (94th pct) · deserved 1.00/PA on contact quality, got 0.93 · 442 PA, already has the job · barrel rate up 5.0 pts on last year",xwOBA 0.329 (73rd) · barrels 13.8% (93rd) · EV 92.2 (94th) · hard-hit 48% (90th) · K 27% (22nd) · BB 7% (31st) · chase 33% (34th) · bat speed 72.8 mph (63rd) · sprint 27.2 (42nd),"{""n"":20,""b"":1,""c"":[[""Trent Grisham"",2023,27,0.9,0.9,188,0],[""Ryan McMahon"",2022,28,0.92,0.95,593,0],[""Austin Riley"",2024,27,0.97,0.94,419,0],[""Jake Burger"",2025,29,0.91,0.95,589,0],[""Christopher Morel"",2025,26,0.95,0.61,64,0]]}",0.9522628474052562,-0.020371427220405795,0.9522628474052562,385.0,0.966,367.0,571.0,161,202,GLIZZY,516.0,495.0,-149.0,-128.0,let go,False,101
702616,Jackson Holliday,2026,2003-12-04,2B,L,Baltimore Orioles,98,354,315,72,12,1,7,45,30,34,0,8,3,84,4,52,6,0,0,0,0,85,4,7,0,5,22.0,354.0,23.7,9.6,0.229,0.34,0.3,0.111,0.285,0.236,0.352,0.284,0.293,0.304,0.116,0.329,0.342,-0.007,-0.012,-0.009,87.0,12.5,36.4,6.4,33.1,97.252535641,92.656907564,64.3,26.8,53.5,81.8,26.9,45.0,33.9,44.1,24.2,25.4,6.4,7.0,70.6,8.6,26.3,6.2,9.3,53.6,-7.0,28.9,4.24,9.0,28.0,35.0,236.0,79.3,62.5,jackson holliday,BAL,Jackson Holliday,BAL,"2B,SS,DH",175.4,102.0,160.0,280.0,306.0,22.6,3.122448979591837,0.864406779661017,254,2B,2B,False,102.0,560.7627118644068,4.015944775657477,-254.7627118644068,-0.8934957960656402,-152.0,False,False,245,True,54.20886443432792,11.442905277986023,0.9675961410441531,7.72063414664189,42.531905258095094,34.38658130899378,314.1384865670889,0.8873968547092906,-8.138486567088876,-0.02299007504827366,472.0,-166.0,"{'C': 423, 'SS': 594, '2B': 592, '3B': 571, '1B': 601, 'OF': 526, 'UT': 472}",0.864406779661017,0.3954802259887006,-6.378830265292663,10.861423220973784,14.232209737827715,10.861423220973784,-3.370786516853931,0.0,13.559322033898304,11.864406779661017,57.6271186440678,0.009000000000000008,0.9090909090909091,3,1211,-0.04468412942989208,0.9090909090909091,2,True,-0.04468412942989208,2.099999999999998,-1.3999999999999995,0.0,65.0,2.0,65.0,0.0,,65.0,2026-05-19,2026-09-14,98.0,111.0,106.0,5.0,541.0,0.925,54.0,1.0,0.15,,established,27.6,6.9,0.989,"23 years old, an age that jumps 11% of the time · sprint 28.9 ft/s (87th pct) · deserved 0.89/PA on contact quality, got 0.86",xwOBA 0.293 (32nd) · barrels 6.4% (41st) · EV 87.0 (24th) · hard-hit 33% (24th) · K 24% (43rd) · BB 10% (63rd) · chase 27% (72nd) · bat speed 70.6 mph (29th) · sprint 28.9 (86th),"{""n"":20,""b"":3,""c"":[[""Alek Thomas"",2023,23,0.93,0.98,101,0],[""Dylan Carlson"",2022,24,0.91,0.85,218,0],[""Miguel Vargas"",2023,24,0.85,0.68,160,0],[""Luis Garc\u00eda Jr."",2022,22,0.86,0.93,448,0],[""Cam Smith"",2025,22,0.92,0.93,526,0]]}",0.9035121044146947,0.009960942754447033,0.9035121044146947,406.0,0.948,367.0,542.0,161,334,FA,516.0,495.0,-149.0,-128.0,let go,False,102
592885,Christian Yelich,2026,1991-12-05,DH,L,Milwaukee Brewers,118,500,442,104,23,2,12,69,59,49,4,11,1,135,4,67,0,0,0,0,0,0,0,0,2,112,34.0,500.0,27.0,9.8,0.235,0.378,0.315,0.143,0.308,0.23,0.385,0.305,0.308,0.307,0.156,0.374,0.38,0.005,-0.007,-0.003,88.9,4.0,29.5,9.6,42.9,100.380625455,94.534931238,68.0,24.4,46.2,79.8,29.6,45.4,34.6,55.4,19.9,22.1,2.6,7.6,73.1,9.9,21.1,30.9,11.7,45.6,-6.0,27.4,4.46,21.0,40.0,42.0,312.0,78.6,57.3,christian yelich,MIL,Christian Yelich,MIL,"LF,DH",89.6,61.0,112.0,83.0,485.0,34.6,4.110169491525424,0.97,140,OF,UT,False,61.0,560.7627118644068,4.0964912280701755,-75.76271186440681,0.013678263455248363,-79.0,False,False,120,True,62.879327179814986,22.716960796506598,1.95609686754187,14.107615156136555,58.59076243969477,55.65080094920349,472.5135633888983,0.9450271267777967,12.48643661110168,0.024972873222203318,472.0,13.0,"{'C': 423, 'SS': 594, '2B': 592, '3B': 571, '1B': 601, 'OF': 526, 'UT': 472}",0.97,0.44,-2.437132866760343,49.063670411985015,25.842696629213485,49.063670411985015,23.22097378277153,0.0,13.2,14.4,58.800000000000004,0.0030000000000000027,1.3238095238095238,6,3237,-0.3538095238095238,1.3238095238095238,5,True,-0.3538095238095238,1.1000000000000014,-0.7000000000000011,-0.20000000000000284,28.0,1.0,117.0,0.0,,54.7,2026-03-26,2026-09-27,118.0,165.0,140.0,25.0,579.0,0.843,0.0,0.0,0.15,,established,32.5,0.2,1.404,"500 PA, already has the job · avg EV 88.9 (56th pct) · got 0.97/PA but deserved 0.95",xwOBA 0.308 (50th) · barrels 9.6% (69th) · EV 88.9 (54th) · hard-hit 43% (72nd) · K 27% (23rd) · BB 10% (65th) · chase 24% (85th) · bat speed 73.1 mph (67th) · sprint 27.4 (48th),"{""n"":20,""b"":1,""c"":[[""Nick Castellanos"",2025,33,0.94,0.83,101,0],[""J.T. Realmuto"",2025,34,1.01,0.89,415,0],[""Teoscar Hern\u00e1ndez"",2025,33,1.04,1.03,504,0],[""Marcus Semien"",2025,35,0.92,0.82,449,0],[""Starling Marte"",2025,37,0.98,0.86,145,0]]}",0.9204283959786773,-0.05989080447742173,0.9204283959786773,399.0,0.908,367.0,552.0,161,287,LTTA,516.0,495.0,-149.0,-128.0,let go,False,103
608369,Corey Seager,2026,1994-04-27,SS,L,Texas Rangers,102,436,384,87,16,0,20,57,51,45,4,2,0,103,3,51,5,0,0,0,0,0,0,95,0,6,32.0,436.0,23.6,10.3,0.227,0.424,0.312,0.197,0.254,0.251,0.484,0.32,0.35,0.328,0.233,0.375,0.421,-0.024,-0.06,-0.03,91.7,12.4,35.6,14.8,48.9,102.113554366,95.685271092,82.9,28.8,41.9,78.2,32.9,52.6,44.0,44.4,30.6,21.5,3.5,6.7,71.5,13.1,26.3,12.4,15.0,56.8,2.0,25.1,4.77,25.0,26.0,36.0,284.0,92.9,62.4,corey seager,TEX,Corey Seager,TEX,SS,83.8,56.0,90.0,77.0,408.0,32.2,4.0,0.9357798165137615,192,SS,SS,False,56.0,563.0,4.290827223004798,-155.0,-0.2908272230047979,-136.0,False,False,170,True,51.02307203812165,22.743191148768233,1.1244015880985676,21.493335225011545,51.549540819469016,60.862804096375825,444.6523449158449,1.019844827788635,-36.65234491584488,-0.08406501127487342,472.0,-64.0,"{'C': 423, 'SS': 594, '2B': 592, '3B': 571, '1B': 601, 'OF': 526, 'UT': 472}",0.9357798165137615,0.49311926605504586,-3.7505509180491625,35.580524344569284,47.565543071161045,35.2059925093633,-11.985018726591761,0.37453183520598543,2.7522935779816518,27.522935779816514,61.92660550458716,0.02999999999999997,1.2835820895522387,6,3022,-0.3478022730384772,1.2835820895522387,5,True,-0.3478022730384772,4.0,-0.5,-1.0,57.0,3.0,137.0,0.0,Lower back inflammation,97.5,2026-03-26,2026-09-27,102.0,162.0,112.0,50.0,631.0,0.911,0.0,0.0,0.15,,established,34.0,0.5,1.364,"deserved 1.02/PA on contact quality, got 0.94 · avg EV 91.7 (91st pct) · 436 PA, already has the job",xwOBA 0.350 (90th) · barrels 14.8% (95th) · EV 91.7 (91st) · hard-hit 49% (91st) · K 24% (44th) · BB 10% (70th) · chase 29% (61st) · bat speed 71.5 mph (42nd) · sprint 25.1 (5th),"{""n"":20,""b"":0,""c"":[[""Marcell Ozuna"",2025,35,0.9,0.76,213,0],[""Adolis Garc\u00eda"",2025,32,0.97,0.78,201,0],[""Matt Olson"",2024,30,0.98,1.05,758,0],[""Carlos Correa"",2025,31,0.88,1.01,143,0],[""Bryce Harper"",2025,33,1.09,1.07,741,0]]}",0.93175650952472,-0.035407766755750046,0.93175650952472,389.0,0.922,362.0,559.0,164,253,BB,516.0,495.0,-154.0,-133.0,let go,False,104
680574,Matt McLain,2026,1999-08-06,2B,R,Cincinnati Reds,134,496,437,81,18,1,15,59,40,48,6,20,4,139,2,47,3,0,0,0,0,100,0,34,3,0,26.0,496.0,28.0,9.7,0.185,0.334,0.274,0.149,0.232,0.212,0.361,0.272,0.293,0.297,0.148,0.323,0.357,-0.027,-0.027,-0.021,87.8,20.7,35.3,9.0,35.6,98.618121507,93.445306873,63.0,26.8,50.7,81.2,28.4,44.2,38.0,35.6,35.3,19.8,9.2,6.9,71.5,9.2,23.1,12.0,11.4,58.8,-20.0,28.7,4.3,24.0,18.0,38.0,303.0,64.9,60.0,matt mclain,CIN,Matt McLain,CIN,"2B,SS",174.0,101.0,183.0,168.0,437.0,26.9,3.2611940298507465,0.8810483870967742,173,2B/SS,2B/SS,False,101.0,560.7627118644068,4.015944775657477,-123.76271186440681,-0.7547507458067306,-72.0,False,False,132,True,58.1888542065814,18.673337018416785,1.3427633434222166,14.439045431579594,60.73687160687509,52.002656953326394,473.70352856020145,0.9550474366133094,-36.70352856020145,-0.07399904951653513,472.0,-35.0,"{'C': 423, 'SS': 594, '2B': 592, '3B': 571, '1B': 601, 'OF': 526, 'UT': 472}",0.8810483870967742,0.35080645161290325,-4.597525976905363,14.606741573033707,6.741573033707865,26.591760299625467,7.865168539325842,-11.98501872659176,24.193548387096772,18.14516129032258,58.064516129032256,0.020999999999999963,1.1935483870967742,3,1476,-0.3125,1.1935483870967742,2,False,-0.3125,-0.8999999999999986,1.2000000000000002,1.9000000000000057,20.0,1.0,213.0,0.0,,80.0,2026-03-26,2026-09-27,134.0,165.0,148.0,17.0,543.0,0.905,0.0,0.0,0.15,,established,29.0,2.2,1.274,"deserved 0.96/PA on contact quality, got 0.88 · 496 PA, already has the job · sprint 28.7 ft/s (83rd pct) · bat speed up 1.9 mph",xwOBA 0.293 (32nd) · barrels 9.0% (65th) · EV 87.8 (37th) · hard-hit 36% (35th) · K 28% (19th) · BB 10% (64th) · chase 27% (72nd) · bat speed 71.5 mph (42nd) · sprint 28.7 (83rd),"{""n"":20,""b"":0,""c"":[[""Willi Castro"",2025,28,0.9,1.0,477,0],[""Jared Triolo"",2024,26,0.82,0.88,330,0],[""Bo Naylor"",2025,25,0.95,0.64,63,0],[""Jared Triolo"",2025,27,0.88,0.83,300,0],[""Brenton Doyle"",2025,27,0.96,1.04,232,0]]}",0.9437868719245782,-0.020371427220405795,0.9437868719245782,382.0,0.936,361.0,566.0,165,227,FA,516.0,495.0,-155.0,-134.0,let go,False,105
691026,Masyn Winn,2026,2002-03-21,SS,R,St. Louis Cardinals,136,532,470,109,21,2,5,54,56,48,7,10,3,116,7,81,10,0,0,0,0,0,0,135,0,0,24.0,532.0,21.8,9.0,0.232,0.317,0.308,0.085,0.292,0.245,0.329,0.283,0.297,0.324,0.084,0.31,0.331,-0.013,-0.012,-0.014,88.3,11.5,33.0,3.3,34.9,98.548306592,93.333175698,58.4,24.0,55.1,85.0,23.7,41.2,29.9,44.0,21.1,26.6,8.3,7.3,71.3,10.8,27.9,15.3,5.8,42.9,-13.0,28.5,4.34,12.0,43.0,53.0,361.0,62.1,58.6,masyn winn,STL,Masyn Winn,STL,SS,291.2,176.0,272.0,262.0,443.0,24.3,3.2573529411764706,0.8327067669172933,167,SS,SS,False,176.0,377.19354838709677,3.1811021036719445,65.80645161290323,0.0762508375045261,9.0,False,False,132,False,91.58107740139607,14.940304085478141,1.3461596248554668,7.282458888270311,61.74935223066579,47.544290487282765,454.0736427179486,0.853521884808174,-11.073642717948587,-0.020815117890880752,472.0,-29.0,"{'C': 423, 'SS': 594, '2B': 592, '3B': 571, '1B': 601, 'OF': 526, 'UT': 472}",0.8327067669172933,0.37781954887218044,-4.588766643916362,6.367041198501873,10.486891385767791,26.96629213483146,-4.119850187265918,-20.599250936329586,11.278195488721805,5.639097744360902,54.13533834586466,0.014000000000000012,0.9419152276295133,3,1843,-0.10920846071222001,0.9419152276295133,2,True,-0.10920846071222001,2.8000000000000007,-1.5,0.20000000000000284,145.0,1.0,170.0,0.0,Left thumb fracture,160.0,2026-03-26,2026-09-25,136.0,166.0,136.0,30.0,634.0,1.0,0.0,0.0,0.15,,established,29.1,5.6,1.022,"24 years old, an age that jumps 8% of the time · 532 PA, already has the job · sprint 28.5 ft/s (79th pct)",xwOBA 0.297 (38th) · barrels 3.3% (14th) · EV 88.3 (45th) · hard-hit 35% (32nd) · K 22% (55th) · BB 9% (54th) · chase 24% (87th) · bat speed 71.3 mph (38th) · sprint 28.5 (78th),"{""n"":20,""b"":0,""c"":[[""Alek Thomas"",2025,25,0.87,0.87,104,0],[""Dylan Carlson"",2022,24,0.91,0.85,218,0],[""Leody Taveras"",2024,26,0.96,0.84,151,0],[""Gavin Lux"",2024,27,0.9,0.89,447,0],[""Ke'Bryan Hayes"",2022,25,0.88,1.02,536,0]]}",0.8975650621444778,0.00019966633770723946,0.8975650621444778,401.0,0.872,360.0,539.0,166,342,FA,516.0,495.0,-156.0,-135.0,let go,False,106
663968,Jake Mangum,2026,1996-03-08,OF,S,Pittsburgh Pirates,133,479,435,120,19,2,5,56,33,25,12,23,9,93,2,94,3,0,4,0,0,0,0,0,164,0,30.0,479.0,19.4,5.2,0.276,0.363,0.331,0.087,0.339,0.247,0.331,0.31,0.285,0.304,0.084,0.352,0.317,0.029,0.032,0.025,86.0,4.8,27.2,2.3,27.8,96.465453598,92.286667774,73.2,45.1,72.2,83.2,21.4,58.3,29.8,58.2,16.9,20.6,4.3,6.7,68.0,6.0,24.9,4.4,4.7,36.1,-4.0,29.6,4.04,12.0,63.0,45.0,349.0,78.4,67.2,jake mangum,PIT,Jake Mangum,PIT,"LF,CF,RF",367.3,223.0,379.0,401.0,478.0,30.3,3.593984962406015,0.9979123173277662,143,OF,OF,False,223.0,340.5483870967742,3.0867599025400003,137.4516129032258,0.5072250598660148,80.0,True,False,120,False,85.89439902998976,13.421811026505171,1.2681808570203692,6.860609086484698,58.102002639294,41.646031840310044,462.17803447960404,0.9648810740701546,15.821965520395963,0.03303124325761164,472.0,6.0,"{'C': 423, 'SS': 594, '2B': 592, '3B': 571, '1B': 601, 'OF': 526, 'UT': 472}",0.9979123173277662,0.42171189979123175,-2.9915478705584246,58.052434456928836,20.973782771535582,41.947565543071164,37.078651685393254,16.104868913857672,28.81002087682672,6.263048016701461,31.315240083507305,-0.025000000000000022,1.074766355140187,2,907,-0.07685403781242073,1.074766355140187,1,False,-0.07685403781242073,4.399999999999999,-0.40000000000000036,0.7000000000000028,9.0,1.0,45.0,0.0,,30.599999999999998,2026-03-28,2026-09-27,133.0,164.0,155.0,9.0,501.0,0.858,2.0,0.0,0.15,,established,25.5,1.1,1.155,"sprint 29.6 ft/s (95th pct) · 479 PA, already has the job · got 1.00/PA but deserved 0.96",xwOBA 0.285 (25th) · barrels 2.3% (7th) · EV 86.0 (14th) · hard-hit 28% (10th) · K 19% (70th) · BB 5% (14th) · chase 45% (1st) · bat speed 68.0 mph (5th) · sprint 29.6 (95th),"{""n"":20,""b"":0,""c"":[[""Harrison Bader"",2024,30,0.99,1.06,533,0],[""Harrison Bader"",2023,29,1.01,0.99,431,0],[""Leury Garc\u00eda"",2021,30,0.93,0.66,207,0],[""Tyrone Taylor"",2024,30,1.01,0.89,304,0],[""Raimel Tapia"",2022,28,0.94,1.04,176,0]]}",0.9525464984637482,-0.01977893541086498,0.9525464984637482,378.0,0.976,360.0,572.0,166,194,FA,516.0,495.0,-156.0,-135.0,let go,False,107
673237,Yainer Diaz,2026,1998-09-21,C,R,Houston Astros,98,361,344,98,16,1,14,38,45,12,3,0,2,57,2,67,3,19,0,88,1,0,0,0,0,9,27.0,361.0,15.8,3.3,0.285,0.459,0.313,0.174,0.305,0.272,0.416,0.334,0.312,0.302,0.144,0.381,0.354,0.013,0.043,0.022,89.3,7.5,29.4,6.9,38.8,99.752823724,94.074011696,74.5,42.1,60.9,88.5,22.3,57.4,37.0,54.7,17.3,21.8,6.2,7.3,72.6,13.6,31.0,23.3,7.8,56.0,11.0,26.0,4.49,16.0,39.0,42.0,289.0,84.1,64.5,yainer diaz,HOU,Yainer Diaz,HOU,"C,DH",144.4,87.0,104.0,250.0,389.0,27.8,3.9693877551020407,1.077562326869806,202,C,C,False,87.0,560.7627118644068,4.015944775657477,-171.7627118644068,-0.046557020555436424,-115.0,False,False,171,True,67.30287452611104,14.096269506630893,1.0668374084051429,11.10201855885294,38.763497941470455,41.59853266212791,367.0340306035984,1.016714766214954,21.96596939640159,0.06084756065485197,423.0,-34.0,"{'C': 423, 'SS': 594, '2B': 592, '3B': 571, '1B': 601, 'OF': 526, 'UT': 472}",1.077562326869806,0.5429362880886427,-4.5046382510183856,81.27340823970037,67.79026217228464,28.83895131086142,13.483146067415731,52.434456928838955,0.0,23.268698060941826,19.94459833795014,-0.02200000000000002,1.1724137931034482,4,1933,-0.09485146623364216,1.1724137931034482,3,True,-0.09485146623364216,-1.0,-2.6999999999999993,0.3999999999999915,42.0,1.0,42.0,0.0,Left oblique strain,42.0,2026-03-26,2026-09-27,98.0,163.0,124.0,39.0,472.0,0.79,0.0,0.0,0.15,,established,31.9,0.6,1.252,"avg EV 89.3 (64th pct) · 1.08/PA this year against 1.17 at his best, two steps to clear · sprint 26.0 ft/s (15th pct)",xwOBA 0.312 (55th) · barrels 6.9% (46th) · EV 89.3 (61st) · hard-hit 39% (51st) · K 16% (87th) · BB 3% (2nd) · chase 42% (5th) · bat speed 72.6 mph (60th) · sprint 26.0 (15th),"{""n"":20,""b"":0,""c"":[[""Will Smith"",2023,28,1.08,1.09,595,0],[""Ozzie Albies"",2024,28,0.96,0.92,612,0],[""Ryan Jeffers"",2025,28,0.96,1.07,394,0],[""Danny Jansen"",2023,28,1.07,0.83,270,0],[""Cedric Mullins"",2023,29,1.08,1.11,552,0]]}",0.9342469353523045,-0.016978344977301236,0.9342469353523045,384.0,0.966,359.0,561.0,168,244,FA,516.0,495.0,-157.0,-136.0,let go,False,108
683083,Nasim Nuñez,2026,2000-08-18,2B,S,Washington Nationals,147,493,431,90,6,3,1,55,37,49,2,49,10,99,2,80,17,0,0,0,0,105,0,44,0,1,25.0,493.0,20.1,9.9,0.209,0.244,0.291,0.035,0.267,0.221,0.274,0.251,0.268,0.304,0.053,0.256,0.281,-0.012,-0.03,-0.017,85.2,8.3,28.9,0.9,22.2,95.081777107,91.558154732,68.2,25.9,60.4,85.2,21.6,47.1,32.1,53.1,18.7,23.0,5.2,6.8,68.3,5.2,24.0,3.3,5.1,42.2,-25.0,29.7,4.17,7.0,41.0,41.0,343.0,84.1,68.2,nasim nunez,WSH,Nasim Nunez,WSH,"2B,SS",439.0,257.0,412.0,479.0,468.0,25.9,3.183673469387755,0.949290060851927,148,2B/SS,2B/SS,False,257.0,229.0,2.9215686274509802,239.0,0.26210484193677486,109.0,True,False,121,False,82.40427508530082,7.22116881202956,1.254837120038407,4.370718982631209,58.46393024624472,37.45203525632447,490.2609655025692,0.9944441490924325,-22.260965502569206,-0.045154088240505486,472.0,-4.0,"{'C': 423, 'SS': 594, '2B': 592, '3B': 571, '1B': 601, 'OF': 526, 'UT': 472}",0.949290060851927,0.3975659229208925,-3.020189603321752,40.074906367041194,14.606741573033707,41.19850187265918,25.468164794007485,-1.1235955056179847,59.63488843813387,1.2170385395537524,59.63488843813387,0.017000000000000015,0.949290060851927,1,663,0.0,,0,False,0.599290060851927,,,,0.0,0.0,0.0,0.0,,0.0,2026-03-26,2026-09-27,147.0,162.0,162.0,0.0,493.0,0.907,0.0,0.0,0.15,,established,24.5,6.5,1.029,"sprint 29.7 ft/s (96th pct) · 493 PA, already has the job · deserved 0.99/PA on contact quality, got 0.95",xwOBA 0.268 (12th) · barrels 0.9% (1st) · EV 85.2 (6th) · hard-hit 22% (3rd) · K 20% (65th) · BB 10% (66th) · chase 26% (77th) · bat speed 68.3 mph (7th) · sprint 29.7 (96th),"{""n"":20,""b"":3,""c"":[[""Jonny DeLuca"",2024,26,0.91,1.29,76,0],[""Jacob Young"",2024,25,1.02,0.87,316,0],[""Victor Scott II"",2025,24,0.97,0.81,158,0],[""Garrett Hampson"",2021,27,0.95,0.9,203,0],[""Brice Turang"",2023,24,0.89,1.07,661,1]]}",0.9755226058239237,-0.012888640320029626,0.9755226058239237,366.0,1.0,357.0,585.0,169,139,FA,516.0,495.0,-159.0,-138.0,let go,False,109
806198,Cooper Pratt,2026,2004-08-18,SS,R,Milwaukee Brewers,74,266,228,64,7,2,3,33,34,26,2,19,3,48,7,52,5,0,0,0,0,0,0,74,0,0,21.0,266.0,18.0,9.8,0.281,0.368,0.35,0.087,0.332,0.266,0.362,0.32,0.315,0.342,0.096,0.345,0.341,0.015,0.006,0.005,87.0,9.1,41.1,3.2,27.4,96.569258681,92.330532155,63.1,29.8,60.0,86.9,21.8,46.4,33.2,47.9,21.1,28.9,2.1,7.0,69.9,7.8,26.0,8.5,6.6,40.0,3.0,28.9,4.42,9.0,24.0,31.0,190.0,76.3,59.0,cooper pratt,MIL,,,,,,,,295.0,21.9,3.9864864864864864,1.1090225563909775,266,SS,SS,True,339.0,172.67,2.396692273871662,122.33000000000001,1.5897942126148243,73.0,False,False,250,False,48.52761500912942,6.783941771185318,0.905271430241105,4.431171789444158,33.62728821559248,24.422515617238915,281.23380383283137,1.0572699392211706,13.76619616716863,0.051752617169806836,472.0,-177.0,"{'C': 423, 'SS': 594, '2B': 592, '3B': 571, '1B': 601, 'OF': 526, 'UT': 472}",1.1090225563909775,0.556390977443609,-5.200923286254772,,,,,,42.857142857142854,6.7669172932330826,58.64661654135338,-0.0050000000000000044,1.1090225563909775,1,266,0.0,,0,False,0.7590225563909775,,,,10.0,1.0,10.0,0.0,Right hamstring strain,10.0,2026-06-16,2026-09-27,74.0,94.0,84.0,10.0,513.0,0.881,82.0,1.0,0.15,,young / establishing,50.8,4.4,1.189,"22 years old, an age that jumps 18% of the time · sprint 28.9 ft/s (87th pct) · avg EV 87.0 (26th pct)",xwOBA 0.315 (59th) · barrels 3.2% (13th) · EV 87.0 (24th) · hard-hit 27% (9th) · K 18% (77th) · BB 10% (65th) · chase 30% (54th) · bat speed 69.9 mph (23rd) · sprint 28.9 (86th),"{""n"":20,""b"":2,""c"":[[""Evan Carter"",2025,23,1.15,0.87,394,0],[""Daylen Lile"",2025,23,1.14,1.03,673,0],[""Luke Keaschall"",2025,23,1.2,1.03,638,0],[""Wander Franco"",2021,20,1.06,0.99,342,0],[""Vaughn Grissom"",2022,22,1.09,0.74,59,0]]}",1.0038459577046048,0.009942511913038151,1.0038459577046048,355.0,0.992,356.0,602.0,170,95,CH,516.0,495.0,-160.0,-139.0,let go,False,110
678662,Ezequiel Tovar,2026,2001-08-01,SS,R,Colorado Rockies,146,506,465,102,23,0,13,57,44,29,2,8,1,129,8,66,10,0,0,0,0,0,0,146,0,0,24.0,506.0,25.5,5.7,0.219,0.353,0.264,0.134,0.269,0.227,0.371,0.27,0.281,0.273,0.144,0.333,0.348,-0.008,-0.018,-0.011,87.3,17.8,35.5,7.0,33.2,98.504437798,93.327897642,81.6,43.7,55.6,80.3,29.3,61.1,36.4,37.9,31.5,22.0,8.7,7.6,72.1,6.7,18.1,22.1,11.1,49.5,-24.0,28.0,4.38,26.0,24.0,52.0,346.0,87.7,68.8,ezequiel tovar,COL,Ezequiel Tovar,COL,SS,218.0,129.0,198.0,207.0,412.0,24.9,2.8219178082191783,0.8142292490118577,189,SS,SS,False,129.0,449.0,3.7174234694899297,-37.0,-0.8955056612707515,-60.0,False,False,170,False,68.11027572807276,22.222998597863576,0.9281756200545889,14.293550054009081,57.53959165023583,54.43913465797123,435.0487263082071,0.8597800915181959,-23.048726308207108,-0.04555084250633823,472.0,-60.0,"{'C': 423, 'SS': 594, '2B': 592, '3B': 571, '1B': 601, 'OF': 526, 'UT': 472}",0.8142292490118577,0.34189723320158105,-4.805863974496213,3.3707865168539324,5.992509363295881,25.0936329588015,-2.621722846441948,-21.722846441947567,9.486166007905137,15.41501976284585,34.387351778656125,0.01100000000000001,0.9798561151079137,4,2241,-0.16562686609605604,0.9798561151079137,3,True,-0.16562686609605604,0.3999999999999986,-2.3000000000000007,0.5,0.0,0.0,69.0,0.0,,41.4,2026-03-27,2026-09-27,146.0,164.0,164.0,0.0,500.0,0.89,0.0,0.0,0.15,,established,28.9,1.7,1.06,"25 years old, an age that jumps 5% of the time · 506 PA, already has the job · deserved 0.86/PA on contact quality, got 0.81",xwOBA 0.281 (20th) · barrels 7.0% (47th) · EV 87.3 (28th) · hard-hit 33% (24th) · K 26% (31st) · BB 6% (18th) · chase 44% (3rd) · bat speed 72.1 mph (52nd) · sprint 28.0 (63rd),"{""n"":20,""b"":0,""c"":[[""Alek Thomas"",2025,25,0.87,0.87,104,0],[""Leody Taveras"",2024,26,0.96,0.84,151,0],[""Trent Grisham"",2022,26,0.83,0.9,498,0],[""Jarred Kelenic"",2024,25,0.91,0.62,40,0],[""Jonathan India"",2022,26,0.87,1.01,536,0]]}",0.9168211986020152,-0.012779447936574123,0.9168211986020152,384.0,0.967,352.0,550.0,172,297,FA,516.0,495.0,-164.0,-143.0,let go,False,111
691720,Kyle Karros,2026,2002-07-26,3B,R,Colorado Rockies,131,475,411,104,21,3,13,63,49,54,7,5,0,100,3,67,10,0,0,0,0,0,129,0,0,0,23.0,475.0,21.1,11.4,0.253,0.414,0.347,0.161,0.302,0.25,0.402,0.336,0.334,0.345,0.152,0.374,0.371,0.003,0.012,0.002,89.7,12.6,40.8,8.3,41.1,100.509474679,94.534265256,67.2,24.8,46.9,87.9,24.6,44.2,40.8,43.0,24.5,26.8,5.7,7.0,70.2,10.3,26.9,7.3,7.4,42.4,6.0,27.0,4.62,18.0,32.0,54.0,314.0,73.9,62.0,kyle karros,COL,,,,,,,,452.0,23.9,3.450381679389313,0.9515789473684211,160,3B,3B,True,339.0,172.67,2.396692273871662,279.33000000000004,1.053689405517651,179.0,False,False,127,False,68.36729678238936,19.247658864132138,2.180791924567655,12.954252428910854,57.03179872653958,52.97999772571586,443.9837964522555,0.9347027293731694,8.01620354774451,0.01687621799525163,472.0,-20.0,"{'C': 423, 'SS': 594, '2B': 592, '3B': 571, '1B': 601, 'OF': 526, 'UT': 472}",0.9515789473684211,0.5073684210526316,-3.225162168943398,41.947565543071164,52.05992509363296,38.951310861423224,-10.112359550561798,2.9962546816479403,6.315789473684211,16.42105263157895,68.21052631578948,-0.0020000000000000018,0.9515789473684211,1,631,0.0,,0,False,0.6015789473684211,-5.199999999999999,7.300000000000001,1.1000000000000085,24.0,2.0,24.0,0.0,Concussion; Concussion,24.0,2026-03-27,2026-09-27,131.0,164.0,142.0,22.0,542.0,0.923,0.0,0.0,0.15,,young / establishing,31.7,13.2,1.032,"24 years old, an age that jumps 8% of the time · 475 PA, already has the job · avg EV 89.7 (70th pct) · barrel rate up 7.3 pts on last year · bat speed up 1.1 mph",xwOBA 0.334 (78th) · barrels 8.3% (59th) · EV 89.7 (68th) · hard-hit 41% (62nd) · K 21% (59th) · BB 11% (83rd) · chase 25% (83rd) · bat speed 70.2 mph (26th) · sprint 27.0 (36th),"{""n"":20,""b"":2,""c"":[[""Brett Baty"",2025,26,0.98,0.89,420,0],[""Miguel Vargas"",2025,26,0.93,1.12,785,1],[""Wenceel P\u00e9rez"",2025,26,1.01,0.83,146,0],[""Lenyn Sosa"",2025,25,0.94,0.65,76,0],[""Ezequiel Duran"",2023,24,1.0,0.76,218,0]]}",0.90794791837187,0.00019966633770723946,0.90794791837187,388.0,0.981,352.0,545.0,172,319,FA,516.0,495.0,-164.0,-143.0,let go,False,112
514888,Jose Altuve,2026,1990-05-06,2B,R,Houston Astros,135,573,524,131,24,2,16,70,50,41,3,5,4,114,4,89,6,0,0,0,0,129,0,0,0,7,36.0,573.0,19.9,7.2,0.25,0.395,0.306,0.145,0.289,0.224,0.325,0.308,0.271,0.282,0.101,0.351,0.301,0.026,0.07,0.037,85.6,10.6,32.0,4.1,31.3,96.847195792,92.445465658,64.0,37.2,65.6,86.8,22.1,49.2,42.4,46.7,21.7,23.6,8.0,7.6,68.6,7.0,28.3,9.1,13.8,54.7,-4.0,27.6,4.34,22.0,45.0,63.0,415.0,66.0,64.9,jose altuve,HOU,Jose Altuve,HOU,"2B,LF,DH",96.2,66.0,106.0,93.0,511.0,36.2,3.785185185185185,0.8917975567190227,126,2B/OF,2B,False,66.0,560.7627118644068,4.032,-49.76271186440681,-0.24681481481481482,-60.0,False,False,120,False,88.42605746883693,16.27731570341306,1.3711961866630833,11.301430641086927,60.59430970079508,55.32600736340966,456.59631706420475,0.7968522112813347,54.403682935795246,0.09494534543768807,472.0,39.0,"{'C': 423, 'SS': 594, '2B': 592, '3B': 571, '1B': 601, 'OF': 526, 'UT': 472}",0.8917975567190227,0.45200698080279234,-2.5410519822313034,18.352059925093634,28.83895131086142,47.565543071161045,-10.486891385767787,-29.21348314606741,5.2356020942408374,16.75392670157068,42.931937172774866,-0.03699999999999998,1.2463414634146341,6,3601,-0.3545439066956114,1.2463414634146341,5,True,-0.3545439066956114,3.1999999999999993,-2.1000000000000005,-1.1000000000000085,18.0,1.0,18.0,0.0,,18.0,2026-03-26,2026-09-27,135.0,163.0,146.0,17.0,636.0,0.925,0.0,0.0,0.15,,established,25.4,0.1,1.326,"573 PA, already has the job · avg EV 85.6 (10th pct) · got 0.89/PA but deserved 0.80",xwOBA 0.271 (14th) · barrels 4.1% (21st) · EV 85.6 (8th) · hard-hit 31% (18th) · K 20% (66th) · BB 7% (32nd) · chase 37% (15th) · bat speed 68.6 mph (10th) · sprint 27.6 (52nd),"{""n"":20,""b"":1,""c"":[[""Nick Castellanos"",2025,33,0.94,0.83,101,0],[""Marcus Semien"",2025,35,0.92,0.82,449,0],[""Nolan Arenado"",2024,33,0.9,0.87,381,0],[""Nolan Arenado"",2025,34,0.87,1.04,621,0],[""Marcus Semien"",2024,34,0.93,0.92,489,0]]}",0.8520985648931155,-0.06305677842196104,0.8520985648931155,413.0,0.936,352.0,511.0,172,425,BAMBI,516.0,495.0,-164.0,-143.0,let go,False,113
682657,Angel Martínez,2026,2002-01-27,OF,S,Cleveland Guardians,114,416,389,99,24,2,18,49,62,13,7,11,3,91,1,55,4,0,6,0,0,0,0,0,132,0,24.0,416.0,21.9,3.1,0.254,0.465,0.29,0.211,0.288,0.251,0.401,0.326,0.299,0.287,0.15,0.399,0.363,0.003,0.064,0.027,87.5,14.8,35.1,7.2,35.5,98.989455168,93.585370839,66.8,42.8,66.1,88.7,20.7,54.3,43.9,41.6,25.6,24.9,7.9,7.4,71.4,9.0,24.0,18.0,11.4,50.3,-1.0,27.6,4.41,23.0,30.0,45.0,305.0,72.7,68.0,angel martinez,CLE,,,,,,,,452.0,24.4,3.9649122807017543,1.0865384615384615,160,2B/OF,OF,True,339.0,172.67,2.396692273871662,279.33000000000004,1.5682200068300922,179.0,False,False,127,False,66.20081119207236,17.255484783770772,1.4535968562413595,12.729107167915501,48.22468552863059,46.32599775861314,409.1786832872437,0.9836026040558743,42.8213167127563,0.10293585748258716,472.0,-20.0,"{'C': 423, 'SS': 594, '2B': 592, '3B': 571, '1B': 601, 'OF': 526, 'UT': 472}",1.0865384615384615,0.5408653846153846,-2.1641555871997036,83.14606741573034,66.66666666666666,50.936329588014985,16.479400749063686,32.20973782771536,15.865384615384615,25.96153846153846,18.75,-0.027000000000000024,1.0865384615384615,2,1069,0.0,0.8512396694214877,1,False,0.2352987921169738,-0.8000000000000007,3.7,1.3000000000000114,38.0,1.0,100.0,0.0,Left foot non-displaced fracture,56.599999999999994,2026-03-26,2026-09-27,114.0,166.0,132.0,34.0,511.0,0.864,0.0,0.0,0.15,,young / establishing,29.6,3.5,1.167,"24 years old, an age that jumps 8% of the time · 1.09/PA is his best rate yet, so the bar is one step up · 416 PA, already has the job · barrel rate up 3.7 pts on last year · bat speed up 1.3 mph",xwOBA 0.299 (40th) · barrels 7.2% (49th) · EV 87.5 (32nd) · hard-hit 36% (34th) · K 22% (54th) · BB 3% (2nd) · chase 43% (4th) · bat speed 71.4 mph (40th) · sprint 27.6 (52nd),"{""n"":20,""b"":1,""c"":[[""Noelvi Marte"",2025,24,1.07,0.81,163,0],[""Willi Castro"",2023,26,1.18,0.97,614,0],[""Andr\u00e9s Gim\u00e9nez"",2022,24,1.11,1.03,636,0],[""Geraldo Perdomo"",2024,25,0.97,1.13,814,1],[""Wenceel P\u00e9rez"",2025,26,1.01,0.83,146,0]]}",0.9494589459000046,0.00019966633770723946,0.9494589459000046,369.0,0.955,350.0,570.0,174,209,GK,516.0,495.0,-166.0,-145.0,let go,False,114
805779,Jacob Wilson,2026,2002-03-30,SS,R,Athletics,80,337,320,85,16,1,7,37,37,12,3,4,0,39,1,61,0,0,0,0,0,0,0,75,0,5,24.0,337.0,11.6,3.6,0.266,0.388,0.298,0.122,0.284,0.262,0.345,0.301,0.282,0.295,0.083,0.321,0.299,0.004,0.043,0.019,84.1,7.9,31.4,2.5,27.6,95.600927914,91.814204116,70.4,42.3,76.3,90.9,14.8,55.9,35.0,51.2,21.2,24.0,3.5,6.2,64.7,6.1,33.0,0.6,4.6,38.2,-3.0,27.0,4.49,12.0,31.0,42.0,283.0,82.9,65.6,jacob wilson,ATH,Jacob Wilson,ATH,"SS,DH",166.8,96.0,172.0,174.0,310.0,24.3,3.875,0.9198813056379822,251,SS,SS,False,96.0,560.7627118644068,4.015944775657477,-250.7627118644068,-0.1409447756574771,-155.0,False,False,243,True,68.78463461339267,8.963846055889361,0.6784040480432957,5.413115282674683,34.81442247948705,32.106061325067316,288.16048380455436,0.8550756195980842,21.83951619544564,0.064805686039898,472.0,-162.0,"{'C': 423, 'SS': 594, '2B': 592, '3B': 571, '1B': 601, 'OF': 526, 'UT': 472}",0.9198813056379822,0.5192878338278932,-5.958451755452931,27.340823970037455,58.80149812734082,13.108614232209737,-31.460674157303366,14.232209737827718,7.121661721068249,12.462908011869436,21.36498516320475,-0.019000000000000017,1.0191204588910134,2,963,-0.09923915325303123,1.0191204588910134,1,False,-0.09923915325303123,4.1,0.2999999999999998,0.9000000000000057,76.0,3.0,274.0,0.0,Left shoulder subluxation,173.8,2026-03-27,2026-08-16,80.0,131.0,92.0,39.0,593.0,0.87,0.0,0.0,0.15,,young / establishing,24.7,1.2,1.099,"24 years old, an age that jumps 8% of the time · only 337 PA, and a breakout needs 350 next year · 0.92/PA this year against 1.02 at his best, two steps to clear · bat speed up 0.9 mph",xwOBA 0.282 (22nd) · barrels 2.5% (9th) · EV 84.1 (2nd) · hard-hit 28% (9th) · K 12% (97th) · BB 4% (4th) · chase 42% (5th) · bat speed 64.7 mph (0th) · sprint 27.0 (36th),"{""n"":20,""b"":2,""c"":[[""Nick Madrigal"",2023,26,0.93,0.68,64,0],[""Geraldo Perdomo"",2024,25,0.97,1.13,814,1],[""Sal Frelick"",2024,24,0.93,1.07,633,0],[""Will Brennan"",2024,26,0.9,0.46,6,0],[""Caleb Durbin"",2025,25,0.99,0.97,571,0]]}",0.892306533936961,0.00019966633770723946,0.892306533936961,391.0,0.861,349.0,535.0,175,357,FA,516.0,495.0,-167.0,-146.0,let go,False,115
676391,Ernie Clement,2026,1996-03-22,2B,R,Toronto Blue Jays,158,621,590,153,33,1,9,60,48,22,2,7,1,58,7,110,13,0,0,0,0,132,14,40,3,0,30.0,621.0,9.3,3.5,0.259,0.364,0.285,0.105,0.272,0.24,0.319,0.284,0.258,0.268,0.078,0.296,0.266,0.019,0.045,0.026,84.2,17.4,31.5,2.0,20.8,93.995982322,91.030114794,72.0,44.4,76.8,90.6,15.1,57.4,40.3,38.2,28.2,23.2,10.4,7.1,67.3,4.6,34.3,2.8,11.6,61.6,-20.0,28.1,4.33,28.0,56.0,69.0,539.0,83.2,66.5,ernie clement,TOR,Ernie Clement,TOR,"1B,2B,3B,SS",257.4,158.0,276.0,261.0,508.0,30.3,3.2151898734177213,0.8180354267310789,128,2B/3B/SS,2B/SS,False,158.0,425.5,3.7174234694899297,82.5,-0.5022335960722084,30.0,True,False,120,False,113.49482418558809,18.65949902650851,0.9765293902187122,8.46914739768469,64.66347869478085,56.09843912017903,481.9819178149599,0.7761383539693396,26.0180821850401,0.04189707276173926,472.0,36.0,"{'C': 423, 'SS': 594, '2B': 592, '3B': 571, '1B': 601, 'OF': 526, 'UT': 472}",0.8180354267310789,0.47342995169082125,-3.4808116579852606,4.119850187265917,37.82771535580524,37.453183520599254,-33.70786516853932,-33.333333333333336,6.763285024154589,8.695652173913043,21.256038647342994,-0.025999999999999968,0.9446902654867256,3,2025,-0.12665483875564676,0.9446902654867256,2,False,-0.12665483875564676,-1.0999999999999996,-0.3999999999999999,-0.29999999999999716,0.0,0.0,0.0,0.0,,0.0,2026-03-27,2026-09-27,158.0,165.0,165.0,0.0,610.0,0.958,0.0,0.0,0.15,,established,24.0,1.5,1.025,"621 PA, already has the job · sprint 28.1 ft/s (68th pct) · 0.82/PA this year against 0.94 at his best, two steps to clear",xwOBA 0.258 (8th) · barrels 2.0% (5th) · EV 84.2 (3rd) · hard-hit 21% (2nd) · K 9% (99th) · BB 4% (3rd) · chase 44% (2nd) · bat speed 67.3 mph (4th) · sprint 28.1 (67th),"{""n"":20,""b"":2,""c"":[[""Mauricio Dub\u00f3n"",2025,31,0.82,0.96,594,0],[""Isiah Kiner-Falefa"",2025,30,0.87,0.92,169,0],[""Tony Kemp"",2022,31,0.86,0.84,351,0],[""Jeff McNeil"",2023,31,0.93,0.88,417,0],[""Mauricio Dub\u00f3n"",2024,30,0.86,0.82,328,0]]}",0.8705506713707194,-0.01977893541086498,0.8705506713707194,400.0,1.0,348.0,522.0,176,396,CS,516.0,495.0,-168.0,-147.0,let go,False,116
695731,Braden Montgomery,2026,2003-04-16,OF,S,Chicago White Sox,93,365,323,73,16,3,6,47,38,38,3,1,3,72,1,48,5,0,9,0,0,0,0,0,94,0,23.0,365.0,19.7,10.4,0.226,0.35,0.312,0.124,0.272,0.255,0.392,0.298,0.325,0.339,0.137,0.317,0.356,-0.029,-0.042,-0.027,88.9,3.0,28.2,4.4,40.9,100.06983808,94.25030544,76.4,27.4,42.4,81.0,30.1,50.4,35.7,59.9,17.9,18.7,3.6,6.5,69.7,10.8,25.1,8.7,8.0,49.3,-7.0,28.4,4.35,8.0,36.0,29.0,252.0,86.7,60.0,braden montgomery,CWS,,,,,,,,328.0,23.2,3.5268817204301075,0.8986301369863013,232,OF,OF,True,339.0,172.67,2.396692273871662,155.33,1.1301894465584454,107.0,False,False,237,False,57.11332915988608,14.803343824247355,1.8973248718470301,8.551002144019527,45.68944945676908,38.09556164019237,349.76601109696145,0.9582630441012643,-21.76601109696145,-0.05963290711496294,472.0,-144.0,"{'C': 423, 'SS': 594, '2B': 592, '3B': 571, '1B': 601, 'OF': 526, 'UT': 472}",0.8986301369863013,0.4520547945205479,-6.665770858904321,20.973782771535582,29.213483146067414,9.363295880149813,-8.239700374531832,11.610486891385769,1.643835616438356,9.863013698630136,62.465753424657535,0.027000000000000024,0.8986301369863013,1,365,0.0,,0,False,0.5486301369863014,,,,0.0,0.0,0.0,0.0,,0.0,2026-06-09,2026-09-27,93.0,98.0,98.0,0.0,603.0,0.949,75.0,1.0,0.15,,young / establishing,53.3,21.3,0.979,"23 years old, an age that jumps 11% of the time · deserved 0.96/PA on contact quality, got 0.90 · sprint 28.4 ft/s (77th pct)",xwOBA 0.325 (68th) · barrels 4.4% (24th) · EV 88.9 (54th) · hard-hit 41% (60th) · K 20% (68th) · BB 10% (72nd) · chase 27% (69th) · bat speed 69.7 mph (20th) · sprint 28.4 (76th),"{""n"":20,""b"":3,""c"":[[""Gavin Lux"",2021,24,0.91,0.96,451,0],[""Zach Neto"",2023,22,0.88,1.08,649,1],[""Alek Thomas"",2023,23,0.93,0.98,101,0],[""Colt Keith"",2024,23,0.88,0.93,434,0],[""Miguel Vargas"",2023,24,0.85,0.68,160,0]]}",0.9515320794187387,0.009960942754447033,0.9515320794187387,365.0,1.0,347.0,571.0,177,202,CJF,516.0,495.0,-169.0,-148.0,let go,False,117
669477,Casey Schmitt,2026,1999-03-01,OF,R,San Francisco Giants,98,409,387,105,17,1,21,47,55,11,7,9,1,81,4,66,5,0,0,0,16,7,24,7,30,23,27.0,409.0,19.8,2.7,0.271,0.483,0.301,0.212,0.291,0.288,0.512,0.336,0.355,0.317,0.224,0.403,0.428,-0.017,-0.029,-0.019,89.9,21.6,39.4,12.3,44.8,100.777605742,94.749369773,71.5,36.5,57.6,89.3,21.4,53.8,39.0,29.7,34.5,25.2,10.6,7.6,72.5,14.0,27.4,27.5,9.7,48.6,8.0,28.0,4.53,32.0,24.0,48.0,310.0,81.7,62.3,casey schmitt,SF,Casey Schmitt,SF,"1B,2B,3B,SS,LF,DH",818.5,321.0,1145.0,,434.0,27.3,4.428571428571429,1.061124694376528,175,1B/2B/3B/OF,3B/OF,False,321.0,172.67,2.396692273871662,261.33000000000004,2.0318791546997668,146.0,False,False,132,False,67.5298190722755,21.743513093179974,1.6035165968135334,20.579151237730986,55.3570418413342,54.14848100323113,459.10552284456537,1.1225073908180083,-25.10552284456537,-0.06138269644148031,472.0,-38.0,"{'C': 423, 'SS': 594, '2B': 592, '3B': 571, '1B': 601, 'OF': 526, 'UT': 472}",1.061124694376528,0.5574572127139364,-2.034496380809077,76.77902621722846,72.65917602996255,52.05992509363296,4.119850187265911,24.7191011235955,13.202933985330073,30.806845965770172,16.13691931540342,0.01899999999999996,1.061124694376528,3,1147,0.0,0.8477011494252874,2,False,0.2134235449512406,-4.099999999999998,3.3000000000000007,0.9000000000000057,61.0,1.0,98.0,0.0,Left knee meniscus tear,83.2,2026-03-25,2026-07-27,98.0,116.0,109.0,7.0,608.0,0.899,0.0,0.0,0.15,,established,34.2,5.8,1.141,"1.06/PA is his best rate yet, so the bar is one step up · deserved 1.12/PA on contact quality, got 1.06 · avg EV 89.9 (73rd pct) · barrel rate up 3.3 pts on last year · bat speed up 0.9 mph",xwOBA 0.355 (92nd) · barrels 12.3% (85th) · EV 89.9 (71st) · hard-hit 45% (80th) · K 20% (67th) · BB 3% (1st) · chase 36% (17th) · bat speed 72.5 mph (57th) · sprint 28.0 (63rd),"{""n"":20,""b"":1,""c"":[[""Jordan Westburg"",2024,25,1.05,1.02,360,0],[""Taylor Ward"",2022,28,1.06,1.01,412,0],[""Nick Gordon"",2022,27,0.95,0.7,65,0],[""Jes\u00fas S\u00e1nchez"",2023,26,1.01,1.02,546,0],[""Anthony Santander"",2022,28,0.99,1.05,692,0]]}",0.9997323498218076,-0.020371427220405795,0.9997323498218076,345.0,0.933,345.0,600.0,178,103,FA,516.0,495.0,-171.0,-150.0,let go,False,118
696285,Jacob Young,2026,1999-07-27,OF,R,Washington Nationals,140,471,421,106,22,3,10,57,50,33,9,18,4,78,3,71,2,0,5,0,0,0,0,0,136,0,26.0,471.0,16.6,7.0,0.252,0.39,0.318,0.138,0.286,0.257,0.383,0.313,0.313,0.324,0.126,0.336,0.337,-0.005,0.007,0.0,87.7,12.2,36.3,5.7,31.4,97.660091228,92.883830587,60.4,27.5,60.6,87.7,20.8,43.8,37.4,39.4,28.0,27.1,5.4,7.2,69.6,10.6,32.6,2.6,12.2,61.6,2.0,29.1,4.3,23.0,32.0,51.0,350.0,65.9,65.6,jacob young,WSH,,,,,,,,481.0,26.9,3.4357142857142855,1.0212314225053079,142,OF,OF,True,339.0,172.67,2.396692273871662,308.33000000000004,1.0390220118426234,197.0,True,False,120,False,78.03573233726729,17.736874855613014,1.9640532769720995,10.460339530147596,60.01284343552809,47.00052497511726,480.45336841064534,1.020070845882474,0.5466315893546607,0.0011605766228337533,472.0,9.0,"{'C': 423, 'SS': 594, '2B': 592, '3B': 571, '1B': 601, 'OF': 526, 'UT': 472}",1.0212314225053079,0.5180467091295117,-2.6787715871577515,64.04494382022472,57.490636704119844,45.69288389513109,6.554307116104873,18.352059925093627,22.929936305732483,12.738853503184712,42.038216560509554,0.0,1.0212314225053079,3,1477,0.0,1.0153550863723608,2,False,0.005876336132947024,-1.2999999999999972,3.8000000000000003,1.2999999999999972,0.0,0.0,14.0,0.0,,8.4,2026-03-26,2026-09-27,140.0,162.0,162.0,0.0,471.0,0.864,0.0,0.0,0.15,,established,28.3,3.8,1.101,"1.02/PA is his best rate yet, so the bar is one step up · sprint 29.1 ft/s (90th pct) · 471 PA, already has the job · barrel rate up 3.8 pts on last year · bat speed up 1.3 mph",xwOBA 0.313 (56th) · barrels 5.7% (34th) · EV 87.7 (35th) · hard-hit 31% (19th) · K 17% (83rd) · BB 7% (31st) · chase 28% (68th) · bat speed 69.6 mph (19th) · sprint 29.1 (90th),"{""n"":20,""b"":2,""c"":[[""Bryson Stott"",2025,28,1.03,1.04,632,0],[""Jeremy Pe\u00f1a"",2024,27,0.96,1.13,613,1],[""Tommy Edman"",2022,27,1.07,1.04,547,0],[""Amed Rosario"",2022,27,0.99,0.95,520,0],[""Ceddanne Rafaela"",2025,25,1.04,1.09,626,0]]}",0.9806729907374208,-0.020371427220405795,0.9806729907374208,350.0,0.993,343.0,588.0,180,128,FA,516.0,495.0,-173.0,-152.0,let go,False,119
669257,Will Smith,2026,1995-03-28,C,R,Los Angeles Dodgers,73,276,235,61,9,0,10,35,34,34,3,0,0,45,4,42,3,10,0,67,0,0,0,0,0,3,31.0,276.0,16.3,12.3,0.26,0.426,0.355,0.166,0.277,0.279,0.502,0.345,0.389,0.379,0.224,0.357,0.419,-0.019,-0.076,-0.044,89.1,20.1,43.3,12.4,41.2,99.794320103,94.064249742,62.9,20.9,69.6,87.9,16.7,41.6,29.9,27.3,40.2,27.3,5.2,7.3,69.9,11.9,28.8,6.4,12.4,65.7,9.0,27.2,4.56,15.0,15.0,31.0,194.0,68.3,55.1,will smith,LAD,Will Smith,LAD,C,95.2,65.0,91.0,179.0,284.0,31.3,3.8904109589041096,1.0289855072463767,269,C,C,False,65.0,560.7627118644068,4.032,-276.7627118644068,-0.14158904109589043,-204.0,False,False,250,True,38.0574983509568,14.502093003336755,0.87831894045612,12.127089705250336,38.03552941835176,36.367909709717615,312.1734391280694,1.1310631852466282,-28.17343912806939,-0.10207767800025147,423.0,-139.0,"{'C': 423, 'SS': 594, '2B': 592, '3B': 571, '1B': 601, 'OF': 526, 'UT': 472}",1.0289855072463767,0.572463768115942,-6.46823062080798,,,,,,0.0,21.73913043478261,73.91304347826087,0.04400000000000004,1.2224770642201834,6,2889,-0.1934915569738067,1.2224770642201834,5,True,-0.1934915569738067,-4.099999999999998,0.20000000000000107,0.20000000000000284,82.0,1.0,97.0,0.0,,91.0,2026-03-26,2026-09-26,73.0,163.0,92.0,71.0,486.0,0.793,0.0,0.0,0.15,,established,31.9,0.5,1.302,"deserved 1.13/PA on contact quality, got 1.03 · avg EV 89.1 (59th pct) · sprint 27.2 ft/s (43rd pct)",xwOBA 0.389 (98th) · barrels 12.4% (86th) · EV 89.1 (56th) · hard-hit 41% (62nd) · K 16% (85th) · BB 12% (89th) · chase 21% (95th) · bat speed 69.9 mph (23rd) · sprint 27.2 (42nd),"{""n"":20,""b"":0,""c"":[[""Corey Seager"",2025,31,1.05,0.94,408,0],[""Corey Seager"",2024,30,1.07,1.05,467,0],[""J.T. Realmuto"",2024,33,1.03,1.01,553,0],[""Ketel Marte"",2025,32,1.12,0.97,603,0],[""Bryce Harper"",2025,33,1.09,1.07,741,0]]}",1.036599053074068,-0.03573509974786369,1.036599053074068,331.0,0.927,343.0,622.0,180,46,LTTA,516.0,495.0,-173.0,-152.0,let go,False,120
694384,Nolan Schanuel,2026,2002-02-14,1B,L,Los Angeles Angels,107,446,392,108,22,0,7,43,49,42,6,1,1,58,5,79,8,0,0,0,105,0,0,0,0,1,24.0,446.0,13.0,9.4,0.276,0.385,0.351,0.109,0.304,0.286,0.389,0.328,0.334,0.362,0.102,0.332,0.34,-0.01,-0.004,-0.006,87.4,12.2,36.5,2.4,32.9,97.253987337,92.679381893,62.4,27.2,68.2,90.6,16.4,44.5,42.1,43.5,21.5,30.0,5.0,6.8,68.1,7.8,33.4,5.6,7.8,50.1,2.0,25.7,4.59,14.0,29.0,65.0,340.0,65.8,61.4,nolan schanuel,LAA,Nolan Schanuel,LAA,1B,324.2,198.0,311.0,303.0,394.0,24.4,3.682242990654206,0.8834080717488789,196,1B,1B,False,198.0,377.19354838709677,3.1811021036719445,16.80645161290323,0.5011408869822613,2.0,False,False,171,False,88.51271767314601,15.084762596356523,0.6443217878488938,7.870197942648561,48.446311916219926,46.06658310012178,401.7208950163417,0.9007194955523355,-7.720895016341672,-0.017311423803456627,472.0,-78.0,"{'C': 423, 'SS': 594, '2B': 592, '3B': 571, '1B': 601, 'OF': 526, 'UT': 472}",0.8834080717488789,0.5112107623318386,-4.842799670685122,15.355805243445692,54.30711610486891,24.719101123595504,-38.95131086142322,-9.363295880149812,1.3452914798206277,9.417040358744394,56.502242152466366,0.006000000000000005,0.9113475177304965,3,1749,-0.027939445981617572,0.9113475177304965,2,False,-0.027939445981617572,0.40000000000000036,-2.1,0.6999999999999886,46.0,2.0,72.0,0.0,,61.6,2026-03-26,2026-08-20,107.0,134.0,119.0,15.0,607.0,0.899,0.0,0.0,0.15,,established,28.4,4.2,0.991,"24 years old, an age that jumps 8% of the time · 446 PA, already has the job · deserved 0.90/PA on contact quality, got 0.88",xwOBA 0.334 (78th) · barrels 2.4% (8th) · EV 87.4 (30th) · hard-hit 33% (23rd) · K 13% (95th) · BB 9% (59th) · chase 27% (71st) · bat speed 68.1 mph (6th) · sprint 25.7 (11th),"{""n"":20,""b"":3,""c"":[[""Luis Garc\u00eda Jr."",2023,23,0.93,1.09,574,1],[""Alejandro Kirk"",2023,25,0.89,0.96,369,0],[""Keibert Ruiz"",2024,26,0.92,0.86,230,0],[""Alejandro Kirk"",2024,26,0.96,1.02,515,0],[""Keibert Ruiz"",2023,25,0.97,0.92,445,0]]}",0.8753854955602692,0.00019966633770723946,0.8753854955602692,392.0,0.951,343.0,525.0,180,388,FA,516.0,495.0,-173.0,-152.0,let go,False,121
668715,Spencer Steer,2026,1997-12-07,1B,R,Cincinnati Reds,98,384,340,81,14,0,16,54,40,35,6,3,0,86,2,51,4,0,2,0,48,16,2,0,59,1,28.0,384.0,22.4,9.1,0.238,0.421,0.319,0.183,0.271,0.246,0.452,0.325,0.342,0.33,0.206,0.374,0.402,-0.008,-0.031,-0.017,89.7,16.9,35.5,12.4,39.1,99.548552583,94.118224167,65.3,26.2,50.5,84.9,25.3,45.3,47.3,43.0,29.7,19.1,8.2,7.4,71.2,11.6,26.2,8.3,13.4,59.0,2.0,28.5,4.44,21.0,27.0,33.0,256.0,70.1,64.8,spencer steer,CIN,Spencer Steer,CIN,"1B,2B,LF,RF",271.4,166.0,263.0,302.0,368.0,28.6,3.7551020408163267,0.9583333333333334,214,1B/2B/OF,1B/OF,False,166.0,425.5,3.4210526315789473,-57.5,0.33404940923737936,-48.0,False,False,204,False,47.565046736385256,18.606995155065015,0.9708694807142083,16.49708862783552,51.741759746554436,47.20744279006328,386.26920253661774,1.0059093816057754,-18.26920253661774,-0.047576048272441995,472.0,-104.0,"{'C': 423, 'SS': 594, '2B': 592, '3B': 571, '1B': 601, 'OF': 526, 'UT': 472}",0.9583333333333334,0.4921875,-4.513561516955579,44.9438202247191,46.81647940074906,28.46441947565543,-1.8726591760299627,16.479400749063668,4.6875,25.0,54.6875,0.017000000000000015,1.0586466165413533,4,2381,-0.10031328320801991,1.0586466165413533,3,True,-0.10031328320801991,-0.3000000000000007,4.800000000000001,0.29999999999999716,62.0,1.0,62.0,0.0,Right wrist sprain,62.0,2026-03-26,2026-07-26,98.0,114.0,106.0,8.0,587.0,0.925,0.0,0.0,0.15,,established,31.9,1.0,1.139,"deserved 1.01/PA on contact quality, got 0.96 · sprint 28.5 ft/s (79th pct) · avg EV 89.7 (70th pct) · barrel rate up 4.8 pts on last year",xwOBA 0.342 (84th) · barrels 12.4% (86th) · EV 89.7 (68th) · hard-hit 39% (53rd) · K 22% (52nd) · BB 9% (55th) · chase 26% (75th) · bat speed 71.2 mph (37th) · sprint 28.5 (78th),"{""n"":20,""b"":0,""c"":[[""Jake Burger"",2025,29,0.91,0.95,589,0],[""Jorge Polanco"",2023,30,1.0,0.81,380,0],[""Brandon Lowe"",2024,30,1.04,1.04,575,0],[""Dansby Swanson"",2023,29,0.97,1.0,593,0],[""Ryan Mountcastle"",2025,28,0.85,0.73,11,0]]}",0.9672100406823392,-0.026285818839922398,0.9672100406823392,355.0,0.95,343.0,580.0,180,165,CJF,516.0,495.0,-173.0,-152.0,let go,False,122
680777,Ryan Jeffers,2026,1997-06-03,C,R,Minnesota Twins,92,369,317,81,19,2,14,49,56,46,3,1,0,66,2,46,4,7,0,80,0,0,0,0,0,7,29.0,369.0,17.9,12.5,0.256,0.461,0.353,0.205,0.279,0.247,0.43,0.353,0.344,0.346,0.183,0.381,0.368,0.009,0.031,0.009,88.6,16.6,35.8,10.2,40.9,100.699453622,94.550549016,56.3,26.2,69.7,89.4,17.3,40.5,39.4,38.6,28.7,23.6,9.1,7.2,73.5,12.6,27.4,40.5,8.7,53.0,10.0,26.3,4.66,18.0,21.0,41.0,254.0,67.6,60.5,ryan jeffers,MIN,Ryan Jeffers,MIN,"C,DH",305.2,185.0,246.0,335.0,394.0,29.1,4.282608695652174,1.067750677506775,196,C,C,False,185.0,377.19354838709677,3.1811021036719445,16.80645161290323,1.1015065919802294,-11.0,False,False,171,False,46.976902639717125,17.16663770219285,1.6220166764629067,12.533442981627113,44.325831135986256,44.90306559374546,365.8378967297317,0.9914306144437174,28.16210327026829,0.07632006306305772,423.0,-29.0,"{'C': 423, 'SS': 594, '2B': 592, '3B': 571, '1B': 601, 'OF': 526, 'UT': 472}",1.067750677506775,0.6287262872628726,-3.8829699857384754,80.14981273408239,92.88389513108615,33.33333333333333,-12.73408239700376,46.81647940074906,1.6260162601626016,22.76422764227642,74.79674796747967,-0.009000000000000008,1.1432835820895522,6,2162,-0.07553290458277706,1.1432835820895522,5,False,-0.07553290458277706,-1.7000000000000028,3.8999999999999995,1.2000000000000028,52.0,1.0,68.0,0.0,Left hamate bone fracture,61.6,2026-03-26,2026-09-27,92.0,162.0,115.0,47.0,520.0,0.8,0.0,0.0,0.15,,established,34.5,1.3,1.223,"already 29, an age that jumps 4% of the time · sprint 26.3 ft/s (21st pct) · got 1.07/PA but deserved 0.99 · barrel rate up 3.9 pts on last year · bat speed up 1.2 mph",xwOBA 0.344 (86th) · barrels 10.2% (74th) · EV 88.6 (50th) · hard-hit 41% (60th) · K 18% (78th) · BB 12% (90th) · chase 26% (75th) · bat speed 73.5 mph (72nd) · sprint 26.3 (21st),"{""n"":20,""b"":0,""c"":[[""Carson Kelly"",2025,31,1.06,1.02,434,0],[""Will Smith"",2024,29,1.09,1.22,533,0],[""Tyler Stephenson"",2024,28,1.06,1.01,344,0],[""Andrew Benintendi"",2025,31,0.95,0.97,456,0],[""Carlos Correa"",2024,30,1.12,0.88,513,0]]}",0.9825846065619498,-0.026285818839922398,0.9825846065619498,348.0,0.951,342.0,590.0,183,122,CH,516.0,495.0,-174.0,-153.0,let go,False,123
656775,Cedric Mullins,2026,1994-10-01,OF,L,Tampa Bay Rays,137,502,439,90,10,3,15,56,48,43,7,21,10,97,4,62,2,0,3,0,0,0,0,0,132,1,31.0,502.0,19.3,8.6,0.205,0.344,0.284,0.139,0.227,0.192,0.311,0.281,0.264,0.274,0.119,0.299,0.274,0.013,0.033,0.017,88.1,25.2,24.4,4.3,33.1,97.797109518,93.028805106,71.7,31.2,67.3,83.2,22.1,49.8,45.7,33.2,31.8,18.5,16.8,7.4,71.0,8.0,25.2,9.3,11.8,63.6,-13.0,27.9,4.33,18.0,36.0,35.0,352.0,77.7,58.0,cedric mullins,TB,Cedric Mullins II,TB,CF,328.0,203.0,294.0,279.0,462.0,31.7,3.372262773722628,0.9203187250996016,155,OF,OF,False,203.0,376.0,3.1811021036719445,86.0,0.19116067005068338,48.0,False,False,122,False,57.9556656594429,12.432384253862693,1.8912345139459077,12.008715572748496,54.81013673555568,49.421769237193494,442.04890597274914,0.8805755099058747,19.95109402725086,0.03974321519372681,472.0,-10.0,"{'C': 423, 'SS': 594, '2B': 592, '3B': 571, '1B': 601, 'OF': 526, 'UT': 472}",0.9203187250996016,0.44223107569721115,-3.582045007328961,28.08988764044944,26.591760299625467,35.95505617977528,1.4981273408239737,-7.865168539325843,25.099601593625497,17.928286852589643,51.394422310756966,-0.017000000000000015,1.1881481481481482,6,3301,-0.2678294230485466,1.1881481481481482,5,True,-0.2678294230485466,-4.800000000000001,-1.9000000000000004,-0.09999999999999432,0.0,0.0,11.0,0.0,,6.6,2026-03-26,2026-09-27,137.0,164.0,164.0,0.0,496.0,0.835,0.0,0.0,0.15,,established,27.0,0.3,1.268,"502 PA, already has the job · sprint 27.9 ft/s (61st pct) · avg EV 88.1 (44th pct)",xwOBA 0.264 (9th) · barrels 4.3% (23rd) · EV 88.1 (42nd) · hard-hit 33% (24th) · K 19% (71st) · BB 9% (51st) · chase 31% (45th) · bat speed 71.0 mph (35th) · sprint 27.9 (60th),"{""n"":20,""b"":0,""c"":[[""Nick Castellanos"",2025,33,0.94,0.83,101,0],[""Javier B\u00e1ez"",2025,33,0.94,0.83,163,0],[""Hunter Renfroe"",2024,32,0.92,0.56,60,0],[""Xander Bogaerts"",2024,32,0.93,0.98,541,0],[""Nolan Arenado"",2024,33,0.9,0.87,381,0]]}",0.9672248884842056,-0.035407766755750046,0.9672248884842056,351.0,0.995,339.0,580.0,184,165,FA,516.0,495.0,-177.0,-156.0,let go,False,124
682626,Francisco Alvarez,2026,2001-11-19,C,R,New York Mets,113,420,373,87,14,0,16,38,43,39,4,0,0,129,2,57,6,15,0,88,0,0,0,0,0,24,24.0,420.0,30.7,9.3,0.233,0.399,0.311,0.166,0.309,0.23,0.431,0.313,0.322,0.307,0.202,0.411,0.426,0.003,-0.032,-0.009,90.8,10.2,32.9,15.4,48.0,102.913628049,95.848454472,62.0,31.8,45.7,77.3,34.8,45.4,39.0,47.6,25.6,19.9,6.9,7.3,74.2,13.2,21.8,42.9,10.6,59.5,-4.0,25.3,4.73,22.0,29.0,36.0,246.0,64.6,57.8,francisco alvarez,NYM,Francisco Alvarez,NYM,"C,DH",251.4,155.0,162.0,284.0,384.0,24.6,3.398230088495575,0.9142857142857143,206,C,C,False,155.0,425.5,3.7174234694899297,-41.5,-0.31919338099435457,-51.0,False,False,171,False,46.98212694745408,20.016599899393615,1.0444193588505533,17.74685379430176,46.42912809746497,54.55802972933125,414.91315782679624,0.9878884710161815,-30.913157826796237,-0.07360275673046723,423.0,-39.0,"{'C': 423, 'SS': 594, '2B': 592, '3B': 571, '1B': 601, 'OF': 526, 'UT': 472}",0.9142857142857143,0.3333333333333333,-5.805500295612139,24.344569288389515,3.7453183520599254,14.981273408239701,20.59925093632959,9.363295880149813,0.0,22.857142857142858,55.714285714285715,0.009000000000000008,1.0433212996389891,4,1476,-0.12903558535327486,1.0433212996389891,3,False,-0.12903558535327486,4.300000000000001,3.3000000000000007,0.29999999999999716,137.0,1.0,235.0,0.0,Right meniscus tear,180.2,2026-03-26,2026-09-26,113.0,166.0,113.0,53.0,602.0,1.0,0.0,0.0,0.15,,established,35.1,4.1,1.123,"deserved 0.99/PA on contact quality, got 0.91 · 25 years old, an age that jumps 5% of the time · avg EV 90.8 (86th pct) · barrel rate up 3.3 pts on last year",xwOBA 0.322 (67th) · barrels 15.4% (96th) · EV 90.8 (85th) · hard-hit 48% (89th) · K 31% (12th) · BB 9% (58th) · chase 32% (41st) · bat speed 74.2 mph (81st) · sprint 25.3 (7th),"{""n"":20,""b"":1,""c"":[[""Jarred Kelenic"",2024,25,0.91,0.62,40,0],[""Logan O'Hoppe"",2025,25,0.85,0.81,223,0],[""Colton Cowser"",2025,25,0.96,0.93,366,0],[""Trent Grisham"",2023,27,0.9,0.9,188,0],[""Christopher Morel"",2025,26,0.95,0.61,64,0]]}",0.9354819496314843,-0.012779447936574123,0.9354819496314843,362.0,0.856,339.0,561.0,184,244,FA,516.0,495.0,-177.0,-156.0,let go,False,125
673962,Josh Jung,2026,1998-02-12,3B,R,Texas Rangers,104,444,398,119,27,1,12,54,42,35,8,1,1,80,3,79,5,0,0,0,0,0,100,0,0,4,28.0,444.0,18.0,7.9,0.299,0.462,0.365,0.163,0.346,0.285,0.44,0.362,0.348,0.354,0.156,0.407,0.387,0.014,0.022,0.014,90.7,12.0,41.1,7.2,49.2,100.183736149,94.6575581,67.1,29.3,62.1,90.6,18.5,47.4,39.3,42.4,23.1,31.2,3.4,7.0,70.5,13.1,32.5,8.4,12.1,56.4,13.0,25.7,4.73,19.0,38.0,62.0,321.0,72.7,63.1,josh jung,TEX,Josh Jung,TEX,3B,324.6,199.0,328.0,357.0,440.0,28.4,4.230769230769231,0.990990990990991,169,3B,3B,False,199.0,377.19354838709677,3.1811021036719445,62.80645161290323,1.0496671270972864,30.0,False,False,132,False,77.67169887954137,21.948935241310135,1.2890328787556216,12.520333000392874,51.253702056605,52.44980236983203,433.651504426437,0.9766925775370202,6.348495573563014,0.01429841345397076,472.0,-32.0,"{'C': 423, 'SS': 594, '2B': 592, '3B': 571, '1B': 601, 'OF': 526, 'UT': 472}",0.990990990990991,0.5315315315315315,-3.265397837624425,55.430711610486895,62.546816479400746,38.57677902621723,-7.116104868913851,16.853932584269664,1.3513513513513513,16.216216216216218,47.2972972972973,-0.014000000000000012,1.0271844660194174,3,1760,-0.0361934750284264,1.0271844660194174,2,False,-0.0361934750284264,-7.199999999999999,-1.1000000000000005,0.29999999999999716,50.0,2.0,182.0,0.0,Right hand fracture,92.3,2026-03-26,2026-09-25,104.0,162.0,114.0,48.0,631.0,0.912,0.0,0.0,0.15,,established,32.1,1.8,1.107,"avg EV 90.7 (85th pct) · 444 PA, already has the job · 0.99/PA is his best rate yet, so the bar is one step up",xwOBA 0.348 (89th) · barrels 7.2% (49th) · EV 90.7 (83rd) · hard-hit 49% (92nd) · K 18% (77th) · BB 8% (41st) · chase 29% (57th) · bat speed 70.5 mph (29th) · sprint 25.7 (11th),"{""n"":20,""b"":0,""c"":[[""Alec Bohm"",2024,28,1.0,0.93,470,0],[""Taylor Ward"",2023,30,1.01,0.97,640,0],[""Alec Bohm"",2023,27,1.01,1.0,608,0],[""Tyler Stephenson"",2024,28,1.06,1.01,344,0],[""Alex Verdugo"",2023,27,0.99,0.86,533,0]]}",0.9006756381071287,-0.016978344977301236,0.9006756381071287,375.0,0.926,338.0,540.0,186,339,MMM,516.0,495.0,-178.0,-157.0,let go,False,126
663886,Tyler Stephenson,2026,1996-08-16,C,R,Cincinnati Reds,130,468,411,99,22,0,15,41,54,49,3,0,1,128,5,62,4,22,0,116,1,0,0,0,0,11,29.0,468.0,27.4,10.5,0.241,0.404,0.323,0.163,0.308,0.235,0.426,0.32,0.326,0.318,0.192,0.395,0.405,0.006,-0.022,-0.006,90.8,18.0,39.9,12.4,44.1,100.162882887,94.627044841,67.2,22.3,36.8,85.3,26.5,45.0,36.1,33.7,32.6,28.5,5.2,7.4,70.6,10.6,25.4,7.8,12.6,54.3,-2.0,27.0,4.59,22.0,24.0,53.0,288.0,86.0,61.0,tyler stephenson,CIN,Tyler Stephenson,CIN,"C,DH",275.0,168.0,244.0,348.0,452.0,29.9,3.476923076923077,0.9658119658119658,160,C,C,False,168.0,421.3333333333333,3.4177922682813224,30.666666666666686,0.05913080864175457,8.0,False,False,127,False,53.462442366981925,24.70031891187681,1.0550350753005755,17.367203645840682,56.604974651208785,57.3412615667041,478.0282362179129,1.0214278551664806,-26.028236217912877,-0.05561588935451478,423.0,29.0,"{'C': 423, 'SS': 594, '2B': 592, '3B': 571, '1B': 601, 'OF': 526, 'UT': 472}",0.9658119658119658,0.3888888888888889,-4.935507012418034,47.565543071161045,12.359550561797752,23.970037453183522,35.20599250936329,23.595505617977523,0.0,19.23076923076923,62.820512820512825,0.006000000000000005,1.062135922330097,5,2427,-0.09632395651813119,1.062135922330097,4,False,-0.09632395651813119,-6.5,-2.0999999999999996,0.5,0.0,0.0,53.0,0.0,,31.799999999999997,2026-03-26,2026-09-26,130.0,165.0,165.0,0.0,459.0,0.788,0.0,0.0,0.15,,established,31.3,0.7,1.142,"avg EV 90.8 (86th pct) · deserved 1.02/PA on contact quality, got 0.97 · 468 PA, already has the job",xwOBA 0.326 (69th) · barrels 12.4% (86th) · EV 90.8 (85th) · hard-hit 44% (78th) · K 27% (22nd) · BB 10% (74th) · chase 22% (92nd) · bat speed 70.6 mph (29th) · sprint 27.0 (36th),"{""n"":20,""b"":0,""c"":[[""Dansby Swanson"",2024,30,1.0,1.01,649,0],[""Jes\u00fas S\u00e1nchez"",2025,28,0.96,0.86,271,0],[""Ryan McMahon"",2024,30,0.87,0.84,491,0],[""Brandon Lowe"",2025,31,1.04,1.05,690,0],[""Jake Burger"",2025,29,0.91,0.95,589,0]]}",0.9228496236964963,-0.01977893541086498,0.9228496236964963,364.0,0.975,336.0,554.0,187,278,FA,516.0,495.0,-180.0,-159.0,let go,False,127
683357,Owen Caissie,2026,2002-07-08,OF,L,Miami Marlins,108,330,291,64,14,0,14,45,58,27,4,5,1,123,8,36,0,0,0,0,0,0,0,0,88,15,23.0,330.0,37.3,8.2,0.22,0.412,0.288,0.192,0.309,0.211,0.405,0.304,0.302,0.285,0.194,0.445,0.442,0.009,0.007,0.002,91.1,16.9,42.6,14.2,44.9,101.808296322,95.280737126,64.6,30.0,39.4,77.6,35.6,46.2,33.5,36.9,32.4,25.0,5.7,7.1,75.1,10.3,18.9,55.7,12.1,39.7,-4.0,28.3,4.3,16.0,22.0,26.0,176.0,72.5,62.7,owen caissie,MIA,Owen Caissie,MIA,"CF,RF,DH",346.8,211.0,370.0,343.0,333.0,24.0,3.0833333333333335,1.009090909090909,229,OF,OF,False,211.0,340.5483870967742,3.0867599025400003,-7.548387096774206,-0.0034265692066668407,-18.0,False,False,237,False,31.849831244292368,15.690408721927493,0.8186888232678861,13.042071210512246,40.896976435468595,39.301369595258635,305.4543460307272,0.925619230396143,27.54565396927279,0.08347167869476602,472.0,-139.0,"{'C': 423, 'SS': 594, '2B': 592, '3B': 571, '1B': 601, 'OF': 526, 'UT': 472}",1.009090909090909,0.4,-4.429451433691473,61.42322097378277,14.981273408239701,29.588014981273407,46.44194756554307,31.835205992509362,9.090909090909092,25.454545454545457,49.09090909090909,-0.0020000000000000018,1.009090909090909,1,357,0.0,,0,False,0.6590909090909091,,,,37.0,2.0,52.0,0.0,Right calf strain; Lumbar stress reaction,46.0,2026-03-27,2026-09-12,108.0,155.0,130.0,25.0,411.0,0.831,0.0,0.0,0.15,,young / establishing,34.1,4.3,1.089,"24 years old, an age that jumps 8% of the time · avg EV 91.1 (88th pct) · 357 career PA, still new",xwOBA 0.302 (44th) · barrels 14.2% (94th) · EV 91.1 (87th) · hard-hit 45% (81st) · K 37% (1st) · BB 8% (45th) · chase 30% (52nd) · bat speed 75.1 mph (89th) · sprint 28.3 (72nd),"{""n"":20,""b"":0,""c"":[[""Oneil Cruz"",2022,24,1.02,1.15,46,0],[""Mickey Moniak"",2023,25,1.08,0.92,383,0],[""Jes\u00fas S\u00e1nchez"",2021,24,1.02,0.9,308,0],[""Colby Thomas"",2025,24,1.02,0.74,89,0],[""Blake Sabol"",2023,26,0.95,0.76,29,0]]}",0.973091750237691,0.00019966633770723946,0.973091750237691,345.0,0.963,336.0,584.0,187,143,FA,516.0,495.0,-180.0,-159.0,let go,False,128
687637,Dylan Beavers,2026,2001-08-11,OF,L,Baltimore Orioles,104,363,324,74,20,0,9,41,44,35,2,5,5,99,1,45,0,0,4,0,0,0,0,0,91,13,24.0,363.0,27.3,9.6,0.228,0.373,0.307,0.145,0.3,0.219,0.369,0.302,0.295,0.297,0.15,0.37,0.36,0.009,0.004,0.007,87.8,19.0,38.3,8.4,38.3,99.418492655,93.865557644,60.5,23.8,53.3,83.2,25.3,42.0,40.1,35.2,32.2,24.7,7.9,7.4,72.5,11.3,23.7,21.3,9.5,46.9,-3.0,29.1,4.22,18.0,23.0,33.0,227.0,74.8,62.7,dylan beavers,BAL,Dylan Beavers,BAL,"LF,CF,RF,DH",325.3,200.0,317.0,268.0,340.0,24.9,3.269230769230769,0.9366391184573003,225,OF,OF,False,200.0,377.19354838709677,3.1811021036719445,-37.19354838709677,0.0881286655588247,-25.0,False,False,237,False,43.22038722961444,16.924791971925302,0.7572543673060831,10.053566431154179,45.05601024209961,38.115136803192165,333.6831470452918,0.9192373196839994,6.316852954708224,0.017401798773300947,472.0,-132.0,"{'C': 423, 'SS': 594, '2B': 592, '3B': 571, '1B': 601, 'OF': 526, 'UT': 472}",0.9366391184573003,0.4049586776859504,-5.916252202705828,36.329588014981276,16.479400749063668,13.857677902621724,19.850187265917608,22.471910112359552,8.264462809917356,14.87603305785124,57.85123966942149,-0.007000000000000006,0.9366391184573003,1,500,0.0,,0,False,0.5866391184573003,,,,46.0,1.0,46.0,0.0,,46.0,2026-03-28,2026-09-25,104.0,165.0,122.0,43.0,482.0,0.852,2.0,0.0,0.15,,young / establishing,30.6,7.9,1.017,"25 years old, an age that jumps 5% of the time · sprint 29.1 ft/s (90th pct) · 500 career PA, still new",xwOBA 0.295 (35th) · barrels 8.4% (60th) · EV 87.8 (37th) · hard-hit 38% (49th) · K 27% (22nd) · BB 10% (63rd) · chase 24% (88th) · bat speed 72.5 mph (57th) · sprint 29.1 (90th),"{""n"":20,""b"":3,""c"":[[""Joey Wiemer"",2023,24,0.93,0.5,14,0],[""Parker Meadows"",2024,25,1.01,0.83,176,0],[""Wenceel P\u00e9rez"",2024,25,0.92,1.01,387,0],[""Bryan De La Cruz"",2021,24,0.94,0.97,344,0],[""Coby Mayo"",2025,24,0.86,1.01,457,0]]}",0.9787023381237472,-0.012779447936574123,0.9787023381237472,342.0,0.963,335.0,587.0,189,131,FA,516.0,495.0,-181.0,-160.0,let go,False,129
690993,Colt Keith,2026,2001-08-14,3B,L,Detroit Tigers,140,423,384,99,19,4,10,51,36,32,5,6,0,84,2,66,4,0,0,0,18,0,66,0,0,50,24.0,423.0,19.9,7.6,0.258,0.406,0.322,0.148,0.305,0.272,0.423,0.321,0.333,0.336,0.15,0.363,0.381,-0.014,-0.017,-0.012,88.7,13.3,38.1,7.6,42.1,100.101906954,94.295002159,62.8,24.6,56.3,86.0,22.3,43.8,37.4,39.7,25.2,26.8,8.3,6.9,72.0,13.9,29.7,19.7,10.7,48.9,-3.0,28.1,4.33,21.0,33.0,45.0,302.0,75.2,61.0,colt keith,DET,Colt Keith,DET,"1B,2B,3B,DH",310.4,189.0,300.0,318.0,393.0,24.9,2.807142857142857,0.9290780141843972,200,1B/2B/3B,3B,False,189.0,377.19354838709677,3.1811021036719445,15.806451612903231,-0.3739592465290875,-11.0,False,False,171,False,72.32722392059114,18.086679360416124,2.588969517394377,11.445127201598373,53.413520205113926,46.4573303238821,417.366850528996,0.9866828617706761,-24.366850528995997,-0.05760484758627893,472.0,-79.0,"{'C': 423, 'SS': 594, '2B': 592, '3B': 571, '1B': 601, 'OF': 526, 'UT': 472}",0.9290780141843972,0.4657210401891253,-4.800524543491396,31.46067415730337,34.831460674157306,25.468164794007492,-3.3707865168539364,5.992509363295877,8.51063829787234,14.184397163120567,45.39007092198582,0.01200000000000001,0.9290780141843972,3,1447,0.0,0.9273504273504274,2,False,0.0017275868339697853,-1.9000000000000021,-1.5999999999999996,1.2999999999999972,6.0,1.0,15.0,0.0,,11.399999999999999,2026-03-26,2026-09-19,140.0,163.0,158.0,5.0,434.0,0.886,0.0,0.0,0.15,,established,32.7,6.9,1.009,"0.93/PA is his best rate yet, so the bar is one step up · 25 years old, an age that jumps 5% of the time · deserved 0.99/PA on contact quality, got 0.93 · bat speed up 1.3 mph",xwOBA 0.333 (77th) · barrels 7.6% (52nd) · EV 88.7 (52nd) · hard-hit 42% (67th) · K 20% (66th) · BB 8% (37th) · chase 25% (84th) · bat speed 72.0 mph (50th) · sprint 28.1 (67th),"{""n"":20,""b"":4,""c"":[[""Gavin Lux"",2024,27,0.9,0.89,447,0],[""Nick Gonzales"",2024,25,0.94,0.78,320,0],[""MJ Melendez"",2024,26,0.86,0.49,32,0],[""Leody Taveras"",2024,26,0.96,0.84,151,0],[""Austin Wells"",2024,25,0.98,1.06,476,0]]}",0.9419287867604728,-0.012779447936574123,0.9419287867604728,353.0,0.991,333.0,565.0,190,231,FA,516.0,495.0,-183.0,-162.0,let go,False,130
665926,Andrés Giménez,2026,1998-09-04,SS,L,Toronto Blue Jays,148,508,468,114,25,1,9,38,59,17,16,20,4,94,5,79,7,0,0,0,0,0,0,148,0,0,27.0,508.0,18.5,3.3,0.244,0.359,0.291,0.115,0.284,0.237,0.333,0.286,0.276,0.285,0.096,0.322,0.309,0.007,0.026,0.01,85.4,13.0,29.9,3.4,24.9,95.861947351,91.931251541,73.3,43.9,62.0,84.8,24.2,57.9,39.9,45.4,23.1,22.3,9.2,7.0,68.3,5.1,24.5,4.2,10.0,50.8,-16.0,27.7,4.3,22.0,35.0,53.0,381.0,78.3,63.8,andres gimenez,TOR,Andres Gimenez,TOR,"2B,SS",336.2,205.0,298.0,267.0,465.0,27.8,3.141891891891892,0.9153543307086615,152,2B/SS,SS,False,205.0,358.0,3.1811021036719445,107.0,-0.03921021178005235,53.0,False,False,122,False,84.57163853600744,16.54604910904547,1.012986173886729,8.785326181060361,54.911352655846905,48.36508963522215,456.036442291069,0.8977095320690335,8.963557708930978,0.01764479863962798,472.0,-7.0,"{'C': 423, 'SS': 594, '2B': 592, '3B': 571, '1B': 601, 'OF': 526, 'UT': 472}",0.9153543307086615,0.4094488188976378,-3.5728086593717445,24.719101123595504,17.97752808988764,36.70411985018727,6.741573033707862,-11.985018726591765,23.62204724409449,10.62992125984252,20.07874015748032,-0.009999999999999953,1.1131059245960502,6,2893,-0.19775159388738872,1.1131059245960502,5,True,-0.19775159388738872,0.6000000000000014,0.3999999999999999,-1.0,0.0,0.0,62.0,0.0,,37.199999999999996,2026-03-27,2026-09-27,148.0,165.0,165.0,0.0,499.0,0.897,0.0,0.0,0.15,,established,25.0,0.3,1.193,"508 PA, already has the job · sprint 27.7 ft/s (56th pct) · got 0.92/PA but deserved 0.90",xwOBA 0.276 (17th) · barrels 3.4% (15th) · EV 85.4 (7th) · hard-hit 25% (5th) · K 18% (73rd) · BB 3% (2nd) · chase 44% (2nd) · bat speed 68.3 mph (7th) · sprint 27.7 (55th),"{""n"":20,""b"":0,""c"":[[""Ozzie Albies"",2025,28,0.92,0.88,604,0],[""Ozzie Albies"",2024,28,0.96,0.92,612,0],[""Myles Straw"",2023,29,0.86,2.5,10,0],[""Gleyber Torres"",2024,28,0.87,0.94,591,0],[""Spencer Steer"",2025,28,0.96,0.96,368,0]]}",0.8952657128294016,-0.016978344977301236,0.8952657128294016,371.0,0.97,332.0,537.0,191,350,Dan,516.0,495.0,-184.0,-163.0,let go,False,131
664034,Ty France,2026,1994-07-13,1B,R,San Diego Padres,133,500,440,130,24,2,21,59,72,37,14,1,1,108,8,83,3,0,0,0,127,0,3,0,0,3,31.0,500.0,21.6,7.4,0.295,0.502,0.363,0.207,0.342,0.248,0.421,0.373,0.327,0.323,0.173,0.442,0.375,0.047,0.081,0.046,91.5,14.6,38.5,9.1,47.4,100.873362,95.076991032,76.9,34.5,50.4,83.0,28.1,54.3,38.8,41.8,25.3,25.9,7.1,7.6,72.0,10.8,21.8,21.6,11.3,47.8,26.0,24.7,4.9,27.0,46.0,57.0,340.0,81.3,58.9,ty france,SD,,,,,,,,533.0,32.0,4.007518796992481,1.066,117,1B,1B,True,339.0,172.67,2.396692273871662,360.33000000000004,1.610826523120819,222.0,True,False,120,False,68.96110406907744,21.281951303058886,1.7927851866499644,17.084159441213725,52.91371176570164,62.031483420437446,460.3051951861391,0.9206103903722782,72.69480481386091,0.14538960962772185,472.0,61.0,"{'C': 423, 'SS': 594, '2B': 592, '3B': 571, '1B': 601, 'OF': 526, 'UT': 472}",1.066,0.564,-0.21682621474439934,79.02621722846442,76.40449438202246,68.16479400749064,2.621722846441955,10.861423220973776,1.2,25.200000000000003,44.4,-0.045999999999999985,1.066,6,3453,0.0,0.9953846153846154,5,True,0.07061538461538464,4.700000000000003,1.3999999999999995,1.0,0.0,0.0,14.0,0.0,,5.699999999999999,2026-03-27,2026-09-27,133.0,161.0,161.0,0.0,503.0,0.826,1.0,0.0,0.15,,established,32.9,0.3,1.146,"avg EV 91.5 (90th pct) · 1.07/PA is his best rate yet, so the bar is one step up · 500 PA, already has the job · bat speed up 1.0 mph",xwOBA 0.327 (70th) · barrels 9.1% (65th) · EV 91.5 (89th) · hard-hit 47% (88th) · K 22% (56th) · BB 7% (34th) · chase 34% (26th) · bat speed 72.0 mph (50th) · sprint 24.7 (3rd),"{""n"":20,""b"":0,""c"":[[""Alex Bregman"",2025,31,1.01,1.02,719,0],[""Jorge Polanco"",2025,32,1.07,0.5,73,0],[""Eugenio Su\u00e1rez"",2025,34,1.08,0.93,464,0],[""Brandon Nimmo"",2025,32,1.06,0.92,601,0],[""Anthony Santander"",2024,30,1.08,0.68,151,0]]}",0.868231712135501,-0.035407766755750046,0.868231712135501,380.0,0.995,330.0,521.0,192,400,BB,516.0,495.0,-186.0,-165.0,let go,False,132
691781,Brady House,2026,2003-06-04,3B,R,Washington Nationals,95,355,320,79,18,0,10,44,46,29,3,3,0,91,3,51,11,0,0,0,1,0,83,0,0,11,23.0,355.0,25.6,8.2,0.247,0.397,0.313,0.15,0.311,0.265,0.434,0.313,0.333,0.33,0.169,0.382,0.413,-0.018,-0.037,-0.02,90.1,10.2,31.0,9.5,47.8,102.255890517,95.508442857,70.8,34.2,56.1,78.5,29.8,50.6,30.6,46.6,26.7,22.8,3.9,7.6,73.5,13.0,23.4,33.4,9.8,47.8,-2.0,28.2,4.41,17.0,23.0,39.0,232.0,76.4,63.1,brady house,WSH,Brady House,WSH,"3B,DH",565.3,276.0,869.0,433.0,326.0,23.1,3.431578947368421,0.9183098591549296,236,3B,3B,False,276.0,215.0,2.8044687189672293,111.0,0.6271102284011918,40.0,False,False,237,False,54.63378855284819,17.79145315397291,0.835728033509637,11.539030259669275,45.537427477587684,40.7031786508479,339.9206061284357,0.9575228341646076,-13.92060612843568,-0.03921297500967802,472.0,-146.0,"{'C': 423, 'SS': 594, '2B': 592, '3B': 571, '1B': 601, 'OF': 526, 'UT': 472}",0.9183098591549296,0.4450704225352113,-5.232963735306493,26.591760299625467,26.96629213483146,20.59925093632959,-0.37453183520599254,5.992509363295877,5.070422535211267,16.901408450704224,49.014084507042256,0.020000000000000018,0.9183098591549296,2,629,0.0,0.7883211678832117,1,False,0.12998869127171786,-2.8999999999999986,5.2,1.0999999999999943,0.0,0.0,0.0,0.0,,0.0,2026-03-26,2026-09-27,95.0,162.0,162.0,0.0,355.0,0.586,0.0,0.0,0.15,,young / establishing,53.7,16.4,0.998,"23 years old, an age that jumps 11% of the time · 0.92/PA is his best rate yet, so the bar is one step up · avg EV 90.1 (77th pct) · barrel rate up 5.2 pts on last year · bat speed up 1.1 mph",xwOBA 0.333 (77th) · barrels 9.5% (68th) · EV 90.1 (74th) · hard-hit 48% (88th) · K 26% (31st) · BB 8% (45th) · chase 34% (28th) · bat speed 73.5 mph (72nd) · sprint 28.2 (70th),"{""n"":20,""b"":2,""c"":[[""Ezequiel Duran"",2023,24,1.0,0.76,218,0],[""Colt Keith"",2025,24,0.93,0.93,393,0],[""Zach Neto"",2023,22,0.88,1.08,649,1],[""Riley Greene"",2022,22,0.86,1.01,420,0],[""Andy Pages"",2024,24,0.95,1.08,674,1]]}",0.9564495835463347,0.009960942754447033,0.9564495835463347,344.0,1.0,329.0,574.0,193,187,FA,516.0,495.0,-187.0,-166.0,let go,False,133
553993,Eugenio Suárez,2026,1991-07-18,DH,R,Cincinnati Reds,125,498,434,92,18,0,26,50,74,52,9,1,1,169,3,48,4,0,0,0,0,0,50,0,0,74,34.0,498.0,33.9,10.4,0.212,0.433,0.307,0.221,0.273,0.201,0.379,0.324,0.303,0.299,0.178,0.443,0.406,0.011,0.054,0.021,88.5,21.2,37.3,12.5,36.2,99.429068636,93.792559886,65.9,28.5,39.6,79.3,33.8,46.0,47.0,33.6,32.5,23.5,10.4,7.8,72.3,7.8,17.5,22.9,18.0,50.2,6.0,26.2,4.75,36.0,17.0,39.0,268.0,75.5,66.4,eugenio suarez,CIN,Eugenio Suarez,CIN,"3B,DH",84.6,58.0,97.0,62.0,464.0,35.0,3.712,0.9317269076305221,153,3B,3B,False,58.0,563.0,4.290827223004798,-99.0,-0.5788272230047977,-95.0,False,False,122,True,49.04128902585446,18.234789890310793,0.856553141815054,19.1013679420197,54.764491333572394,59.474221374875924,425.95871270844833,0.8553387805390529,38.04128729155167,0.07638812709146925,472.0,-8.0,"{'C': 423, 'SS': 594, '2B': 592, '3B': 571, '1B': 601, 'OF': 526, 'UT': 472}",0.9317269076305221,0.39357429718875503,-2.893179682478414,33.70786516853933,13.108614232209737,43.445692883895134,20.59925093632959,-9.737827715355806,1.2048192771084336,31.325301204819276,62.65060240963855,-0.02100000000000002,1.0791476407914764,6,3692,-0.14742073316095428,1.0791476407914764,5,True,-0.14742073316095428,4.099999999999998,-1.8000000000000007,0.0,27.0,1.0,27.0,0.0,,27.0,2026-03-26,2026-09-26,125.0,165.0,140.0,25.0,576.0,0.893,0.0,0.0,0.15,,established,31.0,0.0,1.159,"498 PA, already has the job · 0.93/PA this year against 1.08 at his best, two steps to clear · sprint 26.2 ft/s (20th pct)",xwOBA 0.303 (45th) · barrels 12.5% (88th) · EV 88.5 (48th) · hard-hit 36% (37th) · K 34% (3rd) · BB 10% (72nd) · chase 28% (63rd) · bat speed 72.3 mph (55th) · sprint 26.2 (20th),"{""n"":20,""b"":0,""c"":[[""Christian Walker"",2025,34,0.93,0.93,591,0],[""Teoscar Hern\u00e1ndez"",2025,33,1.04,1.03,504,0],[""Jorge Soler"",2025,33,0.85,0.86,310,0],[""Mike Yastrzemski"",2024,34,0.97,0.96,533,0],[""Adolis Garc\u00eda"",2025,32,0.97,0.78,201,0]]}",0.8466005946048878,-0.05989080447742173,0.8466005946048878,387.0,0.929,328.0,508.0,194,434,FA,516.0,495.0,-188.0,-167.0,let go,False,134
682663,Agustín Ramírez,2026,2001-09-10,DH,R,Miami Marlins,72,255,226,53,10,1,5,31,24,26,2,4,1,61,1,37,4,3,0,28,0,0,0,0,0,38,24.0,255.0,23.9,10.2,0.235,0.354,0.318,0.119,0.298,0.227,0.32,0.3,0.285,0.309,0.093,0.346,0.322,0.008,0.034,0.015,89.9,7.1,26.5,4.2,41.6,102.266998795,95.305171928,70.2,29.8,50.3,79.5,29.8,49.1,44.6,52.4,15.7,22.9,9.0,7.7,75.9,10.8,18.9,58.3,8.5,54.4,-5.0,27.2,4.7,3.0,22.0,28.0,166.0,83.6,62.7,agustin ramirez,MIA,Agustin Ramirez,MIA,"C,DH",111.8,73.0,79.0,107.0,230.0,24.8,3.1944444444444446,0.9019607843137255,312,C,C,False,73.0,560.7627118644068,4.015944775657477,-330.7627118644068,-0.8215003312130325,-239.0,False,False,257,True,39.63759114312637,6.6872673105572655,0.6006919495063502,4.376449596810011,27.161836322204277,24.130660361057263,216.91449668326152,0.8506450850323981,13.085503316738482,0.0513156992813274,423.0,-193.0,"{'C': 423, 'SS': 594, '2B': 592, '3B': 571, '1B': 601, 'OF': 526, 'UT': 472}",0.9019607843137255,0.40784313725490196,-7.9039584679691135,,,,,,9.411764705882353,11.76470588235294,61.17647058823529,-0.015000000000000013,0.9965811965811966,2,840,-0.09462041226747109,0.9965811965811966,1,True,-0.09462041226747109,4.599999999999998,-6.8,0.7000000000000028,0.0,0.0,0.0,0.0,,0.0,2026-03-27,2026-09-27,72.0,162.0,162.0,0.0,255.0,0.444,0.0,0.0,0.15,,young / establishing,48.1,2.1,1.077,"25 years old, an age that jumps 5% of the time · avg EV 89.9 (73rd pct) · sprint 27.2 ft/s (43rd pct)",xwOBA 0.285 (25th) · barrels 4.2% (22nd) · EV 89.9 (71st) · hard-hit 42% (65th) · K 24% (41st) · BB 10% (69th) · chase 30% (54th) · bat speed 75.9 mph (94th) · sprint 27.2 (42nd),"{""n"":20,""b"":0,""c"":[[""Alex Kirilloff"",2022,25,0.85,0.98,312,0],[""Jes\u00fas S\u00e1nchez"",2022,25,0.9,1.01,406,0],[""Jos\u00e9 Tena"",2025,24,0.86,0.91,261,0],[""Gavin Sheets"",2022,26,0.9,0.77,266,0],[""Oswaldo Cabrera"",2025,26,0.78,0.56,14,0]]}",0.9509223323846782,-0.012779447936574123,0.9509223323846782,345.0,1.0,328.0,571.0,194,202,FA,516.0,495.0,-188.0,-167.0,let go,False,135
656811,Ryan O'Hearn,2026,1993-07-26,OF,L,Pittsburgh Pirates,110,451,407,108,17,0,18,58,76,35,6,1,0,99,3,73,2,0,0,0,53,0,0,0,42,27,32.0,451.0,22.0,7.8,0.265,0.44,0.33,0.175,0.307,0.247,0.396,0.336,0.314,0.314,0.149,0.396,0.363,0.018,0.044,0.022,89.1,13.6,33.8,6.8,42.1,99.097516731,93.913570965,63.7,31.5,60.7,86.6,22.5,46.9,40.2,42.4,28.3,23.8,5.5,7.1,70.7,9.6,27.1,8.7,11.6,45.6,5.0,26.7,4.58,30.0,29.0,48.0,311.0,65.4,60.7,ryan ohearn,PIT,Ryan O'Hearn,PIT,"1B,LF,RF,DH",275.4,169.0,267.0,271.0,463.0,32.9,4.209090909090909,1.0266075388026608,154,1B/OF,1B/OF,False,169.0,421.3333333333333,3.4177922682813224,41.666666666666686,0.7912986408095866,15.0,False,False,122,False,69.14156772919614,16.36544747880295,0.7884018548056372,14.23358293719526,50.947727542457194,50.839891336020095,405.48861887847727,0.8990878467372001,57.51138112152273,0.12751969206546065,472.0,-9.0,"{'C': 423, 'SS': 594, '2B': 592, '3B': 571, '1B': 601, 'OF': 526, 'UT': 472}",1.0266075388026608,0.5543237250554324,-1.4345764267370331,66.29213483146067,70.78651685393258,57.30337078651685,-4.49438202247191,8.98876404494382,1.3303769401330376,23.946784922394677,46.56319290465632,-0.02200000000000002,1.0978260869565217,5,2256,-0.07121854815386097,1.0978260869565217,4,False,-0.07121854815386097,2.0,-0.7999999999999998,-1.0999999999999943,55.0,2.0,55.0,0.0,Right quad muscle strain; Left quad strain,55.0,2026-03-26,2026-09-27,110.0,165.0,114.0,51.0,641.0,0.965,0.0,0.0,0.15,,established,30.1,0.2,1.178,"451 PA, already has the job · avg EV 89.1 (59th pct) · sprint 26.7 ft/s (29th pct)",xwOBA 0.314 (57th) · barrels 6.8% (45th) · EV 89.1 (56th) · hard-hit 42% (67th) · K 22% (54th) · BB 8% (40th) · chase 32% (43rd) · bat speed 70.7 mph (31st) · sprint 26.7 (29th),"{""n"":20,""b"":0,""c"":[[""Javier B\u00e1ez"",2025,33,0.94,0.83,163,0],[""Elias D\u00edaz"",2023,33,0.99,0.95,332,0],[""Mike Yastrzemski"",2024,34,0.97,0.96,533,0],[""Nolan Arenado"",2023,32,1.0,0.9,572,0],[""Robbie Grossman"",2023,34,0.93,0.76,187,0]]}",0.8895713029856224,-0.04921542158677408,0.8895713029856224,365.0,0.956,325.0,534.0,196,361,GK,516.0,495.0,-191.0,-170.0,let go,False,136
699013,Esmerlyn Valdez,2026,2004-01-27,OF,R,Pittsburgh Pirates,72,287,241,56,14,1,17,40,47,42,1,0,1,108,3,24,2,0,2,0,1,0,0,0,72,0,22.0,287.0,37.6,14.6,0.232,0.51,0.345,0.278,0.328,0.2,0.44,0.368,0.332,0.319,0.241,0.555,0.48,0.032,0.07,0.036,91.9,18.0,34.6,19.9,49.3,102.626347206,95.946204412,64.8,21.0,39.9,67.4,40.2,41.3,37.5,34.6,39.7,19.9,5.9,8.0,74.8,11.3,18.7,50.9,15.7,51.8,10.0,28.1,4.56,25.0,14.0,17.0,136.0,76.5,56.4,esmerlyn valdez,PIT,,,,,,,,311.0,22.4,4.319444444444445,1.083623693379791,250,OF,OF,True,339.0,172.67,2.396692273871662,138.33,1.9227521705727826,89.0,False,False,241,False,18.5218164057811,14.8824121675614,1.188726447533919,13.607044979123584,38.26408050286989,37.51279855799316,275.25787906086305,0.9590866866232162,35.74212093913695,0.12453700675657475,472.0,-161.0,"{'C': 423, 'SS': 594, '2B': 592, '3B': 571, '1B': 601, 'OF': 526, 'UT': 472}",1.083623693379791,0.5017421602787456,-5.13117311321223,,,,,,0.0,35.54006968641115,87.80487804878048,-0.035999999999999976,1.083623693379791,1,287,0.0,,0,False,0.7336236933797909,,,,15.0,1.0,15.0,0.0,Left hamstring strain,15.0,2026-05-22,2026-09-11,72.0,107.0,101.0,6.0,460.0,0.713,57.0,1.0,0.15,,young / establishing,60.4,5.9,1.164,"22 years old, an age that jumps 18% of the time · avg EV 91.9 (92nd pct) · sprint 28.1 ft/s (68th pct)",xwOBA 0.332 (76th) · barrels 19.9% (99th) · EV 91.9 (92nd) · hard-hit 49% (92nd) · K 38% (1st) · BB 15% (97th) · chase 21% (95th) · bat speed 74.8 mph (87th) · sprint 28.1 (67th),"{""n"":20,""b"":0,""c"":[[""Oneil Cruz"",2022,24,1.02,1.15,46,0],[""Colson Montgomery"",2025,23,1.11,0.87,558,0],[""Christopher Morel"",2023,24,1.12,0.8,488,0],[""Jhonkensy Noel"",2024,23,1.02,0.73,112,0],[""Jes\u00fas S\u00e1nchez"",2021,24,1.02,0.9,308,0]]}",0.9399160763774761,0.009942511913038151,0.9399160763774761,345.0,0.988,324.0,564.0,197,235,LTTA,516.0,495.0,-192.0,-171.0,let go,False,137
703601,Max Clark,2026,2004-12-21,OF,L,Detroit Tigers,51,206,180,49,11,3,3,27,23,18,4,5,1,42,1,32,0,0,0,0,0,0,0,0,51,0,21.0,206.0,20.4,8.7,0.272,0.417,0.35,0.145,0.338,0.264,0.345,0.337,0.314,0.342,0.081,0.383,0.349,0.008,0.072,0.023,87.6,16.0,35.2,2.1,38.0,98.281387353,93.26224,63.4,28.6,67.6,90.4,16.7,46.0,35.2,40.8,25.4,26.8,7.0,7.6,73.7,9.2,23.9,31.5,6.3,42.3,-1.0,28.6,4.23,10.0,15.0,24.0,142.0,74.1,57.3,max clark,DET,,,,,,,,211.0,21.5,4.137254901960785,1.0242718446601942,333,OF,OF,True,339.0,172.67,2.396692273871662,38.33000000000001,1.7405626280891227,6.0,False,False,279,False,39.2015746889856,4.831267909007217,0.7127401150287597,2.7744172869784207,24.7200285554498,18.32440847500667,189.66443703045647,0.9207011506332838,21.33556296954353,0.10357069402691033,472.0,-261.0,"{'C': 423, 'SS': 594, '2B': 592, '3B': 571, '1B': 601, 'OF': 526, 'UT': 472}",1.0242718446601942,0.5145631067961165,-7.742679181464663,,,,,,14.563106796116505,8.737864077669903,52.42718446601942,-0.02300000000000002,1.0242718446601942,1,206,0.0,,0,False,0.6742718446601942,,,,0.0,0.0,0.0,0.0,,0.0,2026-07-31,2026-09-27,51.0,53.0,53.0,0.0,630.0,0.962,127.0,1.0,0.88,13.0,top-100 prospect,79.7,7.3,1.104,"22 years old, an age that jumps 18% of the time · sprint 28.6 ft/s (81st pct) · avg EV 87.6 (36th pct)",xwOBA 0.314 (57th) · barrels 2.1% (5th) · EV 87.6 (34th) · hard-hit 38% (47th) · K 20% (63rd) · BB 9% (51st) · chase 29% (62nd) · bat speed 73.7 mph (75th) · sprint 28.6 (80th),"{""n"":20,""b"":3,""c"":[[""Wander Franco"",2021,20,1.06,0.99,342,0],[""Oswaldo Cabrera"",2022,23,1.06,0.8,264,0],[""Lars Nootbaar"",2021,24,1.01,1.06,367,0],[""Jo Adell"",2021,22,1.05,0.85,241,0],[""Evan Carter"",2025,23,1.15,0.87,394,0]]}",0.9675620898431466,0.009942511913038151,0.9675620898431466,334.0,1.0,323.0,581.0,198,160,CS,516.0,495.0,-193.0,-172.0,let go,False,138
694208,Moisés Ballesteros,2026,2003-11-08,DH,L,multi,104,352,317,68,10,0,9,26,35,30,1,1,1,82,4,49,2,4,0,29,7,0,0,0,0,65,22.0,352.0,23.3,8.5,0.215,0.331,0.281,0.116,0.257,0.224,0.361,0.274,0.29,0.291,0.137,0.312,0.336,-0.009,-0.03,-0.016,90.1,10.7,31.0,8.4,45.2,100.76211605,94.800704599,69.4,37.1,55.2,83.0,28.5,51.1,36.4,46.9,26.4,21.8,5.0,7.1,72.2,11.5,24.7,29.0,7.3,50.0,-13.0,25.0,4.71,10.0,27.0,31.0,239.0,76.4,61.4,moises ballesteros,multi,Moises Ballesteros,LAA,"C,DH",359.3,219.0,371.0,384.0,274.0,22.6,2.6346153846153846,0.7784090909090909,276,C/1B,C,False,219.0,340.5483870967742,3.0867599025400003,-66.5483870967742,-0.45214451792461574,-57.0,False,False,250,False,47.90453703142714,12.571845813416767,0.7376972788850104,9.793919876271072,33.9982218650801,39.75926639475535,299.20248825983543,0.850007068919987,-25.202488259835434,-0.07159797801089607,423.0,-149.0,"{'C': 423, 'SS': 594, '2B': 592, '3B': 571, '1B': 601, 'OF': 526, 'UT': 472}",0.7784090909090909,0.32670454545454547,-8.057731618487143,1.8726591760299627,2.9962546816479403,1.1235955056179776,-1.1235955056179776,0.7490636704119851,1.7045454545454546,15.340909090909092,51.13636363636363,0.01599999999999996,0.7784090909090909,1,418,0.0,,0,False,0.42840909090909096,,,,0.0,0.0,0.0,0.0,,0.0,2026-03-26,2026-09-27,104.0,125.0,125.0,0.0,456.0,0.832,0.0,0.0,0.15,,young / establishing,52.0,18.2,0.858,"23 years old, an age that jumps 11% of the time · deserved 0.85/PA on contact quality, got 0.78 · 418 career PA, still new",xwOBA 0.290 (29th) · barrels 8.4% (60th) · EV 90.1 (74th) · hard-hit 45% (82nd) · K 23% (46th) · BB 8% (50th) · chase 37% (16th) · bat speed 72.2 mph (53rd) · sprint 25.0 (4th),"{""n"":20,""b"":2,""c"":[[""Cal Mitchell"",2022,23,0.81,0.2,1,0],[""Brett Baty"",2023,24,0.75,0.77,131,0],[""Brady House"",2025,22,0.79,0.92,326,0],[""Diego Castillo"",2022,25,0.78,0.0,0,0],[""Spencer Torkelson"",2022,23,0.73,0.97,664,1]]}",0.9234565274766722,0.009960942754447033,0.9234565274766722,349.0,1.0,322.0,554.0,199,278,FA,516.0,495.0,-194.0,-173.0,let go,False,139
643217,Andrew Benintendi,2026,1994-07-06,DH,L,Chicago White Sox,141,468,421,101,24,2,15,58,78,39,1,1,0,112,6,60,0,0,1,0,0,0,0,0,11,121,31.0,468.0,23.9,8.3,0.24,0.413,0.302,0.173,0.287,0.24,0.398,0.311,0.307,0.302,0.158,0.373,0.368,0.0,0.015,0.004,89.3,17.3,36.4,8.6,45.1,99.117923462,93.899353666,73.1,33.8,59.4,78.3,28.3,51.8,50.6,36.1,32.3,25.0,6.6,7.2,70.0,9.9,26.5,5.0,16.6,53.2,-3.0,26.6,4.47,22.0,24.0,55.0,316.0,81.4,58.5,andrew benintendi,CWS,Andrew Benintendi,CWS,"LF,DH",371.5,224.0,413.0,405.0,456.0,32.0,3.234042553191489,0.9743589743589743,157,OF,UT,False,224.0,340.5483870967742,3.0867599025400003,115.4516129032258,0.14728265065148882,67.0,False,False,122,False,64.36375368227257,20.876072440032658,1.7585940731169134,14.041579804577836,52.19227295613897,53.85843239175103,419.64870534789,0.8966852678373718,36.35129465211003,0.07767370652160255,472.0,-16.0,"{'C': 423, 'SS': 594, '2B': 592, '3B': 571, '1B': 601, 'OF': 526, 'UT': 472}",0.9743589743589743,0.5085470085470085,-2.474541696082288,51.31086142322098,52.43445692883895,48.31460674157304,-1.1235955056179705,2.9962546816479403,1.2820512820512822,19.23076923076923,50.0,-0.0040000000000000036,1.0427509293680297,6,3140,-0.06839195500905537,1.0427509293680297,5,False,-0.06839195500905537,6.5,-2.5,1.2999999999999972,0.0,0.0,59.0,0.0,,32.4,2026-03-26,2026-09-26,141.0,164.0,164.0,0.0,462.0,0.86,0.0,0.0,0.15,,established,29.4,0.2,1.123,"468 PA, already has the job · avg EV 89.3 (64th pct) · sprint 26.6 ft/s (27th pct) · bat speed up 1.3 mph",xwOBA 0.307 (49th) · barrels 8.6% (62nd) · EV 89.3 (61st) · hard-hit 45% (82nd) · K 24% (41st) · BB 8% (48th) · chase 34% (30th) · bat speed 70.0 mph (25th) · sprint 26.6 (26th),"{""n"":20,""b"":0,""c"":[[""Jake Cronenworth"",2025,31,0.9,0.84,358,0],[""Lourdes Gurriel Jr."",2024,31,1.03,0.99,541,0],[""Dansby Swanson"",2024,30,1.0,1.01,649,0],[""Eugenio Su\u00e1rez"",2024,33,1.03,1.08,709,0],[""Alex Bregman"",2025,31,1.01,1.02,719,0]]}",0.9200030991698672,-0.035407766755750046,0.9200030991698672,347.0,0.974,319.0,552.0,200,287,FA,516.0,495.0,-197.0,-176.0,let go,False,140
691788,Joe Mack,2026,2002-12-27,C,L,Miami Marlins,105,330,303,71,9,0,14,40,52,19,2,0,0,82,2,48,12,26,0,104,0,0,0,0,0,0,23.0,330.0,24.8,5.8,0.234,0.403,0.282,0.169,0.273,0.225,0.396,0.299,0.292,0.275,0.171,0.371,0.361,0.009,0.007,0.007,88.8,9.9,26.9,8.4,38.3,99.584000631,94.018511081,68.7,28.1,54.1,83.1,25.5,48.0,47.6,50.2,24.7,19.4,5.7,7.4,74.3,11.2,23.5,43.4,13.2,57.4,-5.0,26.1,4.58,18.0,25.0,28.0,227.0,79.1,62.7,joe mack,MIA,,,,,,,,346.0,23.5,3.295238095238095,1.0484848484848486,222,C,C,True,339.0,172.67,2.396692273871662,173.33,0.898545821366433,117.0,False,False,206,False,42.04158061085421,12.902897241381938,0.7814636846734623,12.449058463090381,34.95425964662621,39.65709823283499,323.7743578794612,0.9811344178165491,22.225642120538794,0.06735043066829949,423.0,-77.0,"{'C': 423, 'SS': 594, '2B': 592, '3B': 571, '1B': 601, 'OF': 526, 'UT': 472}",1.0484848484848486,0.4575757575757576,-5.253899892252228,73.78277153558052,31.835205992509362,20.224719101123593,41.947565543071164,53.558052434456926,0.0,25.454545454545457,34.54545454545455,-0.007000000000000006,1.0484848484848486,1,330,0.0,,0,False,0.6984848484848486,,,,0.0,0.0,0.0,0.0,,0.0,2026-05-04,2026-09-25,105.0,128.0,128.0,0.0,418.0,0.82,38.0,1.0,0.15,,young / establishing,52.5,6.4,1.128,"24 years old, an age that jumps 8% of the time · avg EV 88.8 (55th pct) · only 330 PA in his first season, and a breakout needs 350 next year",xwOBA 0.292 (31st) · barrels 8.4% (60th) · EV 88.8 (53rd) · hard-hit 38% (49th) · K 25% (34th) · BB 6% (19th) · chase 28% (65th) · bat speed 74.3 mph (82nd) · sprint 26.1 (17th),"{""n"":20,""b"":1,""c"":[[""Kyle Teel"",2025,23,1.05,1.08,156,0],[""Gabriel Moreno"",2023,23,1.08,1.03,363,0],[""Brendan Rodgers"",2021,25,1.0,0.91,529,0],[""Enmanuel Valdez"",2023,24,1.03,0.81,181,0],[""Oswaldo Cabrera"",2022,23,1.06,0.8,264,0]]}",0.960831073107003,0.00019966633770723946,0.960831073107003,330.0,1.0,317.0,576.0,201,177,FA,516.0,495.0,-199.0,-178.0,let go,False,141
673357,Luis Robert Jr.,2026,1997-08-03,OF,R,multi,61,230,204,45,5,0,11,26,26,24,0,2,3,55,2,29,0,0,1,0,0,0,0,0,57,1,28.0,230.0,23.9,10.4,0.221,0.407,0.3,0.186,0.243,0.239,0.418,0.311,0.321,0.317,0.179,0.362,0.378,-0.018,-0.011,-0.01,89.8,15.1,27.2,9.9,40.4,101.990246842,95.216749073,71.6,32.7,50.0,84.0,28.1,50.3,44.4,44.4,27.2,17.9,10.6,7.7,77.3,11.8,18.8,72.9,10.4,54.0,1.0,28.9,4.34,12.0,15.0,18.0,151.0,81.1,65.2,luis robert,multi,Luis Robert Jr.,BAL,"LF,CF",119.2,78.0,109.0,110.0,212.0,28.9,3.4754098360655736,0.9217391304347826,332,OF,OF,False,78.0,560.7627118644068,4.015944775657477,-348.7627118644068,-0.5405349395919035,-254.0,False,False,279,True,30.48265168882169,8.844658309284318,0.6147283149662864,8.813961686927705,30.126641722602816,26.344684836361818,222.4993265589646,0.9673883763433244,-10.499326558964611,-0.0456492459085418,472.0,-260.0,"{'C': 423, 'SS': 594, '2B': 592, '3B': 571, '1B': 601, 'OF': 526, 'UT': 472}",0.9217391304347826,0.4608695652173913,-7.7922499063985935,,,,,,5.217391304347826,28.695652173913043,62.60869565217391,0.010000000000000009,1.260135135135135,6,2378,-0.33839600470035247,1.260135135135135,5,True,-0.33839600470035247,-2.1000000000000014,-0.40000000000000036,1.7000000000000028,102.0,2.0,202.0,0.0,,144.29999999999998,2026-03-26,2026-09-04,61.0,150.0,72.0,78.0,518.0,0.847,0.0,0.0,0.15,,established,35.6,1.1,1.34,"sprint 28.9 ft/s (87th pct) · deserved 0.97/PA on contact quality, got 0.92 · avg EV 89.8 (72nd pct) · bat speed up 1.7 mph",xwOBA 0.321 (65th) · barrels 9.9% (72nd) · EV 89.8 (70th) · hard-hit 40% (58th) · K 24% (41st) · BB 10% (72nd) · chase 33% (35th) · bat speed 77.3 mph (98th) · sprint 28.9 (86th),"{""n"":20,""b"":0,""c"":[[""Willi Castro"",2025,28,0.9,1.0,477,0],[""Tyler O'Neill"",2023,28,0.94,1.09,517,0],[""Austin Hays"",2024,29,0.88,1.07,445,0],[""Ryan Mountcastle"",2025,28,0.85,0.73,11,0],[""Chas McCormick"",2024,29,0.86,0.76,88,0]]}",1.0108629554919517,-0.026285818839922398,1.0108629554919517,314.0,0.885,317.0,607.0,201,83,Dpf,516.0,495.0,-199.0,-178.0,let go,False,142
686217,Sal Frelick,2026,2000-04-19,OF,L,Milwaukee Brewers,111,384,339,78,18,0,4,36,40,31,2,7,3,38,4,56,1,0,2,0,0,0,0,0,108,2,26.0,384.0,9.9,8.1,0.23,0.319,0.295,0.089,0.246,0.241,0.324,0.275,0.281,0.304,0.082,0.265,0.272,-0.011,-0.005,-0.006,85.7,9.8,27.4,2.3,26.8,96.291650133,92.170939431,59.8,24.6,79.3,94.1,10.1,42.8,38.8,50.8,21.2,19.2,8.8,7.1,68.3,9.1,35.3,3.1,5.4,46.5,-12.0,28.7,4.25,15.0,32.0,31.0,307.0,59.7,56.8,sal frelick,MIL,Sal Frelick,MIL,"LF,CF,RF",206.6,122.0,201.0,188.0,319.0,26.2,2.873873873873874,0.8307291666666666,244,OF,OF,False,122.0,455.0,3.736,-136.0,-0.8621261261261264,-122.0,False,False,237,True,65.11211190262418,10.729334582571925,0.5039951269836241,5.353558387820276,43.731777570748406,34.065088622546526,325.99286619329496,0.8489397557117057,-6.992866193294958,-0.018210589045039027,472.0,-153.0,"{'C': 423, 'SS': 594, '2B': 592, '3B': 571, '1B': 601, 'OF': 526, 'UT': 472}",0.8307291666666666,0.4791666666666667,-6.814802315823752,5.617977528089887,40.074906367041194,7.865168539325842,-34.456928838951306,-2.247191011235955,10.9375,6.25,48.4375,0.006000000000000005,1.0656565656565657,4,1725,-0.23492739898989912,1.0656565656565657,3,True,-0.23492739898989912,-3.5999999999999996,-0.8000000000000003,0.20000000000000284,38.0,1.0,46.0,0.0,Right shoulder strain,42.8,2026-03-26,2026-09-27,111.0,165.0,130.0,35.0,479.0,0.854,0.0,0.0,0.15,,established,25.3,2.1,1.146,"sprint 28.7 ft/s (83rd pct) · 26 years old, an age that jumps 4% of the time · deserved 0.85/PA on contact quality, got 0.83",xwOBA 0.281 (20th) · barrels 2.3% (7th) · EV 85.7 (10th) · hard-hit 27% (8th) · K 10% (98th) · BB 8% (44th) · chase 25% (84th) · bat speed 68.3 mph (7th) · sprint 28.7 (83rd),"{""n"":20,""b"":0,""c"":[[""Nick Fortes"",2024,28,0.84,0.88,213,0],[""Andr\u00e9s Gim\u00e9nez"",2025,27,0.85,0.92,465,0],[""Thairo Estrada"",2024,28,0.82,0.84,138,0],[""Nicky Lopez"",2023,28,0.87,0.73,326,0],[""Nicky Lopez"",2022,27,0.74,0.87,228,0]]}",0.9521503116393184,-0.012888640320029626,0.9521503116393184,330.0,0.966,314.0,571.0,204,202,FA,516.0,495.0,-202.0,-181.0,let go,False,143
686555,Isaac Collins,2026,1997-07-22,OF,S,Kansas City Royals,145,519,442,94,24,3,6,47,40,64,7,8,5,120,3,61,2,0,11,0,0,7,0,0,136,2,28.0,519.0,23.1,12.3,0.213,0.321,0.32,0.108,0.276,0.22,0.308,0.293,0.295,0.328,0.088,0.313,0.315,-0.007,0.013,-0.002,88.1,16.1,29.6,5.2,39.3,99.734642671,93.971010248,59.0,22.0,51.9,88.1,21.8,40.4,38.7,41.2,25.6,22.9,10.4,6.8,73.5,11.8,24.7,33.0,3.6,35.0,-9.0,27.6,4.42,15.0,28.0,49.0,328.0,73.1,58.4,isaac collins,KC,Isaac Collins,KC,"2B,LF,RF",353.7,216.0,365.0,358.0,438.0,28.9,3.0206896551724136,0.8439306358381503,171,OF,OF,False,216.0,340.5483870967742,3.0867599025400003,97.4516129032258,-0.06607024736758671,45.0,False,False,132,False,73.94820404609335,14.710554725657454,1.5582784104050174,7.02296281784417,57.339544392032565,47.22665542532711,452.94219981735966,0.8727210015748741,-14.942199817359665,-0.028790365736723778,472.0,-34.0,"{'C': 423, 'SS': 594, '2B': 592, '3B': 571, '1B': 601, 'OF': 526, 'UT': 472}",0.8439306358381503,0.348747591522158,-6.6068916938705735,7.865168539325842,6.367041198501873,10.112359550561797,1.4981273408239693,-2.2471910112359543,9.248554913294798,6.936416184971098,73.98843930635839,0.0020000000000000018,1.0680272108843538,2,979,-0.2240965750462035,1.0680272108843538,1,False,-0.2240965750462035,2.0,0.2999999999999998,0.7999999999999972,0.0,0.0,0.0,0.0,,0.0,2026-03-27,2026-09-27,145.0,163.0,163.0,0.0,516.0,0.89,0.0,0.0,0.15,,established,31.5,4.8,1.148,"519 PA, already has the job · deserved 0.87/PA on contact quality, got 0.84 · 979 career PA, a known quantity",xwOBA 0.295 (35th) · barrels 5.2% (31st) · EV 88.1 (42nd) · hard-hit 39% (55th) · K 23% (48th) · BB 12% (89th) · chase 22% (93rd) · bat speed 73.5 mph (72nd) · sprint 27.6 (52nd),"{""n"":20,""b"":0,""c"":[[""Jeimer Candelario"",2022,29,0.79,1.03,593,0],[""Jared Triolo"",2024,26,0.82,0.88,330,0],[""Ketel Marte"",2022,29,0.91,1.08,701,0],[""Jared Triolo"",2025,27,0.88,0.83,300,0],[""Thairo Estrada"",2024,28,0.82,0.84,138,0]]}",0.9291893559515595,-0.026285818839922398,0.9291893559515595,338.0,1.0,314.0,558.0,204,257,FA,516.0,495.0,-202.0,-181.0,let go,False,144
681297,Colton Cowser,2026,2000-03-20,OF,L,Baltimore Orioles,142,392,341,77,10,0,13,41,40,46,1,10,4,121,3,54,3,0,4,0,0,0,0,0,130,2,26.0,392.0,30.9,11.7,0.226,0.37,0.317,0.144,0.305,0.221,0.4,0.307,0.315,0.313,0.179,0.392,0.405,0.005,-0.03,-0.008,87.9,13.0,33.0,9.4,41.1,100.438488468,94.32395819,60.3,29.6,45.0,79.5,32.6,44.2,38.4,42.0,30.4,23.2,4.5,7.5,74.6,9.5,17.5,47.9,14.7,40.3,-5.0,28.1,4.23,17.0,26.0,34.0,224.0,68.1,60.7,colton cowser,BAL,Colton Cowser,BAL,"LF,CF,RF",253.0,156.0,245.0,201.0,366.0,26.3,2.5774647887323945,0.9336734693877551,215,OF,OF,False,156.0,425.5,3.7174234694899297,-59.5,-1.1399586807575353,-59.0,False,False,205,False,44.07319262316106,15.944413780984675,0.9355945685474761,14.40779902730679,49.20987463350689,45.168971831172186,388.1398464646791,0.9901526695527528,-22.139846464679124,-0.056479200164997745,472.0,-106.0,"{'C': 423, 'SS': 594, '2B': 592, '3B': 571, '1B': 601, 'OF': 526, 'UT': 472}",0.9336734693877551,0.3622448979591837,-5.313932634778639,34.831460674157306,8.239700374531834,19.101123595505616,26.59176029962547,15.73033707865169,15.306122448979592,19.89795918367347,70.40816326530613,0.008000000000000007,1.035650623885918,3,1390,-0.10197715449816291,1.035650623885918,2,True,-0.10197715449816291,-4.700000000000003,-4.699999999999999,1.0,0.0,0.0,72.0,0.0,,43.199999999999996,2026-03-26,2026-09-25,142.0,166.0,166.0,0.0,383.0,0.855,0.0,0.0,0.15,,established,33.8,1.6,1.116,"deserved 0.99/PA on contact quality, got 0.93 · 26 years old, an age that jumps 4% of the time · sprint 28.1 ft/s (68th pct) · bat speed up 1.0 mph",xwOBA 0.315 (59th) · barrels 9.4% (67th) · EV 87.9 (39th) · hard-hit 41% (62nd) · K 31% (12th) · BB 12% (85th) · chase 30% (55th) · bat speed 74.6 mph (85th) · sprint 28.1 (67th),"{""n"":20,""b"":0,""c"":[[""Mickey Moniak"",2024,26,0.92,1.13,522,0],[""Jarred Kelenic"",2024,25,0.91,0.62,40,0],[""Ram\u00f3n Laureano"",2023,29,0.95,1.06,326,0],[""Chas McCormick"",2022,27,0.96,1.19,545,0],[""Daulton Varsho"",2023,27,0.97,0.99,506,0]]}",0.9626189226728609,-0.012888640320029626,0.9626189226728609,326.0,0.965,314.0,578.0,204,170,FA,516.0,495.0,-202.0,-181.0,let go,False,145
663616,Trevor Larnach,2026,1997-02-26,OF,L,Minnesota Twins,122,433,383,103,23,1,13,57,48,45,4,2,2,79,0,66,1,0,5,0,0,0,0,0,111,3,29.0,433.0,18.2,10.4,0.269,0.436,0.352,0.167,0.309,0.259,0.394,0.347,0.327,0.341,0.136,0.382,0.353,0.01,0.042,0.02,87.7,13.8,38.0,7.5,36.7,99.019390592,93.514289046,60.3,29.7,50.0,86.0,26.8,44.1,44.6,39.0,23.6,28.5,8.9,7.2,72.2,11.6,24.8,23.2,8.5,44.3,14.0,26.7,4.61,17.0,32.0,53.0,305.0,67.7,64.0,trevor larnach,MIN,Trevor Larnach,MIN,"LF,RF,DH",378.0,228.0,417.0,339.0,439.0,29.3,3.598360655737705,1.0138568129330254,170,OF,OF,False,228.0,340.5483870967742,3.0867599025400003,98.4516129032258,0.5116007531977047,58.0,False,False,132,False,70.1135801727986,17.036499369319724,1.089260742964714,10.957659714916952,50.00957884404681,47.130027115588234,411.621605959635,0.9506272654956929,27.37839404036498,0.06322954743733256,472.0,-33.0,"{'C': 423, 'SS': 594, '2B': 592, '3B': 571, '1B': 601, 'OF': 526, 'UT': 472}",1.0138568129330254,0.5542725173210161,-3.465987389849285,62.546816479400746,70.4119850187266,37.82771535580524,-7.86516853932585,24.719101123595507,2.771362586605081,18.013856812933025,62.35565819861432,-0.019999999999999962,1.03,5,2093,-0.016143187066974596,1.03,4,False,-0.016143187066974596,-3.3000000000000007,0.2999999999999998,0.10000000000000853,9.0,1.0,10.0,0.0,,9.3,2026-03-26,2026-09-13,122.0,156.0,153.0,3.0,458.0,0.797,0.0,0.0,0.15,,established,31.7,1.2,1.11,"433 PA, already has the job · 1.01/PA is his best rate yet, so the bar is one step up · avg EV 87.7 (38th pct)",xwOBA 0.327 (70th) · barrels 7.5% (52nd) · EV 87.7 (35th) · hard-hit 37% (40th) · K 18% (76th) · BB 10% (72nd) · chase 30% (55th) · bat speed 72.2 mph (53rd) · sprint 26.7 (29th),"{""n"":20,""b"":0,""c"":[[""Lourdes Gurriel Jr."",2024,31,1.03,0.99,541,0],[""Jeimer Candelario"",2023,30,1.03,0.9,416,0],[""Ram\u00f3n Ur\u00edas"",2024,30,0.95,0.85,331,0],[""Carson Kelly"",2025,31,1.06,1.02,434,0],[""Tyler Stephenson"",2024,28,1.06,1.01,344,0]]}",0.8972023755101526,-0.026285818839922398,0.8972023755101526,350.0,0.993,314.0,538.0,204,346,FA,516.0,495.0,-202.0,-181.0,let go,False,146
683146,Brett Baty,2026,1999-11-13,3B,L,New York Mets,143,473,420,100,22,1,11,53,56,44,3,5,1,125,5,66,10,0,1,0,26,25,58,3,30,11,26.0,473.0,26.4,9.3,0.238,0.374,0.311,0.136,0.308,0.243,0.412,0.304,0.321,0.317,0.169,0.369,0.395,-0.005,-0.038,-0.017,90.4,12.9,36.7,10.3,42.0,101.4330448,95.001666187,69.4,28.8,46.4,80.8,29.3,49.1,35.0,40.0,28.7,26.3,5.0,7.5,75.3,11.8,20.8,56.5,10.7,47.9,-4.0,26.8,4.44,15.0,31.0,54.0,300.0,76.8,63.0,brett baty,NYM,Brett Baty,NYM,"1B,2B,3B,LF,RF,DH",309.8,188.0,266.0,325.0,420.0,26.6,2.937062937062937,0.8879492600422833,184,1B/2B/3B/OF,1B/2B/3B/OF,False,188.0,377.19354838709677,3.1811021036719445,42.80645161290323,-0.24403916660900737,4.0,False,False,170,False,61.9356138763754,23.914728555821895,1.5637012592300077,14.645956308572698,55.35557194058499,55.38537183721219,439.8409437777972,0.9298962870566536,-19.84094377779718,-0.041947027014370364,472.0,-52.0,"{'C': 423, 'SS': 594, '2B': 592, '3B': 571, '1B': 601, 'OF': 526, 'UT': 472}",0.8879492600422833,0.40169133192389006,-4.157203056628594,17.228464419475657,15.543071161048688,31.835205992509362,1.6853932584269682,-14.606741573033705,6.342494714587738,13.953488372093023,55.81395348837209,0.017000000000000015,0.9837962962962963,3,1507,-0.09584703625401303,0.9837962962962963,2,False,-0.09584703625401303,1.3999999999999986,-2.5999999999999996,0.5,0.0,0.0,1.0,0.0,,0.6,2026-03-26,2026-09-27,143.0,166.0,166.0,0.0,462.0,0.861,0.0,0.0,0.15,,established,34.9,2.8,1.064,"avg EV 90.4 (81st pct) · 473 PA, already has the job · deserved 0.93/PA on contact quality, got 0.89",xwOBA 0.321 (65th) · barrels 10.3% (74th) · EV 90.4 (79th) · hard-hit 42% (66th) · K 26% (26th) · BB 9% (58th) · chase 29% (61st) · bat speed 75.3 mph (91st) · sprint 26.8 (31st),"{""n"":20,""b"":0,""c"":[[""MJ Melendez"",2024,26,0.86,0.49,32,0],[""Tyler Stephenson"",2023,27,0.93,1.06,547,0],[""Jarred Kelenic"",2024,25,0.91,0.62,40,0],[""Jes\u00fas S\u00e1nchez"",2025,28,0.96,0.86,271,0],[""Mark Vientos"",2025,26,0.88,0.83,245,0]]}",0.9506352802382824,-0.020371427220405795,0.9506352802382824,329.0,1.0,313.0,570.0,207,209,FA,516.0,495.0,-203.0,-182.0,let go,False,147
682987,Spencer Jones,2026,2001-05-14,OF,L,New York Yankees,86,289,261,64,13,1,11,36,40,25,1,10,3,105,1,39,2,0,3,0,0,0,0,0,88,5,25.0,289.0,36.3,8.7,0.245,0.429,0.313,0.184,0.363,0.238,0.455,0.323,0.328,0.304,0.217,0.479,0.489,0.007,-0.026,-0.005,94.1,20.6,43.9,15.9,55.1,104.238740633,97.083013248,77.0,35.3,41.9,73.0,38.7,53.2,35.0,26.8,39.5,28.0,5.7,7.9,77.1,9.5,15.7,71.7,14.1,43.6,4.0,28.9,4.26,16.0,15.0,32.0,157.0,85.9,61.1,spencer jones,NYY,Spencer Jones,NYY,"LF,CF,RF,DH",578.5,280.0,1111.0,481.0,312.0,25.1,3.627906976744186,1.0795847750865053,249,OF,OF,False,280.0,191.0,2.7826193390452874,121.0,0.8452876376988985,31.0,False,False,241,False,31.91926347333962,16.30968543510829,1.3398387097645474,12.549212381787537,39.26938829649459,36.03555808122641,316.177946377721,1.0940413369471316,-4.177946377721014,-0.014456561860626271,472.0,-160.0,"{'C': 423, 'SS': 594, '2B': 592, '3B': 571, '1B': 601, 'OF': 526, 'UT': 472}",1.0795847750865053,0.4083044982698962,-5.27707089467636,,,,,,20.761245674740486,22.837370242214533,51.903114186851205,0.0050000000000000044,1.0795847750865053,1,289,0.0,,0,False,0.7295847750865053,,,,0.0,0.0,0.0,0.0,,0.0,2026-05-08,2026-09-25,86.0,128.0,128.0,0.0,366.0,0.672,44.0,1.0,0.15,,established,52.4,9.6,1.16,"avg EV 94.1 (98th pct) · 25 years old, an age that jumps 5% of the time · sprint 28.9 ft/s (87th pct)",xwOBA 0.328 (72nd) · barrels 15.9% (97th) · EV 94.1 (98th) · hard-hit 55% (98th) · K 36% (2nd) · BB 9% (51st) · chase 35% (22nd) · bat speed 77.1 mph (98th) · sprint 28.9 (86th),"{""n"":20,""b"":0,""c"":[[""Matt Wallner"",2024,26,1.12,0.97,380,0],[""Bobby Dalbec"",2021,26,1.02,0.85,300,0],[""Oneil Cruz"",2022,24,1.02,1.15,46,0],[""Matt Wallner"",2023,26,1.16,1.12,292,0],[""Cal Raleigh"",2022,26,1.1,1.06,605,0]]}",1.0685460897355237,-0.012779447936574123,1.0685460897355237,292.0,1.0,312.0,641.0,208,26,FA,516.0,495.0,-204.0,-183.0,let go,False,148
667670,Brent Rooker,2026,1994-11-01,DH,R,Athletics,48,203,180,36,4,0,10,20,29,19,2,2,0,65,2,22,0,0,0,0,0,0,0,0,4,42,31.0,202.0,31.7,9.4,0.201,0.391,0.282,0.19,0.243,0.208,0.438,0.294,0.312,0.281,0.23,0.386,0.424,-0.007,-0.047,-0.018,89.9,19.7,34.2,15.5,41.9,101.773379828,95.03524069,71.1,31.0,35.5,74.7,38.4,49.7,39.3,34.2,41.0,20.5,4.3,7.1,74.0,12.1,18.5,41.1,13.3,45.7,-5.0,27.6,4.57,12.0,14.0,10.0,117.0,78.2,62.7,brent rooker,ATH,Brent Rooker,ATH,"LF,RF,DH",41.4,31.0,42.0,39.0,182.0,31.7,3.7916666666666665,0.896551724137931,356,OF,UT,False,31.0,649.0,4.468031239230923,-467.0,-0.6763645725642564,-325.0,False,False,283,True,16.72195380992302,10.015677602059762,0.7227833661114097,9.979585221905806,25.21187362685908,26.568096259742543,195.0599698866016,0.9608865511655251,-13.059969886601607,-0.06433482702759408,472.0,-290.0,"{'C': 423, 'SS': 594, '2B': 592, '3B': 571, '1B': 601, 'OF': 526, 'UT': 472}",0.896551724137931,0.3694581280788177,-8.326333537759368,,,,,,5.911330049261084,29.55665024630542,56.15763546798029,0.018000000000000016,1.234527687296417,5,2291,-0.337975963158486,1.234527687296417,4,True,-0.337975963158486,9.5,1.8000000000000007,0.5,123.0,2.0,131.0,0.0,Oblique strain,125.4,2026-03-27,2026-06-08,48.0,72.0,52.0,20.0,632.0,0.923,0.0,0.0,0.15,,established,34.0,0.6,1.315,"deserved 0.96/PA on contact quality, got 0.90 · avg EV 89.9 (73rd pct) · already 32, an age that jumps 3% of the time",xwOBA 0.312 (55th) · barrels 15.5% (97th) · EV 89.9 (71st) · hard-hit 42% (66th) · K 32% (9th) · BB 9% (59th) · chase 31% (47th) · bat speed 74.0 mph (78th) · sprint 27.6 (52nd),"{""n"":20,""b"":0,""c"":[[""Luke Raley"",2025,31,0.79,0.93,267,0],[""Mitch Haniger"",2023,32,0.86,0.8,337,0],[""Randal Grichuk"",2025,34,0.86,1.16,325,0],[""Javier B\u00e1ez"",2024,32,0.76,0.94,412,0],[""Jorge Soler"",2025,33,0.85,0.86,310,0]]}",0.9436094627055195,-0.035407766755750046,0.9436094627055195,331.0,0.9,312.0,566.0,208,227,GLIZZY,516.0,495.0,-204.0,-183.0,let go,False,149
699393,Pedro Ramírez,2026,2004-04-01,2B,S,Chicago Cubs,80,266,241,63,12,2,6,36,32,20,2,9,1,49,2,43,5,0,0,0,4,43,19,0,1,12,22.0,266.0,18.4,7.5,0.261,0.402,0.321,0.141,0.303,0.242,0.342,0.315,0.284,0.298,0.1,0.355,0.313,0.019,0.06,0.031,89.0,12.6,29.7,4.1,39.0,99.586362371,93.950119948,68.7,33.0,62.4,88.8,20.2,50.2,41.0,45.1,23.1,23.1,8.7,7.5,72.1,12.9,26.0,22.3,4.9,44.0,0.0,28.4,4.25,8.0,28.0,26.0,195.0,76.9,60.0,pedro ramirez,CHC,,,,,,,,272.0,22.2,3.4,1.0225563909774436,278,2B/3B/SS,2B,True,339.0,172.67,2.396692273871662,99.33000000000001,1.0033077261283379,61.0,False,False,250,False,44.921438723004414,7.617123875812944,0.8674360793608423,4.916001321821791,30.519553844530577,25.139709890311853,240.40326373484243,0.9037716681760993,31.596736265157574,0.11878472280134422,472.0,-200.0,"{'C': 423, 'SS': 594, '2B': 592, '3B': 571, '1B': 601, 'OF': 526, 'UT': 472}",1.0225563909774436,0.5451127819548872,-6.077074935620855,,,,,,20.30075187969925,13.533834586466165,45.11278195488722,-0.031000000000000028,1.0225563909774436,1,266,0.0,,0,False,0.6725563909774436,,,,0.0,0.0,0.0,0.0,,0.0,2026-05-23,2026-09-27,80.0,113.0,113.0,0.0,381.0,0.708,58.0,1.0,0.15,,young / establishing,56.4,11.7,1.103,"22 years old, an age that jumps 18% of the time · sprint 28.4 ft/s (77th pct) · avg EV 89.0 (58th pct)",xwOBA 0.284 (23rd) · barrels 4.1% (21st) · EV 89.0 (55th) · hard-hit 39% (53rd) · K 18% (74th) · BB 8% (35th) · chase 33% (34th) · bat speed 72.1 mph (52nd) · sprint 28.4 (76th),"{""n"":20,""b"":2,""c"":[[""Lars Nootbaar"",2021,24,1.01,1.06,367,0],[""Javier Sanoja"",2025,23,0.94,1.05,513,0],[""Leody Taveras"",2022,24,0.97,1.03,572,0],[""Gabriel Moreno"",2023,23,1.08,1.03,363,0],[""Wander Franco"",2021,20,1.06,0.99,342,0]]}",0.9954619104319125,0.009942511913038151,0.9954619104319125,312.0,1.0,311.0,597.0,210,106,FA,516.0,495.0,-205.0,-184.0,let go,False,150
691176,Jasson Domínguez,2026,2003-02-07,OF,S,New York Yankees,57,222,209,47,12,0,6,22,14,10,2,8,1,48,0,29,3,0,1,0,0,0,0,0,47,10,23.0,222.0,21.6,4.5,0.225,0.368,0.267,0.143,0.265,0.25,0.364,0.279,0.289,0.29,0.115,0.331,0.344,-0.025,0.004,-0.01,88.1,15.5,30.4,5.6,39.1,100.452019875,94.3967335,70.5,34.4,59.9,84.4,24.8,50.7,47.2,42.9,22.4,24.2,10.6,7.8,74.5,11.4,22.1,42.0,7.2,52.1,-6.0,28.8,4.27,7.0,20.0,20.0,161.0,72.1,65.8,jasson dominguez,NYY,Jasson Dominguez,NYY,"LF,CF,RF,DH",292.2,177.0,265.0,273.0,195.0,23.4,3.4210526315789473,0.8783783783783784,344,OF,OF,False,177.0,377.19354838709677,3.1811021036719445,-182.19354838709677,0.2399505279070029,-167.0,False,False,280,True,38.83372984922052,7.889020434510627,0.4357695833171956,5.091480132951661,26.359200973399123,21.845973191020935,211.74017416442004,0.9537845683081984,-16.74017416442004,-0.07540618992981996,472.0,-277.0,"{'C': 423, 'SS': 594, '2B': 592, '3B': 571, '1B': 601, 'OF': 526, 'UT': 472}",0.8783783783783784,0.3738738738738739,-8.656635807115899,,,,,,21.62162162162162,16.216216216216218,27.027027027027025,0.009999999999999953,1.0862470862470863,2,751,-0.20786870786870792,1.0862470862470863,1,False,-0.20786870786870792,-5.199999999999999,-1.4000000000000004,0.5,36.0,1.0,36.0,0.0,Left shoulder AC joint sprain,36.0,2026-04-27,2026-09-10,57.0,128.0,95.0,33.0,379.0,0.6,33.0,1.0,0.15,,young / establishing,53.7,3.8,1.166,"23 years old, an age that jumps 11% of the time · deserved 0.95/PA on contact quality, got 0.88 · sprint 28.8 ft/s (85th pct)",xwOBA 0.289 (28th) · barrels 5.6% (34th) · EV 88.1 (42nd) · hard-hit 39% (53rd) · K 22% (56th) · BB 4% (9th) · chase 34% (27th) · bat speed 74.5 mph (85th) · sprint 28.8 (84th),"{""n"":20,""b"":0,""c"":[[""Parker Meadows"",2025,26,0.83,0.97,38,0],[""Dylan Carlson"",2023,25,0.85,0.72,192,0],[""Jacob Young"",2025,26,0.87,1.02,481,0],[""Akil Baddoo"",2023,25,0.97,0.67,55,0],[""Jes\u00fas S\u00e1nchez"",2022,25,0.9,1.01,406,0]]}",1.0126241460847731,0.009960942754447033,1.0126241460847731,306.0,0.971,310.0,608.0,211,80,FA,516.0,495.0,-206.0,-185.0,let go,False,151
543760,Marcus Semien,2026,1990-09-17,2B,R,New York Mets,139,547,494,106,15,1,15,55,49,45,2,10,3,104,5,75,6,0,0,0,0,139,0,0,0,0,35.0,547.0,19.0,8.2,0.215,0.34,0.28,0.125,0.239,0.24,0.375,0.276,0.3,0.304,0.135,0.299,0.331,-0.025,-0.035,-0.024,86.8,18.9,33.6,5.8,33.3,97.000149286,92.545980638,71.4,27.3,54.1,85.8,23.0,49.3,47.0,36.9,32.8,22.2,8.1,7.8,68.6,6.8,29.0,2.6,15.2,58.1,-16.0,28.3,4.42,25.0,36.0,45.0,396.0,78.7,67.8,marcus semien,NYM,Marcus Semien,NYM,2B,203.8,121.0,238.0,183.0,449.0,35.8,3.2302158273381294,0.8208409506398537,166,2B,2B,False,121.0,467.0,3.736,-18.0,-0.5057841726618708,-45.0,False,False,132,False,83.71979788005157,18.207733155654008,1.4151400485372863,15.217328915757138,65.33015453141213,57.0769779739632,497.2171325053754,0.908989273318785,-48.21713250537539,-0.08814832267893125,472.0,-23.0,"{'C': 423, 'SS': 594, '2B': 592, '3B': 571, '1B': 601, 'OF': 526, 'UT': 472}",0.8208409506398537,0.4076782449725777,-4.490262399560574,4.49438202247191,16.853932584269664,29.213483146067414,-12.359550561797754,-24.719101123595504,10.96892138939671,16.453382084095065,49.36014625228519,0.023999999999999966,1.1685082872928176,6,4000,-0.3476673366529639,1.1685082872928176,5,True,-0.3476673366529639,1.6000000000000014,-1.0,0.09999999999999432,21.0,1.0,57.0,0.0,Left hip flexor strain,42.599999999999994,2026-03-26,2026-09-27,139.0,166.0,148.0,18.0,599.0,0.939,0.0,0.0,0.15,,established,26.9,0.3,1.249,"deserved 0.91/PA on contact quality, got 0.82 · 547 PA, already has the job · sprint 28.3 ft/s (74th pct)",xwOBA 0.300 (41st) · barrels 5.8% (35th) · EV 86.8 (20th) · hard-hit 33% (25th) · K 19% (72nd) · BB 8% (45th) · chase 27% (69th) · bat speed 68.6 mph (10th) · sprint 28.3 (72nd),"{""n"":20,""b"":1,""c"":[[""Paul Goldschmidt"",2025,38,0.94,0.98,374,0],[""Nick Castellanos"",2025,33,0.94,0.83,101,0],[""George Springer"",2024,35,0.93,1.29,755,1],[""Nolan Arenado"",2025,34,0.87,1.04,621,0],[""Paul Goldschmidt"",2024,37,0.93,0.94,502,0]]}",0.8924724444394188,-0.06305677842196104,0.8924724444394188,345.0,0.918,308.0,535.0,212,357,FA,516.0,495.0,-208.0,-187.0,let go,False,152
806146,George Lombard Jr.,2026,2005-06-02,SS,R,New York Yankees,42,166,152,36,4,1,7,23,22,10,1,2,1,44,2,24,9,0,0,0,0,0,0,42,0,0,21.0,166.0,26.5,6.0,0.237,0.414,0.285,0.177,0.282,0.24,0.388,0.303,0.298,0.29,0.148,0.385,0.378,-0.003,0.026,0.005,87.1,8.5,33.3,8.2,35.1,99.125989074,93.611228241,66.2,27.2,54.5,82.5,25.6,46.8,36.9,49.5,24.3,20.7,5.4,7.4,72.3,7.5,21.1,26.3,10.3,55.0,-3.0,29.3,4.22,9.0,15.0,12.0,111.0,77.8,62.0,george lombard,NYY,George Lombard,NYY,"2B,3B,SS",684.0,290.0,886.0,,152.0,21.1,3.619047619047619,0.9156626506024096,386,SS,SS,False,290.0,172.67,2.5,-20.669999999999987,1.119047619047619,-96.0,False,False,339,False,24.887103294540125,5.819878551003233,0.6429330143731494,5.130085140083489,20.75642886466395,17.56765561010555,141.7800844747695,0.8540968944263223,10.219915525230505,0.06156575617608728,472.0,-320.0,"{'C': 423, 'SS': 594, '2B': 592, '3B': 571, '1B': 601, 'OF': 526, 'UT': 472}",0.9156626506024096,0.4578313253012048,-8.327975218718233,,,,,,7.228915662650603,25.301204819277107,36.144578313253014,-0.0050000000000000044,,0,166,,,0,False,0.5656626506024096,,,,0.0,0.0,0.0,0.0,,0.0,2026-08-04,2026-09-25,42.0,49.0,49.0,0.0,549.0,0.857,132.0,1.0,0.87,14.0,top-100 prospect,79.5,4.4,0.43,"21 years old, an age that jumps 22% of the time · sprint 29.3 ft/s (93rd pct) · avg EV 87.1 (27th pct)",xwOBA 0.298 (40th) · barrels 8.2% (58th) · EV 87.1 (25th) · hard-hit 35% (33rd) · K 26% (25th) · BB 6% (21st) · chase 27% (71st) · bat speed 72.3 mph (55th) · sprint 29.3 (93rd),"{""n"":20,""b"":3,""c"":[[""Evan Carter"",2024,22,0.9,1.15,252,0],[""Jo Adell"",2021,22,1.05,0.85,241,0],[""Andr\u00e9s Gim\u00e9nez"",2021,23,0.9,1.11,620,1],[""Rodolfo Castro"",2022,23,0.88,0.72,184,0],[""Liover Peguero"",2023,22,0.91,0.6,6,0]]}",0.9260990461053751,0.008874393035326398,0.9260990461053751,332.0,1.0,307.0,556.0,213,268,THALER,516.0,495.0,-209.0,-188.0,let go,False,153
663457,Lars Nootbaar,2026,1997-09-08,OF,L,multi,90,334,285,68,14,1,8,39,33,46,0,2,1,70,2,45,2,0,3,0,0,0,0,0,76,17,28.0,334.0,21.0,13.8,0.239,0.379,0.342,0.14,0.287,0.247,0.437,0.32,0.343,0.345,0.19,0.349,0.383,-0.008,-0.058,-0.023,92.0,9.2,34.9,10.1,49.5,101.741653981,95.613341163,53.7,20.7,64.1,87.3,19.1,37.4,39.9,46.8,28.4,21.6,3.2,6.8,73.3,15.4,31.2,34.6,8.9,52.9,-4.0,27.5,4.33,13.0,22.0,33.0,218.0,59.3,57.4,lars nootbaar,multi,Lars Nootbaar,ARI,"LF,CF,RF,DH",403.7,240.0,419.0,379.0,304.0,28.8,3.3777777777777778,0.9101796407185628,257,OF,OF,False,240.0,314.0,3.0867599025400003,-10.0,0.29101787523777745,-17.0,False,False,247,False,40.44528569975589,17.1640844182262,1.3709740642799026,11.414655817738,42.8586079550903,40.206498179590476,334.0051061346808,1.0000152878283854,-30.005106134680773,-0.08983564710982261,472.0,-168.0,"{'C': 423, 'SS': 594, '2B': 592, '3B': 571, '1B': 601, 'OF': 526, 'UT': 472}",0.9101796407185628,0.47305389221556887,-6.757843593061394,23.595505617977526,37.453183520599254,8.239700374531834,-13.857677902621727,15.355805243445692,3.5928143712574854,14.371257485029941,82.63473053892216,0.02300000000000002,1.057636887608069,5,2296,-0.14745724688950623,1.057636887608069,4,False,-0.14745724688950623,0.6000000000000014,-0.09999999999999964,-0.10000000000000853,0.0,0.0,73.0,0.0,,27.9,2026-06-05,2026-09-27,90.0,102.0,102.0,0.0,530.0,0.882,71.0,1.0,0.15,,established,34.9,1.9,1.138,"deserved 1.00/PA on contact quality, got 0.91 · avg EV 92.0 (93rd pct) · already 29, an age that jumps 4% of the time",xwOBA 0.343 (85th) · barrels 10.1% (73rd) · EV 92.0 (92nd) · hard-hit 50% (92nd) · K 21% (60th) · BB 14% (95th) · chase 21% (97th) · bat speed 73.3 mph (69th) · sprint 27.5 (49th),"{""n"":20,""b"":0,""c"":[[""Jake Burger"",2025,29,0.91,0.95,589,0],[""Ryan Mountcastle"",2025,28,0.85,0.73,11,0],[""Jes\u00fas S\u00e1nchez"",2025,28,0.96,0.86,271,0],[""LaMonte Wade Jr."",2024,30,0.91,0.65,158,0],[""Andrew Vaughn"",2025,27,0.89,0.99,329,0]]}",0.9821072193497439,-0.026285818839922398,0.9821072193497439,307.0,0.978,302.0,589.0,214,125,FA,516.0,495.0,-214.0,-193.0,let go,False,154
687093,Vaughn Grissom,2026,2001-01-05,1B,R,Los Angeles Angels,119,474,422,102,22,0,13,47,72,31,12,1,0,87,7,67,10,0,0,0,56,38,28,0,0,3,25.0,474.0,18.4,6.5,0.242,0.386,0.307,0.144,0.271,0.244,0.38,0.306,0.309,0.313,0.136,0.333,0.337,-0.002,0.006,-0.003,87.5,12.7,33.5,6.7,35.6,98.529330819,93.416728622,66.3,31.3,57.6,87.2,22.1,48.8,39.1,44.9,25.1,24.5,5.8,7.2,70.8,9.9,26.4,15.9,8.9,45.5,3.0,26.9,4.59,21.0,36.0,44.0,343.0,71.3,61.4,vaughn grissom,LAA,,,,,,,,420.0,25.5,3.5294117647058822,0.8860759493670886,184,1B/2B/3B,1B/2B/3B,True,339.0,172.67,2.396692273871662,247.33,1.1327194908342202,155.0,False,False,170,False,71.06132203140704,18.76329471677131,0.8014444722362313,12.34193877958541,53.012327989763556,51.326365524648295,403.6666935144118,0.8516174968658476,16.333306485588196,0.03445845250124091,472.0,-52.0,"{'C': 423, 'SS': 594, '2B': 592, '3B': 571, '1B': 601, 'OF': 526, 'UT': 472}",0.8860759493670886,0.47890295358649787,-3.6630250046334183,16.853932584269664,39.325842696629216,35.580524344569284,-22.471910112359552,-18.72659176029962,1.2658227848101264,16.455696202531648,39.24050632911393,0.0030000000000000027,0.8860759493670886,1,824,0.0,,0,False,0.5360759493670886,,,,28.0,2.0,150.0,0.0,,70.3,2026-04-11,2026-09-27,119.0,148.0,138.0,10.0,556.0,0.862,16.0,0.0,0.15,,established,29.4,5.7,0.966,"26 years old, an age that jumps 4% of the time · 474 PA, already has the job · 824 career PA, still new",xwOBA 0.309 (51st) · barrels 6.7% (44th) · EV 87.5 (32nd) · hard-hit 36% (35th) · K 18% (74th) · BB 6% (26th) · chase 31% (44th) · bat speed 70.8 mph (32nd) · sprint 26.9 (34th),"{""n"":20,""b"":4,""c"":[[""Pavin Smith"",2021,25,0.91,0.85,235,0],[""Luis Rengifo"",2022,25,0.9,0.99,440,0],[""Joey Ortiz"",2024,26,0.95,0.84,427,0],[""Jose F Miranda"",2024,26,0.95,0.58,21,0],[""Brooks Lee"",2025,24,0.84,0.97,609,1]]}",0.9284122523958386,-0.012888640320029626,0.9284122523958386,324.0,0.944,301.0,557.0,215,262,FA,516.0,495.0,-215.0,-194.0,let go,False,155
701678,Hao-Yu Lee,2026,2003-02-03,2B,R,Detroit Tigers,114,364,330,87,19,2,10,40,46,30,0,3,2,87,3,56,7,0,0,0,0,74,41,1,0,4,23.0,364.0,23.9,8.2,0.264,0.424,0.322,0.16,0.326,0.234,0.393,0.325,0.302,0.295,0.159,0.396,0.362,0.03,0.031,0.023,89.5,13.3,34.8,8.5,41.3,100.217537236,94.379399184,65.9,29.1,51.4,82.8,27.2,46.9,27.1,39.3,25.9,27.1,7.7,7.0,71.3,11.4,27.1,21.2,7.3,52.4,4.0,28.1,4.42,17.0,25.0,45.0,247.0,74.5,61.0,haoyu lee,DET,,,,,,,,345.0,23.4,3.026315789473684,0.9478021978021978,223,2B/3B,2B/3B,True,339.0,172.67,2.396692273871662,172.33,0.629623515602022,116.0,False,False,206,False,47.86463371096265,16.99514306514646,1.6058127368191135,10.754410487071771,43.543813896023906,40.461553655648665,322.91536755167255,0.8871301306364631,22.084632448327454,0.0606720671657347,472.0,-127.0,"{'C': 423, 'SS': 594, '2B': 592, '3B': 571, '1B': 601, 'OF': 526, 'UT': 472}",0.9478021978021978,0.4725274725274725,-5.061690834352355,39.70037453183521,37.07865168539326,22.846441947565545,2.6217228464419478,16.853932584269664,4.945054945054945,16.483516483516482,49.45054945054945,-0.02300000000000002,0.9478021978021978,1,364,0.0,,0,False,0.5978021978021978,,,,0.0,0.0,0.0,0.0,,0.0,2026-04-17,2026-09-27,114.0,145.0,145.0,0.0,407.0,0.786,22.0,1.0,0.15,,young / establishing,30.7,12.5,1.028,"23 years old, an age that jumps 11% of the time · avg EV 89.5 (67th pct) · sprint 28.1 ft/s (68th pct)",xwOBA 0.302 (44th) · barrels 8.5% (61st) · EV 89.5 (64th) · hard-hit 41% (63rd) · K 24% (41st) · BB 8% (45th) · chase 29% (58th) · bat speed 71.3 mph (38th) · sprint 28.1 (67th),"{""n"":20,""b"":2,""c"":[[""Ke'Bryan Hayes"",2021,24,0.94,0.88,494,0],[""Bryan De La Cruz"",2021,24,0.94,0.97,344,0],[""Andy Pages"",2024,24,0.95,1.08,674,1],[""Oscar Gonzalez"",2022,24,0.99,0.69,124,0],[""Leody Taveras"",2022,24,0.97,1.03,572,0]]}",0.9336986272636758,0.009960942754447033,0.9336986272636758,322.0,1.0,301.0,560.0,215,249,FA,516.0,495.0,-215.0,-194.0,let go,False,156
676356,Jonny DeLuca,2026,1998-07-10,OF,R,Tampa Bay Rays,112,370,350,93,24,0,11,44,50,17,0,17,6,78,0,58,1,0,2,0,0,0,0,0,116,2,27.0,370.0,21.1,4.6,0.266,0.429,0.3,0.163,0.314,0.232,0.325,0.317,0.261,0.267,0.093,0.384,0.309,0.034,0.104,0.056,85.8,13.9,28.7,3.6,30.2,97.922432463,92.971243172,71.1,35.9,56.0,85.5,24.9,52.9,44.7,43.3,21.5,21.1,14.2,7.8,73.4,10.0,19.8,33.8,7.3,59.5,1.0,29.2,4.29,14.0,38.0,37.0,275.0,73.6,63.2,jonny deluca,TB,Jonny DeLuca,TB,"LF,CF,RF",778.5,309.0,1195.0,,408.0,28.0,3.642857142857143,1.1027027027027028,192,OF,OF,False,309.0,172.67,2.396692273871662,235.33,1.2461648689854807,117.0,False,False,170,False,62.551111918793545,11.464117073148918,0.4684300973215406,6.716340910735999,42.23735195400505,33.57878873564468,341.7661406896497,0.9236922721341885,66.23385931035028,0.1790104305685143,472.0,-64.0,"{'C': 423, 'SS': 594, '2B': 592, '3B': 571, '1B': 601, 'OF': 526, 'UT': 472}",1.1027027027027028,0.5405405405405406,-3.067681024377382,86.89138576779027,65.91760299625467,40.823970037453186,20.973782771535596,46.06741573033708,27.56756756756757,17.83783783783784,27.56756756756757,-0.055999999999999994,1.1027027027027028,2,836,0.0,,1,False,0.7527027027027028,,,,26.0,1.0,222.0,0.0,,132.5,2026-03-26,2026-09-27,112.0,164.0,141.0,23.0,425.0,0.794,0.0,0.0,0.15,,established,28.8,3.3,1.183,"1.10/PA is his best rate yet, so the bar is one step up · sprint 29.2 ft/s (92nd pct) · avg EV 85.8 (12th pct)",xwOBA 0.261 (8th) · barrels 3.6% (16th) · EV 85.8 (11th) · hard-hit 30% (16th) · K 21% (59th) · BB 5% (9th) · chase 36% (21st) · bat speed 73.4 mph (70th) · sprint 29.2 (91st),"{""n"":20,""b"":1,""c"":[[""Harrison Bader"",2021,27,1.06,1.03,321,0],[""Sam Haggerty"",2022,28,1.15,1.1,119,0],[""TJ Friedl"",2023,28,1.18,0.99,338,0],[""Matt Beaty"",2021,28,1.05,0.47,22,0],[""Connor Wong"",2024,28,1.04,0.7,131,0]]}",0.9693019018747363,-0.016978344977301236,0.9693019018747363,308.0,0.894,299.0,582.0,218,155,FA,516.0,495.0,-217.0,-196.0,let go,False,157
660688,Keibert Ruiz,2026,1998-07-20,C,S,Washington Nationals,105,354,332,93,24,0,10,44,48,16,3,2,1,37,3,59,5,18,0,102,0,0,0,0,0,0,27.0,354.0,10.5,4.5,0.28,0.443,0.316,0.163,0.288,0.247,0.374,0.328,0.289,0.285,0.127,0.347,0.299,0.033,0.069,0.039,88.1,17.2,33.9,5.0,36.6,98.084002838,93.093035608,66.6,38.7,72.9,93.3,14.2,52.6,58.7,37.9,28.9,23.2,10.1,7.1,67.7,13.0,39.9,0.8,9.8,57.2,1.0,25.1,4.82,18.0,29.0,46.0,298.0,70.0,67.4,keibert ruiz,WSH,Keibert Ruiz,WSH,C,434.5,255.0,401.0,468.0,388.0,27.9,3.6952380952380954,1.0960451977401129,203,C,C,False,255.0,234.0,2.9766263024500135,154.0,0.718611792788082,52.0,False,False,171,False,57.61000943707981,15.198476804596003,0.6210180795685601,8.574495678755625,33.98332895715547,39.47390650514752,335.629235462303,0.9481051849217598,52.37076453769703,0.14794001281835312,423.0,-35.0,"{'C': 423, 'SS': 594, '2B': 592, '3B': 571, '1B': 601, 'OF': 526, 'UT': 472}",1.0960451977401129,0.6214689265536724,-4.375533380976076,85.76779026217228,91.76029962546816,29.962546816479403,-5.992509363295881,55.80524344569288,3.389830508474576,16.949152542372882,27.11864406779661,-0.039000000000000035,1.0960451977401129,5,2197,0.0,0.9715302491103203,4,False,0.12451494862979262,0.8000000000000007,2.8,1.6000000000000085,0.0,0.0,102.0,0.0,,58.199999999999996,2026-03-26,2026-09-26,105.0,162.0,162.0,0.0,354.0,0.648,0.0,0.0,0.15,,established,26.5,2.7,1.176,"1.10/PA is his best rate yet, so the bar is one step up · avg EV 88.1 (44th pct) · sprint 25.1 ft/s (6th pct) · barrel rate up 2.8 pts on last year · bat speed up 1.6 mph",xwOBA 0.289 (28th) · barrels 5.0% (28th) · EV 88.1 (42nd) · hard-hit 37% (40th) · K 10% (98th) · BB 4% (9th) · chase 39% (10th) · bat speed 67.7 mph (5th) · sprint 25.1 (5th),"{""n"":20,""b"":1,""c"":[[""Isaac Paredes"",2025,26,0.98,0.97,642,0],[""Miguel Andujar"",2025,30,1.04,0.9,229,0],[""Geraldo Perdomo"",2024,25,0.97,1.13,814,1],[""Steven Kwan"",2024,27,1.08,0.98,680,0],[""Harold Ram\u00edrez"",2023,29,1.11,0.9,221,0]]}",0.961993886429069,-0.016978344977301236,0.961993886429069,311.0,0.953,299.0,577.0,218,174,FA,516.0,495.0,-217.0,-196.0,let go,False,158
701675,Nathan Church,2026,2000-07-12,OF,L,St. Louis Cardinals,142,470,434,107,17,2,10,53,50,25,4,10,5,81,6,78,4,0,5,0,0,0,0,0,148,0,25.0,470.0,17.2,5.3,0.247,0.364,0.29,0.117,0.278,0.242,0.354,0.288,0.283,0.286,0.112,0.319,0.314,0.005,0.01,0.005,85.6,13.4,34.2,5.3,30.0,96.943636954,92.484705562,72.7,42.3,70.9,85.4,20.5,56.2,33.1,45.3,23.1,21.7,10.0,7.1,69.6,7.5,22.3,8.6,5.8,39.8,-13.0,28.5,4.24,17.0,45.0,45.0,360.0,75.8,62.6,nathan church,STL,,,,,,,,433.0,26.0,3.0492957746478875,0.9212765957446809,177,OF,OF,True,339.0,172.67,2.396692273871662,260.33000000000004,0.6526035007762254,162.0,False,False,132,False,78.17617595661801,15.21801687669046,1.5114383767650021,10.122368789926513,53.95301837015277,46.10053056321465,423.71754893336737,0.9015266998582284,9.282451066632632,0.019749895886452484,472.0,-39.0,"{'C': 423, 'SS': 594, '2B': 592, '3B': 571, '1B': 601, 'OF': 526, 'UT': 472}",0.9212765957446809,0.4574468085106383,-3.8693345700186392,28.83895131086142,31.46067415730337,33.70786516853933,-2.6217228464419478,-4.8689138576779065,12.76595744680851,12.76595744680851,31.914893617021278,-0.0050000000000000044,0.9212765957446809,1,535,0.0,,0,False,0.5712765957446809,,,,18.0,1.0,18.0,0.0,,18.0,2026-03-26,2026-09-27,142.0,166.0,149.0,17.0,511.0,0.953,0.0,0.0,0.15,,established,26.4,8.9,1.001,"470 PA, already has the job · sprint 28.5 ft/s (79th pct) · 26 years old, an age that jumps 4% of the time",xwOBA 0.283 (23rd) · barrels 5.3% (31st) · EV 85.6 (8th) · hard-hit 30% (15th) · K 17% (80th) · BB 5% (15th) · chase 42% (5th) · bat speed 69.6 mph (19th) · sprint 28.5 (78th),"{""n"":20,""b"":2,""c"":[[""Luis Rengifo"",2022,25,0.9,0.99,440,0],[""Nick Solak"",2021,26,0.88,0.92,87,0],[""Willi Castro"",2022,25,0.91,1.18,482,0],[""Bryson Stott"",2022,25,0.91,1.07,683,1],[""Joey Ortiz"",2024,26,0.95,0.84,427,0]]}",0.945008862815607,-0.012888640320029626,0.945008862815607,316.0,0.986,299.0,567.0,218,223,FA,516.0,495.0,-217.0,-196.0,let go,False,159
650402,Gleyber Torres,2026,1996-12-13,2B,R,Detroit Tigers,96,420,358,93,13,0,8,57,38,57,3,0,0,81,2,72,4,0,0,0,0,76,0,0,0,19,29.0,420.0,19.3,13.6,0.26,0.363,0.364,0.103,0.314,0.252,0.368,0.328,0.325,0.354,0.115,0.347,0.343,0.008,-0.005,0.003,86.2,9.4,38.4,6.1,32.3,96.706167857,92.398034014,66.7,18.9,55.2,84.2,22.5,42.2,27.2,45.2,24.7,26.9,3.2,7.0,68.1,6.4,28.4,3.4,8.5,53.8,2.0,25.3,4.81,17.0,29.0,46.0,279.0,77.4,60.8,gleyber torres,DET,Gleyber Torres,DET,"2B,DH",207.2,123.0,231.0,160.0,374.0,29.5,3.8958333333333335,0.8904761904761904,209,2B,2B,False,123.0,452.0,3.7174234694899297,-78.0,0.17840986384340374,-86.0,False,False,204,True,67.57185422870806,13.031556024000272,0.6993252658752418,8.913264481416416,44.23694856565433,44.509747533323974,366.3486960989783,0.8722588002356626,7.65130390102172,0.01821739024052782,472.0,-98.0,"{'C': 423, 'SS': 594, '2B': 592, '3B': 571, '1B': 601, 'OF': 526, 'UT': 472}",0.8904761904761904,0.4785714285714286,-5.068071023475483,17.97752808988764,38.951310861423224,22.47191011235955,-20.973782771535582,-4.494382022471907,0.0,11.428571428571429,81.42857142857142,-0.0030000000000000027,1.0227272727272727,6,3473,-0.13225108225108229,1.0227272727272727,5,True,-0.13225108225108229,3.1999999999999993,-2.0999999999999996,-2.0,60.0,2.0,71.0,0.0,,66.6,2026-03-26,2026-09-22,96.0,164.0,111.0,53.0,613.0,0.865,0.0,0.0,0.15,,established,27.7,0.1,1.103,"420 PA, already has the job · got 0.89/PA but deserved 0.87 · already 30, an age that jumps 3% of the time",xwOBA 0.325 (68th) · barrels 6.1% (38th) · EV 86.2 (15th) · hard-hit 32% (21st) · K 19% (71st) · BB 14% (95th) · chase 19% (99th) · bat speed 68.1 mph (6th) · sprint 25.3 (7th),"{""n"":20,""b"":0,""c"":[[""J.P. Crawford"",2025,30,0.88,0.81,394,0],[""Nathaniel Lowe"",2024,29,0.94,0.88,537,0],[""Nathaniel Lowe"",2025,30,0.88,0.94,403,0],[""Josh Bell"",2024,32,0.89,0.9,482,0],[""Ty France"",2024,30,0.81,0.86,419,0]]}",0.7963427455101897,-0.01977893541086498,0.7963427455101897,374.0,0.947,298.0,478.0,221,457,FA,516.0,495.0,-218.0,-197.0,let go,False,160
687401,Joey Ortiz,2026,1998-07-14,SS,R,Milwaukee Brewers,134,415,371,100,14,4,9,49,47,35,0,9,5,82,5,73,10,0,0,0,1,1,58,86,0,0,27.0,415.0,19.8,8.4,0.27,0.402,0.328,0.132,0.319,0.243,0.346,0.321,0.297,0.309,0.103,0.366,0.332,0.027,0.056,0.024,89.2,6.4,29.2,4.0,37.6,99.747955517,94.078216747,57.5,32.8,62.5,90.7,19.9,44.8,32.9,50.3,20.1,23.2,6.4,7.5,73.3,12.1,26.4,33.3,3.0,36.3,-2.0,29.1,4.28,13.0,47.0,40.0,298.0,67.2,63.1,joey ortiz,MIL,Joey Ortiz,MIL,"3B,SS",420.0,246.0,420.0,420.0,397.0,28.0,2.962686567164179,0.9566265060240964,195,3B/SS,3B/SS,False,246.0,304.0,3.0338983050847457,93.0,-0.07121173792056679,51.0,False,False,170,False,69.32185668452232,11.225528880798546,1.82937218483592,7.776242249843204,49.967764752751776,38.746864978105,359.23362973085676,0.8656232041707392,37.76637026914324,0.09100330185335714,472.0,-75.0,"{'C': 423, 'SS': 594, '2B': 592, '3B': 571, '1B': 601, 'OF': 526, 'UT': 472}",0.9566265060240964,0.4987951807228916,-3.7956705012278724,43.445692883895134,49.43820224719101,34.45692883895131,-5.9925093632958735,8.98876404494382,13.012048192771084,13.012048192771084,50.602409638554214,-0.02400000000000002,0.9566265060240964,3,1466,0.0,0.9452054794520548,2,False,0.011421026572041582,5.200000000000001,1.0,1.0,0.0,0.0,19.0,0.0,,8.7,2026-03-26,2026-09-25,134.0,165.0,165.0,0.0,407.0,0.812,0.0,0.0,0.15,,established,31.6,2.6,1.037,"0.96/PA is his best rate yet, so the bar is one step up · sprint 29.1 ft/s (90th pct) · 415 PA, already has the job · bat speed up 1.0 mph",xwOBA 0.297 (38th) · barrels 4.0% (20th) · EV 89.2 (58th) · hard-hit 38% (44th) · K 20% (67th) · BB 8% (49th) · chase 33% (34th) · bat speed 73.3 mph (69th) · sprint 29.1 (90th),"{""n"":20,""b"":0,""c"":[[""Kyle Isbel"",2024,27,0.93,0.83,341,0],[""Josh Rojas"",2022,28,1.03,0.93,326,0],[""Manuel Margot"",2022,28,0.97,0.96,324,0],[""Manuel Margot"",2023,29,0.96,0.83,285,0],[""Harold Ram\u00edrez"",2022,28,0.97,1.11,480,0]]}",0.9249700563430301,-0.016978344977301236,0.9249700563430301,322.0,0.993,298.0,555.0,221,274,FA,516.0,495.0,-218.0,-197.0,let go,False,161
806068,Colt Emerson,2026,2005-07-20,SS,L,Seattle Mariners,69,241,221,42,6,1,8,24,23,15,2,3,1,83,2,27,9,0,0,0,0,0,15,54,0,1,20.0,241.0,34.4,6.2,0.19,0.335,0.246,0.145,0.258,0.196,0.3,0.256,0.248,0.253,0.104,0.354,0.34,-0.006,0.035,0.008,86.7,14.0,36.2,5.0,31.2,97.184861884,92.601587174,69.4,38.9,53.1,73.6,34.1,53.6,41.1,46.1,22.7,22.7,8.5,7.2,72.5,5.0,15.7,26.4,10.1,55.3,-13.0,27.0,4.37,9.0,12.0,21.0,141.0,71.2,63.9,colt emerson,SEA,Colt Emerson,SEA,"3B,SS",429.3,250.0,435.0,432.0,180.0,20.9,2.608695652173913,0.7468879668049793,359,3B/SS,SS,False,250.0,256.0,2.9766263024500135,-76.0,-0.3679306502761004,-109.0,False,False,283,True,31.379746532860334,6.099446416513671,0.6258675683916617,5.210939482234335,23.453476973544475,23.62437797525706,173.69385494880154,0.7207213898290521,6.306145051198456,0.02616657697592717,472.0,-292.0,"{'C': 423, 'SS': 594, '2B': 592, '3B': 571, '1B': 601, 'OF': 526, 'UT': 472}",0.7468879668049793,0.23236514522821577,-8.894712763932501,,,,,,7.468879668049792,19.91701244813278,37.344398340248965,-0.008000000000000007,0.7468879668049793,1,241,0.0,,0,False,0.3968879668049793,,,,44.0,1.0,44.0,0.0,Left wrist tendon inflammation,44.0,2026-05-17,2026-08-13,69.0,81.0,75.0,6.0,521.0,0.92,52.0,1.0,0.15,,young / establishing,48.3,6.4,0.827,"21 years old, an age that jumps 22% of the time · sprint 27.0 ft/s (37th pct) · got 0.75/PA but deserved 0.72",xwOBA 0.248 (3rd) · barrels 5.0% (28th) · EV 86.7 (19th) · hard-hit 31% (18th) · K 34% (3rd) · BB 6% (23rd) · chase 39% (10th) · bat speed 72.5 mph (57th) · sprint 27.0 (36th),"{""n"":20,""b"":2,""c"":[[""Max Muncy"",2025,23,0.76,0.88,250,0],[""Jackson Holliday"",2024,21,0.83,0.91,590,1],[""Carson Williams"",2025,22,0.77,0.65,26,0],[""Kyle Karros"",2025,23,0.72,0.95,452,0],[""Brayan Rocchio"",2023,22,0.73,0.81,356,0]]}",0.8506664240264369,0.008874393035326398,0.8506664240264369,350.0,0.965,298.0,510.0,221,427,FA,516.0,495.0,-218.0,-197.0,let go,False,162
669224,Austin Wells,2026,1999-07-12,C,L,New York Yankees,122,388,334,62,7,0,14,39,32,48,3,4,0,103,2,41,7,14,0,122,0,0,0,0,0,0,26.0,388.0,26.5,12.4,0.186,0.332,0.292,0.146,0.219,0.211,0.363,0.281,0.302,0.311,0.153,0.318,0.352,-0.025,-0.031,-0.021,89.3,20.5,33.8,7.7,42.7,100.248392609,94.397822435,66.6,28.0,53.2,81.0,27.9,46.3,47.4,33.3,34.2,20.5,12.0,7.6,72.8,9.5,20.9,26.8,13.9,51.4,-8.0,26.0,4.65,18.0,11.0,31.0,234.0,74.8,60.5,austin wells,NYY,Austin Wells,NYY,C,238.4,148.0,223.0,309.0,328.0,27.0,2.6885245901639343,0.845360824742268,232,C,C,False,148.0,425.5,3.7174234694899297,-97.5,-1.0288988793259954,-84.0,False,False,237,True,45.11133400559553,12.101357961757651,0.783282059698113,12.478025972948705,41.759137286340284,43.9379628827404,361.7471001690807,0.9323378870337131,-33.74710016908068,-0.08697706229144508,423.0,-95.0,"{'C': 423, 'SS': 594, '2B': 592, '3B': 571, '1B': 601, 'OF': 526, 'UT': 472}",0.845360824742268,0.33762886597938147,-7.365532640347711,8.239700374531834,5.2434456928838955,3.7453183520599254,2.9962546816479385,4.494382022471909,6.185567010309279,21.649484536082472,74.22680412371135,0.020999999999999963,1.0625,3,1325,-0.21713917525773196,1.0625,2,False,-0.21713917525773196,0.1999999999999993,-2.499999999999999,-0.6000000000000085,15.0,1.0,15.0,0.0,Cervical headaches,15.0,2026-03-25,2026-09-25,122.0,166.0,152.0,14.0,414.0,0.803,0.0,0.0,0.15,,established,31.9,1.6,1.142,"deserved 0.93/PA on contact quality, got 0.85 · avg EV 89.3 (64th pct) · 27 years old, an age that jumps 3% of the time",xwOBA 0.302 (44th) · barrels 7.7% (53rd) · EV 89.3 (61st) · hard-hit 43% (71st) · K 26% (25th) · BB 12% (89th) · chase 28% (66th) · bat speed 72.8 mph (63rd) · sprint 26.0 (15th),"{""n"":20,""b"":0,""c"":[[""Joey Bart"",2025,28,0.88,0.94,120,0],[""Mark Vientos"",2025,26,0.88,0.83,245,0],[""Brandon Lowe"",2022,28,0.85,1.03,449,0],[""Jack Suwinski"",2024,26,0.84,0.76,135,0],[""Jared Walsh"",2022,29,0.81,0.64,74,0]]}",0.9560031411809218,-0.020371427220405795,0.9560031411809218,309.0,0.988,295.0,574.0,223,187,FA,516.0,495.0,-221.0,-200.0,let go,False,163
672386,Alejandro Kirk,2026,1998-11-06,C,R,Toronto Blue Jays,79,313,277,77,8,0,10,26,43,33,0,1,0,38,3,59,4,15,0,72,0,0,0,0,0,3,27.0,313.0,12.1,10.5,0.278,0.415,0.351,0.137,0.289,0.263,0.368,0.333,0.308,0.326,0.104,0.343,0.313,0.015,0.047,0.025,88.0,7.9,32.6,3.7,38.8,99.504610744,93.893597884,58.3,29.1,72.3,90.3,15.8,43.5,24.0,50.8,18.6,24.8,5.8,7.1,71.6,14.1,31.6,15.6,5.6,51.3,4.0,23.9,4.8,11.0,27.0,39.0,242.0,67.3,62.3,alejandro kirk,TOR,Alejandro Kirk,TOR,C,176.6,104.0,148.0,242.0,323.0,27.6,4.0886075949367084,1.0319488817891374,240,C,C,False,104.0,560.7627118644068,4.015944775657477,-237.7627118644068,0.07266281927923135,-136.0,False,False,237,True,57.92003047753596,7.749970258918586,0.4849680495549561,6.6960312139905005,28.80293056264061,33.908166716973525,299.2210972796142,0.955977946580237,23.778902720385815,0.0759709352089003,423.0,-100.0,"{'C': 423, 'SS': 594, '2B': 592, '3B': 571, '1B': 601, 'OF': 526, 'UT': 472}",1.0319488817891374,0.5750798722044729,-6.014343593794572,68.91385767790263,78.65168539325843,12.734082397003746,-9.737827715355806,56.17977528089888,1.9169329073482428,19.169329073482427,63.25878594249201,-0.025000000000000022,1.0319488817891374,5,2357,0.0,1.017786561264822,4,True,0.01416232052431532,0.40000000000000036,-6.3999999999999995,-0.9000000000000057,69.0,1.0,76.0,0.0,Left thumb fracture,73.2,2026-03-27,2026-09-26,79.0,165.0,102.0,63.0,497.0,0.775,0.0,0.0,0.15,,established,30.7,0.6,1.112,"1.03/PA is his best rate yet, so the bar is one step up · 28 years old, an age that jumps 4% of the time · avg EV 88.0 (42nd pct)",xwOBA 0.308 (50th) · barrels 3.7% (17th) · EV 88.0 (40th) · hard-hit 39% (51st) · K 12% (96th) · BB 10% (74th) · chase 29% (58th) · bat speed 71.6 mph (44th) · sprint 23.9 (1st),"{""n"":20,""b"":0,""c"":[[""Dominic Smith"",2025,30,1.0,0.94,282,0],[""Luis Rengifo"",2024,27,1.18,0.82,441,0],[""Ty France"",2022,28,0.97,0.87,578,0],[""Keibert Ruiz"",2024,26,0.92,0.86,230,0],[""Josh Naylor"",2025,28,1.19,0.94,613,0]]}",0.8594220548653813,-0.016978344977301236,0.8594220548653813,343.0,0.941,295.0,516.0,223,413,FA,516.0,495.0,-221.0,-200.0,let go,False,164
657757,Gavin Sheets,2026,1996-04-23,1B,L,San Diego Padres,125,419,363,77,16,0,17,47,48,49,5,4,0,85,2,44,0,0,1,0,43,0,0,0,42,32,30.0,419.0,20.3,11.7,0.212,0.397,0.313,0.185,0.228,0.229,0.381,0.315,0.316,0.327,0.152,0.336,0.337,-0.017,0.016,-0.001,87.4,13.8,31.1,7.1,38.2,98.872982,93.475375964,58.0,31.0,64.8,88.3,20.9,43.3,37.9,44.6,23.9,20.4,11.1,7.7,74.4,9.4,20.2,47.0,8.2,51.4,-2.0,26.6,4.51,19.0,20.0,37.0,280.0,63.7,53.5,gavin sheets,SD,Gavin Sheets,SD,"1B,LF,RF,DH",384.3,233.0,375.0,375.0,384.0,30.2,3.072,0.9164677804295943,206,1B/OF,1B/OF,False,233.0,340.5483870967742,3.0867599025400003,43.451612903225794,-0.014759902540000258,27.0,False,False,171,False,54.541630613184026,14.921208940607785,0.7376902792323671,12.926470166975829,47.831066641567794,46.941545125342344,384.2026117669102,0.9169513407324825,-0.202611766910195,-0.0004835603028882085,472.0,-88.0,"{'C': 423, 'SS': 594, '2B': 592, '3B': 571, '1B': 601, 'OF': 526, 'UT': 472}",0.9164677804295943,0.49403341288782815,-5.042652642364529,25.468164794007492,48.31460674157304,23.220973782771537,-22.846441947565545,2.247191011235955,5.727923627684964,24.3436754176611,70.16706443914082,0.0010000000000000009,0.9577981651376147,5,2398,-0.04133038470802042,0.9577981651376147,4,False,-0.04133038470802042,0.6999999999999993,-2.5,-0.3999999999999915,27.0,1.0,27.0,0.0,Left foot sprain,27.0,2026-03-26,2026-09-27,125.0,162.0,137.0,25.0,495.0,0.912,0.0,0.0,0.15,,established,32.5,1.1,1.038,"419 PA, already has the job · avg EV 87.4 (32nd pct) · sprint 26.6 ft/s (27th pct)",xwOBA 0.316 (60th) · barrels 7.1% (48th) · EV 87.4 (30th) · hard-hit 38% (49th) · K 20% (63rd) · BB 12% (85th) · chase 31% (47th) · bat speed 74.4 mph (83rd) · sprint 26.6 (26th),"{""n"":20,""b"":1,""c"":[[""Nathaniel Lowe"",2024,29,0.94,0.88,537,0],[""Isiah Kiner-Falefa"",2024,29,0.91,0.87,400,0],[""Ram\u00f3n Ur\u00edas"",2025,31,0.85,0.72,72,0],[""Jeimer Candelario"",2024,31,0.9,0.52,47,0],[""Jurickson Profar"",2023,30,0.85,1.09,727,1]]}",0.9155448327703782,-0.01977893541086498,0.9155448327703782,320.0,0.978,293.0,549.0,225,302,FA,516.0,495.0,-223.0,-202.0,let go,False,165
683748,Victor Mesa Jr.,2026,2001-09-08,OF,L,Tampa Bay Rays,79,262,235,61,8,3,14,37,34,23,1,9,4,53,1,36,3,0,4,0,0,0,0,0,77,0,24.0,262.0,20.2,8.8,0.26,0.498,0.327,0.238,0.278,0.249,0.439,0.355,0.329,0.318,0.189,0.413,0.376,0.011,0.059,0.026,89.4,21.0,31.9,10.8,42.2,100.402323596,94.536340734,77.2,34.9,62.2,80.6,25.5,55.0,37.8,33.0,30.8,23.2,13.0,7.9,74.0,10.8,22.9,38.8,9.8,63.7,9.0,27.9,4.3,14.0,20.0,26.0,185.0,87.3,67.6,victor mesa,TB,,,,,,,,305.0,24.8,3.8607594936708862,1.1641221374045803,256,OF,OF,True,339.0,172.67,2.396692273871662,132.33,1.4640672197992242,83.0,False,False,245,False,36.2914183284806,10.292970244496647,1.6698045255649048,10.26080690145785,33.61774867497318,31.458703165520745,282.5214518404939,1.078326152062954,22.47854815950609,0.08579598534162636,472.0,-167.0,"{'C': 423, 'SS': 594, '2B': 592, '3B': 571, '1B': 601, 'OF': 526, 'UT': 472}",1.1641221374045803,0.6374045801526718,-5.030023505725435,,,,,,20.610687022900763,32.06106870229008,52.671755725190835,-0.025999999999999968,1.1641221374045803,1,300,0.0,,0,False,0.8141221374045803,,,,13.0,1.0,13.0,0.0,Left hamstring strain,13.0,2026-05-25,2026-09-27,79.0,112.0,99.0,13.0,429.0,0.798,60.0,1.0,0.15,,young / establishing,51.3,3.5,1.244,"25 years old, an age that jumps 5% of the time · 300 career PA, still new · avg EV 89.4 (66th pct)",xwOBA 0.329 (73rd) · barrels 10.8% (78th) · EV 89.4 (63rd) · hard-hit 42% (68th) · K 20% (65th) · BB 9% (52nd) · chase 35% (24th) · bat speed 74.0 mph (78th) · sprint 27.9 (60th),"{""n"":20,""b"":0,""c"":[[""Jakob Marsee"",2025,24,1.24,0.97,600,0],[""Zack Gelof"",2023,24,1.16,0.92,504,0],[""Yainer Diaz"",2023,25,1.17,1.07,662,0],[""Bo Naylor"",2023,23,1.14,0.89,348,0],[""Gavin Sheets"",2021,25,1.08,0.9,371,0]]}",1.024834280296462,-0.012779447936574123,1.024834280296462,284.0,0.99,291.0,615.0,226,61,FA,516.0,495.0,-225.0,-204.0,let go,False,166
592663,J.T. Realmuto,2026,1991-03-18,C,R,Philadelphia Phillies,123,467,414,85,19,0,11,52,51,37,10,3,0,100,6,55,8,21,0,123,0,0,0,0,0,0,35.0,467.0,21.4,7.9,0.205,0.331,0.283,0.126,0.239,0.249,0.387,0.275,0.317,0.325,0.138,0.298,0.359,-0.044,-0.056,-0.042,89.5,11.8,35.6,5.7,40.0,99.623141132,94.21920959,64.9,29.9,59.2,84.1,24.1,46.8,42.5,42.5,26.9,25.9,4.7,7.4,73.1,10.2,26.3,32.5,12.1,55.4,-16.0,28.1,4.43,18.0,21.0,46.0,320.0,77.0,59.7,jt realmuto,PHI,J.T. Realmuto,PHI,C,233.2,144.0,202.0,252.0,415.0,35.3,3.3739837398373984,0.8886509635974305,186,C,C,False,144.0,425.5,3.7174234694899297,-10.5,-0.34343972965253133,-42.0,False,False,170,False,71.32228510369404,18.65215084287609,0.8548430031657009,12.25672105026417,56.736659367161636,49.31990286866329,459.3605622358249,0.9836414608904173,-44.36056223582489,-0.09499049729298681,423.0,-8.0,"{'C': 423, 'SS': 594, '2B': 592, '3B': 571, '1B': 601, 'OF': 526, 'UT': 472}",0.8886509635974305,0.3854389721627409,-5.727791829662603,17.60299625468165,11.235955056179774,16.10486891385768,6.367041198501875,1.4981273408239701,3.854389721627409,14.132762312633833,47.53747323340471,0.04199999999999998,1.2562277580071175,6,3069,-0.36757679440968705,1.2562277580071175,5,True,-0.36757679440968705,-2.1000000000000014,-3.1000000000000005,1.0999999999999943,10.0,1.0,49.0,0.0,Back spasms,21.7,2026-03-26,2026-09-27,123.0,163.0,152.0,11.0,498.0,0.809,0.0,0.0,0.15,,established,32.5,0.4,1.336,"deserved 0.98/PA on contact quality, got 0.89 · 467 PA, already has the job · avg EV 89.5 (67th pct) · bat speed up 1.1 mph",xwOBA 0.317 (62nd) · barrels 5.7% (34th) · EV 89.5 (64th) · hard-hit 40% (57th) · K 21% (58th) · BB 8% (41st) · chase 30% (53rd) · bat speed 73.1 mph (67th) · sprint 28.1 (67th),"{""n"":20,""b"":1,""c"":[[""Marcus Semien"",2025,35,0.92,0.82,449,0],[""Paul Goldschmidt"",2025,38,0.94,0.98,374,0],[""Paul Goldschmidt"",2024,37,0.93,0.94,502,0],[""Tommy Pham"",2025,37,0.92,0.63,22,0],[""Tommy Pham"",2024,36,0.88,0.92,412,0]]}",0.9590555943912632,-0.05989080447742173,0.9590555943912632,302.0,0.934,290.0,575.0,227,182,Dpf,516.0,495.0,-226.0,-205.0,let go,False,167
682622,Noelvi Marte,2026,2001-10-16,OF,R,Cincinnati Reds,63,201,190,36,7,0,6,19,15,10,0,7,2,52,1,23,1,0,1,0,0,0,0,0,59,1,24.0,201.0,25.9,5.0,0.189,0.321,0.229,0.132,0.226,0.193,0.304,0.242,0.237,0.233,0.111,0.299,0.294,-0.004,0.017,0.005,87.9,10.5,19.4,5.1,30.2,98.929259559,93.570955294,65.5,41.2,52.9,87.8,27.5,52.0,44.6,56.1,20.9,12.2,10.8,7.4,72.2,8.2,21.2,27.2,9.1,54.6,-14.0,29.1,4.36,6.0,23.0,7.0,139.0,78.0,63.2,noelvi marte,CIN,Noelvi Marte,CIN,"3B,RF",145.0,88.0,133.0,147.0,163.0,24.7,2.5873015873015874,0.8109452736318408,371,3B/OF,OF,False,88.0,560.7627118644068,4.015944775657477,-397.7627118644068,-1.4286431883558897,-283.0,False,False,339,True,25.368655147690276,6.206164717211329,0.4017051225065149,4.693475012591881,21.907098989166663,19.02370230442822,167.36080129359488,0.8326408024556959,-4.360801293594875,-0.02169552882385517,472.0,-309.0,"{'C': 423, 'SS': 594, '2B': 592, '3B': 571, '1B': 601, 'OF': 526, 'UT': 472}",0.8109452736318408,0.29850746268656714,-9.35275705953172,,,,,,20.895522388059703,17.91044776119403,29.850746268656717,-0.0050000000000000044,1.075,3,926,-0.2640547263681592,1.075,2,False,-0.2640547263681592,2.299999999999997,-4.0,-1.0,0.0,0.0,58.0,0.0,,34.8,2026-03-26,2026-08-17,63.0,135.0,135.0,0.0,241.0,0.467,0.0,0.0,0.15,,young / establishing,43.4,0.9,1.155,"25 years old, an age that jumps 5% of the time · sprint 29.1 ft/s (90th pct) · deserved 0.83/PA on contact quality, got 0.81",xwOBA 0.237 (2nd) · barrels 5.1% (30th) · EV 87.9 (39th) · hard-hit 30% (16th) · K 26% (28th) · BB 5% (11th) · chase 41% (6th) · bat speed 72.2 mph (53rd) · sprint 29.1 (90th),"{""n"":20,""b"":0,""c"":[[""Ezequiel Duran"",2024,25,0.76,0.82,180,0],[""Akil Baddoo"",2022,24,0.81,0.97,346,0],[""Dylan Carlson"",2024,26,0.72,0.8,192,0],[""Parker Meadows"",2025,26,0.83,0.97,38,0],[""Ezequiel Duran"",2025,26,0.82,1.01,605,0]]}",0.9767389980972774,-0.012779447936574123,0.9767389980972774,297.0,0.972,290.0,586.0,227,135,FA,516.0,495.0,-226.0,-205.0,let go,False,168
643446,Jeff McNeil,2026,1992-04-08,2B,L,Athletics,144,520,478,126,23,0,9,52,59,31,5,8,2,59,4,94,5,0,0,0,43,104,1,0,3,4,34.0,520.0,11.3,6.0,0.264,0.368,0.313,0.104,0.283,0.271,0.358,0.301,0.299,0.317,0.087,0.31,0.308,-0.007,0.01,0.002,86.3,14.2,38.0,1.7,29.5,96.173945545,92.112438365,84.0,36.1,68.8,91.2,15.8,59.2,41.3,41.7,21.9,29.2,7.1,7.3,68.7,5.3,29.5,3.8,6.8,39.2,-10.0,26.3,4.35,13.0,42.0,69.0,424.0,92.5,63.4,jeff mcneil,ATH,Jeff McNeil,ATH,"1B,2B,LF,CF,RF",310.4,191.0,333.0,333.0,468.0,34.2,3.25,0.9,148,1B/2B/OF,1B/2B,False,191.0,377.19354838709677,3.1811021036719445,90.80645161290323,0.06889789632805554,43.0,True,False,121,False,105.3729576255289,15.138424484641858,0.6322781541296069,8.39433973569964,53.80105026119929,50.95662120847882,460.4196714696782,0.8854224451339965,7.580328530321822,0.01457755486600354,472.0,-4.0,"{'C': 423, 'SS': 594, '2B': 592, '3B': 571, '1B': 601, 'OF': 526, 'UT': 472}",0.9,0.5134615384615384,-3.130843337496805,21.53558052434457,55.0561797752809,40.074906367041194,-33.52059925093633,-18.539325842696623,9.230769230769232,10.384615384615385,35.769230769230774,-0.0020000000000000018,1.0458404074702887,6,3117,-0.1458404074702887,1.0458404074702887,5,True,-0.1458404074702887,-0.5999999999999996,-3.3999999999999995,-2.0,0.0,0.0,49.0,0.0,,23.1,2026-03-27,2026-09-27,144.0,162.0,162.0,0.0,520.0,0.889,0.0,0.0,0.15,,established,26.4,0.1,1.126,"520 PA, already has the job · 0.90/PA this year against 1.05 at his best, two steps to clear · sprint 26.3 ft/s (21st pct)",xwOBA 0.299 (40th) · barrels 1.7% (3rd) · EV 86.3 (15th) · hard-hit 30% (15th) · K 11% (97th) · BB 6% (21st) · chase 36% (20th) · bat speed 68.7 mph (10th) · sprint 26.3 (21st),"{""n"":20,""b"":0,""c"":[[""Nolan Arenado"",2024,33,0.9,0.87,381,0],[""Adam Frazier"",2025,34,0.9,0.89,131,0],[""Josh Bell"",2024,32,0.89,0.9,482,0],[""Nolan Arenado"",2025,34,0.87,1.04,621,0],[""Marcus Semien"",2024,34,0.93,0.92,489,0]]}",0.846447155645822,-0.04369876870972289,0.846447155645822,342.0,0.932,289.0,508.0,229,434,FA,516.0,495.0,-227.0,-206.0,let go,False,169
608348,Carson Kelly,2026,1994-07-14,C,R,Chicago Cubs,121,425,380,98,15,0,10,57,58,40,5,0,1,70,0,73,7,20,0,105,4,0,0,0,0,6,31.0,425.0,16.5,9.4,0.258,0.376,0.336,0.118,0.293,0.244,0.372,0.32,0.311,0.324,0.128,0.337,0.324,0.014,0.004,0.009,86.7,13.3,31.6,5.2,36.1,98.238746516,93.170265419,67.2,25.2,56.7,89.7,19.8,45.4,39.4,46.1,24.2,21.9,7.7,6.9,70.6,10.0,28.2,8.6,10.3,48.8,2.0,25.8,4.83,21.0,42.0,34.0,310.0,78.4,61.6,carson kelly,CHC,Carson Kelly,CHC,"C,DH",318.3,196.0,312.0,394.0,434.0,32.0,3.5867768595041323,1.0211764705882354,175,C,C,False,196.0,377.19354838709677,3.1811021036719445,56.80645161290323,0.4056747558321878,21.0,False,False,132,False,66.13091353641207,15.17831712631424,0.7706251381352878,10.640144199138396,44.87032474891317,46.19625027877842,403.1465750276916,0.9485801765357449,30.853424972308403,0.07259629405249046,423.0,11.0,"{'C': 423, 'SS': 594, '2B': 592, '3B': 571, '1B': 601, 'OF': 526, 'UT': 472}",1.0211764705882354,0.5364705882352941,-3.7568230280933737,63.670411985018724,64.41947565543072,34.831460674157306,-0.7490636704119922,28.838951310861418,0.0,14.117647058823529,56.470588235294116,-0.009000000000000008,1.0593824228028503,5,2023,-0.03820595221461498,1.0593824228028503,4,False,-0.03820595221461498,-2.5,-4.3999999999999995,0.19999999999998863,0.0,0.0,0.0,0.0,,0.0,2026-03-26,2026-09-25,120.0,165.0,165.0,0.0,417.0,0.727,0.0,0.0,0.15,,established,29.1,0.3,1.139,"425 PA, already has the job · 1.02/PA is his best rate yet, so the bar is one step up · avg EV 86.7 (21st pct)",xwOBA 0.311 (54th) · barrels 5.2% (31st) · EV 86.7 (19th) · hard-hit 36% (37th) · K 16% (84th) · BB 9% (59th) · chase 25% (81st) · bat speed 70.6 mph (29th) · sprint 25.8 (13th),"{""n"":20,""b"":0,""c"":[[""Lourdes Gurriel Jr."",2024,31,1.03,0.99,541,0],[""Kolten Wong"",2022,32,1.0,0.72,180,0],[""Adam Frazier"",2023,32,0.98,0.78,228,0],[""Mark Canha"",2022,33,0.98,0.99,504,0],[""Jean Segura"",2022,32,0.98,0.7,228,0]]}",0.9096778271919236,-0.035407766755750046,0.9096778271919236,316.0,1.0,287.0,546.0,230,314,FA,516.0,495.0,-229.0,-208.0,let go,False,170
665750,Leody Taveras,2026,1998-09-08,OF,S,Baltimore Orioles,139,482,429,94,18,6,8,58,56,41,1,11,4,124,2,62,6,0,4,0,0,0,1,0,148,0,27.0,482.0,25.7,8.5,0.219,0.345,0.288,0.126,0.288,0.214,0.32,0.282,0.273,0.286,0.106,0.338,0.325,0.005,0.025,0.009,88.0,16.1,28.8,4.1,32.6,98.966147671,93.538008356,67.5,32.0,56.8,86.0,24.3,48.5,36.7,42.7,25.6,23.4,8.2,7.4,73.0,8.5,20.7,29.2,6.6,39.6,-12.0,28.9,4.24,14.0,38.0,42.0,316.0,82.9,65.6,leody taveras,BAL,,,,,,,,433.0,27.8,3.115107913669065,0.8983402489626556,177,OF,OF,True,339.0,172.67,2.396692273871662,260.33000000000004,0.7184156397974029,162.0,False,False,132,False,66.20806211082056,14.258441161075446,2.8029313453873956,8.536565382716585,55.41091129036119,44.998791037318455,406.4957023276796,0.8433520795180075,26.504297672320376,0.05498816944464813,472.0,-39.0,"{'C': 423, 'SS': 594, '2B': 592, '3B': 571, '1B': 601, 'OF': 526, 'UT': 472}",0.8983402489626556,0.3941908713692946,-4.252859039593673,20.59925093632959,13.857677902621724,30.711610486891384,6.741573033707866,-10.112359550561795,13.692946058091286,9.95850622406639,51.03734439834025,-0.008999999999999952,1.032490974729242,4,2271,-0.13415072576658627,,3,False,0.5483402489626557,-2.1000000000000014,-2.3000000000000007,1.7999999999999972,0.0,0.0,0.0,0.0,,0.0,2026-03-28,2026-09-25,139.0,165.0,165.0,0.0,473.0,0.842,2.0,0.0,0.15,,established,29.7,0.7,1.112,"sprint 28.9 ft/s (87th pct) · 482 PA, already has the job · avg EV 88.0 (42nd pct) · bat speed up 1.8 mph",xwOBA 0.273 (16th) · barrels 4.1% (21st) · EV 88.0 (40th) · hard-hit 33% (23rd) · K 26% (29th) · BB 8% (50th) · chase 32% (40th) · bat speed 73.0 mph (66th) · sprint 28.9 (86th),"{""n"":20,""b"":0,""c"":[[""Taylor Walls"",2025,29,0.91,0.9,390,0],[""Thairo Estrada"",2024,28,0.82,0.84,138,0],[""Austin Hays"",2024,29,0.88,1.07,445,0],[""Josh Rojas"",2023,29,0.93,0.81,385,0],[""Amed Rosario"",2024,29,0.96,0.94,180,0]]}",0.9340684096588552,-0.016978344977301236,0.9340684096588552,307.0,1.0,287.0,560.0,230,249,FA,516.0,495.0,-229.0,-208.0,let go,False,171
685133,Wade Meckler,2026,2000-04-21,OF,L,Los Angeles Angels,98,337,300,90,15,1,3,43,27,32,3,8,0,63,0,71,2,0,1,0,0,0,0,0,105,2,26.0,337.0,18.7,9.5,0.3,0.387,0.373,0.087,0.372,0.263,0.359,0.341,0.314,0.34,0.097,0.379,0.341,0.037,0.028,0.027,86.9,6.7,33.9,2.9,33.5,96.774560086,92.481747662,65.9,23.1,51.7,89.3,20.8,44.0,33.5,53.6,18.8,25.9,1.7,6.8,69.0,6.9,31.8,2.2,12.0,46.2,3.0,28.8,4.12,9.0,43.0,37.0,239.0,76.0,57.3,wade meckler,LAA,Wade Meckler,LAA,"LF,CF,RF",569.0,277.0,674.0,,335.0,26.2,3.4183673469387754,0.9940652818991098,228,OF,OF,False,277.0,215.0,2.8044687189672293,120.0,0.6138986279715462,49.0,False,False,237,False,61.71483356619183,10.80775008648274,0.8399991284590351,5.537417218866397,41.519764795018716,31.263192822124957,318.6829576171437,0.9456467585078449,16.3170423828563,0.048418523391264956,472.0,-137.0,"{'C': 423, 'SS': 594, '2B': 592, '3B': 571, '1B': 601, 'OF': 526, 'UT': 472}",0.9940652818991098,0.4836795252225519,-5.448654513425957,56.55430711610487,43.07116104868914,18.352059925093634,13.483146067415731,38.20224719101124,14.243323442136498,5.3412462908011875,56.97329376854599,-0.027000000000000024,0.9940652818991098,1,401,0.0,,0,False,0.6440652818991098,,,,6.0,1.0,6.0,0.0,,6.0,2026-05-22,2026-09-27,98.0,111.0,105.0,6.0,520.0,0.933,57.0,1.0,0.15,,established,34.3,2.4,1.074,"sprint 28.8 ft/s (85th pct) · 401 career PA, still new · 26 years old, an age that jumps 4% of the time",xwOBA 0.314 (57th) · barrels 2.9% (11th) · EV 86.9 (23rd) · hard-hit 34% (26th) · K 19% (73rd) · BB 10% (61st) · chase 23% (89th) · bat speed 69.0 mph (14th) · sprint 28.8 (84th),"{""n"":20,""b"":1,""c"":[[""Austin Martin"",2024,25,0.94,1.04,189,0],[""Joey Ortiz"",2024,26,0.95,0.84,427,0],[""\u00d3scar Mercado"",2021,26,0.93,0.91,116,0],[""Richie Palacios"",2024,27,0.98,1.27,61,0],[""Manuel Margot"",2021,27,0.99,0.97,352,0]]}",0.9028476542067291,-0.012888640320029626,0.9028476542067291,317.0,0.995,286.0,542.0,233,334,FA,516.0,495.0,-230.0,-209.0,let go,False,172
687462,Spencer Horwitz,2026,1997-11-14,1B,L,Pittsburgh Pirates,114,451,385,94,14,1,10,45,49,54,7,1,0,73,5,69,4,0,0,0,107,0,0,0,0,3,28.0,451.0,16.2,12.0,0.244,0.364,0.344,0.12,0.274,0.226,0.345,0.319,0.31,0.332,0.119,0.319,0.306,0.018,0.019,0.009,86.8,15.9,30.3,5.7,30.3,97.056959177,92.586667152,58.5,24.5,67.1,91.1,16.4,40.8,40.4,41.0,27.8,22.1,9.1,6.9,68.7,8.1,29.2,4.5,9.1,49.4,0.0,24.7,4.77,15.0,30.0,48.0,317.0,66.2,54.1,spencer horwitz,PIT,Spencer Horwitz,PIT,1B,387.3,236.0,378.0,396.0,388.0,28.6,3.4035087719298245,0.8603104212860311,203,1B,1B,False,236.0,340.5483870967742,3.0867599025400003,47.451612903225794,0.31674886938982416,33.0,False,False,171,False,62.1740719499378,13.7954395912862,1.1019049676142338,9.938583491161776,44.21241294766418,48.50801601229114,372.5554289599553,0.8260652526828277,15.444571040044707,0.03424516860320337,472.0,-84.0,"{'C': 423, 'SS': 594, '2B': 592, '3B': 571, '1B': 601, 'OF': 526, 'UT': 472}",0.8603104212860311,0.4789356984478936,-5.316926792397114,10.112359550561797,39.70037453183521,18.726591760299627,-29.58801498127341,-8.61423220973783,1.3303769401330376,13.303769401330378,71.84035476718404,-0.009000000000000008,0.9854014598540146,3,1287,-0.12509103856798354,0.9854014598540146,2,False,-0.12509103856798354,-1.6000000000000014,-2.6000000000000005,0.29999999999999716,38.0,1.0,89.0,0.0,Left hamstring strain,68.6,2026-03-26,2026-09-27,114.0,165.0,129.0,36.0,566.0,0.884,0.0,0.0,0.15,,established,27.4,1.0,1.065,"451 PA, already has the job · already 29, an age that jumps 4% of the time · 0.86/PA this year against 0.99 at his best, two steps to clear",xwOBA 0.310 (53rd) · barrels 5.7% (34th) · EV 86.8 (20th) · hard-hit 30% (17th) · K 16% (85th) · BB 12% (87th) · chase 24% (85th) · bat speed 68.7 mph (10th) · sprint 24.7 (3rd),"{""n"":20,""b"":1,""c"":[[""Jurickson Profar"",2023,30,0.85,1.09,727,1],[""Carson Kelly"",2022,28,0.89,0.87,132,0],[""Rowdy Tellez"",2024,29,0.88,0.95,297,0],[""Ty France"",2022,28,0.97,0.87,578,0],[""Mauricio Dub\u00f3n"",2024,30,0.86,0.82,328,0]]}",0.8613658010604912,-0.026285818839922398,0.8613658010604912,332.0,0.945,286.0,517.0,233,411,FA,516.0,495.0,-230.0,-209.0,let go,False,173
657041,Lane Thomas,2026,1995-08-23,OF,R,multi,118,374,326,73,19,0,11,37,40,44,2,9,3,93,2,43,2,0,6,0,0,0,0,0,115,7,30.0,374.0,24.9,11.8,0.224,0.383,0.318,0.159,0.277,0.238,0.365,0.313,0.311,0.331,0.127,0.361,0.359,-0.014,0.018,0.002,89.3,17.4,36.2,6.4,40.9,99.948774746,94.29288566,62.7,20.6,56.5,84.1,22.9,41.3,44.7,37.9,24.3,24.7,13.2,6.9,72.6,10.7,24.9,25.9,8.4,59.1,-2.0,29.1,4.38,12.0,21.0,40.0,235.0,72.2,60.7,lane thomas,multi,Lane Thomas,ATL,"LF,CF,RF,DH",440.5,259.0,444.0,437.0,358.0,30.9,3.0338983050847457,0.9572192513368984,218,OF,OF,False,259.0,223.9,2.840653659676383,134.1,0.19324464540836273,41.0,False,False,206,False,54.569703351241685,13.516704284757331,0.6194813767602456,8.882110987240727,47.511943376304934,36.98094606706975,364.07088944337465,0.9734515760518039,-6.070889443374654,-0.016232324714905433,472.0,-114.0,"{'C': 423, 'SS': 594, '2B': 592, '3B': 571, '1B': 601, 'OF': 526, 'UT': 472}",0.9572192513368984,0.43315508021390375,-5.896165998136843,43.82022471910113,24.719101123595504,14.232209737827715,19.101123595505623,29.58801498127341,14.43850267379679,17.647058823529413,70.58823529411765,-0.0020000000000000018,1.153958944281525,5,2538,-0.19673969294462657,,4,True,0.6072192513368985,,,,16.0,1.0,173.0,0.0,,100.3,2026-03-27,2026-09-07,118.0,152.0,148.0,4.0,409.0,0.797,0.0,0.0,0.15,,established,32.0,0.6,1.234,"sprint 29.1 ft/s (90th pct) · avg EV 89.3 (64th pct) · deserved 0.97/PA on contact quality, got 0.96",xwOBA 0.311 (54th) · barrels 6.4% (41st) · EV 89.3 (61st) · hard-hit 41% (60th) · K 25% (34th) · BB 12% (86th) · chase 21% (97th) · bat speed 72.6 mph (60th) · sprint 29.1 (90th),"{""n"":20,""b"":0,""c"":[[""Tommy Edman"",2025,30,0.91,0.98,326,0],[""Xander Bogaerts"",2024,32,0.93,0.98,541,0],[""Ram\u00f3n Ur\u00edas"",2025,31,0.85,0.72,72,0],[""Cedric Mullins"",2025,31,1.01,0.92,462,0],[""Hunter Renfroe"",2024,32,0.92,0.56,60,0]]}",0.9639156274428067,-0.03573509974786369,0.9639156274428067,297.0,0.92,286.0,578.0,233,170,FA,516.0,495.0,-230.0,-209.0,let go,False,174
681393,Connor Norby,2026,2000-06-08,2B,R,multi,105,383,329,80,23,0,7,36,34,40,11,10,3,108,3,50,7,0,0,0,47,27,21,0,0,14,26.0,383.0,28.2,10.4,0.243,0.377,0.342,0.134,0.336,0.22,0.367,0.323,0.31,0.323,0.147,0.392,0.369,0.023,0.01,0.013,87.4,18.8,35.3,7.6,36.2,97.877602857,93.052188969,75.4,28.1,46.8,80.9,29.0,50.6,41.1,36.6,37.1,20.5,5.8,7.0,70.7,7.3,20.8,9.7,16.5,42.1,-1.0,28.0,4.53,26.0,24.0,30.0,224.0,85.7,64.5,connor norby,multi,Connor Norby,COL,"1B,2B,3B,DH",387.0,235.0,383.0,391.0,348.0,26.1,3.3142857142857145,0.9086161879895561,221,1B/2B/3B,1B/2B/3B,False,235.0,340.5483870967742,3.0867599025400003,7.451612903225794,0.22752581174571418,14.0,False,False,206,False,43.66719430735414,18.50134093165739,0.7727352146228065,9.438729546365668,46.501945088793974,40.58546299769356,354.2104080864875,0.9248313527062337,-6.210408086487519,-0.01621516471667761,472.0,-124.0,"{'C': 423, 'SS': 594, '2B': 592, '3B': 571, '1B': 601, 'OF': 526, 'UT': 472}",0.9086161879895561,0.35509138381201044,-6.177028774607815,22.47191011235955,7.116104868913857,11.610486891385769,15.35580524344569,10.86142322097378,15.665796344647518,10.966057441253264,62.66318537859007,-0.013000000000000012,0.9317507418397626,2,914,-0.023134553850206463,0.9317507418397626,1,False,-0.023134553850206463,1.5,-1.8000000000000007,1.4000000000000057,0.0,0.0,78.0,0.0,,46.8,2026-03-27,2026-09-27,105.0,123.0,123.0,0.0,504.0,0.854,0.0,0.0,0.15,,established,43.2,3.3,1.012,"26 years old, an age that jumps 4% of the time · deserved 0.92/PA on contact quality, got 0.91 · sprint 28.0 ft/s (65th pct) · bat speed up 1.4 mph",xwOBA 0.310 (53rd) · barrels 7.6% (52nd) · EV 87.4 (30th) · hard-hit 36% (37th) · K 28% (19th) · BB 10% (72nd) · chase 28% (65th) · bat speed 70.7 mph (31st) · sprint 28.0 (63rd),"{""n"":20,""b"":0,""c"":[[""Josh Jung"",2024,26,0.93,0.89,457,0],[""Gavin Lux"",2024,27,0.9,0.89,447,0],[""JJ Bleday"",2023,26,0.88,0.95,609,0],[""DJ Stewart"",2021,28,0.87,0.0,0,0],[""Alex Kirilloff"",2023,26,0.98,0.85,151,0]]}",0.9189733899305197,-0.012888640320029626,0.9189733899305197,311.0,0.963,286.0,551.0,233,292,FA,516.0,495.0,-230.0,-209.0,let go,False,175
669242,Tommy Edman,2026,1995-05-09,2B,S,Los Angeles Dodgers,84,331,291,72,12,2,8,44,42,22,14,7,3,67,1,50,3,0,1,0,0,53,7,1,32,1,31.0,331.0,20.2,6.6,0.247,0.385,0.329,0.138,0.295,0.24,0.347,0.32,0.303,0.324,0.107,0.352,0.329,0.007,0.038,0.017,87.3,13.1,29.4,5.3,32.0,98.478885179,93.248303304,64.5,30.4,51.0,91.0,23.0,46.4,42.1,45.6,28.5,20.2,5.7,7.0,70.8,10.4,25.3,14.3,9.7,58.7,6.0,28.0,4.32,14.0,25.0,33.0,228.0,69.2,61.6,tommy edman,LAD,Tommy Edman,LAD,"2B,3B,LF,CF",326.8,201.0,342.0,351.0,326.0,31.1,3.880952380952381,0.9848942598187311,236,2B/OF,2B/OF,False,201.0,377.19354838709677,3.1811021036719445,-51.19354838709677,0.6998502772804365,-35.0,False,False,237,False,52.891856612778895,9.322871967367565,1.0616862269281833,6.563585192925358,38.53727287462348,32.00121912103414,297.35549199565764,0.8983549607119566,28.644508004342356,0.08653929910677449,472.0,-146.0,"{'C': 423, 'SS': 594, '2B': 592, '3B': 571, '1B': 601, 'OF': 526, 'UT': 472}",0.9848942598187311,0.48338368580060426,-5.272019277758076,54.30711610486891,42.32209737827715,19.850187265917604,11.985018726591761,34.456928838951306,12.688821752265861,14.501510574018127,39.87915407854985,-0.017000000000000015,1.0746031746031746,5,2710,-0.08970891478444343,1.0746031746031746,4,True,-0.08970891478444343,4.0,0.7999999999999998,0.7000000000000028,85.0,1.0,282.0,0.0,,159.7,2026-06-17,2026-09-27,84.0,89.0,89.0,0.0,602.0,0.944,83.0,1.0,0.15,,established,29.0,0.3,1.155,"sprint 28.0 ft/s (65th pct) · 0.98/PA this year against 1.07 at his best, two steps to clear · only 331 PA, and a breakout needs 350 next year",xwOBA 0.303 (45th) · barrels 5.3% (31st) · EV 87.3 (28th) · hard-hit 32% (21st) · K 20% (65th) · BB 7% (27th) · chase 30% (49th) · bat speed 70.8 mph (32nd) · sprint 28.0 (63rd),"{""n"":20,""b"":0,""c"":[[""Myles Straw"",2025,31,1.06,0.9,297,0],[""Cedric Mullins"",2025,31,1.01,0.92,462,0],[""Jake Cronenworth"",2025,31,0.9,0.84,358,0],[""Andrew Benintendi"",2025,31,0.95,0.97,456,0],[""Xander Bogaerts"",2024,32,0.93,0.98,541,0]]}",0.9267009721102865,-0.03573509974786369,0.9267009721102865,308.0,0.872,285.0,556.0,237,268,FA,516.0,495.0,-231.0,-210.0,let go,False,176
683734,Andrew Vaughn,2026,1998-04-03,1B,R,Milwaukee Brewers,104,331,288,88,18,2,6,33,43,35,6,0,0,53,2,62,4,0,0,0,75,0,14,0,0,4,28.0,331.0,16.0,10.6,0.306,0.444,0.39,0.138,0.355,0.264,0.38,0.368,0.329,0.351,0.116,0.394,0.342,0.042,0.064,0.039,90.1,11.3,30.4,5.1,43.5,99.521519328,94.307560675,55.4,23.5,65.5,87.7,19.5,38.3,32.1,45.1,24.1,24.9,5.9,7.2,70.5,11.6,34.0,13.0,7.8,50.8,14.0,25.8,4.76,13.0,35.0,39.0,237.0,65.1,55.3,andrew vaughn,MIL,Andrew Vaughn,MIL,"1B,3B",269.0,164.0,274.0,243.0,329.0,28.2,3.1634615384615383,0.9939577039274925,231,1B/3B,1B,False,164.0,425.5,3.6601307189542482,-96.5,-0.4966691804927099,-67.0,False,False,237,True,56.67455268211212,11.762610430388419,1.1391210928868143,6.45571579461265,35.92462923877652,34.980865616511224,293.37749485528775,0.886336842463105,35.62250514471225,0.10762086146438754,472.0,-143.0,"{'C': 423, 'SS': 594, '2B': 592, '3B': 571, '1B': 601, 'OF': 526, 'UT': 472}",0.9939577039274925,0.5619335347432024,-5.5028163467369255,56.17977528089888,74.53183520599251,17.60299625468165,-18.352059925093627,38.57677902621723,0.0,10.876132930513597,63.4441087613293,-0.03899999999999998,0.9939577039274925,6,3036,0.0,0.9567567567567568,5,True,0.03720094717073574,-1.8999999999999986,-6.9,-0.09999999999999432,39.0,2.0,39.0,0.0,,39.0,2026-03-26,2026-09-19,104.0,164.0,128.0,36.0,419.0,0.812,0.0,0.0,0.15,,established,31.0,0.4,1.074,"0.99/PA is his best rate yet, so the bar is one step up · avg EV 90.1 (77th pct) · only 331 PA, and a breakout needs 350 next year",xwOBA 0.329 (73rd) · barrels 5.1% (30th) · EV 90.1 (74th) · hard-hit 44% (74th) · K 16% (86th) · BB 11% (76th) · chase 24% (89th) · bat speed 70.5 mph (29th) · sprint 25.8 (13th),"{""n"":20,""b"":0,""c"":[[""Dominic Smith"",2025,30,1.0,0.94,282,0],[""Alec Bohm"",2025,29,0.93,0.88,553,0],[""Alex Bregman"",2025,31,1.01,1.02,719,0],[""Carlos Correa"",2024,30,1.12,0.88,513,0],[""Nathaniel Lowe"",2024,29,0.94,0.88,537,0]]}",0.8645786094952636,-0.016978344977301236,0.8645786094952636,330.0,0.969,285.0,519.0,237,406,FA,516.0,495.0,-231.0,-210.0,let go,False,177
683011,Anthony Volpe,2026,2001-04-28,SS,R,New York Yankees,70,246,220,54,12,1,2,24,28,25,0,12,4,56,1,39,6,0,0,0,0,12,1,57,0,0,25.0,246.0,22.8,10.2,0.245,0.336,0.321,0.091,0.319,0.232,0.334,0.297,0.291,0.311,0.103,0.337,0.328,0.013,0.002,0.006,87.9,12.6,33.3,4.9,37.0,98.213619268,93.220690982,66.5,25.7,53.5,83.2,25.2,45.9,32.7,43.0,23.0,27.3,6.7,7.1,70.9,9.4,24.9,14.0,9.8,56.4,-5.0,28.3,4.35,8.0,18.0,28.0,165.0,76.9,64.6,anthony volpe,NYY,Anthony Volpe,NYY,SS,327.2,202.0,357.0,360.0,235.0,25.2,3.357142857142857,0.9552845528455285,303,SS,SS,False,202.0,376.0,3.1811021036719445,-141.0,0.17604075347091275,-101.0,False,False,255,True,37.768207400154274,8.229741171214927,0.6958954571073116,4.346155971523483,28.700470324744835,23.18249587883915,231.62296620358399,0.9415567731853007,3.377033796416015,0.013727779660227757,472.0,-237.0,"{'C': 423, 'SS': 594, '2B': 592, '3B': 571, '1B': 601, 'OF': 526, 'UT': 472}",0.9552845528455285,0.4349593495934959,-7.490267460849762,,,,,,29.26829268292683,4.878048780487806,60.97560975609756,-0.006000000000000005,0.9552845528455285,4,2132,0.0,0.9448476052249637,3,True,0.010436947620564796,-2.3999999999999986,-5.6,-1.6999999999999886,186.0,1.0,186.0,0.0,,186.0,2026-05-13,2026-09-25,70.0,123.0,70.0,53.0,569.0,1.0,49.0,1.0,0.15,,established,43.9,1.2,1.035,"0.96/PA is his best rate yet, so the bar is one step up · 25 years old, an age that jumps 5% of the time · sprint 28.3 ft/s (74th pct)",xwOBA 0.291 (30th) · barrels 4.9% (28th) · EV 87.9 (39th) · hard-hit 37% (42nd) · K 23% (49th) · BB 10% (69th) · chase 26% (78th) · bat speed 70.9 mph (33rd) · sprint 28.3 (72nd),"{""n"":20,""b"":0,""c"":[[""Spencer Torkelson"",2024,25,0.83,0.98,634,0],[""Connor Norby"",2025,25,0.93,0.91,348,0],[""Oswaldo Cabrera"",2024,25,0.9,0.78,95,0],[""Kyle Isbel"",2024,27,0.93,0.83,341,0],[""Owen Miller"",2023,27,0.94,0.59,16,0]]}",0.9532626540154543,-0.012779447936574123,0.9532626540154543,299.0,0.851,285.0,572.0,237,194,FA,516.0,495.0,-231.0,-210.0,let go,False,178
694203,Denzer Guzman,2026,2004-02-08,3B,R,Los Angeles Angels,87,304,283,62,9,0,8,33,33,17,1,2,1,78,0,45,9,0,0,0,0,0,84,2,0,0,22.0,304.0,25.7,5.6,0.219,0.336,0.266,0.117,0.274,0.225,0.327,0.267,0.265,0.272,0.102,0.331,0.328,-0.006,0.009,0.002,86.7,10.8,34.3,4.8,34.8,98.32811,93.190886195,73.4,33.6,59.1,79.6,27.0,53.3,43.5,45.9,22.2,25.1,6.8,8.0,74.4,9.4,18.2,45.6,6.1,41.1,-12.0,27.6,4.49,9.0,24.0,29.0,207.0,89.3,64.8,denzer guzman,LAA,,,,,,,,238.0,22.4,2.735632183908046,0.7828947368421053,302,3B/SS,3B,True,339.0,172.67,2.396692273871662,65.33000000000001,0.3389399100363839,37.0,False,False,255,False,48.28425384454017,8.398783175018504,0.5086721163424912,6.483290864098837,31.75065958572543,29.58899280445168,232.55565239017713,0.7649856986518985,5.44434760982287,0.01790903819020684,472.0,-234.0,"{'C': 423, 'SS': 594, '2B': 592, '3B': 571, '1B': 601, 'OF': 526, 'UT': 472}",0.7828947368421053,0.3355263157894737,-7.549880234409163,2.247191011235955,4.49438202247191,2.9962546816479403,-2.247191011235955,-0.7490636704119851,3.9473684210526314,15.789473684210526,33.55263157894737,-0.0020000000000000018,0.7828947368421053,1,347,0.0,,0,False,0.43289473684210533,,,,0.0,0.0,0.0,0.0,,0.0,2026-06-08,2026-09-27,87.0,96.0,96.0,0.0,513.0,0.906,74.0,1.0,0.15,,young / establishing,54.2,6.5,0.863,"22 years old, an age that jumps 18% of the time · 347 career PA, still new · got 0.78/PA but deserved 0.76",xwOBA 0.265 (10th) · barrels 4.8% (26th) · EV 86.7 (19th) · hard-hit 35% (31st) · K 26% (29th) · BB 6% (17th) · chase 34% (31st) · bat speed 74.4 mph (83rd) · sprint 27.6 (52nd),"{""n"":20,""b"":2,""c"":[[""Rodolfo Castro"",2022,23,0.88,0.72,184,0],[""Max Muncy"",2025,23,0.76,0.88,250,0],[""Ezequiel Duran"",2022,23,0.86,1.0,440,0],[""Oswaldo Cabrera"",2023,24,0.8,0.9,293,0],[""Brett Wisely"",2024,25,0.81,0.79,50,0]]}",0.9055697214664961,0.009942511913038151,0.9055697214664961,313.0,1.0,283.0,543.0,240,330,FA,516.0,495.0,-233.0,-212.0,let go,False,179
641487,J.P. Crawford,2026,1995-01-11,SS,L,Seattle Mariners,116,489,412,91,12,0,14,54,40,64,8,1,3,97,3,65,11,0,0,0,0,0,33,85,0,1,31.0,489.0,19.8,13.1,0.221,0.352,0.335,0.131,0.253,0.234,0.359,0.312,0.319,0.345,0.125,0.32,0.33,-0.013,-0.007,-0.007,87.7,13.6,32.8,6.3,34.7,97.972608726,93.060590096,56.3,19.7,66.7,88.3,17.2,38.2,37.5,47.5,22.5,20.9,9.1,7.4,71.3,9.0,28.8,17.8,7.0,45.8,-2.0,26.2,4.59,18.0,39.0,34.0,320.0,72.7,59.6,jp crawford,SEA,J.P. Crawford,SEA,"3B,SS",312.0,192.0,395.0,328.0,394.0,31.5,3.396551724137931,0.8057259713701431,196,3B/SS,3B/SS,False,192.0,377.19354838709677,3.1811021036719445,16.80645161290323,0.2154496204659866,-4.0,False,False,171,False,69.8337821058551,13.73206454283746,0.7585245967598152,12.083628754547638,53.886593962745835,51.61083017990015,413.813424142646,0.8462442211506053,-19.813424142646,-0.040518249780462146,472.0,-78.0,"{'C': 423, 'SS': 594, '2B': 592, '3B': 571, '1B': 601, 'OF': 526, 'UT': 472}",0.8057259713701431,0.4233128834355828,-5.577662084685759,2.6217228464419478,22.846441947565545,17.228464419475657,-20.224719101123597,-14.606741573033709,1.2269938650306749,17.177914110429448,78.52760736196319,0.007000000000000006,0.9811912225705329,6,3522,-0.1754652512003898,0.9811912225705329,5,True,-0.1754652512003898,1.1000000000000014,1.3999999999999995,0.29999999999999716,41.0,3.0,102.0,0.0,,59.3,2026-04-03,2026-09-27,116.0,155.0,124.0,31.0,639.0,0.935,8.0,0.0,0.15,,established,29.9,0.6,1.061,"489 PA, already has the job · deserved 0.85/PA on contact quality, got 0.81 · avg EV 87.7 (38th pct)",xwOBA 0.319 (64th) · barrels 6.3% (39th) · EV 87.7 (35th) · hard-hit 35% (31st) · K 20% (67th) · BB 13% (92nd) · chase 20% (98th) · bat speed 71.3 mph (38th) · sprint 26.2 (20th),"{""n"":20,""b"":0,""c"":[[""Ty France"",2025,31,0.86,1.07,533,0],[""Ty France"",2024,30,0.81,0.86,419,0],[""Nathaniel Lowe"",2025,30,0.88,0.94,403,0],[""Xander Bogaerts"",2024,32,0.93,0.98,541,0],[""Andrew Benintendi"",2024,30,0.89,0.95,447,0]]}",0.8262895518079353,-0.035407766755750046,0.8262895518079353,342.0,0.953,283.0,496.0,240,448,FA,516.0,495.0,-233.0,-212.0,let go,False,180
686681,Michael Massey,2026,1998-03-22,2B,L,Kansas City Royals,131,452,423,116,25,1,13,49,50,21,0,3,0,75,5,77,5,0,0,0,0,126,2,0,4,1,28.0,452.0,16.6,4.6,0.274,0.43,0.305,0.156,0.303,0.257,0.414,0.318,0.307,0.292,0.157,0.363,0.349,0.017,0.016,0.011,89.3,15.6,36.5,6.2,39.0,98.938369885,93.697569454,68.9,38.8,67.9,88.0,19.5,53.5,50.0,39.6,29.8,26.1,4.5,7.1,71.9,10.7,28.7,13.0,15.7,59.4,-1.0,26.7,4.49,20.0,36.0,60.0,356.0,75.4,62.4,michael massey,KC,,,,,,,,422.0,28.3,3.2213740458015265,0.9336283185840708,182,2B,2B,True,339.0,172.67,2.396692273871662,249.33,0.8246817719298645,157.0,False,False,167,False,71.21102358097582,22.359999996077548,1.3689292649174638,13.771047158029173,50.42952725077698,52.41696100869212,411.6794882594691,0.910795328007675,10.32051174053089,0.022832990576395762,472.0,-50.0,"{'C': 423, 'SS': 594, '2B': 592, '3B': 571, '1B': 601, 'OF': 526, 'UT': 472}",0.9336283185840708,0.5088495575221239,-3.5378428958265777,34.45692883895131,52.80898876404494,37.07865168539326,-18.352059925093627,-2.6217228464419478,3.982300884955752,17.256637168141594,27.876106194690266,-0.01100000000000001,0.9634831460674157,4,1740,-0.029854827483344892,0.9634831460674157,3,False,-0.029854827483344892,1.1000000000000014,2.2,1.8000000000000114,18.0,2.0,148.0,0.0,,79.8,2026-04-06,2026-09-26,131.0,153.0,146.0,7.0,502.0,0.897,10.0,0.0,0.15,,established,30.4,6.5,1.043,"452 PA, already has the job · avg EV 89.3 (64th pct) · 0.93/PA is his best rate yet, so the bar is one step up · barrel rate up 2.2 pts on last year · bat speed up 1.8 mph",xwOBA 0.307 (49th) · barrels 6.2% (38th) · EV 89.3 (61st) · hard-hit 39% (53rd) · K 17% (83rd) · BB 5% (9th) · chase 39% (10th) · bat speed 71.9 mph (48th) · sprint 26.7 (29th),"{""n"":20,""b"":1,""c"":[[""Ha-Seong Kim"",2024,29,0.99,0.9,171,0],[""Gavin Sheets"",2025,29,0.96,0.92,384,0],[""Isiah Kiner-Falefa"",2023,28,0.94,0.91,450,0],[""Bryson Stott"",2025,28,1.03,1.04,632,0],[""Alex Bregman"",2024,30,0.97,1.01,498,0]]}",0.9316930278335407,-0.016978344977301236,0.9316930278335407,304.0,0.936,283.0,559.0,240,253,FA,516.0,495.0,-233.0,-212.0,let go,False,181
686668,Brenton Doyle,2026,1998-05-14,OF,R,multi,87,223,210,49,7,1,6,35,16,12,0,14,4,73,0,35,0,0,1,0,0,0,0,0,83,1,28.0,223.0,32.7,5.4,0.233,0.362,0.275,0.129,0.328,0.203,0.307,0.28,0.245,0.247,0.104,0.393,0.337,0.03,0.055,0.035,89.1,8.6,26.8,6.7,35.5,99.562287273,93.941207348,74.0,34.9,36.3,82.2,32.5,54.5,37.0,50.7,25.4,21.0,2.9,7.4,72.6,9.4,21.4,20.1,13.1,58.4,-7.0,29.2,4.32,7.0,25.0,17.0,138.0,83.3,64.6,brenton doyle,multi,Brenton Doyle,CWS,CF,211.6,127.0,154.0,236.0,232.0,28.1,2.6666666666666665,1.0403587443946187,307,OF,OF,False,127.0,449.0,3.7174234694899297,-217.0,-1.0507568028232632,-180.0,False,False,257,True,30.942282304417233,6.2994842373217494,0.6241846121048001,4.764048846156217,25.061568359420722,20.58724344544532,208.74881180486605,0.93609332647922,23.25118819513395,0.10426541791539878,472.0,-240.0,"{'C': 423, 'SS': 594, '2B': 592, '3B': 571, '1B': 601, 'OF': 526, 'UT': 472}",1.0403587443946187,0.35874439461883406,-7.03306264963977,,,,,,37.66816143497758,16.143497757847534,32.28699551569507,-0.03500000000000003,1.1409618573797677,4,1795,-0.10060311298514901,1.1409618573797677,3,True,-0.10060311298514901,7.0000000000000036,-4.2,1.8999999999999915,71.0,1.0,71.0,0.0,,71.0,2026-03-27,2026-09-27,87.0,164.0,104.0,60.0,347.0,0.837,0.0,0.0,0.15,,established,29.2,0.7,1.221,"sprint 29.2 ft/s (92nd pct) · avg EV 89.1 (59th pct) · 1.04/PA this year against 1.14 at his best, two steps to clear · bat speed up 1.9 mph",xwOBA 0.245 (3rd) · barrels 6.7% (44th) · EV 89.1 (56th) · hard-hit 36% (34th) · K 33% (5th) · BB 5% (15th) · chase 35% (24th) · bat speed 72.6 mph (60th) · sprint 29.2 (91st),"{""n"":20,""b"":0,""c"":[[""Blake Perkins"",2025,29,1.0,0.83,84,0],[""Ryan McKenna"",2023,26,1.05,1.47,22,0],[""Taylor Walls"",2025,29,0.91,0.9,390,0],[""David Hamilton"",2025,28,1.1,1.0,386,0],[""JJ Bleday"",2025,28,0.92,0.95,518,0]]}",0.9581193788480228,-0.016978344977301236,0.9581193788480228,295.0,0.943,283.0,575.0,240,182,FA,516.0,495.0,-233.0,-212.0,let go,False,182
800325,Luis Lara,2026,2004-11-17,OF,S,Milwaukee Brewers,61,212,191,47,8,2,1,25,26,18,1,3,2,46,2,36,0,0,2,0,0,0,0,0,67,0,21.0,212.0,21.7,8.5,0.246,0.325,0.311,0.079,0.315,0.256,0.331,0.286,0.293,0.321,0.075,0.322,0.332,-0.01,-0.006,-0.007,88.0,5.3,34.7,3.4,41.5,98.840899189,93.57850966,61.9,24.7,71.6,88.2,17.0,42.1,30.6,51.0,15.0,29.9,4.1,6.9,71.4,11.2,28.0,16.8,1.1,28.5,-7.0,28.4,4.26,3.0,17.0,27.0,147.0,68.6,61.8,luis lara,MIL,,,,,,,,192.0,21.6,3.1475409836065573,0.9056603773584906,347,OF,OF,True,339.0,172.67,2.396692273871662,19.330000000000013,0.7508487097348953,-8.0,False,False,280,False,40.67860643999794,4.850694593899491,0.6257914922071911,2.740907473895376,24.174215149328287,18.684067266586506,186.9752824159148,0.8819588793203528,5.024717584085209,0.023701498038137814,472.0,-280.0,"{'C': 423, 'SS': 594, '2B': 592, '3B': 571, '1B': 601, 'OF': 526, 'UT': 472}",0.9056603773584906,0.41509433962264153,-8.484253305897914,,,,,,8.49056603773585,2.830188679245283,50.94339622641509,0.007000000000000006,0.9056603773584906,1,212,0.0,,0,False,0.5556603773584906,,,,0.0,0.0,0.0,0.0,,0.0,2026-07-07,2026-09-26,61.0,74.0,74.0,0.0,464.0,0.824,103.0,1.0,0.15,,young / establishing,55.4,14.7,0.986,"22 years old, an age that jumps 18% of the time · sprint 28.4 ft/s (77th pct) · avg EV 88.0 (42nd pct)",xwOBA 0.293 (32nd) · barrels 3.4% (15th) · EV 88.0 (40th) · hard-hit 42% (64th) · K 22% (56th) · BB 8% (50th) · chase 25% (83rd) · bat speed 71.4 mph (40th) · sprint 28.4 (76th),"{""n"":20,""b"":3,""c"":[[""Andr\u00e9s Gim\u00e9nez"",2021,23,0.9,1.11,620,1],[""Luis Garc\u00eda Jr."",2021,21,0.83,0.86,325,0],[""Rodolfo Castro"",2022,23,0.88,0.72,184,0],[""Evan Carter"",2024,22,0.9,1.15,252,0],[""Miguel Vargas"",2023,24,0.85,0.68,160,0]]}",0.9427480823359548,0.009942511913038151,0.9427480823359548,297.0,1.0,280.0,566.0,243,227,FA,516.0,495.0,-236.0,-215.0,let go,False,183
665052,Griffin Conine,2026,1997-07-11,OF,L,Miami Marlins,94,323,284,75,8,0,19,45,43,34,5,4,0,95,0,48,0,0,0,0,20,0,0,0,59,18,28.0,323.0,29.4,10.5,0.264,0.493,0.353,0.229,0.329,0.259,0.505,0.369,0.369,0.349,0.246,0.485,0.483,0.005,-0.012,0.0,91.1,12.6,39.7,16.4,49.2,103.402180421,96.406974974,68.3,33.3,41.9,75.5,37.2,48.9,41.8,41.8,27.0,23.3,7.9,7.5,74.1,13.9,22.3,42.5,13.4,51.6,15.0,26.8,4.45,20.0,24.0,31.0,189.0,74.1,59.4,griffin conine,MIA,,,,,,,,354.0,29.0,3.765957446808511,1.0959752321981424,220,1B/OF,1B/OF,True,339.0,172.67,2.396692273871662,181.33,1.3692651729368488,119.0,False,False,206,False,39.85774055068181,15.141632017418141,0.9475143131182554,17.60911311878179,43.35252816969313,44.8036123415663,356.1321405112595,1.102576286412568,-2.132140511259479,-0.0066010542144256945,472.0,-118.0,"{'C': 423, 'SS': 594, '2B': 592, '3B': 571, '1B': 601, 'OF': 526, 'UT': 472}",1.0959752321981424,0.5294117647058824,-3.824288372921565,85.39325842696628,61.04868913857678,34.08239700374532,24.3445692883895,51.31086142322096,7.430340557275542,35.294117647058826,63.1578947368421,0.0,1.0959752321981424,1,498,0.0,,0,False,0.7459752321981424,,,,72.0,1.0,233.0,0.0,Left hamstring strain,168.6,2026-03-27,2026-09-27,94.0,162.0,97.0,65.0,539.0,0.969,0.0,0.0,0.15,,established,36.3,3.3,1.176,"avg EV 91.1 (88th pct) · 498 career PA, still new · deserved 1.10/PA on contact quality, got 1.10",xwOBA 0.369 (95th) · barrels 16.4% (98th) · EV 91.1 (87th) · hard-hit 49% (92nd) · K 29% (15th) · BB 10% (74th) · chase 33% (32nd) · bat speed 74.1 mph (80th) · sprint 26.8 (31st),"{""n"":20,""b"":1,""c"":[[""Rhys Hoskins"",2021,28,1.12,0.97,649,0],[""Mitch Garver"",2021,30,1.1,0.9,193,0],[""Eric Haase"",2021,28,1.06,1.01,356,0],[""Kyle Schwarber"",2021,28,1.17,1.1,736,0],[""Garrett Cooper"",2021,30,1.05,0.88,415,0]]}",0.9553639932260607,-0.026285818839922398,0.9553639932260607,289.0,0.865,276.0,573.0,244,189,FA,516.0,495.0,-240.0,-219.0,let go,False,184
656305,Matt Chapman,2026,1993-04-28,3B,R,San Francisco Giants,84,352,307,72,18,1,7,35,42,37,5,0,2,81,3,46,9,0,0,0,0,0,83,0,0,1,33.0,352.0,23.0,10.5,0.235,0.368,0.324,0.133,0.293,0.21,0.319,0.309,0.286,0.305,0.11,0.348,0.313,0.025,0.049,0.023,88.2,11.3,25.3,6.6,35.8,99.903629381,94.013173319,62.9,26.4,58.7,84.6,23.1,44.5,39.3,45.4,20.5,21.8,12.2,7.4,76.1,10.3,17.0,61.1,3.6,43.0,-2.0,28.1,4.44,13.0,26.0,32.0,229.0,70.3,61.3,matt chapman,SF,Matt Chapman,SF,3B,126.0,80.0,152.0,103.0,295.0,33.2,3.511904761904762,0.8380681818181818,266,3B,3B,False,80.0,560.7627118644068,4.015944775657477,-265.7627118644068,-0.5040400137527152,-186.0,False,False,250,True,45.07308950765309,11.786590345709126,0.8475507856224758,6.762769361015309,39.508254253859064,33.797709808306934,269.01596406216595,0.7642498979038805,25.98403593783405,0.07381828391430123,472.0,-177.0,"{'C': 423, 'SS': 594, '2B': 592, '3B': 571, '1B': 601, 'OF': 526, 'UT': 472}",0.8380681818181818,0.4147727272727273,-6.9248158123987045,7.116104868913857,18.726591760299627,6.741573033707865,-11.610486891385769,0.37453183520599254,0.0,11.931818181818182,63.06818181818182,-0.02300000000000002,1.0571870170015456,6,3358,-0.21911883518336384,1.0571870170015456,5,True,-0.21911883518336384,-0.6000000000000014,-3.3000000000000007,1.1999999999999886,88.0,1.0,121.0,0.0,Abdominal strain,107.8,2026-03-25,2026-06-30,84.0,94.0,88.0,6.0,648.0,0.955,0.0,0.0,0.15,,established,32.3,0.2,1.137,"sprint 28.1 ft/s (68th pct) · got 0.84/PA but deserved 0.76 · 0.84/PA this year against 1.06 at his best, two steps to clear · bat speed up 1.2 mph",xwOBA 0.286 (26th) · barrels 6.6% (43rd) · EV 88.2 (44th) · hard-hit 36% (36th) · K 23% (48th) · BB 10% (74th) · chase 26% (74th) · bat speed 76.1 mph (94th) · sprint 28.1 (67th),"{""n"":20,""b"":0,""c"":[[""Jake Cronenworth"",2025,31,0.9,0.84,358,0],[""Hunter Renfroe"",2024,32,0.92,0.56,60,0],[""Mark Canha"",2024,35,0.87,0.63,79,0],[""Javier B\u00e1ez"",2025,33,0.94,0.83,163,0],[""Xander Bogaerts"",2024,32,0.93,0.98,541,0]]}",0.9008789487957974,-0.04921542158677408,0.9008789487957974,304.0,0.868,274.0,541.0,246,337,FA,516.0,495.0,-242.0,-221.0,let go,False,185
691019,Kyle Teel,2026,2002-02-15,C,L,Chicago White Sox,39,144,119,25,3,0,5,21,26,19,4,0,0,51,1,17,0,9,0,38,0,0,0,0,0,1,24.0,144.0,35.4,13.2,0.21,0.361,0.336,0.151,0.313,0.211,0.375,0.317,0.321,0.337,0.165,0.423,0.431,-0.001,-0.014,-0.004,85.7,13.6,41.4,11.4,47.1,100.879383824,94.639000588,64.4,31.3,45.5,76.8,35.6,45.4,40.0,38.6,30.0,27.1,4.3,6.9,72.1,8.1,16.1,29.0,12.9,40.3,2.0,27.1,4.52,7.0,7.0,11.0,70.0,53.8,63.2,kyle teel,CWS,Kyle Teel,CWS,C,263.6,161.0,197.0,293.0,156.0,24.4,4.0,1.0833333333333333,380,C,C,False,161.0,425.5,3.7076163798852875,-269.5,0.29238362011471253,-219.0,False,False,339,True,14.854166380985665,5.36351219445203,0.4024764681389389,4.488844956423364,17.15517979993975,16.232783645611157,144.2409634455509,1.0016733572607701,11.759036554449096,0.08165997607256315,423.0,-267.0,"{'C': 423, 'SS': 594, '2B': 592, '3B': 571, '1B': 601, 'OF': 526, 'UT': 472}",1.0833333333333333,0.4027777777777778,-8.840194966938427,,,,,,0.0,20.833333333333336,79.16666666666667,0.0040000000000000036,,1,441,,1.0505050505050506,1,False,0.03282828282828265,9.5,1.8000000000000007,2.6999999999999886,134.0,2.0,134.0,1.0,Right hamstrain strain; Left ankle sprain,134.0,2026-06-22,2026-09-26,39.0,86.0,43.0,43.0,543.0,0.907,88.0,1.0,0.15,,young / establishing,32.8,2.5,1.163,"24 years old, an age that jumps 8% of the time · 441 career PA, still new · sprint 27.1 ft/s (40th pct) · bat speed up 2.7 mph",xwOBA 0.321 (65th) · barrels 11.4% (82nd) · EV 85.7 (10th) · hard-hit 47% (87th) · K 35% (2nd) · BB 13% (93rd) · chase 31% (44th) · bat speed 72.1 mph (52nd) · sprint 27.1 (39th),"{""n"":20,""b"":0,""c"":[[""Kerry Carpenter"",2022,25,1.0,1.1,503,0],[""Jared Triolo"",2023,25,1.05,0.82,364,0],[""Drew Waters"",2022,24,1.07,1.02,344,0],[""Esteury Ruiz"",2024,25,1.08,1.22,28,0],[""Jhonkensy Noel"",2024,23,1.02,0.73,112,0]]}",0.9801961366408741,0.00019966633770723946,0.9801961366408741,280.0,0.893,274.0,588.0,246,128,FA,516.0,495.0,-242.0,-221.0,let go,False,186
678554,Curtis Mead,2026,2000-10-26,3B,R,multi,88,329,285,72,17,1,17,49,48,39,5,6,2,63,0,37,8,0,0,0,34,7,48,0,0,5,25.0,329.0,19.1,11.9,0.253,0.498,0.353,0.245,0.268,0.259,0.457,0.37,0.358,0.359,0.198,0.409,0.392,-0.006,0.041,0.012,88.0,15.8,35.6,10.9,42.3,100.226240455,94.227892192,57.8,25.1,66.1,89.6,18.1,40.6,46.8,37.4,30.6,23.4,8.6,7.1,72.6,12.8,25.3,27.3,5.5,45.9,13.0,27.0,4.67,24.0,21.0,26.0,222.0,62.6,64.4,curtis mead,multi,,,,,,,,365.0,25.7,4.1477272727272725,1.1094224924012157,216,1B/3B,1B/3B,True,339.0,172.67,2.396692273871662,192.33,1.7510349988556104,123.0,False,False,205,False,44.40516220171638,15.334327182145055,1.1308590305607509,12.944651585577812,42.711802906981035,40.90586060774431,341.67766351472534,1.0385339316557,23.32233648527466,0.07088856074551564,472.0,-107.0,"{'C': 423, 'SS': 594, '2B': 592, '3B': 571, '1B': 601, 'OF': 526, 'UT': 472}",1.1094224924012157,0.6717325227963525,-3.5801133895150414,88.38951310861424,97.75280898876404,36.329588014981276,-9.363295880149806,52.05992509363296,10.94224924012158,31.003039513677813,71.12462006079028,-0.01200000000000001,1.1094224924012157,2,817,0.0,0.8068181818181818,1,False,0.30260431058303394,-4.799999999999997,6.4,-0.7000000000000028,60.0,1.0,60.0,0.0,,60.0,2026-03-31,2026-07-27,88.0,108.0,103.0,5.0,517.0,0.854,5.0,0.0,0.15,,established,33.9,3.0,1.189,"1.11/PA is his best rate yet, so the bar is one step up · 26 years old, an age that jumps 4% of the time · 817 career PA, still new · barrel rate up 6.4 pts on last year",xwOBA 0.358 (93rd) · barrels 10.9% (79th) · EV 88.0 (40th) · hard-hit 42% (69th) · K 19% (72nd) · BB 12% (87th) · chase 25% (82nd) · bat speed 72.6 mph (60th) · sprint 27.0 (36th),"{""n"":20,""b"":0,""c"":[[""Luis Rengifo"",2023,26,0.99,1.18,360,0],[""Danny Jansen"",2022,27,1.17,1.07,322,0],[""Wenceel P\u00e9rez"",2025,26,1.01,0.83,146,0],[""Noelvi Marte"",2025,24,1.07,0.81,163,0],[""Willi Castro"",2023,26,1.18,0.97,614,0]]}",0.9631196308192805,-0.012888640320029626,0.9631196308192805,284.0,0.952,274.0,578.0,246,170,GK,516.0,495.0,-242.0,-221.0,let go,False,187
666139,Josh Lowe,2026,1998-02-02,OF,L,Los Angeles Angels,114,343,311,65,11,0,12,32,29,25,3,10,1,105,2,42,2,0,6,0,0,0,0,0,116,0,28.0,343.0,30.6,7.3,0.209,0.36,0.273,0.151,0.27,0.209,0.372,0.279,0.284,0.272,0.163,0.365,0.373,0.0,-0.012,-0.005,88.8,18.8,32.9,9.0,37.1,99.069517767,93.808854293,77.7,36.0,59.8,72.0,32.2,55.9,34.3,34.8,33.8,23.3,8.1,7.5,73.6,6.7,16.3,35.5,11.6,45.0,-13.0,28.1,4.32,19.0,18.0,28.0,210.0,83.8,65.5,josh lowe,LAA,Josh Lowe,LAA,"LF,CF,RF",297.5,179.0,268.0,247.0,306.0,28.4,2.6842105263157894,0.892128279883382,254,OF,OF,False,179.0,377.19354838709677,3.1811021036719445,-71.19354838709677,-0.4968915773561551,-75.0,False,False,245,False,38.584587957101206,13.880184981613121,0.7898661654701084,11.744360895815555,40.085098332533256,38.191788431710535,326.96788676424376,0.9532591450852588,-20.967886764243758,-0.06113086520187683,472.0,-166.0,"{'C': 423, 'SS': 594, '2B': 592, '3B': 571, '1B': 601, 'OF': 526, 'UT': 472}",0.892128279883382,0.30029154518950435,-6.938396796866498,18.726591760299627,1.1235955056179776,5.992509363295881,17.60299625468165,12.734082397003746,17.49271137026239,20.99125364431487,43.73177842565598,0.004999999999999949,1.3153692614770458,4,1866,-0.42324098159366386,1.3153692614770458,3,True,-0.42324098159366386,5.5,3.0999999999999996,1.1999999999999886,0.0,0.0,95.0,0.0,,42.599999999999994,2026-03-26,2026-09-27,114.0,162.0,162.0,0.0,343.0,0.704,0.0,0.0,0.15,,established,36.7,0.9,1.395,"deserved 0.95/PA on contact quality, got 0.89 · sprint 28.1 ft/s (68th pct) · avg EV 88.8 (55th pct) · barrel rate up 3.1 pts on last year · bat speed up 1.2 mph",xwOBA 0.284 (23rd) · barrels 9.0% (65th) · EV 88.8 (53rd) · hard-hit 37% (42nd) · K 31% (12th) · BB 7% (33rd) · chase 36% (20th) · bat speed 73.6 mph (74th) · sprint 28.1 (67th),"{""n"":20,""b"":0,""c"":[[""Willi Castro"",2025,28,0.9,1.0,477,0],[""Tyler O'Neill"",2023,28,0.94,1.09,517,0],[""Javier B\u00e1ez"",2024,32,0.76,0.94,412,0],[""Chas McCormick"",2024,29,0.86,0.76,88,0],[""Luis Rengifo"",2025,28,0.82,0.84,296,0]]}",0.930622357810399,-0.016978344977301236,0.930622357810399,292.0,0.966,272.0,558.0,248,257,FA,516.0,495.0,-244.0,-223.0,let go,False,188
681481,Kerry Carpenter,2026,1997-09-02,OF,L,Detroit Tigers,81,259,231,48,5,2,13,27,36,18,5,0,0,75,3,28,0,0,2,0,0,0,0,0,49,31,28.0,259.0,29.0,6.9,0.208,0.416,0.276,0.208,0.24,0.212,0.388,0.301,0.295,0.283,0.177,0.384,0.376,-0.004,0.028,0.006,89.8,21.4,35.2,9.6,44.0,99.080080759,93.824390955,67.0,36.3,55.4,81.9,28.6,50.2,43.4,32.1,39.0,20.8,8.2,7.4,71.8,8.1,21.5,16.5,17.8,48.7,1.0,26.9,4.44,19.0,10.0,19.0,159.0,74.1,56.0,kerry carpenter,DET,Kerry Carpenter,DET,"LF,RF,DH",231.4,140.0,220.0,241.0,234.0,28.8,2.888888888888889,0.9034749034749034,304,OF,OF,False,140.0,425.5,3.7174234694899297,-191.5,-0.8285345806010409,-164.0,False,False,257,True,28.848122181087444,9.090994096579493,1.3026452635786778,9.730238458754386,29.033237562906223,30.698957053322356,225.56319461622857,0.8709003653136238,8.436805383771429,0.03257453816127964,472.0,-238.0,"{'C': 423, 'SS': 594, '2B': 592, '3B': 571, '1B': 601, 'OF': 526, 'UT': 472}",0.9034749034749034,0.3938223938223938,-7.42852253685259,,,,,,0.0,30.115830115830114,41.6988416988417,-0.006000000000000005,1.212837837837838,4,1591,-0.3093629343629345,1.212837837837838,3,False,-0.3093629343629345,6.199999999999999,-3.0,-0.10000000000000853,83.0,2.0,184.0,0.0,Left AC Joint Sprain; Left foot plantar fasciitis,120.8,2026-03-26,2026-07-26,81.0,114.0,87.0,27.0,482.0,0.931,0.0,0.0,0.15,,established,29.8,0.2,1.293,"avg EV 89.8 (72nd pct) · already 29, an age that jumps 4% of the time · sprint 26.9 ft/s (34th pct)",xwOBA 0.295 (35th) · barrels 9.6% (69th) · EV 89.8 (70th) · hard-hit 44% (78th) · K 29% (17th) · BB 7% (29th) · chase 36% (19th) · bat speed 71.8 mph (47th) · sprint 26.9 (34th),"{""n"":20,""b"":0,""c"":[[""Brandon Lowe"",2022,28,0.85,1.03,449,0],[""Jared Walsh"",2022,29,0.81,0.64,74,0],[""Josh Lowe"",2025,27,0.97,0.89,306,0],[""Austin Hays"",2024,29,0.88,1.07,445,0],[""Chas McCormick"",2024,29,0.86,0.76,88,0]]}",0.9229744313501558,-0.026285818839922398,0.9229744313501558,290.0,0.903,268.0,554.0,249,278,FA,516.0,495.0,-248.0,-227.0,let go,False,189
807713,Matt Shaw,2026,2001-11-06,OF,R,Chicago Cubs,77,202,173,41,9,3,5,25,24,21,3,4,2,35,2,24,1,0,1,0,2,14,9,0,35,16,24.0,202.0,17.3,10.4,0.237,0.41,0.327,0.173,0.267,0.231,0.353,0.325,0.303,0.322,0.121,0.341,0.31,0.006,0.057,0.022,86.8,16.7,30.8,4.2,34.3,97.547695362,92.811021022,60.8,32.5,68.1,87.2,20.1,45.7,31.5,39.9,28.7,21.7,9.8,7.1,69.7,8.3,26.9,7.4,10.5,61.8,0.0,29.0,4.31,11.0,15.0,15.0,143.0,68.5,55.9,matt shaw,CHC,Matt Shaw,CHC,"2B,3B,RF,DH",292.8,178.0,259.0,313.0,198.0,24.6,2.5714285714285716,0.9801980198019802,342,2B/3B/OF,OF,False,178.0,377.19354838709677,3.1811021036719445,-179.19354838709677,-0.6096735322433728,-164.0,False,False,280,True,28.479718697031473,6.266466149671552,0.9839116095624731,4.2329035437345,24.978235531756464,19.644993456731463,182.48222898848792,0.9033773712301382,15.517771011512082,0.07682064857184201,472.0,-274.0,"{'C': 423, 'SS': 594, '2B': 592, '3B': 571, '1B': 601, 'OF': 526, 'UT': 472}",0.9801980198019802,0.5445544554455446,-8.155302434354754,,,,,,11.881188118811881,14.851485148514852,62.37623762376237,-0.02200000000000002,0.9816933638443935,2,639,-0.0014953440424133602,0.9816933638443935,1,False,-0.0014953440424133602,-4.199999999999999,-2.8,0.10000000000000853,78.0,2.0,78.0,0.0,left-hand sprain,78.0,2026-03-26,2026-09-27,77.0,165.0,97.0,68.0,337.0,0.794,0.0,0.0,0.15,,young / establishing,27.8,3.3,1.062,"25 years old, an age that jumps 5% of the time · sprint 29.0 ft/s (89th pct) · 639 career PA, still new",xwOBA 0.303 (45th) · barrels 4.2% (22nd) · EV 86.8 (20th) · hard-hit 34% (29th) · K 17% (80th) · BB 10% (72nd) · chase 32% (36th) · bat speed 69.7 mph (20th) · sprint 29.0 (88th),"{""n"":20,""b"":2,""c"":[[""Austin Martin"",2024,25,0.94,1.04,189,0],[""Francisco Mej\u00eda"",2021,26,0.99,0.91,272,0],[""Edward Olivares"",2021,25,0.96,0.98,170,0],[""Bryan De La Cruz"",2021,24,0.94,0.97,344,0],[""Parker Meadows"",2024,25,1.01,0.83,176,0]]}",0.9686897346296668,-0.012779447936574123,0.9686897346296668,276.0,0.938,267.0,581.0,250,160,FA,516.0,495.0,-249.0,-228.0,let go,False,190
814439,Ryan Waldschmidt,2026,2002-10-07,OF,R,Arizona Diamondbacks,82,284,250,64,15,2,3,30,22,22,5,7,2,85,3,44,2,0,5,0,0,0,0,0,102,2,23.0,284.0,29.9,7.7,0.256,0.368,0.325,0.112,0.37,0.236,0.356,0.309,0.297,0.31,0.12,0.401,0.382,0.02,0.012,0.012,86.6,15.8,45.6,6.5,29.8,97.453410241,92.72670512,62.2,25.0,37.4,80.7,31.7,43.6,38.0,35.7,27.5,32.7,4.1,7.0,72.4,7.7,20.4,21.8,10.5,42.4,-1.0,29.1,4.29,13.0,16.0,35.0,171.0,72.1,64.8,ryan waldschmidt,ARI,Ryan Waldschmidt,ARI,"LF,CF,RF",729.5,297.0,960.0,499.0,264.0,23.7,3.2195121951219514,0.9295774647887324,286,OF,OF,False,297.0,172.67,2.396692273871662,91.33000000000001,0.8228199212502894,11.0,False,False,250,False,41.336650715596264,10.923337930215782,1.1433719927796555,5.596639361408302,34.87681789089145,27.62587319980108,266.50269109069257,0.9383897573615936,-2.502691090692565,-0.008812292572861202,472.0,-208.0,"{'C': 423, 'SS': 594, '2B': 592, '3B': 571, '1B': 601, 'OF': 526, 'UT': 472}",0.9295774647887324,0.30985915492957744,-7.645253795886714,,,,,,14.788732394366196,6.338028169014084,46.478873239436616,-0.01200000000000001,0.9295774647887324,1,284,0.0,,0,False,0.5795774647887324,,,,0.0,0.0,0.0,0.0,,0.0,2026-05-08,2026-09-27,82.0,127.0,127.0,0.0,362.0,0.646,43.0,1.0,0.15,,young / establishing,50.6,5.1,1.01,"24 years old, an age that jumps 8% of the time · sprint 29.1 ft/s (90th pct) · deserved 0.94/PA on contact quality, got 0.93",xwOBA 0.297 (38th) · barrels 6.5% (42nd) · EV 86.6 (18th) · hard-hit 30% (15th) · K 30% (14th) · BB 8% (38th) · chase 25% (82nd) · bat speed 72.4 mph (57th) · sprint 29.1 (90th),"{""n"":20,""b"":3,""c"":[[""Coby Mayo"",2025,24,0.86,1.01,457,0],[""Rodolfo Castro"",2022,23,0.88,0.72,184,0],[""Andr\u00e9s Gim\u00e9nez"",2021,23,0.9,1.11,620,1],[""Henry Davis"",2023,24,0.85,0.6,73,0],[""Parker Meadows"",2024,25,1.01,0.83,176,0]]}",0.9119783358429251,0.00019966633770723946,0.9119783358429251,292.0,1.0,266.0,547.0,251,309,FA,516.0,495.0,-250.0,-229.0,let go,False,191
680700,Richie Palacios,2026,1997-05-16,2B,L,Tampa Bay Rays,124,399,345,81,14,2,10,51,57,46,4,17,7,68,2,55,7,0,0,0,0,115,2,0,2,2,29.0,399.0,17.0,11.5,0.235,0.374,0.33,0.139,0.264,0.243,0.334,0.316,0.306,0.339,0.091,0.324,0.308,-0.008,0.04,0.01,86.2,13.4,33.1,4.0,28.8,96.521348897,92.287697638,64.2,32.5,70.9,85.4,20.7,46.6,39.1,41.6,19.9,27.0,11.4,7.3,69.3,7.6,26.7,4.3,7.6,52.7,2.0,26.6,4.44,12.0,19.0,49.0,281.0,73.6,63.9,richie palacios,TB,,,,,,,,412.0,29.1,3.3225806451612905,1.0325814536340852,189,2B/OF,2B,True,339.0,172.67,2.396692273871662,239.33,0.9258883712896284,150.0,False,False,170,False,66.83771336764165,9.298313187096804,1.000233522881419,6.698739922380119,43.50330012567648,38.08245091105408,374.6507510367305,0.9389743133752645,37.349248963269474,0.09360714025882066,472.0,-60.0,"{'C': 423, 'SS': 594, '2B': 592, '3B': 571, '1B': 601, 'OF': 526, 'UT': 472}",1.0325814536340852,0.581453634085213,-3.176467582484749,69.28838951310861,82.02247191011236,39.70037453183521,-12.734082397003746,29.588014981273403,25.563909774436087,15.037593984962406,69.17293233082707,-0.010000000000000009,1.0325814536340852,2,988,0.0,,1,False,0.6825814536340852,,,,0.0,0.0,210.0,0.0,,110.39999999999999,2026-03-26,2026-09-27,124.0,164.0,164.0,0.0,394.0,0.756,0.0,0.0,0.15,,established,27.2,1.0,1.113,"1.03/PA is his best rate yet, so the bar is one step up · 399 PA, already has the job · 988 career PA, a known quantity",xwOBA 0.306 (48th) · barrels 4.0% (20th) · EV 86.2 (15th) · hard-hit 29% (12th) · K 17% (82nd) · BB 12% (84th) · chase 32% (36th) · bat speed 69.3 mph (17th) · sprint 26.6 (26th),"{""n"":20,""b"":0,""c"":[[""Tony Kemp"",2021,30,1.01,0.86,480,0],[""Omar Narv\u00e1ez"",2021,29,0.99,0.76,225,0],[""Miguel Andujar"",2024,29,0.95,1.04,355,0],[""Elias D\u00edaz"",2021,31,1.07,0.88,335,0],[""Kolten Wong"",2021,31,1.05,1.0,499,0]]}",0.9287374430313029,-0.026285818839922398,0.9287374430313029,286.0,0.912,266.0,557.0,251,262,FA,516.0,495.0,-250.0,-229.0,let go,False,192
687859,Troy Johnston,2026,1997-06-22,OF,L,Colorado Rockies,129,449,397,110,32,1,4,41,50,37,9,4,5,83,5,73,4,0,2,0,23,0,0,0,88,26,29.0,449.0,18.5,8.2,0.277,0.393,0.348,0.116,0.337,0.276,0.375,0.329,0.323,0.348,0.1,0.361,0.352,0.001,0.018,0.006,89.7,13.9,39.7,2.2,36.9,98.35935121,93.374621342,70.6,36.2,56.9,85.7,24.7,52.5,38.1,40.6,23.8,32.2,3.4,6.8,70.1,9.2,28.1,5.4,10.5,44.2,1.0,26.2,4.51,14.0,31.0,64.0,320.0,79.3,61.0,troy johnston,COL,,,,,,,,415.0,29.0,3.2170542635658914,0.9242761692650334,186,1B/OF,1B/OF,True,339.0,172.67,2.396692273871662,242.33,0.8203619896942294,153.0,False,False,170,False,84.07784761247655,17.913812590733134,0.9548319811041166,6.625507815686212,48.96916278247375,45.32380545072919,411.13696823320294,0.915672535040541,3.8630317667970644,0.008603634224492396,472.0,-57.0,"{'C': 423, 'SS': 594, '2B': 592, '3B': 571, '1B': 601, 'OF': 526, 'UT': 472}",0.9242761692650334,0.45657015590200445,-4.907732146835119,29.588014981273407,31.086142322097377,24.344569288389515,-1.4981273408239701,5.243445692883892,5.3452115812917596,5.3452115812917596,49.44320712694877,-0.006000000000000005,0.9242761692650334,1,570,0.0,,0,False,0.5742761692650334,,,,0.0,0.0,0.0,0.0,,0.0,2026-03-28,2026-09-27,128.0,163.0,163.0,0.0,446.0,0.785,1.0,0.0,0.15,,established,29.5,2.8,1.004,"449 PA, already has the job · avg EV 89.7 (70th pct) · 570 career PA, still new",xwOBA 0.323 (68th) · barrels 2.2% (6th) · EV 89.7 (68th) · hard-hit 37% (41st) · K 18% (73rd) · BB 8% (45th) · chase 36% (20th) · bat speed 70.1 mph (25th) · sprint 26.2 (20th),"{""n"":20,""b"":2,""c"":[[""Od\u00fabel Herrera"",2021,30,0.96,0.98,194,0],[""Yandy D\u00edaz"",2021,30,0.92,0.99,555,0],[""Harold Ram\u00edrez"",2022,28,0.97,1.11,480,0],[""Manuel Margot"",2022,28,0.97,0.96,324,0],[""Orlando Arcia"",2023,29,0.93,0.75,449,0]]}",0.894148450032928,-0.026285818839922398,0.894148450032928,296.0,1.0,265.0,536.0,253,353,FA,516.0,495.0,-251.0,-230.0,let go,False,193
630105,Jake Cronenworth,2026,1994-01-21,2B,L,San Diego Padres,109,425,377,85,13,1,7,46,41,38,7,9,2,97,0,64,7,0,0,0,8,93,6,3,0,2,32.0,425.0,22.8,8.9,0.225,0.321,0.308,0.096,0.286,0.213,0.308,0.287,0.275,0.297,0.094,0.319,0.302,0.012,0.013,0.012,87.2,11.4,30.7,3.9,29.7,97.164133824,92.599836434,63.7,29.0,56.3,89.6,21.3,45.8,30.4,48.4,22.3,21.2,8.1,7.2,71.4,7.7,23.6,18.3,8.1,41.1,-10.0,28.1,4.33,14.0,38.0,33.0,283.0,70.0,62.1,jake cronenworth,SD,Jake Cronenworth,SD,"1B,2B,SS",340.4,206.0,403.0,321.0,358.0,32.4,3.2844036697247705,0.8423529411764706,218,2B,2B,False,206.0,340.5483870967742,3.1811021036719445,17.451612903225794,0.10330156605282603,-12.0,False,False,206,False,60.632197417645656,11.319265710694468,0.9298763256741049,7.419660545985773,46.718681010949076,39.080746754423416,346.83942776537253,0.8160927712126412,11.160572234627466,0.026260169963829405,472.0,-114.0,"{'C': 423, 'SS': 594, '2B': 592, '3B': 571, '1B': 601, 'OF': 526, 'UT': 472}",0.8423529411764706,0.37176470588235294,-5.817696673758118,7.490636704119851,9.737827715355806,14.606741573033707,-2.247191011235955,-7.116104868913856,12.705882352941176,9.882352941176471,53.64705882352941,-0.011999999999999955,1.0031104199066874,6,3445,-0.16075747873021673,1.0031104199066874,5,True,-0.16075747873021673,2.0,-2.3000000000000003,0.5,55.0,1.0,83.0,0.0,Concussion symptoms,71.8,2026-03-26,2026-09-27,109.0,162.0,113.0,49.0,609.0,0.965,0.0,0.0,0.15,,established,27.3,0.2,1.083,"sprint 28.1 ft/s (68th pct) · 425 PA, already has the job · got 0.84/PA but deserved 0.82",xwOBA 0.275 (17th) · barrels 3.9% (19th) · EV 87.2 (27th) · hard-hit 30% (15th) · K 23% (49th) · BB 9% (53rd) · chase 29% (59th) · bat speed 71.4 mph (40th) · sprint 28.1 (67th),"{""n"":20,""b"":0,""c"":[[""Xander Bogaerts"",2024,32,0.93,0.98,541,0],[""Adam Frazier"",2025,34,0.9,0.89,131,0],[""Javier B\u00e1ez"",2025,33,0.94,0.83,163,0],[""Hunter Renfroe"",2024,32,0.92,0.56,60,0],[""Mark Canha"",2024,35,0.87,0.63,79,0]]}",0.8551763411665998,-0.035407766755750046,0.8551763411665998,307.0,0.943,263.0,513.0,254,419,FA,516.0,495.0,-253.0,-232.0,let go,False,194
663993,Nathaniel Lowe,2026,1995-07-07,1B,L,multi,126,429,381,96,22,0,17,38,64,38,2,0,0,99,8,57,4,0,0,0,69,0,0,0,0,47,30.0,429.0,23.1,8.9,0.252,0.444,0.317,0.192,0.289,0.268,0.437,0.329,0.335,0.332,0.169,0.391,0.403,-0.016,0.007,-0.006,89.6,14.6,39.3,8.4,41.4,101.026614056,94.719806842,65.4,27.3,57.4,86.8,22.0,46.1,36.2,37.9,25.9,30.0,6.2,7.5,74.4,12.3,20.2,43.9,8.0,55.0,11.0,25.6,4.61,24.0,22.0,50.0,290.0,72.4,59.1,nathaniel lowe,multi,,,,,,,,403.0,31.0,3.1984126984126986,0.9393939393939394,194,1B,1B,True,339.0,172.67,2.396692273871662,230.33,0.8017204245410365,145.0,False,False,170,False,67.4822291406095,19.331303259479384,0.8257060592127149,14.468761540698399,48.38169063271537,52.22335689355264,405.21004752626806,0.9445455653292961,-2.210047526268056,-0.005151625935356674,472.0,-69.0,"{'C': 423, 'SS': 594, '2B': 592, '3B': 571, '1B': 601, 'OF': 526, 'UT': 472}",0.9393939393939394,0.48951048951048953,-3.968876552090165,37.07865168539326,46.06741573033708,32.58426966292135,-8.98876404494382,4.49438202247191,0.0,23.776223776223773,53.14685314685315,0.006000000000000005,1.0387596899224807,6,3614,-0.09936575052854124,1.0387596899224807,5,True,-0.09936575052854124,-3.0,1.4000000000000004,1.8000000000000114,0.0,0.0,23.0,0.0,,6.8999999999999995,2026-03-28,2026-09-27,126.0,162.0,162.0,0.0,429.0,0.778,2.0,0.0,0.15,,established,35.0,0.4,1.119,"avg EV 89.6 (69th pct) · 429 PA, already has the job · 0.94/PA this year against 1.04 at his best, two steps to clear · bat speed up 1.8 mph",xwOBA 0.335 (80th) · barrels 8.4% (60th) · EV 89.6 (66th) · hard-hit 41% (64th) · K 23% (48th) · BB 9% (53rd) · chase 27% (69th) · bat speed 74.4 mph (83rd) · sprint 25.6 (10th),"{""n"":20,""b"":0,""c"":[[""Jake Cronenworth"",2025,31,0.9,0.84,358,0],[""Xander Bogaerts"",2025,33,0.98,0.92,560,0],[""Andrew Benintendi"",2025,31,0.95,0.97,456,0],[""Ty France"",2025,31,0.86,1.07,533,0],[""Dansby Swanson"",2024,30,1.0,1.01,649,0]]}",0.8933104056821911,-0.03573509974786369,0.8933104056821911,294.0,0.994,263.0,536.0,254,353,FA,516.0,495.0,-253.0,-232.0,let go,False,195
666152,David Hamilton,2026,1997-09-29,3B,L,Milwaukee Brewers,121,387,339,83,13,3,4,49,26,32,2,30,7,86,0,63,10,0,0,0,0,14,87,34,0,0,28.0,387.0,22.2,8.3,0.245,0.336,0.314,0.091,0.317,0.225,0.316,0.293,0.276,0.296,0.091,0.338,0.313,0.02,0.02,0.017,86.8,12.7,29.3,3.4,27.9,96.675573879,92.356657316,61.5,29.6,61.9,86.3,21.9,45.3,34.2,48.5,23.7,23.3,4.5,7.1,69.3,7.0,25.6,4.9,6.1,39.9,-12.0,29.5,4.05,8.0,41.0,34.0,266.0,67.2,59.7,david hamilton,MIL,,,,,,,,386.0,28.8,3.190082644628099,0.9974160206718347,205,2B/3B/SS,3B/SS,True,339.0,172.67,2.396692273871662,213.33,0.7933903707564371,134.0,False,False,171,False,58.63119248880922,10.323126023567168,1.4361704864380147,5.8845110011856,46.81279674102308,33.86236886190989,378.07416560293296,0.9769358284313513,7.925834397067035,0.020480192240483364,472.0,-86.0,"{'C': 423, 'SS': 594, '2B': 592, '3B': 571, '1B': 601, 'OF': 526, 'UT': 472}",0.9974160206718347,0.4263565891472868,-4.22095670389233,57.67790262172284,23.595505617977526,31.46067415730337,34.082397003745314,26.217228464419474,46.51162790697674,6.2015503875969,49.6124031007752,-0.01699999999999996,1.1861198738170347,2,937,-0.1887038531452,,1,False,0.6474160206718347,-2.0,-2.6,-1.2000000000000028,17.0,1.0,48.0,0.0,Strained left hamstring,26.299999999999997,2026-03-26,2026-09-27,121.0,165.0,150.0,15.0,418.0,0.807,0.0,0.0,0.15,,established,25.9,0.8,1.266,"sprint 29.5 ft/s (94th pct) · 387 PA, already has the job · already 29, an age that jumps 4% of the time",xwOBA 0.276 (17th) · barrels 3.4% (15th) · EV 86.8 (20th) · hard-hit 28% (10th) · K 22% (52nd) · BB 8% (48th) · chase 30% (55th) · bat speed 69.3 mph (17th) · sprint 29.5 (94th),"{""n"":20,""b"":1,""c"":[[""Jake Fraley"",2024,29,1.04,1.0,216,0],[""Josh Rojas"",2023,29,0.93,0.81,385,0],[""Jorge Mateo"",2024,29,1.03,1.08,90,0],[""Lane Thomas"",2022,27,0.95,1.15,787,1],[""Raimel Tapia"",2022,28,0.94,1.04,176,0]]}",0.9764931093008721,-0.026285818839922398,0.9764931093008721,267.0,0.979,261.0,586.0,257,135,FA,516.0,495.0,-255.0,-234.0,let go,False,196
691785,Marcelo Mayer,2026,2002-12-12,2B,L,multi,76,245,220,46,10,0,3,19,22,18,3,3,0,51,3,33,4,0,0,0,0,46,3,24,0,2,23.0,245.0,20.8,7.3,0.209,0.295,0.275,0.086,0.254,0.196,0.295,0.258,0.257,0.267,0.099,0.28,0.279,0.013,0.0,0.001,86.1,8.9,26.7,6.4,35.5,98.064535176,93.036398353,71.3,28.5,43.8,85.3,27.5,48.7,36.0,51.2,25.0,15.7,8.1,8.0,74.6,8.8,20.5,46.2,9.0,42.6,-11.0,27.3,4.45,7.0,21.0,18.0,172.0,79.4,61.6,marcelo mayer,multi,Marcelo Mayer,SF,"2B,3B,SS",348.8,212.0,363.0,416.0,178.0,23.5,2.3421052631578947,0.726530612244898,362,2B/3B/SS,2B/SS,False,212.0,340.5483870967742,3.0867599025400003,-162.5483870967742,-0.7446546393821056,-150.0,False,False,283,True,30.695173886728398,7.526419596609726,0.4416391465953586,4.45676737006652,24.573599610888056,23.34299519722706,181.93659480811513,0.742598346155572,-3.9365948081151316,-0.016067733910673954,472.0,-294.0,"{'C': 423, 'SS': 594, '2B': 592, '3B': 571, '1B': 601, 'OF': 526, 'UT': 472}",0.726530612244898,0.31020408163265306,-9.500477961295994,,,,,,7.346938775510203,7.346938775510203,44.08163265306123,-0.0010000000000000009,0.726530612244898,1,381,0.0,,0,False,0.37653061224489803,,,,87.0,1.0,152.0,0.0,Bone stress reaction to the left ulna,126.0,2026-03-26,2026-09-27,76.0,87.0,86.0,1.0,462.0,0.884,0.0,0.0,0.15,,young / establishing,29.5,12.6,0.807,"24 years old, an age that jumps 8% of the time · 381 career PA, still new · deserved 0.74/PA on contact quality, got 0.73",xwOBA 0.257 (7th) · barrels 6.4% (41st) · EV 86.1 (14th) · hard-hit 36% (34th) · K 21% (62nd) · BB 7% (33rd) · chase 28% (63rd) · bat speed 74.6 mph (85th) · sprint 27.3 (46th),"{""n"":20,""b"":2,""c"":[[""Casey Schmitt"",2023,24,0.75,0.95,107,0],[""Vidal Bruj\u00e1n"",2022,24,0.7,0.71,60,0],[""Jonathan Ara\u00faz"",2021,23,0.77,0.49,20,0],[""Oswaldo Cabrera"",2023,24,0.8,0.9,293,0],[""Nick Allen"",2022,24,0.67,0.69,227,0]]}",0.9182600670937413,0.00019966633770723946,0.9182600670937413,284.0,0.899,261.0,551.0,257,292,FA,516.0,495.0,-255.0,-234.0,let go,False,197
699024,Leo Bernal,2026,2004-02-13,C,S,St. Louis Cardinals,24,102,95,27,3,0,5,12,21,7,0,0,1,25,0,19,6,6,0,20,4,0,0,0,0,5,22.0,102.0,24.5,6.9,0.284,0.474,0.333,0.19,0.338,0.27,0.487,0.351,0.347,0.32,0.217,0.442,0.436,0.014,-0.013,0.004,92.6,16.1,41.4,10.0,55.7,102.009491143,95.893565143,66.9,29.2,53.2,84.3,26.2,46.6,40.0,31.4,35.7,30.0,2.9,7.4,73.6,15.8,27.9,31.5,9.3,50.9,4.0,26.2,,6.0,5.0,16.0,70.0,69.6,58.8,leo bernal,STL,,,,,,,,118.0,22.4,4.916666666666667,1.1568627450980393,421,C,C,True,339.0,172.67,2.396692273871662,-54.66999999999999,2.519974392795005,-82.0,False,False,339,False,14.883338678075864,5.63120977278475,0.4225644202029144,4.712887128936472,12.439738755103129,13.662644603852666,111.01738335895578,1.0884057192054488,6.982616641044217,0.0684570258925905,423.0,-305.0,"{'C': 423, 'SS': 594, '2B': 592, '3B': 571, '1B': 601, 'OF': 526, 'UT': 472}",1.1568627450980393,0.5882352941176471,-9.053811011082649,,,,,,0.0,29.41176470588235,41.1764705882353,-0.0040000000000000036,,0,102,,,0,False,0.8068627450980393,,,,0.0,0.0,0.0,0.0,,0.0,2026-09-01,2026-09-27,24.0,24.0,24.0,0.0,688.0,1.0,159.0,1.0,0.15,,rookie,57.0,5.9,0.43,"22 years old, an age that jumps 18% of the time · avg EV 92.6 (96th pct) · sprint 26.2 ft/s (20th pct)",xwOBA 0.347 (88th) · barrels 10.0% (73rd) · EV 92.6 (95th) · hard-hit 56% (98th) · K 24% (36th) · BB 7% (29th) · chase 29% (58th) · bat speed 73.6 mph (74th) · sprint 26.2 (20th),"{""n"":20,""b"":1,""c"":[[""Noelvi Marte"",2023,22,1.14,0.77,186,0],[""Wilyer Abreu"",2023,24,1.24,1.07,479,0],[""Mois\u00e9s Ballesteros"",2025,22,1.15,0.78,274,0],[""Christian Encarnacion-Strand"",2023,24,1.06,0.73,90,0],[""Gavin Sheets"",2021,25,1.08,0.9,371,0]]}",0.9947910625718658,0.009942511913038151,0.9947910625718658,262.0,1.0,261.0,597.0,257,106,BB,516.0,495.0,-255.0,-234.0,let go,False,198
687551,Drew Gilbert,2026,2000-09-27,OF,L,San Francisco Giants,134,393,340,81,14,3,11,53,43,39,9,3,4,71,3,53,2,0,2,0,0,0,0,0,144,0,25.0,393.0,18.1,9.9,0.238,0.394,0.33,0.156,0.268,0.26,0.4,0.32,0.334,0.349,0.14,0.339,0.359,-0.022,-0.006,-0.014,86.8,14.3,36.5,5.9,37.2,98.388191045,93.199814328,59.6,25.1,52.7,88.7,22.4,41.8,43.4,43.4,20.4,25.5,10.6,7.5,69.7,9.6,28.7,6.3,5.0,42.1,-1.0,27.5,4.35,16.0,23.0,41.0,274.0,68.5,61.6,drew gilbert,SF,,,,,,,,370.0,25.8,2.7611940298507465,0.9414758269720102,213,OF,OF,True,339.0,172.67,2.396692273871662,197.33,0.3645017559790844,126.0,False,False,204,False,62.89449327063994,13.542334942885697,1.8318503023087784,10.131321484165582,48.030872936997596,42.293856531453365,373.72472946845096,0.9509535100978396,-3.7247294684509598,-0.009477683125829417,472.0,-102.0,"{'C': 423, 'SS': 594, '2B': 592, '3B': 571, '1B': 601, 'OF': 526, 'UT': 472}",0.9414758269720102,0.5114503816793893,-4.972897923628303,37.82771535580524,54.68164794007491,23.595505617977526,-16.85393258426967,14.232209737827713,4.580152671755725,16.793893129770993,59.541984732824424,0.014000000000000012,0.9414758269720102,1,502,0.0,,0,False,0.5914758269720102,,,,0.0,0.0,0.0,0.0,,0.0,2026-04-15,2026-09-27,134.0,148.0,148.0,0.0,430.0,0.905,21.0,0.0,0.15,,established,29.8,5.0,1.021,"26 years old, an age that jumps 4% of the time · 502 career PA, still new · deserved 0.95/PA on contact quality, got 0.94",xwOBA 0.334 (78th) · barrels 5.9% (35th) · EV 86.8 (20th) · hard-hit 37% (42nd) · K 18% (77th) · BB 10% (66th) · chase 25% (82nd) · bat speed 69.7 mph (20th) · sprint 27.5 (49th),"{""n"":20,""b"":0,""c"":[[""Brendan Donovan"",2022,26,0.96,1.01,373,0],[""Nick Gonzales"",2024,25,0.94,0.78,320,0],[""Otto Lopez"",2024,26,0.98,0.94,557,0],[""Abraham Toro"",2021,24,0.92,0.74,260,0],[""Pavin Smith"",2021,25,0.91,0.85,235,0]]}",0.9258650842908261,-0.012888640320029626,0.9258650842908261,279.0,1.0,258.0,556.0,259,268,FA,516.0,495.0,-258.0,-237.0,let go,False,199
676724,Jared Young,2026,1995-07-09,1B,L,New York Mets,103,342,308,82,17,3,9,46,39,25,6,3,1,63,3,53,5,0,1,0,84,0,0,0,8,9,30.0,342.0,18.4,7.3,0.266,0.429,0.33,0.163,0.305,0.25,0.4,0.332,0.321,0.32,0.15,0.37,0.354,0.016,0.029,0.011,90.4,11.7,30.2,7.7,46.8,101.896708525,95.331303402,70.2,27.5,60.5,82.3,24.4,47.4,42.7,48.0,23.4,21.8,6.9,7.2,73.1,14.6,27.1,32.5,7.8,58.9,5.0,27.5,4.37,17.0,35.0,30.0,248.0,80.2,54.4,jared young,NYM,,,,,,,,336.0,31.0,3.262135922330097,0.9824561403508771,227,1B/OF,1B,True,339.0,172.67,2.396692273871662,163.33,0.8654436484584349,112.0,False,False,237,False,51.27241737292097,14.58086370530323,1.8210204706306143,9.325698451145179,40.72406973620358,37.79482106072917,315.7188907969327,0.9231546514530197,20.281109203067274,0.05930148889785747,472.0,-136.0,"{'C': 423, 'SS': 594, '2B': 592, '3B': 571, '1B': 601, 'OF': 526, 'UT': 472}",0.9824561403508771,0.5321637426900585,-5.153125304887979,53.558052434456926,63.29588014981273,21.34831460674157,-9.737827715355806,32.20973782771536,5.263157894736842,15.789473684210526,43.859649122807014,-0.01100000000000001,0.9824561403508771,1,458,0.0,,0,False,0.6324561403508772,,,,52.0,2.0,52.0,0.0,Left meniscus tear; Concussion,52.0,2026-03-28,2026-09-17,103.0,162.0,115.0,47.0,482.0,0.896,2.0,0.0,0.15,,established,34.1,4.5,1.062,"avg EV 90.4 (81st pct) · 458 career PA, still new · only 342 PA, and a breakout needs 350 next year",xwOBA 0.321 (65th) · barrels 7.7% (53rd) · EV 90.4 (79th) · hard-hit 47% (86th) · K 18% (74th) · BB 7% (33rd) · chase 28% (68th) · bat speed 73.1 mph (67th) · sprint 27.5 (49th),"{""n"":20,""b"":0,""c"":[[""Alex Call"",2025,31,0.94,0.86,167,0],[""Aledmys D\u00edaz"",2021,31,0.91,0.89,292,0],[""Nathan Lukes"",2025,31,1.0,0.92,414,0],[""Eddie Rosario"",2021,30,1.05,0.77,209,0],[""Matt Duffy"",2021,30,0.99,0.69,171,0]]}",0.9724573174286107,-0.03573509974786369,0.9724573174286107,263.0,0.958,256.0,583.0,260,149,FA,516.0,495.0,-260.0,-239.0,let go,False,200
691783,Jordan Lawlar,2026,2002-07-17,OF,R,Arizona Diamondbacks,44,136,124,32,5,1,6,18,16,5,6,6,1,39,0,20,1,0,0,0,0,1,0,0,49,0,23.0,136.0,28.7,3.7,0.258,0.46,0.319,0.202,0.329,0.249,0.401,0.34,0.314,0.311,0.152,0.447,0.406,0.009,0.059,0.026,88.4,18.1,38.4,7.0,31.4,98.574308293,93.588601585,67.2,26.7,49.3,83.5,26.9,45.9,44.2,36.0,34.9,26.7,2.3,7.2,69.5,9.5,27.1,3.8,15.5,58.7,3.0,28.7,4.4,11.0,10.0,11.0,86.0,75.0,56.6,jordan lawlar,ARI,Jordan Lawlar,ARI,"3B,LF,CF",301.4,182.0,301.0,298.0,151.0,24.0,3.4318181818181817,1.1102941176470589,387,3B/SS/OF,OF,False,182.0,377.19354838709677,3.1811021036719445,-226.19354838709677,0.2507160781462372,-205.0,False,False,339,True,20.966624292681544,5.165280434899206,0.5495662521569569,4.194529020262293,17.27650200695936,14.682266918332427,140.55876892529182,1.0335203597447928,10.441231074708185,0.07677375790226604,472.0,-321.0,"{'C': 423, 'SS': 594, '2B': 592, '3B': 571, '1B': 601, 'OF': 526, 'UT': 472}",1.1102941176470589,0.4632352941176471,-8.464580590097897,,,,,,26.47058823529412,26.47058823529412,22.058823529411764,-0.026000000000000023,,0,244,,,0,False,0.7602941176470589,,,,128.0,2.0,128.0,0.0,Right wrist fracture; Right hamstring strain,128.0,2026-03-26,2026-09-27,44.0,163.0,49.0,114.0,450.0,0.898,0.0,0.0,0.15,,young / establishing,28.9,1.2,0.43,"24 years old, an age that jumps 8% of the time · 244 career PA, still new · sprint 28.7 ft/s (83rd pct)",xwOBA 0.314 (57th) · barrels 7.0% (47th) · EV 88.4 (46th) · hard-hit 31% (19th) · K 29% (17th) · BB 4% (5th) · chase 27% (73rd) · bat speed 69.5 mph (19th) · sprint 28.7 (83rd),"{""n"":20,""b"":0,""c"":[[""Jake Meyers"",2021,25,1.08,0.76,122,0],[""Ryan Bliss"",2024,24,1.1,0.82,32,0],[""Oswaldo Cabrera"",2022,23,1.06,0.8,264,0],[""Jared Triolo"",2023,25,1.05,0.82,364,0],[""Garrett Mitchell"",2024,26,1.17,0.83,65,0]]}",0.9397832978751137,0.00019966633770723946,0.9397832978751137,271.0,0.898,255.0,564.0,261,235,BAMBI,516.0,495.0,-261.0,-240.0,let go,False,201
650859,Luis Rengifo,2026,1997-02-26,OF,S,multi,95,354,312,75,12,0,4,38,36,34,3,6,4,49,2,59,7,0,0,0,3,7,56,0,22,8,29.0,354.0,13.8,9.6,0.24,0.317,0.319,0.077,0.272,0.253,0.345,0.289,0.304,0.33,0.091,0.286,0.306,-0.013,-0.028,-0.015,87.7,6.0,28.4,4.1,34.3,97.721405038,92.981872644,70.5,30.6,66.8,86.7,20.1,48.9,38.8,54.1,17.5,23.9,4.5,7.2,71.4,8.8,28.3,17.0,7.5,46.6,-9.0,27.1,4.36,5.0,34.0,35.0,268.0,76.2,59.3,luis rengifo,multi,Luis Rengifo,SD,"2B,3B,LF,DH",413.3,241.0,389.0,447.0,296.0,29.3,3.1157894736842104,0.8361581920903954,264,2B/3B/OF,3B/OF,False,241.0,310.0,3.0867599025400003,-14.0,0.02902957114421012,-23.0,False,False,250,False,62.696411316648536,9.890227421109902,0.546311207834603,5.803050054406965,38.91601160555795,33.76010762045191,306.94011922600987,0.8670624836892934,-10.94011922600987,-0.03090429159889796,472.0,-176.0,"{'C': 423, 'SS': 594, '2B': 592, '3B': 571, '1B': 601, 'OF': 526, 'UT': 472}",0.8361581920903954,0.4632768361581921,-6.713627892927623,6.741573033707865,32.58426966292135,8.614232209737828,-25.842696629213485,-1.8726591760299636,10.169491525423728,6.779661016949152,57.6271186440678,0.015000000000000013,1.1842105263157894,5,2345,-0.34805233422539394,1.1842105263157894,4,False,-0.34805233422539394,-5.399999999999999,-0.9000000000000004,1.9000000000000057,28.0,1.0,103.0,0.0,Right knee sprain,50.5,2026-03-26,2026-08-29,95.0,120.0,114.0,6.0,503.0,0.833,0.0,0.0,0.15,,established,29.0,1.1,1.264,"deserved 0.87/PA on contact quality, got 0.84 · sprint 27.1 ft/s (40th pct) · avg EV 87.7 (38th pct) · bat speed up 1.9 mph",xwOBA 0.304 (46th) · barrels 4.1% (21st) · EV 87.7 (35th) · hard-hit 34% (29th) · K 14% (93rd) · BB 10% (63rd) · chase 31% (48th) · bat speed 71.4 mph (40th) · sprint 27.1 (39th),"{""n"":20,""b"":0,""c"":[[""Jonah Heim"",2024,29,0.84,0.82,357,0],[""Andr\u00e9s Gim\u00e9nez"",2025,27,0.85,0.92,465,0],[""Willi Castro"",2025,28,0.9,1.0,477,0],[""Jonathan India"",2025,28,0.8,0.84,49,0],[""Santiago Espinal"",2025,31,0.68,0.8,48,0]]}",0.8845938168346399,-0.026285818839922398,0.8845938168346399,286.0,0.96,253.0,531.0,262,370,FA,516.0,495.0,-263.0,-242.0,let go,False,202
700932,Kyle Manzardo,2026,2000-07-18,1B,L,Cleveland Guardians,102,356,312,67,10,1,13,40,39,36,6,0,0,114,2,43,2,0,0,0,83,0,0,0,0,17,25.0,356.0,32.0,10.1,0.215,0.378,0.306,0.163,0.289,0.22,0.38,0.305,0.307,0.311,0.16,0.396,0.397,-0.005,-0.002,-0.002,89.5,19.3,34.5,12.0,41.0,98.784676465,93.74206596,63.5,30.7,50.0,79.8,30.6,46.5,43.5,36.0,33.5,22.0,8.5,7.4,69.8,8.3,24.0,6.3,17.9,49.7,-4.0,25.4,4.65,21.0,15.0,31.0,200.0,82.6,57.9,kyle manzardo,CLE,Kyle Manzardo,CLE,"1B,DH",245.0,150.0,235.0,215.0,304.0,25.9,2.980392156862745,0.8539325842696629,257,1B,1B,False,150.0,425.5,3.7174234694899297,-121.5,-0.7370313126271846,-107.0,False,False,247,True,43.06171038830603,12.831147666306302,1.1525735024692918,11.594568442918373,37.36785233804879,41.77429466378341,306.3421470018322,0.8605116488815511,-2.3421470018321884,-0.006579064611888175,472.0,-168.0,"{'C': 423, 'SS': 594, '2B': 592, '3B': 571, '1B': 601, 'OF': 526, 'UT': 472}",0.8539325842696629,0.3342696629213483,-6.587391505901415,8.98876404494382,4.119850187265917,10.486891385767791,4.868913857677904,-1.4981273408239701,0.0,21.91011235955056,60.674157303370784,0.0020000000000000018,0.9397363465160076,2,1043,-0.08580376224634467,0.9397363465160076,1,False,-0.08580376224634467,6.600000000000001,0.1999999999999993,-0.7999999999999972,0.0,0.0,0.0,0.0,,0.0,2026-03-26,2026-08-02,102.0,123.0,123.0,0.0,469.0,0.829,0.0,0.0,0.15,,established,38.1,1.3,1.02,"26 years old, an age that jumps 4% of the time · avg EV 89.5 (67th pct) · deserved 0.86/PA on contact quality, got 0.85",xwOBA 0.307 (49th) · barrels 12.0% (84th) · EV 89.5 (64th) · hard-hit 41% (61st) · K 32% (7th) · BB 10% (68th) · chase 31% (48th) · bat speed 69.8 mph (22nd) · sprint 25.4 (9th),"{""n"":20,""b"":0,""c"":[[""Davis Schneider"",2024,25,0.84,1.04,237,0],[""Yo\u00e1n Moncada"",2023,28,0.92,0.82,37,0],[""Triston Casas"",2024,24,0.97,0.67,75,0],[""Colton Cowser"",2025,25,0.96,0.93,366,0],[""Jes\u00fas S\u00e1nchez"",2022,25,0.9,1.01,406,0]]}",0.8424854964239417,-0.012888640320029626,0.8424854964239417,300.0,1.0,253.0,505.0,262,439,FA,516.0,495.0,-263.0,-242.0,let go,False,203
660821,Jesús Sánchez,2026,1997-10-07,DH,L,multi,105,315,284,72,18,0,8,24,35,18,8,1,2,75,5,46,3,0,0,0,0,0,0,0,87,19,28.0,315.0,23.8,5.7,0.254,0.401,0.311,0.147,0.311,0.255,0.419,0.311,0.321,0.313,0.164,0.374,0.388,-0.001,-0.018,-0.01,90.7,10.9,32.2,10.8,45.3,101.621661682,95.111932864,71.3,38.0,59.4,79.8,28.1,53.3,31.8,44.4,27.1,22.0,6.5,6.8,73.5,12.1,22.6,43.3,7.0,50.5,-4.0,26.4,4.57,17.0,24.0,31.0,214.0,78.9,64.6,jesus sanchez,multi,Jesus Sanchez,TOR,"LF,CF,RF,DH",353.0,215.0,340.0,366.0,271.0,28.7,2.580952380952381,0.8603174603174604,280,OF,OF,False,215.0,340.5483870967742,3.0867599025400003,-69.5483870967742,-0.5058075215876192,-65.0,False,False,250,False,45.89835392316108,16.115957112083432,0.7570240063498999,9.64866495840559,35.766761329240445,37.11461161893325,290.2973729481737,0.9215789617402339,-19.297372948173688,-0.061261501422773534,472.0,-201.0,"{'C': 423, 'SS': 594, '2B': 592, '3B': 571, '1B': 601, 'OF': 526, 'UT': 472}",0.8603174603174604,0.37142857142857144,-7.339268005852415,10.486891385767791,9.363295880149813,4.119850187265917,1.1235955056179776,6.367041198501874,1.9047619047619047,15.238095238095237,34.285714285714285,0.010000000000000009,1.0167597765363128,6,2345,-0.1564423162188524,1.0167597765363128,5,False,-0.1564423162188524,1.6999999999999993,-0.29999999999999893,-2.299999999999997,34.0,1.0,53.0,0.0,Right ankle sprain,45.4,2026-03-28,2026-09-23,105.0,159.0,131.0,28.0,390.0,0.802,1.0,0.0,0.15,,established,34.1,0.7,1.097,"deserved 0.92/PA on contact quality, got 0.86 · avg EV 90.7 (85th pct) · already 29, an age that jumps 4% of the time",xwOBA 0.321 (65th) · barrels 10.8% (78th) · EV 90.7 (83rd) · hard-hit 45% (82nd) · K 24% (42nd) · BB 6% (18th) · chase 38% (12th) · bat speed 73.5 mph (72nd) · sprint 26.4 (23rd),"{""n"":20,""b"":0,""c"":[[""Ryan Mountcastle"",2024,27,0.95,0.85,302,0],[""Jake Burger"",2025,29,0.91,0.95,589,0],[""Josh Jung"",2025,27,0.89,0.99,440,0],[""Ryan Mountcastle"",2025,28,0.85,0.73,11,0],[""Josh Rojas"",2024,30,0.81,0.63,133,0]]}",0.9212650861985053,-0.026285818839922398,0.9212650861985053,274.0,0.964,252.0,553.0,264,282,FA,516.0,495.0,-264.0,-243.0,let go,False,204
672275,Patrick Bailey,2026,1999-05-29,C,S,multi,112,345,310,64,8,1,10,31,37,28,1,3,0,92,3,45,8,24,0,107,0,0,0,0,0,1,27.0,345.0,26.7,8.1,0.206,0.335,0.272,0.129,0.256,0.24,0.398,0.271,0.307,0.303,0.158,0.327,0.384,-0.034,-0.063,-0.036,90.5,13.4,36.6,7.7,42.4,100.12206633,94.504192064,69.6,31.2,50.9,84.1,26.8,49.6,36.2,42.4,26.8,25.0,5.8,7.4,72.8,9.8,23.3,30.1,7.9,39.4,-14.0,25.3,4.78,16.0,13.0,34.0,224.0,72.6,65.5,patrick bailey,multi,Patrick Bailey,CLE,C,417.3,244.0,422.0,450.0,314.0,27.1,2.8035714285714284,0.9101449275362319,248,C,C,False,244.0,307.0,3.0867599025400003,7.0,-0.28318847396857194,-4.0,False,False,241,False,49.02976641043209,12.945310590552868,1.2400795875979618,11.18484341141707,35.97967260992055,40.89171561471863,352.65138822463916,1.0221779368830122,-38.65138822463916,-0.11203300934678029,423.0,-109.0,"{'C': 423, 'SS': 594, '2B': 592, '3B': 571, '1B': 601, 'OF': 526, 'UT': 472}",0.9101449275362319,0.3217391304347826,-7.500901468202324,23.220973782771537,2.247191011235955,3.3707865168539324,20.973782771535582,19.850187265917604,5.217391304347826,17.391304347826086,48.69565217391304,0.035999999999999976,0.9461756373937678,4,1598,-0.03603070985753587,0.9461756373937678,3,False,-0.03603070985753587,-2.6999999999999993,2.1000000000000005,1.2999999999999972,0.0,0.0,30.0,0.0,,11.1,2026-03-25,2026-09-27,112.0,163.0,163.0,0.0,343.0,0.687,0.0,0.0,0.15,,established,32.0,5.5,1.026,"deserved 1.02/PA on contact quality, got 0.91 · avg EV 90.5 (82nd pct) · 27 years old, an age that jumps 3% of the time · barrel rate up 2.1 pts on last year · bat speed up 1.3 mph",xwOBA 0.307 (49th) · barrels 7.7% (53rd) · EV 90.5 (80th) · hard-hit 42% (70th) · K 27% (24th) · BB 8% (44th) · chase 31% (45th) · bat speed 72.8 mph (63rd) · sprint 25.3 (7th),"{""n"":20,""b"":0,""c"":[[""Yo\u00e1n Moncada"",2023,28,0.92,0.82,37,0],[""Emmanuel Rivera"",2024,28,0.79,0.71,90,0],[""Jes\u00fas S\u00e1nchez"",2025,28,0.96,0.86,271,0],[""MJ Melendez"",2024,26,0.86,0.49,32,0],[""Dominic Smith"",2024,29,0.86,1.0,224,0]]}",0.9110389641409367,-0.020371427220405795,0.9110389641409367,277.0,0.991,252.0,547.0,264,309,FA,516.0,495.0,-264.0,-243.0,let go,False,205
545121,Ildemaro Vargas,2026,1991-07-16,1B,S,Arizona Diamondbacks,142,486,453,115,19,5,9,62,67,27,2,3,1,49,2,82,3,0,0,0,74,56,9,5,2,8,34.0,486.0,10.1,5.6,0.254,0.377,0.298,0.123,0.267,0.268,0.363,0.295,0.297,0.309,0.095,0.304,0.305,-0.014,0.014,-0.002,87.4,11.3,30.7,3.2,35.0,98.067283881,93.061632394,63.1,39.2,74.6,91.8,15.2,50.6,40.3,43.7,20.9,26.3,9.1,7.4,70.9,11.2,30.9,17.0,5.7,52.5,-9.0,27.1,4.44,12.0,37.0,66.0,407.0,70.2,59.7,ildemaro vargas,ARI,,,,,,,,450.0,35.0,3.1690140845070425,0.9259259259259259,164,1B/2B,1B/2B,True,339.0,172.67,2.396692273871662,277.33000000000004,0.7723218106353804,175.0,False,False,127,False,97.2206925179227,13.617221676753894,2.28047909272413,8.285606712599284,52.32749397946073,47.72648095616418,420.89697493562494,0.866043158303755,29.10302506437506,0.05988276762217093,472.0,-22.0,"{'C': 423, 'SS': 594, '2B': 592, '3B': 571, '1B': 601, 'OF': 526, 'UT': 472}",0.9259259259259259,0.5781893004115226,-2.892940830084862,29.962546816479403,80.89887640449437,43.82022471910113,-50.93632958801497,-13.857677902621724,3.7037037037037033,11.11111111111111,33.33333333333333,0.0020000000000000018,0.9259259259259259,4,1501,0.0,,3,False,0.575925925925926,,,,0.0,0.0,54.0,0.0,,32.4,2026-03-30,2026-09-27,142.0,160.0,160.0,0.0,492.0,0.887,4.0,0.0,0.15,,established,28.5,1.6,1.006,"0.93/PA is his best rate yet, so the bar is one step up · 486 PA, already has the job · sprint 27.1 ft/s (40th pct)",xwOBA 0.297 (38th) · barrels 3.2% (13th) · EV 87.4 (30th) · hard-hit 35% (33rd) · K 10% (98th) · BB 6% (17th) · chase 39% (9th) · bat speed 70.9 mph (33rd) · sprint 27.1 (39th),"{""n"":20,""b"":0,""c"":[[""Mark Canha"",2023,34,0.99,0.87,400,0],[""Elvis Andrus"",2022,34,0.97,0.9,364,0],[""Miguel Rojas"",2024,35,1.0,0.91,288,0],[""Mark Canha"",2022,33,0.98,0.99,504,0],[""David Peralta"",2021,34,0.93,0.9,440,0]]}",0.928943927542168,-0.05989080447742173,0.928943927542168,270.0,0.925,251.0,557.0,266,262,FA,516.0,495.0,-265.0,-244.0,let go,False,206
670764,Taylor Walls,2026,1996-07-10,SS,S,Tampa Bay Rays,124,433,369,82,18,2,2,60,36,45,3,21,3,105,4,60,9,0,0,0,0,0,0,123,0,0,29.0,433.0,24.2,10.4,0.222,0.298,0.309,0.076,0.301,0.19,0.261,0.278,0.251,0.281,0.071,0.311,0.268,0.032,0.037,0.027,85.6,19.4,32.1,2.2,21.9,95.29496336,91.704933333,62.0,25.6,62.9,84.8,22.0,43.2,41.1,42.5,27.9,19.6,10.0,7.1,68.2,3.7,27.6,2.0,12.9,61.6,-14.0,27.9,4.37,9.0,33.0,39.0,280.0,72.6,61.9,taylor walls,TB,,,,,,,,390.0,30.0,3.1451612903225805,0.9006928406466512,201,SS,SS,True,339.0,172.67,2.396692273871662,217.33,0.7484690164509185,138.0,False,False,171,False,54.17041697226122,10.31062116096093,0.998506761294473,4.630455105483374,44.67233176850149,36.671299687079134,349.7626314555806,0.8077658925071146,40.23736854441938,0.09292694813953661,472.0,-82.0,"{'C': 423, 'SS': 594, '2B': 592, '3B': 571, '1B': 601, 'OF': 526, 'UT': 472}",0.9006928406466512,0.3856812933025404,-4.72961233132675,22.09737827715356,11.610486891385769,25.842696629213485,10.486891385767791,-3.7453183520599254,29.09930715935335,2.771362586605081,62.35565819861432,-0.027000000000000024,1.005730659025788,5,1993,-0.10503781837913673,1.005730659025788,4,False,-0.10503781837913673,2.099999999999998,-1.0,-0.5,22.0,2.0,141.0,0.0,,71.8,2026-04-06,2026-09-26,124.0,155.0,145.0,10.0,484.0,0.855,11.0,0.0,0.15,,established,24.2,0.4,1.086,"433 PA, already has the job · sprint 27.9 ft/s (61st pct) · 0.90/PA this year against 1.01 at his best, two steps to clear",xwOBA 0.251 (5th) · barrels 2.2% (6th) · EV 85.6 (8th) · hard-hit 22% (3rd) · K 24% (38th) · BB 10% (72nd) · chase 26% (79th) · bat speed 68.2 mph (7th) · sprint 27.9 (60th),"{""n"":20,""b"":0,""c"":[[""Josh Rojas"",2023,29,0.93,0.81,385,0],[""Isiah Kiner-Falefa"",2025,30,0.87,0.92,169,0],[""Jeimer Candelario"",2024,31,0.9,0.52,47,0],[""Daulton Varsho"",2024,28,0.99,1.17,318,0],[""Kyle Isbel"",2025,28,0.83,0.77,249,0]]}",0.8960216526274505,-0.01977893541086498,0.8960216526274505,280.0,0.943,251.0,538.0,266,346,FA,516.0,495.0,-265.0,-244.0,let go,False,207
695491,Joshua Báez,2026,2003-06-28,OF,R,St. Louis Cardinals,29,108,100,23,7,0,7,18,18,4,3,2,1,33,1,9,1,0,0,0,0,0,0,0,28,0,23.0,108.0,30.6,3.7,0.23,0.51,0.278,0.28,0.262,0.212,0.446,0.335,0.303,0.261,0.234,0.459,0.408,0.018,0.064,0.032,92.1,23.1,35.3,11.8,47.1,101.884043529,95.475688088,70.5,39.6,47.4,74.6,35.2,55.0,47.1,32.4,39.7,17.6,10.3,7.8,77.5,9.5,17.5,74.1,10.8,58.9,3.0,29.2,4.36,7.0,7.0,9.0,68.0,75.0,72.2,joshua baez,STL,,,,,,,,122.0,23.0,4.206896551724138,1.1296296296296295,415,OF,OF,True,339.0,172.67,2.396692273871662,-50.66999999999999,1.8102042778524758,-76.0,False,False,339,False,8.800328802348572,6.683215259990321,0.4325830729736342,5.283872864687471,14.261274280237128,13.8781561741411,105.93943045437823,0.980920652355354,16.060569545621775,0.14870897727427557,472.0,-350.0,"{'C': 423, 'SS': 594, '2B': 592, '3B': 571, '1B': 601, 'OF': 526, 'UT': 472}",1.1296296296296295,0.5555555555555556,-8.84049962160308,,,,,,11.11111111111111,38.888888888888886,22.22222222222222,-0.03200000000000003,,0,108,,,0,False,0.7796296296296296,,,,9.0,1.0,9.0,0.0,Left oblique strain,9.0,2026-08-15,2026-09-16,29.0,36.0,31.0,5.0,564.0,0.935,142.0,1.0,0.42000000000000004,59.0,top-100 prospect,65.5,5.3,0.43,"23 years old, an age that jumps 11% of the time · avg EV 92.1 (93rd pct) · sprint 29.2 ft/s (92nd pct)",xwOBA 0.303 (45th) · barrels 11.8% (83rd) · EV 92.1 (93rd) · hard-hit 47% (87th) · K 31% (12th) · BB 4% (5th) · chase 40% (8th) · bat speed 77.5 mph (98th) · sprint 29.2 (91st),"{""n"":20,""b"":0,""c"":[[""Colby Thomas"",2025,24,1.02,0.74,89,0],[""Jake Meyers"",2021,25,1.08,0.76,122,0],[""Colson Montgomery"",2025,23,1.11,0.87,558,0],[""Zack Gelof"",2023,24,1.16,0.92,504,0],[""Gavin Sheets"",2021,25,1.08,0.9,371,0]]}",1.054346274880074,0.009960942754447033,1.054346274880074,236.0,0.993,249.0,633.0,268,28,BAMBI,516.0,495.0,-267.0,-246.0,let go,False,208
665923,Esteury Ruiz,2026,1999-02-15,OF,R,Miami Marlins,109,255,213,46,12,1,6,38,17,26,12,34,8,82,1,27,4,0,2,0,0,0,0,0,113,0,27.0,255.0,32.2,10.2,0.216,0.366,0.333,0.15,0.317,0.175,0.288,0.317,0.275,0.299,0.113,0.402,0.321,0.041,0.078,0.042,82.7,24.4,39.6,7.5,23.9,95.310644921,91.745599762,68.2,31.5,54.5,74.8,32.4,48.3,51.5,31.3,26.1,26.9,15.7,7.6,71.3,4.5,14.1,18.7,15.7,38.7,2.0,29.9,4.3,10.0,15.0,21.0,134.0,76.1,61.2,esteury ruiz,MIA,,,,,,,,319.0,27.4,2.926605504587156,1.2509803921568627,244,OF,OF,True,339.0,172.67,2.396692273871662,146.33,0.5299132307154939,95.0,False,False,237,False,23.866203843516043,7.750987862823327,0.6554127438052083,5.002395549855419,32.49096617245632,22.536541095354337,293.64650726781065,1.1515549304620025,25.353492732189352,0.09942546169486022,472.0,-153.0,"{'C': 423, 'SS': 594, '2B': 592, '3B': 571, '1B': 601, 'OF': 526, 'UT': 472}",1.2509803921568627,0.43529411764705883,-5.167775507564282,,,,,,80.0,14.117647058823529,61.17647058823529,-0.04199999999999998,1.2509803921568627,2,876,0.0,,1,True,0.9009803921568628,,,,29.0,1.0,158.0,0.0,,67.69999999999999,2026-04-24,2026-09-27,109.0,137.0,137.0,0.0,302.0,0.796,28.0,1.0,0.15,,established,26.4,0.7,1.331,"sprint 29.9 ft/s (98th pct) · 1.25/PA is his best rate yet, so the bar is one step up · 27 years old, an age that jumps 3% of the time",xwOBA 0.275 (17th) · barrels 7.5% (52nd) · EV 82.7 (0th) · hard-hit 24% (4th) · K 32% (7th) · BB 10% (69th) · chase 32% (43rd) · bat speed 71.3 mph (38th) · sprint 29.9 (98th),"{""n"":20,""b"":0,""c"":[[""Sam Haggerty"",2022,28,1.15,1.1,119,0],[""David Hamilton"",2024,27,1.19,1.1,213,0],[""Jos\u00e9 Caballero"",2025,29,1.25,1.04,472,0],[""Tyler Wade"",2021,27,1.22,0.81,132,0],[""Jos\u00e9 Caballero"",2023,27,1.09,1.05,506,0]]}",1.053855678618113,-0.020371427220405795,1.053855678618113,236.0,0.946,249.0,632.0,268,31,FA,516.0,495.0,-267.0,-246.0,let go,False,209
681351,Logan O'Hoppe,2026,2000-02-09,DH,R,multi,85,274,251,55,9,0,4,25,24,17,3,0,0,67,2,42,5,14,0,75,0,0,0,0,0,8,26.0,275.0,24.7,6.2,0.218,0.302,0.274,0.084,0.28,0.206,0.332,0.259,0.267,0.264,0.126,0.306,0.32,0.012,-0.03,-0.008,86.8,16.8,30.5,9.1,35.8,98.818916667,93.427971774,71.1,34.8,46.8,85.8,28.7,51.2,44.4,39.0,28.9,22.5,9.6,7.4,71.9,11.2,22.8,24.8,12.7,60.5,-13.0,27.2,4.53,8.0,25.0,22.0,187.0,76.1,60.4,logan ohoppe,multi,Logan O'Hoppe,TEX,"C,DH",266.4,162.0,233.0,299.0,223.0,26.4,2.623529411764706,0.8138686131386861,320,C,C,False,162.0,425.5,3.7076163798852875,-202.5,-1.0840869681205816,-158.0,False,False,271,True,34.044532105020295,10.36531432655379,0.6277750318315181,6.668378536594393,28.27184191194917,28.450980433627162,234.76082234557634,0.8567913224291107,-11.760822345576344,-0.04292270929042463,423.0,-200.0,"{'C': 423, 'SS': 594, '2B': 592, '3B': 571, '1B': 601, 'OF': 526, 'UT': 472}",0.8138686131386861,0.2737226277372263,-9.107747541040434,,,,,,0.0,8.75912408759124,37.22627737226277,0.008000000000000007,1.0229885057471264,3,1462,-0.20911989260844033,1.0229885057471264,2,False,-0.20911989260844033,-6.100000000000001,-4.200000000000001,0.0,19.0,1.0,171.0,0.0,Left wrist fracture,110.2,2026-03-26,2026-09-11,85.0,132.0,115.0,17.0,386.0,0.739,0.0,0.0,0.15,,established,39.4,0.8,1.103,"deserved 0.86/PA on contact quality, got 0.81 · 26 years old, an age that jumps 4% of the time · sprint 27.2 ft/s (43rd pct)",xwOBA 0.267 (11th) · barrels 9.1% (65th) · EV 86.8 (20th) · hard-hit 36% (36th) · K 25% (35th) · BB 6% (23rd) · chase 35% (25th) · bat speed 71.9 mph (48th) · sprint 27.2 (42nd),"{""n"":20,""b"":0,""c"":[[""Jack Suwinski"",2024,26,0.84,0.76,135,0],[""Parker Meadows"",2025,26,0.83,0.97,38,0],[""Ezequiel Duran"",2024,25,0.76,0.82,180,0],[""Mickey Moniak"",2024,26,0.92,1.13,522,0],[""Gavin Sheets"",2023,27,0.77,0.8,401,0]]}",0.9310846963078494,-0.012888640320029626,0.9310846963078494,266.0,0.912,248.0,559.0,270,253,FA,516.0,495.0,-268.0,-247.0,let go,False,210
668901,Mark Vientos,2026,1999-12-11,1B,R,New York Mets,87,295,274,58,11,0,13,28,41,15,3,0,0,71,3,34,8,0,0,0,67,0,3,0,0,14,26.0,295.0,24.1,5.1,0.212,0.394,0.258,0.182,0.233,0.231,0.433,0.283,0.304,0.276,0.202,0.344,0.374,-0.019,-0.039,-0.021,89.8,14.6,31.1,9.7,43.7,100.784554369,94.654892913,74.4,35.2,48.0,79.7,31.1,53.9,37.4,43.7,29.6,17.5,9.2,7.5,73.7,13.2,23.6,34.5,13.1,62.0,-9.0,25.8,4.77,17.0,21.0,19.0,206.0,77.9,61.0,mark vientos,NYM,Mark Vientos,NYM,"1B,3B,DH",288.2,173.0,315.0,315.0,245.0,26.6,2.8160919540229883,0.8305084745762712,299,1B/3B,1B,False,173.0,377.19354838709677,3.4177922682813224,-132.19354838709677,-0.6017003142583341,-126.0,False,False,255,True,34.70560186724748,14.787838635251925,0.841517127753703,12.959042369746891,32.202438932416875,38.27432686149415,262.41276579391103,0.8895347993013933,-17.412765793911035,-0.05902632472512215,472.0,-227.0,"{'C': 423, 'SS': 594, '2B': 592, '3B': 571, '1B': 601, 'OF': 526, 'UT': 472}",0.8305084745762712,0.4101694915254237,-7.160015029425512,,,,,,0.0,26.440677966101696,30.508474576271187,0.02100000000000002,1.0638766519823788,4,1486,-0.2333681774061076,1.0638766519823788,3,False,-0.2333681774061076,-0.6999999999999993,-1.8000000000000007,2.5,52.0,1.0,76.0,0.0,Right hand fracture,66.4,2026-03-28,2026-09-26,87.0,165.0,120.0,45.0,398.0,0.725,2.0,0.0,0.15,,established,33.0,1.2,1.144,"deserved 0.89/PA on contact quality, got 0.83 · avg EV 89.8 (72nd pct) · 27 years old, an age that jumps 3% of the time · bat speed up 2.5 mph",xwOBA 0.304 (46th) · barrels 9.7% (71st) · EV 89.8 (70th) · hard-hit 44% (76th) · K 24% (39th) · BB 5% (13th) · chase 35% (23rd) · bat speed 73.7 mph (75th) · sprint 25.8 (13th),"{""n"":20,""b"":0,""c"":[[""Bo Naylor"",2025,25,0.95,0.64,63,0],[""Jared Triolo"",2025,27,0.88,0.83,300,0],[""Austin Hays"",2024,29,0.88,1.07,445,0],[""Jared Triolo"",2024,26,0.82,0.88,330,0],[""Jonah Heim"",2024,29,0.84,0.82,357,0]]}",0.9045094498422739,-0.020371427220405795,0.9045094498422739,274.0,0.947,248.0,543.0,270,330,FA,516.0,495.0,-268.0,-247.0,let go,False,211
664770,Nathan Lukes,2026,1994-07-12,OF,L,Toronto Blue Jays,125,450,408,113,15,0,10,48,41,25,7,1,1,64,3,88,1,0,10,0,0,0,0,0,141,0,31.0,450.0,14.2,5.6,0.277,0.387,0.327,0.11,0.306,0.258,0.348,0.317,0.293,0.31,0.09,0.339,0.309,0.019,0.039,0.024,86.9,7.8,30.8,2.5,29.1,96.384292965,92.230606851,66.3,34.1,78.9,86.8,15.9,50.2,31.6,54.0,19.5,22.0,4.5,6.4,67.0,6.3,29.4,3.2,6.0,43.7,-5.0,27.0,4.41,18.0,48.0,47.0,354.0,70.9,65.8,nathan lukes,TOR,Nathan Lukes,TOR,"LF,CF,RF",845.0,333.0,1206.0,484.0,414.0,32.0,3.312,0.92,188,OF,OF,False,333.0,172.67,2.396692273871662,241.33,0.9153077261283378,145.0,False,False,170,False,85.19098900199532,11.458630856872098,0.5817712802698964,8.032608860862702,47.641726033871144,43.47159475506564,392.36132078893684,0.8719140461976375,21.638679211063163,0.04808595380236258,472.0,-58.0,"{'C': 423, 'SS': 594, '2B': 592, '3B': 571, '1B': 601, 'OF': 526, 'UT': 472}",0.92,0.46444444444444444,-4.576701357608186,27.715355805243448,34.08239700374532,27.715355805243448,-6.367041198501873,0.0,1.3333333333333333,13.333333333333334,33.33333333333333,-0.02400000000000002,1.0022831050228311,2,1010,-0.0822831050228311,1.0022831050228311,1,False,-0.0822831050228311,0.5,-2.3,-1.0,30.0,1.0,39.0,0.0,Left hamstring strain,35.4,2026-03-27,2026-09-26,125.0,165.0,136.0,29.0,536.0,0.919,0.0,0.0,0.15,,established,25.7,0.4,1.082,"450 PA, already has the job · 0.92/PA this year against 1.00 at his best, two steps to clear · 1,010 career PA, a known quantity",xwOBA 0.293 (32nd) · barrels 2.5% (9th) · EV 86.9 (23rd) · hard-hit 29% (13th) · K 14% (91st) · BB 6% (17th) · chase 34% (29th) · bat speed 67.0 mph (3rd) · sprint 27.0 (36th),"{""n"":20,""b"":0,""c"":[[""Jean Segura"",2022,32,0.98,0.7,228,0],[""Joey Wendle"",2022,32,0.87,0.73,233,0],[""Masataka Yoshida"",2024,31,0.98,0.91,187,0],[""Mauricio Dub\u00f3n"",2024,30,0.86,0.82,328,0],[""Miguel Rojas"",2021,32,0.94,0.76,385,0]]}",0.8285046154041384,-0.035407766755750046,0.8285046154041384,298.0,0.972,247.0,497.0,272,447,FA,516.0,495.0,-269.0,-248.0,let go,False,212
656716,Zach McKinstry,2026,1995-04-29,OF,L,Detroit Tigers,129,423,371,74,15,4,4,42,26,42,5,3,5,69,2,51,4,0,9,0,0,45,8,34,71,0,31.0,423.0,16.3,9.9,0.199,0.294,0.288,0.095,0.233,0.23,0.31,0.265,0.284,0.314,0.079,0.26,0.286,-0.031,-0.016,-0.019,85.8,14.7,37.1,2.0,22.5,95.167032583,91.585102086,67.0,28.0,63.5,90.6,17.0,48.2,39.1,40.1,28.0,26.4,5.5,6.6,68.0,5.4,26.6,4.3,8.0,40.4,-15.0,27.9,4.31,8.0,21.0,45.0,307.0,71.8,64.1,zach mckinstry,DET,Zach McKinstry,DET,"2B,3B,SS,LF,CF,RF",302.6,183.0,324.0,323.0,321.0,31.2,2.488372093023256,0.7588652482269503,241,2B/3B/SS/OF,2B/SS/OF,False,183.0,377.19354838709677,3.1811021036719445,-56.19354838709677,-0.6927300106486887,-58.0,False,False,237,False,68.37530309499188,9.98580414360171,1.5834824278209418,5.385410333585468,46.11382137479007,37.6614513111956,353.74427268598566,0.8362748763262072,-32.74427268598566,-0.07740962809925689,472.0,-151.0,"{'C': 423, 'SS': 594, '2B': 592, '3B': 571, '1B': 601, 'OF': 526, 'UT': 472}",0.7588652482269503,0.3617021276595745,-8.555334998912535,0.7490636704119851,7.865168539325842,0.7490636704119851,-7.116104868913857,0.0,4.25531914893617,5.673758865248227,59.57446808510639,0.01899999999999996,1.0450097847358122,4,2134,-0.28614453650886185,1.0450097847358122,3,False,-0.28614453650886185,-5.399999999999999,-4.1,0.5,18.0,1.0,18.0,0.0,,18.0,2026-03-27,2026-09-27,129.0,163.0,145.0,18.0,473.0,0.89,1.0,0.0,0.15,,established,25.0,0.3,1.125,"deserved 0.84/PA on contact quality, got 0.76 · 423 PA, already has the job · sprint 27.9 ft/s (61st pct)",xwOBA 0.284 (23rd) · barrels 2.0% (5th) · EV 85.8 (11th) · hard-hit 22% (3rd) · K 16% (85th) · BB 10% (66th) · chase 28% (66th) · bat speed 68.0 mph (5th) · sprint 27.9 (60th),"{""n"":20,""b"":0,""c"":[[""Jonathan Schoop"",2022,31,0.74,0.64,96,0],[""Javier B\u00e1ez"",2023,31,0.82,0.76,221,0],[""Adam Frazier"",2024,32,0.78,0.9,411,0],[""Santiago Espinal"",2025,31,0.68,0.8,48,0],[""Tyrone Taylor"",2025,31,0.89,1.14,274,0]]}",0.8801776364825176,-0.03573509974786369,0.8801776364825176,279.0,0.986,246.0,528.0,273,380,FA,516.0,495.0,-270.0,-249.0,let go,False,213
687221,Dalton Rushing,2026,2001-02-21,C,L,Los Angeles Dodgers,80,253,224,55,12,0,12,37,36,23,5,0,0,74,1,31,1,10,0,59,9,0,0,0,0,7,25.0,253.0,29.2,9.1,0.246,0.46,0.328,0.214,0.309,0.249,0.426,0.344,0.336,0.334,0.177,0.446,0.428,-0.003,0.034,0.008,89.5,18.6,35.8,11.9,43.7,101.8105508,95.071908725,69.7,30.4,50.7,76.7,31.8,49.1,45.7,32.5,27.8,31.1,8.6,7.5,72.4,12.5,21.6,15.1,12.7,54.7,4.0,27.4,4.43,13.0,11.0,31.0,151.0,80.7,63.6,dalton rushing,LAD,Dalton Rushing,LAD,"C,1B,DH",462.7,265.0,442.0,476.0,278.0,25.4,3.475,1.098814229249012,272,C,C,False,265.0,223.9,2.840653659676383,54.099999999999994,0.6343463403236171,-7.0,False,False,250,False,34.960999104478326,11.092150149933854,0.6127023866973017,9.110148358890513,31.410810467549677,29.850436907254835,259.46124737480454,1.0255385271731405,18.538752625195457,0.07327570207587142,423.0,-145.0,"{'C': 423, 'SS': 594, '2B': 592, '3B': 571, '1B': 601, 'OF': 526, 'UT': 472}",1.098814229249012,0.49407114624505927,-6.249475053638234,,,,,,0.0,28.458498023715414,54.54545454545455,-0.007999999999999952,1.098814229249012,1,408,0.0,,0,False,0.748814229249012,-8.2,-2.0999999999999996,-0.6999999999999886,48.0,2.0,58.0,0.0,Right elbow inflammation,54.0,2026-03-30,2026-09-27,80.0,160.0,116.0,44.0,353.0,0.69,4.0,0.0,0.15,,established,34.2,1.2,1.179,"25 years old, an age that jumps 5% of the time · 408 career PA, still new · avg EV 89.5 (67th pct)",xwOBA 0.336 (80th) · barrels 11.9% (83rd) · EV 89.5 (64th) · hard-hit 44% (76th) · K 29% (16th) · BB 9% (55th) · chase 30% (49th) · bat speed 72.4 mph (57th) · sprint 27.4 (48th),"{""n"":20,""b"":0,""c"":[[""Heriberto Hern\u00e1ndez"",2025,26,1.02,1.03,518,0],[""Chas McCormick"",2021,26,1.07,0.96,389,0],[""Jake Meyers"",2021,25,1.08,0.76,122,0],[""Colson Montgomery"",2025,23,1.11,0.87,558,0],[""Ryan Jeffers"",2023,26,1.14,1.0,464,0]]}",0.9372064186867617,-0.012779447936574123,0.9372064186867617,259.0,0.957,243.0,562.0,274,240,FA,516.0,495.0,-273.0,-252.0,let go,False,214
682668,Luisangel Acuña,2026,2002-03-12,SS,R,Chicago White Sox,104,224,210,48,4,0,2,23,13,9,1,18,6,44,2,42,4,0,2,0,0,1,0,65,32,4,24.0,224.0,19.6,4.0,0.229,0.276,0.261,0.047,0.277,0.247,0.324,0.241,0.269,0.282,0.076,0.277,0.313,-0.018,-0.048,-0.028,88.5,2.2,24.7,3.5,36.5,99.237194699,93.747815152,71.4,34.1,53.8,85.6,25.8,51.3,37.1,58.2,15.9,20.6,5.3,7.5,72.2,12.3,28.4,28.1,8.8,64.7,-15.0,29.8,4.22,4.0,23.0,21.0,170.0,83.7,64.3,luisangel acuna,CWS,Luisangel Acuna,CWS,"2B,SS,CF",389.0,237.0,385.0,372.0,206.0,24.3,1.9807692307692308,0.9196428571428571,338,2B/SS/OF,SS/OF,False,237.0,315.5,3.0867599025400003,-109.5,-1.1059906717707695,-101.0,False,False,279,True,43.120201056047854,4.965529214271906,0.3583384033126126,3.4259313263676225,26.832318806280064,18.97655839181502,229.50887719809506,1.0245932017772101,-23.508877198095064,-0.10495034463435304,472.0,-266.0,"{'C': 423, 'SS': 594, '2B': 592, '3B': 571, '1B': 601, 'OF': 526, 'UT': 472}",0.9196428571428571,0.34375,-8.09184880165133,,,,,,48.214285714285715,5.357142857142857,24.107142857142858,0.028000000000000025,0.9196428571428571,1,457,0.0,,0,False,0.5696428571428571,0.40000000000000213,2.1,1.5,0.0,0.0,0.0,0.0,,0.0,2026-03-26,2026-09-27,103.0,164.0,164.0,0.0,221.0,0.628,0.0,0.0,0.15,,young / establishing,29.2,22.2,1.0,"deserved 1.02/PA on contact quality, got 0.92 · 24 years old, an age that jumps 8% of the time · sprint 29.8 ft/s (97th pct) · barrel rate up 2.1 pts on last year · bat speed up 1.5 mph",xwOBA 0.269 (12th) · barrels 3.5% (16th) · EV 88.5 (48th) · hard-hit 36% (39th) · K 20% (69th) · BB 4% (7th) · chase 34% (29th) · bat speed 72.2 mph (53rd) · sprint 29.8 (97th),"{""n"":20,""b"":2,""c"":[[""Jos\u00e9 Az\u00f3car"",2022,26,0.83,1.07,109,0],[""Alek Thomas"",2023,23,0.93,0.98,101,0],[""Ben Williamson"",2025,25,0.82,0.87,248,0],[""Jarren Duran"",2022,26,0.88,1.23,446,0],[""Tyler Freeman"",2023,24,0.92,0.91,348,0]]}",1.0473992595682011,0.00019966633770723946,1.0473992595682011,231.0,1.0,242.0,628.0,275,34,FA,516.0,495.0,-274.0,-253.0,let go,False,215
668885,Austin Martin,2026,1999-03-23,OF,R,Minnesota Twins,118,358,302,69,17,0,3,42,24,45,8,12,8,68,3,49,1,0,5,0,0,0,0,0,121,0,27.0,358.0,19.0,12.6,0.228,0.315,0.341,0.087,0.282,0.23,0.314,0.303,0.303,0.343,0.084,0.3,0.301,-0.002,0.001,0.0,86.8,12.3,34.2,3.0,28.3,96.379876724,92.254509397,62.5,18.0,52.8,88.0,20.0,40.0,40.1,47.7,22.8,23.6,5.9,6.7,69.1,7.5,32.8,4.1,10.9,51.6,-5.0,27.8,4.49,8.0,30.0,31.0,237.0,78.8,57.3,austin martin,MIN,,,,,,,,328.0,27.3,2.7796610169491527,0.9162011173184358,232,OF,OF,True,339.0,172.67,2.396692273871662,155.33,0.3829687430774906,107.0,False,False,237,False,54.22486800304576,9.929521726149135,0.47835253856446713,4.8272577322406445,41.037299045152,32.01282755374586,335.3381265988979,0.9366986776505527,-7.3381265988978726,-0.020497560332116915,472.0,-144.0,"{'C': 423, 'SS': 594, '2B': 592, '3B': 571, '1B': 601, 'OF': 526, 'UT': 472}",0.9162011173184358,0.41899441340782123,-6.950217076990799,25.0936329588015,19.850187265917604,5.617977528089887,5.2434456928838955,19.475655430711612,20.11173184357542,5.027932960893855,75.41899441340783,0.0,0.9416342412451362,2,796,-0.025433123926700385,,1,False,0.5662011173184358,1.8999999999999986,-2.5,0.8999999999999915,24.0,1.0,37.0,0.0,Left hamstring strain,27.9,2026-03-26,2026-09-27,118.0,162.0,141.0,21.0,411.0,0.837,0.0,0.0,0.15,,established,26.8,2.0,1.022,"deserved 0.94/PA on contact quality, got 0.92 · 27 years old, an age that jumps 3% of the time · 0.92/PA is his best rate yet, so the bar is one step up · bat speed up 0.9 mph",xwOBA 0.303 (45th) · barrels 3.0% (12th) · EV 86.8 (20th) · hard-hit 28% (12th) · K 19% (72nd) · BB 13% (90th) · chase 18% (99th) · bat speed 69.1 mph (14th) · sprint 27.8 (57th),"{""n"":20,""b"":1,""c"":[[""Owen Miller"",2023,27,0.94,0.59,16,0],[""Richie Palacios"",2024,27,0.98,1.27,61,0],[""Carson Kelly"",2022,28,0.89,0.87,132,0],[""Will Brennan"",2024,26,0.9,0.46,6,0],[""Harold Ram\u00edrez"",2022,28,0.97,1.11,480,0]]}",0.9237449639466178,-0.020371427220405795,0.9237449639466178,255.0,0.978,236.0,554.0,276,278,FA,516.0,495.0,-280.0,-259.0,let go,False,216
592626,Joc Pederson,2026,1992-04-21,DH,L,Texas Rangers,136,432,374,88,12,2,26,56,53,49,5,2,0,102,3,48,1,0,0,0,9,0,0,0,3,117,34.0,432.0,23.6,11.3,0.235,0.487,0.329,0.252,0.249,0.242,0.445,0.352,0.343,0.334,0.203,0.416,0.402,-0.007,0.042,0.009,92.1,16.0,30.9,11.3,50.9,102.047397007,95.678260401,64.8,30.1,52.4,78.7,30.0,47.0,42.9,41.1,31.3,20.7,6.9,7.5,72.2,13.1,25.6,22.5,9.5,56.0,13.0,25.0,4.6,28.0,25.0,35.0,275.0,68.5,58.5,joc pederson,TEX,,,,,,,,438.0,34.2,3.2205882352941178,1.0138888888888888,171,1B,UT,True,339.0,172.67,2.396692273871662,265.33000000000004,0.8238959614224557,168.0,False,False,132,False,54.33441117441362,15.421296620811603,1.7561732351359132,18.99611896963886,49.09450824539936,56.58063778471625,421.6131460301156,0.9759563565511935,16.386853969884385,0.037932532337695335,472.0,-34.0,"{'C': 423, 'SS': 594, '2B': 592, '3B': 571, '1B': 601, 'OF': 526, 'UT': 472}",1.0138888888888888,0.5555555555555556,-2.744904394988266,62.92134831460674,71.53558052434457,44.9438202247191,-8.614232209737828,17.97752808988764,2.7777777777777777,36.11111111111111,68.05555555555556,-0.008999999999999952,1.135857461024499,6,2526,-0.12196857213561008,1.135857461024499,5,False,-0.12196857213561008,2.400000000000002,1.8000000000000007,-1.0999999999999943,5.0,1.0,107.0,0.0,,66.19999999999999,2026-03-26,2026-09-12,136.0,155.0,155.0,0.0,452.0,0.877,0.0,0.0,0.15,,established,34.3,0.3,1.216,"avg EV 92.1 (93rd pct) · 432 PA, already has the job · 1.01/PA this year against 1.14 at his best, two steps to clear",xwOBA 0.343 (85th) · barrels 11.3% (81st) · EV 92.1 (93rd) · hard-hit 51% (95th) · K 24% (44th) · BB 11% (82nd) · chase 30% (52nd) · bat speed 72.2 mph (53rd) · sprint 25.0 (4th),"{""n"":20,""b"":0,""c"":[[""Christian Walker"",2024,33,1.03,0.93,596,0],[""Max Muncy"",2025,35,1.05,1.04,585,0],[""Manny Machado"",2024,32,1.08,1.06,722,0],[""Christian Walker"",2025,34,0.93,0.93,591,0],[""Willson Contreras"",2025,33,1.01,1.1,590,0]]}",0.8693316251608019,-0.04369876870972289,0.8693316251608019,271.0,0.9,236.0,522.0,276,396,FA,516.0,495.0,-280.0,-259.0,let go,False,217
699302,Héctor Rodríguez,2026,2004-03-11,OF,L,Cincinnati Reds,41,152,144,33,4,2,6,16,17,7,1,0,2,39,0,21,1,0,0,0,0,0,0,0,38,2,22.0,152.0,25.7,4.6,0.229,0.41,0.27,0.181,0.273,0.198,0.329,0.295,0.251,0.24,0.132,0.374,0.31,0.031,0.081,0.044,88.2,11.4,26.7,6.7,34.3,99.171249615,93.590612788,72.1,42.8,60.4,82.0,27.2,55.7,41.0,52.4,29.5,12.4,5.7,7.9,75.0,9.4,17.6,51.8,11.6,56.9,-2.0,28.2,4.21,8.0,16.0,9.0,105.0,86.1,67.1,hector rodriguez,CIN,,,,,,,,132.0,22.3,3.2195121951219514,0.868421052631579,405,OF,OF,True,339.0,172.67,2.396692273871662,-40.66999999999999,0.8228199212502894,-66.0,False,False,339,False,18.618533015412112,4.96672900324765,0.738942947268354,4.187795034071882,16.15447180219772,15.691922829146883,114.8783946313446,0.7557789120483198,17.121605368655395,0.11264214058325916,472.0,-340.0,"{'C': 423, 'SS': 594, '2B': 592, '3B': 571, '1B': 601, 'OF': 526, 'UT': 472}",0.868421052631579,0.39473684210526316,-9.421265010302879,,,,,,0.0,23.684210526315788,27.63157894736842,-0.043999999999999984,,0,152,,,0,False,0.518421052631579,,,,0.0,0.0,0.0,0.0,,0.0,2026-08-04,2026-09-27,41.0,51.0,51.0,0.0,483.0,0.804,131.0,1.0,0.15,,young / establishing,52.3,5.1,0.43,"22 years old, an age that jumps 18% of the time · sprint 28.2 ft/s (71st pct) · got 0.87/PA but deserved 0.76",xwOBA 0.251 (5th) · barrels 6.7% (44th) · EV 88.2 (44th) · hard-hit 34% (29th) · K 26% (29th) · BB 5% (9th) · chase 43% (4th) · bat speed 75.0 mph (88th) · sprint 28.2 (70th),"{""n"":20,""b"":1,""c"":[[""Marcelo Mayer"",2025,22,0.85,0.73,178,0],[""Ezequiel Duran"",2022,23,0.86,1.0,440,0],[""Liover Peguero"",2023,22,0.91,0.6,6,0],[""Elehuris Montero"",2022,24,0.88,0.93,284,0],[""Blaze Alexander"",2024,25,0.86,0.9,239,0]]}",0.9436901602185301,0.009942511913038151,0.9436901602185301,249.0,1.0,235.0,566.0,278,227,FA,516.0,495.0,-281.0,-260.0,let go,False,218
669707,Jared Triolo,2026,1998-02-08,SS,R,Pittsburgh Pirates,125,362,324,77,12,0,3,34,29,28,5,13,1,72,1,62,10,0,0,0,8,0,50,71,7,2,28.0,362.0,19.9,7.7,0.238,0.302,0.307,0.064,0.296,0.241,0.316,0.278,0.284,0.311,0.075,0.302,0.31,-0.003,-0.014,-0.006,86.3,6.1,32.9,2.4,32.9,97.382690726,92.701064274,64.5,25.7,55.5,86.9,22.1,45.1,38.4,51.0,18.4,27.1,3.5,7.6,70.4,9.8,27.7,4.7,7.5,47.3,-11.0,28.3,4.42,11.0,30.0,36.0,255.0,79.8,60.5,jared triolo,PIT,Jared Triolo,PIT,"1B,2B,3B,SS,RF",445.0,262.0,408.0,454.0,300.0,28.4,2.4,0.8287292817679558,260,1B/3B/SS,3B/SS,False,262.0,223.9,2.840653659676383,76.1,-0.44065365967638304,2.0,False,False,247,False,64.00163414050276,8.73237169961224,0.48235417926724494,4.867639980617757,40.672090477076594,31.668275679054286,314.8083661561309,0.8696363705970467,-14.808366156130887,-0.04090708882909089,472.0,-172.0,"{'C': 423, 'SS': 594, '2B': 592, '3B': 571, '1B': 601, 'OF': 526, 'UT': 472}",0.8287292817679558,0.35911602209944754,-6.88283784127654,4.868913857677903,7.490636704119851,7.490636704119851,-2.6217228464419478,-2.6217228464419478,21.54696132596685,4.972375690607735,46.408839779005525,0.00599999999999995,1.0478468899521531,4,1393,-0.21911760818419734,1.0478468899521531,3,False,-0.21911760818419734,-0.3000000000000007,-3.8000000000000003,-1.1999999999999886,27.0,1.0,36.0,0.0,,32.4,2026-03-26,2026-09-27,125.0,165.0,139.0,26.0,422.0,0.899,0.0,0.0,0.15,,established,27.1,0.6,1.128,"deserved 0.87/PA on contact quality, got 0.83 · sprint 28.3 ft/s (74th pct) · 1,393 career PA, a known quantity",xwOBA 0.284 (23rd) · barrels 2.4% (8th) · EV 86.3 (15th) · hard-hit 33% (23rd) · K 20% (66th) · BB 8% (38th) · chase 26% (78th) · bat speed 70.4 mph (28th) · sprint 28.3 (72nd),"{""n"":20,""b"":0,""c"":[[""Santiago Espinal"",2023,29,0.81,0.88,345,0],[""Taylor Walls"",2024,28,0.84,0.91,289,0],[""Myles Straw"",2023,29,0.86,2.5,10,0],[""Nicky Lopez"",2023,28,0.87,0.73,326,0],[""Danny Jansen"",2024,29,0.83,0.98,331,0]]}",0.8815215723627127,-0.016978344977301236,0.8815215723627127,264.0,0.974,233.0,529.0,279,377,FA,516.0,495.0,-283.0,-262.0,let go,False,219
700337,Edgar Quero,2026,2003-04-06,C,S,Chicago White Sox,69,217,187,38,1,0,3,14,19,18,5,1,0,43,5,34,7,11,0,55,0,0,0,0,0,5,23.0,217.0,19.8,8.3,0.203,0.257,0.284,0.054,0.24,0.222,0.315,0.251,0.282,0.305,0.093,0.253,0.298,-0.019,-0.058,-0.031,90.7,9.8,26.5,2.7,39.1,99.170153425,94.034440205,75.3,25.7,61.6,85.0,21.3,49.4,33.1,51.7,26.5,17.9,4.0,6.9,68.9,10.2,29.8,3.9,4.8,50.0,-12.0,24.3,4.87,5.0,18.0,15.0,151.0,81.7,54.8,edgar quero,CWS,Edgar Quero,CWS,"C,DH",354.0,217.0,308.0,407.0,160.0,23.2,2.318840579710145,0.7373271889400922,376,C,C,False,217.0,340.5483870967742,3.0867599025400003,-180.5483870967742,-0.7679193228298553,-159.0,False,False,339,True,32.3942152785388,4.788943273544882,0.39046761729383744,3.940373830622481,19.062385109545335,22.168025392122427,182.64941050166777,0.8417023525422478,-22.649410501667774,-0.1043751636021556,423.0,-263.0,"{'C': 423, 'SS': 594, '2B': 592, '3B': 571, '1B': 601, 'OF': 526, 'UT': 472}",0.7373271889400922,0.2626728110599078,-10.136718647864175,,,,,,2.7649769585253456,8.294930875576037,49.76958525345622,0.030999999999999972,0.8808933002481389,2,620,-0.14356611130804675,0.8808933002481389,1,False,-0.14356611130804675,2.1999999999999993,-1.0,1.4000000000000057,0.0,0.0,0.0,0.0,,0.0,2026-03-26,2026-09-11,69.0,156.0,156.0,0.0,225.0,0.442,0.0,0.0,0.15,,young / establishing,43.5,16.5,0.961,"23 years old, an age that jumps 11% of the time · deserved 0.84/PA on contact quality, got 0.74 · avg EV 90.7 (85th pct) · bat speed up 1.4 mph",xwOBA 0.282 (22nd) · barrels 2.7% (9th) · EV 90.7 (83rd) · hard-hit 39% (53rd) · K 20% (67th) · BB 8% (48th) · chase 26% (78th) · bat speed 68.9 mph (13th) · sprint 24.3 (1st),"{""n"":20,""b"":0,""c"":[[""Cal Mitchell"",2022,23,0.81,0.2,1,0],[""Curtis Mead"",2024,24,0.69,0.81,213,0],[""Jose F Miranda"",2023,25,0.68,0.95,408,0],[""Ronny Mauricio"",2025,24,0.83,0.89,55,0],[""Samuel Basallo"",2025,21,0.81,0.95,379,0]]}",0.8768108977616998,0.009960942754447033,0.8768108977616998,265.0,1.0,232.0,526.0,280,385,FA,516.0,495.0,-284.0,-263.0,let go,False,220
691777,Max Muncy,2026,2002-08-25,3B,R,Athletics,82,284,256,59,9,2,9,31,30,21,4,3,2,91,3,39,3,0,0,0,0,0,56,1,4,22,23.0,284.0,32.0,7.4,0.23,0.387,0.296,0.157,0.314,0.218,0.366,0.3,0.288,0.285,0.149,0.403,0.381,0.012,0.021,0.012,89.1,15.9,33.3,10.7,43.5,101.562068929,95.003906131,68.8,33.2,42.6,81.1,32.4,50.0,44.0,41.1,22.6,22.0,14.3,7.5,74.1,11.2,18.9,45.5,10.1,53.5,-2.0,27.7,4.46,13.0,25.0,21.0,168.0,79.5,68.0,max muncy,ATH,,,,,,,,250.0,23.8,3.048780487804878,0.8802816901408451,293,3B,3B,True,339.0,172.67,2.396692273871662,77.33000000000001,0.652088213933216,46.0,False,False,255,False,35.71563043980986,10.416251494154425,1.3006056922615732,8.375512373774141,32.2980362902839,30.913964452663713,243.9720007429476,0.8590563406441818,6.027999257052386,0.021225349496663326,472.0,-222.0,"{'C': 423, 'SS': 594, '2B': 592, '3B': 571, '1B': 601, 'OF': 526, 'UT': 472}",0.8802816901408451,0.3274647887323944,-7.33423477393833,,,,,,6.338028169014084,19.014084507042252,44.36619718309859,-0.01200000000000001,0.8802816901408451,2,504,0.0,0.7636363636363637,1,False,0.11664532650448145,1.1000000000000014,0.5999999999999996,1.0,46.0,2.0,106.0,0.0,Left knee chondromalacia,82.0,2026-03-27,2026-09-17,82.0,159.0,118.0,41.0,390.0,0.695,0.0,0.0,0.15,,young / establishing,32.7,5.5,0.96,"24 years old, an age that jumps 8% of the time · 0.88/PA is his best rate yet, so the bar is one step up · 504 career PA, still new · bat speed up 1.0 mph",xwOBA 0.288 (28th) · barrels 10.7% (77th) · EV 89.1 (56th) · hard-hit 44% (74th) · K 32% (7th) · BB 7% (34th) · chase 33% (33rd) · bat speed 74.1 mph (80th) · sprint 27.7 (55th),"{""n"":20,""b"":2,""c"":[[""Coby Mayo"",2025,24,0.86,1.01,457,0],[""Henry Davis"",2023,24,0.85,0.6,73,0],[""Hunter Goodman"",2024,25,0.92,1.13,654,1],[""Rodolfo Castro"",2022,23,0.88,0.72,184,0],[""Trevor Larnach"",2021,24,0.84,0.93,168,0]]}",0.9155287171712275,0.00019966633770723946,0.9155287171712275,252.0,0.934,231.0,549.0,281,302,Dpf,516.0,495.0,-285.0,-264.0,let go,False,221
691458,Blaze Jordan,2026,2002-12-19,3B,R,St. Louis Cardinals,58,199,186,46,8,4,3,16,28,7,2,0,0,30,4,31,5,0,0,0,10,0,52,0,0,0,23.0,199.0,15.1,3.5,0.247,0.382,0.276,0.135,0.274,0.266,0.425,0.284,0.317,0.299,0.159,0.314,0.355,-0.019,-0.043,-0.033,88.4,9.1,33.1,10.1,45.0,100.055589,94.265054591,73.4,35.7,64.6,86.5,20.8,54.3,38.8,45.6,20.6,26.9,6.9,7.3,72.7,12.3,25.6,26.5,5.9,40.7,-5.0,25.8,4.7,11.0,13.0,22.0,160.0,76.7,66.8,blaze jordan,STL,,,,,,,,165.0,23.5,2.8448275862068964,0.8291457286432161,368,1B/3B,3B,True,339.0,172.67,2.396692273871662,-7.6699999999999875,0.4481353123352343,-29.0,False,False,339,False,33.03037299585654,9.001766987880355,1.759347036669653,5.684512979593448,21.39581050970574,23.7061304550783,177.62794096478402,0.892602718416,-12.627940964784017,-0.06345698977278391,472.0,-307.0,"{'C': 423, 'SS': 594, '2B': 592, '3B': 571, '1B': 601, 'OF': 526, 'UT': 472}",0.8291457286432161,0.4623115577889447,-8.965171983468604,,,,,,0.0,9.045226130653266,21.105527638190953,0.03300000000000003,,0,199,,,0,False,0.47914572864321614,,,,30.0,1.0,30.0,0.0,Left ankle sprain,30.0,2026-06-12,2026-08-27,58.0,76.0,70.0,6.0,461.0,0.829,78.0,1.0,0.15,,young / establishing,54.8,9.8,0.43,"24 years old, an age that jumps 8% of the time · deserved 0.89/PA on contact quality, got 0.83 · sprint 25.8 ft/s (13th pct)",xwOBA 0.317 (62nd) · barrels 10.1% (73rd) · EV 88.4 (46th) · hard-hit 45% (82nd) · K 15% (88th) · BB 4% (3rd) · chase 36% (21st) · bat speed 72.7 mph (62nd) · sprint 25.8 (13th),"{""n"":20,""b"":3,""c"":[[""Josh Naylor"",2021,24,0.9,1.01,502,0],[""Andr\u00e9s Chaparro"",2024,25,0.89,0.6,44,0],[""Graham Pauley"",2025,25,0.81,0.85,131,0],[""Miguel Amaya"",2023,24,0.87,0.91,329,0],[""Cal Mitchell"",2022,23,0.81,0.2,1,0]]}",0.9681998774003882,0.00019966633770723946,0.9681998774003882,239.0,0.976,231.0,581.0,281,160,FA,516.0,495.0,-285.0,-264.0,let go,False,222
641857,Ryan McMahon,2026,1994-12-14,3B,L,New York Yankees,124,360,328,70,14,0,11,33,41,28,2,3,2,106,1,45,9,0,0,0,0,0,122,2,0,0,31.0,360.0,29.4,7.8,0.213,0.357,0.279,0.144,0.278,0.23,0.381,0.282,0.297,0.294,0.152,0.36,0.384,-0.017,-0.024,-0.015,90.5,14.3,32.1,9.0,44.8,101.386570182,95.088092055,62.9,28.2,42.7,82.3,30.2,45.5,41.5,41.1,31.3,23.2,4.5,7.4,74.7,13.1,22.4,49.1,11.1,50.3,-10.0,25.9,4.59,18.0,18.0,34.0,224.0,75.7,61.4,ryan mcmahon,NYY,Ryan McMahon,NYY,3B,343.4,208.0,410.0,346.0,291.0,31.5,2.346774193548387,0.8083333333333333,268,3B,3B,False,208.0,340.5483870967742,3.1811021036719445,-49.548387096774206,-0.8343279101235574,-60.0,False,False,250,False,48.63701313048779,14.888068023029515,0.7768245624776147,11.138094284005085,37.8676192010544,41.37863434546848,309.9822535465229,0.861061815407008,-18.982253546522884,-0.05272848207367464,472.0,-181.0,"{'C': 423, 'SS': 594, '2B': 592, '3B': 571, '1B': 601, 'OF': 526, 'UT': 472}",0.8083333333333333,0.32222222222222224,-6.9300851129760925,2.9962546816479403,2.6217228464419478,6.367041198501873,0.37453183520599254,-3.370786516853933,5.0,18.333333333333332,46.666666666666664,0.015000000000000013,1.0251677852348993,6,3411,-0.21683445190156592,1.0251677852348993,5,True,-0.21683445190156592,-2.8999999999999986,-3.0999999999999996,0.7000000000000028,20.0,2.0,20.0,0.0,,20.0,2026-03-25,2026-09-25,124.0,166.0,145.0,21.0,402.0,0.855,0.0,0.0,0.15,,established,33.4,0.2,1.105,"deserved 0.86/PA on contact quality, got 0.81 · avg EV 90.5 (82nd pct) · sprint 25.9 ft/s (14th pct)",xwOBA 0.297 (38th) · barrels 9.0% (65th) · EV 90.5 (80th) · hard-hit 45% (80th) · K 29% (15th) · BB 8% (40th) · chase 28% (65th) · bat speed 74.7 mph (86th) · sprint 25.9 (14th),"{""n"":20,""b"":0,""c"":[[""Adolis Garc\u00eda"",2025,32,0.97,0.78,201,0],[""Jorge Soler"",2025,33,0.85,0.86,310,0],[""Seth Brown"",2024,32,0.85,0.68,52,0],[""Rhys Hoskins"",2025,32,0.91,0.85,268,0],[""Ty France"",2025,31,0.86,1.07,533,0]]}",0.8696272885770399,-0.035407766755750046,0.8696272885770399,265.0,0.984,230.0,522.0,283,396,FA,516.0,495.0,-286.0,-265.0,let go,False,223
695670,Harry Ford,2026,2003-02-21,C,R,Washington Nationals,38,118,100,19,7,0,3,17,10,17,1,3,0,28,0,9,0,6,0,36,0,0,0,0,0,1,23.0,118.0,23.7,14.4,0.19,0.35,0.314,0.16,0.232,0.192,0.332,0.302,0.296,0.315,0.14,0.319,0.309,-0.002,0.018,0.006,84.9,13.5,31.9,9.7,34.7,98.298077222,93.261197083,66.4,18.7,56.0,80.0,25.5,42.0,36.1,50.0,30.6,13.9,5.6,6.5,69.2,7.7,23.6,4.6,14.2,51.5,-2.0,27.2,4.57,5.0,6.0,8.0,72.0,85.3,52.5,harry ford,WSH,Harry Ford,WSH,C,417.7,245.0,407.0,440.0,120.0,23.4,3.1578947368421053,1.0169491525423728,418,C,C,False,245.0,304.0,3.072,-184.0,0.08589473684210525,-173.0,False,False,339,True,11.414084034780643,4.532196675807094,0.2933545440438741,2.960364745368386,13.350530785352193,12.353989911790494,117.10452069714269,0.9924111923486668,2.8954793028573107,0.02453796019370602,423.0,-303.0,"{'C': 423, 'SS': 594, '2B': 592, '3B': 571, '1B': 601, 'OF': 526, 'UT': 472}",1.0169491525423728,0.4576271186440678,-10.020724947597163,,,,,,15.254237288135593,15.254237288135593,86.4406779661017,-0.006000000000000005,,0,126,,,0,False,0.6669491525423729,,,,0.0,0.0,0.0,0.0,,0.0,2026-07-17,2026-09-27,38.0,65.0,65.0,0.0,294.0,0.585,113.0,1.0,0.15,,rookie,46.1,5.7,0.43,"23 years old, an age that jumps 11% of the time · 126 career PA, still new · sprint 27.2 ft/s (43rd pct)",xwOBA 0.296 (37th) · barrels 9.7% (71st) · EV 84.9 (5th) · hard-hit 35% (31st) · K 24% (43rd) · BB 14% (96th) · chase 19% (99th) · bat speed 69.2 mph (15th) · sprint 27.2 (42nd),"{""n"":20,""b"":0,""c"":[[""Enmanuel Valdez"",2023,24,1.03,0.81,181,0],[""Oswaldo Cabrera"",2022,23,1.06,0.8,264,0],[""Jo Adell"",2021,22,1.05,0.85,241,0],[""Kerry Carpenter"",2022,25,1.0,1.1,503,0],[""Triston Casas"",2022,22,0.95,1.04,520,0]]}",0.9701975671782923,0.009960942754447033,0.9701975671782923,237.0,1.0,230.0,582.0,283,155,FA,516.0,495.0,-286.0,-265.0,let go,False,224
657656,Ramón Laureano,2026,1994-07-15,OF,R,San Diego Padres,53,206,182,37,6,2,7,23,21,20,2,7,2,65,2,22,0,0,1,0,0,0,0,0,51,1,31.0,206.0,31.6,9.7,0.203,0.374,0.286,0.171,0.268,0.222,0.409,0.292,0.312,0.303,0.187,0.376,0.411,-0.019,-0.035,-0.02,88.0,12.1,37.0,14.3,41.2,99.9726525,94.305977731,70.9,32.7,45.3,81.4,31.1,50.5,35.3,41.2,31.1,21.8,5.9,7.1,72.5,8.4,18.4,26.0,14.8,46.6,-3.0,28.0,4.3,12.0,9.0,16.0,119.0,80.0,61.7,ramon laureano,SD,Ramon Laureano,SD,"LF,CF,RF",225.6,134.0,215.0,194.0,194.0,32.0,3.660377358490566,0.941747572815534,345,OF,OF,False,134.0,425.5,3.7174234694899297,-231.5,-0.05704611099936363,-211.0,False,False,280,True,22.560680407807553,9.117967546929684,1.2600236827179794,7.465328362544786,25.763862633971975,24.259307050005916,209.86516968397785,1.0187629596309604,-15.865169683977854,-0.07701538681542641,472.0,-278.0,"{'C': 423, 'SS': 594, '2B': 592, '3B': 571, '1B': 601, 'OF': 526, 'UT': 472}",0.941747572815534,0.3592233009708738,-8.418740088996207,,,,,,20.388349514563107,20.388349514563107,58.25242718446602,0.020000000000000018,1.1844262295081966,6,2168,-0.24267865669266264,1.1844262295081966,5,True,-0.24267865669266264,7.200000000000003,0.40000000000000036,0.29999999999999716,117.0,1.0,140.0,0.0,,128.1,2026-03-26,2026-05-30,53.0,63.0,58.0,5.0,575.0,0.914,0.0,0.0,0.15,,established,32.0,0.4,1.264,"deserved 1.02/PA on contact quality, got 0.94 · sprint 28.0 ft/s (65th pct) · avg EV 88.0 (42nd pct)",xwOBA 0.312 (55th) · barrels 14.3% (95th) · EV 88.0 (40th) · hard-hit 41% (62nd) · K 32% (10th) · BB 10% (64th) · chase 33% (35th) · bat speed 72.5 mph (57th) · sprint 28.0 (63rd),"{""n"":20,""b"":0,""c"":[[""Michael A. Taylor"",2024,33,0.83,0.86,280,0],[""Mitch Haniger"",2023,32,0.86,0.8,337,0],[""J.T. Realmuto"",2024,33,1.03,1.01,553,0],[""Jorge Soler"",2025,33,0.85,0.86,310,0],[""Seth Brown"",2023,31,0.92,0.85,342,0]]}",0.978631828794046,-0.035407766755750046,0.978631828794046,232.0,0.898,227.0,587.0,285,131,FA,516.0,495.0,-289.0,-268.0,let go,False,225
641680,Jonah Heim,2026,1995-06-27,C,S,multi,105,390,358,73,19,0,13,34,43,27,2,0,0,70,3,41,5,17,0,72,7,0,1,0,0,19,31.0,390.0,17.9,6.9,0.204,0.366,0.262,0.162,0.216,0.227,0.361,0.275,0.285,0.284,0.134,0.299,0.312,-0.023,0.005,-0.01,87.3,13.3,33.0,5.9,32.3,97.523598,92.806524966,66.3,33.6,64.4,86.0,21.4,49.8,39.2,44.0,26.5,21.3,8.2,7.6,70.2,7.2,26.0,11.4,9.1,54.1,-12.0,25.1,4.87,18.0,17.0,38.0,291.0,73.2,61.5,jonah heim,multi,Jonah Heim,ATH,"C,1B,DH",837.5,329.0,1201.0,,339.0,31.0,3.2285714285714286,0.8692307692307693,226,C,C,False,329.0,172.67,2.396692273871662,166.33,0.8318791546997666,103.0,False,False,237,False,55.080793216756234,14.949242304430173,0.6851357408709612,10.550828737942634,37.33244432644638,43.8008881403983,349.63733246684467,0.896505980684217,-10.637332466844668,-0.0272752114534478,423.0,-84.0,"{'C': 423, 'SS': 594, '2B': 592, '3B': 571, '1B': 601, 'OF': 526, 'UT': 472}",0.8692307692307693,0.4230769230769231,-7.173813665252613,12.734082397003746,22.47191011235955,4.49438202247191,-9.737827715355802,8.239700374531836,0.0,20.0,41.53846153846154,0.009999999999999953,1.1317365269461077,6,2550,-0.26250575771533846,1.1317365269461077,5,False,-0.26250575771533846,-2.400000000000002,-0.1999999999999993,1.2000000000000028,0.0,0.0,0.0,0.0,,0.0,2026-03-27,2026-09-26,105.0,162.0,162.0,0.0,390.0,0.648,0.0,0.0,0.15,,established,27.1,0.7,1.212,"deserved 0.90/PA on contact quality, got 0.87 · 390 PA, already has the job · avg EV 87.3 (30th pct) · bat speed up 1.2 mph",xwOBA 0.285 (25th) · barrels 5.9% (35th) · EV 87.3 (28th) · hard-hit 32% (21st) · K 18% (78th) · BB 7% (29th) · chase 34% (31st) · bat speed 70.2 mph (26th) · sprint 25.1 (5th),"{""n"":20,""b"":0,""c"":[[""Hunter Renfroe"",2024,32,0.92,0.56,60,0],[""Xander Bogaerts"",2024,32,0.93,0.98,541,0],[""Jeff McNeil"",2024,32,0.88,0.91,419,0],[""Andrew Benintendi"",2024,30,0.89,0.95,447,0],[""Nolan Arenado"",2025,34,0.87,1.04,621,0]]}",0.8471167190412046,-0.03573509974786369,0.8471167190412046,265.0,1.0,224.0,508.0,286,434,GK,516.0,495.0,-292.0,-271.0,let go,False,226
679845,Nick Loftin,2026,1998-09-25,3B,R,Kansas City Royals,118,426,371,89,27,2,8,42,45,41,6,4,1,73,4,52,9,0,1,0,2,36,75,3,14,1,27.0,426.0,17.1,9.6,0.24,0.388,0.322,0.148,0.276,0.228,0.335,0.315,0.293,0.313,0.106,0.331,0.3,0.012,0.053,0.022,86.8,15.6,35.9,4.2,29.7,96.863698054,92.517021275,57.3,25.4,64.3,90.8,17.6,40.9,43.5,41.2,29.1,23.9,5.9,7.2,68.8,7.6,32.4,5.7,8.7,52.6,-2.0,28.0,4.53,17.0,29.0,43.0,306.0,70.5,56.6,nick loftin,KC,,,,,,,,372.0,27.8,3.152542372881356,0.8732394366197183,211,2B/3B/OF,2B/3B,True,339.0,172.67,2.396692273871662,199.33,0.7558500990096939,128.0,False,False,204,False,61.09721065048062,14.980746398509424,1.18487525153932,7.3251676994706445,48.337067887000266,40.859713238748625,349.6987811257489,0.8208891575721805,22.301218874251106,0.05235027904753775,472.0,-100.0,"{'C': 423, 'SS': 594, '2B': 592, '3B': 571, '1B': 601, 'OF': 526, 'UT': 472}",0.8732394366197183,0.4765258215962441,-5.777764917540987,13.108614232209737,38.57677902621723,15.355805243445692,-25.468164794007492,-2.247191011235955,5.633802816901409,11.267605633802818,57.74647887323944,-0.02200000000000002,0.8732394366197183,1,853,0.0,,0,False,0.5232394366197183,2.700000000000001,-2.0999999999999996,-0.6000000000000085,0.0,0.0,9.0,0.0,,5.3999999999999995,2026-03-29,2026-09-24,118.0,161.0,161.0,0.0,429.0,0.733,2.0,0.0,0.15,,established,26.4,2.9,0.953,"426 PA, already has the job · sprint 28.0 ft/s (65th pct) · got 0.87/PA but deserved 0.82",xwOBA 0.293 (32nd) · barrels 4.2% (22nd) · EV 86.8 (20th) · hard-hit 30% (15th) · K 17% (81st) · BB 10% (63rd) · chase 25% (80th) · bat speed 68.8 mph (12th) · sprint 28.0 (63rd),"{""n"":20,""b"":1,""c"":[[""Kyle Isbel"",2024,27,0.93,0.83,341,0],[""Harold Ram\u00edrez"",2022,28,0.97,1.11,480,0],[""Yonathan Daza"",2022,28,0.92,0.85,68,0],[""Yonathan Daza"",2021,27,0.85,0.92,375,0],[""Isiah Kiner-Falefa"",2022,27,0.92,0.94,339,0]]}",0.8796458972367326,-0.016978344977301236,0.8796458972367326,253.0,0.996,223.0,528.0,288,380,FA,516.0,495.0,-293.0,-272.0,let go,False,227
687952,Christian Encarnacion-Strand,2026,1999-12-01,3B,R,Baltimore Orioles,58,213,195,54,13,0,11,25,39,11,4,1,1,55,2,30,5,0,0,0,1,0,50,0,0,4,26.0,213.0,25.8,5.2,0.277,0.513,0.325,0.236,0.328,0.248,0.483,0.358,0.332,0.296,0.235,0.462,0.424,0.029,0.03,0.026,89.5,19.1,35.7,14.0,37.8,100.754412535,94.581771761,75.9,46.4,57.6,81.2,28.6,60.0,45.5,35.0,31.5,24.5,9.1,7.4,73.4,8.5,17.8,33.8,14.1,53.7,9.0,26.8,4.61,19.0,16.0,19.0,143.0,80.7,65.6,christian encarnacionstrand,BAL,,,,,,,,231.0,26.6,3.9827586206896552,1.0845070422535212,311,1B/3B,3B,True,339.0,172.67,2.396692273871662,58.33000000000001,1.5860663468179932,28.0,False,False,257,False,23.900825633115637,13.416276110343693,0.7199708799656972,10.32292737657497,26.390447551578923,29.05581802065731,210.99126557223622,0.9905693219353813,20.008734427763784,0.09393772031813996,472.0,-241.0,"{'C': 423, 'SS': 594, '2B': 592, '3B': 571, '1B': 601, 'OF': 526, 'UT': 472}",1.0845070422535212,0.568075117370892,-6.345501986340998,,,,,,2.8169014084507045,30.985915492957748,30.985915492957748,-0.025999999999999968,1.0845070422535212,2,714,0.0,,1,False,0.7345070422535213,,,,0.0,0.0,194.0,0.0,,73.19999999999999,2026-07-18,2026-09-25,58.0,66.0,66.0,0.0,523.0,0.879,114.0,1.0,0.15,,established,38.8,1.2,1.165,"1.08/PA is his best rate yet, so the bar is one step up · 27 years old, an age that jumps 3% of the time · avg EV 89.5 (67th pct)",xwOBA 0.332 (76th) · barrels 14.0% (93rd) · EV 89.5 (64th) · hard-hit 38% (46th) · K 26% (29th) · BB 5% (14th) · chase 46% (1st) · bat speed 73.4 mph (70th) · sprint 26.8 (31st),"{""n"":20,""b"":0,""c"":[[""Joey Bart"",2024,28,1.14,0.88,292,0],[""Ryan Jeffers"",2023,26,1.14,1.0,464,0],[""Heriberto Hern\u00e1ndez"",2025,26,1.02,1.03,518,0],[""LaMonte Wade Jr."",2021,28,1.08,0.85,213,0],[""Gavin Sheets"",2021,25,1.08,0.9,371,0]]}",0.9759112600196692,-0.020371427220405795,0.9759112600196692,228.0,0.941,223.0,586.0,288,135,FA,516.0,495.0,-293.0,-272.0,let go,False,228
699912,Jose Fernandez,2026,2003-09-22,DH,R,Arizona Diamondbacks,73,222,204,52,9,0,3,26,16,11,2,9,2,51,0,40,6,0,0,0,20,0,23,7,0,22,22.0,222.0,23.0,5.0,0.255,0.343,0.3,0.088,0.327,0.245,0.342,0.287,0.281,0.29,0.098,0.347,0.338,0.01,0.001,0.006,87.8,10.7,28.5,3.8,38.6,100.3141396,94.264477919,56.4,36.4,60.1,86.1,24.9,45.8,41.1,48.7,11.4,25.3,14.6,7.8,74.0,11.7,22.8,42.9,7.9,46.7,-3.0,29.5,4.36,5.0,21.0,26.0,158.0,62.7,62.6,jose fernandez,ARI,,,,,,,,198.0,22.8,2.712328767123288,0.8918918918918919,342,1B/3B/SS,1B/3B,True,339.0,172.67,2.396692273871662,25.330000000000013,0.3156364932516258,-3.0,False,False,280,False,38.66860776569328,6.766191240407527,0.40979422210510147,4.13540677179409,26.717726112851416,20.31612465924604,200.98585077209745,0.9053416701445831,-2.98585077209745,-0.013449778252691225,472.0,-274.0,"{'C': 423, 'SS': 594, '2B': 592, '3B': 571, '1B': 601, 'OF': 526, 'UT': 472}",0.8918918918918919,0.36486486486486486,-8.05900001085013,,,,,,24.324324324324326,8.108108108108109,29.72972972972973,-0.00599999999999995,0.8918918918918919,1,222,0.0,,0,False,0.5418918918918919,,,,0.0,0.0,0.0,0.0,,0.0,2026-03-31,2026-09-27,73.0,159.0,159.0,0.0,226.0,0.459,5.0,0.0,0.15,,young / establishing,50.2,12.2,0.972,"23 years old, an age that jumps 11% of the time · sprint 29.5 ft/s (94th pct) · deserved 0.91/PA on contact quality, got 0.89",xwOBA 0.281 (20th) · barrels 3.8% (17th) · EV 87.8 (37th) · hard-hit 39% (51st) · K 23% (48th) · BB 5% (11th) · chase 36% (18th) · bat speed 74.0 mph (78th) · sprint 29.5 (94th),"{""n"":20,""b"":2,""c"":[[""Andr\u00e9s Gim\u00e9nez"",2021,23,0.9,1.11,620,1],[""Henry Davis"",2023,24,0.85,0.6,73,0],[""Luisangel Acu\u00f1a"",2025,23,0.97,0.92,206,0],[""Rodolfo Castro"",2022,23,0.88,0.72,184,0],[""Evan Carter"",2024,22,0.9,1.15,252,0]]}",1.0023403263877388,0.009960942754447033,1.0023403263877388,222.0,1.0,223.0,601.0,288,99,FA,516.0,495.0,-293.0,-272.0,let go,False,229
596115,Trevor Story,2026,1992-11-15,SS,R,Boston Red Sox,64,266,251,59,14,0,5,24,29,11,2,5,0,86,2,40,7,0,0,0,0,0,0,62,0,2,33.0,266.0,32.3,4.1,0.235,0.351,0.271,0.116,0.333,0.211,0.317,0.272,0.248,0.247,0.106,0.38,0.343,0.024,0.034,0.024,87.1,14.8,29.3,5.4,36.5,98.525292771,93.305662831,69.6,43.6,55.9,77.0,31.8,55.7,43.7,46.1,24.6,20.4,9.0,7.4,70.9,8.2,19.5,13.3,10.8,48.0,-10.0,27.8,4.44,11.0,23.0,25.0,167.0,72.7,66.9,trevor story,BOS,Trevor Story,BOS,SS,114.8,75.0,102.0,148.0,221.0,33.6,3.453125,0.8308270676691729,323,SS,SS,False,75.0,560.7627118644068,4.015944775657477,-339.7627118644068,-0.5628197756574771,-248.0,False,False,276,True,37.706737870818706,9.334857675321675,0.4870710369005269,5.43233341695909,27.263972032549596,25.92471915585827,206.71669118840785,0.7771304180015333,14.28330881159215,0.05369664966763965,472.0,-251.0,"{'C': 423, 'SS': 594, '2B': 592, '3B': 571, '1B': 601, 'OF': 526, 'UT': 472}",0.8308270676691729,0.2669172932330827,-7.987416811148974,,,,,,11.278195488721805,11.278195488721805,24.81203007518797,-0.02400000000000002,1.1116207951070336,4,2185,-0.2807937274378607,1.1116207951070336,3,True,-0.2807937274378607,5.399999999999999,-4.5,-0.19999999999998863,106.0,1.0,260.0,0.0,,152.2,2026-03-26,2026-09-27,64.0,165.0,70.0,95.0,616.0,0.914,0.0,0.0,0.15,,established,27.1,0.1,1.192,"sprint 27.8 ft/s (59th pct) · avg EV 87.1 (27th pct) · only 266 PA, and a breakout needs 350 next year",xwOBA 0.248 (3rd) · barrels 5.4% (32nd) · EV 87.1 (25th) · hard-hit 36% (39th) · K 32% (6th) · BB 4% (7th) · chase 44% (3rd) · bat speed 70.9 mph (33rd) · sprint 27.8 (57th),"{""n"":20,""b"":0,""c"":[[""Chris Taylor"",2024,34,0.82,0.82,103,0],[""Javier B\u00e1ez"",2025,33,0.94,0.83,163,0],[""Mitch Garver"",2024,34,0.8,0.86,250,0],[""Michael A. Taylor"",2024,33,0.83,0.86,280,0],[""Robbie Grossman"",2022,33,0.79,0.93,389,0]]}",0.8772822086344008,-0.04369876870972289,0.8772822086344008,254.0,0.834,223.0,526.0,288,385,CH,516.0,495.0,-293.0,-272.0,let go,False,230
687597,Jordan Beck,2026,2001-04-19,OF,R,Colorado Rockies,63,180,165,33,8,2,1,17,11,14,0,2,1,57,1,22,1,0,4,0,0,0,0,0,63,0,25.0,180.0,31.7,7.8,0.2,0.291,0.261,0.091,0.296,0.212,0.293,0.248,0.253,0.269,0.081,0.32,0.332,-0.012,-0.002,-0.005,87.1,18.5,30.3,3.7,32.1,98.401569808,93.278827596,68.8,38.0,51.4,79.3,31.5,52.3,41.3,39.4,28.4,23.9,8.3,7.9,73.9,8.2,16.1,38.0,13.2,53.5,-10.0,28.0,4.42,4.0,12.0,17.0,109.0,81.0,65.6,jordan beck,COL,Jordan Beck,COL,"LF,RF",259.0,159.0,227.0,213.0,136.0,25.2,2.1587301587301586,0.7555555555555555,403,OF,OF,False,159.0,425.5,3.7174234694899297,-289.5,-1.5586933107597711,-244.0,False,False,339,True,27.31330087752687,4.525621867187902,0.5838536330435677,2.5572236222416542,18.502225441380375,16.11757200343632,144.9447974448167,0.805248874693426,-8.944797444816686,-0.04969331913787045,472.0,-336.0,"{'C': 423, 'SS': 594, '2B': 592, '3B': 571, '1B': 601, 'OF': 526, 'UT': 472}",0.7555555555555555,0.19444444444444445,-10.487796653698913,,,,,,6.666666666666667,3.3333333333333335,46.666666666666664,0.0050000000000000044,,1,952,,1.0255102040816326,1,True,-0.2699546485260771,2.099999999999998,-5.8999999999999995,0.7000000000000028,41.0,1.0,167.0,0.0,Left hamstring strain,78.8,2026-03-27,2026-09-27,63.0,164.0,127.0,37.0,230.0,0.496,0.0,0.0,0.15,,established,43.1,0.6,0.836,"25 years old, an age that jumps 5% of the time · deserved 0.81/PA on contact quality, got 0.76 · sprint 28.0 ft/s (65th pct)",xwOBA 0.253 (6th) · barrels 3.7% (17th) · EV 87.1 (25th) · hard-hit 32% (21st) · K 32% (9th) · BB 8% (40th) · chase 38% (12th) · bat speed 73.9 mph (77th) · sprint 28.0 (63rd),"{""n"":20,""b"":1,""c"":[[""Jake Meyers"",2022,26,0.76,0.91,311,0],[""Joey Bart"",2023,26,0.72,1.14,321,0],[""Luis Torrens"",2022,26,0.83,0.8,24,0],[""Zach McKinstry"",2022,27,0.88,0.9,465,0],[""Alex Kirilloff"",2022,25,0.85,0.98,312,0]]}",0.9313617431977417,-0.012779447936574123,0.9313617431977417,238.0,0.937,222.0,559.0,291,253,FA,516.0,495.0,-294.0,-273.0,let go,False,231
694374,Tim Tawa,2026,1999-04-07,1B,R,Arizona Diamondbacks,104,351,313,75,13,1,11,41,42,27,0,8,4,84,4,50,5,0,0,0,51,3,10,0,54,5,27.0,351.0,23.9,7.7,0.24,0.393,0.297,0.153,0.288,0.247,0.418,0.302,0.315,0.305,0.171,0.365,0.385,-0.007,-0.025,-0.013,90.5,12.8,35.4,10.5,43.8,100.77373087,94.791945895,69.0,31.4,55.6,80.5,28.0,49.0,36.7,43.3,26.3,23.3,7.1,7.2,74.0,12.6,23.1,37.1,10.3,58.6,-3.0,27.6,4.48,17.0,25.0,33.0,240.0,73.3,62.1,tim tawa,ARI,,,,,,,,327.0,27.2,3.144230769230769,0.9316239316239316,235,1B/2B/3B/OF,1B/OF,True,339.0,172.67,2.396692273871662,154.33,0.7475384953591071,104.0,False,False,237,False,48.77264212235034,15.412950783821547,1.266172065305858,11.859235028522246,42.55739859905584,40.795574099163105,337.4979726982189,0.9615326857499115,-10.497972698218916,-0.02990875412597982,472.0,-145.0,"{'C': 423, 'SS': 594, '2B': 592, '3B': 571, '1B': 601, 'OF': 526, 'UT': 472}",0.9316239316239316,0.4472934472934473,-5.222704528626319,33.33333333333333,27.715355805243448,20.973782771535582,5.617977528089881,12.359550561797747,13.675213675213676,18.803418803418804,46.15384615384615,0.013000000000000012,0.9316239316239316,2,576,0.0,0.8755555555555555,1,False,0.05606837606837611,-4.5,1.1999999999999993,0.9000000000000057,0.0,0.0,0.0,0.0,,0.0,2026-03-26,2026-09-27,104.0,163.0,163.0,0.0,349.0,0.638,0.0,0.0,0.15,,established,33.7,9.5,1.012,"0.93/PA is his best rate yet, so the bar is one step up · avg EV 90.5 (82nd pct) · deserved 0.96/PA on contact quality, got 0.93 · bat speed up 0.9 mph",xwOBA 0.315 (59th) · barrels 10.5% (76th) · EV 90.5 (80th) · hard-hit 44% (77th) · K 24% (41st) · BB 8% (38th) · chase 31% (44th) · bat speed 74.0 mph (78th) · sprint 27.6 (52nd),"{""n"":20,""b"":0,""c"":[[""Emmanuel Rivera"",2022,26,0.91,0.85,241,0],[""Anthony Santander"",2021,27,0.94,0.99,641,0],[""Ram\u00f3n Ur\u00edas"",2021,27,0.94,0.89,397,0],[""Nick Gordon"",2022,27,0.95,0.7,65,0],[""Ram\u00f3n Ur\u00edas"",2022,28,0.89,0.9,355,0]]}",0.9617781631938002,-0.020371427220405795,0.9617781631938002,230.0,1.0,221.0,577.0,292,174,FA,516.0,495.0,-295.0,-274.0,let go,False,232
665877,José Fermín,2026,1999-03-29,OF,R,St. Louis Cardinals,118,370,327,81,17,0,6,33,41,30,2,8,0,50,7,58,3,0,0,0,1,21,35,5,72,2,27.0,370.0,13.5,8.1,0.248,0.355,0.309,0.107,0.27,0.248,0.336,0.294,0.291,0.313,0.088,0.301,0.296,0.0,0.019,0.003,86.1,16.5,34.6,2.1,31.5,96.327228662,92.213290528,56.6,22.1,75.4,90.1,13.9,39.7,48.3,39.5,23.4,25.9,11.2,7.4,68.0,7.1,34.6,2.2,7.5,63.1,-5.0,27.1,4.49,10.0,23.0,48.0,286.0,66.4,61.4,jose fermin,STL,,,,,,,,324.0,27.3,2.7457627118644066,0.8756756756756757,239,2B/3B/OF,2B/3B/OF,True,339.0,172.67,2.396692273871662,151.33,0.3490704379927445,100.0,False,False,237,False,64.44963341845462,10.332662982096537,0.49777378044308235,5.815929819005767,39.59668215848638,35.030900995341646,318.59558315382804,0.8610691436589947,5.404416846171955,0.01460653201668105,472.0,-148.0,"{'C': 423, 'SS': 594, '2B': 592, '3B': 571, '1B': 601, 'OF': 526, 'UT': 472}",0.8756756756756757,0.4810810810810811,-6.154608390003713,13.857677902621724,41.19850187265918,11.985018726591761,-27.340823970037455,1.8726591760299627,12.972972972972974,9.72972972972973,48.64864864864865,-0.0030000000000000027,0.8756756756756757,1,580,0.0,,0,False,0.5256756756756757,,,,0.0,0.0,0.0,0.0,,0.0,2026-03-28,2026-09-27,118.0,165.0,165.0,0.0,363.0,0.715,2.0,0.0,0.15,,established,25.7,8.0,0.956,"580 career PA, still new · 27 years old, an age that jumps 3% of the time · sprint 27.1 ft/s (40th pct)",xwOBA 0.291 (30th) · barrels 2.1% (5th) · EV 86.1 (14th) · hard-hit 32% (19th) · K 14% (93rd) · BB 8% (44th) · chase 22% (92nd) · bat speed 68.0 mph (5th) · sprint 27.1 (39th),"{""n"":20,""b"":0,""c"":[[""Yonathan Daza"",2021,27,0.85,0.92,375,0],[""Jurickson Profar"",2021,28,0.87,0.93,613,0],[""Liam Hicks"",2025,26,0.89,1.06,588,0],[""Yonathan Daza"",2022,28,0.92,0.85,68,0],[""Luis Guillorme"",2022,28,0.8,0.72,87,0]]}",0.9245716862294747,-0.020371427220405795,0.9245716862294747,238.0,1.0,220.0,555.0,293,274,FA,516.0,495.0,-296.0,-275.0,let go,False,233
703520,Brett Bateman,2026,2002-03-19,OF,L,Toronto Blue Jays,41,181,158,52,7,1,2,28,11,18,2,3,0,35,1,42,0,0,1,0,0,0,0,0,50,0,24.0,181.0,19.3,9.9,0.329,0.424,0.402,0.095,0.41,0.268,0.338,0.368,0.312,0.347,0.069,0.419,0.34,0.061,0.086,0.056,84.7,2.8,34.9,1.6,19.8,94.543693051,91.311951453,56.9,28.3,71.6,92.2,14.7,42.6,32.5,58.7,12.7,27.8,0.8,7.0,67.9,4.6,28.5,2.7,6.3,43.0,5.0,28.8,4.12,4.0,26.0,22.0,126.0,62.5,60.2,brett bateman,TOR,,,,,,,,189.0,24.3,4.609756097560975,1.0441988950276244,351,OF,OF,True,339.0,172.67,2.396692273871662,16.330000000000013,2.213063823689313,-12.0,False,False,283,False,36.21280028805103,3.568983158479502,0.35363281888791737,2.2085837345815547,21.718113328311937,15.469212575799077,163.77732590411102,0.9048471044426023,25.222674095888976,0.13935179058502212,472.0,-283.0,"{'C': 423, 'SS': 594, '2B': 592, '3B': 571, '1B': 601, 'OF': 526, 'UT': 472}",1.0441988950276244,0.5082872928176796,-8.002516664992866,,,,,,9.94475138121547,6.629834254143646,59.668508287292816,-0.055999999999999994,,0,181,,,0,False,0.6941988950276244,,,,0.0,0.0,0.0,0.0,,0.0,2026-08-07,2026-09-27,41.0,47.0,47.0,0.0,624.0,0.872,133.0,1.0,0.15,,young / establishing,46.3,1.7,0.43,"24 years old, an age that jumps 8% of the time · sprint 28.8 ft/s (85th pct) · avg EV 84.7 (5th pct)",xwOBA 0.312 (55th) · barrels 1.6% (3rd) · EV 84.7 (4th) · hard-hit 20% (2nd) · K 19% (71st) · BB 10% (66th) · chase 28% (64th) · bat speed 67.9 mph (5th) · sprint 28.8 (84th),"{""n"":20,""b"":3,""c"":[[""Sal Frelick"",2023,23,1.01,0.93,486,0],[""Thairo Estrada"",2021,25,1.08,1.03,555,1],[""Max Schrock"",2021,27,1.0,0.41,11,0],[""Francisco Mej\u00eda"",2021,26,0.99,0.91,272,0],[""Oswaldo Cabrera"",2022,23,1.06,0.8,264,0]]}",0.840443519398215,0.00019966633770723946,0.840443519398215,259.0,1.0,218.0,504.0,294,441,THALER,516.0,495.0,-298.0,-277.0,let go,False,234
667472,Dane Myers,2026,1996-03-08,OF,R,Cincinnati Reds,117,334,292,75,11,0,8,39,27,37,3,10,0,82,2,56,2,0,1,0,0,0,0,0,106,5,30.0,334.0,24.6,11.1,0.257,0.377,0.344,0.12,0.328,0.236,0.356,0.324,0.309,0.33,0.119,0.378,0.356,0.021,0.021,0.015,89.2,13.5,33.5,4.9,36.3,98.774903,93.702558844,62.5,25.2,69.1,82.5,21.6,43.2,25.9,45.3,24.5,23.6,6.6,7.2,71.2,9.1,24.3,18.4,7.8,50.1,7.0,28.0,4.43,11.0,33.0,31.0,212.0,65.5,58.4,dane myers,CIN,,,,,,,,321.0,30.3,2.7435897435897436,0.9610778443113772,241,OF,OF,True,339.0,172.67,2.396692273871662,148.33,0.34689746971808155,98.0,False,False,237,False,50.08720287378105,10.562656293254664,0.6010787921474917,7.661062040816783,39.8596100730709,33.21399259009775,315.64560266316863,0.9450467145603851,5.354397336831369,0.01603112975099208,472.0,-151.0,"{'C': 423, 'SS': 594, '2B': 592, '3B': 571, '1B': 601, 'OF': 526, 'UT': 472}",0.9610778443113772,0.4221556886227545,-5.932075800846433,45.69288389513109,21.722846441947567,13.48314606741573,23.970037453183522,32.20973782771536,17.964071856287426,14.371257485029941,66.46706586826348,-0.015000000000000013,0.9669669669669669,2,845,-0.005889122655589718,0.9669669669669669,1,False,-0.005889122655589718,1.5,-2.8999999999999995,0.29999999999999716,17.0,1.0,127.0,0.0,Left shoulder contusion,61.1,2026-03-26,2026-09-23,117.0,165.0,152.0,13.0,356.0,0.77,0.0,0.0,0.15,,established,29.7,2.1,1.047,"0.96/PA is his best rate yet, so the bar is one step up · sprint 28.0 ft/s (65th pct) · avg EV 89.2 (61st pct)",xwOBA 0.309 (51st) · barrels 4.9% (28th) · EV 89.2 (58th) · hard-hit 36% (38th) · K 25% (35th) · BB 11% (80th) · chase 25% (81st) · bat speed 71.2 mph (37th) · sprint 28.0 (63rd),"{""n"":20,""b"":1,""c"":[[""Ben Gamel"",2022,30,0.9,0.6,9,0],[""Jace Peterson"",2021,31,0.97,0.99,325,0],[""Alex Call"",2025,31,0.94,0.86,167,0],[""Eric Haase"",2022,30,1.01,0.75,221,0],[""Jonathan Villar"",2021,30,0.96,0.78,171,0]]}",0.9066504671922745,-0.01977893541086498,0.9066504671922745,239.0,0.951,217.0,544.0,295,325,FA,516.0,495.0,-299.0,-278.0,let go,False,235
666126,Carlos Cortes,2026,1997-06-30,OF,L,Athletics,124,381,343,86,16,2,10,30,43,31,4,2,1,63,3,58,0,0,3,0,0,0,0,0,94,27,29.0,381.0,16.5,8.1,0.251,0.397,0.318,0.146,0.278,0.242,0.368,0.315,0.301,0.311,0.126,0.337,0.318,0.009,0.029,0.014,88.4,11.0,36.0,6.0,35.8,98.824277305,93.581776121,66.2,27.9,63.3,84.2,22.1,46.6,30.0,45.2,21.6,25.4,7.8,7.0,70.6,11.1,26.2,12.6,6.9,43.0,-5.0,26.1,4.59,14.0,27.0,44.0,283.0,69.7,60.1,carlos cortes,ATH,,,,,,,,342.0,29.0,2.7580645161290325,0.8976377952755905,224,OF,OF,True,339.0,172.67,2.396692273871662,169.33,0.3613722422573704,115.0,False,False,206,False,59.28781275913078,13.290938358589859,1.354685005427931,9.072563876851428,40.130353714050806,40.96200158982106,337.32235530387186,0.8853605126085875,4.677644696128141,0.012277282667003009,472.0,-130.0,"{'C': 423, 'SS': 594, '2B': 592, '3B': 571, '1B': 601, 'OF': 526, 'UT': 472}",0.8976377952755905,0.46981627296587924,-6.2766032050555935,20.224719101123593,35.95505617977528,11.235955056179774,-15.73033707865169,8.988764044943819,3.149606299212598,15.748031496062993,48.818897637795274,-0.014000000000000012,0.8976377952755905,1,480,0.0,,0,False,0.5476377952755905,,,,0.0,0.0,0.0,0.0,,0.0,2026-03-27,2026-09-27,124.0,162.0,162.0,0.0,381.0,0.765,0.0,0.0,0.15,,established,29.0,7.7,0.978,"480 career PA, still new · already 29, an age that jumps 4% of the time · sprint 26.1 ft/s (18th pct)",xwOBA 0.301 (42nd) · barrels 6.0% (36th) · EV 88.4 (46th) · hard-hit 36% (36th) · K 16% (84th) · BB 8% (44th) · chase 28% (66th) · bat speed 70.6 mph (29th) · sprint 26.1 (17th),"{""n"":20,""b"":2,""c"":[[""Yerm\u00edn Mercedes"",2021,28,0.94,0.82,68,0],[""Od\u00fabel Herrera"",2021,30,0.96,0.98,194,0],[""Jeff McNeil"",2021,29,0.85,1.05,616,1],[""Jose Trevino"",2022,30,0.97,0.8,135,0],[""Gio Urshela"",2021,30,0.88,0.95,523,0]]}",0.8544450893510104,-0.026285818839922398,0.8544450893510104,254.0,1.0,217.0,513.0,295,419,FA,516.0,495.0,-299.0,-278.0,let go,False,236
694197,Angel Genao,2026,2004-05-19,2B,S,Cleveland Guardians,43,139,127,27,4,0,2,15,6,11,1,1,0,21,0,21,3,0,0,0,0,22,12,7,0,0,22.0,139.0,15.1,7.9,0.213,0.291,0.281,0.078,0.24,0.239,0.333,0.261,0.286,0.305,0.094,0.263,0.296,-0.026,-0.042,-0.025,90.8,-2.2,19.8,4.7,51.9,100.531471698,94.899928491,65.8,26.7,57.9,86.4,23.0,44.3,37.7,69.8,12.3,15.1,2.8,7.2,72.5,12.2,31.7,24.4,5.1,42.1,-6.0,28.3,4.34,2.0,16.0,9.0,106.0,73.6,62.6,angel genao,CLE,,,,,,,,97.0,22.1,2.255813953488372,0.697841726618705,447,2B/3B/SS,2B,True,339.0,172.67,2.396692273871662,-75.66999999999999,-0.14087832038328996,-108.0,False,False,339,False,23.80819424856512,3.714190962404638,0.26803532949536146,2.56257945953488,15.6874382330825,12.947556349640163,113.27899458272267,0.8149567955591559,-16.278994582722675,-0.11711506894045087,472.0,-375.0,"{'C': 423, 'SS': 594, '2B': 592, '3B': 571, '1B': 601, 'OF': 526, 'UT': 472}",0.697841726618705,0.35251798561151076,-10.591094078028782,,,,,,4.316546762589928,8.633093525179856,47.482014388489205,0.024999999999999967,,0,139,,,0,False,0.34784172661870505,,,,0.0,0.0,0.0,0.0,,0.0,2026-08-05,2026-09-27,43.0,48.0,48.0,0.0,469.0,0.896,132.0,1.0,0.72,29.0,top-100 prospect,74.7,31.2,0.43,"22 years old, an age that jumps 18% of the time · deserved 0.81/PA on contact quality, got 0.70 · avg EV 90.8 (86th pct)",xwOBA 0.286 (26th) · barrels 4.7% (26th) · EV 90.8 (85th) · hard-hit 52% (95th) · K 15% (88th) · BB 8% (41st) · chase 27% (73rd) · bat speed 72.5 mph (57th) · sprint 28.3 (72nd),"{""n"":20,""b"":2,""c"":[[""Bryan Ramos"",2024,22,0.77,0.75,9,0],[""Curtis Mead"",2024,24,0.69,0.81,213,0],[""Cole Young"",2025,22,0.75,0.89,565,0],[""Lenyn Sosa"",2023,23,0.68,0.8,296,0],[""Darell Hernaiz"",2024,23,0.62,0.75,148,0]]}",0.9513517798336804,0.009942511913038151,0.9513517798336804,227.0,1.0,216.0,571.0,297,202,FA,516.0,495.0,-300.0,-279.0,let go,False,237
641933,Tyler O'Neill,2026,1995-06-22,OF,R,Baltimore Orioles,85,260,231,49,8,0,10,31,23,27,2,1,0,72,0,31,3,0,7,0,0,0,0,0,67,11,31.0,260.0,27.7,10.4,0.212,0.377,0.3,0.165,0.262,0.214,0.394,0.302,0.307,0.301,0.18,0.366,0.374,-0.002,-0.017,-0.005,89.4,22.5,34.0,8.8,42.8,100.1054135,94.28693195,69.5,27.9,44.6,79.3,31.7,47.2,44.0,30.2,40.9,20.8,8.2,7.4,72.3,9.1,22.1,18.9,15.2,53.6,-5.0,28.0,4.49,18.0,9.0,22.0,159.0,70.0,61.9,tyler oneill,BAL,Tyler O'Neill,BAL,"LF,RF,DH",380.8,230.0,376.0,368.0,233.0,31.0,2.7411764705882353,0.8961538461538462,306,OF,OF,False,230.0,340.5483870967742,3.0867599025400003,-107.5483870967742,-0.345583431951765,-76.0,False,False,257,True,27.88339902998976,11.185912363434976,0.6999781831607566,9.664710423414503,31.713404596920242,30.1471513306768,245.308555927597,0.9434944458753731,-12.308555927597013,-0.04734059972152693,472.0,-239.0,"{'C': 423, 'SS': 594, '2B': 592, '3B': 571, '1B': 601, 'OF': 526, 'UT': 472}",0.8961538461538462,0.3730769230769231,-8.085553541038564,,,,,,2.307692307692308,23.076923076923077,62.307692307692314,0.0050000000000000044,1.2625698324022345,6,2128,-0.36641598624838834,1.2625698324022345,5,True,-0.36641598624838834,3.3000000000000007,-7.699999999999999,-1.7000000000000028,44.0,2.0,161.0,0.0,,107.6,2026-03-26,2026-08-22,85.0,139.0,123.0,16.0,342.0,0.691,0.0,0.0,0.15,,established,31.7,0.2,1.343,"deserved 0.94/PA on contact quality, got 0.90 · avg EV 89.4 (66th pct) · sprint 28.0 ft/s (65th pct)",xwOBA 0.307 (49th) · barrels 8.8% (63rd) · EV 89.4 (63rd) · hard-hit 43% (71st) · K 28% (20th) · BB 10% (72nd) · chase 28% (66th) · bat speed 72.3 mph (55th) · sprint 28.0 (63rd),"{""n"":20,""b"":0,""c"":[[""Sean Murphy"",2024,30,0.86,1.02,345,0],[""Jorge Polanco"",2024,31,0.81,1.07,563,0],[""Austin Slater"",2024,32,0.8,0.86,138,0],[""Chas McCormick"",2024,29,0.86,0.76,88,0],[""Luke Raley"",2025,31,0.79,0.93,267,0]]}",0.9372807796109787,-0.03573509974786369,0.9372807796109787,230.0,0.914,216.0,562.0,297,240,FA,516.0,495.0,-300.0,-279.0,let go,False,238
642350,Jose Siri,2026,1995-07-22,OF,R,Los Angeles Angels,108,251,228,55,10,0,10,36,33,15,3,9,1,80,1,35,3,0,5,0,0,0,0,0,102,0,30.0,251.0,31.9,6.0,0.241,0.417,0.296,0.176,0.324,0.227,0.425,0.308,0.304,0.278,0.199,0.431,0.425,0.014,-0.008,0.004,89.1,15.4,33.3,13.2,42.8,101.222376081,94.841327905,69.1,40.2,45.6,74.8,36.9,53.7,43.1,41.8,31.4,21.6,5.2,7.7,73.4,10.7,16.9,37.6,12.0,52.2,-3.0,30.0,4.24,17.0,16.0,21.0,153.0,67.7,67.1,jose siri,LAA,,,,,,,,271.0,30.9,2.509259259259259,1.0796812749003983,280,OF,OF,True,339.0,172.67,2.396692273871662,98.33000000000001,0.11256698538759702,59.0,False,False,250,False,27.856278112286407,12.788381204231083,0.7504032546786007,10.360937428803908,34.04097186114365,29.395021891455922,264.31999375259954,1.0530677041936236,6.680006247400456,0.026613570706774725,472.0,-201.0,"{'C': 423, 'SS': 594, '2B': 592, '3B': 571, '1B': 601, 'OF': 526, 'UT': 472}",1.0796812749003983,0.4302788844621514,-5.925779872338511,,,,,,21.513944223107572,23.904382470119522,35.85657370517929,-0.0040000000000000036,1.1428571428571428,4,1473,-0.06317586795674446,,3,False,0.7296812749003984,,,,0.0,0.0,145.0,0.0,,87.0,2026-05-16,2026-09-27,108.0,117.0,117.0,0.0,348.0,0.923,51.0,1.0,0.15,,established,27.9,0.9,1.223,sprint 30.0 ft/s (98th pct) · avg EV 89.1 (59th pct) · got 1.08/PA but deserved 1.05,xwOBA 0.304 (46th) · barrels 13.2% (91st) · EV 89.1 (56th) · hard-hit 43% (71st) · K 32% (8th) · BB 6% (21st) · chase 40% (7th) · bat speed 73.4 mph (70th) · sprint 30.0 (98th),"{""n"":20,""b"":1,""c"":[[""Trevor Story"",2022,30,1.08,0.87,146,0],[""Eli White"",2025,31,1.07,1.03,210,0],[""Ram\u00f3n Laureano"",2024,30,1.06,1.18,578,1],[""Luke Raley"",2024,30,1.06,0.79,173,0],[""Derek Hill"",2024,28,1.04,0.97,144,0]]}",1.0266789421326725,-0.03573509974786369,1.0266789421326725,209.0,0.93,215.0,616.0,299,55,FA,516.0,495.0,-301.0,-280.0,let go,False,239
677942,Blaze Alexander,2026,1999-06-11,3B,R,Baltimore Orioles,93,289,261,79,13,2,4,35,31,19,4,10,3,63,1,60,7,0,0,0,0,21,56,12,22,0,27.0,289.0,21.8,6.6,0.303,0.414,0.358,0.111,0.385,0.3,0.452,0.34,0.351,0.354,0.152,0.408,0.425,0.003,-0.038,-0.011,92.3,9.2,40.8,6.6,48.8,100.590883438,95.214491406,82.5,30.2,59.5,80.4,25.3,56.1,33.3,47.8,21.4,29.4,1.5,7.4,72.2,10.9,25.6,23.9,8.1,49.9,3.0,28.4,4.4,10.0,27.0,42.0,201.0,86.1,62.2,blaze alexander,BAL,,,,,,,,299.0,27.1,3.21505376344086,1.0346020761245676,262,2B/3B/SS/OF,2B/3B/OF,True,339.0,172.67,2.396692273871662,126.33000000000001,0.818361489569198,77.0,False,False,247,False,55.55448819105163,13.53361664365082,1.4973021395434605,7.714593025754086,38.51072267632232,31.95489758900775,312.73762026533007,1.0821370943437028,-13.737620265330065,-0.047535018219135194,472.0,-173.0,"{'C': 423, 'SS': 594, '2B': 592, '3B': 571, '1B': 601, 'OF': 526, 'UT': 472}",1.0346020761245676,0.4844290657439446,-5.4903692501166175,,,,,,20.761245674740486,8.304498269896195,39.44636678200692,0.010999999999999954,1.0346020761245676,2,740,0.0,0.8984962406015038,1,False,0.13610583552306377,-10.499999999999996,-6.200000000000001,0.10000000000000853,18.0,1.0,203.0,0.0,Low back discomfort,129.0,2026-03-26,2026-09-08,93.0,155.0,149.0,6.0,314.0,0.624,0.0,0.0,0.15,,established,33.8,2.2,1.115,"avg EV 92.3 (94th pct) · 1.03/PA is his best rate yet, so the bar is one step up · deserved 1.08/PA on contact quality, got 1.03",xwOBA 0.351 (91st) · barrels 6.6% (43rd) · EV 92.3 (94th) · hard-hit 49% (91st) · K 22% (55th) · BB 7% (27th) · chase 30% (51st) · bat speed 72.2 mph (53rd) · sprint 28.4 (76th),"{""n"":20,""b"":1,""c"":[[""Trevor Larnach"",2024,27,1.03,0.92,522,0],[""Joshua Palacios"",2023,28,1.0,0.94,73,0],[""Taylor Ward"",2023,30,1.01,0.97,640,0],[""Christian Arroyo"",2022,27,0.98,0.85,175,0],[""Ryan Mountcastle"",2023,26,1.03,0.95,480,0]]}",0.9700926360626614,-0.020371427220405795,0.9700926360626614,221.0,0.897,214.0,582.0,302,155,FA,516.0,495.0,-302.0,-281.0,let go,False,240
573262,Mike Yastrzemski,2026,1990-08-23,OF,L,Atlanta Braves,139,408,361,81,18,1,12,51,41,41,4,1,0,98,2,50,3,0,5,0,0,0,0,0,134,4,35.0,408.0,24.0,10.0,0.224,0.38,0.309,0.156,0.273,0.235,0.368,0.306,0.309,0.32,0.133,0.352,0.356,-0.011,0.012,-0.003,90.4,16.2,31.3,6.8,43.0,99.641426412,94.32237855,59.5,26.4,60.1,84.4,23.2,42.6,44.5,39.2,29.8,23.8,7.2,7.5,71.3,10.2,27.6,8.2,11.4,63.9,-5.0,27.0,4.41,21.0,26.0,34.0,265.0,63.9,58.1,mike yastrzemski,ATL,Mike Yastrzemski,ATL,"LF,CF,RF",361.8,221.0,409.0,361.0,365.0,35.9,2.6258992805755397,0.8946078431372549,216,OF,OF,False,221.0,340.5483870967742,3.0867599025400003,24.451612903225794,-0.46086062196446065,5.0,False,False,205,False,58.59352624202809,14.822772275697835,1.065876722520037,10.352824759754034,45.93862117104536,43.40928625270798,362.0309074237534,0.8873306554503759,2.9690925762466236,0.007277187686879016,472.0,-107.0,"{'C': 423, 'SS': 594, '2B': 592, '3B': 571, '1B': 601, 'OF': 526, 'UT': 472}",0.8946078431372549,0.42401960784313725,-5.6998163680754885,19.475655430711612,23.220973782771537,16.853932584269664,-3.7453183520599254,2.6217228464419478,1.4705882352941175,17.647058823529413,60.294117647058826,0.0030000000000000027,1.018796992481203,6,2911,-0.12418914934394809,1.018796992481203,5,False,-0.12418914934394809,4.600000000000001,-1.7000000000000002,0.20000000000000284,10.0,1.0,20.0,0.0,Left elbow inflammation,13.0,2026-03-28,2026-09-27,139.0,165.0,158.0,7.0,418.0,0.88,1.0,0.0,0.15,,established,30.6,0.2,1.099,"avg EV 90.4 (81st pct) · 408 PA, already has the job · sprint 27.0 ft/s (37th pct)",xwOBA 0.309 (51st) · barrels 6.8% (45th) · EV 90.4 (79th) · hard-hit 43% (73rd) · K 24% (40th) · BB 10% (67th) · chase 26% (74th) · bat speed 71.3 mph (38th) · sprint 27.0 (36th),"{""n"":20,""b"":0,""c"":[[""Tommy Pham"",2025,37,0.92,0.63,22,0],[""Mark Canha"",2024,35,0.87,0.63,79,0],[""Jos\u00e9 Abreu"",2023,36,0.89,0.47,56,0],[""DJ LeMahieu"",2023,35,0.85,0.68,155,0],[""Christian Walker"",2025,34,0.93,0.93,591,0]]}",0.8912048480393339,-0.06305677842196104,0.8912048480393339,240.0,0.94,214.0,535.0,302,357,FA,516.0,495.0,-302.0,-281.0,let go,False,241
622761,Jorge Mateo,2026,1995-06-23,SS,R,multi,99,221,207,42,8,0,5,41,18,11,1,19,4,69,1,29,6,0,0,0,0,9,2,62,1,10,31.0,221.0,31.2,5.0,0.203,0.314,0.245,0.111,0.276,0.221,0.358,0.248,0.272,0.263,0.137,0.332,0.369,-0.018,-0.044,-0.024,87.3,14.5,40.7,7.9,35.0,98.713200145,93.40706562,69.0,44.2,52.2,80.4,32.0,55.3,35.7,37.1,29.3,25.7,7.9,7.7,73.8,8.6,17.7,37.4,6.4,45.7,-12.0,30.2,4.14,11.0,13.0,18.0,140.0,70.9,64.7,jorge mateo,multi,Jorge Mateo,TB,"2B,SS,CF,DH",787.0,312.0,1122.0,,229.0,31.0,2.313131313131313,1.0361990950226245,313,2B/SS,SS,False,312.0,172.67,2.396692273871662,56.33000000000001,-0.08356096074034891,-1.0,False,False,258,False,30.236834302348626,8.810094936526468,0.5513072199011804,6.148763541223724,28.189855951372753,21.899809679256798,232.94266563062956,1.0540392109983239,-3.9426656306295627,-0.017840115975699344,472.0,-243.0,"{'C': 423, 'SS': 594, '2B': 592, '3B': 571, '1B': 601, 'OF': 526, 'UT': 472}",1.0361990950226245,0.38461538461538464,-6.663578504353843,,,,,,51.58371040723982,13.574660633484163,29.864253393665155,0.02400000000000002,1.0771428571428572,5,1604,-0.04094376212023265,,4,False,0.6861990950226246,,,,0.0,0.0,161.0,0.0,,74.39999999999999,2026-03-28,2026-09-27,97.0,153.0,153.0,0.0,234.0,0.634,1.0,0.0,0.15,,established,29.8,1.2,1.157,"sprint 30.2 ft/s (99th pct) · deserved 1.05/PA on contact quality, got 1.04 · avg EV 87.3 (30th pct)",xwOBA 0.272 (15th) · barrels 7.9% (55th) · EV 87.3 (28th) · hard-hit 35% (33rd) · K 31% (11th) · BB 5% (11th) · chase 44% (2nd) · bat speed 73.8 mph (76th) · sprint 30.2 (99th),"{""n"":20,""b"":1,""c"":[[""Eli White"",2025,31,1.07,1.03,210,0],[""Tyrone Taylor"",2024,30,1.01,0.89,304,0],[""Wil Myers"",2022,32,0.95,0.72,102,0],[""Kevin Kiermaier"",2022,32,0.95,1.05,429,0],[""Trevor Story"",2023,31,0.87,1.02,108,0]]}",1.071430376977107,-0.03573509974786369,1.071430376977107,200.0,0.94,214.0,643.0,302,25,FA,516.0,495.0,-302.0,-281.0,let go,False,242
624641,Edmundo Sosa,2026,1996-03-06,OF,R,Philadelphia Phillies,84,250,231,57,11,2,9,31,44,7,6,4,0,54,3,35,5,0,2,0,0,14,21,18,32,1,30.0,250.0,21.6,2.8,0.247,0.429,0.283,0.182,0.281,0.277,0.444,0.307,0.328,0.313,0.168,0.37,0.398,-0.03,-0.015,-0.021,87.8,11.1,33.7,7.2,39.2,99.999948444,94.149401444,71.3,52.8,57.6,85.7,27.5,61.2,41.4,46.4,20.4,25.4,7.7,8.1,72.5,10.4,21.2,27.8,10.9,58.8,3.0,28.7,4.41,11.0,18.0,28.0,181.0,70.1,68.8,edmundo sosa,PHI,Edmundo Sosa,PHI,"2B,3B,SS,LF",848.5,334.0,1298.0,,255.0,30.3,3.0357142857142856,1.02,291,2B/3B/SS/OF,3B/OF,False,334.0,172.67,2.396692273871662,82.33000000000001,0.6390220118426235,43.0,False,False,255,False,43.22795823219599,11.084356070797512,1.3004131618170194,8.374272535189485,32.408600349472835,28.598133788556943,251.78873413802978,1.007154936552119,3.211265861970219,0.012845063447880944,472.0,-217.0,"{'C': 423, 'SS': 594, '2B': 592, '3B': 571, '1B': 601, 'OF': 526, 'UT': 472}",1.02,0.524,-6.108679281275865,,,,,,9.6,21.599999999999998,16.8,0.02100000000000002,1.02,5,1601,0.0,1.0036496350364963,4,False,0.016350364963503727,0.10000000000000142,0.9000000000000004,0.20000000000000284,0.0,0.0,17.0,0.0,,7.5,2026-03-28,2026-09-27,84.0,162.0,162.0,0.0,250.0,0.519,2.0,0.0,0.15,,established,32.7,0.7,1.1,"1.02/PA is his best rate yet, so the bar is one step up · sprint 28.7 ft/s (83rd pct) · avg EV 87.8 (39th pct)",xwOBA 0.328 (72nd) · barrels 7.2% (49th) · EV 87.8 (37th) · hard-hit 39% (54th) · K 22% (56th) · BB 3% (1st) · chase 53% (0th) · bat speed 72.5 mph (57th) · sprint 28.7 (83rd),"{""n"":20,""b"":0,""c"":[[""Ram\u00f3n Ur\u00edas"",2024,30,0.95,0.85,331,0],[""Alex Call"",2025,31,0.94,0.86,167,0],[""Jake Meyers"",2025,29,1.02,0.77,118,0],[""Harrison Bader"",2024,30,0.99,1.06,533,0],[""Myles Straw"",2025,31,1.06,0.9,297,0]]}",1.0215864831965873,-0.01977893541086498,1.0215864831965873,209.0,0.994,214.0,613.0,302,70,FA,516.0,495.0,-302.0,-281.0,let go,False,243
671289,Tyler Freeman,2026,1999-05-21,OF,R,Colorado Rockies,79,288,255,63,6,1,3,29,23,11,15,6,4,34,0,53,1,0,6,0,0,13,0,0,63,10,27.0,288.0,11.8,3.8,0.247,0.314,0.317,0.067,0.275,0.265,0.353,0.289,0.309,0.333,0.088,0.283,0.309,-0.018,-0.039,-0.02,87.7,9.9,30.7,1.3,36.0,98.258503889,93.223297037,72.0,30.2,74.7,93.3,12.4,50.6,33.8,51.8,20.2,23.2,4.8,7.0,70.5,11.6,30.0,12.7,2.6,30.7,-4.0,27.7,4.5,5.0,25.0,33.0,228.0,87.0,62.5,tyler freeman,COL,,,,,,,,250.0,27.1,3.1645569620253164,0.8680555555555556,293,2B/OF,OF,True,339.0,172.67,2.396692273871662,77.33000000000001,0.7678646881536544,46.0,False,False,255,False,55.23257057900345,6.937703343954832,0.7118815750799832,4.692844501961733,32.913357697180516,26.980640810640203,272.48399850782073,0.946124994818822,-22.48399850782073,-0.07806943926326637,472.0,-222.0,"{'C': 423, 'SS': 594, '2B': 592, '3B': 571, '1B': 601, 'OF': 526, 'UT': 472}",0.8680555555555556,0.3993055555555556,-7.921038316902885,,,,,,12.5,6.25,22.916666666666668,0.020000000000000018,0.9906542056074766,3,1353,-0.12259865005192105,0.9906542056074766,2,False,-0.12259865005192105,-0.09999999999999964,-0.8,-0.7999999999999972,25.0,3.0,58.0,0.0,Concussion,44.8,2026-04-01,2026-08-08,79.0,120.0,108.0,12.0,432.0,0.731,5.0,0.0,0.15,,established,38.4,3.3,1.071,"deserved 0.95/PA on contact quality, got 0.87 · 27 years old, an age that jumps 3% of the time · sprint 27.7 ft/s (56th pct)",xwOBA 0.309 (51st) · barrels 1.3% (2nd) · EV 87.7 (35th) · hard-hit 36% (37th) · K 12% (96th) · BB 4% (5th) · chase 30% (51st) · bat speed 70.5 mph (29th) · sprint 27.7 (55th),"{""n"":20,""b"":0,""c"":[[""Nicky Lopez"",2023,28,0.87,0.73,326,0],[""Jacob Young"",2025,26,0.87,1.02,481,0],[""Abraham Toro"",2024,28,0.8,0.83,237,0],[""Keibert Ruiz"",2025,27,0.86,1.1,388,0],[""Santiago Espinal"",2023,29,0.81,0.88,345,0]]}",0.9533359305564826,-0.020371427220405795,0.9533359305564826,224.0,0.964,214.0,572.0,302,194,FA,516.0,495.0,-302.0,-281.0,let go,False,244
669701,Josh Smith,2026,1997-08-07,2B,L,multi,80,243,212,43,5,1,6,23,15,25,2,4,1,56,2,31,2,0,0,0,1,45,18,0,17,2,28.0,243.0,23.0,10.3,0.203,0.321,0.29,0.118,0.243,0.204,0.32,0.275,0.276,0.291,0.116,0.302,0.301,-0.001,0.001,-0.001,85.9,16.0,32.5,6.3,30.0,96.888717922,92.448959545,61.3,34.1,54.9,88.2,24.3,47.2,35.0,40.6,31.9,21.3,6.3,7.0,68.7,6.4,23.3,2.7,12.7,43.8,-10.0,27.9,4.38,10.0,15.0,18.0,160.0,72.5,61.6,josh smith,multi,Josh Smith,TOR,"1B,2B,3B,SS,LF,RF",317.0,194.0,325.0,337.0,186.0,28.9,2.325,0.7654320987654321,352,1B/2B/3B/SS,2B,False,194.0,377.19354838709677,3.1811021036719445,-191.19354838709677,-0.8561021036719443,-158.0,False,False,283,True,30.318704191724557,6.739419378981393,0.7170486668635337,5.472827762430514,26.851481297239122,23.852179447782746,198.7916607450219,0.818072677963053,-12.791660745021886,-0.052640579197620996,472.0,-286.0,"{'C': 423, 'SS': 594, '2B': 592, '3B': 571, '1B': 601, 'OF': 526, 'UT': 472}",0.7654320987654321,0.32510288065843623,-9.28708462681573,,,,,,9.876543209876544,14.814814814814813,61.7283950617284,0.0010000000000000009,0.9391891891891891,5,1883,-0.1737570904237571,0.9391891891891891,4,False,-0.1737570904237571,5.199999999999999,1.2999999999999998,-0.29999999999999716,52.0,2.0,52.0,0.0,,52.0,2026-03-26,2026-09-27,80.0,159.0,111.0,48.0,355.0,0.721,0.0,0.0,0.15,,established,23.5,0.5,1.019,"deserved 0.82/PA on contact quality, got 0.77 · sprint 27.9 ft/s (61st pct) · already 29, an age that jumps 4% of the time",xwOBA 0.276 (17th) · barrels 6.3% (39th) · EV 85.9 (12th) · hard-hit 30% (15th) · K 23% (48th) · BB 10% (70th) · chase 34% (29th) · bat speed 68.7 mph (10th) · sprint 27.9 (60th),"{""n"":20,""b"":0,""c"":[[""Thairo Estrada"",2024,28,0.82,0.84,138,0],[""Dylan Carlson"",2025,27,0.8,0.25,1,0],[""Taylor Walls"",2024,28,0.84,0.91,289,0],[""J.P. Crawford"",2024,30,0.81,0.88,577,0],[""Jeimer Candelario"",2022,29,0.79,1.03,593,0]]}",0.8682762449329364,-0.026285818839922398,0.8682762449329364,245.0,0.958,213.0,521.0,305,400,FA,516.0,495.0,-303.0,-282.0,let go,False,245
609280,Miguel Andujar,2026,1995-03-02,DH,R,San Diego Padres,74,254,239,62,20,2,5,24,22,11,4,2,2,38,0,35,1,0,0,0,3,0,7,0,0,60,31.0,254.0,15.0,4.3,0.259,0.423,0.303,0.164,0.291,0.264,0.376,0.314,0.298,0.302,0.112,0.347,0.327,-0.005,0.047,0.016,88.3,6.5,26.4,4.5,36.3,99.775366436,94.026464328,68.7,40.8,71.1,88.3,18.5,54.2,44.8,53.2,17.9,22.9,6.0,7.6,71.2,9.7,26.1,19.2,7.3,58.2,-3.0,27.4,4.46,8.0,23.0,31.0,201.0,67.6,65.6,miguel andujar,SD,Miguel Andujar,SD,"3B,LF,DH",476.0,269.0,462.0,490.0,229.0,31.3,3.0945945945945947,0.9015748031496063,313,3B/OF,UT,False,269.0,223.9,2.840653659676383,5.099999999999994,0.2539409349182118,-44.0,False,False,258,False,47.211484172155465,9.98237415345785,0.9207991766179012,4.981342497768782,28.154518929878233,25.885759320492713,227.00027825037094,0.8937018828754761,1.9997217496290602,0.007872920274130113,472.0,-243.0,"{'C': 423, 'SS': 594, '2B': 592, '3B': 571, '1B': 601, 'OF': 526, 'UT': 472}",0.9015748031496063,0.48031496062992124,-8.204480122792617,,,,,,4.724409448818897,11.811023622047244,25.984251968503937,-0.016000000000000014,1.0410557184750733,3,1306,-0.13948091532546703,1.0410557184750733,2,False,-0.13948091532546703,0.5999999999999996,-0.20000000000000018,-0.5,77.0,2.0,203.0,0.0,Right wrist fracture,125.9,2026-03-26,2026-07-19,74.0,106.0,91.0,15.0,452.0,0.813,0.0,0.0,0.15,,established,30.1,0.7,1.121,"0.90/PA this year against 1.04 at his best, two steps to clear · 1,306 career PA, a known quantity · only 254 PA, and a breakout needs 350 next year",xwOBA 0.298 (40th) · barrels 4.5% (25th) · EV 88.3 (45th) · hard-hit 36% (38th) · K 15% (88th) · BB 4% (8th) · chase 41% (6th) · bat speed 71.2 mph (37th) · sprint 27.4 (48th),"{""n"":20,""b"":0,""c"":[[""Andy Ib\u00e1\u00f1ez"",2025,32,0.9,0.31,8,0],[""Gio Urshela"",2023,32,0.89,0.8,367,0],[""Enrique Hern\u00e1ndez"",2022,31,0.83,0.84,425,0],[""Joey Wendle"",2022,32,0.87,0.73,233,0],[""Corey Dickerson"",2022,33,0.89,0.8,122,0]]}",0.938027612854417,-0.03573509974786369,0.938027612854417,226.0,0.899,212.0,563.0,306,238,FA,516.0,495.0,-304.0,-283.0,let go,False,246
694378,Jacob Gonzalez,2026,2002-05-30,SS,L,multi,81,227,209,46,9,0,7,21,31,12,4,2,1,44,1,30,5,0,0,0,32,0,14,36,0,0,24.0,227.0,19.4,5.3,0.22,0.364,0.274,0.144,0.245,0.247,0.396,0.282,0.305,0.3,0.149,0.316,0.347,-0.027,-0.032,-0.023,88.0,16.9,33.5,4.8,37.3,98.854108554,93.490033212,73.7,37.7,70.8,82.8,21.1,55.5,41.9,41.9,26.3,23.4,8.4,7.2,71.2,8.6,22.0,14.1,8.7,56.3,-7.0,26.5,4.55,8.0,12.0,26.0,167.0,86.4,63.4,jacob gonzalez,multi,,,,,,,,191.0,24.1,2.3580246913580245,0.8414096916299559,348,1B/2B/SS,1B/SS,True,339.0,172.67,2.396692273871662,18.330000000000013,-0.038667582513637555,-9.0,False,False,283,False,34.83958798529175,9.322315118087316,0.5646058079501056,6.896491088670824,24.97595191603054,25.764387038815574,202.1273389548461,0.890428805968485,-11.127338954846095,-0.04901911433852901,472.0,-281.0,"{'C': 423, 'SS': 594, '2B': 592, '3B': 571, '1B': 601, 'OF': 526, 'UT': 472}",0.8414096916299559,0.43171806167400884,-8.293167425528534,,,,,,5.286343612334802,18.502202643171806,31.718061674008812,0.02300000000000002,0.8414096916299559,1,227,0.0,,0,False,0.49140969162995596,,,,0.0,0.0,0.0,0.0,,0.0,2026-05-31,2026-09-27,81.0,103.0,103.0,0.0,357.0,0.786,66.0,1.0,0.15,,young / establishing,54.5,13.6,0.921,"24 years old, an age that jumps 8% of the time · deserved 0.89/PA on contact quality, got 0.84 · avg EV 88.0 (42nd pct)",xwOBA 0.305 (48th) · barrels 4.8% (26th) · EV 88.0 (40th) · hard-hit 37% (43rd) · K 19% (70th) · BB 5% (15th) · chase 38% (13th) · bat speed 71.2 mph (37th) · sprint 26.5 (25th),"{""n"":20,""b"":1,""c"":[[""Curtis Mead"",2025,25,0.81,1.11,365,0],[""Graham Pauley"",2025,25,0.81,0.85,131,0],[""Josh Naylor"",2021,24,0.9,1.01,502,0],[""Miguel Vargas"",2023,24,0.85,0.68,160,0],[""Cal Mitchell"",2022,23,0.81,0.2,1,0]]}",0.9578459118894486,0.00019966633770723946,0.9578459118894486,220.0,1.0,211.0,575.0,307,182,FA,516.0,495.0,-305.0,-284.0,let go,False,247
687749,Jase Bowen,2026,2000-09-02,OF,R,San Diego Padres,83,103,96,14,2,1,2,14,7,3,2,6,1,41,0,9,0,0,2,0,0,0,0,0,74,4,25.0,103.0,39.8,2.9,0.146,0.25,0.188,0.104,0.226,0.194,0.321,0.196,0.244,0.235,0.127,0.295,0.386,-0.048,-0.071,-0.048,87.7,13.2,28.1,8.9,33.3,99.5591316,93.8467474,62.1,43.7,48.8,75.2,36.6,52.2,45.6,45.6,29.8,22.8,1.8,7.9,73.5,3.9,15.1,28.9,20.7,36.1,-11.0,29.6,4.32,4.0,5.0,5.0,57.0,57.7,68.0,jase bowen,SD,,,,,,,,86.0,25.8,1.036144578313253,0.8349514563106796,462,OF,OF,True,339.0,172.67,2.396692273871662,-86.66999999999999,-1.360547695558409,-123.0,False,False,339,False,12.085248647965155,3.50260513082872,0.41904379444710094,2.617102426759026,11.927041933063451,10.024464717287682,98.39150665035113,0.9552573461199139,-12.391506650351133,-0.12030588980923429,472.0,-386.0,"{'C': 423, 'SS': 594, '2B': 592, '3B': 571, '1B': 601, 'OF': 526, 'UT': 472}",0.8349514563106796,0.1262135922330097,-10.507861980917399,,,,,,34.95145631067961,11.650485436893202,17.475728155339805,0.04799999999999999,,0,103,,,0,False,0.4849514563106796,,,,0.0,0.0,0.0,0.0,,0.0,2026-06-02,2026-09-27,83.0,104.0,104.0,0.0,160.0,0.798,68.0,1.0,0.15,,rookie,42.8,3.9,0.43,"deserved 0.96/PA on contact quality, got 0.83 · sprint 29.6 ft/s (95th pct) · 26 years old, an age that jumps 4% of the time",xwOBA 0.244 (3rd) · barrels 8.9% (63rd) · EV 87.7 (35th) · hard-hit 33% (25th) · K 40% (0th) · BB 3% (1st) · chase 44% (3rd) · bat speed 73.5 mph (72nd) · sprint 29.6 (95th),"{""n"":20,""b"":2,""c"":[[""Oliver Dunn"",2024,27,0.83,0.66,27,0],[""Matt Wallner"",2022,24,0.89,1.16,294,0],[""Ryan McKenna"",2021,24,0.72,0.87,149,0],[""Franchy Cordero"",2021,27,0.68,0.89,245,0],[""Tyler Locklear"",2025,25,0.72,1.12,47,0]]}",1.0502991727605788,-0.012888640320029626,1.0502991727605788,200.0,1.0,210.0,630.0,308,33,FA,516.0,495.0,-306.0,-285.0,let go,False,248
663837,Matt Vierling,2026,1996-09-16,OF,R,Detroit Tigers,92,291,266,55,13,3,5,24,31,19,0,4,2,49,5,34,2,0,2,0,0,0,1,0,103,1,29.0,291.0,16.8,6.5,0.207,0.335,0.255,0.128,0.23,0.256,0.381,0.258,0.304,0.307,0.125,0.278,0.337,-0.049,-0.046,-0.046,87.9,17.4,36.3,5.0,37.2,98.761562252,93.539494751,63.4,32.4,67.0,89.2,18.2,48.0,33.6,37.2,28.3,23.3,11.2,7.4,70.9,11.0,29.3,7.6,8.8,58.1,-14.0,28.3,4.5,13.0,15.0,27.0,223.0,74.0,60.1,matt vierling,DET,,,,,,,,232.0,29.8,2.5217391304347827,0.7972508591065293,307,OF,OF,True,339.0,172.67,2.396692273871662,59.33000000000001,0.12504685656312065,32.0,False,False,257,False,49.29953498612291,10.817241213490266,1.5049126146507492,6.474311185736078,34.5689894821498,29.78857610775511,266.7995655899049,0.9168369951543123,-34.79956558990489,-0.11958613604778301,472.0,-240.0,"{'C': 423, 'SS': 594, '2B': 592, '3B': 571, '1B': 601, 'OF': 526, 'UT': 472}",0.7972508591065293,0.4054982817869416,-8.571730099254209,,,,,,8.24742268041237,10.309278350515465,39.175257731958766,0.045999999999999985,0.9753086419753086,4,1922,-0.17805778286877938,,3,False,0.4472508591065293,,,,58.0,1.0,196.0,0.0,,140.8,2026-03-27,2026-07-29,92.0,115.0,110.0,5.0,429.0,0.836,1.0,0.0,0.15,,established,29.3,2.9,1.055,"deserved 0.92/PA on contact quality, got 0.80 · sprint 28.3 ft/s (74th pct) · avg EV 87.9 (41st pct)",xwOBA 0.304 (46th) · barrels 5.0% (28th) · EV 87.9 (39th) · hard-hit 37% (42nd) · K 17% (82nd) · BB 6% (26th) · chase 32% (37th) · bat speed 70.9 mph (33rd) · sprint 28.3 (72nd),"{""n"":20,""b"":0,""c"":[[""Manuel Margot"",2024,30,0.83,0.75,15,0],[""Tommy Edman"",2025,30,0.91,0.98,326,0],[""Luis Ur\u00edas"",2025,28,0.77,0.95,56,0],[""Abraham Toro"",2024,28,0.8,0.83,237,0],[""J.P. Crawford"",2024,30,0.81,0.88,577,0]]}",0.9787156822749375,-0.01977893541086498,0.9787156822749375,211.0,0.887,207.0,587.0,309,131,FA,516.0,495.0,-309.0,-288.0,let go,False,249
624585,Jorge Soler,2026,1992-02-25,DH,R,Los Angeles Angels,86,361,316,64,16,1,12,36,49,35,6,0,0,118,4,35,0,0,1,0,0,0,0,0,9,76,34.0,361.0,32.7,9.7,0.203,0.373,0.291,0.17,0.274,0.206,0.362,0.295,0.294,0.296,0.156,0.384,0.383,-0.003,0.011,0.001,88.5,14.5,35.1,10.9,42.6,101.551384059,94.859988762,69.1,27.4,35.9,74.9,36.9,47.3,52.0,39.6,27.2,27.2,5.9,7.9,74.9,9.9,16.8,51.2,11.8,53.0,-4.0,26.0,4.81,15.0,13.0,36.0,202.0,77.1,63.4,jorge soler,LAA,Jorge Soler,,,381.5,231.0,390.0,373.0,310.0,34.3,3.604651162790698,0.8587257617728532,251,OF,UT,False,231.0,340.5483870967742,3.0867599025400003,-30.548387096774206,0.5178912602506975,-20.0,False,False,243,False,38.5028306777364,14.686018512999198,1.1114709407923828,10.795679868472009,37.93014735265447,41.188336520460105,301.60648387311454,0.8354750245792647,8.393516126885459,0.0232507371935885,472.0,-162.0,"{'C': 423, 'SS': 594, '2B': 592, '3B': 571, '1B': 601, 'OF': 526, 'UT': 472}",0.8587257617728532,0.33240997229916897,-6.690711345668445,9.363295880149813,3.3707865168539324,8.98876404494382,5.992509363295881,0.37453183520599254,0.0,19.94459833795014,58.171745152354575,-0.0010000000000000009,1.053448275862069,6,2738,-0.1947225140892157,1.053448275862069,5,True,-0.1947225140892157,2.900000000000002,-1.9000000000000004,0.9000000000000057,16.0,1.0,100.0,0.0,,63.7,2026-03-26,2026-08-01,86.0,117.0,101.0,16.0,579.0,0.851,0.0,0.0,0.15,,established,33.4,0.1,1.133,"got 0.86/PA but deserved 0.84 · sprint 26.0 ft/s (15th pct) · 0.86/PA this year against 1.05 at his best, two steps to clear · bat speed up 0.9 mph",xwOBA 0.294 (33rd) · barrels 10.9% (79th) · EV 88.5 (48th) · hard-hit 43% (70th) · K 33% (5th) · BB 10% (64th) · chase 27% (69th) · bat speed 74.9 mph (88th) · sprint 26.0 (15th),"{""n"":20,""b"":0,""c"":[[""Rhys Hoskins"",2025,32,0.91,0.85,268,0],[""Mitch Garver"",2025,34,0.86,0.85,126,0],[""Michael A. Taylor"",2024,33,0.83,0.86,280,0],[""Kyle Farmer"",2025,35,0.79,0.74,14,0],[""Mitch Garver"",2024,34,0.8,0.86,250,0]]}",0.8636680704713944,-0.04369876870972289,0.8636680704713944,239.0,0.902,206.0,518.0,310,408,Dan,516.0,495.0,-310.0,-289.0,let go,False,250
823550,Sung-Mun Song,2026,1996-08-29,2B,L,San Diego Padres,78,154,131,25,4,0,1,22,17,19,0,13,4,31,1,20,1,0,0,0,0,34,16,21,0,1,29.0,154.0,20.1,12.3,0.191,0.244,0.291,0.053,0.24,0.183,0.267,0.25,0.253,0.28,0.084,0.247,0.251,0.008,-0.023,-0.003,87.3,16.7,26.0,3.8,27.9,97.188634286,92.609704898,62.6,23.6,61.3,84.5,21.9,42.8,41.3,44.2,26.0,16.3,13.5,7.6,71.9,7.7,25.0,14.5,7.8,60.4,-8.0,27.2,4.31,3.0,13.0,9.0,104.0,83.3,62.1,sungmun song,SD,Sung-Mun Song,SD,"2B,3B,SS",791.5,313.0,1117.0,466.0,153.0,29.8,1.9615384615384615,0.9935064935064936,383,2B/SS,2B/SS,False,313.0,172.67,2.396692273871662,-19.669999999999987,-0.4351538123332006,-70.0,False,False,339,False,17.852558489905665,3.550549219842677,0.2562260905976412,2.313666199654014,15.74547203705354,13.752000865858875,145.4474729029124,0.9444641097591715,7.552527097087591,0.04904238374732206,472.0,-319.0,"{'C': 423, 'SS': 594, '2B': 592, '3B': 571, '1B': 601, 'OF': 526, 'UT': 472}",0.9935064935064936,0.4675324675324675,-8.734230823722575,,,,,,50.64935064935065,3.8961038961038965,74.02597402597402,0.0030000000000000027,,0,154,,,0,False,0.6435064935064936,,,,22.0,1.0,22.0,0.0,Right oblique strain,22.0,2026-04-26,2026-09-27,78.0,136.0,136.0,0.0,183.0,0.574,31.0,1.0,0.15,,established,18.1,2.5,0.43,"sprint 27.2 ft/s (43rd pct) · already 30, an age that jumps 3% of the time · avg EV 87.3 (30th pct)",xwOBA 0.253 (6th) · barrels 3.8% (17th) · EV 87.3 (28th) · hard-hit 28% (10th) · K 20% (65th) · BB 12% (89th) · chase 24% (88th) · bat speed 71.9 mph (48th) · sprint 27.2 (42nd),"{""n"":20,""b"":1,""c"":[[""Travis Jankowski"",2021,30,0.96,0.77,49,0],[""Brandon Drury"",2021,29,0.99,1.08,612,1],[""Pablo Reyes"",2021,28,0.95,0.56,9,0],[""\u00d3scar Mercado"",2022,28,0.91,1.06,34,0],[""Andruw Monasterio"",2025,28,1.02,0.87,301,0]]}",1.031240931134444,-0.01977893541086498,1.031240931134444,200.0,0.982,206.0,619.0,310,49,FA,516.0,495.0,-310.0,-289.0,let go,False,251
663368,Blake Perkins,2026,1996-09-10,OF,S,Milwaukee Brewers,55,101,89,14,6,0,1,14,11,10,1,3,1,22,0,7,0,0,1,0,0,0,0,0,52,1,29.0,101.0,21.8,9.9,0.157,0.258,0.25,0.101,0.197,0.196,0.295,0.236,0.264,0.285,0.099,0.237,0.279,-0.039,-0.037,-0.028,86.4,13.4,23.5,4.4,33.8,97.263370606,92.781445846,59.2,28.9,71.4,83.2,20.9,43.4,42.6,44.1,22.1,20.6,13.2,7.4,70.4,8.0,24.7,8.7,9.4,64.7,-4.0,28.7,4.29,1.0,3.0,10.0,68.0,67.5,68.3,blake perkins,MIL,,,,,,,,84.0,29.8,1.5272727272727273,0.8316831683168316,465,OF,OF,True,339.0,172.67,2.396692273871662,-88.66999999999999,-0.8694195465989347,-126.0,False,False,339,False,12.44897720600338,2.9869275860136453,0.20021320996256603,1.8078819980204077,11.323987093553491,9.176832967501591,86.19982006105508,0.8534635649609413,-2.199820061055078,-0.02178039664410969,472.0,-388.0,"{'C': 423, 'SS': 594, '2B': 592, '3B': 571, '1B': 601, 'OF': 526, 'UT': 472}",0.8316831683168316,0.38613861386138615,-10.544356753914917,,,,,,17.82178217821782,5.9405940594059405,59.40594059405941,0.028000000000000025,,1,874,,,1,False,0.48168316831683167,-5.699999999999999,0.7000000000000002,0.4000000000000057,0.0,0.0,119.0,0.0,,68.39999999999999,2026-03-26,2026-07-26,55.0,114.0,114.0,0.0,144.0,0.482,0.0,0.0,0.15,,established,24.6,1.9,0.912,"sprint 28.7 ft/s (83rd pct) · deserved 0.85/PA on contact quality, got 0.83 · already 30, an age that jumps 3% of the time",xwOBA 0.264 (9th) · barrels 4.4% (24th) · EV 86.4 (17th) · hard-hit 34% (27th) · K 22% (55th) · BB 10% (66th) · chase 29% (60th) · bat speed 70.4 mph (28th) · sprint 28.7 (83rd),"{""n"":20,""b"":0,""c"":[[""Jos\u00e9 Az\u00f3car"",2024,28,0.87,1.0,21,0],[""Tyler Wade"",2024,30,0.85,0.74,94,0],[""Nick Sogard"",2025,28,0.89,0.84,232,0],[""Tyler Wade"",2022,28,0.81,0.98,54,0],[""Garrett Hampson"",2022,28,0.9,0.95,239,0]]}",1.0246655754201626,-0.01977893541086498,1.0246655754201626,200.0,0.945,205.0,615.0,313,61,FA,516.0,495.0,-311.0,-290.0,let go,False,252
690984,Petey Halpin,2026,2002-05-26,OF,L,Cleveland Guardians,83,195,178,40,4,1,4,27,14,9,2,10,2,35,1,31,0,0,5,0,0,0,0,0,84,0,24.0,195.0,17.9,4.6,0.225,0.326,0.268,0.101,0.257,0.252,0.377,0.264,0.295,0.294,0.126,0.295,0.335,-0.027,-0.051,-0.031,85.5,20.8,38.3,5.4,25.5,96.649568841,92.330029928,81.3,38.6,64.2,80.5,25.1,59.0,36.2,34.9,33.6,20.8,10.7,7.0,69.8,8.1,24.0,4.5,9.2,50.0,-9.0,28.5,4.33,11.0,9.0,18.0,149.0,86.9,64.1,petey halpin,CLE,,,,,,,,190.0,24.1,2.289156626506024,0.9743589743589743,349,OF,OF,True,339.0,172.67,2.396692273871662,17.330000000000013,-0.10753564736563792,-10.0,False,False,283,False,32.89842529076965,6.370482429623355,0.7037592684443377,4.883333011162657,23.39714086736953,19.88741253244369,206.42455339981325,1.0585874533323756,-16.42455339981325,-0.08422847897340124,472.0,-282.0,"{'C': 423, 'SS': 594, '2B': 592, '3B': 571, '1B': 601, 'OF': 526, 'UT': 472}",0.9743589743589743,0.4256410256410256,-8.312607348568223,,,,,,30.769230769230766,12.307692307692308,27.692307692307693,0.030999999999999972,,0,203,,,0,False,0.6243589743589744,,,,0.0,0.0,0.0,0.0,,0.0,2026-05-02,2026-09-27,83.0,132.0,132.0,0.0,239.0,0.629,37.0,1.0,0.15,,young / establishing,42.8,3.7,0.43,"deserved 1.06/PA on contact quality, got 0.97 · 24 years old, an age that jumps 8% of the time · 203 career PA, still new",xwOBA 0.295 (35th) · barrels 5.4% (32nd) · EV 85.5 (8th) · hard-hit 26% (6th) · K 18% (78th) · BB 5% (9th) · chase 39% (11th) · bat speed 69.8 mph (22nd) · sprint 28.5 (78th),"{""n"":20,""b"":1,""c"":[[""Tyler Freeman"",2023,24,0.92,0.91,348,0],[""Nico Hoerner"",2021,24,0.95,1.02,528,0],[""Edward Olivares"",2021,25,0.96,0.98,170,0],[""Luisangel Acu\u00f1a"",2025,23,0.97,0.92,206,0],[""Miguel Andujar"",2021,26,0.87,0.85,119,0]]}",1.023532741731405,0.00019966633770723946,1.023532741731405,200.0,1.0,205.0,614.0,313,66,FA,516.0,495.0,-311.0,-290.0,let go,False,253
701785,Kaelen Culpepper,2026,2002-12-29,SS,R,Minnesota Twins,33,128,117,32,5,0,3,15,11,6,4,1,0,28,1,24,3,0,0,0,0,0,0,33,0,0,23.0,128.0,21.9,4.7,0.274,0.393,0.328,0.119,0.333,0.236,0.351,0.32,0.287,0.296,0.114,0.376,0.33,0.038,0.042,0.033,87.4,15.7,35.6,3.4,31.1,97.557599556,92.881340112,67.0,42.8,55.8,86.8,26.4,54.0,42.2,41.1,24.4,24.4,10.0,7.3,73.7,6.6,19.5,36.3,12.2,58.6,1.0,27.8,4.41,6.0,11.0,15.0,90.0,79.5,69.5,kaelen culpepper,MIN,,,,,,,,114.0,23.5,3.4545454545454546,0.890625,425,SS,SS,True,339.0,172.67,2.396692273871662,-58.66999999999999,1.0578531806737925,-86.0,False,False,339,False,20.328941681438835,4.1126666027595125,0.2858417501644615,2.8845499656371882,14.263059726985375,12.794845520035572,105.61990524702094,0.8251555097423511,8.380094752979062,0.06546949025764892,472.0,-358.0,"{'C': 423, 'SS': 594, '2B': 592, '3B': 571, '1B': 601, 'OF': 526, 'UT': 472}",0.890625,0.3984375,-9.614031382315337,,,,,,4.6875,14.0625,28.125,-0.03300000000000003,,0,128,,,0,False,0.540625,,,,10.0,1.0,10.0,0.0,Left hamstring strain,10.0,2026-08-07,2026-09-27,33.0,46.0,36.0,10.0,576.0,0.917,134.0,1.0,0.6699999999999999,34.0,top-100 prospect,69.8,1.8,0.43,"24 years old, an age that jumps 8% of the time · sprint 27.8 ft/s (59th pct) · avg EV 87.4 (32nd pct)",xwOBA 0.287 (26th) · barrels 3.4% (15th) · EV 87.4 (30th) · hard-hit 31% (18th) · K 22% (54th) · BB 5% (11th) · chase 43% (4th) · bat speed 73.7 mph (75th) · sprint 27.8 (57th),"{""n"":20,""b"":1,""c"":[[""Cole Tucker"",2021,25,0.83,0.49,31,0],[""Drew Gilbert"",2025,25,0.86,0.94,370,0],[""Bryan De La Cruz"",2021,24,0.94,0.97,344,0],[""Nick Maton"",2021,24,0.91,1.18,100,0],[""Ezequiel Duran"",2022,23,0.86,1.0,440,0]]}",0.9218783173873095,0.00019966633770723946,0.9218783173873095,222.0,0.992,205.0,553.0,313,282,FA,516.0,495.0,-311.0,-290.0,let go,False,254
695720,Tommy White,2026,2003-03-02,1B,R,Athletics,56,195,189,48,5,0,3,19,10,5,0,0,1,35,1,40,3,0,0,0,35,0,25,0,0,1,23.0,195.0,17.9,2.6,0.254,0.328,0.272,0.074,0.296,0.263,0.383,0.264,0.291,0.283,0.12,0.31,0.344,-0.009,-0.055,-0.027,85.9,7.4,30.3,7.1,32.3,97.142154872,92.609868194,69.7,42.4,65.2,87.0,21.9,55.2,29.0,49.7,23.2,23.9,3.2,7.3,69.3,9.0,25.2,12.8,8.7,60.5,-12.0,26.7,4.65,8.0,18.0,22.0,155.0,77.4,68.2,tommy white,ATH,,,,,,,,141.0,23.3,2.517857142857143,0.7230769230769231,401,1B/3B,1B/3B,True,339.0,172.67,2.396692273871662,-31.669999999999987,0.12116486898548073,-62.0,False,False,339,False,37.32285225183932,6.993198271898765,0.48604670068450945,4.904902775577405,20.436484351104042,20.829458040076783,165.35994239118082,0.847999704570158,-24.359942391180823,-0.12492278149323499,472.0,-331.0,"{'C': 423, 'SS': 594, '2B': 592, '3B': 571, '1B': 601, 'OF': 526, 'UT': 472}",0.7230769230769231,0.3128205128205128,-9.704264783352636,,,,,,0.0,9.230769230769232,15.384615384615383,0.02699999999999997,,0,195,,,0,False,0.3730769230769231,,,,0.0,0.0,0.0,0.0,,0.0,2026-07-17,2026-09-27,56.0,66.0,66.0,0.0,479.0,0.848,112.0,1.0,0.15,,young / establishing,46.4,5.3,0.43,"deserved 0.85/PA on contact quality, got 0.72 · 23 years old, an age that jumps 11% of the time · sprint 26.7 ft/s (29th pct)",xwOBA 0.291 (30th) · barrels 7.1% (48th) · EV 85.9 (12th) · hard-hit 32% (21st) · K 18% (78th) · BB 3% (1st) · chase 42% (4th) · bat speed 69.3 mph (17th) · sprint 26.7 (29th),"{""n"":20,""b"":0,""c"":[[""Luis Rengifo"",2021,24,0.71,0.9,460,0],[""Brooks Lee"",2024,23,0.78,0.84,443,0],[""Darell Hernaiz"",2025,24,0.75,0.72,113,0],[""Cole Young"",2025,22,0.75,0.89,565,0],[""Trey Lipscomb"",2024,24,0.73,1.25,5,0]]}",0.8928710717917909,0.009960942754447033,0.8928710717917909,228.0,1.0,204.0,536.0,315,353,FA,516.0,495.0,-312.0,-291.0,let go,False,255
687957,Dustin Harris,2026,1999-07-08,OF,L,multi,45,152,133,39,4,4,0,24,19,11,3,10,1,20,3,31,0,0,2,0,0,0,0,0,46,1,26.0,152.0,13.2,7.2,0.293,0.383,0.353,0.09,0.336,0.278,0.36,0.326,0.314,0.343,0.082,0.336,0.321,0.015,0.023,0.012,85.2,15.6,39.8,1.7,19.5,95.003306607,91.511742857,65.1,33.2,68.1,87.5,19.3,48.7,50.0,41.5,19.5,31.4,7.6,6.6,66.8,7.2,36.8,3.1,13.6,42.3,0.0,29.0,4.16,3.0,9.0,27.0,118.0,69.6,62.5,dustin harris,multi,,,,,,,,181.0,27.0,4.022222222222222,1.1907894736842106,357,OF,OF,True,339.0,172.67,2.396692273871662,8.330000000000013,1.62552994835056,-18.0,False,False,283,False,30.880264534581652,3.314115646362798,0.746975103529456,2.032644715526097,19.054165644643263,13.457744764005046,165.36591040864832,1.0879336211095285,15.634089591351682,0.1028558525746821,472.0,-291.0,"{'C': 423, 'SS': 594, '2B': 592, '3B': 571, '1B': 601, 'OF': 526, 'UT': 472}",1.1907894736842106,0.625,-7.861719495893592,,,,,,39.473684210526315,0.0,43.42105263157895,-0.01200000000000001,,0,202,,,0,False,0.8407894736842106,,,,0.0,0.0,14.0,0.0,,8.4,2026-04-07,2026-09-27,45.0,52.0,52.0,0.0,474.0,0.865,12.0,0.0,0.15,,established,37.6,0.8,0.43,"202 career PA, still new · sprint 29.0 ft/s (89th pct) · 27 years old, an age that jumps 3% of the time",xwOBA 0.314 (57th) · barrels 1.7% (3rd) · EV 85.2 (6th) · hard-hit 20% (2nd) · K 13% (95th) · BB 7% (32nd) · chase 33% (33rd) · bat speed 66.8 mph (3rd) · sprint 29.0 (88th),"{""n"":20,""b"":2,""c"":[[""Thairo Estrada"",2021,25,1.08,1.03,555,1],[""Richie Palacios"",2023,26,1.1,0.98,310,0],[""Xavier Edwards"",2024,25,1.26,0.97,598,0],[""Nate Eaton"",2022,26,1.2,0.46,26,0],[""Leo Rivas"",2025,28,1.06,0.6,89,0]]}",1.0176871095567082,-0.020371427220405795,1.0176871095567082,200.0,0.993,204.0,611.0,315,76,FA,516.0,495.0,-312.0,-291.0,let go,False,256
663330,Jahmai Jones,2026,1997-08-04,DH,R,multi,94,181,160,33,6,1,6,20,16,17,4,3,2,58,0,20,0,0,0,0,0,0,0,0,11,65,28.0,181.0,32.0,9.4,0.206,0.369,0.298,0.163,0.281,0.229,0.428,0.299,0.328,0.319,0.2,0.385,0.439,-0.023,-0.059,-0.029,90.6,18.8,34.3,10.8,43.1,101.81520451,95.26841396,71.9,29.7,42.0,76.8,34.7,49.0,52.9,32.4,29.4,26.5,11.8,7.7,73.3,11.2,20.0,34.9,14.5,55.9,-2.0,28.5,4.36,8.0,6.0,19.0,102.0,81.0,60.2,jahmai jones,multi,,,,,,,,158.0,28.9,1.6808510638297873,0.8729281767955801,378,OF,UT,True,339.0,172.67,2.396692273871662,-14.669999999999987,-0.7158412100418747,-39.0,False,False,339,False,19.664030361850628,9.002099266318748,0.9237103818106226,7.05015999002,23.854179008477956,21.755970457098183,180.89014946557612,0.9993930909700338,-22.890149465576116,-0.1264649141744537,472.0,-314.0,"{'C': 423, 'SS': 594, '2B': 592, '3B': 571, '1B': 601, 'OF': 526, 'UT': 472}",0.8729281767955801,0.3149171270718232,-9.25826620202098,,,,,,9.94475138121547,19.88950276243094,56.353591160220994,0.029000000000000026,,0,461,,,0,False,0.5229281767955801,10.7,-2.5999999999999996,-0.29999999999999716,0.0,0.0,0.0,0.0,,0.0,2026-03-27,2026-09-27,94.0,162.0,162.0,0.0,181.0,0.58,1.0,0.0,0.15,,established,34.4,2.2,0.43,"deserved 1.00/PA on contact quality, got 0.87 · avg EV 90.6 (83rd pct) · 461 career PA, still new",xwOBA 0.328 (72nd) · barrels 10.8% (78th) · EV 90.6 (82nd) · hard-hit 43% (73rd) · K 32% (7th) · BB 9% (59th) · chase 30% (55th) · bat speed 73.3 mph (69th) · sprint 28.5 (78th),"{""n"":20,""b"":1,""c"":[[""Billy McKinney"",2023,29,0.93,0.79,22,0],[""Jorge Soler"",2022,30,0.89,1.05,611,1],[""Weston Wilson"",2025,31,0.9,0.87,160,0],[""Jorge Alfaro"",2021,28,0.9,0.92,252,0],[""Brent Rooker"",2021,27,0.85,0.5,18,0]]}",1.0157284699086557,-0.026285818839922398,1.0157284699086557,200.0,1.0,203.0,609.0,317,77,FA,516.0,495.0,-313.0,-292.0,let go,False,257
680779,Henry Davis,2026,1999-09-21,C,R,Pittsburgh Pirates,97,298,256,44,6,0,10,33,38,28,8,3,1,63,2,28,4,17,0,94,0,0,0,0,0,1,26.0,298.0,21.1,9.4,0.172,0.313,0.272,0.141,0.184,0.199,0.342,0.267,0.29,0.298,0.143,0.272,0.308,-0.027,-0.029,-0.023,90.3,20.9,27.8,8.6,40.9,100.662878211,94.625487368,75.3,32.3,53.2,84.2,25.6,53.0,52.5,36.9,25.8,19.7,17.7,7.3,74.2,11.2,22.1,42.7,11.7,60.9,-8.0,28.1,4.49,11.0,14.0,19.0,198.0,86.0,64.8,henry davis,PIT,,,,,,,,270.0,26.8,2.783505154639175,0.9060402684563759,282,C,C,True,339.0,172.67,2.396692273871662,97.33000000000001,0.3868128807675131,57.0,False,False,250,False,32.291248162641764,9.36138189755532,0.6274917169640571,8.663878222838855,34.631407421627735,31.17279307468277,279.3002004963105,0.937248994954062,-9.300200496310481,-0.031208726497686134,423.0,-153.0,"{'C': 423, 'SS': 594, '2B': 592, '3B': 571, '1B': 601, 'OF': 526, 'UT': 472}",0.9060402684563759,0.39932885906040266,-7.796749016991614,,,,,,6.040268456375839,20.13422818791946,56.375838926174495,0.022999999999999965,0.9060402684563759,3,958,0.0,0.8549019607843137,2,False,0.05113830767206218,-5.799999999999997,-2.9000000000000004,0.29999999999999716,0.0,0.0,43.0,0.0,,12.9,2026-03-26,2026-09-26,97.0,165.0,165.0,0.0,293.0,0.588,0.0,0.0,0.15,,established,32.4,5.2,0.986,"0.91/PA is his best rate yet, so the bar is one step up · avg EV 90.3 (79th pct) · deserved 0.94/PA on contact quality, got 0.91",xwOBA 0.290 (29th) · barrels 8.6% (62nd) · EV 90.3 (77th) · hard-hit 41% (60th) · K 21% (59th) · BB 9% (59th) · chase 32% (38th) · bat speed 74.2 mph (81st) · sprint 28.1 (67th),"{""n"":20,""b"":0,""c"":[[""Emmanuel Rivera"",2023,27,0.85,0.79,240,0],[""Emmanuel Rivera"",2022,26,0.91,0.85,241,0],[""JJ Bleday"",2023,26,0.88,0.95,609,0],[""Andruw Monasterio"",2023,26,0.9,0.84,119,0],[""Kyle Isbel"",2023,26,0.96,0.93,396,0]]}",1.0158201616030207,-0.020371427220405795,1.0158201616030207,200.0,0.99,203.0,609.0,317,77,FA,516.0,495.0,-313.0,-292.0,let go,False,258
672761,Wenceel Pérez,2026,1999-10-30,OF,S,Detroit Tigers,53,175,161,29,4,1,7,22,17,14,0,3,1,29,0,17,1,0,0,0,0,0,0,0,61,1,26.0,175.0,16.6,8.0,0.18,0.348,0.246,0.168,0.176,0.203,0.348,0.262,0.272,0.267,0.145,0.274,0.286,-0.023,0.0,-0.01,87.2,17.0,23.5,7.6,33.3,97.732311667,92.919937803,67.2,29.1,68.8,87.6,18.2,47.9,44.7,41.7,31.8,13.6,12.9,7.0,71.4,11.2,30.0,18.1,7.7,50.2,-10.0,28.2,4.28,7.0,12.0,10.0,132.0,75.6,57.1,wenceel perez,DET,Wenceel Perez,DET,"CF,RF",442.0,260.0,450.0,434.0,146.0,26.7,2.7547169811320753,0.8342857142857143,393,OF,OF,False,260.0,223.9,2.840653659676383,-77.9,-0.08593667854430764,-133.0,False,False,339,True,20.652586878157862,6.039521015877067,0.6671973337722784,5.323694772192793,19.808699459236763,18.564675587248296,149.08437504648506,0.8519107145513433,-3.0843750464850643,-0.017625000265628965,472.0,-326.0,"{'C': 423, 'SS': 594, '2B': 592, '3B': 571, '1B': 601, 'OF': 526, 'UT': 472}",0.8342857142857143,0.4742857142857143,-9.29164203074308,,,,,,10.285714285714286,24.0,48.0,0.010000000000000009,,2,983,,1.010443864229765,2,False,-0.17615814994405077,-6.099999999999998,-1.200000000000001,0.9000000000000057,100.0,1.0,194.0,0.0,,146.5,2026-04-10,2026-06-16,53.0,68.0,63.0,5.0,450.0,0.841,15.0,0.0,0.15,,established,27.5,4.0,0.914,"sprint 28.2 ft/s (71st pct) · 27 years old, an age that jumps 3% of the time · deserved 0.85/PA on contact quality, got 0.83 · bat speed up 0.9 mph",xwOBA 0.272 (15th) · barrels 7.6% (52nd) · EV 87.2 (27th) · hard-hit 33% (25th) · K 17% (83rd) · BB 8% (43rd) · chase 29% (58th) · bat speed 71.4 mph (40th) · sprint 28.2 (70th),"{""n"":20,""b"":0,""c"":[[""Miguel Andujar"",2021,26,0.87,0.85,119,0],[""Josh Jung"",2024,26,0.93,0.89,457,0],[""Gavin Sheets"",2023,27,0.77,0.8,401,0],[""Mauricio Dub\u00f3n"",2021,27,0.87,0.77,204,0],[""Christian Encarnacion-Strand"",2025,26,0.8,1.08,231,0]]}",0.9718180357012272,-0.020371427220405795,0.9718180357012272,208.0,0.883,202.0,583.0,319,149,FA,516.0,495.0,-314.0,-293.0,let go,False,259
686475,Tyler Tolbert,2026,1998-01-27,SS,R,Kansas City Royals,80,148,130,37,5,0,3,32,8,12,1,22,4,31,1,29,3,0,0,0,0,14,2,23,35,2,28.0,148.0,20.9,8.1,0.285,0.392,0.347,0.107,0.351,0.24,0.307,0.329,0.287,0.312,0.067,0.383,0.322,0.045,0.085,0.042,84.7,10.1,35.6,2.9,24.0,95.341905417,91.71171,71.9,27.3,42.3,81.3,29.8,49.6,34.6,49.0,21.2,22.1,7.7,6.7,69.2,5.7,25.8,2.9,6.6,43.4,2.0,29.3,4.28,5.0,17.0,15.0,104.0,83.7,64.9,tyler tolbert,KC,,,,,,,,204.0,28.4,2.55,1.3783783783783783,339,2B/SS/OF,SS/OF,True,339.0,172.67,2.396692273871662,31.330000000000013,0.15330772612833776,0.0,False,False,279,False,26.444006751037058,2.685659477435549,0.18666079201772828,1.883672979509665,18.168370475134203,12.030027136348536,177.30839761148275,1.1980297135910996,26.691602388517254,0.18034866478727873,472.0,-268.0,"{'C': 423, 'SS': 594, '2B': 592, '3B': 571, '1B': 601, 'OF': 526, 'UT': 472}",1.3783783783783783,0.6351351351351351,-6.597148374501983,,,,,,89.1891891891892,12.162162162162163,48.64864864864865,-0.04200000000000004,,0,205,,,0,False,1.0283783783783784,,,,0.0,0.0,0.0,0.0,,0.0,2026-03-28,2026-09-27,78.0,162.0,162.0,0.0,148.0,0.481,1.0,0.0,0.15,,established,25.7,1.1,0.43,"205 career PA, still new · sprint 29.3 ft/s (93rd pct) · avg EV 84.7 (5th pct)",xwOBA 0.287 (26th) · barrels 2.9% (11th) · EV 84.7 (4th) · hard-hit 24% (5th) · K 21% (61st) · BB 8% (44th) · chase 27% (69th) · bat speed 69.2 mph (15th) · sprint 29.3 (93rd),"{""n"":20,""b"":0,""c"":[[""Tyler Wade"",2021,27,1.22,0.81,132,0],[""Garrett Stubbs"",2022,29,1.18,0.83,104,0],[""Dairon Blanco"",2023,30,1.57,1.73,229,0],[""Xavier Edwards"",2024,25,1.26,0.97,598,0],[""Sam Haggerty"",2022,28,1.15,1.1,119,0]]}",1.004843295140338,-0.016978344977301236,1.004843295140338,200.0,1.0,201.0,603.0,320,93,FA,516.0,495.0,-315.0,-294.0,let go,False,260
810938,Ben Williamson,2026,2000-11-05,2B,R,Tampa Bay Rays,89,286,261,62,10,1,3,32,26,22,2,8,1,54,0,48,3,0,0,0,0,63,7,22,0,1,25.0,286.0,18.9,7.7,0.238,0.318,0.302,0.08,0.289,0.246,0.325,0.28,0.286,0.31,0.078,0.305,0.311,-0.008,-0.007,-0.006,87.3,2.6,30.8,1.9,33.2,97.971571667,93.035610542,55.2,31.8,69.9,90.1,17.6,42.9,27.4,56.3,13.0,26.4,4.3,6.9,69.4,10.7,29.6,11.7,2.7,34.8,-11.0,28.1,4.5,3.0,27.0,32.0,208.0,56.0,61.2,ben williamson,TB,,,,,,,,248.0,25.6,2.7865168539325844,0.8671328671328671,298,2B/3B/SS,2B/SS,True,339.0,172.67,2.396692273871662,75.33000000000001,0.38982458006092235,41.0,False,False,255,False,52.62261397302446,6.886772659935308,0.6186127610560317,4.07800060598421,31.836165759989388,25.536753398757554,251.14291915874696,0.8781220949606537,-3.142919158746963,-0.010989227827786663,472.0,-224.0,"{'C': 423, 'SS': 594, '2B': 592, '3B': 571, '1B': 601, 'OF': 526, 'UT': 472}",0.8671328671328671,0.4090909090909091,-7.569391159008789,,,,,,16.783216783216783,6.293706293706294,46.15384615384615,0.00599999999999995,0.8671328671328671,2,581,0.0,0.8169491525423729,1,False,0.0501837145904942,-2.8000000000000007,-1.4,-0.29999999999999716,53.0,2.0,53.0,0.0,,53.0,2026-03-26,2026-09-27,88.0,164.0,115.0,49.0,403.0,0.765,0.0,0.0,0.15,,established,27.0,4.3,0.947,"0.87/PA is his best rate yet, so the bar is one step up · 26 years old, an age that jumps 4% of the time · 581 career PA, still new",xwOBA 0.286 (26th) · barrels 1.9% (4th) · EV 87.3 (28th) · hard-hit 33% (24th) · K 19% (72nd) · BB 8% (38th) · chase 32% (41st) · bat speed 69.4 mph (18th) · sprint 28.1 (67th),"{""n"":20,""b"":1,""c"":[[""Jos\u00e9 Az\u00f3car"",2022,26,0.83,1.07,109,0],[""Reese McGuire"",2021,26,0.87,0.92,253,0],[""Austin Martin"",2024,25,0.94,1.04,189,0],[""Owen Miller"",2023,27,0.94,0.59,16,0],[""Ha-Seong Kim"",2021,26,0.83,0.91,531,1]]}",0.8898353804480807,-0.012888640320029626,0.8898353804480807,226.0,0.958,201.0,534.0,320,361,FA,516.0,495.0,-315.0,-294.0,let go,False,261
668723,Ryan Vilade,2026,1999-02-18,OF,R,Tampa Bay Rays,96,278,245,60,8,2,11,28,43,26,3,3,1,65,3,39,3,0,2,0,25,12,2,0,53,2,27.0,278.0,23.4,9.4,0.245,0.429,0.321,0.184,0.285,0.252,0.421,0.327,0.327,0.326,0.17,0.385,0.386,-0.007,0.008,0.0,89.2,17.0,29.9,7.1,39.9,101.456915444,94.922178667,70.9,27.4,59.5,83.2,23.6,48.7,35.3,40.8,28.8,20.1,10.3,7.5,76.5,11.8,18.0,65.5,4.3,38.8,4.0,28.5,4.47,16.0,21.0,23.0,184.0,77.1,59.6,ryan vilade,TB,,,,,,,,275.0,27.4,2.8645833333333335,0.9892086330935251,274,1B/2B/OF,1B/OF,True,339.0,172.67,2.396692273871662,102.33000000000001,0.4678910594616714,65.0,False,False,250,False,40.37310901957406,10.545119838611834,1.36043326405416,9.461337877759952,35.91367354163183,31.551068406131773,271.5947419477636,0.9769595034092217,3.405258052236377,0.012249129684303472,472.0,-197.0,"{'C': 423, 'SS': 594, '2B': 592, '3B': 571, '1B': 601, 'OF': 526, 'UT': 472}",0.9892086330935251,0.5035971223021583,-6.263633226290179,,,,,,6.474820143884893,23.741007194244602,56.115107913669064,0.0,0.9892086330935251,1,349,0.0,,0,False,0.6392086330935252,,,,0.0,0.0,0.0,0.0,,0.0,2026-03-26,2026-09-27,96.0,164.0,164.0,0.0,275.0,0.585,0.0,0.0,0.15,,established,35.4,6.0,1.069,"349 career PA, still new · sprint 28.5 ft/s (79th pct) · avg EV 89.2 (61st pct)",xwOBA 0.327 (70th) · barrels 7.1% (48th) · EV 89.2 (58th) · hard-hit 40% (56th) · K 23% (46th) · BB 9% (59th) · chase 27% (69th) · bat speed 76.5 mph (96th) · sprint 28.5 (78th),"{""n"":20,""b"":0,""c"":[[""Taylor Ward"",2021,28,1.01,1.06,597,0],[""Victor Reyes"",2021,27,0.98,0.83,280,0],[""Ram\u00f3n Ur\u00edas"",2021,27,0.94,0.89,397,0],[""Corey Julks"",2023,27,0.99,0.8,152,0],[""Danny Jansen"",2021,26,1.05,1.17,291,0]]}",0.9829640645998022,-0.020371427220405795,0.9829640645998022,203.0,1.0,200.0,590.0,323,122,FA,516.0,495.0,-316.0,-295.0,let go,False,262
677950,Alek Thomas,2026,2000-04-28,OF,L,multi,35,120,113,21,10,0,2,13,13,4,2,4,0,27,0,9,0,0,1,0,0,0,0,0,34,0,26.0,120.0,22.5,3.3,0.186,0.327,0.227,0.141,0.226,0.232,0.374,0.243,0.282,0.271,0.142,0.287,0.342,-0.046,-0.047,-0.039,89.5,13.0,33.3,7.1,40.2,99.80450119,94.395876747,74.4,41.6,53.8,86.2,26.3,57.0,28.7,42.5,26.4,23.0,8.0,6.9,69.9,11.2,29.3,6.4,7.8,57.9,-6.0,27.8,4.28,4.0,7.0,10.0,87.0,80.8,63.3,alek thomas,multi,,,,,,,,104.0,26.2,2.9714285714285715,0.8666666666666667,433,OF,OF,True,339.0,172.67,2.396692273871662,-68.66999999999999,0.5747362975569095,-94.0,False,False,339,False,16.93527715135528,5.729971165333943,0.33622621526628593,3.2145254680444943,13.55802400713022,12.918180539073823,114.95420454620404,0.9579517045517003,-10.95420454620404,-0.09128503788503362,472.0,-368.0,"{'C': 423, 'SS': 594, '2B': 592, '3B': 571, '1B': 601, 'OF': 526, 'UT': 472}",0.8666666666666667,0.36666666666666664,-10.217322845879673,,,,,,20.0,10.0,20.0,0.03899999999999998,,3,1505,,0.9303482587064676,3,False,-0.06368159203980095,-3.5,-0.7000000000000002,-1.1999999999999886,0.0,0.0,92.0,0.0,,27.599999999999998,2026-03-26,2026-08-29,35.0,49.0,49.0,0.0,397.0,0.714,0.0,0.0,0.15,,established,41.1,1.0,0.947,"deserved 0.96/PA on contact quality, got 0.87 · 26 years old, an age that jumps 4% of the time · avg EV 89.5 (67th pct)",xwOBA 0.282 (22nd) · barrels 7.1% (48th) · EV 89.5 (64th) · hard-hit 40% (57th) · K 22% (51st) · BB 3% (2nd) · chase 42% (6th) · bat speed 69.9 mph (23rd) · sprint 27.8 (57th),"{""n"":20,""b"":0,""c"":[[""Dylan Carlson"",2023,25,0.85,0.72,192,0],[""Pavin Smith"",2023,27,0.86,1.26,199,0],[""Leody Taveras"",2025,27,0.84,0.9,433,0],[""Heston Kjerstad"",2025,26,0.82,0.63,12,0],[""Christian Encarnacion-Strand"",2025,26,0.8,1.08,231,0]]}",1.0008863614961754,-0.012888640320029626,1.0008863614961754,200.0,0.978,200.0,601.0,323,99,FA,516.0,495.0,-316.0,-295.0,let go,False,263
669392,Samad Taylor,2026,1998-07-11,OF,R,San Diego Padres,47,175,152,48,4,2,2,26,18,18,1,13,3,45,1,40,1,0,2,0,0,2,0,0,45,2,27.0,175.0,25.7,10.3,0.316,0.408,0.39,0.092,0.434,0.256,0.328,0.356,0.309,0.341,0.072,0.444,0.37,0.06,0.08,0.047,85.9,9.0,33.3,3.6,25.2,95.369150208,91.733521263,59.0,30.2,56.1,85.1,25.2,44.1,33.3,51.4,18.0,27.0,3.6,7.0,69.1,3.9,23.0,5.7,14.8,53.8,4.0,29.2,4.23,6.0,19.0,23.0,111.0,54.0,60.0,samad taylor,SD,,,,,,,,215.0,28.0,4.574468085106383,1.2285714285714286,326,2B/OF,OF,True,339.0,172.67,2.396692273871662,42.33000000000001,2.1777758112347207,13.0,False,False,279,False,32.93615727707802,3.249998950664879,0.48353026743617905,2.2423135048209204,21.735460677147447,14.68647724934827,186.1899379264957,1.0639425024371183,28.810062073504298,0.16462892613431035,472.0,-257.0,"{'C': 423, 'SS': 594, '2B': 592, '3B': 571, '1B': 601, 'OF': 526, 'UT': 472}",1.2285714285714286,0.5257142857142857,-6.962709951403607,,,,,,44.57142857142857,6.857142857142857,61.714285714285715,-0.046999999999999986,,0,258,,,0,False,0.8785714285714287,,,,53.0,1.0,53.0,0.0,Right oblique strain,53.0,2026-06-03,2026-09-27,47.0,103.0,57.0,46.0,497.0,0.825,69.0,1.0,0.15,,established,31.3,0.7,0.43,"258 career PA, still new · sprint 29.2 ft/s (92nd pct) · avg EV 85.9 (13th pct)",xwOBA 0.309 (51st) · barrels 3.6% (16th) · EV 85.9 (12th) · hard-hit 25% (5th) · K 26% (29th) · BB 10% (70th) · chase 30% (51st) · bat speed 69.1 mph (14th) · sprint 29.2 (91st),"{""n"":20,""b"":0,""c"":[[""Sam Haggerty"",2022,28,1.15,1.1,119,0],[""David Hamilton"",2024,27,1.19,1.1,213,0],[""Garrett Stubbs"",2022,29,1.18,0.83,104,0],[""Leo Rivas"",2025,28,1.06,0.6,89,0],[""Adam Engel"",2021,30,1.22,0.88,230,0]]}",0.9261498421728511,-0.016978344977301236,0.9261498421728511,216.0,0.958,200.0,556.0,323,268,GLIZZY,516.0,495.0,-316.0,-295.0,let go,False,264
645302,Victor Robles,2026,1997-05-19,OF,R,Seattle Mariners,66,149,133,34,3,2,0,15,9,9,3,10,2,22,1,29,2,0,3,0,0,0,0,0,66,1,29.0,149.0,14.8,6.0,0.256,0.308,0.315,0.052,0.304,0.238,0.321,0.283,0.28,0.301,0.083,0.293,0.29,0.018,-0.013,0.003,83.5,12.3,32.2,1.7,20.0,94.611457222,91.363833704,76.2,36.1,59.4,89.0,21.6,54.5,44.3,45.2,27.0,22.6,5.2,6.7,68.1,5.0,27.3,2.5,11.5,55.4,-5.0,28.4,4.36,1.0,15.0,18.0,115.0,97.6,66.4,victor robles,SEA,Victor Robles,SEA,"LF,CF,RF",390.5,238.0,373.0,408.0,145.0,29.1,2.196969696969697,0.9731543624161074,394,OF,OF,False,238.0,315.5,3.0867599025400003,-170.5,-0.8897902055703035,-156.0,False,False,339,True,25.514091436756512,3.4253999028091147,0.5299258841122296,2.1845827763221424,16.99469389252019,13.274083800076426,150.61577769259662,1.0108441455878967,-5.615777692596623,-0.03768978317178928,472.0,-327.0,"{'C': 423, 'SS': 594, '2B': 592, '3B': 571, '1B': 601, 'OF': 526, 'UT': 472}",0.9731543624161074,0.4161073825503356,-9.36751532887504,,,,,,40.26845637583892,0.0,36.241610738255034,-0.002999999999999947,,3,1460,,,3,False,0.6231543624161074,,,,44.0,1.0,215.0,0.0,,136.7,2026-03-28,2026-09-12,65.0,153.0,113.0,40.0,214.0,0.575,2.0,0.0,0.15,,established,24.8,0.7,1.053,"deserved 1.01/PA on contact quality, got 0.97 · sprint 28.4 ft/s (77th pct) · already 29, an age that jumps 4% of the time",xwOBA 0.280 (19th) · barrels 1.7% (3rd) · EV 83.5 (1st) · hard-hit 20% (2nd) · K 15% (89th) · BB 6% (21st) · chase 36% (20th) · bat speed 68.1 mph (6th) · sprint 28.4 (76th),"{""n"":20,""b"":0,""c"":[[""Tyler Wade"",2024,30,0.85,0.74,94,0],[""Kevin Newman"",2023,30,0.93,0.94,291,0],[""Harrison Bader"",2023,29,1.01,0.99,431,0],[""Nicky Lopez"",2023,28,0.87,0.73,326,0],[""Kevin Newman"",2022,29,0.9,0.93,236,0]]}",0.998792160736312,-0.026285818839922398,0.998792160736312,200.0,0.891,200.0,599.0,323,104,FA,516.0,495.0,-316.0,-295.0,let go,False,265
670231,John Rave,2026,1997-12-30,OF,L,Kansas City Royals,52,161,142,33,8,1,6,26,13,17,0,8,1,38,0,18,3,0,3,0,0,0,0,0,53,1,28.0,161.0,23.6,10.6,0.232,0.43,0.314,0.198,0.276,0.237,0.391,0.326,0.315,0.319,0.154,0.385,0.368,-0.005,0.039,0.011,87.9,14.2,31.1,10.5,34.9,99.59267898,93.981784227,57.6,27.4,61.1,83.1,24.3,42.0,44.3,45.3,25.5,18.9,10.4,7.2,73.8,13.7,24.2,36.6,10.3,65.7,0.0,28.8,4.23,10.0,10.0,12.0,106.0,75.0,54.0,john rave,KC,,,,,,,,177.0,28.5,3.4038461538461537,1.0993788819875776,364,OF,OF,True,339.0,172.67,2.396692273871662,4.3300000000000125,1.0071538799744917,-25.0,False,False,283,False,21.85154626759791,6.460254653565631,0.6188518900749941,4.72334718876146,20.724723072517023,17.226178134042108,171.12690120655913,1.0629000074941561,5.8730987934408745,0.036478874493421465,472.0,-295.0,"{'C': 423, 'SS': 594, '2B': 592, '3B': 571, '1B': 601, 'OF': 526, 'UT': 472}",1.0993788819875776,0.5403726708074534,-8.225988282672862,,,,,,29.81366459627329,22.36024844720497,63.35403726708075,-0.01100000000000001,,0,336,,,0,False,0.7493788819875776,-2.6999999999999993,5.0,-0.10000000000000853,0.0,0.0,0.0,0.0,,0.0,2026-06-15,2026-09-26,52.0,90.0,90.0,0.0,290.0,0.578,80.0,1.0,0.15,,established,37.5,3.3,0.43,"336 career PA, still new · sprint 28.8 ft/s (85th pct) · avg EV 87.9 (41st pct) · barrel rate up 5.0 pts on last year",xwOBA 0.315 (59th) · barrels 10.5% (76th) · EV 87.9 (39th) · hard-hit 35% (32nd) · K 24% (44th) · BB 11% (76th) · chase 27% (69th) · bat speed 73.8 mph (76th) · sprint 28.8 (84th),"{""n"":20,""b"":0,""c"":[[""Bryce Johnson"",2025,30,1.11,1.0,49,0],[""Freddy Fermin"",2023,28,1.09,0.96,352,0],[""Dylan Moore"",2022,30,1.2,1.0,165,0],[""Carlos Cortes"",2025,28,1.1,0.9,342,0],[""Tyrone Taylor"",2021,27,1.08,0.99,400,0]]}",0.994928645896067,-0.016978344977301236,0.994928645896067,200.0,1.0,199.0,597.0,327,106,FA,516.0,495.0,-317.0,-296.0,let go,False,266
677588,José Tena,2026,2001-03-20,DH,L,Washington Nationals,115,288,257,57,13,2,7,36,25,27,3,6,2,90,1,35,0,0,0,0,0,21,2,1,18,57,25.0,288.0,31.3,9.4,0.222,0.37,0.302,0.148,0.311,0.221,0.351,0.299,0.291,0.302,0.13,0.387,0.374,0.001,0.019,0.008,90.6,8.1,30.4,8.3,46.4,102.541901667,95.570783929,67.6,29.5,42.9,76.8,34.3,47.6,32.1,48.8,20.8,25.0,5.4,7.1,73.9,12.3,20.1,42.1,7.6,40.6,-1.0,27.8,4.24,10.0,16.0,31.0,168.0,80.8,60.1,jose tena,WSH,,,,,,,,261.0,25.3,2.2695652173913046,0.90625,287,2B/3B/OF,2B,True,339.0,172.67,2.396692273871662,88.33000000000001,-0.1271270564803575,52.0,False,False,250,False,38.28663117990304,10.480778703146923,1.1595490539970044,6.8700410629530255,32.98646733392377,29.616759922131635,257.6072272560554,0.8944695390835258,3.3927727439445903,0.011780460916474222,472.0,-211.0,"{'C': 423, 'SS': 594, '2B': 592, '3B': 571, '1B': 601, 'OF': 526, 'UT': 472}",0.90625,0.34375,-7.421978582087398,,,,,,12.5,14.583333333333334,56.25,-0.008000000000000007,0.90625,1,659,0.0,,0,False,0.55625,9.400000000000002,3.000000000000001,3.200000000000003,0.0,0.0,0.0,0.0,,0.0,2026-03-28,2026-09-26,114.0,161.0,161.0,0.0,290.0,0.708,2.0,0.0,0.15,,established,33.2,9.1,0.986,"avg EV 90.6 (83rd pct) · 25 years old, an age that jumps 5% of the time · 659 career PA, still new · barrel rate up 3.0 pts on last year · bat speed up 3.2 mph",xwOBA 0.291 (30th) · barrels 8.3% (59th) · EV 90.6 (82nd) · hard-hit 46% (85th) · K 31% (11th) · BB 9% (59th) · chase 30% (56th) · bat speed 73.9 mph (77th) · sprint 27.8 (57th),"{""n"":20,""b"":0,""c"":[[""Jordan Walker"",2024,22,0.83,0.85,338,0],[""Andruw Monasterio"",2024,27,0.84,1.02,138,0],[""Gabriel Arias"",2025,25,0.84,0.87,130,0],[""Davis Schneider"",2025,26,1.04,0.83,129,0],[""Addison Barger"",2025,26,1.03,0.5,14,0]]}",0.9123432941569235,-0.012779447936574123,0.9123432941569235,218.0,1.0,199.0,547.0,327,309,FA,516.0,495.0,-317.0,-296.0,let go,False,267
696030,Alejandro Osuna,2026,2002-10-10,OF,L,Texas Rangers,84,233,204,53,6,0,1,27,25,19,9,5,2,37,0,46,1,0,1,0,0,0,0,0,85,7,23.0,233.0,15.9,8.2,0.26,0.304,0.349,0.044,0.313,0.252,0.309,0.303,0.301,0.343,0.057,0.303,0.299,0.008,-0.005,0.002,86.8,5.5,33.9,0.6,29.2,97.972907439,93.067395828,64.4,32.4,72.6,87.4,17.5,48.4,26.2,49.4,14.9,28.6,7.1,7.0,71.7,8.9,26.5,22.8,2.0,31.9,-3.0,28.5,4.2,5.0,20.0,27.0,168.0,71.1,62.7,alejandro osuna,TEX,,,,,,,,211.0,23.7,2.511904761904762,0.9055793991416309,333,OF,OF,True,339.0,172.67,2.396692273871662,38.33000000000001,0.1152124880330998,6.0,False,False,279,False,44.815998519056556,3.9418901339424206,0.2642241749454906,2.385887172055533,26.872100468363044,19.111835832146312,204.42793630050937,0.8773731171695681,6.572063699490627,0.028206281972062763,472.0,-261.0,"{'C': 423, 'SS': 594, '2B': 592, '3B': 571, '1B': 601, 'OF': 526, 'UT': 472}",0.9055793991416309,0.4334763948497854,-8.020495795400535,,,,,,12.875536480686696,2.575107296137339,48.92703862660944,-0.0020000000000000018,0.9055793991416309,1,409,0.0,,0,False,0.5555793991416309,-3.4000000000000004,-5.4,0.5,0.0,0.0,0.0,0.0,,0.0,2026-04-23,2026-09-27,84.0,138.0,138.0,0.0,274.0,0.609,28.0,1.0,0.15,,young / establishing,50.1,5.1,0.986,"24 years old, an age that jumps 8% of the time · 409 career PA, still new · sprint 28.5 ft/s (79th pct)",xwOBA 0.301 (42nd) · barrels 0.6% (1st) · EV 86.8 (20th) · hard-hit 29% (14th) · K 16% (86th) · BB 8% (45th) · chase 32% (37th) · bat speed 71.7 mph (46th) · sprint 28.5 (78th),"{""n"":20,""b"":1,""c"":[[""Austin Martin"",2024,25,0.94,1.04,189,0],[""Nico Hoerner"",2021,24,0.95,1.02,528,0],[""Miguel Vargas"",2023,24,0.85,0.68,160,0],[""Javier Sanoja"",2025,23,0.94,1.05,513,0],[""Edmundo Sosa"",2021,25,0.89,0.94,178,0]]}",0.9165248918663644,0.00019966633770723946,0.9165248918663644,217.0,1.0,199.0,550.0,327,297,FA,516.0,495.0,-317.0,-296.0,let go,False,268
669357,Nolan Gorman,2026,2000-05-10,3B,L,St. Louis Cardinals,85,302,266,49,6,0,9,26,33,33,0,0,1,98,3,34,4,0,0,0,2,0,66,0,0,16,26.0,302.0,32.5,10.9,0.184,0.308,0.272,0.124,0.247,0.193,0.351,0.26,0.278,0.275,0.158,0.329,0.361,-0.009,-0.043,-0.018,89.3,21.8,35.1,9.9,42.1,100.669585581,94.503463216,68.7,31.4,40.1,73.5,37.8,49.0,45.6,32.7,37.4,22.2,7.6,7.6,73.4,9.5,18.2,32.7,17.6,46.6,-12.0,25.0,4.59,13.0,16.0,20.0,171.0,81.3,65.2,nolan gorman,STL,Nolan Gorman,STL,"2B,3B,DH",373.0,225.0,394.0,378.0,219.0,26.1,2.5764705882352943,0.7251655629139073,324,2B/3B,3B,False,225.0,340.5483870967742,3.0867599025400003,-121.5483870967742,-0.510289314304706,-99.0,False,False,276,True,29.71581268304992,11.048975569313397,0.7406108122234537,9.83260093541323,28.934962074999003,35.39202909805233,238.03099117305135,0.7881820899769912,-19.030991173051348,-0.06301652706308392,472.0,-253.0,"{'C': 423, 'SS': 594, '2B': 592, '3B': 571, '1B': 601, 'OF': 526, 'UT': 472}",0.7251655629139073,0.25165562913907286,-8.72461216972914,0.37453183520599254,0.7490636704119851,0.37453183520599254,-0.37453183520599254,0.0,0.0,17.880794701986755,65.56291390728477,0.018000000000000016,1.0689655172413792,5,1883,-0.3437999543274719,1.0689655172413792,4,False,-0.3437999543274719,-1.2999999999999972,0.7000000000000011,0.7000000000000028,0.0,0.0,79.0,0.0,,47.4,2026-03-26,2026-09-27,85.0,166.0,166.0,0.0,295.0,0.512,0.0,0.0,0.15,,established,39.5,0.7,1.149,"deserved 0.79/PA on contact quality, got 0.73 · 26 years old, an age that jumps 4% of the time · avg EV 89.3 (64th pct)",xwOBA 0.278 (18th) · barrels 9.9% (72nd) · EV 89.3 (61st) · hard-hit 42% (67th) · K 32% (6th) · BB 11% (79th) · chase 31% (44th) · bat speed 73.4 mph (70th) · sprint 25.0 (4th),"{""n"":20,""b"":0,""c"":[[""Jared Walsh"",2022,29,0.81,0.64,74,0],[""Edouard Julien"",2024,25,0.81,0.69,144,0],[""Dylan Carlson"",2025,27,0.8,0.25,1,0],[""Michael Toglia"",2025,27,0.76,0.43,12,0],[""Franmil Reyes"",2022,27,0.82,0.68,44,0]]}",0.8635414663155216,-0.012888640320029626,0.8635414663155216,230.0,0.962,199.0,518.0,327,408,FA,516.0,495.0,-317.0,-296.0,let go,False,269
669134,Luis Campusano,2026,1998-09-29,C,R,San Diego Padres,71,248,215,57,12,0,8,24,30,30,3,0,0,53,0,37,3,16,0,56,0,0,0,0,0,13,27.0,248.0,21.4,12.1,0.265,0.433,0.363,0.168,0.318,0.239,0.391,0.353,0.327,0.341,0.152,0.398,0.356,0.026,0.042,0.026,87.3,16.3,37.7,8.1,37.7,98.81458963,93.52656118,66.5,29.2,52.6,84.8,26.0,46.6,41.4,37.7,24.1,24.7,13.6,7.9,72.9,8.8,20.7,29.7,10.7,63.3,7.0,25.6,4.87,10.0,15.0,32.0,162.0,83.5,64.9,luis campusano,SD,,,,,,,,266.0,27.8,3.7464788732394365,1.0725806451612903,285,C,C,True,339.0,172.67,2.396692273871662,93.33000000000001,1.3497865993677745,54.0,False,False,250,False,33.544288073892886,10.140986632189708,0.5601625139419086,7.139562779975493,27.3128029380883,28.47391797515598,253.23672091324428,1.0211158101340496,12.763279086755716,0.05146483502724064,423.0,-157.0,"{'C': 423, 'SS': 594, '2B': 592, '3B': 571, '1B': 601, 'OF': 526, 'UT': 472}",1.0725806451612903,0.5,-7.515171084681015,,,,,,0.0,19.35483870967742,72.58064516129032,-0.025999999999999968,1.0725806451612903,2,836,0.0,,1,False,0.7225806451612903,,,,57.0,1.0,70.0,0.0,Left toe fracture,60.9,2026-03-27,2026-09-27,71.0,161.0,110.0,51.0,365.0,0.645,1.0,0.0,0.15,,established,32.0,2.0,1.153,"1.07/PA is his best rate yet, so the bar is one step up · avg EV 87.3 (30th pct) · got 1.07/PA but deserved 1.02",xwOBA 0.327 (70th) · barrels 8.1% (57th) · EV 87.3 (28th) · hard-hit 38% (45th) · K 21% (58th) · BB 12% (88th) · chase 29% (58th) · bat speed 72.9 mph (64th) · sprint 25.6 (10th),"{""n"":20,""b"":0,""c"":[[""Joey Bart"",2024,28,1.14,0.88,292,0],[""David Fry"",2024,29,1.02,0.83,131,0],[""Jake Fraley"",2022,27,1.05,1.19,452,0],[""Freddy Fermin"",2023,28,1.09,0.96,352,0],[""Connor Joe"",2021,29,1.06,0.89,417,0]]}",0.9165684978661708,-0.016978344977301236,0.9165684978661708,216.0,0.951,198.0,550.0,332,297,FA,516.0,495.0,-318.0,-297.0,let go,False,270
680977,Brendan Donovan,2026,1997-01-16,3B,L,Seattle Mariners,39,159,137,38,7,1,3,12,15,15,6,1,1,23,1,27,6,0,0,0,0,1,38,0,0,0,29.0,159.0,14.5,9.4,0.277,0.409,0.371,0.132,0.313,0.25,0.344,0.349,0.314,0.349,0.094,0.353,0.305,0.027,0.065,0.035,85.7,10.6,34.8,2.7,27.8,95.766860526,91.930381239,66.2,25.3,63.3,90.9,17.4,44.7,34.8,47.8,20.0,25.2,7.0,6.8,68.3,6.8,27.5,0.8,8.5,58.8,3.0,25.7,4.54,5.0,13.0,20.0,115.0,72.5,54.7,brendan donovan,SEA,Brendan Donovan,SEA,"2B,3B,SS,LF",223.6,133.0,261.0,210.0,139.0,29.5,3.5641025641025643,0.8742138364779874,402,2B/3B,3B,False,133.0,425.5,3.7174234694899297,-286.5,-0.15332090538736542,-269.0,False,False,339,True,27.10380155055917,4.078250860824656,0.4040936266731844,2.6638539619429915,16.548547757063304,15.764988405806017,131.6915361628693,0.8282486551123857,7.308463837130688,0.04596518136560179,472.0,-333.0,"{'C': 423, 'SS': 594, '2B': 592, '3B': 571, '1B': 601, 'OF': 526, 'UT': 472}",0.8742138364779874,0.4779874213836478,-9.504629059787334,,,,,,3.7735849056603774,11.320754716981131,56.60377358490567,-0.034999999999999976,,4,2165,,1.005390835579515,4,True,-0.13117699910152747,1.5,-6.1000000000000005,-1.0,132.0,3.0,157.0,0.0,,147.0,2026-03-26,2026-08-21,39.0,135.0,47.0,88.0,548.0,0.83,0.0,0.0,0.15,,established,26.9,0.2,0.954,"already 30, an age that jumps 3% of the time · got 0.87/PA but deserved 0.83 · sprint 25.7 ft/s (12th pct)",xwOBA 0.314 (57th) · barrels 2.7% (9th) · EV 85.7 (10th) · hard-hit 28% (10th) · K 14% (90th) · BB 9% (59th) · chase 25% (81st) · bat speed 68.3 mph (7th) · sprint 25.7 (11th),"{""n"":20,""b"":0,""c"":[[""Dominic Smith"",2025,30,1.0,0.94,282,0],[""Gio Urshela"",2023,32,0.89,0.8,367,0],[""Nicky Lopez"",2023,28,0.87,0.73,326,0],[""Mauricio Dub\u00f3n"",2024,30,0.86,0.82,328,0],[""Santiago Espinal"",2023,29,0.81,0.88,345,0]]}",0.7888617226219841,-0.01977893541086498,0.7888617226219841,251.0,0.882,198.0,473.0,332,459,FA,516.0,495.0,-318.0,-297.0,let go,False,271
676369,Nelson Velázquez,2026,1998-12-26,OF,R,multi,52,113,101,19,4,0,6,12,18,9,1,0,0,38,2,9,2,0,0,0,0,0,0,0,31,10,27.0,113.0,33.6,8.0,0.188,0.406,0.257,0.218,0.22,0.232,0.486,0.286,0.339,0.302,0.254,0.39,0.482,-0.044,-0.08,-0.053,94.8,21.5,41.5,13.8,61.5,103.143481818,97.125894923,67.3,31.6,35.1,73.6,39.2,48.9,43.1,26.2,36.9,30.8,6.2,7.4,74.7,13.6,23.7,52.0,16.0,55.2,-3.0,27.6,4.47,7.0,2.0,10.0,65.0,68.0,65.5,nelson velazquez,multi,,,,,,,,98.0,27.5,1.8846153846153846,0.8672566371681416,445,OF,OF,True,339.0,172.67,2.396692273871662,-74.66999999999999,-0.5120768892562775,-106.0,False,False,339,False,10.057435704928883,6.982885772334048,0.5039213405452584,5.887757182191811,14.846810304414172,15.629864752019845,110.99467505643402,0.982253761561363,-12.99467505643402,-0.1149971243932214,472.0,-374.0,"{'C': 423, 'SS': 594, '2B': 592, '3B': 571, '1B': 601, 'OF': 526, 'UT': 472}",0.8672566371681416,0.37168141592920356,-9.842585009392009,,,,,,0.0,31.858407079646017,47.78761061946903,0.05300000000000005,,2,728,,0.9174757281553398,2,False,-0.050219090987198234,7.100000000000001,5.0,1.4000000000000057,0.0,0.0,0.0,0.0,,0.0,2026-05-29,2026-09-26,52.0,103.0,103.0,0.0,178.0,0.505,64.0,1.0,0.15,,established,39.2,3.9,0.947,"deserved 0.98/PA on contact quality, got 0.87 · avg EV 94.8 (99th pct) · 728 career PA, still new · barrel rate up 5.0 pts on last year · bat speed up 1.4 mph",xwOBA 0.339 (82nd) · barrels 13.8% (93rd) · EV 94.8 (100th) · hard-hit 62% (100th) · K 34% (3rd) · BB 8% (43rd) · chase 32% (42nd) · bat speed 74.7 mph (86th) · sprint 27.6 (52nd),"{""n"":20,""b"":2,""c"":[[""Jerar Encarnacion"",2024,27,0.97,0.86,48,0],[""J.D. Davis"",2022,29,0.93,0.91,499,0],[""Matt Vierling"",2025,29,0.83,0.8,232,0],[""Brent Rooker"",2021,27,0.85,0.5,18,0],[""Chad Pinder"",2021,29,0.93,0.87,329,0]]}",0.9880336431818856,-0.016978344977301236,0.9880336431818856,200.0,1.0,198.0,593.0,332,116,FA,516.0,495.0,-318.0,-297.0,let go,False,272
806367,Turner Hill,2026,1999-04-04,OF,L,San Francisco Giants,34,124,105,23,7,0,1,13,16,13,2,2,1,21,4,15,3,0,2,0,0,0,0,0,32,2,27.0,124.0,16.9,10.5,0.219,0.314,0.306,0.095,0.253,0.248,0.369,0.28,0.316,0.336,0.121,0.275,0.326,-0.029,-0.055,-0.036,87.6,14.5,33.0,4.5,30.7,96.211755,92.153071494,59.1,20.3,71.4,91.3,13.6,40.2,44.3,40.9,28.4,26.1,4.5,6.4,65.3,7.6,38.6,0.6,9.5,59.0,-4.0,28.4,4.23,5.0,9.0,9.0,88.0,65.8,61.3,turner hill,SF,,,,,,,,107.0,27.2,3.1470588235294117,0.8629032258064516,429,OF,OF,True,339.0,172.67,2.396692273871662,-65.66999999999999,0.7503665496577496,-90.0,False,False,339,False,18.771860373788037,4.407081324841542,0.28525622895280345,2.575802072417617,15.215430977544182,12.34154016557138,114.34197114311556,0.9221126705089965,-7.341971143115558,-0.059209444702544856,472.0,-365.0,"{'C': 423, 'SS': 594, '2B': 592, '3B': 571, '1B': 601, 'OF': 526, 'UT': 472}",0.8629032258064516,0.45161290322580644,-10.041498251623798,,,,,,9.67741935483871,4.838709677419355,62.903225806451616,0.035999999999999976,,0,124,,,0,False,0.5129032258064516,,,,0.0,0.0,0.0,0.0,,0.0,2026-08-15,2026-09-27,34.0,40.0,40.0,0.0,502.0,0.85,143.0,1.0,0.15,,rookie,38.1,3.7,0.43,"deserved 0.92/PA on contact quality, got 0.86 · sprint 28.4 ft/s (77th pct) · 27 years old, an age that jumps 3% of the time",xwOBA 0.316 (60th) · barrels 4.5% (25th) · EV 87.6 (34th) · hard-hit 31% (17th) · K 17% (82nd) · BB 10% (74th) · chase 20% (97th) · bat speed 65.3 mph (1st) · sprint 28.4 (76th),"{""n"":20,""b"":0,""c"":[[""Miguel Andujar"",2021,26,0.87,0.85,119,0],[""Nick Sogard"",2025,28,0.89,0.84,232,0],[""Nick Loftin"",2025,27,0.8,0.87,372,0],[""Christian Koss"",2025,27,0.92,0.74,164,0],[""Nick Solak"",2022,28,0.92,NaN,1,0]]}",0.9893768706260959,-0.020371427220405795,0.9893768706260959,200.0,1.0,198.0,594.0,332,114,FA,516.0,495.0,-318.0,-297.0,let go,False,273
655316,Andruw Monasterio,2026,1997-05-30,SS,R,Boston Red Sox,107,347,313,73,23,1,6,35,43,26,3,4,4,68,4,43,7,0,0,0,11,22,4,54,0,12,29.0,347.0,19.6,7.5,0.233,0.371,0.295,0.138,0.276,0.23,0.352,0.293,0.287,0.295,0.122,0.326,0.318,0.003,0.019,0.006,87.4,20.9,36.8,6.4,31.2,97.261394919,92.699092996,66.4,26.6,60.6,88.8,18.9,47.1,36.4,33.6,31.2,23.6,11.6,6.9,69.6,8.3,25.6,3.7,11.0,56.4,-10.0,27.2,4.49,16.0,20.0,37.0,250.0,76.9,66.3,andruw monasterio,BOS,,,,,,,,301.0,29.1,2.8130841121495327,0.8674351585014409,259,2B/SS,2B/SS,True,339.0,172.67,2.396692273871662,128.33,0.41639183827787063,80.0,False,False,247,False,49.125291201506975,14.733069882207122,0.9419866310648531,7.189652285221058,37.706827465092644,35.74716095279637,289.61998841788903,0.8346397360746082,11.380011582110967,0.032795422426832754,472.0,-171.0,"{'C': 423, 'SS': 594, '2B': 592, '3B': 571, '1B': 601, 'OF': 526, 'UT': 472}",0.8674351585014409,0.4495677233429395,-6.6401327050331655,11.985018726591761,28.46441947565543,9.737827715355806,-16.479400749063668,2.247191011235955,6.916426512968299,10.37463976945245,44.956772334293944,-0.006000000000000005,0.8952380952380953,2,939,-0.02780293673665435,,1,False,0.517435158501441,,,,0.0,0.0,0.0,0.0,,0.0,2026-03-29,2026-09-27,107.0,163.0,163.0,0.0,345.0,0.656,3.0,0.0,0.15,,established,26.7,1.7,0.975,"0.87/PA is his best rate yet, so the bar is one step up · only 347 PA, and a breakout needs 350 next year · sprint 27.2 ft/s (43rd pct)",xwOBA 0.287 (26th) · barrels 6.4% (41st) · EV 87.4 (30th) · hard-hit 31% (18th) · K 20% (69th) · BB 8% (35th) · chase 27% (74th) · bat speed 69.6 mph (19th) · sprint 27.2 (42nd),"{""n"":20,""b"":1,""c"":[[""Rougned Odor"",2022,28,0.82,0.87,137,0],[""Manuel Margot"",2023,29,0.96,0.83,285,0],[""Guillermo Heredia"",2021,30,0.82,0.77,63,0],[""Kevin Newman"",2022,29,0.9,0.93,236,0],[""Jose Trevino"",2022,30,0.97,0.8,135,0]]}",0.8995229593398869,-0.026285818839922398,0.8995229593398869,220.0,1.0,198.0,540.0,332,339,FA,516.0,495.0,-318.0,-297.0,let go,False,274
695681,Christian Moore,2026,2002-10-21,2B,R,Los Angeles Angels,38,147,134,25,4,1,2,5,18,11,1,1,3,48,1,18,1,0,0,0,0,30,0,0,5,4,23.0,147.0,32.7,7.5,0.187,0.276,0.252,0.089,0.271,0.194,0.313,0.239,0.254,0.259,0.119,0.308,0.334,-0.007,-0.037,-0.015,88.4,11.2,29.9,9.3,39.1,99.553087209,93.829094186,70.2,31.1,37.6,81.9,31.7,50.7,25.3,47.1,25.3,20.7,6.9,7.2,72.0,8.5,19.0,24.4,5.7,42.2,-9.0,28.2,4.49,6.0,8.0,11.0,87.0,70.2,61.9,christian moore,LAA,Christian Moore,LAA,"2B,LF",434.0,254.0,456.0,412.0,99.0,23.7,2.6052631578947367,0.673469387755102,443,2B,2B,False,254.0,256.0,2.9766263024500135,-157.0,-0.37136314455527675,-189.0,False,False,339,True,17.271782502400498,4.845671015670382,0.5353104614577425,3.3432360204713776,15.752669479757254,14.49495015254224,112.18561963229949,0.7631674804918332,-13.185619632299492,-0.08969809273673124,472.0,-373.0,"{'C': 423, 'SS': 594, '2B': 592, '3B': 571, '1B': 601, 'OF': 526, 'UT': 472}",0.673469387755102,0.16326530612244897,-10.820173623504378,,,,,,4.081632653061225,8.16326530612245,44.89795918367347,0.015000000000000013,,0,331,,,0,False,0.32346938775510203,-1.0,2.4000000000000004,-0.7000000000000028,0.0,0.0,31.0,0.0,,18.599999999999998,2026-06-18,2026-09-27,38.0,87.0,87.0,0.0,274.0,0.437,84.0,1.0,0.15,,young / establishing,52.4,3.6,0.43,"24 years old, an age that jumps 8% of the time · deserved 0.76/PA on contact quality, got 0.67 · 331 career PA, still new · barrel rate up 2.4 pts on last year",xwOBA 0.254 (6th) · barrels 9.3% (66th) · EV 88.4 (46th) · hard-hit 39% (53rd) · K 33% (5th) · BB 8% (35th) · chase 31% (46th) · bat speed 72.0 mph (50th) · sprint 28.2 (70th),"{""n"":20,""b"":1,""c"":[[""Michael Toglia"",2023,25,0.68,1.02,465,0],[""Tyler Locklear"",2025,25,0.72,1.12,47,0],[""Cal Raleigh"",2021,25,0.7,1.1,455,0],[""Brett Wisely"",2023,24,0.63,0.81,221,0],[""Victor Scott II"",2024,23,0.72,0.97,451,0]]}",0.879784012110396,0.00019966633770723946,0.879784012110396,225.0,0.985,198.0,528.0,332,380,FA,516.0,495.0,-318.0,-297.0,let go,False,275
605170,Victor Caratini,2026,1993-08-17,C,S,Minnesota Twins,106,382,327,72,10,0,7,28,44,34,13,0,0,80,8,55,3,13,0,72,29,0,0,0,0,2,32.0,382.0,20.9,8.9,0.22,0.315,0.312,0.095,0.262,0.224,0.356,0.285,0.306,0.319,0.132,0.298,0.329,-0.004,-0.041,-0.021,89.3,12.6,36.5,6.3,38.0,98.339714453,93.569243294,58.7,25.9,52.8,88.3,22.9,41.9,37.3,45.9,22.0,26.3,5.9,7.0,70.9,9.8,32.0,12.9,11.8,53.5,-8.0,24.4,4.93,11.0,29.0,31.0,255.0,60.2,63.8,victor caratini,MIN,Victor Caratini,MIN,"C,1B,DH",430.0,251.0,386.0,474.0,317.0,32.9,2.990566037735849,0.8298429319371727,246,C/1B,C/1B,False,251.0,256.0,2.9766263024500135,61.0,0.013939735285835475,5.0,False,False,237,False,49.79510227098489,13.20978139682328,0.7751303933987658,9.467985938793065,36.70723823504821,42.850144018446024,339.21738225349424,0.8880036184646446,-22.217382253494236,-0.05816068652747186,423.0,-106.0,"{'C': 423, 'SS': 594, '2B': 592, '3B': 571, '1B': 601, 'OF': 526, 'UT': 472}",0.8298429319371727,0.337696335078534,-7.63649462689103,5.2434456928838955,5.617977528089887,2.247191011235955,-0.37453183520599165,2.9962546816479403,0.0,10.994764397905758,53.403141361256544,0.02100000000000002,0.9963503649635036,6,1938,-0.16650743302633086,0.9963503649635036,5,False,-0.16650743302633086,4.099999999999998,-1.4000000000000004,-1.3999999999999915,0.0,0.0,38.0,0.0,,13.5,2026-03-26,2026-09-26,106.0,162.0,162.0,0.0,382.0,0.654,0.0,0.0,0.15,,established,29.1,0.6,1.076,"deserved 0.89/PA on contact quality, got 0.83 · avg EV 89.3 (64th pct) · 0.83/PA this year against 1.00 at his best, two steps to clear",xwOBA 0.306 (48th) · barrels 6.3% (39th) · EV 89.3 (61st) · hard-hit 38% (47th) · K 21% (61st) · BB 9% (53rd) · chase 26% (77th) · bat speed 70.9 mph (33rd) · sprint 24.4 (1st),"{""n"":20,""b"":0,""c"":[[""Enrique Hern\u00e1ndez"",2024,33,0.82,0.82,209,0],[""Anthony Rizzo"",2023,34,0.86,0.79,296,0],[""Kyle Farmer"",2024,34,0.85,0.79,236,0],[""Josh Bell"",2024,32,0.89,0.9,482,0],[""Jes\u00fas Aguilar"",2022,32,0.8,0.76,87,0]]}",0.8479749255321681,-0.04921542158677408,0.8479749255321681,232.0,0.989,197.0,509.0,336,430,FA,516.0,495.0,-319.0,-298.0,let go,False,276
686765,Nick Sogard,2026,1997-09-09,2B,S,Boston Red Sox,66,277,239,61,14,1,5,29,19,31,1,1,1,56,1,41,4,0,0,0,26,39,9,5,0,1,28.0,277.0,20.2,11.2,0.255,0.385,0.342,0.13,0.313,0.251,0.355,0.325,0.311,0.338,0.104,0.359,0.338,0.004,0.03,0.014,86.8,16.1,38.1,4.8,28.6,96.712474831,92.356740899,56.7,24.5,61.8,87.9,20.4,39.9,43.9,39.2,22.8,28.0,10.1,7.1,69.2,7.5,28.8,4.7,12.7,50.8,0.0,27.6,4.43,9.0,15.0,37.0,189.0,62.1,60.6,nick sogard,BOS,,,,,,,,232.0,28.8,3.515151515151515,0.8375451263537906,307,1B/2B/3B,1B/2B,True,339.0,172.67,2.396692273871662,59.33000000000001,1.118459241279853,32.0,False,False,257,False,45.772834824527266,8.55460020638448,0.6832951136492169,4.978269855439029,31.919888471942947,26.95708705701697,234.71097552895992,0.8473320416207939,-2.7109755289599207,-0.00978691526700326,472.0,-240.0,"{'C': 423, 'SS': 594, '2B': 592, '3B': 571, '1B': 601, 'OF': 526, 'UT': 472}",0.8375451263537906,0.4187725631768953,-8.238136334591387,,,,,,2.1660649819494586,10.830324909747292,67.14801444043322,-0.014000000000000012,0.8375451263537906,1,467,0.0,,0,False,0.48754512635379066,,,,39.0,1.0,39.0,0.0,,39.0,2026-05-17,2026-09-27,66.0,119.0,83.0,36.0,541.0,0.795,52.0,1.0,0.15,,established,31.4,2.0,0.918,"467 career PA, still new · deserved 0.85/PA on contact quality, got 0.84 · already 29, an age that jumps 4% of the time",xwOBA 0.311 (54th) · barrels 4.8% (26th) · EV 86.8 (20th) · hard-hit 29% (12th) · K 20% (65th) · BB 11% (81st) · chase 24% (85th) · bat speed 69.2 mph (15th) · sprint 27.6 (52nd),"{""n"":20,""b"":1,""c"":[[""Guillermo Heredia"",2021,30,0.82,0.77,63,0],[""Yerm\u00edn Mercedes"",2021,28,0.94,0.82,68,0],[""Alex Call"",2023,29,0.83,1.29,146,0],[""Zack Short"",2023,28,0.81,0.6,53,0],[""Yonathan Daza"",2021,27,0.85,0.92,375,0]]}",0.846445339082687,-0.026285818839922398,0.846445339082687,233.0,0.969,197.0,508.0,336,434,FA,516.0,495.0,-319.0,-298.0,let go,False,277
669236,Jeremiah Jackson,2026,2000-03-26,2B,R,Baltimore Orioles,102,293,277,60,11,0,10,29,45,10,2,2,2,69,3,39,10,0,1,0,0,80,1,0,9,2,26.0,293.0,23.5,3.4,0.217,0.365,0.247,0.148,0.249,0.236,0.385,0.264,0.282,0.264,0.149,0.327,0.353,-0.019,-0.02,-0.018,89.2,8.3,29.7,8.0,37.7,100.146694762,94.308516048,76.5,36.8,52.8,81.5,27.8,56.6,40.6,50.5,23.1,19.3,7.1,7.5,73.1,10.9,24.3,30.5,10.1,62.8,-14.0,27.2,4.66,14.0,21.0,25.0,212.0,79.1,65.2,jeremiah jackson,BAL,,,,,,,,245.0,26.3,2.4019607843137254,0.8361774744027304,299,2B/OF,2B,True,339.0,172.67,2.396692273871662,72.33000000000001,0.005268510442063334,40.0,False,False,255,False,43.46144199541072,11.89100216844942,0.6766696768689849,9.342886159270869,31.775019465907324,32.87486943276298,246.6668888986703,0.8418665150125266,-1.6668888986702939,-0.005689040609796248,472.0,-227.0,"{'C': 423, 'SS': 594, '2B': 592, '3B': 571, '1B': 601, 'OF': 526, 'UT': 472}",0.8361774744027304,0.40273037542662116,-6.926289488576836,,,,,,4.09556313993174,20.477815699658702,20.477815699658702,0.01799999999999996,0.8361774744027304,1,476,0.0,,0,False,0.4861774744027304,-3.8000000000000007,0.5,1.1999999999999886,0.0,0.0,0.0,0.0,,0.0,2026-03-28,2026-09-25,102.0,165.0,165.0,0.0,288.0,0.618,2.0,0.0,0.15,,established,31.0,3.5,0.916,"476 career PA, still new · 26 years old, an age that jumps 4% of the time · avg EV 89.2 (61st pct) · bat speed up 1.2 mph",xwOBA 0.282 (22nd) · barrels 8.0% (56th) · EV 89.2 (58th) · hard-hit 38% (45th) · K 24% (45th) · BB 3% (3rd) · chase 37% (17th) · bat speed 73.1 mph (67th) · sprint 27.2 (42nd),"{""n"":20,""b"":0,""c"":[[""Cavan Biggio"",2021,26,0.81,0.84,255,0],[""Billy McKinney"",2021,27,0.82,0.47,27,0],[""Lewis Brinson"",2021,27,0.85,1.0,39,0],[""Josh VanMeter"",2021,26,0.8,0.7,134,0],[""Rougned Odor"",2021,27,0.81,0.82,386,0]]}",0.9353545327385386,-0.012888640320029626,0.9353545327385386,210.0,1.0,196.0,561.0,339,244,FA,516.0,495.0,-320.0,-299.0,let go,False,278
670042,Luke Raley,2026,1994-09-19,OF,L,Seattle Mariners,95,287,262,59,9,1,15,28,39,15,7,1,2,93,1,34,1,0,1,0,0,0,0,0,89,5,31.0,287.0,32.4,5.2,0.225,0.439,0.284,0.214,0.284,0.252,0.486,0.313,0.342,0.308,0.234,0.435,0.484,-0.027,-0.047,-0.029,90.8,15.1,40.1,15.7,47.1,102.124981786,95.507658563,76.7,34.6,35.1,71.7,40.9,54.1,45.9,36.6,29.1,27.9,6.4,7.3,75.3,11.3,18.7,57.2,14.7,59.2,-4.0,28.6,4.31,16.0,14.0,29.0,172.0,83.3,61.5,luke raley,SEA,Luke Raley,SEA,"1B,LF,CF,RF,DH",813.5,319.0,1184.0,,267.0,31.8,2.8105263157894735,0.9303135888501742,284,1B/OF,OF,False,319.0,172.67,2.396692273871662,94.33000000000001,0.4138340419178115,35.0,False,False,250,False,35.34780175351769,14.67978615292531,1.3610224335962848,14.63538965996071,39.16932737529514,37.768017816809476,296.29334519210465,1.0323809937007131,-29.293345192104653,-0.10206740485053889,472.0,-205.0,"{'C': 423, 'SS': 594, '2B': 592, '3B': 571, '1B': 601, 'OF': 526, 'UT': 472}",0.9303135888501742,0.36585365853658536,-6.638115310219938,,,,,,2.0905923344947737,31.358885017421603,31.358885017421603,0.029000000000000026,1.1379310344827587,4,1511,-0.20761744563258444,1.1379310344827587,3,False,-0.20761744563258444,3.1999999999999993,5.1,1.5,57.0,1.0,124.0,0.0,,97.19999999999999,2026-03-26,2026-07-30,95.0,116.0,111.0,5.0,419.0,0.856,0.0,0.0,0.15,,established,36.1,0.9,1.218,"deserved 1.03/PA on contact quality, got 0.93 · avg EV 90.8 (86th pct) · sprint 28.6 ft/s (81st pct) · barrel rate up 5.1 pts on last year · bat speed up 1.5 mph",xwOBA 0.342 (84th) · barrels 15.7% (97th) · EV 90.8 (85th) · hard-hit 47% (87th) · K 32% (6th) · BB 5% (14th) · chase 35% (25th) · bat speed 75.3 mph (91st) · sprint 28.6 (80th),"{""n"":20,""b"":2,""c"":[[""Austin Slater"",2023,30,0.96,0.8,170,0],[""Seth Brown"",2023,31,0.92,0.85,342,0],[""Jorge Polanco"",2023,30,1.0,0.81,380,0],[""Mitch Haniger"",2023,32,0.86,0.8,337,0],[""Jake Burger"",2025,29,0.91,0.95,589,0]]}",0.9162593119028075,-0.035407766755750046,0.9162593119028075,214.0,0.922,196.0,550.0,339,297,FA,516.0,495.0,-320.0,-299.0,let go,False,279
663743,Nick Fortes,2026,1996-11-11,C,R,Tampa Bay Rays,109,323,298,77,17,0,6,33,35,12,8,0,0,45,1,54,9,16,0,106,0,0,0,0,0,2,29.0,323.0,13.9,3.7,0.258,0.376,0.304,0.118,0.286,0.239,0.326,0.301,0.273,0.287,0.087,0.322,0.288,0.019,0.05,0.028,85.4,8.3,25.2,2.4,35.4,99.012039677,93.533077409,68.1,37.3,71.4,88.0,18.3,51.8,51.2,51.6,17.1,19.4,12.0,7.5,72.7,13.0,24.3,25.9,3.4,37.6,-6.0,26.9,4.51,11.0,37.0,29.0,258.0,66.7,62.5,nick fortes,TB,,,,,,,,300.0,29.6,2.7522935779816513,0.9287925696594427,260,C,C,True,339.0,172.67,2.396692273871662,127.33000000000001,0.35560130410998925,79.0,False,False,247,False,56.224304003574304,9.309307077906407,0.44847383346425324,5.239915085055028,32.4493602149307,30.83024179971864,274.6496020146493,0.8503083653704313,25.350397985350696,0.07848420428901137,423.0,-123.0,"{'C': 423, 'SS': 594, '2B': 592, '3B': 571, '1B': 601, 'OF': 526, 'UT': 472}",0.9287925696594427,0.4551083591331269,-6.997166635308601,31.086142322097377,30.711610486891384,5.2434456928838955,0.37453183520599254,25.84269662921348,0.0,11.145510835913312,22.291021671826623,-0.02799999999999997,1.075,5,1497,-0.14620743034055728,1.075,4,False,-0.14620743034055728,-5.499999999999998,-2.1999999999999997,0.7000000000000028,0.0,0.0,32.0,0.0,,16.5,2026-03-26,2026-09-27,109.0,164.0,164.0,0.0,319.0,0.665,0.0,0.0,0.15,,established,29.5,0.5,1.155,"only 323 PA, and a breakout needs 350 next year · sprint 26.9 ft/s (34th pct) · already 30, an age that jumps 3% of the time",xwOBA 0.273 (16th) · barrels 2.4% (8th) · EV 85.4 (7th) · hard-hit 35% (34th) · K 14% (92nd) · BB 4% (5th) · chase 37% (15th) · bat speed 72.7 mph (62nd) · sprint 26.9 (34th),"{""n"":20,""b"":0,""c"":[[""Mauricio Dub\u00f3n"",2024,30,0.86,0.82,328,0],[""TJ Friedl"",2024,29,0.99,0.94,643,0],[""Nicky Lopez"",2023,28,0.87,0.73,326,0],[""Jake Fraley"",2024,29,1.04,1.0,216,0],[""Josh Rojas"",2023,29,0.93,0.81,385,0]]}",0.9070004719115385,-0.01977893541086498,0.9070004719115385,216.0,0.987,196.0,544.0,339,325,FA,516.0,495.0,-320.0,-299.0,let go,False,280
690976,Alex Freeland,2026,2001-08-24,2B,S,Los Angeles Dodgers,89,269,231,54,9,0,4,32,21,32,1,4,0,74,2,41,4,0,0,0,0,80,3,5,0,0,24.0,269.0,27.5,11.9,0.234,0.325,0.327,0.091,0.323,0.22,0.34,0.297,0.297,0.317,0.12,0.352,0.353,0.014,-0.015,0.0,89.6,10.8,34.6,6.2,39.5,99.359352564,93.907805449,59.6,21.7,53.2,79.7,27.7,40.1,34.6,46.9,24.7,23.5,4.9,6.9,70.8,10.7,26.6,9.0,8.9,51.7,-6.0,26.9,4.5,8.0,17.0,29.0,162.0,65.8,59.1,alex freeland,LAD,Alex Freeland,LAD,"2B,3B,SS",840.5,330.0,1239.0,,223.0,24.8,2.50561797752809,0.828996282527881,320,2B/SS,2B,False,330.0,172.67,2.396692273871662,50.33000000000001,0.10892570365642795,10.0,False,False,271,False,35.33982893667118,9.085136063114874,0.550241063756709,5.844793936457235,29.45326867589682,27.435781299536547,227.24904997543337,0.8447920073436185,-4.2490499754333655,-0.015795724815737433,472.0,-249.0,"{'C': 423, 'SS': 594, '2B': 592, '3B': 571, '1B': 601, 'OF': 526, 'UT': 472}",0.828996282527881,0.3345724907063197,-8.146928151573588,,,,,,8.921933085501859,8.921933085501859,71.37546468401487,0.0,0.828996282527881,1,366,0.0,,0,False,0.47899628252788107,,,,0.0,0.0,0.0,0.0,,0.0,2026-03-27,2026-09-19,89.0,161.0,161.0,0.0,271.0,0.553,1.0,0.0,0.15,,young / establishing,45.3,4.8,0.909,"25 years old, an age that jumps 5% of the time · 366 career PA, still new · avg EV 89.6 (69th pct)",xwOBA 0.297 (38th) · barrels 6.2% (38th) · EV 89.6 (66th) · hard-hit 40% (55th) · K 28% (21st) · BB 12% (87th) · chase 22% (93rd) · bat speed 70.8 mph (32nd) · sprint 26.9 (34th),"{""n"":20,""b"":0,""c"":[[""Henry Davis"",2023,24,0.85,0.6,73,0],[""Oscar Col\u00e1s"",2023,25,0.8,0.74,28,0],[""Cavan Biggio"",2021,26,0.81,0.84,255,0],[""Diego Castillo"",2022,25,0.78,0.0,0,0],[""Kyle Isbel"",2022,25,0.89,0.96,302,0]]}",0.8923509389507053,-0.012779447936574123,0.8923509389507053,220.0,1.0,196.0,535.0,339,357,FA,516.0,495.0,-320.0,-299.0,let go,False,281
694673,Abimelec Ortiz,2026,2002-02-22,1B,L,Washington Nationals,44,136,128,24,5,0,5,16,14,7,0,0,0,36,1,14,0,0,0,0,30,0,0,0,0,11,24.0,136.0,26.5,5.1,0.188,0.344,0.228,0.156,0.216,0.211,0.382,0.246,0.271,0.246,0.171,0.312,0.348,-0.023,-0.038,-0.025,89.7,15.1,39.8,7.5,38.7,99.94839,94.273607419,66.4,37.1,63.9,85.0,23.4,50.5,44.1,35.5,32.3,25.8,6.5,7.3,75.8,8.1,18.9,62.2,8.8,54.6,-7.0,25.3,4.63,6.0,4.0,14.0,93.0,65.7,55.1,abimelec ortiz,WSH,Abimelec Ortiz,WSH,"1B,OF,DH",872.0,338.0,1256.0,,105.0,24.4,2.3863636363636362,0.7720588235294118,431,1B/OF,1B,False,338.0,172.67,2.396692273871662,-67.66999999999999,-0.010328637508025817,-93.0,False,False,339,False,15.35378366262444,6.317773117690295,0.4391027767460827,4.897340442939179,13.086501133007665,16.60290251664072,112.59340364964838,0.8278926738944734,-7.59340364964838,-0.05583385036506161,472.0,-367.0,"{'C': 423, 'SS': 594, '2B': 592, '3B': 571, '1B': 601, 'OF': 526, 'UT': 472}",0.7720588235294118,0.33088235294117646,-10.081761893646995,,,,,,0.0,22.058823529411764,30.882352941176467,0.025000000000000022,,0,136,,,0,False,0.4220588235294118,,,,0.0,0.0,0.0,0.0,,0.0,2026-07-12,2026-09-26,44.0,66.0,66.0,0.0,334.0,0.667,108.0,1.0,0.15,,rookie,49.2,4.1,0.43,"24 years old, an age that jumps 8% of the time · deserved 0.83/PA on contact quality, got 0.77 · avg EV 89.7 (70th pct)",xwOBA 0.271 (14th) · barrels 7.5% (52nd) · EV 89.7 (68th) · hard-hit 39% (51st) · K 26% (25th) · BB 5% (13th) · chase 37% (16th) · bat speed 75.8 mph (94th) · sprint 25.3 (7th),"{""n"":20,""b"":0,""c"":[[""Ronny Mauricio"",2025,24,0.83,0.89,55,0],[""Kyle Manzardo"",2024,24,0.84,0.94,499,0],[""Nomar Mazara"",2021,26,0.73,0.85,145,0],[""Jonathan Aranda"",2022,24,0.7,0.88,91,0],[""Oscar Col\u00e1s"",2023,25,0.8,0.74,28,0]]}",0.9767948606801847,0.00019966633770723946,0.9767948606801847,200.0,1.0,195.0,586.0,342,135,FA,516.0,495.0,-321.0,-300.0,let go,False,282
669004,MJ Melendez,2026,1998-11-29,DH,L,New York Mets,56,144,120,23,5,1,4,14,11,17,5,0,1,50,1,13,0,0,2,0,0,0,0,0,25,23,27.0,144.0,34.7,11.8,0.192,0.35,0.315,0.158,0.284,0.166,0.317,0.302,0.28,0.294,0.15,0.39,0.346,0.026,0.033,0.022,94.2,23.6,29.2,11.1,55.6,102.543121111,96.42811507,67.4,29.5,49.5,73.9,34.5,46.7,50.0,26.4,43.1,19.4,11.1,7.9,74.1,12.5,21.1,40.6,13.3,58.8,-3.0,27.2,,5.0,8.0,10.0,72.0,78.9,59.0,mj melendez,NYM,,,,,,,,116.0,27.6,2.0714285714285716,0.8055555555555556,424,OF,OF,True,339.0,172.67,2.396692273871662,-56.66999999999999,-0.32526370244309044,-85.0,False,False,339,False,10.23278176105442,5.251459660906867,0.5587353950230095,3.8770231830157043,15.71355814677502,15.357747533121458,114.91130567989647,0.7979951783326144,1.088694320103528,0.007560377222941228,472.0,-356.0,"{'C': 423, 'SS': 594, '2B': 592, '3B': 571, '1B': 601, 'OF': 526, 'UT': 472}",0.8055555555555556,0.2361111111111111,-10.40824775285429,,,,,,0.0,16.666666666666664,70.83333333333333,-0.021999999999999964,,3,1796,,,3,False,0.4555555555555556,,,,0.0,0.0,12.0,0.0,,3.5999999999999996,2026-04-15,2026-06-25,56.0,72.0,72.0,0.0,324.0,0.778,20.0,0.0,0.15,,established,40.2,1.2,0.886,"avg EV 94.2 (99th pct) · 28 years old, an age that jumps 4% of the time · sprint 27.2 ft/s (43rd pct)",xwOBA 0.280 (19th) · barrels 11.1% (80th) · EV 94.2 (99th) · hard-hit 56% (98th) · K 35% (3rd) · BB 12% (86th) · chase 30% (56th) · bat speed 74.1 mph (80th) · sprint 27.2 (42nd),"{""n"":20,""b"":0,""c"":[[""Trent Grisham"",2024,28,0.9,1.05,609,0],[""Taylor Trammell"",2025,28,0.87,0.8,232,0],[""Daz Cameron"",2024,28,0.87,0.81,34,0],[""Kyle Stowers"",2024,26,0.79,1.19,545,0],[""Romy Gonzalez"",2022,26,0.83,1.03,100,0]]}",0.9752892331436473,-0.016978344977301236,0.9752892331436473,200.0,0.997,195.0,585.0,342,139,FA,516.0,495.0,-321.0,-300.0,let go,False,283
672820,Lenyn Sosa,2026,2000-01-25,2B,R,multi,40,117,113,22,7,0,1,11,9,1,1,0,0,25,1,14,0,0,0,0,12,14,0,0,0,9,26.0,117.0,21.4,0.9,0.195,0.283,0.207,0.088,0.239,0.222,0.345,0.214,0.249,0.234,0.123,0.262,0.309,-0.027,-0.062,-0.035,88.7,20.0,34.4,5.6,36.7,98.841732,93.512313708,64.8,50.0,68.5,89.7,21.5,56.0,38.9,40.0,25.6,23.3,11.1,7.6,72.4,10.6,23.5,22.6,12.3,48.9,-10.0,26.7,4.72,4.0,7.0,11.0,90.0,46.4,66.7,lenyn sosa,multi,Lenyn Sosa,TOR,"1B,2B,DH",300.5,181.0,290.0,304.0,76.0,26.4,1.9,0.6495726495726496,477,1B/2B,2B,False,181.0,377.19354838709677,3.1811021036719445,-301.19354838709677,-1.2811021036719445,-296.0,False,False,339,True,17.13480970761747,4.8212533123945365,0.3120642523585214,2.8178727276294735,11.252418710371906,12.437997603126911,89.76141631349881,0.7671915924230668,-13.761416313498813,-0.11761894285041719,472.0,-396.0,"{'C': 423, 'SS': 594, '2B': 592, '3B': 571, '1B': 601, 'OF': 526, 'UT': 472}",0.6495726495726496,0.23931623931623933,-10.986467873571003,,,,,,0.0,5.128205128205129,5.128205128205129,0.035,,2,1239,,0.9375,2,False,-0.2879273504273504,-1.9000000000000021,-4.800000000000001,-0.09999999999999432,82.0,1.0,95.0,1.0,,89.8,2026-03-26,2026-05-26,40.0,63.0,58.0,5.0,327.0,0.69,0.0,0.0,0.15,,established,28.5,0.9,0.73,"deserved 0.77/PA on contact quality, got 0.65 · 26 years old, an age that jumps 4% of the time · sprint 26.7 ft/s (29th pct)",xwOBA 0.249 (4th) · barrels 5.6% (34th) · EV 88.7 (52nd) · hard-hit 37% (40th) · K 21% (58th) · BB 1% (0th) · chase 50% (0th) · bat speed 72.4 mph (57th) · sprint 26.7 (29th),"{""n"":20,""b"":0,""c"":[[""Jose F Miranda"",2023,25,0.68,0.95,408,0],[""Joey Bart"",2023,26,0.72,1.14,321,0],[""Dominic Smith"",2022,27,0.71,0.82,483,0],[""Connor Wong"",2025,29,0.7,0.89,213,0],[""Andy Ib\u00e1\u00f1ez"",2022,29,0.73,0.92,354,0]]}",0.9705144414248125,-0.012888640320029626,0.9705144414248125,200.0,0.928,194.0,582.0,346,155,FA,516.0,495.0,-322.0,-301.0,let go,False,284
678391,Jorbit Vivas,2026,2001-03-09,3B,L,Washington Nationals,123,364,311,74,15,1,3,32,31,41,4,2,1,53,4,55,8,0,0,0,0,57,54,0,0,4,25.0,364.0,14.6,11.3,0.238,0.322,0.331,0.084,0.274,0.236,0.309,0.298,0.292,0.329,0.073,0.289,0.281,0.002,0.013,0.006,82.9,12.0,34.3,3.0,21.5,94.277617252,91.318865649,74.1,29.1,62.7,91.0,18.1,49.5,38.1,44.2,21.9,26.8,7.2,7.5,69.3,6.6,22.5,4.0,6.3,42.6,-6.0,27.1,4.48,11.0,20.0,43.0,265.0,82.9,65.1,jorbit vivas,WSH,,,,,,,,280.0,25.3,2.2764227642276422,0.7692307692307693,271,2B/3B,2B/3B,True,339.0,172.67,2.396692273871662,107.33000000000001,-0.12026950964401983,68.0,False,False,250,False,59.98861740389186,8.43190206918961,0.6553436499452052,4.320136876973327,38.48301210503404,32.56313837188187,283.54115047691596,0.7789592046069119,-3.541150476915959,-0.009728435376142652,472.0,-192.0,"{'C': 423, 'SS': 594, '2B': 592, '3B': 571, '1B': 601, 'OF': 526, 'UT': 472}",0.7692307692307693,0.42032967032967034,-7.920308409586237,1.1235955056179776,20.224719101123593,1.4981273408239701,-19.101123595505616,-0.37453183520599254,3.296703296703297,4.945054945054945,67.58241758241758,-0.006000000000000005,0.7692307692307693,1,430,0.0,,0,False,0.4192307692307693,,,,0.0,0.0,0.0,0.0,,0.0,2026-03-28,2026-09-26,121.0,161.0,161.0,0.0,366.0,0.752,2.0,0.0,0.15,,established,25.8,5.0,0.849,"25 years old, an age that jumps 5% of the time · 430 career PA, still new · deserved 0.78/PA on contact quality, got 0.77",xwOBA 0.292 (31st) · barrels 3.0% (12th) · EV 82.9 (1st) · hard-hit 22% (2nd) · K 15% (90th) · BB 11% (82nd) · chase 29% (58th) · bat speed 69.3 mph (17th) · sprint 27.1 (39th),"{""n"":20,""b"":0,""c"":[[""Vidal Bruj\u00e1n"",2024,26,0.79,0.85,81,0],[""Brayan Rocchio"",2024,24,0.81,0.83,317,0],[""Liam Hicks"",2025,26,0.89,1.06,588,0],[""Nick Allen"",2023,25,0.69,0.48,50,0],[""Alejo Lopez"",2022,26,0.83,2.5,5,0]]}",0.8526908182984825,-0.012779447936574123,0.8526908182984825,227.0,1.0,194.0,512.0,346,423,FA,516.0,495.0,-322.0,-301.0,let go,False,285
813841,Jonah Cox,2026,2001-08-04,OF,R,San Francisco Giants,62,169,151,38,4,2,4,26,16,10,0,16,4,65,0,28,2,0,0,0,0,19,0,0,52,0,24.0,169.0,38.5,5.9,0.252,0.384,0.298,0.132,0.415,0.209,0.319,0.3,0.256,0.258,0.11,0.481,0.398,0.043,0.065,0.044,88.3,11.3,34.4,5.4,35.5,98.945106923,93.713279091,71.0,33.8,49.5,68.9,37.3,52.5,21.5,50.5,22.6,23.7,3.2,6.5,68.7,5.5,19.7,5.5,9.2,49.6,-2.0,30.0,4.18,8.0,17.0,13.0,93.0,79.2,67.5,jonah cox,SF,,,,,,,,194.0,24.9,3.129032258064516,1.1479289940828403,345,OF,OF,True,339.0,172.67,2.396692273871662,21.330000000000013,0.732339984192854,-6.0,False,False,280,False,22.71504288359795,4.617447040275934,0.6869772686542742,3.539532807471839,20.5218867366483,15.44896604116372,171.69885277781202,1.0159695430639764,22.30114722218798,0.13195945101886397,472.0,-278.0,"{'C': 423, 'SS': 594, '2B': 592, '3B': 571, '1B': 601, 'OF': 526, 'UT': 472}",1.1479289940828403,0.3609467455621302,-7.310620210200133,,,,,,56.80473372781065,14.201183431952662,35.50295857988166,-0.043999999999999984,,0,169,,,0,False,0.7979289940828403,,,,27.0,1.0,27.0,0.0,,27.0,2026-05-31,2026-09-27,62.0,106.0,83.0,23.0,330.0,0.747,67.0,1.0,0.15,,young / establishing,39.5,2.3,0.43,"sprint 30.0 ft/s (98th pct) · 25 years old, an age that jumps 5% of the time · only 169 PA in his first season, and a breakout needs 350 next year",xwOBA 0.256 (7th) · barrels 5.4% (32nd) · EV 88.3 (45th) · hard-hit 36% (34th) · K 38% (1st) · BB 6% (20th) · chase 34% (30th) · bat speed 68.7 mph (10th) · sprint 30.0 (98th),"{""n"":20,""b"":0,""c"":[[""Cade Marlowe"",2023,26,1.13,0.67,6,0],[""Hyeseong Kim"",2025,26,1.11,0.9,118,0],[""Garrett Mitchell"",2024,26,1.17,0.83,65,0],[""Brett Phillips"",2021,27,1.14,0.71,160,0],[""Tyler Fitzgerald"",2024,27,1.16,0.79,193,0]]}",0.949631616800853,-0.012779447936574123,0.949631616800853,204.0,0.978,194.0,570.0,346,209,FA,516.0,495.0,-322.0,-301.0,let go,False,286
621043,Carlos Correa,2026,1994-09-22,SS,R,Houston Astros,32,141,122,34,8,0,3,22,16,18,0,1,0,26,1,23,1,0,0,0,0,0,14,23,0,0,31.0,141.0,18.4,12.8,0.279,0.418,0.369,0.139,0.33,0.289,0.459,0.347,0.364,0.373,0.17,0.378,0.403,-0.01,-0.041,-0.017,89.2,7.2,36.1,10.3,41.2,101.668709184,94.924922887,61.2,32.0,66.0,84.3,22.9,45.0,40.2,47.4,16.5,32.0,4.1,7.2,73.4,12.9,22.0,38.8,7.2,39.7,3.0,27.2,4.61,5.0,10.0,18.0,97.0,61.4,57.1,carlos correa,HOU,Carlos Correa,HOU,"3B,SS",238.0,146.0,253.0,233.0,143.0,31.8,4.46875,1.0141843971631206,400,3B/SS,SS,False,146.0,425.5,3.7174234694899297,-282.5,0.7513265305100703,-254.0,False,False,339,True,23.622455173115064,6.868415632855704,0.4298032149433816,4.337325979085844,18.281288539832683,16.589042823586304,146.12633136341896,1.036356960024248,-3.126331363418956,-0.022172562861127343,472.0,-329.0,"{'C': 423, 'SS': 594, '2B': 592, '3B': 571, '1B': 601, 'OF': 526, 'UT': 472}",1.0141843971631206,0.5815602836879432,-8.84342170810604,,,,,,4.25531914893617,12.76595744680851,76.59574468085106,0.017000000000000015,,5,2902,,1.119891008174387,5,True,-0.10570661101126633,-0.9000000000000021,3.4000000000000004,-0.29999999999999716,144.0,1.0,223.0,0.0,,169.79999999999998,2026-03-26,2026-05-04,32.0,43.0,38.0,5.0,601.0,0.842,0.0,0.0,0.15,,established,35.3,0.4,1.094,"deserved 1.04/PA on contact quality, got 1.01 · avg EV 89.2 (61st pct) · sprint 27.2 ft/s (43rd pct) · barrel rate up 3.4 pts on last year",xwOBA 0.364 (94th) · barrels 10.3% (74th) · EV 89.2 (58th) · hard-hit 41% (62nd) · K 18% (74th) · BB 13% (91st) · chase 32% (40th) · bat speed 73.4 mph (70th) · sprint 27.2 (42nd),"{""n"":20,""b"":0,""c"":[[""Max Muncy"",2025,35,1.05,1.04,585,0],[""Randal Grichuk"",2024,33,1.14,0.86,252,0],[""Andrew Benintendi"",2025,31,0.95,0.97,456,0],[""Amed Rosario"",2025,30,0.94,0.91,222,0],[""Ram\u00f3n Ur\u00edas"",2024,30,0.95,0.85,331,0]]}",0.9416089018174667,-0.035407766755750046,0.9416089018174667,206.0,0.864,194.0,565.0,346,231,Dan,516.0,495.0,-322.0,-301.0,let go,False,287
682848,Endy Rodríguez,2026,2000-05-26,C,S,Pittsburgh Pirates,45,159,135,36,6,0,7,20,20,23,0,6,1,41,0,23,4,5,0,38,4,0,0,0,0,1,26.0,159.0,25.8,14.5,0.267,0.467,0.373,0.2,0.333,0.245,0.403,0.37,0.338,0.355,0.158,0.451,0.397,0.022,0.064,0.032,92.4,19.1,37.2,10.6,46.8,100.7717,95.060794946,64.4,26.1,47.6,85.4,25.9,44.8,45.7,33.0,33.0,27.7,6.4,7.3,72.7,11.1,27.0,26.2,10.1,47.2,7.0,27.0,,7.0,7.0,22.0,94.0,76.5,64.2,endy rodriguez,PIT,,,,,,,,186.0,26.1,4.133333333333334,1.169811320754717,352,C/1B,C,True,339.0,172.67,2.396692273871662,13.330000000000013,1.7366410594616717,-13.0,False,False,283,False,21.871594782187493,5.9409958925053905,0.39822386842674884,4.864185456880371,19.646618784942884,17.865308992402426,171.99192777734532,1.081710237593367,14.008072222654675,0.08810108316135001,423.0,-237.0,"{'C': 423, 'SS': 594, '2B': 592, '3B': 571, '1B': 601, 'OF': 526, 'UT': 472}",1.169811320754717,0.5723270440251572,-7.909932168045959,,,,,,22.641509433962263,26.41509433962264,86.79245283018868,-0.03199999999999997,,1,420,,,1,False,0.819811320754717,,,,64.0,2.0,220.0,0.0,,157.6,2026-05-14,2026-08-07,45.0,84.0,64.0,20.0,402.0,0.703,49.0,1.0,0.15,,established,40.0,3.4,1.25,"avg EV 92.4 (95th pct) · 420 career PA, still new · 26 years old, an age that jumps 4% of the time",xwOBA 0.338 (82nd) · barrels 10.6% (76th) · EV 92.4 (95th) · hard-hit 47% (86th) · K 26% (29th) · BB 14% (96th) · chase 26% (76th) · bat speed 72.7 mph (62nd) · sprint 27.0 (36th),"{""n"":20,""b"":0,""c"":[[""Gavin Sheets"",2021,25,1.08,0.9,371,0],[""Stone Garrett"",2023,28,1.08,2.67,16,0],[""Wilyer Abreu"",2023,24,1.24,1.07,479,0],[""Danny Jansen"",2021,26,1.05,1.17,291,0],[""Ryan Jeffers"",2023,26,1.14,1.0,464,0]]}",0.9691076659744622,-0.012888640320029626,0.9691076659744622,200.0,0.874,194.0,581.0,346,160,FA,516.0,495.0,-322.0,-301.0,let go,False,288
687363,Victor Scott II,2026,2001-02-12,OF,L,St. Louis Cardinals,80,195,166,32,4,0,2,19,9,16,2,12,5,46,1,26,2,0,2,0,0,0,0,0,77,1,25.0,195.0,23.6,8.2,0.193,0.253,0.27,0.06,0.252,0.222,0.296,0.243,0.271,0.298,0.075,0.267,0.311,-0.029,-0.043,-0.028,86.6,6.9,31.3,1.6,23.7,96.063542857,92.068093694,69.4,22.6,40.3,85.8,24.6,47.2,35.9,55.0,16.8,22.9,5.3,6.4,68.5,4.9,23.8,3.4,7.4,43.2,-11.0,29.7,4.16,4.0,12.0,16.0,131.0,86.8,60.0,victor scott,STL,Victor Scott,STL,"LF,CF",306.4,186.0,316.0,310.0,158.0,25.4,1.975,0.8102564102564103,378,OF,OF,False,186.0,377.19354838709677,3.1811021036719445,-219.19354838709677,-1.2061021036719444,-192.0,False,False,339,True,30.026498944097487,3.8734861351933105,0.279530897320929,2.6724840233882774,23.24613296654847,16.12697989506078,181.52711286160925,0.9309082710851757,-23.527112861609254,-0.12065186082876544,472.0,-314.0,"{'C': 423, 'SS': 594, '2B': 592, '3B': 571, '1B': 601, 'OF': 526, 'UT': 472}",0.8102564102564103,0.26666666666666666,-9.504097263191838,,,,,,36.92307692307693,6.153846153846154,49.23076923076923,0.028000000000000025,,1,813,,0.9740820734341252,1,False,-0.16382566317771496,-0.3999999999999986,-2.1,-0.5,0.0,0.0,15.0,0.0,,9.0,2026-03-26,2026-09-25,80.0,166.0,166.0,0.0,190.0,0.482,0.0,0.0,0.15,,established,36.2,1.1,0.89,"deserved 0.93/PA on contact quality, got 0.81 · sprint 29.7 ft/s (96th pct) · 25 years old, an age that jumps 5% of the time",xwOBA 0.271 (14th) · barrels 1.6% (3rd) · EV 86.6 (18th) · hard-hit 24% (4th) · K 24% (44th) · BB 8% (45th) · chase 23% (91st) · bat speed 68.5 mph (9th) · sprint 29.7 (96th),"{""n"":20,""b"":0,""c"":[[""Parker Meadows"",2025,26,0.83,0.97,38,0],[""Ezequiel Duran"",2025,26,0.82,1.01,605,0],[""Brooks Baldwin"",2024,24,0.77,0.92,301,0],[""Jos\u00e9 Az\u00f3car"",2022,26,0.83,1.07,109,0],[""Taylor Walls"",2021,25,0.78,0.73,342,0]]}",0.9187925328322203,-0.012779447936574123,0.9187925328322203,210.0,0.993,193.0,551.0,350,292,FA,516.0,495.0,-323.0,-302.0,let go,False,289
695336,Thomas Saggese,2026,2002-04-10,SS,R,St. Louis Cardinals,57,180,162,38,5,1,4,25,14,13,2,4,2,49,3,28,0,0,1,0,0,11,12,23,15,2,24.0,180.0,27.2,7.2,0.235,0.352,0.294,0.117,0.304,0.238,0.399,0.286,0.309,0.302,0.161,0.354,0.389,-0.003,-0.047,-0.023,90.7,12.6,37.1,9.6,43.1,100.738247931,94.993078261,68.1,35.4,59.5,79.0,28.0,51.1,29.3,42.2,28.4,26.7,2.6,7.0,72.2,10.7,23.5,22.6,7.9,41.3,-2.0,28.2,4.3,6.0,16.0,16.0,116.0,72.7,60.6,thomas saggese,STL,,,,,,,,163.0,24.2,2.8596491228070176,0.9055555555555556,371,2B/SS/OF,SS,True,339.0,172.67,2.396692273871662,-9.669999999999987,0.4629568489353555,-32.0,False,False,339,False,24.51922077176785,7.60936504865405,0.8096075873883408,5.617806592189756,22.04009619697656,20.054789942742648,174.2888861397192,0.9682715896651067,-11.28888613971921,-0.06271603410955118,472.0,-309.0,"{'C': 423, 'SS': 594, '2B': 592, '3B': 571, '1B': 601, 'OF': 526, 'UT': 472}",0.9055555555555556,0.35555555555555557,-8.849338209684339,,,,,,13.333333333333334,13.333333333333334,43.33333333333333,0.02300000000000002,,1,527,,0.7932203389830509,1,False,0.11233521657250467,-0.9000000000000021,4.0,2.4000000000000057,0.0,0.0,0.0,0.0,,0.0,2026-03-29,2026-09-27,57.0,164.0,164.0,0.0,178.0,0.348,3.0,0.0,0.15,,young / establishing,48.6,6.6,0.986,"24 years old, an age that jumps 8% of the time · deserved 0.97/PA on contact quality, got 0.91 · avg EV 90.7 (85th pct) · barrel rate up 4.0 pts on last year · bat speed up 2.4 mph",xwOBA 0.309 (51st) · barrels 9.6% (69th) · EV 90.7 (83rd) · hard-hit 43% (73rd) · K 27% (23rd) · BB 7% (32nd) · chase 35% (22nd) · bat speed 72.2 mph (53rd) · sprint 28.2 (70th),"{""n"":20,""b"":0,""c"":[[""Jordan Walker"",2024,22,0.83,0.85,338,0],[""Andruw Monasterio"",2024,27,0.84,1.02,138,0],[""Casey Schmitt"",2024,25,0.95,0.85,295,0],[""Trevor Larnach"",2022,25,0.93,1.0,211,0],[""Trey Sweeney"",2024,24,0.87,0.74,241,0]]}",0.9646153852467328,0.00019966633770723946,0.9646153852467328,200.0,1.0,193.0,579.0,350,168,MMM,516.0,495.0,-323.0,-302.0,let go,False,290
691740,Daniel Susac,2026,2001-05-14,C,R,San Francisco Giants,53,161,144,35,8,1,3,11,22,8,3,2,2,36,4,23,2,13,0,47,0,0,1,0,0,0,25.0,161.0,22.4,5.0,0.243,0.375,0.289,0.132,0.294,0.249,0.369,0.29,0.296,0.3,0.12,0.342,0.351,-0.006,0.006,-0.006,86.3,16.9,42.1,5.3,32.5,97.0900975,92.54504875,72.3,41.8,58.5,88.6,23.8,55.6,42.1,38.6,28.9,26.3,6.1,7.5,68.7,7.1,21.4,3.9,13.1,49.1,-5.0,26.9,4.59,6.0,9.0,20.0,114.0,81.8,65.2,daniel susac,SF,,,,,,,,163.0,25.1,3.0754716981132075,1.0124223602484472,371,C,C,True,339.0,172.67,2.396692273871662,-9.669999999999987,0.6787794242415455,-32.0,False,False,339,False,26.184281310236734,5.599385045033858,0.5363859792220892,3.5359476655073214,17.43492436550356,16.81834883376385,164.24527319926742,1.0201569763929652,-1.245273199267416,-0.007734616144517981,423.0,-260.0,"{'C': 423, 'SS': 594, '2B': 592, '3B': 571, '1B': 601, 'OF': 526, 'UT': 472}",1.0124223602484472,0.37888198757763975,-9.4423833521948,,,,,,7.453416149068323,11.180124223602485,29.81366459627329,0.006000000000000005,,0,161,,,0,False,0.6624223602484473,,,,93.0,3.0,93.0,0.0,Low back strain; Left knee patella fracture,93.0,2026-04-01,2026-08-09,53.0,122.0,75.0,47.0,348.0,0.707,7.0,0.0,0.15,,established,26.7,1.6,0.43,"25 years old, an age that jumps 5% of the time · deserved 1.02/PA on contact quality, got 1.01 · sprint 26.9 ft/s (34th pct)",xwOBA 0.296 (37th) · barrels 5.3% (31st) · EV 86.3 (15th) · hard-hit 32% (22nd) · K 22% (52nd) · BB 5% (11th) · chase 42% (5th) · bat speed 68.7 mph (10th) · sprint 26.9 (34th),"{""n"":20,""b"":0,""c"":[[""Edward Olivares"",2021,25,0.96,0.98,170,0],[""Enmanuel Valdez"",2023,24,1.03,0.81,181,0],[""Christian Arroyo"",2021,26,1.0,0.98,294,0],[""Conner Capel"",2023,26,0.97,1.0,8,0],[""Alan Trejo"",2022,26,0.96,0.86,195,0]]}",0.9658387906797831,-0.012779447936574123,0.9658387906797831,200.0,0.926,193.0,580.0,350,165,FA,516.0,495.0,-323.0,-302.0,let go,False,291
621438,Tyrone Taylor,2026,1994-01-22,OF,R,multi,97,241,219,61,16,0,11,36,38,14,2,3,2,41,2,34,2,0,3,0,0,0,0,0,85,6,32.0,241.0,17.0,5.8,0.279,0.502,0.325,0.223,0.296,0.245,0.416,0.355,0.309,0.296,0.171,0.405,0.344,0.034,0.086,0.046,86.8,18.1,33.7,8.7,34.2,98.054869667,93.068828659,63.8,34.7,64.4,88.1,20.6,48.8,53.3,36.4,33.7,21.2,8.7,7.5,71.6,11.0,27.2,16.0,11.5,57.5,7.0,29.2,4.45,22.0,13.0,26.0,184.0,62.0,61.8,tyrone taylor,multi,,,,,,,,274.0,32.4,2.8247422680412373,1.1369294605809128,276,OF,OF,True,339.0,172.67,2.396692273871662,101.33000000000001,0.42804999416957523,63.0,False,False,250,False,33.24033781641526,11.610487582315823,0.5740113861225519,8.23016321514636,31.07316435896193,27.083151399303407,231.91531575826534,0.9623042147645865,42.084684241734664,0.17462524581632632,472.0,-198.0,"{'C': 423, 'SS': 594, '2B': 592, '3B': 571, '1B': 601, 'OF': 526, 'UT': 472}",1.1369294605809128,0.6639004149377593,-5.465397015901144,,,,,,7.468879668049792,27.38589211618257,34.85477178423237,-0.045999999999999985,1.1369294605809128,6,1846,0.0,1.1275720164609053,5,False,0.009357444120007496,-5.300000000000001,4.8999999999999995,1.2999999999999972,31.0,1.0,53.0,0.0,Right hip flexor strain,44.2,2026-03-28,2026-09-27,97.0,165.0,136.0,29.0,287.0,0.713,2.0,0.0,0.15,,established,29.6,0.8,1.217,"1.14/PA is his best rate yet, so the bar is one step up · sprint 29.2 ft/s (92nd pct) · avg EV 86.8 (23rd pct) · barrel rate up 4.9 pts on last year · bat speed up 1.3 mph",xwOBA 0.309 (51st) · barrels 8.7% (63rd) · EV 86.8 (20th) · hard-hit 34% (28th) · K 17% (82nd) · BB 6% (19th) · chase 35% (25th) · bat speed 71.6 mph (44th) · sprint 29.2 (91st),"{""n"":20,""b"":0,""c"":[[""Jose Altuve"",2023,33,1.25,1.08,735,0],[""Myles Straw"",2025,31,1.06,0.9,297,0],[""Harrison Bader"",2025,31,1.06,0.76,84,0],[""Jose Iglesias"",2024,34,1.07,0.78,266,0],[""Jason Heyward"",2023,34,1.02,0.99,255,0]]}",0.9622816581937634,-0.035407766755750046,0.9622816581937634,200.0,0.965,192.0,577.0,355,174,FA,516.0,495.0,-324.0,-303.0,let go,False,292
670770,TJ Friedl,2026,1995-08-14,OF,L,Cincinnati Reds,91,272,239,41,6,1,4,20,13,22,5,5,1,63,1,30,1,0,1,0,0,0,0,0,110,0,30.0,272.0,23.2,8.1,0.172,0.255,0.255,0.083,0.214,0.191,0.268,0.236,0.25,0.275,0.076,0.249,0.271,-0.019,-0.013,-0.014,87.3,21.0,26.9,2.9,28.0,96.910295,92.496872453,63.0,24.1,45.2,86.9,25.0,43.2,39.6,44.0,25.3,20.3,10.4,6.8,71.0,7.6,26.7,11.8,9.5,62.8,-16.0,26.7,4.45,6.0,15.0,20.0,182.0,75.6,62.5,tj friedl,CIN,TJ Friedl,CIN,"LF,CF",239.6,149.0,252.0,198.0,178.0,30.9,1.956043956043956,0.6544117647058824,362,OF,OF,False,149.0,425.5,3.7174234694899297,-247.5,-1.7613795134459738,-213.0,False,False,283,True,35.78419146275898,5.436301837571651,0.5578219365797532,3.870684763089614,25.713083347308476,24.47463091459593,202.64971426190442,0.745035714198178,-24.64971426190442,-0.09062394949229569,472.0,-294.0,"{'C': 423, 'SS': 594, '2B': 592, '3B': 571, '1B': 601, 'OF': 526, 'UT': 472}",0.6544117647058824,0.21323529411764705,-10.40075201635745,,,,,,11.029411764705882,8.823529411764707,48.529411764705884,0.014000000000000012,1.183453237410072,5,2148,-0.5290414727041896,1.183453237410072,4,True,-0.5290414727041896,6.399999999999999,0.19999999999999973,1.0999999999999943,0.0,0.0,89.0,0.0,,26.7,2026-03-26,2026-09-18,91.0,163.0,163.0,0.0,270.0,0.558,0.0,0.0,0.15,,established,26.3,0.3,1.263,"deserved 0.75/PA on contact quality, got 0.65 · sprint 26.7 ft/s (29th pct) · avg EV 87.3 (30th pct) · bat speed up 1.1 mph",xwOBA 0.250 (5th) · barrels 2.9% (11th) · EV 87.3 (28th) · hard-hit 28% (11th) · K 23% (47th) · BB 8% (44th) · chase 24% (86th) · bat speed 71.0 mph (35th) · sprint 26.7 (29th),"{""n"":20,""b"":0,""c"":[[""Tim Anderson"",2024,31,0.57,0.59,53,0],[""Josh Rojas"",2025,31,0.63,0.77,89,0],[""Javier B\u00e1ez"",2024,32,0.76,0.94,412,0],[""Tim Anderson"",2023,30,0.76,0.57,138,0],[""Orlando Arcia"",2025,31,0.6,0.8,40,0]]}",0.8327820019041907,-0.03573509974786369,0.8327820019041907,231.0,0.979,192.0,500.0,355,445,FA,516.0,495.0,-324.0,-303.0,let go,False,293
804668,Rafael Flores Jr.,2026,2000-11-07,C,R,Pittsburgh Pirates,47,163,148,39,6,0,11,17,25,15,0,0,0,45,0,22,2,7,0,37,11,0,0,0,0,0,25.0,163.0,27.6,9.2,0.264,0.527,0.331,0.263,0.304,0.247,0.506,0.367,0.35,0.313,0.259,0.482,0.452,0.017,0.021,0.017,90.7,12.4,35.0,14.6,45.6,101.474261731,95.313841262,61.2,27.7,48.8,77.8,30.7,45.2,46.6,44.7,36.9,17.5,1.0,7.5,73.9,12.6,22.9,39.3,15.4,60.8,7.0,26.4,4.65,14.0,13.0,12.0,103.0,70.6,67.9,rafael flores,PIT,,,,,,,,186.0,25.6,3.9574468085106385,1.1411042944785277,352,C/1B,C,True,339.0,172.67,2.396692273871662,13.330000000000013,1.5607545346389764,-13.0,False,False,283,False,17.204279154527686,9.541789079515798,0.6395843773853341,9.170347388571177,20.758905181848675,23.419901116929946,182.62280629877858,1.120385314716433,3.3771937012214153,0.02071897976209458,423.0,-237.0,"{'C': 423, 'SS': 594, '2B': 592, '3B': 571, '1B': 601, 'OF': 526, 'UT': 472}",1.1411042944785277,0.5521472392638037,-7.956819812817603,,,,,,0.0,40.49079754601227,55.214723926380366,-0.017000000000000015,,0,180,,,0,False,0.7911042944785277,,,,8.0,1.0,8.0,0.0,,8.0,2026-06-10,2026-09-27,47.0,98.0,89.0,9.0,297.0,0.528,76.0,1.0,0.15,,established,45.3,3.7,0.43,"180 career PA, still new · avg EV 90.7 (85th pct) · 26 years old, an age that jumps 4% of the time",xwOBA 0.350 (90th) · barrels 14.6% (95th) · EV 90.7 (83rd) · hard-hit 46% (83rd) · K 28% (20th) · BB 9% (57th) · chase 28% (67th) · bat speed 73.9 mph (77th) · sprint 26.4 (23rd),"{""n"":20,""b"":0,""c"":[[""Matt Wallner"",2023,26,1.16,1.12,292,0],[""Wilyer Abreu"",2023,24,1.24,1.07,479,0],[""Christian Encarnacion-Strand"",2023,24,1.06,0.73,90,0],[""Logan O'Hoppe"",2023,23,1.06,1.02,534,0],[""Darick Hall"",2022,27,1.03,0.46,26,0]]}",0.9581025836779856,-0.012888640320029626,0.9581025836779856,200.0,0.994,192.0,575.0,355,182,FA,516.0,495.0,-324.0,-303.0,let go,False,294
642708,Amed Rosario,2026,1995-11-20,3B,R,New York Yankees,87,244,227,54,6,1,10,28,34,14,0,3,1,57,3,37,9,0,0,0,0,7,55,0,9,7,30.0,244.0,23.4,5.7,0.238,0.405,0.279,0.167,0.27,0.25,0.424,0.297,0.309,0.289,0.175,0.362,0.381,-0.012,-0.019,-0.012,90.2,11.5,34.7,10.4,39.3,101.20099,94.834235434,72.2,40.8,59.1,82.7,26.7,55.3,36.4,43.4,25.4,24.9,6.4,7.4,74.0,12.1,22.0,41.0,6.4,50.0,-2.0,28.6,4.4,13.0,16.0,24.0,173.0,80.3,63.9,amed rosario,NYY,Amed Rosario,NYY,"2B,3B,OF,DH",830.0,327.0,1237.0,,222.0,30.6,2.5517241379310347,0.9098360655737705,322,3B,3B,False,327.0,172.67,2.396692273871662,49.33000000000001,0.15503186405937264,5.0,False,False,272,False,36.51581722752218,9.976906227258231,1.0237358629170181,9.233540682302575,30.561868871777612,28.252212641509004,226.03908151328662,0.9263896783331419,-4.039081513286618,-0.016553612759371394,472.0,-250.0,"{'C': 423, 'SS': 594, '2B': 592, '3B': 571, '1B': 601, 'OF': 526, 'UT': 472}",0.9098360655737705,0.4672131147540984,-6.994048945609167,,,,,,7.377049180327869,24.59016393442623,34.42622950819672,0.01200000000000001,0.9895522388059701,5,2584,-0.0797161732321996,,4,True,0.5598360655737705,7.199999999999999,4.4,0.9000000000000057,0.0,0.0,9.0,0.0,,5.3999999999999995,2026-03-27,2026-09-25,87.0,165.0,165.0,0.0,240.0,0.527,2.0,0.0,0.15,,established,33.6,0.8,1.07,"avg EV 90.2 (78th pct) · sprint 28.6 ft/s (81st pct) · deserved 0.93/PA on contact quality, got 0.91 · barrel rate up 4.4 pts on last year · bat speed up 0.9 mph",xwOBA 0.309 (51st) · barrels 10.4% (75th) · EV 90.2 (76th) · hard-hit 39% (55th) · K 23% (46th) · BB 6% (18th) · chase 41% (6th) · bat speed 74.0 mph (78th) · sprint 28.6 (80th),"{""n"":20,""b"":1,""c"":[[""Ha-Seong Kim"",2025,30,0.9,0.5,73,0],[""Ram\u00f3n Ur\u00edas"",2025,31,0.85,0.72,72,0],[""Andrew Benintendi"",2025,31,0.95,0.97,456,0],[""Jake Burger"",2025,29,0.91,0.95,589,0],[""Tommy Edman"",2025,30,0.91,0.98,326,0]]}",0.9622029245839439,-0.03573509974786369,0.9622029245839439,200.0,0.996,192.0,577.0,355,174,FA,516.0,495.0,-324.0,-303.0,let go,False,295
694728,Brice Matthews,2026,2002-03-16,OF,R,Houston Astros,84,233,214,43,5,1,7,23,22,16,0,4,4,74,1,30,1,0,2,0,0,22,4,0,76,0,24.0,233.0,31.8,6.9,0.201,0.332,0.255,0.131,0.269,0.193,0.338,0.26,0.261,0.252,0.145,0.347,0.349,0.008,-0.006,-0.001,86.7,11.9,30.1,8.5,36.4,99.48979209,93.878187068,68.1,25.5,35.8,74.7,36.0,46.6,34.3,50.3,23.8,18.2,7.7,7.3,73.0,8.7,18.0,29.9,13.7,52.7,-14.0,28.6,4.36,6.0,21.0,16.0,143.0,75.0,62.7,brice matthews,HOU,,,,,,,,190.0,24.3,2.261904761904762,0.8154506437768241,349,2B/SS/OF,2B/OF,True,339.0,172.67,2.396692273871662,17.330000000000013,-0.1347875119669002,-10.0,False,False,283,False,25.16368466686803,8.253407375291811,0.8781312488122859,7.006776709027871,26.313964305120983,24.42319193116214,195.3711562362831,0.8385028164647343,-5.371156236283099,-0.023052172687910266,472.0,-282.0,"{'C': 423, 'SS': 594, '2B': 592, '3B': 571, '1B': 601, 'OF': 526, 'UT': 472}",0.8154506437768241,0.26609442060085836,-8.816595208357699,,,,,,10.300429184549357,18.025751072961373,41.201716738197426,0.0010000000000000009,0.8154506437768241,1,280,0.0,,0,False,0.4654506437768241,,,,68.0,2.0,68.0,0.0,Left knee inflammation,68.0,2026-03-27,2026-09-22,84.0,162.0,100.0,62.0,377.0,0.84,1.0,0.0,0.15,,young / establishing,29.8,7.5,0.895,"24 years old, an age that jumps 8% of the time · 280 career PA, still new · sprint 28.6 ft/s (81st pct)",xwOBA 0.261 (8th) · barrels 8.5% (61st) · EV 86.7 (19th) · hard-hit 36% (39th) · K 32% (9th) · BB 7% (29th) · chase 26% (80th) · bat speed 73.0 mph (66th) · sprint 28.6 (80th),"{""n"":20,""b"":1,""c"":[[""Max Muncy"",2025,23,0.76,0.88,250,0],[""Josh Lowe"",2022,24,0.85,1.32,659,1],[""Coby Mayo"",2025,24,0.86,1.01,457,0],[""Justyn-Henry Malloy"",2024,24,0.8,0.85,108,0],[""Ryan McKenna"",2022,25,0.87,1.05,146,0]]}",0.8987548561943576,0.00019966633770723946,0.8987548561943576,214.0,0.946,192.0,539.0,355,342,FA,516.0,495.0,-324.0,-303.0,let go,False,296
699625,Jimmy Crooks,2026,2001-07-19,C,L,St. Louis Cardinals,52,149,134,24,6,0,5,10,14,9,5,0,0,48,1,13,1,2,0,46,0,0,0,0,0,5,24.0,149.0,32.2,6.0,0.179,0.336,0.255,0.157,0.232,0.198,0.397,0.264,0.294,0.274,0.2,0.338,0.391,-0.019,-0.061,-0.03,91.7,19.4,37.9,11.6,48.3,101.08186907,95.158178721,66.1,36.3,51.3,75.6,34.2,49.7,36.8,32.2,42.5,19.5,5.7,7.2,71.9,9.9,22.6,20.6,17.1,41.5,-9.0,26.9,4.48,7.0,6.0,10.0,87.0,73.5,61.1,jimmy crooks,STL,,,,,,,,110.0,24.9,2.1153846153846154,0.738255033557047,427,C,C,True,339.0,172.67,2.396692273871662,-62.66999999999999,-0.28130765848704664,-88.0,False,False,339,False,12.130370627189802,7.936454511800436,0.5319790948297186,5.933195766180042,16.907560645442654,18.46961015878366,132.24117080422633,0.8875246362699754,-22.24117080422633,-0.14926960271292833,423.0,-313.0,"{'C': 423, 'SS': 594, '2B': 592, '3B': 571, '1B': 601, 'OF': 526, 'UT': 472}",0.738255033557047,0.20134228187919462,-10.569976263195052,,,,,,0.0,20.13422818791946,36.241610738255034,0.02999999999999997,,0,195,,,0,False,0.38825503355704705,,,,0.0,0.0,0.0,0.0,,0.0,2026-05-30,2026-08-29,52.0,89.0,89.0,0.0,271.0,0.584,65.0,1.0,0.15,,young / establishing,49.7,5.3,0.43,"deserved 0.89/PA on contact quality, got 0.74 · 195 career PA, still new · avg EV 91.7 (91st pct)",xwOBA 0.294 (33rd) · barrels 11.6% (82nd) · EV 91.7 (91st) · hard-hit 48% (90th) · K 32% (7th) · BB 6% (21st) · chase 36% (19th) · bat speed 71.9 mph (48th) · sprint 26.9 (34th),"{""n"":20,""b"":0,""c"":[[""Riley Adams"",2022,26,0.74,1.04,165,0],[""Mark Vientos"",2023,24,0.77,1.06,483,0],[""Keston Hiura"",2021,25,0.73,0.99,263,0],[""Niko Kavadas"",2024,26,0.78,0.3,7,0],[""Kyle Stowers"",2024,26,0.79,1.19,545,0]]}",0.9582274482767591,-0.012779447936574123,0.9582274482767591,200.0,1.0,192.0,575.0,355,182,FA,516.0,495.0,-324.0,-303.0,let go,False,297
682674,Victor Bericoto,2026,2001-12-03,OF,R,San Francisco Giants,41,116,112,27,5,0,5,9,15,4,0,1,2,32,0,17,4,0,2,0,2,0,0,0,33,6,24.0,116.0,27.6,3.4,0.241,0.42,0.267,0.179,0.293,0.23,0.446,0.297,0.299,0.256,0.217,0.396,0.399,0.011,-0.026,-0.002,91.1,10.0,31.3,13.8,51.2,101.1710595,95.338224,73.1,41.9,44.2,86.4,31.1,55.9,32.5,48.8,25.0,22.5,3.8,7.6,74.5,10.3,23.2,48.2,13.2,49.1,-2.0,27.1,4.66,7.0,12.0,8.0,80.0,82.4,66.4,victor bericoto,SF,,,,,,,,105.0,24.6,2.5609756097560976,0.9051724137931034,431,1B/OF,OF,True,339.0,172.67,2.396692273871662,-67.66999999999999,0.16428333588443556,-92.0,False,False,339,False,12.819389900238692,7.0151296533417815,0.4875709926003652,5.437909453819162,13.531172734933044,15.182622859288731,111.53779559422176,0.9615327206398427,-6.5377955942217625,-0.056360306846739316,472.0,-367.0,"{'C': 423, 'SS': 594, '2B': 592, '3B': 571, '1B': 601, 'OF': 526, 'UT': 472}",0.9051724137931034,0.3793103448275862,-9.816901898709691,,,,,,5.172413793103448,25.862068965517242,20.689655172413794,0.0020000000000000018,,0,116,,,0,False,0.5551724137931034,,,,57.0,2.0,57.0,0.0,Left oblique strain; Right knee bone bruise,57.0,2026-05-22,2026-09-27,41.0,114.0,63.0,51.0,298.0,0.651,58.0,1.0,0.15,,rookie,45.9,6.2,0.43,"25 years old, an age that jumps 5% of the time · avg EV 91.1 (88th pct) · deserved 0.96/PA on contact quality, got 0.91",xwOBA 0.299 (40th) · barrels 13.8% (93rd) · EV 91.1 (87th) · hard-hit 51% (95th) · K 28% (20th) · BB 3% (3rd) · chase 42% (5th) · bat speed 74.5 mph (85th) · sprint 27.1 (39th),"{""n"":20,""b"":0,""c"":[[""Trey Sweeney"",2024,24,0.87,0.74,241,0],[""Kyle Stowers"",2022,24,0.92,0.27,9,0],[""William Contreras"",2021,24,0.98,1.09,408,0],[""Trevor Larnach"",2022,25,0.93,1.0,211,0],[""Jake Burger"",2022,26,0.94,1.05,567,0]]}",0.95989748998354,-0.012779447936574123,0.95989748998354,200.0,0.954,192.0,576.0,355,177,FA,516.0,495.0,-324.0,-303.0,let go,False,298
666023,Freddy Fermin,2026,1995-05-16,C,R,San Diego Padres,96,265,232,47,14,0,4,22,24,21,3,1,1,56,3,29,7,24,0,95,0,0,0,0,0,1,31.0,265.0,21.1,7.9,0.203,0.315,0.274,0.112,0.246,0.211,0.315,0.265,0.27,0.285,0.103,0.289,0.295,-0.008,0.0,-0.005,87.5,15.4,35.0,3.8,29.0,96.85415191,92.569154068,71.7,34.0,51.1,85.2,26.6,51.8,39.3,39.3,27.3,25.1,8.2,7.6,69.8,6.8,24.8,6.2,13.6,53.9,-8.0,27.5,4.56,8.0,12.0,27.0,183.0,80.3,62.3,freddy fermin,SD,Freddy Fermin,SD,C,432.0,252.0,392.0,472.0,234.0,31.1,2.4375,0.8830188679245283,304,C,C,False,252.0,256.0,2.9766263024500135,-22.0,-0.5391263024500135,-52.0,False,False,257,False,35.07926964183572,8.635797676525494,0.4505957214418363,4.786336960196943,27.813674969088094,25.523757718550904,243.13743268763898,0.9174997459910905,-9.137432687638977,-0.03448087806656219,423.0,-189.0,"{'C': 423, 'SS': 594, '2B': 592, '3B': 571, '1B': 601, 'OF': 526, 'UT': 472}",0.8830188679245283,0.32075471698113206,-9.43872183473025,,,,,,2.2641509433962264,9.056603773584905,47.54716981132075,0.0050000000000000044,1.0893617021276596,4,1222,-0.20634283420313126,1.0893617021276596,3,False,-0.20634283420313126,2.1000000000000014,-0.40000000000000036,0.29999999999999716,23.0,2.0,23.0,0.0,Concussion; Head contusion,23.0,2026-03-26,2026-09-27,96.0,162.0,142.0,20.0,302.0,0.676,0.0,0.0,0.15,,established,26.0,1.0,1.169,"deserved 0.92/PA on contact quality, got 0.88 · avg EV 87.5 (34th pct) · 1,222 career PA, a known quantity",xwOBA 0.270 (13th) · barrels 3.8% (17th) · EV 87.5 (32nd) · hard-hit 29% (13th) · K 21% (59th) · BB 8% (41st) · chase 34% (29th) · bat speed 69.8 mph (22nd) · sprint 27.5 (49th),"{""n"":20,""b"":0,""c"":[[""Elias D\u00edaz"",2022,32,0.88,0.99,522,0],[""Enrique Hern\u00e1ndez"",2022,31,0.83,0.84,425,0],[""Eddie Rosario"",2022,31,0.77,1.01,523,0],[""Rafael Ortega"",2022,31,0.94,0.9,123,0],[""Nick Fortes"",2025,29,0.88,0.93,300,0]]}",0.8968297306375044,-0.03573509974786369,0.8968297306375044,213.0,0.982,191.0,538.0,359,346,FA,516.0,495.0,-325.0,-304.0,let go,False,299
666969,Adolis García,2026,1993-03-02,OF,R,Philadelphia Phillies,67,259,231,45,8,1,7,21,21,21,4,3,0,84,3,29,4,0,4,0,0,0,0,0,67,0,33.0,259.0,32.4,8.1,0.195,0.329,0.27,0.134,0.266,0.22,0.362,0.268,0.294,0.296,0.142,0.346,0.39,-0.025,-0.033,-0.026,92.1,14.6,38.0,9.3,48.0,101.568957067,95.459607133,63.5,29.8,41.6,78.3,34.6,45.4,36.0,39.3,23.3,28.7,8.7,7.7,71.7,10.4,24.7,25.6,9.7,58.6,-12.0,26.5,4.5,8.0,15.0,22.0,150.0,74.1,54.8,adolis garcia,PHI,Adolis Garcia,PHI,RF,218.6,130.0,218.0,184.0,201.0,33.3,3.0,0.7760617760617761,341,OF,OF,False,130.0,449.0,3.7174234694899297,-248.0,-0.7174234694899297,-211.0,False,False,280,True,33.30991229159428,9.413265648585375,0.9017318280464117,7.195090231773933,27.772086411176964,28.44313705060153,228.6572234617785,0.8828464226323495,-27.6572234617785,-0.1067846465705734,472.0,-271.0,"{'C': 423, 'SS': 594, '2B': 592, '3B': 571, '1B': 601, 'OF': 526, 'UT': 472}",0.7760617760617761,0.22393822393822393,-9.2725399213691,,,,,,6.949806949806949,16.216216216216218,48.64864864864865,0.025999999999999968,1.1819620253164558,6,3354,-0.4059002492546797,1.1819620253164558,5,True,-0.4059002492546797,7.699999999999999,-2.299999999999999,-0.3999999999999915,107.0,1.0,126.0,1.0,Right latissimus dorsi tear,118.4,2026-03-26,2026-06-10,67.0,75.0,69.0,6.0,608.0,0.971,0.0,0.0,0.15,,established,31.4,0.2,1.262,"deserved 0.88/PA on contact quality, got 0.78 · avg EV 92.1 (93rd pct) · sprint 26.5 ft/s (25th pct)",xwOBA 0.294 (33rd) · barrels 9.3% (66th) · EV 92.1 (93rd) · hard-hit 48% (89th) · K 32% (6th) · BB 8% (44th) · chase 30% (54th) · bat speed 71.7 mph (46th) · sprint 26.5 (25th),"{""n"":20,""b"":0,""c"":[[""Joc Pederson"",2025,33,0.76,1.01,438,0],[""Randal Grichuk"",2025,34,0.86,1.16,325,0],[""Jorge Soler"",2025,33,0.85,0.86,310,0],[""Javier B\u00e1ez"",2024,32,0.76,0.94,412,0],[""Jorge Polanco"",2024,31,0.81,1.07,563,0]]}",0.8659788224262496,-0.04921542158677408,0.8659788224262496,221.0,0.86,191.0,520.0,359,404,FA,516.0,495.0,-325.0,-304.0,let go,False,300
694371,Tommy Troy,2026,2002-01-17,OF,R,Arizona Diamondbacks,45,143,129,28,3,1,4,23,9,13,0,1,0,34,0,20,0,0,0,0,0,1,0,0,47,2,24.0,143.0,23.8,9.1,0.217,0.349,0.289,0.132,0.264,0.229,0.393,0.285,0.304,0.3,0.164,0.33,0.36,-0.012,-0.044,-0.019,84.9,12.1,31.3,9.4,30.2,98.007827021,93.060625699,63.2,27.7,57.3,81.9,25.9,45.0,32.3,47.9,22.9,22.9,6.3,7.0,72.0,9.3,20.5,23.3,13.1,52.3,-4.0,30.1,4.16,7.0,10.0,11.0,96.0,77.5,58.7,tommy troy,ARI,,,,,,,,121.0,24.4,2.688888888888889,0.8461538461538461,416,2B/OF,OF,True,339.0,172.67,2.396692273871662,-51.66999999999999,0.29219661501722705,-77.0,False,False,339,False,18.370243344145322,5.842560861625325,0.6711482443133747,4.657047549915976,18.994896239655787,15.304318872131711,130.5372151117875,0.9128476581243882,-9.537215111787503,-0.06669381197054203,472.0,-351.0,"{'C': 423, 'SS': 594, '2B': 592, '3B': 571, '1B': 601, 'OF': 526, 'UT': 472}",0.8461538461538461,0.3986013986013986,-9.662905477083417,,,,,,4.195804195804196,16.783216783216783,54.54545454545455,0.019000000000000017,,0,143,,,0,False,0.49615384615384617,,,,51.0,1.0,51.0,0.0,,51.0,2026-05-24,2026-09-14,45.0,106.0,60.0,46.0,386.0,0.75,59.0,1.0,0.15,,rookie,47.6,5.8,0.43,"24 years old, an age that jumps 8% of the time · sprint 30.1 ft/s (99th pct) · deserved 0.91/PA on contact quality, got 0.85",xwOBA 0.304 (46th) · barrels 9.4% (67th) · EV 84.9 (5th) · hard-hit 30% (16th) · K 24% (42nd) · BB 9% (55th) · chase 28% (67th) · bat speed 72.0 mph (50th) · sprint 30.1 (99th),"{""n"":20,""b"":2,""c"":[[""Jonatan Clase"",2025,23,0.82,1.24,31,0],[""Hoy Park"",2021,25,0.79,0.8,48,0],[""Jorge Mateo"",2021,26,0.93,0.99,529,0],[""Tyler Freeman"",2023,24,0.92,0.91,348,0],[""Spencer Steer"",2022,25,0.76,1.06,704,1]]}",0.9504628546904097,0.00019966633770723946,0.9504628546904097,200.0,0.959,190.0,570.0,363,209,FA,516.0,495.0,-326.0,-305.0,let go,False,301
664702,Myles Straw,2026,1994-10-17,OF,R,Toronto Blue Jays,147,330,295,71,19,1,3,44,26,27,1,7,2,44,3,48,0,0,3,0,0,0,0,0,157,2,31.0,330.0,13.3,8.2,0.241,0.342,0.304,0.101,0.271,0.251,0.342,0.288,0.292,0.313,0.092,0.293,0.298,-0.01,0.0,-0.004,86.3,16.8,34.5,2.7,25.6,95.694355242,91.848387984,57.9,23.1,77.8,91.0,12.7,40.8,35.3,40.7,27.5,22.9,8.9,7.0,68.6,6.3,35.0,6.0,7.2,51.9,-7.0,29.7,4.14,12.0,23.0,36.0,258.0,68.3,60.6,myles straw,TOR,,,,,,,,297.0,31.7,2.020408163265306,0.9,263,OF,OF,True,339.0,172.67,2.396692273871662,124.33000000000001,-0.37628411060635614,76.0,False,False,247,False,57.58953847535148,10.736560798273318,0.7532629773989219,4.965637748976279,40.669779803973476,29.407479525422417,300.3072593293959,0.9100219979678663,-3.3072593293958903,-0.010021997967866292,472.0,-175.0,"{'C': 423, 'SS': 594, '2B': 592, '3B': 571, '1B': 601, 'OF': 526, 'UT': 472}",0.9,0.48787878787878786,-6.900628935307833,21.53558052434457,45.31835205992509,7.116104868913857,-23.78277153558052,14.419475655430713,12.727272727272728,5.454545454545454,49.09090909090909,0.0040000000000000036,1.0568561872909699,5,2385,-0.15685618729096984,1.0568561872909699,4,True,-0.15685618729096984,-3.3999999999999986,-1.1999999999999997,1.5999999999999943,0.0,0.0,0.0,0.0,,0.0,2026-03-27,2026-09-27,146.0,165.0,165.0,0.0,324.0,0.885,0.0,0.0,0.15,,established,25.8,0.4,1.137,"sprint 29.7 ft/s (96th pct) · deserved 0.91/PA on contact quality, got 0.90 · only 330 PA, and a breakout needs 350 next year · bat speed up 1.6 mph",xwOBA 0.292 (31st) · barrels 2.7% (9th) · EV 86.3 (15th) · hard-hit 26% (6th) · K 13% (94th) · BB 8% (45th) · chase 23% (89th) · bat speed 68.6 mph (10th) · sprint 29.7 (96th),"{""n"":20,""b"":0,""c"":[[""Xander Bogaerts"",2024,32,0.93,0.98,541,0],[""Tommy Edman"",2025,30,0.91,0.98,326,0],[""Jeff McNeil"",2024,32,0.88,0.91,419,0],[""Jeff McNeil"",2025,33,0.91,0.9,468,0],[""Hunter Renfroe"",2024,32,0.92,0.56,60,0]]}",0.9479661637787231,-0.035407766755750046,0.9479661637787231,200.0,1.0,190.0,569.0,363,215,FA,516.0,495.0,-326.0,-305.0,let go,False,302
687515,Colby Thomas,2026,2001-01-26,OF,R,Athletics,55,121,114,23,3,0,4,11,11,4,1,1,1,37,0,16,2,0,0,0,0,0,0,0,50,2,25.0,121.0,30.6,3.3,0.202,0.333,0.235,0.131,0.26,0.182,0.357,0.25,0.248,0.217,0.174,0.341,0.338,0.02,-0.024,0.002,89.1,20.9,30.4,8.9,34.2,99.091770769,93.666947013,80.4,42.9,38.0,82.1,34.3,60.6,35.4,32.9,34.2,20.3,12.7,7.6,75.5,10.0,18.0,57.3,9.5,44.6,-8.0,28.2,4.33,5.0,7.0,10.0,79.0,89.7,66.1,colby thomas,ATH,,,,,,,,89.0,25.4,1.6181818181818182,0.7355371900826446,456,OF,OF,True,339.0,172.67,2.396692273871662,-83.66999999999999,-0.7785104556898439,-117.0,False,False,339,False,10.261725111259711,5.601254057301578,0.4203165516177151,4.464704279820996,13.173874037364751,13.827590289342478,94.33346432670723,0.7796154076587374,-5.3334643267072295,-0.04407821757609276,472.0,-383.0,"{'C': 423, 'SS': 594, '2B': 592, '3B': 571, '1B': 601, 'OF': 526, 'UT': 472}",0.7355371900826446,0.23140495867768596,-10.37995207660443,,,,,,4.958677685950414,19.834710743801654,19.834710743801654,-0.0020000000000000018,,0,253,,,0,False,0.38553719008264464,,,,0.0,0.0,0.0,0.0,,0.0,2026-04-25,2026-07-30,55.0,89.0,89.0,0.0,220.0,0.618,29.0,1.0,0.15,,established,36.5,1.9,0.43,"253 career PA, still new · 25 years old, an age that jumps 5% of the time · deserved 0.78/PA on contact quality, got 0.74",xwOBA 0.248 (3rd) · barrels 8.9% (63rd) · EV 89.1 (56th) · hard-hit 34% (28th) · K 31% (12th) · BB 3% (2nd) · chase 43% (3rd) · bat speed 75.5 mph (92nd) · sprint 28.2 (70th),"{""n"":20,""b"":0,""c"":[[""Kody Clemens"",2022,26,0.75,0.8,119,0],[""Michael Busch"",2023,26,0.69,0.97,548,0],[""Cal Raleigh"",2021,25,0.7,1.1,455,0],[""Michael Toglia"",2023,25,0.68,1.02,465,0],[""Kevin Smith"",2022,26,0.7,0.7,102,0]]}",0.947635425667421,-0.012779447936574123,0.947635425667421,200.0,1.0,190.0,569.0,363,215,FA,516.0,495.0,-326.0,-305.0,let go,False,303
664954,Brett Sullivan,2026,1994-02-22,C,L,Colorado Rockies,84,237,218,49,13,1,7,23,33,13,1,1,2,40,3,28,5,12,0,67,3,0,0,0,0,3,32.0,237.0,16.9,5.5,0.225,0.39,0.268,0.165,0.241,0.235,0.354,0.285,0.281,0.284,0.119,0.316,0.311,-0.01,0.036,0.004,86.9,20.5,32.2,3.8,33.3,96.916041111,92.519100782,69.3,33.3,70.4,88.1,17.5,51.7,50.8,35.5,27.3,25.7,11.5,7.3,68.9,7.6,30.3,4.8,8.3,58.8,-7.0,28.1,4.36,8.0,14.0,27.0,183.0,77.8,62.4,brett sullivan,COL,,,,,,,,226.0,32.4,2.6904761904761907,0.9535864978902954,316,C,C,True,339.0,172.67,2.396692273871662,53.33000000000001,0.2937839166045286,23.0,False,False,258,False,36.83166836188734,8.286144564220214,0.6807057858975571,5.43148128799489,26.54179830654752,23.89877129940594,214.84256960595346,0.9065087325145715,11.157430394046543,0.047077765375723835,423.0,-197.0,"{'C': 423, 'SS': 594, '2B': 592, '3B': 571, '1B': 601, 'OF': 526, 'UT': 472}",0.9535864978902954,0.48523206751054854,-8.098418173580303,,,,,,2.531645569620253,17.72151898734177,32.911392405063296,-0.003999999999999948,0.9535864978902954,1,349,0.0,,0,False,0.6035864978902954,,,,0.0,0.0,0.0,0.0,,0.0,2026-03-27,2026-09-26,82.0,164.0,164.0,0.0,234.0,0.5,0.0,0.0,0.15,,established,25.9,2.3,1.034,"349 career PA, still new · sprint 28.1 ft/s (68th pct) · got 0.95/PA but deserved 0.91",xwOBA 0.281 (20th) · barrels 3.8% (17th) · EV 86.9 (23rd) · hard-hit 33% (25th) · K 17% (82nd) · BB 6% (17th) · chase 33% (32nd) · bat speed 68.9 mph (13th) · sprint 28.1 (67th),"{""n"":20,""b"":0,""c"":[[""Corey Dickerson"",2021,32,0.95,0.89,264,0],[""Austin Barnes"",2022,32,1.0,0.69,139,0],[""Phil Gosselin"",2021,33,0.9,0.44,34,0],[""Corey Dickerson"",2022,33,0.89,0.8,122,0],[""Ehire Adrianza"",2021,32,0.97,0.6,66,0]]}",0.9486718852477589,-0.035407766755750046,0.9486718852477589,200.0,1.0,190.0,569.0,363,215,FA,516.0,495.0,-326.0,-305.0,let go,False,304
694377,Nick Yorke,2026,2002-04-02,3B,R,Pittsburgh Pirates,40,117,104,22,4,0,1,7,12,9,2,1,0,26,1,17,2,0,0,0,5,0,29,0,9,1,24.0,117.0,22.2,7.7,0.212,0.279,0.284,0.067,0.269,0.235,0.335,0.258,0.289,0.307,0.1,0.281,0.326,-0.023,-0.056,-0.031,88.1,7.8,27.5,5.0,43.8,101.015123,94.760928354,68.8,31.8,59.0,83.3,25.0,49.2,31.3,53.8,26.3,16.3,3.8,7.3,72.6,10.9,22.3,24.3,3.9,36.4,-7.0,27.7,4.49,4.0,8.0,10.0,80.0,77.4,65.8,nick yorke,PIT,,,,,,,,82.0,24.2,2.05,0.7008547008547008,470,2B/3B,3B,True,339.0,172.67,2.396692273871662,-90.66999999999999,-0.34669227387166224,-131.0,False,False,339,False,18.655504207108226,3.355662657793878,0.2421620630875561,2.1866710720103364,12.904448983034664,11.222829871455932,95.4072788544906,0.815446827816159,-13.407278854490599,-0.11459212696145815,472.0,-390.0,"{'C': 423, 'SS': 594, '2B': 592, '3B': 571, '1B': 601, 'OF': 526, 'UT': 472}",0.7008547008547008,0.27350427350427353,-10.791147095595289,,,,,,5.128205128205129,5.128205128205129,46.15384615384615,0.030999999999999972,,0,231,,,0,False,0.35085470085470083,,,,0.0,0.0,0.0,0.0,,0.0,2026-03-28,2026-09-05,40.0,151.0,151.0,0.0,126.0,0.265,2.0,0.0,0.15,,young / establishing,45.0,4.2,0.43,"deserved 0.82/PA on contact quality, got 0.70 · 24 years old, an age that jumps 8% of the time · 231 career PA, still new",xwOBA 0.289 (28th) · barrels 5.0% (28th) · EV 88.1 (42nd) · hard-hit 44% (77th) · K 22% (52nd) · BB 8% (38th) · chase 32% (41st) · bat speed 72.6 mph (60th) · sprint 27.7 (55th),"{""n"":20,""b"":0,""c"":[[""Curtis Mead"",2024,24,0.69,0.81,213,0],[""Luis Rengifo"",2021,24,0.71,0.9,460,0],[""Oswald Peraza"",2023,23,0.71,1.0,11,0],[""Tyler Nevin"",2022,25,0.67,0.76,84,0],[""Brooks Baldwin"",2024,24,0.77,0.92,301,0]]}",0.9516051835982109,0.00019966633770723946,0.9516051835982109,200.0,1.0,190.0,571.0,363,202,FA,516.0,495.0,-326.0,-305.0,let go,False,305
656537,Derek Hill,2026,1995-12-30,OF,R,multi,117,216,199,48,5,1,11,30,31,13,1,13,4,69,0,31,2,0,4,0,1,0,0,0,121,2,30.0,216.0,31.9,6.0,0.241,0.442,0.291,0.201,0.311,0.225,0.386,0.319,0.289,0.276,0.162,0.446,0.399,0.016,0.056,0.03,88.9,14.1,36.1,10.6,33.8,98.863739672,93.597008182,70.8,34.6,48.0,77.6,32.7,51.9,36.8,46.6,28.6,21.1,3.8,7.1,71.5,8.6,20.2,18.6,15.0,48.2,2.0,29.5,4.29,14.0,19.0,15.0,133.0,78.0,67.1,derek hill,multi,,,,,,,,256.0,30.5,2.1880341880341883,1.1851851851851851,290,OF,OF,True,339.0,172.67,2.396692273871662,83.33000000000001,-0.2086580858374738,49.0,False,False,255,False,28.642687725793326,7.671366270181148,0.8162042822577191,7.6447417217678035,27.644357282660195,23.347748758427837,231.780106041088,1.0730560464865186,24.219893958911996,0.11212913869866648,472.0,-216.0,"{'C': 423, 'SS': 594, '2B': 592, '3B': 571, '1B': 601, 'OF': 526, 'UT': 472}",1.1851851851851851,0.49074074074074076,-5.8815222839471915,,,,,,36.11111111111111,30.555555555555554,36.11111111111111,-0.030000000000000027,1.1851851851851851,1,829,0.0,,0,False,0.8351851851851851,,,,0.0,0.0,102.0,0.0,,57.6,2026-03-26,2026-09-27,117.0,161.0,161.0,0.0,217.0,0.727,0.0,0.0,0.15,,established,29.0,0.9,1.265,"sprint 29.5 ft/s (94th pct) · avg EV 88.9 (56th pct) · 829 career PA, still new",xwOBA 0.289 (28th) · barrels 10.6% (76th) · EV 88.9 (54th) · hard-hit 34% (27th) · K 32% (8th) · BB 6% (21st) · chase 35% (25th) · bat speed 71.5 mph (42nd) · sprint 29.5 (94th),"{""n"":20,""b"":0,""c"":[[""Trevor Story"",2022,30,1.08,0.87,146,0],[""Luke Raley"",2023,29,1.14,1.06,481,0],[""Dane Myers"",2024,28,1.26,0.97,322,0],[""Tyrone Taylor"",2023,29,1.13,1.01,349,0],[""Seth Brown"",2021,29,1.06,0.99,550,0]]}",0.9522021377486339,-0.01977893541086498,0.9522021377486339,200.0,0.954,190.0,571.0,363,202,FA,516.0,495.0,-326.0,-305.0,let go,False,306
668952,Ryan Kreidler,2026,1997-11-12,SS,R,Minnesota Twins,105,267,243,53,9,3,8,33,29,21,2,4,4,61,0,33,4,0,1,0,0,16,7,58,26,0,28.0,267.0,22.8,7.9,0.218,0.379,0.286,0.161,0.259,0.221,0.382,0.293,0.295,0.288,0.162,0.34,0.343,-0.003,-0.003,-0.002,88.3,12.9,26.2,8.2,37.2,99.404474111,93.790732067,75.4,28.3,44.4,79.0,30.4,51.8,41.5,50.3,26.8,14.8,8.2,7.9,73.9,10.9,21.0,39.1,12.4,64.6,-6.0,27.8,4.44,13.0,24.0,16.0,183.0,85.7,61.0,ryan kreidler,MIN,,,,,,,,240.0,28.6,2.2857142857142856,0.898876404494382,301,2B/3B/SS/OF,SS/OF,True,339.0,172.67,2.396692273871662,67.33000000000001,-0.11097798815737647,38.0,False,False,255,False,32.78328353930307,10.845163244098682,1.7028228938934258,8.37173032270482,31.244450093626575,29.936372355883183,240.95282244950974,0.9024450279007855,-0.952822449509739,-0.003568623406403515,472.0,-232.0,"{'C': 423, 'SS': 594, '2B': 592, '3B': 571, '1B': 601, 'OF': 526, 'UT': 472}",0.898876404494382,0.4419475655430712,-7.490855273080443,,,,,,8.98876404494382,17.97752808988764,47.19101123595505,0.0020000000000000018,0.898876404494382,1,478,0.0,,0,False,0.548876404494382,,,,0.0,0.0,0.0,0.0,,0.0,2026-04-11,2026-09-25,105.0,148.0,148.0,0.0,292.0,0.709,16.0,0.0,0.15,,established,33.8,4.1,0.979,"478 career PA, still new · sprint 27.8 ft/s (59th pct) · already 29, an age that jumps 4% of the time",xwOBA 0.295 (35th) · barrels 8.2% (58th) · EV 88.3 (45th) · hard-hit 37% (42nd) · K 23% (49th) · BB 8% (41st) · chase 28% (64th) · bat speed 73.9 mph (77th) · sprint 27.8 (57th),"{""n"":20,""b"":0,""c"":[[""Brian Anderson"",2021,28,0.91,0.8,308,0],[""Jordan Luplow"",2022,29,0.94,0.87,78,0],[""Ben Gamel"",2021,29,0.89,0.9,379,0],[""Lewis Brinson"",2021,27,0.85,1.0,39,0],[""Yerm\u00edn Mercedes"",2021,28,0.94,0.82,68,0]]}",0.9469538489184927,-0.026285818839922398,0.9469538489184927,200.0,1.0,189.0,568.0,369,219,FA,516.0,495.0,-327.0,-306.0,let go,False,307
672724,Oswald Peraza,2026,2000-06-15,2B,R,Los Angeles Angels,123,370,341,77,12,2,7,33,25,17,10,12,2,111,1,56,4,0,0,0,1,73,32,13,0,5,26.0,370.0,30.0,4.6,0.226,0.334,0.282,0.108,0.313,0.224,0.33,0.276,0.272,0.281,0.106,0.357,0.352,0.002,0.004,0.004,87.5,9.2,32.3,6.1,36.2,99.402264159,93.746132667,74.1,38.6,47.8,82.4,30.4,55.4,34.5,51.3,20.3,23.7,4.7,7.6,72.5,8.2,18.6,27.4,5.7,46.1,-10.0,28.6,4.39,8.0,33.0,36.0,232.0,79.0,64.1,oswald peraza,LAA,,,,,,,,308.0,26.0,2.5040650406504064,0.8324324324324325,253,2B/3B/SS,2B/3B,True,339.0,172.67,2.396692273871662,135.33,0.1073727667787443,86.0,False,False,243,False,56.503133032569394,11.115391508859796,1.2658178845722263,7.499657573998585,41.98349559019566,35.15840801079035,325.055903600986,0.8785294691918542,-17.055903600986028,-0.04609703675942167,472.0,-164.0,"{'C': 423, 'SS': 594, '2B': 592, '3B': 571, '1B': 601, 'OF': 526, 'UT': 472}",0.8324324324324325,0.24324324324324326,-7.146581630359361,5.992509363295881,0.37453183520599254,4.868913857677903,5.617977528089888,1.1235955056179776,19.45945945945946,11.351351351351353,27.56756756756757,-0.0040000000000000036,0.8324324324324325,2,894,0.0,0.6867924528301886,1,False,0.14563997960224384,-0.1999999999999993,-0.6000000000000005,-1.0999999999999943,0.0,0.0,53.0,0.0,,15.899999999999999,2026-03-26,2026-09-27,123.0,162.0,162.0,0.0,370.0,0.759,0.0,0.0,0.15,,established,29.6,2.8,0.912,"0.83/PA is his best rate yet, so the bar is one step up · deserved 0.88/PA on contact quality, got 0.83 · sprint 28.6 ft/s (81st pct)",xwOBA 0.272 (15th) · barrels 6.1% (38th) · EV 87.5 (32nd) · hard-hit 36% (37th) · K 30% (14th) · BB 5% (9th) · chase 39% (11th) · bat speed 72.5 mph (57th) · sprint 28.6 (80th),"{""n"":20,""b"":1,""c"":[[""Billy McKinney"",2021,27,0.82,0.47,27,0],[""Cavan Biggio"",2021,26,0.81,0.84,255,0],[""Cody Bellinger"",2021,26,0.75,0.95,523,0],[""Cavan Biggio"",2022,27,0.84,0.97,329,0],[""Alfonso Rivas III"",2022,26,0.83,0.88,108,0]]}",0.8737713235983301,-0.012888640320029626,0.8737713235983301,216.0,0.987,189.0,524.0,369,391,FA,516.0,495.0,-327.0,-306.0,let go,False,308
620443,Luis Torrens,2026,1996-05-02,C,R,New York Mets,93,281,255,60,14,0,9,37,41,18,4,1,0,59,1,37,2,17,0,86,2,0,0,0,0,2,30.0,281.0,21.0,6.4,0.235,0.396,0.295,0.161,0.271,0.23,0.363,0.304,0.289,0.29,0.134,0.35,0.329,0.005,0.033,0.015,88.7,8.3,30.5,5.6,40.5,98.903307959,93.704207026,66.2,32.4,63.5,86.6,21.6,48.3,31.5,52.5,22.0,21.0,4.5,7.1,70.2,9.7,26.5,6.7,7.2,51.6,-5.0,26.6,4.65,12.0,24.0,24.0,200.0,82.6,60.9,luis torrens,NYM,,,,,,,,296.0,30.2,3.182795698924731,1.0533807829181494,264,C,C,True,339.0,172.67,2.396692273871662,123.33000000000001,0.786103425053069,75.0,False,False,250,False,39.915457423219415,10.736705769580386,0.5602161911809952,7.437620616019209,29.747180246327453,30.445154099858083,268.66233434618556,0.9560937165344682,27.33766565381444,0.09728706638368123,423.0,-127.0,"{'C': 423, 'SS': 594, '2B': 592, '3B': 571, '1B': 601, 'OF': 526, 'UT': 472}",1.0533807829181494,0.49466192170818507,-6.435957109802645,,,,,,2.1352313167259784,19.21708185053381,38.43416370106762,-0.015000000000000013,1.0533807829181494,3,1268,0.0,0.9312169312169312,2,False,0.12216385170121824,1.1999999999999993,-5.1,-0.5,0.0,0.0,9.0,0.0,,5.3999999999999995,2026-03-28,2026-09-27,91.0,165.0,165.0,0.0,276.0,0.552,2.0,0.0,0.15,,established,28.2,0.6,1.133,"1.05/PA is his best rate yet, so the bar is one step up · sprint 26.6 ft/s (27th pct) · 1,268 career PA, a known quantity",xwOBA 0.289 (28th) · barrels 5.6% (34th) · EV 88.7 (52nd) · hard-hit 40% (58th) · K 21% (60th) · BB 6% (25th) · chase 32% (37th) · bat speed 70.2 mph (26th) · sprint 26.6 (26th),"{""n"":20,""b"":0,""c"":[[""Dominic Smith"",2025,30,1.0,0.94,282,0],[""Edmundo Sosa"",2025,29,1.0,1.02,255,0],[""Tyrone Taylor"",2023,29,1.13,1.01,349,0],[""Eric Haase"",2022,30,1.01,0.75,221,0],[""Andy Ib\u00e1\u00f1ez"",2024,31,0.89,0.9,174,0]]}",0.8985734793770317,-0.01977893541086498,0.8985734793770317,210.0,0.996,189.0,539.0,369,342,FA,516.0,495.0,-327.0,-306.0,let go,False,309
666211,Taylor Trammell,2026,1997-09-13,OF,L,Houston Astros,99,289,255,49,10,2,8,29,22,29,4,4,3,93,0,29,2,0,1,0,0,0,0,0,105,1,28.0,289.0,32.2,10.0,0.192,0.341,0.285,0.149,0.266,0.186,0.36,0.28,0.283,0.276,0.174,0.358,0.363,0.006,-0.019,-0.003,88.5,15.6,28.2,12.3,38.0,101.38532275,94.747912063,69.6,29.3,36.1,72.9,38.5,48.8,49.7,42.9,30.1,18.4,8.6,7.9,76.5,9.8,15.0,67.4,9.7,52.3,-8.0,27.4,4.28,14.0,22.0,13.0,163.0,78.2,63.5,taylor trammell,HOU,,,,,,,,232.0,28.8,2.3434343434343434,0.8027681660899654,307,OF,OF,True,339.0,172.67,2.396692273871662,59.33000000000001,-0.053257930437318635,32.0,False,False,257,False,23.6403755525861,12.729469722215622,1.5399338978104482,9.520220827387828,32.63998701335238,33.07355858487741,249.9435455982298,0.864856559163425,-17.943545598229804,-0.06208839307345959,472.0,-240.0,"{'C': 423, 'SS': 594, '2B': 592, '3B': 571, '1B': 601, 'OF': 526, 'UT': 472}",0.8027681660899654,0.2698961937716263,-8.677025611650421,,,,,,8.304498269896195,16.60899653979239,60.207612456747405,0.002999999999999947,0.8027681660899654,1,783,0.0,,0,False,0.4527681660899654,,,,35.0,1.0,134.0,0.0,Left groin strain,94.4,2026-04-10,2026-09-27,99.0,150.0,117.0,33.0,400.0,0.846,15.0,0.0,0.15,,established,33.2,3.6,0.883,"deserved 0.86/PA on contact quality, got 0.80 · 783 career PA, still new · already 29, an age that jumps 4% of the time",xwOBA 0.283 (23rd) · barrels 12.3% (85th) · EV 88.5 (48th) · hard-hit 38% (47th) · K 32% (7th) · BB 10% (67th) · chase 29% (57th) · bat speed 76.5 mph (96th) · sprint 27.4 (48th),"{""n"":20,""b"":0,""c"":[[""Zack Short"",2023,28,0.81,0.6,53,0],[""Tom Murphy"",2021,30,0.85,1.02,43,0],[""Rougned Odor"",2021,27,0.81,0.82,386,0],[""Ryan O'Hearn"",2021,28,0.81,0.79,115,0],[""Franchy Cordero"",2022,28,0.89,1.01,72,0]]}",0.9468734471647009,-0.026285818839922398,0.9468734471647009,200.0,0.924,189.0,568.0,369,219,FA,516.0,495.0,-327.0,-306.0,let go,False,310
545341,Randal Grichuk,2026,1991-08-13,DH,R,multi,117,280,265,76,25,2,15,41,46,11,1,0,0,61,3,34,2,0,1,0,0,0,0,0,56,47,34.0,280.0,21.8,3.9,0.287,0.566,0.314,0.279,0.318,0.278,0.478,0.37,0.335,0.303,0.201,0.462,0.416,0.009,0.088,0.035,91.3,17.1,37.7,11.2,49.8,102.787849029,95.926782379,70.2,36.4,56.1,86.7,24.0,53.0,44.4,35.7,29.5,26.1,8.7,7.7,74.5,15.7,27.0,46.5,8.8,61.3,10.0,27.3,4.57,17.0,21.0,38.0,207.0,74.7,62.0,randal grichuk,multi,,,,,,,,325.0,34.9,2.7777777777777777,1.1607142857142858,238,OF,OF,True,339.0,172.67,2.396692273871662,152.33,0.3810855039061156,101.0,False,False,237,False,44.13954060763327,16.963843083534115,1.3986920100319629,11.167924298800653,34.713508534925055,35.71345527403893,283.031963808964,1.0108284421748714,41.96803619103599,0.14988584353941437,472.0,-147.0,"{'C': 423, 'SS': 594, '2B': 592, '3B': 571, '1B': 601, 'OF': 526, 'UT': 472}",1.1607142857142858,0.6678571428571428,-4.287918296992438,,,,,,0.0,32.14285714285714,23.57142857142857,-0.034999999999999976,1.1607142857142858,6,2406,0.0,1.1433691756272402,5,False,0.017345110087045645,1.0,-0.5,0.5999999999999943,0.0,0.0,8.0,0.0,,2.4,2026-03-27,2026-09-27,117.0,154.0,154.0,0.0,295.0,0.76,2.0,0.0,0.15,,established,35.8,0.2,1.241,"avg EV 91.3 (89th pct) · 1.16/PA is his best rate yet, so the bar is one step up · only 280 PA, and a breakout needs 350 next year",xwOBA 0.335 (80th) · barrels 11.2% (80th) · EV 91.3 (88th) · hard-hit 50% (94th) · K 22% (55th) · BB 4% (6th) · chase 36% (18th) · bat speed 74.5 mph (85th) · sprint 27.3 (46th),"{""n"":20,""b"":0,""c"":[[""Max Muncy"",2024,34,1.07,1.05,409,0],[""Rob Refsnyder"",2025,34,1.11,0.6,78,0],[""Adam Duvall"",2023,35,1.13,0.74,244,0],[""Joc Pederson"",2024,32,1.14,0.76,234,0],[""Max Muncy"",2025,35,1.05,1.04,585,0]]}",0.9431728721502531,-0.05989080447742173,0.9431728721502531,200.0,0.948,189.0,566.0,369,227,FA,516.0,495.0,-327.0,-306.0,let go,False,311
642201,Eli White,2026,1994-06-26,OF,R,multi,96,204,191,47,9,1,6,27,29,11,1,5,1,45,1,31,0,0,2,0,0,1,0,0,81,5,32.0,204.0,22.1,5.4,0.246,0.398,0.289,0.152,0.291,0.229,0.333,0.3,0.269,0.274,0.104,0.359,0.317,0.017,0.065,0.031,85.6,8.6,31.3,6.2,29.3,97.362570986,92.709488239,73.0,32.7,55.2,82.2,26.4,52.4,36.7,51.7,24.5,19.7,4.1,7.3,73.1,7.9,18.2,29.5,9.1,53.4,1.0,30.3,4.19,9.0,16.0,21.0,147.0,77.8,63.7,eli white,multi,Eli White,BOS,"LF,CF,RF,DH",743.0,301.0,995.0,,210.0,32.0,2.1875,1.0294117647058822,335,OF,OF,False,301.0,172.67,2.396692273871662,37.33000000000001,-0.20919227387166206,-34.0,False,False,279,False,32.929282602046435,6.004237507419958,0.5566771790207824,4.248802711512826,24.9319832661973,18.520218548415748,181.79420181461305,0.8911480481108482,28.205798185386953,0.138263716595034,472.0,-262.0,"{'C': 423, 'SS': 594, '2B': 592, '3B': 571, '1B': 601, 'OF': 526, 'UT': 472}",1.0294117647058822,0.5049019607843137,-7.432230615988183,,,,,,14.705882352941176,17.647058823529413,32.35294117647059,-0.030999999999999972,1.070110701107011,3,871,-0.04069893640112876,1.070110701107011,2,False,-0.04069893640112876,-3.6999999999999993,-2.8999999999999995,0.8999999999999915,25.0,2.0,25.0,0.0,Concussion,25.0,2026-03-27,2026-09-08,96.0,156.0,143.0,13.0,231.0,0.671,0.0,0.0,0.15,,established,28.5,0.5,1.15,"sprint 30.3 ft/s (99th pct) · 1.03/PA is his best rate yet, so the bar is one step up · avg EV 85.6 (10th pct) · bat speed up 0.9 mph",xwOBA 0.269 (12th) · barrels 6.2% (38th) · EV 85.6 (8th) · hard-hit 29% (14th) · K 22% (53rd) · BB 5% (15th) · chase 33% (35th) · bat speed 73.1 mph (67th) · sprint 30.3 (100th),"{""n"":20,""b"":0,""c"":[[""Kevin Kiermaier"",2021,31,0.98,0.95,209,0],[""Kevin Kiermaier"",2023,33,1.05,0.79,222,0],[""Aaron Hicks"",2023,34,1.0,0.57,36,0],[""Kevin Pillar"",2021,32,0.98,0.38,5,0],[""Travis Jankowski"",2021,30,0.96,0.77,49,0]]}",0.9421962469490099,-0.035407766755750046,0.9421962469490099,200.0,0.98,188.0,565.0,372,231,FA,516.0,495.0,-328.0,-307.0,let go,False,312
624424,Michael Conforto,2026,1993-03-01,DH,L,Chicago Cubs,113,314,271,65,17,0,15,32,45,35,4,1,0,80,4,33,0,0,2,0,0,0,0,0,46,52,33.0,314.0,25.5,11.1,0.24,0.469,0.331,0.229,0.278,0.238,0.439,0.343,0.332,0.324,0.201,0.418,0.401,0.002,0.03,0.011,90.0,16.7,39.0,11.9,41.5,100.456929897,94.570717474,64.5,27.3,49.4,84.5,26.7,45.0,47.2,36.9,34.4,23.1,5.6,7.3,72.5,8.9,21.5,29.0,11.9,52.8,9.0,25.9,4.62,22.0,11.0,32.0,195.0,75.0,61.0,michael conforto,CHC,Michael Conforto,CHC,"LF,RF,DH",841.0,331.0,1265.0,,315.0,33.3,2.7876106194690267,1.0031847133757963,247,OF,OF,False,331.0,172.67,2.396692273871662,142.33,0.3909183455973646,84.0,False,False,239,False,35.64045082320105,15.673294985329882,0.7550575597370596,12.429196631732001,36.70426203917271,40.144710583626555,306.3159726227992,0.9755285752318447,8.684027377200778,0.027656138143951625,472.0,-157.0,"{'C': 423, 'SS': 594, '2B': 592, '3B': 571, '1B': 601, 'OF': 526, 'UT': 472}",1.0031847133757963,0.5095541401273885,-5.767346937697292,58.80149812734082,53.18352059925093,15.730337078651685,5.617977528089888,43.071161048689135,1.910828025477707,28.662420382165607,66.87898089171975,-0.01100000000000001,1.0031847133757963,5,2237,0.0,0.9795081967213115,4,False,0.02367651665448478,0.6000000000000014,2.200000000000001,-1.4000000000000057,0.0,0.0,0.0,0.0,,0.0,2026-03-26,2026-09-27,113.0,165.0,165.0,0.0,308.0,0.685,0.0,0.0,0.15,,established,33.3,0.6,1.083,"1.00/PA is his best rate yet, so the bar is one step up · avg EV 90.0 (75th pct) · only 314 PA, and a breakout needs 350 next year · barrel rate up 2.2 pts on last year",xwOBA 0.332 (76th) · barrels 11.9% (83rd) · EV 90.0 (73rd) · hard-hit 42% (64th) · K 26% (31st) · BB 11% (80th) · chase 27% (69th) · bat speed 72.5 mph (57th) · sprint 25.9 (14th),"{""n"":20,""b"":0,""c"":[[""Mike Yastrzemski"",2023,33,1.01,0.97,462,0],[""Mike Yastrzemski"",2024,34,0.97,0.96,533,0],[""Travis d'Arnaud"",2024,35,1.03,0.82,189,0],[""Willson Contreras"",2024,32,1.09,1.01,568,0],[""Christian Walker"",2024,33,1.03,0.93,596,0]]}",0.8834556517084724,-0.04921542158677408,0.8834556517084724,213.0,0.95,188.0,530.0,372,373,FA,516.0,495.0,-328.0,-307.0,let go,False,313
666181,Will Benson,2026,1998-06-16,OF,L,Cincinnati Reds,51,114,96,18,3,1,3,11,6,16,1,1,1,38,0,11,1,0,0,0,0,0,0,0,41,2,28.0,114.0,33.3,14.0,0.188,0.333,0.31,0.145,0.273,0.189,0.355,0.29,0.3,0.308,0.166,0.368,0.39,-0.001,-0.022,-0.01,91.1,24.9,32.8,12.7,37.9,100.247945926,94.298298333,67.3,22.1,52.7,68.0,36.1,43.4,41.4,31.0,46.6,15.5,6.9,7.7,73.5,8.8,19.9,37.6,14.4,48.6,-5.0,28.8,,5.0,6.0,7.0,58.0,90.6,54.9,will benson,CIN,,,,,,,,86.0,28.0,1.6862745098039216,0.7543859649122807,462,OF,OF,True,339.0,172.67,2.396692273871662,-86.66999999999999,-0.7104177640677405,-123.0,False,False,339,False,9.623618983143768,4.551169909885364,0.5228032307979582,3.446407876172907,14.205807588880909,12.293229969125472,97.72303755800638,0.8572196277018104,-11.723037558006382,-0.10283366278952966,472.0,-386.0,"{'C': 423, 'SS': 594, '2B': 592, '3B': 571, '1B': 601, 'OF': 526, 'UT': 472}",0.7543859649122807,0.24561403508771928,-10.807098062798536,,,,,,5.263157894736842,15.789473684210526,84.21052631578947,0.010000000000000009,,3,1145,,1.2583586626139818,3,False,-0.5039726977017011,6.799999999999997,-2.700000000000001,1.7000000000000028,0.0,0.0,0.0,0.0,,0.0,2026-03-26,2026-06-14,51.0,78.0,78.0,0.0,237.0,0.654,0.0,0.0,0.15,,established,31.4,1.2,0.834,"deserved 0.86/PA on contact quality, got 0.75 · avg EV 91.1 (88th pct) · sprint 28.8 ft/s (85th pct) · bat speed up 1.7 mph",xwOBA 0.300 (41st) · barrels 12.7% (88th) · EV 91.1 (87th) · hard-hit 38% (47th) · K 33% (4th) · BB 14% (95th) · chase 22% (92nd) · bat speed 73.5 mph (72nd) · sprint 28.8 (84th),"{""n"":20,""b"":1,""c"":[[""Garrett Mitchell"",2025,27,0.83,1.06,565,0],[""Trevor Story"",2023,31,0.87,1.02,108,0],[""Dominic Canzone"",2024,27,0.82,1.08,291,0],[""Yu Chang"",2022,27,0.74,0.89,100,0],[""Jake Rogers"",2024,29,0.89,0.91,129,0]]}",0.9330461288361941,-0.016978344977301236,0.9330461288361941,200.0,1.0,187.0,560.0,375,249,FA,516.0,495.0,-329.0,-308.0,let go,False,314
666624,Christopher Morel,2026,1999-06-24,1B,R,multi,36,105,98,17,4,0,1,6,6,6,1,1,0,35,0,12,1,0,1,0,20,0,1,0,2,12,27.0,105.0,33.3,5.7,0.173,0.245,0.229,0.072,0.258,0.173,0.234,0.216,0.211,0.228,0.062,0.282,0.273,0.0,0.011,0.005,87.2,16.7,25.4,3.2,38.1,99.574998438,93.995871746,64.9,34.7,53.6,71.3,35.1,49.4,57.1,46.0,22.2,19.0,12.7,8.0,76.3,9.4,18.8,62.4,12.7,74.0,-9.0,27.7,4.49,2.0,6.0,9.0,63.0,68.0,63.8,christopher morel,multi,Christopher Morel,NYM,"1B,LF,DH",811.0,317.0,1149.0,473.0,64.0,27.0,1.7777777777777777,0.6095238095238096,492,1B/OF,1B,False,317.0,172.67,2.396692273871662,-108.66999999999999,-0.6189144960938844,-175.0,False,False,339,True,13.57451957330669,1.9604813758418849,0.14147852839615296,1.2775205224552695,9.49079309221469,8.819925544349996,69.29471863656467,0.6599497013006159,-5.294718636564667,-0.05042589177680634,472.0,-408.0,"{'C': 423, 'SS': 594, '2B': 592, '3B': 571, '1B': 601, 'OF': 526, 'UT': 472}",0.6095238095238096,0.0761904761904762,-11.458824022963844,,,,,,5.714285714285714,5.714285714285714,34.285714285714285,-0.0050000000000000044,,4,1875,,1.1235431235431235,4,False,-0.5140193140193139,-2.4000000000000057,-11.600000000000001,0.29999999999999716,30.0,1.0,30.0,0.0,,30.0,2026-04-28,2026-09-25,36.0,75.0,75.0,0.0,227.0,0.48,32.0,1.0,0.15,,established,40.3,0.3,0.69,"deserved 0.66/PA on contact quality, got 0.61 · 27 years old, an age that jumps 3% of the time · sprint 27.7 ft/s (56th pct)",xwOBA 0.211 (0th) · barrels 3.2% (13th) · EV 87.2 (27th) · hard-hit 38% (48th) · K 33% (4th) · BB 6% (18th) · chase 35% (25th) · bat speed 76.3 mph (95th) · sprint 27.7 (55th),"{""n"":20,""b"":0,""c"":[[""Ryan Noda"",2024,28,0.52,0.58,34,0],[""Jared Walsh"",2023,30,0.64,0.83,50,0],[""Lane Thomas"",2025,30,0.75,0.96,358,0],[""Jonah Bride"",2025,30,0.51,0.5,3,0],[""James Outman"",2024,27,0.69,0.72,107,0]]}",0.9349914654990984,-0.020371427220405795,0.9349914654990984,200.0,0.976,187.0,561.0,375,244,FA,516.0,495.0,-329.0,-308.0,let go,False,315
592206,Nick Castellanos,2026,1992-03-04,OF,R,San Diego Padres,39,122,115,22,5,0,4,9,20,5,0,2,0,34,2,13,0,0,0,0,3,0,0,0,23,7,34.0,122.0,27.9,4.1,0.191,0.339,0.221,0.148,0.228,0.244,0.4,0.239,0.285,0.265,0.156,0.314,0.382,-0.053,-0.061,-0.046,87.7,13.0,42.2,8.4,37.3,98.254014286,93.44007,77.9,40.2,50.9,76.5,33.5,57.0,55.4,32.5,37.3,28.9,1.2,7.7,69.7,8.4,22.3,10.1,15.5,45.7,-5.0,27.2,4.46,6.0,1.0,15.0,83.0,78.1,62.8,nick castellanos,SD,Nick Castellanos,,,310.4,190.0,356.0,281.0,101.0,34.3,2.58974358974359,0.8278688524590164,441,OF,OF,False,190.0,377.19354838709677,3.1811021036719445,-276.19354838709677,-0.5913585139283546,-251.0,False,False,339,True,18.390003558982862,5.349105807232449,0.3717777085865124,3.949112925198176,13.474077959141683,13.957921330483094,112.49199928962477,0.9220655679477441,-11.491999289624772,-0.09419671548872766,472.0,-371.0,"{'C': 423, 'SS': 594, '2B': 592, '3B': 571, '1B': 601, 'OF': 526, 'UT': 472}",0.8278688524590164,0.3360655737704918,-9.994726053745367,,,,,,9.836065573770492,19.672131147540984,24.59016393442623,0.045999999999999985,,5,3184,,1.2547008547008547,5,True,-0.42683200224183826,5.299999999999997,0.8000000000000007,-0.7999999999999972,0.0,0.0,0.0,0.0,,0.0,2026-03-26,2026-05-31,39.0,64.0,64.0,0.0,309.0,0.609,0.0,0.0,0.15,,established,27.2,0.1,0.908,"deserved 0.92/PA on contact quality, got 0.83 · sprint 27.2 ft/s (43rd pct) · avg EV 87.7 (38th pct)",xwOBA 0.285 (25th) · barrels 8.4% (60th) · EV 87.7 (35th) · hard-hit 37% (43rd) · K 28% (20th) · BB 4% (7th) · chase 40% (7th) · bat speed 69.7 mph (20th) · sprint 27.2 (42nd),"{""n"":20,""b"":0,""c"":[[""Enrique Hern\u00e1ndez"",2025,34,0.82,0.89,85,0],[""Jorge Soler"",2025,33,0.85,0.86,310,0],[""Kyle Farmer"",2025,35,0.79,0.74,14,0],[""Kyle Farmer"",2024,34,0.85,0.79,236,0],[""Elias D\u00edaz"",2025,35,0.85,0.95,224,0]]}",0.9349954127507826,-0.04369876870972289,0.9349954127507826,200.0,0.95,187.0,561.0,375,244,FA,516.0,495.0,-329.0,-308.0,let go,False,316
676914,Davis Schneider,2026,1999-01-26,OF,R,Toronto Blue Jays,69,156,124,18,6,0,5,21,16,29,1,1,0,51,1,7,2,0,2,0,0,12,0,0,53,2,27.0,156.0,32.7,18.6,0.145,0.315,0.31,0.17,0.188,0.155,0.286,0.29,0.287,0.319,0.131,0.325,0.318,-0.01,0.029,0.003,87.5,26.3,25.3,10.8,42.7,100.150108108,94.716781644,58.1,20.8,44.9,76.7,32.5,38.3,44.0,33.3,41.3,14.7,10.7,7.0,70.8,9.1,20.9,10.9,17.6,46.9,-3.0,26.9,4.59,7.0,4.0,7.0,75.0,69.6,50.6,davis schneider,TOR,Davis Schneider,TOR,"2B,LF",810.0,315.0,1236.0,,129.0,27.4,1.8695652173913044,0.8269230769230769,411,2B/OF,OF,False,315.0,172.67,2.396692273871662,-43.66999999999999,-0.5271270564803576,-96.0,False,False,339,False,10.490893002539966,4.810439070510682,0.32244285135872947,3.5962250755906195,16.833596891175866,15.708172153293287,122.22576904446915,0.7834985195158278,6.774230955530854,0.04342455740724904,472.0,-343.0,"{'C': 423, 'SS': 594, '2B': 592, '3B': 571, '1B': 601, 'OF': 526, 'UT': 472}",0.8269230769230769,0.3525641025641026,-9.946630792233204,,,,,,3.846153846153846,19.23076923076923,111.53846153846155,-0.0030000000000000027,,2,978,,1.0440528634361232,2,False,-0.21712978651304637,6.300000000000004,-3.1999999999999993,-0.7000000000000028,0.0,0.0,0.0,0.0,,0.0,2026-03-28,2026-09-27,69.0,164.0,164.0,0.0,154.0,0.421,1.0,0.0,0.15,,established,41.7,0.6,0.907,"27 years old, an age that jumps 3% of the time · 978 career PA, a known quantity · sprint 26.9 ft/s (34th pct)",xwOBA 0.287 (26th) · barrels 10.8% (78th) · EV 87.5 (32nd) · hard-hit 43% (71st) · K 33% (5th) · BB 19% (100th) · chase 21% (97th) · bat speed 70.8 mph (32nd) · sprint 26.9 (34th),"{""n"":20,""b"":0,""c"":[[""Josh Jung"",2024,26,0.93,0.89,457,0],[""Seby Zavala"",2022,29,0.94,0.76,147,0],[""Jake Rogers"",2025,30,0.91,0.84,144,0],[""Zach McKinstry"",2021,26,0.94,0.88,163,0],[""Garrett Mitchell"",2025,27,0.83,1.06,565,0]]}",0.928807808072551,-0.020371427220405795,0.928807808072551,200.0,1.0,186.0,557.0,379,262,FA,516.0,495.0,-330.0,-309.0,let go,False,317
678545,Osleivis Basabe,2026,2000-09-13,2B,R,San Francisco Giants,46,143,129,26,3,0,5,13,13,9,3,2,2,29,1,18,4,0,0,0,0,38,13,2,0,1,25.0,143.0,20.3,6.3,0.202,0.341,0.268,0.139,0.219,0.229,0.343,0.271,0.283,0.293,0.113,0.298,0.314,-0.027,-0.002,-0.012,87.6,8.9,34.3,6.9,34.3,97.9189726,93.015601919,59.0,34.5,69.7,81.0,23.3,46.3,40.2,45.1,29.4,20.6,4.9,7.3,73.7,10.9,23.1,36.7,6.8,60.4,-7.0,27.5,4.44,5.0,10.0,11.0,102.0,73.2,69.2,osleivis basabe,SF,,,,,,,,110.0,25.8,2.391304347826087,0.7692307692307693,427,2B/3B/SS,2B,True,339.0,172.67,2.396692273871662,-62.66999999999999,-0.005387926045575142,-88.0,False,False,339,False,21.92782405579975,3.9818648973021253,0.29879803799650173,3.332513008901623,15.59498484758829,14.313664866724466,117.56764971431275,0.8221513966035857,-7.567649714312751,-0.05292062737281644,472.0,-362.0,"{'C': 423, 'SS': 594, '2B': 592, '3B': 571, '1B': 601, 'OF': 526, 'UT': 472}",0.7692307692307693,0.36363636363636365,-9.998265910006413,,,,,,8.391608391608392,20.97902097902098,37.76223776223777,0.011999999999999955,,0,237,,,0,False,0.4192307692307693,,,,0.0,0.0,0.0,0.0,,0.0,2026-07-29,2026-09-26,46.0,55.0,55.0,0.0,421.0,0.836,126.0,1.0,0.15,,established,40.9,3.1,0.43,"237 career PA, still new · deserved 0.82/PA on contact quality, got 0.77 · 26 years old, an age that jumps 4% of the time",xwOBA 0.283 (23rd) · barrels 6.9% (46th) · EV 87.6 (34th) · hard-hit 34% (29th) · K 20% (63rd) · BB 6% (25th) · chase 34% (26th) · bat speed 73.7 mph (75th) · sprint 27.5 (49th),"{""n"":20,""b"":0,""c"":[[""Christian Encarnacion-Strand"",2025,26,0.8,1.08,231,0],[""Brett Harris"",2024,26,0.69,0.86,72,0],[""Graham Pauley"",2025,25,0.81,0.85,131,0],[""Hoy Park"",2021,25,0.79,0.8,48,0],[""Donovan Walton"",2021,27,0.77,0.67,52,0]]}",0.9283576061025197,-0.012888640320029626,0.9283576061025197,200.0,1.0,186.0,557.0,379,262,FA,516.0,495.0,-330.0,-309.0,let go,False,318
668670,Jake Rogers,2026,1995-04-18,C,R,multi,60,171,143,23,4,1,4,17,14,23,1,1,0,51,3,14,0,11,0,57,0,0,0,0,0,0,31.0,171.0,29.8,13.5,0.161,0.287,0.276,0.126,0.209,0.171,0.296,0.259,0.267,0.286,0.124,0.287,0.301,-0.01,-0.009,-0.008,88.0,21.7,30.2,9.4,36.5,97.758656809,92.974029574,60.5,25.6,54.3,81.9,26.8,42.3,44.8,37.5,35.4,17.7,9.4,7.6,70.6,7.1,24.4,4.7,16.4,64.5,-6.0,26.4,4.71,7.0,5.0,11.0,96.0,72.9,61.4,jake rogers,multi,Jake Rogers,CWS,C,748.5,302.0,1000.0,,144.0,31.2,2.4,0.8421052631578947,398,C,C,False,302.0,172.67,2.396692273871662,-28.669999999999987,0.003307726128337851,-96.0,False,False,339,False,14.999115804170122,5.036623615216753,0.5564053570561349,3.860855223556993,17.076857213932012,17.479752157625747,150.19460937155776,0.8783310489564782,-6.19460937155776,-0.03622578579858349,423.0,-279.0,"{'C': 423, 'SS': 594, '2B': 592, '3B': 571, '1B': 601, 'OF': 526, 'UT': 472}",0.8421052631578947,0.2631578947368421,-10.409298960569686,,,,,,3.508771929824561,14.035087719298245,80.7017543859649,0.008000000000000007,,2,1142,,,2,False,0.4921052631578947,,,,0.0,0.0,42.0,0.0,,25.2,2026-03-28,2026-09-17,58.0,150.0,150.0,0.0,185.0,0.387,2.0,0.0,0.15,,established,26.8,0.8,0.922,"deserved 0.88/PA on contact quality, got 0.84 · avg EV 88.0 (42nd pct) · 1,142 career PA, a known quantity",xwOBA 0.267 (11th) · barrels 9.4% (67th) · EV 88.0 (40th) · hard-hit 36% (39th) · K 30% (15th) · BB 14% (94th) · chase 26% (79th) · bat speed 70.6 mph (29th) · sprint 26.4 (23rd),"{""n"":20,""b"":0,""c"":[[""Jake Cave"",2023,31,0.84,0.96,331,0],[""Travis Shaw"",2021,31,0.82,0.0,0,0],[""Brian Anderson"",2023,30,0.87,0.0,0,0],[""Tom Murphy"",2021,30,0.85,1.02,43,0],[""Jake Marisnick"",2022,31,0.91,0.95,79,0]]}",0.9299560032392078,-0.03573509974786369,0.9299560032392078,200.0,0.98,186.0,558.0,379,257,FA,516.0,495.0,-330.0,-309.0,let go,False,319
663604,Brandon Lockridge,2026,1997-03-14,OF,R,Milwaukee Brewers,39,113,101,28,5,0,0,13,12,11,0,6,1,33,0,23,2,0,3,0,1,0,0,0,40,0,29.0,113.0,29.2,9.7,0.277,0.327,0.348,0.05,0.412,0.216,0.263,0.308,0.258,0.294,0.047,0.394,0.312,0.061,0.064,0.05,85.8,0.7,18.8,1.5,33.3,99.04790875,93.64841873,59.0,32.1,56.0,79.0,29.1,45.5,27.5,71.0,11.6,14.5,2.9,7.0,73.4,11.4,16.2,40.5,5.6,45.7,-1.0,29.2,4.31,2.0,17.0,9.0,69.0,71.8,62.8,brandon lockridge,MIL,,,,,,,,119.0,29.3,3.051282051282051,1.0530973451327434,420,OF,OF,True,339.0,172.67,2.396692273871662,-53.66999999999999,0.654589777410389,-81.0,False,False,339,False,19.108788951627922,1.6306492469899303,0.11333465113637332,0.9632271502457744,12.520526666431188,8.616343044090245,102.51586971052143,0.907220085933818,16.48413028947857,0.14587725919892547,472.0,-353.0,"{'C': 423, 'SS': 594, '2B': 592, '3B': 571, '1B': 601, 'OF': 526, 'UT': 472}",1.0530973451327434,0.37168141592920356,-9.53617982063144,,,,,,31.858407079646017,0.0,58.4070796460177,-0.04999999999999999,,0,273,,,0,False,0.7030973451327435,,,,84.0,1.0,102.0,0.0,Right knee laceration and contusion,94.8,2026-03-26,2026-09-26,39.0,165.0,90.0,75.0,203.0,0.433,0.0,0.0,0.15,,established,23.0,1.8,0.43,"273 career PA, still new · sprint 29.2 ft/s (92nd pct) · already 29, an age that jumps 4% of the time",xwOBA 0.258 (8th) · barrels 1.5% (3rd) · EV 85.8 (11th) · hard-hit 33% (25th) · K 29% (16th) · BB 10% (64th) · chase 32% (39th) · bat speed 73.4 mph (70th) · sprint 29.2 (91st),"{""n"":20,""b"":0,""c"":[[""Alex Call"",2022,28,1.0,0.83,364,0],[""Andruw Monasterio"",2025,28,1.02,0.87,301,0],[""Blake Perkins"",2023,27,1.05,1.02,443,0],[""Leo Rivas"",2025,28,1.06,0.6,89,0],[""Sam Haggerty"",2022,28,1.15,1.1,119,0]]}",0.9301269600606435,-0.026285818839922398,0.9301269600606435,200.0,0.924,186.0,558.0,379,257,FA,516.0,495.0,-330.0,-309.0,let go,False,320
665953,Andrés Chaparro,2026,1999-05-04,1B,R,Washington Nationals,83,228,198,52,13,0,13,36,39,25,5,0,0,53,0,26,3,0,0,0,56,0,6,0,0,21,27.0,228.0,23.2,11.0,0.263,0.525,0.36,0.262,0.295,0.233,0.451,0.383,0.344,0.334,0.218,0.456,0.396,0.03,0.074,0.039,89.9,16.8,29.0,13.1,44.1,101.366810548,95.09789131,71.3,32.0,48.1,78.8,32.4,49.3,50.3,40.7,29.0,18.6,11.7,7.3,74.2,11.5,22.0,44.8,11.6,52.2,15.0,25.1,4.89,14.0,17.0,21.0,145.0,80.4,61.8,andres chaparro,WSH,,,,,,,,258.0,27.2,3.108433734939759,1.131578947368421,288,1B,1B,True,339.0,172.67,2.396692273871662,85.33000000000001,0.711741461068097,51.0,False,False,250,False,23.507392613158018,12.03498834529269,0.6458454699405642,9.945773571608727,26.381411556850214,30.55237138111528,219.36578293796552,0.9621306269209015,38.63421706203448,0.16944832044751956,472.0,-214.0,"{'C': 423, 'SS': 594, '2B': 592, '3B': 571, '1B': 601, 'OF': 526, 'UT': 472}",1.131578947368421,0.6622807017543859,-5.7477149484483805,,,,,,0.0,34.21052631578947,65.78947368421052,-0.039000000000000035,1.131578947368421,1,433,0.0,,0,False,0.781578947368421,,,,0.0,0.0,63.0,0.0,,37.8,2026-03-26,2026-09-27,83.0,162.0,162.0,0.0,228.0,0.512,0.0,0.0,0.15,,established,40.7,2.2,1.212,"433 career PA, still new · avg EV 89.9 (73rd pct) · 27 years old, an age that jumps 3% of the time",xwOBA 0.344 (86th) · barrels 13.1% (91st) · EV 89.9 (71st) · hard-hit 44% (78th) · K 23% (47th) · BB 11% (80th) · chase 32% (40th) · bat speed 74.2 mph (81st) · sprint 25.1 (5th),"{""n"":20,""b"":0,""c"":[[""Gavin Sheets"",2021,25,1.08,0.9,371,0],[""Joey Bart"",2024,28,1.14,0.88,292,0],[""Joey Meneses"",2022,30,1.17,0.94,616,0],[""Ryan Jeffers"",2023,26,1.14,1.0,464,0],[""LaMonte Wade Jr."",2021,28,1.08,0.85,213,0]]}",0.928922035439032,-0.020371427220405795,0.928922035439032,200.0,0.97,186.0,557.0,379,262,FA,516.0,495.0,-330.0,-309.0,let go,False,321
701162,Ben Malgeri,2026,2000-01-12,OF,R,Detroit Tigers,60,140,120,30,5,0,5,18,20,17,2,5,0,36,1,20,0,0,2,0,0,0,0,0,64,1,26.0,140.0,25.7,12.1,0.25,0.417,0.35,0.167,0.313,0.243,0.354,0.341,0.317,0.346,0.111,0.404,0.366,0.007,0.063,0.024,90.1,11.4,38.8,7.1,42.4,100.28507,94.413937059,66.9,23.8,47.7,82.6,27.0,44.7,35.3,42.4,24.7,28.2,4.7,6.4,68.7,13.8,26.7,2.9,7.3,36.6,3.0,28.9,4.3,8.0,6.0,16.0,85.0,79.1,67.9,ben malgeri,DET,,,,,,,,156.0,26.5,2.6,1.1142857142857143,380,OF,OF,True,339.0,172.67,2.396692273871662,-16.669999999999987,0.20330772612833803,-41.0,False,False,339,False,22.067795978899742,3.8446974564891594,0.26721715032245164,2.9802894142886456,17.704252678979675,13.276283949663974,140.62053662864366,1.004432404490312,15.379463371356337,0.10985330979540242,472.0,-316.0,"{'C': 423, 'SS': 594, '2B': 592, '3B': 571, '1B': 601, 'OF': 526, 'UT': 472}",1.1142857142857143,0.5285714285714286,-8.522354283741274,,,,,,21.428571428571427,21.428571428571427,72.85714285714286,-0.02400000000000002,,0,140,,,0,False,0.7642857142857143,,,,0.0,0.0,0.0,0.0,,0.0,2026-06-23,2026-09-27,60.0,84.0,84.0,0.0,270.0,0.714,89.0,1.0,0.15,,rookie,40.1,1.8,0.43,"sprint 28.9 ft/s (87th pct) · avg EV 90.1 (77th pct) · 26 years old, an age that jumps 4% of the time",xwOBA 0.317 (62nd) · barrels 7.1% (48th) · EV 90.1 (74th) · hard-hit 42% (70th) · K 26% (29th) · BB 12% (88th) · chase 24% (88th) · bat speed 68.7 mph (10th) · sprint 28.9 (86th),"{""n"":20,""b"":1,""c"":[[""Jake Meyers"",2021,25,1.08,0.76,122,0],[""Tyrone Taylor"",2021,27,1.08,0.99,400,0],[""Gavin Sheets"",2021,25,1.08,0.9,371,0],[""Garrett Mitchell"",2024,26,1.17,0.83,65,0],[""Ryan McKenna"",2023,26,1.05,1.47,22,0]]}",0.9248644968370221,-0.012888640320029626,0.9248644968370221,200.0,1.0,185.0,555.0,383,274,FA,516.0,495.0,-331.0,-310.0,let go,False,322
676439,Hunter Feduccia,2026,1997-06-05,C,L,multi,93,251,217,48,9,1,3,21,19,28,1,0,0,60,1,35,5,14,0,90,1,0,0,0,0,1,29.0,251.0,23.9,11.2,0.221,0.313,0.312,0.092,0.29,0.237,0.367,0.286,0.312,0.327,0.13,0.318,0.359,-0.016,-0.054,-0.026,89.4,14.9,36.4,7.4,37.9,99.025957821,93.73099871,62.2,24.4,59.8,85.7,22.2,42.0,32.1,38.3,32.1,26.5,3.1,7.0,71.1,9.5,28.7,13.3,11.1,52.8,-5.0,26.9,4.56,8.0,15.0,25.0,162.0,67.5,56.2,hunter feduccia,multi,,,,,,,,208.0,29.1,2.236559139784946,0.8286852589641435,336,C,C,True,339.0,172.67,2.396692273871662,35.33000000000001,-0.16013313408671603,3.0,False,False,279,False,35.50742793082938,9.344189285463832,0.8663376365841685,5.711045147122609,28.22961222766071,26.513482513866965,237.81109474152765,0.9474545607232178,-29.811094741527654,-0.1187693017590743,423.0,-215.0,"{'C': 423, 'SS': 594, '2B': 592, '3B': 571, '1B': 601, 'OF': 526, 'UT': 472}",0.8286852589641435,0.30278884462151395,-9.621219234497365,,,,,,0.0,7.171314741035856,66.93227091633466,0.026000000000000023,0.8286852589641435,1,370,0.0,,0,False,0.4786852589641435,,,,0.0,0.0,0.0,0.0,,0.0,2026-03-26,2026-09-27,93.0,160.0,160.0,0.0,254.0,0.581,0.0,0.0,0.15,,established,30.1,6.6,0.909,"deserved 0.95/PA on contact quality, got 0.83 · 370 career PA, still new · avg EV 89.4 (66th pct)",xwOBA 0.312 (55th) · barrels 7.4% (51st) · EV 89.4 (63rd) · hard-hit 38% (47th) · K 24% (41st) · BB 11% (81st) · chase 24% (85th) · bat speed 71.1 mph (36th) · sprint 26.9 (34th),"{""n"":20,""b"":0,""c"":[[""David Bote"",2021,28,0.76,0.94,119,0],[""Victor Caratini"",2022,29,0.87,0.95,215,0],[""Zack Short"",2023,28,0.81,0.6,53,0],[""Ryan O'Hearn"",2021,28,0.81,0.79,115,0],[""Matt Thaiss"",2023,28,0.85,0.81,150,0]]}",0.9245765641516672,-0.026285818839922398,0.9245765641516672,200.0,1.0,185.0,555.0,383,274,FA,516.0,495.0,-331.0,-310.0,let go,False,323
679822,Justin Foscue,2026,1999-03-02,2B,R,Texas Rangers,100,247,225,61,13,1,11,26,34,17,4,0,0,62,1,36,2,0,0,0,6,62,0,0,0,28,27.0,247.0,25.1,6.9,0.271,0.484,0.332,0.213,0.327,0.245,0.435,0.354,0.325,0.309,0.19,0.443,0.399,0.026,0.049,0.029,89.3,18.9,34.1,10.4,42.1,99.414065,93.903911646,62.7,27.8,62.6,86.6,20.3,46.1,44.5,36.6,31.1,20.7,11.6,7.1,70.9,11.1,26.1,10.8,12.0,56.2,9.0,27.6,4.46,12.0,25.0,24.0,164.0,66.2,62.8,justin foscue,TEX,,,,,,,,249.0,27.3,2.49,1.008097165991903,296,1B/2B,2B,True,339.0,172.67,2.396692273871662,76.33000000000001,0.09330772612833815,43.0,False,False,255,False,32.330784442771844,12.310663565352673,1.0113195409791196,9.472232450896362,30.49724796085443,30.00599119754384,232.50323915839826,0.9413086605603168,16.49676084160174,0.0667885054315861,472.0,-223.0,"{'C': 423, 'SS': 594, '2B': 592, '3B': 571, '1B': 601, 'OF': 526, 'UT': 472}",1.008097165991903,0.5020242914979757,-6.71390603576621,,,,,,0.0,26.72064777327935,41.29554655870445,-0.02899999999999997,1.008097165991903,1,300,0.0,,0,False,0.6580971659919029,,,,0.0,0.0,79.0,0.0,,23.7,2026-05-05,2026-09-27,100.0,128.0,128.0,0.0,313.0,0.781,40.0,1.0,0.15,,established,39.0,2.3,1.088,"300 career PA, still new · avg EV 89.3 (64th pct) · 27 years old, an age that jumps 3% of the time",xwOBA 0.325 (68th) · barrels 10.4% (75th) · EV 89.3 (61st) · hard-hit 42% (67th) · K 25% (33rd) · BB 7% (29th) · chase 28% (67th) · bat speed 70.9 mph (33rd) · sprint 27.6 (52nd),"{""n"":20,""b"":0,""c"":[[""Taylor Ward"",2021,28,1.01,1.06,597,0],[""Danny Jansen"",2021,26,1.05,1.17,291,0],[""Ram\u00f3n Ur\u00edas"",2021,27,0.94,0.89,397,0],[""Heriberto Hern\u00e1ndez"",2025,26,1.02,1.03,518,0],[""Tyrone Taylor"",2021,27,1.08,0.99,400,0]]}",0.9272233959026079,-0.020371427220405795,0.9272233959026079,200.0,0.981,185.0,556.0,383,268,FA,516.0,495.0,-331.0,-310.0,let go,False,324
677870,Leo Jiménez,2026,2001-05-17,3B,R,Miami Marlins,66,194,166,33,4,0,2,18,14,18,8,1,0,38,1,27,5,0,0,0,11,7,40,1,0,9,25.0,194.0,19.6,9.3,0.199,0.259,0.306,0.06,0.244,0.242,0.336,0.267,0.314,0.346,0.095,0.257,0.328,-0.043,-0.077,-0.047,90.0,5.5,30.8,3.9,40.0,99.614902188,94.040225547,62.1,26.2,57.7,84.9,24.3,42.5,34.6,54.6,20.0,23.8,1.5,7.3,71.9,11.5,28.1,16.3,6.4,44.9,-10.0,28.0,4.48,4.0,13.0,16.0,130.0,59.2,56.7,leo jimenez,MIA,,,,,,,,132.0,25.1,2.0,0.6804123711340206,405,1B/2B/3B/SS,3B,True,339.0,172.67,2.396692273871662,-40.66999999999999,-0.39669227387166206,-66.0,False,False,339,False,31.526365329190142,4.90641577124486,0.35407246993984337,3.385146429625151,22.72534058441554,18.057229604087798,160.89657018850335,0.8293637638582647,-28.896570188503347,-0.14895139272424407,472.0,-340.0,"{'C': 423, 'SS': 594, '2B': 592, '3B': 571, '1B': 601, 'OF': 526, 'UT': 472}",0.6804123711340206,0.28865979381443296,-10.258028270175743,,,,,,3.0927835051546393,6.185567010309279,55.670103092783506,0.046999999999999986,,1,436,,,1,False,0.33041237113402067,,,,13.0,1.0,13.0,0.0,Concussion,13.0,2026-04-01,2026-08-31,66.0,140.0,127.0,13.0,247.0,0.52,5.0,0.0,0.15,,established,31.4,5.4,0.76,"deserved 0.83/PA on contact quality, got 0.68 · 25 years old, an age that jumps 5% of the time · 436 career PA, still new",xwOBA 0.314 (57th) · barrels 3.9% (19th) · EV 90.0 (73rd) · hard-hit 40% (57th) · K 20% (69th) · BB 9% (58th) · chase 26% (75th) · bat speed 71.9 mph (48th) · sprint 28.0 (63rd),"{""n"":20,""b"":0,""c"":[[""Curtis Mead"",2024,24,0.69,0.81,213,0],[""Lenyn Sosa"",2023,23,0.68,0.8,296,0],[""Josh Smith"",2022,25,0.73,0.78,180,0],[""Bligh Madris"",2022,26,0.67,0.53,16,0],[""Will Wagner"",2025,27,0.72,0.73,33,0]]}",0.9205451385585639,-0.012779447936574123,0.9205451385585639,200.0,0.99,184.0,552.0,386,287,FA,516.0,495.0,-332.0,-311.0,let go,False,325
682177,Daniel Schneemann,2026,1997-01-23,OF,L,Cleveland Guardians,91,286,262,55,11,0,7,30,30,24,0,7,2,84,0,37,1,0,2,0,0,14,34,6,40,0,29.0,286.0,29.4,8.4,0.21,0.332,0.276,0.122,0.281,0.225,0.372,0.272,0.292,0.29,0.147,0.344,0.376,-0.015,-0.04,-0.02,88.0,12.2,33.7,8.4,38.4,98.794739888,93.514708652,66.8,33.4,40.4,83.0,31.5,49.7,47.2,43.3,29.8,22.5,4.5,7.0,71.2,9.1,21.7,11.3,14.4,56.8,-12.0,27.6,4.42,14.0,16.0,25.0,178.0,82.6,67.5,daniel schneemann,CLE,,,,,,,,250.0,29.4,2.7472527472527473,0.8741258741258742,293,2B/3B/OF,3B/OF,True,339.0,172.67,2.396692273871662,77.33000000000001,0.3505604733810852,46.0,False,False,255,False,37.8575829589452,12.039077532888887,0.685096057386631,8.368243450779282,32.76565206738831,31.092338564285683,268.271990631674,0.9380139532576014,-18.271990631673987,-0.06388807913172723,472.0,-222.0,"{'C': 423, 'SS': 594, '2B': 592, '3B': 571, '1B': 601, 'OF': 526, 'UT': 472}",0.8741258741258742,0.32867132867132864,-7.665498538718588,,,,,,14.685314685314685,14.685314685314685,50.349650349650354,0.019999999999999962,0.8791469194312796,3,929,-0.0050210453054054804,0.8791469194312796,2,False,-0.0050210453054054804,1.6999999999999993,-3.0999999999999996,0.29999999999999716,0.0,0.0,0.0,0.0,,0.0,2026-03-26,2026-09-27,91.0,166.0,166.0,0.0,279.0,0.548,0.0,0.0,0.15,,established,33.8,1.5,0.959,"deserved 0.94/PA on contact quality, got 0.87 · 0.87/PA is his best rate yet, so the bar is one step up · avg EV 88.0 (42nd pct)",xwOBA 0.292 (31st) · barrels 8.4% (60th) · EV 88.0 (40th) · hard-hit 38% (50th) · K 29% (15th) · BB 8% (49th) · chase 33% (32nd) · bat speed 71.2 mph (37th) · sprint 27.6 (52nd),"{""n"":20,""b"":0,""c"":[[""Jordan Luplow"",2022,29,0.94,0.87,78,0],[""Jake Cave"",2023,31,0.84,0.96,331,0],[""Jake Rogers"",2024,29,0.89,0.91,129,0],[""Zack Short"",2023,28,0.81,0.6,53,0],[""Brian Anderson"",2023,30,0.87,0.0,0,0]]}",0.9183014976708114,-0.026285818839922398,0.9183014976708114,200.0,1.0,184.0,551.0,386,292,FA,516.0,495.0,-332.0,-311.0,let go,False,326
663698,Joey Bart,2026,1996-12-15,C,R,multi,44,128,112,24,4,0,4,13,13,7,8,0,0,35,1,16,3,9,0,41,0,0,0,0,0,3,29.0,128.0,27.3,5.5,0.214,0.357,0.305,0.143,0.27,0.203,0.362,0.298,0.295,0.295,0.159,0.352,0.346,0.011,-0.005,0.003,85.8,15.5,32.1,7.7,34.6,98.428942564,93.238111923,64.9,32.8,46.0,85.6,29.2,47.6,41.0,41.0,34.6,15.4,9.0,7.4,75.3,10.2,15.6,52.2,10.2,43.1,1.0,26.6,4.69,9.0,8.0,7.0,78.0,66.7,56.3,joey bart,multi,,,,,,,,120.0,29.5,2.727272727272727,0.9375,418,C,C,True,339.0,172.67,2.396692273871662,-52.66999999999999,0.330580453401065,-79.0,False,False,339,False,13.228462296551342,5.170733065161082,0.37314698002380786,3.9636576582637675,13.93092567744904,14.492723667409521,121.70364934485856,0.9508097605067075,-1.7036493448585617,-0.013309760506707513,423.0,-303.0,"{'C': 423, 'SS': 594, '2B': 592, '3B': 571, '1B': 601, 'OF': 526, 'UT': 472}",0.9375,0.296875,-10.122811227899156,,,,,,0.0,18.75,32.8125,-0.0030000000000000027,,3,1134,,1.1382978723404256,3,False,-0.20079787234042556,-0.6999999999999993,-2.7,1.0999999999999943,51.0,1.0,115.0,0.0,Fifth metacarpal fracture in his left hand,76.2,2026-03-28,2026-08-06,44.0,85.0,79.0,6.0,262.0,0.557,2.0,0.0,0.15,,established,31.4,0.9,1.018,"deserved 0.95/PA on contact quality, got 0.94 · 1,134 career PA, a known quantity · already 30, an age that jumps 3% of the time · bat speed up 1.1 mph",xwOBA 0.295 (35th) · barrels 7.7% (53rd) · EV 85.8 (11th) · hard-hit 35% (30th) · K 27% (22nd) · BB 6% (17th) · chase 33% (34th) · bat speed 75.3 mph (91st) · sprint 26.6 (26th),"{""n"":20,""b"":0,""c"":[[""Josh Jung"",2024,26,0.93,0.89,457,0],[""Jordan Luplow"",2022,29,0.94,0.87,78,0],[""Carson Kelly"",2023,29,0.87,0.99,311,0],[""Jake Rogers"",2025,30,0.91,0.84,144,0],[""Tyrone Taylor"",2024,30,1.01,0.89,304,0]]}",0.9207223327780669,-0.01977893541086498,0.9207223327780669,200.0,0.939,184.0,552.0,386,287,FA,516.0,495.0,-332.0,-311.0,let go,False,327
596146,Max Kepler,2026,1993-02-10,OF,L,Arizona Diamondbacks,41,145,132,27,7,0,2,11,15,11,0,0,0,32,2,18,0,0,0,0,0,0,0,0,38,3,33.0,145.0,22.1,7.6,0.205,0.303,0.262,0.098,0.25,0.211,0.336,0.25,0.27,0.268,0.125,0.284,0.313,-0.006,-0.033,-0.02,88.7,19.2,32.4,7.8,39.2,99.348171373,93.812456634,71.0,37.3,56.6,84.7,25.9,53.0,43.1,32.4,30.4,25.5,11.8,7.4,71.7,10.5,23.8,16.5,7.7,47.8,-9.0,27.2,4.39,3.0,10.0,14.0,102.0,87.5,61.1,max kepler,ARI,,,,,,,,104.0,33.4,2.5365853658536586,0.7172413793103448,433,OF,OF,True,339.0,172.67,2.396692273871662,-68.66999999999999,0.1398930919819965,-94.0,False,False,339,False,18.548837156853843,5.525907147998007,0.35767423344245397,3.4195814617056954,15.055131004159907,15.04046219453917,113.29959319869909,0.7813765048186144,-9.299593198699085,-0.06413512550826961,472.0,-368.0,"{'C': 423, 'SS': 594, '2B': 592, '3B': 571, '1B': 601, 'OF': 526, 'UT': 472}",0.7172413793103448,0.3103448275862069,-10.522350225397776,,,,,,0.0,8.275862068965518,45.51724137931034,0.020000000000000018,,5,2445,,1.0610997963340123,5,False,-0.3438584170236675,2.5,-3.8,0.4000000000000057,0.0,0.0,37.0,0.0,,11.1,2026-06-26,2026-09-05,41.0,69.0,69.0,0.0,340.0,0.594,92.0,1.0,0.15,,established,28.9,0.3,0.797,"deserved 0.78/PA on contact quality, got 0.72 · sprint 27.2 ft/s (43rd pct) · only 145 PA, and a breakout needs 350 next year",xwOBA 0.270 (13th) · barrels 7.8% (55th) · EV 88.7 (52nd) · hard-hit 39% (54th) · K 22% (53rd) · BB 8% (37th) · chase 37% (15th) · bat speed 71.7 mph (46th) · sprint 27.2 (42nd),"{""n"":20,""b"":0,""c"":[[""Connor Joe"",2025,33,0.64,0.73,33,0],[""Kyle Farmer"",2024,34,0.85,0.79,236,0],[""J.D. Davis"",2024,31,0.71,0.22,2,0],[""Kyle Farmer"",2025,35,0.79,0.74,14,0],[""Lane Thomas"",2025,30,0.75,0.96,358,0]]}",0.9159125178575099,-0.04921542158677408,0.9159125178575099,200.0,0.942,183.0,550.0,389,297,FA,516.0,495.0,-333.0,-312.0,let go,False,328
681508,Mickey Gasper,2026,1995-10-11,DH,S,Boston Red Sox,67,225,191,48,9,1,10,26,24,27,5,0,1,39,1,28,1,3,0,15,10,0,0,0,0,33,30.0,225.0,17.3,12.0,0.251,0.466,0.357,0.215,0.266,0.249,0.444,0.361,0.353,0.357,0.196,0.381,0.37,0.002,0.022,0.008,88.9,15.9,31.8,10.4,37.7,99.00274974,93.70203817,57.8,21.0,52.6,93.6,18.1,38.5,44.2,42.2,31.2,20.1,6.5,6.6,72.0,12.5,32.2,14.2,12.7,58.4,8.0,26.7,4.45,15.0,16.0,17.0,154.0,64.1,56.4,mickey gasper,BOS,,,,,,,,224.0,30.7,3.343283582089552,0.9955555555555555,318,C/1B/2B,UT,True,339.0,172.67,2.396692273871662,51.33000000000001,0.9465913082178901,21.0,False,False,258,False,28.011183455151183,10.13394526129805,0.9395591119503406,8.474312171600424,28.358846187342174,27.922603238818834,225.835449426161,1.0037131085607156,-1.8354494261610057,-0.008157553005160079,423.0,-199.0,"{'C': 423, 'SS': 594, '2B': 592, '3B': 571, '1B': 601, 'OF': 526, 'UT': 472}",0.9955555555555555,0.5644444444444444,-7.724460066761262,,,,,,0.0,26.666666666666668,72.0,-0.008000000000000007,0.9955555555555555,1,358,0.0,,0,False,0.6455555555555555,,,,0.0,1.0,0.0,0.0,,0.0,2026-05-10,2026-09-25,67.0,125.0,124.0,1.0,294.0,0.54,45.0,1.0,0.15,,established,35.1,3.7,1.076,"358 career PA, still new · avg EV 88.9 (56th pct) · deserved 1.00/PA on contact quality, got 1.00",xwOBA 0.353 (92nd) · barrels 10.4% (75th) · EV 88.9 (54th) · hard-hit 38% (45th) · K 17% (80th) · BB 12% (87th) · chase 21% (95th) · bat speed 72.0 mph (50th) · sprint 26.7 (29th),"{""n"":20,""b"":0,""c"":[[""Connor Joe"",2021,29,1.06,0.89,417,0],[""Andy Ib\u00e1\u00f1ez"",2023,30,0.92,0.89,218,0],[""Aledmys D\u00edaz"",2021,31,0.91,0.89,292,0],[""Alex Dickerson"",2021,31,0.94,0.53,19,0],[""Matt Duffy"",2021,30,0.99,0.69,171,0]]}",0.9156536077172387,-0.03573509974786369,0.9156536077172387,200.0,1.0,183.0,549.0,389,302,CS,516.0,495.0,-333.0,-312.0,let go,False,329
678218,Brandon Valenzuela,2026,2000-10-02,C,S,Toronto Blue Jays,91,271,239,53,9,0,9,29,23,29,1,2,0,69,1,35,10,19,0,84,5,0,0,0,0,2,25.0,271.0,25.5,10.7,0.222,0.372,0.307,0.15,0.272,0.24,0.377,0.303,0.313,0.324,0.137,0.356,0.371,-0.018,-0.005,-0.01,88.4,14.5,37.8,7.0,38.4,99.463470941,93.870578639,71.4,28.5,47.5,85.5,25.8,49.4,43.0,41.9,23.8,26.2,8.1,7.9,72.6,9.0,19.7,22.0,9.0,50.9,-4.0,25.6,4.72,12.0,13.0,28.0,172.0,77.4,63.8,brandon valenzuela,TOR,,,,,,,,258.0,25.7,2.8351648351648353,0.9520295202952029,288,C,C,True,339.0,172.67,2.396692273871662,85.33000000000001,0.43847256129317325,51.0,False,False,250,False,40.080731857099934,9.266781021051449,0.5612423865973044,7.451244735251314,28.70173935482858,30.17836902335747,270.34310837818606,0.9975760456759634,-12.34310837818606,-0.04554652538076043,423.0,-165.0,"{'C': 423, 'SS': 594, '2B': 592, '3B': 571, '1B': 601, 'OF': 526, 'UT': 472}",0.9520295202952029,0.3800738007380074,-8.076681191521628,,,,,,4.428044280442804,19.926199261992622,64.20664206642066,0.010000000000000009,0.9520295202952029,1,271,0.0,,0,False,0.602029520295203,,,,0.0,0.0,0.0,0.0,,0.0,2026-04-05,2026-09-27,91.0,156.0,156.0,0.0,281.0,0.583,9.0,0.0,0.15,,established,31.7,5.1,1.032,"26 years old, an age that jumps 4% of the time · deserved 1.00/PA on contact quality, got 0.95 · only 271 PA in his first season, and a breakout needs 350 next year",xwOBA 0.313 (56th) · barrels 7.0% (47th) · EV 88.4 (46th) · hard-hit 38% (50th) · K 26% (31st) · BB 11% (77th) · chase 28% (63rd) · bat speed 72.6 mph (60th) · sprint 25.6 (10th),"{""n"":20,""b"":0,""c"":[[""Patrick Bailey"",2023,24,0.95,0.94,422,0],[""Alex Kirilloff"",2023,26,0.98,0.85,151,0],[""Pedro Pag\u00e9s"",2024,26,0.98,0.93,362,0],[""Andruw Monasterio"",2023,26,0.9,0.84,119,0],[""Emmanuel Rivera"",2022,26,0.91,0.85,241,0]]}",0.908245287147455,-0.012888640320029626,0.908245287147455,202.0,1.0,183.0,545.0,389,319,FA,516.0,495.0,-333.0,-312.0,let go,False,330
680664,Eduardo Valencia,2026,2000-01-25,DH,R,Detroit Tigers,42,138,129,44,14,0,8,25,21,6,2,0,0,32,0,22,2,4,0,19,1,0,0,0,0,19,26.0,138.0,23.2,4.3,0.341,0.636,0.38,0.295,0.404,0.285,0.546,0.433,0.372,0.327,0.261,0.553,0.467,0.056,0.09,0.061,90.3,14.1,44.3,15.5,49.5,101.9202875,95.492335417,71.5,35.3,60.2,80.1,26.8,52.8,43.3,42.3,22.7,28.9,6.2,7.9,73.1,14.2,24.8,30.3,13.5,58.2,12.0,24.8,4.9,10.0,9.0,25.0,97.0,75.0,65.9,eduardo valencia,DET,,,,,,,,186.0,26.4,4.428571428571429,1.3478260869565217,352,C/1B,UT,True,339.0,172.67,2.396692273871662,13.330000000000013,2.0318791546997668,-13.0,False,False,283,False,18.111135653880737,10.862896261256324,0.5668005158451064,7.2241675690178235,16.80117450704875,20.714807491203157,158.7149819982519,1.1501085652047238,27.285018001748114,0.1977175217517979,423.0,-237.0,"{'C': 423, 'SS': 594, '2B': 592, '3B': 571, '1B': 601, 'OF': 526, 'UT': 472}",1.3478260869565217,0.7391304347826086,-7.27262213080824,,,,,,0.0,34.78260869565217,26.08695652173913,-0.061,,0,138,,,0,False,0.9978260869565218,,,,0.0,0.0,0.0,0.0,,0.0,2026-07-09,2026-09-27,42.0,70.0,70.0,0.0,319.0,0.6,105.0,1.0,0.15,,rookie,43.8,1.8,0.43,"avg EV 90.3 (79th pct) · 26 years old, an age that jumps 4% of the time · sprint 24.8 ft/s (3rd pct)",xwOBA 0.372 (96th) · barrels 15.5% (97th) · EV 90.3 (77th) · hard-hit 50% (92nd) · K 23% (47th) · BB 4% (8th) · chase 35% (22nd) · bat speed 73.1 mph (67th) · sprint 24.8 (3rd),"{""n"":20,""b"":0,""c"":[[""Royce Lewis"",2023,24,1.29,0.95,308,0],[""Davis Schneider"",2023,24,1.22,0.84,380,0],[""Nolan Jones"",2023,25,1.37,0.85,251,0],[""Dane Myers"",2024,28,1.26,0.97,322,0],[""Luis Robert Jr."",2021,24,1.26,1.08,433,0]]}",0.9153141244876278,-0.012888640320029626,0.9153141244876278,200.0,1.0,183.0,549.0,389,302,CH,516.0,495.0,-333.0,-312.0,let go,False,331
641598,Mitch Garver,2026,1991-01-15,C,R,Seattle Mariners,50,149,126,22,3,0,4,17,15,22,1,1,0,49,0,15,3,6,0,36,0,0,0,0,0,8,35.0,149.0,32.9,14.8,0.175,0.294,0.302,0.119,0.247,0.194,0.341,0.278,0.301,0.318,0.147,0.329,0.373,-0.019,-0.047,-0.023,90.6,18.3,28.6,9.1,48.1,100.526305641,94.874987922,61.7,24.9,46.0,76.4,33.7,41.3,53.2,33.8,37.7,23.4,5.2,7.4,72.5,9.4,23.1,18.8,15.3,65.4,-1.0,25.1,4.81,7.0,5.0,10.0,77.0,66.7,61.1,mitch garver,SEA,,,,,,,,126.0,35.5,2.52,0.8456375838926175,413,C,C,True,339.0,172.67,2.396692273871662,-46.66999999999999,0.12330772612833796,-74.0,False,False,339,False,14.652369455069183,5.230209097062907,0.39247344066663237,4.1689480072012755,15.091163432421824,16.752067871297296,134.25323130371913,0.9010283980115378,-8.253231303719133,-0.05539081411892033,423.0,-297.0,"{'C': 423, 'SS': 594, '2B': 592, '3B': 571, '1B': 601, 'OF': 526, 'UT': 472}",0.8456375838926175,0.28859060402684567,-10.095632969176624,,,,,,4.026845637583892,16.10738255033557,88.59060402684564,0.022999999999999965,,5,1671,,1.102880658436214,5,False,-0.25724307454359663,5.299999999999997,1.1999999999999993,0.7999999999999972,0.0,0.0,0.0,0.0,,0.0,2026-03-30,2026-08-01,50.0,114.0,114.0,0.0,212.0,0.439,4.0,0.0,0.15,,established,31.8,0.4,0.926,"deserved 0.90/PA on contact quality, got 0.85 · avg EV 90.6 (83rd pct) · sprint 25.1 ft/s (6th pct)",xwOBA 0.301 (42nd) · barrels 9.1% (65th) · EV 90.6 (82nd) · hard-hit 48% (89th) · K 33% (5th) · BB 15% (97th) · chase 25% (83rd) · bat speed 72.5 mph (57th) · sprint 25.1 (5th),"{""n"":20,""b"":0,""c"":[[""Kyle Higashioka"",2023,33,0.93,1.08,283,0],[""Enrique Hern\u00e1ndez"",2025,34,0.82,0.89,85,0],[""James McCann"",2024,34,0.97,1.03,141,0],[""Travis d'Arnaud"",2023,34,0.93,1.03,351,0],[""Evan Longoria"",2022,37,0.94,0.89,210,0]]}",0.9081849559978332,-0.06305677842196104,0.9081849559978332,200.0,0.95,182.0,545.0,396,319,FA,516.0,495.0,-334.0,-313.0,let go,False,332
694362,Blake Dunn,2026,1998-09-05,OF,R,Cincinnati Reds,38,155,142,40,7,1,2,20,7,10,2,6,3,33,1,30,1,0,1,0,0,0,0,0,41,2,27.0,155.0,21.3,6.5,0.282,0.387,0.335,0.105,0.352,0.242,0.319,0.32,0.28,0.304,0.077,0.375,0.32,0.04,0.068,0.04,89.2,14.6,34.5,2.9,30.3,99.240218776,93.85786433,64.2,28.7,51.9,87.2,23.3,46.8,24.5,46.4,21.8,25.5,6.4,6.2,71.8,9.7,29.5,21.2,3.9,38.4,1.0,29.6,4.21,4.0,20.0,16.0,110.0,70.2,64.5,blake dunn,CIN,,,,,,,,153.0,27.8,4.026315789473684,0.9870967741935484,383,OF,OF,True,339.0,172.67,2.396692273871662,-19.669999999999987,1.629623515602022,-44.0,False,False,339,False,28.214803737804978,3.579458985031634,0.35467081652178384,2.2150664606415993,18.54056501620729,13.164667708910327,142.36723272511762,0.9184982756459201,10.632767274882383,0.06859849854762823,472.0,-319.0,"{'C': 423, 'SS': 594, '2B': 592, '3B': 571, '1B': 601, 'OF': 526, 'UT': 472}",0.9870967741935484,0.41935483870967744,-9.043509063273032,,,,,,23.225806451612904,7.741935483870968,38.70967741935484,-0.03999999999999998,,0,259,,,0,False,0.6370967741935484,,,,91.0,1.0,91.0,0.0,,91.0,2026-05-04,2026-06-26,38.0,55.0,49.0,6.0,512.0,0.776,39.0,1.0,0.15,,established,31.1,1.7,0.43,"sprint 29.6 ft/s (95th pct) · 259 career PA, still new · avg EV 89.2 (61st pct)",xwOBA 0.280 (19th) · barrels 2.9% (11th) · EV 89.2 (58th) · hard-hit 30% (17th) · K 21% (59th) · BB 6% (26th) · chase 29% (62nd) · bat speed 71.8 mph (47th) · sprint 29.6 (95th),"{""n"":20,""b"":1,""c"":[[""Blake Perkins"",2025,29,1.0,0.83,84,0],[""Brandon Lockridge"",2025,28,0.96,1.05,119,0],[""Pablo Reyes"",2021,28,0.95,0.56,9,0],[""Alex Call"",2022,28,1.0,0.83,364,0],[""Victor Reyes"",2021,27,0.98,0.83,280,0]]}",0.9099909976150617,-0.016978344977301236,0.9099909976150617,200.0,0.927,182.0,546.0,396,314,FA,516.0,495.0,-334.0,-313.0,let go,False,333
694376,Shay Whitcomb,2026,1998-09-28,3B,R,multi,49,122,116,24,3,0,4,9,13,4,0,2,1,35,0,17,3,0,0,0,6,7,35,2,1,2,27.0,122.0,28.7,3.3,0.207,0.336,0.233,0.129,0.26,0.214,0.374,0.249,0.265,0.24,0.16,0.335,0.358,-0.007,-0.038,-0.016,86.7,17.0,36.1,10.8,33.7,99.240647805,93.721216667,65.1,34.6,42.7,90.0,27.5,49.1,36.1,38.6,28.9,22.9,9.6,7.6,71.1,9.2,19.6,15.2,10.9,66.0,-7.0,27.3,4.54,8.0,7.0,9.0,83.0,72.3,68.0,shay whitcomb,multi,,,,,,,,92.0,27.8,1.8775510204081634,0.7540983606557377,451,2B/3B/OF,3B,True,339.0,172.67,2.396692273871662,-80.66999999999999,-0.5191412534634987,-112.0,False,False,339,False,15.012280805857037,5.240939468820189,0.3932786447885053,4.177501080534266,13.010529864912172,13.92182797095298,102.14035783586515,0.8372160478349602,-10.140357835865146,-0.08311768717922252,472.0,-380.0,"{'C': 423, 'SS': 594, '2B': 592, '3B': 571, '1B': 601, 'OF': 526, 'UT': 472}",0.7540983606557377,0.26229508196721313,-10.256999636907757,,,,,,9.836065573770492,19.672131147540984,19.672131147540984,0.016000000000000014,,0,200,,,0,False,0.4040983606557377,,,,0.0,0.0,0.0,0.0,,0.0,2026-04-03,2026-09-27,49.0,96.0,96.0,0.0,206.0,0.51,8.0,0.0,0.15,,established,29.8,1.1,0.43,"deserved 0.84/PA on contact quality, got 0.75 · 200 career PA, still new · avg EV 86.7 (21st pct)",xwOBA 0.265 (10th) · barrels 10.8% (78th) · EV 86.7 (19th) · hard-hit 34% (26th) · K 29% (17th) · BB 3% (2nd) · chase 35% (25th) · bat speed 71.1 mph (36th) · sprint 27.3 (46th),"{""n"":20,""b"":0,""c"":[[""Kevin Smith"",2022,26,0.7,0.7,102,0],[""Hunter Feduccia"",2025,28,0.7,0.83,208,0],[""Jake Cave"",2021,29,0.72,0.92,163,0],[""Alex Jackson"",2024,28,0.72,1.09,109,0],[""Clint Frazier"",2021,27,0.78,0.8,36,0]]}",0.9112821570034629,-0.016978344977301236,0.9112821570034629,200.0,1.0,182.0,547.0,396,309,FA,516.0,495.0,-334.0,-313.0,let go,False,334
807727,Charles McAdoo,2026,2002-03-06,2B,R,Toronto Blue Jays,36,106,97,25,4,0,3,12,14,7,0,2,0,25,2,18,0,0,0,0,11,12,7,0,4,0,24.0,106.0,23.6,6.6,0.258,0.392,0.302,0.134,0.31,0.245,0.367,0.303,0.289,0.291,0.123,0.368,0.348,0.013,0.025,0.014,85.5,15.0,29.7,5.4,25.7,96.549836216,92.274918108,67.0,32.5,70.1,82.8,21.5,49.1,24.3,39.2,25.7,25.7,9.5,7.2,73.7,6.6,19.2,36.5,6.0,40.7,-1.0,28.9,4.41,4.0,10.0,11.0,74.0,82.1,56.6,charles mcadoo,TOR,,,,,,,,102.0,24.3,2.8333333333333335,0.9622641509433962,439,2B/3B,2B,True,339.0,172.67,2.396692273871662,-70.66999999999999,0.4366410594616714,-100.0,False,False,339,False,17.312540276519346,3.583874091911832,0.25863098661829803,2.609954644950524,12.677485148416931,10.6193751453492,95.75786029376613,0.9033760405072276,6.242139706233871,0.058888110436168595,472.0,-370.0,"{'C': 423, 'SS': 594, '2B': 592, '3B': 571, '1B': 601, 'OF': 526, 'UT': 472}",0.9622641509433962,0.4528301886792453,-9.678707604859389,,,,,,11.320754716981131,16.9811320754717,39.62264150943396,-0.014000000000000012,,0,106,,,0,False,0.6122641509433963,,,,0.0,0.0,0.0,0.0,,0.0,2026-05-29,2026-09-27,36.0,107.0,107.0,0.0,160.0,0.336,63.0,1.0,0.15,,rookie,46.7,2.6,0.43,"24 years old, an age that jumps 8% of the time · sprint 28.9 ft/s (87th pct) · got 0.96/PA but deserved 0.90",xwOBA 0.289 (28th) · barrels 5.4% (32nd) · EV 85.5 (8th) · hard-hit 26% (7th) · K 24% (44th) · BB 7% (27th) · chase 32% (36th) · bat speed 73.7 mph (75th) · sprint 28.9 (86th),"{""n"":20,""b"":1,""c"":[[""Christian Arroyo"",2021,26,1.0,0.98,294,0],[""Alan Trejo"",2022,26,0.96,0.86,195,0],[""Oswaldo Cabrera"",2022,23,1.06,0.8,264,0],[""Edward Olivares"",2021,25,0.96,0.98,170,0],[""Derek Hill"",2021,26,1.05,0.78,72,0]]}",0.9096396606556485,0.00019966633770723946,0.9096396606556485,200.0,1.0,182.0,546.0,396,314,FA,516.0,495.0,-334.0,-313.0,let go,False,335
608701,Rob Refsnyder,2026,1991-03-26,DH,R,Seattle Mariners,53,129,114,16,1,0,4,9,11,8,3,0,0,37,3,11,0,0,1,0,0,0,0,0,21,29,35.0,129.0,28.7,6.2,0.14,0.254,0.211,0.114,0.158,0.17,0.316,0.207,0.255,0.241,0.146,0.241,0.316,-0.03,-0.062,-0.048,86.6,19.5,24.7,8.6,34.6,98.02099925,93.073923671,64.8,25.7,47.8,80.9,29.0,44.5,50.6,39.5,29.6,17.3,13.6,7.6,71.9,9.8,20.6,19.1,12.3,59.2,-12.0,27.0,4.55,3.0,4.0,9.0,81.0,81.1,63.3,rob refsnyder,SEA,,,,,,,,78.0,35.3,1.471698113207547,0.6046511627906976,475,OF,OF,True,339.0,172.67,2.396692273871662,-94.66999999999999,-0.924994160664115,-136.0,False,False,339,False,10.76171563851626,4.425028665213004,0.3607957540252243,3.8324599422455146,12.897529671526405,13.962500858510259,95.26403053003665,0.7384808568219895,-17.26403053003665,-0.13382969403129186,472.0,-394.0,"{'C': 423, 'SS': 594, '2B': 592, '3B': 571, '1B': 601, 'OF': 526, 'UT': 472}",0.6046511627906976,0.15503875968992248,-11.13681924043928,,,,,,0.0,18.6046511627907,37.2093023255814,0.048000000000000015,,3,1222,,1.1148325358851674,3,False,-0.5101813730944698,2.8999999999999986,-3.700000000000001,-1.2999999999999972,29.0,1.0,69.0,0.0,,44.0,2026-03-28,2026-08-01,53.0,116.0,93.0,23.0,225.0,0.57,2.0,0.0,0.15,,established,27.6,0.3,0.685,"deserved 0.74/PA on contact quality, got 0.60 · sprint 27.0 ft/s (37th pct) · 1,222 career PA, a known quantity",xwOBA 0.255 (6th) · barrels 8.6% (62nd) · EV 86.6 (18th) · hard-hit 35% (30th) · K 29% (17th) · BB 6% (23rd) · chase 26% (78th) · bat speed 71.9 mph (48th) · sprint 27.0 (36th),"{""n"":20,""b"":0,""c"":[[""Nick Ahmed"",2024,34,0.71,0.5,5,0],[""Ehire Adrianza"",2022,33,0.6,0.0,0,0],[""Kris Bryant"",2024,32,0.73,0.46,19,0],[""Mart\u00edn Maldonado"",2024,38,0.54,0.75,121,0],[""Jason Heyward"",2022,33,0.73,1.02,384,0]]}",0.9086376932732856,-0.05989080447742173,0.9086376932732856,200.0,0.917,182.0,545.0,396,319,FA,516.0,495.0,-334.0,-313.0,let go,False,336
682818,Yohendrick Piñango,2026,2002-05-07,OF,L,Toronto Blue Jays,58,180,169,44,8,0,5,12,20,11,0,0,0,44,0,31,1,0,1,0,0,0,0,0,64,1,24.0,180.0,24.4,6.1,0.26,0.396,0.306,0.136,0.325,0.262,0.398,0.309,0.309,0.308,0.136,0.383,0.383,-0.002,-0.002,0.0,90.9,9.6,35.2,8.0,45.6,101.811230635,95.30729608,67.1,35.2,64.0,80.0,25.6,50.9,28.8,42.4,21.6,30.4,5.6,7.1,75.6,13.2,20.8,57.4,0.9,29.7,-4.0,27.2,4.49,5.0,15.0,24.0,125.0,76.8,61.7,yohendrick pinango,TOR,,,,,,,,155.0,24.1,2.6724137931034484,0.8611111111111112,382,OF,OF,True,339.0,172.67,2.396692273871662,-17.669999999999987,0.27572151923178634,-43.0,False,False,339,False,31.707540943093225,7.140280758176393,0.4468156543675281,4.983362644362851,20.46878289312028,19.61868205178391,163.62746494490418,0.9090414719161343,-8.627464944904176,-0.04793036080502311,472.0,-317.0,"{'C': 423, 'SS': 594, '2B': 592, '3B': 571, '1B': 601, 'OF': 526, 'UT': 472}",0.8611111111111112,0.36666666666666664,-9.257773419564204,,,,,,0.0,16.666666666666664,36.666666666666664,0.0,,0,180,,,0,False,0.5111111111111112,,,,0.0,0.0,0.0,0.0,,0.0,2026-04-26,2026-07-29,58.0,90.0,90.0,0.0,324.0,0.644,30.0,1.0,0.15,,young / establishing,50.9,6.2,0.43,"24 years old, an age that jumps 8% of the time · avg EV 90.9 (87th pct) · deserved 0.91/PA on contact quality, got 0.86",xwOBA 0.309 (51st) · barrels 8.0% (56th) · EV 90.9 (86th) · hard-hit 46% (83rd) · K 24% (37th) · BB 6% (23rd) · chase 35% (23rd) · bat speed 75.6 mph (92nd) · sprint 27.2 (42nd),"{""n"":20,""b"":1,""c"":[[""Trey Sweeney"",2024,24,0.87,0.74,241,0],[""Jos\u00e9 Tena"",2024,23,0.86,0.86,145,0],[""Ronny Mauricio"",2025,24,0.83,0.89,55,0],[""Jos\u00e9 Tena"",2025,24,0.86,0.91,261,0],[""Josh Naylor"",2021,24,0.9,1.01,502,0]]}",0.9082833684371875,0.00019966633770723946,0.9082833684371875,200.0,1.0,182.0,545.0,396,319,FA,516.0,495.0,-334.0,-313.0,let go,False,337
666397,Edouard Julien,2026,1999-04-30,2B,L,Colorado Rockies,88,276,236,49,9,1,3,37,20,39,1,5,3,71,0,36,5,0,0,0,12,72,0,0,0,9,27.0,276.0,25.7,14.1,0.208,0.292,0.322,0.084,0.284,0.247,0.401,0.287,0.338,0.356,0.155,0.31,0.396,-0.039,-0.109,-0.051,90.8,7.7,42.4,7.3,49.7,100.290529512,94.870091768,62.8,18.6,48.6,84.4,23.7,40.9,37.0,50.3,20.0,27.3,2.4,7.0,71.5,11.5,27.9,15.2,11.6,38.7,-3.0,26.7,4.55,9.0,19.0,21.0,165.0,77.6,57.2,edouard julien,COL,,,,,,,,225.0,27.2,2.5568181818181817,0.8152173913043478,317,1B/2B,2B,True,339.0,172.67,2.396692273871662,52.33000000000001,0.1601259079465196,22.0,False,False,258,False,37.64644500920734,12.116641051480574,1.123382869416834,7.405531069895251,33.25791366359649,31.02890506406594,267.4508187276624,0.9690247055350087,-42.45081872766241,-0.15380731423066096,472.0,-247.0,"{'C': 423, 'SS': 594, '2B': 592, '3B': 571, '1B': 601, 'OF': 526, 'UT': 472}",0.8152173913043478,0.358695652173913,-8.395055442804116,,,,,,10.869565217391305,6.521739130434782,84.78260869565217,0.051000000000000045,1.0147058823529411,4,1193,-0.19948849104859334,1.0147058823529411,3,False,-0.19948849104859334,-3.6000000000000014,-4.8999999999999995,1.2999999999999972,0.0,0.0,0.0,0.0,,0.0,2026-03-27,2026-08-07,88.0,124.0,124.0,0.0,361.0,0.71,0.0,0.0,0.15,,established,32.6,1.9,1.095,"deserved 0.97/PA on contact quality, got 0.82 · avg EV 90.8 (86th pct) · 27 years old, an age that jumps 3% of the time · bat speed up 1.3 mph",xwOBA 0.338 (82nd) · barrels 7.3% (50th) · EV 90.8 (85th) · hard-hit 50% (93rd) · K 26% (29th) · BB 14% (95th) · chase 19% (99th) · bat speed 71.5 mph (42nd) · sprint 26.7 (29th),"{""n"":20,""b"":0,""c"":[[""Brandon Lowe"",2022,28,0.85,1.03,449,0],[""Sam Hilliard"",2022,28,0.81,1.12,87,0],[""Jack Suwinski"",2024,26,0.84,0.76,135,0],[""MJ Melendez"",2024,26,0.86,0.49,32,0],[""Emmanuel Rivera"",2024,28,0.79,0.71,90,0]]}",0.9108772532627761,-0.020371427220405795,0.9108772532627761,200.0,1.0,182.0,547.0,396,309,FA,516.0,495.0,-334.0,-313.0,let go,False,338
642086,Dominic Smith,2026,1995-06-15,DH,L,Atlanta Braves,108,300,269,68,6,1,9,40,46,23,2,0,0,48,5,52,0,0,0,0,6,0,0,0,1,75,31.0,300.0,16.0,7.7,0.253,0.383,0.311,0.13,0.272,0.239,0.378,0.304,0.301,0.302,0.138,0.327,0.322,0.014,0.005,0.003,87.8,13.3,34.4,5.8,32.6,97.752079911,92.955381652,67.3,31.0,62.2,86.8,21.5,48.3,36.1,40.5,29.1,24.7,5.7,6.9,68.9,8.7,29.7,6.7,8.5,48.5,-5.0,26.1,4.53,14.0,17.0,37.0,227.0,81.4,64.2,dominic smith,ATL,,,,,,,,282.0,31.0,2.611111111111111,0.94,270,1B,UT,True,339.0,172.67,2.396692273871662,109.33000000000001,0.2144188372394491,69.0,False,False,250,False,45.20267268278727,9.579987090380659,0.9830077708768762,8.525332455955196,31.646851559466942,33.32620378144957,255.67705534091652,0.8522568511363884,26.322944659083475,0.08774314886361156,472.0,-190.0,"{'C': 423, 'SS': 594, '2B': 592, '3B': 571, '1B': 601, 'OF': 526, 'UT': 472}",0.94,0.5466666666666666,-5.7237256813888875,37.453183520599254,68.53932584269663,16.479400749063668,-31.086142322097373,20.973782771535586,0.0,18.0,46.0,-0.0030000000000000027,0.9955555555555555,5,2063,-0.05555555555555558,0.9955555555555555,4,False,-0.05555555555555558,-2.6999999999999993,1.5999999999999996,1.1000000000000085,0.0,0.0,15.0,0.0,,9.0,2026-03-28,2026-09-27,108.0,165.0,165.0,0.0,295.0,0.655,1.0,0.0,0.15,,established,27.4,0.5,1.076,"avg EV 87.8 (39th pct) · only 300 PA, and a breakout needs 350 next year · sprint 26.1 ft/s (18th pct) · bat speed up 1.1 mph",xwOBA 0.301 (42nd) · barrels 5.8% (35th) · EV 87.8 (37th) · hard-hit 33% (23rd) · K 16% (86th) · BB 8% (38th) · chase 31% (47th) · bat speed 68.9 mph (13th) · sprint 26.1 (17th),"{""n"":20,""b"":0,""c"":[[""Jose Trevino"",2024,32,0.93,0.88,267,0],[""Adam Frazier"",2023,32,0.98,0.78,228,0],[""Kevin Newman"",2024,31,0.94,0.66,76,0],[""Jeff McNeil"",2024,32,0.88,0.91,419,0],[""Carson Kelly"",2025,31,1.06,1.02,434,0]]}",0.8812437554529979,-0.03573509974786369,0.8812437554529979,206.0,0.993,182.0,529.0,396,377,FA,516.0,495.0,-334.0,-313.0,let go,False,339
656976,Pavin Smith,2026,1996-02-06,1B,L,Arizona Diamondbacks,40,122,109,20,3,0,3,12,12,12,0,2,0,25,1,14,1,0,0,0,24,0,0,0,0,15,30.0,122.0,20.5,9.8,0.183,0.294,0.262,0.111,0.207,0.216,0.318,0.252,0.281,0.295,0.103,0.263,0.305,-0.033,-0.024,-0.029,87.6,12.9,23.5,4.7,37.6,98.86166,93.522387765,62.2,27.7,62.7,87.8,19.7,45.2,41.2,45.9,29.4,17.6,7.1,7.4,71.0,9.3,24.7,11.3,10.5,55.6,-7.0,25.1,4.71,5.0,8.0,7.0,85.0,75.0,62.3,pavin smith,ARI,,,,,,,,93.0,30.4,2.325,0.7622950819672131,450,1B,1B,True,339.0,172.67,2.396692273871662,-79.66999999999999,-0.07169227387166188,-111.0,False,False,339,False,17.532284485543922,3.280971669440512,0.24620320448721336,2.4845406405283534,11.34230670764055,12.515034799777968,99.17234150741851,0.8128880451427747,-6.172341507418508,-0.05059296317556161,472.0,-379.0,"{'C': 423, 'SS': 594, '2B': 592, '3B': 571, '1B': 601, 'OF': 526, 'UT': 472}",0.7622950819672131,0.36885245901639346,-10.41172705996262,,,,,,9.836065573770492,14.754098360655737,59.01639344262295,0.029000000000000026,,4,1618,,0.96875,4,False,-0.20645491803278693,-11.399999999999999,-6.999999999999999,-1.0,63.0,1.0,217.0,0.0,Left elbow inflammation,155.39999999999998,2026-03-27,2026-09-27,40.0,162.0,106.0,56.0,186.0,0.377,1.0,0.0,0.15,,established,27.4,0.4,0.842,"deserved 0.81/PA on contact quality, got 0.76 · avg EV 87.6 (36th pct) · already 30, an age that jumps 3% of the time",xwOBA 0.281 (20th) · barrels 4.7% (26th) · EV 87.6 (34th) · hard-hit 38% (44th) · K 20% (63rd) · BB 10% (65th) · chase 28% (67th) · bat speed 71.0 mph (35th) · sprint 25.1 (5th),"{""n"":20,""b"":0,""c"":[[""Jesse Winker"",2023,30,0.73,1.05,531,0],[""Jose Trevino"",2023,31,0.8,0.93,218,0],[""J.D. Davis"",2024,31,0.71,0.22,2,0],[""Gio Urshela"",2023,32,0.89,0.8,367,0],[""Andrew Knizner"",2024,29,0.58,0.81,71,0]]}",0.9103877641854462,-0.01977893541086498,0.9103877641854462,200.0,0.876,182.0,546.0,396,314,FA,516.0,495.0,-334.0,-313.0,let go,False,340
678489,Jorge Barrosa,2026,2001-02-17,OF,S,multi,105,174,145,28,12,1,2,30,12,17,2,3,0,46,1,13,1,0,0,0,0,0,0,0,104,0,25.0,174.0,26.4,9.8,0.193,0.331,0.285,0.138,0.265,0.164,0.25,0.277,0.238,0.26,0.086,0.324,0.26,0.029,0.081,0.039,87.1,19.4,33.0,4.6,23.9,95.604165,91.863784615,61.1,29.3,59.3,81.3,26.6,43.9,45.0,44.0,30.3,17.4,8.3,7.7,69.0,3.4,22.8,3.0,14.4,54.1,-6.0,28.4,4.19,7.0,7.0,14.0,109.0,61.0,58.0,jorge barrosa,multi,,,,,,,,145.0,25.4,1.380952380952381,0.8333333333333334,394,OF,OF,True,339.0,172.67,2.396692273871662,-27.669999999999987,-1.0157398929192811,-55.0,False,False,339,False,16.476414222415,4.528899929613862,0.38295747352728043,2.391728374443858,17.854082541195364,15.103163085944361,119.98724562713971,0.6895818714203432,25.012754372860286,0.14375146191299015,472.0,-327.0,"{'C': 423, 'SS': 594, '2B': 592, '3B': 571, '1B': 601, 'OF': 526, 'UT': 472}",0.8333333333333334,0.367816091954023,-9.410893616686588,,,,,,10.344827586206897,6.896551724137931,58.62068965517242,-0.039000000000000035,,0,269,,,0,False,0.4833333333333334,,,,0.0,0.0,0.0,0.0,,0.0,2026-03-28,2026-09-27,105.0,157.0,157.0,0.0,180.0,0.669,2.0,0.0,0.15,,established,24.4,0.9,0.43,"269 career PA, still new · 25 years old, an age that jumps 5% of the time · sprint 28.4 ft/s (77th pct)",xwOBA 0.238 (2nd) · barrels 4.6% (25th) · EV 87.1 (25th) · hard-hit 24% (4th) · K 26% (26th) · BB 10% (65th) · chase 29% (57th) · bat speed 69.0 mph (14th) · sprint 28.4 (76th),"{""n"":20,""b"":1,""c"":[[""Blaze Alexander"",2024,25,0.86,0.9,239,0],[""Ryan Ritter"",2025,25,0.8,0.48,10,0],[""Alan Roden"",2025,26,0.75,0.94,88,0],[""Brett Wisely"",2024,25,0.81,0.79,50,0],[""Cole Tucker"",2021,25,0.83,0.49,31,0]]}",0.907255956797034,-0.012779447936574123,0.907255956797034,200.0,1.0,181.0,544.0,403,325,FA,516.0,495.0,-335.0,-314.0,let go,False,341
695490,Edwin Arroyo,2026,2003-08-25,2B,S,Cincinnati Reds,50,160,148,33,4,1,0,14,5,6,3,1,1,38,1,28,5,0,0,0,0,42,5,4,0,0,22.0,160.0,23.8,3.8,0.223,0.264,0.266,0.041,0.297,0.268,0.348,0.24,0.291,0.309,0.08,0.284,0.358,-0.045,-0.084,-0.051,88.0,15.8,41.6,2.7,27.4,96.289835849,92.181635566,77.3,39.7,53.4,84.1,26.8,57.8,42.5,42.5,19.5,31.0,7.1,7.3,69.2,5.7,25.1,5.7,13.8,44.4,-10.0,28.8,4.27,2.0,9.0,22.0,113.0,81.3,60.6,edwin arroyo,CIN,,,,,,,,98.0,22.8,1.96,0.6125,445,2B/SS,2B,True,339.0,172.67,2.396692273871662,-74.66999999999999,-0.4366922738716621,-106.0,False,False,339,False,32.99615928414255,3.8681027525019203,0.4273166425685012,2.3724213207870255,18.502993186013114,14.364120378893666,131.0351135649068,0.8189694597806675,-33.035113564906794,-0.20646945978066744,472.0,-374.0,"{'C': 423, 'SS': 594, '2B': 592, '3B': 571, '1B': 601, 'OF': 526, 'UT': 472}",0.6125,0.16875,-10.887907746456401,,,,,,3.75,0.0,22.5,0.05099999999999999,,0,160,,,0,False,0.26250000000000007,,,,0.0,0.0,0.0,0.0,,0.0,2026-06-01,2026-09-04,50.0,90.0,90.0,0.0,288.0,0.556,67.0,1.0,0.15,,young / establishing,48.5,1.9,0.43,"23 years old, an age that jumps 11% of the time · deserved 0.82/PA on contact quality, got 0.61 · sprint 28.8 ft/s (85th pct)",xwOBA 0.291 (30th) · barrels 2.7% (9th) · EV 88.0 (40th) · hard-hit 27% (9th) · K 24% (42nd) · BB 4% (5th) · chase 40% (8th) · bat speed 69.2 mph (15th) · sprint 28.8 (84th),"{""n"":20,""b"":2,""c"":[[""Oswald Peraza"",2023,23,0.71,1.0,11,0],[""Cristian Pache"",2022,24,0.6,1.02,97,0],[""Lenyn Sosa"",2023,23,0.68,0.8,296,0],[""Curtis Mead"",2024,24,0.69,0.81,213,0],[""Darell Hernaiz"",2024,23,0.62,0.75,148,0]]}",0.9026552033155273,0.009960942754447033,0.9026552033155273,200.0,1.0,181.0,542.0,403,334,FA,516.0,495.0,-335.0,-314.0,let go,False,342
669221,Sean Murphy,2026,1994-10-04,C,R,Atlanta Braves,33,121,110,20,4,0,3,11,10,11,0,0,0,37,0,13,1,4,0,32,0,0,0,0,0,1,31.0,121.0,30.6,9.1,0.182,0.3,0.256,0.118,0.243,0.206,0.332,0.252,0.273,0.278,0.127,0.312,0.347,-0.024,-0.032,-0.021,87.8,5.6,26.0,8.2,41.1,100.957310811,94.726213288,67.0,34.3,45.0,80.8,31.9,50.1,49.3,56.2,23.3,16.4,4.1,7.9,72.6,13.8,23.1,29.2,12.7,51.8,-5.0,25.7,4.79,5.0,7.0,8.0,73.0,73.3,64.5,sean murphy,ATL,Sean Murphy,ATL,C,423.0,248.0,402.0,444.0,92.0,31.7,2.787878787878788,0.7603305785123967,451,C,C,False,248.0,296.0,2.990566037735849,-204.0,-0.20268724985706088,-203.0,False,False,339,True,15.104819182212324,4.196355801190872,0.30283085098127765,3.0559941656155245,11.664753295955185,13.022639483668097,101.97739277962329,0.8427883700795313,-9.977392779623287,-0.08245779156713462,423.0,-331.0,"{'C': 423, 'SS': 594, '2B': 592, '3B': 571, '1B': 601, 'OF': 526, 'UT': 472}",0.7603305785123967,0.23140495867768596,-10.797607047834642,,,,,,0.0,14.87603305785124,54.54545454545455,0.02100000000000002,,5,2220,,1.1369863013698631,5,True,-0.3766557228574664,-0.5999999999999979,-5.200000000000001,0.0,123.0,2.0,214.0,0.0,Right hip labrum repair,160.20000000000002,2026-05-04,2026-09-27,33.0,131.0,55.0,76.0,356.0,0.6,38.0,1.0,0.15,,established,30.9,0.2,0.84,"deserved 0.84/PA on contact quality, got 0.76 · avg EV 87.8 (39th pct) · sprint 25.7 ft/s (12th pct)",xwOBA 0.273 (16th) · barrels 8.2% (58th) · EV 87.8 (37th) · hard-hit 41% (62nd) · K 31% (12th) · BB 9% (55th) · chase 34% (28th) · bat speed 72.6 mph (60th) · sprint 25.7 (11th),"{""n"":20,""b"":0,""c"":[[""Kris Bryant"",2024,32,0.73,0.46,19,0],[""J.D. Davis"",2024,31,0.71,0.22,2,0],[""Lane Thomas"",2025,30,0.75,0.96,358,0],[""Jesse Winker"",2023,30,0.73,1.05,531,0],[""Trevor Story"",2023,31,0.87,1.02,108,0]]}",0.9047356227985609,-0.035407766755750046,0.9047356227985609,200.0,0.872,181.0,543.0,403,330,FA,516.0,495.0,-335.0,-314.0,let go,False,343
602104,Ramón Urías,2026,1994-06-03,3B,R,St. Louis Cardinals,43,100,86,13,3,0,4,14,9,9,4,0,1,18,1,6,5,0,0,0,2,7,33,2,0,0,32.0,100.0,18.0,9.0,0.151,0.326,0.26,0.175,0.138,0.191,0.381,0.265,0.302,0.296,0.19,0.251,0.304,-0.04,-0.055,-0.037,88.5,17.9,27.5,10.1,34.8,98.388988857,93.362815362,71.1,25.8,63.8,81.3,23.4,48.3,31.9,39.1,36.2,13.0,11.6,7.4,70.4,9.6,26.3,5.8,12.1,76.7,-2.0,26.8,4.66,6.0,3.0,4.0,69.0,73.9,60.0,ramon urias,STL,Ramon Urias,STL,"2B,3B",835.0,328.0,1177.0,,72.0,32.1,1.6744186046511629,0.72,481,2B/3B,3B,False,328.0,172.67,2.396692273871662,-100.66999999999999,-0.7222736692204992,-153.0,False,False,339,True,7.787880838777157,4.6140598556315675,0.3462377724053975,3.6778215331858783,11.42035594853345,12.028695910286727,80.64105185882018,0.8064105185882018,-8.641051858820177,-0.08641051858820181,472.0,-400.0,"{'C': 423, 'SS': 594, '2B': 592, '3B': 571, '1B': 601, 'OF': 526, 'UT': 472}",0.72,0.42,-10.621950390132495,,,,,,0.0,24.0,54.0,0.03699999999999998,,5,1929,,0.946843853820598,5,False,-0.22684385382059802,-4.5,2.0,-0.3999999999999915,110.0,1.0,121.0,0.0,Right elbow lateral epicondylitis,116.6,2026-03-26,2026-09-15,43.0,161.0,60.0,101.0,270.0,0.717,0.0,0.0,0.15,,established,28.7,0.6,0.8,"deserved 0.81/PA on contact quality, got 0.72 · sprint 26.8 ft/s (32nd pct) · already 32, an age that jumps 3% of the time · barrel rate up 2.0 pts on last year",xwOBA 0.302 (44th) · barrels 10.1% (73rd) · EV 88.5 (48th) · hard-hit 35% (31st) · K 18% (77th) · BB 9% (54th) · chase 26% (78th) · bat speed 70.4 mph (28th) · sprint 26.8 (31st),"{""n"":20,""b"":0,""c"":[[""J.D. Davis"",2024,31,0.71,0.22,2,0],[""Connor Joe"",2025,33,0.64,0.73,33,0],[""Kyle Farmer"",2024,34,0.85,0.79,236,0],[""Jason Heyward"",2022,33,0.73,1.02,384,0],[""Andy Ib\u00e1\u00f1ez"",2025,32,0.9,0.31,8,0]]}",0.907355893473005,-0.035407766755750046,0.907355893473005,200.0,0.907,181.0,544.0,403,325,FA,516.0,495.0,-335.0,-314.0,let go,False,344
664056,Harrison Bader,2026,1994-06-03,OF,R,San Francisco Giants,30,111,106,18,5,0,5,10,14,4,0,0,0,34,1,8,0,0,0,0,0,0,0,0,30,0,32.0,111.0,30.6,3.6,0.17,0.358,0.198,0.188,0.191,0.215,0.367,0.238,0.272,0.248,0.152,0.324,0.375,-0.045,-0.009,-0.034,89.2,12.3,32.9,8.2,41.1,99.221853514,93.717596301,69.1,38.7,50.0,78.7,32.0,53.4,46.6,47.9,21.9,21.9,8.2,7.2,72.9,8.4,22.7,37.9,12.4,50.0,-7.0,27.5,4.44,4.0,6.0,8.0,73.0,66.7,68.5,harrison bader,SF,Harrison Bader,SF,"LF,CF,RF",350.7,213.0,323.0,353.0,84.0,32.1,2.8,0.7567567567567568,465,OF,OF,False,213.0,340.5483870967742,3.0867599025400003,-256.5483870967742,-0.2867599025400005,-252.0,False,False,339,True,14.211201862765215,4.6505829894109105,0.32322843288253306,3.6049867149413397,11.88281524044354,12.369002952077611,89.94381819252114,0.8103046684010913,-5.943818192521135,-0.05354791164433448,472.0,-388.0,"{'C': 423, 'SS': 594, '2B': 592, '3B': 571, '1B': 601, 'OF': 526, 'UT': 472}",0.7567567567567568,0.2882882882882883,-10.481000885338094,,,,,,0.0,27.027027027027025,21.62162162162162,0.03400000000000003,,5,2107,,1.0638722554890219,5,False,-0.30711549873226507,3.5,-2.0,-0.5999999999999943,149.0,2.0,149.0,0.0,Left hamstring strain; Left plantar fasciitis,149.0,2026-03-25,2026-05-29,30.0,65.0,31.0,34.0,580.0,0.968,0.0,0.0,0.15,,established,29.8,0.1,0.837,"deserved 0.81/PA on contact quality, got 0.76 · avg EV 89.2 (61st pct) · already 32, an age that jumps 3% of the time",xwOBA 0.272 (15th) · barrels 8.2% (58th) · EV 89.2 (58th) · hard-hit 41% (62nd) · K 31% (12th) · BB 4% (4th) · chase 39% (10th) · bat speed 72.9 mph (64th) · sprint 27.5 (49th),"{""n"":20,""b"":0,""c"":[[""Connor Joe"",2025,33,0.64,0.73,33,0],[""J.D. Davis"",2024,31,0.71,0.22,2,0],[""Trevor Story"",2023,31,0.87,1.02,108,0],[""Lane Thomas"",2025,30,0.75,0.96,358,0],[""Michael A. Taylor"",2024,33,0.83,0.86,280,0]]}",0.9062852070479547,-0.035407766755750046,0.9062852070479547,200.0,0.881,181.0,544.0,403,325,FA,516.0,495.0,-335.0,-314.0,let go,False,345
807799,Masataka Yoshida,2026,1993-07-15,DH,L,Boston Red Sox,87,297,263,72,16,1,5,34,28,28,3,2,0,33,3,50,0,0,1,0,0,0,0,0,7,65,32.0,297.0,11.1,9.4,0.274,0.399,0.347,0.125,0.294,0.262,0.372,0.33,0.318,0.338,0.11,0.328,0.314,0.012,0.027,0.012,88.8,8.9,30.0,3.4,39.9,99.027488034,93.672635923,58.3,28.1,72.4,90.7,15.6,42.6,43.3,49.8,22.7,22.3,5.2,7.1,71.5,14.1,36.8,17.8,8.1,48.4,2.0,26.1,4.42,14.0,29.0,29.0,233.0,67.6,56.8,masataka yoshida,BOS,,,,,,,,278.0,33.0,3.1954022988505746,0.936026936026936,272,OF,UT,True,339.0,172.67,2.396692273871662,105.33000000000001,0.7987100249789125,67.0,False,False,250,False,52.12807164794005,10.31168669713986,0.780411661900168,5.685829993019933,32.022529782453084,30.74522547650317,268.50975525895626,0.9040732500301557,9.490244741043739,0.03195368599678028,472.0,-194.0,"{'C': 423, 'SS': 594, '2B': 592, '3B': 571, '1B': 601, 'OF': 526, 'UT': 472}",0.936026936026936,0.5521885521885522,-6.950640691753168,,,,,,4.040404040404041,10.1010101010101,56.56565656565657,-0.01200000000000001,1.05,4,1503,-0.11397306397306406,1.05,3,True,-0.11397306397306406,-0.5999999999999996,-3.1999999999999997,-0.4000000000000057,42.0,1.0,187.0,0.0,Left hamstring strain,116.7,2026-03-28,2026-08-15,87.0,131.0,125.0,6.0,385.0,0.696,2.0,0.0,0.15,,established,30.8,0.5,1.13,"avg EV 88.8 (55th pct) · 0.94/PA this year against 1.05 at his best, two steps to clear · got 0.94/PA but deserved 0.90",xwOBA 0.318 (63rd) · barrels 3.4% (15th) · EV 88.8 (53rd) · hard-hit 40% (56th) · K 11% (97th) · BB 9% (59th) · chase 28% (65th) · bat speed 71.5 mph (42nd) · sprint 26.1 (17th),"{""n"":20,""b"":0,""c"":[[""Gio Urshela"",2023,32,0.89,0.8,367,0],[""Andy Ib\u00e1\u00f1ez"",2025,32,0.9,0.31,8,0],[""Jose Trevino"",2025,33,0.88,0.85,132,0],[""Jean Segura"",2022,32,0.98,0.7,228,0],[""Joey Wendle"",2022,32,0.87,0.73,233,0]]}",0.9074553226013501,-0.04921542158677408,0.9074553226013501,200.0,0.861,181.0,544.0,403,325,FA,516.0,495.0,-335.0,-314.0,let go,False,346
673490,Ha-Seong Kim,2026,1995-10-17,SS,R,Atlanta Braves,51,147,129,15,1,1,0,11,9,16,1,2,0,38,0,13,3,0,0,0,0,0,0,47,0,0,30.0,147.0,25.9,10.9,0.116,0.14,0.219,0.024,0.165,0.157,0.206,0.18,0.222,0.257,0.049,0.159,0.225,-0.041,-0.066,-0.042,85.9,19.9,21.7,2.2,25.0,95.452664545,91.828525172,58.0,26.8,64.3,86.7,20.2,42.7,41.3,40.2,28.3,17.4,14.1,7.1,71.8,6.0,17.9,17.5,5.1,51.5,-17.0,27.7,4.45,1.0,5.0,9.0,92.0,57.8,59.2,haseong kim,ATL,Ha-Seong Kim,ATL,"2B,SS",385.0,234.0,366.0,404.0,73.0,30.7,1.4313725490196079,0.4965986394557823,478,SS,SS,False,234.0,340.5483870967742,3.0867599025400003,-267.5483870967742,-1.6553873535203925,-244.0,False,False,339,True,16.8009644159399,1.899038441174414,0.23702986983147026,1.3159672730542153,13.534501327265984,11.529544760368037,91.89104608763402,0.6251091570587348,-18.891046087634024,-0.1285105176029525,472.0,-399.0,"{'C': 423, 'SS': 594, '2B': 592, '3B': 571, '1B': 601, 'OF': 526, 'UT': 472}",0.4965986394557823,0.12244897959183673,-11.760671415069034,,,,,,8.16326530612245,0.0,65.3061224489796,0.04200000000000001,,4,2314,,,4,True,0.14659863945578233,5.5,-3.0,1.3999999999999915,77.0,2.0,260.0,0.0,Right middle finger laceration,174.8,2026-05-12,2026-09-27,51.0,125.0,98.0,27.0,243.0,0.52,46.0,1.0,0.15,,established,25.9,0.3,0.577,"deserved 0.63/PA on contact quality, got 0.50 · sprint 27.7 ft/s (56th pct) · already 31, an age that jumps 3% of the time · bat speed up 1.4 mph",xwOBA 0.222 (0th) · barrels 2.2% (6th) · EV 85.9 (12th) · hard-hit 25% (5th) · K 26% (28th) · BB 11% (79th) · chase 27% (72nd) · bat speed 71.8 mph (47th) · sprint 27.7 (55th),"{""n"":20,""b"":0,""c"":[[""Jeimer Candelario"",2025,32,0.52,0.5,10,0],[""Austin Hedges"",2023,31,0.63,0.71,104,0],[""Jonah Bride"",2025,30,0.51,0.5,3,0],[""Omar Narv\u00e1ez"",2024,32,0.48,0.9,9,0],[""Andrew Knapp"",2021,30,0.58,0.59,27,0]]}",0.9017147712847249,-0.03573509974786369,0.9017147712847249,200.0,0.86,180.0,541.0,407,337,FA,516.0,495.0,-336.0,-315.0,let go,False,347
665804,Miguel Amaya,2026,1999-03-09,C,R,Chicago Cubs,83,254,215,51,12,0,6,36,28,23,11,0,0,67,1,33,1,11,0,70,1,0,0,0,0,10,27.0,254.0,26.4,9.1,0.237,0.377,0.34,0.14,0.315,0.204,0.335,0.324,0.295,0.312,0.131,0.381,0.334,0.033,0.042,0.029,87.8,22.2,37.5,7.9,34.2,97.6572044,93.021388523,66.8,32.0,56.8,82.9,27.3,46.9,38.2,33.6,32.9,21.7,11.8,7.4,70.2,6.8,23.2,9.4,12.4,57.0,3.0,25.4,4.78,17.0,12.0,22.0,152.0,69.3,55.5,miguel amaya,CHC,,,,,,,,251.0,27.3,3.0240963855421685,0.9881889763779528,292,C,C,True,339.0,172.67,2.396692273871662,78.33000000000001,0.6274041116705065,47.0,False,False,255,False,28.138375336105504,9.24461246257507,0.5106490665333395,5.966363134786085,25.383444018672982,27.46374406187656,223.73218808054955,0.8808353861438959,27.267811919450452,0.10735359023405688,423.0,-172.0,"{'C': 423, 'SS': 594, '2B': 592, '3B': 571, '1B': 601, 'OF': 526, 'UT': 472}",0.9881889763779528,0.39763779527559057,-7.5755621003452305,,,,,,0.0,14.173228346456693,54.330708661417326,-0.029000000000000026,0.9881889763779528,2,876,0.0,,1,False,0.6381889763779528,,,,0.0,0.0,163.0,0.0,,97.8,2026-03-28,2026-09-27,83.0,164.0,164.0,0.0,251.0,0.506,2.0,0.0,0.15,,established,27.7,1.1,1.068,"0.99/PA is his best rate yet, so the bar is one step up · 27 years old, an age that jumps 3% of the time · avg EV 87.8 (39th pct)",xwOBA 0.295 (35th) · barrels 7.9% (55th) · EV 87.8 (37th) · hard-hit 34% (28th) · K 26% (26th) · BB 9% (55th) · chase 32% (40th) · bat speed 70.2 mph (26th) · sprint 25.4 (9th),"{""n"":20,""b"":0,""c"":[[""Seby Zavala"",2022,29,0.94,0.76,147,0],[""JJ Bleday"",2025,28,0.92,0.95,518,0],[""Pedro Pag\u00e9s"",2024,26,0.98,0.93,362,0],[""Jordan Luplow"",2021,28,1.01,0.94,219,0],[""Yu Chang"",2021,26,0.94,0.74,140,0]]}",0.8954624749519279,-0.020371427220405795,0.8954624749519279,200.0,0.922,179.0,537.0,409,350,FA,516.0,495.0,-337.0,-316.0,let go,False,348
677592,Everson Pereira,2026,2001-04-10,OF,R,multi,38,111,98,23,5,0,5,10,12,6,5,1,0,37,1,13,0,0,1,0,0,0,0,0,34,5,25.0,111.0,33.3,5.4,0.235,0.439,0.309,0.204,0.316,0.205,0.4,0.327,0.299,0.283,0.194,0.454,0.404,0.03,0.039,0.028,88.5,9.7,39.7,12.7,41.3,100.122989677,94.214766452,73.6,37.4,36.1,78.4,37.8,53.7,36.5,50.8,23.8,17.5,7.9,8.0,74.3,10.5,18.3,47.1,13.1,66.8,-2.0,27.6,4.41,8.0,7.0,7.0,63.0,81.8,61.3,everson pereira,multi,,,,,,,,104.0,25.2,2.736842105263158,0.9369369369369369,433,OF,OF,True,339.0,172.67,2.396692273871662,-68.66999999999999,0.3401498313914959,-94.0,False,False,339,False,9.967103389702846,5.487641744952845,0.38140634098576953,4.2538485243585376,13.190112662474048,13.3822759479264,101.76438861040045,0.9167962937873914,2.235611389599555,0.020140643149545556,472.0,-368.0,"{'C': 423, 'SS': 594, '2B': 592, '3B': 571, '1B': 601, 'OF': 526, 'UT': 472}",0.9369369369369369,0.3153153153153153,-9.957343219335632,,,,,,5.405405405405405,27.027027027027025,32.432432432432435,-0.028000000000000025,,0,287,,,0,False,0.5869369369369369,,,,126.0,4.0,128.0,0.0,Right pectoral strain; Concussion; Left hand contusion,127.2,2026-03-26,2026-08-21,38.0,133.0,48.0,85.0,375.0,0.792,0.0,0.0,0.15,,established,32.5,1.9,0.43,"287 career PA, still new · 25 years old, an age that jumps 5% of the time · got 0.94/PA but deserved 0.92",xwOBA 0.299 (40th) · barrels 12.7% (88th) · EV 88.5 (48th) · hard-hit 41% (63rd) · K 33% (4th) · BB 5% (15th) · chase 37% (15th) · bat speed 74.3 mph (82nd) · sprint 27.6 (52nd),"{""n"":20,""b"":1,""c"":[[""Riley Adams"",2021,25,0.91,0.74,114,0],[""Zach Dezenzo"",2025,25,0.95,0.76,62,0],[""Nolan Jones"",2022,24,0.94,1.37,580,0],[""Taylor Trammell"",2022,25,0.93,0.88,49,0],[""Hunter Goodman"",2024,25,0.92,1.13,654,1]]}",0.8949288175551782,-0.012779447936574123,0.8949288175551782,200.0,0.898,179.0,537.0,409,350,FA,516.0,495.0,-337.0,-316.0,let go,False,349
694388,Joey Loperfido,2026,1999-05-11,OF,L,Houston Astros,40,121,103,22,7,1,1,13,12,14,1,1,1,32,1,13,1,0,2,0,0,0,0,0,39,0,27.0,121.0,26.4,11.6,0.214,0.33,0.311,0.116,0.296,0.229,0.334,0.287,0.294,0.318,0.105,0.334,0.346,-0.015,-0.004,-0.007,89.0,11.9,32.9,6.8,35.6,98.647922778,93.55777,68.6,29.8,50.0,76.5,31.6,49.0,27.4,52.1,26.0,19.2,2.7,7.7,71.7,6.4,21.2,18.7,15.4,40.4,-4.0,28.3,4.28,5.0,9.0,8.0,73.0,80.6,75.8,joey loperfido,HOU,,,,,,,,102.0,27.1,2.55,0.8429752066115702,439,OF,OF,True,339.0,172.67,2.396692273871662,-70.66999999999999,0.15330772612833776,-100.0,False,False,339,False,17.41821732710879,3.6641431351155216,0.36306174844258654,2.141577789333102,14.018214537805584,11.476435487876996,104.48365002568256,0.863501239881674,-2.4836500256825644,-0.020526033270103827,472.0,-370.0,"{'C': 423, 'SS': 594, '2B': 592, '3B': 571, '1B': 601, 'OF': 526, 'UT': 472}",0.8429752066115702,0.34710743801652894,-10.401132138461401,,,,,,4.958677685950414,4.958677685950414,69.42148760330579,0.007000000000000006,,1,487,,,1,False,0.49297520661157024,,,,46.0,1.0,46.0,0.0,,46.0,2026-03-26,2026-09-16,40.0,159.0,116.0,43.0,169.0,0.345,0.0,0.0,0.15,,established,34.5,1.3,0.923,"487 career PA, still new · sprint 28.3 ft/s (74th pct) · deserved 0.86/PA on contact quality, got 0.84",xwOBA 0.294 (33rd) · barrels 6.8% (45th) · EV 89.0 (55th) · hard-hit 36% (35th) · K 26% (26th) · BB 12% (85th) · chase 30% (54th) · bat speed 71.7 mph (46th) · sprint 28.3 (72nd),"{""n"":20,""b"":0,""c"":[[""Kody Clemens"",2023,27,0.8,0.95,114,0],[""Mike Brosseau"",2021,27,0.83,0.94,151,0],[""Jason Vosler"",2021,28,0.87,1.01,112,0],[""Tim Tawa"",2025,26,0.88,0.93,327,0],[""Lewis Brinson"",2021,27,0.85,1.0,39,0]]}",0.8969716007476998,-0.020371427220405795,0.8969716007476998,200.0,0.963,179.0,538.0,409,346,FA,516.0,495.0,-337.0,-316.0,let go,False,350
665966,Carlos Narváez,2026,1998-11-26,C,R,multi,95,285,248,40,7,0,3,22,10,19,8,2,0,90,3,30,6,11,0,93,0,1,0,0,0,1,27.0,285.0,31.6,6.7,0.161,0.226,0.241,0.065,0.234,0.191,0.303,0.219,0.26,0.269,0.112,0.259,0.331,-0.03,-0.077,-0.041,90.6,18.3,35.1,6.6,36.9,99.444669241,94.185727389,70.5,32.3,45.9,76.4,33.2,51.4,31.5,39.3,30.4,21.4,8.9,7.5,72.1,7.0,20.7,20.1,11.4,50.7,-19.0,25.3,4.92,8.0,11.0,21.0,168.0,73.4,63.5,carlos narvaez,multi,Carlos Narvaez,BAL,C,345.8,210.0,289.0,392.0,177.0,27.6,1.8631578947368421,0.6210526315789474,364,C,C,False,210.0,340.5483870967742,3.0867599025400003,-163.5483870967742,-1.2236020078031582,-154.0,False,False,283,True,31.920742725004803,8.991878204801274,0.5820154153830461,5.873363654810877,25.666300980496462,29.542886487153105,226.72118746764957,0.795512938482981,-49.72118746764957,-0.17446030690403358,423.0,-246.0,"{'C': 423, 'SS': 594, '2B': 592, '3B': 571, '1B': 601, 'OF': 526, 'UT': 472}",0.6210526315789474,0.06666666666666667,-11.101130917374032,,,,,,4.2105263157894735,6.315789473684211,40.0,0.04100000000000001,1.0403587443946187,2,746,-0.4193061128156713,1.0403587443946187,1,False,-0.4193061128156713,6.700000000000003,-2.5,-0.20000000000000284,0.0,0.0,0.0,0.0,,0.0,2026-03-26,2026-09-25,95.0,165.0,165.0,0.0,280.0,0.576,0.0,0.0,0.15,,established,29.1,0.7,1.12,"deserved 0.80/PA on contact quality, got 0.62 · avg EV 90.6 (83rd pct) · 746 career PA, still new",xwOBA 0.260 (8th) · barrels 6.6% (43rd) · EV 90.6 (82nd) · hard-hit 37% (41st) · K 32% (10th) · BB 7% (28th) · chase 32% (38th) · bat speed 72.1 mph (52nd) · sprint 25.3 (7th),"{""n"":20,""b"":0,""c"":[[""Jared Walsh"",2022,29,0.81,0.64,74,0],[""Michael Toglia"",2025,27,0.76,0.43,12,0],[""Edouard Julien"",2025,26,0.69,0.82,225,0],[""Josh Rojas"",2025,31,0.63,0.77,89,0],[""Avisa\u00edl Garc\u00eda"",2022,31,0.78,0.76,90,0]]}",0.8689509700418303,-0.016978344977301236,0.8689509700418303,206.0,1.0,179.0,521.0,409,400,FA,516.0,495.0,-337.0,-316.0,let go,False,351
808975,Hyeseong Kim,2026,1999-01-27,SS,L,Los Angeles Dodgers,43,131,116,30,3,1,1,16,11,12,0,5,1,31,2,25,4,0,0,0,0,16,0,27,1,0,27.0,131.0,23.7,9.2,0.259,0.328,0.323,0.069,0.337,0.261,0.341,0.293,0.304,0.333,0.08,0.341,0.358,-0.002,-0.013,-0.011,85.8,9.1,42.5,3.4,25.3,95.588878636,91.838053563,64.5,29.2,39.7,87.1,27.0,47.4,32.2,47.1,19.5,29.9,3.4,7.2,66.7,5.6,27.0,0.0,8.1,39.2,-3.0,28.8,4.09,2.0,8.0,20.0,87.0,67.6,68.7,hyeseong kim,LAD,Hyeseong Kim,LAD,"2B,SS,CF",549.7,274.0,881.0,419.0,118.0,27.4,2.744186046511628,0.9007633587786259,421,2B/SS,SS,False,274.0,221.75,2.840653659676383,-103.75,-0.09646761316475505,-147.0,False,False,339,True,25.17746793624173,2.8444252965293146,0.32674559821617877,1.927361169012776,15.763355587382462,11.5514597262761,120.14681531365858,0.917151261936325,-2.1468153136585784,-0.016387903157699113,472.0,-354.0,"{'C': 423, 'SS': 594, '2B': 592, '3B': 571, '1B': 601, 'OF': 526, 'UT': 472}",0.9007633587786259,0.3893129770992366,-9.530710500944615,,,,,,22.900763358778626,4.580152671755725,54.961832061068705,0.01100000000000001,,0,301,,,0,False,0.5507633587786259,-6.900000000000002,0.6999999999999997,-0.5,0.0,0.0,34.0,0.0,,20.4,2026-04-05,2026-05-27,43.0,54.0,54.0,0.0,393.0,0.796,10.0,0.0,0.15,,established,27.0,0.7,0.43,"301 career PA, still new · sprint 28.8 ft/s (85th pct) · deserved 0.92/PA on contact quality, got 0.90",xwOBA 0.304 (46th) · barrels 3.4% (15th) · EV 85.8 (11th) · hard-hit 25% (6th) · K 24% (43rd) · BB 9% (57th) · chase 29% (58th) · bat speed 66.7 mph (3rd) · sprint 28.8 (84th),"{""n"":20,""b"":0,""c"":[[""Nick Sogard"",2025,28,0.89,0.84,232,0],[""Christian Koss"",2025,27,0.92,0.74,164,0],[""Jos\u00e9 Az\u00f3car"",2024,28,0.87,1.0,21,0],[""Leo Rivas"",2024,27,0.85,1.06,118,0],[""Mauricio Dub\u00f3n"",2021,27,0.87,0.77,204,0]]}",0.8913149934572402,-0.020371427220405795,0.8913149934572402,200.0,0.984,178.0,535.0,414,357,FA,516.0,495.0,-338.0,-317.0,let go,False,352
682877,Juan Brito,2026,2001-09-24,2B,S,multi,33,115,106,26,6,0,3,13,14,7,1,1,0,26,1,17,4,0,0,0,0,26,4,1,3,0,24.0,115.0,22.6,6.1,0.245,0.387,0.296,0.142,0.295,0.237,0.365,0.3,0.288,0.289,0.128,0.356,0.339,0.008,0.022,0.012,85.3,16.7,33.3,6.2,30.9,96.383502439,92.27398642,71.9,32.1,51.9,82.5,27.2,51.6,55.6,43.2,21.0,22.2,13.6,7.5,69.7,8.3,21.1,4.6,13.2,61.1,-4.0,27.4,4.48,7.0,6.0,12.0,81.0,71.4,62.6,juan brito,multi,,,,,,,,101.0,24.8,3.0606060606060606,0.8782608695652174,441,2B/SS,2B,True,339.0,172.67,2.396692273871662,-71.66999999999999,0.6639137867343985,-102.0,False,False,339,False,17.644073441763968,4.289139712017557,0.28750025067297647,2.901286595545497,12.672024913648105,12.082270724715439,95.56629563836354,0.8310112664205526,5.433704361636458,0.047249603144664865,472.0,-371.0,"{'C': 423, 'SS': 594, '2B': 592, '3B': 571, '1B': 601, 'OF': 526, 'UT': 472}",0.8782608695652174,0.43478260869565216,-9.812557731497705,,,,,,5.217391304347826,15.652173913043477,36.52173913043478,-0.01200000000000001,,0,115,,,0,False,0.5282608695652175,,,,0.0,0.0,0.0,0.0,,0.0,2026-04-07,2026-09-27,33.0,42.0,42.0,0.0,444.0,0.786,12.0,0.0,0.15,,rookie,40.7,0.8,0.43,"25 years old, an age that jumps 5% of the time · got 0.88/PA but deserved 0.83 · avg EV 85.3 (8th pct)",xwOBA 0.288 (28th) · barrels 6.2% (38th) · EV 85.3 (7th) · hard-hit 31% (17th) · K 23% (51st) · BB 6% (23rd) · chase 32% (39th) · bat speed 69.7 mph (20th) · sprint 27.4 (48th),"{""n"":20,""b"":2,""c"":[[""Drew Gilbert"",2025,25,0.86,0.94,370,0],[""Cole Tucker"",2021,25,0.83,0.49,31,0],[""Cody Freeman"",2025,24,0.82,0.74,72,0],[""Mauricio Dub\u00f3n"",2021,27,0.87,0.77,204,0],[""Spencer Steer"",2022,25,0.76,1.06,704,1]]}",0.8880365639803388,-0.012779447936574123,0.8880365639803388,200.0,1.0,178.0,533.0,414,365,FA,516.0,495.0,-338.0,-317.0,let go,False,353
664728,Kyle Isbel,2026,1997-03-03,OF,L,Kansas City Royals,100,323,294,66,9,1,6,32,24,15,3,6,0,74,2,50,4,0,0,0,0,0,0,0,98,0,29.0,323.0,22.9,4.6,0.224,0.323,0.268,0.099,0.278,0.225,0.303,0.262,0.255,0.269,0.077,0.314,0.304,-0.001,0.02,0.007,88.4,10.9,24.7,2.6,32.9,98.475584528,93.388440427,61.7,35.7,62.2,93.6,18.2,48.4,32.5,49.4,20.3,20.8,9.5,7.1,71.3,10.0,27.3,13.9,2.8,39.3,-17.0,27.3,4.44,10.0,31.0,25.0,231.0,66.7,65.0,kyle isbel,KC,,,,,,,,249.0,29.3,2.49,0.7708978328173375,296,OF,OF,True,339.0,172.67,2.396692273871662,76.33000000000001,0.09330772612833815,43.0,False,False,255,False,53.830709703238384,6.842726978099729,0.6344169340854042,4.842146384576488,31.989093851753214,29.442027026349187,248.3691208781024,0.7689446466814316,0.6308791218976069,0.0019531861359058933,472.0,-223.0,"{'C': 423, 'SS': 594, '2B': 592, '3B': 571, '1B': 601, 'OF': 526, 'UT': 472}",0.7708978328173375,0.30340557275541796,-7.874258869544673,1.4981273408239701,1.4981273408239701,1.8726591760299627,0.0,-0.37453183520599254,11.145510835913312,11.145510835913312,27.863777089783284,-0.007000000000000006,0.9648562300319489,5,1832,-0.1939583972146114,0.9648562300319489,4,False,-0.1939583972146114,4.799999999999997,1.0,0.8999999999999915,53.0,1.0,63.0,0.0,Left plantar fasciitis,59.0,2026-03-28,2026-09-27,100.0,162.0,116.0,46.0,451.0,0.862,1.0,0.0,0.15,,established,27.4,0.7,1.045,"only 323 PA, and a breakout needs 350 next year · already 29, an age that jumps 4% of the time · 0.77/PA this year against 0.96 at his best, two steps to clear · bat speed up 0.9 mph",xwOBA 0.255 (6th) · barrels 2.6% (9th) · EV 88.4 (46th) · hard-hit 33% (23rd) · K 23% (49th) · BB 5% (9th) · chase 36% (21st) · bat speed 71.3 mph (38th) · sprint 27.3 (46th),"{""n"":20,""b"":0,""c"":[[""Thairo Estrada"",2024,28,0.82,0.84,138,0],[""Nick Fortes"",2025,29,0.88,0.93,300,0],[""Austin Hays"",2024,29,0.88,1.07,445,0],[""Garrett Hampson"",2024,30,0.78,0.7,64,0],[""Taylor Walls"",2025,29,0.91,0.9,390,0]]}",0.8394835254277365,-0.026285818839922398,0.8394835254277365,212.0,0.953,178.0,504.0,414,441,FA,516.0,495.0,-338.0,-317.0,let go,False,354
686780,Pedro Pagés,2026,1998-09-17,C,R,St. Louis Cardinals,84,211,189,41,6,0,4,14,12,14,2,2,0,56,2,31,5,19,0,79,3,0,0,0,0,1,27.0,211.0,26.5,6.6,0.217,0.312,0.275,0.095,0.282,0.218,0.329,0.264,0.273,0.28,0.111,0.321,0.336,-0.001,-0.017,-0.009,86.7,14.9,30.9,4.3,37.7,99.310410149,93.682204776,64.3,34.9,48.4,85.4,28.1,49.1,38.1,44.6,27.3,18.0,10.1,7.2,72.8,8.2,17.6,24.5,10.9,43.9,-12.0,25.5,4.78,9.0,15.0,16.0,139.0,75.0,65.4,pedro pages,STL,,,,,,,,181.0,27.8,2.1547619047619047,0.8578199052132701,357,C,C,True,339.0,172.67,2.396692273871662,8.330000000000013,-0.2419303691097574,-18.0,False,False,283,False,29.788699214131775,6.415438349031855,0.43002565954096256,4.5678367772954065,19.861648805103755,22.02218275490145,200.2668315600052,0.9491319031279867,-19.266831560005187,-0.09131199791471656,423.0,-242.0,"{'C': 423, 'SS': 594, '2B': 592, '3B': 571, '1B': 601, 'OF': 526, 'UT': 472}",0.8578199052132701,0.2132701421800948,-10.132676267363934,,,,,,5.687203791469194,11.374407582938389,39.81042654028436,0.009000000000000008,0.981651376146789,3,818,-0.12383147093351887,0.981651376146789,2,False,-0.12383147093351887,-1.0,-3.1000000000000005,0.20000000000000284,0.0,0.0,0.0,0.0,,0.0,2026-03-26,2026-09-27,82.0,166.0,166.0,0.0,206.0,0.494,0.0,0.0,0.15,,established,29.8,1.1,1.062,"deserved 0.95/PA on contact quality, got 0.86 · 818 career PA, still new · 0.86/PA this year against 0.98 at his best, two steps to clear",xwOBA 0.273 (16th) · barrels 4.3% (23rd) · EV 86.7 (19th) · hard-hit 38% (45th) · K 26% (25th) · BB 7% (27th) · chase 35% (24th) · bat speed 72.8 mph (63rd) · sprint 25.5 (9th),"{""n"":20,""b"":0,""c"":[[""Carson Kelly"",2022,28,0.89,0.87,132,0],[""Carson Kelly"",2023,29,0.87,0.99,311,0],[""Zach McKinstry"",2022,27,0.88,0.9,465,0],[""Tom\u00e1s Nido"",2021,27,0.89,0.81,255,0],[""Matt Thaiss"",2024,29,0.81,0.85,161,0]]}",0.8889151829891255,-0.016978344977301236,0.8889151829891255,200.0,1.0,178.0,533.0,414,365,FA,516.0,495.0,-338.0,-317.0,let go,False,355
657136,Connor Wong,2026,1996-05-19,C,R,Boston Red Sox,77,238,210,49,12,0,4,22,25,17,6,3,1,57,1,33,4,8,0,73,0,0,0,0,0,3,30.0,238.0,23.9,7.1,0.233,0.348,0.308,0.115,0.3,0.219,0.327,0.295,0.281,0.295,0.108,0.342,0.322,0.014,0.021,0.014,85.9,12.6,24.7,4.4,34.8,99.018654737,93.54581298,64.9,32.0,53.4,86.9,24.6,47.9,41.1,46.8,24.7,19.6,8.9,7.4,72.9,9.3,20.3,29.1,13.0,49.1,-5.0,27.6,4.47,11.0,15.0,22.0,158.0,75.7,63.9,connor wong,BOS,Connor Wong,BOS,C,849.5,335.0,1303.0,,213.0,30.1,2.7662337662337664,0.8949579831932774,330,C,C,False,335.0,172.67,2.396692273871662,40.33000000000001,0.3695414923621043,5.0,False,False,279,False,33.017547501464804,7.900477525738679,0.43640244412823304,4.635572528668285,25.83849407887358,23.218989146265525,207.71748322513912,0.8727625345594081,5.282516774860881,0.02219544863386924,423.0,-210.0,"{'C': 423, 'SS': 594, '2B': 592, '3B': 571, '1B': 601, 'OF': 526, 'UT': 472}",0.8949579831932774,0.3487394957983193,-8.60509792773506,,,,,,7.563025210084033,10.084033613445378,42.857142857142854,-0.013999999999999957,1.0431211498973305,3,1386,-0.14816316670405316,,2,False,0.5449579831932774,1.5999999999999979,1.3000000000000003,0.6000000000000085,0.0,0.0,24.0,0.0,,14.399999999999999,2026-03-28,2026-09-27,77.0,164.0,164.0,0.0,235.0,0.47,2.0,0.0,0.15,,established,29.9,1.0,1.123,"got 0.89/PA but deserved 0.87 · already 30, an age that jumps 3% of the time · 0.89/PA this year against 1.04 at his best, two steps to clear",xwOBA 0.281 (20th) · barrels 4.4% (24th) · EV 85.9 (12th) · hard-hit 35% (31st) · K 24% (41st) · BB 7% (32nd) · chase 32% (40th) · bat speed 72.9 mph (64th) · sprint 27.6 (52nd),"{""n"":20,""b"":0,""c"":[[""Taylor Walls"",2025,29,0.91,0.9,390,0],[""Josh Rojas"",2023,29,0.93,0.81,385,0],[""Nick Fortes"",2025,29,0.88,0.93,300,0],[""Thairo Estrada"",2024,28,0.82,0.84,138,0],[""Garrett Hampson"",2024,30,0.78,0.7,64,0]]}",0.8893296761240967,-0.01977893541086498,0.8893296761240967,200.0,0.988,178.0,534.0,414,361,FA,516.0,495.0,-338.0,-317.0,let go,False,356
663647,Ke'Bryan Hayes,2026,1997-01-28,3B,R,Cincinnati Reds,94,242,227,32,2,1,5,19,9,13,2,1,0,48,0,24,5,0,0,0,0,0,94,0,0,0,29.0,242.0,19.8,5.4,0.141,0.225,0.194,0.084,0.155,0.236,0.371,0.191,0.287,0.284,0.135,0.2,0.33,-0.095,-0.146,-0.096,90.4,16.2,36.3,6.9,38.5,99.502539885,93.92032431,62.3,30.9,52.9,89.0,23.4,46.2,30.7,34.6,31.3,29.1,5.0,6.8,70.7,12.9,33.1,5.5,5.5,54.4,-22.0,26.9,4.6,5.0,5.0,22.0,179.0,67.6,61.2,kebryan hayes,CIN,Ke'Bryan Hayes,CIN,3B,634.0,285.0,1023.0,429.0,124.0,29.4,1.3191489361702127,0.512396694214876,414,3B,3B,False,285.0,172.67,2.6219512195121952,-48.66999999999999,-1.3028022833419826,-129.0,False,False,339,False,37.739210510267334,7.9510607295856515,0.9512470100266739,6.930481750120335,25.970568276744014,26.27182524310695,203.03139351985095,0.8389727004952519,-79.03139351985095,-0.32657600628037586,472.0,-348.0,"{'C': 423, 'SS': 594, '2B': 592, '3B': 571, '1B': 601, 'OF': 526, 'UT': 472}",0.512396694214876,0.1859504132231405,-11.413748083536873,,,,,,2.479338842975207,12.396694214876034,32.231404958677686,0.09599999999999997,1.020952380952381,6,2689,-0.5085556867375051,1.020952380952381,5,False,-0.5085556867375051,0.3000000000000007,2.3000000000000007,-0.3999999999999915,59.0,2.0,117.0,0.0,,76.4,2026-03-26,2026-09-26,94.0,165.0,110.0,55.0,356.0,0.855,0.0,0.0,0.15,,established,28.9,0.3,1.101,"deserved 0.84/PA on contact quality, got 0.51 · avg EV 90.4 (81st pct) · sprint 26.9 ft/s (34th pct) · barrel rate up 2.3 pts on last year",xwOBA 0.287 (26th) · barrels 6.9% (46th) · EV 90.4 (79th) · hard-hit 38% (50th) · K 20% (67th) · BB 5% (15th) · chase 31% (47th) · bat speed 70.7 mph (31st) · sprint 26.9 (34th),"{""n"":20,""b"":0,""c"":[[""Josh Rojas"",2025,31,0.63,0.77,89,0],[""LaMonte Wade Jr."",2025,32,0.65,0.88,128,0],[""Tim Anderson"",2024,31,0.57,0.59,53,0],[""Edouard Julien"",2025,26,0.69,0.82,225,0],[""Javier B\u00e1ez"",2024,32,0.76,0.94,412,0]]}",0.8858931637281767,-0.026285818839922398,0.8858931637281767,200.0,0.939,177.0,532.0,418,368,FA,516.0,495.0,-339.0,-318.0,let go,False,357
680728,Adrian Del Castillo,2026,1999-09-27,DH,L,Arizona Diamondbacks,64,197,181,35,6,0,5,18,24,13,0,1,0,56,1,24,1,1,0,21,3,0,0,0,0,33,26.0,197.0,28.4,6.6,0.193,0.309,0.246,0.116,0.248,0.199,0.329,0.247,0.256,0.252,0.131,0.311,0.325,-0.006,-0.02,-0.009,88.3,16.0,34.4,6.3,36.7,98.499894677,93.465270968,68.6,29.8,48.8,82.2,28.6,48.3,35.2,38.3,28.9,23.4,9.4,6.9,72.1,8.2,23.5,23.5,13.1,48.2,-9.0,26.3,4.55,7.0,5.0,23.0,128.0,80.0,60.4,adrian del castillo,ARI,,,,,,,,150.0,26.8,2.34375,0.7614213197969543,388,C,C,True,339.0,172.67,2.396692273871662,-22.669999999999987,-0.05294227387166206,-49.0,False,False,339,False,23.277319624675272,7.021689288406723,0.4706625491607261,5.249328537757276,19.062933709719783,21.172130163992605,152.9840638737124,0.7765688521508243,-2.984063873712387,-0.015147532353870008,423.0,-273.0,"{'C': 423, 'SS': 594, '2B': 592, '3B': 571, '1B': 601, 'OF': 526, 'UT': 472}",0.7614213197969543,0.28426395939086296,-9.492398835674523,,,,,,3.045685279187817,15.228426395939087,39.59390862944163,0.009000000000000008,,0,415,,,0,False,0.4114213197969543,,,,186.0,1.0,186.0,0.0,,186.0,2026-04-04,2026-09-27,64.0,155.0,64.0,91.0,499.0,1.0,9.0,0.0,0.15,,established,40.2,1.9,0.43,"415 career PA, still new · 27 years old, an age that jumps 3% of the time · deserved 0.78/PA on contact quality, got 0.76",xwOBA 0.256 (7th) · barrels 6.3% (39th) · EV 88.3 (45th) · hard-hit 37% (40th) · K 28% (18th) · BB 7% (27th) · chase 30% (54th) · bat speed 72.1 mph (52nd) · sprint 26.3 (21st),"{""n"":20,""b"":0,""c"":[[""Kody Clemens"",2022,26,0.75,0.8,119,0],[""Kody Clemens"",2023,27,0.8,0.95,114,0],[""Nomar Mazara"",2021,26,0.73,0.85,145,0],[""Christian Encarnacion-Strand"",2025,26,0.8,1.08,231,0],[""Aramis Garcia"",2021,28,0.76,0.66,76,0]]}",0.8828499524907961,-0.020371427220405795,0.8828499524907961,200.0,0.851,177.0,530.0,418,373,FA,516.0,495.0,-339.0,-318.0,let go,False,358
676694,Jake Meyers,2026,1996-06-18,OF,R,Houston Astros,57,153,141,30,7,0,3,15,11,10,1,1,2,31,1,20,0,0,1,0,0,0,0,0,54,0,30.0,153.0,20.3,6.5,0.213,0.326,0.268,0.113,0.25,0.205,0.316,0.265,0.256,0.261,0.11,0.295,0.284,0.008,0.01,0.009,85.4,15.4,25.2,6.3,27.9,95.71614,91.922291171,72.7,32.6,58.2,87.6,21.8,52.2,38.7,42.3,28.8,19.8,9.0,7.0,67.5,5.4,26.1,4.6,8.5,50.8,-5.0,27.9,4.49,5.0,11.0,14.0,111.0,80.0,67.3,jake meyers,HOU,Jake Meyers,HOU,CF,445.0,261.0,454.0,436.0,118.0,30.0,2.0701754385964914,0.7712418300653595,421,OF,OF,False,261.0,223.9,2.840653659676383,-105.9,-0.7704782210798915,-160.0,False,False,339,True,20.27931738424627,5.021026460126288,0.32499492700860627,3.279661228618833,16.04058291977038,14.938613944857643,120.29919686462802,0.7862692605531243,-2.2991968646280156,-0.015027430487764781,472.0,-354.0,"{'C': 423, 'SS': 594, '2B': 592, '3B': 571, '1B': 601, 'OF': 526, 'UT': 472}",0.7712418300653595,0.33986928104575165,-10.23903567245747,,,,,,3.9215686274509807,11.76470588235294,39.21568627450981,-0.009000000000000008,,3,1711,,1.0183727034120735,3,False,-0.24713087334671402,2.6999999999999993,1.2999999999999998,-0.9000000000000057,43.0,2.0,101.0,1.0,,77.8,2026-03-26,2026-09-06,57.0,151.0,113.0,38.0,219.0,0.504,0.0,0.0,0.15,,established,15.3,0.4,0.851,"deserved 0.79/PA on contact quality, got 0.77 · sprint 27.9 ft/s (61st pct) · already 30, an age that jumps 3% of the time",xwOBA 0.256 (7th) · barrels 6.3% (39th) · EV 85.4 (7th) · hard-hit 28% (10th) · K 20% (63rd) · BB 6% (26th) · chase 33% (35th) · bat speed 67.5 mph (4th) · sprint 27.9 (60th),"{""n"":20,""b"":0,""c"":[[""Taylor Walls"",2024,28,0.84,0.91,289,0],[""Corey Julks"",2024,28,0.8,0.85,11,0],[""Nicky Lopez"",2023,28,0.87,0.73,326,0],[""Tyler Wade"",2024,30,0.85,0.74,94,0],[""Connor Wong"",2025,29,0.7,0.89,213,0]]}",0.8846389747962841,-0.01977893541086498,0.8846389747962841,200.0,0.938,177.0,531.0,418,370,FA,516.0,495.0,-339.0,-318.0,let go,False,359
666971,Lourdes Gurriel Jr.,2026,1993-10-10,OF,R,Arizona Diamondbacks,51,201,186,39,9,0,2,13,22,10,2,1,0,38,3,28,0,0,3,0,0,0,0,0,38,13,32.0,201.0,18.9,5.0,0.21,0.29,0.254,0.08,0.248,0.234,0.312,0.243,0.273,0.284,0.078,0.267,0.308,-0.024,-0.022,-0.03,87.3,14.9,31.8,4.6,33.8,97.317038289,92.728770066,68.0,40.5,58.9,88.2,24.2,52.8,39.1,42.4,21.9,23.8,11.9,7.5,70.8,7.3,27.1,10.9,10.6,50.4,-13.0,26.1,4.63,7.0,14.0,18.0,151.0,63.3,64.2,lourdes gurriel,ARI,Lourdes Gurriel Jr.,ARI,"LF,DH",439.5,258.0,452.0,427.0,149.0,32.7,2.9215686274509802,0.7412935323383084,391,OF,OF,False,258.0,223.9,2.9215686274509802,-74.9,0.0,-133.0,False,False,339,False,35.20163031284399,5.075845301784887,0.3074184578982563,2.939105927472866,18.877387735078962,19.05348356893512,160.48687130401407,0.7984421457911148,-11.486871304014073,-0.05714861345280642,472.0,-323.0,"{'C': 423, 'SS': 594, '2B': 592, '3B': 571, '1B': 601, 'OF': 526, 'UT': 472}",0.7412935323383084,0.30845771144278605,-10.045638128016938,,,,,,2.9850746268656714,5.970149253731343,29.850746268656717,0.030000000000000027,1.0609981515711646,6,2926,-0.3197046192328562,1.0609981515711646,5,True,-0.3197046192328562,4.999999999999998,-2.6000000000000005,0.20000000000000284,92.0,3.0,136.0,0.0,Left hamstring strain; Right adductor strain,113.0,2026-04-18,2026-09-11,51.0,135.0,69.0,66.0,472.0,0.739,23.0,1.0,0.15,,established,26.9,0.1,1.141,"deserved 0.80/PA on contact quality, got 0.74 · avg EV 87.3 (30th pct) · sprint 26.1 ft/s (18th pct)",xwOBA 0.273 (16th) · barrels 4.6% (25th) · EV 87.3 (28th) · hard-hit 34% (27th) · K 19% (72nd) · BB 5% (11th) · chase 40% (7th) · bat speed 70.8 mph (32nd) · sprint 26.1 (17th),"{""n"":20,""b"":0,""c"":[[""Adam Frazier"",2024,32,0.78,0.9,411,0],[""Javier B\u00e1ez"",2024,32,0.76,0.94,412,0],[""Josh Rojas"",2025,31,0.63,0.77,89,0],[""Orlando Arcia"",2025,31,0.6,0.8,40,0],[""Kyle Farmer"",2025,35,0.79,0.74,14,0]]}",0.8813101636957068,-0.04921542158677408,0.8813101636957068,200.0,0.91,176.0,529.0,420,377,FA,516.0,495.0,-340.0,-319.0,let go,False,360
691011,Drew Romo,2026,2001-08-29,C,S,Chicago White Sox,61,206,180,26,6,0,7,17,16,20,3,1,0,47,1,13,7,17,0,60,1,0,0,0,0,0,24.0,206.0,22.8,9.7,0.144,0.294,0.24,0.15,0.15,0.188,0.294,0.243,0.262,0.279,0.106,0.25,0.278,-0.044,0.0,-0.019,84.4,18.2,26.5,5.9,26.5,95.617195606,91.855851364,72.2,34.4,48.2,82.6,30.2,51.2,39.0,40.4,29.4,17.6,12.5,7.5,69.9,6.6,21.3,5.1,13.2,49.1,-12.0,26.4,4.52,9.0,4.0,13.0,136.0,78.6,62.1,drew romo,CWS,,,,,,,,165.0,24.8,2.7049180327868854,0.8009708737864077,368,C,C,True,339.0,172.67,2.396692273871662,-7.6699999999999875,0.3082257589152233,-29.0,False,False,339,False,23.818388581534805,5.314308562072331,0.3562171312509314,4.351085725141934,19.983026938209573,20.359636658042493,180.10266359625206,0.8742847747390876,-15.102663596252057,-0.07331390095267987,423.0,-258.0,"{'C': 423, 'SS': 594, '2B': 592, '3B': 571, '1B': 601, 'OF': 526, 'UT': 472}",0.8009708737864077,0.2912621359223301,-10.45181574110938,,,,,,2.9126213592233006,20.388349514563107,58.25242718446602,0.019000000000000017,0.8009708737864077,1,262,0.0,,0,False,0.45097087378640777,,,,0.0,0.0,0.0,0.0,,0.0,2026-04-25,2026-09-27,61.0,137.0,137.0,0.0,244.0,0.445,30.0,1.0,0.15,,young / establishing,25.3,4.3,0.881,"deserved 0.87/PA on contact quality, got 0.80 · 25 years old, an age that jumps 5% of the time · 262 career PA, still new",xwOBA 0.262 (9th) · barrels 5.9% (35th) · EV 84.4 (3rd) · hard-hit 26% (7th) · K 23% (49th) · BB 10% (64th) · chase 34% (27th) · bat speed 69.9 mph (23rd) · sprint 26.4 (23rd),"{""n"":20,""b"":1,""c"":[[""Spencer Steer"",2022,25,0.76,1.06,704,1],[""JJ Bleday"",2022,25,0.75,0.88,267,0],[""Hoy Park"",2021,25,0.79,0.8,48,0],[""Curtis Mead"",2025,25,0.81,1.11,365,0],[""Graham Pauley"",2025,25,0.81,0.85,131,0]]}",0.8778323650017545,-0.012779447936574123,0.8778323650017545,200.0,1.0,176.0,527.0,420,382,FA,516.0,495.0,-340.0,-319.0,let go,False,361
643396,Isiah Kiner-Falefa,2026,1995-03-23,2B,R,Boston Red Sox,66,183,161,39,5,0,2,23,16,19,0,8,2,27,0,32,2,0,0,0,1,43,8,19,0,1,31.0,183.0,14.8,10.4,0.242,0.311,0.322,0.069,0.28,0.256,0.319,0.29,0.297,0.335,0.063,0.29,0.301,-0.014,-0.008,-0.007,82.5,7.6,32.8,2.2,25.5,94.66774,91.634413462,66.2,31.8,66.4,91.2,17.7,47.8,39.4,50.4,16.1,23.4,10.2,7.0,68.4,7.0,24.5,3.7,5.2,40.2,-5.0,27.5,4.42,6.0,16.0,17.0,137.0,64.7,66.1,isiah kinerfalefa,BOS,Isiah Kiner-Falefa,BOS,"2B,3B,SS",850.0,336.0,1282.0,,169.0,31.3,2.5606060606060606,0.9234972677595629,366,2B/3B/SS,2B,False,336.0,172.67,2.396692273871662,-3.6699999999999875,0.1639137867343985,-30.0,False,False,339,False,35.60130369596794,3.2380188063807576,0.22505129933466633,2.1516261983166367,20.19665377302512,15.830099613988995,169.60175338701413,0.926785537633957,-0.6017533870141278,-0.003288269874394123,472.0,-303.0,"{'C': 423, 'SS': 594, '2B': 592, '3B': 571, '1B': 601, 'OF': 526, 'UT': 472}",0.9234972677595629,0.48633879781420764,-8.607511110884044,,,,,,26.229508196721312,6.557377049180328,62.295081967213115,0.007000000000000006,,5,2707,,0.9390581717451524,5,True,-0.015560903985589514,-2.0,0.8000000000000003,1.9000000000000057,73.0,1.0,131.0,0.0,,98.19999999999999,2026-03-26,2026-09-25,66.0,165.0,98.0,67.0,303.0,0.673,0.0,0.0,0.15,,established,25.8,0.3,1.003,"already 31, an age that jumps 3% of the time · only 183 PA, and a breakout needs 350 next year · avg EV 82.5 (0th pct) · bat speed up 1.9 mph",xwOBA 0.297 (38th) · barrels 2.2% (6th) · EV 82.5 (0th) · hard-hit 26% (6th) · K 15% (89th) · BB 10% (72nd) · chase 32% (41st) · bat speed 68.4 mph (8th) · sprint 27.5 (49th),"{""n"":20,""b"":0,""c"":[[""Kevin Newman"",2024,31,0.94,0.66,76,0],[""Adam Frazier"",2023,32,0.98,0.78,228,0],[""Jeff McNeil"",2025,33,0.91,0.9,468,0],[""Jeff McNeil"",2024,32,0.88,0.91,419,0],[""Kevin Newman"",2023,30,0.93,0.94,291,0]]}",0.8730202938752814,-0.03573509974786369,0.8730202938752814,200.0,0.921,175.0,524.0,423,391,FA,516.0,495.0,-341.0,-320.0,let go,False,362
805347,Jim Jarvis,2026,2000-11-06,SS,L,Atlanta Braves,38,124,111,23,5,1,1,10,11,8,1,0,1,23,0,16,7,0,0,0,0,0,0,38,0,0,25.0,124.0,18.5,6.5,0.207,0.297,0.267,0.09,0.253,0.234,0.304,0.254,0.268,0.291,0.07,0.275,0.294,-0.027,-0.007,-0.014,89.0,3.4,27.2,3.3,37.0,98.895795,93.590665909,61.9,28.0,64.2,89.6,18.8,44.2,27.2,58.7,18.5,20.7,2.2,7.1,71.0,11.0,30.6,12.1,4.2,45.2,-6.0,27.9,4.33,5.0,9.0,9.0,92.0,79.4,59.7,jim jarvis,ATL,,,,,,,,79.0,25.6,2.0789473684210527,0.6370967741935484,474,SS,SS,True,339.0,172.67,2.396692273871662,-93.66999999999999,-0.3177449054506094,-135.0,False,False,339,False,21.621625754138222,2.5100324037806105,0.2670579300241121,1.5752839120570552,12.928053564234615,10.884156878718347,85.53021044295296,0.6897597616367175,-6.5302104429529635,-0.05266298744316911,472.0,-393.0,"{'C': 423, 'SS': 594, '2B': 592, '3B': 571, '1B': 601, 'OF': 526, 'UT': 472}",0.6370967741935484,0.31451612903225806,-10.818870643512872,,,,,,0.0,4.838709677419355,38.70967741935484,0.014000000000000012,,0,124,,,0,False,0.2870967741935484,,,,0.0,0.0,0.0,0.0,,0.0,2026-05-06,2026-08-22,38.0,103.0,103.0,0.0,195.0,0.369,40.0,1.0,0.15,,rookie,42.9,4.7,0.43,"deserved 0.69/PA on contact quality, got 0.64 · 26 years old, an age that jumps 4% of the time · sprint 27.9 ft/s (61st pct)",xwOBA 0.268 (12th) · barrels 3.3% (14th) · EV 89.0 (55th) · hard-hit 37% (42nd) · K 18% (73rd) · BB 6% (26th) · chase 28% (66th) · bat speed 71.0 mph (35th) · sprint 27.9 (60th),"{""n"":20,""b"":0,""c"":[[""Brett Harris"",2024,26,0.69,0.86,72,0],[""Ronny Simon"",2025,25,0.7,1.03,70,0],[""Anthony Seigler"",2025,26,0.67,0.87,150,0],[""Ben Rortvedt"",2023,26,0.63,0.82,268,0],[""Andrew Knizner"",2021,26,0.67,0.77,227,0]]}",0.8756356763652621,-0.012888640320029626,0.8756356763652621,200.0,1.0,175.0,525.0,423,388,FA,516.0,495.0,-341.0,-320.0,let go,False,363
678011,Anthony Seigler,2026,1999-06-20,2B,S,Boston Red Sox,49,173,150,37,12,1,3,21,13,18,1,2,0,28,2,21,6,0,0,0,0,46,1,0,0,2,27.0,173.0,16.2,10.4,0.247,0.4,0.327,0.153,0.281,0.241,0.37,0.321,0.312,0.327,0.129,0.335,0.323,0.006,0.03,0.009,86.9,15.3,37.3,5.6,34.9,96.698935968,92.468069113,66.4,26.4,64.4,82.9,22.5,46.0,34.9,42.1,30.2,23.0,4.0,6.8,66.9,7.2,33.5,0.4,10.8,58.3,-1.0,25.6,4.66,6.0,11.0,19.0,126.0,87.5,63.6,anthony seigler,BOS,,,,,,,,150.0,27.0,3.061224489795918,0.8670520231213873,388,C/2B/3B,2B,True,339.0,172.67,2.396692273871662,-22.669999999999987,0.6645322159242562,-49.0,False,False,339,False,24.96802153256393,6.810043789734273,0.5758478228396492,3.796086854862143,18.21191365805265,18.82268304234142,147.68459670039405,0.8536681890196188,2.315403299605947,0.013383834101768466,423.0,-273.0,"{'C': 423, 'SS': 594, '2B': 592, '3B': 571, '1B': 601, 'OF': 526, 'UT': 472}",0.8670520231213873,0.49710982658959535,-9.298787645610176,,,,,,6.936416184971098,10.404624277456646,62.42774566473989,-0.009000000000000008,,0,246,,,0,False,0.5170520231213873,,,,30.0,2.0,30.0,0.0,Right wrist inflammation,30.0,2026-06-04,2026-09-12,49.0,97.0,91.0,6.0,308.0,0.538,70.0,1.0,0.15,,established,35.2,1.6,0.43,"246 career PA, still new · 27 years old, an age that jumps 3% of the time · avg EV 86.9 (25th pct)",xwOBA 0.312 (55th) · barrels 5.6% (34th) · EV 86.9 (23rd) · hard-hit 35% (32nd) · K 16% (85th) · BB 10% (72nd) · chase 26% (74th) · bat speed 66.9 mph (3rd) · sprint 25.6 (10th),"{""n"":20,""b"":0,""c"":[[""Andr\u00e9s Chaparro"",2024,25,0.89,0.6,44,0],[""Miguel Andujar"",2021,26,0.87,0.85,119,0],[""Yerm\u00edn Mercedes"",2021,28,0.94,0.82,68,0],[""Yohel Pozo"",2025,28,0.9,0.9,56,0],[""Reese McGuire"",2021,26,0.87,0.92,253,0]]}",0.8726523423606103,-0.020371427220405795,0.8726523423606103,200.0,0.976,175.0,524.0,423,391,FA,516.0,495.0,-341.0,-320.0,let go,False,364
596142,Gary Sánchez,2026,1992-12-02,C,R,Milwaukee Brewers,87,275,225,47,10,1,12,37,38,46,3,0,0,59,1,24,3,6,0,43,8,0,0,0,0,23,33.0,275.0,21.5,16.7,0.209,0.422,0.349,0.213,0.226,0.22,0.397,0.342,0.336,0.351,0.177,0.36,0.354,-0.011,0.025,0.006,87.9,14.3,29.3,8.4,35.3,99.561227857,93.850751078,51.0,23.0,51.1,81.6,28.5,36.1,42.5,43.7,26.3,18.6,11.4,7.2,71.4,12.7,26.5,22.3,11.1,61.0,9.0,24.5,4.87,18.0,13.0,16.0,167.0,56.8,58.4,gary sanchez,MIL,,,,,,,,275.0,33.6,3.160919540229885,1.0,274,C,C,True,339.0,172.67,2.396692273871662,102.33000000000001,0.764227266358223,65.0,False,False,250,False,28.91876132156671,10.488296020930715,0.942123993438443,9.150818664064131,29.64401683096429,33.78987546387761,260.25889229484187,0.9463959719812431,14.741107705158129,0.053604028018756855,423.0,-148.0,"{'C': 423, 'SS': 594, '2B': 592, '3B': 571, '1B': 601, 'OF': 526, 'UT': 472}",1.0,0.5709090909090909,-6.770480289413668,,,,,,0.0,26.181818181818183,100.36363636363636,-0.006000000000000005,1.0936329588014981,5,1834,-0.09363295880149813,,4,False,0.65,,,,0.0,0.0,75.0,0.0,,36.6,2026-03-29,2026-09-27,86.0,163.0,163.0,0.0,273.0,0.528,3.0,0.0,0.15,,established,31.9,0.3,1.174,"1.00/PA this year against 1.09 at his best, two steps to clear · avg EV 87.9 (41st pct) · only 275 PA, and a breakout needs 350 next year",xwOBA 0.336 (80th) · barrels 8.4% (60th) · EV 87.9 (39th) · hard-hit 35% (34th) · K 22% (57th) · BB 17% (99th) · chase 23% (90th) · bat speed 71.4 mph (40th) · sprint 24.5 (2nd),"{""n"":20,""b"":0,""c"":[[""Jacob Stallings"",2024,34,1.07,0.6,78,0],[""James McCann"",2024,34,0.97,1.03,141,0],[""Elias D\u00edaz"",2024,34,0.95,0.85,240,0],[""Kyle Higashioka"",2025,35,1.02,0.88,163,0],[""Kyle Farmer"",2023,33,0.95,0.85,205,0]]}",0.8737748326918805,-0.04369876870972289,0.8737748326918805,200.0,0.922,175.0,524.0,423,391,FA,516.0,495.0,-341.0,-320.0,let go,False,365
669720,Austin Hays,2026,1995-07-05,DH,R,multi,38,105,100,28,3,0,3,16,15,4,0,0,1,27,1,22,0,0,0,0,0,0,0,0,20,13,30.0,105.0,25.7,3.8,0.28,0.4,0.305,0.12,0.352,0.278,0.383,0.304,0.295,0.297,0.105,0.399,0.388,0.002,0.017,0.009,87.5,4.9,35.1,4.1,41.9,99.166541622,93.922986164,74.4,36.6,48.1,76.9,33.8,53.8,51.4,51.4,14.9,31.1,2.7,7.3,72.9,9.1,23.1,25.3,15.7,59.4,-1.0,27.1,4.49,1.0,11.0,16.0,74.0,76.7,74.0,austin hays,multi,Austin Hays,SD,"LF,DH",363.3,222.0,361.0,381.0,103.0,31.0,2.710526315789474,0.9809523809523809,438,OF,OF,False,222.0,340.5483870967742,3.0867599025400003,-237.5483870967742,-0.3762335867505264,-216.0,False,False,339,True,22.177570775648988,3.068513630455632,0.2302604121417779,2.323655181753604,11.308252398216323,10.737092859595004,92.14534525781134,0.8775747167410604,10.854654742188657,0.10337766421132055,472.0,-369.0,"{'C': 423, 'SS': 594, '2B': 592, '3B': 571, '1B': 601, 'OF': 526, 'UT': 472}",0.9809523809523809,0.45714285714285713,-9.394916162937477,,,,,,0.0,17.142857142857142,22.857142857142858,-0.009000000000000008,,5,2453,,1.0697115384615385,5,True,-0.08875915750915764,0.0,-6.4,1.0,113.0,2.0,222.0,1.0,Right hamstring strain,162.2,2026-03-26,2026-09-27,38.0,77.0,58.0,19.0,293.0,0.655,0.0,0.0,0.15,,established,30.8,0.1,1.061,"sprint 27.1 ft/s (40th pct) · avg EV 87.5 (34th pct) · already 31, an age that jumps 3% of the time · bat speed up 1.0 mph",xwOBA 0.295 (35th) · barrels 4.1% (21st) · EV 87.5 (32nd) · hard-hit 42% (66th) · K 26% (29th) · BB 4% (5th) · chase 37% (17th) · bat speed 72.9 mph (64th) · sprint 27.1 (39th),"{""n"":20,""b"":0,""c"":[[""Andy Ib\u00e1\u00f1ez"",2024,31,0.89,0.9,174,0],[""Dominic Smith"",2025,30,1.0,0.94,282,0],[""Tommy Edman"",2024,29,1.04,0.91,344,0],[""Gio Urshela"",2023,32,0.89,0.8,367,0],[""Myles Straw"",2025,31,1.06,0.9,297,0]]}",0.8689308582867058,-0.03573509974786369,0.8689308582867058,200.0,0.87,174.0,521.0,427,400,FA,516.0,495.0,-342.0,-321.0,let go,False,366
688363,Graham Pauley,2026,2000-09-24,3B,L,Miami Marlins,62,154,142,30,9,1,4,15,25,8,1,1,1,37,1,16,4,0,0,0,13,0,54,0,0,0,25.0,154.0,24.0,5.2,0.211,0.373,0.257,0.162,0.255,0.194,0.311,0.274,0.243,0.24,0.118,0.334,0.29,0.017,0.062,0.031,84.4,18.3,34.3,6.5,25.9,96.051487358,92.035940755,66.8,30.8,61.2,86.3,22.3,47.7,54.6,40.7,28.7,18.5,12.0,7.4,71.9,7.5,20.4,19.6,14.9,54.3,-5.0,26.4,4.6,9.0,9.0,12.0,108.0,83.6,61.7,graham pauley,MIA,,,,,,,,131.0,25.8,2.1129032258064515,0.8506493506493507,408,1B/3B,3B,True,339.0,172.67,2.396692273871662,-41.66999999999999,-0.28378904806521055,-69.0,False,False,339,False,18.210862232540265,5.378380911667611,0.49865147904398777,3.460105376748138,14.395556175730272,15.95087959288274,110.19843576861302,0.7155742582377469,20.801564231386976,0.13507509241160376,472.0,-341.0,"{'C': 423, 'SS': 594, '2B': 592, '3B': 571, '1B': 601, 'OF': 526, 'UT': 472}",0.8506493506493507,0.42207792207792205,-9.352625560282922,,,,,,3.8961038961038965,15.584415584415586,31.168831168831172,-0.031000000000000028,,0,370,,,0,False,0.5006493506493507,4.399999999999999,1.0,2.3000000000000114,0.0,0.0,28.0,0.0,,16.8,2026-03-27,2026-09-27,62.0,162.0,162.0,0.0,154.0,0.383,0.0,0.0,0.15,,established,36.3,1.5,0.43,"370 career PA, still new · 26 years old, an age that jumps 4% of the time · sprint 26.4 ft/s (23rd pct) · bat speed up 2.3 mph",xwOBA 0.243 (2nd) · barrels 6.5% (42nd) · EV 84.4 (3rd) · hard-hit 26% (7th) · K 24% (40th) · BB 5% (14th) · chase 31% (48th) · bat speed 71.9 mph (48th) · sprint 26.4 (23rd),"{""n"":20,""b"":1,""c"":[[""Jason Delay"",2023,28,0.87,1.11,21,0],[""Reese McGuire"",2023,28,0.87,0.82,130,0],[""Jose Herrera"",2024,27,0.8,0.73,149,0],[""Alan Trejo"",2022,26,0.96,0.86,195,0],[""Mauricio Dub\u00f3n"",2021,27,0.87,0.77,204,0]]}",0.8675748889043933,-0.012888640320029626,0.8675748889043933,200.0,0.987,174.0,521.0,427,400,FA,516.0,495.0,-342.0,-321.0,let go,False,367
642215,Weston Wilson,2026,1994-09-11,3B,R,multi,75,183,164,33,5,0,4,24,14,18,1,7,1,58,0,24,3,0,1,0,3,0,56,0,9,2,31.0,183.0,31.7,9.8,0.201,0.305,0.284,0.104,0.284,0.187,0.273,0.269,0.251,0.272,0.086,0.338,0.309,0.014,0.032,0.018,84.8,12.5,34.0,3.8,32.1,96.982246792,92.551328286,67.1,25.6,39.2,77.8,33.1,46.0,47.2,46.2,26.4,20.8,6.6,7.6,72.1,6.9,16.1,19.6,13.9,47.8,-6.0,27.8,4.56,6.0,11.0,16.0,106.0,61.7,66.7,weston wilson,multi,,,,,,,,160.0,31.8,2.1333333333333333,0.8743169398907104,376,3B/OF,3B,True,339.0,172.67,2.396692273871662,-12.669999999999987,-0.26335894053832876,-37.0,False,False,339,False,23.065679498098902,4.205339370412846,0.29228276487760146,3.1046983666106502,18.84360144883137,16.37594625502601,149.65954770385738,0.8178117360866524,10.340452296142615,0.05650520380405799,472.0,-312.0,"{'C': 423, 'SS': 594, '2B': 592, '3B': 571, '1B': 601, 'OF': 526, 'UT': 472}",0.8743169398907104,0.3005464480874317,-9.04753317410868,,,,,,22.950819672131146,13.114754098360656,59.01639344262295,-0.018000000000000016,,0,428,,,0,False,0.5243169398907104,,,,0.0,0.0,27.0,0.0,,16.2,2026-04-15,2026-09-27,73.0,128.0,128.0,0.0,232.0,0.57,20.0,0.0,0.15,,established,27.2,0.7,0.43,"428 career PA, still new · sprint 27.8 ft/s (59th pct) · got 0.87/PA but deserved 0.82",xwOBA 0.251 (5th) · barrels 3.8% (17th) · EV 84.8 (5th) · hard-hit 32% (21st) · K 32% (9th) · BB 10% (65th) · chase 26% (79th) · bat speed 72.1 mph (52nd) · sprint 27.8 (57th),"{""n"":20,""b"":0,""c"":[[""Austin Barnes"",2021,32,0.9,1.0,213,0],[""Charlie Culberson"",2021,32,0.86,0.88,109,0],[""Luke Maile"",2022,31,0.9,1.05,208,0],[""Charlie Culberson"",2022,33,0.88,2.0,2,0],[""Ender Inciarte"",2021,31,0.84,0.38,3,0]]}",0.8719493021557122,-0.035407766755750046,0.8719493021557122,200.0,0.987,174.0,523.0,427,394,FA,516.0,495.0,-342.0,-321.0,let go,False,368
681546,James Outman,2026,1997-05-14,OF,L,multi,94,170,157,27,4,2,5,23,17,10,3,6,3,71,0,16,3,0,0,0,0,0,0,0,85,3,29.0,170.0,41.8,5.9,0.172,0.318,0.235,0.146,0.272,0.162,0.273,0.246,0.225,0.226,0.111,0.381,0.338,0.01,0.045,0.021,86.5,16.2,33.7,7.0,37.2,97.862507442,92.931253721,75.0,30.2,29.7,71.2,41.8,51.2,54.7,37.2,30.2,22.1,10.5,7.8,72.3,6.4,16.1,19.3,15.2,48.2,-14.0,28.0,4.28,6.0,7.0,14.0,86.0,88.6,65.3,james outman,multi,James Outman,DET,"LF,CF,RF",825.5,326.0,1157.0,,145.0,29.1,1.5425531914893618,0.8529411764705882,394,OF,OF,False,326.0,172.67,2.396692273871662,-27.669999999999987,-0.8541390823823003,-68.0,False,False,339,False,16.262455817319655,4.694589096448031,0.698454355144976,3.7785007310873384,16.986161554943536,16.24919485473782,129.53035640968136,0.7619432729981257,15.46964359031864,0.0909979034724625,472.0,-327.0,"{'C': 423, 'SS': 594, '2B': 592, '3B': 571, '1B': 601, 'OF': 526, 'UT': 472}",0.8529411764705882,0.20588235294117646,-9.24504542060224,,,,,,21.176470588235293,17.647058823529413,35.294117647058826,-0.02099999999999999,,1,1057,,,1,True,0.5029411764705882,,,,45.0,1.0,45.0,0.0,Concussion,45.0,2026-03-26,2026-08-12,94.0,123.0,116.0,7.0,237.0,0.81,0.0,0.0,0.15,,established,27.5,0.4,0.933,"sprint 28.0 ft/s (65th pct) · 1,057 career PA, a known quantity · already 29, an age that jumps 4% of the time",xwOBA 0.225 (1st) · barrels 7.0% (47th) · EV 86.5 (18th) · hard-hit 37% (42nd) · K 42% (0th) · BB 6% (20th) · chase 30% (51st) · bat speed 72.3 mph (55th) · sprint 28.0 (63rd),"{""n"":20,""b"":0,""c"":[[""Jason Vosler"",2023,30,0.8,0.67,20,0],[""Grayson Greiner"",2021,29,0.88,0.38,3,0],[""David Fry"",2025,30,0.83,0.84,179,0],[""Jake Marisnick"",2021,30,0.89,0.91,75,0],[""Greg Allen"",2022,29,0.86,1.29,36,0]]}",0.8686267805316183,-0.026285818839922398,0.8686267805316183,200.0,0.964,174.0,521.0,427,400,FA,516.0,495.0,-342.0,-321.0,let go,False,369
516782,Starling Marte,2026,1988-10-09,OF,R,Kansas City Royals,59,168,153,37,5,0,2,15,14,9,4,2,2,41,2,30,0,0,6,0,0,0,0,0,34,19,37.0,168.0,24.4,5.4,0.242,0.314,0.298,0.072,0.313,0.23,0.364,0.276,0.287,0.288,0.135,0.326,0.343,0.012,-0.05,-0.011,87.4,6.4,27.2,9.6,35.1,100.244828571,94.290100631,70.6,35.3,53.1,81.4,27.9,53.2,31.6,52.6,15.8,24.6,7.0,7.2,72.6,11.8,22.0,30.2,8.1,40.3,-7.0,25.6,4.46,3.0,18.0,15.0,114.0,79.2,65.5,starling marte,KC,,,,,,,,145.0,37.7,2.457627118644068,0.8630952380952381,394,OF,OF,True,339.0,172.67,2.396692273871662,-27.669999999999987,0.06093484477240585,-55.0,False,False,339,False,23.75634603571111,6.593835989923548,0.45828991301957345,4.38152806134577,16.820733049744856,18.66852158034892,157.5242546300938,0.9376443727981774,-12.524254630093793,-0.07454913470293922,472.0,-327.0,"{'C': 423, 'SS': 594, '2B': 592, '3B': 571, '1B': 601, 'OF': 526, 'UT': 472}",0.8630952380952381,0.27976190476190477,-9.784959195437793,,,,,,7.142857142857142,7.142857142857142,32.14285714285714,0.010999999999999954,,5,2239,,1.355513307984791,5,True,-0.49241806988955283,3.6999999999999993,1.6999999999999993,-0.10000000000000853,0.0,0.0,68.0,0.0,,24.6,2026-03-27,2026-08-15,59.0,132.0,132.0,0.0,206.0,0.447,0.0,0.0,0.15,,established,30.9,0.3,0.943,"deserved 0.94/PA on contact quality, got 0.86 · avg EV 87.4 (32nd pct) · sprint 25.6 ft/s (10th pct)",xwOBA 0.287 (26th) · barrels 9.6% (69th) · EV 87.4 (30th) · hard-hit 35% (33rd) · K 24% (37th) · BB 5% (15th) · chase 35% (22nd) · bat speed 72.6 mph (60th) · sprint 25.6 (10th),"{""n"":20,""b"":0,""c"":[[""Kyle Farmer"",2025,35,0.79,0.74,14,0],[""Miguel Rojas"",2025,36,0.91,0.85,214,0],[""Andrew McCutchen"",2024,38,0.93,0.85,469,0],[""Christian V\u00e1zquez"",2025,35,0.84,0.86,228,0],[""Elias D\u00edaz"",2025,35,0.85,0.95,224,0]]}",0.8630948464557896,-0.07065397350181982,0.8630948464557896,200.0,0.931,173.0,518.0,430,408,FA,516.0,495.0,-343.0,-322.0,let go,False,370
682997,Tyler Callihan,2026,2000-06-22,OF,L,Pittsburgh Pirates,40,107,95,20,4,2,3,13,15,9,1,1,0,38,1,11,2,0,0,0,8,5,5,0,18,1,26.0,107.0,35.5,8.4,0.211,0.389,0.283,0.178,0.309,0.185,0.296,0.294,0.252,0.261,0.111,0.417,0.339,0.026,0.093,0.042,84.5,26.1,40.7,6.8,27.1,96.384928276,92.268426667,77.0,33.5,50.0,72.7,34.3,55.0,44.1,25.4,42.4,23.7,8.5,7.5,70.2,4.9,13.3,10.8,12.5,39.6,-3.0,28.0,,7.0,5.0,8.0,59.0,82.9,63.6,tyler callihan,PIT,,,,,,,,96.0,26.0,2.4,0.897196261682243,449,OF,OF,True,339.0,172.67,2.396692273871662,-76.66999999999999,0.003307726128337851,-110.0,False,False,339,False,11.891047242445612,3.0281659996536257,0.4505262733559089,2.205260484544852,11.207777636607856,10.295971541591467,78.19874917819932,0.7308294315719562,17.80125082180068,0.16636683011028675,472.0,-376.0,"{'C': 423, 'SS': 594, '2B': 592, '3B': 571, '1B': 601, 'OF': 526, 'UT': 472}",0.897196261682243,0.34579439252336447,-10.000848811386962,,,,,,5.607476635514018,16.822429906542055,50.467289719626166,-0.04199999999999998,,0,113,,,0,False,0.547196261682243,,,,0.0,0.0,145.0,0.0,,87.0,2026-05-28,2026-07-28,37.0,62.0,62.0,0.0,280.0,0.597,63.0,1.0,0.15,,rookie,32.8,1.0,0.43,"113 career PA, still new · 26 years old, an age that jumps 4% of the time · sprint 28.0 ft/s (65th pct)",xwOBA 0.252 (5th) · barrels 6.8% (45th) · EV 84.5 (4th) · hard-hit 27% (8th) · K 36% (2nd) · BB 8% (49th) · chase 34% (32nd) · bat speed 70.2 mph (26th) · sprint 28.0 (63rd),"{""n"":20,""b"":0,""c"":[[""Shea Langeliers"",2022,25,0.93,1.03,506,0],[""David Villar"",2022,25,0.93,0.71,100,0],[""Taylor Trammell"",2021,24,0.85,0.93,109,0],[""Dom Nu\u00f1ez"",2021,26,0.95,0.61,25,0],[""Luke Williams"",2022,26,1.04,0.79,15,0]]}",0.8662397317404147,-0.012888640320029626,0.8662397317404147,200.0,0.93,173.0,520.0,430,404,FA,516.0,495.0,-343.0,-322.0,let go,False,371
675961,Alika Williams,2026,1999-03-12,SS,R,Athletics,88,231,215,58,20,1,4,29,16,10,2,2,1,50,1,33,6,0,0,0,0,20,1,66,0,0,27.0,231.0,21.6,4.3,0.27,0.428,0.307,0.158,0.333,0.217,0.299,0.319,0.248,0.258,0.082,0.388,0.289,0.053,0.129,0.071,84.7,14.0,30.8,1.2,32.7,97.052140482,92.554231818,68.5,37.1,56.6,88.6,22.4,52.9,43.8,46.2,23.1,21.9,8.9,7.0,69.1,7.1,21.9,3.1,7.0,44.5,-1.0,28.0,4.4,15.0,19.0,24.0,169.0,74.2,69.7,alika williams,ATH,,,,,,,,207.0,27.3,2.352272727272727,0.8961038961038961,337,2B/3B/SS,2B/SS,True,339.0,172.67,2.396692273871662,34.33000000000001,-0.04441954659893499,2.0,False,False,279,False,36.03510152463826,6.879259196640656,0.471177032803919,3.2694622459171687,23.436490271290335,20.902827013663355,167.27931728495366,0.724152888679453,39.72068271504634,0.17195100742444303,472.0,-265.0,"{'C': 423, 'SS': 594, '2B': 592, '3B': 571, '1B': 601, 'OF': 526, 'UT': 472}",0.8961038961038961,0.42857142857142855,-8.184928907732067,,,,,,5.194805194805195,10.38961038961039,25.974025974025974,-0.07100000000000001,0.8961038961038961,1,439,0.0,,0,False,0.5461038961038961,,,,0.0,0.0,17.0,0.0,,5.1,2026-05-17,2026-09-23,88.0,117.0,117.0,0.0,320.0,0.752,51.0,1.0,0.15,,established,32.4,1.7,0.976,"439 career PA, still new · sprint 28.0 ft/s (65th pct) · 27 years old, an age that jumps 3% of the time",xwOBA 0.248 (3rd) · barrels 1.2% (2nd) · EV 84.7 (4th) · hard-hit 33% (23rd) · K 22% (56th) · BB 4% (8th) · chase 37% (16th) · bat speed 69.1 mph (14th) · sprint 28.0 (63rd),"{""n"":20,""b"":0,""c"":[[""Matthew Batten"",2023,28,0.91,1.33,4,0],[""Reese McGuire"",2023,28,0.87,0.82,130,0],[""Wilmer Difo"",2021,29,0.87,0.0,0,0],[""Jason Delay"",2023,28,0.87,1.11,21,0],[""Alex Call"",2022,28,1.0,0.83,364,0]]}",0.8580000066777164,-0.020371427220405795,0.8580000066777164,200.0,0.996,172.0,515.0,434,415,FA,516.0,495.0,-344.0,-323.0,let go,False,372
595879,Javier Báez,2026,1992-12-01,SS,R,Detroit Tigers,58,196,187,45,12,1,3,25,20,6,2,1,2,41,1,29,6,0,0,0,0,12,0,35,26,0,33.0,196.0,20.9,3.1,0.241,0.364,0.27,0.123,0.292,0.242,0.325,0.277,0.266,0.275,0.083,0.331,0.317,-0.001,0.039,0.011,85.6,7.4,34.0,2.7,34.7,97.80478,92.902593904,65.3,47.4,59.6,80.2,30.0,55.0,43.5,51.0,19.7,21.1,8.2,8.6,73.3,10.2,22.1,32.0,8.9,52.9,-8.0,27.0,4.52,8.0,14.0,22.0,147.0,70.5,66.3,javier baez,DET,Javier Baez,DET,"2B,3B,SS,LF,CF",344.6,209.0,445.0,446.0,163.0,33.6,2.810344827586207,0.8316326530612245,371,2B/3B/SS/OF,SS/OF,False,209.0,340.5483870967742,3.141891891891892,-177.5483870967742,-0.33154706430568526,-162.0,False,False,339,True,36.284724145060714,5.462464581936209,0.46189840094543644,3.0449128720576395,19.428579512548232,18.543707626834387,149.0012871393826,0.7602106486703194,13.998712860617388,0.07142200439090507,472.0,-309.0,"{'C': 423, 'SS': 594, '2B': 592, '3B': 571, '1B': 601, 'OF': 526, 'UT': 472}",0.8316326530612245,0.4030612244897959,-8.863321246269175,,,,,,3.061224489795918,9.183673469387754,18.36734693877551,-0.01100000000000001,,5,2606,,1.1316270566727604,5,True,-0.29999440361153595,-3.900000000000002,-2.8,-0.20000000000000284,90.0,1.0,154.0,0.0,Right ankle sprain,109.2,2026-03-26,2026-09-26,58.0,164.0,84.0,80.0,378.0,0.69,0.0,0.0,0.15,,established,28.8,0.1,0.912,sprint 27.0 ft/s (37th pct) · got 0.83/PA but deserved 0.76 · avg EV 85.6 (10th pct),xwOBA 0.266 (11th) · barrels 2.7% (9th) · EV 85.6 (8th) · hard-hit 35% (31st) · K 21% (61st) · BB 3% (2nd) · chase 47% (0th) · bat speed 73.3 mph (69th) · sprint 27.0 (36th),"{""n"":20,""b"":0,""c"":[[""Adam Frazier"",2025,34,0.9,0.89,131,0],[""Kyle Farmer"",2024,34,0.85,0.79,236,0],[""Elias D\u00edaz"",2024,34,0.95,0.85,240,0],[""Kyle Farmer"",2025,35,0.79,0.74,14,0],[""Gio Urshela"",2023,32,0.89,0.8,367,0]]}",0.8613789265938507,-0.04369876870972289,0.8613789265938507,200.0,0.867,172.0,517.0,434,411,FA,516.0,495.0,-344.0,-323.0,let go,False,373
543510,James McCann,2026,1990-06-13,C,R,Arizona Diamondbacks,52,166,156,44,6,0,7,17,28,6,1,0,0,42,1,31,2,7,0,45,7,0,0,0,0,0,36.0,166.0,25.3,3.6,0.282,0.455,0.311,0.173,0.343,0.24,0.431,0.332,0.303,0.272,0.191,0.43,0.39,0.042,0.024,0.029,89.9,11.2,37.6,11.1,43.6,100.840190351,94.985217544,64.4,39.9,46.5,86.0,30.2,51.5,31.6,46.2,26.5,23.9,3.4,7.0,72.0,11.4,27.1,23.4,10.5,45.6,2.0,25.2,4.82,9.0,16.0,19.0,117.0,72.1,65.7,james mccann,ARI,James McCann,ARI,"C,1B",851.0,337.0,1235.0,,179.0,36.0,3.4423076923076925,1.0783132530120483,360,C,C,False,337.0,172.67,2.396692273871662,6.3300000000000125,1.0456154184360305,-23.0,False,False,283,False,21.789898646510004,8.299011421148176,0.5562812181736243,6.794808714168192,17.223381275165426,21.407249218767618,162.30663049393303,0.9777507861080302,16.693369506066972,0.10056246690401804,423.0,-244.0,"{'C': 423, 'SS': 594, '2B': 592, '3B': 571, '1B': 601, 'OF': 526, 'UT': 472}",1.0783132530120483,0.4819277108433735,-8.013939951669151,,,,,,0.0,25.301204819277107,21.686746987951807,-0.029000000000000026,,3,1365,,,3,False,0.7283132530120483,,,,48.0,1.0,48.0,0.0,Strained right quad,48.0,2026-03-28,2026-09-27,51.0,161.0,116.0,45.0,232.0,0.44,2.0,0.0,0.15,,established,31.8,0.3,1.158,"avg EV 89.9 (73rd pct) · 1,365 career PA, a known quantity · sprint 25.2 ft/s (7th pct)",xwOBA 0.303 (45th) · barrels 11.1% (80th) · EV 89.9 (71st) · hard-hit 44% (76th) · K 25% (32nd) · BB 4% (4th) · chase 40% (8th) · bat speed 72.0 mph (50th) · sprint 25.2 (7th),"{""n"":20,""b"":0,""c"":[[""Kyle Higashioka"",2024,34,1.08,1.02,333,0],[""Kyle Higashioka"",2025,35,1.02,0.88,163,0],[""Travis d'Arnaud"",2024,35,1.03,0.82,189,0],[""Rob Refsnyder"",2025,34,1.11,0.6,78,0],[""Jason Heyward"",2024,35,0.99,0.68,65,0]]}",0.8603731363336296,-0.06305677842196104,0.8603731363336296,200.0,0.914,172.0,516.0,434,413,FA,516.0,495.0,-344.0,-323.0,let go,False,374
643376,Danny Jansen,2026,1995-04-15,C,R,Texas Rangers,67,227,197,40,9,1,8,21,26,18,8,1,1,55,0,22,5,8,0,60,0,0,0,0,0,4,31.0,227.0,24.2,7.9,0.203,0.381,0.296,0.178,0.239,0.186,0.31,0.3,0.267,0.277,0.125,0.345,0.293,0.017,0.071,0.033,87.7,22.8,24.0,6.2,33.6,97.458352394,92.765822676,66.5,22.5,48.5,82.7,25.7,45.0,55.5,37.0,31.5,17.8,13.7,7.0,70.0,7.3,25.2,6.7,15.0,60.3,-4.0,26.7,4.63,13.0,12.0,15.0,146.0,63.2,59.7,danny jansen,TEX,Danny Jansen,TEX,C,458.5,263.0,431.0,486.0,202.0,31.2,3.014925373134328,0.8898678414096917,340,C,C,False,263.0,223.9,2.840653659676383,-21.900000000000006,0.17427171345794523,-77.0,False,False,280,False,23.527470547495383,7.033253470311223,0.6520814168914141,5.429194565301983,22.968714341859403,23.39903491452438,184.2767492563838,0.811791846944422,17.723250743616205,0.0780759944652697,423.0,-221.0,"{'C': 423, 'SS': 594, '2B': 592, '3B': 571, '1B': 601, 'OF': 526, 'UT': 472}",0.8898678414096917,0.3788546255506608,-8.783643436195055,,,,,,2.643171806167401,21.145374449339208,47.57709251101322,-0.032999999999999974,1.1733870967741935,6,1642,-0.28351925536450184,1.1733870967741935,5,False,-0.28351925536450184,-1.3000000000000007,-2.6000000000000005,0.5,73.0,1.0,91.0,0.0,,78.4,2026-03-26,2026-09-27,67.0,162.0,99.0,63.0,371.0,0.677,0.0,0.0,0.15,,established,26.4,0.2,1.253,"avg EV 87.7 (38th pct) · sprint 26.7 ft/s (29th pct) · already 31, an age that jumps 3% of the time",xwOBA 0.267 (11th) · barrels 6.2% (38th) · EV 87.7 (35th) · hard-hit 34% (26th) · K 24% (38th) · BB 8% (41st) · chase 22% (91st) · bat speed 70.0 mph (25th) · sprint 26.7 (29th),"{""n"":20,""b"":0,""c"":[[""Elias D\u00edaz"",2022,32,0.88,0.99,522,0],[""Hunter Renfroe"",2024,32,0.92,0.56,60,0],[""Austin Hays"",2024,29,0.88,1.07,445,0],[""Eddie Rosario"",2022,31,0.77,1.01,523,0],[""Hunter Renfroe"",2023,31,0.91,0.92,392,0]]}",0.8624789923457653,-0.03573509974786369,0.8624789923457653,200.0,0.937,172.0,517.0,434,411,FA,516.0,495.0,-344.0,-323.0,let go,False,375
656555,Rhys Hoskins,2026,1993-03-17,1B,R,Cleveland Guardians,95,317,263,47,13,0,13,33,38,47,3,1,0,100,4,21,2,0,0,0,62,0,0,0,1,25,33.0,317.0,31.5,14.8,0.179,0.376,0.306,0.197,0.221,0.174,0.348,0.305,0.297,0.304,0.174,0.37,0.353,0.005,0.028,0.008,89.4,26.6,34.1,12.6,41.3,99.856401548,94.354466347,64.1,22.2,50.3,74.1,32.4,42.2,54.5,26.3,32.3,22.2,19.2,8.2,71.9,8.7,21.7,17.0,16.9,55.2,-2.0,24.8,4.95,15.0,8.0,24.0,167.0,77.1,56.8,rhys hoskins,CLE,Rhys Hoskins,CLE,"1B,DH",554.3,275.0,818.0,488.0,268.0,33.3,2.8210526315789473,0.8454258675078864,283,1B,1B,False,275.0,221.75,2.8210526315789473,46.25,0.0,-8.0,False,False,250,False,21.773518690652793,12.759362817562875,0.684718292915858,10.544400198868466,31.812734127859915,37.94444708531147,258.04318121317135,0.8140163445210453,9.956818786828649,0.031409522986841076,472.0,-204.0,"{'C': 423, 'SS': 594, '2B': 592, '3B': 571, '1B': 601, 'OF': 526, 'UT': 472}",0.8454258675078864,0.3722397476340694,-7.554580249326978,8.614232209737828,10.112359550561797,2.6217228464419478,-1.4981273408239684,5.992509363295881,1.8927444794952681,24.605678233438486,88.9589905362776,-0.008000000000000007,1.1151241534988714,5,2277,-0.269698285990985,1.1151241534988714,4,True,-0.269698285990985,3.8000000000000007,2.299999999999999,0.9000000000000057,39.0,1.0,120.0,0.0,Lower back inflammation,82.5,2026-03-26,2026-08-18,95.0,137.0,130.0,7.0,395.0,0.731,0.0,0.0,0.15,,established,30.6,0.2,1.195,"avg EV 89.4 (66th pct) · only 317 PA, and a breakout needs 350 next year · got 0.85/PA but deserved 0.81 · barrel rate up 2.3 pts on last year · bat speed up 0.9 mph",xwOBA 0.297 (38th) · barrels 12.6% (88th) · EV 89.4 (63rd) · hard-hit 41% (63rd) · K 32% (10th) · BB 15% (97th) · chase 22% (92nd) · bat speed 71.9 mph (48th) · sprint 24.8 (3rd),"{""n"":20,""b"":0,""c"":[[""Jorge Soler"",2025,33,0.85,0.86,310,0],[""Mitch Garver"",2025,34,0.86,0.85,126,0],[""Enrique Hern\u00e1ndez"",2025,34,0.82,0.89,85,0],[""Elias D\u00edaz"",2025,35,0.85,0.95,224,0],[""Mitch Garver"",2024,34,0.8,0.86,250,0]]}",0.8502156785444561,-0.04921542158677408,0.8502156785444561,202.0,0.887,172.0,510.0,434,427,FA,516.0,495.0,-344.0,-323.0,let go,False,376
686452,Drew Millas,2026,1998-01-15,C,S,Washington Nationals,50,152,130,24,4,0,2,18,11,14,3,0,1,37,1,18,1,9,0,50,0,0,0,0,0,0,28.0,152.0,24.3,9.2,0.185,0.262,0.277,0.077,0.239,0.204,0.282,0.251,0.266,0.295,0.079,0.268,0.291,-0.019,-0.02,-0.015,83.6,12.8,34.4,3.2,21.9,94.435516667,91.391984222,61.8,28.8,58.6,85.7,23.3,44.8,36.5,44.8,19.8,29.2,6.3,7.1,68.1,3.6,23.4,3.6,7.9,41.6,-7.0,27.6,4.41,3.0,5.0,16.0,96.0,61.1,69.7,drew millas,WSH,,,,,,,,121.0,28.5,2.42,0.7960526315789473,416,C,C,True,339.0,172.67,2.396692273871662,-51.66999999999999,0.02330772612833787,-77.0,False,False,339,False,20.889646920151094,3.19523715730404,0.23058492493862978,2.2045309976062337,15.650464220194795,13.514238974520914,126.47470319471572,0.8320704157547086,-5.474703194715715,-0.03601778417576129,423.0,-302.0,"{'C': 423, 'SS': 594, '2B': 592, '3B': 571, '1B': 601, 'OF': 526, 'UT': 472}",0.7960526315789473,0.2631578947368421,-10.507883050351557,,,,,,0.0,7.894736842105263,55.26315789473684,0.015000000000000013,,0,302,,,0,False,0.44605263157894737,,,,74.0,1.0,104.0,0.0,,92.0,2026-03-28,2026-07-11,50.0,98.0,96.0,2.0,256.0,0.521,2.0,0.0,0.15,,established,24.3,1.0,0.43,"302 career PA, still new · deserved 0.83/PA on contact quality, got 0.80 · avg EV 83.6 (2nd pct)",xwOBA 0.266 (11th) · barrels 3.2% (13th) · EV 83.6 (1st) · hard-hit 22% (3rd) · K 24% (38th) · BB 9% (57th) · chase 29% (61st) · bat speed 68.1 mph (6th) · sprint 27.6 (52nd),"{""n"":20,""b"":0,""c"":[[""Tyler Wade"",2022,28,0.81,0.98,54,0],[""Danny Mendick"",2021,28,0.73,1.12,119,0],[""Brian Serven"",2022,27,0.8,0.7,16,0],[""Brett Harris"",2025,27,0.86,0.47,24,0],[""Miguel Andujar"",2022,27,0.85,1.13,102,0]]}",0.8577802127302538,-0.016978344977301236,0.8577802127302538,200.0,0.926,172.0,515.0,434,415,FA,516.0,495.0,-344.0,-323.0,let go,False,377
623168,Tyler Heineman,2026,1991-06-19,C,S,multi,79,200,177,31,3,1,1,15,10,5,6,1,0,30,0,26,3,19,0,73,0,0,0,0,0,1,35.0,200.0,15.0,2.5,0.175,0.22,0.223,0.045,0.205,0.214,0.259,0.204,0.236,0.26,0.045,0.208,0.248,-0.039,-0.039,-0.032,82.0,10.0,27.0,0.6,11.9,91.606485493,90.139217234,70.1,42.9,65.6,90.0,19.5,56.3,46.5,53.5,19.5,20.1,6.9,7.0,65.0,2.2,26.8,0.3,6.5,45.1,-19.0,26.0,4.55,6.0,7.0,18.0,159.0,79.2,63.0,tyler heineman,multi,,,,,,,,144.0,35.0,1.8227848101265822,0.72,398,C,C,True,339.0,172.67,2.396692273871662,-28.669999999999987,-0.5739074637450798,-59.0,False,False,339,False,33.50194311553506,2.441362875738792,0.2804449019172267,1.6542491068089182,16.802544151760607,17.103549013907962,166.62709316566855,0.8331354658283427,-22.627093165668555,-0.11313546582834277,423.0,-279.0,"{'C': 423, 'SS': 594, '2B': 592, '3B': 571, '1B': 601, 'OF': 526, 'UT': 472}",0.72,0.2,-11.152836175404403,,,,,,3.0,3.0,15.0,0.032,0.72,1,611,0.0,,0,False,0.37,-2.8000000000000007,-2.6,-1.0999999999999943,0.0,0.0,34.0,0.0,,12.899999999999999,2026-03-29,2026-09-26,75.0,152.0,152.0,0.0,213.0,0.493,2.0,0.0,0.15,,established,23.3,0.7,0.8,"deserved 0.83/PA on contact quality, got 0.72 · 611 career PA, still new · sprint 26.0 ft/s (15th pct)",xwOBA 0.236 (2nd) · barrels 0.6% (1st) · EV 82.0 (0th) · hard-hit 12% (0th) · K 15% (88th) · BB 2% (0th) · chase 43% (3rd) · bat speed 65.0 mph (1st) · sprint 26.0 (15th),"{""n"":20,""b"":0,""c"":[[""Nick Ahmed"",2024,34,0.71,0.5,5,0],[""Nick Ahmed"",2023,33,0.72,0.71,162,0],[""Kurt Suzuki"",2021,38,0.75,0.76,121,0],[""Andrelton Simmons"",2021,32,0.66,0.71,60,0],[""Curt Casali"",2023,35,0.7,0.75,94,0]]}",0.8550293872189157,-0.05989080447742173,0.8550293872189157,200.0,0.94,171.0,513.0,440,419,FA,516.0,495.0,-345.0,-324.0,let go,False,378
683766,Christian Koss,2026,1998-01-27,SS,R,San Francisco Giants,71,221,203,44,6,0,4,27,12,9,2,5,0,59,0,34,7,0,0,0,0,5,20,41,0,1,28.0,221.0,26.7,4.1,0.217,0.305,0.257,0.088,0.286,0.206,0.278,0.251,0.235,0.247,0.073,0.32,0.296,0.011,0.027,0.016,84.1,10.9,29.1,4.0,26.5,96.216977143,92.149313381,71.1,39.5,54.0,79.9,30.1,54.2,40.4,53.0,18.5,19.9,8.6,7.1,69.3,7.1,18.8,6.3,10.4,57.9,-9.0,29.0,4.32,6.0,19.0,18.0,151.0,75.9,67.4,christian koss,SF,,,,,,,,164.0,28.4,2.3098591549295775,0.7420814479638009,370,2B/3B/SS,3B/SS,True,339.0,172.67,2.396692273871662,-8.669999999999987,-0.08683311894208456,-31.0,False,False,339,False,33.75595203080312,4.531692687654466,0.3037585322816876,3.2265967492607186,23.149772599719572,18.798615400720877,159.40338800044043,0.7212822986445269,4.5966119995595704,0.02079914931927407,472.0,-308.0,"{'C': 423, 'SS': 594, '2B': 592, '3B': 571, '1B': 601, 'OF': 526, 'UT': 472}",0.7420814479638009,0.25339366515837103,-9.087752871846641,,,,,,13.574660633484163,10.85972850678733,24.434389140271495,-0.016000000000000014,0.7420814479638009,1,412,0.0,,0,False,0.39208144796380096,3.099999999999998,-2.0,-0.7000000000000028,0.0,0.0,31.0,0.0,,18.599999999999998,2026-03-31,2026-09-27,70.0,161.0,161.0,0.0,222.0,0.435,6.0,0.0,0.15,,established,24.7,0.8,0.822,"sprint 29.0 ft/s (89th pct) · 412 career PA, still new · got 0.74/PA but deserved 0.72",xwOBA 0.235 (2nd) · barrels 4.0% (20th) · EV 84.1 (2nd) · hard-hit 26% (7th) · K 27% (24th) · BB 4% (7th) · chase 40% (9th) · bat speed 69.3 mph (17th) · sprint 29.0 (88th),"{""n"":20,""b"":0,""c"":[[""Eli White"",2021,27,0.8,1.13,132,0],[""Danny Mendick"",2021,28,0.73,1.12,119,0],[""Derek Hill"",2022,26,0.78,0.52,26,0],[""Tyler Wade"",2022,28,0.81,0.98,54,0],[""Jason Delay"",2022,27,0.74,0.87,162,0]]}",0.8537188967155556,-0.016978344977301236,0.8537188967155556,200.0,0.985,171.0,512.0,440,423,FA,516.0,495.0,-345.0,-324.0,let go,False,379
663494,Bryan Torres,2026,1997-07-02,OF,L,St. Louis Cardinals,74,189,166,38,1,2,4,17,19,18,2,2,0,39,2,31,2,0,0,0,0,13,3,0,40,7,28.0,189.0,20.6,9.5,0.229,0.331,0.309,0.102,0.272,0.229,0.329,0.289,0.288,0.31,0.1,0.312,0.311,0.0,0.002,0.001,86.5,11.0,35.4,3.1,26.2,95.647026349,91.92324296,61.6,27.0,57.8,87.1,21.8,44.3,48.5,46.2,23.1,26.2,4.6,6.5,65.8,3.1,31.8,1.0,8.6,53.4,-5.0,27.2,4.37,5.0,14.0,19.0,130.0,65.6,57.1,bryan torres,STL,,,,,,,,153.0,29.0,2.0675675675675675,0.8095238095238095,383,C/2B/OF,OF,True,339.0,172.67,2.396692273871662,-19.669999999999987,-0.3291247063040945,-44.0,False,False,339,False,29.43150139548885,4.219137373921389,0.7092210656906676,3.6541401648990925,20.331498297877072,18.287084300647056,155.24658259852413,0.8214104899392811,-2.246582598524128,-0.011886680415471584,423.0,-270.0,"{'C': 423, 'SS': 594, '2B': 592, '3B': 571, '1B': 601, 'OF': 526, 'UT': 472}",0.8095238095238095,0.38095238095238093,-9.329961287530741,,,,,,6.349206349206349,12.698412698412698,57.14285714285714,-0.0010000000000000009,,0,189,,,0,False,0.45952380952380956,,,,0.0,0.0,0.0,0.0,,0.0,2026-05-23,2026-09-26,74.0,115.0,115.0,0.0,266.0,0.643,58.0,1.0,0.15,,established,30.0,0.8,0.43,"deserved 0.82/PA on contact quality, got 0.81 · sprint 27.2 ft/s (43rd pct) · already 29, an age that jumps 4% of the time",xwOBA 0.288 (28th) · barrels 3.1% (12th) · EV 86.5 (18th) · hard-hit 26% (7th) · K 21% (62nd) · BB 10% (61st) · chase 27% (71st) · bat speed 65.8 mph (2nd) · sprint 27.2 (42nd),"{""n"":20,""b"":0,""c"":[[""Bryce Johnson"",2024,29,0.75,1.11,93,0],[""Nick Sogard"",2025,28,0.89,0.84,232,0],[""Guillermo Heredia"",2021,30,0.82,0.77,63,0],[""Jos\u00e9 Az\u00f3car"",2024,28,0.87,1.0,21,0],[""Mauricio Dub\u00f3n"",2021,27,0.87,0.77,204,0]]}",0.8573046782110669,-0.026285818839922398,0.8573046782110669,200.0,1.0,171.0,514.0,440,417,FA,516.0,495.0,-345.0,-324.0,let go,False,380
656484,Tristan Gray,2026,1996-03-22,SS,L,Minnesota Twins,66,188,173,39,5,0,4,16,29,10,1,2,0,60,3,30,8,0,0,0,2,6,18,37,0,0,30.0,188.0,31.9,5.3,0.225,0.324,0.267,0.099,0.313,0.218,0.322,0.262,0.263,0.266,0.104,0.355,0.358,0.007,0.002,-0.001,88.5,14.3,38.5,6.0,37.6,99.69709193,93.943316637,74.7,39.3,46.0,77.7,33.9,56.2,40.2,34.2,23.9,34.2,7.7,7.1,72.7,6.5,15.8,31.1,7.0,40.4,-11.0,26.2,4.61,5.0,11.0,23.0,117.0,86.4,70.2,tristan gray,MIN,,,,,,,,149.0,30.3,2.257575757575758,0.7925531914893617,391,2B/3B/SS,SS,True,339.0,172.67,2.396692273871662,-23.669999999999987,-0.13911651629590427,-52.0,False,False,339,False,28.015974583791508,5.364610461746166,0.37285532513313996,3.960559629329185,17.923967424248755,19.01203100765326,139.355998431902,0.7412553108079895,9.644001568097991,0.0512978806813722,472.0,-323.0,"{'C': 423, 'SS': 594, '2B': 592, '3B': 571, '1B': 601, 'OF': 526, 'UT': 472}",0.7925531914893617,0.28191489361702127,-8.886230644122474,,,,,,6.382978723404255,12.76595744680851,31.914893617021278,0.0010000000000000009,,0,310,,,0,False,0.4425531914893617,,,,0.0,0.0,0.0,0.0,,0.0,2026-03-29,2026-08-06,66.0,121.0,121.0,0.0,252.0,0.545,3.0,0.0,0.15,,established,21.3,0.6,0.43,"310 career PA, still new · already 30, an age that jumps 3% of the time · got 0.79/PA but deserved 0.74",xwOBA 0.263 (9th) · barrels 6.0% (36th) · EV 88.5 (48th) · hard-hit 38% (44th) · K 32% (8th) · BB 5% (15th) · chase 39% (9th) · bat speed 72.7 mph (62nd) · sprint 26.2 (20th),"{""n"":20,""b"":0,""c"":[[""Yoshi Tsutsugo"",2021,30,0.87,0.6,115,0],[""Tom Murphy"",2021,30,0.85,1.02,43,0],[""Aramis Garcia"",2021,28,0.76,0.66,76,0],[""Jhonny Pereda"",2025,29,0.73,1.03,104,0],[""Sean Bouchard"",2024,28,0.86,0.68,50,0]]}",0.8527397440383109,-0.01977893541086498,0.8527397440383109,200.0,1.0,171.0,512.0,440,423,FA,516.0,495.0,-345.0,-324.0,let go,False,381
553869,Elias Díaz,2026,1990-11-17,C,R,multi,87,237,218,51,13,0,8,21,35,9,2,0,0,58,4,30,6,12,0,75,0,0,0,0,0,10,35.0,237.0,24.5,3.8,0.234,0.404,0.266,0.17,0.276,0.216,0.357,0.287,0.269,0.252,0.141,0.363,0.338,0.018,0.047,0.018,88.5,15.9,32.1,9.6,40.5,100.965078272,94.585337346,72.9,37.8,54.9,81.1,28.2,54.9,38.1,36.3,26.8,25.0,11.9,7.0,75.1,11.1,17.7,50.8,8.5,55.6,-8.0,24.4,4.91,13.0,13.0,25.0,168.0,76.9,61.4,elias diaz,multi,Elias Diaz,TEX,"C,DH",609.5,283.0,739.0,,224.0,35.6,2.574712643678161,0.9451476793248945,318,C,C,False,283.0,172.67,2.744186046511628,51.33000000000001,-0.169473402833467,-35.0,False,False,258,False,30.181617859655788,9.729511029043485,0.5221243629456687,6.654746748355058,20.71819754245384,27.551918612770095,202.18411615522393,0.8530975365199323,21.815883844776067,0.09205014280496226,423.0,-199.0,"{'C': 423, 'SS': 594, '2B': 592, '3B': 571, '1B': 601, 'OF': 526, 'UT': 472}",0.9451476793248945,0.4008438818565401,-7.937161878807651,,,,,,0.0,20.253164556962023,22.78481012658228,-0.01799999999999996,1.0673854447439353,6,2149,-0.12223776541904074,1.0673854447439353,5,False,-0.12223776541904074,-1.3999999999999986,2.0,2.299999999999997,0.0,0.0,16.0,0.0,,4.8,2026-04-19,2026-09-27,87.0,127.0,127.0,0.0,302.0,0.685,23.0,1.0,0.15,,established,32.1,0.2,1.147,"0.95/PA this year against 1.07 at his best, two steps to clear · only 237 PA, and a breakout needs 350 next year · sprint 24.4 ft/s (1st pct) · barrel rate up 2.0 pts on last year · bat speed up 2.3 mph",xwOBA 0.269 (12th) · barrels 9.6% (69th) · EV 88.5 (48th) · hard-hit 40% (58th) · K 24% (36th) · BB 4% (5th) · chase 38% (13th) · bat speed 75.1 mph (89th) · sprint 24.4 (1st),"{""n"":20,""b"":0,""c"":[[""Miguel Rojas"",2025,36,0.91,0.85,214,0],[""Mike Yastrzemski"",2024,34,0.97,0.96,533,0],[""Robbie Grossman"",2023,34,0.93,0.76,187,0],[""Mark Canha"",2024,35,0.87,0.63,79,0],[""James McCann"",2025,35,1.03,1.08,179,0]]}",0.8554008862486288,-0.06305677842196104,0.8554008862486288,200.0,0.946,171.0,513.0,440,419,FA,516.0,495.0,-345.0,-324.0,let go,False,382
622268,Donovan Walton,2026,1994-05-25,2B,L,multi,92,268,230,60,14,1,9,36,32,28,7,3,2,46,0,36,3,0,0,0,0,55,13,18,0,7,32.0,268.0,17.2,10.4,0.261,0.448,0.358,0.187,0.291,0.245,0.371,0.356,0.322,0.344,0.127,0.379,0.33,0.016,0.077,0.034,86.8,12.4,39.0,4.8,31.6,96.726321868,92.483504451,73.8,28.8,49.0,82.9,26.9,50.8,49.2,43.3,27.3,26.2,3.2,6.9,67.9,6.0,27.8,0.7,13.5,51.2,8.0,26.4,4.47,13.0,17.0,29.0,187.0,92.0,65.7,donovan walton,multi,,,,,,,,272.0,32.1,2.9565217391304346,1.0149253731343284,278,2B/3B/SS,2B,True,339.0,172.67,2.396692273871662,99.33000000000001,0.5598294652587725,61.0,False,False,250,False,40.35902304649617,9.021183789164716,0.7205632821820657,6.249229882157051,30.136516179782713,28.426606858149857,241.4731230379326,0.9010191158131813,30.526876962067405,0.11390625732114712,472.0,-200.0,"{'C': 423, 'SS': 594, '2B': 592, '3B': 571, '1B': 601, 'OF': 526, 'UT': 472}",1.0149253731343284,0.582089552238806,-6.324905289641139,,,,,,6.716417910447761,20.149253731343283,62.6865671641791,-0.033999999999999975,1.0149253731343284,1,449,0.0,,0,False,0.6649253731343284,,,,0.0,0.0,0.0,0.0,,0.0,2026-05-22,2026-09-27,92.0,106.0,106.0,0.0,410.0,0.868,57.0,1.0,0.15,,established,29.6,0.5,1.095,"449 career PA, still new · sprint 26.4 ft/s (23rd pct) · only 268 PA, and a breakout needs 350 next year",xwOBA 0.322 (67th) · barrels 4.8% (26th) · EV 86.8 (20th) · hard-hit 32% (20th) · K 17% (80th) · BB 10% (72nd) · chase 29% (61st) · bat speed 67.9 mph (5th) · sprint 26.4 (23rd),"{""n"":20,""b"":0,""c"":[[""Austin Barnes"",2022,32,1.0,0.69,139,0],[""Ehire Adrianza"",2021,32,0.97,0.6,66,0],[""Elias D\u00edaz"",2021,31,1.07,0.88,335,0],[""Matt Duffy"",2021,30,0.99,0.69,171,0],[""Nathan Lukes"",2025,31,1.0,0.92,414,0]]}",0.849415522562546,-0.035407766755750046,0.849415522562546,200.0,1.0,170.0,510.0,444,427,FA,516.0,495.0,-346.0,-325.0,let go,False,383
593871,Jorge Polanco,2026,1993-07-05,DH,S,New York Mets,37,145,135,20,5,0,2,7,6,9,0,0,0,36,0,13,0,0,0,0,2,0,0,0,0,34,32.0,145.0,24.8,6.2,0.148,0.23,0.201,0.082,0.186,0.189,0.284,0.196,0.234,0.239,0.096,0.222,0.277,-0.041,-0.054,-0.038,86.0,14.3,31.0,4.0,31.0,97.0668138,92.589206263,61.9,30.1,58.9,85.4,24.0,45.0,47.0,40.0,24.0,25.0,11.0,7.2,69.5,8.4,26.7,3.1,7.1,52.0,-15.0,26.1,4.36,2.0,5.0,12.0,100.0,61.5,56.6,jorge polanco,NYM,Jorge Polanco,NYM,"2B,3B,DH",201.0,118.0,209.0,186.0,73.0,33.0,1.972972972972973,0.503448275862069,478,1B/2B,UT,False,118.0,558.0,3.7884615384615383,-485.0,-1.8154885654885653,-360.0,False,False,339,True,18.340942610642266,4.137308856422618,0.28755445522796763,2.7491940777071493,12.72342318875535,14.242596598568133,99.95601978732348,0.689351860602231,-26.956019787323484,-0.185903584740162,472.0,-399.0,"{'C': 423, 'SS': 594, '2B': 592, '3B': 571, '1B': 601, 'OF': 526, 'UT': 472}",0.503448275862069,0.11724137931034483,-11.875455376377355,,,,,,0.0,8.275862068965518,37.241379310344826,0.038000000000000006,,5,2570,,1.110248447204969,5,True,-0.6068001713429,9.200000000000001,-6.300000000000001,-1.7000000000000028,119.0,2.0,147.0,1.0,Left ankle bursitis,127.4,2026-03-26,2026-08-17,37.0,135.0,56.0,79.0,419.0,0.661,0.0,0.0,0.15,,established,25.2,0.2,0.583,"deserved 0.69/PA on contact quality, got 0.50 · sprint 26.1 ft/s (18th pct) · avg EV 86.0 (14th pct)",xwOBA 0.234 (1st) · barrels 4.0% (20th) · EV 86.0 (14th) · hard-hit 31% (18th) · K 25% (34th) · BB 6% (23rd) · chase 30% (52nd) · bat speed 69.5 mph (19th) · sprint 26.1 (17th),"{""n"":20,""b"":0,""c"":[[""Jonah Bride"",2025,30,0.51,0.5,3,0],[""Ehire Adrianza"",2022,33,0.6,0.0,0,0],[""Jeimer Candelario"",2025,32,0.52,0.5,10,0],[""Connor Wong"",2025,29,0.7,0.89,213,0],[""Austin Hedges"",2023,31,0.63,0.71,104,0]]}",0.8482614616236779,-0.04921542158677408,0.8482614616236779,200.0,0.853,170.0,509.0,444,430,FA,516.0,495.0,-346.0,-325.0,let go,False,384
670242,Matt Wallner,2026,1997-12-12,OF,L,Minnesota Twins,34,135,120,20,3,0,4,14,10,10,5,0,1,53,0,13,1,0,2,0,0,0,0,0,33,0,28.0,135.0,39.3,7.4,0.167,0.292,0.259,0.125,0.254,0.2,0.333,0.253,0.281,0.289,0.134,0.352,0.408,-0.033,-0.041,-0.028,88.4,8.1,26.9,10.4,40.3,101.422806765,95.021781343,74.2,31.6,29.3,68.2,44.0,52.1,44.8,50.7,20.9,23.9,4.5,7.5,75.2,7.6,13.3,56.8,10.9,57.1,-8.0,26.0,4.43,3.0,5.0,12.0,67.0,75.8,65.2,matt wallner,MIN,Matt Wallner,MIN,"LF,RF",305.0,184.0,296.0,277.0,97.0,28.5,2.8529411764705883,0.7185185185185186,447,OF,OF,False,184.0,377.19354838709677,3.1811021036719445,-280.19354838709677,-0.32816092720135615,-263.0,False,False,339,True,15.499329491281312,4.540641522555424,0.34072848104521375,3.6193005051180496,13.574297558078946,14.584506835350266,110.23880439342919,0.8165837362476236,-13.238804393429191,-0.09806521772910504,472.0,-375.0,"{'C': 423, 'SS': 594, '2B': 592, '3B': 571, '1B': 601, 'OF': 526, 'UT': 472}",0.7185185185185186,0.11851851851851852,-10.695329963147435,,,,,,0.0,17.77777777777778,44.44444444444444,0.028000000000000025,,3,1107,,1.1574803149606299,3,False,-0.4389617964421113,10.199999999999996,-3.5,-1.3999999999999915,0.0,0.0,57.0,0.0,,33.0,2026-03-26,2026-05-13,34.0,50.0,50.0,0.0,437.0,0.68,0.0,0.0,0.15,,established,34.8,0.3,0.799,"deserved 0.82/PA on contact quality, got 0.72 · 1,107 career PA, a known quantity · sprint 26.0 ft/s (15th pct)",xwOBA 0.281 (20th) · barrels 10.4% (75th) · EV 88.4 (46th) · hard-hit 40% (58th) · K 39% (1st) · BB 7% (34th) · chase 32% (42nd) · bat speed 75.2 mph (90th) · sprint 26.0 (15th),"{""n"":20,""b"":0,""c"":[[""Seby Zavala"",2023,30,0.76,0.72,31,0],[""James Outman"",2024,27,0.69,0.72,107,0],[""Zack Collins"",2022,27,0.75,1.0,6,0],[""Matt Thaiss"",2024,29,0.81,0.85,161,0],[""Paul DeJong"",2022,29,0.69,0.8,321,0]]}",0.8505416476436204,-0.016978344977301236,0.8505416476436204,200.0,0.974,170.0,510.0,444,427,FA,516.0,495.0,-346.0,-325.0,let go,False,385
500743,Miguel Rojas,2026,1989-02-24,2B,R,Los Angeles Dodgers,107,252,225,60,16,0,4,23,23,16,2,1,1,27,7,40,1,0,0,0,4,49,9,28,0,3,37.0,252.0,10.7,6.3,0.267,0.391,0.312,0.124,0.279,0.277,0.386,0.306,0.309,0.323,0.108,0.312,0.316,-0.01,0.005,-0.003,87.3,14.6,36.2,4.8,36.2,98.290682475,93.175374851,68.3,32.4,68.4,91.2,17.0,48.8,35.3,44.0,23.2,24.2,8.7,7.1,69.1,12.2,34.0,5.7,7.0,45.2,1.0,26.1,4.58,8.0,22.0,30.0,207.0,69.7,62.3,miguel rojas,LAD,Miguel Rojas,LAD,"2B,3B,SS",825.0,325.0,1307.0,,214.0,37.3,2.0,0.8492063492063492,329,2B/3B/SS,2B/SS,False,325.0,172.67,2.396692273871662,41.33000000000001,-0.39669227387166206,-4.0,False,False,279,False,48.01768707963297,9.086358938814234,0.4492208834726201,4.771733098080176,26.69542831470491,26.325513529926127,221.97094184463103,0.8808370708120279,-7.970941844631028,-0.0316307216056787,472.0,-258.0,"{'C': 423, 'SS': 594, '2B': 592, '3B': 571, '1B': 601, 'OF': 526, 'UT': 472}",0.8492063492063492,0.49206349206349204,-8.297418804102032,,,,,,2.380952380952381,9.523809523809524,38.095238095238095,0.0030000000000000027,1.0,6,2375,-0.1507936507936508,1.0,5,False,-0.1507936507936508,-3.8000000000000007,0.7000000000000002,1.0,0.0,0.0,16.0,0.0,,4.8,2026-03-26,2026-09-27,105.0,163.0,163.0,0.0,250.0,0.644,0.0,0.0,0.15,,established,28.2,0.1,1.08,"deserved 0.88/PA on contact quality, got 0.85 · avg EV 87.3 (30th pct) · 0.85/PA this year against 1.00 at his best, two steps to clear · bat speed up 1.0 mph",xwOBA 0.309 (51st) · barrels 4.8% (26th) · EV 87.3 (28th) · hard-hit 36% (37th) · K 11% (97th) · BB 6% (25th) · chase 32% (37th) · bat speed 69.1 mph (14th) · sprint 26.1 (17th),"{""n"":20,""b"":0,""c"":[[""Yuli Gurriel"",2023,39,0.84,0.83,54,0],[""Kyle Farmer"",2025,35,0.79,0.74,14,0],[""Carlos Santana"",2025,39,0.85,0.27,7,0],[""Nolan Arenado"",2025,34,0.87,1.04,621,0],[""Mark Canha"",2024,35,0.87,0.63,79,0]]}",0.8454739233335449,-0.07178833112286302,0.8454739233335449,200.0,0.946,169.0,507.0,447,437,FA,516.0,495.0,-347.0,-326.0,let go,False,386
660844,Leo Rivas,2026,1997-10-10,3B,S,Seattle Mariners,52,148,124,19,3,1,0,11,11,16,4,2,0,42,2,15,2,0,0,0,0,1,30,17,0,2,28.0,148.0,28.4,10.8,0.153,0.194,0.267,0.041,0.226,0.171,0.229,0.225,0.243,0.282,0.059,0.223,0.255,-0.018,-0.035,-0.018,86.3,18.7,31.4,1.2,16.3,93.744880714,90.874897857,56.2,17.1,55.6,82.9,23.2,37.2,46.5,39.5,30.2,19.8,10.5,7.1,65.6,2.5,28.4,0.5,15.9,53.4,-11.0,27.5,,2.0,6.0,11.0,86.0,83.0,50.7,leo rivas,SEA,,,,,,,,89.0,28.7,1.7115384615384615,0.6013513513513513,456,2B/3B/SS,3B,True,339.0,172.67,2.396692273871662,-83.66999999999999,-0.6851538123332006,-117.0,False,False,339,False,17.124407905272733,2.3276943708739766,0.2673875424338503,1.4845101814194406,14.296610758602991,12.099987341119013,100.120598099722,0.6764905277008243,-11.120598099722002,-0.07513917634947298,472.0,-383.0,"{'C': 423, 'SS': 594, '2B': 592, '3B': 571, '1B': 601, 'OF': 526, 'UT': 472}",0.6013513513513513,0.14864864864864866,-11.2419546926227,,,,,,8.108108108108109,0.0,64.86486486486487,0.017999999999999988,,0,345,,,0,False,0.25135135135135134,,,,0.0,0.0,0.0,0.0,,0.0,2026-03-26,2026-09-27,51.0,162.0,162.0,0.0,148.0,0.315,0.0,0.0,0.15,,established,25.6,0.7,0.43,"deserved 0.68/PA on contact quality, got 0.60 · 345 career PA, still new · already 29, an age that jumps 4% of the time",xwOBA 0.243 (2nd) · barrels 1.2% (2nd) · EV 86.3 (15th) · hard-hit 16% (1st) · K 28% (18th) · BB 11% (78th) · chase 17% (100th) · bat speed 65.6 mph (2nd) · sprint 27.5 (49th),"{""n"":20,""b"":0,""c"":[[""Brett Sullivan"",2023,29,0.66,0.82,14,0],[""Hayden Senger"",2025,28,0.65,0.71,12,0],[""Andrew Knapp"",2021,30,0.58,0.59,27,0],[""Ildemaro Vargas"",2021,30,0.6,0.87,194,0],[""Dominic Fletcher"",2024,27,0.66,1.12,38,0]]}",0.8460244728994516,-0.026285818839922398,0.8460244728994516,200.0,1.0,169.0,508.0,447,434,FA,516.0,495.0,-347.0,-326.0,let go,False,387
660162,Yoán Moncada,2026,1995-05-27,3B,S,Los Angeles Angels,41,130,111,21,1,1,3,9,10,17,2,1,0,45,0,16,4,0,0,0,0,0,31,0,0,3,31.0,130.0,34.6,13.1,0.189,0.297,0.308,0.108,0.286,0.169,0.286,0.281,0.269,0.293,0.117,0.352,0.33,0.02,0.011,0.012,90.3,15.8,33.3,7.7,40.9,100.980665625,94.815858438,56.7,21.1,41.4,82.2,28.8,38.9,39.4,34.8,36.4,25.8,3.0,7.4,72.3,9.9,21.5,30.4,11.4,36.4,-4.0,26.4,4.39,6.0,4.0,11.0,66.0,50.0,58.5,yoan moncada,LAA,,,,,,,,91.0,31.1,2.2195121951219514,0.7,454,3B,3B,True,339.0,172.67,2.396692273871662,-81.66999999999999,-0.17718007874971065,-115.0,False,False,339,False,11.956035248138512,3.4929590128119297,0.43597622996059837,2.874029509088958,12.982243217260974,13.002798437549297,94.49004165481027,0.7268464742677713,-3.4900416548102697,-0.026846474267771314,472.0,-381.0,"{'C': 423, 'SS': 594, '2B': 592, '3B': 571, '1B': 601, 'OF': 526, 'UT': 472}",0.7,0.19230769230769232,-10.768237814579047,,,,,,4.615384615384616,13.846153846153847,78.46153846153847,-0.01200000000000001,,4,1870,,0.9446366782006921,4,False,-0.24463667820069213,8.600000000000001,-6.6000000000000005,-1.0,128.0,1.0,349.0,0.0,Right knee inflammation,212.89999999999998,2026-03-26,2026-05-21,41.0,57.0,51.0,6.0,413.0,0.804,0.0,0.0,0.15,,established,30.5,0.2,0.78,"avg EV 90.3 (79th pct) · deserved 0.73/PA on contact quality, got 0.70 · sprint 26.4 ft/s (23rd pct)",xwOBA 0.269 (12th) · barrels 7.7% (53rd) · EV 90.3 (77th) · hard-hit 41% (60th) · K 35% (3rd) · BB 13% (92nd) · chase 21% (95th) · bat speed 72.3 mph (55th) · sprint 26.4 (23rd),"{""n"":20,""b"":0,""c"":[[""Seby Zavala"",2023,30,0.76,0.72,31,0],[""J.D. Davis"",2024,31,0.71,0.22,2,0],[""Zack Short"",2024,29,0.6,0.88,49,0],[""Jared Walsh"",2023,30,0.64,0.83,50,0],[""Brad Miller"",2022,33,0.83,0.82,55,0]]}",0.8449866757686426,-0.03573509974786369,0.8449866757686426,200.0,0.83,169.0,507.0,447,437,FA,516.0,495.0,-347.0,-326.0,let go,False,388
701852,Drew Cavanaugh,2026,2002-01-27,C,L,San Francisco Giants,59,166,144,33,4,1,1,9,12,18,0,1,0,50,0,27,4,10,0,52,0,0,0,0,0,2,24.0,166.0,30.1,10.8,0.229,0.292,0.315,0.063,0.344,0.233,0.335,0.28,0.296,0.319,0.102,0.348,0.378,-0.004,-0.043,-0.016,85.1,12.5,41.8,4.2,27.6,97.722935435,92.951858242,67.1,27.0,46.2,81.6,29.2,46.2,28.6,44.9,21.4,26.5,7.1,6.6,69.1,6.8,19.7,4.2,6.5,38.3,-7.0,26.4,4.52,5.0,11.0,16.0,98.0,83.7,61.4,drew cavanaugh,SF,,,,,,,,133.0,24.4,2.2542372881355934,0.8012048192771084,404,C,C,True,339.0,172.67,2.396692273871662,-39.66999999999999,-0.14245498573606863,-65.0,False,False,339,False,25.402425940692538,4.624900335948225,0.5109215060259307,3.0137522173333045,17.313518340798492,16.483480448742547,152.58899878954105,0.9192108360815726,-19.58899878954105,-0.11800601680446421,423.0,-290.0,"{'C': 423, 'SS': 594, '2B': 592, '3B': 571, '1B': 601, 'OF': 526, 'UT': 472}",0.8012048192771084,0.1927710843373494,-10.608224928643912,,,,,,3.6144578313253013,3.6144578313253013,65.06024096385542,0.01599999999999996,,0,166,,,0,False,0.4512048192771084,,,,0.0,0.0,0.0,0.0,,0.0,2026-06-26,2026-09-27,59.0,82.0,82.0,0.0,328.0,0.72,93.0,1.0,0.15,,young / establishing,47.5,1.5,0.43,"deserved 0.92/PA on contact quality, got 0.80 · 24 years old, an age that jumps 8% of the time · sprint 26.4 ft/s (23rd pct)",xwOBA 0.296 (37th) · barrels 4.2% (22nd) · EV 85.1 (6th) · hard-hit 28% (9th) · K 30% (14th) · BB 11% (78th) · chase 27% (71st) · bat speed 69.1 mph (14th) · sprint 26.4 (23rd),"{""n"":20,""b"":2,""c"":[[""JJ Bleday"",2022,25,0.75,0.88,267,0],[""Hoy Park"",2021,25,0.79,0.8,48,0],[""Jordan Beck"",2024,23,0.79,1.03,603,1],[""Jace Jung"",2024,24,0.76,0.51,28,0],[""Curtis Mead"",2025,25,0.81,1.11,365,0]]}",0.834581837609729,0.00019966633770723946,0.834581837609729,200.0,1.0,167.0,501.0,449,444,FA,516.0,495.0,-349.0,-328.0,let go,False,389
681807,David Fry,2026,1995-11-20,OF,R,Cleveland Guardians,91,214,184,37,6,0,8,23,20,28,2,0,0,59,0,23,0,0,1,10,14,0,2,0,46,12,30.0,214.0,27.6,13.1,0.201,0.364,0.313,0.163,0.248,0.181,0.294,0.304,0.271,0.293,0.113,0.355,0.299,0.02,0.07,0.033,86.3,19.2,25.6,6.5,34.4,97.873392459,92.951842459,63.1,27.5,57.8,77.9,28.9,43.8,53.6,36.8,29.6,16.8,16.8,8.2,71.3,6.6,18.8,14.2,15.7,60.7,-2.0,26.4,4.78,12.0,8.0,16.0,125.0,68.6,57.7,david fry,CLE,,,,,,,,179.0,30.6,1.967032967032967,0.8364485981308412,360,1B/OF,OF,True,339.0,172.67,2.396692273871662,6.3300000000000125,-0.42965930683869513,-21.0,False,False,283,False,22.49837974458916,5.623944400667106,0.37697196489832047,4.804703889845419,21.293006947122528,21.379728546136864,162.07273549325942,0.7573492312769131,16.927264506740585,0.07909936685392804,472.0,-293.0,"{'C': 423, 'SS': 594, '2B': 592, '3B': 571, '1B': 601, 'OF': 526, 'UT': 472}",0.8364485981308412,0.3691588785046729,-9.070650456982506,,,,,,0.0,22.429906542056074,78.50467289719626,-0.032999999999999974,1.0153061224489797,2,876,-0.1788575243181385,,1,False,0.4864485981308412,-9.299999999999997,-2.5999999999999996,0.8999999999999915,0.0,0.0,105.0,0.0,,63.0,2026-03-28,2026-09-27,91.0,164.0,164.0,0.0,211.0,0.555,2.0,0.0,0.15,,established,27.4,0.5,1.095,"sprint 26.4 ft/s (23rd pct) · already 31, an age that jumps 3% of the time · 0.84/PA this year against 1.02 at his best, two steps to clear · bat speed up 0.9 mph",xwOBA 0.271 (14th) · barrels 6.5% (42nd) · EV 86.3 (15th) · hard-hit 34% (29th) · K 28% (20th) · BB 13% (92nd) · chase 28% (68th) · bat speed 71.3 mph (38th) · sprint 26.4 (23rd),"{""n"":20,""b"":0,""c"":[[""Andy Ib\u00e1\u00f1ez"",2024,31,0.89,0.9,174,0],[""Elias D\u00edaz"",2022,32,0.88,0.99,522,0],[""Carson Kelly"",2023,29,0.87,0.99,311,0],[""Eddie Rosario"",2022,31,0.77,1.01,523,0],[""Austin Wynns"",2022,32,0.86,0.83,120,0]]}",0.8309140180454071,-0.03573509974786369,0.8309140180454071,200.0,0.95,166.0,499.0,450,446,FA,516.0,495.0,-350.0,-329.0,let go,False,390
687231,Darell Hernaiz,2026,2001-08-03,SS,R,Athletics,56,157,137,32,3,0,1,13,9,16,1,3,0,31,1,28,5,0,0,0,0,12,14,31,1,0,24.0,157.0,19.7,10.2,0.234,0.277,0.316,0.043,0.292,0.216,0.267,0.275,0.262,0.3,0.052,0.287,0.269,0.018,0.01,0.013,85.2,12.2,30.3,0.9,27.5,96.082802407,92.100201589,68.0,36.2,61.5,82.7,25.6,50.6,26.6,45.9,22.0,23.9,8.3,7.1,69.3,6.3,22.4,7.7,6.3,42.2,-6.0,27.8,4.34,4.0,16.0,11.0,109.0,78.9,63.7,darell hernaiz,ATH,Darell Hernaiz,ATH,"2B,3B,SS",821.0,322.0,1196.0,,113.0,24.9,2.017857142857143,0.7197452229299363,426,2B/3B/SS,SS,False,322.0,172.67,2.396692273871662,-59.66999999999999,-0.37883513101451927,-104.0,False,False,339,False,25.669187163232333,2.238240771654086,0.16795696699482296,1.5166150981187558,16.074537253350584,12.79393750749441,116.17647476084498,0.7399775462474203,-3.1764747608449824,-0.020232323317484036,472.0,-359.0,"{'C': 423, 'SS': 594, '2B': 592, '3B': 571, '1B': 601, 'OF': 526, 'UT': 472}",0.7197452229299363,0.3057324840764331,-10.279199386136199,,,,,,11.464968152866241,3.821656050955414,61.146496815286625,-0.013000000000000012,,0,489,,,0,False,0.3697452229299363,7.5,-2.3000000000000003,1.0999999999999943,0.0,0.0,86.0,0.0,,25.8,2026-03-28,2026-09-07,56.0,149.0,149.0,0.0,171.0,0.376,1.0,0.0,0.15,,young / establishing,40.2,1.2,0.43,"25 years old, an age that jumps 5% of the time · 489 career PA, still new · deserved 0.74/PA on contact quality, got 0.72 · bat speed up 1.1 mph",xwOBA 0.262 (9th) · barrels 0.9% (1st) · EV 85.2 (6th) · hard-hit 28% (9th) · K 20% (68th) · BB 10% (69th) · chase 36% (20th) · bat speed 69.3 mph (17th) · sprint 27.8 (57th),"{""n"":20,""b"":1,""c"":[[""Luke Williams"",2021,25,0.77,1.04,141,0],[""Vidal Bruj\u00e1n"",2022,24,0.7,0.71,60,0],[""Richie Palacios"",2022,25,0.77,1.1,112,0],[""Spencer Steer"",2022,25,0.76,1.06,704,1],[""Nick Allen"",2023,25,0.69,0.48,50,0]]}",0.8179189680532675,-0.012779447936574123,0.8179189680532675,200.0,0.979,164.0,491.0,452,452,FA,516.0,495.0,-352.0,-331.0,let go,False,391
640902,Jhonny Pereda,2026,1996-04-18,C,R,Seattle Mariners,31,101,90,27,2,0,2,12,8,9,1,0,0,20,1,23,0,6,0,31,0,0,0,0,0,0,30.0,101.0,19.8,8.9,0.3,0.389,0.366,0.089,0.362,0.304,0.398,0.338,0.345,0.376,0.094,0.382,0.388,-0.004,-0.009,-0.007,90.0,8.2,46.5,2.9,45.7,99.588680571,94.204503429,71.5,24.2,71.2,79.7,22.3,47.9,32.4,39.4,12.7,42.3,5.6,7.3,70.8,10.1,26.8,6.1,6.5,45.8,0.0,24.6,5.09,3.0,8.0,16.0,71.0,78.6,67.3,jhonny pereda,SEA,,,,,,,,104.0,30.2,3.3548387096774195,1.0297029702970297,433,C,C,True,339.0,172.67,2.396692273871662,-68.66999999999999,0.9581464358057574,-94.0,False,False,339,False,22.815274005236162,2.4897967651564064,0.19458445397869806,1.8603447756287326,10.473471698895551,10.597957169848945,106.25142886874448,1.051994345235094,-2.2514288687444832,-0.022291374938064212,423.0,-319.0,"{'C': 423, 'SS': 594, '2B': 592, '3B': 571, '1B': 601, 'OF': 526, 'UT': 472}",1.0297029702970297,0.43564356435643564,-10.032026793243942,,,,,,0.0,11.881188118811881,53.46534653465346,0.006999999999999951,,0,219,,,0,False,0.6797029702970298,,,,0.0,0.0,0.0,0.0,,0.0,2026-05-03,2026-09-27,31.0,128.0,128.0,0.0,128.0,0.242,38.0,1.0,0.15,,established,29.4,1.3,0.43,"219 career PA, still new · avg EV 90.0 (75th pct) · deserved 1.05/PA on contact quality, got 1.03",xwOBA 0.345 (88th) · barrels 2.9% (11th) · EV 90.0 (73rd) · hard-hit 46% (83rd) · K 20% (67th) · BB 9% (53rd) · chase 24% (86th) · bat speed 70.8 mph (32nd) · sprint 24.6 (2nd),"{""n"":20,""b"":0,""c"":[[""Luis Torrens"",2024,28,1.05,0.91,257,0],[""Nathan Lukes"",2024,30,1.1,1.0,439,0],[""Troy Johnston"",2025,28,0.97,0.92,415,0],[""Victor Caratini"",2024,31,1.0,0.92,357,0],[""Victor Caratini"",2023,30,0.95,1.0,273,0]]}",0.8192738959329772,-0.01977893541086498,0.8192738959329772,200.0,1.0,164.0,492.0,452,451,FA,516.0,495.0,-352.0,-331.0,let go,False,392
672356,Gabriel Arias,2026,2000-02-27,3B,R,multi,51,149,140,34,3,0,5,14,14,8,0,4,0,60,1,26,4,0,0,0,4,3,28,15,0,0,26.0,149.0,40.3,5.4,0.243,0.371,0.282,0.128,0.382,0.22,0.371,0.284,0.272,0.256,0.151,0.459,0.439,0.023,0.0,0.012,89.3,4.4,35.8,9.9,42.0,102.05587575,95.327717375,69.4,38.6,34.5,68.2,45.3,52.7,33.3,55.6,18.5,21.0,4.9,7.4,74.5,10.6,17.0,45.1,9.5,46.8,-5.0,26.8,4.63,5.0,16.0,13.0,81.0,75.6,70.3,gabriel arias,multi,,,,,,,,130.0,26.3,2.549019607843137,0.87248322147651,410,2B/3B/SS,3B,True,339.0,172.67,2.396692273871662,-42.66999999999999,0.15232733397147502,-71.0,False,False,339,False,19.75914526580275,5.77461918974871,0.43332582309432993,4.83290972135421,15.707339767865236,16.7979821043159,131.24532187218114,0.8808410863904774,-1.2453218721811368,-0.008357864913967394,472.0,-342.0,"{'C': 423, 'SS': 594, '2B': 592, '3B': 571, '1B': 601, 'OF': 526, 'UT': 472}",0.87248322147651,0.21476510067114093,-9.290087614173839,,,,,,16.10738255033557,20.13422818791946,32.21476510067114,-0.011999999999999955,,2,1183,,0.8365180467091295,2,False,0.03596517476738048,5.899999999999999,-1.4000000000000004,-0.5999999999999943,0.0,0.0,24.0,0.0,,14.399999999999999,2026-03-26,2026-09-27,51.0,154.0,154.0,0.0,157.0,0.331,0.0,0.0,0.15,,established,32.5,0.7,0.952,"26 years old, an age that jumps 4% of the time · avg EV 89.3 (64th pct) · deserved 0.88/PA on contact quality, got 0.87",xwOBA 0.272 (15th) · barrels 9.9% (72nd) · EV 89.3 (61st) · hard-hit 42% (66th) · K 40% (0th) · BB 5% (15th) · chase 39% (11th) · bat speed 74.5 mph (85th) · sprint 26.8 (31st),"{""n"":20,""b"":0,""c"":[[""Adrian Del Castillo"",2025,26,0.85,0.76,150,0],[""Meibrys Viloria"",2022,25,0.83,0.25,1,0],[""Romy Gonzalez"",2022,26,0.83,1.03,100,0],[""Oliver Dunn"",2024,27,0.83,0.66,27,0],[""Joey Bart"",2022,26,0.9,0.72,68,0]]}",0.8213039278276861,-0.012888640320029626,0.8213039278276861,200.0,0.988,164.0,493.0,452,449,FA,516.0,495.0,-352.0,-331.0,let go,False,393
669743,Alex Call,2026,1994-09-27,OF,R,Los Angeles Dodgers,88,195,163,38,9,0,1,25,20,23,7,1,1,35,2,28,1,0,1,0,0,0,0,0,69,5,31.0,195.0,17.9,11.8,0.233,0.307,0.349,0.074,0.287,0.202,0.261,0.305,0.277,0.324,0.059,0.295,0.252,0.031,0.046,0.028,83.6,15.6,27.7,2.3,16.2,92.892612923,90.615784574,61.2,24.3,66.3,89.5,17.2,42.6,36.2,43.8,24.6,19.2,12.3,6.7,66.6,2.9,25.1,3.2,8.0,43.6,-1.0,27.8,4.36,3.0,16.0,18.0,130.0,71.2,57.4,alex call,LAD,Alex Call,LAD,"LF,CF,RF,DH",685.0,291.0,925.0,,167.0,31.8,1.8977272727272727,0.8564102564102564,367,OF,OF,False,291.0,172.67,2.5,-5.6699999999999875,-0.6022727272727273,-76.0,False,False,339,False,27.32859815211349,3.4821544678503633,0.21089660795880744,1.9043507720773405,20.574510735348955,15.954307745621023,145.99781848096995,0.7487067614408716,21.002181519030046,0.1077034949693848,472.0,-305.0,"{'C': 423, 'SS': 594, '2B': 592, '3B': 571, '1B': 601, 'OF': 526, 'UT': 472}",0.8564102564102564,0.4307692307692308,-9.156705698000648,,,,,,3.076923076923077,3.076923076923077,70.76923076923077,-0.02799999999999997,,2,1200,,0.9440993788819876,2,False,-0.08768912247173122,0.7999999999999972,-2.2,0.5,0.0,0.0,36.0,0.0,,10.799999999999999,2026-04-03,2026-09-27,88.0,157.0,157.0,0.0,201.0,0.561,8.0,0.0,0.15,,established,24.3,0.2,0.936,"sprint 27.8 ft/s (59th pct) · 1,200 career PA, a known quantity · already 32, an age that jumps 3% of the time",xwOBA 0.277 (18th) · barrels 2.3% (7th) · EV 83.6 (1st) · hard-hit 16% (1st) · K 18% (78th) · BB 12% (86th) · chase 24% (86th) · bat speed 66.6 mph (2nd) · sprint 27.8 (57th),"{""n"":20,""b"":0,""c"":[[""Kevin Newman"",2024,31,0.94,0.66,76,0],[""Austin Wynns"",2022,32,0.86,0.83,120,0],[""Charlie Culberson"",2022,33,0.88,2.0,2,0],[""Gio Urshela"",2023,32,0.89,0.8,367,0],[""Austin Barnes"",2021,32,0.9,1.0,213,0]]}",0.8216123795876875,-0.035407766755750046,0.8216123795876875,200.0,0.991,164.0,493.0,452,449,FA,516.0,495.0,-352.0,-331.0,let go,False,394
543309,Kyle Higashioka,2026,1990-04-20,C,R,Texas Rangers,58,186,165,36,4,0,7,20,18,19,2,0,0,47,0,25,7,7,0,48,0,0,0,0,0,6,36.0,186.0,25.3,10.2,0.218,0.37,0.306,0.152,0.261,0.219,0.351,0.303,0.295,0.307,0.133,0.353,0.341,-0.001,0.019,0.008,88.2,17.3,35.6,8.5,38.1,99.114666552,93.791557241,58.3,31.1,50.4,87.0,26.3,44.2,38.1,33.9,28.0,28.0,10.2,7.3,71.0,8.9,24.9,11.3,12.7,48.8,-2.0,24.6,4.89,9.0,6.0,21.0,118.0,69.1,65.1,kyle higashioka,TEX,,,,,,,,163.0,36.2,2.810344827586207,0.8763440860215054,371,C,C,True,339.0,172.67,2.396692273871662,-9.669999999999987,0.4136525537145448,-32.0,False,False,339,False,24.81924751784286,5.792133490580287,0.417990465310833,5.105628526266017,17.77252058389665,20.860666527709768,160.84818711160642,0.8647751995247657,2.1518128883935788,0.011568886496739705,423.0,-260.0,"{'C': 423, 'SS': 594, '2B': 592, '3B': 571, '1B': 601, 'OF': 526, 'UT': 472}",0.8763440860215054,0.3817204301075269,-9.186215243525185,,,,,,0.0,22.580645161290324,61.29032258064517,-0.008000000000000007,,5,1495,,1.0760456273764258,5,False,-0.19970154135492046,3.3000000000000007,-0.09999999999999964,0.09999999999999432,164.0,1.0,176.0,0.0,,171.2,2026-03-26,2026-07-20,56.0,106.0,56.0,50.0,538.0,1.0,0.0,0.0,0.15,,established,29.3,0.2,0.956,"1,495 career PA, a known quantity · sprint 24.6 ft/s (2nd pct) · only 186 PA, and a breakout needs 350 next year",xwOBA 0.295 (35th) · barrels 8.5% (61st) · EV 88.2 (44th) · hard-hit 38% (48th) · K 25% (32nd) · BB 10% (69th) · chase 31% (46th) · bat speed 71.0 mph (35th) · sprint 24.6 (2nd),"{""n"":20,""b"":0,""c"":[[""James McCann"",2024,34,0.97,1.03,141,0],[""Kyle Farmer"",2024,34,0.85,0.79,236,0],[""Austin Barnes"",2024,34,0.84,0.73,32,0],[""Kyle Farmer"",2025,35,0.79,0.74,14,0],[""Donovan Solano"",2024,36,0.95,0.78,139,0]]}",0.812534211068122,-0.06305677842196104,0.812534211068122,200.0,0.82,163.0,488.0,456,454,FA,516.0,495.0,-353.0,-332.0,let go,False,395
670032,Nicky Lopez,2026,1995-03-13,2B,L,multi,100,270,237,64,5,1,1,25,24,12,7,5,3,44,2,57,3,0,0,0,0,69,2,28,4,0,31.0,270.0,16.3,4.4,0.27,0.312,0.322,0.042,0.325,0.248,0.299,0.286,0.27,0.299,0.051,0.311,0.291,0.022,0.013,0.016,84.7,3.4,28.5,0.0,22.2,94.353526632,91.180435053,70.5,34.1,70.9,86.7,18.3,52.6,28.5,59.4,15.0,22.2,3.4,6.8,66.4,3.5,27.3,0.9,7.9,59.3,-10.0,27.6,4.22,5.0,31.0,28.0,207.0,85.9,63.2,nicky lopez,multi,,,,,,,,218.0,31.3,2.18,0.8074074074074075,325,2B/3B/SS,2B/SS,True,339.0,172.67,2.396692273871662,45.33000000000001,-0.2166922738716619,14.0,False,False,276,False,52.00545334495092,3.904602530823197,0.41543490350082923,2.4505092207250483,27.638144055026075,22.6381718777456,210.9153159327717,0.7811678367880434,7.084684067228295,0.026239570619364105,472.0,-254.0,"{'C': 423, 'SS': 594, '2B': 592, '3B': 571, '1B': 601, 'OF': 526, 'UT': 472}",0.8074074074074075,0.35555555555555557,-8.003622711965315,,,,,,11.11111111111111,2.2222222222222223,26.666666666666668,-0.01599999999999996,1.008849557522124,5,2050,-0.20144215011471645,,4,False,0.4574074074074075,,,,0.0,0.0,0.0,0.0,,0.0,2026-04-25,2026-09-27,100.0,122.0,122.0,0.0,359.0,0.82,30.0,1.0,0.15,,established,24.2,0.2,1.089,"got 0.81/PA but deserved 0.78 · only 270 PA, and a breakout needs 350 next year · 0.81/PA this year against 1.01 at his best, two steps to clear",xwOBA 0.270 (13th) · barrels 0.0% (0th) · EV 84.7 (4th) · hard-hit 22% (3rd) · K 16% (85th) · BB 4% (9th) · chase 34% (29th) · bat speed 66.4 mph (2nd) · sprint 27.6 (52nd),"{""n"":20,""b"":1,""c"":[[""Adam Frazier"",2024,32,0.78,0.9,411,0],[""Mauricio Dub\u00f3n"",2025,31,0.82,0.96,594,0],[""Isiah Kiner-Falefa"",2025,30,0.87,0.92,169,0],[""Mauricio Dub\u00f3n"",2024,30,0.86,0.82,328,0],[""Jeff McNeil"",2024,32,0.88,0.91,419,0]]}",0.8173477383035752,-0.03573509974786369,0.8173477383035752,200.0,1.0,163.0,490.0,456,453,FA,516.0,495.0,-353.0,-332.0,let go,False,396
542303,Marcell Ozuna,2026,1990-11-12,DH,R,Pittsburgh Pirates,70,280,251,51,7,0,8,22,29,27,2,0,0,80,0,36,0,0,0,0,0,0,0,0,0,66,35.0,280.0,28.6,9.6,0.203,0.327,0.286,0.124,0.264,0.221,0.389,0.276,0.304,0.3,0.168,0.335,0.382,-0.018,-0.062,-0.028,89.1,20.3,38.6,7.7,36.8,99.258350119,93.737043155,61.3,26.7,48.6,80.8,30.1,42.6,38.0,33.9,28.1,26.3,11.7,7.5,73.5,8.9,20.3,36.9,15.8,48.5,-12.0,24.7,4.88,12.0,10.0,29.0,171.0,62.2,58.4,marcell ozuna,PIT,Marcell Ozuna,,,288.0,172.0,304.0,220.0,213.0,35.6,3.0428571428571427,0.7607142857142857,330,UT,UT,False,172.0,377.19354838709677,3.4177922682813224,-164.19354838709677,-0.3749351254241797,-158.0,False,False,279,True,33.36319308445756,11.699088160024347,0.7572444265786106,9.651474328939479,28.121334648268736,34.09215416812885,244.3234888163976,0.8725838886299915,-31.3234888163976,-0.1118696029157058,472.0,-259.0,"{'C': 423, 'SS': 594, '2B': 592, '3B': 571, '1B': 601, 'OF': 526, 'UT': 472}",0.7607142857142857,0.2857142857142857,-8.863218088404379,,,,,,0.0,17.142857142857142,57.85714285714286,0.02799999999999997,1.1570945945945945,6,2867,-0.39638030888030884,1.1570945945945945,5,True,-0.39638030888030884,4.300000000000001,-3.8,0.7000000000000028,0.0,0.0,0.0,0.0,,0.0,2026-03-26,2026-08-01,70.0,122.0,122.0,0.0,372.0,0.574,0.0,0.0,0.15,,established,31.7,0.1,1.237,"deserved 0.87/PA on contact quality, got 0.76 · avg EV 89.1 (59th pct) · only 280 PA, and a breakout needs 350 next year",xwOBA 0.304 (46th) · barrels 7.7% (53rd) · EV 89.1 (56th) · hard-hit 37% (41st) · K 29% (18th) · BB 10% (63rd) · chase 27% (73rd) · bat speed 73.5 mph (72nd) · sprint 24.7 (3rd),"{""n"":20,""b"":0,""c"":[[""Joc Pederson"",2025,33,0.76,1.01,438,0],[""Brandon Crawford"",2023,36,0.76,0.61,49,0],[""Mitch Garver"",2025,34,0.86,0.85,126,0],[""Tommy Pham"",2024,36,0.88,0.92,412,0],[""Randal Grichuk"",2025,34,0.86,1.16,325,0]]}",0.8134587713855546,-0.06305677842196104,0.8134587713855546,200.0,0.95,163.0,488.0,456,454,FA,516.0,495.0,-353.0,-332.0,let go,False,397
502671,Paul Goldschmidt,2026,1987-09-10,1B,R,New York Yankees,105,380,345,87,13,1,18,44,52,29,3,1,0,86,3,55,0,0,0,0,77,0,0,0,0,14,38.0,380.0,22.6,7.6,0.252,0.452,0.313,0.2,0.283,0.238,0.414,0.33,0.311,0.298,0.176,0.396,0.367,0.014,0.038,0.019,86.8,14.6,35.1,9.9,35.9,98.632345115,93.426887557,65.5,32.2,67.3,77.0,26.4,48.3,32.4,43.1,29.4,20.6,6.9,7.5,71.3,9.8,24.0,14.3,11.6,49.5,3.0,25.5,4.73,25.0,25.0,36.0,262.0,78.9,66.4,paul goldschmidt,NYY,Paul Goldschmidt,NYY,"1B,DH",471.8,267.0,994.0,458.0,374.0,38.8,3.5619047619047617,0.9842105263157894,209,1B,1B,False,267.0,223.9,2.840653659676383,150.1,0.7212511022283787,58.0,False,False,204,False,51.51756718840043,14.915976378744963,1.2253456773087927,14.451110755545814,40.70436011184323,46.798472225358246,347.4428323372015,0.9143232429926355,26.55716766279852,0.06988728332315397,472.0,-98.0,"{'C': 423, 'SS': 594, '2B': 592, '3B': 571, '1B': 601, 'OF': 526, 'UT': 472}",0.9842105263157894,0.5157894736842106,-4.053083948225733,53.93258426966292,55.80524344569289,32.20973782771536,-1.8726591760299698,21.72284644194756,1.5789473684210527,28.42105263157895,45.78947368421053,-0.019000000000000017,1.2703533026113671,6,3585,-0.2861427762955777,1.2703533026113671,5,True,-0.2861427762955777,3.900000000000002,1.9000000000000004,-1.2999999999999972,0.0,0.0,0.0,0.0,,0.0,2026-03-27,2026-09-25,105.0,165.0,165.0,0.0,373.0,0.636,2.0,0.0,0.15,,established,29.8,0.1,1.35,avg EV 86.8 (23rd pct) · got 0.98/PA but deserved 0.91 · sprint 25.5 ft/s (9th pct),xwOBA 0.311 (54th) · barrels 9.9% (72nd) · EV 86.8 (20th) · hard-hit 36% (37th) · K 23% (51st) · BB 8% (37th) · chase 32% (39th) · bat speed 71.3 mph (38th) · sprint 25.5 (9th),"{""n"":20,""b"":1,""c"":[[""Starling Marte"",2025,37,0.98,0.86,145,0],[""Justin Turner"",2024,40,0.88,0.76,145,0],[""Carlos Santana"",2025,39,0.85,0.27,7,0],[""Jose Altuve"",2025,35,1.01,0.89,511,0],[""Freddie Freeman"",2025,36,1.11,0.99,651,0]]}",0.8077477257337671,-0.07065397350181982,0.8077477257337671,200.0,0.95,162.0,485.0,458,456,FA,516.0,495.0,-354.0,-333.0,let go,False,398
668942,Josh Rojas,2026,1994-06-30,3B,L,Kansas City Royals,44,115,106,24,4,0,2,11,14,5,1,1,0,17,1,18,3,0,0,0,0,3,30,5,0,5,32.0,115.0,14.8,4.3,0.226,0.321,0.265,0.095,0.25,0.189,0.261,0.26,0.22,0.23,0.073,0.28,0.229,0.037,0.06,0.04,86.1,17.6,31.5,1.1,28.3,95.932095333,92.04715618,70.4,30.4,58.7,90.3,19.2,50.4,32.6,39.1,34.8,17.4,8.7,7.3,68.7,6.0,32.6,3.3,10.0,53.8,-5.0,26.2,4.42,4.0,9.0,11.0,92.0,92.0,63.5,josh rojas,KC,,,,,,,,89.0,32.0,2.022727272727273,0.7739130434782608,456,2B/3B,3B,True,339.0,172.67,2.396692273871662,-83.66999999999999,-0.37396500114438913,-117.0,False,False,339,False,15.79177291802621,2.407472748122557,0.17373574967625288,1.661018584174979,9.666149677277208,10.566713616371333,74.03886329364853,0.6438162025534655,14.961136706351468,0.13009684092479534,472.0,-383.0,"{'C': 423, 'SS': 594, '2B': 592, '3B': 571, '1B': 601, 'OF': 526, 'UT': 472}",0.7739130434782608,0.41739130434782606,-10.203151572458866,,,,,,5.217391304347826,10.434782608695652,26.08695652173913,-0.04000000000000001,,5,2212,,1.0274509803921568,5,False,-0.2535379369138959,-7.899999999999999,-2.4,0.9000000000000057,0.0,0.0,38.0,0.0,,22.8,2026-06-04,2026-09-27,43.0,100.0,100.0,0.0,186.0,0.43,69.0,1.0,0.15,,established,18.0,0.1,0.854,"sprint 26.2 ft/s (20th pct) · avg EV 86.1 (15th pct) · already 32, an age that jumps 3% of the time · bat speed up 0.9 mph",xwOBA 0.220 (0th) · barrels 1.1% (2nd) · EV 86.1 (14th) · hard-hit 28% (12th) · K 15% (89th) · BB 4% (8th) · chase 30% (49th) · bat speed 68.7 mph (10th) · sprint 26.2 (20th),"{""n"":20,""b"":0,""c"":[[""Kevin Newman"",2024,31,0.94,0.66,76,0],[""Gio Urshela"",2023,32,0.89,0.8,367,0],[""Jose Trevino"",2024,32,0.93,0.88,267,0],[""Isiah Kiner-Falefa"",2025,30,0.87,0.92,169,0],[""Andy Ib\u00e1\u00f1ez"",2024,31,0.89,0.9,174,0]]}",0.7933233959336811,-0.035407766755750046,0.7933233959336811,200.0,0.982,159.0,476.0,459,458,FA,516.0,495.0,-357.0,-336.0,let go,False,399
664774,LaMonte Wade Jr.,2026,1994-01-01,OF,L,Houston Astros,56,146,127,26,6,0,4,18,19,19,0,0,0,36,0,16,0,0,1,0,11,0,0,0,37,1,32.0,146.0,24.7,13.0,0.205,0.346,0.308,0.141,0.253,0.188,0.286,0.296,0.268,0.294,0.098,0.33,0.284,0.017,0.06,0.028,86.4,13.9,28.6,3.3,31.9,97.382950222,92.810518427,59.1,20.9,56.2,83.1,24.4,39.2,41.8,38.5,29.7,24.2,7.7,6.9,71.4,8.2,22.8,10.3,9.4,57.1,-2.0,25.7,4.63,6.0,10.0,10.0,91.0,77.4,46.6,lamonte wade,HOU,LaMonte Wade Jr.,HOU,"1B,LF,RF",648.0,288.0,806.0,,128.0,32.5,2.2857142857142856,0.8767123287671232,412,1B/OF,OF,False,288.0,172.67,2.6219512195121952,-44.66999999999999,-0.33623693379790964,-124.0,False,False,339,False,17.10494601358902,3.806022484010223,0.2551169912124896,2.7099145111882654,13.654935797952655,14.30826341450377,109.16119921245642,0.7476794466606604,18.838800787543576,0.1290328821064628,472.0,-344.0,"{'C': 423, 'SS': 594, '2B': 592, '3B': 571, '1B': 601, 'OF': 526, 'UT': 472}",0.8767123287671232,0.4383561643835616,-9.615447192273258,,,,,,0.0,16.43835616438356,78.08219178082192,-0.02799999999999997,,5,1940,,1.0761154855643045,5,False,-0.19940315679718124,0.6999999999999993,-1.2000000000000002,1.4000000000000057,25.0,1.0,56.0,0.0,Right hamstring strain,34.3,2026-06-04,2026-09-27,56.0,99.0,76.0,23.0,311.0,0.737,70.0,1.0,0.15,,established,26.4,0.2,0.957,"avg EV 86.4 (18th pct) · sprint 25.7 ft/s (12th pct) · already 32, an age that jumps 3% of the time · bat speed up 1.4 mph",xwOBA 0.268 (12th) · barrels 3.3% (14th) · EV 86.4 (17th) · hard-hit 32% (20th) · K 25% (35th) · BB 13% (92nd) · chase 21% (95th) · bat speed 71.4 mph (40th) · sprint 25.7 (11th),"{""n"":20,""b"":0,""c"":[[""Elias D\u00edaz"",2024,34,0.95,0.85,240,0],[""Andy Ib\u00e1\u00f1ez"",2024,31,0.89,0.9,174,0],[""Jose Trevino"",2024,32,0.93,0.88,267,0],[""Kevin Newman"",2024,31,0.94,0.66,76,0],[""Gio Urshela"",2023,32,0.89,0.8,367,0]]}",0.787506504629742,-0.035407766755750046,0.787506504629742,200.0,0.973,158.0,473.0,460,459,FA,516.0,495.0,-358.0,-337.0,let go,False,400
624428,Adam Frazier,2026,1991-12-14,2B,L,Los Angeles Angels,67,147,129,31,9,1,1,19,13,11,3,3,2,39,0,20,0,0,0,0,0,43,0,0,9,6,34.0,147.0,26.5,7.5,0.24,0.349,0.315,0.109,0.337,0.223,0.294,0.293,0.265,0.289,0.071,0.364,0.321,0.017,0.055,0.028,85.6,12.9,35.1,2.1,19.1,94.340358667,91.213758989,70.1,36.5,52.0,84.4,26.4,53.6,43.6,51.1,21.3,26.6,1.1,6.8,65.2,2.7,23.8,1.6,11.7,46.2,-2.0,26.1,4.63,4.0,10.0,17.0,94.0,76.9,60.0,adam frazier,LAA,,,,,,,,131.0,34.5,1.955223880597015,0.891156462585034,408,2B/OF,2B,True,339.0,172.67,2.396692273871662,-41.66999999999999,-0.44146839327464704,-69.0,False,False,339,False,23.45326279532666,3.240868771653635,0.30047407071275717,1.7723943623069502,13.787410084794171,13.484912581918039,116.96532266671223,0.7956824671204913,14.034677333287775,0.09547399546454272,472.0,-341.0,"{'C': 423, 'SS': 594, '2B': 592, '3B': 571, '1B': 601, 'OF': 526, 'UT': 472}",0.891156462585034,0.35374149659863946,-9.60208262905172,,,,,,12.244897959183673,4.081632653061225,44.89795918367347,-0.02799999999999997,,5,2596,,0.9824175824175824,5,True,-0.09126111983254837,8.899999999999999,0.10000000000000009,-0.5999999999999943,57.0,1.0,68.0,0.0,,60.3,2026-03-29,2026-09-19,66.0,158.0,111.0,47.0,215.0,0.595,3.0,0.0,0.15,,established,24.0,0.0,0.971,sprint 26.1 ft/s (18th pct) · avg EV 85.6 (10th pct) · got 0.89/PA but deserved 0.80,xwOBA 0.265 (10th) · barrels 2.1% (5th) · EV 85.6 (8th) · hard-hit 19% (1st) · K 26% (25th) · BB 8% (35th) · chase 36% (17th) · bat speed 65.2 mph (1st) · sprint 26.1 (17th),"{""n"":20,""b"":1,""c"":[[""Kyle Farmer"",2025,35,0.79,0.74,14,0],[""Elias D\u00edaz"",2024,34,0.95,0.85,240,0],[""Kyle Farmer"",2024,34,0.85,0.79,236,0],[""Austin Barnes"",2024,34,0.84,0.73,32,0],[""Miguel Rojas"",2025,36,0.91,0.85,214,0]]}",0.783208803828451,-0.04369876870972289,0.783208803828451,200.0,0.904,157.0,470.0,461,461,FA,516.0,495.0,-359.0,-338.0,let go,False,401
595978,Austin Hedges,2026,1992-08-18,C,R,Cleveland Guardians,82,247,215,53,10,0,6,25,25,25,1,1,1,45,2,37,4,3,0,77,0,0,0,0,0,1,33.0,247.0,18.2,10.1,0.247,0.377,0.325,0.13,0.283,0.224,0.314,0.313,0.28,0.306,0.09,0.336,0.291,0.023,0.063,0.033,85.8,12.4,26.7,4.5,32.4,97.388293605,92.724417485,64.5,25.4,52.1,85.7,24.1,44.5,47.7,47.7,22.7,19.9,9.7,7.2,69.1,8.1,27.0,7.6,9.4,61.2,3.0,24.5,5.0,9.0,17.0,26.0,176.0,74.1,60.7,austin hedges,CLE,Austin Hedges,CLE,C,573.5,278.0,669.0,,215.0,33.9,2.6219512195121952,0.8704453441295547,326,C,C,False,278.0,215.0,2.8044687189672293,0.0,-0.18251749945503404,-48.0,False,False,279,False,37.526663730788954,6.096147940952478,0.3577129257281974,4.179475402530375,21.930150673636444,24.917650276272663,193.51780094990912,0.783472878339713,21.482199050090884,0.08697246578984164,423.0,-208.0,"{'C': 423, 'SS': 594, '2B': 592, '3B': 571, '1B': 601, 'OF': 526, 'UT': 472}",0.8704453441295547,0.4534412955465587,-8.175126674692184,,,,,,2.42914979757085,14.574898785425102,60.72874493927125,-0.032999999999999974,0.8704453441295547,4,1435,0.0,,3,False,0.5204453441295547,-5.699999999999999,1.1,-2.4000000000000057,0.0,0.0,7.0,0.0,,4.2,2026-03-30,2026-09-27,78.0,162.0,162.0,0.0,247.0,0.481,4.0,0.0,0.15,,established,26.2,0.5,0.95,"0.87/PA is his best rate yet, so the bar is one step up · only 247 PA, and a breakout needs 350 next year · 1,435 career PA, a known quantity",xwOBA 0.280 (19th) · barrels 4.5% (25th) · EV 85.8 (11th) · hard-hit 32% (22nd) · K 18% (76th) · BB 10% (68th) · chase 25% (80th) · bat speed 69.1 mph (14th) · sprint 24.5 (2nd),"{""n"":20,""b"":0,""c"":[[""Donovan Solano"",2024,36,0.95,0.78,139,0],[""Miguel Rojas"",2024,35,1.0,0.91,288,0],[""Jason Heyward"",2024,35,0.99,0.68,65,0],[""Austin Barnes"",2024,34,0.84,0.73,32,0],[""Kyle Farmer"",2023,33,0.95,0.85,205,0]]}",0.7750832622970928,-0.04369876870972289,0.7750832622970928,200.0,0.947,155.0,465.0,462,462,FA,516.0,495.0,-361.0,-340.0,let go,False,402
624431,Jose Trevino,2026,1992-11-28,C,R,Cincinnati Reds,52,156,152,33,3,0,5,12,19,1,0,0,1,29,1,25,6,11,0,46,1,0,0,0,0,0,33.0,156.0,18.6,0.6,0.217,0.336,0.221,0.119,0.235,0.213,0.295,0.24,0.222,0.217,0.082,0.293,0.271,0.004,0.041,0.018,85.8,7.8,30.2,2.4,29.4,96.674777333,92.415685583,60.9,37.6,61.6,88.3,21.5,49.6,32.5,56.3,20.6,17.5,5.6,7.1,68.4,7.3,28.4,2.6,7.6,64.0,-8.0,23.4,5.0,6.0,17.0,10.0,126.0,60.9,67.3,jose trevino,CIN,,,,,,,,132.0,33.6,2.5384615384615383,0.8461538461538461,405,C,C,True,339.0,172.67,2.396692273871662,-40.66999999999999,0.14176926458987626,-66.0,False,False,339,False,25.866387256053237,3.404676139121472,0.25548595359733817,2.8494506512279503,10.535494529638216,16.196894034023067,120.94838856366127,0.7753101831003928,11.051611436338732,0.07084366305345335,423.0,-291.0,"{'C': 423, 'SS': 594, '2B': 592, '3B': 571, '1B': 601, 'OF': 526, 'UT': 472}",0.8461538461538461,0.34615384615384615,-9.82556606986569,,,,,,0.0,19.23076923076923,3.846153846153846,-0.017999999999999988,,4,1515,,0.9688385269121813,4,False,-0.12268468075833516,5.700000000000001,-2.1,-0.3999999999999915,46.0,2.0,79.0,0.0,Left hamstring injury,55.9,2026-03-28,2026-09-25,48.0,164.0,121.0,43.0,209.0,0.397,2.0,0.0,0.15,,established,24.4,0.1,0.926,"got 0.85/PA but deserved 0.78 · 1,515 career PA, a known quantity · avg EV 85.8 (12th pct)",xwOBA 0.222 (0th) · barrels 2.4% (8th) · EV 85.8 (11th) · hard-hit 29% (14th) · K 19% (73rd) · BB 1% (0th) · chase 38% (14th) · bat speed 68.4 mph (8th) · sprint 23.4 (0th),"{""n"":20,""b"":0,""c"":[[""Austin Wynns"",2023,33,0.83,1.6,32,0],[""Austin Barnes"",2024,34,0.84,0.73,32,0],[""Christian V\u00e1zquez"",2023,33,0.84,0.81,254,0],[""Elias D\u00edaz"",2024,34,0.95,0.85,240,0],[""Austin Wynns"",2022,32,0.86,0.83,120,0]]}",0.771235300467987,-0.04369876870972289,0.771235300467987,200.0,0.908,154.0,463.0,463,463,FA,516.0,495.0,-362.0,-341.0,let go,False,403
669397,Nick Allen,2026,1998-10-08,SS,R,Houston Astros,94,162,145,41,7,0,3,26,14,10,1,2,0,32,3,31,5,0,0,0,0,42,15,35,0,1,27.0,162.0,19.8,6.2,0.283,0.393,0.327,0.11,0.336,0.219,0.273,0.316,0.246,0.271,0.054,0.367,0.271,0.064,0.12,0.07,85.6,13.3,24.4,1.7,26.9,96.232175893,92.122615625,66.0,26.8,60.8,81.8,23.9,47.2,40.3,49.6,20.2,18.5,11.8,6.7,68.9,8.7,27.5,1.7,7.1,60.6,-1.0,26.9,4.49,8.0,22.0,11.0,119.0,77.6,65.4,nick allen,HOU,,,,,,,,150.0,27.7,1.5957446808510638,0.9259259259259259,388,2B/3B/SS,2B/SS,True,339.0,172.67,2.396692273871662,-22.669999999999987,-0.8009475930205983,-49.0,False,False,339,False,27.400448428023747,2.53479285511211,0.16406900570453814,1.6556897111596043,15.053628078795398,13.858217414680349,112.25184549347576,0.6929126265029367,37.748154506524244,0.2330132994229892,472.0,-322.0,"{'C': 423, 'SS': 594, '2B': 592, '3B': 571, '1B': 601, 'OF': 526, 'UT': 472}",0.9259259259259259,0.47530864197530864,-8.528036572083254,,,,,,7.4074074074074066,11.11111111111111,37.03703703703704,-0.07,,3,1338,,0.6899696048632219,3,False,0.23595632106270403,-4.0,1.7,4.400000000000006,36.0,2.0,36.0,0.0,Left hamstring strain,36.0,2026-03-26,2026-09-27,94.0,163.0,128.0,35.0,205.0,0.734,0.0,0.0,0.15,,established,24.7,0.7,1.006,"28 years old, an age that jumps 4% of the time · sprint 26.9 ft/s (34th pct) · 1,338 career PA, a known quantity · bat speed up 4.4 mph",xwOBA 0.246 (3rd) · barrels 1.7% (3rd) · EV 85.6 (8th) · hard-hit 27% (8th) · K 20% (67th) · BB 6% (23rd) · chase 27% (72nd) · bat speed 68.9 mph (13th) · sprint 26.9 (34th),"{""n"":20,""b"":1,""c"":[[""Reese McGuire"",2025,30,1.06,0.53,18,0],[""Taylor Walls"",2025,29,0.91,0.9,390,0],[""Geraldo Perdomo"",2024,25,0.97,1.13,814,1],[""Matthew Batten"",2023,28,0.91,1.33,4,0],[""TJ Friedl"",2024,29,0.99,0.94,643,0]]}",0.7529788444283806,-0.016978344977301236,0.7529788444283806,200.0,0.971,151.0,452.0,464,464,FA,516.0,495.0,-365.0,-344.0,let go,False,404
543877,Christian Vázquez,2026,1990-08-21,C,R,Houston Astros,86,266,242,50,7,0,7,22,25,18,0,1,0,53,1,36,2,17,0,80,0,0,0,0,0,4,35.0,266.0,19.9,6.8,0.207,0.322,0.261,0.115,0.235,0.195,0.267,0.258,0.233,0.248,0.073,0.291,0.257,0.012,0.055,0.025,85.9,15.1,31.3,2.1,22.6,95.312310968,91.672859355,61.4,36.5,66.3,89.2,20.0,48.2,33.8,43.1,24.6,23.6,8.7,6.7,65.6,5.6,29.7,0.5,9.8,59.6,-14.0,23.4,5.03,9.0,19.0,22.0,195.0,64.6,60.9,christian vazquez,HOU,,,,,,,,228.0,35.9,2.6511627906976742,0.8571428571428571,315,C,C,True,339.0,172.67,2.396692273871662,55.33000000000001,0.2544705168260122,24.0,False,False,258,False,37.82877814625171,5.04554191380295,0.32658173363898385,3.9890982063063616,18.610011419605126,26.35867727023372,210.01468868983886,0.7895289048490183,17.985311310161137,0.06761395229383882,423.0,-195.0,"{'C': 423, 'SS': 594, '2B': 592, '3B': 571, '1B': 601, 'OF': 526, 'UT': 472}",0.8571428571428571,0.34210526315789475,-9.007573332695392,,,,,,2.2556390977443606,15.789473684210526,40.6015037593985,-0.024999999999999994,0.9835680751173709,6,2074,-0.12642521797451378,0.9835680751173709,5,False,-0.12642521797451378,3.5,-1.6999999999999997,-1.4000000000000057,0.0,0.0,45.0,0.0,,27.0,2026-03-29,2026-09-24,86.0,160.0,160.0,0.0,269.0,0.537,3.0,0.0,0.15,,established,23.6,0.1,1.064,"0.86/PA this year against 0.98 at his best, two steps to clear · only 266 PA, and a breakout needs 350 next year · got 0.86/PA but deserved 0.79",xwOBA 0.233 (1st) · barrels 2.1% (5th) · EV 85.9 (12th) · hard-hit 23% (4th) · K 20% (66th) · BB 7% (29th) · chase 36% (17th) · bat speed 65.6 mph (2nd) · sprint 23.4 (0th),"{""n"":20,""b"":0,""c"":[[""Elias D\u00edaz"",2024,34,0.95,0.85,240,0],[""Adam Frazier"",2025,34,0.9,0.89,131,0],[""Elias D\u00edaz"",2025,35,0.85,0.95,224,0],[""Kyle Farmer"",2025,35,0.79,0.74,14,0],[""Miguel Rojas"",2025,36,0.91,0.85,214,0]]}",0.7488660318089957,-0.06305677842196104,0.7488660318089957,200.0,0.929,150.0,449.0,465,465,FA,516.0,495.0,-366.0,-345.0,let go,False,405
