mlbam_id,name,season,birth_date,primary_pos,bats,team,G,PA,AB,H,2B,3B,HR,R,RBI,BB,HBP,SB,CS,K,SF,1B,E,CSA,AOF,g_C,g_1B,g_2B,g_3B,g_SS,g_OF,g_DH,player_age,pa_savant,k_percent,bb_percent,batting_avg,slg_percent,on_base_percent,isolated_power,babip,xba,xslg,woba,xwoba,xobp,xiso,wobacon,xwobacon,xbadiff,xslgdiff,wobadiff,exit_velocity_avg,launch_angle_avg,sweet_spot_percent,barrel_batted_rate,hard_hit_percent,avg_best_speed,avg_hyper_speed,z_swing_percent,oz_swing_percent,oz_contact_percent,iz_contact_percent,whiff_percent,swing_percent,pull_percent,groundballs_percent,flyballs_percent,linedrives_percent,popups_percent,avg_swing_length,avg_swing_speed,blasts_swing,squared_up_swing,fast_swing_rate,attack_angle,ideal_angle_rate,swing_take_run_value,sprint_speed,hp_to_1b,b_hit_fly,b_hit_ground,b_hit_line_drive,batted_ball,meatball_swing_percent,f_strike_percent,nkey,team_abbr,adp_name,adp_team,adp_pos,adp,adp_hitter_rank,adp_nfbc,adp_fantrax,pts,age,pts_g,pts_pa,final_hitter_rank,elig,elig_next,undrafted,adp_hitter_rank_f,exp_pts,exp_pts_g,pts_over_exp,ppg_over_exp,rank_gain,beat,big_beat,produced_like_rank,bust,x1B,x2B,x3B,xHR,xR,xRBI,xLP,xLP_pa,luck_pts,luck_pa,repl_pts,LPAR,repl_levels,lp_pa,std_pa,roto_z,pct_league,pct_std_points,pct_roto,fit_vs_points,fit_vs_roto,sb_per600,hr_per600,bb_per600,xwoba_minus_woba,career_best_pa,seasons_200,career_PA,gap_to_best,prior_best_pa,prior_seasons_200,prior_top90,jump_vs_prior,yoy_k_change,yoy_barrel_change,yoy_bat_speed_change,il_days,il_stints,il_days_3yr,il_60,il_reasons,il_days_w,first_game,last_game,games,window_games,avail_games,il_games_in_window,pa_pace_162,g_share,days_late,late_callup,pedigree,pipeline_rank,prospect_status,PAS,BI,bi_line,bi_why,bi_skills,bi_comps,proj_rate_raw,age_step,proj_rate,proj_PA,durability,proj_pts,proj_pts_600,proj_rank,proj_rank_600,owner,pool_repl_1st,pool_repl_2nd,KSV,KSV_2nd,keep_tier,team_rank
694192,Jackson Chourio,2026,2004-03-11,OF,R,Milwaukee Brewers,126,569,518,149,27,0,25,94,73,47,2,23,5,134,2,97,0,0,8,0,0,0,0,0,136,1,22.0,569.0,23.6,8.3,0.288,0.485,0.348,0.197,0.343,0.263,0.474,0.359,0.343,0.32,0.211,0.445,0.422,0.025,0.011,0.016,91.6,11.9,33.4,12.5,47.0,102.245813782,95.687641844,63.3,33.8,57.2,85.2,25.3,47.7,30.1,44.8,31.1,19.7,4.4,7.4,74.4,14.4,26.2,46.5,9.5,66.3,20.0,28.8,4.23,34.0,59.0,56.0,386.0,72.2,66.8,jackson chourio,MIL,Jackson Chourio,MIL,"LF,CF,RF",21.2,18.0,20.0,22.0,701.0,22.3,5.563492063492063,1.2319859402460458,29,OF,OF,False,18.0,651.0652173913044,4.664516129032258,49.93478260869563,0.8989759344598056,-11.0,False,False,1,False,79.0678210851533,30.51465564956483,1.1712254454104478,25.480297819871428,78.67319702966886,70.89136445808356,665.3305614877524,1.1692979990997407,35.66943851224755,0.06268794114630505,473.0,228.0,"{'C': 415, 'SS': 586, '2B': 586, '3B': 569, '1B': 598, 'OF': 519, 'UT': 473}",1.2319859402460458,0.6221441124780316,4.547753870421959,98.86792452830188,92.45283018867924,93.20754716981132,6.415094339622641,5.660377358490564,24.253075571177504,26.362038664323375,49.560632688927946,-0.01599999999999996,1.2319859402460458,3,1731,0.0,1.1605584642233857,2,True,0.07142747602266009,3.1000000000000014,2.8000000000000007,0.5,39.0,1.0,68.0,0.0,,56.4,2026-05-04,2026-09-12,114.0,118.0,117.0,1.0,662.0,0.974,39.0,1.0,0.15,,established,35.9,7.4,1.312,"22 years old, an age that jumps 17% of the time · 569 PA, already has the job · avg EV 91.6 (91st pct) · barrel rate up 2.8 pts on last year",xwOBA 0.343 (86th) · barrels 12.5% (87th) · EV 91.6 (91st) · hard-hit 47% (86th) · K 24% (44th) · BB 8% (47th) · chase 34% (30th) · bat speed 74.4 mph (84th) · sprint 28.8 (84th),"{""n"":20,""b"":3,""c"":[[""Julio Rodr\u00edguez"",2023,22,1.23,1.06,650,0],[""Gunnar Henderson"",2024,23,1.17,1.1,715,0],[""Julio Rodr\u00edguez"",2022,22,1.23,1.23,875,0],[""Bo Bichette"",2021,23,1.19,1.06,738,0],[""Junior Caminero"",2025,22,1.12,1.09,765,0]]}",1.136018053293713,0.010387702304990686,1.136018053293713,692.0,0.955,786.0,682.0,2,6,BAMBI,517.0,496.0,269.0,290.0,lock,1.0
691406,Junior Caminero,2026,2003-07-05,3B,R,Tampa Bay Rays,161,700,614,170,25,1,42,100,101,79,4,3,3,128,3,102,21,0,0,0,1,0,160,0,0,0,22.0,700.0,18.3,11.3,0.277,0.526,0.361,0.249,0.286,0.273,0.5,0.377,0.364,0.345,0.227,0.43,0.411,0.004,0.026,0.013,92.7,10.4,27.2,13.1,49.6,105.143721347,97.096077157,62.8,30.5,62.5,84.7,24.0,44.3,45.2,48.9,22.3,20.0,8.8,8.7,79.5,18.5,22.9,84.9,8.3,62.1,35.0,26.7,4.55,41.0,56.0,72.0,489.0,72.8,55.0,junior caminero,TB,Junior Caminero,TB,3B,16.6,14.0,16.0,17.0,765.0,23.0,4.751552795031056,1.0928571428571427,10,3B,3B,False,14.0,651.0652173913044,4.716129032258064,113.93478260869563,0.035423762772992085,4.0,False,False,1,False,101.28018726811328,28.937655488326186,1.7721272190078168,35.63203002455273,91.34056363577945,94.45471778476345,731.417281420543,1.0448818306007757,33.58271857945704,0.047975312256367086,473.0,292.0,"{'C': 415, 'SS': 586, '2B': 586, '3B': 569, '1B': 598, 'OF': 519, 'UT': 473}",1.0928571428571427,0.6828571428571428,6.263175662325235,85.28301886792453,98.86792452830188,97.73584905660377,-13.584905660377359,-12.452830188679243,2.5714285714285716,36.0,67.71428571428571,-0.013000000000000012,1.119448698315467,2,1566,-0.026591555458324256,1.119448698315467,1,True,-0.026591555458324256,-0.8000000000000007,-0.9000000000000004,1.0,0.0,0.0,0.0,0.0,,0.0,2026-03-26,2026-09-12,148.0,150.0,150.0,0.0,643.0,0.987,0.0,0.0,0.15,,established,37.4,15.0,1.199,"700 PA, already has the job · 23 years old, an age that jumps 11% of the time · avg EV 92.7 (96th pct) · bat speed up 1.0 mph",xwOBA 0.364 (94th) · barrels 13.1% (91st) · EV 92.7 (96th) · hard-hit 50% (94th) · K 18% (75th) · BB 11% (82nd) · chase 30% (49th) · bat speed 79.5 mph (100th) · sprint 26.7 (28th),"{""n"":20,""b"":2,""c"":[[""Gunnar Henderson"",2024,23,1.17,1.1,715,0],[""Bo Bichette"",2022,24,1.06,1.04,624,0],[""Rafael Devers"",2022,26,1.1,1.08,706,0],[""Bo Bichette"",2021,23,1.19,1.06,738,0],[""Rafael Devers"",2021,25,1.14,1.1,676,0]]}",1.0933369809380027,0.000982437627337522,1.0933369809380027,683.0,1.0,747.0,656.0,6,16,BAMBI,517.0,496.0,230.0,251.0,lock,2.0
682928,CJ Abrams,2026,2000-10-03,SS,L,Washington Nationals,151,650,575,150,30,3,33,93,105,57,12,34,6,158,6,84,20,0,0,0,0,13,0,132,0,11,25.0,650.0,24.3,8.8,0.261,0.496,0.337,0.235,0.3,0.247,0.435,0.357,0.332,0.323,0.188,0.438,0.399,0.014,0.061,0.025,89.6,17.7,34.3,10.4,40.7,99.997933128,94.251934242,68.6,36.9,54.1,80.8,29.7,51.3,44.9,36.6,28.6,23.4,11.3,7.7,73.0,10.3,23.0,27.6,14.2,57.6,25.0,28.4,4.29,42.0,41.0,67.0,423.0,70.1,64.2,cj abrams,WSH,CJ Abrams,WSH,"2B,SS,DH",68.6,49.0,58.0,71.0,784.0,25.7,5.19205298013245,1.2061538461538461,7,SS,SS,False,49.0,597.1666666666666,4.318350772404012,186.83333333333337,0.8737022077284378,42.0,True,False,1,False,87.17239003265024,26.96500119509084,2.5278275118676317,25.359781260391298,86.24183381481161,76.69889680430691,706.0907306191186,1.086293431721721,77.90926938088137,0.11986041443212514,473.0,311.0,"{'C': 415, 'SS': 586, '2B': 586, '3B': 569, '1B': 598, 'OF': 519, 'UT': 473}",1.2061538461538461,0.64,7.2237118791582615,97.35849056603773,94.71698113207547,99.24528301886792,2.6415094339622556,-1.8867924528301927,31.384615384615383,30.46153846153846,52.61538461538461,-0.024999999999999967,1.2061538461538461,5,2803,0.0,1.1091205211726385,4,True,0.09703332498120765,4.600000000000001,2.8000000000000007,0.5999999999999943,0.0,0.0,12.0,0.0,,7.199999999999999,2026-03-26,2026-09-12,141.0,150.0,150.0,0.0,605.0,0.94,0.0,0.0,0.15,,established,33.3,1.8,1.286,"650 PA, already has the job · 1.21/PA is his best rate yet, so the bar is one step up · 26 years old, an age that jumps 4% of the time · barrel rate up 2.8 pts on last year",xwOBA 0.332 (76th) · barrels 10.4% (74th) · EV 89.6 (66th) · hard-hit 41% (59th) · K 24% (38th) · BB 9% (52nd) · chase 37% (17th) · bat speed 73.0 mph (66th) · sprint 28.4 (76th),"{""n"":20,""b"":0,""c"":[[""Ozzie Albies"",2023,26,1.16,0.96,419,0],[""Julio Rodr\u00edguez"",2025,24,1.18,1.0,651,0],[""Jeremy Pe\u00f1a"",2025,28,1.13,1.1,525,0],[""Lane Thomas"",2023,28,1.15,1.1,583,0],[""Shea Langeliers"",2025,28,1.19,1.09,507,0]]}",1.0705434976733756,-0.020377176503197886,1.0705434976733756,684.0,0.994,732.0,642.0,10,25,BAMBI,517.0,496.0,215.0,236.0,lock,3.0
686948,Drake Baldwin,2026,2001-03-28,C,L,Atlanta Braves,138,615,549,156,21,0,25,85,79,55,9,3,1,132,2,110,2,8,0,89,0,0,0,0,0,61,25.0,615.0,21.5,8.9,0.284,0.459,0.358,0.175,0.332,0.279,0.505,0.358,0.37,0.352,0.226,0.419,0.437,0.005,-0.046,-0.012,91.5,11.0,37.5,12.9,50.6,102.266130048,95.835253771,70.5,34.4,61.0,83.7,24.4,51.2,30.8,44.2,26.3,24.8,4.8,7.3,75.4,14.4,24.5,56.7,12.0,46.5,19.0,26.0,4.45,35.0,47.0,73.0,419.0,79.3,60.3,drake baldwin,ATL,Drake Baldwin,ATL,"C,DH",101.8,69.0,81.0,119.0,659.0,25.3,4.77536231884058,1.0715447154471545,41,C,C,False,69.0,556.8852459016393,4.003049236131642,102.11475409836066,0.772313082708938,28.0,True,False,1,False,90.36646673944087,31.481541194151855,1.3765173933737556,29.946474673033546,78.35086462237622,83.9401500651234,679.7070146874996,1.1052146580284548,-20.707014687499623,-0.033669942581300294,415.0,244.0,"{'C': 415, 'SS': 586, '2B': 586, '3B': 569, '1B': 598, 'OF': 519, 'UT': 473}",1.0715447154471545,0.5560975609756098,2.3471526354329035,80.75471698113208,72.45283018867924,87.16981132075472,8.301886792452834,-6.415094339622641,2.926829268292683,24.390243902439025,53.65853658536585,0.01200000000000001,1.1255605381165918,2,1061,-0.054015822669437386,1.1255605381165918,1,False,-0.054015822669437386,6.300000000000001,1.9000000000000004,0.10000000000000853,27.0,1.0,27.0,0.0,Strained right oblique muscle,27.0,2026-03-27,2026-09-12,126.0,153.0,129.0,24.0,646.0,0.977,0.0,0.0,0.15,,established,36.6,10.9,1.206,"615 PA, already has the job · avg EV 91.5 (90th pct) · 25 years old, an age that jumps 5% of the time",xwOBA 0.370 (95th) · barrels 12.9% (90th) · EV 91.5 (90th) · hard-hit 51% (95th) · K 22% (57th) · BB 9% (53rd) · chase 34% (27th) · bat speed 75.4 mph (91st) · sprint 26.0 (15th),"{""n"":20,""b"":1,""c"":[[""Pete Alonso"",2021,27,1.08,1.14,783,0],[""Austin Riley"",2022,25,1.07,1.1,787,0],[""Iv\u00e1n Herrera"",2025,25,1.09,0.95,674,0],[""Rafael Devers"",2023,27,1.08,1.08,651,0],[""Rafael Devers"",2021,25,1.14,1.1,676,0]]}",1.0425140709787486,-0.01249045949552797,1.0425140709787486,593.0,0.978,618.0,626.0,33,34,BAMBI,517.0,496.0,101.0,122.0,clear keep,4.0
547180,Bryce Harper,2026,1992-10-16,1B,L,Philadelphia Phillies,161,688,572,154,32,3,28,92,86,107,1,7,6,147,8,91,5,0,1,0,109,0,0,0,42,12,33.0,688.0,21.4,15.6,0.269,0.483,0.381,0.214,0.311,0.271,0.48,0.375,0.38,0.384,0.209,0.424,0.431,-0.002,0.003,-0.005,89.9,12.6,37.6,10.2,43.0,101.124989256,94.788488907,73.0,32.5,49.7,80.6,30.9,49.9,39.5,43.6,26.1,25.9,4.4,7.3,74.1,11.2,20.3,45.4,12.0,43.4,33.0,27.2,4.47,38.0,48.0,68.0,433.0,79.5,62.3,bryce harper,PHI,Bryce Harper,PHI,"1B,RF,DH",37.6,30.0,43.0,35.0,734.0,33.7,4.559006211180124,1.066860465116279,18,1B/OF,1B/OF,False,30.0,648.0,4.495412844036697,86.0,0.06359336714342678,12.0,False,False,1,False,92.15559211226571,33.02008999582969,2.981043671543489,26.85527422036111,93.81752016438892,87.1958691828307,736.5853893472197,1.070618298469796,-2.5853893472196887,-0.0037578333535170927,473.0,261.0,"{'C': 415, 'SS': 586, '2B': 586, '3B': 569, '1B': 598, 'OF': 519, 'UT': 473}",1.066860465116279,0.6119186046511628,3.297013968406209,79.62264150943396,89.43396226415095,89.43396226415095,-9.811320754716988,-9.811320754716988,6.104651162790698,24.41860465116279,93.31395348837209,0.0050000000000000044,1.333889816360601,6,3470,-0.26702935124432203,1.333889816360601,5,True,-0.26702935124432203,0.5,-2.1000000000000014,0.0,0.0,0.0,34.0,0.0,,17.099999999999998,2026-03-26,2026-09-12,149.0,150.0,150.0,0.0,630.0,0.993,0.0,0.0,0.15,,established,35.6,0.6,1.414,"688 PA, already has the job · avg EV 89.9 (74th pct) · deserved 1.07/PA on contact quality, got 1.07",xwOBA 0.380 (98th) · barrels 10.2% (73rd) · EV 89.9 (72nd) · hard-hit 43% (73rd) · K 21% (57th) · BB 16% (98th) · chase 32% (37th) · bat speed 74.1 mph (79th) · sprint 27.2 (42nd),"{""n"":20,""b"":0,""c"":[[""Freddie Freeman"",2024,35,1.08,1.11,695,0],[""Teoscar Hern\u00e1ndez"",2025,33,1.04,1.03,504,0],[""Nick Castellanos"",2024,32,0.99,0.94,556,0],[""Freddie Freeman"",2025,36,1.11,1.0,651,0],[""Christian Yelich"",2025,34,1.12,0.97,482,0]]}",1.0082896961023942,-0.059832570521558714,1.0082896961023942,574.0,0.937,579.0,605.0,48,89,BAMBI,517.0,496.0,62.0,83.0,clear keep,5.0
673548,Seiya Suzuki,2026,1994-08-18,OF,R,Chicago Cubs,143,634,545,147,31,1,26,96,86,81,5,3,0,155,3,89,2,0,8,0,0,0,0,0,111,30,31.0,634.0,24.4,12.8,0.27,0.473,0.368,0.203,0.33,0.246,0.427,0.366,0.34,0.344,0.181,0.441,0.398,0.024,0.046,0.026,88.6,17.5,36.9,10.7,38.9,100.235200558,94.190827557,59.6,22.5,53.7,86.1,23.5,40.2,41.0,35.9,30.8,24.9,8.4,7.2,73.3,11.1,21.6,36.3,8.4,47.8,23.0,27.9,4.41,41.0,33.0,73.0,393.0,70.7,58.8,seiya suzuki,CHC,Seiya Suzuki,CHC,"LF,RF,DH",93.6,63.0,92.0,118.0,696.0,31.9,4.8671328671328675,1.0977917981072556,31,OF,OF,False,63.0,556.8852459016393,4.062893081761007,139.11475409836066,0.8042397853718608,32.0,True,False,1,False,81.78598128291438,28.33396502473898,1.5391261017788902,22.41092759056775,81.9367918816214,74.24801977462833,631.9698116562497,0.9967978101833591,64.0301883437503,0.10099398792389647,473.0,223.0,"{'C': 415, 'SS': 586, '2B': 586, '3B': 569, '1B': 598, 'OF': 519, 'UT': 473}",1.0977917981072556,0.582018927444795,2.9281327346795845,86.41509433962264,81.50943396226415,88.30188679245283,4.905660377358487,-1.8867924528301927,2.8391167192429023,24.605678233438486,76.65615141955837,-0.025999999999999968,1.1333333333333333,5,2899,-0.035541535226077725,1.1333333333333333,4,True,-0.035541535226077725,-0.8000000000000007,-5.900000000000002,0.0,16.0,1.0,41.0,0.0,,23.5,2026-04-10,2026-09-12,131.0,139.0,138.0,1.0,625.0,0.949,15.0,0.0,0.15,,established,33.9,0.4,1.213,"634 PA, already has the job · sprint 27.9 ft/s (61st pct) · 1.10/PA is his best rate yet, so the bar is one step up",xwOBA 0.340 (83rd) · barrels 10.7% (77th) · EV 88.6 (50th) · hard-hit 39% (53rd) · K 24% (37th) · BB 13% (91st) · chase 22% (91st) · bat speed 73.3 mph (69th) · sprint 27.9 (60th),"{""n"":20,""b"":0,""c"":[[""Eugenio Su\u00e1rez"",2024,33,1.03,1.08,709,0],[""Francisco Lindor"",2025,32,1.14,0.91,421,0],[""Taylor Ward"",2025,32,1.04,0.82,496,0],[""Lourdes Gurriel Jr."",2024,31,1.03,0.99,541,0],[""Brandon Nimmo"",2025,32,1.06,0.92,598,0]]}",0.969996422546882,-0.04944745880435125,0.969996422546882,577.0,0.981,560.0,582.0,53,152,BAMBI,517.0,496.0,43.0,64.0,clear keep,6.0
694671,Wyatt Langford,2026,2001-11-15,OF,R,Texas Rangers,109,467,407,97,20,2,17,64,44,55,4,15,4,107,1,58,1,0,5,0,0,0,0,0,108,9,24.0,467.0,22.9,11.8,0.238,0.423,0.334,0.185,0.282,0.231,0.388,0.334,0.319,0.327,0.157,0.382,0.359,0.007,0.035,0.015,88.6,20.1,32.6,8.0,36.9,99.539381192,93.9315299,68.4,26.2,55.1,82.8,25.3,46.5,43.2,33.2,30.9,23.3,12.6,6.9,72.8,9.7,22.9,27.2,13.7,52.9,7.0,28.2,4.36,24.0,26.0,46.0,301.0,80.0,64.8,wyatt langford,TEX,Wyatt Langford,TEX,"LF,CF,DH",44.4,33.0,40.0,44.0,490.0,24.6,4.495412844036697,1.0492505353319057,139,OF,OF,False,33.0,642.6,4.485508577873414,-152.60000000000002,0.009904266163283104,-106.0,False,False,120,True,60.114453830708484,18.07072351750414,1.66719147286631,14.164631178921079,58.672687844226495,50.89673309160587,474.5024209358324,1.0160651411902193,15.49757906416761,0.03318539414168642,473.0,17.0,"{'C': 415, 'SS': 586, '2B': 586, '3B': 569, '1B': 598, 'OF': 519, 'UT': 473}",1.0492505353319057,0.5203426124197003,-2.4616291538260784,73.20754716981132,59.056603773584904,47.54716981132076,14.150943396226417,25.660377358490564,19.271948608137045,21.84154175588865,70.66381156316916,-0.015000000000000013,1.0897666068222622,3,1597,-0.04051607149035652,1.0897666068222622,2,True,-0.04051607149035652,-3.5,-6.0,-0.29999999999999716,55.0,2.0,100.0,0.0,Right forearm strain; Left hamstring strain,75.39999999999999,2026-03-26,2026-09-12,97.0,149.0,99.0,50.0,628.0,0.98,0.0,0.0,0.15,,established,32.3,3.1,1.17,"25 years old, an age that jumps 5% of the time · 467 PA, already has the job · sprint 28.2 ft/s (71st pct)",xwOBA 0.319 (64th) · barrels 8.0% (57th) · EV 88.6 (50th) · hard-hit 37% (41st) · K 23% (49th) · BB 12% (86th) · chase 26% (76th) · bat speed 72.8 mph (63rd) · sprint 28.2 (70th),"{""n"":20,""b"":1,""c"":[[""Andy Pages"",2025,25,1.08,1.14,649,0],[""Lars Nootbaar"",2023,26,1.04,0.96,389,0],[""CJ Abrams"",2024,24,1.07,1.06,674,0],[""William Contreras"",2023,26,1.1,1.14,777,0],[""Cal Raleigh"",2023,27,1.06,1.09,683,0]]}",1.0128020946455722,-0.01249045949552797,1.0128020946455722,552.0,0.94,559.0,608.0,55,82,BAMBI,517.0,496.0,42.0,63.0,clear keep,7.0
677951,Bobby Witt Jr.,2026,2000-06-14,SS,R,Kansas City Royals,142,628,554,157,33,1,18,94,54,67,3,45,8,108,4,105,10,0,0,0,0,0,0,139,0,3,26.0,628.0,17.2,10.7,0.283,0.444,0.361,0.161,0.322,0.304,0.507,0.348,0.38,0.37,0.203,0.386,0.431,-0.021,-0.063,-0.032,92.3,16.3,37.6,11.5,50.7,103.231204529,96.271249079,67.1,33.8,57.4,86.2,24.9,48.6,30.9,36.0,26.4,28.4,9.1,7.0,73.9,15.8,27.6,41.5,5.1,45.1,17.0,30.1,4.17,25.0,56.0,76.0,450.0,77.6,61.6,bobby witt,KC,Bobby Witt Jr.,KC,SS,3.6,3.0,3.0,4.0,746.0,26.0,5.253521126760563,1.1878980891719746,16,SS,SS,False,3.0,651.0652173913044,4.803563586172282,94.93478260869563,0.4499575405882812,-13.0,False,False,1,False,104.9007659357359,38.04600689827489,1.991688396242521,23.477538769746698,97.55577778126745,74.97662834415749,816.8264061254249,1.3006789906455811,-70.82640612542491,-0.11278090147360653,473.0,273.0,"{'C': 415, 'SS': 586, '2B': 586, '3B': 569, '1B': 598, 'OF': 519, 'UT': 473}",1.1878980891719746,0.6337579617834395,4.680195074056432,96.22641509433963,93.9622641509434,93.9622641509434,2.2641509433962312,2.2641509433962312,42.9936305732484,17.197452229299362,64.0127388535032,0.03200000000000003,1.3568406205923835,5,3350,-0.16894253142040894,1.3568406205923835,4,True,-0.16894253142040894,-1.0,-1.0,-0.3999999999999915,13.0,1.0,13.0,0.0,,13.0,2026-03-27,2026-09-12,130.0,150.0,138.0,12.0,622.0,0.942,0.0,0.0,0.15,,established,36.3,5.2,1.437,"628 PA, already has the job · deserved 1.30/PA on contact quality, got 1.19 · avg EV 92.3 (94th pct)",xwOBA 0.380 (98th) · barrels 11.5% (81st) · EV 92.3 (94th) · hard-hit 51% (95th) · K 17% (80th) · BB 11% (77th) · chase 34% (30th) · bat speed 73.9 mph (77th) · sprint 30.1 (99th),"{""n"":20,""b"":0,""c"":[[""Fernando Tatis Jr."",2025,26,1.16,1.19,838,0],[""Vladimir Guerrero Jr."",2025,26,1.06,0.88,537,0],[""Vladimir Guerrero Jr."",2024,25,1.16,1.06,723,0],[""Kyle Tucker"",2025,28,1.18,0.99,618,0],[""Yordan Alvarez"",2024,27,1.2,0.95,190,0]]}",1.2094221195081531,-0.020377176503197886,1.2094221195081531,667.0,0.99,807.0,726.0,1,2,BB,517.0,496.0,290.0,311.0,lock,1.0
695578,James Wood,2026,2002-09-17,OF,L,Washington Nationals,134,619,510,136,30,1,30,105,77,101,4,21,4,177,4,75,7,0,5,0,0,0,0,0,112,31,23.0,619.0,28.6,16.3,0.267,0.506,0.389,0.239,0.345,0.271,0.55,0.385,0.404,0.386,0.279,0.498,0.533,-0.004,-0.044,-0.019,95.4,8.6,36.8,18.7,58.8,106.421978631,98.539459137,56.6,21.3,42.6,82.2,29.9,37.6,33.8,47.5,24.6,26.1,1.8,7.4,76.8,18.7,25.6,68.4,11.1,43.1,27.0,27.1,4.29,29.0,49.0,58.0,337.0,71.7,56.9,james wood,WSH,James Wood,WSH,"LF,RF,DH",32.6,27.0,31.0,27.0,747.0,23.8,5.574626865671642,1.2067851373182552,15,OF,OF,False,27.0,650.0,4.544654620741577,97.0,1.0299722449300655,12.0,False,False,1,False,64.84891059942963,37.84891292886776,2.095442343975629,33.416734127727,91.39060123624569,90.21308101421911,771.3136822504648,1.2460641070282146,-24.313682250464808,-0.039278969709959366,473.0,274.0,"{'C': 415, 'SS': 586, '2B': 586, '3B': 569, '1B': 598, 'OF': 519, 'UT': 473}",1.2067851373182552,0.6219709208400647,4.992135651378418,97.73584905660377,92.0754716981132,95.47169811320755,5.660377358490564,2.264150943396217,20.355411954765753,29.079159935379646,97.89983844911147,0.019000000000000017,1.2067851373182552,3,1644,0.0,1.1160714285714286,2,True,0.0907137087468266,-3.5,2.3000000000000007,0.7999999999999972,29.0,1.0,29.0,0.0,Left oblique strain,29.0,2026-03-26,2026-09-12,123.0,150.0,123.0,27.0,697.0,1.0,0.0,0.0,0.15,,established,37.6,17.7,1.287,"619 PA, already has the job · avg EV 95.4 (100th pct) · 24 years old, an age that jumps 8% of the time · barrel rate up 2.3 pts on last year",xwOBA 0.404 (99th) · barrels 18.7% (99th) · EV 95.4 (100th) · hard-hit 59% (100th) · K 29% (18th) · BB 16% (98th) · chase 21% (94th) · bat speed 76.8 mph (97th) · sprint 27.1 (39th),"{""n"":20,""b"":1,""c"":[[""Yordan Alvarez"",2021,24,1.16,1.29,723,1],[""Austin Riley"",2022,25,1.07,1.1,787,0],[""Rafael Devers"",2021,25,1.14,1.1,676,0],[""Juan Soto"",2023,25,1.19,1.27,903,0],[""Yordan Alvarez"",2022,25,1.29,1.25,619,0]]}",1.1200256396665111,-0.012246653109530594,1.1200256396665111,700.0,0.977,784.0,672.0,3,9,BB,517.0,496.0,267.0,288.0,lock,2.0
677594,Julio Rodríguez,2026,2000-12-29,OF,R,Seattle Mariners,149,649,591,147,26,0,22,69,71,47,7,22,3,144,4,99,3,0,4,0,0,0,0,0,142,7,25.0,649.0,22.2,7.2,0.249,0.404,0.31,0.155,0.291,0.266,0.442,0.313,0.336,0.324,0.177,0.368,0.402,-0.017,-0.038,-0.023,90.3,12.7,31.7,8.9,44.1,102.3967876,95.564433133,68.7,38.5,56.9,85.1,26.5,51.9,39.2,42.8,25.5,24.8,6.9,7.8,76.6,13.3,21.2,67.1,8.1,50.1,-4.0,28.7,4.35,27.0,57.0,63.0,451.0,66.2,63.8,julio rodriguez,SEA,Julio Rodriguez,SEA,"CF,DH",10.0,8.0,9.0,10.0,651.0,25.5,4.369127516778524,1.0030816640986133,44,OF,OF,False,8.0,651.0652173913044,4.793478260869565,-0.06521739130437254,-0.4243507440910417,-36.0,False,False,24,False,101.71758830756517,30.334854405885544,1.1885262655334672,23.965031021015843,86.3049749357697,75.07684290140412,705.4008178371738,1.0869041877306223,-54.400817837173804,-0.08382252363200893,473.0,178.0,"{'C': 415, 'SS': 586, '2B': 586, '3B': 569, '1B': 598, 'OF': 519, 'UT': 473}",1.0030816640986133,0.46841294298921415,0.8523880768332932,59.24528301886792,35.471698113207545,79.24528301886792,23.77358490566038,-20.0,20.338983050847457,20.338983050847457,43.45146379044684,0.02300000000000002,1.2267857142857144,5,3246,-0.22370405018710104,1.2267857142857144,4,True,-0.22370405018710104,0.8000000000000007,-0.9000000000000004,0.19999999999998863,15.0,1.0,34.0,0.0,Concussion,20.7,2026-03-26,2026-09-12,138.0,149.0,138.0,11.0,649.0,1.0,0.0,0.0,0.15,,established,36.3,3.2,1.307,"649 PA, already has the job · deserved 1.09/PA on contact quality, got 1.00 · avg EV 90.3 (80th pct)",xwOBA 0.336 (81st) · barrels 8.9% (64th) · EV 90.3 (77th) · hard-hit 44% (78th) · K 22% (52nd) · BB 7% (32nd) · chase 38% (10th) · bat speed 76.6 mph (96th) · sprint 28.7 (82nd),"{""n"":20,""b"":0,""c"":[[""Michael Harris II"",2025,24,0.97,1.12,695,0],[""Bo Bichette"",2023,25,1.04,0.78,261,0],[""Vladimir Guerrero Jr."",2025,26,1.06,0.88,537,0],[""Luis Garc\u00eda Jr."",2025,25,0.99,1.12,608,0],[""Vladimir Guerrero Jr."",2023,24,1.0,1.16,806,0]]}",1.0940982045777783,-0.01249045949552797,1.0940982045777783,647.0,0.983,708.0,656.0,12,16,BB,517.0,496.0,191.0,212.0,lock,3.0
665487,Fernando Tatis Jr.,2026,1999-01-02,OF,R,San Diego Padres,159,704,626,181,32,3,25,96,83,64,7,38,13,130,6,121,7,0,3,0,0,53,0,0,120,2,27.0,704.0,18.5,9.1,0.289,0.47,0.358,0.181,0.327,0.296,0.5,0.358,0.379,0.365,0.204,0.407,0.435,-0.007,-0.03,-0.021,92.9,5.3,32.2,12.7,53.9,104.706101084,97.191219378,67.6,26.4,46.7,85.8,25.9,46.1,33.4,51.3,21.1,23.5,4.2,7.3,76.3,18.9,28.0,64.6,7.1,55.6,28.0,28.9,4.31,26.0,78.0,77.0,503.0,76.4,60.9,fernando tatis,SD,Fernando Tatis Jr.,SD,"2B,RF",13.0,10.0,13.0,14.0,838.0,27.5,5.270440251572327,1.1903409090909092,3,2B/OF,2B/OF,False,10.0,651.0652173913044,4.73384091364456,186.93478260869563,0.5365993379277674,7.0,False,False,1,False,116.96781754775219,36.97139072900975,3.3377658987239474,28.019025824514113,103.07974456590125,86.4366778618896,871.8124224277908,1.2383699182212937,-33.81242242779081,-0.04802900913038455,473.0,365.0,"{'C': 415, 'SS': 586, '2B': 586, '3B': 569, '1B': 598, 'OF': 519, 'UT': 473}",1.1903409090909092,0.6321022727272727,7.013672239273482,96.60377358490567,93.58490566037736,98.86792452830188,3.0188679245283083,-2.264150943396217,32.38636363636364,21.306818181818183,54.54545454545455,0.02100000000000002,1.3626373626373627,5,3014,-0.1722964535464535,1.3626373626373627,4,True,-0.1722964535464535,-0.1999999999999993,1.6999999999999993,2.3999999999999915,0.0,0.0,70.0,0.0,,21.0,2026-03-26,2026-09-12,146.0,148.0,148.0,0.0,649.0,0.986,0.0,0.0,0.15,,established,37.3,5.8,1.443,"704 PA, already has the job · avg EV 92.9 (96th pct) · deserved 1.24/PA on contact quality, got 1.19 · bat speed up 2.4 mph",xwOBA 0.379 (98th) · barrels 12.7% (89th) · EV 92.9 (97th) · hard-hit 54% (97th) · K 18% (73rd) · BB 9% (55th) · chase 26% (74th) · bat speed 76.3 mph (95th) · sprint 28.9 (87th),"{""n"":20,""b"":0,""c"":[[""Vladimir Guerrero Jr."",2025,26,1.06,0.88,537,0],[""Vladimir Guerrero Jr."",2024,25,1.16,1.06,723,0],[""Bobby Witt Jr."",2025,25,1.23,1.19,746,0],[""Jarren Duran"",2025,29,1.09,0.94,571,0],[""Kyle Tucker"",2025,28,1.18,0.99,618,0]]}",1.1673631550603136,-0.01697502965936144,1.1673631550603136,606.0,0.983,707.0,700.0,13,3,BB,517.0,496.0,190.0,211.0,lock,4.0
660271,Shohei Ohtani,2026,1994-07-05,TWP,L,Los Angeles Dodgers,138,615,520,143,26,4,30,89,81,81,7,11,3,152,5,83,1,0,0,0,0,0,0,0,0,133,31.0,615.0,24.7,13.2,0.275,0.513,0.377,0.238,0.329,0.286,0.552,0.377,0.397,0.372,0.267,0.468,0.501,-0.011,-0.039,-0.02,93.3,12.4,38.3,16.4,52.0,103.740457135,96.717453432,66.0,30.1,51.7,77.2,31.8,46.5,47.7,42.4,30.6,23.9,3.2,7.9,74.7,14.6,25.3,49.1,13.4,49.5,26.0,27.7,4.23,33.0,43.0,67.0,373.0,77.2,59.8,shohei ohtani,LAD,Shohei Ohtani,LAD,"SP,DH",1.0,1.0,1.0,1.0,700.0,32.0,5.072463768115942,1.1382113821138211,30,UT,UT,False,1.0,651.0652173913044,5.0,48.93478260869563,0.07246376811594235,-29.0,False,False,1,False,78.56264287057321,33.75168924857636,4.128692891127641,32.27697498972278,90.63689026767989,87.69774626083675,734.6146365285166,1.1944953439488075,-34.6146365285166,-0.05628396183498641,473.0,227.0,"{'C': 415, 'SS': 586, '2B': 586, '3B': 569, '1B': 598, 'OF': 519, 'UT': 473}",1.1382113821138211,0.6130081300813008,3.6124947437690733,92.83018867924528,89.81132075471699,90.9433962264151,3.018867924528294,1.8867924528301785,10.731707317073171,29.26829268292683,79.02439024390245,0.020000000000000018,1.5540355677154583,6,3977,-0.41582418560163714,1.5540355677154583,5,True,-0.41582418560163714,-1.0,-7.100000000000001,-1.0999999999999943,12.0,1.0,12.0,0.0,,12.0,2026-03-26,2026-09-07,130.0,149.0,147.0,2.0,604.0,0.884,0.0,0.0,0.15,,established,36.8,2.0,1.634,"615 PA, already has the job · avg EV 93.3 (97th pct) · deserved 1.19/PA on contact quality, got 1.14",xwOBA 0.397 (99th) · barrels 16.4% (98th) · EV 93.3 (97th) · hard-hit 52% (96th) · K 25% (35th) · BB 13% (92nd) · chase 30% (52nd) · bat speed 74.7 mph (86th) · sprint 27.7 (55th),"{""n"":20,""b"":0,""c"":[[""Matt Olson"",2024,30,0.98,1.05,758,0],[""Bryce Harper"",2025,33,1.09,1.07,734,0],[""Bryce Harper"",2024,32,1.13,1.09,632,0],[""Matt Olson"",2025,31,1.05,1.05,734,0],[""Teoscar Hern\u00e1ndez"",2025,33,1.04,1.03,504,0]]}",1.1158368900513025,-0.04944745880435125,1.1158368900513025,632.0,0.99,705.0,670.0,14,10,BB,517.0,496.0,188.0,209.0,lock,5.0
701398,Sal Stewart,2026,2003-12-07,1B,R,Cincinnati Reds,161,696,619,164,25,0,32,87,111,63,4,15,8,155,10,107,4,0,0,0,116,8,45,0,0,11,22.0,696.0,22.3,9.1,0.265,0.46,0.332,0.195,0.299,0.257,0.467,0.341,0.344,0.325,0.21,0.406,0.41,0.008,-0.007,-0.003,90.4,12.7,35.4,12.3,41.6,100.825005129,94.794541469,68.9,32.0,61.7,78.7,27.1,49.4,32.1,45.1,27.8,22.8,4.2,7.6,72.1,11.7,24.2,26.4,11.5,54.7,14.0,26.6,4.68,41.0,57.0,66.0,474.0,77.3,61.7,sal stewart,CIN,Sal Stewart,CIN,"1B,2B,3B,DH",190.0,113.0,190.0,190.0,755.0,22.6,4.6894409937888195,1.0847701149425288,13,1B/3B,1B/3B,False,113.0,556.8852459016393,4.003049236131642,198.11475409836066,0.6863917576571774,100.0,True,True,1,False,94.38746382351655,31.41972254212592,1.2571634451985025,32.018650189159025,86.66008317703597,90.34054318566368,733.1566263626996,1.0533859574176718,21.843373637300374,0.031384157524857015,473.0,282.0,"{'C': 415, 'SS': 586, '2B': 586, '3B': 569, '1B': 598, 'OF': 519, 'UT': 473}",1.0847701149425288,0.5833333333333334,5.474585917815274,83.77358490566039,81.88679245283019,95.84905660377359,1.8867924528301927,-12.075471698113205,12.931034482758621,27.586206896551722,54.310344827586206,0.002999999999999947,1.0847701149425288,1,754,0.0,,0,False,0.7347701149425289,,,,0.0,0.0,0.0,0.0,,0.0,2026-03-26,2026-09-12,148.0,151.0,151.0,0.0,633.0,0.98,0.0,0.0,0.15,,young / establishing,33.7,20.8,1.165,"696 PA, already has the job · 23 years old, an age that jumps 11% of the time · avg EV 90.4 (81st pct)",xwOBA 0.344 (87th) · barrels 12.3% (85th) · EV 90.4 (79th) · hard-hit 42% (65th) · K 22% (52nd) · BB 9% (55th) · chase 32% (39th) · bat speed 72.1 mph (52nd) · sprint 26.6 (26th),"{""n"":20,""b"":2,""c"":[[""Gunnar Henderson"",2023,22,1.08,1.17,843,1],[""Austin Riley"",2021,24,1.12,1.07,740,0],[""Bo Bichette"",2021,23,1.19,1.06,738,0],[""Tyler Soderstrom"",2025,24,1.11,1.04,471,0],[""Junior Caminero"",2025,22,1.12,1.09,765,0]]}",1.0122955931184252,0.000982437627337522,1.0122955931184252,694.0,1.0,703.0,607.0,15,84,BB,517.0,496.0,186.0,207.0,lock,6.0
701762,Nick Kurtz,2026,2003-03-12,1B,L,Athletics,99,434,352,90,15,1,21,62,69,79,3,7,1,141,0,53,3,0,0,0,94,0,0,0,0,3,23.0,434.0,32.5,18.2,0.256,0.483,0.396,0.227,0.363,0.244,0.483,0.381,0.374,0.374,0.239,0.525,0.51,0.012,0.0,0.007,93.4,11.9,38.9,18.0,57.3,106.18726581,98.206808714,66.4,23.3,39.5,73.0,36.9,43.1,34.6,41.7,28.9,26.1,3.3,7.8,78.2,13.9,16.9,80.4,12.8,49.6,26.0,26.6,4.47,24.0,27.0,39.0,211.0,73.8,57.7,nick kurtz,ATH,Nick Kurtz,ATH,1B,19.2,16.0,19.0,19.0,491.0,23.3,4.959595959595959,1.131336405529954,138,1B,1B,False,16.0,651.0652173913044,4.6923076923076925,-160.06521739130437,0.2672882672882668,-122.0,False,False,120,True,43.796118385581934,20.285309277827135,1.5770262875999492,20.229546048990986,58.52897538329585,58.603133872302664,473.0361092555985,1.0899449522018398,17.96389074440151,0.041391453328114114,473.0,18.0,"{'C': 415, 'SS': 586, '2B': 586, '3B': 569, '1B': 598, 'OF': 519, 'UT': 473}",1.131336405529954,0.5668202764976958,-0.9280265048212519,91.32075471698113,76.9811320754717,59.62264150943396,14.339622641509422,31.698113207547166,9.67741935483871,29.032258064516128,109.21658986175115,-0.007000000000000006,1.2658486707566463,2,923,-0.13451226522669235,1.2658486707566463,1,True,-0.13451226522669235,1.6000000000000014,-0.5,1.0,69.0,2.0,82.0,0.0,Right thumb capsule sprain,76.8,2026-03-27,2026-07-31,99.0,116.0,101.0,15.0,640.0,0.98,0.0,0.0,0.15,,young / establishing,37.5,9.2,1.346,"23 years old, an age that jumps 11% of the time · avg EV 93.4 (97th pct) · 434 PA, already has the job · bat speed up 1.0 mph",xwOBA 0.374 (96th) · barrels 18.0% (99th) · EV 93.4 (98th) · hard-hit 57% (99th) · K 32% (6th) · BB 18% (100th) · chase 23% (89th) · bat speed 78.2 mph (99th) · sprint 26.6 (26th),"{""n"":20,""b"":2,""c"":[[""Franmil Reyes"",2021,26,1.13,0.82,387,0],[""Yordan Alvarez"",2021,24,1.16,1.29,723,1],[""Christopher Morel"",2023,24,1.12,0.8,488,0],[""Matt Wallner"",2023,26,1.16,1.12,292,0],[""Matt Wallner"",2024,26,1.12,0.97,380,0]]}",1.0769725589269756,0.000982437627337522,1.0769725589269756,603.0,0.939,649.0,646.0,25,22,BB,517.0,496.0,132.0,153.0,lock,7.0
701538,Jackson Merrill,2026,2003-04-19,OF,L,San Diego Padres,158,664,613,156,26,5,26,86,87,41,3,27,4,160,3,99,3,0,11,0,0,0,0,0,156,1,23.0,664.0,24.1,6.2,0.254,0.44,0.303,0.186,0.302,0.27,0.491,0.321,0.347,0.315,0.221,0.4,0.438,-0.016,-0.051,-0.026,91.5,14.3,39.8,12.4,48.7,101.402458194,95.327540397,77.9,37.6,56.3,81.6,27.6,56.1,38.0,37.0,29.8,27.8,5.4,7.5,73.4,12.1,22.9,31.7,9.3,46.7,3.0,29.0,4.23,39.0,41.0,76.0,460.0,87.2,65.2,jackson merrill,SD,Jackson Merrill,SD,CF,65.6,47.0,65.0,66.0,743.0,23.2,4.7025316455696204,1.1189759036144578,17,OF,OF,False,47.0,597.1666666666666,4.318350772404012,145.83333333333337,0.384180873165608,30.0,True,False,1,False,95.5737491664867,34.68589506113644,4.963962378267036,30.286393394109833,93.30848131215302,84.53045714354893,788.331938455702,1.1872468952646116,-45.331938455702016,-0.06827099165015382,473.0,270.0,"{'C': 415, 'SS': 586, '2B': 586, '3B': 569, '1B': 598, 'OF': 519, 'UT': 473}",1.1189759036144578,0.5286144578313253,4.012416722266801,89.81132075471699,61.886792452830186,92.45283018867924,27.924528301886802,-2.6415094339622556,24.397590361445783,23.49397590361446,37.04819277108434,0.025999999999999968,1.1753794266441822,3,1740,-0.0564035230297244,1.1753794266441822,2,True,-0.0564035230297244,1.7000000000000028,-0.5999999999999996,1.5,0.0,0.0,37.0,0.0,,22.2,2026-03-26,2026-09-12,145.0,148.0,148.0,0.0,614.0,0.98,0.0,0.0,0.15,,established,34.9,17.9,1.255,"664 PA, already has the job · 23 years old, an age that jumps 11% of the time · deserved 1.19/PA on contact quality, got 1.12 · bat speed up 1.5 mph",xwOBA 0.347 (89th) · barrels 12.4% (86th) · EV 91.5 (90th) · hard-hit 49% (91st) · K 24% (40th) · BB 6% (24th) · chase 38% (14th) · bat speed 73.4 mph (70th) · sprint 29.0 (89th),"{""n"":20,""b"":4,""c"":[[""Gunnar Henderson"",2024,23,1.17,1.1,715,0],[""Julio Rodr\u00edguez"",2025,24,1.18,1.0,651,0],[""Michael Harris II"",2023,22,1.16,0.99,463,0],[""Austin Riley"",2022,25,1.07,1.1,787,0],[""Zach Neto"",2025,24,1.13,1.05,732,0]]}",1.1127567100537068,0.000982437627337522,1.1127567100537068,671.0,0.982,747.0,668.0,6,11,CH,517.0,496.0,230.0,251.0,lock,1.0
668930,Brice Turang,2026,1999-11-21,2B,L,Milwaukee Brewers,150,676,578,155,37,3,21,102,99,90,1,19,5,171,2,94,6,0,0,0,0,150,0,4,0,0,26.0,676.0,25.3,13.3,0.268,0.452,0.367,0.184,0.345,0.254,0.428,0.359,0.344,0.353,0.174,0.436,0.411,0.014,0.024,0.015,90.2,8.9,38.6,7.8,41.5,100.318934925,94.585293234,62.4,24.8,62.3,82.8,23.3,43.2,29.0,46.6,22.7,28.7,1.9,6.8,70.1,10.8,25.0,11.2,8.5,48.9,24.0,28.5,4.29,29.0,48.0,78.0,414.0,68.7,60.3,brice turang,MIL,Brice Turang,MIL,2B,44.8,34.0,50.0,40.0,759.0,26.6,5.06,1.1227810650887573,12,2B,2B,False,34.0,642.6,4.485508577873414,116.39999999999998,0.5744914221265853,22.0,False,False,1,False,90.34793407293786,33.04464580443051,2.7309061723254433,20.6885139503062,90.91869643815375,76.63093604614521,703.745632484299,1.0410438350359452,55.254367515701006,0.08173723005281208,473.0,286.0,"{'C': 415, 'SS': 586, '2B': 586, '3B': 569, '1B': 598, 'OF': 519, 'UT': 473}",1.1227810650887573,0.591715976331361,4.968582221201851,90.9433962264151,83.77358490566039,94.71698113207547,7.169811320754718,-3.773584905660371,16.86390532544379,18.63905325443787,79.88165680473374,-0.015000000000000013,1.1227810650887573,4,2402,0.0,1.1077389984825494,3,True,0.015042066606207882,2.5,-0.20000000000000018,-0.5,0.0,0.0,0.0,0.0,,0.0,2026-03-26,2026-09-12,138.0,152.0,152.0,0.0,614.0,0.908,0.0,0.0,0.15,,established,31.9,2.2,1.203,"676 PA, already has the job · 1.12/PA is his best rate yet, so the bar is one step up · avg EV 90.2 (78th pct)",xwOBA 0.344 (87th) · barrels 7.8% (56th) · EV 90.2 (76th) · hard-hit 42% (65th) · K 25% (32nd) · BB 13% (93rd) · chase 25% (83rd) · bat speed 70.1 mph (25th) · sprint 28.5 (78th),"{""n"":20,""b"":1,""c"":[[""Austin Riley"",2023,26,1.1,0.97,456,0],[""Shea Langeliers"",2025,28,1.19,1.09,507,0],[""Randy Arozarena"",2022,27,1.13,1.12,732,0],[""Lane Thomas"",2023,28,1.15,1.1,583,0],[""CJ Abrams"",2025,25,1.06,1.21,784,1]]}",1.0206702378776304,-0.01697502965936144,1.0206702378776304,656.0,1.0,670.0,612.0,21,73,CH,517.0,496.0,153.0,174.0,lock,2.0
682985,Riley Greene,2026,2000-09-28,OF,L,Detroit Tigers,139,588,507,143,32,2,21,79,75,71,5,3,1,154,5,88,2,0,2,0,0,0,0,0,124,16,25.0,588.0,26.2,12.1,0.282,0.477,0.372,0.195,0.362,0.263,0.501,0.369,0.372,0.355,0.237,0.461,0.465,0.019,-0.024,-0.003,89.9,17.7,39.7,14.8,46.1,102.310241788,95.531759972,68.8,26.0,44.0,81.5,29.8,46.1,38.8,35.5,34.1,26.0,4.5,7.3,75.6,11.6,19.6,58.9,15.8,42.5,24.0,26.6,4.73,36.0,37.0,69.0,358.0,80.3,60.5,riley greene,DET,Riley Greene,DET,"LF,CF,RF,DH",62.8,44.0,71.0,60.0,626.0,25.8,4.503597122302159,1.064625850340136,62,OF,OF,False,44.0,598.0,4.485508577873414,28.0,0.018088544428744413,-18.0,False,False,41,False,67.31880412597371,37.60384711799941,2.6998933860800918,25.7184553699468,77.66276768642246,80.11109040918967,631.6148580956121,1.0741749287340343,-5.614858095612135,-0.009549078393898291,473.0,153.0,"{'C': 415, 'SS': 586, '2B': 586, '3B': 569, '1B': 598, 'OF': 519, 'UT': 473}",1.064625850340136,0.5374149659863946,1.1175211193590437,79.24528301886792,65.66037735849056,80.75471698113208,13.584905660377359,-1.5094339622641542,3.061224489795918,21.428571428571427,72.44897959183673,0.0030000000000000027,1.0748091603053436,5,2661,-0.010183309965207554,1.0748091603053436,4,True,-0.010183309965207554,-4.5,-2.3000000000000007,0.0,20.0,1.0,43.0,0.0,Right hamstring strain,26.9,2026-03-26,2026-09-13,128.0,150.0,131.0,19.0,610.0,0.977,0.0,0.0,0.15,,established,36.7,4.1,1.155,"588 PA, already has the job · 26 years old, an age that jumps 4% of the time · avg EV 89.9 (74th pct)",xwOBA 0.372 (96th) · barrels 14.8% (95th) · EV 89.9 (72nd) · hard-hit 46% (84th) · K 26% (27th) · BB 12% (88th) · chase 26% (77th) · bat speed 75.6 mph (92nd) · sprint 26.6 (26th),"{""n"":20,""b"":2,""c"":[[""Austin Riley"",2023,26,1.1,0.97,456,0],[""Ryan Mountcastle"",2023,26,1.03,0.95,480,0],[""Rafael Devers"",2024,28,1.08,1.06,771,0],[""Trent Grisham"",2025,29,1.05,0.98,472,0],[""Cal Raleigh"",2024,28,1.09,1.3,919,1]]}",1.0296146864155953,-0.020377176503197886,1.0296146864155953,587.0,0.978,604.0,618.0,38,49,CH,517.0,496.0,87.0,108.0,clear keep,3.0
695506,Jac Caglianone,2026,2003-02-09,OF,L,Kansas City Royals,142,549,508,146,31,2,23,72,75,33,7,7,2,143,1,90,5,0,7,0,39,0,0,0,94,12,23.0,549.0,26.0,6.0,0.287,0.492,0.339,0.205,0.359,0.282,0.499,0.359,0.357,0.33,0.217,0.463,0.461,0.005,-0.007,0.002,93.2,7.6,34.2,13.1,54.4,105.481907432,97.554601667,72.9,39.5,52.6,82.9,29.3,54.5,46.2,46.2,22.7,28.4,2.7,7.9,77.0,17.2,23.4,73.0,9.1,43.8,25.0,27.0,4.43,24.0,47.0,75.0,366.0,79.8,65.4,jac caglianone,KC,Jac Caglianone,KC,"1B,RF,DH",177.8,105.0,195.0,157.0,613.0,23.4,4.316901408450704,1.116575591985428,71,1B/OF,1B/OF,False,105.0,556.8852459016393,4.003049236131642,56.11475409836066,0.31385217231906193,34.0,False,False,41,False,83.76878507550197,32.90916561517659,2.407313543140921,24.170735766180524,70.98323363818284,72.4672143550595,610.1984479932423,1.1114725828656509,2.8015520067576745,0.005103009119777235,473.0,140.0,"{'C': 415, 'SS': 586, '2B': 586, '3B': 569, '1B': 598, 'OF': 519, 'UT': 473}",1.116575591985428,0.5355191256830601,1.5040064157710824,89.43396226415095,64.52830188679245,83.39622641509435,24.9056603773585,6.037735849056602,7.650273224043716,25.136612021857925,36.0655737704918,-0.0020000000000000018,1.116575591985428,2,781,0.0,0.6767241379310345,1,False,0.43985145405439363,3.6000000000000014,1.0999999999999996,-0.4000000000000057,0.0,0.0,36.0,0.0,,21.599999999999998,2026-03-27,2026-09-12,132.0,150.0,150.0,0.0,508.0,0.88,0.0,0.0,0.15,,young / establishing,37.3,15.6,1.197,"23 years old, an age that jumps 11% of the time · avg EV 93.2 (97th pct) · 549 PA, already has the job",xwOBA 0.357 (93rd) · barrels 13.1% (91st) · EV 93.2 (97th) · hard-hit 54% (98th) · K 26% (28th) · BB 6% (21st) · chase 40% (8th) · bat speed 77.0 mph (97th) · sprint 27.0 (36th),"{""n"":20,""b"":2,""c"":[[""Tyler Soderstrom"",2025,24,1.11,1.04,471,0],[""Nolan Gorman"",2023,23,1.07,0.88,355,0],[""Riley Greene"",2024,24,1.06,1.07,704,0],[""Mark Vientos"",2024,25,1.06,0.88,409,0],[""Christopher Morel"",2023,24,1.12,0.8,488,0]]}",1.0533031023650663,0.000982437627337522,1.0533031023650663,550.0,0.983,579.0,632.0,48,30,CH,517.0,496.0,62.0,83.0,clear keep,4.0
663728,Cal Raleigh,2026,1996-11-26,C,S,Seattle Mariners,125,525,446,79,15,0,23,49,68,72,3,2,1,163,4,41,6,21,0,104,0,0,0,0,0,22,29.0,525.0,31.0,13.7,0.177,0.365,0.293,0.188,0.212,0.188,0.393,0.295,0.31,0.303,0.205,0.358,0.386,-0.011,-0.028,-0.015,90.1,25.5,33.4,14.3,39.5,100.460624167,94.554237317,70.0,35.8,55.2,77.2,31.8,50.4,52.3,26.1,43.6,17.4,12.9,7.9,75.0,8.0,16.1,51.5,17.6,46.0,-12.0,25.9,4.7,35.0,11.0,33.0,287.0,86.0,63.2,cal raleigh,SEA,Cal Raleigh,SEA,"C,DH",14.6,12.0,17.0,13.0,476.0,29.6,3.808,0.9066666666666666,143,C,C,False,12.0,651.0652173913044,4.73384091364456,-175.06521739130437,-0.92584091364456,-131.0,False,False,120,True,38.68251072424613,21.487512138497006,1.0914435502676036,22.586533586989262,58.921310042123395,66.40361384157164,501.45092388369505,0.9551446169213239,-25.450923883695054,-0.04847795025465729,415.0,61.0,"{'C': 415, 'SS': 586, '2B': 586, '3B': 569, '1B': 598, 'OF': 519, 'UT': 473}",0.9066666666666666,0.3638095238095238,-4.741982049956181,22.264150943396228,7.9245283018867925,25.660377358490567,14.339622641509436,-3.3962264150943398,2.2857142857142856,26.28571428571429,82.28571428571429,0.015000000000000013,1.3035460992907801,5,2990,-0.3968794326241135,1.3035460992907801,4,True,-0.3968794326241135,4.300000000000001,-5.199999999999999,-0.20000000000000284,33.0,1.0,33.0,0.0,Right oblique strain,33.0,2026-03-26,2026-09-12,114.0,149.0,119.0,30.0,597.0,0.958,0.0,0.0,0.15,,established,33.7,0.8,1.384,"525 PA, already has the job · deserved 0.96/PA on contact quality, got 0.91 · avg EV 90.1 (77th pct)",xwOBA 0.310 (53rd) · barrels 14.3% (94th) · EV 90.1 (74th) · hard-hit 40% (55th) · K 31% (11th) · BB 14% (95th) · chase 36% (21st) · bat speed 75.0 mph (88th) · sprint 25.9 (14th),"{""n"":20,""b"":0,""c"":[[""Matt Olson"",2024,30,0.98,1.05,758,0],[""Adolis Garc\u00eda"",2024,31,0.95,0.97,530,0],[""Jorge Polanco"",2024,31,0.81,1.07,563,0],[""Bryan Reynolds"",2025,30,0.92,1.02,713,0],[""Adolis Garc\u00eda"",2025,32,0.97,0.78,201,0]]}",1.0202523913260857,-0.035928731828200076,1.0202523913260857,536.0,0.974,547.0,612.0,57,73,CH,517.0,496.0,30.0,51.0,marginal,5.0
608324,Alex Bregman,2026,1994-03-30,3B,R,Chicago Cubs,154,697,604,157,32,2,26,89,89,75,12,3,1,102,6,97,6,0,0,0,0,0,143,0,0,12,32.0,697.0,14.6,10.8,0.26,0.449,0.35,0.189,0.272,0.249,0.382,0.35,0.322,0.34,0.133,0.361,0.323,0.011,0.067,0.028,88.1,17.7,32.5,6.1,37.4,97.932358189,93.103923688,60.1,23.4,69.1,90.3,15.7,41.6,48.0,37.6,27.6,23.2,11.6,7.0,69.8,9.3,33.8,3.3,14.0,66.3,22.0,26.2,4.67,36.0,48.0,71.0,508.0,66.2,59.3,alex bregman,CHC,Alex Bregman,CHC,"3B,DH",88.8,60.0,107.0,75.0,696.0,32.3,4.51948051948052,0.9985652797704447,31,3B,3B,False,60.0,556.8852459016393,4.119658119658119,139.11475409836066,0.3998223998224004,29.0,True,False,1,False,107.64301485419591,23.133021572200096,1.6609122930120543,17.959051280591932,77.69340110805743,75.81410284921854,624.631503957276,0.8961714547450158,71.36849604272402,0.10239382502542893,473.0,223.0,"{'C': 415, 'SS': 586, '2B': 586, '3B': 569, '1B': 598, 'OF': 519, 'UT': 473}",0.9985652797704447,0.6097560975609756,2.2725443250975186,56.9811320754717,88.30188679245283,86.79245283018868,-31.320754716981135,-29.81132075471698,2.582496413199426,22.38163558106169,64.56241032998565,-0.02799999999999997,1.0228658536585367,6,3606,-0.024300573888091925,1.0228658536585367,5,True,-0.024300573888091925,0.5,-0.5,-1.2000000000000028,0.0,0.0,48.0,0.0,,28.799999999999997,2026-03-26,2026-09-12,146.0,152.0,152.0,0.0,652.0,0.961,0.0,0.0,0.15,,established,29.1,0.6,1.103,"697 PA, already has the job · 1.00/PA is his best rate yet, so the bar is one step up · avg EV 88.1 (45th pct)",xwOBA 0.322 (66th) · barrels 6.1% (38th) · EV 88.1 (42nd) · hard-hit 37% (44th) · K 15% (90th) · BB 11% (78th) · chase 23% (89th) · bat speed 69.8 mph (22nd) · sprint 26.2 (19th),"{""n"":20,""b"":0,""c"":[[""Brandon Nimmo"",2025,32,1.06,0.92,598,0],[""Lourdes Gurriel Jr."",2025,32,0.99,0.74,149,0],[""Francisco Lindor"",2025,32,1.14,0.91,421,0],[""J.P. Crawford"",2025,30,0.88,0.81,392,0],[""Marcus Semien"",2023,33,1.12,0.93,667,0]]}",0.9293416055577514,-0.04944745880435125,0.9293416055577514,559.0,0.977,520.0,558.0,70,251,CH,517.0,496.0,3.0,24.0,marginal,6.0
680776,Jarren Duran,2026,1996-09-05,OF,L,Boston Red Sox,150,606,549,114,15,5,20,66,69,41,6,21,4,165,7,74,3,0,8,0,0,0,0,0,144,8,29.0,606.0,27.2,6.8,0.208,0.362,0.267,0.154,0.253,0.237,0.389,0.275,0.301,0.294,0.152,0.342,0.384,-0.029,-0.027,-0.026,89.6,12.5,31.7,9.2,39.8,101.406402552,94.831178877,68.9,34.4,40.8,80.5,33.5,50.9,38.8,45.7,22.8,21.3,10.2,7.6,75.0,11.5,19.9,50.9,5.7,42.7,-29.0,29.0,4.24,29.0,37.0,46.0,394.0,71.1,60.9,jarren duran,BOS,Jarren Duran,BOS,"LF,CF,DH",61.4,43.0,67.0,54.0,571.0,29.8,3.8066666666666666,0.9422442244224423,98,OF,OF,False,43.0,598.0,4.485508577873414,-27.0,-0.6788419112067476,-55.0,False,False,54,False,88.09963044244878,19.48819181974144,3.6157250331707895,18.90945270463899,75.97975166160387,64.87758793082116,607.531339592425,1.0025269630238036,-36.531339592424956,-0.06028273860136135,473.0,98.0,"{'C': 415, 'SS': 586, '2B': 586, '3B': 569, '1B': 598, 'OF': 519, 'UT': 473}",0.9422442244224423,0.3811881188118812,-1.4860708523159625,36.9811320754717,10.566037735849058,56.60377358490566,26.41509433962264,-19.62264150943396,20.792079207920793,19.801980198019802,40.59405940594059,0.025999999999999968,1.2320441988950277,5,2734,-0.28979997447258543,1.2320441988950277,4,True,-0.28979997447258543,2.8999999999999986,-0.5,0.29999999999999716,0.0,0.0,0.0,0.0,,0.0,2026-03-26,2026-09-12,139.0,152.0,152.0,0.0,566.0,0.914,0.0,0.0,0.15,,established,33.7,1.5,1.312,"606 PA, already has the job · deserved 1.00/PA on contact quality, got 0.94 · sprint 29.0 ft/s (89th pct)",xwOBA 0.301 (42nd) · barrels 9.2% (66th) · EV 89.6 (66th) · hard-hit 40% (56th) · K 27% (23rd) · BB 7% (29th) · chase 34% (27th) · bat speed 75.0 mph (88th) · sprint 29.0 (89th),"{""n"":20,""b"":0,""c"":[[""Bryan Reynolds"",2025,30,0.92,1.02,713,0],[""Randy Arozarena"",2024,29,0.98,1.08,767,0],[""Willi Castro"",2025,28,0.9,1.0,477,0],[""Teoscar Hern\u00e1ndez"",2023,31,1.01,1.14,746,0],[""Adolis Garc\u00eda"",2025,32,0.97,0.78,201,0]]}",0.9706483535122673,-0.035928731828200076,0.9706483535122673,506.0,1.0,491.0,582.0,86,152,CH,517.0,496.0,-26.0,-5.0,let go,7.0
691023,Jordan Walker,2026,2002-05-22,OF,R,St. Louis Cardinals,157,663,605,164,33,0,29,96,101,50,4,22,5,173,4,102,8,0,9,0,0,0,0,0,148,7,24.0,663.0,26.1,7.5,0.271,0.469,0.329,0.198,0.332,0.263,0.463,0.346,0.34,0.322,0.199,0.44,0.431,0.008,0.006,0.006,92.7,11.7,32.3,13.3,50.0,104.865571697,96.883113463,71.1,35.9,49.2,78.7,32.3,52.1,38.8,42.9,24.3,24.5,8.3,8.3,79.3,15.6,19.9,85.5,6.0,48.4,16.0,29.1,4.35,35.0,53.0,76.0,436.0,77.0,67.4,jordan walker,STL,Jordan Walker,STL,"LF,RF,DH",379.3,229.0,345.0,370.0,775.0,24.1,4.936305732484076,1.1689291101055808,8,OF,OF,False,229.0,338.3666666666667,3.0792137196109657,436.6333333333333,1.8570920128731103,221.0,True,True,1,False,95.78123380906331,34.21796277205257,1.170373028704977,27.945430390179162,91.63201388434081,79.9352506949848,740.1922645793256,1.1164287550216072,34.80773542067436,0.05250035508397355,473.0,302.0,"{'C': 415, 'SS': 586, '2B': 586, '3B': 569, '1B': 598, 'OF': 519, 'UT': 473}",1.1689291101055808,0.5731523378582202,6.067901251139517,95.84905660377359,78.49056603773586,96.98113207547169,17.35849056603773,-1.1320754716981014,19.90950226244344,26.244343891402714,45.24886877828054,-0.00599999999999995,1.1689291101055808,3,1702,0.0,1.032258064516129,2,False,0.13667104558945176,-5.699999999999999,2.4000000000000004,1.2000000000000028,0.0,0.0,14.0,0.0,,8.4,2026-03-26,2026-09-12,145.0,153.0,153.0,0.0,600.0,0.948,0.0,0.0,0.15,,established,36.9,9.7,1.249,"663 PA, already has the job · avg EV 92.7 (96th pct) · 24 years old, an age that jumps 8% of the time · barrel rate up 2.4 pts on last year · bat speed up 1.2 mph",xwOBA 0.340 (83rd) · barrels 13.3% (91st) · EV 92.7 (96th) · hard-hit 50% (94th) · K 26% (27th) · BB 8% (35th) · chase 36% (21st) · bat speed 79.3 mph (100th) · sprint 29.1 (90th),"{""n"":20,""b"":3,""c"":[[""Gunnar Henderson"",2024,23,1.17,1.1,715,0],[""Zach Neto"",2025,24,1.13,1.05,732,0],[""Julio Rodr\u00edguez"",2023,22,1.23,1.06,650,0],[""Pete Crow-Armstrong"",2025,23,1.19,1.35,978,1],[""Riley Greene"",2025,25,1.07,1.06,626,0]]}",1.0894774305225676,-0.012246653109530594,1.0894774305225676,676.0,0.993,736.0,654.0,9,19,CJF,517.0,496.0,219.0,240.0,lock,1.0
665833,Oneil Cruz,2026,1998-10-04,OF,L,Pittsburgh Pirates,97,419,368,103,14,1,20,65,67,47,4,30,7,139,0,68,4,0,6,0,0,0,0,0,87,8,27.0,419.0,33.2,11.2,0.28,0.486,0.368,0.206,0.397,0.251,0.472,0.371,0.352,0.338,0.221,0.528,0.494,0.029,0.014,0.019,94.1,5.4,33.2,15.4,53.7,105.969307193,97.770739031,57.4,30.1,47.1,75.9,35.6,42.2,40.6,50.7,22.3,24.0,3.1,7.5,77.7,14.4,20.3,72.7,7.6,40.8,20.0,28.5,4.31,23.0,36.0,44.0,229.0,63.2,61.1,oneil cruz,PIT,Oneil Cruz,PIT,"CF,DH",84.6,59.0,89.0,73.0,563.0,27.7,5.804123711340206,1.3436754176610979,104,OF,OF,False,59.0,556.8852459016393,4.292903702788284,6.114754098360663,1.5112200085519216,-45.0,False,False,59,False,51.67632710576912,19.59089896230429,1.5652207580840518,19.535553173842537,59.29435350883675,52.94327083318364,527.3016243420204,1.25847643041055,35.69837565797957,0.08519898725054786,473.0,90.0,"{'C': 415, 'SS': 586, '2B': 586, '3B': 569, '1B': 598, 'OF': 519, 'UT': 473}",1.3436754176610979,0.594272076372315,1.915942941227239,99.62264150943396,84.90566037735849,85.66037735849056,14.716981132075475,13.962264150943398,42.95942720763723,28.63961813842482,67.30310262529832,-0.019000000000000017,1.3436754176610979,4,1972,0.0,1.0625,3,True,0.2811754176610979,1.2000000000000028,-2.5999999999999996,-1.0999999999999943,68.0,1.0,81.0,0.0,,75.8,2026-03-26,2026-09-12,86.0,152.0,89.0,63.0,628.0,0.966,0.0,0.0,0.15,,established,37.3,1.3,1.424,"avg EV 94.1 (98th pct) · 1.34/PA is his best rate yet, so the bar is one step up · sprint 28.5 ft/s (79th pct)",xwOBA 0.352 (91st) · barrels 15.4% (96th) · EV 94.1 (98th) · hard-hit 54% (97th) · K 33% (4th) · BB 11% (81st) · chase 30% (52nd) · bat speed 77.7 mph (99th) · sprint 28.5 (78th),"{""n"":20,""b"":1,""c"":[[""Brent Rooker"",2024,30,1.23,1.05,736,0],[""Shea Langeliers"",2025,28,1.19,1.09,507,0],[""Teoscar Hern\u00e1ndez"",2021,29,1.26,1.11,596,0],[""Tyler O'Neill"",2021,26,1.26,1.07,410,0],[""Luke Raley"",2023,29,1.14,1.06,481,0]]}",1.1223539717929367,-0.026330886137737278,1.1223539717929367,540.0,0.939,606.0,673.0,36,8,CJF,517.0,496.0,89.0,110.0,clear keep,2.0
696100,Hunter Goodman,2026,1999-10-08,C,R,Colorado Rockies,137,570,515,127,20,2,41,84,88,45,5,5,5,174,5,64,11,17,0,98,0,0,0,0,0,39,26.0,570.0,30.5,7.9,0.247,0.532,0.311,0.285,0.282,0.229,0.458,0.357,0.322,0.292,0.229,0.49,0.434,0.018,0.074,0.035,89.7,18.7,32.4,14.5,44.2,102.213328372,95.370909622,73.8,40.3,49.9,77.8,34.0,54.6,48.0,34.4,34.7,22.0,9.0,7.3,75.0,10.8,18.0,49.0,14.0,66.6,20.0,27.3,4.56,47.0,32.0,48.0,346.0,78.4,65.3,hunter goodman,COL,Hunter Goodman,COL,"C,DH",72.8,51.0,62.0,85.0,661.0,26.7,4.824817518248175,1.1596491228070176,40,C,C,False,51.0,597.1666666666666,4.318350772404012,63.83333333333337,0.506466745844163,11.0,False,False,1,False,62.94443639933554,22.48129179484,2.0741072123133937,30.43516459351107,71.21544413723468,75.67494366958,588.6953878068147,1.0327989259768677,72.30461219318533,0.12685019683014986,415.0,246.0,"{'C': 415, 'SS': 586, '2B': 586, '3B': 569, '1B': 598, 'OF': 519, 'UT': 473}",1.1596491228070176,0.5649122807017544,3.24359491114006,95.09433962264151,76.22641509433963,88.67924528301887,18.867924528301884,6.415094339622641,5.263157894736842,43.15789473684211,47.368421052631575,-0.034999999999999976,1.1596491228070176,3,1450,0.0,1.1295336787564767,2,True,0.030115444050540896,4.199999999999999,1.5999999999999996,0.7000000000000028,7.0,1.0,7.0,0.0,,7.0,2026-03-27,2026-09-12,128.0,150.0,143.0,7.0,553.0,0.895,0.0,0.0,0.15,,established,35.2,3.1,1.24,"570 PA, already has the job · 1.16/PA is his best rate yet, so the bar is one step up · avg EV 89.7 (71st pct)",xwOBA 0.322 (66th) · barrels 14.5% (95th) · EV 89.7 (68th) · hard-hit 44% (79th) · K 30% (13th) · BB 8% (41st) · chase 40% (7th) · bat speed 75.0 mph (88th) · sprint 27.3 (45th),"{""n"":20,""b"":0,""c"":[[""Brandon Lowe"",2021,27,1.13,0.85,225,0],[""Mickey Moniak"",2025,27,1.13,1.01,441,0],[""Jared Walsh"",2021,28,1.09,0.81,366,0],[""Javier B\u00e1ez"",2021,29,1.13,0.87,514,0],[""James Outman"",2023,26,1.1,0.69,108,0]]}",1.0199010121514414,-0.01697502965936144,1.0199010121514414,584.0,0.994,596.0,612.0,44,73,CJF,517.0,496.0,79.0,100.0,clear keep,3.0
665489,Vladimir Guerrero Jr.,2026,1999-03-16,1B,R,Toronto Blue Jays,144,609,542,141,25,0,9,72,57,56,5,7,4,81,6,107,8,0,0,0,128,0,0,0,0,16,27.0,609.0,13.3,9.2,0.26,0.356,0.332,0.096,0.288,0.28,0.4,0.306,0.331,0.346,0.121,0.311,0.344,-0.02,-0.044,-0.025,90.3,8.3,28.7,6.9,44.3,102.693695855,95.562990899,67.3,30.6,67.0,86.9,20.1,47.2,35.1,48.6,19.3,25.3,6.9,7.6,76.3,17.0,26.4,62.4,1.1,30.3,-6.0,26.4,4.57,15.0,60.0,66.0,467.0,76.9,59.2,vladimir guerrero,TOR,Vladimir Guerrero Jr.,TOR,"1B,DH",18.4,15.0,18.0,20.0,537.0,27.3,3.7291666666666665,0.8817733990147784,115,1B,1B,False,15.0,651.0652173913044,4.716129032258064,-114.06521739130437,-0.9869623655913977,-100.0,False,False,120,True,113.21237920147453,24.539495033748324,0.9818723280798013,13.026253436697356,69.11298522894465,64.91371201433368,577.1286972432783,0.9476661695291927,-40.12869724327834,-0.06589277051441433,473.0,64.0,"{'C': 415, 'SS': 586, '2B': 586, '3B': 569, '1B': 598, 'OF': 519, 'UT': 473}",0.8817733990147784,0.49917898193760263,-2.167986368500865,14.339622641509434,49.43396226415094,50.18867924528302,-35.094339622641506,-35.84905660377358,6.896551724137931,8.866995073891625,55.172413793103445,0.025000000000000022,1.2621776504297995,6,4072,-0.3804042514150211,1.2621776504297995,5,True,-0.3804042514150211,-0.5,-5.299999999999999,-0.4000000000000057,7.0,1.0,7.0,0.0,Concussion,7.0,2026-03-27,2026-09-12,134.0,151.0,144.0,7.0,588.0,0.931,0.0,0.0,0.15,,established,36.2,1.4,1.342,"609 PA, already has the job · deserved 0.95/PA on contact quality, got 0.88 · avg EV 90.3 (80th pct)",xwOBA 0.331 (75th) · barrels 6.9% (46th) · EV 90.3 (77th) · hard-hit 44% (79th) · K 13% (94th) · BB 9% (56th) · chase 31% (49th) · bat speed 76.3 mph (95th) · sprint 26.4 (22nd),"{""n"":20,""b"":0,""c"":[[""Jonathan India"",2025,28,0.8,0.84,49,0],[""Ozzie Albies"",2025,28,0.92,0.89,604,0],[""Carlos Correa"",2025,31,0.88,1.01,143,0],[""Bo Bichette"",2024,26,0.78,1.08,677,0],[""Matt Olson"",2024,30,0.98,1.05,758,0]]}",0.9910654281875374,-0.01697502965936144,0.9910654281875374,549.0,0.994,544.0,595.0,59,110,CJF,517.0,496.0,27.0,48.0,marginal,4.0
808959,Munetaka Murakami,2026,2000-02-02,1B,L,Chicago White Sox,126,549,450,93,15,1,35,81,77,92,6,1,3,195,1,42,3,0,0,0,118,0,0,0,0,6,26.0,549.0,35.5,16.8,0.207,0.478,0.348,0.271,0.262,0.202,0.465,0.356,0.349,0.335,0.263,0.507,0.493,0.005,0.013,0.007,93.9,16.0,30.1,20.3,56.6,104.446589606,97.331589921,61.7,22.1,35.9,66.7,42.3,40.5,46.5,41.4,38.3,15.6,4.7,7.9,74.7,13.5,19.5,50.1,19.4,44.6,20.0,26.8,4.4,39.0,23.0,31.0,256.0,73.1,57.6,munetaka murakami,CWS,Munetaka Murakami,CWS,"1B,3B,DH",187.0,111.0,205.0,142.0,564.0,26.4,4.476190476190476,1.0273224043715847,103,1B/3B,1B,False,111.0,556.8852459016393,4.003049236131642,7.114754098360663,0.4731412400588342,8.0,False,False,54,False,35.923172681037485,22.418796739883398,1.7428884771207795,30.815142101958347,72.18026005488133,76.86959057478687,547.1998506296682,0.9967210393983027,16.800149370331837,0.03060136497328203,473.0,91.0,"{'C': 415, 'SS': 586, '2B': 586, '3B': 569, '1B': 598, 'OF': 519, 'UT': 473}",1.0273224043715847,0.4936247723132969,0.026907001022769217,66.0377358490566,47.924528301886795,70.94339622641509,18.113207547169807,-4.905660377358487,1.092896174863388,38.251366120218584,100.5464480874317,-0.007000000000000006,1.0273224043715847,1,549,0.0,,0,False,0.6773224043715848,,,,41.0,1.0,41.0,0.0,Right hamstring strain,41.0,2026-03-26,2026-09-12,113.0,150.0,113.0,37.0,649.0,1.0,0.0,0.0,0.15,,established,36.5,15.4,1.107,"avg EV 93.9 (98th pct) · 549 PA in his first season, already has the job · 26 years old, an age that jumps 4% of the time",xwOBA 0.349 (90th) · barrels 20.3% (100th) · EV 93.9 (98th) · hard-hit 57% (99th) · K 36% (2nd) · BB 17% (99th) · chase 22% (92nd) · bat speed 74.7 mph (86th) · sprint 26.8 (31st),"{""n"":20,""b"":2,""c"":[[""Bobby Dalbec"",2021,26,1.02,0.85,300,0],[""Miguel San\u00f3"",2021,28,0.97,0.39,28,0],[""Joey Gallo"",2021,28,1.06,0.85,350,0],[""Franmil Reyes"",2021,26,1.13,0.82,387,0],[""Jake Burger"",2023,27,1.05,0.96,554,0]]}",0.9790349689851318,-0.020377176503197886,0.9790349689851318,514.0,0.967,503.0,587.0,82,126,CJF,517.0,496.0,-14.0,7.0,let go,5.0
701350,Roman Anthony,2026,2004-05-13,OF,L,Boston Red Sox,54,240,210,52,11,3,5,24,15,29,1,2,0,64,0,33,2,0,3,0,0,0,0,0,33,21,22.0,240.0,26.7,12.1,0.248,0.4,0.342,0.152,0.333,0.262,0.428,0.329,0.344,0.352,0.166,0.399,0.424,-0.014,-0.028,-0.015,92.0,6.1,38.4,11.7,46.6,102.442735205,95.858888345,55.8,23.3,45.5,82.6,28.3,39.6,41.8,48.6,23.3,26.7,1.4,7.4,75.6,15.5,26.4,55.2,11.9,46.8,3.0,27.6,4.41,9.0,13.0,30.0,146.0,55.3,53.3,roman anthony,BOS,Roman Anthony,BOS,"LF,CF,RF,DH",47.2,36.0,52.0,36.0,215.0,22.1,3.9814814814814814,0.8958333333333334,326,OF,OF,False,36.0,642.6,4.485508577873414,-427.6,-0.5040270963919329,-290.0,False,False,279,True,35.59810172956961,10.898829589344805,1.6080356326015661,6.915033048484021,30.521926006393688,27.429937631075283,242.851863637469,1.0118827651561209,-27.851863637468995,-0.11604943182278749,473.0,-258.0,"{'C': 415, 'SS': 586, '2B': 586, '3B': 569, '1B': 598, 'OF': 519, 'UT': 473}",0.8958333333333334,0.375,-8.791747865998266,,,,,,5.0,12.5,72.5,0.014999999999999958,1.1023102310231023,2,543,-0.20647689768976896,1.1023102310231023,1,False,-0.20647689768976896,-1.0,-3.9000000000000004,0.5999999999999943,115.0,1.0,140.0,0.0,,130.0,2026-03-26,2026-09-12,43.0,152.0,49.0,103.0,584.0,0.878,0.0,0.0,0.15,,young / establishing,36.4,5.8,1.182,"22 years old, an age that jumps 17% of the time · deserved 1.01/PA on contact quality, got 0.90 · avg EV 92.0 (93rd pct)",xwOBA 0.344 (87th) · barrels 11.7% (83rd) · EV 92.0 (92nd) · hard-hit 47% (85th) · K 27% (24th) · BB 12% (88th) · chase 23% (89th) · bat speed 75.6 mph (92nd) · sprint 27.6 (52nd),"{""n"":20,""b"":4,""c"":[[""William Contreras"",2021,24,0.98,1.09,408,0],[""Jos\u00e9 Tena"",2024,23,0.86,0.86,145,0],[""Tyler Soderstrom"",2024,23,0.89,1.11,691,1],[""Gunnar Henderson"",2022,21,0.98,1.08,674,1],[""Jes\u00fas S\u00e1nchez"",2022,25,0.9,1.01,406,0]]}",0.9949995678882663,0.010387702304990686,0.9949995678882663,480.0,0.896,478.0,597.0,88,105,CJF,517.0,496.0,-39.0,-18.0,let go,6.0
664023,Ian Happ,2026,1994-08-12,OF,S,Chicago Cubs,155,631,541,119,28,3,24,89,68,81,7,4,1,186,1,64,1,0,9,0,0,0,0,0,149,5,31.0,631.0,29.5,12.8,0.22,0.416,0.329,0.196,0.286,0.208,0.392,0.328,0.314,0.314,0.184,0.411,0.387,0.012,0.024,0.014,89.3,14.4,31.9,11.2,42.1,100.455877247,94.502937163,64.9,23.6,48.6,78.1,30.2,43.4,45.9,41.2,31.4,21.0,6.4,6.9,71.8,9.8,20.8,18.1,11.1,46.2,4.0,28.0,4.37,33.0,33.0,52.0,357.0,72.5,57.1,ian happ,CHC,Ian Happ,CHC,"LF,DH",146.8,89.0,173.0,105.0,618.0,31.9,3.9870967741935486,0.9793977812995246,65,OF,OF,False,89.0,556.8852459016393,4.003049236131642,61.11475409836066,-0.01595246193809352,24.0,False,False,41,False,59.96109822556263,27.726856599044364,2.702992125223362,22.137053050169637,78.37791428041312,73.2008649960643,593.1787792764774,0.940061456856541,24.82122072352263,0.03933632444298363,473.0,145.0,"{'C': 415, 'SS': 586, '2B': 586, '3B': 569, '1B': 598, 'OF': 519, 'UT': 473}",0.9793977812995246,0.44532488114104596,-0.7420394517403689,52.83018867924528,27.169811320754718,60.0,25.660377358490564,-7.169811320754718,3.8034865293185423,22.820919175911254,77.02060221870047,-0.014000000000000012,1.0806697108066972,6,3818,-0.10127192950717256,1.0806697108066972,5,True,-0.10127192950717256,6.699999999999999,0.7999999999999989,0.20000000000000284,0.0,0.0,7.0,0.0,,4.2,2026-03-26,2026-09-12,143.0,152.0,152.0,0.0,579.0,0.941,0.0,0.0,0.15,,established,31.9,0.5,1.161,"631 PA, already has the job · avg EV 89.3 (63rd pct) · sprint 28.0 ft/s (65th pct)",xwOBA 0.314 (58th) · barrels 11.2% (80th) · EV 89.3 (61st) · hard-hit 42% (67th) · K 30% (15th) · BB 13% (91st) · chase 24% (88th) · bat speed 71.8 mph (47th) · sprint 28.0 (63rd),"{""n"":20,""b"":0,""c"":[[""Randy Arozarena"",2025,30,1.08,1.2,801,0],[""Willy Adames"",2025,30,0.97,0.9,453,0],[""Nathaniel Lowe"",2025,30,0.88,0.94,401,0],[""Taylor Ward"",2025,32,1.04,0.82,496,0],[""Dansby Swanson"",2024,30,1.0,1.01,649,0]]}",0.9359758754067372,-0.04944745880435125,0.9359758754067372,501.0,0.997,469.0,562.0,97,235,CJF,517.0,496.0,-48.0,-27.0,let go,7.0
671739,Michael Harris II,2026,2001-03-07,OF,L,Atlanta Braves,155,621,591,174,36,1,26,79,87,23,2,12,3,119,3,111,0,0,2,0,0,0,0,0,147,3,25.0,621.0,19.2,3.7,0.294,0.491,0.321,0.197,0.33,0.29,0.477,0.35,0.342,0.317,0.187,0.419,0.41,0.004,0.014,0.008,90.5,10.0,31.9,10.3,47.6,103.130943957,95.926012511,69.9,45.1,58.0,88.8,24.6,56.4,35.6,44.9,22.9,26.4,5.9,8.1,74.9,16.1,24.2,49.9,7.1,46.6,11.0,27.7,4.28,27.0,56.0,91.0,477.0,76.0,64.4,michael harris,ATL,Michael Harris II,ATL,CF,97.8,67.0,94.0,98.0,695.0,25.3,4.483870967741935,1.1191626409017714,33,OF,OF,False,67.0,556.8852459016393,4.006329113924051,138.11475409836066,0.4775418538178844,34.0,True,False,1,False,111.44596917848727,33.81806683868088,1.678958787176387,24.44700519565545,79.42065723326536,76.36451589050183,674.0821731237671,1.085478539651799,20.91782687623288,0.033684101249972453,473.0,222.0,"{'C': 415, 'SS': 586, '2B': 586, '3B': 569, '1B': 598, 'OF': 519, 'UT': 473}",1.1191626409017714,0.5990338164251208,3.9637491873484145,90.18867924528303,85.66037735849056,92.0754716981132,4.5283018867924625,-1.8867924528301785,11.594202898550725,25.1207729468599,22.22222222222222,-0.007999999999999952,1.2811791383219955,5,2712,-0.16201649742022406,1.2811791383219955,4,True,-0.16201649742022406,-0.8000000000000007,1.200000000000001,0.6000000000000085,0.0,0.0,60.0,0.0,,18.0,2026-03-27,2026-09-12,143.0,153.0,153.0,0.0,555.0,0.935,0.0,0.0,0.15,,established,36.2,1.8,1.361,"621 PA, already has the job · avg EV 90.5 (82nd pct) · 25 years old, an age that jumps 5% of the time",xwOBA 0.342 (85th) · barrels 10.3% (74th) · EV 90.5 (81st) · hard-hit 48% (88th) · K 19% (70th) · BB 4% (4th) · chase 45% (1st) · bat speed 74.9 mph (88th) · sprint 27.7 (55th),"{""n"":20,""b"":1,""c"":[[""Bo Bichette"",2023,25,1.04,0.78,261,0],[""Julio Rodr\u00edguez"",2025,24,1.18,1.0,651,0],[""CJ Abrams"",2025,25,1.06,1.21,784,1],[""Bo Bichette"",2022,24,1.06,1.04,624,0],[""Gunnar Henderson"",2025,24,1.1,0.9,630,0]]}",1.038393794457434,-0.01249045949552797,1.038393794457434,619.0,0.986,643.0,623.0,28,39,CS,517.0,496.0,126.0,147.0,lock,1.0
700250,Ben Rice,2026,1999-02-22,DH,L,New York Yankees,154,667,573,151,24,4,41,105,97,85,6,3,1,162,3,82,4,0,0,0,56,0,0,0,0,95,27.0,667.0,24.3,12.7,0.264,0.534,0.363,0.27,0.295,0.267,0.511,0.384,0.378,0.364,0.243,0.468,0.458,-0.003,0.023,0.006,91.9,14.5,38.4,14.3,48.6,101.739325556,95.439571618,63.8,24.5,53.4,83.6,25.4,43.2,44.9,40.3,32.1,23.4,4.1,7.7,72.6,14.1,27.5,24.3,13.1,54.9,36.0,26.8,4.56,49.0,40.0,61.0,414.0,80.1,59.0,ben rice,NYY,Ben Rice,NYY,"C,1B,DH",65.4,46.0,47.0,72.0,755.0,27.4,4.902597402597403,1.1319340329835081,13,C/1B,1B,False,46.0,598.0,4.318350772404012,157.0,0.5842466301933902,33.0,True,False,1,False,86.68613222093927,28.04790368528983,3.579795966602578,34.677168127168336,90.62449750291157,91.9785403047124,723.824037807624,1.0851934599814452,31.175962192376005,0.04674057300206291,415.0,340.0,"{'C': 415, 'SS': 586, '2B': 586, '3B': 569, '1B': 598, 'OF': 519, 'UT': 473}",1.1319340329835081,0.6506746626686657,5.575939643911596,92.0754716981132,95.84905660377359,96.22641509433963,-3.7735849056603854,-4.150943396226424,2.6986506746626686,36.8815592203898,76.46176911544228,-0.006000000000000005,1.1319340329835081,2,1375,0.0,1.0566037735849056,1,False,0.0753302593986025,5.400000000000002,-1.0999999999999996,-0.8000000000000114,0.0,0.0,0.0,0.0,,0.0,2026-03-25,2026-09-11,141.0,152.0,152.0,0.0,596.0,0.928,0.0,0.0,0.15,,established,34.9,5.4,1.212,"667 PA, already has the job · avg EV 91.9 (92nd pct) · 1.13/PA is his best rate yet, so the bar is one step up",xwOBA 0.378 (97th) · barrels 14.3% (94th) · EV 91.9 (92nd) · hard-hit 49% (91st) · K 24% (38th) · BB 13% (90th) · chase 24% (85th) · bat speed 72.6 mph (60th) · sprint 26.8 (31st),"{""n"":20,""b"":2,""c"":[[""Austin Riley"",2023,26,1.1,0.97,456,0],[""Pete Alonso"",2022,28,1.14,1.08,711,0],[""Matt Olson"",2021,27,1.15,1.0,702,0],[""Nathaniel Lowe"",2022,27,1.04,0.95,690,0],[""Seiya Suzuki"",2023,29,1.07,1.13,663,0]]}",1.0088721606976674,-0.01697502965936144,1.0088721606976674,624.0,1.0,630.0,605.0,31,89,CS,517.0,496.0,113.0,134.0,clear keep,2.0
681624,Andy Pages,2026,2000-12-08,OF,R,Los Angeles Dodgers,133,569,508,139,26,2,22,74,81,48,8,13,7,112,5,89,3,0,14,0,0,0,0,0,131,1,25.0,569.0,19.7,8.4,0.274,0.463,0.343,0.189,0.309,0.273,0.438,0.35,0.342,0.342,0.165,0.4,0.388,0.001,0.025,0.008,88.8,15.7,37.2,7.7,42.1,99.824365771,94.146939751,66.0,31.7,59.0,89.1,21.9,47.3,37.4,37.7,27.2,26.9,8.2,7.6,73.0,10.9,24.5,28.4,6.5,44.6,14.0,28.3,4.37,31.0,42.0,65.0,401.0,73.4,61.5,andy pages,LAD,Andy Pages,LAD,"LF,CF,RF",140.0,86.0,122.0,127.0,649.0,25.6,4.879699248120301,1.140597539543058,46,OF,OF,False,86.0,556.8852459016393,4.003049236131642,92.11475409836066,0.8766500119886587,40.0,True,False,30,False,94.28206225813794,23.73458854996586,1.9166361256544502,18.75071306624175,74.62012444884606,64.51497757583358,620.3231020246797,1.0901987733298413,28.676897975320344,0.05039876621321682,473.0,176.0,"{'C': 415, 'SS': 586, '2B': 586, '3B': 569, '1B': 598, 'OF': 519, 'UT': 473}",1.140597539543058,0.5957820738137083,1.8905189966194484,93.20754716981132,85.28301886792453,84.90566037735849,7.924528301886795,8.301886792452834,13.708260105448156,23.198594024604567,50.61511423550088,-0.007999999999999952,1.140597539543058,3,1636,0.0,1.080128205128205,2,True,0.060469334414853027,-1.9000000000000021,-0.7000000000000002,0.5,30.0,1.0,30.0,0.0,Left hand fracture,30.0,2026-03-26,2026-08-21,128.0,136.0,130.0,6.0,630.0,0.985,0.0,0.0,0.15,,established,33.5,4.6,1.221,"569 PA, already has the job · 1.14/PA is his best rate yet, so the bar is one step up · 26 years old, an age that jumps 4% of the time",xwOBA 0.342 (85th) · barrels 7.7% (54th) · EV 88.8 (53rd) · hard-hit 42% (67th) · K 20% (68th) · BB 8% (49th) · chase 32% (42nd) · bat speed 73.0 mph (66th) · sprint 28.3 (72nd),"{""n"":20,""b"":1,""c"":[[""Ozzie Albies"",2023,26,1.16,0.96,419,0],[""CJ Abrams"",2024,24,1.07,1.06,674,0],[""Spencer Steer"",2023,26,1.06,1.03,677,0],[""CJ Abrams"",2025,25,1.06,1.21,784,1],[""Spencer Steer"",2024,27,1.03,0.96,548,0]]}",1.0267955127738335,-0.020377176503197886,1.0267955127738335,599.0,0.976,615.0,616.0,34,55,CS,517.0,496.0,98.0,119.0,clear keep,3.0
656941,Kyle Schwarber,2026,1993-03-05,DH,L,Philadelphia Phillies,155,696,577,133,19,1,45,94,95,104,8,3,1,219,6,68,1,0,0,0,8,0,0,0,2,146,33.0,696.0,31.5,14.9,0.231,0.501,0.353,0.27,0.276,0.235,0.486,0.367,0.363,0.351,0.251,0.49,0.485,-0.004,0.015,0.004,92.3,20.2,37.4,15.4,49.2,103.355917692,96.246500826,66.4,26.2,44.6,77.4,33.2,44.3,53.8,31.0,32.1,26.4,10.4,7.5,77.1,11.8,16.9,74.5,14.6,67.3,38.0,25.6,4.56,45.0,20.0,68.0,364.0,77.7,56.1,kyle schwarber,PHI,Kyle Schwarber,PHI,"1B,LF,DH",21.0,17.0,23.0,15.0,731.0,33.3,4.716129032258064,1.0502873563218391,21,OF,UT,False,17.0,651.0652173913044,4.664516129032258,79.93478260869563,0.05161290322580658,-4.0,False,False,1,False,69.44898905865081,25.896826553229143,1.8173797175892943,38.43180467053075,88.0706271861867,98.55661059784181,722.6442377840285,1.0382819508391214,8.355762215971481,0.012005405482717668,473.0,258.0,"{'C': 415, 'SS': 586, '2B': 586, '3B': 569, '1B': 598, 'OF': 519, 'UT': 473}",1.0502873563218391,0.5258620689655172,3.7680780428463505,73.58490566037736,60.75471698113207,91.32075471698113,12.830188679245289,-17.73584905660377,2.586206896551724,38.793103448275865,89.65517241379311,-0.0040000000000000036,1.2099447513812154,6,3972,-0.15965739505937626,1.2099447513812154,5,True,-0.15965739505937626,4.300000000000001,-5.4,-0.20000000000000284,0.0,0.0,10.0,0.0,,3.0,2026-03-26,2026-09-12,143.0,150.0,150.0,0.0,637.0,0.953,0.0,0.0,0.15,,established,37.2,0.6,1.29,"696 PA, already has the job · avg EV 92.3 (94th pct) · 1.05/PA this year against 1.21 at his best, two steps to clear",xwOBA 0.363 (94th) · barrels 15.4% (96th) · EV 92.3 (94th) · hard-hit 49% (92nd) · K 32% (10th) · BB 15% (97th) · chase 26% (76th) · bat speed 77.1 mph (98th) · sprint 25.6 (10th),"{""n"":20,""b"":0,""c"":[[""Matt Olson"",2025,31,1.05,1.05,734,0],[""Teoscar Hern\u00e1ndez"",2025,33,1.04,1.03,504,0],[""Christian Walker"",2025,34,0.93,0.92,578,0],[""Manny Machado"",2025,33,1.06,0.93,627,0],[""Adolis Garc\u00eda"",2025,32,0.97,0.78,201,0]]}",1.0371203929326078,-0.04373459214881747,1.0371203929326078,580.0,0.948,602.0,622.0,39,42,CS,517.0,496.0,85.0,106.0,clear keep,4.0
672695,Geraldo Perdomo,2026,1999-10-22,SS,S,Arizona Diamondbacks,156,676,559,146,20,9,9,75,59,95,5,21,10,86,8,108,8,0,0,0,0,0,0,156,0,0,26.0,676.0,12.7,14.1,0.261,0.377,0.369,0.116,0.29,0.259,0.354,0.336,0.332,0.371,0.095,0.321,0.314,0.002,0.023,0.004,87.6,14.6,36.3,3.1,31.9,96.769079149,92.478909701,56.4,20.9,75.8,92.6,11.9,38.8,42.7,41.8,25.1,28.4,4.7,7.0,67.3,7.2,34.7,1.7,8.3,50.4,11.0,27.0,4.5,17.0,46.0,83.0,490.0,62.5,57.7,geraldo perdomo,ARI,Geraldo Perdomo,ARI,SS,60.8,42.0,73.0,56.0,646.0,26.7,4.141025641025641,0.9556213017751479,48,SS,SS,False,42.0,598.0,4.485508577873414,48.0,-0.34448293684777287,-6.0,False,False,33,False,114.95918628737468,16.099402813752178,4.161635510371613,9.560775388501533,78.9148390731357,64.52559104232168,641.1074301154573,0.9483837723601439,4.892569884542695,0.007237529415003996,473.0,173.0,"{'C': 415, 'SS': 586, '2B': 586, '3B': 569, '1B': 598, 'OF': 519, 'UT': 473}",0.9556213017751479,0.5547337278106509,-0.47896041178258963,42.26415094339623,71.32075471698113,65.28301886792453,-29.056603773584897,-23.018867924528294,18.63905325443787,7.988165680473373,84.31952662721893,-0.0040000000000000036,1.1305555555555555,5,2816,-0.1749342537804076,1.1305555555555555,4,True,-0.1749342537804076,1.1999999999999993,-3.1,-0.9000000000000057,0.0,0.0,65.0,0.0,,19.5,2026-03-26,2026-09-12,144.0,150.0,150.0,0.0,617.0,0.96,0.0,0.0,0.15,,established,28.0,0.8,1.211,"676 PA, already has the job · 27 years old, an age that jumps 3% of the time · sprint 27.0 ft/s (37th pct)",xwOBA 0.332 (76th) · barrels 3.1% (13th) · EV 87.6 (34th) · hard-hit 32% (20th) · K 13% (95th) · BB 14% (96th) · chase 21% (96th) · bat speed 67.3 mph (4th) · sprint 27.0 (36th),"{""n"":20,""b"":0,""c"":[[""Steven Kwan"",2025,28,0.98,0.93,590,0],[""Luis Arraez"",2024,27,0.94,0.92,619,0],[""Ozzie Albies"",2025,28,0.92,0.89,604,0],[""Andr\u00e9s Gim\u00e9nez"",2024,26,0.94,0.85,315,0],[""Gleyber Torres"",2024,28,0.87,0.94,591,0]]}",0.9789303358925201,-0.01697502965936144,0.9789303358925201,582.0,0.984,570.0,587.0,50,126,CS,517.0,496.0,53.0,74.0,clear keep,5.0
669127,Shea Langeliers,2026,1997-11-18,C,R,Athletics,105,464,422,110,21,0,23,58,58,36,5,3,1,109,1,66,3,17,0,74,0,0,0,0,0,33,28.0,464.0,23.5,7.8,0.261,0.474,0.325,0.213,0.299,0.267,0.493,0.346,0.353,0.328,0.226,0.422,0.432,-0.006,-0.019,-0.007,91.3,18.4,37.6,13.4,43.3,102.121069363,95.381180892,71.9,33.3,52.6,81.2,29.2,50.6,40.1,35.7,29.9,25.5,8.9,7.3,75.1,12.3,22.3,52.1,12.2,61.9,13.0,28.4,4.52,23.0,31.0,55.0,314.0,77.9,60.5,shea langeliers,ATH,Shea Langeliers,ATH,"C,DH",67.8,48.0,49.0,70.0,507.0,28.6,4.828571428571428,1.0926724137931034,127,C,C,False,48.0,597.1666666666666,4.318350772404012,-90.16666666666663,0.5102206561674159,-79.0,False,False,120,True,63.794523370233165,25.084803603281504,1.0968226827375285,22.69785034374781,63.9504046397221,60.42765119147957,526.0980558312017,1.13383201687759,-19.09805583120169,-0.04115960308448652,415.0,92.0,"{'C': 415, 'SS': 586, '2B': 586, '3B': 569, '1B': 598, 'OF': 519, 'UT': 473}",1.0926724137931034,0.5301724137931034,-1.795797530018835,84.90566037735849,62.264150943396224,53.9622641509434,22.641509433962263,30.94339622641509,3.8793103448275863,29.74137931034483,46.55172413793104,0.007000000000000006,1.1892925430210326,4,2164,-0.09662012922792917,1.1892925430210326,3,True,-0.09662012922792917,4.0,2.0999999999999996,1.2999999999999972,48.0,1.0,72.0,0.0,,62.4,2026-03-27,2026-09-12,94.0,149.0,104.0,45.0,600.0,0.904,0.0,0.0,0.15,,established,36.3,2.4,1.269,"avg EV 91.3 (89th pct) · deserved 1.13/PA on contact quality, got 1.09 · 464 PA, already has the job · barrel rate up 2.1 pts on last year · bat speed up 1.3 mph",xwOBA 0.353 (92nd) · barrels 13.4% (92nd) · EV 91.3 (89th) · hard-hit 43% (74th) · K 24% (46th) · BB 8% (39th) · chase 33% (32nd) · bat speed 75.1 mph (89th) · sprint 28.4 (76th),"{""n"":20,""b"":0,""c"":[[""Bryan Reynolds"",2023,28,1.06,1.05,727,0],[""Brandon Lowe"",2024,30,1.04,1.04,575,0],[""Luis Robert Jr."",2025,28,1.1,0.92,212,0],[""Trent Grisham"",2025,29,1.05,0.98,472,0],[""Randy Arozarena"",2023,28,1.12,0.98,633,0]]}",1.0557133140599024,-0.019875156067583864,1.0557133140599024,503.0,0.95,531.0,633.0,66,28,CS,517.0,496.0,14.0,35.0,marginal,6.0
681082,Bryson Stott,2026,1997-10-06,2B,L,Philadelphia Phillies,154,604,533,134,34,6,10,70,66,61,3,26,0,100,3,84,4,0,0,0,0,115,43,0,0,0,28.0,604.0,16.6,10.1,0.251,0.394,0.33,0.143,0.291,0.266,0.4,0.321,0.329,0.343,0.134,0.339,0.35,-0.015,-0.006,-0.008,89.3,14.2,35.0,5.9,37.3,98.654084725,93.504662897,54.7,30.1,69.4,88.4,18.8,41.8,36.1,42.0,27.0,24.8,6.1,7.2,69.9,10.7,31.2,7.1,9.8,55.6,2.0,28.3,4.26,20.0,40.0,74.0,440.0,62.1,59.4,bryson stott,PHI,Bryson Stott,PHI,"2B,3B,SS",184.6,110.0,176.0,151.0,618.0,28.7,4.012987012987013,1.0231788079470199,65,2B/3B,2B/3B,False,110.0,556.8852459016393,4.003049236131642,61.11475409836066,0.009937776855371006,45.0,False,False,41,False,98.89563729905927,26.734081276716903,3.756925549388439,12.391355874835407,76.78564212327665,62.65695291464253,632.4205950379192,1.047053965294568,-14.420595037919156,-0.023875157347548193,473.0,145.0,"{'C': 415, 'SS': 586, '2B': 586, '3B': 569, '1B': 598, 'OF': 519, 'UT': 473}",1.0231788079470199,0.5513245033112583,-0.21155907515053904,65.28301886792453,69.81132075471697,67.9245283018868,-4.528301886792448,-2.64150943396227,25.82781456953642,9.933774834437086,60.59602649006623,0.008000000000000007,1.0671875,5,2841,-0.04400869205298008,1.0671875,4,True,-0.04400869205298008,0.3000000000000007,0.8000000000000007,0.6000000000000085,0.0,0.0,0.0,0.0,,0.0,2026-03-26,2026-09-12,142.0,150.0,150.0,0.0,549.0,0.947,0.0,0.0,0.15,,established,29.9,2.2,1.147,"604 PA, already has the job · sprint 28.3 ft/s (74th pct) · deserved 1.05/PA on contact quality, got 1.02",xwOBA 0.329 (74th) · barrels 5.9% (35th) · EV 89.3 (61st) · hard-hit 37% (43rd) · K 17% (83rd) · BB 10% (67th) · chase 30% (52nd) · bat speed 69.9 mph (23rd) · sprint 28.3 (72nd),"{""n"":20,""b"":1,""c"":[[""Alec Bohm"",2024,28,1.0,0.93,470,0],[""Alex Bregman"",2024,30,0.97,1.01,498,0],[""Tommy Edman"",2023,28,1.04,1.04,159,0],[""Alec Bohm"",2025,29,0.93,0.88,551,0],[""Alex Verdugo"",2023,27,0.99,0.86,533,0]]}",1.021548567976117,-0.019875156067583864,1.021548567976117,513.0,1.0,524.0,613.0,69,69,CS,517.0,496.0,7.0,28.0,marginal,7.0
682998,Corbin Carroll,2026,2000-08-21,OF,L,Arizona Diamondbacks,155,668,579,138,32,17,22,90,77,73,8,21,3,151,8,67,4,0,4,0,0,0,0,0,151,4,25.0,668.0,22.6,10.9,0.238,0.466,0.328,0.228,0.28,0.25,0.447,0.341,0.342,0.336,0.197,0.395,0.397,-0.012,0.019,-0.001,91.8,15.5,30.0,12.3,47.9,101.921570694,95.479155522,64.2,29.7,61.5,78.9,27.3,45.5,42.7,40.8,29.4,20.9,8.9,7.5,75.5,13.7,24.7,57.7,10.6,65.2,13.0,29.7,4.12,38.0,46.0,54.0,436.0,76.7,57.1,corbin carroll,ARI,Corbin Carroll,ARI,"CF,RF",13.8,11.0,11.0,16.0,723.0,25.9,4.664516129032258,1.0823353293413174,23,OF,OF,False,11.0,651.0652173913044,4.73384091364456,71.93478260869563,-0.06932478461230218,-12.0,False,False,1,False,83.25841883103021,29.974959197264454,10.461825112380415,21.05479685932491,95.18202953703891,77.78180101133509,724.526830548374,1.0846210038149313,-1.5268305483740505,-0.002285674473613941,473.0,250.0,"{'C': 415, 'SS': 586, '2B': 586, '3B': 569, '1B': 598, 'OF': 519, 'UT': 473}",1.0823353293413174,0.5688622754491018,1.9457896839117974,82.64150943396227,77.35849056603774,86.0377358490566,5.283018867924525,-3.3962264150943327,18.862275449101794,19.76047904191617,65.5688622754491,0.0010000000000000009,1.3643410852713178,4,2754,-0.28200575593000043,1.3643410852713178,3,True,-0.28200575593000043,-1.1999999999999993,-2.1999999999999993,0.9000000000000057,0.0,0.0,11.0,0.0,,6.6,2026-03-26,2026-09-12,143.0,150.0,150.0,0.0,612.0,0.953,0.0,0.0,0.15,,established,36.1,3.3,1.444,"668 PA, already has the job · avg EV 91.8 (91st pct) · sprint 29.7 ft/s (96th pct) · bat speed up 0.9 mph",xwOBA 0.342 (85th) · barrels 12.3% (85th) · EV 91.8 (91st) · hard-hit 48% (89th) · K 23% (50th) · BB 11% (78th) · chase 30% (55th) · bat speed 75.5 mph (92nd) · sprint 29.7 (96th),"{""n"":20,""b"":0,""c"":[[""Fernando Tatis Jr."",2025,26,1.16,1.19,838,0],[""Michael Harris II"",2025,24,0.97,1.12,695,0],[""Vladimir Guerrero Jr."",2025,26,1.06,0.88,537,0],[""Bobby Witt Jr."",2025,25,1.23,1.19,746,0],[""Jarren Duran"",2025,29,1.09,0.94,571,0]]}",1.1568682695546784,-0.020377176503197886,1.1568682695546784,651.0,0.995,753.0,694.0,5,4,Dan,517.0,496.0,236.0,257.0,lock,1.0
672640,Otto Lopez,2026,1998-10-01,SS,R,Miami Marlins,157,687,627,191,32,9,11,94,71,40,9,34,5,89,11,139,21,0,0,0,0,0,0,156,0,1,27.0,687.0,13.0,5.8,0.305,0.437,0.349,0.132,0.335,0.281,0.417,0.342,0.327,0.329,0.136,0.366,0.347,0.024,0.02,0.015,89.1,8.4,30.4,6.0,40.8,100.262247259,94.353564593,62.2,31.2,62.2,90.1,19.5,46.3,34.1,51.4,22.6,21.9,4.2,6.8,71.9,14.9,31.1,23.5,5.0,45.3,17.0,28.5,4.22,24.0,90.0,77.0,549.0,72.4,60.7,otto lopez,MIA,Otto Lopez,MIA,"2B,SS",270.2,165.0,213.0,300.0,760.0,27.7,4.840764331210191,1.1062590975254731,11,2B/SS,SS,False,165.0,422.61764705882354,3.476923076923077,337.38235294117646,1.363841254287114,154.0,True,True,1,False,126.18620667418708,29.40728879715148,5.915802383135822,14.677702145525625,87.68138066175422,72.214904381236,727.5422850429903,1.0590135153464197,32.45771495700967,0.04724558217905339,473.0,287.0,"{'C': 415, 'SS': 586, '2B': 586, '3B': 569, '1B': 598, 'OF': 519, 'UT': 473}",1.1062590975254731,0.6171761280931587,4.982415374487797,87.54716981132076,90.56603773584906,95.09433962264151,-3.0188679245283083,-7.547169811320757,29.694323144104803,9.606986899563319,34.93449781659388,-0.015000000000000013,1.1062590975254731,3,1726,0.0,0.9838709677419355,2,False,0.12238812978353764,-0.8000000000000007,-1.0999999999999996,0.20000000000000284,0.0,0.0,29.0,0.0,,12.9,2026-03-27,2026-09-12,145.0,149.0,149.0,0.0,631.0,0.973,0.0,0.0,0.15,,established,32.4,8.4,1.186,"687 PA, already has the job · 1.11/PA is his best rate yet, so the bar is one step up · sprint 28.5 ft/s (79th pct)",xwOBA 0.327 (71st) · barrels 6.0% (36th) · EV 89.1 (57th) · hard-hit 41% (60th) · K 13% (95th) · BB 6% (19th) · chase 31% (45th) · bat speed 71.9 mph (48th) · sprint 28.5 (78th),"{""n"":20,""b"":1,""c"":[[""Francisco Lindor"",2022,29,1.08,1.17,802,1],[""Tommy Edman"",2022,27,1.07,1.04,547,0],[""Alec Bohm"",2023,27,1.01,1.0,608,0],[""Tommy Edman"",2023,28,1.04,1.04,159,0],[""Nico Hoerner"",2023,26,1.11,1.01,650,0]]}",1.0397552461921207,-0.026330886137737278,1.0397552461921207,656.0,0.99,682.0,624.0,17,36,Dan,517.0,496.0,165.0,186.0,lock,2.0
646240,Rafael Devers,2026,1996-10-24,1B,L,San Francisco Giants,148,633,558,144,36,1,37,88,98,69,2,0,0,161,4,70,8,0,0,0,100,0,0,0,0,48,29.0,633.0,25.4,10.9,0.258,0.525,0.34,0.267,0.294,0.238,0.473,0.367,0.342,0.316,0.235,0.462,0.422,0.02,0.052,0.025,93.0,15.0,30.7,12.5,51.6,103.03671575,96.43028802,66.4,30.0,63.2,74.9,29.0,47.3,34.2,40.6,35.2,18.2,6.0,7.5,71.9,13.8,25.6,21.2,9.8,58.4,24.0,26.1,4.6,58.0,39.0,47.0,401.0,68.8,58.7,rafael devers,SF,Rafael Devers,SF,"1B,DH",42.4,32.0,56.0,37.0,686.0,29.7,4.635135135135135,1.0837282780410742,35,1B,1B,False,32.0,646.0,4.485508577873414,40.0,0.1496265572617208,-3.0,False,False,1,False,65.73825408903465,34.18503019476007,1.6971773433759438,31.183538372829346,77.18030288918237,86.75547868928385,623.6737815784662,0.9852666375647176,62.32621842153378,0.09846164047635664,473.0,213.0,"{'C': 415, 'SS': 586, '2B': 586, '3B': 569, '1B': 598, 'OF': 519, 'UT': 473}",1.0837282780410742,0.6113744075829384,3.591492182616186,83.39622641509435,89.05660377358491,90.56603773584906,-5.660377358490564,-7.169811320754718,0.0,35.07109004739337,65.40284360189574,-0.024999999999999967,1.1430722891566265,6,3897,-0.05934401111555232,1.1430722891566265,5,True,-0.05934401111555232,-0.9000000000000021,-3.5,0.30000000000001137,164.0,1.0,172.0,1.0,Core muscle injury,166.4,2026-03-25,2026-09-12,148.0,152.0,152.0,0.0,621.0,0.974,0.0,0.0,0.15,,established,34.3,0.4,1.223,"633 PA, already has the job · avg EV 93.0 (97th pct) · already 30, an age that jumps 3% of the time",xwOBA 0.342 (85th) · barrels 12.5% (87th) · EV 93.0 (97th) · hard-hit 52% (96th) · K 25% (32nd) · BB 11% (78th) · chase 30% (53rd) · bat speed 71.9 mph (48th) · sprint 26.1 (17th),"{""n"":20,""b"":0,""c"":[[""Randy Arozarena"",2025,30,1.08,1.2,801,0],[""Brandon Nimmo"",2025,32,1.06,0.92,598,0],[""Kyle Schwarber"",2024,31,1.1,1.21,876,0],[""Francisco Lindor"",2025,32,1.14,0.91,421,0],[""Matt Olson"",2025,31,1.05,1.05,734,0]]}",0.9735451164412942,-0.035928731828200076,0.9735451164412942,575.0,0.867,560.0,584.0,53,142,Dan,517.0,496.0,43.0,64.0,clear keep,3.0
671277,Luis García Jr.,2026,2000-05-16,1B,L,multi,147,543,516,143,26,5,30,69,92,25,0,5,2,97,2,82,5,0,0,0,131,0,0,0,0,11,26.0,543.0,17.9,4.6,0.277,0.521,0.309,0.244,0.289,0.276,0.486,0.355,0.341,0.309,0.21,0.416,0.398,0.001,0.035,0.014,91.4,11.5,33.0,12.2,46.1,102.267913349,95.535729017,70.2,38.4,66.7,87.6,20.8,52.6,41.8,43.7,23.5,25.4,7.4,7.4,74.3,15.4,26.7,45.3,10.5,63.7,20.0,26.4,4.39,32.0,38.0,73.0,421.0,78.6,63.4,luis garcia,multi,Luis Garcia,NYY,"1B,2B,DH",257.2,157.0,230.0,306.0,608.0,26.1,4.136054421768708,1.1197053406998159,73,1B/2B,1B,False,157.0,422.61764705882354,3.705765225084571,185.38235294117646,0.4302891966841367,84.0,True,True,42,False,87.66627506033186,26.07851521798236,3.732144383039815,24.939065338646003,65.85644004644223,71.7756189254042,565.8240589718465,1.0420332577750395,42.17594102815349,0.07767208292477634,473.0,135.0,"{'C': 415, 'SS': 586, '2B': 586, '3B': 569, '1B': 598, 'OF': 519, 'UT': 473}",1.1197053406998159,0.6685082872928176,2.501914425765355,90.56603773584906,96.98113207547169,87.54716981132076,-6.415094339622627,3.0188679245283083,5.524861878453039,33.14917127071823,27.624309392265193,-0.013999999999999957,1.1197053406998159,6,2703,0.0,1.0871212121212122,5,True,0.03258412857860371,1.8999999999999986,3.1999999999999993,1.8999999999999915,0.0,0.0,0.0,0.0,,0.0,2026-03-26,2026-09-11,137.0,148.0,148.0,0.0,506.0,0.926,0.0,0.0,0.15,,established,35.7,2.0,1.2,"543 PA, already has the job · avg EV 91.4 (90th pct) · 1.12/PA is his best rate yet, so the bar is one step up · barrel rate up 3.2 pts on last year · bat speed up 1.9 mph",xwOBA 0.341 (84th) · barrels 12.2% (84th) · EV 91.4 (89th) · hard-hit 46% (84th) · K 18% (78th) · BB 5% (9th) · chase 38% (11th) · bat speed 74.3 mph (82nd) · sprint 26.4 (22nd),"{""n"":20,""b"":1,""c"":[[""William Contreras"",2024,26,1.14,1.03,681,0],[""Vinnie Pasquantino"",2025,28,1.02,0.95,453,0],[""Maikel Garcia"",2025,25,1.08,0.93,315,0],[""Alec Burleson"",2025,27,1.01,1.08,725,0],[""Tyler Stephenson"",2024,28,1.06,1.01,344,0]]}",1.0281026005087832,-0.020377176503197886,1.0281026005087832,516.0,1.0,531.0,617.0,66,52,Dan,517.0,496.0,14.0,35.0,marginal,4.0
663538,Nico Hoerner,2026,1997-05-13,2B,R,Chicago Cubs,158,687,626,165,29,1,8,62,72,43,10,23,5,58,8,127,8,0,0,0,0,119,0,44,0,0,29.0,687.0,8.4,6.3,0.264,0.351,0.317,0.087,0.276,0.298,0.376,0.298,0.323,0.351,0.078,0.291,0.32,-0.034,-0.025,-0.025,86.0,12.0,36.8,1.4,29.2,96.146831608,92.100652715,61.7,33.6,75.4,95.2,11.8,47.6,31.6,43.4,20.8,28.3,7.5,7.3,68.3,6.7,35.5,1.5,5.5,45.4,-8.0,28.3,4.36,17.0,55.0,92.0,576.0,67.9,62.9,nico hoerner,CHC,Nico Hoerner,CHC,"2B,SS",90.0,62.0,96.0,86.0,633.0,29.1,4.006329113924051,0.9213973799126638,55,2B/SS,2B/SS,False,62.0,556.8852459016393,4.064516129032258,76.11475409836066,-0.05818701510820734,7.0,False,False,40,False,157.00072790525215,19.360491257606398,1.0928337690307857,9.093947068110678,83.21784468620177,62.365952553812605,681.5077972400144,0.9920055272780414,-48.50779724001438,-0.07060814736537757,473.0,160.0,"{'C': 415, 'SS': 586, '2B': 586, '3B': 569, '1B': 598, 'OF': 519, 'UT': 473}",0.9213973799126638,0.5269286754002911,-0.32439038482405985,27.92452830188679,61.50943396226415,66.79245283018868,-33.58490566037736,-38.867924528301884,20.087336244541483,6.986899563318778,37.55458515283843,0.025000000000000022,1.1061046511627908,5,3352,-0.18470727125012698,1.1061046511627908,4,True,-0.18470727125012698,0.8000000000000007,-1.0,-0.10000000000000853,0.0,0.0,0.0,0.0,,0.0,2026-03-26,2026-09-12,146.0,152.0,152.0,0.0,624.0,0.961,0.0,0.0,0.15,,established,27.4,1.4,1.186,"687 PA, already has the job · deserved 0.99/PA on contact quality, got 0.92 · sprint 28.3 ft/s (74th pct)",xwOBA 0.323 (67th) · barrels 1.4% (3rd) · EV 86.0 (13th) · hard-hit 29% (13th) · K 8% (99th) · BB 6% (25th) · chase 34% (31st) · bat speed 68.3 mph (7th) · sprint 28.3 (72nd),"{""n"":20,""b"":0,""c"":[[""Luis Arraez"",2025,28,0.92,0.96,627,0],[""Steven Kwan"",2025,28,0.98,0.93,590,0],[""Ozzie Albies"",2025,28,0.92,0.89,604,0],[""Luis Arraez"",2024,27,0.94,0.92,619,0],[""J.P. Crawford"",2025,30,0.88,0.81,392,0]]}",0.9552998113554757,-0.019875156067583864,0.9552998113554757,541.0,1.0,517.0,573.0,72,187,Dan,517.0,496.0,0.0,21.0,let go,5.0
670623,Isaac Paredes,2026,1999-02-18,3B,R,Houston Astros,154,655,559,147,27,1,25,69,94,70,19,0,0,88,7,94,9,0,0,0,15,3,137,0,0,9,27.0,655.0,13.4,10.7,0.263,0.449,0.36,0.186,0.269,0.246,0.374,0.356,0.323,0.346,0.128,0.357,0.312,0.017,0.075,0.033,86.1,24.3,38.5,4.8,29.5,96.593307029,92.324088239,62.0,26.9,74.9,90.3,14.8,43.4,49.4,27.0,30.8,27.8,14.4,7.8,67.2,6.0,27.9,6.7,14.9,52.7,27.0,25.1,4.9,40.0,29.0,78.0,478.0,68.7,54.2,isaac paredes,HOU,Isaac Paredes,HOU,"1B,3B,DH",196.8,116.0,212.0,162.0,641.0,27.4,4.162337662337662,0.9786259541984733,51,1B/3B,3B,False,116.0,556.8852459016393,4.003049236131642,84.11475409836066,0.1592884262060199,65.0,True,False,38,False,100.10865338268347,19.751854215823737,1.1603314203021398,16.493160981190663,68.55859051218013,72.02477117986682,567.1633616920469,0.8658982621252624,73.83663830795308,0.11272769207321087,473.0,168.0,"{'C': 415, 'SS': 586, '2B': 586, '3B': 569, '1B': 598, 'OF': 519, 'UT': 473}",0.9786259541984733,0.6045801526717557,1.0304714438907512,52.45283018867924,86.79245283018868,80.37735849056604,-34.339622641509436,-27.924528301886795,0.0,22.900763358778626,64.12213740458016,-0.032999999999999974,1.0542907180385288,5,2771,-0.0756647638400555,1.0542907180385288,4,True,-0.0756647638400555,-3.9999999999999982,-1.5,-1.7999999999999972,0.0,0.0,61.0,0.0,,36.6,2026-03-26,2026-09-12,142.0,150.0,150.0,0.0,599.0,0.947,0.0,0.0,0.15,,established,27.5,0.6,1.134,"655 PA, already has the job · 27 years old, an age that jumps 3% of the time · avg EV 86.1 (15th pct)",xwOBA 0.323 (67th) · barrels 4.8% (26th) · EV 86.1 (14th) · hard-hit 30% (15th) · K 13% (94th) · BB 11% (77th) · chase 27% (71st) · bat speed 67.2 mph (4th) · sprint 25.1 (5th),"{""n"":20,""b"":0,""c"":[[""Steven Kwan"",2025,28,0.98,0.93,590,0],[""Adley Rutschman"",2024,26,0.96,0.87,318,0],[""Nathaniel Lowe"",2024,29,0.94,0.88,537,0],[""Nico Hoerner"",2024,27,1.01,1.07,693,0],[""Gleyber Torres"",2024,28,0.87,0.94,591,0]]}",0.9122921005359125,-0.01697502965936144,0.9122921005359125,550.0,0.971,502.0,547.0,83,308,Dan,517.0,496.0,-15.0,6.0,let go,6.0
607043,Brandon Nimmo,2026,1993-03-27,OF,L,Texas Rangers,154,651,589,153,36,4,14,64,62,51,7,7,1,149,4,99,5,0,3,0,0,0,0,0,146,9,33.0,651.0,22.9,7.8,0.26,0.406,0.324,0.146,0.323,0.268,0.444,0.321,0.34,0.333,0.175,0.38,0.408,-0.008,-0.038,-0.019,92.0,10.3,34.5,9.0,50.5,101.770894414,95.658785079,72.5,29.0,58.6,82.8,23.9,51.3,32.9,41.9,26.4,28.2,3.6,7.0,72.4,12.6,24.9,28.4,7.3,52.3,-2.0,28.0,4.23,25.0,45.0,83.0,444.0,81.5,62.0,brandon nimmo,TEX,Brandon Nimmo,TEX,"LF,CF,RF,DH",129.6,83.0,136.0,97.0,598.0,33.3,3.883116883116883,0.9185867895545314,81,OF,OF,False,83.0,556.8852459016393,4.003049236131642,41.11475409836066,-0.11993235301475913,2.0,False,False,47,False,97.25680449361136,37.4585012968507,3.7935839254646013,19.34311028407336,83.67041335099958,75.88595066791255,658.3353640189122,1.0112678402748267,-60.33536401891217,-0.09268105072029531,473.0,125.0,"{'C': 415, 'SS': 586, '2B': 586, '3B': 569, '1B': 598, 'OF': 519, 'UT': 473}",0.9185867895545314,0.42089093701996927,-1.8127760325180964,26.79245283018868,20.37735849056604,53.20754716981132,6.415094339622641,-26.41509433962264,6.451612903225807,12.903225806451614,47.004608294930875,0.019000000000000017,1.0552147239263803,6,3707,-0.13662793437184884,1.0552147239263803,5,True,-0.13662793437184884,1.2999999999999972,0.1999999999999993,0.20000000000000284,0.0,0.0,0.0,0.0,,0.0,2026-03-26,2026-09-12,143.0,149.0,149.0,0.0,606.0,0.96,0.0,0.0,0.15,,established,34.2,1.1,1.135,"651 PA, already has the job · deserved 1.01/PA on contact quality, got 0.92 · avg EV 92.0 (93rd pct)",xwOBA 0.340 (83rd) · barrels 9.0% (65th) · EV 92.0 (92nd) · hard-hit 50% (94th) · K 23% (49th) · BB 8% (39th) · chase 29% (59th) · bat speed 72.4 mph (56th) · sprint 28.0 (63rd),"{""n"":20,""b"":0,""c"":[[""Dansby Swanson"",2025,31,1.01,1.05,507,0],[""Adolis Garc\u00eda"",2025,32,0.97,0.78,201,0],[""Ian Happ"",2025,31,0.99,0.98,618,0],[""Bryan Reynolds"",2025,30,0.92,1.02,713,0],[""Christian Walker"",2025,34,0.93,0.92,578,0]]}",0.9746576870254663,-0.04373459214881747,0.9746576870254663,454.0,0.95,442.0,585.0,116,137,Dan,517.0,496.0,-75.0,-54.0,let go,7.0
807712,Luke Keaschall,2026,2002-08-15,2B,R,Minnesota Twins,151,615,526,149,28,4,10,83,52,57,22,20,7,87,8,107,8,0,1,0,0,76,0,0,80,0,23.0,615.0,14.1,9.3,0.283,0.409,0.372,0.126,0.318,0.251,0.369,0.347,0.32,0.344,0.118,0.352,0.315,0.032,0.04,0.027,85.4,17.9,35.2,3.8,29.2,96.610734706,92.309919864,63.5,22.9,64.6,89.9,17.0,42.8,39.0,37.0,29.6,24.5,8.9,6.7,69.1,6.9,28.0,9.5,10.4,49.8,18.0,28.8,4.25,20.0,53.0,73.0,449.0,72.6,58.6,luke keaschall,MIN,Luke Keaschall,MIN,"2B,CF,RF",112.6,74.0,118.0,101.0,632.0,23.9,4.185430463576159,1.0276422764227642,56,2B/OF,2B/OF,False,74.0,556.8852459016393,4.003049236131642,75.11475409836066,0.1823812274445169,18.0,False,False,40,False,95.64537738302302,22.231467706562988,2.610932437805006,11.538222472609002,77.93574183049493,59.85983285241518,596.9155746829101,0.9705944303787156,35.08442531708988,0.057047846044048556,473.0,159.0,"{'C': 415, 'SS': 586, '2B': 586, '3B': 569, '1B': 598, 'OF': 519, 'UT': 473}",1.0276422764227642,0.5528455284552846,0.518506710771654,66.41509433962264,70.56603773584905,75.09433962264151,-4.15094339622641,-8.679245283018872,19.512195121951223,9.756097560975611,55.609756097560975,-0.02699999999999997,1.2028985507246377,2,822,-0.17525627430187352,1.2028985507246377,1,False,-0.17525627430187352,0.09999999999999964,-1.4000000000000004,2.0,0.0,0.0,104.0,0.0,,62.4,2026-03-26,2026-09-12,139.0,148.0,148.0,0.0,565.0,0.939,0.0,0.0,0.15,,young / establishing,27.9,11.7,1.283,"615 PA, already has the job · 24 years old, an age that jumps 8% of the time · sprint 28.8 ft/s (85th pct) · bat speed up 2.0 mph",xwOBA 0.320 (65th) · barrels 3.8% (17th) · EV 85.4 (7th) · hard-hit 29% (13th) · K 14% (91st) · BB 9% (58th) · chase 23% (90th) · bat speed 69.1 mph (15th) · sprint 28.8 (84th),"{""n"":20,""b"":1,""c"":[[""Xavier Edwards"",2025,26,0.97,0.96,574,0],[""Andr\u00e9s Gim\u00e9nez"",2023,25,1.03,0.94,594,0],[""Sal Frelick"",2025,25,1.07,0.84,319,0],[""CJ Abrams"",2024,24,1.07,1.06,674,0],[""Steven Kwan"",2022,25,1.05,0.98,706,0]]}",1.0313445073933538,-0.012246653109530594,1.0313445073933538,581.0,0.95,599.0,619.0,41,48,Dpf,517.0,496.0,82.0,103.0,clear keep,1.0
691016,Tyler Soderstrom,2026,2001-11-24,OF,L,Athletics,109,453,396,97,27,3,19,58,56,53,3,2,1,91,1,48,1,0,6,0,0,0,0,0,101,7,24.0,453.0,20.1,11.7,0.245,0.472,0.338,0.227,0.272,0.246,0.411,0.35,0.327,0.331,0.165,0.394,0.363,-0.001,0.061,0.023,90.7,11.1,31.0,9.5,45.4,101.631681895,95.094575115,68.2,25.9,52.1,87.7,22.9,45.9,38.9,46.4,27.1,19.3,7.2,7.5,74.4,13.9,24.0,45.1,10.2,53.5,11.0,27.1,4.42,31.0,26.0,39.0,306.0,81.9,57.8,tyler soderstrom,ATH,Tyler Soderstrom,ATH,"1B,LF,DH",81.8,54.0,82.0,79.0,471.0,24.6,4.321100917431193,1.0397350993377483,147,1B/OF,OF,False,54.0,563.0,4.292903702788284,-92.0,0.028197214642908364,-93.0,False,False,121,True,61.93502808825566,19.577743652769275,1.9474284296944482,13.955799829280611,54.417927372667904,52.14811050170583,439.73803787437373,0.9707241454180435,31.26196212562627,0.0690109539197048,473.0,-2.0,"{'C': 415, 'SS': 586, '2B': 586, '3B': 569, '1B': 598, 'OF': 519, 'UT': 473}",1.0397350993377483,0.5849889624724062,-2.9496084501268665,70.94339622641509,82.26415094339623,42.64150943396226,-11.320754716981142,28.301886792452827,2.6490066225165565,25.165562913907284,70.19867549668874,-0.022999999999999965,1.107371794871795,3,1428,-0.06763669553404661,1.107371794871795,2,True,-0.06763669553404661,-2.5,-1.9000000000000004,0.5,51.0,2.0,131.0,0.0,,75.0,2026-03-27,2026-08-14,109.0,129.0,115.0,14.0,587.0,0.948,0.0,0.0,0.15,,established,34.9,3.1,1.187,"25 years old, an age that jumps 5% of the time · avg EV 90.7 (85th pct) · 453 PA, already has the job",xwOBA 0.327 (71st) · barrels 9.5% (68th) · EV 90.7 (84th) · hard-hit 45% (83rd) · K 20% (65th) · BB 12% (85th) · chase 26% (78th) · bat speed 74.4 mph (84th) · sprint 27.1 (39th),"{""n"":20,""b"":1,""c"":[[""William Contreras"",2023,26,1.1,1.14,777,0],[""Gabriel Moreno"",2025,25,1.09,1.17,641,0],[""Gabriel Moreno"",2024,24,1.03,1.09,338,0],[""CJ Abrams"",2024,24,1.07,1.06,674,0],[""Bo Bichette"",2022,24,1.06,1.04,624,0]]}",0.9843908713912202,-0.01249045949552797,0.9843908713912202,517.0,0.94,509.0,591.0,77,118,Dpf,517.0,496.0,-8.0,13.0,let go,2.0
596019,Francisco Lindor,2026,1993-11-14,SS,S,New York Mets,104,464,414,92,12,4,20,61,48,45,5,3,2,95,0,56,11,0,0,0,0,0,0,102,0,2,32.0,464.0,20.5,9.7,0.222,0.415,0.306,0.193,0.241,0.237,0.427,0.318,0.327,0.319,0.19,0.352,0.366,-0.015,-0.012,-0.009,91.5,18.9,28.8,8.8,49.2,100.577223522,95.039232271,66.4,29.7,57.6,84.4,25.1,46.2,45.5,35.1,33.9,22.9,8.2,7.7,72.9,11.0,26.3,28.7,14.3,55.7,2.0,27.1,4.45,27.0,19.0,46.0,319.0,76.9,56.0,francisco lindor,NYM,Francisco Lindor,NYM,SS,25.0,21.0,22.0,32.0,421.0,32.6,4.048076923076923,0.9073275862068966,179,SS,SS,False,21.0,651.0652173913044,4.578038442168877,-230.06521739130437,-0.5299615190919535,-158.0,False,False,167,True,59.27304836908237,17.43348798070821,3.0078789313364642,18.403584718872953,56.568653838068286,56.58892559253718,436.0535794306054,0.9397706453245805,-15.053579430605396,-0.03244305911768397,473.0,-52.0,"{'C': 415, 'SS': 586, '2B': 586, '3B': 569, '1B': 598, 'OF': 519, 'UT': 473}",0.9073275862068966,0.5043103448275862,-3.7493329310056955,23.0188679245283,51.320754716981135,34.71698113207547,-28.301886792452834,-11.698113207547166,3.8793103448275863,25.862068965517242,58.189655172413794,0.009000000000000008,1.1886792452830188,6,3802,-0.28135165907612225,1.1886792452830188,5,True,-0.28135165907612225,2.6000000000000014,-0.09999999999999964,2.0,62.0,1.0,62.0,0.0,Left calf strain,62.0,2026-03-26,2026-09-12,91.0,152.0,93.0,59.0,644.0,0.978,0.0,0.0,0.15,,established,33.5,0.5,1.269,"avg EV 91.5 (90th pct) · 464 PA, already has the job · deserved 0.94/PA on contact quality, got 0.91 · bat speed up 2.0 mph",xwOBA 0.327 (71st) · barrels 8.8% (63rd) · EV 91.5 (90th) · hard-hit 49% (92nd) · K 20% (62nd) · BB 10% (63rd) · chase 30% (55th) · bat speed 72.9 mph (65th) · sprint 27.1 (39th),"{""n"":20,""b"":0,""c"":[[""Adolis Garc\u00eda"",2025,32,0.97,0.78,201,0],[""Bryan Reynolds"",2025,30,0.92,1.02,713,0],[""Marcus Semien"",2025,35,0.92,0.82,446,0],[""Xander Bogaerts"",2025,33,0.98,0.92,560,0],[""Teoscar Hern\u00e1ndez"",2025,33,1.04,1.03,504,0]]}",0.9831540395208459,-0.04373459214881747,0.9831540395208459,482.0,0.95,474.0,590.0,92,121,Dpf,517.0,496.0,-43.0,-22.0,let go,3.0
672960,Kazuma Okamoto,2026,1996-06-30,3B,R,Toronto Blue Jays,155,633,566,132,26,0,33,81,92,58,6,1,1,181,3,73,21,0,0,0,14,0,142,0,0,3,30.0,633.0,28.6,9.2,0.233,0.454,0.31,0.221,0.279,0.225,0.447,0.332,0.328,0.305,0.222,0.427,0.42,0.008,0.007,0.004,90.6,19.4,35.1,13.1,44.1,101.291152371,94.970378557,67.8,27.4,42.1,77.9,32.8,47.1,50.8,35.8,33.8,20.6,9.8,7.9,73.1,10.6,22.5,33.5,15.6,57.9,12.0,26.4,4.49,42.0,35.0,55.0,388.0,75.6,61.3,kazuma okamoto,TOR,Kazuma Okamoto,TOR,"1B,3B",167.4,97.0,228.0,177.0,608.0,30.0,3.92258064516129,0.9605055292259084,73,1B/3B,3B,False,97.0,556.8852459016393,4.003049236131642,51.11475409836066,-0.08046859097035197,24.0,False,False,42,False,64.80764869716369,30.392141559843683,1.1907707888216257,30.95943895417102,75.80000431793877,83.79883657972466,585.9508408976634,0.9256727344354873,22.049159102336603,0.03483279479042112,473.0,135.0,"{'C': 415, 'SS': 586, '2B': 586, '3B': 569, '1B': 598, 'OF': 519, 'UT': 473}",0.9605055292259084,0.48657187993680884,1.373656857046858,45.28301886792453,44.905660377358494,82.64150943396227,0.37735849056603854,-37.35849056603774,0.9478672985781991,31.279620853080566,54.976303317535546,-0.0040000000000000036,0.9605055292259084,1,633,0.0,,0,False,0.6105055292259084,,,,0.0,0.0,0.0,0.0,,0.0,2026-03-27,2026-09-12,143.0,151.0,151.0,0.0,576.0,0.947,0.0,0.0,0.15,,established,34.0,11.4,1.041,"633 PA in his first season, already has the job · avg EV 90.6 (83rd pct) · got 0.96/PA but deserved 0.93",xwOBA 0.328 (73rd) · barrels 13.1% (91st) · EV 90.6 (81st) · hard-hit 44% (78th) · K 29% (18th) · BB 9% (56th) · chase 27% (69th) · bat speed 73.1 mph (67th) · sprint 26.4 (22nd),"{""n"":20,""b"":3,""c"":[[""Eugenio Su\u00e1rez"",2022,31,0.97,0.89,620,0],[""Eugenio Su\u00e1rez"",2021,30,0.89,0.97,611,0],[""Mike Yastrzemski"",2021,31,1.02,0.93,520,0],[""Trey Mancini"",2021,29,0.95,0.87,512,0],[""Joc Pederson"",2021,29,0.95,1.13,489,0]]}",0.9444130020831858,-0.035928731828200076,0.9444130020831858,491.0,1.0,464.0,567.0,99,220,Dpf,517.0,496.0,-53.0,-32.0,let go,4.0
645277,Ozzie Albies,2026,1997-01-07,2B,S,Atlanta Braves,161,681,613,146,27,1,22,85,73,46,8,4,4,104,14,96,7,0,0,0,0,157,0,0,0,4,29.0,681.0,15.3,6.8,0.238,0.393,0.294,0.155,0.248,0.222,0.338,0.299,0.274,0.28,0.116,0.318,0.285,0.016,0.055,0.025,87.1,17.9,32.3,3.9,27.7,96.564201731,92.322736012,78.7,38.1,66.6,86.4,21.1,56.1,45.9,35.4,32.9,23.3,8.4,7.2,68.8,6.1,26.2,5.1,12.4,57.3,-12.0,27.1,4.28,32.0,39.0,75.0,523.0,87.3,60.9,ozzie albies,ATL,Ozzie Albies,ATL,2B,128.0,82.0,149.0,125.0,604.0,29.5,3.751552795031056,0.8869309838472834,78,2B,2B,False,82.0,556.8852459016393,4.003049236131642,47.11475409836066,-0.2514964411005862,4.0,False,False,42,False,98.19496305992509,20.675266566294017,1.2145776876367447,16.001192686144165,71.16662123159972,69.42197393525365,542.8685951668534,0.7971638695548509,61.131404833146576,0.08976711429243256,473.0,131.0,"{'C': 415, 'SS': 586, '2B': 586, '3B': 569, '1B': 598, 'OF': 519, 'UT': 473}",0.8869309838472834,0.5066079295154186,-0.2711204374120981,15.849056603773585,52.45283018867924,67.54716981132076,-36.60377358490566,-51.69811320754717,3.5242290748898677,19.383259911894275,40.52863436123348,-0.024999999999999967,1.156060606060606,6,3398,-0.2691296222133226,1.156060606060606,5,True,-0.2691296222133226,1.200000000000001,-1.0000000000000004,-0.20000000000000284,0.0,0.0,75.0,0.0,,24.0,2026-03-27,2026-09-12,149.0,153.0,153.0,0.0,615.0,0.974,0.0,0.0,0.15,,established,25.5,0.3,1.236,"681 PA, already has the job · sprint 27.1 ft/s (40th pct) · already 30, an age that jumps 3% of the time",xwOBA 0.274 (16th) · barrels 3.9% (18th) · EV 87.1 (25th) · hard-hit 28% (9th) · K 15% (87th) · BB 7% (29th) · chase 38% (12th) · bat speed 68.8 mph (12th) · sprint 27.1 (39th),"{""n"":20,""b"":0,""c"":[[""TJ Friedl"",2025,30,0.94,0.65,178,0],[""Nathaniel Lowe"",2025,30,0.88,0.94,401,0],[""Cody Bellinger"",2024,29,1.03,1.12,736,0],[""Cedric Mullins"",2025,31,1.01,0.92,460,0],[""Nolan Arenado"",2024,33,0.9,0.87,381,0]]}",0.8821617589484213,-0.019875156067583864,0.8821617589484213,495.0,0.981,437.0,529.0,118,373,Dpf,517.0,496.0,-80.0,-59.0,let go,5.0
605141,Mookie Betts,2026,1992-10-07,SS,R,Los Angeles Dodgers,122,526,476,123,25,0,23,71,69,47,2,2,3,56,1,75,9,0,0,0,0,0,0,121,0,0,33.0,526.0,10.6,8.9,0.258,0.456,0.327,0.198,0.251,0.279,0.437,0.34,0.341,0.342,0.157,0.346,0.347,-0.021,0.019,-0.001,90.2,17.9,40.4,7.8,38.0,98.722352796,93.725941924,61.5,20.2,65.1,94.9,12.3,41.2,40.1,32.8,32.8,27.8,6.7,7.0,69.7,13.0,41.8,8.9,8.3,57.0,13.0,26.7,4.58,28.0,27.0,68.0,421.0,73.9,61.3,mookie betts,LAD,Mookie Betts,LAD,SS,46.8,35.0,54.0,47.0,526.0,33.7,4.311475409836065,1.0,117,SS,SS,False,35.0,642.6,4.485508577873414,-116.60000000000002,-0.17403316803734903,-82.0,False,False,120,True,93.63488321987123,20.968186463713597,0.8389774129591405,17.36195290345604,63.00398810718533,61.06555641723132,510.4095445244167,0.9703603508068758,15.590455475583326,0.02963964919312423,473.0,53.0,"{'C': 415, 'SS': 586, '2B': 586, '3B': 569, '1B': 598, 'OF': 519, 'UT': 473}",1.0,0.6653992395437263,-0.5195391172991861,58.30188679245283,96.60377358490567,64.90566037735849,-38.30188679245284,-6.60377358490566,2.2813688212927756,26.23574144486692,53.61216730038023,0.0010000000000000009,1.3088023088023089,6,3587,-0.30880230880230886,1.3088023088023089,5,True,-0.30880230880230886,0.29999999999999893,2.3,0.7999999999999972,36.0,1.0,140.0,0.0,Right oblique strain,67.2,2026-03-26,2026-09-12,110.0,149.0,116.0,33.0,604.0,0.948,0.0,0.0,0.15,,established,30.2,0.6,1.389,"526 PA, already has the job · avg EV 90.2 (78th pct) · got 1.00/PA but deserved 0.97 · barrel rate up 2.3 pts on last year",xwOBA 0.341 (84th) · barrels 7.8% (56th) · EV 90.2 (76th) · hard-hit 38% (47th) · K 11% (97th) · BB 9% (53rd) · chase 20% (97th) · bat speed 69.7 mph (21st) · sprint 26.7 (28th),"{""n"":20,""b"":0,""c"":[[""Marcus Semien"",2025,35,0.92,0.82,446,0],[""Bryce Harper"",2025,33,1.09,1.07,734,0],[""Freddie Freeman"",2024,35,1.08,1.11,695,0],[""Freddie Freeman"",2025,36,1.11,1.0,651,0],[""Marcus Semien"",2024,34,0.93,0.92,489,0]]}",0.9218808547044619,-0.059832570521558714,0.9218808547044619,469.0,0.899,432.0,553.0,120,280,Dpf,517.0,496.0,-85.0,-64.0,let go,6.0
668904,Royce Lewis,2026,1999-06-05,1B,R,Minnesota Twins,124,505,459,103,24,1,14,50,56,38,3,15,0,129,5,64,11,0,0,0,81,16,40,0,0,0,27.0,505.0,25.5,7.5,0.224,0.373,0.285,0.149,0.277,0.236,0.39,0.289,0.303,0.296,0.154,0.351,0.372,-0.012,-0.017,-0.014,89.7,20.9,33.1,10.5,39.7,100.442555629,94.407402102,70.5,33.6,45.2,79.3,32.8,50.7,46.9,32.8,29.3,23.9,14.0,8.1,75.1,10.5,19.8,54.3,11.4,72.1,-14.0,27.7,4.36,25.0,26.0,51.0,335.0,81.5,63.1,royce lewis,MIN,Royce Lewis,MIN,"1B,2B,3B",222.4,132.0,188.0,195.0,455.0,27.1,3.6693548387096775,0.900990099009901,156,1B/2B/3B,1B/3B,False,132.0,422.61764705882354,3.705765225084571,32.382352941176464,-0.036410386374893466,-24.0,False,False,123,False,68.9704194640619,22.968818340056536,1.4371049277012158,14.947657268180345,59.500708727190904,55.92343958928829,477.7581483164792,0.9460557392405529,-22.758148316479208,-0.04506564023065185,473.0,-18.0,"{'C': 415, 'SS': 586, '2B': 586, '3B': 569, '1B': 598, 'OF': 519, 'UT': 473}",0.900990099009901,0.39801980198019804,-3.5508715019535275,20.37735849056604,14.716981132075471,36.9811320754717,5.6603773584905674,-16.60377358490566,17.82178217821782,16.633663366336634,45.148514851485146,0.014000000000000012,1.292887029288703,4,1513,-0.3918969302788019,1.292887029288703,3,False,-0.3918969302788019,5.600000000000001,1.8000000000000007,1.5,10.0,1.0,141.0,0.0,,61.900000000000006,2026-03-26,2026-09-12,113.0,148.0,139.0,9.0,493.0,0.813,0.0,0.0,0.15,,established,33.3,1.6,1.373,"505 PA, already has the job · deserved 0.95/PA on contact quality, got 0.90 · avg EV 89.7 (71st pct) · bat speed up 1.5 mph",xwOBA 0.303 (45th) · barrels 10.5% (76th) · EV 89.7 (68th) · hard-hit 40% (56th) · K 26% (32nd) · BB 8% (35th) · chase 34% (31st) · bat speed 75.1 mph (89th) · sprint 27.7 (55th),"{""n"":20,""b"":0,""c"":[[""Willi Castro"",2025,28,0.9,1.0,477,0],[""Tyler O'Neill"",2023,28,0.94,1.09,517,0],[""Luis Rengifo"",2025,28,0.82,0.84,296,0],[""Bo Naylor"",2025,25,0.95,0.64,63,0],[""Jonah Heim"",2024,29,0.84,0.82,357,0]]}",0.9757295480146123,-0.01697502965936144,0.9757295480146123,420.0,0.95,410.0,585.0,132,137,Dpf,517.0,496.0,-107.0,-86.0,let go,7.0
660670,Ronald Acuña Jr.,2026,1997-12-18,OF,R,Atlanta Braves,107,469,408,104,18,1,20,61,55,53,5,21,8,103,3,65,1,0,6,0,0,0,0,0,93,14,28.0,469.0,22.0,11.3,0.255,0.451,0.345,0.196,0.292,0.261,0.495,0.348,0.366,0.349,0.235,0.4,0.428,-0.006,-0.044,-0.018,89.6,15.7,34.7,13.0,43.5,102.06326039,95.280739838,75.6,28.6,57.0,77.7,29.0,49.4,37.0,41.2,27.9,23.1,7.8,7.6,75.7,12.5,20.4,58.6,11.1,54.5,14.0,27.1,4.46,28.0,32.0,44.0,308.0,82.4,62.5,ronald acuna,ATL,Ronald Acuna Jr.,ATL,"RF,DH",6.6,6.0,6.0,7.0,536.0,28.5,5.009345794392523,1.1428571428571428,116,OF,OF,False,6.0,651.0652173913044,4.803563586172282,-115.06521739130437,0.20578220822024118,-110.0,False,False,120,True,57.27020338240894,24.988032884883868,1.7973240830054573,22.432439649701738,63.739383840731165,62.99072282796116,567.5861066686923,1.2102049182701329,-31.58610666869231,-0.06734777541299009,473.0,63.0,"{'C': 415, 'SS': 586, '2B': 586, '3B': 569, '1B': 598, 'OF': 519, 'UT': 473}",1.1428571428571428,0.5778251599147122,-0.5871470473478108,93.9622641509434,79.62264150943396,63.77358490566037,14.339622641509436,30.188679245283026,26.865671641791042,25.586353944562898,67.80383795309169,0.018000000000000016,1.6027210884353742,6,2731,-0.4598639455782314,1.6027210884353742,5,True,-0.4598639455782314,-2.8000000000000007,-2.6999999999999993,-0.7000000000000028,62.0,2.0,263.0,0.0,Left hamstring strain; Strained left hamstring,145.1,2026-03-27,2026-09-12,96.0,153.0,97.0,56.0,647.0,0.99,0.0,0.0,0.15,,established,36.6,1.7,1.683,"deserved 1.21/PA on contact quality, got 1.14 · 469 PA, already has the job · avg EV 89.6 (68th pct)",xwOBA 0.366 (95th) · barrels 13.0% (90th) · EV 89.6 (66th) · hard-hit 44% (75th) · K 22% (54th) · BB 11% (82nd) · chase 29% (62nd) · bat speed 75.7 mph (93rd) · sprint 27.1 (39th),"{""n"":20,""b"":0,""c"":[[""Matt Olson"",2024,30,0.98,1.05,758,0],[""Corey Seager"",2024,30,1.07,1.05,467,0],[""Josh Lowe"",2025,27,0.97,0.9,304,0],[""Bryce Harper"",2025,33,1.09,1.07,734,0],[""Fernando Tatis Jr."",2025,26,1.16,1.19,838,0]]}",1.091235414918992,-0.019875156067583864,1.091235414918992,598.0,0.884,653.0,655.0,24,18,GK,517.0,496.0,136.0,157.0,lock,1.0
695734,Daylen Lile,2026,2002-11-30,OF,L,Washington Nationals,159,651,598,148,28,8,22,81,89,40,6,15,7,126,7,90,2,0,4,0,0,0,0,0,143,24,23.0,651.0,19.4,6.1,0.247,0.431,0.298,0.184,0.276,0.257,0.445,0.314,0.326,0.306,0.188,0.362,0.377,-0.01,-0.014,-0.012,88.6,19.0,38.0,9.6,38.1,99.061166778,93.691224277,76.0,38.5,60.8,85.6,23.7,55.7,40.7,32.6,38.0,23.2,6.3,7.5,71.5,10.2,25.1,12.7,12.3,54.7,-7.0,29.4,4.21,42.0,33.0,73.0,479.0,84.3,64.0,daylen lile,WSH,Daylen Lile,WSH,"LF,RF,DH",198.4,117.0,204.0,196.0,673.0,23.6,4.232704402515723,1.033794162826421,39,OF,OF,False,117.0,556.8852459016393,3.8958333333333335,116.11475409836066,0.3368710691823895,78.0,True,False,1,False,93.77478527969666,30.633308882341932,6.043026396226189,23.23487944173523,87.97280463429867,75.96578213676702,680.7345867710658,1.0456752484962608,-7.7345867710657785,-0.01188108566983992,473.0,200.0,"{'C': 415, 'SS': 586, '2B': 586, '3B': 569, '1B': 598, 'OF': 519, 'UT': 473}",1.033794162826421,0.5483870967741935,1.8928013419045149,69.43396226415094,68.67924528301886,85.28301886792453,0.7547169811320771,-15.84905660377359,13.824884792626728,20.276497695852534,36.866359447004605,0.01200000000000001,1.1396011396011396,2,1002,-0.10580697677471873,1.1396011396011396,1,False,-0.10580697677471873,3.3999999999999986,4.3999999999999995,2.4000000000000057,0.0,0.0,0.0,0.0,,0.0,2026-03-26,2026-09-12,148.0,150.0,150.0,0.0,606.0,0.987,0.0,0.0,0.15,,young / establishing,31.1,12.5,1.22,"651 PA, already has the job · 24 years old, an age that jumps 8% of the time · sprint 29.4 ft/s (94th pct) · barrel rate up 4.4 pts on last year · bat speed up 2.4 mph",xwOBA 0.326 (70th) · barrels 9.6% (69th) · EV 88.6 (50th) · hard-hit 38% (48th) · K 19% (70th) · BB 6% (23rd) · chase 38% (10th) · bat speed 71.5 mph (42nd) · sprint 29.4 (94th),"{""n"":20,""b"":6,""c"":[[""Ceddanne Rafaela"",2025,25,1.04,1.08,622,0],[""CJ Abrams"",2024,24,1.07,1.06,674,0],[""Pete Crow-Armstrong"",2025,23,1.19,1.35,978,1],[""Jordan Beck"",2025,24,1.03,0.75,132,0],[""Zach Neto"",2024,23,1.08,1.13,625,0]]}",1.078478302962751,-0.012246653109530594,1.078478302962751,598.0,1.0,645.0,647.0,26,21,GK,517.0,496.0,128.0,149.0,lock,2.0
701807,Carson Benge,2026,2003-01-20,OF,L,New York Mets,155,649,590,165,22,3,20,86,64,50,8,22,5,140,1,120,6,0,10,0,0,0,0,0,163,1,23.0,649.0,21.6,7.7,0.28,0.429,0.344,0.149,0.336,0.278,0.437,0.34,0.341,0.342,0.159,0.4,0.402,0.002,-0.008,-0.001,88.8,12.1,37.9,7.4,38.8,99.524777758,93.938077758,63.6,27.9,61.3,86.4,21.4,45.6,32.8,42.8,27.7,26.4,3.1,6.6,71.0,10.6,25.4,17.1,6.6,41.7,16.0,28.6,4.27,33.0,54.0,78.0,451.0,77.8,54.9,carson benge,NYM,Carson Benge,NYM,"LF,CF,RF",298.6,180.0,330.0,332.0,706.0,23.4,4.554838709677419,1.0878274268104777,27,OF,OF,False,180.0,375.06451612903226,3.180509813450934,330.93548387096774,1.3743288962264852,153.0,True,True,1,False,114.76769012477425,25.5582131085338,2.830503408609688,20.863593358082277,86.20983226623089,72.1659010857409,718.2257333519718,1.1066652285854728,-12.225733351971826,-0.018837801774995055,473.0,233.0,"{'C': 415, 'SS': 586, '2B': 586, '3B': 569, '1B': 598, 'OF': 519, 'UT': 473}",1.0878274268104777,0.5161787365177196,2.6886904994816145,84.52830188679246,56.22641509433962,87.9245283018868,28.30188679245284,-3.3962264150943327,20.338983050847457,18.48998459167951,46.22496147919876,0.0010000000000000009,1.0878274268104777,1,649,0.0,,0,False,0.7378274268104777,,,,0.0,0.0,0.0,0.0,,0.0,2026-03-26,2026-09-12,142.0,152.0,152.0,0.0,579.0,0.934,0.0,0.0,0.15,,young / establishing,31.7,15.0,1.168,"649 PA in his first season, already has the job · 23 years old, an age that jumps 11% of the time · sprint 28.6 ft/s (81st pct)",xwOBA 0.341 (84th) · barrels 7.4% (52nd) · EV 88.8 (53rd) · hard-hit 39% (52nd) · K 22% (56th) · BB 8% (38th) · chase 28% (66th) · bat speed 71.0 mph (35th) · sprint 28.6 (81st),"{""n"":20,""b"":2,""c"":[[""Wyatt Langford"",2024,23,1.09,1.07,615,0],[""Jonathan India"",2021,24,1.06,0.87,375,0],[""Bobby Witt Jr."",2022,22,1.06,1.25,866,1],[""CJ Abrams"",2024,24,1.07,1.06,674,0],[""Dylan Carlson"",2021,23,0.99,0.91,445,0]]}",1.0170712338890568,0.000982437627337522,1.0170712338890568,633.0,1.0,644.0,610.0,27,76,GK,517.0,496.0,127.0,148.0,lock,3.0
624413,Pete Alonso,2026,1994-12-07,1B,R,Baltimore Orioles,161,700,602,161,24,0,43,100,113,81,12,5,1,169,5,94,4,0,0,0,143,0,0,0,0,19,31.0,700.0,24.1,11.6,0.267,0.522,0.363,0.255,0.299,0.285,0.563,0.379,0.402,0.375,0.279,0.462,0.496,-0.018,-0.041,-0.023,93.9,14.9,36.8,15.3,56.2,104.058997078,97.241695881,66.3,26.6,54.5,81.9,26.8,45.0,36.8,41.6,31.3,22.4,4.8,7.2,74.7,16.9,25.1,47.3,10.4,55.1,37.0,24.9,4.9,50.0,47.0,64.0,438.0,72.4,62.1,pete alonso,BAL,Pete Alonso,BAL,"1B,DH",24.6,20.0,24.0,24.0,792.0,31.6,4.919254658385094,1.1314285714285715,5,1B,1B,False,20.0,651.0652173913044,4.578038442168877,140.93478260869563,0.3412162162162167,15.0,False,False,1,False,92.36477674342177,34.13119835800067,1.395273053733318,43.67875184484424,92.75658665967187,107.55062486647837,815.4052115261503,1.1648645878945005,-23.40521152615031,-0.033436016465929086,473.0,319.0,"{'C': 415, 'SS': 586, '2B': 586, '3B': 569, '1B': 598, 'OF': 519, 'UT': 473}",1.1314285714285715,0.6342857142857142,6.794463943782329,91.69811320754717,94.33962264150944,98.49056603773585,-2.64150943396227,-6.7924528301886795,4.285714285714286,36.85714285714286,69.42857142857143,0.02300000000000002,1.143065693430657,6,4084,-0.011637122002085443,1.143065693430657,5,True,-0.011637122002085443,1.3000000000000007,-3.599999999999998,-0.5,0.0,0.0,0.0,0.0,,0.0,2026-03-26,2026-09-12,149.0,152.0,152.0,0.0,634.0,0.98,0.0,0.0,0.15,,established,36.9,1.8,1.223,"700 PA, already has the job · avg EV 93.9 (98th pct) · deserved 1.16/PA on contact quality, got 1.13",xwOBA 0.402 (99th) · barrels 15.3% (96th) · EV 93.9 (98th) · hard-hit 56% (98th) · K 24% (40th) · BB 12% (84th) · chase 27% (73rd) · bat speed 74.7 mph (86th) · sprint 24.9 (3rd),"{""n"":20,""b"":0,""c"":[[""Kyle Schwarber"",2024,31,1.1,1.21,876,0],[""Manny Machado"",2025,33,1.06,0.93,627,0],[""Kyle Schwarber"",2025,32,1.21,1.05,731,0],[""Rafael Devers"",2025,29,1.06,1.08,686,0],[""Matt Olson"",2025,31,1.05,1.05,734,0]]}",1.0386835943479944,-0.04944745880435125,1.0386835943479944,611.0,1.0,635.0,623.0,29,39,GK,517.0,496.0,118.0,139.0,clear keep,4.0
683002,Gunnar Henderson,2026,2001-06-29,SS,L,Baltimore Orioles,158,702,623,141,27,6,24,88,60,67,10,10,5,156,2,84,18,0,0,0,0,0,0,149,0,9,25.0,702.0,22.2,9.5,0.226,0.404,0.311,0.178,0.263,0.246,0.401,0.314,0.322,0.326,0.155,0.358,0.369,-0.02,0.003,-0.008,89.2,12.2,32.6,7.7,43.3,100.503316128,94.513387015,66.2,30.4,59.0,85.6,23.3,47.5,42.6,44.1,26.0,23.2,6.6,7.3,74.1,11.5,22.6,41.6,9.9,49.1,9.0,28.2,4.25,29.0,52.0,60.0,469.0,65.7,60.8,gunnar henderson,BAL,Gunnar Henderson,BAL,"SS,DH",15.2,13.0,14.0,18.0,630.0,25.0,3.9873417721518987,0.8974358974358975,57,SS,SS,False,13.0,651.0652173913044,4.73384091364456,-21.065217391304373,-0.7464991414926612,-44.0,False,False,40,False,102.59868796071555,25.64747942027768,4.117977277298016,20.89385534170876,87.76355617014488,76.98211655247398,656.8266727226188,0.9356505309439015,-26.82667272261881,-0.038214633508004026,473.0,157.0,"{'C': 415, 'SS': 586, '2B': 586, '3B': 569, '1B': 598, 'OF': 519, 'UT': 473}",0.8974358974358975,0.45726495726495725,-0.6063099620251029,19.245283018867926,30.18867924528302,62.264150943396224,-10.943396226415093,-43.018867924528294,8.547008547008547,20.512820512820515,57.26495726495727,0.008000000000000007,1.172461752433936,4,2826,-0.27502585499803855,1.172461752433936,3,True,-0.27502585499803855,1.1999999999999993,-0.8999999999999995,-1.2000000000000028,0.0,0.0,8.0,0.0,,4.8,2026-03-26,2026-09-12,147.0,152.0,152.0,0.0,642.0,0.967,0.0,0.0,0.15,,established,33.9,1.9,1.252,"702 PA, already has the job · 25 years old, an age that jumps 5% of the time · deserved 0.94/PA on contact quality, got 0.90",xwOBA 0.322 (66th) · barrels 7.7% (54th) · EV 89.2 (58th) · hard-hit 43% (74th) · K 22% (52nd) · BB 10% (61st) · chase 30% (50th) · bat speed 74.1 mph (79th) · sprint 28.2 (70th),"{""n"":20,""b"":0,""c"":[[""Michael Harris II"",2025,24,0.97,1.12,695,0],[""Willi Castro"",2024,27,0.97,0.9,408,0],[""Gleyber Torres"",2024,28,0.87,0.94,591,0],[""Andr\u00e9s Gim\u00e9nez"",2024,26,0.94,0.85,315,0],[""Bo Bichette"",2023,25,1.04,0.78,261,0]]}",1.0250138040505001,-0.01249045949552797,1.0250138040505001,613.0,0.996,628.0,615.0,32,59,GK,517.0,496.0,111.0,132.0,clear keep,5.0
678882,Ceddanne Rafaela,2026,2000-09-18,OF,R,Boston Red Sox,137,574,539,152,32,3,16,67,70,22,8,17,9,116,3,101,2,0,8,0,0,0,0,0,136,0,25.0,574.0,20.2,3.8,0.282,0.442,0.318,0.16,0.332,0.249,0.362,0.33,0.284,0.287,0.113,0.394,0.333,0.033,0.08,0.046,86.4,12.0,34.3,5.4,32.0,96.938008578,92.480510713,71.6,45.3,61.5,84.9,24.7,57.7,34.3,43.9,25.9,25.0,5.1,7.3,69.5,6.8,24.4,7.0,8.6,50.7,6.0,28.9,4.13,32.0,51.0,69.0,428.0,77.7,68.1,ceddanne rafaela,BOS,Ceddanne Rafaela,BOS,"2B,CF",153.0,92.0,119.0,139.0,622.0,25.8,4.54014598540146,1.083623693379791,63,2B/OF,OF,False,92.0,556.8852459016393,4.003049236131642,65.11475409836066,0.5370967492698178,29.0,False,False,41,False,99.54804407383668,20.610575642294588,1.860716493900847,12.191663789967906,67.8562211248723,56.02470939706971,548.209930521942,0.955069565369237,73.79006947805794,0.12855412801055388,473.0,149.0,"{'C': 415, 'SS': 586, '2B': 586, '3B': 569, '1B': 598, 'OF': 519, 'UT': 473}",1.083623693379791,0.519163763066202,0.9203901964504522,83.01886792452831,57.73584905660377,80.0,25.28301886792454,3.0188679245283083,17.770034843205575,16.72473867595819,22.996515679442506,-0.04600000000000004,1.083623693379791,3,1821,0.0,1.0442930153321976,2,True,0.03933067804759327,0.3000000000000007,-3.799999999999999,-1.5,17.0,1.0,17.0,0.0,,17.0,2026-03-26,2026-09-02,135.0,150.0,146.0,4.0,581.0,0.925,0.0,0.0,0.15,,established,26.4,1.4,1.164,"574 PA, already has the job · 1.08/PA is his best rate yet, so the bar is one step up · sprint 28.9 ft/s (88th pct)",xwOBA 0.284 (23rd) · barrels 5.4% (32nd) · EV 86.4 (16th) · hard-hit 32% (21st) · K 20% (65th) · BB 4% (5th) · chase 45% (1st) · bat speed 69.5 mph (19th) · sprint 28.9 (87th),"{""n"":20,""b"":1,""c"":[[""Daulton Varsho"",2024,28,0.99,1.17,318,0],[""Andy Pages"",2025,25,1.08,1.14,649,0],[""Thairo Estrada"",2023,27,1.03,0.82,313,0],[""Ha-Seong Kim"",2023,28,1.09,0.99,465,0],[""Andr\u00e9s Gim\u00e9nez"",2023,25,1.03,0.94,594,0]]}",0.9627840996062764,-0.020377176503197886,0.9627840996062764,558.0,0.986,537.0,578.0,63,170,GK,517.0,496.0,20.0,41.0,marginal,6.0
606466,Ketel Marte,2026,1993-10-12,2B,S,Arizona Diamondbacks,140,620,558,139,31,3,22,78,75,51,6,4,0,86,5,83,3,0,0,0,0,114,0,0,0,25,32.0,620.0,13.9,8.2,0.249,0.434,0.316,0.185,0.257,0.276,0.455,0.324,0.345,0.337,0.179,0.342,0.369,-0.027,-0.021,-0.021,90.1,13.7,31.4,9.3,42.6,101.741103051,95.07366911,67.7,31.6,63.9,88.9,19.8,48.5,48.8,41.7,27.9,22.9,7.5,7.7,74.8,14.7,26.9,46.8,9.1,58.8,4.0,26.8,4.48,29.0,44.0,65.0,477.0,86.3,59.6,ketel marte,ARI,Ketel Marte,ARI,"2B,DH",26.6,22.0,30.0,25.0,600.0,32.7,4.285714285714286,0.967741935483871,79,2B,2B,False,22.0,651.0652173913044,4.578038442168877,-51.06521739130437,-0.2923241564545913,-57.0,False,False,42,False,99.80347247085007,29.986708502209254,2.7581655830313294,21.459653443909364,76.14608470449984,75.34417222306695,625.3882569275668,1.0086907369799465,-25.388256927566772,-0.04094880149607549,473.0,127.0,"{'C': 415, 'SS': 586, '2B': 586, '3B': 569, '1B': 598, 'OF': 519, 'UT': 473}",0.967741935483871,0.5870967741935483,-0.04798695205904202,47.924528301886795,82.64150943396227,69.43396226415094,-34.716981132075475,-21.50943396226414,3.870967741935484,21.29032258064516,49.35483870967742,0.020999999999999963,1.2058319039451115,6,3341,-0.23808996846124053,1.2058319039451115,5,True,-0.23808996846124053,-1.0,-4.199999999999999,0.20000000000000284,11.0,1.0,56.0,0.0,Left knee inflammation,32.6,2026-03-26,2026-09-12,128.0,150.0,139.0,11.0,606.0,0.921,0.0,0.0,0.15,,established,35.9,0.6,1.286,"620 PA, already has the job · avg EV 90.1 (77th pct) · deserved 1.01/PA on contact quality, got 0.97",xwOBA 0.345 (88th) · barrels 9.3% (67th) · EV 90.1 (74th) · hard-hit 43% (70th) · K 14% (92nd) · BB 8% (45th) · chase 32% (42nd) · bat speed 74.8 mph (87th) · sprint 26.8 (31st),"{""n"":20,""b"":0,""c"":[[""Mookie Betts"",2025,33,0.98,1.0,526,0],[""Nick Castellanos"",2024,32,0.99,0.94,556,0],[""Yandy D\u00edaz"",2024,33,0.9,1.06,690,0],[""Carlos Correa"",2025,31,0.88,1.01,143,0],[""Teoscar Hern\u00e1ndez"",2025,33,1.04,1.03,504,0]]}",1.0343655030866756,-0.04373459214881747,1.0343655030866756,515.0,0.974,533.0,621.0,64,44,GK,517.0,496.0,16.0,37.0,marginal,7.0
678246,Miguel Vargas,2026,1999-11-17,3B,R,Chicago White Sox,159,704,588,147,31,1,33,106,93,101,7,22,2,126,7,82,14,0,0,0,32,0,140,0,0,6,26.0,704.0,17.9,14.3,0.25,0.474,0.363,0.224,0.261,0.263,0.496,0.363,0.378,0.371,0.233,0.387,0.41,-0.013,-0.022,-0.015,90.1,20.5,39.4,13.0,43.8,100.367790769,94.615853953,68.9,20.9,68.6,82.4,21.0,43.9,46.7,30.1,35.4,23.9,10.7,7.8,73.9,13.0,26.3,42.4,12.8,64.9,28.0,28.6,4.37,44.0,32.0,69.0,469.0,75.3,59.6,miguel vargas,CWS,Miguel Vargas,CWS,"1B,3B,DH",289.0,174.0,273.0,229.0,785.0,26.6,4.937106918238993,1.1150568181818181,6,1B/3B,1B/3B,False,174.0,375.06451612903226,3.2573529411764706,409.93548387096774,1.6797539770625227,168.0,True,True,1,False,84.777266673497,35.33829619905885,1.9196075813913118,32.60882954605285,103.60774243340785,91.1303695301019,801.0301119635099,1.137826863584531,-16.030111963509853,-0.02277004540271288,473.0,312.0,"{'C': 415, 'SS': 586, '2B': 586, '3B': 569, '1B': 598, 'OF': 519, 'UT': 473}",1.1150568181818181,0.6747159090909091,5.713342846020609,89.05660377358491,97.73584905660377,96.60377358490567,-8.679245283018858,-7.547169811320757,18.75,28.125,86.07954545454545,0.015000000000000013,1.1150568181818181,4,1864,0.0,0.929701230228471,3,False,0.18535558795334717,0.29999999999999716,3.5999999999999996,3.3000000000000114,0.0,0.0,9.0,0.0,,5.3999999999999995,2026-03-26,2026-09-12,146.0,150.0,150.0,0.0,640.0,0.973,0.0,0.0,0.15,,established,35.0,17.1,1.195,"704 PA, already has the job · 1.12/PA is his best rate yet, so the bar is one step up · avg EV 90.1 (77th pct) · barrel rate up 3.6 pts on last year · bat speed up 3.3 mph",xwOBA 0.378 (97th) · barrels 13.0% (90th) · EV 90.1 (74th) · hard-hit 44% (76th) · K 18% (78th) · BB 14% (96th) · chase 21% (96th) · bat speed 73.9 mph (77th) · sprint 28.6 (81st),"{""n"":20,""b"":1,""c"":[[""Brice Turang"",2025,26,1.11,1.12,759,0],[""Maikel Garcia"",2025,25,1.08,0.93,315,0],[""Gavin Sheets"",2025,29,0.96,0.9,377,0],[""Alejandro Kirk"",2025,27,1.02,1.03,323,0],[""William Contreras"",2024,26,1.14,1.03,681,0]]}",1.0987854413926115,-0.01697502965936144,1.0987854413926115,677.0,0.996,744.0,659.0,8,15,GLIZZY,517.0,496.0,227.0,248.0,lock,1.0
691718,Pete Crow-Armstrong,2026,2002-03-25,OF,L,Chicago Cubs,161,725,625,174,31,8,45,119,107,83,12,41,7,187,4,90,6,0,5,0,0,0,0,0,157,4,24.0,725.0,25.8,11.4,0.278,0.57,0.372,0.292,0.325,0.263,0.508,0.399,0.374,0.354,0.245,0.508,0.467,0.015,0.062,0.025,90.6,22.1,38.1,13.3,48.5,102.33625445,95.784270506,68.6,34.3,58.0,82.8,26.4,50.0,51.2,31.2,33.6,23.5,11.7,7.5,75.1,12.5,20.5,53.7,15.6,51.4,51.0,29.5,4.26,64.0,43.0,64.0,443.0,76.0,62.9,pete crowarmstrong,CHC,Pete Crow-Armstrong,CHC,CF,30.4,25.0,29.0,29.0,978.0,24.3,6.074534161490683,1.3489655172413793,1,OF,OF,False,25.0,650.0,4.559006211180124,328.0,1.5155279503105588,24.0,False,False,1,False,90.1755115346957,31.779253679628315,5.914958036656311,36.50527674901968,111.05070015771962,94.76189555112332,909.6875957088429,1.254741511322542,68.31240429115712,0.09422400591883728,473.0,505.0,"{'C': 415, 'SS': 586, '2B': 586, '3B': 569, '1B': 598, 'OF': 519, 'UT': 473}",1.3489655172413793,0.7158620689655173,11.85047808051011,100.0,99.24528301886792,100.0,0.7547169811320771,0.0,33.93103448275862,37.241379310344826,68.6896551724138,-0.025000000000000022,1.3489655172413793,3,1801,0.0,1.1854714064914993,2,True,0.16349411074987996,1.8000000000000007,0.20000000000000107,2.3999999999999915,0.0,0.0,0.0,0.0,,0.0,2026-03-26,2026-09-12,149.0,152.0,152.0,0.0,655.0,0.98,0.0,0.0,0.15,,established,36.6,8.1,1.429,"725 PA, already has the job · 24 years old, an age that jumps 8% of the time · 1.35/PA is his best rate yet, so the bar is one step up · bat speed up 2.4 mph",xwOBA 0.374 (96th) · barrels 13.3% (91st) · EV 90.6 (81st) · hard-hit 48% (90th) · K 26% (30th) · BB 11% (83rd) · chase 34% (28th) · bat speed 75.1 mph (89th) · sprint 29.5 (95th),"{""n"":20,""b"":1,""c"":[[""Gunnar Henderson"",2024,23,1.17,1.1,715,0],[""Julio Rodr\u00edguez"",2023,22,1.23,1.06,650,0],[""Corbin Carroll"",2025,25,1.29,1.08,723,0],[""Corbin Carroll"",2023,23,1.36,1.14,781,0],[""Julio Rodr\u00edguez"",2025,24,1.18,1.0,651,0]]}",1.2256524339368173,-0.012246653109530594,1.2256524339368173,593.0,1.0,727.0,735.0,11,1,GLIZZY,517.0,496.0,210.0,231.0,lock,2.0
805808,Kevin McGonigle,2026,2004-08-18,SS,L,Detroit Tigers,155,704,602,166,28,5,17,96,71,95,3,12,4,99,4,116,19,0,0,0,0,0,93,96,0,5,21.0,704.0,14.1,13.5,0.276,0.424,0.375,0.148,0.304,0.264,0.444,0.355,0.355,0.364,0.18,0.358,0.359,0.012,-0.02,0.0,87.8,19.5,36.5,7.1,37.5,98.445477154,93.399221838,67.1,19.5,67.0,88.9,16.2,42.8,37.3,33.7,35.5,22.9,7.9,6.9,71.3,10.5,29.9,16.0,15.4,49.9,23.0,28.2,4.34,37.0,48.0,80.0,507.0,76.5,54.9,kevin mcgonigle,DET,Kevin McGonigle,DET,"3B,SS",248.4,152.0,264.0,245.0,703.0,21.9,4.535483870967742,0.9985795454545454,28,3B/SS,3B/SS,False,152.0,422.61764705882354,3.705765225084571,280.38235294117646,0.8297186458831707,124.0,True,True,1,False,99.05985819206865,33.33228832402826,4.5798487757375685,21.95600470816553,95.10215392169499,81.78806057440403,718.106214496099,1.0200372365001407,-15.106214496099028,-0.02145769104559525,473.0,230.0,"{'C': 415, 'SS': 586, '2B': 586, '3B': 569, '1B': 598, 'OF': 519, 'UT': 473}",0.9985795454545454,0.6107954545454546,2.2519983602793796,57.35849056603774,88.67924528301887,86.41509433962264,-31.320754716981135,-29.056603773584904,10.227272727272727,14.488636363636363,80.9659090909091,0.0,0.9985795454545454,1,704,0.0,,0,False,0.6485795454545454,,,,0.0,0.0,0.0,0.0,,0.0,2026-03-26,2026-09-13,144.0,150.0,150.0,0.0,641.0,0.96,0.0,0.0,0.15,,young / establishing,31.4,40.8,1.079,"704 PA in his first season, already has the job · 22 years old, an age that jumps 17% of the time · deserved 1.02/PA on contact quality, got 1.00",xwOBA 0.355 (92nd) · barrels 7.1% (48th) · EV 87.8 (37th) · hard-hit 38% (44th) · K 14% (91st) · BB 14% (94th) · chase 20% (98th) · bat speed 71.3 mph (38th) · sprint 28.2 (70th),"{""n"":20,""b"":4,""c"":[[""Bobby Witt Jr."",2022,22,1.06,1.25,866,1],[""Nolan Schanuel"",2024,22,0.88,0.91,514,0],[""Wyatt Langford"",2024,23,1.09,1.07,615,0],[""Dylan Carlson"",2021,23,0.99,0.91,445,0],[""Colt Keith"",2024,23,0.88,0.93,434,0]]}",1.0474412920365883,0.010387702304990686,1.0474412920365883,648.0,1.0,679.0,628.0,18,33,GLIZZY,517.0,496.0,162.0,183.0,lock,3.0
668227,Randy Arozarena,2026,1995-02-28,OF,R,Seattle Mariners,153,666,569,160,33,2,26,112,77,68,25,26,8,144,4,99,2,0,4,0,0,0,0,0,148,5,31.0,666.0,21.6,10.2,0.281,0.483,0.38,0.202,0.333,0.258,0.419,0.378,0.348,0.362,0.162,0.434,0.389,0.023,0.064,0.03,90.9,10.0,35.9,8.2,43.5,100.59672528,94.761460818,63.2,30.5,68.0,76.6,26.4,45.8,35.9,48.5,23.8,23.3,4.4,7.2,70.9,11.2,26.3,22.3,7.9,58.8,36.0,27.1,4.41,33.0,59.0,67.0,429.0,76.4,61.1,randy arozarena,SEA,Randy Arozarena,SEA,"LF,CF",83.0,55.0,83.0,50.0,801.0,31.3,5.235294117647059,1.2027027027027026,4,OF,OF,False,55.0,563.0,4.292903702788284,238.0,0.9423904148587745,51.0,True,False,1,False,97.5162560297388,26.891742846008537,1.8957462187665404,20.498254905486128,84.20837029764569,75.76515987969562,722.7555301773414,1.0852185137797918,78.24446982265863,0.11748418892291079,473.0,328.0,"{'C': 415, 'SS': 586, '2B': 586, '3B': 569, '1B': 598, 'OF': 519, 'UT': 473}",1.2027027027027026,0.6216216216216216,6.137027831879479,96.98113207547169,91.32075471698113,97.35849056603773,5.660377358490564,-0.37735849056603854,23.423423423423426,23.423423423423426,61.26126126126126,-0.030000000000000027,1.2027027027027026,6,3926,0.0,1.1423841059602649,5,True,0.06031859674243778,-5.299999999999997,-3.3000000000000007,-1.3999999999999915,7.0,1.0,7.0,0.0,,7.0,2026-03-26,2026-09-12,141.0,149.0,142.0,7.0,642.0,0.993,0.0,0.0,0.15,,established,32.8,0.5,1.283,"666 PA, already has the job · 1.20/PA is his best rate yet, so the bar is one step up · avg EV 90.9 (87th pct)",xwOBA 0.348 (90th) · barrels 8.2% (58th) · EV 90.9 (86th) · hard-hit 44% (75th) · K 22% (56th) · BB 10% (68th) · chase 30% (49th) · bat speed 70.9 mph (33rd) · sprint 27.1 (39th),"{""n"":20,""b"":0,""c"":[[""Francisco Lindor"",2025,32,1.14,0.91,421,0],[""Brandon Nimmo"",2025,32,1.06,0.92,598,0],[""Trea Turner"",2025,32,1.19,0.93,648,0],[""Jos\u00e9 Ram\u00edrez"",2025,33,1.26,1.05,570,0],[""Manny Machado"",2024,32,1.08,1.06,722,0]]}",1.0203162357938587,-0.03556545422470473,1.0203162357938587,647.0,0.994,660.0,612.0,22,73,GLIZZY,517.0,496.0,143.0,164.0,lock,4.0
661388,William Contreras,2026,1997-12-24,C,R,Milwaukee Brewers,147,640,566,153,27,1,18,82,94,61,4,1,2,94,9,107,0,25,0,128,0,0,0,0,0,20,28.0,640.0,14.7,9.5,0.27,0.417,0.341,0.147,0.292,0.261,0.441,0.33,0.334,0.328,0.181,0.349,0.355,0.009,-0.024,-0.004,90.3,13.2,33.3,8.5,44.1,101.24009195,94.956986071,68.0,28.3,62.5,87.1,20.7,47.2,36.4,40.5,25.6,25.2,8.7,7.2,73.5,15.8,31.4,37.1,8.6,59.1,10.0,26.0,4.61,27.0,52.0,74.0,481.0,78.4,61.5,william contreras,MIL,William Contreras,MIL,"C,DH",56.0,40.0,48.0,58.0,683.0,28.5,4.64625850340136,1.0671875,36,C,C,False,40.0,626.0,4.485508577873414,57.0,0.16074992552794587,4.0,False,False,1,False,91.57259760341896,32.06525965772865,1.8836878742858583,22.204454864566543,74.28384637406687,79.01519096431971,669.1970373383866,1.045620370841229,13.802962661613378,0.021567129158770904,415.0,268.0,"{'C': 415, 'SS': 586, '2B': 586, '3B': 569, '1B': 598, 'OF': 519, 'UT': 473}",1.0671875,0.59375,1.461923838574183,80.37735849056604,84.52830188679246,83.01886792452831,-4.150943396226424,-2.64150943396227,0.9375,16.875,57.1875,0.0040000000000000036,1.1443298969072164,5,3150,-0.07714239690721647,1.1443298969072164,4,True,-0.07714239690721647,-3.5,2.0999999999999996,0.29999999999999716,0.0,0.0,0.0,0.0,,0.0,2026-03-26,2026-09-12,137.0,152.0,152.0,0.0,585.0,0.901,0.0,0.0,0.15,,established,34.5,2.4,1.224,"640 PA, already has the job · avg EV 90.3 (80th pct) · got 1.07/PA but deserved 1.05 · barrel rate up 2.1 pts on last year",xwOBA 0.334 (79th) · barrels 8.5% (61st) · EV 90.3 (77th) · hard-hit 44% (78th) · K 15% (89th) · BB 10% (61st) · chase 28% (64th) · bat speed 73.5 mph (72nd) · sprint 26.0 (15th),"{""n"":20,""b"":0,""c"":[[""Bo Bichette"",2025,27,1.08,0.89,614,0],[""Alec Bohm"",2024,28,1.0,0.93,470,0],[""Anthony Santander"",2024,30,1.08,0.68,151,0],[""Alex Bregman"",2024,30,0.97,1.01,498,0],[""Gleyber Torres"",2025,28,0.94,0.89,374,0]]}",1.0266672207207146,-0.019875156067583864,1.0266672207207146,596.0,1.0,612.0,616.0,35,55,GLIZZY,517.0,496.0,95.0,116.0,clear keep,5.0
677800,Wilyer Abreu,2026,1999-06-24,OF,L,Boston Red Sox,156,677,594,148,38,4,24,81,76,70,3,8,4,140,7,82,9,0,12,0,0,0,0,0,152,4,27.0,677.0,20.7,10.3,0.249,0.448,0.328,0.199,0.284,0.253,0.47,0.336,0.347,0.331,0.217,0.383,0.399,-0.004,-0.022,-0.011,89.8,19.0,36.1,12.6,43.5,100.876206783,94.727459696,67.8,29.8,61.6,82.3,24.6,47.5,35.7,33.1,35.9,22.3,8.7,7.2,73.8,11.9,24.3,36.4,8.0,50.9,11.0,28.0,4.28,52.0,41.0,55.0,462.0,71.8,58.0,wilyer abreu,BOS,Wilyer Abreu,BOS,"LF,CF,RF",210.6,125.0,214.0,197.0,683.0,27.0,4.378205128205129,1.0088626292466765,36,OF,OF,False,125.0,450.5,3.705765225084571,232.5,0.6724399031205577,89.0,True,True,1,False,79.08173386367645,40.37495246785892,3.952893473252849,26.8724201952118,90.63603947098619,86.09853962819557,718.1965790991817,1.060851667797905,-35.19657909918169,-0.051989038551228495,473.0,210.0,"{'C': 415, 'SS': 586, '2B': 586, '3B': 569, '1B': 598, 'OF': 519, 'UT': 473}",1.0088626292466765,0.5332348596750369,0.7894414853533469,60.75471698113207,63.77358490566037,78.11320754716982,-3.018867924528301,-17.35849056603775,7.0901033973412115,21.270310192023636,62.0384047267356,0.010999999999999954,1.0935251798561152,3,1626,-0.08466255060943872,1.0935251798561152,2,False,-0.08466255060943872,-3.5,0.29999999999999893,-0.29999999999999716,0.0,0.0,60.0,0.0,,30.599999999999998,2026-03-26,2026-09-12,145.0,152.0,152.0,0.0,620.0,0.954,0.0,0.0,0.15,,established,34.9,7.8,1.174,"677 PA, already has the job · deserved 1.06/PA on contact quality, got 1.01 · avg EV 89.8 (72nd pct)",xwOBA 0.347 (89th) · barrels 12.6% (88th) · EV 89.8 (70th) · hard-hit 44% (75th) · K 21% (61st) · BB 10% (70th) · chase 30% (53rd) · bat speed 73.8 mph (76th) · sprint 28.0 (63rd),"{""n"":20,""b"":0,""c"":[[""Carlos Correa"",2022,28,0.99,0.87,505,0],[""Bryan Reynolds"",2023,28,1.06,1.05,727,0],[""Will Smith"",2022,27,1.05,1.08,601,0],[""Dansby Swanson"",2023,29,0.97,1.0,593,0],[""Bo Bichette"",2023,25,1.04,0.78,261,0]]}",1.0544505184873152,-0.01697502965936144,1.0544505184873152,568.0,0.976,599.0,633.0,41,28,GLIZZY,517.0,496.0,82.0,103.0,clear keep,6.0
647304,Josh Naylor,2026,1997-06-22,1B,L,Seattle Mariners,151,646,593,155,22,0,10,58,56,45,5,30,9,79,2,123,7,0,0,0,151,0,0,0,0,0,29.0,646.0,12.2,7.0,0.261,0.349,0.318,0.088,0.287,0.27,0.383,0.297,0.312,0.323,0.112,0.306,0.324,-0.009,-0.034,-0.015,87.1,11.0,35.5,4.5,35.9,98.429174824,93.305643863,69.3,38.0,72.4,90.2,17.0,51.9,40.7,45.2,21.1,24.6,9.1,7.5,70.1,10.5,32.0,8.9,7.2,44.2,-16.0,24.3,4.76,27.0,49.0,77.0,516.0,80.4,61.0,josh naylor,SEA,Josh Naylor,SEA,"1B,DH",57.6,41.0,60.0,55.0,609.0,29.0,4.033112582781457,0.9427244582043344,72,1B,1B,False,41.0,609.0,4.485508577873414,0.0,-0.4523959950919574,-31.0,False,False,42,False,122.1272492178658,23.268946821079187,0.9943587042442754,13.719445256810753,63.00977873563795,70.603209820726,653.248988556364,1.0112213445144953,-44.248988556364,-0.06849688631016093,473.0,136.0,"{'C': 415, 'SS': 586, '2B': 586, '3B': 569, '1B': 598, 'OF': 519, 'UT': 473}",0.9427244582043344,0.4907120743034056,-0.7078727446231052,37.35849056603773,46.79245283018868,61.13207547169811,-9.43396226415095,-23.77358490566038,27.863777089783284,9.287925696594428,41.795665634674926,0.015000000000000013,1.1937086092715232,6,3126,-0.25098415106718885,1.1937086092715232,5,True,-0.25098415106718885,-1.5,-2.2,-0.8000000000000114,0.0,0.0,0.0,0.0,,0.0,2026-03-26,2026-09-12,139.0,149.0,149.0,0.0,594.0,0.933,0.0,0.0,0.15,,established,29.0,0.9,1.274,"646 PA, already has the job · deserved 1.01/PA on contact quality, got 0.94 · already 29, an age that jumps 4% of the time",xwOBA 0.312 (56th) · barrels 4.5% (24th) · EV 87.1 (25th) · hard-hit 36% (36th) · K 12% (96th) · BB 7% (31st) · chase 38% (12th) · bat speed 70.1 mph (25th) · sprint 24.3 (1st),"{""n"":20,""b"":0,""c"":[[""Ozzie Albies"",2025,28,0.92,0.89,604,0],[""Alex Verdugo"",2024,28,0.86,0.73,156,0],[""Carlos Correa"",2025,31,0.88,1.01,143,0],[""Luis Arraez"",2025,28,0.92,0.96,627,0],[""J.P. Crawford"",2025,30,0.88,0.81,392,0]]}",0.9590413029191318,-0.019875156067583864,0.9590413029191318,529.0,1.0,507.0,575.0,78,180,GLIZZY,517.0,496.0,-10.0,11.0,let go,7.0
687263,Zach Neto,2026,2001-01-31,SS,R,Los Angeles Angels,156,699,616,148,31,5,27,101,77,68,14,24,12,213,1,85,18,0,0,0,0,0,0,153,0,2,25.0,699.0,30.5,9.7,0.24,0.438,0.329,0.198,0.321,0.216,0.411,0.337,0.317,0.307,0.195,0.441,0.406,0.024,0.027,0.02,89.9,22.8,38.1,11.7,41.4,99.862864677,94.281938329,68.6,37.0,46.1,82.2,32.9,50.5,49.0,30.7,35.4,23.5,10.4,7.1,71.5,7.8,21.3,16.9,20.2,39.8,16.0,27.9,4.39,41.0,36.0,68.0,404.0,75.1,65.3,zach neto,LAA,Zach Neto,LAA,SS,34.0,28.0,28.0,42.0,732.0,25.4,4.6923076923076925,1.0472103004291846,20,SS,SS,False,28.0,650.0,4.544654620741577,82.0,0.14765307156611573,8.0,False,False,1,False,69.8988437491665,32.56490458277382,4.221659586952853,26.370592081106825,88.06722898054403,83.65008996214672,693.9493189426908,0.9927744190882557,38.05068105730925,0.054435881340928916,473.0,259.0,"{'C': 415, 'SS': 586, '2B': 586, '3B': 569, '1B': 598, 'OF': 519, 'UT': 473}",1.0472103004291846,0.4678111587982833,3.5260380963610505,72.0754716981132,35.094339622641506,90.18867924528303,36.9811320754717,-18.11320754716982,20.600858369098713,23.175965665236053,58.36909871244635,-0.020000000000000018,1.128158844765343,4,2184,-0.08094854433615839,1.128158844765343,3,True,-0.08094854433615839,3.6000000000000014,-2.3000000000000007,0.09999999999999432,0.0,0.0,34.0,0.0,,20.4,2026-03-26,2026-09-12,143.0,148.0,148.0,0.0,643.0,0.966,0.0,0.0,0.15,,established,31.4,2.7,1.208,"699 PA, already has the job · 25 years old, an age that jumps 5% of the time · avg EV 89.9 (74th pct)",xwOBA 0.317 (62nd) · barrels 11.7% (83rd) · EV 89.9 (72nd) · hard-hit 41% (64th) · K 30% (13th) · BB 10% (63rd) · chase 37% (16th) · bat speed 71.5 mph (42nd) · sprint 27.9 (60th),"{""n"":20,""b"":2,""c"":[[""Lawrence Butler"",2025,25,1.02,0.96,515,0],[""Elly De La Cruz"",2025,24,1.12,1.22,768,0],[""Cal Raleigh"",2023,27,1.06,1.09,683,0],[""CJ Abrams"",2025,25,1.06,1.21,784,1],[""Jazz Chisholm Jr."",2024,26,1.14,1.18,628,0]]}",1.0395229557653505,-0.01249045949552797,1.0395229557653505,647.0,0.984,673.0,624.0,20,36,LTTA,517.0,496.0,156.0,177.0,lock,1.0
676475,Alec Burleson,2026,1998-11-25,1B,L,St. Louis Cardinals,160,670,605,169,37,1,26,89,116,55,6,4,0,121,4,105,8,0,0,0,156,0,0,0,0,3,27.0,670.0,18.1,8.2,0.279,0.473,0.343,0.194,0.31,0.289,0.522,0.353,0.374,0.349,0.234,0.4,0.428,-0.01,-0.049,-0.021,92.0,13.0,34.6,11.3,50.0,102.344379671,95.865822963,72.6,38.1,68.2,83.4,22.5,53.6,48.6,44.7,26.6,22.5,6.1,7.7,73.8,14.9,26.5,37.6,14.1,52.5,21.0,25.6,4.49,35.0,54.0,80.0,488.0,86.0,62.7,alec burleson,STL,Alec Burleson,STL,"1B,LF,RF,DH",172.6,100.0,165.0,185.0,725.0,27.6,4.53125,1.0820895522388059,22,1B/OF,1B,False,100.0,556.8852459016393,4.003049236131642,168.11475409836066,0.5282007638683579,78.0,True,True,1,False,97.71857265723352,43.83491835056595,2.1394453271675307,31.152063665033,84.52060052889216,93.88734457687954,734.6679451057717,1.0965193210533906,-9.66794510577165,-0.014429768814584687,473.0,252.0,"{'C': 415, 'SS': 586, '2B': 586, '3B': 569, '1B': 598, 'OF': 519, 'UT': 473}",1.0820895522388059,0.6402985074626866,4.810658045096048,82.26415094339623,95.09433962264151,94.33962264150944,-12.830188679245282,-12.075471698113205,3.582089552238806,23.283582089552237,49.25373134328358,0.02100000000000002,1.0820895522388059,4,2211,0.0,1.0134453781512605,3,True,0.06864417408754542,3.6000000000000014,1.8000000000000007,1.5,0.0,0.0,10.0,0.0,,6.0,2026-03-26,2026-09-12,148.0,153.0,153.0,0.0,611.0,0.967,0.0,0.0,0.15,,established,36.0,10.4,1.162,"670 PA, already has the job · avg EV 92.0 (93rd pct) · 1.08/PA is his best rate yet, so the bar is one step up · bat speed up 1.5 mph",xwOBA 0.374 (96th) · barrels 11.3% (81st) · EV 92.0 (92nd) · hard-hit 50% (94th) · K 18% (76th) · BB 8% (45th) · chase 38% (12th) · bat speed 73.8 mph (76th) · sprint 25.6 (10th),"{""n"":20,""b"":0,""c"":[[""William Contreras"",2024,26,1.14,1.03,681,0],[""Trent Grisham"",2025,29,1.05,0.98,472,0],[""Vinnie Pasquantino"",2025,28,1.02,0.95,453,0],[""Rafael Devers"",2023,27,1.08,1.08,651,0],[""Alec Bohm"",2024,28,1.0,0.93,470,0]]}",1.0754795623593794,-0.026330886137737278,1.0754795623593794,614.0,0.995,660.0,645.0,22,23,LTTA,517.0,496.0,143.0,164.0,lock,2.0
671056,Iván Herrera,2026,2000-06-01,DH,R,St. Louis Cardinals,160,713,602,146,26,1,19,97,69,75,31,8,0,137,5,100,3,2,0,52,1,0,0,0,0,107,26.0,713.0,19.2,10.5,0.243,0.384,0.353,0.141,0.282,0.248,0.386,0.33,0.334,0.355,0.139,0.346,0.351,-0.005,-0.002,-0.004,89.4,9.3,31.3,6.0,40.5,100.66316515,94.554132489,61.6,28.4,63.1,87.5,20.7,44.3,37.9,48.7,20.0,22.6,8.7,7.7,73.6,12.0,24.7,40.4,7.5,45.9,16.0,26.1,4.71,31.0,48.0,66.0,470.0,67.6,62.1,ivan herrera,STL,Ivan Herrera,STL,"C,DH",176.0,103.0,156.0,317.0,674.0,26.1,4.2125,0.9453015427769986,38,C,C,False,103.0,556.8852459016393,4.003049236131642,117.11475409836066,0.20945076386835826,65.0,True,False,1,False,104.00714534590966,25.334665798399968,1.519232365471033,18.434956490219324,81.41321166264356,78.41049751410536,673.0937091767489,0.9440304476532243,0.9062908232510836,0.001271095123774324,415.0,259.0,"{'C': 415, 'SS': 586, '2B': 586, '3B': 569, '1B': 598, 'OF': 519, 'UT': 473}",0.9453015427769986,0.48106591865357645,0.5043416361114212,38.49056603773585,40.75471698113208,74.71698113207546,-2.264150943396224,-36.22641509433961,6.732117812061711,15.988779803646564,63.113604488078536,0.0040000000000000036,1.086283185840708,3,1490,-0.14098164306370942,1.086283185840708,2,False,-0.14098164306370942,0.5999999999999979,-5.1,-0.7000000000000028,0.0,0.0,75.0,0.0,,39.0,2026-03-26,2026-09-12,148.0,153.0,153.0,0.0,649.0,0.967,0.0,0.0,0.15,,established,34.3,3.8,1.166,"713 PA, already has the job · 26 years old, an age that jumps 4% of the time · avg EV 89.4 (65th pct)",xwOBA 0.334 (79th) · barrels 6.0% (36th) · EV 89.4 (63rd) · hard-hit 40% (59th) · K 19% (70th) · BB 10% (74th) · chase 28% (64th) · bat speed 73.6 mph (74th) · sprint 26.1 (17th),"{""n"":20,""b"":0,""c"":[[""Heliot Ramos"",2025,26,0.93,0.93,411,0],[""Adley Rutschman"",2024,26,0.96,0.87,318,0],[""Alex Verdugo"",2022,26,0.95,0.99,596,0],[""Nathaniel Lowe"",2023,28,0.95,0.94,531,0],[""Yainer Diaz"",2024,26,1.07,0.99,559,0]]}",0.9941752875223817,-0.020377176503197886,0.9941752875223817,563.0,0.969,560.0,597.0,53,105,LTTA,517.0,496.0,43.0,64.0,clear keep,3.0
641355,Cody Bellinger,2026,1995-07-13,OF,L,New York Yankees,132,562,496,131,25,3,17,73,73,59,0,12,6,89,7,86,3,0,8,0,6,0,0,0,145,1,30.0,562.0,15.8,10.5,0.264,0.429,0.338,0.165,0.287,0.271,0.411,0.336,0.335,0.347,0.14,0.357,0.356,-0.007,0.018,0.001,89.2,17.6,38.2,6.6,37.8,98.486220194,93.510838881,64.9,30.3,66.1,86.8,20.0,47.1,45.2,36.2,30.2,24.9,8.7,7.9,69.8,10.6,32.2,4.1,13.7,61.6,13.0,27.3,4.24,30.0,36.0,65.0,414.0,74.8,61.2,cody bellinger,NYY,Cody Bellinger,NYY,"1B,LF,CF,RF",55.2,38.0,75.0,65.0,598.0,31.0,4.53030303030303,1.0640569395017794,81,OF,OF,False,38.0,636.5,4.485508577873414,-38.5,0.044794452429615994,-43.0,False,False,47,False,96.55534523330358,20.983066551356796,2.175831197375646,14.701757017963972,68.52806880341025,61.127494273809,575.9275630772192,1.0247821407067959,22.072436922780753,0.03927479879498352,473.0,125.0,"{'C': 415, 'SS': 586, '2B': 586, '3B': 569, '1B': 598, 'OF': 519, 'UT': 473}",1.0640569395017794,0.6067615658362989,0.32864627318016326,78.11320754716982,87.9245283018868,73.20754716981132,-9.811320754716974,4.905660377358501,12.811387900355871,18.14946619217082,62.989323843416365,-0.0010000000000000009,1.2859712230215827,6,3243,-0.22191428351980336,1.2859712230215827,5,True,-0.22191428351980336,2.1000000000000014,-0.9000000000000004,-0.29999999999999716,28.0,1.0,59.0,0.0,Left hamstring strain,37.3,2026-03-25,2026-09-12,121.0,152.0,126.0,26.0,608.0,0.96,0.0,0.0,0.15,,established,30.0,0.4,1.366,"562 PA, already has the job · avg EV 89.2 (61st pct) · got 1.06/PA but deserved 1.02",xwOBA 0.335 (80th) · barrels 6.6% (43rd) · EV 89.2 (58th) · hard-hit 38% (46th) · K 16% (87th) · BB 10% (74th) · chase 30% (50th) · bat speed 69.8 mph (22nd) · sprint 27.3 (45th),"{""n"":20,""b"":0,""c"":[[""Trea Turner"",2024,31,1.13,1.19,759,0],[""Mookie Betts"",2025,33,0.98,1.0,526,0],[""Nick Castellanos"",2024,32,0.99,0.94,556,0],[""Teoscar Hern\u00e1ndez"",2025,33,1.04,1.03,504,0],[""Cedric Mullins"",2025,31,1.01,0.92,460,0]]}",1.005753588927703,-0.03556545422470473,1.005753588927703,528.0,0.97,531.0,603.0,66,93,LTTA,517.0,496.0,14.0,35.0,marginal,4.0
650490,Yandy Díaz,2026,1991-08-08,DH,R,Tampa Bay Rays,154,686,614,180,26,1,22,93,85,56,10,3,1,98,6,131,0,0,0,0,0,0,0,0,0,154,34.0,686.0,14.3,8.2,0.293,0.446,0.359,0.153,0.316,0.281,0.439,0.351,0.346,0.346,0.157,0.376,0.371,0.012,0.007,0.005,90.9,6.0,29.7,7.1,48.1,102.454762731,95.709031327,67.1,29.0,77.5,88.7,14.8,47.5,22.8,50.8,19.5,24.1,5.6,7.6,73.5,17.2,29.3,38.3,1.5,27.9,23.0,26.0,4.66,29.0,70.0,81.0,522.0,63.8,64.1,yandy diaz,TB,Yandy Diaz,TB,"1B,DH",126.2,81.0,123.0,133.0,707.0,34.9,4.590909090909091,1.030612244897959,26,1B,UT,False,81.0,556.8852459016393,4.003049236131642,150.11475409836066,0.5878598547774487,55.0,True,False,1,False,121.43498463600754,27.62134474575946,1.6563566004585404,21.821314017774487,79.74515747974108,80.818480532086,677.0296380118272,0.9869236705711766,29.97036198817284,0.043688574326782526,473.0,234.0,"{'C': 415, 'SS': 586, '2B': 586, '3B': 569, '1B': 598, 'OF': 519, 'UT': 473}",1.030612244897959,0.6020408163265306,3.4133889542158773,67.16981132075472,86.41509433962264,89.81132075471699,-19.245283018867923,-22.64150943396227,2.623906705539359,19.24198250728863,48.97959183673469,-0.0050000000000000044,1.1483333333333334,6,3657,-0.11772108843537432,1.1483333333333334,5,True,-0.11772108843537432,0.20000000000000107,-1.200000000000001,0.0,0.0,0.0,0.0,0.0,,0.0,2026-03-26,2026-09-12,143.0,150.0,150.0,0.0,633.0,0.953,0.0,0.0,0.15,,established,35.5,0.6,1.228,"686 PA, already has the job · avg EV 90.9 (87th pct) · 1.03/PA this year against 1.15 at his best, two steps to clear",xwOBA 0.346 (89th) · barrels 7.1% (48th) · EV 90.9 (86th) · hard-hit 48% (90th) · K 14% (91st) · BB 8% (45th) · chase 29% (59th) · bat speed 73.5 mph (72nd) · sprint 26.0 (15th),"{""n"":20,""b"":0,""c"":[[""Freddie Freeman"",2025,36,1.11,1.0,651,0],[""Freddie Freeman"",2024,35,1.08,1.11,695,0],[""Manny Machado"",2025,33,1.06,0.93,627,0],[""Mike Yastrzemski"",2025,35,0.96,0.9,365,0],[""Brandon Nimmo"",2025,32,1.06,0.92,598,0]]}",0.9558248776280875,-0.06282389232984148,0.9558248776280875,540.0,0.95,516.0,573.0,74,187,LTTA,517.0,496.0,-1.0,20.0,let go,5.0
669364,Xavier Edwards,2026,1999-08-09,2B,S,Miami Marlins,142,595,518,145,17,6,6,61,52,68,0,21,5,83,6,116,7,0,0,0,0,138,0,0,0,2,26.0,595.0,13.9,11.4,0.28,0.371,0.36,0.091,0.32,0.258,0.356,0.325,0.311,0.337,0.098,0.332,0.312,0.022,0.015,0.014,86.8,9.4,36.3,3.2,28.4,96.430260463,92.25030956,65.5,24.4,66.0,89.3,17.6,43.8,28.6,48.2,22.7,24.8,4.3,6.5,68.3,6.5,32.7,2.4,5.6,44.7,2.0,28.3,4.22,12.0,66.0,67.0,444.0,74.9,57.7,xavier edwards,MIA,Xavier Edwards,MIA,"2B,SS",158.0,94.0,171.0,163.0,574.0,26.9,4.042253521126761,0.9647058823529412,96,2B/SS,2B,False,94.0,556.8852459016393,4.003049236131642,17.114754098360663,0.039204284995118854,-2.0,False,False,53,False,104.67150853569308,16.4213364388496,3.3108015152215873,9.240353510235742,71.54034459592333,55.857251419401805,569.4495960153251,0.9570581445635716,4.550403984674858,0.0076477377893695575,473.0,101.0,"{'C': 415, 'SS': 586, '2B': 586, '3B': 569, '1B': 598, 'OF': 519, 'UT': 473}",0.9647058823529412,0.5226890756302521,-1.3577879603633707,46.41509433962264,59.62264150943396,56.9811320754717,-13.20754716981132,-10.566037735849058,21.176470588235293,6.050420168067228,68.57142857142857,-0.014000000000000012,1.2640264026402641,3,1601,-0.2993205202873229,1.2640264026402641,2,True,-0.2993205202873229,-0.29999999999999893,2.4000000000000004,1.3999999999999915,13.0,1.0,74.0,0.0,Left thumb sprain,35.2,2026-03-27,2026-08-30,137.0,144.0,137.0,7.0,624.0,1.0,0.0,0.0,0.15,,established,26.9,2.6,1.344,"595 PA, already has the job · sprint 28.3 ft/s (74th pct) · 27 years old, an age that jumps 3% of the time · barrel rate up 2.4 pts on last year · bat speed up 1.4 mph",xwOBA 0.311 (54th) · barrels 3.2% (13th) · EV 86.8 (21st) · hard-hit 28% (12th) · K 14% (92nd) · BB 11% (83rd) · chase 24% (86th) · bat speed 68.3 mph (7th) · sprint 28.3 (72nd),"{""n"":20,""b"":0,""c"":[[""Willi Castro"",2025,28,0.9,1.0,477,0],[""Ozzie Albies"",2025,28,0.92,0.89,604,0],[""Andr\u00e9s Gim\u00e9nez"",2025,27,0.85,0.92,463,0],[""Cody Bellinger"",2024,29,1.03,1.12,736,0],[""Alex Verdugo"",2024,28,0.86,0.73,156,0]]}",0.9184914888974139,-0.01697502965936144,0.9184914888974139,503.0,0.972,462.0,551.0,101,291,LTTA,517.0,496.0,-55.0,-34.0,let go,6.0
805367,Chase Meidroth,2026,2001-07-23,2B,R,Chicago White Sox,154,643,566,156,31,0,16,90,63,61,6,4,2,141,4,109,8,0,0,0,0,150,3,19,0,0,24.0,643.0,21.9,9.5,0.276,0.415,0.35,0.139,0.339,0.239,0.348,0.339,0.301,0.32,0.109,0.394,0.337,0.037,0.067,0.038,87.2,8.5,34.1,4.6,34.6,97.389329665,92.822576483,55.5,28.9,69.4,86.1,19.7,42.0,41.0,49.5,21.7,24.4,4.4,6.7,66.9,6.6,29.4,1.0,12.2,60.2,7.0,27.3,4.41,24.0,58.0,74.0,434.0,61.9,60.3,chase meidroth,CWS,Chase Meidroth,CWS,"2B,3B,SS",376.7,227.0,337.0,359.0,615.0,24.9,3.9935064935064934,0.9564541213063764,69,2B/SS,2B,False,227.0,338.3666666666667,3.0792137196109657,276.6333333333333,0.9142927738955278,158.0,True,True,41,False,100.16969300552533,21.429183265165538,0.7605544530929254,12.914569276216207,71.49707695807325,63.82901943345576,538.568096391529,0.837586464061476,76.43190360847098,0.11886765724490045,473.0,142.0,"{'C': 415, 'SS': 586, '2B': 586, '3B': 569, '1B': 598, 'OF': 519, 'UT': 473}",0.9564541213063764,0.48522550544323484,0.48384284363630425,43.0188679245283,44.528301886792455,74.33962264150942,-1.5094339622641542,-31.32075471698112,3.7325038880248833,14.930015552099533,56.92068429237947,-0.038000000000000034,0.9564541213063764,2,1148,0.0,0.8237623762376237,1,False,0.1326917450687527,7.599999999999998,2.9999999999999996,-0.5,0.0,0.0,18.0,0.0,,10.799999999999999,2026-03-26,2026-09-12,142.0,150.0,150.0,0.0,591.0,0.947,0.0,0.0,0.15,,young / establishing,26.8,4.5,1.036,"643 PA, already has the job · 0.96/PA is his best rate yet, so the bar is one step up · 25 years old, an age that jumps 5% of the time · barrel rate up 3.0 pts on last year",xwOBA 0.301 (42nd) · barrels 4.6% (25th) · EV 87.2 (27th) · hard-hit 35% (30th) · K 22% (54th) · BB 10% (61st) · chase 29% (60th) · bat speed 66.9 mph (3rd) · sprint 27.3 (45th),"{""n"":20,""b"":0,""c"":[[""Joey Ortiz"",2024,26,0.95,0.84,427,0],[""Isaac Paredes"",2023,24,1.05,0.88,566,0],[""Josh Rojas"",2021,27,0.93,1.03,524,0],[""Trent Grisham"",2021,25,1.0,0.83,437,0],[""J.P. Crawford"",2021,26,0.88,0.78,472,0]]}",0.8750935826749916,-0.01249045949552797,0.8750935826749916,521.0,0.991,456.0,525.0,105,387,LTTA,517.0,496.0,-61.0,-40.0,let go,7.0
682829,Elly De La Cruz,2026,2002-01-11,SS,S,Cincinnati Reds,142,632,555,157,30,5,30,99,79,72,2,30,8,173,3,92,18,0,0,0,0,0,0,131,0,11,24.0,632.0,27.4,11.4,0.283,0.517,0.366,0.234,0.358,0.281,0.507,0.381,0.377,0.364,0.225,0.492,0.488,0.002,0.01,0.004,94.7,10.0,36.1,16.4,53.5,105.391663333,97.765516897,57.5,25.1,56.0,79.8,28.1,40.2,34.3,47.3,26.5,24.2,2.1,7.2,76.2,17.0,25.2,61.4,8.3,50.8,37.0,28.4,4.33,36.0,57.0,64.0,385.0,64.9,57.4,elly de la cruz,CIN,Elly De La Cruz,CIN,"SS,DH",7.8,7.0,8.0,9.0,768.0,24.5,5.408450704225352,1.2151898734177216,9,SS,SS,False,7.0,651.0652173913044,4.793478260869565,116.93478260869563,0.6149724433557866,-2.0,False,False,1,False,91.6489469437975,31.91328919716683,4.216580774273893,28.1761830847618,91.89304572978,81.5011078042524,756.1791535340324,1.1964860024272663,11.820846465967634,0.01870387099045523,473.0,295.0,"{'C': 415, 'SS': 586, '2B': 586, '3B': 569, '1B': 598, 'OF': 519, 'UT': 473}",1.2151898734177216,0.6234177215189873,6.3253568758871745,98.49056603773585,92.83018867924528,98.11320754716981,5.660377358490564,0.37735849056603854,28.48101265822785,28.48101265822785,68.35443037974683,-0.0040000000000000036,1.2629310344827587,4,2454,-0.04774116106503712,1.2629310344827587,3,True,-0.04774116106503712,1.5,6.099999999999998,1.7999999999999972,22.0,1.0,22.0,0.0,Right hamstring strain,22.0,2026-03-26,2026-09-12,129.0,151.0,131.0,20.0,655.0,0.985,0.0,0.0,0.15,,established,37.3,5.8,1.343,"632 PA, already has the job · avg EV 94.7 (99th pct) · 24 years old, an age that jumps 8% of the time · barrel rate up 6.1 pts on last year · bat speed up 1.8 mph",xwOBA 0.377 (97th) · barrels 16.4% (98th) · EV 94.7 (99th) · hard-hit 54% (97th) · K 27% (21st) · BB 11% (83rd) · chase 25% (82nd) · bat speed 76.2 mph (95th) · sprint 28.4 (76th),"{""n"":20,""b"":1,""c"":[[""Corbin Carroll"",2025,25,1.29,1.08,723,0],[""James Wood"",2025,23,1.1,1.21,747,1],[""Juan Soto"",2023,25,1.19,1.27,903,0],[""Zach Neto"",2025,24,1.13,1.05,732,0],[""Vladimir Guerrero Jr."",2024,25,1.16,1.06,723,0]]}",1.1345823160462338,-0.01249045949552797,1.1345823160462338,680.0,0.982,772.0,681.0,4,7,MMM,517.0,496.0,255.0,276.0,lock,1.0
670541,Yordan Alvarez,2026,1997-06-27,DH,L,Houston Astros,157,687,563,178,34,1,42,104,105,109,10,1,0,119,5,101,2,0,0,0,0,0,0,0,25,133,29.0,686.0,17.2,15.9,0.317,0.605,0.433,0.288,0.334,0.319,0.64,0.43,0.443,0.408,0.32,0.491,0.51,-0.002,-0.035,-0.013,94.4,18.9,40.3,16.1,53.9,104.915906161,97.262319441,62.2,29.0,64.9,89.4,19.8,43.5,41.4,30.3,37.6,26.9,5.1,7.7,76.1,17.8,26.8,61.6,8.3,43.4,61.0,25.4,4.66,56.0,41.0,81.0,449.0,68.5,57.5,yordan alvarez,HOU,Yordan Alvarez,HOU,"LF,DH",30.2,24.0,33.0,33.0,847.0,29.0,5.3949044585987265,1.232896652110626,2,OF,OF,False,24.0,650.0,4.559006211180124,197.0,0.8358982474186023,22.0,False,False,1,False,90.24176662739812,42.85122082156778,2.2032584746701245,44.300754076363994,101.31447597598148,112.88874284205586,873.5572188180374,1.2715534480611899,-26.557218818037427,-0.03865679595056393,473.0,374.0,"{'C': 415, 'SS': 586, '2B': 586, '3B': 569, '1B': 598, 'OF': 519, 'UT': 473}",1.232896652110626,0.7860262008733624,8.169109249237648,99.24528301886792,100.0,99.62264150943396,-0.7547169811320771,-0.37735849056603854,0.8733624454148472,36.68122270742358,95.19650655021833,0.013000000000000012,1.2887700534759359,5,3176,-0.05587340136530994,,4,True,0.882896652110626,0.5999999999999979,2.3000000000000007,0.0,0.0,0.0,122.0,0.0,,73.2,2026-03-26,2026-09-10,145.0,150.0,150.0,0.0,633.0,0.967,0.0,0.0,0.15,,established,37.4,5.5,1.369,"687 PA, already has the job · avg EV 94.4 (99th pct) · deserved 1.27/PA on contact quality, got 1.23 · barrel rate up 2.3 pts on last year",xwOBA 0.443 (100th) · barrels 16.1% (98th) · EV 94.4 (99th) · hard-hit 54% (97th) · K 17% (80th) · BB 16% (98th) · chase 29% (59th) · bat speed 76.1 mph (94th) · sprint 25.4 (8th),"{""n"":20,""b"":1,""c"":[[""Juan Soto"",2025,27,1.31,1.16,551,0],[""Pete Alonso"",2025,31,1.1,1.13,792,0],[""Vladimir Guerrero Jr."",2024,25,1.16,1.06,723,0],[""Juan Soto"",2024,26,1.27,1.31,939,0],[""Ketel Marte"",2024,31,1.21,1.12,622,0]]}",1.1399544208243668,-0.019875156067583864,1.1399544208243668,594.0,0.941,677.0,684.0,19,5,MMM,517.0,496.0,160.0,181.0,lock,2.0
592450,Aaron Judge,2026,1992-04-26,OF,R,New York Yankees,66,285,237,57,10,0,18,45,41,43,2,5,3,85,1,29,0,0,3,0,0,0,0,0,59,7,34.0,285.0,29.8,15.1,0.241,0.511,0.36,0.27,0.289,0.258,0.569,0.372,0.396,0.364,0.311,0.493,0.537,-0.017,-0.058,-0.024,94.0,15.0,34.0,20.9,57.5,105.082238571,97.706457908,64.0,26.4,45.8,78.0,32.8,43.3,43.1,37.9,32.7,22.9,6.5,8.1,76.1,14.0,21.5,63.9,12.3,50.6,17.0,26.7,4.84,21.0,12.0,24.0,153.0,73.8,57.4,aaron judge,NYY,Aaron Judge,NYY,"LF,CF,RF,DH",1.8,2.0,2.0,2.0,330.0,34.2,5.0,1.1578947368421053,230,OF,OF,False,2.0,651.0652173913044,4.875776397515528,-321.0652173913044,0.12422360248447184,-228.0,False,False,237,True,24.799741587651887,17.162143528696035,1.0074881796522874,18.176626703999794,41.47437982882012,44.38935351079073,347.8627333396109,1.2205709941740732,-17.862733339610884,-0.06267625733196791,473.0,-143.0,"{'C': 415, 'SS': 586, '2B': 586, '3B': 569, '1B': 598, 'OF': 519, 'UT': 473}",1.1578947368421053,0.5964912280701754,-4.388221128657252,,,,,,10.526315789473683,37.89473684210527,90.52631578947368,0.02400000000000002,1.4497126436781609,6,3455,-0.2918179068360556,1.4497126436781609,5,True,-0.2918179068360556,6.199999999999999,-3.900000000000002,-0.8000000000000114,100.0,3.0,109.0,1.0,Right rib stress fracture; Right rib stress fracture,105.4,2026-03-25,2026-09-12,63.0,152.0,66.0,86.0,623.0,0.955,0.0,0.0,0.15,,established,37.3,0.7,1.53,"avg EV 94.0 (98th pct) · deserved 1.22/PA on contact quality, got 1.16 · sprint 26.7 ft/s (29th pct)",xwOBA 0.396 (99th) · barrels 20.9% (100th) · EV 94.0 (98th) · hard-hit 58% (99th) · K 30% (14th) · BB 15% (97th) · chase 26% (74th) · bat speed 76.1 mph (94th) · sprint 26.7 (28th),"{""n"":20,""b"":0,""c"":[[""Corey Seager"",2025,31,1.05,0.93,400,0],[""Bryce Harper"",2025,33,1.09,1.07,734,0],[""Teoscar Hern\u00e1ndez"",2025,33,1.04,1.03,504,0],[""Mike Trout"",2023,32,1.08,1.21,153,0],[""Shohei Ohtani"",2025,31,1.34,1.14,700,0]]}",1.1004970039874329,-0.059832570521558714,1.1004970039874329,574.0,0.87,632.0,660.0,30,14,MMM,517.0,496.0,115.0,136.0,clear keep,3.0
608070,José Ramírez,2026,1992-09-17,3B,S,Cleveland Guardians,125,544,473,111,27,0,12,71,53,60,3,37,4,69,7,72,13,0,0,0,0,0,99,0,0,25,33.0,544.0,12.7,11.0,0.235,0.368,0.32,0.133,0.248,0.266,0.391,0.301,0.325,0.34,0.125,0.299,0.329,-0.031,-0.023,-0.024,88.6,19.0,35.3,4.1,38.8,99.346632184,93.830361144,65.2,28.5,72.8,90.7,15.3,45.4,49.9,33.8,27.0,27.0,12.2,7.2,70.2,11.0,28.2,11.4,9.3,58.3,-2.0,27.9,4.35,24.0,28.0,59.0,411.0,76.4,57.6,jose ramirez,CLE,Jose Ramirez,CLE,"3B,DH",5.4,5.0,5.0,5.0,570.0,33.8,4.56,1.0477941176470589,100,3B,3B,False,5.0,651.0652173913044,4.803563586172282,-81.06521739130437,-0.24356358617228224,-95.0,False,False,54,True,91.69861679820923,21.20953840434277,0.814072796686815,12.0957720007612,67.61963201630324,55.68983300387133,595.0704650201747,1.0938795312870857,-25.07046502017465,-0.04608541364002683,473.0,97.0,"{'C': 415, 'SS': 586, '2B': 586, '3B': 569, '1B': 598, 'OF': 519, 'UT': 473}",1.0477941176470589,0.5992647058823529,-0.20099300854454105,72.45283018867924,86.0377358490566,68.30188679245282,-13.584905660377359,4.150943396226424,40.80882352941176,13.23529411764706,66.17647058823529,0.02400000000000002,1.3299120234604105,6,3911,-0.2821179058133516,1.3299120234604105,5,True,-0.2821179058133516,1.6999999999999993,-2.9000000000000004,-0.7000000000000028,38.0,1.0,38.0,0.0,Left hamate fracture,38.0,2026-03-26,2026-09-12,114.0,153.0,120.0,33.0,613.0,0.95,0.0,0.0,0.15,,established,30.4,0.5,1.41,"544 PA, already has the job · deserved 1.09/PA on contact quality, got 1.05 · sprint 27.9 ft/s (61st pct)",xwOBA 0.325 (68th) · barrels 4.1% (20th) · EV 88.6 (50th) · hard-hit 39% (52nd) · K 13% (95th) · BB 11% (79th) · chase 28% (63rd) · bat speed 70.2 mph (26th) · sprint 27.9 (60th),"{""n"":20,""b"":1,""c"":[[""Mookie Betts"",2025,33,0.98,1.0,526,0],[""Marcus Semien"",2025,35,0.92,0.82,446,0],[""Marcus Semien"",2024,34,0.93,0.92,489,0],[""Nick Castellanos"",2025,33,0.94,0.83,101,0],[""Freddie Freeman"",2024,35,1.08,1.11,695,0]]}",1.1050813728845204,-0.059832570521558714,1.1050813728845204,548.0,0.921,606.0,663.0,36,13,MMM,517.0,496.0,89.0,110.0,clear keep,4.0
621566,Matt Olson,2026,1994-03-29,1B,L,Atlanta Braves,161,696,623,157,34,0,41,99,93,64,3,4,0,170,6,82,8,0,0,0,161,0,0,0,1,0,32.0,696.0,24.4,9.2,0.252,0.504,0.322,0.252,0.278,0.247,0.503,0.352,0.351,0.315,0.256,0.436,0.435,0.005,0.001,0.001,92.5,18.0,32.0,14.2,51.9,103.620535721,96.5404231,66.7,27.9,60.5,80.8,25.4,46.8,37.9,37.0,35.3,20.0,7.6,7.6,74.8,15.1,24.1,50.0,10.0,48.9,26.0,25.3,4.77,53.0,41.0,63.0,459.0,75.7,58.2,matt olson,ATL,Matt Olson,ATL,1B,36.0,29.0,44.0,31.0,734.0,32.3,4.559006211180124,1.0545977011494252,18,1B,1B,False,29.0,650.0,4.53030303030303,84.0,0.028703180877093892,11.0,False,False,1,False,74.44713418641162,38.75581965105015,1.30195813866484,39.37608802387339,84.15953211477124,101.3456001701911,723.7551322849623,1.0398780636278193,10.244867715037685,0.014719637521605877,473.0,261.0,"{'C': 415, 'SS': 586, '2B': 586, '3B': 569, '1B': 598, 'OF': 519, 'UT': 473}",1.0545977011494252,0.5804597701149425,4.548499362405573,75.47169811320755,80.75471698113208,93.58490566037736,-5.283018867924525,-18.113207547169807,3.4482758620689653,35.3448275862069,55.172413793103445,-0.0010000000000000009,1.261111111111111,6,4197,-0.20651340996168588,1.261111111111111,5,True,-0.20651340996168588,0.09999999999999787,-0.20000000000000107,0.8999999999999915,0.0,0.0,0.0,0.0,,0.0,2026-03-27,2026-09-12,149.0,153.0,153.0,0.0,628.0,0.974,0.0,0.0,0.15,,established,36.5,1.1,1.341,"696 PA, already has the job · avg EV 92.5 (95th pct) · sprint 25.3 ft/s (8th pct) · bat speed up 0.9 mph",xwOBA 0.351 (91st) · barrels 14.2% (94th) · EV 92.5 (95th) · hard-hit 52% (96th) · K 24% (37th) · BB 9% (56th) · chase 28% (66th) · bat speed 74.8 mph (87th) · sprint 25.3 (7th),"{""n"":20,""b"":0,""c"":[[""Manny Machado"",2025,33,1.06,0.93,627,0],[""Adolis Garc\u00eda"",2025,32,0.97,0.78,201,0],[""Bryce Harper"",2025,33,1.09,1.07,734,0],[""Freddie Freeman"",2025,36,1.11,1.0,651,0],[""Teoscar Hern\u00e1ndez"",2025,33,1.04,1.03,504,0]]}",1.0062843064001101,-0.04944745880435125,1.0062843064001101,597.0,1.0,601.0,604.0,40,91,MMM,517.0,496.0,84.0,105.0,clear keep,5.0
665862,Jazz Chisholm Jr.,2026,1998-02-01,2B,L,New York Yankees,137,532,471,109,16,3,19,69,55,56,1,41,9,157,4,71,9,0,0,0,0,137,0,0,0,1,28.0,532.0,29.5,10.5,0.231,0.399,0.312,0.168,0.301,0.216,0.366,0.312,0.294,0.296,0.15,0.4,0.37,0.015,0.033,0.018,90.4,16.3,29.9,8.2,42.8,100.204570455,94.436904935,64.3,29.4,54.6,76.7,30.9,45.8,50.9,42.1,28.9,20.1,8.8,7.9,72.9,10.4,23.2,28.2,15.6,59.4,-6.0,28.3,4.22,24.0,40.0,42.0,318.0,78.5,62.8,jazz chisholm,NYY,Jazz Chisholm Jr.,NYY,"2B,3B",21.4,19.0,21.0,21.0,592.0,28.4,4.321167883211679,1.112781954887218,85,2B/3B,2B,False,19.0,651.0652173913044,4.578038442168877,-59.06521739130437,-0.256870558957198,-66.0,False,False,53,False,65.69432293636643,17.608925076845466,2.2571810372098295,16.175570949578287,65.03877678422522,56.56826754645532,566.7290443306806,1.065280158516317,25.27095566931939,0.04750179637090102,473.0,119.0,"{'C': 415, 'SS': 586, '2B': 586, '3B': 569, '1B': 598, 'OF': 519, 'UT': 473}",1.112781954887218,0.47368421052631576,0.852377577066207,88.67924528301887,37.735849056603776,78.8679245283019,50.943396226415096,9.811320754716974,46.24060150375939,21.428571428571427,63.1578947368421,-0.018000000000000016,1.2780082987551866,6,2815,-0.16522634386796864,1.2780082987551866,5,True,-0.16522634386796864,1.6000000000000014,-6.800000000000001,-1.0,12.0,1.0,53.0,0.0,,33.9,2026-03-25,2026-09-08,134.0,152.0,149.0,3.0,520.0,0.899,0.0,0.0,0.15,,established,31.4,0.5,1.358,"532 PA, already has the job · avg EV 90.4 (81st pct) · sprint 28.3 ft/s (74th pct)",xwOBA 0.294 (33rd) · barrels 8.2% (58th) · EV 90.4 (79th) · hard-hit 43% (72nd) · K 30% (15th) · BB 10% (74th) · chase 29% (57th) · bat speed 72.9 mph (65th) · sprint 28.3 (72nd),"{""n"":20,""b"":0,""c"":[[""Randy Arozarena"",2024,29,0.98,1.08,767,0],[""Lane Thomas"",2024,29,1.1,0.75,107,0],[""William Contreras"",2025,28,1.03,1.07,683,0],[""Luis Robert Jr."",2024,27,0.98,1.1,473,0],[""Brandon Marsh"",2025,28,1.04,0.97,549,0]]}",1.0548903164146348,-0.026330886137737278,1.0548903164146348,559.0,0.973,590.0,633.0,45,28,MMM,517.0,496.0,73.0,94.0,clear keep,6.0
668804,Bryan Reynolds,2026,1995-01-27,OF,S,Pittsburgh Pirates,161,697,594,155,40,3,17,102,72,88,11,9,0,161,3,95,2,0,4,0,0,0,0,0,151,31,31.0,697.0,23.1,12.6,0.261,0.424,0.365,0.163,0.329,0.255,0.444,0.349,0.355,0.359,0.189,0.401,0.409,0.006,-0.02,-0.006,90.8,8.3,38.5,11.2,47.9,101.857125046,95.370003739,70.3,24.7,40.1,83.7,28.2,46.7,38.8,45.9,26.8,24.3,3.0,7.0,72.8,12.9,24.7,29.9,10.9,46.5,20.0,28.2,4.4,36.0,54.0,64.0,436.0,81.8,63.7,bryan reynolds,PIT,Bryan Reynolds,PIT,"LF,CF,RF,DH",178.6,106.0,194.0,150.0,713.0,31.4,4.428571428571429,1.0229555236728838,25,OF,OF,False,106.0,556.8852459016393,4.003049236131642,156.11475409836066,0.42552219243978673,81.0,True,True,1,False,85.77818020624136,40.80023862953033,3.208982122215271,21.682599042013045,94.10523383872736,82.31136595828956,723.622599797017,1.0381959824921334,-10.62259979701696,-0.015240458819249625,473.0,240.0,"{'C': 415, 'SS': 586, '2B': 586, '3B': 569, '1B': 598, 'OF': 519, 'UT': 473}",1.0229555236728838,0.5193687230989957,1.704900189101727,64.90566037735849,58.490566037735846,83.77358490566039,6.415094339622641,-18.8679245283019,7.747489239598279,14.634146341463415,75.7532281205165,0.006000000000000005,1.1578947368421053,6,3943,-0.13493921316922153,1.1578947368421053,5,True,-0.13493921316922153,-3.3999999999999986,1.0999999999999996,0.5999999999999943,0.0,0.0,0.0,0.0,,0.0,2026-03-26,2026-09-12,149.0,152.0,152.0,0.0,636.0,0.98,0.0,0.0,0.15,,established,34.9,1.4,1.238,"697 PA, already has the job · avg EV 90.8 (86th pct) · sprint 28.2 ft/s (71st pct)",xwOBA 0.355 (92nd) · barrels 11.2% (80th) · EV 90.8 (85th) · hard-hit 48% (89th) · K 23% (48th) · BB 13% (90th) · chase 25% (84th) · bat speed 72.8 mph (63rd) · sprint 28.2 (70th),"{""n"":20,""b"":0,""c"":[[""Ian Happ"",2025,31,0.99,0.98,618,0],[""Dansby Swanson"",2025,31,1.01,1.05,507,0],[""Randy Arozarena"",2025,30,1.08,1.2,801,0],[""Matt Olson"",2025,31,1.05,1.05,734,0],[""Manny Machado"",2025,33,1.06,0.93,627,0]]}",1.0053350009272772,-0.03556545422470473,1.0053350009272772,581.0,1.0,584.0,603.0,46,93,MMM,517.0,496.0,67.0,88.0,clear keep,7.0
665742,Juan Soto,2026,1998-10-25,OF,L,New York Mets,110,477,395,110,11,2,27,63,68,78,1,9,3,65,2,70,2,0,0,0,0,0,0,0,65,43,27.0,477.0,13.6,16.4,0.278,0.522,0.397,0.244,0.272,0.295,0.572,0.389,0.411,0.392,0.277,0.406,0.436,-0.017,-0.05,-0.022,92.5,15.9,31.9,13.9,47.9,102.455866098,96.057418171,62.5,20.8,62.6,85.2,20.9,40.5,40.4,39.5,32.5,19.3,8.7,7.1,72.5,18.4,34.5,28.8,12.6,66.9,35.0,25.6,4.54,35.0,28.0,47.0,332.0,76.4,57.2,juan soto,NYM,Juan Soto,NYM,"LF,RF,DH",3.6,4.0,4.0,3.0,551.0,27.7,5.009090909090909,1.1551362683438156,110,OF,OF,False,4.0,651.0652173913044,4.803563586172282,-100.06521739130437,0.20552732291862696,-106.0,False,False,120,True,65.00467318300232,21.322043305379083,2.5018938402348088,27.69638967138377,66.67059932230713,72.01933392162793,585.154933243935,1.2267399019788994,-34.154933243935034,-0.07160363363508382,473.0,78.0,"{'C': 415, 'SS': 586, '2B': 586, '3B': 569, '1B': 598, 'OF': 519, 'UT': 473}",1.1551362683438156,0.7526205450733753,0.6445325931076726,94.71698113207547,99.62264150943396,75.84905660377359,-4.905660377358487,18.867924528301884,11.320754716981131,33.9622641509434,98.11320754716981,0.021999999999999964,1.3132867132867132,6,3931,-0.15815044494289765,1.3132867132867132,5,True,-0.15815044494289765,-5.6,-4.299999999999999,-1.0999999999999943,51.0,2.0,51.0,0.0,Left calf strain,51.0,2026-03-26,2026-09-12,97.0,152.0,105.0,47.0,592.0,0.924,0.0,0.0,0.15,,established,35.3,0.9,1.393,"avg EV 92.5 (95th pct) · deserved 1.23/PA on contact quality, got 1.16 · 477 PA, already has the job",xwOBA 0.411 (100th) · barrels 13.9% (93rd) · EV 92.5 (95th) · hard-hit 48% (89th) · K 14% (93rd) · BB 16% (98th) · chase 21% (96th) · bat speed 72.5 mph (58th) · sprint 25.6 (10th),"{""n"":20,""b"":1,""c"":[[""Kyle Tucker"",2025,28,1.18,0.99,618,0],[""Yordan Alvarez"",2024,27,1.2,0.95,190,0],[""Vladimir Guerrero Jr."",2025,26,1.06,0.88,537,0],[""Fernando Tatis Jr."",2025,26,1.16,1.19,838,0],[""Vladimir Guerrero Jr."",2024,25,1.16,1.06,723,0]]}",1.1096290579620243,-0.026330886137737278,1.1096290579620243,629.0,0.959,698.0,666.0,16,12,THALER,517.0,496.0,181.0,202.0,lock,1.0
672515,Gabriel Moreno,2026,2000-02-14,C,R,Arizona Diamondbacks,130,549,473,147,33,1,16,72,83,61,5,6,4,80,10,97,3,14,0,104,0,0,1,0,0,25,26.0,549.0,14.6,11.1,0.311,0.486,0.388,0.175,0.339,0.289,0.451,0.38,0.363,0.372,0.162,0.403,0.38,0.022,0.035,0.017,89.3,12.9,36.2,7.7,42.2,99.899212438,94.093065075,55.2,28.7,75.1,90.4,15.5,41.1,35.2,41.9,25.3,26.6,6.2,7.1,71.7,12.4,28.3,22.7,8.5,41.5,25.0,26.2,4.49,24.0,46.0,76.0,403.0,58.6,59.9,gabriel moreno,ARI,Gabriel Moreno,ARI,"C,DH",215.8,128.0,170.0,314.0,641.0,26.4,4.930769230769231,1.1675774134790529,51,C,C,False,128.0,446.0,3.705765225084571,195.0,1.22500400568466,77.0,True,True,38,False,92.74270858616408,26.913971026152684,1.4089321892023914,15.631388198480845,67.25016080035714,64.76953321927869,591.0396940196358,1.0765750346441454,49.96030598036418,0.09100237883490747,415.0,226.0,"{'C': 415, 'SS': 586, '2B': 586, '3B': 569, '1B': 598, 'OF': 519, 'UT': 473}",1.1675774134790529,0.6775956284153005,1.8344610162550716,95.47169811320755,98.49056603773585,84.52830188679246,-3.018867924528294,10.94339622641509,6.557377049180328,17.48633879781421,66.66666666666666,-0.017000000000000015,1.1675774134790529,4,1662,0.0,1.0938511326860842,3,False,0.07372628079296861,-2.5999999999999996,0.6000000000000005,0.7999999999999972,17.0,1.0,131.0,0.0,,70.4,2026-03-26,2026-09-12,118.0,150.0,136.0,14.0,541.0,0.868,0.0,0.0,0.15,,established,33.0,4.1,1.248,"549 PA, already has the job · 1.17/PA is his best rate yet, so the bar is one step up · 26 years old, an age that jumps 4% of the time",xwOBA 0.363 (94th) · barrels 7.7% (54th) · EV 89.3 (61st) · hard-hit 42% (68th) · K 15% (90th) · BB 11% (80th) · chase 29% (62nd) · bat speed 71.7 mph (46th) · sprint 26.2 (19th),"{""n"":20,""b"":1,""c"":[[""Josh Naylor"",2023,26,1.15,1.04,660,0],[""Ozzie Albies"",2023,26,1.16,0.96,419,0],[""Pete Alonso"",2022,28,1.14,1.08,711,0],[""Jonah Heim"",2023,28,1.13,0.84,413,0],[""Geraldo Perdomo"",2025,26,1.13,0.96,646,0]]}",1.0165479255975343,-0.020377176503197886,1.0165479255975343,550.0,0.944,559.0,610.0,55,76,THALER,517.0,496.0,42.0,63.0,clear keep,2.0
802139,JJ Wetherholt,2026,2002-09-10,2B,L,St. Louis Cardinals,139,619,537,130,15,0,17,89,51,64,16,14,1,104,2,98,2,0,0,0,0,131,0,12,0,0,23.0,619.0,16.8,10.3,0.242,0.365,0.339,0.123,0.27,0.255,0.435,0.318,0.347,0.35,0.18,0.324,0.366,-0.013,-0.07,-0.029,89.7,11.5,34.9,7.4,44.9,99.375158009,94.023919118,63.0,21.2,63.2,85.4,20.2,42.0,36.3,45.3,29.2,22.1,3.4,7.5,71.9,11.6,30.1,19.2,11.7,63.6,1.0,27.6,4.25,27.0,43.0,60.0,435.0,75.7,59.4,jj wetherholt,STL,JJ Wetherholt,STL,"2B,3B,SS",222.2,131.0,240.0,221.0,586.0,23.8,4.215827338129497,0.9466882067851373,89,2B/SS,2B,False,131.0,446.0,3.705765225084571,140.0,0.5100621130449259,42.0,True,False,53,False,87.18789518904842,25.639487071281003,1.3023402902927534,22.805277449377833,80.16836022906482,72.995635979473,643.6939962085379,1.0398933702884297,-57.6939962085379,-0.09320516350329233,473.0,113.0,"{'C': 415, 'SS': 586, '2B': 586, '3B': 569, '1B': 598, 'OF': 519, 'UT': 473}",0.9466882067851373,0.5008077544426495,-0.6239060338159002,39.24528301886793,49.81132075471698,61.886792452830186,-10.56603773584905,-22.641509433962256,13.5702746365105,16.478190630048466,62.035541195476576,0.02899999999999997,0.9466882067851373,1,619,0.0,,0,False,0.5966882067851373,,,,17.0,1.0,17.0,0.0,Right wrist tendinitis,17.0,2026-03-26,2026-08-29,130.0,147.0,141.0,6.0,619.0,0.922,0.0,0.0,0.15,,young / establishing,32.5,40.8,1.027,"619 PA in his first season, already has the job · deserved 1.04/PA on contact quality, got 0.95 · 24 years old, an age that jumps 8% of the time",xwOBA 0.347 (89th) · barrels 7.4% (52nd) · EV 89.7 (68th) · hard-hit 45% (81st) · K 17% (82nd) · BB 10% (70th) · chase 21% (94th) · bat speed 71.9 mph (48th) · sprint 27.6 (52nd),"{""n"":20,""b"":5,""c"":[[""Agust\u00edn Ram\u00edrez"",2025,24,1.0,0.92,230,0],[""MJ Melendez"",2022,24,0.92,0.92,554,0],[""Gleyber Torres"",2021,24,0.9,1.02,585,1],[""Alec Bohm"",2022,26,0.91,1.01,618,1],[""Colt Keith"",2024,23,0.88,0.93,434,0]]}",1.023289695870841,-0.012246653109530594,1.023289695870841,526.0,0.986,538.0,614.0,62,65,THALER,517.0,496.0,21.0,42.0,marginal,3.0
804606,Konnor Griffin,2026,2006-04-24,SS,R,Pittsburgh Pirates,79,335,308,83,15,4,5,42,31,20,5,23,4,82,2,59,10,0,0,0,0,0,0,75,0,4,20.0,335.0,24.5,6.0,0.269,0.393,0.322,0.124,0.35,0.258,0.399,0.316,0.313,0.314,0.141,0.386,0.384,0.011,-0.006,0.003,88.1,7.9,33.3,6.7,37.3,100.463727411,94.352872332,68.0,37.6,55.9,80.3,29.1,51.8,38.6,50.9,18.4,26.8,3.9,7.7,75.4,10.8,19.2,56.1,9.1,46.4,-3.0,29.9,4.27,11.0,30.0,42.0,228.0,73.9,62.7,konnor griffin,PIT,Konnor Griffin,PIT,"SS,CF",188.4,112.0,187.0,187.0,361.0,20.2,4.569620253164557,1.0776119402985074,217,SS,SS,False,112.0,556.8852459016393,4.003049236131642,-195.88524590163934,0.5665710170329152,-105.0,False,False,205,True,54.62537702110798,14.401958657701954,2.283951621272152,8.152712699917915,45.06173827429372,34.078606117822254,365.49634439211593,1.0910338638570625,-4.49634439211593,-0.013421923558555093,473.0,-112.0,"{'C': 415, 'SS': 586, '2B': 586, '3B': 569, '1B': 598, 'OF': 519, 'UT': 473}",1.0776119402985074,0.4626865671641791,-4.296816275405847,81.88679245283019,31.32075471698113,30.18867924528302,50.566037735849065,51.69811320754717,41.19402985074627,8.955223880597014,35.82089552238806,-0.0030000000000000027,1.0776119402985074,1,335,0.0,,0,False,0.7276119402985074,,,,85.0,2.0,85.0,0.0,Right elbow strain,85.0,2026-04-03,2026-09-12,67.0,146.0,69.0,77.0,605.0,0.971,8.0,0.0,0.15,,young / establishing,34.0,17.6,1.158,"20 years old, an age that jumps 20% of the time · sprint 29.9 ft/s (98th pct) · deserved 1.09/PA on contact quality, got 1.08",xwOBA 0.313 (56th) · barrels 6.7% (44th) · EV 88.1 (42nd) · hard-hit 37% (43rd) · K 24% (37th) · BB 6% (21st) · chase 38% (14th) · bat speed 75.4 mph (91st) · sprint 29.9 (98th),"{""n"":20,""b"":3,""c"":[[""Jordan Walker"",2023,21,1.03,0.83,147,0],[""Pete Crow-Armstrong"",2024,22,1.09,1.19,767,1],[""Jasson Dom\u00ednguez"",2025,22,1.09,0.88,195,0],[""Wyatt Langford"",2024,23,1.09,1.07,615,0],[""Jackson Chourio"",2024,20,1.16,1.14,672,0]]}",1.0822405321369786,0.007541583097214544,1.0822405321369786,489.0,0.932,529.0,649.0,68,20,THALER,517.0,496.0,12.0,33.0,marginal,4.0
683737,Michael Busch,2026,1997-11-09,1B,L,Chicago Cubs,159,707,597,145,27,2,20,78,77,92,13,3,2,165,5,96,4,0,0,0,159,0,0,0,0,0,28.0,707.0,23.3,13.0,0.243,0.395,0.354,0.152,0.3,0.233,0.402,0.334,0.332,0.343,0.17,0.375,0.37,0.01,-0.007,0.002,88.4,15.7,34.3,9.2,39.8,98.881320459,93.615550621,64.5,25.1,51.9,84.0,25.6,43.8,39.6,39.6,34.6,21.3,4.6,7.0,68.6,10.4,28.7,5.4,15.3,49.5,17.0,26.0,4.66,38.0,38.0,68.0,437.0,76.4,62.4,michael busch,CHC,Michael Busch,CHC,1B,99.4,68.0,101.0,95.0,646.0,28.6,4.062893081761007,0.9137199434229137,48,1B,1B,False,68.0,556.8852459016393,4.003049236131642,89.11475409836066,0.05984384562936462,20.0,False,False,33,False,84.32404384379173,30.22491064711381,2.391047174397188,22.160998334697275,81.57835295563473,83.47820271564493,654.7485556712796,0.9260941381489104,-8.748555671279632,-0.012374194725996657,473.0,173.0,"{'C': 415, 'SS': 586, '2B': 586, '3B': 569, '1B': 598, 'OF': 519, 'UT': 473}",0.9137199434229137,0.45403111739745405,-0.5630155456287799,24.528301886792452,28.67924528301887,64.52830188679245,-4.150943396226417,-40.0,2.545968882602546,16.973125884016973,78.07637906647807,-0.0020000000000000018,1.1030405405405406,3,1947,-0.18932059711762683,1.1030405405405406,2,True,-0.18932059711762683,-0.1999999999999993,-7.900000000000002,-1.0,0.0,0.0,0.0,0.0,,0.0,2026-03-26,2026-09-12,147.0,152.0,152.0,0.0,642.0,0.967,0.0,0.0,0.15,,established,29.5,1.1,1.183,"707 PA, already has the job · deserved 0.93/PA on contact quality, got 0.91 · already 29, an age that jumps 4% of the time",xwOBA 0.332 (76th) · barrels 9.2% (66th) · EV 88.4 (47th) · hard-hit 40% (56th) · K 23% (47th) · BB 13% (92nd) · chase 25% (82nd) · bat speed 68.6 mph (10th) · sprint 26.0 (15th),"{""n"":20,""b"":0,""c"":[[""Nathaniel Lowe"",2023,28,0.95,0.94,531,0],[""Randy Arozarena"",2024,29,0.98,1.08,767,0],[""Gleyber Torres"",2024,28,0.87,0.94,591,0],[""Trevor Larnach"",2025,28,0.92,1.01,439,0],[""Carlos Correa"",2023,29,0.87,1.12,411,0]]}",0.9445439665862437,-0.019875156067583864,0.9445439665862437,546.0,1.0,516.0,567.0,74,220,THALER,517.0,496.0,-1.0,20.0,let go,5.0
641343,Jake Bauers,2026,1995-10-06,1B,L,Milwaukee Brewers,143,574,473,126,22,2,26,92,86,94,4,11,6,155,3,76,10,0,0,0,118,0,0,0,48,4,30.0,574.0,27.0,16.4,0.266,0.486,0.39,0.22,0.339,0.251,0.465,0.382,0.37,0.376,0.214,0.473,0.452,0.015,0.021,0.012,92.1,12.1,38.3,13.8,52.0,103.230030189,96.543736246,62.0,21.7,40.2,81.9,29.9,40.5,41.4,41.1,30.2,25.2,3.4,7.7,76.5,14.5,23.5,68.1,10.9,48.1,27.0,26.9,4.49,33.0,35.0,58.0,321.0,75.7,60.1,jake bauers,MIL,Jake Bauers,MIL,"1B,LF,RF",810.5,316.0,1189.0,,655.0,30.7,4.580419580419581,1.1411149825783973,42,1B/OF,1B/OF,False,316.0,171.72,2.3941801142166454,483.28,2.1862394662029354,274.0,True,True,1,False,67.51398987835582,25.09728145000225,2.2104674649280662,23.90126120671387,76.74883010617447,73.36886284450532,609.7856929506797,1.0623444128060622,45.21430704932027,0.0787705697723351,473.0,182.0,"{'C': 415, 'SS': 586, '2B': 586, '3B': 569, '1B': 598, 'OF': 519, 'UT': 473}",1.1411149825783973,0.6236933797909407,3.244729466547801,93.58490566037736,93.20754716981132,89.05660377358491,0.37735849056603854,4.528301886792448,11.498257839721253,27.177700348432058,98.25783972125434,-0.01200000000000001,1.1411149825783973,5,1725,0.0,1.0504587155963303,4,False,0.09065626698206697,-0.10000000000000142,0.10000000000000142,0.0,0.0,0.0,33.0,0.0,,19.8,2026-03-26,2026-09-12,133.0,152.0,152.0,0.0,522.0,0.875,0.0,0.0,0.15,,established,37.1,4.3,1.221,"574 PA, already has the job · avg EV 92.1 (93rd pct) · 1.14/PA is his best rate yet, so the bar is one step up",xwOBA 0.370 (95th) · barrels 13.8% (93rd) · EV 92.1 (93rd) · hard-hit 52% (96th) · K 27% (23rd) · BB 16% (98th) · chase 22% (93rd) · bat speed 76.5 mph (96th) · sprint 26.9 (34th),"{""n"":20,""b"":0,""c"":[[""Seiya Suzuki"",2024,30,1.13,1.04,677,0],[""Adolis Garc\u00eda"",2023,30,1.18,0.95,605,0],[""Ram\u00f3n Laureano"",2025,31,1.18,0.94,194,0],[""Brent Rooker"",2024,30,1.23,1.05,736,0],[""Christian Yelich"",2023,32,1.18,1.32,417,0]]}",1.0261480698226344,-0.03556545422470473,1.0261480698226344,493.0,0.984,506.0,616.0,80,55,THALER,517.0,496.0,-11.0,10.0,let go,6.0
545361,Mike Trout,2026,1991-08-07,OF,R,Los Angeles Angels,142,634,513,124,26,0,22,86,54,107,11,11,1,165,2,76,2,0,4,0,0,0,0,0,109,33,34.0,634.0,26.0,16.9,0.242,0.421,0.382,0.179,0.311,0.255,0.487,0.354,0.381,0.384,0.232,0.416,0.462,-0.013,-0.066,-0.027,90.1,17.4,38.0,16.0,46.3,102.780727771,95.785464011,62.0,20.7,48.8,84.2,25.6,39.8,36.0,36.3,31.4,25.1,7.1,7.5,74.7,12.6,20.9,48.5,6.5,42.2,22.0,28.6,4.42,33.0,37.0,53.0,350.0,69.1,55.7,mike trout,LAA,Mike Trout,LAA,"CF,RF,DH",167.8,98.0,177.0,132.0,637.0,34.9,4.485915492957746,1.0047318611987381,54,OF,OF,False,98.0,556.8852459016393,4.003049236131642,80.11475409836066,0.48286625682610396,44.0,True,False,38,False,67.68338542366355,34.513302474699344,1.3522387796106488,27.266073322026458,93.66951511675173,81.27684928099927,712.592364397751,1.1239627198702697,-75.592364397751,-0.1192308586715316,473.0,164.0,"{'C': 415, 'SS': 586, '2B': 586, '3B': 569, '1B': 598, 'OF': 519, 'UT': 473}",1.0047318611987381,0.48738170347003157,-0.34717497823340554,60.0,45.28301886792453,66.41509433962264,14.716981132075468,-6.415094339622641,10.410094637223974,20.820189274447948,101.26182965299685,0.027000000000000024,1.2645290581162325,4,2323,-0.25979719691749437,1.2645290581162325,3,True,-0.25979719691749437,-6.0,0.1999999999999993,0.7000000000000028,20.0,1.0,200.0,0.0,Right hamstring strain,82.4,2026-03-26,2026-09-12,129.0,148.0,130.0,18.0,659.0,0.992,0.0,0.0,0.15,,established,36.7,3.3,1.345,"634 PA, already has the job · deserved 1.12/PA on contact quality, got 1.00 · avg EV 90.1 (77th pct)",xwOBA 0.381 (98th) · barrels 16.0% (98th) · EV 90.1 (74th) · hard-hit 46% (85th) · K 26% (28th) · BB 17% (99th) · chase 21% (97th) · bat speed 74.7 mph (86th) · sprint 28.6 (81st),"{""n"":20,""b"":1,""c"":[[""Paul Goldschmidt"",2023,36,1.04,0.93,607,0],[""Paul Goldschmidt"",2024,37,0.93,0.94,502,0],[""Bryce Harper"",2025,33,1.09,1.07,734,0],[""J.T. Realmuto"",2024,33,1.03,1.01,553,0],[""Salvador Perez"",2024,34,1.02,0.98,628,0]]}",1.0246817073654717,-0.06282389232984148,1.0246817073654717,483.0,0.887,495.0,615.0,85,59,THALER,517.0,496.0,-22.0,-1.0,let go,7.0
